,latitude,longitude,ts,fmt_time,geometry,gt_distance,gt_projection,source,speed,acceleration,jerk
0,37.869353117456534,-122.25468155008019,1564011729.0,2019-07-24T16:42:09-07:00,POINT (-122.25468155008019 37.869353117456534),22.6802832674711,0.0,ios,3.8500857500776635,0.21326212371429643,0.04835010301374387
1,37.86934628620545,-122.25472454924346,1564011730.0,2019-07-24T16:42:10-07:00,POINT (-122.25472454924346 37.86934628620545),19.01092920088791,0.0,ios,4.06334787379196,0.2616122267280403,-0.005550142701995497
2,37.869338323397436,-122.25476972770156,1564011731.0,2019-07-24T16:42:11-07:00,POINT (-122.25476972770156 37.869338323397436),15.20460646935855,0.0,ios,4.32496010052,0.2560620840260448,0.27664570178394055
3,37.869331240689256,-122.25481817510189,1564011732.0,2019-07-24T16:42:12-07:00,POINT (-122.25481817510189 37.869331240689256),11.44323111330887,0.0,ios,4.581022184546045,0.5327077858099853,-0.08906349245309109
4,37.86932298451463,-122.25486930471124,1564011733.0,2019-07-24T16:42:13-07:00,POINT (-122.25486930471124 37.86932298451463),8.039745679594692,0.0,ios,5.11372997035603,0.44364429335689426,-0.42108484655417566
5,37.86931347105453,-122.2549263016528,1564011734.0,2019-07-24T16:42:14-07:00,POINT (-122.2549263016528 37.86931347105453),6.307380623727152,0.4105705144254814,ios,5.557374263712925,0.022559446802718597,-0.002670822521343652
6,37.869302826037504,-122.25498816009821,1564011735.0,2019-07-24T16:42:15-07:00,POINT (-122.25498816009821 37.869302826037504),6.045078245217893,5.972030766256179,ios,5.579933710515643,0.019888624281374945,1.960181689728267
7,37.86929213911096,-122.25505027000071,1564011736.0,2019-07-24T16:42:16-07:00,POINT (-122.25505027000071 37.86929213911096),5.7818625794927,11.556074399926528,ios,5.599822334797018,1.9800703140096418,-2.4656399714792014
8,37.8692795662562,-122.25511204462708,1564011737.0,2019-07-24T16:42:17-07:00,POINT (-122.25511204462708 37.8692795662562),5.307403844521746,17.14574570188389,ios,7.57989264880666,-0.4855696574695596,0.2790490339785485
9,37.869248888490596,-122.25518915813626,1564011738.0,2019-07-24T16:42:18-07:00,POINT (-122.25518915813626 37.869248888490596),3.09667761739663,24.387646045649493,ios,7.0943229913371,-0.20652062349101108,0.3071877513780228
10,37.86923204086522,-122.25526710983576,1564011739.0,2019-07-24T16:42:19-07:00,POINT (-122.25526710983576 37.86923204086522),2.416758865614422,31.461753996986438,ios,6.887802367846089,0.10066712788701171,0.08920726312274496
11,37.86923090930829,-122.25534556444944,1564011740.0,2019-07-24T16:42:20-07:00,POINT (-122.25534556444944 37.86923090930829),3.4295566779089564,38.87233201091501,ios,6.988469495733101,0.18987439100975667,0.8643766579295882
12,37.869212678668895,-122.25542175594927,1564011741.0,2019-07-24T16:42:21-07:00,POINT (-122.25542175594927 37.869212678668895),1.7126075257135591,45.30590984607341,ios,7.178343886742858,1.0542510489393448,-2.0245585150878496
13,37.86921502560178,-122.2555034795052,1564011742.0,2019-07-24T16:42:22-07:00,POINT (-122.2555034795052 37.86921502560178),3.195516523349078,52.34431924840888,ios,8.232594935682203,-0.9703074661485047,0.7938676903651363
14,37.86916734402259,-122.25557522811607,1564011743.0,2019-07-24T16:42:23-07:00,POINT (-122.25557522811607 37.86916734402259),0.9408101481445638,59.46522247763132,ios,7.262287469533698,-0.17643977578336845,0.3201831849584478
15,37.869156816548156,-122.2556568801146,1564011744.0,2019-07-24T16:42:24-07:00,POINT (-122.2556568801146 37.869156816548156),0.8665064166520371,66.74113691913797,ios,7.085847693750329,0.14374340917507933,0.4270469945456279
16,37.86914654484376,-122.25573654833875,1564011745.0,2019-07-24T16:42:25-07:00,POINT (-122.25573654833875 37.86914654484376),0.7940016084686303,73.84028036607458,ios,7.229591102925409,0.5707904037207072,-6.380564316286325
17,37.869136064769144,-122.25581783270025,1564011746.0,2019-07-24T16:42:26-07:00,POINT (-122.25581783270025 37.869136064769144),0.7200195497658027,81.08343678375032,ios,7.800381506646116,-5.809773912565618,16.328835234941703
18,37.86912509432566,-122.2559056032768,1564011747.0,2019-07-24T16:42:27-07:00,POINT (-122.2559056032768 37.86912509432566),0.6023092702113023,88.89802546861843,ios,1.990607594080498,10.519061322376086,-15.618943069985727
19,37.8691223722035,-122.2559280170828,1564011748.0,2019-07-24T16:42:28-07:00,POINT (-122.2559280170828 37.8691223722035),0.6045384378557322,90.87803514115032,ios,12.509668916456583,-5.099881747609642,5.761832867816258
20,37.869106883045816,-122.2560691732246,1564011749.0,2019-07-24T16:42:29-07:00,POINT (-122.2560691732246 37.869106883045816),0.48189418203253764,103.41159764247776,ios,7.409787168846941,0.6619511202066164,-2.8198375034100316
21,37.86909591363439,-122.2561524358249,1564011750.0,2019-07-24T16:42:30-07:00,POINT (-122.2561524358249 37.86909591363439),0.40822424023507864,110.85029788160072,ios,8.071738289053558,-2.157886383203415,3.7977636987031795
22,37.86908384486412,-122.2562431112766,1564011751.0,2019-07-24T16:42:31-07:00,POINT (-122.2562431112766 37.86908384486412),0.3115987654405011,118.93696969735981,ios,5.913851905850143,1.6398773154997643,-1.2501430509331204
23,37.869075008411386,-122.25630954693332,1564011752.0,2019-07-24T16:42:32-07:00,POINT (-122.25630954693332 37.869075008411386),0.2691289027082858,124.85762768403957,ios,7.553729221349907,0.38973426456664395,-2.7534634542033034
24,37.869063816455345,-122.25639442495131,1564011753.0,2019-07-24T16:42:33-07:00,POINT (-122.25639442495131 37.869063816455345),0.28986929153950114,132.42585942610378,ios,7.943463485916551,-2.3637291896366595,3.8356761889045314
25,37.8690520470527,-122.25648368223267,1564011754.0,2019-07-24T16:42:34-07:00,POINT (-122.25648368223267 37.8690520470527),0.31167213442874414,140.38457360961294,ios,5.5797342962798915,1.471946999267872,-1.8937401769931057
26,37.86904377986156,-122.25654637929787,1564011755.0,2019-07-24T16:42:35-07:00,POINT (-122.25654637929787 37.86904377986156),0.3269824403209989,145.97502041462053,ios,7.0516812955477635,-0.4217931777252337,-0.4025290869600324
27,37.8690333317673,-122.2566256159862,1564011756.0,2019-07-24T16:42:36-07:00,POINT (-122.2566256159862 37.8690333317673),0.34632610805369357,153.04024014699638,ios,6.62988811782253,-0.8243222646852661,-0.5565413981552032
28,37.86902350862246,-122.25670011315731,1564011757.0,2019-07-24T16:42:37-07:00,POINT (-122.25670011315731 37.86902350862246),0.3645071122824243,159.68285684248588,ios,5.805565853137264,-1.3808636628404694,1.66131259441197
29,37.86901490683216,-122.25676534776949,1564011758.0,2019-07-24T16:42:38-07:00,POINT (-122.25676534776949 37.86901490683216),0.38042311137672574,165.49956862958726,ios,4.424702190296794,0.28044893157150064,-1.2174730056124128
30,37.8690083509929,-122.25681506621379,1564011759.0,2019-07-24T16:42:39-07:00,POINT (-122.25681506621379 37.8690083509929),0.39255065181844867,169.93276564244456,ios,4.705151121868295,-0.9370240740409121,3.554722741321105
31,37.86900137962841,-122.25686793593542,1564011760.0,2019-07-24T16:42:40-07:00,POINT (-122.25686793593542 37.86900137962841),0.4840577477919895,174.63679300041719,ios,3.7681270478273827,2.6176986672801927,-2.618048082741544
32,37.86899579660159,-122.25691027672457,1564011761.0,2019-07-24T16:42:41-07:00,POINT (-122.25691027672457 37.86899579660159),0.580587313914539,178.41093416203313,ios,6.3858257151075755,-0.0003494154613514766,0.3946832310531496
33,37.86898679433621,-122.2569821261921,1564011762.0,2019-07-24T16:42:42-07:00,POINT (-122.2569821261921 37.86898679433621),0.35568588007389446,184.7954535026566,ios,6.385476299646224,0.39433381559179814,-1.1930373315395846
34,37.868977792564486,-122.25705397171966,1564011763.0,2019-07-24T16:42:43-07:00,POINT (-122.25705397171966 37.868977792564486),0.5377299118947161,191.25053113356182,ios,6.779810115238022,-0.7987035159477864,1.1766010274612597
35,37.86896804376846,-122.25713021522361,1564011764.0,2019-07-24T16:42:44-07:00,POINT (-122.25713021522361 37.86896804376846),0.6514267671150186,198.04247585845155,ios,5.981106599290236,0.3778975115134733,-0.2680658575758361
36,37.86895944344188,-122.25719747676362,1564011765.0,2019-07-24T16:42:45-07:00,POINT (-122.25719747676362 37.86895944344188),0.7517246936943828,204.03428755236612,ios,6.359004110803709,0.10983165393763716,0.21043792575707965
37,37.86895029973163,-122.25726898800525,1564011766.0,2019-07-24T16:42:46-07:00,POINT (-122.25726898800525 37.86895029973163),0.8583547638092363,210.40467313972866,ios,6.468835764741346,0.3202695796947168,-1.0640176856489205
38,37.86894099809389,-122.2573417343682,1564011767.0,2019-07-24T16:42:47-07:00,POINT (-122.2573417343682 37.86894099809389),0.951453206416054,216.931618305339,ios,6.789105344436063,-0.7437481059542037,2.806735784262921
39,37.86893108511749,-122.25741805117545,1564011768.0,2019-07-24T16:42:48-07:00,POINT (-122.25741805117545 37.86893108511749),0.7523405904919832,223.73089005871023,ios,6.045357238481859,2.0629876783087173,-3.6560599983894475
40,37.868922110539074,-122.25748597642644,1564011769.0,2019-07-24T16:42:49-07:00,POINT (-122.25748597642644 37.868922110539074),0.5916298853974993,229.7857404828327,ios,8.108344916790577,-1.5930723200807302,2.267361839300964
41,37.86891007337331,-122.25757708126366,1564011770.0,2019-07-24T16:42:50-07:00,POINT (-122.25757708126366 37.86891007337331),0.3760692776871859,237.90681786761806,ios,6.515272596709846,0.6742895192202338,-1.0348712292913813
42,37.86890040118918,-122.2576502864332,1564011771.0,2019-07-24T16:42:51-07:00,POINT (-122.2576502864332 37.86890040118918),0.3221271425445225,244.42542742283692,ios,7.18956211593008,-0.3605817100711475,0.0736038484424073
43,37.86888972799658,-122.25773106786409,1564011772.0,2019-07-24T16:42:52-07:00,POINT (-122.25773106786409 37.86888972799658),0.3201258256594528,251.62881503247098,ios,6.828980405858933,-0.28697786162874017,0.42674356456885487
44,37.86887959010335,-122.25780779781286,1564011773.0,2019-07-24T16:42:53-07:00,POINT (-122.25780779781286 37.86887959010335),0.318218938194922,258.47092745164025,ios,6.542002544230193,0.1397657029401147,-0.20671499995136067
45,37.86886987824145,-122.25788130328871,1564011774.0,2019-07-24T16:42:54-07:00,POINT (-122.25788130328871 37.86886987824145),0.31638675424587787,265.02551008058464,ios,6.681768247170307,-0.06694929701124597,-0.1328909541784853
46,37.86885995889311,-122.25795637915235,1564011775.0,2019-07-24T16:42:55-07:00,POINT (-122.25795637915235 37.86885995889311),0.31450993800315075,271.72012710414805,ios,6.614818950159061,-0.19984025118973126,0.7830817172734434
47,37.868850138934924,-122.25803070276885,1564011776.0,2019-07-24T16:42:56-07:00,POINT (-122.25803070276885 37.868850138934924),0.31264646712778,278.3476660125415,ios,6.41497869896933,0.5832414660837122,-0.6129550943394539
48,37.868840615648644,-122.25810278098587,1564011777.0,2019-07-24T16:42:57-07:00,POINT (-122.25810278098587 37.868840615648644),0.31083410169211195,284.7749803168816,ios,6.998220165053042,-0.029713628255741753,-0.8126062618414371
49,37.86883022651901,-122.25818141244969,1564011778.0,2019-07-24T16:42:58-07:00,POINT (-122.25818141244969 37.86883022651901),0.3088511310591129,291.78665754364096,ios,6.9685065367973005,-0.8423198900971789,1.0857537957601346
50,37.86881988150183,-122.25825971004275,1564011779.0,2019-07-24T16:42:59-07:00,POINT (-122.25825971004275 37.86881988150183),0.30687053447317036,298.76856392119777,ios,6.126186646700122,0.24343390566295575,-1.159522321001841
51,37.86881078694223,-122.25832854338674,1564011780.0,2019-07-24T16:43:00-07:00,POINT (-122.25832854338674 37.86881078694223),0.24878161800137374,304.91009194448327,ios,6.369620552363077,-0.9160884153388853,0.7780748396089994
52,37.868801080403294,-122.25840005807171,1564011781.0,2019-07-24T16:43:01-07:00,POINT (-122.25840005807171 37.868801080403294),0.31954894489829694,311.28448475894334,ios,5.453532137024192,-0.13801357572988593,0.5299479261583624
53,37.868792747310344,-122.25846128247849,1564011782.0,2019-07-24T16:43:02-07:00,POINT (-122.25846128247849 37.868792747310344),0.42775430199520476,316.74739515699497,ios,5.315518561294306,0.39193435042847646,-0.5964994503727397
54,37.868784625105455,-122.25852095746109,1564011783.0,2019-07-24T16:43:03-07:00,POINT (-122.25852095746109 37.868784625105455),0.5332177263410213,322.07205466418856,ios,5.707452911722783,-0.2045650999442632,-0.8414021786639738
55,37.86877590401902,-122.25858503251067,1564011784.0,2019-07-24T16:43:04-07:00,POINT (-122.25858503251067 37.86877590401902),0.6464534801607854,327.78932254668496,ios,5.502887811778519,-1.045967278608237,1.2761800221519488
56,37.86876776357729,-122.25864686857864,1564011785.0,2019-07-24T16:43:05-07:00,POINT (-122.25864686857864 37.86876776357729),0.725460505212051,333.3022301456069,ios,4.456920533170282,0.2302127435437118,-0.2863481447428624
57,37.86876129577652,-122.25869697730371,1564011786.0,2019-07-24T16:43:06-07:00,POINT (-122.25869697730371 37.86876129577652),0.7753520811313845,337.76746468602465,ios,4.687133276713994,-0.056135401199150614,1.1170980949113387
58,37.86875449389587,-122.2587496742837,1564011787.0,2019-07-24T16:43:07-07:00,POINT (-122.2587496742837 37.86875449389587),0.8278180372577678,342.4633414084023,ios,4.6309978755148435,1.060962693712188,-2.3174123771452537
59,37.86874777347847,-122.25880174013423,1564011788.0,2019-07-24T16:43:08-07:00,POINT (-122.25880174013423 37.86874777347847),0.8796529600961037,347.10297800493805,ios,5.691960569227032,-1.2564496834330656,2.657289192653349
60,37.86873951341269,-122.25886573427692,1564011789.0,2019-07-24T16:43:09-07:00,POINT (-122.25886573427692 37.86873951341269),0.9433596269479441,352.80555642080674,ios,4.435510885793966,1.4008395092202832,-2.714268885570064
61,37.86873307668361,-122.2589156022768,1564011790.0,2019-07-24T16:43:10-07:00,POINT (-122.2589156022768 37.86873307668361),0.9930008262323978,357.24934135178427,ios,5.836350395014249,-1.3134293763497809,2.4576311966258695
62,37.868724607083706,-122.25898121976701,1564011791.0,2019-07-24T16:43:11-07:00,POINT (-122.25898121976701 37.868724607083706),1.0583161713498082,363.0965789239105,ios,4.522921018664468,1.1442018202760886,-1.0404913085395124
63,37.868718043508,-122.2590320705001,1564011792.0,2019-07-24T16:43:12-07:00,POINT (-122.2590320705001 37.868718043508),1.108929853877037,367.6279370295412,ios,5.667122838940557,0.1037105117365762,-0.25189487995185544
64,37.868709819489496,-122.25909578536965,1564011793.0,2019-07-24T16:43:13-07:00,POINT (-122.25909578536965 37.868709819489496),1.1723441251316553,373.3056313499579,ios,5.770833350677133,-0.14818436821527925,-0.5874955654087435
65,37.86870144496923,-122.25916066623853,1564011794.0,2019-07-24T16:43:14-07:00,POINT (-122.25916066623853 37.86870144496923),1.2981758817499298,379.0733065909894,ios,5.622648982461854,-0.7356799336240227,1.0391996786093287
66,37.86869337110865,-122.25922389871698,1564011795.0,2019-07-24T16:43:15-07:00,POINT (-122.25922389871698 37.86869337110865),1.287014217180581,384.7583470001877,ios,4.886969048837831,0.303519744985306,-0.013050831108598615
67,37.868686372886685,-122.2592788616472,1564011796.0,2019-07-24T16:43:16-07:00,POINT (-122.2592788616472 37.868686372886685),1.1996247976864882,389.65019336479145,ios,5.190488793823137,0.29046891387670737,0.2227826554280128
68,37.86867894002005,-122.25933723820808,1564011797.0,2019-07-24T16:43:17-07:00,POINT (-122.25933723820808 37.86867894002005),1.116566944683683,394.8500402054464,ios,5.480957707699845,0.5132515693047202,-0.7260864672093401
69,37.86867109119787,-122.2593988816181,1564011798.0,2019-07-24T16:43:18-07:00,POINT (-122.2593988816181 37.86867109119787),1.0288573998947932,400.34087954473506,ios,5.994209277004565,-0.21283489790461996,0.1378991050428766
70,37.868662507391875,-122.25946629747492,1564011799.0,2019-07-24T16:43:19-07:00,POINT (-122.25946629747492 37.868662507391875),0.9329302324657877,406.3458956707656,ios,5.781374379099945,-0.07493579286174334,0.5309686610894113
71,37.86865422836988,-122.25953131960642,1564011800.0,2019-07-24T16:43:20-07:00,POINT (-122.25953131960642 37.86865422836988),0.8404049057566945,412.13769305754363,ios,5.706438586238201,0.456032868227668,-0.8696674118061729
72,37.86864605665804,-122.25959549894087,1564011801.0,2019-07-24T16:43:21-07:00,POINT (-122.25959549894087 37.86864605665804),0.7490747887185967,417.854419434792,ios,6.162471454465869,-0.41363454357850493,0.819831842129843
73,37.86863723190078,-122.25966480719084,1564011802.0,2019-07-24T16:43:22-07:00,POINT (-122.25966480719084 37.86863723190078),0.6504414444725788,424.02800070071464,ios,5.7488369108873645,0.406197298551338,-2.7312471013951667
74,37.86862899947572,-122.2597294633574,1564011803.0,2019-07-24T16:43:23-07:00,POINT (-122.2597294633574 37.86862899947572),0.5584242746884002,429.78720158843385,ios,6.1550342094387025,-2.3250498028438287,4.768321320035361
75,37.8686201853707,-122.25979868794636,1564011804.0,2019-07-24T16:43:24-07:00,POINT (-122.25979868794636 37.8686201853707),0.4599008770364515,435.9533319329356,ios,3.829984406594874,2.4432715171915325,-3.6874553786208804
76,37.8686147007738,-122.25984176310438,1564011805.0,2019-07-24T16:43:25-07:00,POINT (-122.25984176310438 37.8686147007738),0.4927550974731714,439.75214921580493,ios,6.273255923786406,-1.244183861429348,2.930192864754847
77,37.868605717375154,-122.25991231729877,1564011806.0,2019-07-24T16:43:26-07:00,POINT (-122.25991231729877 37.868605717375154),0.9285783535454418,446.02238841667133,ios,5.029072062357058,1.6860090033254993,-1.5384043419037283
78,37.86859848458637,-122.2599688720079,1564011807.0,2019-07-24T16:43:27-07:00,POINT (-122.2599688720079 37.86859848458637),1.2743608900617582,451.16844085216627,ios,6.715081065682558,0.14760466142177098,1.043705831403921
79,37.86858871747002,-122.26004436421027,1564011808.0,2019-07-24T16:43:28-07:00,POINT (-122.26004436421027 37.86858871747002),1.1287651148537259,457.8948880359343,ios,6.862685727104329,1.191310492825692,-3.4760562575966443
80,37.86857873164779,-122.26012151496806,1564011809.0,2019-07-24T16:43:29-07:00,POINT (-122.26012151496806 37.86857873164779),0.9804146570117308,464.76919866913846,ios,8.05399621993002,-2.2847457647709524,2.793946022903693
81,37.86856701236242,-122.26021205850236,1564011810.0,2019-07-24T16:43:30-07:00,POINT (-122.26021205850236 37.86856701236242),0.8063043811178368,472.83683753431694,ios,5.769250455159068,0.5092002581327408,-0.17719335051907592
82,37.86855861758774,-122.26027691677182,1564011811.0,2019-07-24T16:43:31-07:00,POINT (-122.26027691677182 37.86855861758774),0.6815805063227088,478.6158603351999,ios,6.278450713291809,0.3320069076136649,-1.9461080385389797
83,37.868549481882276,-122.2603474994938,1564011812.0,2019-07-24T16:43:32-07:00,POINT (-122.2603474994938 37.868549481882276),0.6498614301291245,484.8869042866794,ios,6.610457620905474,-1.6141011309253148,2.889862320332168
84,37.868539863078354,-122.26042181464828,1564011813.0,2019-07-24T16:43:33-07:00,POINT (-122.26042181464828 37.868539863078354),0.7067834637504891,491.50985637355774,ios,4.996356489980159,1.275761189406853,-1.448199621806923
85,37.86853259293598,-122.26047798397637,1564011814.0,2019-07-24T16:43:34-07:00,POINT (-122.26047798397637 37.86853259293598),0.749803024776463,496.5156564895698,ios,6.272117679387012,-0.17243843240007006,2.47376747988946
86,37.868523466448785,-122.26054849547776,1564011815.0,2019-07-24T16:43:35-07:00,POINT (-122.26054849547776 37.868523466448785),0.803802738487948,502.7996290918764,ios,6.099679246986942,2.30132904748939,-3.772461131543934
87,37.86851459087584,-122.2606170684084,1564011816.0,2019-07-24T16:43:36-07:00,POINT (-122.2606170684084 37.86851459087584),0.8563131641765651,508.91083731442995,ios,8.401008294476332,-1.4711320840545437,1.5144994145540958
88,37.868502366667244,-122.26071151299398,1564011817.0,2019-07-24T16:43:37-07:00,POINT (-122.26071151299398 37.868502366667244),0.928627522953025,517.3277242788104,ios,6.929876210421789,0.043367330499552104,0.2287341963376246
89,37.86849228308717,-122.26078941902233,1564011818.0,2019-07-24T16:43:38-07:00,POINT (-122.26078941902233 37.86849228308717),0.9882720493510281,524.270698554071,ios,6.973243540921341,0.2721015268371767,-0.2730263964081532
90,37.86848213640517,-122.26086781257798,1564011819.0,2019-07-24T16:43:39-07:00,POINT (-122.26086781257798 37.86848213640517),1.0288293222461538,531.2603814379672,ios,7.245345067758517,-0.0009248695709764831,-0.9966723984690695
91,37.86847136923513,-122.26094921795165,1564011820.0,2019-07-24T16:43:40-07:00,POINT (-122.26094921795165 37.86847136923513),0.8992165960714923,538.549869682478,ios,7.244420198187541,-0.997597268040046,1.7681157327059758
92,37.868460603412366,-122.26103061291624,1564011821.0,2019-07-24T16:43:41-07:00,POINT (-122.26103061291624 37.868460603412366),0.7418525285244963,545.8065098021431,ios,6.246822930147495,0.7705184646659298,-1.2369853238735367
93,37.86845145197089,-122.26110082711195,1564011822.0,2019-07-24T16:43:42-07:00,POINT (-122.26110082711195 37.86845145197089),0.7117243286471332,552.023451583239,ios,7.017341394813425,-0.4664668592076069,0.21508804335002107
94,37.86844140305411,-122.26117974973279,1564011823.0,2019-07-24T16:43:43-07:00,POINT (-122.26117974973279 37.86844140305411),0.9491420516141775,559.0503298690936,ios,6.550874535605818,-0.2513788158575858,1.0166092554141075
95,37.86843202214509,-122.26125342608982,1564011824.0,2019-07-24T16:43:44-07:00,POINT (-122.26125342608982 37.86843202214509),1.1707699949908348,565.6101075372972,ios,6.299495719748232,0.7652304395565217,-4.2089889564822265
96,37.86842300121382,-122.26132427523169,1564011825.0,2019-07-24T16:43:45-07:00,POINT (-122.26132427523169 37.86842300121382),1.3838883136917233,571.9181648498245,ios,7.064726159304754,-3.4437585169257052,10.41417435409024
97,37.86841288446735,-122.26140373075397,1564011826.0,2019-07-24T16:43:46-07:00,POINT (-122.26140373075397 37.86841288446735),1.550768667223227,579.0415444187273,ios,3.6209676423790484,6.970415837164536,-9.114230748519644
98,37.868407699212156,-122.26144445502828,1564011827.0,2019-07-24T16:43:47-07:00,POINT (-122.26144445502828 37.868407699212156),1.5611499102890798,582.6694871270597,ios,10.591383479543584,-2.1438149113551077,2.1044845543835287
99,37.86839237877488,-122.26156354258865,1564011828.0,2019-07-24T16:43:48-07:00,POINT (-122.26156354258865 37.86839237877488),1.9118793874729607,593.1873850375603,ios,8.447568568188476,-0.03933035697157905,1.327838512636104
100,37.868380158015505,-122.26165852519338,1564011829.0,2019-07-24T16:43:49-07:00,POINT (-122.26165852519338 37.868380158015505),2.3869850892204147,601.6378969492683,ios,8.408238211216897,1.288508155664525,-4.773189042681065
101,37.86836799415564,-122.26175306556097,1564011830.0,2019-07-24T16:43:50-07:00,POINT (-122.26175306556097 37.86836799415564),2.410323109354489,610.2220179267082,ios,9.696746366881422,-3.48468088701654,5.2008043721766715
102,37.86835396626531,-122.2618620936099,1564011831.0,2019-07-24T16:43:51-07:00,POINT (-122.2618620936099 37.86835396626531),2.318514173246294,619.9370274015013,ios,6.212065479864882,1.7161234851601312,-0.9748342658401663
103,37.868344979554436,-122.26193194068162,1564011832.0,2019-07-24T16:43:52-07:00,POINT (-122.26193194068162 37.868344979554436),2.3710775504407375,626.0801741478143,ios,7.928188965025013,0.7412892193199649,-1.8928291356250897
104,37.868333514486174,-122.26202108433219,1564011833.0,2019-07-24T16:43:53-07:00,POINT (-122.26202108433219 37.868333514486174),2.5720437148768345,634.0211078165471,ios,8.669478184344978,-1.1515399163051248,-1.3331706909138665
105,37.86832097743104,-122.26211856293858,1564011834.0,2019-07-24T16:43:54-07:00,POINT (-122.26211856293858 37.86832097743104),2.791791357006812,642.7045224487421,ios,7.517938268039853,-2.4847106072189913,8.230141418525672
106,37.86831013497781,-122.26220309979796,1564011835.0,2019-07-24T16:43:55-07:00,POINT (-122.26220309979796 37.86831013497781),2.9790453791747518,650.2346332280721,ios,5.033227660820862,5.745430811306682,-8.725222669417299
107,37.86830290659829,-122.26225970314185,1564011836.0,2019-07-24T16:43:56-07:00,POINT (-122.26225970314185 37.86830290659829),2.604678146569859,657.1831890365196,ios,10.778658472127544,-2.979791858110616,3.2730986622591054
108,37.86828697651864,-122.26238082550458,1564011837.0,2019-07-24T16:43:57-07:00,POINT (-122.26238082550458 37.86828697651864),2.2816106616116776,666.5035967186896,ios,7.798866614016928,0.2933068041484894,-0.9441091248232958
109,37.86827570400558,-122.26246851614361,1564011838.0,2019-07-24T16:43:58-07:00,POINT (-122.26246851614361 37.86827570400558),2.3521744854781557,674.3171829448821,ios,8.092173418165418,-0.6508023206748064,0.7218883225245767
110,37.86826435378378,-122.26255957505327,1564011839.0,2019-07-24T16:43:59-07:00,POINT (-122.26255957505327 37.86826435378378),2.3864736541030314,682.4249385081416,ios,7.441371097490611,0.07108600184977032,-0.5949406645358213
111,37.868253916396476,-122.26264331066004,1564011840.0,2019-07-24T16:44:00-07:00,POINT (-122.26264331066004 37.868253916396476),2.411466428657066,689.8853723139451,ios,7.512457099340382,-0.523854662686051,0.4946116631521047
112,37.86824319890193,-122.26272780976555,1564011841.0,2019-07-24T16:44:01-07:00,POINT (-122.26272780976555 37.86824319890193),2.448808622236696,697.4122434030323,ios,6.988602436654331,-0.029242999533946268,0.01414133913877702
113,37.86823306485132,-122.2628063829734,1564011842.0,2019-07-24T16:44:02-07:00,POINT (-122.2628063829734 37.86823306485132),2.501965247157477,704.4141146488099,ios,6.959359437120384,-0.015101660395169247,-0.5295365184774159
114,37.86822297320474,-122.26288462738984,1564011843.0,2019-07-24T16:44:03-07:00,POINT (-122.26288462738984 37.86822297320474),2.554893654621142,711.386687336897,ios,6.944257776725215,-0.5446381788725851,1.3064611599280962
115,37.868212903458144,-122.26296270200717,1564011844.0,2019-07-24T16:44:04-07:00,POINT (-122.26296270200717 37.868212903458144),2.6077012180949355,718.344129657913,ios,6.39961959785263,0.761822981055511,0.00612506998796114
116,37.86820362348303,-122.2630346532226,1564011845.0,2019-07-24T16:44:05-07:00,POINT (-122.2630346532226 37.86820362348303),2.6563617825553485,724.7558997049317,ios,7.161442578908141,0.7679480510434722,-1.493498388334169
117,37.868193238803244,-122.26311516963814,1564011846.0,2019-07-24T16:44:06-07:00,POINT (-122.26311516963814 37.868193238803244),2.7108089681948075,731.9309391098883,ios,7.929390629951613,-0.7255503372906968,0.7003524682866704
118,37.86818184234482,-122.26320434108908,1564011847.0,2019-07-24T16:44:07-07:00,POINT (-122.26320434108908 37.86818184234482),2.744115494601376,739.891897392758,ios,7.203840292660916,-0.02519786900402643,0.39957048149193763
119,37.868171587611016,-122.26328537340521,1564011848.0,2019-07-24T16:44:08-07:00,POINT (-122.26328537340521 37.868171587611016),2.7342896581471563,747.1096443905292,ios,7.17864242365689,0.3743726124879112,-0.6855264572219957
120,37.868161278397835,-122.26336610384186,1564011849.0,2019-07-24T16:44:09-07:00,POINT (-122.26336610384186 37.868161278397835),2.7346468502581898,754.3021380856364,ios,7.553015036144801,-0.3111538447340845,0.7067721438783883
121,37.868150263576396,-122.26345100973728,1564011850.0,2019-07-24T16:44:10-07:00,POINT (-122.26345100973728 37.868150263576396),2.7539016082340435,761.8696770272985,ios,7.241861191410717,0.3956182991443038,-1.261195726909743
122,37.868139702522804,-122.26353241783966,1564011851.0,2019-07-24T16:44:11-07:00,POINT (-122.26353241783966 37.868139702522804),2.772356496791663,769.1254637225265,ios,7.6374794905550205,-0.8655774277654391,-3.951339305075421
123,37.868128564527126,-122.2636182732029,1564011852.0,2019-07-24T16:44:12-07:00,POINT (-122.2636182732029 37.868128564527126),2.791812512343859,776.7776293842461,ios,6.771902062789581,-4.81691673284086,16.87480645641527
124,37.868118688833775,-122.26369439832132,1564011853.0,2019-07-24T16:44:13-07:00,POINT (-122.26369439832132 37.868118688833775),2.8984509626334214,783.50429322058,ios,1.9549853299487212,12.05788972357441,-19.7062764820845
125,37.86811583781292,-122.26371637493526,1564011854.0,2019-07-24T16:44:14-07:00,POINT (-122.26371637493526 37.86811583781292),2.943411283062784,785.4625280327442,ios,14.012875053523132,-7.648386758510091,8.693159185226996
126,37.86809560667372,-122.26387394042295,1564011855.0,2019-07-24T16:44:15-07:00,POINT (-122.26387394042295 37.86809560667372),2.6264202271251462,799.6448023940227,ios,6.364488295013041,1.0447724267169054,-1.27590601028062
127,37.86808639790068,-122.2639455007297,1564011856.0,2019-07-24T16:44:16-07:00,POINT (-122.2639455007297 37.86808639790068),2.448374862087853,806.0190741611818,ios,7.409260721729947,-0.2311335835637145,0.000271071997852701
128,37.86807567237977,-122.26402880707144,1564011857.0,2019-07-24T16:44:17-07:00,POINT (-122.26402880707144 37.86807567237977),2.241665565579316,813.439739245154,ios,7.178127138166232,-0.2308625115658618,1.138501571903464
129,37.868065281445375,-122.26410951464152,1564011858.0,2019-07-24T16:44:18-07:00,POINT (-122.26410951464152 37.868065281445375),2.1365508623120784,820.5779905935638,ios,6.94726462660037,0.9076390603376021,-1.2572303784591288
130,37.86805522470498,-122.26418762648882,1564011859.0,2019-07-24T16:44:19-07:00,POINT (-122.26418762648882 37.86805522470498),2.1123688068186026,827.5386052977227,ios,7.8549036869379725,-0.34959131812152666,0.05555921135246322
131,37.86804385408356,-122.26427594339964,1564011860.0,2019-07-24T16:44:20-07:00,POINT (-122.26427594339964 37.86804385408356),2.0850202253405876,835.4086030913943,ios,7.505312368816446,-0.29403210676906344,0.5355920493568629
132,37.86803298952602,-122.26436032965466,1564011861.0,2019-07-24T16:44:21-07:00,POINT (-122.26436032965466 37.86803298952602),2.0588816703799537,842.9283376627899,ios,7.211280262047382,0.24155994258779945,-0.7383077308484385
133,37.86802255060563,-122.26444140993749,1564011862.0,2019-07-24T16:44:22-07:00,POINT (-122.26444140993749 37.86802255060563),2.0337605484331207,850.1534750069969,ios,7.452840204635182,-0.49674778826063903,0.38501434292727765
134,37.8680117620089,-122.26452520619625,1564011863.0,2019-07-24T16:44:23-07:00,POINT (-122.26452520619625 37.8680117620089),2.0077911520667753,857.6206363557733,ios,6.956092416374543,-0.11173344533336138,0.11448848167578518
135,37.86800169249667,-122.26460341724382,1564011864.0,2019-07-24T16:44:24-07:00,POINT (-122.26460341724382 37.86800169249667),1.9835464510647762,864.590095276771,ios,6.844358971041181,0.0027550363424238,0.08361991309804395
136,37.86799178472905,-122.26468037200266,1564011865.0,2019-07-24T16:44:25-07:00,POINT (-122.26468037200266 37.86799178472905),1.9596853242697858,871.4476059528349,ios,6.847114007383605,0.08637494944046775,-0.16394399937176374
137,37.86798187297458,-122.26475735772775,1564011866.0,2019-07-24T16:44:26-07:00,POINT (-122.26475735772775 37.86798187297458),1.9358087765411964,878.3078768600279,ios,6.933488956824073,-0.07756904993129599,0.013739248062654141
138,37.86797184175931,-122.26483531575275,1564011867.0,2019-07-24T16:44:27-07:00,POINT (-122.26483531575275 37.86797184175931),1.9403950489664126,885.179569608456,ios,6.855919906892777,-0.06382980186864184,-0.28841179291923336
139,37.867961952345425,-122.26491240770213,1564011868.0,2019-07-24T16:44:28-07:00,POINT (-122.26491240770213 37.867961952345425),2.1804001203322554,892.0445159045846,ios,6.792090105024135,-0.3522415947878752,0.5221302593247561
140,37.867952155004964,-122.26498878190216,1564011869.0,2019-07-24T16:44:29-07:00,POINT (-122.26498878190216 37.867952155004964),2.1891820228141916,898.9403578099209,ios,6.43984851023626,0.1698886645368809,-0.38596137708237777
141,37.86794282582456,-122.26506118704543,1564011870.0,2019-07-24T16:44:30-07:00,POINT (-122.26506118704543 37.86794282582456),2.153636947689819,905.3925204818585,ios,6.609737174773141,-0.21607271254549687,0.21117508186335154
142,37.8679331653474,-122.26513548459559,1564011871.0,2019-07-24T16:44:31-07:00,POINT (-122.26513548459559 37.8679331653474),2.1267410611122246,912.0149243262268,ios,6.393664462227644,-0.004897630682145326,-0.18611896022726704
143,37.867923820673,-122.26520735334526,1564011872.0,2019-07-24T16:44:32-07:00,POINT (-122.26520735334526 37.867923820673),2.100722403155113,918.4208464648075,ios,6.388766831545499,-0.19101659090941236,-3.440837791959836
144,37.867914483157904,-122.26527916703367,1564011873.0,2019-07-24T16:44:33-07:00,POINT (-122.26527916703367 37.867914483157904),2.0747186072396118,924.8218614960356,ios,6.197750240636086,-3.6318543828692484,11.51997900083407
145,37.86790542482459,-122.26534883356905,1564011874.0,2019-07-24T16:44:34-07:00,POINT (-122.26534883356905 37.86790542482459),2.049487452706954,931.0314936472311,ios,2.565895857766838,7.888124617964822,-12.11992261727039
146,37.86790167463508,-122.26537767581866,1564011875.0,2019-07-24T16:44:35-07:00,POINT (-122.26537767581866 37.86790167463508),2.0419897683970154,933.5464322885251,ios,10.45402047573166,-4.231797999305568,3.4812492871354674
147,37.867885510969344,-122.26549499537663,1564011876.0,2019-07-24T16:44:36-07:00,POINT (-122.26549499537663 37.867885510969344),2.3051485051767258,944.0877339113918,ios,6.222222476426092,-0.7505487121701009,0.9324892448853497
148,37.867876257823106,-122.26556490348591,1564011877.0,2019-07-24T16:44:37-07:00,POINT (-122.26556490348591 37.867876257823106),2.2745581286965386,950.3218371718959,ios,5.471673764255991,0.1819405327152488,-1.3972210041206363
149,37.86786812082834,-122.26562637899968,1564011878.0,2019-07-24T16:44:38-07:00,POINT (-122.26562637899968 37.86786812082834),2.247653709512508,955.8039585402399,ios,5.65361429697124,-1.2152804714053875,0.27604298964395646
150,37.867859745731536,-122.26568990553147,1564011879.0,2019-07-24T16:44:39-07:00,POINT (-122.26568990553147 37.867859745731536),2.207740866079114,961.5155490978433,ios,4.438333825565852,-0.9392374817614311,-0.16357167525864913
151,37.867853676488046,-122.26573987936001,1564011880.0,2019-07-24T16:44:40-07:00,POINT (-122.26573987936001 37.867853676488046),2.0313920100398106,965.9589912995825,ios,3.499096343804421,-1.1028091570200802,3.4603625668731652
152,37.867848891614486,-122.26577927775477,1564011881.0,2019-07-24T16:44:41-07:00,POINT (-122.26577927775477 37.867848891614486),1.8923602719633599,969.4621148966035,ios,2.396287186784341,2.357553409853085,-5.084372385507734
153,37.86784561478828,-122.2658062589677,1564011882.0,2019-07-24T16:44:42-07:00,POINT (-122.2658062589677 37.86784561478828),1.79714625184085,971.8611600227,ios,4.753840596637426,-2.7268189756546497,7.016597994455209
154,37.8678395462275,-122.26585986661516,1564011883.0,2019-07-24T16:44:43-07:00,POINT (-122.26585986661516 37.8678395462275),1.695579218991293,976.560908132605,ios,2.0270216209827763,4.289779018800559,-8.907818712648009
155,37.867836968194986,-122.26588272647132,1564011884.0,2019-07-24T16:44:44-07:00,POINT (-122.26588272647132 37.867836968194986),1.6649509111634704,978.5916558217957,ios,6.316800639783335,-4.618039693847451,9.04393978824286
156,37.86782858838988,-122.26595390058912,1564011885.0,2019-07-24T16:44:45-07:00,POINT (-122.26595390058912 37.86782858838988),1.0078698766571013,985.0735922891951,ios,1.6987609459358846,4.425900094395408,-6.401689731010746
157,37.8678263331195,-122.26597304093679,1564011886.0,2019-07-24T16:44:46-07:00,POINT (-122.26597304093679 37.8678263331195),0.7943940440165218,986.7622163786024,ios,6.124661040331293,-1.975789636615338,2.4440090481830987
158,37.867818539676904,-122.26604211144333,1564011887.0,2019-07-24T16:44:47-07:00,POINT (-122.26604211144333 37.867818539676904),0.6879288994763805,992.7955202179178,ios,4.148871403715955,0.4682194115677607,0.2917317097945853
159,37.867813077118164,-122.26608886632773,1564011888.0,2019-07-24T16:44:48-07:00,POINT (-122.26608886632773 37.867813077118164),0.7737869913326646,996.9893084271849,ios,4.617090815283715,0.759951121362346,-0.9123062958167267
160,37.867806381226664,-122.26614077605883,1564011889.0,2019-07-24T16:44:49-07:00,POINT (-122.26614077605883 37.867806381226664),0.7139872703455727,1001.614909794838,ios,5.377041936646061,-0.15235517445438074,0.0811646699835471
161,37.86779858322412,-122.26620122987823,1564011890.0,2019-07-24T16:44:50-07:00,POINT (-122.26620122987823 37.86779858322412),0.6443414634892649,1007.0018629925512,ios,5.224686762191681,-0.07119050447083364,0.9307851103368456
162,37.86779100617395,-122.2662599707699,1564011891.0,2019-07-24T16:44:51-07:00,POINT (-122.2662599707699 37.86779100617395),0.5766655932882252,1012.2361800935844,ios,5.153496257720847,0.859594605866012,-1.229420974763305
163,37.86778360568296,-122.26631792636307,1564011892.0,2019-07-24T16:44:52-07:00,POINT (-122.26631792636307 37.86778360568296),0.5016667822607114,1017.3990731853404,ios,6.013090863586859,-0.3698263688972929,1.2349951152031782
164,37.86777502472897,-122.26638555985956,1564011893.0,2019-07-24T16:44:53-07:00,POINT (-122.26638555985956 37.86777502472897),0.40809343976566304,1023.423045031802,ios,5.643264494689566,0.8651687463058853,-2.032897939156128
165,37.867766971534905,-122.26644903364966,1564011894.0,2019-07-24T16:44:54-07:00,POINT (-122.26644903364966 37.867766971534905),0.3202711112159121,1029.0765211726532,ios,6.508433240995451,-1.167729192850243,1.8362222102106358
166,37.86775768370692,-122.26652223859664,1564011895.0,2019-07-24T16:44:55-07:00,POINT (-122.26652223859664 37.86775768370692),0.22319934710250888,1035.5927869726622,ios,5.340704048145208,0.6684930173603929,1.5525136753587843
167,37.86775006228204,-122.26658230926164,1564011896.0,2019-07-24T16:44:56-07:00,POINT (-122.26658230926164 37.86775006228204),0.23553995914155984,1040.9437863553153,ios,6.009197065505601,2.221006692719177,-3.6414210280948485
168,37.86774130291265,-122.26664986106455,1564011897.0,2019-07-24T16:44:57-07:00,POINT (-122.26664986106455 37.86774130291265),0.22420225613738043,1046.9669868718493,ios,8.230203758224778,-1.4204143353756713,1.6522311609924438
169,37.86772930417372,-122.26674237969014,1564011898.0,2019-07-24T16:44:58-07:00,POINT (-122.26674237969014 37.86772930417372),0.1873314271075141,1055.2129575293327,ios,6.809789422849107,0.23181682561677253,0.10370577067329112
170,37.867719508707154,-122.26681895830275,1564011899.0,2019-07-24T16:44:59-07:00,POINT (-122.26681895830275 37.867719508707154),0.14192444499095097,1062.0357295798665,ios,7.04160624846588,0.33552259629006365,-5.9990161494531895
171,37.867709392383645,-122.26689814635502,1564011900.0,2019-07-24T16:45:00-07:00,POINT (-122.26689814635502 37.867709392383645),0.09354974154528199,1069.0907525930472,ios,7.377128844755943,-5.663493553163126,18.557693772730268
172,37.8676987580542,-122.26698110020659,1564011901.0,2019-07-24T16:45:01-07:00,POINT (-122.26698110020659 37.8676987580542),0.04690799315990493,1076.481958631909,ios,1.7136352915928175,12.894200219567143,-19.46006712444258
173,37.8676962878031,-122.26700036957796,1564011902.0,2019-07-24T16:45:02-07:00,POINT (-122.26700036957796 37.8676962878031),0.03607260186178032,1078.198863898577,ios,14.60783551115996,-6.565866904875438,1.7878044803207196
174,37.86767504918848,-122.267164593359,1564011903.0,2019-07-24T16:45:03-07:00,POINT (-122.267164593359 37.86767504918848),0.38435641168981954,1092.8274909464087,ios,8.041968606284522,-4.778062424554719,6.462594549278435
175,37.867663295535166,-122.26725498977193,1564011904.0,2019-07-24T16:45:04-07:00,POINT (-122.26725498977193 37.867663295535166),0.6698287259526139,1100.8961431570324,ios,3.263906181729803,1.6845321247237166,-1.5957998397824484
176,37.86765840272859,-122.26729165208398,1564011905.0,2019-07-24T16:45:05-07:00,POINT (-122.26729165208398 37.86765840272859),0.7239532484318341,1104.1658660463156,ios,4.94843830645352,0.08873228494126817,-0.6079192506647964
177,37.86765098469994,-122.26734723614938,1564011906.0,2019-07-24T16:45:06-07:00,POINT (-122.26734723614938 37.86765098469994),0.8060094123801171,1109.123123125146,ios,5.037170591394788,-0.5191869657235282,1.4486623097227724
178,37.867643433656625,-122.2674038169077,1564011907.0,2019-07-24T16:45:07-07:00,POINT (-122.2674038169077 37.867643433656625),0.8895338324526786,1114.1692706303706,ios,4.51798362567126,0.9294753439992443,-0.2717749239349798
179,37.867636660908666,-122.2674545658174,1564011908.0,2019-07-24T16:45:08-07:00,POINT (-122.2674545658174 37.867636660908666),0.9644466115652479,1118.6953059193263,ios,5.447458969670504,0.6577004200642644,-1.769440412188355
180,37.8676284948182,-122.26751575518837,1564011909.0,2019-07-24T16:45:09-07:00,POINT (-122.26751575518837 37.8676284948182),1.023155340712761,1124.173369900544,ios,6.1051593897347685,-1.1117399921240905,0.939096436747219
181,37.86761934279366,-122.26758433226662,1564011910.0,2019-07-24T16:45:10-07:00,POINT (-122.26758433226662 37.86761934279366),1.0013555295780918,1130.2902082578069,ios,4.993419397610678,-0.17264355537687148,-3.4935923953969583
182,37.86761185733932,-122.26764042155985,1564011911.0,2019-07-24T16:45:11-07:00,POINT (-122.26764042155985 37.86761185733932),0.9835219882987613,1135.2931798431855,ios,4.8207758422338065,-3.66623595077383,3.6661726681156948
183,37.867604630689385,-122.26769457160454,1564011912.0,2019-07-24T16:45:12-07:00,POINT (-122.26769457160454 37.867604630689385),0.9663020893051438,1140.1231775638032,ios,1.1545398914599767,-6.32826581350443e-05,1.9722288797049585
184,37.867602879021476,-122.26770753562401,1564011913.0,2019-07-24T16:45:13-07:00,POINT (-122.26770753562401 37.867602879021476),0.9645345897416485,1141.2799287537375,ios,1.1544766088018417,1.9721655970468235,-2.0936352040753166
185,37.86760112744962,-122.2677204989326,1564011914.0,2019-07-24T16:45:14-07:00,POINT (-122.2677204989326 37.86760112744962),0.9610675778324268,1142.4442568159675,ios,3.126642205848665,-0.12146960702849308,-2.153745709600415
186,37.867596321533554,-122.26775559358767,1564011915.0,2019-07-24T16:45:15-07:00,POINT (-122.26775559358767 37.867596321533554),0.9383994763233346,1145.5767993089637,ios,3.005172598820172,-2.275215316628908,2.275175994408828
187,37.86759170232694,-122.26778932481825,1564011916.0,2019-07-24T16:45:16-07:00,POINT (-122.26778932481825 37.86759170232694),0.9166108791923935,1148.587642947232,ios,0.7299572821912637,-3.93222200801846e-05,-0.030881657660914552
188,37.867590580320375,-122.26779751814348,1564011917.0,2019-07-24T16:45:17-07:00,POINT (-122.26779751814348 37.867590580320375),0.911318255328342,1149.318977724104,ios,0.7299179599711835,-0.030920979880994737,0.03088299001602368
189,37.86758945837427,-122.26780571102722,1564011918.0,2019-07-24T16:45:18-07:00,POINT (-122.26780571102722 37.86758945837427),0.9060258491551444,1150.0502731009046,ios,0.6989969800901887,-3.7989864971055276e-05,0.6326250460414216
190,37.86758838395636,-122.26781355684172,1564011919.0,2019-07-24T16:45:19-07:00,POINT (-122.26781355684172 37.86758838395636),0.9009575778509162,1150.750589147591,ios,0.6989589902252177,0.6325870561764505,-1.6501506899072185
191,37.86758730959686,-122.26782140222969,1564011920.0,2019-07-24T16:45:20-07:00,POINT (-122.26782140222969 37.86758730959686),0.8958895225606929,1151.450867131677,ios,1.3315460464016682,-1.0175636337307679,1.0175636352254862
192,37.86758526289722,-122.26783634802088,1564011921.0,2019-07-24T16:45:21-07:00,POINT (-122.26783634802088 37.86758526289722),0.8862344973190386,1152.7849259097923,ios,0.3139824126709004,1.4947183490932048e-09,-5.551115123125783e-17
193,37.867582634342234,-122.26783765469055,1564011922.0,2019-07-24T16:45:22-07:00,POINT (-122.26783765469055 37.867582634342234),1.1528797562198285,1152.9497621497476,ios,0.31398241416561873,1.4947182935820535e-09,0.0
194,37.86758000578725,-122.26783896136023,1564011923.0,2019-07-24T16:45:23-07:00,POINT (-122.26783896136023 37.86758000578725),1.4195250112330684,1153.1145983952492,ios,0.313982415660337,1.4947182935820535e-09,-4.237031697285065e-05
195,37.86757737723226,-122.2678402680299,1564011924.0,2019-07-24T16:45:24-07:00,POINT (-122.2678402680299 37.86757737723226),1.566983618552766,1156.326121664593,ios,0.3139824171550553,-4.236882225455707e-05,15.455652314449173
196,37.86757474867727,-122.26784157469957,1564011925.0,2019-07-24T16:45:25-07:00,POINT (-122.26784157469957 37.86757474867727),1.419960037495204,1156.6029876038278,ios,0.31394004833280076,15.455609945626918,-29.149782497575526
197,37.86757212047699,-122.26784288119292,1564011926.0,2019-07-24T16:45:26-07:00,POINT (-122.26784288119292 37.86757212047699),1.2729562885712613,1156.879816180481,ios,15.76954999395972,-13.694172551948608,16.873891847346297
198,37.86743129198753,-122.2678216863289,1564011927.0,2019-07-24T16:45:27-07:00,POINT (-122.2678216863289 37.86743129198753),1.7765140066513754,1172.5518374170317,ios,2.0753774420111113,3.1797192953976876,-3.1800024301365775
199,37.86741270619713,-122.26781951982834,1564011928.0,2019-07-24T16:45:28-07:00,POINT (-122.26781951982834 37.86741270619713),1.8183525950421906,1174.6223918220676,ios,5.255096737408799,-0.0002831347388898564,0.809531615899691
200,37.86736560940007,-122.26781454556809,1564011929.0,2019-07-24T16:45:29-07:00,POINT (-122.26781454556809 37.86736560940007),1.7204948589883216,1179.921926923367,ios,5.254813602669909,0.8092484811608012,-2.518079831323786
201,37.8673185151407,-122.26780957157584,1564011930.0,2019-07-24T16:45:30-07:00,POINT (-122.26780957157584 37.8673185151407),1.6182370863541669,1185.164568677583,ios,6.06406208383071,-1.7088313501629848,5.01912397587224
202,37.86726417161833,-122.26780378140792,1564011931.0,2019-07-24T16:45:31-07:00,POINT (-122.26780378140792 37.86726417161833),1.5046598742828459,1191.2146722275256,ios,4.355230733667725,3.3102926257092555,-6.861177645137397
203,37.867225156352504,-122.2677994108246,1564011932.0,2019-07-24T16:45:32-07:00,POINT (-122.2677994108246 37.867225156352504),1.4418078068763969,1195.5602023860713,ios,7.665523359376981,-3.550885019428142,3.1960666440116294
204,37.86715626254479,-122.26779629487756,1564011933.0,2019-07-24T16:45:33-07:00,POINT (-122.26779629487756 37.86715626254479),0.9282046385700025,1203.1919803998078,ios,4.114638339948839,-0.3548183754165124,1.077463076994123
205,37.86711984317551,-122.26778799679342,1564011934.0,2019-07-24T16:45:34-07:00,POINT (-122.26778799679342 37.86711984317551),1.2386090415288495,1207.2865419671405,ios,3.7598199645323267,0.7226447015776105,1.3250793859494014
206,37.867087195662656,-122.26779914472463,1564011935.0,2019-07-24T16:45:35-07:00,POINT (-122.26779914472463 37.867087195662656),0.10934175468576683,1210.7888873180232,ios,4.482464666109937,2.047724087527012,-3.9873441447887856
207,37.867046920617916,-122.26780132401946,1564011936.0,2019-07-24T16:45:36-07:00,POINT (-122.26780132401946 37.867046920617916),0.7596420195850351,1215.2141982032279,ios,6.530188753636949,-1.9396200572617737,2.722252556795767
208,37.866988456843295,-122.2677942832208,1564011937.0,2019-07-24T16:45:37-07:00,POINT (-122.2677942832208 37.866988456843295),0.8108158656077309,1221.730355163925,ios,4.5905686963751755,0.7826324995339933,0.62241305682881
209,37.866947595065334,-122.26780174311462,1564011938.0,2019-07-24T16:45:38-07:00,POINT (-122.26780174311462 37.866947595065334),1.9295208008952807,1226.1808761666352,ios,5.373201195909169,1.4050455563628033,-1.9162188985965534
210,37.86689998585532,-122.26781222049358,1564011939.0,2019-07-24T16:45:39-07:00,POINT (-122.26781222049358 37.86689998585532),3.367536953386873,1231.3467404132684,ios,6.778246752271972,-0.5111733422337501,0.8437595966736797
211,37.86684001333813,-122.26779839035335,1564011940.0,2019-07-24T16:45:40-07:00,POINT (-122.26779839035335 37.86684001333813),2.752353843839336,1238.1432486968301,ios,6.267073410038222,0.3325862544399296,-5.92047412574466
212,37.86678377834298,-122.26779361630817,1564011941.0,2019-07-24T16:45:41-07:00,POINT (-122.26779361630817 37.86678377834298),2.8268405093292492,1244.396486619596,ios,6.5996596644781516,-5.58788787130473,5.587834319894981
213,37.86672442624364,-122.26779350423426,1564011942.0,2019-07-24T16:45:42-07:00,POINT (-122.26779350423426 37.86672442624364),3.3793739671240925,1250.9327177248176,ios,1.0117717931734216,-5.3551409749053036e-05,1.9209939093003188
214,37.866715327173175,-122.26779352285234,1564011943.0,2019-07-24T16:45:43-07:00,POINT (-122.26779352285234 37.866715327173175),3.469591459101317,1251.93826947819,ios,1.0117182417636725,1.9209403578905697,8.35820805819567
215,37.866706228584306,-122.26779354146943,1564011944.0,2019-07-24T16:45:44-07:00,POINT (-122.26779354146943 37.866706228584306),3.559804175078421,1252.9437680083615,ios,2.9326585996542422,10.27914841608624,-17.551745388047156
216,37.86667995130092,-122.26779068250856,1564011945.0,2019-07-24T16:45:45-07:00,POINT (-122.26779068250856 37.86667995130092),3.565127118838431,1255.8701901466416,ios,13.211807015740483,-7.272596971960916,8.997312363636809
217,37.866561567593074,-122.26777784605794,1564011946.0,2019-07-24T16:45:46-07:00,POINT (-122.26777784605794 37.866561567593074),3.582351757577212,1269.152431318789,ios,5.939210043779567,1.7247153916758915,-1.6907843192956085
218,37.866508349539394,-122.26777207665388,1564011947.0,2019-07-24T16:45:47-07:00,POINT (-122.26777207665388 37.866508349539394),3.4352311749548656,1275.0771933407973,ios,7.663925435455458,0.033931072380283034,-1.5714865728077259
219,37.8664396772431,-122.26776463184304,1564011948.0,2019-07-24T16:45:48-07:00,POINT (-122.26776463184304 37.8664396772431),3.6422062027909154,1282.2577251076007,ios,7.697856507835741,-1.5375555004274428,4.160961455416331
220,37.86637074620642,-122.26775651146842,1564011949.0,2019-07-24T16:45:49-07:00,POINT (-122.26775651146842 37.86637074620642),3.7089963203593967,1290.3814874871973,ios,6.1603010074082984,2.623405954988888,-4.942037241947488
221,37.86631558392708,-122.26775000487176,1564011950.0,2019-07-24T16:45:50-07:00,POINT (-122.26775000487176 37.86631558392708),3.61034688181196,1296.527939451171,ios,8.783706962397186,-2.3186312869586,1.2507954388942863
222,37.866236642038324,-122.26775363099041,1564011951.0,2019-07-24T16:45:51-07:00,POINT (-122.26775363099041 37.866236642038324),4.603787018755176,1305.2362773459415,ios,6.4650756754385865,-1.0678358480643135,1.961293881383373
223,37.866179980372884,-122.26773711864116,1564011952.0,2019-07-24T16:45:52-07:00,POINT (-122.26773711864116 37.866179980372884),3.640468744127999,1311.616466890888,ios,5.397239827374273,0.8934580333190594,-0.8361386242208395
224,37.86613178442965,-122.2677298263854,1564011953.0,2019-07-24T16:45:53-07:00,POINT (-122.2677298263854 37.86613178442965),3.4133106753693037,1316.9975980462616,ios,6.290697860693332,0.057319409098219865,-0.5499810610963589
225,37.86607533231179,-122.26772513251963,1564011954.0,2019-07-24T16:45:54-07:00,POINT (-122.26772513251963 37.86607533231179),3.484669088156707,1323.274442469352,ios,6.348017269791552,-0.49266165199813905,2.677333294676445
226,37.86601833537022,-122.26772102538708,1564011955.0,2019-07-24T16:45:55-07:00,POINT (-122.26772102538708 37.86601833537022),3.6121446188394124,1329.6075781290244,ios,5.855355617793413,2.184671642678306,-4.097519547743765
227,37.865965697018304,-122.26772286940577,1564011956.0,2019-07-24T16:45:56-07:00,POINT (-122.26772286940577 37.865965697018304),4.284990334084452,1335.3727843707559,ios,8.04002726047172,-1.9128479050654592,4.516455073259857
228,37.86589449275086,-122.26770694378975,1564011957.0,2019-07-24T16:45:57-07:00,POINT (-122.26770694378975 37.86589449275086),3.6222967952735345,1343.3263913564251,ios,6.12717935540626,2.603607168194398,-3.9690878997359658
229,37.865839955736334,-122.26769696492725,1564011958.0,2019-07-24T16:45:58-07:00,POINT (-122.26769696492725 37.865839955736334),3.3562519108598465,1349.3877123752725,ios,8.730786523600658,-1.3654807315415676,-0.7500897961751667
230,37.865762153933304,-122.26768356345669,1564011959.0,2019-07-24T16:45:59-07:00,POINT (-122.26768356345669 37.865762153933304),3.1331710635378234,1358.1420719814687,ios,7.3653057920590905,-2.1155705277167343,5.565843120854448
231,37.86569656905321,-122.26767181190884,1564011960.0,2019-07-24T16:46:00-07:00,POINT (-122.26767181190884 37.86569656905321),2.8195624710313205,1365.5409873080882,ios,5.249735264342356,3.450272593137714,-5.242569518269642
232,37.86564986615121,-122.26766305312658,1564011961.0,2019-07-24T16:46:01-07:00,POINT (-122.26766305312658 37.86564986615121),2.4610583729155233,1370.7675972048642,ios,8.70000785748007,-1.7922969251319278,1.6507193848118344
233,37.86557169230955,-122.26765894611636,1564011962.0,2019-07-24T16:46:02-07:00,POINT (-122.26765894611636 37.86557169230955),2.8073125397884664,1379.4227919229588,ios,6.9077109323481425,-0.1415775403200934,-0.024769397797793857
234,37.865509940414114,-122.26765036307235,1564011963.0,2019-07-24T16:46:03-07:00,POINT (-122.26765036307235 37.865509940414114),2.645502778675263,1386.3140566986845,ios,6.766133392028049,-0.16634693811788726,-0.3292261154233689
235,37.865450503339865,-122.26763385359409,1564011964.0,2019-07-24T16:46:04-07:00,POINT (-122.26763385359409 37.865450503339865),1.7669295739757969,1393.009510119145,ios,6.599786453910162,-0.49557305354125614,-0.2892254311985196
236,37.86539258438895,-122.26761742506388,1564011965.0,2019-07-24T16:46:05-07:00,POINT (-122.26761742506388 37.86539258438895),0.8809343940367045,1399.5365326754534,ios,6.104213400368906,-0.7847984847397758,0.9854322899494532
237,37.865337808651724,-122.26761281501713,1564011966.0,2019-07-24T16:46:06-07:00,POINT (-122.26761281501713 37.865337808651724),1.0006001491589567,1405.6265233485972,ios,5.31941491562913,0.20063380520967744,4.413721194457308
238,37.86529497712652,-122.26758582528892,1564011967.0,2019-07-24T16:46:07-07:00,POINT (-122.26758582528892 37.86529497712652),0.9551682790518768,1410.565786678395,ios,5.520048720838807,4.614354999666985,-8.15096353770053
239,37.8652476193736,-122.26756696600678,1564011968.0,2019-07-24T16:46:08-07:00,POINT (-122.26756696600678 37.8652476193736),2.155155539755633,1415.9437696407929,ios,10.134403720505793,-3.536608538033546,7.71595807393423
240,37.865157304366925,-122.26755145948592,1564011969.0,2019-07-24T16:46:09-07:00,POINT (-122.26755145948592 37.865157304366925),2.650648195974649,1426.044947305023,ios,6.597795182472247,4.179349535900684,-13.004009508168243
241,37.865099217777946,-122.26753612060311,1564011970.0,2019-07-24T16:46:10-07:00,POINT (-122.26753612060311 37.865099217777946),3.43956033504223,1432.5822420700517,ios,10.77714471837293,-8.82465997226756,8.824552880587737
242,37.86500295162002,-122.2675503698385,1564011971.0,2019-07-24T16:46:11-07:00,POINT (-122.2675503698385 37.86500295162002),1.3087626121218574,1443.1065255669066,ios,1.9524847461053716,-0.00010709167982270174,-0.4437742057330871
243,37.86500385269932,-122.26752815718606,1564011972.0,2019-07-24T16:46:12-07:00,POINT (-122.26752815718606 37.86500385269932),3.2644337865778352,1443.1612726616818,ios,1.952377654425549,-0.4438812974129098,0.44380183675826745
244,37.8650047537292,-122.2675059457517,1564011973.0,2019-07-24T16:46:13-07:00,POINT (-122.2675059457517 37.8650047537292),5.21999771523372,1443.216016288083,ios,1.508496357012639,-7.946065464237151e-05,-0.5155240883802733
245,37.864991761437004,-122.26750100029854,1564011974.0,2019-07-24T16:46:14-07:00,POINT (-122.26750100029854 37.864991761437004),5.539726622177672,1444.687448665483,ios,1.5084168963579967,-0.5156035490349157,0.11453833146946224
246,37.86497876982937,-122.26749605510595,1564011975.0,2019-07-24T16:46:15-07:00,POINT (-122.26749605510595 37.86497876982937),5.85943883385116,1446.1588034995668,ios,0.992813347323081,-0.40106521756545344,0.20053260944942491
247,37.864976353364185,-122.2675184665354,1564011977.0,2019-07-24T16:46:17-07:00,POINT (-122.2675184665354 37.864976353364185),3.8730487820778525,1446.270289252074,ios,0.19068291219217415,1.3333963655437486e-09,-1.3798917841700842e-09
248,37.86497469127029,-122.26751900119757,1564011978.0,2019-07-24T16:46:18-07:00,POINT (-122.26751900119757 37.86497469127029),3.8115912433876056,1446.4504136531618,ios,0.1906829135255705,-4.649541862633555e-11,-4.5872389220491527e-10
249,37.86497302917639,-122.26751953585975,1564011979.0,2019-07-24T16:46:19-07:00,POINT (-122.26751953585975 37.86497302917639),3.7501337047324483,1446.6305380551878,ios,0.1906829134790751,-5.052193108312508e-10,1.8386156208638482e-09
250,37.86497136708249,-122.26752007052191,1564011980.0,2019-07-24T16:46:20-07:00,POINT (-122.26752007052191 37.86497136708249),3.6886761615542496,1446.8106624568195,ios,0.19068291297385578,1.3333963100325974e-09,-1.6869477481584738e-09
251,37.864969704988596,-122.26752060518407,1564011981.0,2019-07-24T16:46:21-07:00,POINT (-122.26752060518407 37.864969704988596),3.6272186188102133,1446.9907868561518,ios,0.1906829143072521,-3.535514381258764e-10,4.6244405527140486e-10
252,37.864968042894695,-122.26752113984625,1564011982.0,2019-07-24T16:46:22-07:00,POINT (-122.26752113984625 37.864968042894695),3.5657610715377834,1447.1709112564915,ios,0.19068291395370066,1.0889261714552845e-10,9.174477566542549e-10
253,37.864966380800794,-122.2675216745084,1564011983.0,2019-07-24T16:46:23-07:00,POINT (-122.2675216745084 37.864966380800794),3.504303526509329,1447.3510356565596,ios,0.19068291406259327,1.0263403737997834e-09,-1.379891867436811e-09
254,37.8649647187069,-122.26752220917058,1564011984.0,2019-07-24T16:46:24-07:00,POINT (-122.26752220917058 37.8649647187069),3.4428459751480194,1447.5311600542059,ios,0.19068291508893365,-3.5355149363702765e-10,4.6244419404928294e-10
255,37.864963056613,-122.26752274383276,1564011985.0,2019-07-24T16:46:25-07:00,POINT (-122.26752274383276 37.864963056613),3.381388421386316,1447.7112844525777,ios,0.19068291473538215,1.088927004122553e-10,9.174476456319525e-10
256,37.8649613945191,-122.2675232784949,1564011986.0,2019-07-24T16:46:26-07:00,POINT (-122.2675232784949 37.8649613945191),3.3199308678161215,1447.8914088514337,ios,0.19068291484427485,1.0263403460442078e-09,-1.072835931203997e-09
257,37.864959732425206,-122.26752381315708,1564011987.0,2019-07-24T16:46:27-07:00,POINT (-122.26752381315708 37.864959732425206),3.2584733120881872,1448.0715332482316,ios,0.1906829158706152,-4.6495585159789243e-11,-4.587237534270372e-10
258,37.864958070331305,-122.26752434781926,1564011988.0,2019-07-24T16:46:28-07:00,POINT (-122.26752434781926 37.864958070331305),3.197015752185137,1448.2516576446658,ios,0.19068291582411961,-5.052193385868264e-10,1.531559629119883e-09
259,37.864956408237404,-122.26752488248142,1564011989.0,2019-07-24T16:46:29-07:00,POINT (-122.26752488248142 37.864956408237404),3.135558192166111,1448.4317820410897,ios,0.19068291531890028,1.0263402905330565e-09,-4.5872369791588596e-10
260,37.86495474614351,-122.26752541714359,1564011990.0,2019-07-24T16:46:30-07:00,POINT (-122.26752541714359 37.86495474614351),3.0741006279773213,1448.611906435748,ios,0.19068291634524057,5.676165926171706e-10,-1.0728359589595726e-09
261,37.86495308404961,-122.26752595180575,1564011991.0,2019-07-24T16:46:31-07:00,POINT (-122.26752595180575 37.86495308404961),3.0126430637076465,1448.7920308313342,ios,0.19068291691285716,-5.052193663424021e-10,9.174474513429232e-10
262,37.86495142195571,-122.26752648646793,1564011992.0,2019-07-24T16:46:32-07:00,POINT (-122.26752648646793 37.86495142195571),2.9469662295867645,1449.0714341640294,ios,0.1906829164076378,4.122280850005211e-10,4.624446381384928e-10
263,37.864949759861815,-122.2675270211301,1564011993.0,2019-07-24T16:46:33-07:00,POINT (-122.2675270211301 37.864949759861815),2.8794814096820702,1449.2493881727567,ios,0.19068291681986588,8.746727231390139e-10,-1.379892089481416e-09
264,37.864948097767915,-122.26752755579226,1564011994.0,2019-07-24T16:46:34-07:00,POINT (-122.26752755579226 37.864948097767915),2.8119965878091895,1449.4273421803073,ios,0.1906829176945386,-5.052193663424021e-10,9.174473403206207e-10
265,37.864946435674014,-122.26752809045443,1564011995.0,2019-07-24T16:46:35-07:00,POINT (-122.26752809045443 37.864946435674014),2.744511761261003,1449.6052961886983,ios,0.19068291718931923,4.1222797397821864e-10,4.624448324275221e-10
266,37.86494477358012,-122.26752862511661,1564011996.0,2019-07-24T16:46:36-07:00,POINT (-122.26752862511661 37.86494477358012),2.6770269329162315,1449.7832501954645,ios,0.1906829176015472,8.746728064057407e-10,-1.9940045725697075e-09
267,37.86494311148622,-122.26752915977876,1564011997.0,2019-07-24T16:46:37-07:00,POINT (-122.26752915977876 37.86494311148622),2.609542106935376,1449.96120420111,ios,0.19068291847622001,-1.1193317661639668e-09,2.759784456518588e-09
268,37.86494144939232,-122.26752969444094,1564011998.0,2019-07-24T16:46:38-07:00,POINT (-122.26752969444094 37.86494144939232),2.542057274142932,1450.139158207806,ios,0.19068291735688825,1.6404526903546213e-09,-0.00012852392719542305
269,37.864939787298425,-122.26753022910309,1564011999.0,2019-07-24T16:46:39-07:00,POINT (-122.26753022910309 37.864939787298425),2.474572441630649,1450.3171122121908,ios,0.19068291899734094,-0.0001285222867427327,0.857689857625712
270,37.864938125204525,-122.26753076376527,1564012000.0,2019-07-24T16:46:40-07:00,POINT (-122.26753076376527 37.864938125204525),2.4070876047862635,1450.4950662165195,ios,0.1905543967105982,0.8575613353389693,-1.4888669875353693
271,37.864936464230894,-122.26753129806707,1564012001.0,2019-07-24T16:46:41-07:00,POINT (-122.26753129806707 37.864936464230894),2.3396482535121095,1450.672900278647,ios,1.0481157320495675,-0.6313056521964,0.6313056523990797
272,37.86493517289352,-122.26754312521247,1564012002.0,2019-07-24T16:46:42-07:00,POINT (-122.26754312521247 37.86493517289352),1.2897861784833156,1450.698196238947,ios,0.41681007985316754,2.0267959532915825e-10,2.445313396215454e-10
273,37.86493144247757,-122.2675426598487,1564012003.0,2019-07-24T16:46:43-07:00,POINT (-122.2675426598487 37.86493144247757),1.2838818477039442,1451.1140826155108,ios,0.41681008005584713,4.4721093495070363e-10,2.972207480134159e-10
274,37.86492771206162,-122.26754219448493,1564012004.0,2019-07-24T16:46:44-07:00,POINT (-122.26754219448493 37.86492771206162),1.2779775187106417,1451.5299689908838,ios,0.41681008050305807,7.444316829641195e-10,-1.328035736936073e-09
275,37.864923981645674,-122.26754172912113,1564012005.0,2019-07-24T16:46:45-07:00,POINT (-122.26754172912113 37.864923981645674),1.2720731979788038,1451.945855366789,ios,0.41681008124748975,-5.836040539719534e-10,7.862836493011116e-10
276,37.86492025122972,-122.26754126375737,1564012006.0,2019-07-24T16:46:46-07:00,POINT (-122.26754126375737 37.86492025122972),1.266168878812412,1452.3617417442913,ios,0.4168100806638857,2.0267959532915825e-10,-7.860571248385906e-05
277,37.86491652081377,-122.2675407983936,1564012007.0,2019-07-24T16:46:47-07:00,POINT (-122.2675407983936 37.86491652081377),1.260264563680435,1452.777628119468,ios,0.4168100808665653,-7.860550980426373e-05,2.4093969653510965
278,37.864912790397824,-122.26754033302983,1564012008.0,2019-07-24T16:46:48-07:00,POINT (-122.26754033302983 37.864912790397824),1.2543602521381227,1453.1935144969561,ios,0.416731475356761,2.409318359841292,-3.9565043219118516
279,37.86490906068539,-122.26753986775381,1564012009.0,2019-07-24T16:46:49-07:00,POINT (-122.26753986775381 37.86490906068539),1.248457058636412,1453.6093224412975,ios,2.826049835198053,-1.5471859620705597,4.215810755248765
280,37.86488376777183,-122.2675367125009,1564012010.0,2019-07-24T16:46:50-07:00,POINT (-122.2675367125009 37.86488376777183),1.208424860384494,1456.4291093798524,ios,1.2788638731274935,2.6686247931782052,-2.668624777334999
281,37.864872322045386,-122.26753528466377,1564012011.0,2019-07-24T16:46:51-07:00,POINT (-122.26753528466377 37.864872322045386),1.2040809547455595,1457.6883799247116,ios,3.9474886663056985,1.5843206302434965e-08,-0.00031905138274934686
282,37.864836971326774,-122.26753115662189,1564012012.0,2019-07-24T16:46:52-07:00,POINT (-122.26753115662189 37.864836971326774),1.1786266896674995,1461.6274155387362,ios,3.947488682148905,-0.0003190355395430444,2.3333118739955183
283,37.86480162060816,-122.26752702858002,1564012013.0,2019-07-24T16:46:53-07:00,POINT (-122.26752702858002 37.86480162060816),1.1531727492922217,1465.5664511491107,ios,3.9471696466093618,2.3329928384559753,-1.1219371988700195
284,37.864766272746735,-122.26752290087178,1564012014.0,2019-07-24T16:46:54-07:00,POINT (-122.26752290087178 37.864766272746735),1.231189727665286,1469.4735238097853,ios,6.280162485065337,1.2110556395859557,-2.7163653411558197
285,37.86471003194945,-122.26751633922915,1564012015.0,2019-07-24T16:46:55-07:00,POINT (-122.26751633922915 37.86471003194945),1.3583054308184743,1475.7390791243056,ios,7.491218124651293,-1.505309701569864,0.18257237912092794
286,37.86464293338058,-122.26750868461424,1564012016.0,2019-07-24T16:46:56-07:00,POINT (-122.26750868461424 37.86464293338058),1.3278654857857903,1483.257041114234,ios,5.985908423081429,-1.322737322448936,-2.0221671204819733
287,37.86458931781393,-122.2675025681777,1564012017.0,2019-07-24T16:46:57-07:00,POINT (-122.2675025681777 37.86458931781393),1.2511385101174635,1489.2297535659152,ios,4.663171100632493,-3.3449044429309094,8.94340768334343
288,37.86454754995817,-122.26749780332194,1564012018.0,2019-07-24T16:46:58-07:00,POINT (-122.26749780332194 37.86454754995817),1.1913668020439605,1493.8826446513976,ios,1.3182666577015836,5.598503240412522,-6.821106501542651
289,37.86453574229118,-122.2674964563093,1564012019.0,2019-07-24T16:46:59-07:00,POINT (-122.2674964563093 37.86453574229118),1.1744695709541082,1495.1980051709609,ios,6.916769898114105,-1.2226032611301294,0.6605613463944628
290,37.8644737890325,-122.26748938871312,1564012020.0,2019-07-24T16:47:00-07:00,POINT (-122.26748938871312 37.8644737890325),1.0858126214708954,1502.0995269139753,ios,5.694166636983976,-0.5620419147356666,7.367662538017688
291,37.86442278658748,-122.26748357038015,1564012021.0,2019-07-24T16:47:01-07:00,POINT (-122.26748357038015 37.86442278658748),1.012827343929093,1507.7811406099706,ios,5.132124722248309,6.805620623282022,-7.147903232780204
292,37.86437681833185,-122.26747832634494,1564012022.0,2019-07-24T16:47:02-07:00,POINT (-122.26747832634494 37.86437681833185),0.9470466319970852,1512.901951398671,ios,11.937745345530331,-0.34228260949818257,-5.8281738569571875
293,37.864284161513545,-122.26740963768425,1564012023.0,2019-07-24T16:47:03-07:00,POINT (-122.26740963768425 37.864284161513545),5.899633849042585,1523.7496501587336,ios,11.595462736032148,-6.17045646645537,10.1048135096353
294,37.86419833082507,-122.26733461965087,1564012024.0,2019-07-24T16:47:04-07:00,POINT (-122.26733461965087 37.86419833082507),11.593578546385297,1533.625136101509,ios,5.4250062695767785,3.9343570431799293,-8.074930307052416
295,37.86414988342474,-122.26732732739511,1564012025.0,2019-07-24T16:47:05-07:00,POINT (-122.26732732739511 37.86414988342474),11.808205039223623,1539.034507033855,ios,9.359363312756708,-4.1405732638724855,1.6572289191121663
296,37.86407151263008,-122.26728843536439,1564012026.0,2019-07-24T16:47:06-07:00,POINT (-122.26728843536439 37.86407151263008),14.463803494731403,1548.1001401566195,ios,5.218790048884222,-2.483344344760319,2.399011086671642
297,37.86403408743242,-122.26725256081882,1564012027.0,2019-07-24T16:47:07-07:00,POINT (-122.26725256081882 37.86403408743242),17.183328616032107,1552.9424121258055,ios,2.735445704123903,-0.08433325808867709,1.5928528756200966
298,37.864015498946145,-122.2672729715788,1564012028.0,2019-07-24T16:47:08-07:00,POINT (-122.2672729715788 37.864015498946145),15.167227726237112,1554.7897561708237,ios,2.651112446035226,1.5085196175314195,-1.456130307629035
299,37.86398056916437,-122.26731408831655,1564012030.0,2019-07-24T16:47:10-07:00,POINT (-122.26731408831655 37.86398056916437),11.137278890377361,1558.2337690007212,ios,5.668151681098065,-1.4037409977266506,0.7020692802796651
300,37.86393112160059,-122.26732977563684,1564012031.0,2019-07-24T16:47:11-07:00,POINT (-122.26732977563684 37.86393112160059),9.14871145437204,1563.5300931638383,ios,4.264410683371414,-0.7016717174469855,2.3232293360709217
301,37.863895371081604,-122.26734735827922,1564012032.0,2019-07-24T16:47:12-07:00,POINT (-122.26734735827922 37.863895371081604),7.153827240312825,1567.359076567333,ios,3.562738965924429,1.6215576186239362,-1.9257367127605223
302,37.8638650407072,-122.26736044003987,1564012033.0,2019-07-24T16:47:13-07:00,POINT (-122.26736044003987 37.8638650407072),5.604133188531415,1570.5603163702092,ios,5.184296584548365,-0.30417909413658606,0.1019872800313193
303,37.863818733715895,-122.26735357038451,1564012034.0,2019-07-24T16:47:14-07:00,POINT (-122.26735357038451 37.863818733715895),5.581914738229651,1575.7336821155918,ios,4.880117490411779,-0.20219181410526677,-3.726983046638213
304,37.863775143702924,-122.26734710379161,1564012035.0,2019-07-24T16:47:15-07:00,POINT (-122.26734710379161 37.863775143702924),5.56196026263505,1580.5002017620213,ios,4.677925676306512,-3.9291748607434798,3.9291338125594124
305,37.86373335970057,-122.26734090512413,1564012036.0,2019-07-24T16:47:16-07:00,POINT (-122.26734090512413 37.86373335970057),6.077864328515297,1584.565630506372,ios,0.7487508155630322,-4.1048184067249416e-05,19.717549890201894
306,37.863732147286264,-122.26734929506479,1564012037.0,2019-07-24T16:47:17-07:00,POINT (-122.26734929506479 37.863732147286264),5.337318235066118,1585.2279111825803,ios,0.748709767378965,19.71750884201783,-34.997351340143936
307,37.86373093493844,-122.26735768454536,1564012038.0,2019-07-24T16:47:18-07:00,POINT (-122.26735768454536 37.86373093493844),4.5896773987032065,1585.2889962501677,ios,20.466218609396794,-15.279842498126108,14.728184000228389
308,37.863547043677926,-122.26734778913992,1564012039.0,2019-07-24T16:47:19-07:00,POINT (-122.26734778913992 37.863547043677926),3.443756038135716,1605.6790672236198,ios,5.186376111270686,-0.5516584978977193,1.4345841605219487
309,37.863500438993476,-122.26735015827514,1564012040.0,2019-07-24T16:47:20-07:00,POINT (-122.26735015827514 37.863500438993476),2.726428966002654,1610.804341182263,ios,4.634717613372967,0.8829256626242294,-0.7524955018390491
310,37.86345985485223,-122.26736219055773,1564012041.0,2019-07-24T16:47:21-07:00,POINT (-122.26736219055773 37.86345985485223),1.2291084681926099,1615.181036314559,ios,5.517643275997196,0.13043016078518033,-2.102069381228511
311,37.86341042903459,-122.26735661612757,1564012042.0,2019-07-24T16:47:22-07:00,POINT (-122.26735661612757 37.86341042903459),1.1762568423587643,1620.6867113473302,ios,5.648073436782377,-1.9716392204433308,3.4365083278674273
312,37.86335997286985,-122.26734920416239,1564012043.0,2019-07-24T16:47:23-07:00,POINT (-122.26734920416239 37.86335997286985),1.2729818031853144,1626.322091456659,ios,3.6764342163390458,1.4648691074240965,-1.488928338425083
313,37.86332719962845,-122.26735473621848,1564012044.0,2019-07-24T16:47:24-07:00,POINT (-122.26735473621848 37.86332719962845),0.43949208189332556,1629.8810723938045,ios,5.141303323763142,-0.024059231000986614,1.2979678680884499
314,37.86328097343246,-122.26735599350395,1564012045.0,2019-07-24T16:47:25-07:00,POINT (-122.26735599350395 37.86328097343246),0.03952271319840624,1634.9888881231177,ios,5.117244092762156,1.2739086370874633,-1.302324747410129
315,37.863234998693564,-122.26735339511397,1564012046.0,2019-07-24T16:47:26-07:00,POINT (-122.26735339511397 37.863234998693564),0.17824642485789827,1640.093256497853,ios,6.391152729849619,-0.028416110322665666,-0.6730154939736792
316,37.86317758265684,-122.2673500423527,1564012047.0,2019-07-24T16:47:27-07:00,POINT (-122.2673500423527 37.86317758265684),0.5333486864700245,1646.4507091476046,ios,6.362736619526953,-0.7014316042963449,-2.6860894959483557
317,37.863124018998306,-122.26732454409445,1564012048.0,2019-07-24T16:47:28-07:00,POINT (-122.26732454409445 37.863124018998306),1.1013752947513784,1652.582025784392,ios,5.661305015230608,-3.3875211002447005,8.447480085823818
318,37.86307330187394,-122.2673188877355,1564012049.0,2019-07-24T16:47:29-07:00,POINT (-122.2673188877355 37.86307330187394),1.1032270398867696,1658.231306512254,ios,2.273783914985908,5.059958985579117,-7.761134615970965
319,37.86305293205093,-122.26731661593813,1564012050.0,2019-07-24T16:47:30-07:00,POINT (-122.26731661593813 37.86305293205093),1.0942504768359487,1660.5122585294137,ios,7.333742900565024,-2.701175630391848,2.134506881531033
320,37.862987260121685,-122.26730889877261,1564012051.0,2019-07-24T16:47:31-07:00,POINT (-122.26730889877261 37.862987260121685),1.0511989349468056,1667.8303245386887,ios,4.632567270173176,-0.5666687488608151,3.2972524650410193
321,37.86294577689964,-122.26730401964564,1564012052.0,2019-07-24T16:47:32-07:00,POINT (-122.26730401964564 37.86294577689964),1.1012125257374525,1672.4320933619804,ios,4.065898521312361,2.7305837161802042,-2.730583668825286
322,37.862909368022976,-122.2672997373473,1564012053.0,2019-07-24T16:47:33-07:00,POINT (-122.2672997373473 37.862909368022976),1.1574583094972977,1676.488980989459,ios,6.796482237492565,4.735491820895277e-08,-0.0005476977220011392
323,37.86284850354566,-122.26729263473057,1564012054.0,2019-07-24T16:47:34-07:00,POINT (-122.26729263473057 37.86284850354566),1.1754540851343707,1683.29427686942,ios,6.7964822848474835,-0.0005476503670829302,-2.1057833862823454
324,37.86278763906835,-122.26728553211382,1564012055.0,2019-07-24T16:47:35-07:00,POINT (-122.26728553211382 37.86278763906835),1.1312073916975869,1690.076200206402,ios,6.795934634480401,-2.1063310366494283,3.018623847247392
325,37.86272677949583,-122.26727843006944,1564012056.0,2019-07-24T16:47:36-07:00,POINT (-122.26727843006944 37.86272677949583),1.086965227282871,1696.8575770090608,ios,4.689603597830972,0.9122928105979637,-0.21946799776185966
326,37.86268478263905,-122.26727353049621,1564012057.0,2019-07-24T16:47:37-07:00,POINT (-122.26727353049621 37.86268478263905),1.0563243386598753,1701.5371339801059,ios,5.601896408428936,0.6928248128361041,-0.49443035170153404
327,37.86263461591706,-122.26726767778378,1564012058.0,2019-07-24T16:47:38-07:00,POINT (-122.26726767778378 37.86263461591706),1.0197233183684757,1707.1270293046937,ios,6.29472122126504,0.19839446113457004,-0.20085107501760557
328,37.86257824470919,-122.26726110156842,1564012059.0,2019-07-24T16:47:39-07:00,POINT (-122.26726110156842 37.86257824470919),0.9785661675649591,1713.4082649188567,ios,6.49311568239961,-0.00245661388303553,2.2041993325442366
329,37.86252009641603,-122.2672543236023,1564012060.0,2019-07-24T16:47:40-07:00,POINT (-122.2672543236023 37.86252009641603),0.9356254975157506,1719.8874663274175,ios,6.490659068516575,2.201742718661201,-4.635354131750718
330,37.86246197012315,-122.26724754820061,1564012061.0,2019-07-24T16:47:41-07:00,POINT (-122.26724754820061 37.86246197012315),0.8927019511470418,1726.3642163351979,ios,8.692401787177776,-2.4336114130895172,0.5687549513352614
331,37.86239077340612,-122.26728843536439,1564012062.0,2019-07-24T16:47:42-07:00,POINT (-122.26728843536439 37.86239077340612),3.451324159827066,1733.9386625378272,ios,6.2587903740882584,-1.8648564617542558,3.054115899391837
332,37.86233482420245,-122.26729623053434,1564012063.0,2019-07-24T16:47:43-07:00,POINT (-122.26729623053434 37.86233482420245),4.625511275645786,1740.0729035198804,ios,4.393933912334003,1.1892594376375811,-1.3216664293789115
333,37.862295596895606,-122.26729019556406,1564012064.0,2019-07-24T16:47:44-07:00,POINT (-122.26729019556406 37.862295596895606),4.442435427854189,1744.315665983919,ios,5.583193349971584,-0.13240699174133042,0.23840660206428588
334,37.86224601793835,-122.26728013728025,1564012065.0,2019-07-24T16:47:45-07:00,POINT (-122.26728013728025 37.86224601793835),4.182337621417725,1749.8698632801056,ios,5.450786358230253,0.10599961032295546,-0.5710858876691995
335,37.86219706935102,-122.26727678463728,1564012066.0,2019-07-24T16:47:46-07:00,POINT (-122.26727678463728 37.86219706935102),4.115451134974661,1755.786006253503,ios,5.556785968553209,-0.4650862773462441,0.4648095222674993
336,37.86214828788389,-122.26726304249202,1564012067.0,2019-07-24T16:47:47-07:00,POINT (-122.26726304249202 37.86214828788389),2.912814598587546,1761.0085942786686,ios,5.091699691206965,-0.00027675507874480587,-0.6609651475698213
337,37.86210269465436,-122.26725766102786,1564012068.0,2019-07-24T16:47:48-07:00,POINT (-122.26725766102786 37.86210269465436),3.008461491699898,1765.9501897685313,ios,5.09142293612822,-0.6612419026485661,1.1765741003527825
338,37.862057103903254,-122.26725227985625,1564012069.0,2019-07-24T16:47:49-07:00,POINT (-122.26725227985625 37.862057103903254),3.0409685627939904,1771.1206012065725,ios,4.430181033479654,0.5153321977042165,-0.8075969311375157
339,37.86201743401815,-122.2672475999154,1564012070.0,2019-07-24T16:47:50-07:00,POINT (-122.2672475999154 37.86201743401815),2.996775035709581,1775.5411682619392,ios,4.94551323118387,-0.2922647334332993,0.767491634902874
340,37.86197314961064,-122.2672423755942,1564012071.0,2019-07-24T16:47:51-07:00,POINT (-122.2672423755942 37.86197314961064),2.9474407047899063,1780.475949155398,ios,4.653248497750571,0.4752269014695747,-0.4752268761472491
341,37.86193148227663,-122.26723746001439,1564012072.0,2019-07-24T16:47:52-07:00,POINT (-122.26723746001439 37.86193148227663),2.901021407694716,1785.11909952888,ios,5.128475399220146,2.532232556973213e-08,-2.2159074575256454e-10
342,37.86188554302396,-122.26723227195657,1564012073.0,2019-07-24T16:47:53-07:00,POINT (-122.26723227195657 37.86188554302396),2.8742979507831756,1790.1847926361022,ios,5.128475424542471,2.5100734823979565e-08,-0.0005551170574378261
343,37.86183960377129,-122.26722708389875,1564012074.0,2019-07-24T16:47:54-07:00,POINT (-122.26722708389875 37.86183960377129),2.935701872450088,1795.3020105340233,ios,5.128475449643206,-0.0005550919567030022,0.7237050078075651
344,37.861793664518615,-122.26722189584093,1564012075.0,2019-07-24T16:47:55-07:00,POINT (-122.26722189584093 37.861793664518615),2.997105269540641,1800.4192284252501,ios,5.127920357686503,0.7231499158508621,-1.424527096294577
345,37.861747730238505,-122.26721670834469,1564012076.0,2019-07-24T16:47:56-07:00,POINT (-122.26721670834469 37.861747730238505),3.058501490870244,1805.5358924140485,ios,5.851070273537365,-0.701377180443715,-0.1795887635420108
346,37.861701319960744,-122.26724811841014,1564012077.0,2019-07-24T16:47:57-07:00,POINT (-122.26724811841014 37.861701319960744),6.328093337056214,1810.3795521156594,ios,5.14969309309365,-0.8809659439857258,-0.046159522095778005
347,37.86165513567427,-122.26724375982049,1564012078.0,2019-07-24T16:47:58-07:00,POINT (-122.26724375982049 37.86165513567427),6.464837836054464,1815.5164399192408,ios,4.268727149107924,-0.9271254660815038,-0.8382269945467089
348,37.86161687228629,-122.267239820326,1564012079.0,2019-07-24T16:47:59-07:00,POINT (-122.267239820326 37.86161687228629),6.549386631856676,1819.7752403414565,ios,3.3416016830264206,-1.7653524606282127,1.4874393503021293
349,37.86158682316342,-122.2672393174118,1564012080.0,2019-07-24T16:48:00-07:00,POINT (-122.2672393174118 37.86158682316342),6.842525553398666,1823.0967280614857,ios,1.5762492223982079,-0.27791311032608346,1.7472298073287598
350,37.86157299302319,-122.2672432569063,1564012081.0,2019-07-24T16:48:01-07:00,POINT (-122.2672432569063 37.86157299302319),7.342467608049209,1824.5883439956438,ios,1.2983361120721244,1.4693166970026763,0.9324288464844778
351,37.86155170298913,-122.2672554106659,1564012083.0,2019-07-24T16:48:03-07:00,POINT (-122.2672554106659 37.86155170298913),8.644987333080019,1826.8303615546156,ios,4.236969506077477,3.334174389971632,-5.8803235508013545
352,37.86151369105825,-122.26725205790463,1564012084.0,2019-07-24T16:48:04-07:00,POINT (-122.26725205790463 37.86151369105825),8.778063294260809,1831.0561852714845,ios,7.571143896049109,-2.5461491608297226,1.919951230131982
353,37.861448060756416,-122.26722909148994,1564012085.0,2019-07-24T16:48:05-07:00,POINT (-122.26722909148994 37.861448060756416),7.436283677429436,1838.6055061934194,ios,5.024994735219386,-0.6261979306977405,0.19202513355550632
354,37.86140288229832,-122.26722775038543,1564012086.0,2019-07-24T16:48:06-07:00,POINT (-122.26722775038543 37.86140288229832),7.759376471240518,1843.5246067280286,ios,4.398796804521646,-0.4341727971422342,3.1695043456519487
355,37.861363696900995,-122.26723462354603,1564012087.0,2019-07-24T16:48:07-07:00,POINT (-122.26723462354603 37.861363696900995),8.789820332582716,1847.7916065608572,ios,3.9646240073794115,2.7353315485097145,-4.306033937156986
356,37.86133468447391,-122.26720837231476,1564012088.0,2019-07-24T16:48:08-07:00,POINT (-122.26720837231476 37.86133468447391),6.809302986508393,1851.2227283455356,ios,6.699955555889126,-1.5707023886472715,3.796720315478103
357,37.861279077106936,-122.26717898267545,1564012089.0,2019-07-24T16:48:09-07:00,POINT (-122.26717898267545 37.861279077106936),4.84506454300305,1857.6175356423184,ios,5.129253167241854,2.2260179268308313,-2.226408936986247
358,37.86123636085404,-122.26715692888708,1564012090.0,2019-07-24T16:48:10-07:00,POINT (-122.26715692888708 37.86123636085404),3.3981969847601046,1862.4778806530423,ios,7.355271094072686,-0.00039101015541564976,1.2746323537848578
359,37.86117046397187,-122.26714964185886,1564012091.0,2019-07-24T16:48:11-07:00,POINT (-122.26714964185886 37.86117046397187),3.566573658315687,1869.9042525033244,ios,7.35488008391727,1.2742413436294422,-1.2747062449936584
360,37.86110457059325,-122.2671423552181,1564012092.0,2019-07-24T16:48:12-07:00,POINT (-122.2671423552181 37.86110457059325),3.5696303571787484,1877.2435047934705,ios,8.629121427546712,-0.0004649013642161748,1.5419340516995046
361,37.86102721805993,-122.2671344556074,1564012093.0,2019-07-24T16:48:13-07:00,POINT (-122.2671344556074 37.86102721805993),3.6305462908147548,1885.8540349296766,ios,8.628656526182496,1.5414691503352884,-6.859911142769252
362,37.86094986969457,-122.26712655642237,1564012094.0,2019-07-24T16:48:14-07:00,POINT (-122.26712655642237 37.86094986969457),3.691458178512194,1894.4641021370799,ios,10.170125676517785,-5.318441992433963,9.242508590332115
363,37.86085873117172,-122.26711681972934,1564012095.0,2019-07-24T16:48:15-07:00,POINT (-122.26711681972934 37.86085873117172),3.400205707577149,1904.6797568812624,ios,4.851683684083821,3.9240665978981513,-6.014581226132366
364,37.86081512073253,-122.26711507293057,1564012096.0,2019-07-24T16:48:16-07:00,POINT (-122.26711507293057 37.86081512073253),3.594796222344135,1909.5170857073351,ios,8.775750281981972,-2.0905146282342146,4.402669295303049
365,37.8607361993729,-122.26711553925578,1564012097.0,2019-07-24T16:48:17-07:00,POINT (-122.26711553925578 37.8607361993729),3.7500233720831226,1918.8018300041183,ios,6.685235653747758,2.3121546670688344,-4.057648183857297
366,37.86067614197925,-122.2671190623007,1564012098.0,2019-07-24T16:48:18-07:00,POINT (-122.2671190623007 37.86067614197925),3.6199649874768145,1925.471440585489,ios,8.997390320816592,-1.7454935167884624,1.2692731891804918
367,37.8605954880722,-122.26712729640762,1564012099.0,2019-07-24T16:48:19-07:00,POINT (-122.26712729640762 37.8605954880722),3.1932893285334742,1934.6605257763533,ios,7.25189680402813,-0.4762203276079706,0.24805587237169835
368,37.86053075813619,-122.26713738223033,1564012100.0,2019-07-24T16:48:20-07:00,POINT (-122.26713738223033 37.86053075813619),3.1815337326244517,1941.8972276752042,ios,6.775676476420159,-0.22816445523627227,0.6956154478504475
369,37.86047027891186,-122.26714680574112,1564012101.0,2019-07-24T16:48:21-07:00,POINT (-122.26714680574112 37.86047027891186),3.1705522903168517,1948.6587069970283,ios,6.547512021183887,0.4674509926141752,-5.262389167964367
370,37.86041183626866,-122.26715591192529,1564012102.0,2019-07-24T16:48:22-07:00,POINT (-122.26715591192529 37.86041183626866),3.1637930083201184,1955.1110645016247,ios,7.014963013798062,-4.794938175350191,12.644715670990703
371,37.86034922119078,-122.26716566823389,1564012103.0,2019-07-24T16:48:23-07:00,POINT (-122.26716566823389 37.86034922119078),3.3326957967853845,1962.109300113485,ios,2.2200248384478707,7.84977749564051,-12.121972076335062
372,37.86032940540174,-122.26716875581185,1564012104.0,2019-07-24T16:48:24-07:00,POINT (-122.26716875581185 37.86032940540174),3.3861486519570625,1964.3240319816302,ios,10.069802334088381,-4.272194580694551,6.527070876468311
373,37.860239691780734,-122.26718440051623,1564012105.0,2019-07-24T16:48:25-07:00,POINT (-122.26718440051623 37.860239691780734),3.6785165961674204,1974.5833739581658,ios,5.79760775339383,2.2548762957737605,-3.538743951580817
374,37.86018803988284,-122.26719340780467,1564012106.0,2019-07-24T16:48:26-07:00,POINT (-122.26719340780467 37.86018803988284),3.563565015042739,1980.3677891357358,ios,8.05248404916759,-1.2838676558070565,0.8129838034758485
375,37.860116271377386,-122.26720566244974,1564012107.0,2019-07-24T16:48:27-07:00,POINT (-122.26720566244974 37.860116271377386),3.4595553036083255,1988.3390262479024,ios,6.768616393360534,-0.470883852331208,0.3249545863169718
376,37.86005588698852,-122.26721539809698,1564012108.0,2019-07-24T16:48:28-07:00,POINT (-122.26721539809698 37.86005588698852),3.3793706361316267,1995.0930221796627,ios,6.297732541029326,-0.14592926601423617,2.5244223628616016
377,37.85999958016967,-122.26722313135052,1564012109.0,2019-07-24T16:48:29-07:00,POINT (-122.26722313135052 37.85999958016967),3.187427732120591,2001.3745479046852,ios,6.15180327501509,2.3784930968473654,-4.17126280791958
378,37.859944350625966,-122.2672272350991,1564012110.0,2019-07-24T16:48:30-07:00,POINT (-122.2672272350991 37.859944350625966),3.2755174524682946,2007.0777529828981,ios,8.530296371862455,-1.7927697110722143,-1.621778654542374
379,37.85986838579249,-122.26721368160385,1564012111.0,2019-07-24T16:48:31-07:00,POINT (-122.26721368160385 37.85986838579249),2.0832383489936426,2015.506439858911,ios,6.737526660790241,-3.4145483656145883,5.5525079298995506
380,37.85980840067896,-122.26720284637905,1564012112.0,2019-07-24T16:48:32-07:00,POINT (-122.26720284637905 37.85980840067896),1.1300792897287422,2022.1620948291122,ios,3.322978295175653,2.1379595642849623,-0.7261316870676584
381,37.85978012244612,-122.26721508796926,1564012113.0,2019-07-24T16:48:33-07:00,POINT (-122.26721508796926 37.85978012244612),2.2069569925283288,2025.2997089819298,ios,5.460937859460615,1.4118278772173039,-0.9745157216816298
382,37.859735759755594,-122.26718840263989,1564012114.0,2019-07-24T16:48:34-07:00,POINT (-122.26718840263989 37.859735759755594),0.14051785041636114,2030.2219763813264,ios,6.872765736677919,0.43731215553567404,-0.9565815788466361
383,37.85961949612487,-122.26724159699684,1564012116.0,2019-07-24T16:48:36-07:00,POINT (-122.26724159699684 37.85961949612487),0.4749088299789557,2043.9840150269597,ios,7.747390047749267,-1.4758510021575981,4.215948450247733
384,37.859559963781045,-122.26728744640174,1564012117.0,2019-07-24T16:48:37-07:00,POINT (-122.26728744640174 37.859559963781045),0.7398991378199307,2051.6677325916503,ios,6.271539045591669,2.7400974480901352,-3.075910303938607
385,37.859513516890594,-122.26732797339095,1564012118.0,2019-07-24T16:48:38-07:00,POINT (-122.26732797339095 37.859513516890594),0.924250324886358,2057.931505956862,ios,9.011636493681804,-0.33581285584847187,-5.42108911235793
386,37.85944722527128,-122.26738702288098,1564012119.0,2019-07-24T16:48:39-07:00,POINT (-122.26738702288098 37.85944722527128),1.1018466532234918,2066.934472833986,ios,8.675823637833332,-5.756901968206402,10.280083138627951
387,37.85938413554334,-122.26744516715367,1564012120.0,2019-07-24T16:48:40-07:00,POINT (-122.26744516715367 37.85938413554334),0.9009093838451229,2075.632718079228,ios,2.91892166962693,4.523181170421549,-4.297076570766818
388,37.85936246202535,-122.26746392586607,1564012121.0,2019-07-24T16:48:41-07:00,POINT (-122.26746392586607 37.85936246202535),0.8806833712646331,2078.6242191206793,ios,7.442102840048479,0.22610459965473062,1.7575523351823463
389,37.859305208840645,-122.2675078291277,1564012122.0,2019-07-24T16:48:42-07:00,POINT (-122.2675078291277 37.859305208840645),0.7081066974609996,2086.056647720921,ios,7.66820743970321,1.983656934837077,-4.519259906430215
390,37.85924311038878,-122.26754581670816,1564012123.0,2019-07-24T16:48:43-07:00,POINT (-122.26754581670816 37.85924311038878),1.1085511692028156,2093.810352000601,ios,9.651864374540287,-2.5356029715931383,3.0183634519920313
391,37.85916131744486,-122.26758262157075,1564012124.0,2019-07-24T16:48:44-07:00,POINT (-122.26758262157075 37.85916131744486),2.1844506427030352,2103.185681777653,ios,7.116261402947148,0.48276048039889297,-0.06399671524852568
392,37.85910080515188,-122.26760900849023,1564012125.0,2019-07-24T16:48:45-07:00,POINT (-122.26760900849023 37.85910080515188),2.4213754782552375,2110.932181250519,ios,7.599021883346041,0.4187637651503673,0.3974788715317059
393,37.8590354595007,-122.26763434826104,1564012126.0,2019-07-24T16:48:46-07:00,POINT (-122.26763434826104 37.8590354595007),2.2578690538100115,2118.5157854591207,ios,8.017785648496409,0.8162426366820732,-1.8097827307189505
394,37.85896651281371,-122.26766108444345,1564012127.0,2019-07-24T16:48:47-07:00,POINT (-122.26766108444345 37.85896651281371),2.085347794506232,2126.5173035953135,ios,8.834028285178482,-0.9935400940368773,-1.1745658017125615
395,37.8588905470847,-122.2676905424736,1564012128.0,2019-07-24T16:48:48-07:00,POINT (-122.2676905424736 37.8588905470847),1.895257963975633,2135.3334080296427,ios,7.8404881911416044,-2.168105895749439,3.574288873537963
396,37.85882312502849,-122.26771668743386,1564012129.0,2019-07-24T16:48:49-07:00,POINT (-122.26771668743386 37.85882312502849),1.7265424560611509,2143.1579880033423,ios,5.672382295392166,1.4061829777885242,-1.2264539924967286
397,37.85877434698779,-122.26773560260803,1564012130.0,2019-07-24T16:48:50-07:00,POINT (-122.26773560260803 37.85877434698779),1.6044786399655595,2148.818861005904,ios,7.07856527318069,0.1797289852917956,0.21137307994272625
398,37.858713476879785,-122.26775920685039,1564012131.0,2019-07-24T16:48:51-07:00,POINT (-122.26775920685039 37.858713476879785),1.4521520500662601,2155.8830636892703,ios,7.258294258472485,0.39110206523452185,-1.230123568741556
399,37.858651061247976,-122.26778341041675,1564012132.0,2019-07-24T16:48:52-07:00,POINT (-122.26778341041675 37.858651061247976),1.295954153866234,2163.1266305111258,ios,7.649396323707007,-0.8390215035070341,-0.014056253004680386
400,37.858585282450385,-122.26780891815334,1564012133.0,2019-07-24T16:48:53-07:00,POINT (-122.26780891815334 37.858585282450385),1.1313357738515968,2170.760505645796,ios,6.810374820199973,-0.8530777565117145,2.6653748169378444
401,37.85852683808909,-122.26783211670984,1564012134.0,2019-07-24T16:48:54-07:00,POINT (-122.26783211670984 37.85852683808909),0.9397979061670937,2177.55604951218,ios,5.957297063688259,1.81229706042613,-1.207567118852051
402,37.85847572763409,-122.26785246214509,1564012135.0,2019-07-24T16:48:55-07:00,POINT (-122.26785246214509 37.85847572763409),0.7829601906857127,2183.452111719294,ios,7.769594124114389,0.604729941574079,0.49792938612015636
403,37.858409068634515,-122.26787899695792,1564012136.0,2019-07-24T16:48:56-07:00,POINT (-122.26787899695792 37.858409068634515),1.0394554380397696,2191.20363740637,ios,8.374324065688468,1.1026593276942354,-3.283918016800019
404,37.85833713221927,-122.26790723522528,1564012137.0,2019-07-24T16:48:57-07:00,POINT (-122.26790723522528 37.85833713221927),1.2845827670724124,2199.572038023939,ios,9.476983393382703,-2.1812586891057837,1.8932407775829372
405,37.85825569620122,-122.26793907849266,1564012138.0,2019-07-24T16:48:58-07:00,POINT (-122.26793907849266 37.85825569620122),1.2678389140941535,2209.082734042583,ios,7.295724704276919,-0.2880179115228465,0.8594236193852689
406,37.85819300381341,-122.26796359258994,1564012139.0,2019-07-24T16:48:59-07:00,POINT (-122.26796359258994 37.85819300381341),1.1831527844708902,2216.364895107867,ios,7.007706792754073,0.5714057078624224,-1.5127810689863654
407,37.85813278637678,-122.26798713892704,1564012140.0,2019-07-24T16:49:00-07:00,POINT (-122.26798713892704 37.85813278637678),1.1018063293208935,2223.3595735939407,ios,7.579112500616495,-0.941375361123943,3.5962822816950863
408,37.85806765883843,-122.26801260522156,1564012141.0,2019-07-24T16:49:01-07:00,POINT (-122.26801260522156 37.85806765883843),1.013823006188117,2230.9245953227914,ios,6.637737139492552,2.6549069205711433,-4.5633888470554265
409,37.85801062057056,-122.26803490843402,1564012142.0,2019-07-24T16:49:02-07:00,POINT (-122.26803490843402 37.85801062057056),0.9367644635007648,2237.5499917355346,ios,9.292644060063695,-1.9084819264842832,0.4681372016007703
410,37.85793076861694,-122.2680661322975,1564012143.0,2019-07-24T16:49:03-07:00,POINT (-122.2680661322975 37.85793076861694),0.8288794520783253,2246.8253589333217,ios,7.384162133579412,-1.4403447248835128,1.3965714637776712
411,37.85786731630793,-122.2680909435406,1564012144.0,2019-07-24T16:49:04-07:00,POINT (-122.2680909435406 37.85786731630793),0.7431470388990891,2254.1957922942565,ios,5.9438174086958995,-0.043773261105841677,2.3638724242967086
412,37.85781624092436,-122.2681109151347,1564012145.0,2019-07-24T16:49:05-07:00,POINT (-122.2681109151347 37.85781624092436),0.6741346774205591,2260.1285587436255,ios,5.900044147590058,2.320099163190867,-2.8874050258086736
413,37.857765541688636,-122.26813073964671,1564012146.0,2019-07-24T16:49:06-07:00,POINT (-122.26813073964671 37.857765541688636),0.6056280927861937,2266.0176332259985,ios,8.220143310780925,-0.5673058626178067,0.7734545082083857
414,37.857694718329526,-122.26815757872457,1564012147.0,2019-07-24T16:49:07-07:00,POINT (-122.26815757872457 37.857694718329526),0.5819946911338633,2274.2228448094934,ios,7.652837448163118,0.206148645590579,-0.719044514498786
415,37.85762877470752,-122.26818253130075,1564012148.0,2019-07-24T16:49:08-07:00,POINT (-122.26818253130075 37.85762877470752),0.5631319730425114,2281.861783874432,ios,7.858986093753697,-0.512895868908207,0.5945390839191171
416,37.857561054731335,-122.26820815603618,1564012149.0,2019-07-24T16:49:09-07:00,POINT (-122.26820815603618 37.857561054731335),0.5437569483334684,2289.706497078992,ios,7.34609022484549,0.0816432150109101,-0.2738952037142939
417,37.85749775055136,-122.26823209243862,1564012150.0,2019-07-24T16:49:10-07:00,POINT (-122.26823209243862 37.85749775055136),0.527114160185977,2297.0392452238175,ios,7.4277334398564,-0.19225198870338378,0.19185399369837697
418,37.85743372100372,-122.26825620209824,1564012151.0,2019-07-24T16:49:11-07:00,POINT (-122.26825620209824 37.85743372100372),0.5466592967005456,2304.42694967171,ios,7.235481451153016,-0.0003979950050068126,-1.468554011511988
419,37.857371346578404,-122.26827967852822,1564012152.0,2019-07-24T16:49:12-07:00,POINT (-122.26827967852822 37.857371346578404),0.8989164679920367,2311.6406925724527,ios,7.2350834561480095,-1.4689520065169948,3.1778278200674652
420,37.85730897558833,-122.26830315366522,1564012153.0,2019-07-24T16:49:13-07:00,POINT (-122.26830315366522 37.85730897558833),1.0466691373264319,2318.9072875329034,ios,5.766131449631015,1.7088758135504705,-2.5073262401276697
421,37.85725926782486,-122.2683218623002,1564012154.0,2019-07-24T16:49:14-07:00,POINT (-122.2683218623002 37.85725926782486),1.060814146116415,2324.662927370628,ios,7.475007263181485,-0.7984504265771992,0.7704290167768244
422,37.85719482845629,-122.2683461155061,1564012155.0,2019-07-24T16:49:15-07:00,POINT (-122.2683461155061 37.85719482845629),1.0791478466265536,2332.1243336036155,ios,6.676556836604286,-0.02802140980037482,1.2942713455666572
423,37.85713727224761,-122.26836777807996,1564012156.0,2019-07-24T16:49:16-07:00,POINT (-122.26836777807996 37.85713727224761),1.0955199802872198,2338.7887421422483,ios,6.648535426803911,1.2662499357662824,-1.64706184243635
424,37.857079957605116,-122.26838934973496,1564012157.0,2019-07-24T16:49:17-07:00,POINT (-122.26838934973496 37.857079957605116),1.1118203664127815,2345.425180187033,ios,7.914785362570194,-0.3808119066700675,-0.5233391956462681
425,37.85701172708019,-122.26841502982786,1564012158.0,2019-07-24T16:49:18-07:00,POINT (-122.26841502982786 37.85701172708019),1.1312213028986786,2353.325564064974,ios,7.533973455900126,-0.9041511023163356,1.64044921007034
426,37.85694677940284,-122.2684394743472,1564012159.0,2019-07-24T16:49:19-07:00,POINT (-122.2684394743472 37.85694677940284),1.1496848034422658,2360.845828856978,ios,6.629822353583791,0.7362981077540045,-1.2852177214648242
427,37.856889626091025,-122.26846098528178,1564012160.0,2019-07-24T16:49:20-07:00,POINT (-122.26846098528178 37.856889626091025),1.1659292815002713,2367.4635876460475,ios,7.366120461337795,-0.5489196137108197,1.75331698309175
428,37.8568261254225,-122.26848488518682,1564012161.0,2019-07-24T16:49:21-07:00,POINT (-122.26848488518682 37.8568261254225),1.1839743211842064,2374.816304700145,ios,6.817200847626975,1.2043973693809304,-1.6048750010506279
429,37.85676739061412,-122.26850714771062,1564012162.0,2019-07-24T16:49:22-07:00,POINT (-122.26850714771062 37.85676739061412),1.1874906608369886,2381.6211507226726,ios,8.021598217007906,-0.4004776316696974,0.34604109076836487
430,37.85669832593853,-122.2685335407346,1564012163.0,2019-07-24T16:49:23-07:00,POINT (-122.2685335407346 37.85669832593853),1.173499992678542,2389.628242010657,ios,7.6211205853382085,-0.05443654090133254,-0.769959503193177
431,37.85663262782181,-122.26855827141857,1564012164.0,2019-07-24T16:49:24-07:00,POINT (-122.26855827141857 37.85663262782181),1.1918444463965112,2397.2354964014594,ios,7.566684044436876,-0.8243960440945095,-2.578832849335115
432,37.8565673440737,-122.26858259023957,1564012165.0,2019-07-24T16:49:25-07:00,POINT (-122.26858259023957 37.8565673440737),1.2316240907315381,2404.788281220726,ios,6.742288000342366,-3.4032288934296244,8.841577824320808
433,37.85650931731291,-122.2686048713603,1564012166.0,2019-07-24T16:49:26-07:00,POINT (-122.2686048713603 37.85650931731291),1.1918949550791813,2411.5225207031835,ios,3.339059106912742,5.438348930891184,-7.1355585697866415
434,37.856480585063885,-122.26861592673488,1564012167.0,2019-07-24T16:49:27-07:00,POINT (-122.26861592673488 37.856480585063885),1.1682181089856076,2414.8554767616947,ios,8.777408037803927,-1.6972096388954574,3.8220040693772255
435,37.856404472455935,-122.26864243172564,1564012168.0,2019-07-24T16:49:28-07:00,POINT (-122.26864243172564 37.856404472455935),1.6509353817245238,2423.6715854140266,ios,7.080198398908469,2.124794430481768,-4.718770705452917
436,37.85634368444692,-122.268666434776,1564012169.0,2019-07-24T16:49:29-07:00,POINT (-122.268666434776 37.85634368444692),1.3328107417448656,2430.731979310797,ios,9.204992829390237,-2.5939762749711486,1.8863233941247382
437,37.85626465373216,-122.2686976412303,1564012170.0,2019-07-24T16:49:30-07:00,POINT (-122.2686976412303 37.85626465373216),0.9192103643182726,2439.911223859564,ios,6.611016554419089,-0.7076528808464104,3.7204531469314484
438,37.8562078647104,-122.26871993451091,1564012171.0,2019-07-24T16:49:31-07:00,POINT (-122.26871993451091 37.8562078647104),0.7219084831618559,2446.4787208857247,ios,5.903363673572678,3.012800266085038,-5.653678699578181
439,37.856156990876066,-122.2687391602539,1564012172.0,2019-07-24T16:49:32-07:00,POINT (-122.2687391602539 37.856156990876066),0.7506201155115475,2452.3713048984137,ios,8.916163939657716,-2.6408784334931434,4.966657063913077
440,37.85608006415131,-122.26876781624289,1564012173.0,2019-07-24T16:49:33-07:00,POINT (-122.26876781624289 37.85608006415131),0.8289861807030886,2461.270868303898,ios,6.275285506164573,2.3257786304199337,-3.3366160599206287
441,37.85602592235558,-122.26878798461361,1564012174.0,2019-07-24T16:49:34-07:00,POINT (-122.26878798461361 37.85602592235558),0.8841377642644112,2467.534470134822,ios,8.601064136584506,-1.010837429500695,-2.1038174982533873
442,37.855951714253834,-122.2688156278878,1564012175.0,2019-07-24T16:49:35-07:00,POINT (-122.2688156278878 37.855951714253834),0.9597255725371364,2476.1195202572717,ios,7.590226707083811,-3.1146549277540823,4.133186775774189
443,37.855886227441474,-122.26884002239284,1564012176.0,2019-07-24T16:49:36-07:00,POINT (-122.26884002239284 37.855886227441474),1.0264257728503767,2483.695614920982,ios,4.475571779329729,1.0185318480201069,-1.7479229904530564
444,37.85584709098655,-122.26885192935275,1564012177.0,2019-07-24T16:49:37-07:00,POINT (-122.26885192935275 37.85584709098655),1.2911087222417628,2488.1547071116843,ios,5.494103627349836,-0.7293911424329496,2.4975979233765875
445,37.85579904204905,-122.26886651451498,1564012178.0,2019-07-24T16:49:38-07:00,POINT (-122.26886651451498 37.85579904204905),1.063507399630229,2493.7999046476702,ios,4.7647124849168865,1.768206780943638,-5.598495325400869
446,37.8557573639736,-122.26887912067996,1564012179.0,2019-07-24T16:49:39-07:00,POINT (-122.26887912067996 37.8557573639736),0.7447603556834235,2498.5447221201493,ios,6.532919265860524,-3.8302885444572303,9.62035922383917
447,37.855698884834744,-122.26888628329634,1564012180.0,2019-07-24T16:49:40-07:00,POINT (-122.26888628329634 37.855698884834744),1.206707392478865,2505.2510231736737,ios,2.702630721403294,5.790070679381939,-7.937252699189849
448,37.8556745852382,-122.26888695259201,1564012181.0,2019-07-24T16:49:41-07:00,POINT (-122.26888695259201 37.8556745852382),1.1478274734561045,2507.947185036113,ios,8.492701400785233,-2.14718201980791,4.551365746775771
449,37.85559822314934,-122.26888506063405,1564012182.0,2019-07-24T16:49:42-07:00,POINT (-122.26888506063405 37.85559822314934),1.3142712124501958,2516.4199408808313,ios,6.345519380977323,2.4041837269678608,2.151014102403498
450,37.85554117159557,-122.26888339954697,1564012183.0,2019-07-24T16:49:43-07:00,POINT (-122.26888339954697 37.85554117159557),1.460404246514345,2522.7500961604437,ios,8.749703107945184,4.555197829371359,-11.165995082557416
451,37.85546248369444,-122.26888326721037,1564012184.0,2019-07-24T16:49:44-07:00,POINT (-122.26888326721037 37.85546248369444),1.4720479761662038,2531.4809123068258,ios,13.304900937316543,-6.610797253186056,7.087536770549959
452,37.8553927224482,-122.26900639023843,1564012185.0,2019-07-24T16:49:45-07:00,POINT (-122.26900639023843 37.8553927224482),8.559026657212435,2541.549185626622,ios,6.694103684130487,0.4767395173639031,-2.9088340422999117
453,37.85533337857375,-122.26901921455028,1564012186.0,2019-07-24T16:49:46-07:00,POINT (-122.26901921455028 37.85533337857375),7.967316298257207,2548.2033842348774,ios,7.17084320149439,-2.4320945249360086,3.8498161277356173
454,37.855269843747706,-122.26903321232858,1564012187.0,2019-07-24T16:49:47-07:00,POINT (-122.26903321232858 37.855269843747706),7.328209476386066,2555.5583815968484,ios,4.738748676558381,1.4177216027996087,-0.9034450561480414
455,37.8552278085033,-122.26904209714594,1564012188.0,2019-07-24T16:49:48-07:00,POINT (-122.26904209714594 37.8552278085033),6.748187352846253,2560.2517397972197,ios,6.15647027935799,0.5142765466515673,-0.6634994634371534
456,37.855172823218496,-122.26905031141105,1564012189.0,2019-07-24T16:49:49-07:00,POINT (-122.26905031141105 37.855172823218496),5.70211092796352,2566.3055763544367,ios,6.670746826009557,-0.14922291678558608,-2.6249752202002736
457,37.855113227886946,-122.26905902859035,1564012190.0,2019-07-24T16:49:50-07:00,POINT (-122.26905902859035 37.855113227886946),4.552658939816304,2572.8623060025698,ios,6.521523909223971,-2.7741981369858597,3.9093037684512213
458,37.85505501556942,-122.26906808104577,1564012191.0,2019-07-24T16:49:51-07:00,POINT (-122.26906808104577 37.85505501556942),3.4752145746973073,2579.280353882156,ios,3.7473257722381113,1.1351056314653616,-0.5179573205387649
459,37.8550214041377,-122.26907118234995,1564012192.0,2019-07-24T16:49:52-07:00,POINT (-122.26907118234995 37.8550214041377),2.6738685256508807,2582.932802407903,ios,4.882431403703473,0.6171483109265967,-1.9623128688576
460,37.85498976245323,-122.26910973910454,1564012193.0,2019-07-24T16:49:53-07:00,POINT (-122.26910973910454 37.85498976245323),4.924623226586941,2587.264724718905,ios,5.49957971463007,-1.3451645579310032,-0.7001262129028776
461,37.85494177605757,-122.26912491034928,1564012194.0,2019-07-24T16:49:54-07:00,POINT (-122.26912491034928 37.85494177605757),4.686521771084637,2592.748625920412,ios,4.154415156699066,-2.045290770833881,1.4541919894191304
462,37.85490577578345,-122.26913756702307,1564012195.0,2019-07-24T16:49:55-07:00,POINT (-122.26913756702307 37.85490577578345),4.61540442976849,2596.894715170656,ios,2.1091243858651856,-0.5910987814147504,1.0665246663778627
463,37.8548868745918,-122.2691355553663,1564012196.0,2019-07-24T16:49:56-07:00,POINT (-122.2691355553663 37.8548868745918),3.848074393273318,2598.854484204669,ios,1.5180256044504352,0.47542588496311233,-1.398766208145639
464,37.854882054997475,-122.26915173243943,1564012197.0,2019-07-24T16:49:57-07:00,POINT (-122.26915173243943 37.854882054997475),5.059817268591476,2599.7726669584968,ios,1.9934514894135476,-0.9233403231825266,1.3406223987211883
465,37.85486625511,-122.26916246127549,1564012198.0,2019-07-24T16:49:58-07:00,POINT (-122.26916246127549 37.85486625511),5.489928819444504,2601.5543150461367,ios,1.070111166231021,0.4172820755386617,-0.726071624087764
466,37.85485854375908,-122.26916975353124,1564012199.0,2019-07-24T16:49:59-07:00,POINT (-122.26916975353124 37.85485854375908),5.891538133492669,2602.5454496756684,ios,1.4873932417696827,-0.30878954854910234,-0.7895721604921662
467,37.85484597090432,-122.26917553704443,1564012200.0,2019-07-24T16:50:00-07:00,POINT (-122.26917553704443 37.85484597090432),6.026992772218424,2604.024170390663,ios,1.1786036932205803,-1.0983617090412685,1.0983617094222637
468,37.854840480757744,-122.26918702025178,1564012201.0,2019-07-24T16:50:01-07:00,POINT (-122.26918702025178 37.854840480757744),6.8480342447802665,2604.871242507165,ios,0.08024198417931193,3.8099523536061497e-10,2.7755575615628914e-17
469,37.854839784582246,-122.26918726087165,1564012202.0,2019-07-24T16:50:02-07:00,POINT (-122.26918726087165 37.854839784582246),6.848762479980525,2604.951331393777,ios,0.08024198456030716,3.809952631161906e-10,-9.85417705767766e-10
470,37.85483908840675,-122.26918750149153,1564012203.0,2019-07-24T16:50:03-07:00,POINT (-122.26918750149153 37.85483908840675),6.849490715980959,2605.031420278671,ios,0.08024198494130243,-6.044224426515754e-10,9.854176780121904e-10
471,37.85483839223125,-122.26918774211143,1564012204.0,2019-07-24T16:50:04-07:00,POINT (-122.26918774211143 37.85483839223125),6.8502189542289615,2605.111509165582,ios,0.08024198433687998,3.8099523536061497e-10,-6.569451233007229e-10
472,37.85483769605575,-122.2691879827313,1564012205.0,2019-07-24T16:50:05-07:00,POINT (-122.2691879827313 37.85483769605575),6.850947188760575,2605.1915980505805,ios,0.08024198471787522,-2.759498879401079e-10,6.569451510562985e-10
473,37.854836999880256,-122.26918822335118,1564012206.0,2019-07-24T16:50:06-07:00,POINT (-122.26918822335118 37.854836999880256),6.851675427798036,2605.2716869376936,ios,0.08024198444192533,3.809952631161906e-10,-3.2847258246704314e-10
474,37.85483630370476,-122.26918846397105,1564012207.0,2019-07-24T16:50:07-07:00,POINT (-122.26918846397105 37.85483630370476),6.85240366300365,2605.3517758233456,ios,0.0802419848229206,5.2522680649147446e-11,3.2847262410040656e-10
475,37.85483560752926,-122.26918870459093,1564012208.0,2019-07-24T16:50:08-07:00,POINT (-122.26918870459093 37.85483560752926),6.853131900687752,2605.4318647101127,ios,0.08024198487544328,3.80995304749554e-10,-9.85417844545644e-10
476,37.85483491135376,-122.26918894521081,1564012209.0,2019-07-24T16:50:09-07:00,POINT (-122.26918894521081 37.85483491135376),6.853860141083933,2605.5119535966123,ios,0.08024198525643858,-6.044225397960901e-10,9.854178306678563e-10
477,37.854834215178265,-122.26918918583071,1564012210.0,2019-07-24T16:50:10-07:00,POINT (-122.26918918583071 37.854834215178265),6.854588379557494,2605.5920424835813,ios,0.08024198465201604,3.809952908717662e-10,-6.569452204452375e-10
478,37.85483351900277,-122.26918942645058,1564012211.0,2019-07-24T16:50:11-07:00,POINT (-122.26918942645058 37.85483351900277),6.855316618600313,2605.6721313697344,ios,0.08024198503301133,-2.759499295734713e-10,6.569452204452375e-10
479,37.85483282282727,-122.26918966707046,1564012212.0,2019-07-24T16:50:12-07:00,POINT (-122.26918966707046 37.85483282282727),6.856044857978793,2605.7522202564546,ios,0.0802419847570614,3.809952908717662e-10,4.163336342344337e-17
480,37.85483212665177,-122.26918990769033,1564012213.0,2019-07-24T16:50:13-07:00,POINT (-122.26918990769033 37.85483212665177),6.856773097811074,2605.8323091428097,ios,0.08024198513805669,3.809953325051296e-10,-6.569453037119644e-10
481,37.854831430476274,-122.26919014831022,1564012214.0,2019-07-24T16:50:14-07:00,POINT (-122.26919014831022 37.854831430476274),6.8575013380944725,2605.9123980292807,ios,0.08024198551905203,-2.7594997120683473e-10,2.7755575615628914e-17
482,37.854830734300776,-122.26919038893011,1564012215.0,2019-07-24T16:50:15-07:00,POINT (-122.26919038893011 37.854830734300776),6.858229580743578,2605.9924869168376,ios,0.08024198524310205,-2.759499434512591e-10,6.569452482008131e-10
483,37.85483003812528,-122.26919062955,1564012216.0,2019-07-24T16:50:16-07:00,POINT (-122.26919062955 37.85483003812528),6.858957821931898,2606.0725758030594,ios,0.08024198496715211,3.80995304749554e-10,-6.569452620786009e-10
484,37.85482934194978,-122.26919087016987,1564012217.0,2019-07-24T16:50:17-07:00,POINT (-122.26919087016987 37.85482934194978),6.8596860633431005,2606.1526646898187,ios,0.08024198534814742,-2.759499573290469e-10,6.569452898341765e-10
485,37.85482864577428,-122.26919111078975,1564012218.0,2019-07-24T16:50:18-07:00,POINT (-122.26919111078975 37.85482864577428),6.860414305089964,2606.2327535771446,ios,0.08024198507219746,3.809953325051296e-10,1.3877787807814457e-17
486,37.854827949598786,-122.26919135140962,1564012219.0,2019-07-24T16:50:19-07:00,POINT (-122.26919135140962 37.854827949598786),6.861142547406084,2606.312842463655,ios,0.08024198545319279,3.8099534638291743e-10,-9.8541799720131e-10
487,37.85482725342329,-122.2691915920295,1564012220.0,2019-07-24T16:50:20-07:00,POINT (-122.2691915920295 37.85482725342329),6.861870790519704,2606.3929313489275,ios,0.08024198583418814,-6.044226508183925e-10,9.8541799720131e-10
488,37.85482655724779,-122.2691918326494,1564012221.0,2019-07-24T16:50:21-07:00,POINT (-122.2691918326494 37.85482655724779),6.862599035306273,2606.473020237993,ios,0.08024198522976549,3.8099534638291743e-10,-3.2847266573377e-10
489,37.85482586107229,-122.26919207326927,1564012222.0,2019-07-24T16:50:22-07:00,POINT (-122.26919207326927 37.85482586107229),6.863327278978435,2606.5531091243697,ios,0.08024198561076083,5.2522680649147446e-11,-3.284726796115578e-10
490,37.854825164896795,-122.26919231388915,1564012223.0,2019-07-24T16:50:23-07:00,POINT (-122.26919231388915 37.854825164896795),6.864055522642562,2606.6331980121863,ios,0.08024198566328351,-2.7594999896241035e-10,9.854180527124612e-10
491,37.8548244687213,-122.26919255450903,1564012224.0,2019-07-24T16:50:24-07:00,POINT (-122.26919255450903 37.8548244687213),6.8647837673351,2606.713286897863,ios,0.08024198538733351,7.094680537500508e-10,-9.854180804680368e-10
492,37.8548237725458,-122.2691927951289,1564012225.0,2019-07-24T16:50:25-07:00,POINT (-122.2691927951289 37.8548237725458),6.865512012019605,2606.7933757849796,ios,0.08024198609680157,-2.7595002671798596e-10,0.0
493,37.8548230763703,-122.2691930357488,1564012226.0,2019-07-24T16:50:26-07:00,POINT (-122.2691930357488 37.8548230763703),6.866240257270689,2606.8734646717603,ios,0.08024198582085154,-2.7595002671798596e-10,6.569454147342668e-10
494,37.854822380194804,-122.26919327636868,1564012227.0,2019-07-24T16:50:27-07:00,POINT (-122.26919327636868 37.854822380194804),6.866968504656559,2606.9535535605296,ios,0.08024198554490151,3.8099538801628086e-10,-6.569454286120546e-10
495,37.854821684019306,-122.26919351698855,1564012228.0,2019-07-24T16:50:28-07:00,POINT (-122.26919351698855 37.854821684019306),6.867696748785197,2607.033642446062,ios,0.0802419859258969,-2.7595004059577377e-10,1.3138909266130483e-09
496,37.85482098784381,-122.26919375760843,1564012229.0,2019-07-24T16:50:29-07:00,POINT (-122.26919375760843 37.85482098784381),6.868424997191446,2607.113731334131,ios,0.08024198564994686,1.0379408860172745e-09,-1.970836424614042e-09
497,37.85482029166831,-122.2691939982283,1564012230.0,2019-07-24T16:50:30-07:00,POINT (-122.2691939982283 37.85482029166831),6.869153242225006,2607.193820219414,ios,0.08024198668788775,-9.328955385967674e-10,1.313890940490836e-09
498,37.85481959549281,-122.26919423884821,1564012231.0,2019-07-24T16:50:31-07:00,POINT (-122.26919423884821 37.85481959549281),6.86988149333262,2607.273909109136,ios,0.08024198575499221,3.8099540189406866e-10,-6.569454563676302e-10
499,37.854818899317316,-122.26919447946808,1564012232.0,2019-07-24T16:50:32-07:00,POINT (-122.26919447946808 37.854818899317316),6.870609738924724,2607.3539979955235,ios,0.08024198613598761,-2.759500544735616e-10,6.569454563676302e-10
500,37.85481820314182,-122.26919472008797,1564012233.0,2019-07-24T16:50:33-07:00,POINT (-122.26919472008797 37.85481820314182),6.871337986767071,2607.4340868834483,ios,0.08024198586003756,3.8099540189406866e-10,-6.569454841232059e-10
501,37.85481750696632,-122.26919496070784,1564012234.0,2019-07-24T16:50:34-07:00,POINT (-122.26919496070784 37.85481750696632),6.872066235406915,2607.5141757701354,ios,0.08024198624103296,-2.759500822291372e-10,9.85418288634854e-10
502,37.85481681079082,-122.26919520132772,1564012235.0,2019-07-24T16:50:35-07:00,POINT (-122.26919520132772 37.85481681079082),6.872794484500559,2607.5942646564577,ios,0.08024198596508288,7.094682064057167e-10,-9.854183025126417e-10
503,37.854816114615325,-122.26919544194759,1564012236.0,2019-07-24T16:50:36-07:00,POINT (-122.26919544194759 37.854816114615325),6.873522733583488,2607.6743535447,ios,0.08024198667455108,-2.75950096106925e-10,3.2847276287828464e-10
504,37.85481541843983,-122.26919568256749,1564012237.0,2019-07-24T16:50:37-07:00,POINT (-122.26919568256749 37.85481541843983),6.874250985724875,2607.7544424313214,ios,0.08024198639860099,5.252266677135964e-11,-3.2847274900049683e-10
505,37.85481472226433,-122.26919592318737,1564012238.0,2019-07-24T16:50:38-07:00,POINT (-122.26919592318737 37.85481472226433),6.874979235597265,2607.8345313197656,ios,0.08024198645112365,-2.759500822291372e-10,6.569455118787815e-10
506,37.85481402608883,-122.26919616380725,1564012239.0,2019-07-24T16:50:39-07:00,POINT (-122.26919616380725 37.85481402608883),6.875707486269829,2607.914620206492,ios,0.08024198617517357,3.809954296496443e-10,4.163336342344337e-17
507,37.854813329913334,-122.26919640442712,1564012240.0,2019-07-24T16:50:40-07:00,POINT (-122.26919640442712 37.854813329913334),6.87643573704714,2607.9947090946876,ios,0.080241986556169,3.809954712830077e-10,-9.854183857793686e-10
508,37.854812633737836,-122.269196645047,1564012241.0,2019-07-24T16:50:41-07:00,POINT (-122.269196645047 37.854812633737836),6.877163988509167,2608.074797981616,ios,0.08024198693716447,-6.044229144963609e-10,9.854183857793686e-10
509,37.85481193756234,-122.2691968856669,1564012242.0,2019-07-24T16:50:42-07:00,POINT (-122.2691968856669 37.85481193756234),6.877892242218761,2608.1548868705618,ios,0.08024198633274156,3.809954712830077e-10,-6.569456090232961e-10
510,37.85481124138684,-122.26919712628677,1564012243.0,2019-07-24T16:50:43-07:00,POINT (-122.26919712628677 37.85481124138684),6.878620494470248,2608.234975757692,ios,0.08024198671373703,-2.7595013774028843e-10,6.569456090232961e-10
511,37.85481054521134,-122.26919736690665,1564012244.0,2019-07-24T16:50:44-07:00,POINT (-122.26919736690665 37.85481054521134),6.879348746826481,2608.3150646462914,ios,0.08024198643778689,3.809954712830077e-10,-3.2847280451164806e-10
512,37.854809849035846,-122.26919760752652,1564012245.0,2019-07-24T16:50:45-07:00,POINT (-122.26919760752652 37.854809849035846),6.880077000098344,2608.395153532722,ios,0.08024198681878236,5.252266677135964e-11,3.284728461450115e-10
513,37.85480915286035,-122.2691978481464,1564012246.0,2019-07-24T16:50:46-07:00,POINT (-122.2691978481464 37.85480915286035),6.880805253131259,2608.4752424214944,ios,0.08024198687130503,3.8099551291637113e-10,-9.85418496801671e-10
514,37.85480845668485,-122.26919808876629,1564012247.0,2019-07-24T16:50:47-07:00,POINT (-122.26919808876629 37.85480845668485),6.881533507189905,2608.5553313086066,ios,0.08024198725230054,-6.044229838852999e-10,9.854184829238832e-10
515,37.85480776050935,-122.26919832938619,1564012248.0,2019-07-24T16:50:48-07:00,POINT (-122.26919832938619 37.85480776050935),6.882261763383341,2608.6354201977074,ios,0.08024198664787756,3.809954990385833e-10,-6.569456784122352e-10
516,37.854807064333855,-122.26919857000605,1564012249.0,2019-07-24T16:50:49-07:00,POINT (-122.26919857000605 37.854807064333855),6.882990015975848,2608.715509084445,ios,0.08024198702887306,-2.7595017937365185e-10,6.569456784122352e-10
517,37.85480636815836,-122.26919881062594,1564012250.0,2019-07-24T16:50:50-07:00,POINT (-122.26919881062594 37.85480636815836),6.883718272958745,2608.7955979737476,ios,0.08024198675292288,3.809954990385833e-10,4.163336342344337e-17
518,37.85480567198286,-122.2691990512458,1564012251.0,2019-07-24T16:50:51-07:00,POINT (-122.2691990512458 37.85480567198286),6.884446526109795,2608.8756868615887,ios,0.08024198713391838,3.8099554067194674e-10,-6.569457339233864e-10
519,37.85480497580736,-122.26919929186569,1564012252.0,2019-07-24T16:50:52-07:00,POINT (-122.26919929186569 37.85480497580736),6.885174784346663,2608.955775748809,ios,0.08024198751491392,-2.7595019325143966e-10,0.0
520,37.854804279631864,-122.26919953248559,1564012253.0,2019-07-24T16:50:53-07:00,POINT (-122.26919953248559 37.854804279631864),6.885903040658236,2609.035864636979,ios,0.08024198723896372,-2.7595019325143966e-10,6.569457200455986e-10
521,37.854803583456366,-122.26919977310547,1564012254.0,2019-07-24T16:50:54-07:00,POINT (-122.26919977310547 37.854803583456366),6.886631299566431,2609.1159535253328,ios,0.08024198696301353,3.8099552679415893e-10,-6.569457200455986e-10
522,37.85480288728087,-122.26920001372534,1564012255.0,2019-07-24T16:50:55-07:00,POINT (-122.26920001372534 37.85480288728087),6.8873595542964035,2609.196042413578,ios,0.08024198734400906,-2.7595019325143966e-10,6.569457200455986e-10
523,37.85480219110537,-122.26920025434522,1564012256.0,2019-07-24T16:50:56-07:00,POINT (-122.26920025434522 37.85480219110537),6.888087811507538,2609.2761313024585,ios,0.08024198706805886,3.8099552679415893e-10,5.551115123125783e-17
524,37.85480149492987,-122.26920049496509,1564012257.0,2019-07-24T16:50:57-07:00,POINT (-122.26920049496509 37.85480149492987),6.888816069631629,2609.3562201896502,ios,0.08024198744905439,3.8099558230531017e-10,-9.85418718846276e-10
525,37.854800798754376,-122.26920073558497,1564012258.0,2019-07-24T16:50:58-07:00,POINT (-122.26920073558497 37.854800798754376),6.889544327975922,2609.4363090778593,ios,0.08024198783004997,-6.044231365409658e-10,9.854186910907003e-10
526,37.85480010257888,-122.26920097620487,1564012259.0,2019-07-24T16:50:59-07:00,POINT (-122.26920097620487 37.85480010257888),6.890272588685919,2609.5163979671547,ios,0.08024198722562684,3.8099555454973455e-10,-3.284728877783749e-10
527,37.85479940640338,-122.26920121682474,1564012260.0,2019-07-24T16:51:00-07:00,POINT (-122.26920121682474 37.85479940640338),6.891000847935132,2609.596486855115,ios,0.08024198760662239,5.252266677135964e-11,-3.284729016561627e-10
528,37.85479871022788,-122.26920145744462,1564012261.0,2019-07-24T16:51:01-07:00,POINT (-122.26920145744462 37.85479871022788),6.891729107635465,2609.676575743191,ios,0.08024198765914506,-2.759502348848031e-10,2.170293256992631
529,37.854798014052385,-122.2692016980645,1564012262.0,2019-07-24T16:51:02-07:00,POINT (-122.2692016980645 37.854798014052385),6.892457367561358,2609.756664631324,ios,0.08024198738319482,2.170293256716681,-1.0889683203984832
530,37.85479731787689,-122.26920193868438,1564012263.0,2019-07-24T16:51:03-07:00,POINT (-122.26920193868438 37.85479731787689),6.893185627938373,2609.836753519573,ios,2.2505352440998756,1.0813249363181976,-1.0865573902840735
531,37.854783435246986,-122.26918328554609,1564012264.0,2019-07-24T16:51:04-07:00,POINT (-122.26918328554609 37.854783435246986),4.913067273075914,2610.9066561856253,ios,3.331860180418073,-0.005232453965875905,0.25677013340785493
532,37.854754919827286,-122.26917162808101,1564012265.0,2019-07-24T16:51:05-07:00,POINT (-122.26917162808101 37.854754919827286),3.1523067597714935,2613.6549391349035,ios,3.3266277264521973,0.251537679441979,0.7659963041584481
533,37.85472612607506,-122.26918191351466,1564012266.0,2019-07-24T16:51:06-07:00,POINT (-122.26918191351466 37.85472612607506),3.2622400567740493,2616.973597807619,ios,3.5781654058941763,1.0175339836004271,-1.3344527785491778
534,37.85469515646189,-122.26919298264451,1564012267.0,2019-07-24T16:51:07-07:00,POINT (-122.26919298264451 37.85469515646189),3.381032768960141,2620.543174606942,ios,4.595699389494603,-0.31691879494875064,-2.005858530895429
535,37.854655340131686,-122.2692070197213,1564012268.0,2019-07-24T16:51:08-07:00,POINT (-122.2692070197213 37.854655340131686),3.5171913730990703,2625.1283240622765,ios,4.278780594545853,-2.3227773258441795,6.625657352150836
536,37.85461825000405,-122.26921999962688,1564012269.0,2019-07-24T16:51:09-07:00,POINT (-122.26921999962688 37.85461825000405),3.6246111127245366,2629.728133385497,ios,1.9560032687016735,4.3028800263066564,-6.298696881179451
537,37.854601294609985,-122.26922593326309,1564012270.0,2019-07-24T16:51:10-07:00,POINT (-122.26922593326309 37.854601294609985),3.5012372791806103,2631.6765966131647,ios,6.25888329500833,-1.9958168548727944,1.319309567852076
538,37.85454711207412,-122.26924524638179,1564012271.0,2019-07-24T16:51:11-07:00,POINT (-122.26924524638179 37.85454711207412),3.1362128070792816,2637.913230333631,ios,4.263066440135535,-0.6765072870207183,-0.6393891549270649
539,37.85451020755202,-122.26925840288159,1564012272.0,2019-07-24T16:51:12-07:00,POINT (-122.26925840288159 37.85451020755202),2.8877611636660885,2642.1611526523675,ios,3.586559153114817,-1.3158964419477832,5.7477035968149774
540,37.85447915941976,-122.26926947156835,1564012273.0,2019-07-24T16:51:13-07:00,POINT (-122.26926947156835 37.85447915941976),2.6787369621333874,2645.7349709183763,ios,2.270662711167034,4.431807154867194,-6.4754013909886625
541,37.85445950274346,-122.26927647919375,1564012274.0,2019-07-24T16:51:14-07:00,POINT (-122.26927647919375 37.85445950274346),2.546403707327942,2647.9975673575855,ios,6.702469866034227,-2.0435942361214687,2.512442545631669
542,37.854401400769014,-122.26929680056782,1564012275.0,2019-07-24T16:51:15-07:00,POINT (-122.26929680056782 37.854401400769014),2.535486221248544,2654.5231566573507,ios,4.6588756299127585,0.46884830951020007,-0.012139476502952995
543,37.85436021419504,-122.26930653963817,1564012276.0,2019-07-24T16:51:16-07:00,POINT (-122.26930653963817 37.85436021419504),2.1464930984806125,2659.1563370643175,ios,5.127723939422959,0.4567088330072471,-0.6741112474033315
544,37.85431560794206,-122.26932135562603,1564012277.0,2019-07-24T16:51:17-07:00,POINT (-122.26932135562603 37.85431560794206),2.087193286715616,2664.2740382332195,ios,5.584432772430206,-0.21740241439608443,0.8034409938185361
545,37.854267353257974,-122.2693389839963,1564012278.0,2019-07-24T16:51:18-07:00,POINT (-122.2693389839963 37.854267353257974),2.1587866670013733,2669.8477620535864,ios,5.367030358034121,0.5860385794224516,-0.5865241445444322
546,37.8542215692268,-122.26935833761215,1564012279.0,2019-07-24T16:51:19-07:00,POINT (-122.26935833761215 37.8542215692268),2.454739708920096,2675.1713125944257,ios,5.953068937456573,-0.0004855651219806134,0.4707425502130471
547,37.85417123915549,-122.26938145329204,1564012280.0,2019-07-24T16:51:20-07:00,POINT (-122.26938145329204 37.85417123915549),2.99390242909047,2681.089933939753,ios,5.952583372334592,0.4702569850910665,-0.31079589068002633
548,37.85412091323174,-122.26940456721866,1564012281.0,2019-07-24T16:51:21-07:00,POINT (-122.26940456721866 37.85412091323174),3.4475842512496433,2687.153605284745,ios,6.422840357425659,0.15946109441104017,0.4113011344095501
549,37.854065666498634,-122.26942591994359,1564012282.0,2019-07-24T16:51:22-07:00,POINT (-122.26942591994359 37.854065666498634),3.4301830892641325,2693.5648599897895,ios,6.582301451836699,0.5707622288205902,-2.2880039777762953
550,37.85400905919924,-122.26944784860768,1564012283.0,2019-07-24T16:51:23-07:00,POINT (-122.26944784860768 37.85400905919924),3.416565625869318,2700.135308037588,ios,7.153063680657289,-1.717241748955705,3.1023188746472705
551,37.85394754266896,-122.26947167574818,1564012284.0,2019-07-24T16:51:24-07:00,POINT (-122.26947167574818 37.85394754266896),3.4014955931849316,2707.2754891845216,ios,5.435821931701584,1.3850771256915655,-2.0819612777444707
552,37.853900087496655,-122.26948654300747,1564012285.0,2019-07-24T16:51:25-07:00,POINT (-122.26948654300747 37.853900087496655),3.0945821176517305,2712.692209123625,ios,6.82089905739315,-0.6968841520529052,0.23438853072222443
553,37.85384225506354,-122.26951244370873,1564012286.0,2019-07-24T16:51:26-07:00,POINT (-122.26951244370873 37.85384225506354),3.3746193271577742,2719.495811956192,ios,6.124014905340244,-0.4624956213306808,0.4518394287738321
554,37.8537895544562,-122.26953270198689,1564012287.0,2019-07-24T16:51:27-07:00,POINT (-122.26953270198689 37.8537895544562),3.348757499894745,2725.6087260137583,ios,5.661519284009564,-0.010656192556848687,0.03183479556710189
555,37.85374011679369,-122.26954812425045,1564012288.0,2019-07-24T16:51:28-07:00,POINT (-122.26954812425045 37.85374011679369),3.0234744810656142,2731.25001735929,ios,5.650863091452715,0.021178603010253205,1.0237040831102808
556,37.85369245628924,-122.26957046242069,1564012289.0,2019-07-24T16:51:29-07:00,POINT (-122.26957046242069 37.85369245628924),3.3344659835734687,2736.885353433436,ios,5.672041694462968,1.044882686120534,-1.9238798511637842
557,37.85364161946764,-122.26957577975604,1564012290.0,2019-07-24T16:51:30-07:00,POINT (-122.26957577975604 37.85364161946764),2.1097783102098466,2742.4112301087207,ios,6.716924380583502,-0.8789971650432502,-0.18398225558980563
558,37.853587241140694,-122.26960909537556,1564012291.0,2019-07-24T16:51:31-07:00,POINT (-122.26960909537556 37.853587241140694),3.121196978744508,2749.0423172854744,ios,5.837927215540252,-1.0629794206330558,2.378198306046544
559,37.853536466177204,-122.26962600843886,1564012292.0,2019-07-24T16:51:32-07:00,POINT (-122.26962600843886 37.853536466177204),2.8728745621306078,2754.863938459184,ios,4.774947794907196,1.315218885413488,-0.969583057186937
560,37.853493938172825,-122.26961847350088,1564012293.0,2019-07-24T16:51:33-07:00,POINT (-122.26961847350088 37.853493938172825),0.8414681840798005,2759.174260805282,ios,6.090166680320684,0.34563582822655103,-0.5728529282672001
561,37.85343938332655,-122.26962461851706,1564012294.0,2019-07-24T16:51:34-07:00,POINT (-122.26962461851706 37.85343938332655),0.4719755370401268,2765.1128705328006,ios,6.435802508547235,-0.2272171000406491,-0.28861404568578575
562,37.85338208288217,-122.26963495319575,1564012295.0,2019-07-24T16:51:35-07:00,POINT (-122.26963495319575 37.85338208288217),1.5140365577731485,2771.492224015614,ios,6.208585408506586,-0.5158311457264348,-2.592845834067047
563,37.85332866048481,-122.26965551607056,1564012296.0,2019-07-24T16:51:36-07:00,POINT (-122.26965551607056 37.85332866048481),1.4014587817862367,2777.688592938711,ios,5.692754262780151,-3.108676979793482,9.990230256875435
564,37.853279743298366,-122.26967464620054,1564012297.0,2019-07-24T16:51:37-07:00,POINT (-122.26967464620054 37.853279743298366),1.2728781672448848,2783.369687930716,ios,2.5840772829866694,6.881553277081952,-12.023308308982953
565,37.85325753885344,-122.26968333078644,1564012298.0,2019-07-24T16:51:38-07:00,POINT (-122.26968333078644 37.85325753885344),1.2144229935280315,2785.948470958533,ios,9.465630560068622,-5.141755031901001,6.855588572331043
566,37.853175933062495,-122.26971401559,1564012299.0,2019-07-24T16:51:39-07:00,POINT (-122.26971401559 37.853175933062495),1.1038757047606103,2795.3962470856386,ios,4.323875528167621,1.7138335404300422,-3.9927640624629426
567,37.85313867589132,-122.26972811795758,1564012300.0,2019-07-24T16:51:40-07:00,POINT (-122.26972811795758 37.85313867589132),1.045518505596968,2799.711885612416,ios,6.037709068597663,-2.2789305220329004,3.396021003211417
568,37.85308667465888,-122.26974790881621,1564012301.0,2019-07-24T16:51:41-07:00,POINT (-122.26974790881621 37.85308667465888),1.0785343617218426,2805.7165784439017,ios,3.7587785465647627,1.1170904811785167,-1.1737735494327861
569,37.85305430126938,-122.26976022962391,1564012302.0,2019-07-24T16:51:42-07:00,POINT (-122.26976022962391 37.85305430126938),1.101140155620595,2809.4684843364607,ios,4.8758690277432795,-0.056683068254269386,0.4070631722723892
570,37.85301230666963,-122.26977621211434,1564012303.0,2019-07-24T16:51:43-07:00,POINT (-122.26977621211434 37.85301230666963),1.1304628248409698,2814.335438162689,ios,4.81918595948901,0.3503801040181198,0.9633899823933776
571,37.85297080026845,-122.269792008804,1564012304.0,2019-07-24T16:51:44-07:00,POINT (-122.269792008804 37.85297080026845),1.1594429963138746,2819.145812530497,ios,5.16956606350713,1.3137700864114974,-2.362120296429139
572,37.85292627613628,-122.26980895399505,1564012305.0,2019-07-24T16:51:45-07:00,POINT (-122.26980895399505 37.85292627613628),1.1905283965960813,2824.305926318569,ios,6.483336149918627,-1.0483502100176416,1.1441265446079107
573,37.85287043684613,-122.26983020555896,1564012306.0,2019-07-24T16:51:46-07:00,POINT (-122.26983020555896 37.85287043684613),1.2295110878899804,2830.7774079862024,ios,5.434985939900986,0.09577633459026913,0.3654654647064266
574,37.85282362672672,-122.26984802076113,1564012307.0,2019-07-24T16:51:47-07:00,POINT (-122.26984802076113 37.85282362672672),1.2621880750814432,2836.2024562598644,ios,5.530762274491255,0.46124179929669573,-0.37478167501393145
575,37.852775991713195,-122.26986614990518,1564012308.0,2019-07-24T16:51:48-07:00,POINT (-122.26986614990518 37.852775991713195),1.2952284601878408,2841.727115060883,ios,5.9920040737879505,0.08646012428276428,-0.5799288874845239
576,37.852724376783165,-122.26988575987845,1564012309.0,2019-07-24T16:51:49-07:00,POINT (-122.26988575987845 37.852724376783165),1.3155891876584955,2847.70823011931,ios,6.078464198070715,-0.4934687632017596,2.434377929778491
577,37.8526720007022,-122.26990558348454,1564012310.0,2019-07-24T16:51:50-07:00,POINT (-122.26990558348454 37.8526720007022),1.3426052411945295,2853.7756084592215,ios,5.584995434868955,1.9409091665767315,-2.8642639349203893
578,37.85262388730705,-122.26992384272997,1564012311.0,2019-07-24T16:51:51-07:00,POINT (-122.26992384272997 37.85262388730705),1.35322170591802,2859.355675417732,ios,7.525904601445687,-0.9233547683436578,0.9459419206763879
579,37.85255906729321,-122.26994850589945,1564012312.0,2019-07-24T16:51:52-07:00,POINT (-122.26994850589945 37.85255906729321),1.3468027002827812,2866.8679510973116,ios,6.602549833102029,0.02258715233273012,0.3016009123746919
580,37.85250220006394,-122.26997014313811,1564012313.0,2019-07-24T16:51:53-07:00,POINT (-122.26997014313811 37.85250220006394),1.3411680293514743,2873.458544057513,ios,6.625136985434759,0.324188064707422,0.5504672841130835
581,37.85244513829701,-122.26999185439585,1564012314.0,2019-07-24T16:51:54-07:00,POINT (-122.26999185439585 37.85244513829701),1.3355110499234217,2880.071683186905,ios,6.949325050142181,0.8746553488205056,-1.6781550649375427
582,37.85238525242229,-122.27001449311241,1564012315.0,2019-07-24T16:51:55-07:00,POINT (-122.27001449311241 37.85238525242229),1.3419620342169245,2887.0083941956696,ios,7.823980398962687,-0.8034997161170372,1.3744533044834197
583,37.85231773452018,-122.27003957595112,1564012316.0,2019-07-24T16:51:56-07:00,POINT (-122.27003957595112 37.85231773452018),1.5065555610114454,2894.778997278995,ios,7.020480682845649,0.5709535883663825,-2.09714386702173
584,37.85225715051169,-122.2700620828547,1564012317.0,2019-07-24T16:51:57-07:00,POINT (-122.2700620828547 37.85225715051169),1.7351485746207367,2901.782932123511,ios,7.591434271212032,-1.5261902786553474,1.7683349597301738
585,37.852191731966016,-122.27008681631533,1564012318.0,2019-07-24T16:51:58-07:00,POINT (-122.27008681631533 37.852191731966016),1.739366371771902,2909.433281454578,ios,6.065243992556685,0.24214468107482645,0.9246547811209602
586,37.852139486277764,-122.27010666636347,1564012319.0,2019-07-24T16:51:59-07:00,POINT (-122.27010666636347 37.852139486277764),1.6512520376967565,2915.486896531577,ios,6.307388673631511,1.1667994621957867,-3.6884784025317767
587,37.85208514120186,-122.27012725151816,1564012320.0,2019-07-24T16:52:00-07:00,POINT (-122.27012725151816 37.85208514120186),1.5648840669688946,2921.7822542347762,ios,7.474188135827298,-2.52167894033599,6.6390521547616625
588,37.85202071521097,-122.27015152726729,1564012321.0,2019-07-24T16:52:01-07:00,POINT (-122.27015152726729 37.85202071521097),1.4733129103268097,2929.2423009770887,ios,4.952509195491308,4.1173732144256725,-8.047653973992537
589,37.851978025585325,-122.2701676127419,1564012322.0,2019-07-24T16:52:02-07:00,POINT (-122.2701676127419 37.851978025585325),1.4404835157491902,2934.143957179228,ios,9.06988240991698,-3.9302807595668643,5.324931335340898
590,37.85189973595528,-122.27019660281361,1564012323.0,2019-07-24T16:52:03-07:00,POINT (-122.27019660281361 37.85189973595528),1.635527669856316,2943.1951618690427,ios,5.139601650350116,1.3946505757740333,-0.9358824647797972
591,37.85185537095172,-122.27021302676128,1564012324.0,2019-07-24T16:52:04-07:00,POINT (-122.27021302676128 37.85185537095172),1.3488951565752576,2948.496816401959,ios,6.534252226124149,0.4587681109942361,-2.45739123675426
592,37.85179915403581,-122.27023469991845,1564012325.0,2019-07-24T16:52:05-07:00,POINT (-122.27023469991845 37.85179915403581),1.3771858238210233,2954.858273590458,ios,6.993020337118385,-1.998623125760024,1.4227892562885565
593,37.85173907215295,-122.27025823320274,1564012326.0,2019-07-24T16:52:06-07:00,POINT (-122.27025823320274 37.85173907215295),1.5025611555423914,2961.8376379689316,ios,4.994397211358361,-0.5758338694714675,0.8014830608756158
594,37.851695996486605,-122.27027434797436,1564012327.0,2019-07-24T16:52:07-07:00,POINT (-122.27027434797436 37.851695996486605),1.4880665960211783,2966.896652216576,ios,4.418563341886894,0.2256491914041483,-1.5646878627255512
595,37.85165787825154,-122.27028856604299,1564012328.0,2019-07-24T16:52:08-07:00,POINT (-122.27028856604299 37.85165787825154),1.4137484817436208,2971.3065333361365,ios,4.644212533291042,-1.3390386713214029,-1.526398683828949
596,37.851617813378894,-122.27030351020575,1564012329.0,2019-07-24T16:52:09-07:00,POINT (-122.27030351020575 37.851617813378894),1.3356336280961105,2975.941620198836,ios,3.305173861969639,-2.865437355150352,2.865437356515175
597,37.85158930017801,-122.27031414560498,1564012330.0,2019-07-24T16:52:10-07:00,POINT (-122.27031414560498 37.85158930017801),1.280040280137803,2979.240299502046,ios,0.4397365068192872,1.3648234209462373e-09,7.375279831300929e-10
598,37.85158553660836,-122.27031568359152,1564012331.0,2019-07-24T16:52:11-07:00,POINT (-122.27031568359152 37.85158553660836),1.2613273533200322,2979.678861959982,ios,0.43973650818411064,2.1023514040763303e-09,-3.543793036797638e-10
599,37.85158177303872,-122.27031722157805,1564012332.0,2019-07-24T16:52:12-07:00,POINT (-122.27031722157805 37.85158177303872),1.2426144137047215,2980.1174244160575,ios,0.43973651028646205,1.7479721003965665e-09,1.503826008164566e-09
600,37.851578009469065,-122.27031875956456,1564012333.0,2019-07-24T16:52:13-07:00,POINT (-122.27031875956456 37.851578009469065),1.2239014627268456,2980.5559868747087,ios,0.43973651203443415,3.2517981085611325e-09,-2.2701241442213416e-09
601,37.85157424589942,-122.27032029755108,1564012334.0,2019-07-24T16:52:14-07:00,POINT (-122.27032029755108 37.85157424589942),1.205188494567225,2980.9945493326795,ios,0.43973651528623225,9.81673964339791e-10,2.2701240887101903e-09
602,37.85157048232977,-122.27032183553762,1564012335.0,2019-07-24T16:52:15-07:00,POINT (-122.27032183553762 37.85157048232977),1.186475512796729,2981.433111793831,ios,0.4397365162679062,3.2517980530499813e-09,-2.6532734898054855e-09
603,37.851566718760125,-122.27032337352414,1564012336.0,2019-07-24T16:52:16-07:00,POINT (-122.27032337352414 37.851566718760125),1.1677625163262273,2981.871674254116,ios,0.43973651951970427,5.985245632444958e-10,3.036422502322722e-09
604,37.851562955190474,-122.27032491151067,1564012337.0,2019-07-24T16:52:17-07:00,POINT (-122.27032491151067 37.851562955190474),1.1490495061324357,2982.3102367176125,ios,0.43973652011822884,3.634947065567218e-09,-2.6532735453166367e-09
605,37.85155919162083,-122.27032644949718,1564012338.0,2019-07-24T16:52:18-07:00,POINT (-122.27032644949718 37.85155919162083),1.1303364838585916,2982.7487991814664,ios,0.4397365237531759,9.81673520250581e-10,2.2701243107547953e-09
606,37.85155542805118,-122.27032798748371,1564012339.0,2019-07-24T16:52:19-07:00,POINT (-122.27032798748371 37.85155542805118),1.1116234448784608,2983.1873616459584,ios,0.4397365247348494,3.2517978310053763e-09,-2.2701245327994e-09
607,37.85155166448153,-122.27032952547023,1564012340.0,2019-07-24T16:52:20-07:00,POINT (-122.27032952547023 37.85155166448153),1.0929103918033969,2983.625924111833,ios,0.43973652798664725,9.816732982059762e-10,1.503825786119961e-09
608,37.85154790091188,-122.27033106345677,1564012341.0,2019-07-24T16:52:21-07:00,POINT (-122.27033106345677 37.85154790091188),1.0741973250050427,2984.064486580918,ios,0.43973652896832055,2.4854990843259372e-09,-3.5437797141213423e-10
609,37.85154413734224,-122.27033260144329,1564012342.0,2019-07-24T16:52:22-07:00,POINT (-122.27033260144329 37.85154413734224),1.0554842432646543,2984.5030490482377,ios,0.43973653145381963,2.131121112913803e-09,3.5437780487868054e-10
610,37.851540373772586,-122.27033413942979,1564012343.0,2019-07-24T16:52:23-07:00,POINT (-122.27033413942979 37.851540373772586),1.0367711499282715,2984.9416115177137,ios,0.43973653358494075,2.4854989177924836e-09,-7.375273169962782e-10
611,37.85153661020294,-122.27033567741633,1564012344.0,2019-07-24T16:52:24-07:00,POINT (-122.27033567741633 37.85153661020294),1.0180580398856012,2985.380173987828,ios,0.43973653607043967,1.7479716007962054e-09,7.37527039440522e-10
612,37.85153284663329,-122.27033721540285,1564012345.0,2019-07-24T16:52:25-07:00,POINT (-122.27033721540285 37.85153284663329),0.9993449162406564,2985.818736461603,ios,0.43973653781841127,2.4854986402367274e-09,-7.375269839293708e-10
613,37.851529083063646,-122.27033875338938,1564012346.0,2019-07-24T16:52:26-07:00,POINT (-122.27033875338938 37.851529083063646),0.9806317776536766,2986.2572989336127,ios,0.4397365403039099,1.7479716563073566e-09,3.5437713874486576e-10
614,37.851525319493994,-122.2703402913759,1564012347.0,2019-07-24T16:52:27-07:00,POINT (-122.2703402913759 37.851525319493994),0.9758241287004946,2986.6407454164428,ios,0.43973654205188156,2.1023487950522224e-09,-3.543772497671682e-10
615,37.85152155592435,-122.27034182936244,1564012348.0,2019-07-24T16:52:28-07:00,POINT (-122.27034182936244 37.85152155592435),0.9820694641855157,2987.079662517871,ios,0.43973654415423036,1.7479715452850542e-09,1.5038257306088099e-09
616,37.8515177923547,-122.27034336734894,1564012349.0,2019-07-24T16:52:29-07:00,POINT (-122.27034336734894 37.8515177923547),0.9883147886549893,2987.5185796234373,ios,0.4397365459022019,3.251797275893864e-09,-2.2701250323997613e-09
617,37.851514028785054,-122.27034490533546,1564012350.0,2019-07-24T16:52:30-07:00,POINT (-122.27034490533546 37.851514028785054),0.9945600960423288,2987.957496729264,ios,0.4397365491539992,9.816722434941028e-10,2.27012497688861e-09
618,37.8515102652154,-122.270346443322,1564012351.0,2019-07-24T16:52:31-07:00,POINT (-122.270346443322 37.8515102652154),1.0008053900215965,2988.39641383904,ios,0.4397365501356714,3.251797220382713e-09,-2.65327504411772e-09
619,37.85150650164576,-122.27034798130852,1564012352.0,2019-07-24T16:52:32-07:00,POINT (-122.27034798130852 37.85150650164576),1.0070506694576322,2988.835330949708,ios,0.43973655338746864,5.985221762649928e-10,3.0364247227687713e-09
620,37.85150273807611,-122.27034951929505,1564012353.0,2019-07-24T16:52:33-07:00,POINT (-122.27034951929505 37.85150273807611),1.0132959353750823,2989.2742480643615,ios,0.4397365539859908,3.634946899033764e-09,-2.6532752106511737e-09
621,37.85149897450646,-122.27035105728156,1564012354.0,2019-07-24T16:52:34-07:00,POINT (-122.27035105728156 37.85149897450646),1.0195411886309627,2989.713165177812,ios,0.4397365576209377,9.816716883825904e-10,2.2701253654666687e-09
622,37.85149521093681,-122.2703525952681,1564012355.0,2019-07-24T16:52:35-07:00,POINT (-122.2703525952681 37.85149521093681),1.0257864236190726,2990.1520822953494,ios,0.4397365586026094,3.251797053849259e-09,-1.5182126666957174e-09
623,37.85149144736717,-122.27035413325461,1564012356.0,2019-07-24T16:52:36-07:00,POINT (-122.27035413325461 37.85149144736717),1.0320316488131351,2990.590999413677,ios,0.43973656185440646,1.7335843871535417e-09,-7.519131428601611e-10
624,37.851487683797515,-122.27035567124115,1564012357.0,2019-07-24T16:52:37-07:00,POINT (-122.27035567124115 37.851487683797515),1.0382768558140776,2991.0299165355764,ios,0.43973656358799085,9.816712442933806e-10,2.6532756547403835e-09
625,37.851483920227864,-122.27035720922767,1564012358.0,2019-07-24T16:52:38-07:00,POINT (-122.27035720922767 37.851483920227864),1.0445220528745949,2991.4688336578242,ios,0.4397365645696621,3.634946899033764e-09,-2.653275765762686e-09
626,37.85148015665822,-122.27035874721417,1564012359.0,2019-07-24T16:52:39-07:00,POINT (-122.27035874721417 37.85148015665822),1.050767235574122,2991.9077507818843,ios,0.439736568204609,9.816711332710781e-10,2.2701257540447273e-09
627,37.85147639308857,-122.27036028520071,1564012360.0,2019-07-24T16:52:40-07:00,POINT (-122.27036028520071 37.85147639308857),1.0570124000805288,2992.346667909516,ios,0.4397365691862801,3.2517968873158054e-09,-2.2701260316004834e-09
628,37.85147262951892,-122.27036182318723,1564012361.0,2019-07-24T16:52:41-07:00,POINT (-122.27036182318723 37.85147262951892),1.0632575544642682,2992.785585036575,ios,0.439736572438077,9.81670855715322e-10,1.5038255640753562e-09
629,37.85146886594927,-122.27036336117376,1564012362.0,2019-07-24T16:52:42-07:00,POINT (-122.27036336117376 37.85146886594927),1.0695026910193712,2993.2245021690474,ios,0.43973657341974787,2.485496419790678e-09,-3.543752513657239e-10
630,37.85146510237963,-122.27036489916028,1564012363.0,2019-07-24T16:52:43-07:00,POINT (-122.27036489916028 37.85146510237963),1.0757478170485373,2993.6634193001,ios,0.4397365759052443,2.1311211684249542e-09,-0.0004038485997283625
631,37.851461338809976,-122.27036643714679,1564012364.0,2019-07-24T16:52:44-07:00,POINT (-122.27036643714679 37.851461338809976),1.081992929851873,2994.1023364360226,ios,0.43973657803636546,-0.0004038464686071941,3.2249766279599537
632,37.85145757524033,-122.27036797513333,1564012365.0,2019-07-24T16:52:45-07:00,POINT (-122.27036797513333 37.85145757524033),1.0882380232910644,2994.5412535719806,ios,0.43933273156775826,3.2245727814913465,-5.41869573413759
633,37.8514538151271,-122.27036951170739,1564012366.0,2019-07-24T16:52:46-07:00,POINT (-122.27036951170739 37.8514538151271),1.1438625656037815,2994.745087993718,ios,3.6639055130591047,-2.194122952646244,3.3479945694133626
634,37.85142518387722,-122.27039016596184,1564012367.0,2019-07-24T16:52:47-07:00,POINT (-122.27039016596184 37.85142518387722),1.2058087972688731,2998.404329625227,ios,1.469782560412861,1.1538716167671188,-1.1540089772704647
635,37.851413776498795,-122.27039862273911,1564012368.0,2019-07-24T16:52:48-07:00,POINT (-122.27039862273911 37.851413776498795),1.2132767668833064,2999.8724957136833,ios,2.6236541771799797,-0.00013736050334589578,4.492685765899863
636,37.85139529515256,-122.27041719989043,1564012369.0,2019-07-24T16:52:49-07:00,POINT (-122.27041719989043 37.85139529515256),0.8566533789863134,3002.4703800980374,ios,2.623516816676634,4.4925484053965175,-7.364029595976804
637,37.851376814775705,-122.27043577606737,1564012370.0,2019-07-24T16:52:50-07:00,POINT (-122.27043577606737 37.851376814775705),0.5128367411492958,3004.9543139928064,ios,7.116065222073152,-2.871481190580287,1.4357406321374584
638,37.85144538591333,-122.27057264779151,1564012372.0,2019-07-24T16:52:52-07:00,POINT (-122.27057264779151 37.85144538591333),13.455463908345598,3007.7430085828328,ios,1.3731028409125776,7.36946299539909e-08,-0.00014928042525785834
639,37.85143609728895,-122.27058295286372,1564012373.0,2019-07-24T16:52:53-07:00,POINT (-122.27058295286372 37.85143609728895),13.40184395854376,3009.1146024450954,ios,1.3731029146072076,-0.00014920673062790435,0.36386499494067537
640,37.851426808664584,-122.27059325793591,1564012374.0,2019-07-24T16:52:54-07:00,POINT (-122.27059325793591 37.851426808664584),13.348224247553235,3010.4861963868607,ios,1.3729537078765797,0.36371578821004746,-1.0212338445290194
641,37.85141752105006,-122.27060356188775,1564012375.0,2019-07-24T16:52:55-07:00,POINT (-122.27060356188775 37.85141752105006),13.29461060061991,3011.857641292881,ios,1.7366694960866271,-0.657518056318972,0.08384173045783438
642,37.85140243362435,-122.2706086748487,1564012376.0,2019-07-24T16:52:56-07:00,POINT (-122.2706086748487 37.85140243362435),12.466550289784113,3013.380474186576,ios,1.0791514397676552,-0.5736763258611376,0.5736763260129812
643,37.85139354880699,-122.27061362017157,1564012377.0,2019-07-24T16:52:57-07:00,POINT (-122.27061362017157 37.85139354880699),12.102204060818202,3014.394564018447,ios,0.5054751139065176,1.5184364876574818e-10,-8.71978045324795e-11
644,37.85138901407477,-122.27061402251381,1564012378.0,2019-07-24T16:52:58-07:00,POINT (-122.27061402251381 37.85138901407477),11.781014747309564,3014.7834741454003,ios,0.5054751140583612,6.464584423326869e-11,8.719769351017703e-11
645,37.85138447934255,-122.27061442485605,1564012379.0,2019-07-24T16:52:59-07:00,POINT (-122.27061442485605 37.85138447934255),11.459825437369325,3015.1723842756965,ios,0.505475114123007,1.5184353774344572e-10,-6.833183864929371e-05
646,37.85137994461033,-122.27061482719827,1564012380.0,2019-07-24T16:53:00-07:00,POINT (-122.27061482719827 37.85137994461033),11.138636131145908,3015.5612944088357,ios,0.5054751142748506,-6.833168680575596e-05,-0.389504030493845
647,37.85137540987811,-122.2706152295405,1564012381.0,2019-07-24T16:53:01-07:00,POINT (-122.2706152295405 37.85137540987811),10.817446829679314,3015.9502045438794,ios,0.5054067825880448,-0.3895723621806508,0.3895723659555164
648,37.85137087575891,-122.27061563182833,1564012382.0,2019-07-24T16:53:02-07:00,POINT (-122.27061563182833 37.85137087575891),10.496300951585905,3016.339062109388,ios,0.11583442040739404,3.774865628414226e-09,-5.517271528532319e-09
649,37.85137013660746,-122.27061470217394,1564012383.0,2019-07-24T16:53:03-07:00,POINT (-122.27061470217394 37.85137013660746),10.380514924272846,3016.34209686544,ios,0.11583442418225967,-1.7424059001180936e-09,2.3190293435559894e-09
650,37.851369397456,-122.27061377251951,1564012384.0,2019-07-24T16:53:04-07:00,POINT (-122.27061377251951 37.851369397456),10.264728894474395,3016.345131618525,ios,0.11583442243985377,5.766234434378958e-10,-3.1860919458281955e-10
651,37.851368658304544,-122.2706128428651,1564012385.0,2019-07-24T16:53:05-07:00,POINT (-122.2706128428651 37.851368658304544),10.148942865652478,3016.3481663712496,ios,0.11583442301647721,2.580142488550763e-10,2.395644141395259e-09
652,37.85136791915309,-122.2706119132107,1564012386.0,2019-07-24T16:53:06-07:00,POINT (-122.2706119132107 37.85136791915309),10.033156836999442,3016.3512011215794,ios,0.11583442327449146,2.6536583902503352e-09,-3.835460740675423e-09
653,37.85136718000163,-122.27061098355631,1564012387.0,2019-07-24T16:53:07-07:00,POINT (-122.27061098355631 37.85136718000163),9.917370806838592,3016.354235871135,ios,0.11583442592814985,-1.1818023504250874e-09,2.3190294129449285e-09
654,37.85136644085018,-122.27061005390188,1564012388.0,2019-07-24T16:53:08-07:00,POINT (-122.27061005390188 37.85136644085018),9.801584774192346,3016.3572706177247,ios,0.1158344247463475,1.137227062519841e-09,-2.0004202322398967e-09
655,37.851365701698725,-122.27060912424747,1564012389.0,2019-07-24T16:53:09-07:00,POINT (-122.27060912424747 37.851365701698725),9.685798743880985,3016.360305362673,ios,0.11583442588357457,-8.631931697200557e-10,4.077455401096941e-09
656,37.851364962547265,-122.27060819459307,1564012390.0,2019-07-24T16:53:10-07:00,POINT (-122.27060819459307 37.851364962547265),9.57001271142512,3016.3633401075267,ios,0.1158344250203814,3.2142622313768854e-09,-3.447095996847449e-05
657,37.85136422339581,-122.27060726493868,1564012391.0,2019-07-24T16:53:11-07:00,POINT (-122.27060726493868 37.85136422339581),9.454226680349102,3016.3663748517583,ios,0.11583442823464363,-3.4467745706243114e-05,0.03893846114771071
658,37.85136348424436,-122.27060633528424,1564012392.0,2019-07-24T16:53:12-07:00,POINT (-122.27060633528424 37.85136348424436),9.33844064546921,3016.369409587961,ios,0.11579996048893738,0.03890399340200447,-0.03890399167018642
659,37.851362745312834,-122.27060540590647,1564012393.0,2019-07-24T16:53:13-07:00,POINT (-122.27060540590647 37.851362745312834),9.222689064048938,3016.372443425469,ios,0.15470395389094185,1.7318180500769387e-09,-2.4964247058445466e-09
660,37.85136148799336,-122.27060616029814,1564012394.0,2019-07-24T16:53:14-07:00,POINT (-122.27060616029814 37.85136148799336),9.17460690921995,3016.519259609664,ios,0.1547039556227599,-7.646066557676079e-10,2.496424733600122e-09
661,37.851360230673876,-122.27060691468984,1564012395.0,2019-07-24T16:53:15-07:00,POINT (-122.27060691468984 37.851360230673876),9.126524756175163,3016.66607579553,ios,0.15470395485815325,1.7318180778325143e-09,-1.962222523355095e-09
662,37.8513589733544,-122.27060766908151,1564012396.0,2019-07-24T16:53:16-07:00,POINT (-122.27060766908151 37.8513589733544),9.078442604000452,3016.812891980297,ios,0.15470395658997133,-2.3040444552258066e-10,1.7980786304327978e-10
663,37.85135771603492,-122.2706084234732,1564012397.0,2019-07-24T16:53:17-07:00,POINT (-122.2706084234732 37.85135771603492),9.030360454502562,3016.9597081688476,ios,0.15470395635956688,-5.059658247930088e-11,-2.9284327884793182e-05
664,37.85135645871544,-122.2706091778649,1564012398.0,2019-07-24T16:53:18-07:00,POINT (-122.2706091778649 37.85135645871544),8.982278307977294,3017.1065243576304,ios,0.1547039563089703,-2.928437848137566e-05,0.14081450150111338
665,37.85135520139597,-122.27060993225658,1564012399.0,2019-07-24T16:53:19-07:00,POINT (-122.27060993225658 37.85135520139597),8.934196162407064,3017.2533405453937,ios,0.15467467193048892,0.140785217122632,-0.14078521303732158
666,37.8513539443145,-122.27061068650546,1564012400.0,2019-07-24T16:53:20-07:00,POINT (-122.27061068650546 37.8513539443145),8.886123123028018,3017.4001289446505,ios,0.2954598890531209,4.085310423285193e-09,-9.945264056732128e-10
667,37.85135233973492,-122.27061336878775,1564012401.0,2019-07-24T16:53:21-07:00,POINT (-122.27061336878775 37.85135233973492),8.934358371155229,3017.691776835328,ios,0.29545989313843135,3.0907840176119805e-09,1.989052422768367e-09
668,37.85135073515534,-122.27061605107004,1564012402.0,2019-07-24T16:53:22-07:00,POINT (-122.27061605107004 37.85135073515534),8.9825936338702,3017.9834247288236,ios,0.29545989622921537,5.0798364403803475e-09,5.551115123125783e-17
669,37.85134913057576,-122.27061873335231,1564012403.0,2019-07-24T16:53:23-07:00,POINT (-122.27061873335231 37.85134913057576),9.030828906586041,3018.2750726233926,ios,0.2954599013090518,5.079836495891499e-09,-1.989052922368728e-09
670,37.85134752599618,-122.2706214156346,1564012404.0,2019-07-24T16:53:24-07:00,POINT (-122.2706214156346 37.85134752599618),9.079064194123028,3018.56672052036,ios,0.2954599063888883,3.0907835735227707e-09,-5.6495270147449705e-05
671,37.8513459214166,-122.2706240979169,1564012405.0,2019-07-24T16:53:25-07:00,POINT (-122.2706240979169 37.8513459214166),9.127299492638466,3018.858368420593,ios,0.2954599094796719,-5.649217936387618e-05,1.760405130431729
672,37.85134431683702,-122.27062678019918,1564012406.0,2019-07-24T16:53:26-07:00,POINT (-122.27062678019918 37.85134431683702),9.17553480404243,3019.150016322052,ios,0.295403417300308,1.7603486382523652,-1.3917572356343144
673,37.851342712564254,-122.27062946196857,1564012407.0,2019-07-24T16:53:27-07:00,POINT (-122.27062946196857 37.851342712564254),9.223760902058645,3019.441608458224,ios,2.055752055552673,0.3685914026180508,-0.3942899463670746
674,37.85133487548479,-122.27065066818359,1564012408.0,2019-07-24T16:53:28-07:00,POINT (-122.27065066818359 37.85133487548479),9.843712837864684,3022.2204073976136,ios,2.424343458170724,-0.025698543749023806,0.9912277623093981
675,37.85132871478596,-122.27067715499761,1564012409.0,2019-07-24T16:53:29-07:00,POINT (-122.27067715499761 37.85132871478596),10.873479113117709,3024.4197308763974,ios,2.3986449144217,0.9655292185603743,-0.30727231857164217
676,37.85132293127277,-122.27070347417357,1564012410.0,2019-07-24T16:53:30-07:00,POINT (-122.27070347417357 37.85132293127277),11.924859364277193,3026.580300337563,ios,3.3641741329820745,0.6582568999887322,-0.6928076359474229
677,37.851312663441384,-122.27073951635721,1564012411.0,2019-07-24T16:53:31-07:00,POINT (-122.27073951635721 37.851312663441384),13.169365948143167,3029.7114394176065,ios,4.022431032970807,-0.03455073595869074,0.21152152434675386
678,37.85129560626843,-122.2707799171305,1564012412.0,2019-07-24T16:53:32-07:00,POINT (-122.2707799171305 37.85129560626843),14.195996707014132,3032.0056782056067,ios,3.987880297012116,0.17697078838806313,-0.08757275355256944
679,37.851272388396644,-122.2708145343906,1564012413.0,2019-07-24T16:53:33-07:00,POINT (-122.2708145343906 37.851272388396644),15.223784564574366,3033.0052810922175,ios,4.164851085400179,0.08939803483549369,-0.6247504637943995
680,37.85123915415057,-122.27083641115787,1564012414.0,2019-07-24T16:53:34-07:00,POINT (-122.27083641115787 37.85123915415057),14.99323632800182,3037.1584678644376,ios,4.254249120235673,-0.5353524289589058,0.3576819526253736
681,37.851201770862424,-122.27084672089877,1564012415.0,2019-07-24T16:53:35-07:00,POINT (-122.27084672089877 37.851201770862424),13.652711635611091,3041.187170555674,ios,3.718896691276767,-0.17767047633353217,-0.24638435870230646
682,37.85116832706877,-122.2708470561749,1564012416.0,2019-07-24T16:53:36-07:00,POINT (-122.2708470561749 37.85116832706877),11.959853940934956,3042.3330871731846,ios,3.5412262149432348,-0.42405483503583863,0.12913195674784772
683,37.85113655965575,-122.27084420632782,1564012417.0,2019-07-24T16:53:37-07:00,POINT (-122.27084420632782 37.85113655965575),10.860494498653175,3043.743985023486,ios,3.117171379907396,-0.2949228782879909,0.6090724179760705
684,37.85110856409916,-122.27084236230912,1564012418.0,2019-07-24T16:53:38-07:00,POINT (-122.27084236230912 37.85110856409916),10.097357420448091,3046.7593942811495,ios,2.822248501619405,0.31414953968807957,-0.0719967296373194
685,37.85108325075158,-122.27084001537624,1564012419.0,2019-07-24T16:53:39-07:00,POINT (-122.27084001537624 37.85108325075158),9.34868700591024,3049.474276175872,ios,3.136398041307485,0.24215281005076017,0.20836559661234055
686,37.851055255194986,-122.27083565678659,1564012420.0,2019-07-24T16:53:40-07:00,POINT (-122.27083565678659 37.851055255194986),8.38929699245976,3052.268368724757,ios,3.378550851358245,0.4505184066631007,1.7370176130493746
687,37.851024912705505,-122.27083364512983,1564012421.0,2019-07-24T16:53:41-07:00,POINT (-122.27083364512983 37.851024912705505),7.630778237998228,3055.5532261064645,ios,3.8290692580213457,2.1875360197124754,-3.6202119062348426
688,37.850990714540565,-122.27083875809076,1564012422.0,2019-07-24T16:53:42-07:00,POINT (-122.27083875809076 37.850990714540565),7.415329274618582,3059.3681716876963,ios,6.016605277733821,-1.4326758865223672,1.4700348865671398
689,37.85093987829783,-122.27086222741964,1564012423.0,2019-07-24T16:53:43-07:00,POINT (-122.27086222741964 37.85093987829783),8.993886820054422,3063.7545758792103,ios,4.583929391211454,0.03735900004477255,0.4658069602761481
690,37.850901489181304,-122.27088125433984,1564012424.0,2019-07-24T16:53:44-07:00,POINT (-122.27088125433984 37.850901489181304),10.667865586222801,3068.0140338873057,ios,4.621288391256226,0.5031659603209206,-0.2509305005678817
691,37.85086066931286,-122.27089114498558,1564012425.0,2019-07-24T16:53:45-07:00,POINT (-122.27089114498558 37.85086066931286),11.538043527087428,3072.543196473592,ios,5.124454351577147,0.25223545975303896,-0.04095010936433141
692,37.85081465266445,-122.27088795986238,1564012426.0,2019-07-24T16:53:46-07:00,POINT (-122.27088795986238 37.85081465266445),11.25782563783666,3077.64896889651,ios,5.376689811330186,0.21128535038870755,-0.6966373446430474
693,37.85076658244976,-122.27089458156588,1564012427.0,2019-07-24T16:53:47-07:00,POINT (-122.27089458156588 37.85076658244976),11.634875452099687,3084.832461649811,ios,5.5879751617188935,-0.48535199425433984,1.0096732811404756
694,37.850716332940245,-122.2708954197562,1564012428.0,2019-07-24T16:53:48-07:00,POINT (-122.2708954197562 37.850716332940245),10.834444184739182,3090.3506270378816,ios,5.102623167464554,0.5243212868861358,-2.4863444973081537
695,37.85067249558666,-122.2709126026577,1564012429.0,2019-07-24T16:53:49-07:00,POINT (-122.2709126026577 37.85067249558666),11.497482581692287,3095.8344378860966,ios,5.6269444543506895,-1.9620232104220179,3.3689656116971918
696,37.85062249753424,-122.27092249330344,1564012430.0,2019-07-24T16:53:50-07:00,POINT (-122.27092249330344 37.85062249753424),11.2723440682619,3101.4452828965705,ios,3.6649212439286716,1.406942401275174,-1.2934790886682759
697,37.850590143388,-122.27093045611146,1564012431.0,2019-07-24T16:53:51-07:00,POINT (-122.27093045611146 37.850590143388),10.872254772041826,3106.5645535218296,ios,5.0718636452038455,0.11346331260689801,0.47248842594257123
698,37.85054550975361,-122.27094235841396,1564012432.0,2019-07-24T16:53:52-07:00,POINT (-122.27094235841396 37.85054550975361),10.282493213283335,3111.0897278777143,ios,5.1853269578107435,0.5859517385494692,0.48006495031254737
699,37.850499702652776,-122.27095342252615,1564012433.0,2019-07-24T16:53:53-07:00,POINT (-122.27095342252615 37.850499702652776),9.827277461142062,3116.2285430365664,ios,5.771278696360213,1.0660166888620166,-1.7966054930606274
700,37.85044920168617,-122.27096859377089,1564012434.0,2019-07-24T16:53:54-07:00,POINT (-122.27096859377089 37.85044920168617),9.577034897499372,3121.9832158272275,ios,6.837295385222229,-0.7305888041986108,0.6917130369888609
701,37.850387720426404,-122.27096985105636,1564012435.0,2019-07-24T16:53:55-07:00,POINT (-122.27096985105636 37.850387720426404),7.815877840000936,3128.574528900136,ios,6.1067065810236185,-0.038875767209749945,-0.6089697468026909
702,37.85033910538801,-122.2710022052026,1564012436.0,2019-07-24T16:53:56-07:00,POINT (-122.2710022052026 37.85033910538801),9.076920179579695,3134.541811697101,ios,6.067830813813869,-0.6478455140124408,0.4139376900919087
703,37.85028889778801,-122.27102927874985,1564012437.0,2019-07-24T16:53:57-07:00,POINT (-122.27102927874985 37.85028889778801),9.842753237450758,3140.5518575782194,ios,5.419985299801428,-0.2339078239205321,1.2297396176181765
704,37.85024204294928,-122.27104629401329,1564012438.0,2019-07-24T16:53:58-07:00,POINT (-122.27104629401329 37.85024204294928),9.859311987040295,3145.961846435187,ios,5.186077475880896,0.9958317936976444,0.421120967109343
705,37.85019686449119,-122.27106096234384,1564012439.0,2019-07-24T16:53:59-07:00,POINT (-122.27106096234384 37.85019686449119),9.728199141058731,3151.1364106406,ios,6.18190926957854,1.4169527608069874,-4.117006601496566
706,37.85014204684445,-122.2710492276794,1564012440.0,2019-07-24T16:54:00-07:00,POINT (-122.2710492276794 37.85014204684445),7.062314430990444,3156.7864889051157,ios,7.598862030385527,-2.700053840689579,3.5107836084207493
707,37.850088828500404,-122.27110352091846,1564012441.0,2019-07-24T16:54:01-07:00,POINT (-122.27110352091846 37.850088828500404),9.957932040685973,3163.807856663563,ios,4.898808189695949,0.8107297677311704,-0.7278948870296054
708,37.850046720655804,-122.27111992913161,1564012442.0,2019-07-24T16:54:02-07:00,POINT (-122.27111992913161 37.850046720655804),10.010031737918034,3168.6975910393608,ios,5.709537957427119,0.08283488070156508,0.8755305060341749
709,37.84999764416314,-122.27113905282603,1564012443.0,2019-07-24T16:54:03-07:00,POINT (-122.27113905282603 37.84999764416314),10.070755821119157,3174.3965534353797,ios,5.792372838128684,0.95836538673574,-1.5048451870173691
710,37.849947855663835,-122.27115845396891,1564012444.0,2019-07-24T16:54:04-07:00,POINT (-122.27115845396891 37.849947855663835),10.132363244124242,3180.17819719504,ios,6.750738224864424,-0.5464798002816291,0.8771313768373981
711,37.849890044925594,-122.27113497454884,1564012445.0,2019-07-24T16:54:05-07:00,POINT (-122.27113497454884 37.849890044925594),6.324107002579144,3185.737758637833,ios,6.204258424582795,0.33065157655576893,-0.9319905437290776
712,37.84983837049254,-122.27116162900093,1564012446.0,2019-07-24T16:54:06-07:00,POINT (-122.27116162900093 37.84983837049254),6.937756826777555,3191.901860727898,ios,6.534910001138564,-0.6013389671733087,-0.08154210400622741
713,37.84978367857435,-122.27118887018624,1564012447.0,2019-07-24T16:54:07-07:00,POINT (-122.27118887018624 37.84978367857435),7.4086193816640575,3198.536678099611,ios,5.933571033965255,-0.6828810711795361,2.95778239733197
714,37.84973062112727,-122.27119607862296,1564012448.0,2019-07-24T16:54:08-07:00,POINT (-122.27119607862296 37.84973062112727),6.330042051614502,3204.226124209151,ios,5.250689962785719,2.274901326152434,-2.9899974890795455
715,37.849683559887545,-122.27120098735882,1564012449.0,2019-07-24T16:54:09-07:00,POINT (-122.27120098735882 37.849683559887545),5.255728817536448,3209.3543083038508,ios,7.525591288938153,-0.7150961629271118,-4.306437732721691
716,37.84961800367343,-122.27122228690688,1564012450.0,2019-07-24T16:54:10-07:00,POINT (-122.27122228690688 37.84961800367343),4.978785881867815,3216.8604970872384,ios,6.810495126011041,-5.021533895648803,14.008807251477347
717,37.849560394303765,-122.27124862456641,1564012451.0,2019-07-24T16:54:11-07:00,POINT (-122.27124862456641 37.849560394303765),5.564837371885204,3223.4802972448624,ios,1.7889612303622384,8.987273355828544,-9.373274858200233
718,37.84954500711586,-122.2712545747079,1564012452.0,2019-07-24T16:54:12-07:00,POINT (-122.2712545747079 37.84954500711586),5.56881700752056,3225.6047938262423,ios,10.776234586190782,-0.3860015023716885,-0.9933993141173381
719,37.8493550535387,-122.27130339627247,1564012454.0,2019-07-24T16:54:14-07:00,POINT (-122.27130339627247 37.8493550535387),3.0354143411844468,3246.964598475108,ios,10.004231581447405,-2.3728001306063646,1.2725798051294985
720,37.849267311429465,-122.2713285965121,1564012455.0,2019-07-24T16:54:15-07:00,POINT (-122.2713285965121 37.849267311429465),2.0864977473202546,3256.904092738251,ios,7.63143145084104,-1.100220325476866,3.4898971345589764
721,37.84920997921177,-122.27137637336018,1564012456.0,2019-07-24T16:54:16-07:00,POINT (-122.27137637336018 37.84920997921177),4.082139704877463,3264.2629316785287,ios,6.531211125364174,2.3896768090821103,-3.067096238317233
722,37.84915524538406,-122.2714033630884,1564012457.0,2019-07-24T16:54:17-07:00,POINT (-122.2714033630884 37.84915524538406),4.39453781642471,3270.811739301451,ios,8.920887934446284,-0.6774194292351225,-0.9898370456032337
723,37.84908031116971,-122.27143965672913,1564012458.0,2019-07-24T16:54:18-07:00,POINT (-122.27143965672913 37.84908031116971),4.97592789870734,3279.483594076974,ios,8.243468505211162,-1.6672564748383563,1.969888946879526
724,37.84900961070984,-122.27146790338588,1564012459.0,2019-07-24T16:54:19-07:00,POINT (-122.27146790338588 37.84900961070984),5.183917252853356,3287.788917634298,ios,6.5762120303728056,0.3026324720411697,0.8771622277802615
725,37.8489521099607,-122.27148542192045,1564012460.0,2019-07-24T16:54:20-07:00,POINT (-122.27148542192045 37.8489521099607),4.797047812540671,3294.3410307673153,ios,6.878844502413975,1.1797946998214313,-1.5082804717565068
726,37.84889410719075,-122.27151266310575,1564012461.0,2019-07-24T16:54:21-07:00,POINT (-122.27151266310575 37.84889410719075),5.212140511440634,3301.195960194173,ios,8.058639202235407,-0.32848577193507555,-5.919581587383644
727,37.848826590960705,-122.27154602308038,1564012462.0,2019-07-24T16:54:22-07:00,POINT (-122.27154602308038 37.848826590960705),5.7216283625203275,3309.463964295633,ios,7.730153430300331,-6.2480673593187195,18.721642816883833
728,37.84875857181647,-122.27156421181026,1564012463.0,2019-07-24T16:54:23-07:00,POINT (-122.27156421181026 37.84875857181647),4.722393909378776,3317.113828460049,ios,1.482086070981611,12.473575457565113,-19.615658178271914
729,37.84874593115114,-122.27156956505361,1564012464.0,2019-07-24T16:54:24-07:00,POINT (-122.27156956505361 37.84874593115114),4.700419654713407,3318.593177442117,ios,13.955661528546724,-7.142082720706801,7.787729750296395
730,37.84862650964614,-122.27161845453959,1564012465.0,2019-07-24T16:54:25-07:00,POINT (-122.27161845453959 37.84862650964614),5.345868108069999,3331.877727285088,ios,6.813578807839923,0.6456470295895942,-0.31653047143210156
731,37.84856735078844,-122.27163867650587,1564012466.0,2019-07-24T16:54:26-07:00,POINT (-122.27163867650587 37.84856735078844),5.715388564940337,3338.668491540154,ios,7.459225837429517,0.32911655815749263,-4.359068235177459
732,37.848501477194056,-122.27165473152657,1564012467.0,2019-07-24T16:54:27-07:00,POINT (-122.27165473152657 37.848501477194056),5.570825447038826,3346.11132655693,ios,7.7883423955870095,-4.029951677019966,10.345518539188934
733,37.848433035653585,-122.27167358659399,1564012468.0,2019-07-24T16:54:28-07:00,POINT (-122.27167358659399 37.848433035653585),5.607702657779162,3353.8842429280367,ios,3.7583907185670435,6.315566862168967,-6.31611676804346
734,37.84839925546241,-122.27167212061302,1564012469.0,2019-07-24T16:54:29-07:00,POINT (-122.27167212061302 37.84839925546241),4.69903486956788,3357.5227902492593,ios,10.07395758073601,-0.0005499058744931062,-2.554204282621251
735,37.84830906528549,-122.27168298504532,1564012470.0,2019-07-24T16:54:30-07:00,POINT (-122.27168298504532 37.84830906528549),4.022256185217658,3367.3253303776564,ios,10.073407674861517,-2.5547541884957443,2.472582360428884
736,37.84821888003276,-122.27169384888444,1564012471.0,2019-07-24T16:54:31-07:00,POINT (-122.27169384888444 37.84821888003276),3.353315803449821,3377.355083069977,ios,7.518653486365773,-0.08217182806686019,0.14973172582489802
737,37.848152266850555,-122.27170854818287,1564012472.0,2019-07-24T16:54:32-07:00,POINT (-122.27170854818287 37.848152266850555),3.4388290813372984,3384.857944970313,ios,7.436481658298913,0.06755989775803783,-0.45968454443447637
738,37.848086594639206,-122.27172455761793,1564012473.0,2019-07-24T16:54:33-07:00,POINT (-122.27172455761793 37.848086594639206),3.6549300021044915,3392.276338322908,ios,7.504041556056951,-0.39212464667643854,1.1453551933499426
739,37.84802318554171,-122.27175381046,1564012474.0,2019-07-24T16:54:34-07:00,POINT (-122.27175381046 37.84802318554171),5.061458200733057,3399.634647645541,ios,7.111916909380512,0.7532305466735041,-0.7589752683754236
740,37.847960740363085,-122.27177132863763,1564012475.0,2019-07-24T16:54:35-07:00,POINT (-122.27177132863763 37.847960740363085),5.466264895382212,3406.7210523585595,ios,7.865147456054016,-0.005744721701919531,-0.45615978612453745
741,37.847890625743055,-122.2717831471211,1564012476.0,2019-07-24T16:54:36-07:00,POINT (-122.2717831471211 37.847890625743055),5.2390424648745215,3414.566501533833,ios,7.859402734352097,-0.461904507826457,0.0910804100428475
742,37.8478203056182,-122.27177410970786,1564012477.0,2019-07-24T16:54:37-07:00,POINT (-122.27177410970786 37.8478203056182),3.1971607805962767,3422.13880152277,ios,7.39749822652564,-0.3708240977836095,0.11147302214169486
743,37.8477551741878,-122.27179127756717,1564012478.0,2019-07-24T16:54:38-07:00,POINT (-122.27179127756717 37.8477551741878),3.523531279447519,3429.5143987940855,ios,7.02667412874203,-0.2593510756419146,-0.7022381943601168
744,37.84769691996076,-122.27182229060891,1564012479.0,2019-07-24T16:54:39-07:00,POINT (-122.27182229060891 37.84769691996076),5.202306474113098,3436.2713264720046,ios,6.767323053100116,-0.9615892700020314,0.4879131004936248
745,37.84763610925325,-122.27182539191308,1564012480.0,2019-07-24T16:54:40-07:00,POINT (-122.27182539191308 37.84763610925325),4.464432925019692,3442.983647245481,ios,5.805733783098084,-0.47367616950840663,-0.08792846014743727
746,37.84758581783422,-122.2718431615478,1564012481.0,2019-07-24T16:54:41-07:00,POINT (-122.2718431615478 37.84758581783422),5.176964306293704,3448.73463337145,ios,5.332057613589678,-0.5616046296558439,0.03197339616481809
747,37.8475379152576,-122.27184592757585,1564012482.0,2019-07-24T16:54:42-07:00,POINT (-122.27184592757585 37.8475379152576),4.6238212844400435,3454.026391925665,ios,4.770452983933834,-0.5296312334910258,0.5293987342004076
748,37.84749507256507,-122.27184877647217,1564012483.0,2019-07-24T16:54:43-07:00,POINT (-122.27184877647217 37.84749507256507),4.182886740962208,3458.6868945979004,ios,4.240821750442808,-0.0002324992906181933,-0.33153512386046646
749,37.84745739086559,-122.27184132257813,1564012484.0,2019-07-24T16:54:44-07:00,POINT (-122.27184132257813 37.84745739086559),2.9849264630225054,3462.7458922974306,ios,4.24058925115219,-0.33176762315108466,-0.6353136925605405
750,37.84741971123244,-122.27183386909284,1564012485.0,2019-07-24T16:54:45-07:00,POINT (-122.27183386909284 37.84741971123244),1.787031254669985,3466.8046672663218,ios,3.908821628001105,-0.9670813157116251,1.0284330272106788
751,37.84738457873639,-122.27183538480234,1564012486.0,2019-07-24T16:54:46-07:00,POINT (-122.27183538480234 37.84738457873639),1.4085019551534665,3470.6866555674783,ios,2.94174031228948,0.06135171149905361,-1.0421375542066884
752,37.847358138213636,-122.2718365197198,1564012487.0,2019-07-24T16:54:47-07:00,POINT (-122.2718365197198 37.847358138213636),1.6406594611705505,3473.316142740627,ios,3.0030920237885335,-0.9807858427076348,0.45505847058885895
753,37.847331158521136,-122.27183496931882,1564012488.0,2019-07-24T16:54:48-07:00,POINT (-122.27183496931882 37.847331158521136),1.7413112468827057,3476.3110847286894,ios,2.0223061810808987,-0.5257273721187758,1.0861819224355518
754,37.84731299273281,-122.27183385631851,1564012489.0,2019-07-24T16:54:49-07:00,POINT (-122.27183385631851 37.84731299273281),1.803021235630472,3478.3280998319324,ios,1.4965788089621228,0.5604545503167759,-0.5605604791871539
755,37.84729954940059,-122.27183303265856,1564012490.0,2019-07-24T16:54:50-07:00,POINT (-122.27183303265856 37.84729954940059),1.8486888069574643,3479.8207630513307,ios,2.0570333592788987,-0.00010592887037796928,1.1230142789868993
756,37.84728115168244,-122.27183058039549,1564012491.0,2019-07-24T16:54:51-07:00,POINT (-122.27183058039549 37.84728115168244),1.7949685929843127,3481.8727459022534,ios,2.0569274304085208,1.1229083501165213,6.249304294779751
757,37.847262754911746,-122.27182812825869,1564012492.0,2019-07-24T16:54:52-07:00,POINT (-122.27182812825869 37.847262754911746),2.1879341365939946,3483.3341192207386,ios,3.179835780525042,7.372212644896273,-10.493282079978048
758,37.847234371419106,-122.27183254482163,1564012493.0,2019-07-24T16:54:53-07:00,POINT (-122.27183254482163 37.847234371419106),3.2734778496630987,3486.890419547832,ios,10.552048425421315,-3.1210694350817754,1.967589658545914
759,37.8471692896838,-122.27192000586261,1564012494.0,2019-07-24T16:54:54-07:00,POINT (-122.27192000586261 37.8471692896838),0.2541298043378878,3503.2149221234636,ios,7.43097899033954,-1.1534797765358613,0.9929030210158771
760,37.847129561044525,-122.27198805755812,1564012495.0,2019-07-24T16:54:55-07:00,POINT (-122.27198805755812 37.847129561044525),0.55995833091008,3510.645588725123,ios,6.2774992138036785,-0.16057675551998418,0.4171516141974463
761,37.84709599932648,-122.27204554585519,1564012496.0,2019-07-24T16:54:56-07:00,POINT (-122.27204554585519 37.84709599932648),0.799215226876357,3516.922005853847,ios,6.116922458283694,0.2565748586774621,0.12997573006698904
762,37.847063296117724,-122.27210156360069,1564012497.0,2019-07-24T16:54:57-07:00,POINT (-122.27210156360069 37.847063296117724),1.0323469168371244,3523.037874038634,ios,6.373497316961156,0.38655058874445114,0.46119282137684436
763,37.84702922117994,-122.27215993099843,1564012498.0,2019-07-24T16:54:58-07:00,POINT (-122.27215993099843 37.84702922117994),1.2752634258126492,3529.410270637059,ios,6.7600479057056075,0.8477434101212955,-1.3858553316448825
764,37.84699307961912,-122.27222183834125,1564012499.0,2019-07-24T16:54:59-07:00,POINT (-122.27222183834125 37.84699307961912),1.532907183510812,3536.169153247079,ios,7.607791315826903,-0.538111921523587,-0.6242299751048916
765,37.84694975047322,-122.27228889287609,1564012500.0,2019-07-24T16:55:00-07:00,POINT (-122.27228889287609 37.84694975047322),1.0946850799647085,3544.0162231919035,ios,7.069679394303316,-1.1623418966284786,2.8982578296089274
766,37.84690768246022,-122.27234926333931,1564012501.0,2019-07-24T16:55:01-07:00,POINT (-122.27234926333931 37.84690768246022),0.83593557872311,3551.0825811210843,ios,5.907337497674837,1.7359159329804488,-0.7729045493406881
767,37.8468693744872,-122.27239587686618,1564012502.0,2019-07-24T16:55:02-07:00,POINT (-122.27239587686618 37.8468693744872),0.14429690770397607,3557.0932530449077,ios,7.643253430655286,0.9630113836397607,-3.9146924792522793
768,37.8468156332243,-122.27245014985574,1564012503.0,2019-07-24T16:55:03-07:00,POINT (-122.27245014985574 37.8468156332243),0.14668472562787566,3564.7269311967034,ios,8.606264814295047,-2.9516810956125186,6.588977061690942
769,37.84675512085155,-122.27251126094986,1564012504.0,2019-07-24T16:55:04-07:00,POINT (-122.27251126094986 37.84675512085155),0.43995954153368166,3573.3376396129815,ios,5.654583718682528,3.6372959660784234,-4.6826285495795625
770,37.84671536235065,-122.2725514128292,1564012505.0,2019-07-24T16:55:05-07:00,POINT (-122.2725514128292 37.84671536235065),0.517139941001703,3578.9649036981314,ios,9.291879684760952,-1.0453325835011391,-4.772802730272229
771,37.846645688297556,-122.27260983719124,1564012506.0,2019-07-24T16:55:06-07:00,POINT (-122.27260983719124 37.846645688297556),0.19855504310888808,3588.243141701081,ios,8.246547101259813,-5.818135313773368,16.517717249930577
772,37.8465838500825,-122.27266168407833,1564012507.0,2019-07-24T16:55:07-07:00,POINT (-122.27266168407833 37.8465838500825),0.08468046376848991,3596.4775628652824,ios,2.4284117874864446,10.69958193615721,-15.524183151263918
773,37.84656564020343,-122.27267695174969,1564012508.0,2019-07-24T16:55:08-07:00,POINT (-122.27267695174969 37.84656564020343),0.16808507442351195,3598.902403883235,ios,13.127993723643655,-4.824601215106707,-0.37416770582802705
774,37.84646843486336,-122.27276180783186,1564012509.0,2019-07-24T16:55:09-07:00,POINT (-122.27276180783186 37.84646843486336),0.37313751045798854,3612.018199831118,ios,8.303392508536948,-5.198768920934734,14.930569610264971
775,37.846406985702714,-122.27281553894416,1564012510.0,2019-07-24T16:55:10-07:00,POINT (-122.27281553894416 37.846406985702714),0.4964105776704328,3620.314000206337,ios,3.104623587602214,9.731800689330237,-14.714060438488819
776,37.84638400997586,-122.27283562890712,1564012511.0,2019-07-24T16:55:11-07:00,POINT (-122.27283562890712 37.84638400997586),0.5425000675887951,3623.4157851101363,ios,12.836424276932451,-4.982259749158582,4.7476058730472595
777,37.84628943629002,-122.27291946199587,1564012512.0,2019-07-24T16:55:12-07:00,POINT (-122.27291946199587 37.84628943629002),0.6413120386068952,3636.2443682907865,ios,7.854164527773869,-0.23465387611132282,0.052248315643995014
778,37.84623157049616,-122.27297075755747,1564012513.0,2019-07-24T16:55:13-07:00,POINT (-122.27297075755747 37.84623157049616),0.6756975494412942,3644.0923404055857,ios,7.619510651662546,-0.1824055604673278,1.4005317583078778
779,37.84617543353608,-122.2730205205816,1564012514.0,2019-07-24T16:55:14-07:00,POINT (-122.2730205205816 37.84617543353608),0.7090487567108207,3651.7058435810923,ios,7.437105091195218,1.21812619784055,-1.2269579137695361
780,37.846120640467674,-122.27306909230298,1564012515.0,2019-07-24T16:55:15-07:00,POINT (-122.27306909230298 37.846120640467674),0.7415949244357642,3659.137084946944,ios,8.655231289035768,-0.008831715928986128,1.7140546415912663
781,37.84605909422504,-122.27312943922915,1564012516.0,2019-07-24T16:55:16-07:00,POINT (-122.27312943922915 37.84605909422504),0.7017671782918704,3667.7657788195097,ios,8.646399573106782,1.7052229256622802,-3.075262965219535
782,37.84599739549183,-122.27318937075249,1564012517.0,2019-07-24T16:55:17-07:00,POINT (-122.27318937075249 37.84599739549183),0.6195841506380211,3676.406560782855,ios,10.351622498769062,-1.3700400395572547,1.8550052520260252
783,37.845923528702315,-122.27326112180783,1564012518.0,2019-07-24T16:55:18-07:00,POINT (-122.27326112180783 37.845923528702315),0.5211811216763812,3686.751457499936,ios,8.981582459211808,0.48496521246877045,-2.975179471553001
784,37.845860333859754,-122.27332482797696,1564012519.0,2019-07-24T16:55:19-07:00,POINT (-122.27332482797696 37.845860333859754),0.2739955632072129,3695.7248648034006,ios,9.466547671680578,-2.4902142590842304,0.08828651503323659
785,37.84579418062945,-122.2733926896458,1564012520.0,2019-07-24T16:55:20-07:00,POINT (-122.2733926896458 37.84579418062945),0.0671433280622701,3705.1805618543644,ios,6.976333412596348,-2.401927744050994,9.479383613053145
786,37.84574542929322,-122.2734427000084,1564012521.0,2019-07-24T16:55:21-07:00,POINT (-122.2734427000084 37.84574542929322),0.31855137671739703,3712.1488985934216,ios,4.574405668545354,7.07745586900215,-12.10713592149742
787,37.84571346288231,-122.273475491967,1564012522.0,2019-07-24T16:55:22-07:00,POINT (-122.273475491967 37.84571346288231),0.4834037829210969,3716.7180606529764,ios,11.651861537547504,-5.029680052495269,6.4228470049847335
788,37.84563219920598,-122.27355926973603,1564012523.0,2019-07-24T16:55:23-07:00,POINT (-122.27355926973603 37.84563219920598),0.49557333052434843,3728.4076174535207,ios,6.622181485052234,1.393166952489464,-1.1496008044875055
789,37.84558601419539,-122.27360688387797,1564012524.0,2019-07-24T16:55:24-07:00,POINT (-122.27360688387797 37.84558601419539),0.2684393643754405,3735.022679507109,ios,8.015348437541698,0.24356614800195864,0.8733904795695402
790,37.8455307640632,-122.27366551344069,1564012525.0,2019-07-24T16:55:25-07:00,POINT (-122.27366551344069 37.8455307640632),0.10721778704967212,3743.0329751724175,ios,8.258914585543657,1.1169566275714988,-2.8109276836992434
791,37.845475281484326,-122.27372804548868,1564012526.0,2019-07-24T16:55:26-07:00,POINT (-122.27372804548868 37.845475281484326),0.18722468732656478,3751.2889883509097,ios,9.375871213115156,-1.6939710561277446,1.6899935673916886
792,37.845413180146,-122.27380027382976,1564012527.0,2019-07-24T16:55:27-07:00,POINT (-122.27380027382976 37.845413180146),0.4247762329598514,3760.659607350317,ios,7.681900156987411,-0.003977488736055967,0.6181590610646497
793,37.84536311401453,-122.27386055699448,1564012528.0,2019-07-24T16:55:28-07:00,POINT (-122.27386055699448 37.84536311401453),0.7521182488461109,3768.3332475219236,ios,7.677922668251355,0.6141815723285937,-1.037005830391526
794,37.84531307382214,-122.27392080892672,1564012529.0,2019-07-24T16:55:29-07:00,POINT (-122.27392080892672 37.84531307382214),1.0792984094816744,3776.002914058311,ios,8.292104240579949,-0.4228242580629322,0.3572554849319429
795,37.84526014136132,-122.27398732841765,1564012530.0,2019-07-24T16:55:30-07:00,POINT (-122.27398732841765 37.84526014136132),0.9417437196234238,3784.4221022489364,ios,7.869279982517017,-0.0655687731309893,0.8280805832101885
796,37.845209909387556,-122.27405045774027,1564012531.0,2019-07-24T16:55:31-07:00,POINT (-122.27405045774027 37.845209909387556),0.5542125643768745,3792.2812266227847,ios,7.8037112093860275,0.7625118100791992,-2.165441057209965
797,37.84516031183136,-122.27411333527085,1564012532.0,2019-07-24T16:55:32-07:00,POINT (-122.27411333527085 37.84516031183136),0.20387115120205923,3800.0766099014386,ios,8.566223019465227,-1.402929247130766,1.364007897345095
798,37.84510653762857,-122.27418319333573,1564012533.0,2019-07-24T16:55:33-07:00,POINT (-122.27418319333573 37.84510653762857),0.07619963868698011,3808.6381874701206,ios,7.163293772334461,-0.038921349785670856,-0.7681010177871892
799,37.84506157028663,-122.27424161040803,1564012534.0,2019-07-24T16:55:34-07:00,POINT (-122.27424161040803 37.84506157028663),0.31039456404458526,3815.7975967459993,ios,7.12437242254879,-0.80702236757286,2.047056389504519
800,37.8450177235472,-122.27430077143923,1564012535.0,2019-07-24T16:55:35-07:00,POINT (-122.27430077143923 37.8450177235472),0.4085504209311078,3822.9218029269578,ios,6.31735005497593,1.2400340219316588,-1.5278899794038772
801,37.84497910749815,-122.2743535425545,1564012536.0,2019-07-24T16:55:36-07:00,POINT (-122.2743535425545 37.84497910749815),0.45547237078711983,3829.2395986454953,ios,7.557384076907589,-0.28785595747221837,0.16301254631157747
802,37.844932911510696,-122.27441667210398,1564012537.0,2019-07-24T16:55:37-07:00,POINT (-122.27441667210398 37.844932911510696),0.49571488467670166,3836.7986261445326,ios,7.26952811943537,-0.1248434111606409,-0.5736190624514883
803,37.84488878973393,-122.2744777638547,1564012538.0,2019-07-24T16:55:38-07:00,POINT (-122.2744777638547 37.84488878973393),0.48612868622341326,3844.069059805328,ios,7.144684708274729,-0.6984624736121292,0.07539295084845854
804,37.8448460611512,-122.27453853260788,1564012539.0,2019-07-24T16:55:39-07:00,POINT (-122.27453853260788 37.8448460611512),0.38155035007806803,3851.2142723024995,ios,6.4462222346626,-0.6230695227636707,-1.9593995398270447
805,37.844807509715196,-122.27459336060708,1564012540.0,2019-07-24T16:55:40-07:00,POINT (-122.27459336060708 37.844807509715196),0.2871897496950132,3857.6609705716273,ios,5.8231527118989295,-2.5824690625907154,5.324395156618937
806,37.844772684537176,-122.27464288910797,1564012541.0,2019-07-24T16:55:41-07:00,POINT (-122.27464288910797 37.844772684537176),0.20194497940153022,3863.4845531791266,ios,3.240683649308214,2.741926094028222,-4.332415037750088
807,37.844753765421274,-122.27467096222212,1564012542.0,2019-07-24T16:55:42-07:00,POINT (-122.27467096222212 37.844753765421274),0.30095246285324706,3866.7078706948564,ios,5.982609743336436,-1.5904889437218657,1.535327339286587
808,37.844719357640244,-122.27472334129205,1564012543.0,2019-07-24T16:55:43-07:00,POINT (-122.27472334129205 37.844719357640244),0.5117364888770941,3872.688683476266,ios,4.39212079961457,-0.05516160443527873,0.9834006354889464
809,37.84469409724368,-122.27476179527072,1564012544.0,2019-07-24T16:55:44-07:00,POINT (-122.27476179527072 37.84469409724368),0.6664801134231736,3877.079485109665,ios,4.336959195179292,0.9282390310536677,-1.4301115836476894
810,37.844669154102995,-122.27479976628986,1564012545.0,2019-07-24T16:55:45-07:00,POINT (-122.27479976628986 37.844669154102995),0.8192777501141512,3881.415141762878,ios,5.265198226232959,-0.5018725525940217,1.0740909322814387
811,37.84463887239057,-122.27484586423297,1564012546.0,2019-07-24T16:55:46-07:00,POINT (-122.27484586423297 37.84463887239057),0.8709153785427654,3886.727777398669,ios,4.7633256736389376,0.572218379687417,-1.2697072794787596
812,37.84461147710198,-122.27488756816429,1564012547.0,2019-07-24T16:55:47-07:00,POINT (-122.27488756816429 37.84461147710198),0.7897776456184288,3891.4919377633123,ios,5.3355440533263545,-0.6974888997913427,-0.15241105395259158
813,37.84458079082413,-122.27493428197859,1564012548.0,2019-07-24T16:55:48-07:00,POINT (-122.27493428197859 37.84458079082413),0.6988892436143196,3896.828416670923,ios,4.638055153535012,-0.8498999537439342,0.19760395862689029
814,37.844554544255374,-122.27497533417467,1564012549.0,2019-07-24T16:55:49-07:00,POINT (-122.27497533417467 37.844554544255374),0.5583189205599719,3901.4660805508547,ios,3.7881551997910776,-0.652295995117044,0.2599120951626164
815,37.84453352851014,-122.27500928873413,1564012550.0,2019-07-24T16:55:50-07:00,POINT (-122.27500928873413 37.84453352851014),0.38368211680554615,3905.251874615386,ios,3.1358592046740337,-0.3923838999544276,-2.3281580565728257
816,37.844516131544076,-122.275037396532,1564012551.0,2019-07-24T16:55:51-07:00,POINT (-122.275037396532 37.844516131544076),0.2391151954182247,3908.3857791730434,ios,2.743475304719606,-2.7205419565272533,2.8357703653594104
817,37.84450091142826,-122.27506198725298,1564012552.0,2019-07-24T16:55:52-07:00,POINT (-122.27506198725298 37.84450091142826),0.11263657414317624,3911.127544348323,ios,0.022933348192352758,0.11522840883215706,0.024176292249353425
818,37.84449734903088,-122.27506774292011,1564012580.0,2019-07-24T16:56:20-07:00,POINT (-122.27506774292011 37.84449734903088),0.08303303106799761,3911.769277818093,ios,3.2493287954927506,0.792164591814053,-2.428327366824396
819,37.84447932256929,-122.2750968677765,1564012581.0,2019-07-24T16:56:21-07:00,POINT (-122.2750968677765 37.84447932256929),0.011771276315990509,3915.017718709196,ios,4.0414933873068035,-1.6361627750103431,6.825407063452815
820,37.84445690138095,-122.2751330930716,1564012582.0,2019-07-24T16:56:22-07:00,POINT (-122.2751330930716 37.84445690138095),0.00736676684121202,3919.0609427182676,ios,2.4053306122964604,5.189244288442472,-5.189244275567738
821,37.84444355721398,-122.27515465287384,1564012583.0,2019-07-24T16:56:23-07:00,POINT (-122.27515465287384 37.84444355721398),0.018757980743939712,3921.467303308344,ios,7.594574900738933,1.2874734167667157e-08,-0.0006192564802605105
822,37.84437531631415,-122.27515823957633,1564012584.0,2019-07-24T16:56:24-07:00,POINT (-122.27515823957633 37.84437531631415),6.153560126199395,3925.7779376535404,ios,7.594574913613667,-0.0006192436055263428,2.9444203310732844
823,37.844307075414314,-122.27516182627882,1564012585.0,2019-07-24T16:56:25-07:00,POINT (-122.27516182627882 37.844307075414314),5.912737642247893,3946.336900573264,ios,7.593955670008141,2.943801087467758,-7.3745965570977585
824,37.84423884007879,-122.27516541268886,1564012586.0,2019-07-24T16:56:26-07:00,POINT (-122.27516541268886 37.84423884007879),2.375335430601731,3952.994169477356,ios,10.537756757475899,-4.4307954696300005,4.997075390935275
825,37.844144166482465,-122.27517077710691,1564012587.0,2019-07-24T16:56:27-07:00,POINT (-122.27517077710691 37.844144166482465),1.5581880868827296,3962.741620519174,ios,6.106961287845898,0.5662799213052745,-2.0409613532053656
826,37.84409018702604,-122.27515795279506,1564012588.0,2019-07-24T16:56:28-07:00,POINT (-122.27515795279506 37.84409018702604),1.8414571951294525,3968.657589778267,ios,6.673241209151173,-1.4746814319000912,2.6299519505396765
827,37.84403201661803,-122.27513926115098,1564012589.0,2019-07-24T16:56:29-07:00,POINT (-122.27513926115098 37.84403201661803),2.3048022822747947,3975.301973657637,ios,5.198559777251082,1.1552705186395853,0.11928459094038679
828,37.843987257255094,-122.27512216206851,1564012590.0,2019-07-24T16:56:30-07:00,POINT (-122.27512216206851 37.843987257255094),2.4343516873480247,3980.489506646853,ios,6.353830295890667,1.274555109579972,-2.2113515766342706
829,37.84394795582295,-122.27506963562764,1564012591.0,2019-07-24T16:56:31-07:00,POINT (-122.27506963562764 37.84394795582295),0.883979608833332,3986.0239639178135,ios,7.628385405470639,-0.9367964670542985,2.7339633251683795
830,37.84388148210306,-122.27504815598094,1564012592.0,2019-07-24T16:56:32-07:00,POINT (-122.27504815598094 37.84388148210306),0.9443271388554785,3993.63758850501,ios,6.6915889384163405,1.797166858114081,-3.320081632856742
831,37.843823171626845,-122.27502931412239,1564012593.0,2019-07-24T16:56:33-07:00,POINT (-122.27502931412239 37.843823171626845),0.9972664899275655,4000.3162292465095,ios,8.488755796530421,-1.5229147747426612,4.122542877237045
832,37.84374880766893,-122.27500745458381,1564012594.0,2019-07-24T16:56:34-07:00,POINT (-122.27500745458381 37.84374880766893),0.9095116086801813,4008.7844349311804,ios,6.96584102178776,2.5996281024943837,-4.970648556911793
833,37.84368773734819,-122.27498977807481,1564012595.0,2019-07-24T16:56:35-07:00,POINT (-122.27498977807481 37.84368773734819),0.8366064613296099,4015.6937122565296,ios,9.565469124282144,-2.371020454417409,0.35557733274342596
834,37.84360387579621,-122.27496550475412,1564012596.0,2019-07-24T16:56:36-07:00,POINT (-122.27496550475412 37.84360387579621),1.1950160938016068,4025.2337803544706,ios,7.194448669864735,-2.015443121673983,4.08838510377797
835,37.84354080125241,-122.27494724813245,1564012597.0,2019-07-24T16:56:37-07:00,POINT (-122.27494724813245 37.84354080125241),1.4645888044787088,4032.4091240440666,ios,5.1790055481907515,2.0729419821039867,-3.757883670790073
836,37.843495396327675,-122.27493410589655,1564012598.0,2019-07-24T16:56:38-07:00,POINT (-122.27493410589655 37.843495396327675),1.6586454359173033,4037.574376560057,ios,7.251947530294738,-1.6849416886860862,2.5946483370854345
837,37.84343163508092,-122.27491674603523,1564012599.0,2019-07-24T16:56:39-07:00,POINT (-122.27491674603523 37.84343163508092),1.8201036003021343,4044.832725515678,ios,5.567005841608652,0.9097066483993483,-2.0247759254555007
838,37.843382643707706,-122.27490368524276,1564012600.0,2019-07-24T16:56:40-07:00,POINT (-122.27490368524276 37.843382643707706),1.8631173065992597,4050.388529764922,ios,6.476712490008,-1.1150692770561523,1.5019627816345844
839,37.8433255530422,-122.27488906446492,1564012601.0,2019-07-24T16:56:41-07:00,POINT (-122.27488906446492 37.8433255530422),1.8615756379685033,4056.852318040813,ios,5.361643212951848,0.3868935045784321,3.7317168203310738
840,37.843278052769286,-122.27487856550421,1564012602.0,2019-07-24T16:56:42-07:00,POINT (-122.27487856550421 37.843278052769286),1.716667828276519,4062.2010805538143,ios,5.74853671753028,4.118610324909506,-9.452756788485829
841,37.84322712490133,-122.27486730894397,1564012603.0,2019-07-24T16:56:43-07:00,POINT (-122.27486730894397 37.84322712490133),1.5613048141144197,4067.9358071036895,ios,9.867147042439786,-5.334146463576323,6.603458336964153
842,37.843139709134086,-122.27484798748226,1564012604.0,2019-07-24T16:56:44-07:00,POINT (-122.27484798748226 37.843139709134086),1.2946331264622257,4077.779249507081,ios,4.533000578863463,1.2693118733878306,-2.5441824074004398
843,37.843099550037266,-122.27483911113792,1564012605.0,2019-07-24T16:56:45-07:00,POINT (-122.27483911113792 37.843099550037266),1.1721245589353642,4082.30136009142,ios,5.802312452251294,-1.2748705340126092,1.2746255930346386
844,37.84304814575897,-122.27482774927695,1564012606.0,2019-07-24T16:56:46-07:00,POINT (-122.27482774927695 37.84304814575897),1.0416722138051513,4088.018539749261,ios,4.527441918238685,-0.0002449409779705647,-0.5585907653624957
845,37.843008165903136,-122.27481798755758,1564012607.0,2019-07-24T16:56:47-07:00,POINT (-122.27481798755758 37.843008165903136),1.311946925545654,4092.5287907627385,ios,4.527196977260714,-0.5588357063404663,1.0919797254884713
846,37.842968188211046,-122.27480822636652,1564012608.0,2019-07-24T16:56:48-07:00,POINT (-122.27480822636652 37.842968188211046),1.463276018242226,4097.10627201665,ios,3.968361270920248,0.533144019148005,-1.4463623834444657
847,37.84293314643261,-122.27479966300506,1564012609.0,2019-07-24T16:56:49-07:00,POINT (-122.27479966300506 37.84293314643261),1.52549072109542,4101.066169165753,ios,4.501505290068253,-0.9132183642964606,0.8248621769540825
848,37.84289339683892,-122.27478994916761,1564012610.0,2019-07-24T16:56:50-07:00,POINT (-122.27478994916761 37.84289339683892),1.5960647277748763,4105.5580731554965,ios,3.588286925771792,-0.08835618734237816,1.0290177459527743
849,37.84286171122807,-122.27478220597216,1564012611.0,2019-07-24T16:56:51-07:00,POINT (-122.27478220597216 37.84286171122807),1.652322056241071,4109.138706566226,ios,3.499930738429414,0.9406615586103961,-2.0207760754675927
850,37.84283080582836,-122.27477465344141,1564012612.0,2019-07-24T16:56:52-07:00,POINT (-122.27477465344141 37.84283080582836),1.707194676985378,4112.631172223502,ios,4.44059229703981,-1.0801145168571966,1.163244847981356
851,37.842791594115965,-122.27476507104915,1564012613.0,2019-07-24T16:56:53-07:00,POINT (-122.27476507104915 37.842791594115965),1.776815954731576,4117.062293048577,ios,3.3604777801826136,0.08313033112415935,-1.183730956569589
852,37.84276192012718,-122.27475781944538,1564012614.0,2019-07-24T16:56:54-07:00,POINT (-122.27475781944538 37.84276192012718),1.829503367995235,4120.41560314242,ios,3.443608111306773,-1.1006006254454297,3.2858065766391595
853,37.84273151207402,-122.27475038845411,1564012615.0,2019-07-24T16:56:55-07:00,POINT (-122.27475038845411 37.84273151207402),1.883494658592734,4123.85186623446,ios,2.343007485861343,2.18520595119373,-1.2091653616558888
854,37.84271082264218,-122.27474533245832,1564012616.0,2019-07-24T16:56:56-07:00,POINT (-122.27474533245832 37.84271082264218),1.9202302641494422,4126.189876206743,ios,4.528213437055073,0.976040589537841,-0.34747274704818487
855,37.84267083721216,-122.27473556098819,1564012617.0,2019-07-24T16:56:57-07:00,POINT (-122.27473556098819 37.84267083721216),1.9912280180955528,4130.708431170834,ios,5.504254026592914,0.6285678424896561,-0.2328111933871444
856,37.84262222740677,-122.27472372048983,1564012618.0,2019-07-24T16:56:58-07:00,POINT (-122.27472372048983 37.84262222740677),2.074199722161872,4136.2009909546305,ios,6.13282186908257,0.39575664910251174,-1.3961446127609678
857,37.84256795720879,-122.27471126900853,1564012619.0,2019-07-24T16:56:59-07:00,POINT (-122.27471126900853 37.84256795720879),2.1003177492472958,4142.321325176214,ios,6.528578518185082,-1.000387963658456,0.37502635290479347
858,37.842510184906295,-122.27469801402204,1564012620.0,2019-07-24T16:57:00-07:00,POINT (-122.27469801402204 37.842510184906295),2.128122907829897,4148.836610150355,ios,5.528190554526626,-0.6253616107536626,-0.4078434033014622
859,37.84246126517764,-122.27468679012553,1564012621.0,2019-07-24T16:57:01-07:00,POINT (-122.27468679012553 37.84246126517764),2.151668801678699,4154.353544115725,ios,4.902828943772963,-1.0332050140551248,0.03199320828494345
860,37.842417879361896,-122.27467683590216,1564012622.0,2019-07-24T16:57:02-07:00,POINT (-122.27467683590216 37.842417879361896),2.172552192515813,4159.246389807949,ios,3.8696239297178385,-1.0012118057701813,0.5551962994944923
861,37.8423836365217,-122.27466897939713,1564012623.0,2019-07-24T16:57:03-07:00,POINT (-122.27466897939713 37.8423836365217),2.1890353896888715,4163.108134298861,ios,2.868412123947657,-0.446015506275689,-0.8869434702565098
862,37.84235825354431,-122.2746631556545,1564012624.0,2019-07-24T16:57:04-07:00,POINT (-122.2746631556545 37.84235825354431),2.201254186339231,4165.970705666696,ios,2.4223966176719682,-1.3329589765321987,1.8375475714910838
863,37.842336817420325,-122.27465823745798,1564012625.0,2019-07-24T16:57:05-07:00,POINT (-122.27465823745798 37.842336817420325),2.2115733265533737,4168.38816971245,ios,1.0894376411397695,0.5045885949588851,-0.504588584131213
864,37.84232717683545,-122.27465602557068,1564012626.0,2019-07-24T16:57:06-07:00,POINT (-122.27465602557068 37.84232717683545),2.2162142882531826,4169.475388998455,ios,1.5940262360986546,1.0827672092261764e-08,-0.00013149737319406718
865,37.84231308543386,-122.27465269042915,1564012627.0,2019-07-24T16:57:07-07:00,POINT (-122.27465269042915 37.84231308543386),2.1963573417512197,4171.131160378522,ios,1.5940262469263267,-0.00013148654552197492,0.5628915295873649
866,37.84229899403226,-122.27464935528764,1564012628.0,2019-07-24T16:57:08-07:00,POINT (-122.27464935528764 37.84229899403226),2.165259866261054,4172.721664511418,ios,1.5938947603808047,0.5627600430418429,0.5347728171132045
867,37.842284903793114,-122.27464602042126,1564012629.0,2019-07-24T16:57:09-07:00,POINT (-122.27464602042126 37.842284903793114),2.134165064002331,4174.3120374477885,ios,2.1566548034226476,1.0975328601550474,0.4179142329712433
868,37.84226584217724,-122.27464148448537,1564012630.0,2019-07-24T16:57:10-07:00,POINT (-122.27464148448537 37.84226584217724),2.0942055291355293,4176.4639704690135,ios,3.254187663577695,1.5154470931262907,-0.04552173583543251
869,37.84223708000611,-122.27463464018815,1564012631.0,2019-07-24T16:57:11-07:00,POINT (-122.27463464018815 37.84223708000611),2.0339107602924087,4179.711033407606,ios,4.769634756703986,1.4699253572908582,-1.078963719741064
870,37.84219492354095,-122.27462460856096,1564012632.0,2019-07-24T16:57:12-07:00,POINT (-122.27462460856096 37.84219492354095),1.9455380623958742,4184.470225509821,ios,6.239560113994844,0.3909616375497942,-1.7453230040324605
871,37.84213977512686,-122.27461148534657,1564012633.0,2019-07-24T16:57:13-07:00,POINT (-122.27461148534657 37.84213977512686),1.8299317812034963,4190.696124699772,ios,6.630521751544638,-1.3543613664826664,0.5128389216673925
872,37.842081171195986,-122.27459753985131,1564012634.0,2019-07-24T16:57:14-07:00,POINT (-122.27459753985131 37.842081171195986),1.7070836118334414,4197.312129538058,ios,5.276160385061972,-0.8415224448152738,2.128918089679974
873,37.842034537802334,-122.2745864428863,1564012635.0,2019-07-24T16:57:15-07:00,POINT (-122.2745864428863 37.842034537802334),1.6093299602968651,4202.5767382490685,ios,4.434637940246698,1.2873956448647004,-1.1118108474639445
874,37.841995329638905,-122.274577200971,1564012636.0,2019-07-24T16:57:16-07:00,POINT (-122.274577200971 37.841995329638905),1.5195501859647764,4207.001507375825,ios,5.722033585111398,0.17558479740075583,-0.25711562423258894
875,37.84194469160224,-122.27456560433036,1564012637.0,2019-07-24T16:57:17-07:00,POINT (-122.27456560433036 37.84194469160224),1.3743564489141689,4212.710092406312,ios,5.897618382512154,-0.0815308268318331,1.819027305937949
876,37.84189249970143,-122.27455365183853,1564012638.0,2019-07-24T16:57:18-07:00,POINT (-122.27455365183853 37.84189249970143),1.2247087559354735,4218.593849551933,ios,5.816087555680321,1.7374964791061158,-4.246374999530953
877,37.84184102932163,-122.27454186458262,1564012639.0,2019-07-24T16:57:19-07:00,POINT (-122.27454186458262 37.84184102932163),1.0771312536456499,4224.396267489896,ios,7.553584034786437,-2.5088785204248376,4.129174115936662
878,37.841774236965996,-122.27452618076656,1564012640.0,2019-07-24T16:57:20-07:00,POINT (-122.27452618076656 37.841774236965996),0.9190202242538908,4231.932926746976,ios,5.044705514361599,1.6202955955118243,-2.653993390545552
879,37.84172967010826,-122.27451543130168,1564012641.0,2019-07-24T16:57:21-07:00,POINT (-122.27451543130168 37.84172967010826),0.838033010831567,4236.966822476557,ios,6.665001109873423,-1.0336977950337278,1.5020674851012004
880,37.84167078669456,-122.27450124418773,1564012642.0,2019-07-24T16:57:22-07:00,POINT (-122.27450124418773 37.84167078669456),0.5990664049689393,4244.038513717927,ios,5.631303314839696,0.46836969006747253,-1.6221688795591902
881,37.841620976378714,-122.27448965925102,1564012643.0,2019-07-24T16:57:23-07:00,POINT (-122.27448965925102 37.841620976378714),2.6582286615095123,4248.618184926571,ios,6.099673004907168,-1.1537991894917177,2.472849445667074
882,37.84156751527904,-122.27447409595284,1564012644.0,2019-07-24T16:57:24-07:00,POINT (-122.27447409595284 37.84156751527904),5.962552175187451,4253.731159096114,ios,4.9458738154154505,1.3190502561753563,-2.095528737114014
883,37.841524227953045,-122.27446114408419,1564012645.0,2019-07-24T16:57:25-07:00,POINT (-122.27446114408419 37.841524227953045),6.015925043172502,4265.852386352466,ios,6.264924071590807,-0.7764784809386578,0.8712371160421624
884,37.841469396024216,-122.27444473799012,1564012646.0,2019-07-24T16:57:26-07:00,POINT (-122.27444473799012 37.841469396024216),3.4167651028791886,4271.53935480313,ios,5.488445590652149,0.09475863510350457,-3.6612762833512664
885,37.84142135999959,-122.27443036527787,1564012647.0,2019-07-24T16:57:27-07:00,POINT (-122.27443036527787 37.84142135999959),1.1397450734754353,4276.521476199379,ios,5.583204225755654,-3.566517648247762,7.787118540497596
886,37.84137249462927,-122.27441574441956,1564012648.0,2019-07-24T16:57:28-07:00,POINT (-122.27441574441956 37.84137249462927),1.1765894531310357,4281.589613772274,ios,2.0166865775078917,4.220600892249834,-4.220945519416727
887,37.841354844167256,-122.2744104632787,1564012649.0,2019-07-24T16:57:29-07:00,POINT (-122.2744104632787 37.841354844167256),2.0132636321440356,4283.420255034622,ios,6.237287469757726,-0.0003446271668927636,-2.656275148510548
888,37.84130113008143,-122.27443093059861,1564012650.0,2019-07-24T16:57:30-07:00,POINT (-122.27443093059861 37.84130113008143),1.4057395395870294,4289.616529193904,ios,6.2369428425908335,-2.6566197756774406,2.2391769254906135
889,37.84124741896671,-122.27445139678642,1564012651.0,2019-07-24T16:57:31-07:00,POINT (-122.27445139678642 37.84124741896671),0.7982463438970433,4295.812460662562,ios,3.580323066913393,-0.41744285018682703,0.22885798605471086
890,37.84121658710528,-122.27446314985697,1564012652.0,2019-07-24T16:57:32-07:00,POINT (-122.27446314985697 37.84121658710528),0.4491074383155405,4299.369202112232,ios,3.162880216726566,-0.18858486413211617,0.09921471145189376
891,37.841189350043265,-122.27447353259403,1564012653.0,2019-07-24T16:57:33-07:00,POINT (-122.27447353259403 37.841189350043265),0.3964971842806475,4302.481283961794,ios,2.9742953525944498,-0.08937015268022241,0.08394003072190781
892,37.84116373697575,-122.27448329626627,1564012654.0,2019-07-24T16:57:34-07:00,POINT (-122.27448329626627 37.84116373697575),0.43688738707134817,4305.44991596129,ios,2.8849251999142274,-0.005430121958314604,0.23722978565542086
893,37.8411388935177,-122.27449276656425,1564012655.0,2019-07-24T16:57:35-07:00,POINT (-122.27449276656425 37.8411388935177),0.47606337907951146,4308.329347971035,ios,2.8794950779559128,0.23179966369710625,0.15695537145634875
894,37.84111409682169,-122.27450221903656,1564012656.0,2019-07-24T16:57:36-07:00,POINT (-122.27450221903656 37.84111409682169),0.5151650629237141,4311.203360192397,ios,3.111294741653019,0.388755035153455,0.5491748602657784
895,37.841087303989774,-122.27451243243367,1564012657.0,2019-07-24T16:57:37-07:00,POINT (-122.27451243243367 37.841087303989774),0.5574137876379693,4314.308730696907,ios,3.500049776806474,0.9379298954192334,-0.030226098533247203
896,37.84105716340517,-122.27452392199025,1564012658.0,2019-07-24T16:57:38-07:00,POINT (-122.27452392199025 37.84105716340517),0.6069594463635075,4317.792967940801,ios,4.437979672225707,0.9077037968859862,-1.300939906772613
897,37.84101891397832,-122.2745383556714,1564012659.0,2019-07-24T16:57:39-07:00,POINT (-122.2745383556714 37.84101891397832),0.7464545756207103,4322.220681707208,ios,5.345683469111694,-0.39323610988662683,1.383430990703145
898,37.84097283051405,-122.2745556953085,1564012660.0,2019-07-24T16:57:40-07:00,POINT (-122.2745556953085 37.84097283051405),0.91871424128513,4327.553854752786,ios,4.952447359225067,0.9901948808165182,-5.273955048964201
899,37.8409301370173,-122.27457175941636,1564012661.0,2019-07-24T16:57:41-07:00,POINT (-122.27457175941636 37.8409301370173),1.0783004959602436,4332.49471198367,ios,5.942642240041585,-4.2837601681476825,12.593332012523067
900,37.84087890736343,-122.27459103538924,1564012662.0,2019-07-24T16:57:42-07:00,POINT (-122.27459103538924 37.84087890736343),1.2697922951862872,4338.423446774145,ios,1.6588820718939024,8.309571844375384,-12.010555345525475
901,37.84086460666219,-122.27459641625576,1564012663.0,2019-07-24T16:57:43-07:00,POINT (-122.27459641625576 37.84086460666219),1.3179866359152828,4340.112180449849,ios,9.968453916269286,-3.7009835011500902,3.805759564076718
902,37.8407787261894,-122.27462898169553,1564012664.0,2019-07-24T16:57:44-07:00,POINT (-122.27462898169553 37.8407787261894),1.3638862653696564,4350.062434220013,ios,6.267470415119196,0.10477606292662767,0.4688294049806885
903,37.84072473103942,-122.27464945874733,1564012665.0,2019-07-24T16:57:45-07:00,POINT (-122.27464945874733 37.84072473103942),1.3925419987474401,4356.318462953495,ios,6.372246478045824,0.5736054679073161,-1.341448791288208
904,37.840669833232084,-122.27467027812177,1564012666.0,2019-07-24T16:57:46-07:00,POINT (-122.27467027812177 37.840669833232084),1.4216740104021774,4362.679076415642,ios,6.94585194595314,-0.7678433233808919,1.7772211713576764
905,37.840609978954056,-122.27469290898252,1564012667.0,2019-07-24T16:57:47-07:00,POINT (-122.27469290898252 37.840609978954056),1.4591717402096391,4369.612206187287,ios,6.178008622572248,1.0093778479767845,-1.7187478289940161
906,37.840556736939725,-122.27471301917576,1564012668.0,2019-07-24T16:57:48-07:00,POINT (-122.27471301917576 37.840556736939725),1.4942555374590414,4375.778885370951,ios,7.187386470549033,-0.7093699810172316,0.8285068829262414
907,37.84049479612149,-122.274736415019,1564012669.0,2019-07-24T16:57:49-07:00,POINT (-122.274736415019 37.84049479612149),1.5350681175118355,4382.953091305837,ios,6.478016489531801,0.11913690190900983,0.3115216106308427
908,37.840438968649664,-122.27475750177275,1564012670.0,2019-07-24T16:57:50-07:00,POINT (-122.27475750177275 37.840438968649664),1.571849598409031,4389.419228073382,ios,6.597153391440811,0.43065851253985254,0.02680930550229288
909,37.84038211446094,-122.2747789763307,1564012671.0,2019-07-24T16:57:51-07:00,POINT (-122.2747789763307 37.84038211446094),1.6093045657612315,4396.004283203017,ios,7.0278119039806635,0.4574678180421454,-1.1880043206545698
910,37.84032154886626,-122.27480185273437,1564012672.0,2019-07-24T16:57:52-07:00,POINT (-122.27480185273437 37.84032154886626),1.6492012855694882,4403.0192070152225,ios,7.485279722022809,-0.7305365026124244,0.9643006644539938
911,37.84025704082413,-122.27482621825108,1564012673.0,2019-07-24T16:57:53-07:00,POINT (-122.27482621825108 37.84025704082413),1.6916913152256443,4410.49075963318,ios,6.7547432194103845,0.23376416184156934,-0.6774421492633778
912,37.84019891060325,-122.27484855118682,1564012674.0,2019-07-24T16:57:54-07:00,POINT (-122.27484855118682 37.84019891060325),1.6983039851662254,4417.23329458972,ios,6.988507381251954,-0.4436779874218084,-0.17403963088365693
913,37.84013885936819,-122.27487203228814,1564012675.0,2019-07-24T16:57:55-07:00,POINT (-122.27487203228814 37.84013885936819),1.6706203460373934,4424.209200602545,ios,6.544829393830145,-0.6177176183054653,2.7208792947276326
914,37.84008252184354,-122.27489361353138,1564012676.0,2019-07-24T16:57:56-07:00,POINT (-122.27489361353138 37.84008252184354),1.6823207369865285,4430.74218129558,ios,5.92711177552468,2.1031616764221672,-3.6658622283819007
915,37.84003150160065,-122.27491315788087,1564012677.0,2019-07-24T16:57:57-07:00,POINT (-122.27491315788087 37.84003150160065),1.6913468301152519,4436.664190993804,ios,8.030273451946847,-1.5627005519597335,2.7568967630388794
916,37.83996218003647,-122.27493879638628,1564012678.0,2019-07-24T16:57:58-07:00,POINT (-122.27493879638628 37.83996218003647),1.7562003174975627,4444.67949999187,ios,6.467572899987114,1.194196211079146,-2.9469527714822155
917,37.839906346899205,-122.27495943852291,1564012679.0,2019-07-24T16:57:59-07:00,POINT (-122.27495943852291 37.839906346899205),1.8090792411187526,4451.135013731376,ios,7.66176911106626,-1.7527565604030695,3.131039703540069
918,37.83984031174853,-122.2749843523767,1564012680.0,2019-07-24T16:58:00-07:00,POINT (-122.2749843523767 37.83984031174853),1.8295075125307816,4458.7828223014085,ios,5.90901255066319,1.3782831431369997,-1.5320123384916107
919,37.839789421345195,-122.27500372799831,1564012681.0,2019-07-24T16:58:01-07:00,POINT (-122.27500372799831 37.839789421345195),1.830456436857314,4464.681123026175,ios,7.28729569380019,-0.15372919535461094,1.7350212844020136
920,37.83972666070791,-122.27502762300169,1564012682.0,2019-07-24T16:58:02-07:00,POINT (-122.27502762300169 37.83972666070791),1.831623380327901,4471.95520826431,ios,7.133566498445579,1.5812920890474027,-3.2500805186616395
921,37.839665224042356,-122.27505101392622,1564012683.0,2019-07-24T16:58:03-07:00,POINT (-122.27505101392622 37.839665224042356),1.832762154113557,4479.075842900565,ios,8.714858587492982,-1.6687884296142368,2.1913117062187863
922,37.83959016876511,-122.27507958989646,1564012684.0,2019-07-24T16:58:04-07:00,POINT (-122.27507958989646 37.83959016876511),1.8341485879074673,4487.774902909186,ios,7.046070157878745,0.5225232766045496,-1.695619636906284
923,37.83952941770343,-122.27510240578586,1564012685.0,2019-07-24T16:58:05-07:00,POINT (-122.27510240578586 37.83952941770343),1.8617162829463962,4494.808084846231,ios,7.568593434483295,-1.1730963603017344,3.003004665500314
924,37.839464130878426,-122.27512678270567,1564012686.0,2019-07-24T16:58:06-07:00,POINT (-122.27512678270567 37.839464130878426),1.9033363178840883,4502.362750184633,ios,6.39549707418156,1.8299083051985798,-1.072243209701493
925,37.839408963207624,-122.2751473813163,1564012687.0,2019-07-24T16:58:07-07:00,POINT (-122.2751473813163 37.839408963207624),1.9385024084635887,4508.746477889182,ios,8.22540537938014,0.7576650954970869,-1.9164931118969433
926,37.83933815549828,-122.27517448765362,1564012688.0,2019-07-24T16:58:08-07:00,POINT (-122.27517448765362 37.83933815549828),1.8294134634814603,4516.9807125719935,ios,8.983070474877227,-1.1588280163998563,1.1192833627933352
927,37.839260830302536,-122.27520411093941,1564012689.0,2019-07-24T16:58:09-07:00,POINT (-122.27520411093941 37.839260830302536),1.7021724816617596,4525.946630696655,ios,7.824242458477371,-0.03954465360652115,-1.845602214442998
928,37.83919348016523,-122.27522991277989,1564012690.0,2019-07-24T16:58:10-07:00,POINT (-122.27522991277989 37.83919348016523),1.5913411941315145,4533.755933300476,ios,7.7846978048708495,-1.8851468680495191,6.663370229630636
929,37.83912647042865,-122.27525558421281,1564012691.0,2019-07-24T16:58:11-07:00,POINT (-122.27525558421281 37.83912647042865),1.4810658475104257,4541.525766593947,ios,5.89955093682133,4.778223361581117,-8.602286897602585
930,37.83907568781158,-122.2752750390356,1564012692.0,2019-07-24T16:58:12-07:00,POINT (-122.2752750390356 37.83907568781158),1.3982321241658597,4547.402446694685,ios,10.677774298402447,-3.8240635360214696,4.089736104001364
931,37.83898360443167,-122.27530952966505,1564012693.0,2019-07-24T16:58:13-07:00,POINT (-122.27530952966505 37.83898360443167),1.4016707918011242,4558.060752235631,ios,6.853710762380977,0.2656725679798946,-0.5125579310678212
932,37.838924497485664,-122.2753316609106,1564012694.0,2019-07-24T16:58:14-07:00,POINT (-122.2753316609106 37.838924497485664),1.404529628352748,4564.901964801365,ios,7.119383330360872,-0.24688536308792663,-0.026028368194679352
933,37.83886320683926,-122.27535510535951,1564012695.0,2019-07-24T16:58:15-07:00,POINT (-122.27535510535951 37.83886320683926),1.365693288684185,4572.008356099824,ios,6.872497967272945,-0.272913731282606,1.8101103217239167
934,37.838804083509565,-122.27537791161573,1564012696.0,2019-07-24T16:58:16-07:00,POINT (-122.27537791161573 37.838804083509565),1.312131506037367,4578.868243272444,ios,6.599584235990339,1.5371965904413107,-0.9632699305670416
935,37.838747133894465,-122.27539907488087,1564012697.0,2019-07-24T16:58:17-07:00,POINT (-122.27539907488087 37.838747133894465),1.328391509385884,4585.455740164222,ios,8.13678082643165,0.5739266598742692,-2.426634600329721
936,37.838677180698106,-122.27542626960503,1564012698.0,2019-07-24T16:58:18-07:00,POINT (-122.27542626960503 37.838677180698106),1.24723129555111,4593.577473788162,ios,8.71070748630592,-1.8527079404554518,2.1527181546325416
937,37.83860214057299,-122.27545474469052,1564012699.0,2019-07-24T16:58:19-07:00,POINT (-122.27545474469052 37.83860214057299),1.2338455621320683,4602.270214738185,ios,6.8579995458504674,0.30001021417708973,-0.7392407269578536
938,37.83854305699281,-122.27547714648979,1564012700.0,2019-07-24T16:58:20-07:00,POINT (-122.27547714648979 37.83854305699281),1.2249102970680217,4609.115756530495,ios,7.158009760027557,-0.43923051278076386,0.6808818209467997
939,37.83848138874506,-122.27550052827714,1564012701.0,2019-07-24T16:58:21-07:00,POINT (-122.27550052827714 37.83848138874506),1.215580696753853,4616.260763467618,ios,6.718779247246793,0.24165130816603586,-0.3600042775098178
940,37.838423504594374,-122.27552247530745,1564012702.0,2019-07-24T16:58:22-07:00,POINT (-122.27552247530745 37.838423504594374),1.206820367582306,4622.967337687946,ios,6.960430555412829,-0.11835296934378192,-2.1553240413238006
941,37.83836353855444,-122.27554521169522,1564012703.0,2019-07-24T16:58:23-07:00,POINT (-122.27554521169522 37.83836353855444),1.197741687583709,4629.915124155917,ios,6.842077586069047,-2.2736770106675825,1.957130400187542
942,37.838304592162075,-122.27556756147912,1564012704.0,2019-07-24T16:58:24-07:00,POINT (-122.27556756147912 37.838304592162075),1.1888141276746576,4636.744772563726,ios,4.568400575401465,-0.3165466104800405,0.23929522861395025
943,37.8382652341287,-122.27558248425059,1564012705.0,2019-07-24T16:58:25-07:00,POINT (-122.27558248425059 37.8382652341287),1.1828514721060543,4641.30487422757,ios,4.251853964921424,-0.07725138186609026,-0.23017591168287632
944,37.83822860323339,-122.27559637301563,1564012706.0,2019-07-24T16:58:26-07:00,POINT (-122.27559637301563 37.83822860323339),1.177300683288492,4645.549004281873,ios,4.174602583055334,-0.3074272935489666,1.862007793198111
945,37.83819263788152,-122.27561000943699,1564012707.0,2019-07-24T16:58:27-07:00,POINT (-122.27561000943699 37.83819263788152),1.1718495324014406,4649.716023258287,ios,3.8671752895063674,1.5545804996491444,-0.6597076159438955
946,37.838159321101806,-122.27562264164057,1564012708.0,2019-07-24T16:58:28-07:00,POINT (-122.27562264164057 37.838159321101806),1.1667987457176552,4653.5761733861,ios,5.421755789155512,0.8948728837052489,-0.8952158738917255
947,37.8381126111852,-122.27564035191087,1564012709.0,2019-07-24T16:58:29-07:00,POINT (-122.27564035191087 37.8381126111852),1.030309655213361,4659.023497366313,ios,6.316628672860761,-0.0003429901864766549,0.022059933423740574
948,37.83805816315389,-122.27566086421747,1564012710.0,2019-07-24T16:58:30-07:00,POINT (-122.27566086421747 37.83805816315389),0.9808131760422504,4665.28526161234,ios,6.316285682674284,0.02171694323726392,1.120904727611789
949,37.83800371808234,-122.27568137540901,1564012711.0,2019-07-24T16:58:31-07:00,POINT (-122.27568137540901 37.83800371808234),1.0595077991942088,4671.589561562834,ios,6.338002625911548,1.1426216708490529,-2.1807810232603897
950,37.83794905311186,-122.27570181741011,1564012712.0,2019-07-24T16:58:32-07:00,POINT (-122.27570181741011 37.83794905311186),1.1512869432660944,4677.915334937963,ios,7.480624296760601,-1.0381593524113368,0.7782280349622468
951,37.837884809181766,-122.27572709836129,1564012713.0,2019-07-24T16:58:33-07:00,POINT (-122.27572709836129 37.837884809181766),1.1535774456390737,4685.382557523125,ios,6.442464944349264,-0.25993131744909004,2.8431136168220315
952,37.83782948410654,-122.27574888342339,1564012714.0,2019-07-24T16:58:34-07:00,POINT (-122.27574888342339 37.83782948410654),1.154386508843007,4691.813483574116,ios,6.182533626900174,2.5831822993729414,-3.961166456657958
953,37.83777639121138,-122.27576978953171,1564012715.0,2019-07-24T16:58:35-07:00,POINT (-122.27576978953171 37.83777639121138),1.1551601642261335,4697.984943793962,ios,8.765715926273115,-1.3779841572850167,1.0054620324478973
954,37.83770077471914,-122.27579800743793,1564012716.0,2019-07-24T16:58:36-07:00,POINT (-122.27579800743793 37.83770077471914),1.1759074045175055,4706.754740460834,ios,7.387731768988099,-0.37252212483711933,0.1566439100772934
955,37.8376370383753,-122.2758217598364,1564012717.0,2019-07-24T16:58:37-07:00,POINT (-122.2758217598364 37.8376370383753),1.1635553823043774,4714.128967025156,ios,7.015209644150979,-0.21587821475982594,0.8472227302862034
956,37.837576515904,-122.27584431453234,1564012718.0,2019-07-24T16:58:38-07:00,POINT (-122.27584431453234 37.837576515904),1.1518227781563075,4721.131352363804,ios,6.799331429391153,0.6313445155263775,-0.6460650565069628
957,37.837517855887306,-122.27586617515387,1564012719.0,2019-07-24T16:58:39-07:00,POINT (-122.27586617515387 37.837517855887306),1.1404480325742905,4727.91825404172,ios,7.430675944917531,-0.014720540980585284,0.9650146312236343
958,37.83745375796973,-122.27589010390416,1564012720.0,2019-07-24T16:58:40-07:00,POINT (-122.27589010390416 37.83745375796973),1.1581566021418426,4735.325385592417,ios,7.4159554039369455,0.950294090243049,-2.238545511583924
959,37.837389918384375,-122.27591454227642,1564012721.0,2019-07-24T16:58:41-07:00,POINT (-122.27591454227642 37.837389918384375),1.1557116899724416,4742.727919379921,ios,8.366249494179995,-1.288251421340875,2.026351491074209
960,37.83731789828334,-122.27594211222431,1564012722.0,2019-07-24T16:58:42-07:00,POINT (-122.27594211222431 37.83731789828334),1.1529489030363396,4751.079027268771,ios,7.07799807283912,0.738100069733334,-3.1190965528597854
961,37.83725696798258,-122.27596543689607,1564012723.0,2019-07-24T16:58:43-07:00,POINT (-122.27596543689607 37.83725696798258),1.1506077416694231,4758.144215174739,ios,7.816098142572454,-2.3809964831264514,7.1025478736145224
962,37.8371896838196,-122.27599119388391,1564012724.0,2019-07-24T16:58:44-07:00,POINT (-122.27599119388391 37.8371896838196),1.148018406262818,4765.94616719099,ios,5.435101659446002,4.721551390488071,-8.456238972285993
963,37.83714289624919,-122.27600910459022,1564012725.0,2019-07-24T16:58:45-07:00,POINT (-122.27600910459022 37.83714289624919),1.1522005176074979,4771.3567577084095,ios,10.156653049934073,-3.734687581797922,2.7360872270728933
964,37.83705536712851,-122.27604216764736,1564012726.0,2019-07-24T16:58:46-07:00,POINT (-122.27604216764736 37.83705536712851),1.3156468502135727,4781.493624838988,ios,6.421965468136151,-0.9986003547250286,4.116819099424492
965,37.837000020399124,-122.27606306118797,1564012727.0,2019-07-24T16:58:47-07:00,POINT (-122.27606306118797 37.837000020399124),1.420085493002608,4787.903059511079,ios,5.423365113411123,3.1182187446994636,-6.1898373213826146
966,37.83695325461171,-122.27608059782786,1564012728.0,2019-07-24T16:58:48-07:00,POINT (-122.27608059782786 37.83695325461171),1.518191301872697,4793.31564907322,ios,8.541583858110586,-3.071618576683151,1.7406860378760696
967,37.83687951827323,-122.27610786388773,1564012729.0,2019-07-24T16:58:49-07:00,POINT (-122.27610786388773 37.83687951827323),1.3296983306759569,4801.913513912465,ios,5.469965281427435,-1.3309325388070814,2.492365955268312
968,37.83683236588144,-122.27612561616787,1564012730.0,2019-07-24T16:58:50-07:00,POINT (-122.27612561616787 37.83683236588144),1.2067480311057148,4807.350018016476,ios,4.139032742620354,1.1614334164612305,1.3695615069565807
969,37.83679678441341,-122.27613945938928,1564012731.0,2019-07-24T16:58:51-07:00,POINT (-122.27613945938928 37.83679678441341),1.1106074445049803,4811.480484597089,ios,5.3004661590815845,2.5309949234178113,-7.501064578896791
970,37.836751218608555,-122.27615718708746,1564012732.0,2019-07-24T16:58:52-07:00,POINT (-122.27615718708746 37.836751218608555),0.9874875664972215,4816.769980801663,ios,7.831461082499396,-4.97006965547898,8.070632434380418
971,37.836683894944336,-122.27618337983445,1564012733.0,2019-07-24T16:58:53-07:00,POINT (-122.27618337983445 37.836683894944336),1.0512415404368083,4824.526845083491,ios,2.8613914270204153,3.100562778901438,-2.91442414926049
972,37.83665929680828,-122.27619294991301,1564012734.0,2019-07-24T16:58:54-07:00,POINT (-122.27619294991301 37.83665929680828),1.1643115837617055,4827.3808489491485,ios,5.961954205921853,0.18613862964094796,-0.6664440331762727
973,37.836607922859855,-122.2762123817054,1564012735.0,2019-07-24T16:58:55-07:00,POINT (-122.2762123817054 37.836607922859855),1.4051110924063015,4833.353399527789,ios,6.148092835562801,-0.4803054035353247,0.7836650733809716
974,37.836554944643474,-122.27623241881726,1564012736.0,2019-07-24T16:58:56-07:00,POINT (-122.27623241881726 37.836554944643474),1.5753213868413876,4839.487956366458,ios,5.667787432027477,0.3033596698456469,1.5808262352116573
975,37.83650610522936,-122.27625089057547,1564012737.0,2019-07-24T16:58:57-07:00,POINT (-122.27625089057547 37.83650610522936),1.732232098810107,4845.14326527448,ios,5.9711471018731235,1.8841859050573042,-2.7737555490906045
976,37.83645465176303,-122.27627035100524,1564012738.0,2019-07-24T16:58:58-07:00,POINT (-122.27627035100524 37.83645465176303),1.7056847620433861,4851.160148037415,ios,7.855333006930428,-0.8895696440333003,1.963669647107407
977,37.83638696224227,-122.27629595214076,1564012739.0,2019-07-24T16:58:59-07:00,POINT (-122.27629595214076 37.83638696224227),1.6669317342975263,4859.001106738013,ios,6.965763362897127,1.0741000030741068,-3.7697345569902847
978,37.83632693816056,-122.27631865409866,1564012740.0,2019-07-24T16:59:00-07:00,POINT (-122.27631865409866 37.83632693816056),1.6325637115864036,4865.954123492497,ios,8.039863365971234,-2.695634553916178,3.165609143708272
979,37.83625765854887,-122.27634485662914,1564012741.0,2019-07-24T16:59:01-07:00,POINT (-122.27634485662914 37.83625765854887),1.5928920930149584,4873.979274633656,ios,5.344228812055056,0.46997458979209394,1.849123019824991
980,37.836211607259635,-122.276362273879,1564012742.0,2019-07-24T16:59:02-07:00,POINT (-122.276362273879 37.836211607259635),1.5665192667154209,4879.313723914051,ios,5.81420340184715,2.319097609617085,-2.9160217709300724
981,37.83616150619592,-122.27638122281094,1564012743.0,2019-07-24T16:59:03-07:00,POINT (-122.27638122281094 37.83616150619592),1.5378249700589304,4885.117287699825,ios,8.133301011464235,-0.5969241613129874,0.5848069080674687
982,37.83609142144367,-122.27640772985696,1564012744.0,2019-07-24T16:59:04-07:00,POINT (-122.27640772985696 37.83609142144367),1.4976815510692112,4893.235705178294,ios,7.536376850151248,-0.012117253245518711,-0.13804954646925083
983,37.836026480398935,-122.27643229147994,1564012745.0,2019-07-24T16:59:05-07:00,POINT (-122.27643229147994 37.836026480398935),1.4604803064280405,4900.758290711558,ios,7.524259596905729,-0.15016679971476954,-0.4696563681588808
984,37.83596164377338,-122.2764568136101,1564012746.0,2019-07-24T16:59:06-07:00,POINT (-122.2764568136101 37.83596164377338),1.4233349854032704,4908.268781049878,ios,7.37409279719096,-0.6198231678736503,1.938984810127982
985,37.835898101141275,-122.2764808463336,1564012747.0,2019-07-24T16:59:07-07:00,POINT (-122.2764808463336 37.835898101141275),1.3869272264278742,4915.6293792743245,ios,6.754269629317309,1.3191616422543317,-1.4091842961776475
986,37.83583989953561,-122.27650285900528,1564012748.0,2019-07-24T16:59:08-07:00,POINT (-122.27650285900528 37.83583989953561),1.3535764103316001,4922.3712885070745,ios,8.073431271571641,-0.09002265392331577,-0.7196585980227121
987,37.835770330706445,-122.27652917092188,1564012749.0,2019-07-24T16:59:09-07:00,POINT (-122.27652917092188 37.835770330706445),1.4004878384059285,4930.4018208068965,ios,7.983408617648325,-0.8096812519460279,1.4950299332189871
988,37.83570154653923,-122.27655522727251,1564012750.0,2019-07-24T16:59:10-07:00,POINT (-122.27655522727251 37.83570154653923),1.2129265265307547,4938.436472002251,ios,7.173727365702297,0.6853486812729592,0.2574974800745524
989,37.83563973961564,-122.27657864569132,1564012751.0,2019-07-24T16:59:11-07:00,POINT (-122.27657864569132 37.83563973961564),1.2054837950437838,4945.555068252538,ios,7.8590760469752565,0.9428461613475116,-8.364511479970936
990,37.83557202791531,-122.27660430140863,1564012752.0,2019-07-24T16:59:12-07:00,POINT (-122.27660430140863 37.83557202791531),1.2172127847195435,4953.399857854467,ios,8.801922208322768,-7.421665318623424,18.727065686698882
991,37.83549619291031,-122.2766330350165,1564012753.0,2019-07-24T16:59:13-07:00,POINT (-122.2766330350165 37.83549619291031),1.2303438535111966,4962.1857795624355,ios,1.3802568896993448,11.305400368075459,-14.764278026624007
992,37.835484300987105,-122.27663754082302,1564012754.0,2019-07-24T16:59:14-07:00,POINT (-122.27663754082302 37.835484300987105),1.231861549098217,4963.565830704292,ios,12.685657257774803,-3.4588776585485483,-1.8670033393010463
993,37.83537504987766,-122.2766791431326,1564012755.0,2019-07-24T16:59:15-07:00,POINT (-122.2766791431326 37.83537504987766),1.2096206965660152,4976.228462161002,ios,9.226779599226255,-5.325880997849595,7.676938826173652
994,37.83529558785501,-122.27670940472645,1564012756.0,2019-07-24T16:59:16-07:00,POINT (-122.27670940472645 37.83529558785501),1.1931987760630822,4985.438494126055,ios,3.9008986013766602,2.3510578283240573,-0.37590029675642533
995,37.83526199289699,-122.27672219872467,1564012757.0,2019-07-24T16:59:17-07:00,POINT (-122.27672219872467 37.83526199289699),1.1862541450009105,4989.332312113384,ios,6.2519564297007175,1.975157531567632,-3.210227782354835
996,37.835208150378904,-122.27674270361946,1564012758.0,2019-07-24T16:59:18-07:00,POINT (-122.27674270361946 37.835208150378904),1.1751218177754452,4995.572920409901,ios,8.22711396126835,-1.235070250787203,6.240766914170473
997,37.83513729759767,-122.27676968654812,1564012759.0,2019-07-24T16:59:19-07:00,POINT (-122.27676968654812 37.83513729759767),1.1604683861992924,5003.785100950804,ios,6.992043710481147,5.0056966633832705,-8.538515031274937
998,37.83507708137735,-122.27679261874569,1564012760.0,2019-07-24T16:59:20-07:00,POINT (-122.27679261874569 37.83507708137735),1.2203212424089935,5010.745911051768,ios,11.997740373864417,-3.5328183678916663,2.570362886305406
999,37.83497373501901,-122.27683188175494,1564012761.0,2019-07-24T16:59:21-07:00,POINT (-122.27683188175494 37.83497373501901),1.1675059104278633,5022.747579064544,ios,8.46492200597275,-0.96245548158626,1.785004200981545
1000,37.83490081361892,-122.276859557718,1564012762.0,2019-07-24T16:59:22-07:00,POINT (-122.276859557718 37.83490081361892),1.1148005295481853,5031.196966213961,ios,7.502466524386491,0.822548719395285,-0.5149398502868019
1001,37.83483615668841,-122.2768839741049,1564012763.0,2019-07-24T16:59:23-07:00,POINT (-122.2768839741049 37.83483615668841),1.0784438134959955,5038.685697660786,ios,8.325015243781776,0.30760886910848306,-1.549596723937924
1002,37.83476441096456,-122.27691106743178,1564012764.0,2019-07-24T16:59:24-07:00,POINT (-122.27691106743178 37.83476441096456),1.038096534439153,5046.995471816226,ios,8.632624112890259,-1.241987854829441,2.6401048702080736
1003,37.834689972882046,-122.27693898564554,1564012765.0,2019-07-24T16:59:25-07:00,POINT (-122.27693898564554 37.834689972882046),1.0124243485902629,5055.6123178305415,ios,7.390636258060818,1.3981170153786326,-3.145095352564753
1004,37.83462621431823,-122.27696275861838,1564012766.0,2019-07-24T16:59:26-07:00,POINT (-122.27696275861838 37.83462621431823),1.0022380837996105,5062.9894447255465,ios,8.78875327343945,-1.7469783371861203,2.3954542311727955
1005,37.834550394290744,-122.27699102881998,1564012767.0,2019-07-24T16:59:27-07:00,POINT (-122.27699102881998 37.834550394290744),0.9901200178358219,5071.7621328831865,ios,7.04177493625333,0.6484758939866753,-3.9755474863897966
1006,37.83448964534113,-122.27701367963017,1564012768.0,2019-07-24T16:59:28-07:00,POINT (-122.27701367963017 37.83448964534113),0.9804069286139167,5078.79103593345,ios,7.690250830240005,-3.3270715924031213,11.02533873875777
1007,37.83442330203531,-122.27703841634805,1564012769.0,2019-07-24T16:59:29-07:00,POINT (-122.27703841634805 37.83442330203531),1.221514574793722,5086.367026160135,ios,4.363179237836884,7.698267146354648,-11.504081450993095
1008,37.83438566116707,-122.27705245109543,1564012770.0,2019-07-24T16:59:30-07:00,POINT (-122.27705245109543 37.83438566116707),1.612991840060724,5090.704603785242,ios,12.061446384191532,-3.8058143046384476,1.629273151939545
1009,37.83428181536723,-122.27709212970196,1564012771.0,2019-07-24T16:59:31-07:00,POINT (-122.27709212970196 37.83428181536723),1.3806320065597053,5102.880695767507,ios,8.255632079553084,-2.1765411526989027,3.996382974622448
1010,37.83421073774087,-122.27711929304623,1564012772.0,2019-07-24T16:59:32-07:00,POINT (-122.27711929304623 37.83421073774087),1.3952993354860397,5111.121359685656,ios,6.079090926854182,1.8198418219235455,-3.539540857621116
1011,37.8341583992501,-122.27713929495842,1564012773.0,2019-07-24T16:59:33-07:00,POINT (-122.27713929495842 37.8341583992501),1.406096705466855,5117.189428633201,ios,7.898932748777727,-1.7196990356975705,3.632691439927627
1012,37.83409039266893,-122.27716528465827,1564012774.0,2019-07-24T16:59:34-07:00,POINT (-122.27716528465827 37.83409039266893),1.4201225635271368,5125.074039766486,ios,6.179233713080157,1.9129924042300566,-0.38712094232754524
1013,37.83403719184451,-122.27718561542609,1564012775.0,2019-07-24T16:59:35-07:00,POINT (-122.27718561542609 37.83403719184451),1.425623029594053,5131.244412121804,ios,8.092226117310213,1.5258714619025113,-3.849190121130597
1014,37.83396746798726,-122.27721201729788,1564012776.0,2019-07-24T16:59:36-07:00,POINT (-122.27721201729788 37.83396746798726),1.4472947999009567,5139.321902136564,ios,9.618097579212725,-2.323318659228086,1.7189883233075163
1015,37.833884596995276,-122.27724339750823,1564012777.0,2019-07-24T16:59:37-07:00,POINT (-122.27724339750823 37.833884596995276),1.4730471458661687,5148.922484840089,ios,7.294778919984639,-0.6043303359205696,-4.055766585665633
1016,37.833821744075415,-122.27726719760763,1564012778.0,2019-07-24T16:59:38-07:00,POINT (-122.27726719760763 37.833821744075415),1.492574589884358,5156.203979627126,ios,6.690448584064069,-4.660096921586202,4.942523369052218
1017,37.833764098161105,-122.27728902600465,1564012779.0,2019-07-24T16:59:39-07:00,POINT (-122.27728902600465 37.833764098161105),1.5104810869094665,5162.882244518541,ios,2.0303516624778672,0.28242644746601586,-0.5521357823344748
1018,37.83374660434562,-122.27729565027205,1564012780.0,2019-07-24T16:59:40-07:00,POINT (-122.27729565027205 37.83374660434562),1.5159145627083122,5164.9088987800915,ios,2.312778109943883,-0.26970933486845894,-1.5277169435858449
1019,37.83372667710177,-122.27730319598966,1564012781.0,2019-07-24T16:59:41-07:00,POINT (-122.27730319598966 37.83372667710177),1.5221035037169968,5167.2174651638525,ios,2.043068775075424,-1.7974262784543038,1.7974262786815756
1020,37.83370907371446,-122.27730986174787,1564012782.0,2019-07-24T16:59:42-07:00,POINT (-122.27730986174787 37.83370907371446),1.5170511943453164,5169.264953979099,ios,0.24564249662112025,2.2727170145842024e-10,3.6059405461585925e-10
1021,37.8337069588197,-122.27731066992006,1564012783.0,2019-07-24T16:59:43-07:00,POINT (-122.27731066992006 37.8337069588197),1.5157787479359732,5169.510148151372,ios,0.24564249684839196,5.878657560742795e-10,-3.605941101270105e-10
1022,37.833704843924934,-122.27731147809223,1564012784.0,2019-07-24T16:59:44-07:00,POINT (-122.27731147809223 37.833704843924934),1.5145062973711678,5169.75534232436,ios,0.2456424974362577,2.27271645947269e-10,7.211881369872941e-10
1023,37.83370272903017,-122.2773122862644,1564012785.0,2019-07-24T16:59:45-07:00,POINT (-122.2773122862644 37.83370272903017),1.5132338430213228,5170.000536498927,ios,0.24564249766352936,9.484597829345631e-10,2.7755575615628914e-17
1024,37.83370061413541,-122.27731309443656,1564012786.0,2019-07-24T16:59:46-07:00,POINT (-122.27731309443656 37.83370061413541),1.5119613865116468,5170.245730673149,ios,0.24564249861198914,9.484598106901387e-10,-7.211882480095966e-10
1025,37.83369849924065,-122.27731390260874,1564012787.0,2019-07-24T16:59:47-07:00,POINT (-122.27731390260874 37.83369849924065),1.5106889231869634,5170.490924846433,ios,0.24564249956044895,2.2727156268054216e-10,3.605941101270105e-10
1026,37.833696384345885,-122.27731471078093,1564012788.0,2019-07-24T16:59:48-07:00,POINT (-122.27731471078093 37.833696384345885),1.5094164542283555,5170.736119023283,ios,0.24564249978772051,5.878656728075526e-10,3.6059419339373733e-10
1027,37.83369426945112,-122.2773155189531,1564012789.0,2019-07-24T16:59:49-07:00,POINT (-122.2773155189531 37.83369426945112),1.508143982592748,5170.981313197999,ios,0.2456425003755862,9.4845986620129e-10,-1.442376801330525e-09
1028,37.83369215455636,-122.27731632712528,1564012790.0,2019-07-24T16:59:50-07:00,POINT (-122.27731632712528 37.83369215455636),1.506871507172101,5171.226507374294,ios,0.24564250132404605,-4.93916935129235e-10,2.163565160362424e-09
1029,37.8336900396616,-122.27731713529747,1564012791.0,2019-07-24T16:59:51-07:00,POINT (-122.27731713529747 37.8336900396616),1.505599027337408,5171.471701550409,ios,0.24564250083012912,1.669648225233189e-09,-2.1987661413813697e-09
1030,37.833687924766835,-122.27731794346961,1564012792.0,2019-07-24T16:59:52-07:00,POINT (-122.27731794346961 37.833687924766835),1.5043265455840138,5171.716895726596,ios,0.24564250249977734,-5.291179161481807e-10,1.8733728457398513e-09
1031,37.83368580987207,-122.2773187516418,1564012793.0,2019-07-24T16:59:53-07:00,POINT (-122.2773187516418 37.83368580987207),1.5030540572916506,5171.962089903217,ios,0.24564250197065943,1.3442549295916706e-09,-7.563893122952692e-10
1032,37.83368369497732,-122.27731955981398,1564012794.0,2019-07-24T16:59:54-07:00,POINT (-122.27731955981398 37.83368369497732),1.501781565084956,5172.207284080971,ios,0.24564250331491436,5.878656172964014e-10,3.605942766604642e-10
1033,37.833681580082555,-122.27732036798615,1564012795.0,2019-07-24T16:59:55-07:00,POINT (-122.27732036798615 37.833681580082555),1.5005090688695448,5172.452478260367,ios,0.24564250390277997,9.484598939568656e-10,-1.4423772454197348e-09
1034,37.83367946518779,-122.27732117615832,1564012796.0,2019-07-24T16:59:56-07:00,POINT (-122.27732117615832 37.83367946518779),1.499236567946596,5172.69767243773,ios,0.24564250485123987,-4.939173514628692e-10,2.1635658542518144e-09
1035,37.83367735029303,-122.27732198433051,1564012797.0,2019-07-24T16:59:57-07:00,POINT (-122.27732198433051 37.83367735029303),1.497964061148592,5172.942866618246,ios,0.24564250435732252,1.6696485027889452e-09,-0.0001202953033426768
1036,37.83367523539827,-122.27732279250266,1564012798.0,2019-07-24T16:59:58-07:00,POINT (-122.27732279250266 37.83367523539827),1.4966915564231493,5173.188060796709,ios,0.24564250602697102,-0.00012029363369417401,1.7851594856129507
1037,37.833673120503505,-122.27732360067485,1564012799.0,2019-07-24T16:59:59-07:00,POINT (-122.27732360067485 37.833673120503505),1.4954190409088912,5173.433254976836,ios,0.24552221239327685,1.7850391919792565,-1.7850391510917516
1038,37.83367100664443,-122.27732440845125,1564012800.0,2019-07-24T17:00:00-07:00,POINT (-122.27732440845125 37.83367100664443),1.494147148187534,5173.678329082515,ios,2.0305614043725333,4.0887504937359154e-08,-0.00016653975162927992
1039,37.83365352415362,-122.27733108873866,1564012801.0,2019-07-24T17:00:01-07:00,POINT (-122.27733108873866 37.83365352415362),1.4836581185797368,5175.7051845614105,ios,2.0305614452600382,-0.00016649886412434256,1.6662380683606877
1040,37.83363604166281,-122.2773377690261,1564012802.0,2019-07-24T17:00:02-07:00,POINT (-122.2773377690261 37.83363604166281),1.4942612825977992,5177.7051587480855,ios,2.030394946395914,1.6660715694965633,1.1014384981521088
1041,37.833618560605835,-122.27734444876562,1564012803.0,2019-07-24T17:00:03-07:00,POINT (-122.27734444876562 37.833618560605835),1.5204899536863974,5179.731705470415,ios,3.696466515892477,2.767510067648672,-2.764717066117952
1042,37.83358667283409,-122.27735634486773,1564012804.0,2019-07-24T17:00:04-07:00,POINT (-122.27735634486773 37.83358667283409),1.592544108003894,5183.420715550661,ios,6.463976583541149,0.0027930015307200406,0.5762334561318507
1043,37.833530910987136,-122.27737714746972,1564012805.0,2019-07-24T17:00:05-07:00,POINT (-122.27737714746972 37.833530910987136),1.6913384389880501,5189.899088445286,ios,6.466769585071869,0.5790264576625708,-0.021358867376168433
1044,37.833475125049574,-122.277397959059,1564012806.0,2019-07-24T17:00:06-07:00,POINT (-122.277397959059 37.833475125049574),1.7135274781297734,5196.354006069242,ios,7.04579604273444,0.5576675902864023,0.043081198107633334
1045,37.833414344112796,-122.27742063409052,1564012807.0,2019-07-24T17:00:07-07:00,POINT (-122.27742063409052 37.833414344112796),1.7377000634641435,5203.3868888693305,ios,7.6034636330208425,0.6007487883940357,-1.3687966751384568
1046,37.833348752431185,-122.27744510382605,1564012808.0,2019-07-24T17:00:08-07:00,POINT (-122.27744510382605 37.833348752431185),1.7637821019751063,5210.97641710519,ios,8.204212421414878,-0.7680478867444211,0.7089836371085703
1047,37.83327801154465,-122.27747164908062,1564012809.0,2019-07-24T17:00:09-07:00,POINT (-122.27747164908062 37.83327801154465),1.7788792148987387,5219.165657162434,ios,7.436164534670457,-0.059064249635850885,-0.5606788592130272
1048,37.83321405026873,-122.27749637054553,1564012810.0,2019-07-24T17:00:10-07:00,POINT (-122.27749637054553 37.83321405026873),1.7318114797544848,5226.588254867483,ios,7.377100285034606,-0.6197431088488781,0.6098884159773483
1049,37.83315063322092,-122.27752104525418,1564012811.0,2019-07-24T17:00:11-07:00,POINT (-122.27752104525418 37.83315063322092),1.671350014359838,5233.9518281513365,ios,6.757357176185728,-0.009854692871529735,-4.867343589127277
1050,37.833092565702344,-122.27754373718024,1564012812.0,2019-07-24T17:00:12-07:00,POINT (-122.27754373718024 37.833092565702344),1.4311334331292158,5241.14220367426,ios,6.747502483314198,-4.8771982819988065,14.475580204909786
1051,37.83303458287136,-122.27756639601161,1564012813.0,2019-07-24T17:00:13-07:00,POINT (-122.27756639601161 37.83303458287136),1.1551042199828976,5247.462079152357,ios,1.8703042013153919,9.59838192291098,-9.598993167951667
1052,37.83301851092061,-122.27757267669189,1564012814.0,2019-07-24T17:00:14-07:00,POINT (-122.27757267669189 37.83301851092061),1.1675270606619828,5249.328980833056,ios,11.468686124226371,-0.0006112450406874359,-5.242334108406
1053,37.832919651164204,-122.2776099081983,1564012815.0,2019-07-24T17:00:15-07:00,POINT (-122.2776099081983 37.832919651164204),0.9933857522350547,5260.793558481882,ios,11.468074879185684,-5.242945353446688,5.113482278077163
1054,37.83282079668748,-122.27764713771633,1564012816.0,2019-07-24T17:00:16-07:00,POINT (-122.27764713771633 37.83282079668748),1.0712283094197754,5272.240484336562,ios,6.225129525738996,-0.12946307536952428,0.9199435608984512
1055,37.832767135206616,-122.27766734227758,1564012817.0,2019-07-24T17:00:17-07:00,POINT (-122.27766734227758 37.832767135206616),1.113888418763702,5278.4541298919785,ios,6.095666450369472,0.7904804855289269,-0.4015041259553529
1056,37.83271458971851,-122.27768712664648,1564012818.0,2019-07-24T17:00:18-07:00,POINT (-122.27768712664648 37.83271458971851),1.155658762930736,5284.538551153311,ios,6.886146935898399,0.388976359573574,-1.460008355194108
1057,37.832655230182915,-122.27770947663295,1564012819.0,2019-07-24T17:00:19-07:00,POINT (-122.27770947663295 37.832655230182915),1.202842792141285,5291.411994576947,ios,7.275123295471973,-1.071031995620534,0.9659148200015881
1058,37.83259258343122,-122.2777333675041,1564012820.0,2019-07-24T17:00:20-07:00,POINT (-122.2777333675041 37.83259258343122),1.2271242288229054,5298.673886113283,ios,6.204091299851439,-0.10511717561894596,-0.6349926132289934
1059,37.832539160656815,-122.27775374632326,1564012821.0,2019-07-24T17:00:21-07:00,POINT (-122.27775374632326 37.832539160656815),1.2473572361569067,5304.866696196727,ios,6.098974124232493,-0.7401097888479393,1.1758419037203183
1060,37.83248665529229,-122.27777383128331,1564012822.0,2019-07-24T17:00:22-07:00,POINT (-122.27777383128331 37.83248665529229),1.2625196554585427,5310.954604752769,ios,5.3588643353845535,0.43573211487237895,-1.9940776373644766
1061,37.83244080191966,-122.27779261421848,1564012823.0,2019-07-24T17:00:23-07:00,POINT (-122.27779261421848 37.83244080191966),1.1712006063499238,5316.303233500613,ios,5.7945964502569325,-1.5583455224920977,1.7768115692657203
1062,37.8323912201879,-122.27781292440288,1564012824.0,2019-07-24T17:00:24-07:00,POINT (-122.27781292440288 37.8323912201879),1.0724539927749288,5322.086762005423,ios,4.236250927764835,0.21846604677362258,3.206917528569324
1063,37.83235497251347,-122.2778277725521,1564012825.0,2019-07-24T17:00:25-07:00,POINT (-122.2778277725521 37.83235497251347),1.0792789553011297,5326.283101258231,ios,4.454716974538457,3.4253835753429467,-3.425801989955075
1064,37.832317042125425,-122.27784409865082,1564012826.0,2019-07-24T17:00:26-07:00,POINT (-122.27784409865082 37.832317042125425),1.0734286848977903,5330.730119116096,ios,7.880100549881404,-0.0004184146121284371,-2.6658612868290845
1065,37.83224890143663,-122.27786874888383,1564012827.0,2019-07-24T17:00:27-07:00,POINT (-122.27786874888383 37.83224890143663),1.194649787291805,5338.637582466302,ios,7.879682135269276,-2.666279701441213,1.0327886770353305
1066,37.8321807643707,-122.2778933978063,1564012828.0,2019-07-24T17:00:28-07:00,POINT (-122.2778933978063 37.8321807643707),1.2583489063861701,5346.505304297684,ios,5.213402433828063,-1.6334910244058825,3.414040506233853
1067,37.83213568307373,-122.2779097059673,1564012829.0,2019-07-24T17:00:29-07:00,POINT (-122.2779097059673 37.83213568307373),1.2965856039983328,5351.708944079574,ios,3.5799114094221802,1.7805494818279706,-4.046421359090522
1068,37.8321047268901,-122.277920904368,1564012830.0,2019-07-24T17:00:30-07:00,POINT (-122.277920904368 37.8321047268901),1.3228407317429889,5355.282151702959,ios,5.360460891250151,-2.2658718772625517,4.12728988369938
1069,37.832058368970706,-122.27793765044608,1564012831.0,2019-07-24T17:00:31-07:00,POINT (-122.27793765044608 37.832058368970706),1.3641745295509988,5360.632554786799,ios,3.094589013987599,1.861418006436828,-3.078473534131116
1070,37.83203158914019,-122.27794724017106,1564012832.0,2019-07-24T17:00:32-07:00,POINT (-122.27794724017106 37.83203158914019),1.3951476037790294,5363.7212586040505,ios,4.956007020424427,-1.217055527694288,3.225668402470135
1071,37.83198870104657,-122.27796259818551,1564012833.0,2019-07-24T17:00:33-07:00,POINT (-122.27796259818551 37.83198870104657),1.444749896140093,5368.6678404183685,ios,3.738951492730139,2.008612874775847,-1.8619138275514664
1072,37.831956351477295,-122.27797421339314,1564012834.0,2019-07-24T17:00:34-07:00,POINT (-122.27797421339314 37.831956351477295),1.4795472431794086,5372.399712401698,ios,5.747564367505986,0.14669904722438076,0.06046376096134054
1073,37.83190670082832,-122.2779924110017,1564012835.0,2019-07-24T17:00:35-07:00,POINT (-122.2779924110017 37.83190670082832),1.5016883678177657,5378.136670311961,ios,5.894263414730367,0.2071628081857213,-3.725592560399221
1074,37.83185587015648,-122.27801145051752,1564012836.0,2019-07-24T17:00:36-07:00,POINT (-122.27801145051752 37.83185587015648),1.4897954989617237,5384.020166544096,ios,6.101426222916088,-3.5184297522134997,5.064299731160605
1075,37.83180335857644,-122.2780316056788,1564012837.0,2019-07-24T17:00:37-07:00,POINT (-122.2780316056788 37.83180335857644),1.4364816734391408,5390.110320730744,ios,2.5829964707025885,1.5458699789471053,3.4459655895621273
1076,37.831781128164195,-122.27804013822613,1564012838.0,2019-07-24T17:00:38-07:00,POINT (-122.27804013822613 37.831781128164195),1.4139108591039626,5392.688545235882,ios,4.128866449649694,4.991835568509233,-8.055396358651429
1077,37.83174559331107,-122.2780537773262,1564012839.0,2019-07-24T17:00:39-07:00,POINT (-122.2780537773262 37.83174559331107),1.3778309118342105,5396.809783765741,ios,9.120702018158926,-3.063560790142195,2.9580323937201145
1078,37.831667096515524,-122.27808390621534,1564012840.0,2019-07-24T17:00:40-07:00,POINT (-122.27808390621534 37.831667096515524),1.2981257926343213,5405.913635500312,ios,6.057141228016731,-0.10552839642208056,-2.503082596581635
1079,37.831614966082995,-122.27810391508335,1564012841.0,2019-07-24T17:00:41-07:00,POINT (-122.27810391508335 37.831614966082995),1.2451897058205048,5411.959586192721,ios,5.951612831594651,-2.6086109930037154,2.8755922522877153
1080,37.83156403660096,-122.2781247588094,1564012842.0,2019-07-24T17:00:42-07:00,POINT (-122.2781247588094 37.83156403660096),1.0840929471899445,5417.898507623054,ios,3.3430018385909355,0.26698125928399996,-1.9257604034039675
1081,37.83153544609722,-122.27813653078992,1564012843.0,2019-07-24T17:00:43-07:00,POINT (-122.27813653078992 37.83153544609722),0.9876760450932146,5421.234229208226,ios,3.6099830978749354,-1.6587791441199675,0.052119491609640134
1082,37.83150457227893,-122.27814924291245,1564012844.0,2019-07-24T17:00:44-07:00,POINT (-122.27814924291245 37.83150457227893),0.8835581080152247,5424.836350583651,ios,1.951203953754968,-1.6066596525103274,1.6066596537910782
1083,37.83148788491148,-122.27815611384297,1564012845.0,2019-07-24T17:00:45-07:00,POINT (-122.27815611384297 37.83148788491148),1.637330604352916,5425.370345063952,ios,0.34454430124464047,1.2807509497392289e-09,2.5838997608218506e-11
1084,37.83148493545482,-122.2781573161769,1564012846.0,2019-07-24T17:00:46-07:00,POINT (-122.2781573161769 37.83148493545482),1.9380348913543624,5425.370345063952,ios,0.3445443025253914,1.3065899473474474e-09,-3.7211952679527815e-05
1085,37.831481985998145,-122.2781585185108,1564012847.0,2019-07-24T17:00:47-07:00,POINT (-122.2781585185108 37.831481985998145),2.251152952627908,5425.370345063952,ios,0.34454430383198137,-3.721064608958047e-05,-0.29633636934957625
1086,37.83147903654148,-122.27815972084474,1564012848.0,2019-07-24T17:00:48-07:00,POINT (-122.27815972084474 37.83147903654148),2.5721552484660006,5425.370345063952,ios,0.3445070931858918,-0.2963735799956658,0.29637358039591477
1087,37.83147608740337,-122.27816092304882,1564012849.0,2019-07-24T17:00:49-07:00,POINT (-122.27816092304882 37.83147608740337),2.898387954125345,5425.370345063952,ios,0.04813351319022599,4.0024895897605717e-10,-1.8809015456255906e-09
1088,37.83147567462142,-122.2781610880906,1564012850.0,2019-07-24T17:00:50-07:00,POINT (-122.2781610880906 37.83147567462142),2.944366286324833,5425.370345063952,ios,0.04813351359047495,-1.4806525866495335e-09,2.6343148148977313e-09
1089,37.83147526183948,-122.2781612531324,1564012851.0,2019-07-24T17:00:51-07:00,POINT (-122.2781612531324 37.83147526183948),2.9904096849845603,5425.370345063952,ios,0.04813351210982236,1.1536622282481979e-09,-7.53413248455459e-10
1090,37.83147484905754,-122.27816141817416,1564012852.0,2019-07-24T17:00:52-07:00,POINT (-122.27816141817416 37.83147484905754),3.036515192964185,5425.370345063952,ios,0.04813351326348459,4.002489797927389e-10,-3.7582945089376096e-10
1091,37.8314744362756,-122.27816158321595,1564012853.0,2019-07-24T17:00:53-07:00,POINT (-122.27816158321595 37.8314744362756),3.08268002166702,5425.370345063952,ios,0.04813351366373357,2.4419528898977916e-11,-7.516588393374768e-10
1092,37.831474023493655,-122.27816174825774,1564012854.0,2019-07-24T17:00:54-07:00,POINT (-122.27816174825774 37.831474023493655),3.1289015476736357,5425.370345063952,ios,0.0481335136881531,-7.272393104384989e-10,3.740749585090519e-10
1093,37.83147361071171,-122.27816191329954,1564012855.0,2019-07-24T17:00:55-07:00,POINT (-122.27816191329954 37.83147361071171),3.175177293194418,5425.370345063952,ios,0.04813351296091379,-3.5316435192944695e-10,1.506826635688796e-09
1094,37.83147319792977,-122.27816207834131,1564012856.0,2019-07-24T17:00:56-07:00,POINT (-122.27816207834131 37.83147319792977),3.221504921102932,5425.370345063952,ios,0.04813351260774944,1.153662283759349e-09,-1.5050721988152382e-09
1095,37.83147278514783,-122.2781622433831,1564012857.0,2019-07-24T17:00:57-07:00,POINT (-122.2781622433831 37.83147278514783),3.267882226717852,5425.370345063952,ios,0.04813351376141172,-3.5140991505588914e-10,7.516589087264158e-10
1096,37.83147237236589,-122.27816240842489,1564012858.0,2019-07-24T17:00:58-07:00,POINT (-122.27816240842489 37.83147237236589),3.3143071223239393,5425.370345063952,ios,0.048133513410001806,4.002489936705267e-10,-1.8809016427701053e-09
1097,37.83147195958394,-122.27816257346667,1564012859.0,2019-07-24T17:00:59-07:00,POINT (-122.27816257346667 37.83147195958394),3.360777638940835,5425.370345063952,ios,0.0481335138102508,-1.4806526490995786e-09,2.634314912042246e-09
1098,37.831471546802,-122.27816273850847,1564012860.0,2019-07-24T17:01:00-07:00,POINT (-122.27816273850847 37.831471546802),3.4072919068783536,5425.370345063952,ios,0.04813351232959815,1.1536622629426674e-09,-7.534132623332468e-10
1099,37.83147113402006,-122.27816290355024,1564012861.0,2019-07-24T17:01:01-07:00,POINT (-122.27816290355024 37.83147113402006),3.453848159059585,5425.370345063952,ios,0.048133513483260414,4.002490006094206e-10,-3.7582945783265487e-10
1100,37.83147072123812,-122.27816306859202,1564012862.0,2019-07-24T17:01:02-07:00,POINT (-122.27816306859202 37.83147072123812),3.5004447225689557,5425.370345063952,ios,0.048133513883509414,2.4419542776765724e-11,-7.516589226042036e-10
1101,37.831470308456176,-122.27816323363382,1564012863.0,2019-07-24T17:01:03-07:00,POINT (-122.27816323363382 37.831470308456176),3.547080006145816,5425.370345063952,ios,0.04813351390792896,-7.272393798274379e-10,3.740750625924605e-10
1102,37.83146989567423,-122.27816339867562,1564012864.0,2019-07-24T17:01:04-07:00,POINT (-122.27816339867562 37.83146989567423),3.5937525054123642,5425.370345063952,ios,0.04813351318068958,-3.5316431723497743e-10,1.5068266218110082e-09
1103,37.83146948289229,-122.27816356371738,1564012865.0,2019-07-24T17:01:05-07:00,POINT (-122.27816356371738 37.83146948289229),3.6404607844817933,5425.370345063952,ios,0.04813351282752526,1.1536623045760308e-09,-1.5050722543263895e-09
1104,37.83146907011035,-122.27816372875917,1564012866.0,2019-07-24T17:01:06-07:00,POINT (-122.27816372875917 37.83146907011035),3.687203486254364,5425.370345063952,ios,0.048133513981187565,-3.5140994975035866e-10,7.516589781153549e-10
1105,37.83146865732841,-122.27816389380096,1564012867.0,2019-07-24T17:01:07-07:00,POINT (-122.27816389380096 37.83146865732841),3.733979318491747,5425.370345063952,ios,0.048133513629777615,4.002490283649962e-10,-1.1274884498257975e-09
1106,37.831468244546464,-122.27816405884275,1564012868.0,2019-07-24T17:01:08-07:00,POINT (-122.27816405884275 37.831468244546464),3.7807870516942206,5425.370345063952,ios,0.04813351403002664,-7.272394214608013e-10,3.7407513892029343e-10
1107,37.83146783176452,-122.27816422388454,1564012869.0,2019-07-24T17:01:09-07:00,POINT (-122.27816422388454 37.83146783176452),3.827625514952294,5425.370345063952,ios,0.04813351330278722,-3.531642825405079e-10,1.5068266009943265e-09
1108,37.83146741898258,-122.27816438892631,1564012870.0,2019-07-24T17:01:10-07:00,POINT (-122.27816438892631 37.83146741898258),3.8744935914253316,5425.370345063952,ios,0.04813351294962294,1.1536623184538186e-09,-1.1292427756770529e-09
1109,37.83146700620064,-122.2781645539681,1564012871.0,2019-07-24T17:01:11-07:00,POINT (-122.2781645539681 37.83146700620064),3.9213902211396396,5425.370345063952,ios,0.04813351410328526,2.4419542776765724e-11,-7.516589989320366e-10
1110,37.831466593418696,-122.2781647190099,1564012872.0,2019-07-24T17:01:12-07:00,POINT (-122.2781647190099 37.831466593418696),3.968314394572752,5425.370345063952,ios,0.0481335141277048,-7.272394561552709e-10,1.1274884775813732e-09
1111,37.83146618063675,-122.27816488405169,1564012873.0,2019-07-24T17:01:13-07:00,POINT (-122.27816488405169 37.83146618063675),4.015265142545158,5425.370345063952,ios,0.048133513400465344,4.002490214261023e-10,-7.534132553943529e-10
1112,37.83146576785481,-122.27816504909346,1564012874.0,2019-07-24T17:01:14-07:00,POINT (-122.27816504909346 37.83146576785481),4.062241546077065,5425.370345063952,ios,0.048133513800714366,-3.531642339682506e-10,7.551675326733509e-10
1113,37.831465355072865,-122.27816521413524,1564012875.0,2019-07-24T17:01:15-07:00,POINT (-122.27816521413524 37.831465355072865),4.109242721632416,5425.370345063952,ios,0.04813351344755013,4.020032987051003e-10,-1.7542425845284981e-12
1114,37.83146494229093,-122.27816537917704,1564012876.0,2019-07-24T17:01:16-07:00,POINT (-122.27816537917704 37.83146494229093),4.156267832669701,5425.370345063952,ios,0.04813351384955343,4.002490561205718e-10,-1.1274885539092061e-09
1115,37.831464529508985,-122.27816554421882,1564012877.0,2019-07-24T17:01:17-07:00,POINT (-122.27816554421882 37.831464529508985),4.203316072677819,5425.370345063952,ios,0.048133514249802486,-7.272394977886343e-10,1.1274885400314183e-09
1116,37.83146411672704,-122.27816570926062,1564012878.0,2019-07-24T17:01:18-07:00,POINT (-122.27816570926062 37.83146411672704),4.250386677006877,5425.370345063952,ios,0.04813351352256299,4.00249042242784e-10,-7.53413248455459e-10
1117,37.8314637039451,-122.27816587430239,1564012879.0,2019-07-24T17:01:19-07:00,POINT (-122.27816587430239 37.8314637039451),4.297478907623895,5425.370345063952,ios,0.04813351392281203,-3.5316420621267497e-10,1.1309970182615814e-09
1118,37.83146329116315,-122.27816603934417,1564012880.0,2019-07-24T17:01:20-07:00,POINT (-122.27816603934417 37.83146329116315),4.3445920635282995,5425.370345063952,ios,0.048133513569647825,7.778328120489064e-10,-1.5050723445320102e-09
1119,37.83146287838122,-122.27816620438597,1564012881.0,2019-07-24T17:01:21-07:00,POINT (-122.27816620438597 37.83146287838122),4.3917254683227425,5425.370345063952,ios,0.04813351434748064,-7.272395324831038e-10,1.1274885816647817e-09
1120,37.83146246559927,-122.27816636942777,1564012882.0,2019-07-24T17:01:22-07:00,POINT (-122.27816636942777 37.83146246559927),4.438878480162218,5425.370345063952,ios,0.048133513620241104,4.002490491816779e-10,-7.534132345776712e-10
1121,37.83146205281733,-122.27816653446953,1564012883.0,2019-07-24T17:01:23-07:00,POINT (-122.27816653446953 37.83146205281733),4.4860504814786815,5425.370345063952,ios,0.048133514020490153,-3.5316418539599326e-10,7.551674355288363e-10
1122,37.831461640035386,-122.27816669951132,1564012884.0,2019-07-24T17:01:24-07:00,POINT (-122.27816669951132 37.831461640035386),4.533240875400285,5425.370345063952,ios,0.04813351366732597,4.02003250132843e-10,-1.7541454400138434e-12
1123,37.83146122725345,-122.27816686455311,1564012885.0,2019-07-24T17:01:25-07:00,POINT (-122.27816686455311 37.83146122725345),4.5804490956610255,5425.370345063952,ios,0.04813351406932922,4.0024910469282915e-10,-1.1274886788092964e-09
1124,37.831460814471505,-122.2781670295949,1564012886.0,2019-07-24T17:01:26-07:00,POINT (-122.2781670295949 37.831460814471505),4.627674597658217,5425.370345063952,ios,0.04813351446957832,-7.272395741164672e-10,1.5033182129697842e-09
1125,37.83146040168956,-122.2781671946367,1564012887.0,2019-07-24T17:01:27-07:00,POINT (-122.2781671946367 37.83146040168956),4.674916856557387,5425.370345063952,ios,0.04813351374233875,7.76078638853317e-10,-1.880901961959225e-09
1126,37.83145998890762,-122.27816735967846,1564012888.0,2019-07-24T17:01:28-07:00,POINT (-122.27816735967846 37.83145998890762),4.722175370290758,5425.370345063952,ios,0.04813351451841739,-1.104823323105908e-09,2.2584857248264534e-09
1127,37.831459576125674,-122.27816752472026,1564012889.0,2019-07-24T17:01:29-07:00,POINT (-122.27816752472026 37.831459576125674),4.769449653633873,5425.370345063952,ios,0.048133513413594065,1.1536624017205455e-09,-1.8809020035925883e-09
1128,37.83145916334374,-122.27816768976204,1564012890.0,2019-07-24T17:01:30-07:00,POINT (-122.27816768976204 37.83145916334374),4.81673924317001,5425.370345063952,ios,0.048133514567256466,-7.272396018720428e-10,1.1274886857481903e-09
1129,37.831458750561794,-122.27816785480384,1564012891.0,2019-07-24T17:01:31-07:00,POINT (-122.27816785480384 37.831458750561794),4.864043694100431,5425.370345063952,ios,0.048133513840016864,4.0024908387614744e-10,3.469446951953614e-17
1130,37.83145833777985,-122.27816801984561,1564012892.0,2019-07-24T17:01:32-07:00,POINT (-122.27816801984561 37.83145833777985),4.911362575310878,5425.370345063952,ios,0.04813351424026595,4.0024911857061696e-10,-1.5050724624932066e-09
1131,37.831457924997906,-122.27816818488739,1564012893.0,2019-07-24T17:01:33-07:00,POINT (-122.27816818488739 37.831457924997906),4.958695474933894,5425.370345063952,ios,0.04813351464051507,-1.1048233439225896e-09,-6.146288066651712e-05
1132,37.83145751221596,-122.27816834992919,1564012894.0,2019-07-24T17:01:34-07:00,POINT (-122.27816834992919 37.83145751221596),5.0060419949455115,5425.370345063952,ios,0.04813351353569172,-6.146398548986104e-05,4.955101972362447
1133,37.831457099434026,-122.27816851497097,1564012895.0,2019-07-24T17:01:35-07:00,POINT (-122.27816851497097 37.831457099434026),5.053401750075537,5425.370345063952,ios,0.04807204955020186,4.955040508376958,-6.632636223306434
1134,37.83145668717919,-122.27816867980201,1564012896.0,2019-07-24T17:01:36-07:00,POINT (-122.27816867980201 37.83145668717919),5.1007138743762015,5425.370345063952,ios,5.003112557927159,-1.6775957149294771,3.0986096206650844
1135,37.83141378163827,-122.27818583463933,1564012897.0,2019-07-24T17:01:37-07:00,POINT (-122.27818583463933 37.83141378163827),10.059723767502673,5425.370345063952,ios,3.3255168429976822,1.4210139057356073,-1.4212762697080046
1136,37.831385262773054,-122.27819723728068,1564012898.0,2019-07-24T17:01:38-07:00,POINT (-122.27819723728068 37.831385262773054),13.370425859666247,5425.370345063952,ios,4.7465307487332895,-0.000262363972397317,-4.746006020788495
1137,37.8313440662057,-122.27821139209054,1564012899.0,2019-07-24T17:01:39-07:00,POINT (-122.27821139209054 37.8313440662057),18.107177199013318,5425.370345063952,ios,4.746268384760892,-4.746268384760892,4.746268384760892
1138,37.83130287191706,-122.27822554611744,1564012900.0,2019-07-24T17:01:40-07:00,POINT (-122.27822554611744 37.83130287191706),22.844031982759404,5425.370345063952,ios,0.0,0.0,0.0
