time_threshold,timeline,sec_name,n_points,coverage_density,coverage_time,coverage_max_gap,max_jerk,max_acceleration,max_speed,median_jerk,mean_median_jerk_ratio,gt_error
10,unimodal_trip_car_bike_mtv_la,suburb_city_driving_weekend/suburb_city_driving_weekend_0,817,1.098848383130938,0.9197418228464354,0.04354886132823117,inf,inf,inf,24.540173992571255,0.0,4.738408267387402e-10
10,unimodal_trip_car_bike_mtv_la,suburb_bicycling/suburb_bicycling_0,1270,1.090673815030576,0.9479710712919585,0.0635935772539801,2143.263614615928,214.35942802174938,23.821847009575734,7.354385659386272,0.17212747233919704,8.120676155485603e-10
10,unimodal_trip_car_bike_mtv_la,suburb_city_driving_weekend/suburb_city_driving_weekend_1,702,1.1204151607274049,0.9731451352090905,0.03275960017134231,1419.5924264146743,236.59855337117972,41.60406013938996,14.988685831389688,0.2583335782815204,4.738408267387402e-10
10,unimodal_trip_car_bike_mtv_la,suburb_bicycling/suburb_bicycling_1,1333,1.0865440468217906,0.9513627555399236,0.08203261450035328,1437.1667427686352,143.71342548281393,24.83603093451114,7.38260203283916,0.20500260044086893,8.120676155485603e-10
10,unimodal_trip_car_bike_mtv_la,suburb_city_driving_weekend/suburb_city_driving_weekend_2,709,1.1203633280456395,0.9426534217583572,0.056158333134657595,2923.8928773931175,243.94864451296357,47.49888469242867,21.5585837663044,0.21445194123647937,4.738408267387402e-10
10,unimodal_trip_car_bike_mtv_la,suburb_bicycling/suburb_bicycling_2,1266,1.0907908605848842,0.932630114356307,0.05636993620780988,1771.9684913178894,159.54298347258506,20.99881694589225,6.63334382056724,0.19908169626285402,8.120676155485603e-10
10,unimodal_trip_car_bike_mtv_la,suburb_city_driving_weekend/suburb_city_driving_weekend_3,853,1.096423610480842,0.9395717252729129,0.0635864874342824,1603.6976392186393,194.8558011688871,36.54729224629635,17.533738170025178,0.23202571861082902,4.738408267387402e-10
10,unimodal_trip_car_bike_mtv_la,suburb_bicycling/suburb_bicycling_3,1320,1.086322270184237,0.9612143718385278,0.06289308584813252,1097.934756161777,118.83371273927025,19.38380349271459,3.765432586159859,0.12537989260232316,8.120676155485603e-10
10,unimodal_trip_car_bike_mtv_la,suburb_city_driving_weekend/suburb_city_driving_weekend_4,773,1.1091294442919983,0.9681066210688586,0.04053360486693704,1668.26266451166,205.45824706222038,34.33496700881488,10.403574651723119,0.19743157549836837,4.738408267387402e-10
10,unimodal_trip_car_bike_mtv_la,suburb_bicycling/suburb_bicycling_4,1285,1.088549737875304,0.9319682217418871,0.0715809848371564,7316.803605217262,481.03359512098257,42.64437249992676,7.510479601347555,0.10599148098135816,8.120676155485603e-10
10,unimodal_trip_car_bike_mtv_la,suburb_city_driving_weekend/suburb_city_driving_weekend_5,859,1.0962978341933842,0.9682392213642226,0.04901716552205319,2413.1084060739804,186.59771710656804,37.69684731418145,13.06591060978853,0.16327080061845645,4.738408267387402e-10
10,unimodal_trip_car_bike_mtv_la,suburb_bicycling/suburb_bicycling_5,1297,1.087267374828877,0.9511532922189674,0.05629829668993864,3316.9961452850075,215.71549787742745,28.413521720053634,6.976534378556153,0.14690802901987732,8.120676155485603e-10
10,car_scooter_brex_san_jose,freeway_driving_weekday/freeway_driving_weekday_0,1976,1.1924318924647042,1.0052359993449436,0.01877395799394535,6589.889193097179,686.7507054321063,107.77488888505421,51.06082993445105,0.1800795358850345,6.829429384774533e-10
10,car_scooter_brex_san_jose,bus trip with e-scooter access/city_escooter_0,1257,1.0417459760772478,1.017294321262904,0.01988990540372805,638.8021085327698,103.03218575796761,20.606475972521316,3.713568272748919,0.1875963383244719,6.416257647001624e-10
10,car_scooter_brex_san_jose,bus trip with e-scooter access/city_bus_rapid_transit_0,2745,1.163389687407169,1.0062042745696402,0.025280945342363248,inf,inf,inf,48.30150627107783,0.0,6.217521112241125e-10
10,car_scooter_brex_san_jose,bus trip with e-scooter access/walk_back_from_bus_0,681,1.0434291626958394,0.9249390257352134,0.07470599177756035,inf,inf,inf,0.7850672309001082,0.0,1.0612213331756848e-09
10,car_scooter_brex_san_jose,freeway_driving_weekday/freeway_driving_weekday_1,2032,1.18607065311847,0.9952030663399212,0.02626011114855976,4660.6675261050195,459.7962031601606,78.58750656242675,38.365608680938806,0.18895409883451225,6.829429384774533e-10
10,car_scooter_brex_san_jose,bus trip with e-scooter access/city_escooter_1,1236,1.0421526434890436,0.9612062187316411,0.02023597365998143,303.87173479127557,47.73831862933127,15.912925737171914,6.692254212392596,0.3767691639297632,6.416257647001624e-10
10,car_scooter_brex_san_jose,bus trip with e-scooter access/city_bus_rapid_transit_1,2925,1.1515806544825775,1.038212875075167,0.017285709372657467,inf,inf,inf,49.454941174241526,0.0,6.217521112241125e-10
10,car_scooter_brex_san_jose,bus trip with e-scooter access/walk_back_from_bus_1,640,1.0474594139929772,0.921423695894837,0.06463661490948798,inf,inf,inf,0.4363471516656683,0.0,1.0612213331756848e-09
10,car_scooter_brex_san_jose,freeway_driving_weekday/freeway_driving_weekday_2,1749,1.2237778381016993,0.9949481491632824,0.02565133368568783,13252.038921796924,1319.479557394811,141.37261418298064,65.82990832750966,0.19564109002912713,6.829429384774533e-10
10,car_scooter_brex_san_jose,bus trip with e-scooter access/city_escooter_2,1290,1.0406209181335506,1.0097640317901153,0.03731205112142282,inf,inf,inf,9.230943435599618,0.0,6.416257647001624e-10
10,car_scooter_brex_san_jose,bus trip with e-scooter access/city_bus_rapid_transit_2,2622,1.1715913850747546,1.0199764220179277,0.01986699263819206,inf,inf,inf,55.522265161311076,0.0,6.217521112241125e-10
10,car_scooter_brex_san_jose,bus trip with e-scooter access/walk_back_from_bus_2,620,1.0473522634796832,0.922664607404986,0.07929141562651666,3475.190874676539,173.7560773829388,17.375013265180257,0.8579112999394262,0.0342292970619707,1.0612213331756848e-09
10,car_scooter_brex_san_jose,freeway_driving_weekday/freeway_driving_weekday_3,1937,1.1965186374991097,0.9605448361924772,0.02379300509878946,6668.507852315846,699.3266313584463,102.75814142757399,49.30711900493105,0.2108166875044757,6.829429384774533e-10
10,car_scooter_brex_san_jose,bus trip with e-scooter access/city_escooter_3,1403,1.0364829551693713,0.8719258036812321,0.031075435763604702,inf,inf,inf,9.018283641493916,0.0,6.416257647001624e-10
10,car_scooter_brex_san_jose,bus trip with e-scooter access/city_bus_rapid_transit_3,2456,1.18540429586999,1.0347807101713218,0.03330329658592398,inf,inf,inf,60.67640381367303,0.0,6.217521112241125e-10
10,car_scooter_brex_san_jose,bus trip with e-scooter access/walk_back_from_bus_3,648,1.0461283993757509,0.914552991545162,0.054889453053665944,inf,inf,inf,0.748373307329824,0.0,1.0612213331756848e-09
10,car_scooter_brex_san_jose,freeway_driving_weekday/freeway_driving_weekday_4,2006,1.1885208914580028,0.9771619383757564,0.03126230648009202,5388.9440422334,661.8001477184473,100.09083620154577,47.05477734971237,0.19483984594950762,6.829429384774533e-10
10,car_scooter_brex_san_jose,bus trip with e-scooter access/city_escooter_4,1310,1.039620183988995,0.976724199825457,0.040870305267711717,inf,inf,inf,7.17101218767875,0.0,6.416257647001624e-10
10,car_scooter_brex_san_jose,bus trip with e-scooter access/city_bus_rapid_transit_4,2847,1.156450980254712,1.0084157727720096,0.03630915253926594,inf,inf,inf,59.007720201493186,0.0,6.217521112241125e-10
10,car_scooter_brex_san_jose,bus trip with e-scooter access/walk_back_from_bus_4,654,1.0465069517457688,0.9145450050061039,0.07406069811001177,inf,inf,inf,0.41599137529104563,0.0,1.0612213331756848e-09
10,car_scooter_brex_san_jose,freeway_driving_weekday/freeway_driving_weekday_5,1921,1.1980761773432484,0.9786026481785356,0.02833989323695442,inf,inf,inf,58.97831033939407,0.0,6.829429384774533e-10
10,car_scooter_brex_san_jose,bus trip with e-scooter access/city_escooter_5,1286,1.0397289596227934,0.9900998009312375,0.027892766947004898,inf,inf,inf,5.58445899449022,0.0,6.416257647001624e-10
10,car_scooter_brex_san_jose,bus trip with e-scooter access/city_bus_rapid_transit_5,2555,1.1776030852712926,0.9869417667096843,0.027201061501940214,inf,inf,inf,55.42261441329596,0.0,6.217521112241125e-10
10,car_scooter_brex_san_jose,bus trip with e-scooter access/walk_back_from_bus_5,647,1.0451589920032545,0.9336815384573594,0.06540370915879391,inf,inf,inf,0.7654262632032893,0.0,1.0612213331756848e-09
10,car_scooter_brex_san_jose,freeway_driving_weekday/freeway_driving_weekday_6,2002,1.1899229005519512,0.9689857915034072,0.016393908287565016,3125195645.0362782,4889390.011830561,7673.47430644889,47.27673227023756,3.0185985927789534e-05,6.829429384774533e-10
10,car_scooter_brex_san_jose,bus trip with e-scooter access/city_escooter_6,1482,1.034046591113879,0.9926113825543296,0.03345175766605653,inf,inf,inf,8.880301180797357,0.0,6.416257647001624e-10
10,car_scooter_brex_san_jose,bus trip with e-scooter access/city_bus_rapid_transit_6,2855,1.1552854821524332,1.0184779735459693,0.02056060967076108,inf,inf,inf,57.20002931670522,0.0,6.217521112241125e-10
10,car_scooter_brex_san_jose,bus trip with e-scooter access/walk_back_from_bus_6,625,1.048819175857893,0.9314121474399866,0.07146063423397946,inf,inf,inf,1.2543677473770822,0.0,1.0612213331756848e-09
10,train_bus_ebike_mtv_ucb,mtv_to_berkeley_sf_bart/walk_to_caltrain_0,1115,1.0798996314206475,0.9420683959825964,0.05199859096533307,inf,inf,inf,0.9710286345326009,0.0,7.066114844795951e-10
10,train_bus_ebike_mtv_ucb,mtv_to_berkeley_sf_bart/commuter_rail_aboveground_0,2927,1.1699103468304564,1.0513610647748608,0.050358672380470176,inf,inf,inf,47.330038896375726,0.0,7.225986198398043e-10
10,train_bus_ebike_mtv_ucb,mtv_to_berkeley_sf_bart/subway_underground_0,3864,1.1795275206619795,1.0552437800607466,0.04764526685894032,inf,inf,inf,10.908918221728918,0.0,8.022390272317053e-10
10,train_bus_ebike_mtv_ucb,mtv_to_berkeley_sf_bart/walk_to_bus_0,285,1.0072153442106522,0.7520474088894514,0.2516131236751745,inf,inf,inf,0.0027224019898015725,0.0,8.417568395528515e-10
10,train_bus_ebike_mtv_ucb,mtv_to_berkeley_sf_bart/city_bus_short_0,473,1.187725272612657,1.0094399451359815,0.10677260597574875,inf,inf,inf,28.462974893089516,0.0,6.4425497260919e-10
10,train_bus_ebike_mtv_ucb,walk_urban_university/walk_urban_university_0,866,1.0852523030292662,0.9816233583898029,0.046653018374287814,inf,inf,inf,0.9811226992567413,0.0,8.783406312073868e-10
10,train_bus_ebike_mtv_ucb,berkeley_to_mtv_SF_express_bus/walk to the bikeshare location_0,305,1.063190908063734,0.9291517500893296,0.044444322291711795,388.62586169717525,49.37201676276952,6.818010579732335,1.2323521435630254,0.16725676104563897,4.6000558237409036e-10
10,train_bus_ebike_mtv_ucb,berkeley_to_mtv_SF_express_bus/ebike_bikeshare_urban_long_0,1467,1.2122461443254104,0.9894102590188754,0.03106168703161475,4256.004833555523,287.5593667097222,35.953214005699586,20.050906559380703,0.27602918775863117,7.591327569011733e-10
10,train_bus_ebike_mtv_ucb,berkeley_to_mtv_SF_express_bus/express_bus_0,2751,1.1684156332095168,0.9823232618485457,0.022509755286215318,inf,inf,inf,28.376300789568404,0.0,6.769007973500341e-10
10,train_bus_ebike_mtv_ucb,berkeley_to_mtv_SF_express_bus/walk_downtown_urban_canyon_0,639,1.0228416010453756,0.8808562738925209,0.17333935350042928,inf,inf,inf,2.3391505239471027,0.0,1.060580868851958e-09
10,train_bus_ebike_mtv_ucb,berkeley_to_mtv_SF_express_bus/light_rail_below_above_ground_0,834,1.1584694695622915,1.0428999007797204,0.03615131324464886,inf,inf,inf,6.764349254920742,0.0,8.145851430344032e-10
10,train_bus_ebike_mtv_ucb,berkeley_to_mtv_SF_express_bus/commuter_rail_with_tunnels_0,4775,1.1718853165149357,1.0066856328732268,0.03562645780491622,inf,inf,inf,85.36197126553095,0.0,7.999884506231548e-10
10,train_bus_ebike_mtv_ucb,berkeley_to_mtv_SF_express_bus/inner_suburb_downtown_walk_0,1201,1.0739265613728732,0.992483558015472,0.042707927940921986,inf,inf,inf,0.758192138630168,0.0,7.13358173776683e-10
10,train_bus_ebike_mtv_ucb,mtv_to_berkeley_sf_bart/walk_to_caltrain_1,1012,1.0885996728621061,0.9371962414126067,0.05432166767994545,inf,inf,inf,1.3257736089403165,0.0,7.066114844795951e-10
10,train_bus_ebike_mtv_ucb,mtv_to_berkeley_sf_bart/commuter_rail_aboveground_1,2709,1.1851406281220844,1.0862353534262654,0.030190409566433235,inf,inf,inf,71.32719006949021,0.0,7.225986198398043e-10
10,train_bus_ebike_mtv_ucb,mtv_to_berkeley_sf_bart/subway_underground_1,3887,1.1905516105002931,0.8825806254650753,0.03782729307745313,inf,inf,inf,44.12481788534542,0.0,8.022390272317053e-10
10,train_bus_ebike_mtv_ucb,mtv_to_berkeley_sf_bart/walk_to_bus_1,215,1.004735401206298,0.9335327110552564,0.29428514286046503,inf,inf,inf,2.679314983398597,0.0,8.417568395528515e-10
10,train_bus_ebike_mtv_ucb,mtv_to_berkeley_sf_bart/city_bus_short_1,535,1.1655471854371682,1.0794969468218474,0.08169566138762567,inf,inf,inf,36.442266165463984,0.0,6.4425497260919e-10
10,train_bus_ebike_mtv_ucb,walk_urban_university/walk_urban_university_1,888,1.0837592209826854,0.9961952914388639,0.0516258677065059,inf,inf,inf,0.7688548563428537,0.0,8.783406312073868e-10
10,train_bus_ebike_mtv_ucb,berkeley_to_mtv_SF_express_bus/walk to the bikeshare location_1,219,1.0886989909077598,0.9122379216984541,0.07705307575992829,2089937.7866135992,12491.060734059383,154.7510963392786,0.7300881814796796,9.857424683927511e-06,4.6000558237409036e-10
10,train_bus_ebike_mtv_ucb,berkeley_to_mtv_SF_express_bus/ebike_bikeshare_urban_long_1,1446,1.2156335333163455,0.9985923919420963,0.03026455427610085,2699.1153139621033,261.19562528848564,34.49820826993847,20.4047513075176,0.27625960292337726,7.591327569011733e-10
10,train_bus_ebike_mtv_ucb,berkeley_to_mtv_SF_express_bus/express_bus_1,2788,1.1667078001059064,0.9948815734298229,0.032367002065755886,inf,inf,inf,27.949420566811554,0.0,6.822293654972005e-10
10,train_bus_ebike_mtv_ucb,berkeley_to_mtv_SF_express_bus/walk_downtown_urban_canyon_1,616,1.015901936064148,0.7752321885992709,0.1485409598674221,inf,inf,inf,0.6767596639043489,0.0,1.060580868851958e-09
10,train_bus_ebike_mtv_ucb,berkeley_to_mtv_SF_express_bus/light_rail_below_above_ground_1,869,1.1473698556097034,0.9230609956404733,0.02411744531230269,inf,inf,inf,15.154160986789377,0.0,8.145851430344032e-10
10,train_bus_ebike_mtv_ucb,berkeley_to_mtv_SF_express_bus/commuter_rail_with_tunnels_1,4797,1.1709937918704554,1.0325254093172982,0.026731170091313053,inf,inf,inf,84.02739946433368,0.0,7.999884506231548e-10
10,train_bus_ebike_mtv_ucb,berkeley_to_mtv_SF_express_bus/inner_suburb_downtown_walk_1,1188,1.0741179542130046,0.9916122978457492,0.033000782960773314,inf,inf,inf,0.5243629455474206,0.0,7.13358173776683e-10
10,train_bus_ebike_mtv_ucb,mtv_to_berkeley_sf_bart/walk_to_caltrain_2,874,1.1060416088779463,0.9462653161247389,0.05662675466418566,inf,inf,inf,1.5002676436634903,0.0,7.066114844795951e-10
10,train_bus_ebike_mtv_ucb,mtv_to_berkeley_sf_bart/commuter_rail_aboveground_2,2829,1.1762425625760404,1.0209592422766163,0.02465839651304492,inf,inf,inf,66.33346193268612,0.0,7.225986198398043e-10
10,train_bus_ebike_mtv_ucb,mtv_to_berkeley_sf_bart/subway_underground_2,3860,1.192435790475897,1.060494350411585,0.04497244649855072,inf,inf,inf,49.644667240731756,0.0,8.022390272317053e-10
10,train_bus_ebike_mtv_ucb,mtv_to_berkeley_sf_bart/walk_to_bus_2,223,1.010808397537759,0.8329005933086633,0.24174647737037,inf,inf,inf,0.004845104198591658,0.0,8.417568395528515e-10
10,train_bus_ebike_mtv_ucb,mtv_to_berkeley_sf_bart/city_bus_short_2,499,1.1780228118129996,1.0299583576954134,0.07436416547516932,24398.409746226745,1020.2469140915441,63.976679139932706,31.300280362972863,0.07526288370730246,6.4425497260919e-10
10,train_bus_ebike_mtv_ucb,walk_urban_university/walk_urban_university_2,780,1.096962151039883,0.9777766185317998,0.04234880136047729,inf,inf,inf,1.2076685507889435,0.0,8.783406312073868e-10
10,train_bus_ebike_mtv_ucb,berkeley_to_mtv_SF_express_bus/walk to the bikeshare location_2,1403,1.013147647205879,0.5918632023628502,0.4069804613565727,inf,inf,inf,0.008914437912449428,0.0,4.6000558237409036e-10
10,train_bus_ebike_mtv_ucb,berkeley_to_mtv_SF_express_bus/ebike_bikeshare_urban_long_2,1543,1.2001097191915584,0.9356085729118311,0.03169398136600144,inf,inf,inf,24.40748513904129,0.0,7.591327569011733e-10
10,train_bus_ebike_mtv_ucb,berkeley_to_mtv_SF_express_bus/express_bus_2,2365,1.202236324410241,0.9458773706070406,0.028242214317204972,inf,inf,inf,54.9957576634567,0.0,6.769007973500341e-10
10,train_bus_ebike_mtv_ucb,berkeley_to_mtv_SF_express_bus/walk_downtown_urban_canyon_2,564,1.0181713692785077,0.7767413086047017,0.13754853961691502,inf,inf,inf,0.6878344572869808,0.0,1.060580868851958e-09
10,train_bus_ebike_mtv_ucb,berkeley_to_mtv_SF_express_bus/light_rail_below_above_ground_2,1218,1.1034479510048696,1.1385699575314463,0.1661907046105287,inf,inf,inf,22.733848477395973,0.0,8.145851430344032e-10
10,train_bus_ebike_mtv_ucb,berkeley_to_mtv_SF_express_bus/commuter_rail_with_tunnels_2,4793,1.1702608973273092,0.9976572308083493,0.031395021074769325,inf,inf,inf,82.98141822851665,0.0,7.999884506231548e-10
10,train_bus_ebike_mtv_ucb,berkeley_to_mtv_SF_express_bus/inner_suburb_downtown_walk_2,1193,1.074424960602365,0.9965226811219494,0.04795684699060184,inf,inf,inf,0.7994885980887975,0.0,7.13358173776683e-10
10,train_bus_ebike_mtv_ucb,mtv_to_berkeley_sf_bart/walk_to_caltrain_3,949,1.0954065836165017,0.9299806664626175,0.0757216154615967,inf,inf,inf,2.026305904960809,0.0,7.066114844795951e-10
10,train_bus_ebike_mtv_ucb,mtv_to_berkeley_sf_bart/commuter_rail_aboveground_3,2639,1.1913622084675586,0.9978294804287592,0.027259023814595905,inf,inf,inf,80.83166431586216,0.0,7.225986198398043e-10
10,train_bus_ebike_mtv_ucb,mtv_to_berkeley_sf_bart/subway_underground_3,3868,1.1899452839988747,1.084476506458332,0.05034933820596516,inf,inf,inf,46.73467158664451,0.0,8.022390272317053e-10
10,train_bus_ebike_mtv_ucb,mtv_to_berkeley_sf_bart/walk_to_bus_3,309,1.0195085540598094,0.9760053492783586,0.29997607438188273,inf,inf,inf,0.8789159269494458,0.0,8.417568395528515e-10
10,train_bus_ebike_mtv_ucb,mtv_to_berkeley_sf_bart/city_bus_short_3,378,1.2526017169820336,0.9336601529493946,0.03479387035941772,inf,inf,inf,36.557216152490646,0.0,6.4425497260919e-10
10,train_bus_ebike_mtv_ucb,walk_urban_university/walk_urban_university_3,797,1.0942109175206816,0.9799201643049108,0.03862147976113899,inf,inf,inf,1.9475302030664676,0.0,8.783406312073868e-10
10,train_bus_ebike_mtv_ucb,berkeley_to_mtv_SF_express_bus/walk to the bikeshare location_3,519,1.0708071431547226,0.9733234036955717,0.03700601124372408,inf,inf,inf,1.1328472274213524,0.0,5.692611509058333e-10
10,train_bus_ebike_mtv_ucb,berkeley_to_mtv_SF_express_bus/ebike_bikeshare_urban_long_3,1586,1.1937928502189994,0.9947120870209737,0.02896422960654504,56348.5717674392,1070.625818124643,30.86305497344093,15.129634917495052,0.16906290627732554,7.481166846026598e-10
10,train_bus_ebike_mtv_ucb,berkeley_to_mtv_SF_express_bus/express_bus_3,2741,1.1612161764189428,1.0084581401890027,0.01668087531873391,inf,inf,inf,21.37111142180013,0.0,7.342253319793175e-10
10,train_bus_ebike_mtv_ucb,berkeley_to_mtv_SF_express_bus/walk_downtown_urban_canyon_3,785,1.0121577735661518,0.9033385139682629,0.1438725575796332,inf,inf,inf,5.69362060814831,0.0,8.02529976053429e-10
10,train_bus_ebike_mtv_ucb,berkeley_to_mtv_SF_express_bus/light_rail_below_above_ground_3,930,1.140471929943614,0.9718885025293792,0.05534806613867616,inf,inf,inf,8.194752567813211,0.0,8.145851430344032e-10
10,train_bus_ebike_mtv_ucb,berkeley_to_mtv_SF_express_bus/commuter_rail_with_tunnels_3,3579,1.2425810516383924,0.963191169625909,0.03483628549655543,inf,inf,inf,127.0957692758474,0.0,7.999884506231548e-10
10,train_bus_ebike_mtv_ucb,berkeley_to_mtv_SF_express_bus/inner_suburb_downtown_walk_3,1186,1.074666833186685,0.9922190436753685,0.03974772775432457,inf,inf,inf,1.2966713934551097,0.0,7.13358173776683e-10
10,train_bus_ebike_mtv_ucb,mtv_to_berkeley_sf_bart/walk_to_caltrain_4,960,1.0936529756486262,0.9403396966241989,0.06364239614109067,inf,inf,inf,3.1322775675434893,0.0,7.066114844795951e-10
10,train_bus_ebike_mtv_ucb,mtv_to_berkeley_sf_bart/commuter_rail_aboveground_4,2716,1.184768680053126,0.9592273819452436,0.03773217685490058,inf,inf,inf,119.44547914078066,0.0,7.225986198398043e-10
10,train_bus_ebike_mtv_ucb,mtv_to_berkeley_sf_bart/subway_underground_4,3882,1.1899937289785,1.072666515427635,0.051637876973952584,inf,inf,inf,10.127419591529645,0.0,8.022390272317053e-10
10,train_bus_ebike_mtv_ucb,mtv_to_berkeley_sf_bart/walk_to_bus_4,318,1.017214138932621,0.9584775747873294,0.32986330944224185,inf,inf,inf,2.2853577127529237,0.0,8.417568395528515e-10
10,train_bus_ebike_mtv_ucb,mtv_to_berkeley_sf_bart/city_bus_short_4,344,1.2802506440922412,0.8659171907906931,0.05117480829051952,1842.0815216903911,185.18476822522854,37.14824772009973,24.59998024436438,0.18720267350727468,6.4425497260919e-10
10,train_bus_ebike_mtv_ucb,walk_urban_university/walk_urban_university_4,797,1.0943910708015385,0.9884212641766323,0.062476016635169745,inf,inf,inf,1.9902994680521202,0.0,8.783406312073868e-10
10,train_bus_ebike_mtv_ucb,berkeley_to_mtv_SF_express_bus/walk to the bikeshare location_4,423,1.081873462146632,0.975593977885727,0.03252413397510759,inf,inf,inf,1.791592937495236,0.0,5.692611509058333e-10
10,train_bus_ebike_mtv_ucb,berkeley_to_mtv_SF_express_bus/ebike_bikeshare_urban_long_4,1297,1.2473953722311308,1.0020037809027822,0.0269280120204103,1419.8390386608705,193.76694457457143,34.692077580593526,22.099855117755244,0.3503458552690469,7.481166846026598e-10
10,train_bus_ebike_mtv_ucb,berkeley_to_mtv_SF_express_bus/express_bus_4,2768,1.1595518300253291,1.007431176389491,0.022551468031725974,inf,inf,inf,22.80459852041635,0.0,7.342253319793175e-10
10,train_bus_ebike_mtv_ucb,berkeley_to_mtv_SF_express_bus/walk_downtown_urban_canyon_4,687,1.0155550644716347,0.898126953357625,0.12373774916571322,inf,inf,inf,3.1771631497469297,0.0,8.02529976053429e-10
10,train_bus_ebike_mtv_ucb,berkeley_to_mtv_SF_express_bus/light_rail_below_above_ground_4,978,1.1316995244750658,0.9431580301140763,0.044549426583259936,inf,inf,inf,16.880962012144018,0.0,8.145851430344032e-10
10,train_bus_ebike_mtv_ucb,berkeley_to_mtv_SF_express_bus/commuter_rail_with_tunnels_4,4839,1.1691312469162367,0.9973500918684234,0.03569284342887911,inf,inf,inf,76.97193843960233,0.0,7.999884506231548e-10
10,train_bus_ebike_mtv_ucb,berkeley_to_mtv_SF_express_bus/inner_suburb_downtown_walk_4,1081,1.0827986868850388,0.9984163293860867,0.04725599698187916,208010.05842017938,3151.688227660616,64.4003318053266,1.1108591768887905,0.001745110606481395,7.13358173776683e-10
10,train_bus_ebike_mtv_ucb,mtv_to_berkeley_sf_bart/walk_to_caltrain_5,953,1.0955377151487455,0.9247347134949291,0.057725635077007946,inf,inf,inf,2.812598682065001,0.0,7.066114844795951e-10
10,train_bus_ebike_mtv_ucb,mtv_to_berkeley_sf_bart/commuter_rail_aboveground_5,2913,1.1698908683633351,0.9764127651850234,0.037094383223035196,inf,inf,inf,101.63946682337848,0.0,7.225986198398043e-10
10,train_bus_ebike_mtv_ucb,mtv_to_berkeley_sf_bart/subway_underground_5,3900,1.1853006964856805,1.0580741157665379,0.03749089599799787,inf,inf,inf,9.544978725845922,0.0,8.022390272317053e-10
10,train_bus_ebike_mtv_ucb,mtv_to_berkeley_sf_bart/walk_to_bus_5,304,0.981224067490317,0.9133953472095654,0.3081836469055478,inf,inf,inf,1.3002862734456113,0.0,8.417568395528515e-10
10,train_bus_ebike_mtv_ucb,mtv_to_berkeley_sf_bart/city_bus_short_5,309,1.3267780084595318,0.9395137545084838,0.04657872562298531,inf,inf,inf,23.475080155719503,0.0,6.4425497260919e-10
10,train_bus_ebike_mtv_ucb,walk_urban_university/walk_urban_university_5,826,1.0912703168849494,0.9415324061464276,0.04199304766873166,inf,inf,inf,1.8138480540040232,0.0,8.783406312073868e-10
10,train_bus_ebike_mtv_ucb,berkeley_to_mtv_SF_express_bus/walk to the bikeshare location_5,356,1.1082698172397754,0.9969791596642373,0.04532214633936056,181.1230728561427,33.5108198161552,7.797667397967575,1.0560816624904903,0.13060633604651586,5.692611509058333e-10
10,train_bus_ebike_mtv_ucb,berkeley_to_mtv_SF_express_bus/ebike_bikeshare_urban_long_5,1414,1.2221166437991446,0.9651723023354732,0.05051760034366362,4160.008510424994,274.7778073900944,36.00196972725621,22.167547147553137,0.22579685446115,7.481166846026598e-10
10,train_bus_ebike_mtv_ucb,berkeley_to_mtv_SF_express_bus/express_bus_5,2381,1.1901073489375285,0.9878860472599084,0.033724047038091565,inf,inf,inf,43.63323563675558,0.0,7.342253319793175e-10
10,train_bus_ebike_mtv_ucb,berkeley_to_mtv_SF_express_bus/walk_downtown_urban_canyon_5,652,1.0130380518125965,0.8988320152086083,0.1379523987855194,inf,inf,inf,2.9285214927950998,0.0,8.02529976053429e-10
10,train_bus_ebike_mtv_ucb,berkeley_to_mtv_SF_express_bus/light_rail_below_above_ground_5,799,1.1549854912682338,0.8939237836029307,0.038397401827324436,inf,inf,inf,14.14499466947695,0.0,8.145851430344032e-10
10,train_bus_ebike_mtv_ucb,berkeley_to_mtv_SF_express_bus/commuter_rail_with_tunnels_5,4252,1.1966217433545243,0.9949549889478917,0.0240196585996571,inf,inf,inf,78.84571651329819,0.0,7.999884506231548e-10
10,train_bus_ebike_mtv_ucb,berkeley_to_mtv_SF_express_bus/inner_suburb_downtown_walk_5,1063,1.0837897723786443,0.9947155480649078,0.049945147447710295,inf,inf,inf,1.0220225296162684,0.0,7.13358173776683e-10
10,train_bus_ebike_mtv_ucb,mtv_to_berkeley_sf_bart/walk_to_caltrain_6,945,1.0943668186564532,0.9472950240412685,0.047723252499325464,inf,inf,inf,2.8229682979972326,0.0,7.066114844795951e-10
10,train_bus_ebike_mtv_ucb,mtv_to_berkeley_sf_bart/commuter_rail_aboveground_6,2858,1.1744875279132865,0.9050185961199821,0.03281859574674671,inf,inf,inf,109.36459964816564,0.0,7.225986198398043e-10
10,train_bus_ebike_mtv_ucb,mtv_to_berkeley_sf_bart/subway_underground_6,3901,1.1888153695217625,0.966082747856557,0.02237221960056457,inf,inf,inf,64.72022242951881,0.0,8.022390272317053e-10
10,train_bus_ebike_mtv_ucb,mtv_to_berkeley_sf_bart/walk_to_bus_6,292,1.0112037324657515,0.9526088848965049,0.2746423399395711,inf,inf,inf,0.6695915431033171,0.0,8.417568395528515e-10
10,train_bus_ebike_mtv_ucb,mtv_to_berkeley_sf_bart/city_bus_short_6,366,1.1933310208133237,1.0487959792960004,0.05656090960449829,5727.653631042942,304.4102342148815,34.429624293824354,42.57682059303005,0.1729775908802836,6.922048303980974e-10
10,train_bus_ebike_mtv_ucb,walk_urban_university/walk_urban_university_6,824,1.0908826258836604,0.963023480322965,0.05569646214687014,inf,inf,inf,1.6771014022322401,0.0,8.783406312073868e-10
10,train_bus_ebike_mtv_ucb,berkeley_to_mtv_SF_express_bus/walk to the bikeshare location_6,431,1.0867783565118991,0.9949695450921687,0.044052559149501916,10163.502709329961,386.8001960556364,23.04791418903399,1.1207515062947169,0.013145031665851965,5.692611509058333e-10
10,train_bus_ebike_mtv_ucb,berkeley_to_mtv_SF_express_bus/ebike_bikeshare_urban_long_6,1513,1.205552394831096,0.9791696310212928,0.02928205105852851,2958.342614340966,197.5511109248511,30.72478725343041,19.377145947059798,0.2658514245345735,7.481166846026598e-10
10,train_bus_ebike_mtv_ucb,berkeley_to_mtv_SF_express_bus/express_bus_6,2422,1.186775116729081,0.9823026366923842,0.0609074520613112,inf,inf,inf,49.794015171345976,0.0,7.342253319793175e-10
10,train_bus_ebike_mtv_ucb,berkeley_to_mtv_SF_express_bus/walk_downtown_urban_canyon_6,666,1.0171660376133402,0.8747589256252539,0.1385319342822553,inf,inf,inf,1.6797119954044373,0.0,8.02529976053429e-10
10,train_bus_ebike_mtv_ucb,berkeley_to_mtv_SF_express_bus/light_rail_below_above_ground_6,941,1.1402625530901338,0.9673704629602659,0.046340252476308456,inf,inf,inf,17.486721264306986,0.0,8.145851430344032e-10
10,train_bus_ebike_mtv_ucb,berkeley_to_mtv_SF_express_bus/commuter_rail_with_tunnels_6,4217,1.1988857076704018,1.007798186925356,0.021924874381268868,inf,inf,inf,72.01568290839252,0.0,7.999884506231548e-10
10,train_bus_ebike_mtv_ucb,berkeley_to_mtv_SF_express_bus/inner_suburb_downtown_walk_6,1188,1.0738826255310765,0.9942511584323451,0.03708383844261321,inf,inf,inf,1.4902989479277453,0.0,7.13358173776683e-10
10,train_bus_ebike_mtv_ucb,mtv_to_berkeley_sf_bart/walk_to_caltrain_7,1068,1.0828504778722483,0.9115495418979003,0.08411348100912373,inf,inf,inf,3.2367510420292347,0.0,7.066114844795951e-10
10,train_bus_ebike_mtv_ucb,mtv_to_berkeley_sf_bart/commuter_rail_aboveground_7,2786,1.1797285620215774,0.9949782609624159,0.022590611204818683,inf,inf,inf,80.25151464376924,0.0,7.225986198398043e-10
10,train_bus_ebike_mtv_ucb,mtv_to_berkeley_sf_bart/subway_underground_7,3898,1.1883839249300352,0.9948982257455047,0.022662291689761735,inf,inf,inf,20.437132131623503,0.0,8.022390272317053e-10
10,train_bus_ebike_mtv_ucb,mtv_to_berkeley_sf_bart/walk_to_bus_7,295,1.0189141518045253,0.8924524841105776,0.20427736190359735,inf,inf,inf,0.8702657744285224,0.0,8.417568395528515e-10
10,train_bus_ebike_mtv_ucb,mtv_to_berkeley_sf_bart/city_bus_short_7,304,1.2541401479273258,0.984791536856192,0.05363016695524047,4478.182058932804,304.18954029009564,36.92467318080813,43.38406899196883,0.1549427027761854,6.922048303980974e-10
10,train_bus_ebike_mtv_ucb,walk_urban_university/walk_urban_university_7,851,1.0885569421297292,0.9673588710240267,0.06501493216222028,inf,inf,inf,2.441643543030083,0.0,8.783406312073868e-10
10,train_bus_ebike_mtv_ucb,berkeley_to_mtv_SF_express_bus/walk to the bikeshare location_7,442,1.087033213507231,0.9494747486942238,0.027801653371958085,inf,inf,inf,1.8267705339710278,0.0,5.692611509058333e-10
10,train_bus_ebike_mtv_ucb,berkeley_to_mtv_SF_express_bus/ebike_bikeshare_urban_long_7,1343,1.2367271889777305,1.0013872207902792,0.02256091487569944,1731.7983108240503,157.18050642863855,31.436395768002498,22.315763413213297,0.366327741719786,7.481166846026598e-10
10,train_bus_ebike_mtv_ucb,berkeley_to_mtv_SF_express_bus/express_bus_7,2349,1.1936553641922936,0.9789593440956872,0.02743067400289185,inf,inf,inf,32.907338743439304,0.0,7.39791657760347e-10
10,train_bus_ebike_mtv_ucb,berkeley_to_mtv_SF_express_bus/walk_downtown_urban_canyon_7,659,1.0180392949626504,0.9218586954384872,0.11639869740947258,inf,inf,inf,1.481912320888385,0.0,8.02529976053429e-10
10,train_bus_ebike_mtv_ucb,berkeley_to_mtv_SF_express_bus/light_rail_below_above_ground_7,885,1.1425299957631614,1.070173689942122,0.08520537656368497,inf,inf,inf,10.803365120528394,0.0,8.145851430344032e-10
10,train_bus_ebike_mtv_ucb,berkeley_to_mtv_SF_express_bus/commuter_rail_with_tunnels_7,3506,1.249000021152574,0.9694330859466175,0.025841138505794822,inf,inf,inf,102.20357711626272,0.0,7.999884506231548e-10
10,train_bus_ebike_mtv_ucb,berkeley_to_mtv_SF_express_bus/inner_suburb_downtown_walk_7,1183,1.0749632752668052,0.9924053845534148,0.04956925995294613,inf,inf,inf,0.9040667421940143,0.0,7.13358173776683e-10
10,train_bus_ebike_mtv_ucb,mtv_to_berkeley_sf_bart/walk_to_caltrain_8,930,1.0969774543749897,0.9205053362228154,0.07336138659162932,inf,inf,inf,1.9041301914473017,0.0,7.066114844795951e-10
10,train_bus_ebike_mtv_ucb,mtv_to_berkeley_sf_bart/commuter_rail_aboveground_8,2857,1.1743145902344905,0.9736351617614615,0.04137664431487875,inf,inf,inf,87.67476434455692,0.0,7.225986198398043e-10
10,train_bus_ebike_mtv_ucb,mtv_to_berkeley_sf_bart/subway_underground_8,3959,1.1866120443423807,1.1298264941833642,0.043667230767862296,inf,inf,inf,17.587756213373606,0.0,8.022390272317053e-10
10,train_bus_ebike_mtv_ucb,mtv_to_berkeley_sf_bart/walk_to_bus_8,310,1.0141673616511007,0.9383467158469401,0.19275072401409982,inf,inf,inf,0.23206789460562688,0.0,8.417568395528515e-10
10,train_bus_ebike_mtv_ucb,mtv_to_berkeley_sf_bart/city_bus_short_8,301,1.253930808086201,0.9690482770324567,0.0479067337466401,5867.094609336127,394.3890422965516,55.26352269456987,36.23437129196189,0.19712469126209828,6.922048303980974e-10
10,train_bus_ebike_mtv_ucb,walk_urban_university/walk_urban_university_8,875,1.0849693539532443,0.9825724163451832,0.04923940479599914,inf,inf,inf,1.1381019327232207,0.0,8.783406312073868e-10
10,train_bus_ebike_mtv_ucb,berkeley_to_mtv_SF_express_bus/walk to the bikeshare location_8,408,1.09519981998664,0.9975105393995395,0.041615244257370544,593.6822638840581,44.55248757018765,5.911374326139547,1.3582252035120121,0.1586730568961051,5.692611509058333e-10
10,train_bus_ebike_mtv_ucb,berkeley_to_mtv_SF_express_bus/ebike_bikeshare_urban_long_8,1518,1.2048345218974925,1.0075219479668622,0.029565271545696603,37196.31191848644,1489.3326389186107,70.3333640265498,19.382038405206274,0.1843944999576167,7.481166846026598e-10
10,train_bus_ebike_mtv_ucb,berkeley_to_mtv_SF_express_bus/express_bus_8,2592,1.1717501324029564,0.9845908734557579,0.021698890389093402,inf,inf,inf,24.645009394392904,0.0,7.39791657760347e-10
10,train_bus_ebike_mtv_ucb,berkeley_to_mtv_SF_express_bus/walk_downtown_urban_canyon_8,600,1.016174717026029,0.8746221249996967,0.18019868170908865,inf,inf,inf,6.25471133679236,0.0,8.02529976053429e-10
10,train_bus_ebike_mtv_ucb,berkeley_to_mtv_SF_express_bus/light_rail_below_above_ground_8,778,1.163861941862176,0.8807135985048655,0.03441551963643164,inf,inf,inf,14.482247412651796,0.0,8.145851430344032e-10
10,train_bus_ebike_mtv_ucb,berkeley_to_mtv_SF_express_bus/commuter_rail_with_tunnels_8,3844,1.2228946151617601,0.9878984799301981,0.020996282551225393,inf,inf,inf,85.02677859746807,0.0,7.999884506231548e-10
10,train_bus_ebike_mtv_ucb,berkeley_to_mtv_SF_express_bus/inner_suburb_downtown_walk_8,1209,1.0728011476574286,0.9827097135054409,0.05269989630843635,inf,inf,inf,1.1168803359598538,0.0,7.13358173776683e-10
10,train_bus_ebike_mtv_ucb,mtv_to_berkeley_sf_bart/walk_to_caltrain_9,945,1.0954605058009415,0.9263344590280561,0.0719996843508821,inf,inf,inf,3.2060538094292212,0.0,7.066114844795951e-10
10,train_bus_ebike_mtv_ucb,mtv_to_berkeley_sf_bart/commuter_rail_aboveground_9,2690,1.1877978720363205,0.9687165941520218,0.029642050649719653,inf,inf,inf,97.62446245947866,0.0,7.225986198398043e-10
10,train_bus_ebike_mtv_ucb,mtv_to_berkeley_sf_bart/subway_underground_9,3904,1.1885711762327678,1.0174531411364107,0.025267100140244685,inf,inf,inf,17.84188500396826,0.0,8.022390272317053e-10
10,train_bus_ebike_mtv_ucb,mtv_to_berkeley_sf_bart/walk_to_bus_9,295,1.019113170507507,1.0090214666889918,0.2910566997693487,inf,inf,inf,0.4758558043143046,0.0,8.417568395528515e-10
10,train_bus_ebike_mtv_ucb,mtv_to_berkeley_sf_bart/city_bus_short_9,363,1.1985066607877144,1.0477337434594494,0.05282554256900664,inf,inf,inf,27.69145922442913,0.0,6.922048303980974e-10
10,train_bus_ebike_mtv_ucb,walk_urban_university/walk_urban_university_9,836,1.0882309682362954,0.9714625969595944,0.0356040666730273,inf,inf,inf,1.0474886019120382,0.0,8.783406312073868e-10
10,train_bus_ebike_mtv_ucb,berkeley_to_mtv_SF_express_bus/walk to the bikeshare location_9,432,1.0891073388656758,0.9747356678634754,0.03702631527957419,inf,inf,inf,1.7033344745822736,0.0,5.692611509058333e-10
10,train_bus_ebike_mtv_ucb,berkeley_to_mtv_SF_express_bus/ebike_bikeshare_urban_long_9,1623,1.1880278651697171,0.9738364144739083,0.05929077044475269,inf,inf,inf,21.13304363563106,0.0,7.481166846026598e-10
10,train_bus_ebike_mtv_ucb,berkeley_to_mtv_SF_express_bus/express_bus_9,2317,1.1963551615332029,0.9892636055800439,0.03174618178705883,inf,inf,inf,42.420730421731726,0.0,7.342253319793175e-10
10,train_bus_ebike_mtv_ucb,berkeley_to_mtv_SF_express_bus/walk_downtown_urban_canyon_9,690,1.013759196669441,0.796008322770791,0.13111344355031523,inf,inf,inf,0.24151057699120795,0.0,8.02529976053429e-10
10,train_bus_ebike_mtv_ucb,berkeley_to_mtv_SF_express_bus/light_rail_below_above_ground_9,1170,1.1071992676153348,1.00863324099708,0.08181180122839045,inf,inf,inf,3.9224774421836113,0.0,8.145851430344032e-10
10,train_bus_ebike_mtv_ucb,berkeley_to_mtv_SF_express_bus/commuter_rail_with_tunnels_9,3566,1.2440506096065116,1.027637093466017,0.03785061306123367,inf,inf,inf,123.06352374431935,0.0,7.999884506231548e-10
10,train_bus_ebike_mtv_ucb,berkeley_to_mtv_SF_express_bus/inner_suburb_downtown_walk_9,1229,1.0715652742027313,0.986288744643884,0.04739412992092067,inf,inf,inf,1.1726617955839282,0.0,7.13358173776683e-10
10,train_bus_ebike_mtv_ucb,mtv_to_berkeley_sf_bart/walk_to_caltrain_10,1038,1.0871036742378968,0.9134812999268185,0.08618130993992668,inf,inf,inf,2.3452980707488456,0.0,7.066114844795951e-10
10,train_bus_ebike_mtv_ucb,mtv_to_berkeley_sf_bart/commuter_rail_aboveground_10,2748,1.1834306999310864,0.9880241253472454,0.02578323043683281,inf,inf,inf,84.73482584981582,0.0,7.225986198398043e-10
10,train_bus_ebike_mtv_ucb,mtv_to_berkeley_sf_bart/subway_underground_10,4979,1.1426694546365235,0.9525739974050647,0.13688337431924086,inf,inf,inf,10.706073102113933,0.0,8.022390272317053e-10
10,train_bus_ebike_mtv_ucb,mtv_to_berkeley_sf_bart/walk_to_bus_10,294,1.0074662019875977,0.8856156070625344,0.19925605523849574,inf,inf,inf,0.6345503993788969,0.0,8.417568395528515e-10
10,train_bus_ebike_mtv_ucb,mtv_to_berkeley_sf_bart/city_bus_short_10,431,1.16755667949454,0.9534750094308193,0.06695052651041536,inf,inf,inf,45.282818996343224,0.0,6.922048303980974e-10
10,train_bus_ebike_mtv_ucb,walk_urban_university/walk_urban_university_10,789,1.0955791838281446,0.9819738809140767,0.03980815691262191,inf,inf,inf,1.2086528745356417,0.0,8.783406312073868e-10
10,train_bus_ebike_mtv_ucb,berkeley_to_mtv_SF_express_bus/walk to the bikeshare location_10,389,1.1009268787162443,1.0090525017958587,0.032629798372270785,inf,inf,inf,1.0166464402215187,0.0,5.692611509058333e-10
10,train_bus_ebike_mtv_ucb,berkeley_to_mtv_SF_express_bus/ebike_bikeshare_urban_long_10,1465,1.2137480054438836,0.9638409700274843,0.04228017212886254,5197.671442656646,406.6231925727215,44.96760653822428,20.22870489284168,0.2150073311343766,7.481166846026598e-10
10,train_bus_ebike_mtv_ucb,berkeley_to_mtv_SF_express_bus/express_bus_10,2907,1.1508506121901214,0.98895541098902,0.016825074062952975,inf,inf,inf,19.334773597042037,0.0,7.342253319793175e-10
10,train_bus_ebike_mtv_ucb,berkeley_to_mtv_SF_express_bus/walk_downtown_urban_canyon_10,617,1.0165926738972977,0.872880036258106,0.13922838970343976,inf,inf,inf,3.280438992479184,0.0,8.02529976053429e-10
10,train_bus_ebike_mtv_ucb,berkeley_to_mtv_SF_express_bus/light_rail_below_above_ground_10,1016,1.127149574065417,1.1464622156996558,0.09929248891453962,inf,inf,inf,18.81088347813174,0.0,8.145851430344032e-10
10,train_bus_ebike_mtv_ucb,berkeley_to_mtv_SF_express_bus/commuter_rail_with_tunnels_10,3474,1.2523900326900481,0.9765149835455554,0.03291809879330618,inf,inf,inf,121.9135931155085,0.0,7.999884506231548e-10
10,train_bus_ebike_mtv_ucb,berkeley_to_mtv_SF_express_bus/inner_suburb_downtown_walk_10,1179,1.0747560040646835,0.9973591431097055,0.047694359359724436,7945530.03494941,39726.658147975824,199.5337776411096,1.3928311484885385,0.00010238081533535256,7.13358173776683e-10
10,train_bus_ebike_mtv_ucb,mtv_to_berkeley_sf_bart/walk_to_caltrain_11,965,1.094029028569406,0.8827623580841419,0.11566623128023519,inf,inf,inf,5.729127499807345,0.0,7.066114844795951e-10
10,train_bus_ebike_mtv_ucb,mtv_to_berkeley_sf_bart/commuter_rail_aboveground_11,2641,1.191807419256405,1.0336994045138348,0.026601030649013018,inf,inf,inf,88.34825830034755,0.0,7.225986198398043e-10
10,train_bus_ebike_mtv_ucb,mtv_to_berkeley_sf_bart/subway_underground_11,3895,1.1895220355329692,1.2026858024278424,0.09664521801291957,inf,inf,inf,12.842413250802752,0.0,8.022390272317053e-10
10,train_bus_ebike_mtv_ucb,mtv_to_berkeley_sf_bart/walk_to_bus_11,269,1.022172695978457,1.0081107294312917,0.22894013561922016,inf,inf,inf,0.343789174447286,0.0,6.946654363854002e-10
10,train_bus_ebike_mtv_ucb,mtv_to_berkeley_sf_bart/city_bus_short_11,349,1.2942963962744682,0.9976103186999136,0.07934795240969304,inf,inf,inf,66.02613812815659,0.0,5.848063484045086e-10
10,train_bus_ebike_mtv_ucb,walk_urban_university/walk_urban_university_11,898,1.082627071163376,0.9797430308915145,0.0708027827298315,inf,inf,inf,1.4924712790676313,0.0,8.783406312073868e-10
10,train_bus_ebike_mtv_ucb,berkeley_to_mtv_SF_express_bus/walk to the bikeshare location_11,423,1.0893560635539665,0.9899140701531955,0.035014192496107,32980079.72251671,98925.92313973974,318.6906262582812,0.8934265734277588,5.940246885239189e-06,5.692611509058333e-10
10,train_bus_ebike_mtv_ucb,berkeley_to_mtv_SF_express_bus/ebike_bikeshare_urban_long_11,1572,1.1946581044930873,0.9744175555195217,0.02735858254564322,39067505630966.85,1676595458.8610291,71957.8474573358,14.90410080459338,2.9819110104184796e-10,7.481166846026598e-10
10,train_bus_ebike_mtv_ucb,berkeley_to_mtv_SF_express_bus/express_bus_11,2600,1.1716686141905124,0.9956950790907181,0.017089787985829673,inf,inf,inf,23.068416873630575,0.0,7.39791657760347e-10
10,train_bus_ebike_mtv_ucb,berkeley_to_mtv_SF_express_bus/walk_downtown_urban_canyon_11,620,1.0169665537221642,0.8459770593873556,0.10683781856385341,inf,inf,inf,0.6292545491223135,0.0,8.02529976053429e-10
10,train_bus_ebike_mtv_ucb,berkeley_to_mtv_SF_express_bus/light_rail_below_above_ground_11,799,1.164821429029239,0.9347062590395039,0.04726252731040961,inf,inf,inf,14.699598181042159,0.0,8.145851430344032e-10
10,train_bus_ebike_mtv_ucb,berkeley_to_mtv_SF_express_bus/commuter_rail_with_tunnels_11,4175,1.2011570291671751,0.9894869572012228,0.024879117540673366,inf,inf,inf,87.80088585935461,0.0,7.999884506231548e-10
10,train_bus_ebike_mtv_ucb,berkeley_to_mtv_SF_express_bus/inner_suburb_downtown_walk_11,1255,1.069626844596422,0.9968251699896786,0.04521978205421708,2089.1905871400054,148.0015326848795,12.030731924979266,0.7688433429638514,0.054663068453052674,7.13358173776683e-10
30,unimodal_trip_car_bike_mtv_la,suburb_city_driving_weekend/suburb_city_driving_weekend_0,817,1.098848383130938,0.9246183168823079,0.04354886132823117,inf,inf,inf,18.408260463799547,0.0,4.738408267387402e-10
30,unimodal_trip_car_bike_mtv_la,suburb_bicycling/suburb_bicycling_0,1270,1.090673815030576,0.9580621052560497,0.0635935772539801,2143.263614615928,214.35942802174938,23.821847009575734,7.354385659386272,0.17214842909309674,8.120676155485603e-10
30,unimodal_trip_car_bike_mtv_la,suburb_city_driving_weekend/suburb_city_driving_weekend_1,702,1.1204151607274049,0.9599372367654447,0.033096859281151504,1419.5924264146743,236.59855337117972,41.60406013938996,14.988671713346909,0.25833599586328354,4.738408267387402e-10
30,unimodal_trip_car_bike_mtv_la,suburb_bicycling/suburb_bicycling_1,1333,1.0865440468217906,0.9603284119928406,0.08203261450035328,1437.1667427686352,143.71342548281393,24.83603093451114,7.38260203283916,0.20500357513770232,8.120676155485603e-10
30,unimodal_trip_car_bike_mtv_la,suburb_city_driving_weekend/suburb_city_driving_weekend_2,709,1.1203633280456395,0.9426534217583572,0.056158333134657595,2923.8928773931175,243.94864451296357,47.49888469242867,21.5585837663044,0.21445194123647937,4.738408267387402e-10
30,unimodal_trip_car_bike_mtv_la,suburb_bicycling/suburb_bicycling_2,1266,1.0907908605848842,0.9490072783690476,0.05636993620780988,1771.9684913178894,159.54360498687785,20.99881694589225,6.63334382056724,0.19908051672359667,8.120676155485603e-10
30,unimodal_trip_car_bike_mtv_la,suburb_city_driving_weekend/suburb_city_driving_weekend_3,853,1.096423610480842,0.9395717252729129,0.0635864874342824,1603.6976392186393,194.8558011688871,36.54729224629635,17.533738170025178,0.23202571861082902,4.738408267387402e-10
30,unimodal_trip_car_bike_mtv_la,suburb_bicycling/suburb_bicycling_3,1320,1.086322270184237,0.9517646181791964,0.06289308584813252,1097.934756161777,118.83371273927025,19.38380349271459,3.765432586159859,0.1253799912672423,8.120676155485603e-10
30,unimodal_trip_car_bike_mtv_la,suburb_city_driving_weekend/suburb_city_driving_weekend_4,773,1.1091294442919983,0.9641608177418172,0.04053360486693704,1668.26266451166,205.45824706222038,34.33496700881488,10.403574651723119,0.1974315418828091,4.738408267387402e-10
30,unimodal_trip_car_bike_mtv_la,suburb_bicycling/suburb_bicycling_4,1285,1.088549737875304,0.9383222800694728,0.07158101997980529,7316.803605217262,481.03359512098257,42.64437249992676,7.510479601347555,0.10599147758061958,8.120676155485603e-10
30,unimodal_trip_car_bike_mtv_la,suburb_city_driving_weekend/suburb_city_driving_weekend_5,859,1.0962978341933842,0.9656861535773151,0.04901716552205319,2413.1084060739804,186.59771710656804,37.69684731418145,13.06591060978853,0.16327079972847922,4.738408267387402e-10
30,unimodal_trip_car_bike_mtv_la,suburb_bicycling/suburb_bicycling_5,1297,1.087267374828877,0.9511532922189674,0.05629829668993864,3316.9961452850075,215.71549787742745,28.413521720053634,6.976534378556153,0.14690802901987732,8.120676155485603e-10
30,car_scooter_brex_san_jose,freeway_driving_weekday/freeway_driving_weekday_0,1976,1.1924318924647042,0.986200062546549,0.019042297964298214,6589.889193097179,686.7507054321063,107.77488888505421,51.06082993445105,0.18008069881283761,6.829429384774533e-10
30,car_scooter_brex_san_jose,bus trip with e-scooter access/city_escooter_0,1257,1.0417459760772478,1.0013412973093285,0.01906087618943586,638.8021085327698,103.03218575796761,20.606475972521316,3.6719203211079314,0.18554911883984102,6.416257647001624e-10
30,car_scooter_brex_san_jose,bus trip with e-scooter access/city_bus_rapid_transit_0,2745,1.163389687407169,1.0220765638112541,0.025280945342363248,23031.69490900919,971.0962861039167,84.57793010626905,48.1227460864222,0.13835401656531274,6.217521112241125e-10
30,car_scooter_brex_san_jose,bus trip with e-scooter access/walk_back_from_bus_0,681,1.0434291626958394,0.9258487644796837,0.07470599177756035,759.3661892378366,57.314528837422706,8.035110283488214,0.7891963795876289,0.10880189337175115,1.0612213331756848e-09
30,car_scooter_brex_san_jose,freeway_driving_weekday/freeway_driving_weekday_1,2032,1.18607065311847,0.9989970414600045,0.02626011114855976,4660.6675261050195,459.7962031601606,78.58750656242675,38.365608680938806,0.18895397720693327,6.829429384774533e-10
30,car_scooter_brex_san_jose,bus trip with e-scooter access/city_escooter_1,1236,1.0421526434890436,0.9879277316148436,0.02023597365998143,303.87173479127557,47.73831862933127,15.912925737171914,6.692254212392596,0.3765177813775925,6.416257647001624e-10
30,car_scooter_brex_san_jose,bus trip with e-scooter access/city_bus_rapid_transit_1,2925,1.1515806544825775,1.0210004178365026,0.017285709372657467,inf,inf,inf,48.528974345447665,0.0,6.217521112241125e-10
30,car_scooter_brex_san_jose,bus trip with e-scooter access/walk_back_from_bus_1,640,1.0474594139929772,0.9271520992138511,0.06463661490948798,312.80901570232015,35.80827460726812,8.420606095317355,0.37323546039381306,0.051599077515100567,1.0612213331756848e-09
30,car_scooter_brex_san_jose,freeway_driving_weekday/freeway_driving_weekday_2,1749,1.2237778381016993,0.9958521371190522,0.02565133368568783,13252.038921796924,1319.479557394811,141.37261418298064,65.82981076943891,0.19525169860632463,6.829429384774533e-10
30,car_scooter_brex_san_jose,bus trip with e-scooter access/city_escooter_2,1290,1.0406209181335506,0.994842835458497,0.03731205112142282,987.9224254474992,104.08681390557383,19.514172483372505,8.747753090372072,0.34583940696332505,6.416257647001624e-10
30,car_scooter_brex_san_jose,bus trip with e-scooter access/city_bus_rapid_transit_2,2622,1.1715913850747546,1.0259825351006528,0.01986699263819206,17093.99543385835,904.3032240658144,106.58507328806243,53.74802661848874,0.13130373087414568,6.217521112241125e-10
30,car_scooter_brex_san_jose,bus trip with e-scooter access/walk_back_from_bus_2,620,1.0473522634796832,0.9180210011845933,0.07929141562651666,3475.190874676539,173.7560773829388,17.375013892218117,0.8555293018002029,0.03413522577521021,1.0612213331756848e-09
30,car_scooter_brex_san_jose,freeway_driving_weekday/freeway_driving_weekday_3,1937,1.1965186374991097,0.9808491179409804,0.02425486208766065,6668.507852315846,699.3266313584463,102.75814142757399,49.30711900493105,0.21083137446615888,6.829429384774533e-10
30,car_scooter_brex_san_jose,bus trip with e-scooter access/city_escooter_3,1403,1.0364829551693713,0.8780208701704096,0.031075435763604702,2038.6206918957405,149.73536028896706,22.494989000783665,8.941371721874555,0.25930225084208136,6.416257647001624e-10
30,car_scooter_brex_san_jose,bus trip with e-scooter access/city_bus_rapid_transit_3,2456,1.18540429586999,1.0257161407397986,0.03330329658592398,inf,inf,inf,56.917176061743234,0.0,6.217521112241125e-10
30,car_scooter_brex_san_jose,bus trip with e-scooter access/walk_back_from_bus_3,648,1.0461283993757509,0.9351360110491609,0.06417141490468298,1745.3938006720318,139.9482795479563,12.630683007384322,0.7242396704359686,0.03758734718732723,1.0612213331756848e-09
30,car_scooter_brex_san_jose,freeway_driving_weekday/freeway_driving_weekday_4,2006,1.1885208914580028,0.9771618115252154,0.03126230648009202,5388.9440422334,661.8001477184473,100.09083620154577,47.05477734971237,0.1948421792855829,6.829429384774533e-10
30,car_scooter_brex_san_jose,bus trip with e-scooter access/city_escooter_4,1310,1.039620183988995,0.9856522397300649,0.040870305267711717,1349.2657214004598,113.41134006189371,23.481683452515178,6.746586779582559,0.26609860524729656,6.416257647001624e-10
30,car_scooter_brex_san_jose,bus trip with e-scooter access/city_bus_rapid_transit_4,2847,1.156450980254712,0.9894687689246576,0.03630915253926594,inf,inf,inf,57.40190293892633,0.0,6.217521112241125e-10
30,car_scooter_brex_san_jose,bus trip with e-scooter access/walk_back_from_bus_4,654,1.0465069517457688,0.9285462791353418,0.07406069811001177,26311.228516060593,623.7875214396969,28.810584732298285,0.7044955543628098,0.0034548339451087847,1.0612213331756848e-09
30,car_scooter_brex_san_jose,freeway_driving_weekday/freeway_driving_weekday_5,1921,1.1980761773432484,0.9854346913112848,0.02833989323695442,inf,inf,inf,58.96460964851303,0.0,6.829429384774533e-10
30,car_scooter_brex_san_jose,bus trip with e-scooter access/city_escooter_5,1286,1.0397289596227934,0.9813160158020336,0.027892766947004898,1574.7992193061855,112.87622541574963,24.606238294559763,5.411878411575184,0.20665027098482305,6.416257647001624e-10
30,car_scooter_brex_san_jose,bus trip with e-scooter access/city_bus_rapid_transit_5,2555,1.1776030852712926,0.9883763488980476,0.027201061501940214,7298.967203212014,629.7527439454645,76.65421738019208,55.13276062484869,0.176119106439186,6.217521112241125e-10
30,car_scooter_brex_san_jose,bus trip with e-scooter access/walk_back_from_bus_5,647,1.0451589920032545,0.9328751574247046,0.06540370915879391,1836.325483585264,82.67078495353607,12.706250620055718,0.8023332049084982,0.05786206939143157,1.0612213331756848e-09
30,car_scooter_brex_san_jose,freeway_driving_weekday/freeway_driving_weekday_6,2002,1.1899229005519512,0.9835787332525295,0.016418078880805723,3125195645.0362782,4889390.011830561,7673.47430644889,47.27673227023756,3.0185986739673158e-05,6.829429384774533e-10
30,car_scooter_brex_san_jose,bus trip with e-scooter access/city_escooter_6,1482,1.034046591113879,0.9958603333721512,0.03345175766605653,4631190.386971157,37039.211949810844,296.617611041459,8.668957675818628,0.002454325547644554,6.416257647001624e-10
30,car_scooter_brex_san_jose,bus trip with e-scooter access/city_bus_rapid_transit_6,2855,1.1552854821524332,1.0185129039690368,0.02056060967076108,inf,inf,inf,55.50379099184228,0.0,6.217521112241125e-10
30,car_scooter_brex_san_jose,bus trip with e-scooter access/walk_back_from_bus_6,625,1.048819175857893,0.9250147741654907,0.07146063423397946,2340690014632.6133,181928859.82612154,14142.519924787059,1.0177344105925352,1.358752997732675e-10,1.0612213331756848e-09
30,train_bus_ebike_mtv_ucb,mtv_to_berkeley_sf_bart/walk_to_caltrain_0,1115,1.0798996314206475,0.9440053146817338,0.05199859096533307,3018.9913187964753,131.98397068687044,14.445814147101489,0.9710286387703103,0.04132889346536251,7.066114844795951e-10
30,train_bus_ebike_mtv_ucb,mtv_to_berkeley_sf_bart/commuter_rail_aboveground_0,2927,1.1699103468304564,1.0013187181224346,0.050358672380470176,inf,inf,inf,56.85487254032846,0.0,7.225986198398043e-10
30,train_bus_ebike_mtv_ucb,mtv_to_berkeley_sf_bart/subway_underground_0,3864,1.1795275206619795,1.0341724867703406,0.04764526685894032,inf,inf,inf,11.48250246033294,0.0,8.022390272317053e-10
30,train_bus_ebike_mtv_ucb,mtv_to_berkeley_sf_bart/walk_to_bus_0,285,1.0072153442106522,0.7873884810025645,0.2516131236751745,inf,inf,inf,0.0042170617704060335,0.0,8.417568395528515e-10
30,train_bus_ebike_mtv_ucb,mtv_to_berkeley_sf_bart/city_bus_short_0,473,1.187725272612657,0.9730314314809463,0.10677260597574875,8389.33880662442,441.3270108558695,47.603792015342634,26.562976214928078,0.09831728514133484,6.4425497260919e-10
30,train_bus_ebike_mtv_ucb,walk_urban_university/walk_urban_university_0,866,1.0852523030292662,0.9822504261264109,0.046653018374287814,6231.416274868318,293.2071703750109,15.37601871551147,0.9107165337529202,0.021952903758259267,8.783406312073868e-10
30,train_bus_ebike_mtv_ucb,berkeley_to_mtv_SF_express_bus/walk to the bikeshare location_0,305,1.063190908063734,0.927408814174471,0.044444322291711795,388.62586169717525,49.37201676276952,6.818010579732335,0.8606637196297551,0.1172143295523743,4.6000558237409036e-10
30,train_bus_ebike_mtv_ucb,berkeley_to_mtv_SF_express_bus/ebike_bikeshare_urban_long_0,1467,1.2122461443254104,0.9743303104162788,0.03106168703161475,4256.004833555523,287.5593667097222,35.953214005699586,20.050906559380703,0.2760445074345724,7.591327569011733e-10
30,train_bus_ebike_mtv_ucb,berkeley_to_mtv_SF_express_bus/express_bus_0,2751,1.1684156332095168,0.9878394919398972,0.022509755286215318,inf,inf,inf,28.331153299372318,0.0,6.769007973500341e-10
30,train_bus_ebike_mtv_ucb,berkeley_to_mtv_SF_express_bus/walk_downtown_urban_canyon_0,639,1.0228416010453756,0.8592384964318287,0.17333935350042928,inf,inf,inf,1.784614228339033,0.0,1.060580868851958e-09
30,train_bus_ebike_mtv_ucb,berkeley_to_mtv_SF_express_bus/light_rail_below_above_ground_0,834,1.1584694695622915,1.0098294199389046,0.033337250922655874,inf,inf,inf,12.981200148977036,0.0,8.145851430344032e-10
30,train_bus_ebike_mtv_ucb,berkeley_to_mtv_SF_express_bus/commuter_rail_with_tunnels_0,4775,1.1718853165149357,0.9964888445021102,0.03562645780491622,inf,inf,inf,79.4209800128973,0.0,7.999884506231548e-10
30,train_bus_ebike_mtv_ucb,berkeley_to_mtv_SF_express_bus/inner_suburb_downtown_walk_0,1201,1.0739265613728732,0.99367240547913,0.042707927940921986,7912.439600133792,280.45651178509814,19.81883495114918,0.7951311282986329,0.017833054252939472,7.13358173776683e-10
30,train_bus_ebike_mtv_ucb,mtv_to_berkeley_sf_bart/walk_to_caltrain_1,1012,1.0885996728621061,0.9380033564288238,0.05432166767994545,2395.6079882527547,178.90565684711783,17.890648306662953,1.2542345520208786,0.039227583307518306,7.066114844795951e-10
30,train_bus_ebike_mtv_ucb,mtv_to_berkeley_sf_bart/commuter_rail_aboveground_1,2709,1.1851406281220844,1.0520955049053649,0.030190409566433235,inf,inf,inf,66.537156847782,0.0,7.225986198398043e-10
30,train_bus_ebike_mtv_ucb,mtv_to_berkeley_sf_bart/subway_underground_1,3887,1.1905516105002931,0.8993730368588626,0.03782729307745313,inf,inf,inf,46.15348739284872,0.0,8.022390272317053e-10
30,train_bus_ebike_mtv_ucb,mtv_to_berkeley_sf_bart/walk_to_bus_1,215,1.004735401206298,0.9685782121388816,0.29428514286046503,inf,inf,inf,0.3379118284303885,0.0,8.417568395528515e-10
30,train_bus_ebike_mtv_ucb,mtv_to_berkeley_sf_bart/city_bus_short_1,535,1.1655471854371682,1.1243007611370226,0.08169566138762567,inf,inf,inf,24.78333026510178,0.0,6.4425497260919e-10
30,train_bus_ebike_mtv_ucb,walk_urban_university/walk_urban_university_1,888,1.0837592209826854,0.981547599581547,0.0516258677065059,2710.895561789582,140.97653571642036,12.578656897129244,0.8671412239309801,0.0261647684707145,8.783406312073868e-10
30,train_bus_ebike_mtv_ucb,berkeley_to_mtv_SF_express_bus/walk to the bikeshare location_1,219,1.0886989909077598,0.9122379216984541,0.07705307575992829,2089937.7866135992,12491.060734059383,154.7510963392786,0.7300881814796796,9.857424683927511e-06,4.6000558237409036e-10
30,train_bus_ebike_mtv_ucb,berkeley_to_mtv_SF_express_bus/ebike_bikeshare_urban_long_1,1446,1.2156335333163455,1.0038470959496826,0.03026455427610085,2699.1153139621033,261.19562528848564,34.49820826993847,20.4047513075176,0.27626729638480574,7.591327569011733e-10
30,train_bus_ebike_mtv_ucb,berkeley_to_mtv_SF_express_bus/express_bus_1,2788,1.1667078001059064,0.9878751828895003,0.032367002065755886,24369.921479883087,1255.0532052579342,97.90974539985915,27.948646820338787,0.05326847621019235,6.822293654972005e-10
30,train_bus_ebike_mtv_ucb,berkeley_to_mtv_SF_express_bus/walk_downtown_urban_canyon_1,616,1.015901936064148,0.8359656347031728,0.1515508208543315,1878.9489034163878,102.88657190899643,8.573672234619725,0.6216434820477158,0.016301650188402822,1.060580868851958e-09
30,train_bus_ebike_mtv_ucb,berkeley_to_mtv_SF_express_bus/light_rail_below_above_ground_1,869,1.1473698556097034,1.006637947852248,0.02411744531230269,inf,inf,inf,10.552242662139342,0.0,8.145851430344032e-10
30,train_bus_ebike_mtv_ucb,berkeley_to_mtv_SF_express_bus/commuter_rail_with_tunnels_1,4797,1.1709937918704554,1.0274924849190257,0.026731170091313053,inf,inf,inf,72.30518143981368,0.0,7.999884506231548e-10
30,train_bus_ebike_mtv_ucb,berkeley_to_mtv_SF_express_bus/inner_suburb_downtown_walk_1,1188,1.0741179542130046,0.990482093698399,0.033000782960773314,98634501.9068676,222131.194684912,501.51396866333266,0.5017911473227349,6.014572165058884e-06,7.13358173776683e-10
30,train_bus_ebike_mtv_ucb,mtv_to_berkeley_sf_bart/walk_to_caltrain_2,874,1.1060416088779463,0.946898082048759,0.05662675466418566,2677.6533542376073,146.34884494227197,17.513709459342028,1.5002676436634903,0.04155779103008324,7.066114844795951e-10
30,train_bus_ebike_mtv_ucb,mtv_to_berkeley_sf_bart/commuter_rail_aboveground_2,2829,1.1762425625760404,0.9945060276748885,0.026191998673185484,inf,inf,inf,74.41893053888495,0.0,7.225986198398043e-10
30,train_bus_ebike_mtv_ucb,mtv_to_berkeley_sf_bart/subway_underground_2,3860,1.192435790475897,1.0520230867718614,0.04497244649855072,inf,inf,inf,53.34365008804494,0.0,8.022390272317053e-10
30,train_bus_ebike_mtv_ucb,mtv_to_berkeley_sf_bart/walk_to_bus_2,223,1.010808397537759,0.9591944373690591,0.24174647737037,inf,inf,inf,0.32254931325054265,0.0,8.417568395528515e-10
30,train_bus_ebike_mtv_ucb,mtv_to_berkeley_sf_bart/city_bus_short_2,499,1.1780228118129996,0.9856075848992775,0.06964066793586472,24398.409746226745,1020.2469140915441,63.976679139932706,34.04426794040806,0.08149568272987147,6.4425497260919e-10
30,train_bus_ebike_mtv_ucb,walk_urban_university/walk_urban_university_2,780,1.096962151039883,0.9812923991353352,0.04234880136047729,8365.364921924702,347.8110833567834,21.738204396159944,1.1881545497137238,0.021146668861392614,8.783406312073868e-10
30,train_bus_ebike_mtv_ucb,berkeley_to_mtv_SF_express_bus/walk to the bikeshare location_2,1403,1.013147647205879,0.5911208907159484,0.4069804613565727,7809.694299351228,216.93501641932733,6.380416218969923,0.008916835528698753,9.321060821228252e-05,4.6000558237409036e-10
30,train_bus_ebike_mtv_ucb,berkeley_to_mtv_SF_express_bus/ebike_bikeshare_urban_long_2,1543,1.2001097191915584,0.9575812456654946,0.03169398136600144,inf,inf,inf,24.40746149102038,0.0,7.591327569011733e-10
30,train_bus_ebike_mtv_ucb,berkeley_to_mtv_SF_express_bus/express_bus_2,2365,1.202236324410241,0.959788449832113,0.028242214317204972,inf,inf,inf,54.64182033272536,0.0,6.769007973500341e-10
30,train_bus_ebike_mtv_ucb,berkeley_to_mtv_SF_express_bus/walk_downtown_urban_canyon_2,564,1.0181713692785077,0.8428383345512502,0.14600350730562878,inf,inf,inf,0.6758537589646285,0.0,1.060580868851958e-09
30,train_bus_ebike_mtv_ucb,berkeley_to_mtv_SF_express_bus/light_rail_below_above_ground_2,1218,1.1034479510048696,1.143225167030583,0.1661907046105287,inf,inf,inf,13.296605759472108,0.0,8.145851430344032e-10
30,train_bus_ebike_mtv_ucb,berkeley_to_mtv_SF_express_bus/commuter_rail_with_tunnels_2,4793,1.1702608973273092,1.005905562304649,0.03211729887136495,inf,inf,inf,77.63546762861534,0.0,7.999884506231548e-10
30,train_bus_ebike_mtv_ucb,berkeley_to_mtv_SF_express_bus/inner_suburb_downtown_walk_2,1193,1.074424960602365,0.999225053415692,0.04795684699060184,10899.240090463381,362.43602443513635,21.653678048791953,0.7558460300097197,0.00756322231136767,7.13358173776683e-10
30,train_bus_ebike_mtv_ucb,mtv_to_berkeley_sf_bart/walk_to_caltrain_3,949,1.0954065836165017,0.9247775335860994,0.0757216154615967,1449251391.4367971,1449491.7661202226,1449.1144427260535,2.135391119369273,1.3880769962140025e-06,7.066114844795951e-10
30,train_bus_ebike_mtv_ucb,mtv_to_berkeley_sf_bart/commuter_rail_aboveground_3,2639,1.1913622084675586,0.998128943215125,0.02708632444896026,inf,inf,inf,71.41022684993894,0.0,7.225986198398043e-10
30,train_bus_ebike_mtv_ucb,mtv_to_berkeley_sf_bart/subway_underground_3,3868,1.1899452839988747,1.0845545251308424,0.05034933820596516,inf,inf,inf,46.732908354812665,0.0,8.022390272317053e-10
30,train_bus_ebike_mtv_ucb,mtv_to_berkeley_sf_bart/walk_to_bus_3,309,1.0195085540598094,0.970627772562869,0.2992796181023534,6329.519312578135,212.488925218208,6.856867944537304,0.6178656844469941,0.007088863272343032,8.417568395528515e-10
30,train_bus_ebike_mtv_ucb,mtv_to_berkeley_sf_bart/city_bus_short_3,378,1.2526017169820336,0.9576853108313415,0.03378377185277651,4142.953903848488,314.0187060967351,37.11396659114383,27.816045696670344,0.11270601077059746,6.4425497260919e-10
30,train_bus_ebike_mtv_ucb,walk_urban_university/walk_urban_university_3,797,1.0942109175206816,0.9785787958304913,0.03862147976113899,12313323.15001362,49250.592756984785,196.2355283408609,2.075579857246379,0.00012938470165122564,8.783406312073868e-10
30,train_bus_ebike_mtv_ucb,berkeley_to_mtv_SF_express_bus/walk to the bikeshare location_3,519,1.0708071431547226,0.978993470273305,0.03700601124372408,228880336.92110357,343299.4144894544,512.2714147175191,1.2350972146828143,2.7851381781407964e-06,5.692611509058333e-10
30,train_bus_ebike_mtv_ucb,berkeley_to_mtv_SF_express_bus/ebike_bikeshare_urban_long_3,1586,1.1937928502189994,0.9822915822241656,0.027664793957965592,56348.5717674392,1070.625818124643,30.86305497344093,15.129634917495052,0.16906402649319738,7.481166846026598e-10
30,train_bus_ebike_mtv_ucb,berkeley_to_mtv_SF_express_bus/express_bus_3,2741,1.1612161764189428,0.9792809338358076,0.01668087531873391,inf,inf,inf,20.178484579185287,0.0,7.342253319793175e-10
30,train_bus_ebike_mtv_ucb,berkeley_to_mtv_SF_express_bus/walk_downtown_urban_canyon_3,785,1.0121577735661518,0.8804576714766722,0.1438725575796332,14216190.046883116,42650.195652431095,127.56991409340414,4.590902681551436,0.0001115254342175026,8.02529976053429e-10
30,train_bus_ebike_mtv_ucb,berkeley_to_mtv_SF_express_bus/light_rail_below_above_ground_3,930,1.140471929943614,0.9710959199704947,0.05534806613867616,inf,inf,inf,8.92971527186581,0.0,8.145851430344032e-10
30,train_bus_ebike_mtv_ucb,berkeley_to_mtv_SF_express_bus/commuter_rail_with_tunnels_3,3579,1.2425810516383924,0.9558555499768646,0.03483628549655543,inf,inf,inf,117.99614644139191,0.0,7.999884506231548e-10
30,train_bus_ebike_mtv_ucb,berkeley_to_mtv_SF_express_bus/inner_suburb_downtown_walk_3,1186,1.074666833186685,0.9956210324105003,0.03974772775432457,134967764.38504317,269947.60496190476,539.0024145005511,1.3009698075584943,1.1351393271138694e-05,7.13358173776683e-10
30,train_bus_ebike_mtv_ucb,mtv_to_berkeley_sf_bart/walk_to_caltrain_4,960,1.0936529756486262,0.9376241901172634,0.06364239614109067,340705.20577172714,5025.383782653046,76.42740462949081,3.136604741370685,0.0032062172433840568,7.066114844795951e-10
30,train_bus_ebike_mtv_ucb,mtv_to_berkeley_sf_bart/commuter_rail_aboveground_4,2716,1.184768680053126,0.9774213191445154,0.03446193822197437,inf,inf,inf,115.90518533509466,0.0,7.225986198398043e-10
30,train_bus_ebike_mtv_ucb,mtv_to_berkeley_sf_bart/subway_underground_4,3882,1.1899937289785,1.067688485621477,0.051637876973952584,inf,inf,inf,11.491397658597256,0.0,8.022390272317053e-10
30,train_bus_ebike_mtv_ucb,mtv_to_berkeley_sf_bart/walk_to_bus_4,318,1.017214138932621,0.9846260329363267,0.3083812856673508,1029912.5783026994,6179.385857519924,37.33631368526613,2.145629571593861,0.00051967179213558,8.417568395528515e-10
30,train_bus_ebike_mtv_ucb,mtv_to_berkeley_sf_bart/city_bus_short_4,344,1.2802506440922412,0.9310529704370968,0.04755556661265382,1842.0815216903911,185.18476822522854,37.14824772009973,24.59996530972258,0.1872357782531484,6.4425497260919e-10
30,train_bus_ebike_mtv_ucb,walk_urban_university/walk_urban_university_4,797,1.0943910708015385,0.9907929679998587,0.062475973420793765,775098.1287918943,8914.26843864815,101.34960911890896,1.9722701227795338,0.0011047402384948848,8.783406312073868e-10
30,train_bus_ebike_mtv_ucb,berkeley_to_mtv_SF_express_bus/walk to the bikeshare location_4,423,1.081873462146632,0.9757339130025251,0.03252413397510759,43554.96549513561,1200.0449901452862,35.04084663615427,1.641623416339003,0.009113115754216899,5.692611509058333e-10
30,train_bus_ebike_mtv_ucb,berkeley_to_mtv_SF_express_bus/ebike_bikeshare_urban_long_4,1297,1.2473953722311308,0.9896004625907594,0.026306103137409238,1419.8390386608705,193.76694457457143,34.692077580593526,22.099855117755244,0.35034590544184563,7.481166846026598e-10
30,train_bus_ebike_mtv_ucb,berkeley_to_mtv_SF_express_bus/express_bus_4,2768,1.1595518300253291,0.9803109049443218,0.022551468031725974,inf,inf,inf,22.74845850873534,0.0,7.342253319793175e-10
30,train_bus_ebike_mtv_ucb,berkeley_to_mtv_SF_express_bus/walk_downtown_urban_canyon_4,687,1.0155550644716347,0.900268095072854,0.12373774916571322,inf,inf,inf,3.2893771939931424,0.0,8.02529976053429e-10
30,train_bus_ebike_mtv_ucb,berkeley_to_mtv_SF_express_bus/light_rail_below_above_ground_4,978,1.1316995244750658,0.9584532498631276,0.044549426583259936,41337371.219580926,141869.85876203384,707.6402847727447,16.834801050653475,2.6044252966763544e-05,8.145851430344032e-10
30,train_bus_ebike_mtv_ucb,berkeley_to_mtv_SF_express_bus/commuter_rail_with_tunnels_4,4839,1.1691312469162367,0.9998810691858093,0.03569284342887911,141582.94355891127,5633.224433036462,354.6100411376862,76.97935192234762,0.08959228061165668,7.999884506231548e-10
30,train_bus_ebike_mtv_ucb,berkeley_to_mtv_SF_express_bus/inner_suburb_downtown_walk_4,1081,1.0827986868850388,0.9966288053274287,0.04725599698187916,208010.05842017938,3151.688227660616,64.4003318053266,1.1043357407971417,0.0017348780836390616,7.13358173776683e-10
30,train_bus_ebike_mtv_ucb,mtv_to_berkeley_sf_bart/walk_to_caltrain_5,953,1.0955377151487455,0.9451379999633788,0.057725635077007946,2046374.0204738416,18417.535726582348,164.2891833648062,2.436310240366107,0.0008351003700774672,7.066114844795951e-10
30,train_bus_ebike_mtv_ucb,mtv_to_berkeley_sf_bart/commuter_rail_aboveground_5,2913,1.1698908683633351,0.9425351895788702,0.03398391860120614,inf,inf,inf,100.30639716474738,0.0,7.225986198398043e-10
30,train_bus_ebike_mtv_ucb,mtv_to_berkeley_sf_bart/subway_underground_5,3900,1.1853006964856805,1.0567038510733011,0.03749089599799787,inf,inf,inf,8.277897258716116,0.0,8.022390272317053e-10
30,train_bus_ebike_mtv_ucb,mtv_to_berkeley_sf_bart/walk_to_bus_5,304,0.981224067490317,0.8824163210476238,0.275081972966545,3891.9872930102997,147.79383956192711,6.157974884508795,1.2405831756162318,0.01333155036597821,8.417568395528515e-10
30,train_bus_ebike_mtv_ucb,mtv_to_berkeley_sf_bart/city_bus_short_5,309,1.3267780084595318,0.9682903930443685,0.040695809414695146,70365.9251017636,2087.2504130486727,108.37112846433627,23.284794838341952,0.014672765423816847,6.4425497260919e-10
30,train_bus_ebike_mtv_ucb,walk_urban_university/walk_urban_university_5,826,1.0912703168849494,0.9421291304192584,0.04199304766873166,60330.12307293686,1476.9415691694446,37.34068144411305,1.8038221525204174,0.01112111511170747,8.783406312073868e-10
30,train_bus_ebike_mtv_ucb,berkeley_to_mtv_SF_express_bus/walk to the bikeshare location_5,356,1.1082698172397754,0.9969791596642373,0.04532214633936056,181.1230728561427,33.5108198161552,7.797667397967575,1.0560816624904903,0.13060633604651586,5.692611509058333e-10
30,train_bus_ebike_mtv_ucb,berkeley_to_mtv_SF_express_bus/ebike_bikeshare_urban_long_5,1414,1.2221166437991446,0.9526311457475665,0.05051760034366362,4160.008510424994,274.7778073900944,36.00196972725621,22.167547147553137,0.22579840321291997,7.481166846026598e-10
30,train_bus_ebike_mtv_ucb,berkeley_to_mtv_SF_express_bus/express_bus_5,2381,1.1901073489375285,0.9625093489706944,0.03130540069734831,inf,inf,inf,40.69162984405156,0.0,7.342253319793175e-10
30,train_bus_ebike_mtv_ucb,berkeley_to_mtv_SF_express_bus/walk_downtown_urban_canyon_5,652,1.0130380518125965,0.8647246904755846,0.12039522392531701,inf,inf,inf,2.4790810798038736,0.0,8.02529976053429e-10
30,train_bus_ebike_mtv_ucb,berkeley_to_mtv_SF_express_bus/light_rail_below_above_ground_5,799,1.1549854912682338,0.9407892823255509,0.038397401827324436,inf,inf,inf,10.431967222911297,0.0,8.145851430344032e-10
30,train_bus_ebike_mtv_ucb,berkeley_to_mtv_SF_express_bus/commuter_rail_with_tunnels_5,4252,1.1966217433545243,1.0178245191679156,0.023326300483583418,inf,inf,inf,78.32738292731048,0.0,7.999884506231548e-10
30,train_bus_ebike_mtv_ucb,berkeley_to_mtv_SF_express_bus/inner_suburb_downtown_walk_5,1063,1.0837897723786443,0.9964671672294578,0.049945147447710295,3593.7056800776845,223.718960171491,17.04283879693756,1.011892046962661,0.049889147029250215,7.13358173776683e-10
30,train_bus_ebike_mtv_ucb,mtv_to_berkeley_sf_bart/walk_to_caltrain_6,945,1.0943668186564532,0.9533283105384409,0.047723252499325464,199887.1047311748,3601.282806113634,63.72786630892653,2.888203895490406,0.004553186201177164,7.066114844795951e-10
30,train_bus_ebike_mtv_ucb,mtv_to_berkeley_sf_bart/commuter_rail_aboveground_6,2858,1.1744875279132865,0.9269477763483659,0.031089059586290334,inf,inf,inf,92.7220945389834,0.0,7.225986198398043e-10
30,train_bus_ebike_mtv_ucb,mtv_to_berkeley_sf_bart/subway_underground_6,3901,1.1888153695217625,0.963198544829261,0.02237221960056457,inf,inf,inf,59.35501501762343,0.0,8.022390272317053e-10
30,train_bus_ebike_mtv_ucb,mtv_to_berkeley_sf_bart/walk_to_bus_6,292,1.0112037324657515,0.9375817182297729,0.2616957275117698,5034.878083226305,178.31815705984374,6.955706983529651,0.2495215507199599,0.0025415347369621287,8.417568395528515e-10
30,train_bus_ebike_mtv_ucb,mtv_to_berkeley_sf_bart/city_bus_short_6,366,1.1933310208133237,0.9284075685952204,0.03749487842903497,5727.653631042942,304.4102342148815,34.429624293824354,42.57682059303005,0.17300859203491467,6.922048303980974e-10
30,train_bus_ebike_mtv_ucb,walk_urban_university/walk_urban_university_6,824,1.0908826258836604,0.9685104095024464,0.05569646214687014,29118.9923374822,873.0823791001008,25.42935331052688,1.621782949451964,0.015449357136950944,8.783406312073868e-10
30,train_bus_ebike_mtv_ucb,berkeley_to_mtv_SF_express_bus/walk to the bikeshare location_6,431,1.0867783565118991,0.9949695450921687,0.044052559149501916,10163.502709329961,386.8001960556364,23.04791418903399,1.1207515062947169,0.013145031665851965,5.692611509058333e-10
30,train_bus_ebike_mtv_ucb,berkeley_to_mtv_SF_express_bus/ebike_bikeshare_urban_long_6,1513,1.205552394831096,0.9844821046279125,0.02928205105852851,2958.342526730711,197.5511109248511,30.72478725343041,19.377145947059798,0.26585813149729,7.481166846026598e-10
30,train_bus_ebike_mtv_ucb,berkeley_to_mtv_SF_express_bus/express_bus_6,2422,1.186775116729081,0.9775294861046528,0.0609074520613112,inf,inf,inf,49.471295784268904,0.0,7.342253319793175e-10
30,train_bus_ebike_mtv_ucb,berkeley_to_mtv_SF_express_bus/walk_downtown_urban_canyon_6,666,1.0171660376133402,0.8828234893585484,0.1385319342822553,inf,inf,inf,1.2800035848260514,0.0,8.02529976053429e-10
30,train_bus_ebike_mtv_ucb,berkeley_to_mtv_SF_express_bus/light_rail_below_above_ground_6,941,1.1402625530901338,0.969674129912478,0.046340252476308456,inf,inf,inf,14.162648673169315,0.0,8.145851430344032e-10
30,train_bus_ebike_mtv_ucb,berkeley_to_mtv_SF_express_bus/commuter_rail_with_tunnels_6,4217,1.1988857076704018,0.9837716464507988,0.02131427576406087,inf,inf,inf,75.11259526923436,0.0,7.999884506231548e-10
30,train_bus_ebike_mtv_ucb,berkeley_to_mtv_SF_express_bus/inner_suburb_downtown_walk_6,1188,1.0738826255310765,0.9944354075597653,0.03708383844261321,549180.8753035755,6452.759262443433,74.72769427987852,1.465307896153462,0.0012228537854526683,7.13358173776683e-10
30,train_bus_ebike_mtv_ucb,mtv_to_berkeley_sf_bart/walk_to_caltrain_7,1068,1.0828504778722483,0.9144186655761695,0.08411348100912373,2105645.7509524976,17897.895716049043,153.46431323296937,3.145991712955199,0.0006614408548169314,7.066114844795951e-10
30,train_bus_ebike_mtv_ucb,mtv_to_berkeley_sf_bart/commuter_rail_aboveground_7,2786,1.1797285620215774,0.9806664697616643,0.022529372154350035,26272.611761121014,1316.924008657323,156.98389842988075,80.25151464376924,0.1285521937380346,7.225986198398043e-10
30,train_bus_ebike_mtv_ucb,mtv_to_berkeley_sf_bart/subway_underground_7,3898,1.1883839249300352,0.9806122362211682,0.022662291689761735,inf,inf,inf,21.80231149856118,0.0,8.022390272317053e-10
30,train_bus_ebike_mtv_ucb,mtv_to_berkeley_sf_bart/walk_to_bus_7,295,1.0189141518045253,0.9506474755933385,0.2050573545089659,239015.8736286983,2390.1158087450094,24.38891310594967,0.1738394724765937,6.323766236683105e-05,8.417568395528515e-10
30,train_bus_ebike_mtv_ucb,mtv_to_berkeley_sf_bart/city_bus_short_7,304,1.2541401479273258,0.9613654608451583,0.05147760548891027,4478.182058932804,304.18954029009564,36.92467318080813,43.38406899196883,0.1549436342435533,6.922048303980974e-10
30,train_bus_ebike_mtv_ucb,walk_urban_university/walk_urban_university_7,851,1.0885569421297292,0.9814220233741067,0.06501493216222028,61444.952329662774,1584.9474763163032,42.33888438264078,2.20893088665485,0.01021788667771754,8.783406312073868e-10
30,train_bus_ebike_mtv_ucb,berkeley_to_mtv_SF_express_bus/walk to the bikeshare location_7,442,1.087033213507231,0.9635872202208832,0.027801653371958085,13534.608730511196,545.3348606391,24.230133255332746,1.821388456929666,0.022796497279095985,5.692611509058333e-10
30,train_bus_ebike_mtv_ucb,berkeley_to_mtv_SF_express_bus/ebike_bikeshare_urban_long_7,1343,1.2367271889777305,0.9915168152766275,0.024172624599621023,1731.7983108240503,157.18050642863855,31.436395768002498,22.315763413213297,0.36633243580942004,7.481166846026598e-10
30,train_bus_ebike_mtv_ucb,berkeley_to_mtv_SF_express_bus/express_bus_7,2349,1.1936553641922936,0.9800009115590761,0.02743067400289185,394839.6754012647,10663.883991034296,293.0531236393193,31.335475633734568,0.059134369917900775,7.39791657760347e-10
30,train_bus_ebike_mtv_ucb,berkeley_to_mtv_SF_express_bus/walk_downtown_urban_canyon_7,659,1.0180392949626504,0.896614790498156,0.1007217963232349,inf,inf,inf,0.6722096490504448,0.0,8.02529976053429e-10
30,train_bus_ebike_mtv_ucb,berkeley_to_mtv_SF_express_bus/light_rail_below_above_ground_7,885,1.1425299957631614,1.0381851179462611,0.08520537656368497,inf,inf,inf,10.238169421464587,0.0,8.145851430344032e-10
30,train_bus_ebike_mtv_ucb,berkeley_to_mtv_SF_express_bus/commuter_rail_with_tunnels_7,3506,1.249000021152574,0.97822201190457,0.025841138505794822,inf,inf,inf,100.91539779745109,0.0,7.999884506231548e-10
30,train_bus_ebike_mtv_ucb,berkeley_to_mtv_SF_express_bus/inner_suburb_downtown_walk_7,1183,1.0749632752668052,0.9963359381452505,0.04956925995294613,2268050.71431905,18143.672329751418,145.93432054684897,0.9135419197440737,0.00044633536593628037,7.13358173776683e-10
30,train_bus_ebike_mtv_ucb,mtv_to_berkeley_sf_bart/walk_to_caltrain_8,930,1.0969774543749897,0.9267776133784803,0.07336138659162932,663547.3952143406,7962.12928365248,96.77187418089632,1.9041301914473017,0.0023538450276678223,7.066114844795951e-10
30,train_bus_ebike_mtv_ucb,mtv_to_berkeley_sf_bart/commuter_rail_aboveground_8,2857,1.1743145902344905,0.9862669853921094,0.04137664431487875,inf,inf,inf,90.70116443014554,0.0,7.225986198398043e-10
30,train_bus_ebike_mtv_ucb,mtv_to_berkeley_sf_bart/subway_underground_8,3959,1.1866120443423807,1.1123383724945102,0.043667230767862296,inf,inf,inf,21.01252404017107,0.0,8.022390272317053e-10
30,train_bus_ebike_mtv_ucb,mtv_to_berkeley_sf_bart/walk_to_bus_8,310,1.0141673616511007,0.9858767349816652,0.19275072401409982,5574.000312815595,169.88263356864775,7.9803644750818,0.15670967055855772,0.00200740869811617,8.417568395528515e-10
30,train_bus_ebike_mtv_ucb,mtv_to_berkeley_sf_bart/city_bus_short_8,301,1.253930808086201,0.9634151161627574,0.042273572876940925,5867.094609336127,394.3890422965516,55.26352269456987,36.23437129196189,0.19712467277495552,6.922048303980974e-10
30,train_bus_ebike_mtv_ucb,walk_urban_university/walk_urban_university_8,875,1.0849693539532443,0.9809342046091587,0.04923940479599914,6600.255375076512,328.87399680638066,18.013032571218947,1.1102861084044293,0.02744275565686507,8.783406312073868e-10
30,train_bus_ebike_mtv_ucb,berkeley_to_mtv_SF_express_bus/walk to the bikeshare location_8,408,1.09519981998664,0.9975105393995395,0.041615244257370544,593.6822638840581,44.55248757018765,5.911374326139547,1.3582252035120121,0.1586730568961051,5.692611509058333e-10
30,train_bus_ebike_mtv_ucb,berkeley_to_mtv_SF_express_bus/ebike_bikeshare_urban_long_8,1518,1.2048345218974925,0.9856900618078684,0.029565271545696603,37196.31191848644,1489.3326389186107,70.3333640265498,19.382033785482307,0.18442736912733934,7.481166846026598e-10
30,train_bus_ebike_mtv_ucb,berkeley_to_mtv_SF_express_bus/express_bus_8,2592,1.1717501324029564,0.9801209804124913,0.021698890389093402,152121367626.88702,55309549.402055666,20111.596856573797,24.64476954224592,4.197679104522199e-07,7.39791657760347e-10
30,train_bus_ebike_mtv_ucb,berkeley_to_mtv_SF_express_bus/walk_downtown_urban_canyon_8,600,1.016174717026029,0.8963836971156585,0.18019868170908865,inf,inf,inf,4.942377928163866,0.0,8.02529976053429e-10
30,train_bus_ebike_mtv_ucb,berkeley_to_mtv_SF_express_bus/light_rail_below_above_ground_8,778,1.163861941862176,0.9585223681627469,0.03441551963643164,inf,inf,inf,12.685889436786589,0.0,8.145851430344032e-10
30,train_bus_ebike_mtv_ucb,berkeley_to_mtv_SF_express_bus/commuter_rail_with_tunnels_8,3844,1.2228946151617601,0.986203912652581,0.019691146673457862,496623.2762639258,13948.681395005235,609.7775375790857,84.67132479369859,0.043509273378338445,7.999884506231548e-10
30,train_bus_ebike_mtv_ucb,berkeley_to_mtv_SF_express_bus/inner_suburb_downtown_walk_8,1209,1.0728011476574286,0.983281753693659,0.05269989630843635,55681.241192169095,1450.3233645460398,34.22559899281935,1.1326855463090009,0.01066265415589236,7.13358173776683e-10
30,train_bus_ebike_mtv_ucb,mtv_to_berkeley_sf_bart/walk_to_caltrain_9,945,1.0954605058009415,0.9262476152245765,0.0719996843508821,232236.54172962395,3946.100681428389,66.27124732485285,3.2060538094292212,0.00519485844048591,7.066114844795951e-10
30,train_bus_ebike_mtv_ucb,mtv_to_berkeley_sf_bart/commuter_rail_aboveground_9,2690,1.1877978720363205,0.9604610968440449,0.029642050649719653,inf,inf,inf,103.11395701926978,0.0,7.225986198398043e-10
30,train_bus_ebike_mtv_ucb,mtv_to_berkeley_sf_bart/subway_underground_9,3904,1.1885711762327678,1.023077699822713,0.025267100140244685,inf,inf,inf,17.84192718392306,0.0,8.022390272317053e-10
30,train_bus_ebike_mtv_ucb,mtv_to_berkeley_sf_bart/walk_to_bus_9,295,1.019113170507507,0.9919602721691456,0.288804876009554,inf,inf,inf,0.37958400230069633,0.0,8.417568395528515e-10
30,train_bus_ebike_mtv_ucb,mtv_to_berkeley_sf_bart/city_bus_short_9,363,1.1985066607877144,0.9932294463647572,0.05282554256900664,3475.729966867839,332.42702010314974,34.40908782244224,27.69774023435147,0.12530953216151103,6.922048303980974e-10
30,train_bus_ebike_mtv_ucb,walk_urban_university/walk_urban_university_9,836,1.0882309682362954,0.972367234974945,0.0356040666730273,94687.46786077578,1939.9551294284813,38.6653181448535,1.041934632100967,0.0056797919119497735,8.783406312073868e-10
30,train_bus_ebike_mtv_ucb,berkeley_to_mtv_SF_express_bus/walk to the bikeshare location_9,432,1.0891073388656758,0.9907867486070506,0.03702631527957419,282416349.4197524,423663.4896562573,637.386309215406,1.5872986594858043,2.4255533038682204e-06,5.692611509058333e-10
30,train_bus_ebike_mtv_ucb,berkeley_to_mtv_SF_express_bus/ebike_bikeshare_urban_long_9,1623,1.1880278651697171,0.9612403903153345,0.05929077044475269,inf,inf,inf,21.09914412656255,0.0,7.481166846026598e-10
30,train_bus_ebike_mtv_ucb,berkeley_to_mtv_SF_express_bus/express_bus_9,2317,1.1963551615332029,0.9927476623578904,0.03174618178705883,36423.72983705722,1376.1334760047544,106.77553400262478,41.82968834341131,0.07286499024824801,7.342253319793175e-10
30,train_bus_ebike_mtv_ucb,berkeley_to_mtv_SF_express_bus/walk_downtown_urban_canyon_9,690,1.013759196669441,0.8363040805387173,0.13430097522534495,inf,inf,inf,0.5293001221033855,0.0,8.02529976053429e-10
30,train_bus_ebike_mtv_ucb,berkeley_to_mtv_SF_express_bus/light_rail_below_above_ground_9,1170,1.1071992676153348,1.0050981790920206,0.08181180122839045,inf,inf,inf,5.7145222512407905,0.0,8.145851430344032e-10
30,train_bus_ebike_mtv_ucb,berkeley_to_mtv_SF_express_bus/commuter_rail_with_tunnels_9,3566,1.2440506096065116,1.008937558858145,0.037502272873435986,inf,inf,inf,117.97850439628671,0.0,7.999884506231548e-10
30,train_bus_ebike_mtv_ucb,berkeley_to_mtv_SF_express_bus/inner_suburb_downtown_walk_9,1229,1.0715652742027313,0.9910376843566993,0.04739412992092067,259746219.9021225,389591.29554540245,583.4694335656098,1.1318487961290855,5.338214274944719e-06,7.13358173776683e-10
30,train_bus_ebike_mtv_ucb,mtv_to_berkeley_sf_bart/walk_to_caltrain_10,1038,1.0871036742378968,0.9119518405378026,0.08618130993992668,2037743.2845013582,16302.843333535538,129.38981840459513,2.3212135966682492,0.0006843410828731327,7.066114844795951e-10
30,train_bus_ebike_mtv_ucb,mtv_to_berkeley_sf_bart/commuter_rail_aboveground_10,2748,1.1834306999310864,0.990318819858348,0.02578323043683281,473082.89112969267,14429.110326894453,468.6799942294795,81.99371740350554,0.08004592785822078,7.225986198398043e-10
30,train_bus_ebike_mtv_ucb,mtv_to_berkeley_sf_bart/subway_underground_10,4979,1.1426694546365235,0.9488999108826432,0.13688337431924086,inf,inf,inf,10.724530842546823,0.0,8.022390272317053e-10
30,train_bus_ebike_mtv_ucb,mtv_to_berkeley_sf_bart/walk_to_bus_10,294,1.0074662019875977,0.9805583612797053,0.19925605523849574,inf,inf,inf,0.5271090566714703,0.0,8.417568395528515e-10
30,train_bus_ebike_mtv_ucb,mtv_to_berkeley_sf_bart/city_bus_short_10,431,1.16755667949454,1.0123828156820134,0.06695052651041536,4867.668005552524,265.33111718204833,29.481203613794108,35.92550180410118,0.1332985784180439,6.922048303980974e-10
30,train_bus_ebike_mtv_ucb,walk_urban_university/walk_urban_university_10,789,1.0955791838281446,0.9825069780818352,0.03980815691262191,27896.65279527949,826.7913201111201,30.31664041846014,1.197352731457539,0.009176824479887843,8.783406312073868e-10
30,train_bus_ebike_mtv_ucb,berkeley_to_mtv_SF_express_bus/walk to the bikeshare location_10,389,1.1009268787162443,0.9976294762960949,0.032629798372270785,148147.65571108172,2592.6073098852867,60.07479165929993,1.055736880584314,0.002099484668426422,5.692611509058333e-10
30,train_bus_ebike_mtv_ucb,berkeley_to_mtv_SF_express_bus/ebike_bikeshare_urban_long_10,1465,1.2137480054438836,0.9552866595604165,0.04228017212886254,5197.671442656646,406.6231925727215,44.96760653822428,20.22870489284168,0.2150068422561231,7.481166846026598e-10
30,train_bus_ebike_mtv_ucb,berkeley_to_mtv_SF_express_bus/express_bus_10,2907,1.1508506121901214,0.9907878343535637,0.01613238117929464,inf,inf,inf,18.87346808737386,0.0,7.342253319793175e-10
30,train_bus_ebike_mtv_ucb,berkeley_to_mtv_SF_express_bus/walk_downtown_urban_canyon_10,617,1.0165926738972977,0.8804150436149758,0.13922838970343976,7617004958.741617,3049123.6030958635,1221.067412764407,3.337979829511502,2.703258123835604e-07,8.02529976053429e-10
30,train_bus_ebike_mtv_ucb,berkeley_to_mtv_SF_express_bus/light_rail_below_above_ground_10,1016,1.127149574065417,1.0126540820970307,0.09929248891453962,23548846.65677209,75136.05301358317,556.9857125819832,16.33583187849506,5.0740748679039695e-05,8.145851430344032e-10
30,train_bus_ebike_mtv_ucb,berkeley_to_mtv_SF_express_bus/commuter_rail_with_tunnels_10,3474,1.2523900326900481,0.9875223705910317,0.03291809879330618,inf,inf,inf,115.01431345377267,0.0,7.999884506231548e-10
30,train_bus_ebike_mtv_ucb,berkeley_to_mtv_SF_express_bus/inner_suburb_downtown_walk_10,1179,1.0747560040646835,0.9973591431097055,0.047694359359724436,7945530.03494941,39726.658147975824,199.5337776411096,1.3928311484885385,0.00010238081533535256,7.13358173776683e-10
30,train_bus_ebike_mtv_ucb,mtv_to_berkeley_sf_bart/walk_to_caltrain_11,965,1.094029028569406,0.8877518382759892,0.11566623128023519,8950619.956901249,44876.13054186836,223.56952803484535,5.7852493520355495,0.00044625449668036826,7.066114844795951e-10
30,train_bus_ebike_mtv_ucb,mtv_to_berkeley_sf_bart/commuter_rail_aboveground_11,2641,1.191807419256405,1.0268395942570974,0.026601030649013018,inf,inf,inf,84.96925615289845,0.0,7.225986198398043e-10
30,train_bus_ebike_mtv_ucb,mtv_to_berkeley_sf_bart/subway_underground_11,3895,1.1895220355329692,1.195007417511181,0.09664521801291957,inf,inf,inf,15.026918513716947,0.0,8.022390272317053e-10
30,train_bus_ebike_mtv_ucb,mtv_to_berkeley_sf_bart/walk_to_bus_11,269,1.022172695978457,0.9608814896889599,0.21942128797847615,inf,inf,inf,0.29066342984515914,0.0,6.946654363854002e-10
30,train_bus_ebike_mtv_ucb,mtv_to_berkeley_sf_bart/city_bus_short_11,349,1.2942963962744682,0.9940761618645263,0.07934795240969304,6832.259434418619,377.12884453288433,41.359783480660916,48.876172605188835,0.11890736415275309,5.848063484045086e-10
30,train_bus_ebike_mtv_ucb,walk_urban_university/walk_urban_university_11,898,1.082627071163376,0.9780524145311084,0.0708027827298315,7521352.95540505,33842.223220852604,153.15559074697018,1.5084112371130778,0.00010677189042127949,8.783406312073868e-10
30,train_bus_ebike_mtv_ucb,berkeley_to_mtv_SF_express_bus/walk to the bikeshare location_11,423,1.0893560635539665,0.9941146781438323,0.035014192496107,32980079.72251671,98925.92313973974,318.6906262582812,0.8934265734277588,5.940246913391279e-06,5.692611509058333e-10
30,train_bus_ebike_mtv_ucb,berkeley_to_mtv_SF_express_bus/ebike_bikeshare_urban_long_11,1572,1.1946581044930873,0.9795938124905897,0.0251590605876177,39067505630966.85,1676595458.8610291,71957.8474573358,14.90408743923593,2.9819083363691453e-10,7.481166846026598e-10
30,train_bus_ebike_mtv_ucb,berkeley_to_mtv_SF_express_bus/express_bus_11,2600,1.1716686141905124,0.997196611904765,0.015321296992493304,inf,inf,inf,23.421586187847083,0.0,7.39791657760347e-10
30,train_bus_ebike_mtv_ucb,berkeley_to_mtv_SF_express_bus/walk_downtown_urban_canyon_11,620,1.0169665537221642,0.8989211683899341,0.08896429292473218,inf,inf,inf,0.5886440938295554,0.0,8.02529976053429e-10
30,train_bus_ebike_mtv_ucb,berkeley_to_mtv_SF_express_bus/light_rail_below_above_ground_11,799,1.164821429029239,0.9695895860099296,0.04726252731040961,inf,inf,inf,12.438053997864628,0.0,8.145851430344032e-10
30,train_bus_ebike_mtv_ucb,berkeley_to_mtv_SF_express_bus/commuter_rail_with_tunnels_11,4175,1.2011570291671751,0.9951540942487718,0.024879117540673366,inf,inf,inf,88.19565730425282,0.0,7.999884506231548e-10
30,train_bus_ebike_mtv_ucb,berkeley_to_mtv_SF_express_bus/inner_suburb_downtown_walk_11,1255,1.069626844596422,0.9967567846870805,0.04521978205421708,2089.1905871400054,148.0015326848795,12.030731924979266,0.7716500209523344,0.05486131653173928,7.13358173776683e-10
60,unimodal_trip_car_bike_mtv_la,suburb_city_driving_weekend/suburb_city_driving_weekend_0,817,1.098848383130938,0.9561392420883393,0.037970841603085406,97187.80537371399,3784.3381594924044,153.5789254909089,18.40657051675965,0.06656621490477888,4.738408267387402e-10
60,unimodal_trip_car_bike_mtv_la,suburb_bicycling/suburb_bicycling_0,1270,1.090673815030576,0.9580621052560497,0.0635935772539801,2143.263614615928,214.35942802174938,23.821847009575734,7.354385659386272,0.17214842909309674,8.120676155485603e-10
60,unimodal_trip_car_bike_mtv_la,suburb_city_driving_weekend/suburb_city_driving_weekend_1,702,1.1204151607274049,0.9599372367654447,0.033096859281151504,1419.5924264146743,236.59855337117972,41.60406013938996,14.988671713346909,0.25833599586328354,4.738408267387402e-10
60,unimodal_trip_car_bike_mtv_la,suburb_bicycling/suburb_bicycling_1,1333,1.0865440468217906,0.9603284119928406,0.08203261450035328,1437.1667427686352,143.71342548281393,24.83603093451114,7.38260203283916,0.20500357513770232,8.120676155485603e-10
60,unimodal_trip_car_bike_mtv_la,suburb_city_driving_weekend/suburb_city_driving_weekend_2,709,1.1203633280456395,0.9426534217583572,0.056158333134657595,2923.8928773931175,243.94864451296357,47.49888469242867,21.5585837663044,0.21445194123647937,4.738408267387402e-10
60,unimodal_trip_car_bike_mtv_la,suburb_bicycling/suburb_bicycling_2,1266,1.0907908605848842,0.9490072783690476,0.05636993620780988,1771.9684913178894,159.54360498687785,20.99881694589225,6.63334382056724,0.19908051672359667,8.120676155485603e-10
60,unimodal_trip_car_bike_mtv_la,suburb_city_driving_weekend/suburb_city_driving_weekend_3,853,1.096423610480842,0.9395717252729129,0.0635864874342824,1603.6976392186393,194.8558011688871,36.54729224629635,17.533738170025178,0.23202571861082902,4.738408267387402e-10
60,unimodal_trip_car_bike_mtv_la,suburb_bicycling/suburb_bicycling_3,1320,1.086322270184237,0.9517646181791964,0.06289308584813252,1097.934756161777,118.83371273927025,19.38380349271459,3.765432586159859,0.1253799912672423,8.120676155485603e-10
60,unimodal_trip_car_bike_mtv_la,suburb_city_driving_weekend/suburb_city_driving_weekend_4,773,1.1091294442919983,0.9641608177418172,0.04053360486693704,1668.26266451166,205.45824706222038,34.33496700881488,10.403574651723119,0.1974315418828091,4.738408267387402e-10
60,unimodal_trip_car_bike_mtv_la,suburb_bicycling/suburb_bicycling_4,1285,1.088549737875304,0.9544168011452638,0.07158101997980529,7316.803605217262,481.03359512098257,42.64437249992676,7.510479601347555,0.10599161447965932,8.120676155485603e-10
60,unimodal_trip_car_bike_mtv_la,suburb_city_driving_weekend/suburb_city_driving_weekend_5,859,1.0962978341933842,0.947500146977833,0.04901716552205319,2413.1084060739804,186.59771710656804,37.69684731418145,13.06591060978853,0.1632707527468256,4.738408267387402e-10
60,unimodal_trip_car_bike_mtv_la,suburb_bicycling/suburb_bicycling_5,1297,1.087267374828877,0.9511532922189674,0.05629829668993864,3316.9961452850075,215.71549787742745,28.413521720053634,6.976534378556153,0.14690802901987732,8.120676155485603e-10
60,car_scooter_brex_san_jose,freeway_driving_weekday/freeway_driving_weekday_0,1976,1.1924318924647042,0.986200062546549,0.019042297964298214,6589.889193097179,686.7507054321063,107.77488888505421,51.06082993445105,0.18008069881283761,6.829429384774533e-10
60,car_scooter_brex_san_jose,bus trip with e-scooter access/city_escooter_0,1257,1.0417459760772478,0.9934683706131537,0.01802533834299065,638.8021085327698,103.03218575796761,20.606475972521316,3.6719203211079314,0.1855490726230607,6.416257647001624e-10
60,car_scooter_brex_san_jose,bus trip with e-scooter access/city_bus_rapid_transit_0,2745,1.163389687407169,0.992149645503391,0.017757948316097772,23031.69490900919,971.0962861039167,84.57793010626905,48.1227460864222,0.1383543112037041,6.217521112241125e-10
60,car_scooter_brex_san_jose,bus trip with e-scooter access/walk_back_from_bus_0,681,1.0434291626958394,0.9258487644796837,0.07470599177756035,759.3661892378366,57.314528837422706,8.035110283488214,0.7891963795876289,0.10880189337175115,1.0612213331756848e-09
60,car_scooter_brex_san_jose,freeway_driving_weekday/freeway_driving_weekday_1,2032,1.18607065311847,0.9989970414600045,0.02626011114855976,4660.6675261050195,459.7962031601606,78.58750656242675,38.365608680938806,0.18895397720693327,6.829429384774533e-10
60,car_scooter_brex_san_jose,bus trip with e-scooter access/city_escooter_1,1236,1.0421526434890436,0.9896638012925421,0.021972043337679874,303.87173479127557,47.73831862933127,15.912925737171914,6.692254212392596,0.3765177441274422,6.416257647001624e-10
60,car_scooter_brex_san_jose,bus trip with e-scooter access/city_bus_rapid_transit_1,2925,1.1515806544825775,1.0049268361808275,0.017029843354739588,22531.622575206336,1139.8040888746546,94.9836753147405,48.13417345949485,0.12897431114889646,6.217521112241125e-10
60,car_scooter_brex_san_jose,bus trip with e-scooter access/walk_back_from_bus_1,640,1.0474594139929772,0.9271520992138511,0.06463661490948798,312.80901570232015,35.80827460726812,8.420606095317355,0.37323546039381306,0.051599077515100567,1.0612213331756848e-09
60,car_scooter_brex_san_jose,freeway_driving_weekday/freeway_driving_weekday_2,1749,1.2237778381016993,0.9976548776612333,0.02565133368568783,13252.038921796924,1319.479557394811,141.37261418298064,65.82981076943891,0.19525003914665293,6.829429384774533e-10
60,car_scooter_brex_san_jose,bus trip with e-scooter access/city_escooter_2,1290,1.0406209181335506,0.9928261488319278,0.03731205112142282,987.9224254474992,104.08681390557383,19.514172483372505,8.747759579139338,0.34584019686301665,6.416257647001624e-10
60,car_scooter_brex_san_jose,bus trip with e-scooter access/city_bus_rapid_transit_2,2622,1.1715913850747546,0.995985649197777,0.01986699263819206,17093.99543385835,904.3032240658144,106.58507328806243,53.74802661848874,0.13130352277779642,6.217521112241125e-10
60,car_scooter_brex_san_jose,bus trip with e-scooter access/walk_back_from_bus_2,620,1.0473522634796832,0.9180210011845933,0.07929141562651666,3475.190874676539,173.7560773829388,17.375013892218117,0.8555293018002029,0.03413522577521021,1.0612213331756848e-09
60,car_scooter_brex_san_jose,freeway_driving_weekday/freeway_driving_weekday_3,1937,1.1965186374991097,0.9871808062998835,0.02425486208766065,6668.507852315846,699.3266313584463,102.75814142757399,49.30711900493105,0.2108312921181013,6.829429384774533e-10
60,car_scooter_brex_san_jose,bus trip with e-scooter access/city_escooter_3,1403,1.0364829551693713,0.8780208701704096,0.031075435763604702,2038.6206918957405,149.73536028896706,22.494989000783665,8.941371721874555,0.25930225084208136,6.416257647001624e-10
60,car_scooter_brex_san_jose,bus trip with e-scooter access/city_bus_rapid_transit_3,2456,1.18540429586999,1.0000871182421553,0.03330329658592398,13219.152949670986,799.4898394715613,85.80061474722146,56.55175814153394,0.13977945213509266,6.217521112241125e-10
60,car_scooter_brex_san_jose,bus trip with e-scooter access/walk_back_from_bus_3,648,1.0461283993757509,0.9351360110491609,0.06417141490468298,1745.3938006720318,139.9482795479563,12.630683007384322,0.7242396704359686,0.03758734718732723,1.0612213331756848e-09
60,car_scooter_brex_san_jose,freeway_driving_weekday/freeway_driving_weekday_4,2006,1.1885208914580028,0.9820496388858354,0.03126230648009202,5388.9440422334,661.8001477184473,100.09083620154577,47.05477734971237,0.19484220285708617,6.829429384774533e-10
60,car_scooter_brex_san_jose,bus trip with e-scooter access/city_escooter_4,1310,1.039620183988995,0.9856522397300649,0.040870305267711717,1349.2657214004598,113.41134006189371,23.481683452515178,6.746586779582559,0.26609860524729656,6.416257647001624e-10
60,car_scooter_brex_san_jose,bus trip with e-scooter access/city_bus_rapid_transit_4,2847,1.156450980254712,1.0033411265239214,0.03630915253926594,inf,inf,inf,57.40190293892633,0.0,6.217521112241125e-10
60,car_scooter_brex_san_jose,bus trip with e-scooter access/walk_back_from_bus_4,654,1.0465069517457688,0.9285462791353418,0.07406069811001177,26311.228516060593,623.7875214396969,28.810584732298285,0.7044955543628098,0.0034548339451087847,1.0612213331756848e-09
60,car_scooter_brex_san_jose,freeway_driving_weekday/freeway_driving_weekday_5,1921,1.1980761773432484,0.9806198913766814,0.02323164437021143,524752.3835025582,14955.100467027029,441.79175302449846,58.96159792718549,0.09649962630409047,6.829429384774533e-10
60,car_scooter_brex_san_jose,bus trip with e-scooter access/city_escooter_5,1286,1.0397289596227934,0.9896033327212335,0.027488731897827325,1574.7992193061855,112.87622541574963,24.606238294559763,5.411878411575184,0.2066908220098307,6.416257647001624e-10
60,car_scooter_brex_san_jose,bus trip with e-scooter access/city_bus_rapid_transit_5,2555,1.1776030852712926,0.9931222610548429,0.027201061501940214,7298.9676276563405,629.7527439454645,76.65421738019208,55.13276062484869,0.17611855088776798,6.217521112241125e-10
60,car_scooter_brex_san_jose,bus trip with e-scooter access/walk_back_from_bus_5,647,1.0451589920032545,0.9328751574247046,0.06540370915879391,1836.325483585264,82.67078495353607,12.706250620055718,0.8023332049084982,0.05786206939143157,1.0612213331756848e-09
60,car_scooter_brex_san_jose,freeway_driving_weekday/freeway_driving_weekday_6,2002,1.1899229005519512,0.9835787332525295,0.016418078880805723,3125195645.0362782,4889390.011830561,7673.47430644889,47.27673227023756,3.0185986739673158e-05,6.829429384774533e-10
60,car_scooter_brex_san_jose,bus trip with e-scooter access/city_escooter_6,1482,1.034046591113879,0.9945363012399464,0.031443888127733174,4631190.386971157,37039.211949810844,296.617611041459,8.668957675818628,0.0024543272671005496,6.416257647001624e-10
60,car_scooter_brex_san_jose,bus trip with e-scooter access/city_bus_rapid_transit_6,2855,1.1552854821524332,0.9949674664927034,0.019684725790936847,16173.568680322447,752.3050043059783,76.42574986499743,55.2704010160952,0.15310259930225478,6.217521112241125e-10
60,car_scooter_brex_san_jose,bus trip with e-scooter access/walk_back_from_bus_6,625,1.048819175857893,0.9250147741654907,0.07146063423397946,2340690014632.6133,181928859.82612154,14142.519924787059,1.0177344105925352,1.358752997732675e-10,1.0612213331756848e-09
60,train_bus_ebike_mtv_ucb,mtv_to_berkeley_sf_bart/walk_to_caltrain_0,1115,1.0798996314206475,0.9440053146817338,0.05199859096533307,3018.9913187964753,131.98397068687044,14.445814147101489,0.9710286387703103,0.04132889346536251,7.066114844795951e-10
60,train_bus_ebike_mtv_ucb,mtv_to_berkeley_sf_bart/commuter_rail_aboveground_0,2927,1.1699103468304564,0.975896167501904,0.050358672380470176,inf,inf,inf,56.11364967704501,0.0,7.225986198398043e-10
60,train_bus_ebike_mtv_ucb,mtv_to_berkeley_sf_bart/subway_underground_0,3864,1.1795275206619795,1.0223390085966726,0.04764526685894032,inf,inf,inf,13.54225852664947,0.0,8.022390272317053e-10
60,train_bus_ebike_mtv_ucb,mtv_to_berkeley_sf_bart/walk_to_bus_0,285,1.0072153442106522,0.896562248292091,0.2853583172423521,1075.3205331884358,42.438185711886625,3.536525891850847,0.004605839497447248,0.00010852441478557384,8.417568395528515e-10
60,train_bus_ebike_mtv_ucb,mtv_to_berkeley_sf_bart/city_bus_short_0,473,1.187725272612657,0.9730314314809463,0.10677260597574875,8389.33880662442,441.3270108558695,47.603792015342634,26.562976214928078,0.09831728514133484,6.4425497260919e-10
60,train_bus_ebike_mtv_ucb,walk_urban_university/walk_urban_university_0,866,1.0852523030292662,0.9822504261264109,0.046653018374287814,6231.416274868318,293.2071703750109,15.37601871551147,0.9107165337529202,0.021952903758259267,8.783406312073868e-10
60,train_bus_ebike_mtv_ucb,berkeley_to_mtv_SF_express_bus/walk to the bikeshare location_0,305,1.063190908063734,0.927408814174471,0.044444322291711795,388.62586169717525,49.37201676276952,6.818010579732335,0.8606637196297551,0.1172143295523743,4.6000558237409036e-10
60,train_bus_ebike_mtv_ucb,berkeley_to_mtv_SF_express_bus/ebike_bikeshare_urban_long_0,1467,1.2122461443254104,0.9631746714453524,0.03106168703161475,4256.004833555523,287.5593667097222,35.953214005699586,20.050906559380703,0.27604448979191903,7.591327569011733e-10
60,train_bus_ebike_mtv_ucb,berkeley_to_mtv_SF_express_bus/express_bus_0,2751,1.1684156332095168,0.9890140112157417,0.022509755286215318,29134.183128360073,1386.279569963545,109.38515690564051,27.331997093578035,0.06205430575978969,6.769007973500341e-10
60,train_bus_ebike_mtv_ucb,berkeley_to_mtv_SF_express_bus/walk_downtown_urban_canyon_0,639,1.0228416010453756,0.8468321105191082,0.17333935350042928,inf,inf,inf,1.7771983752072715,0.0,1.060580868851958e-09
60,train_bus_ebike_mtv_ucb,berkeley_to_mtv_SF_express_bus/light_rail_below_above_ground_0,834,1.1584694695622915,0.9779776797423717,0.03022767908002003,1827352.5093745538,19176.92278592162,271.25541792830944,13.396306090244677,0.0009366877082523928,8.145851430344032e-10
60,train_bus_ebike_mtv_ucb,berkeley_to_mtv_SF_express_bus/commuter_rail_with_tunnels_0,4775,1.1718853165149357,0.9871326516868908,0.03562645780491622,inf,inf,inf,73.37840006380779,0.0,7.999884506231548e-10
60,train_bus_ebike_mtv_ucb,berkeley_to_mtv_SF_express_bus/inner_suburb_downtown_walk_0,1201,1.0739265613728732,0.99367240547913,0.042707927940921986,7912.439600133792,280.45651178509814,19.81883495114918,0.7951311282986329,0.017833054252939472,7.13358173776683e-10
60,train_bus_ebike_mtv_ucb,mtv_to_berkeley_sf_bart/walk_to_caltrain_1,1012,1.0885996728621061,0.9380033564288238,0.05432166767994545,2395.6079882527547,178.90565684711783,17.890648306662953,1.2542345520208786,0.039227583307518306,7.066114844795951e-10
60,train_bus_ebike_mtv_ucb,mtv_to_berkeley_sf_bart/commuter_rail_aboveground_1,2709,1.1851406281220844,1.029183928296435,0.030190409566433235,inf,inf,inf,66.06252152283446,0.0,7.225986198398043e-10
60,train_bus_ebike_mtv_ucb,mtv_to_berkeley_sf_bart/subway_underground_1,3887,1.1905516105002931,0.9224356098282293,0.03782729307745313,inf,inf,inf,43.33944939009902,0.0,8.022390272317053e-10
60,train_bus_ebike_mtv_ucb,mtv_to_berkeley_sf_bart/walk_to_bus_1,215,1.004735401206298,0.911562966245256,0.22091537710977163,408.11308737482676,24.808756018594316,3.3793777511451752,0.3371197405874429,0.021514165584011577,8.417568395528515e-10
60,train_bus_ebike_mtv_ucb,mtv_to_berkeley_sf_bart/city_bus_short_1,535,1.1655471854371682,1.0135878722779341,0.08120251596440277,inf,inf,inf,24.8015778523182,0.0,6.4425497260919e-10
60,train_bus_ebike_mtv_ucb,walk_urban_university/walk_urban_university_1,888,1.0837592209826854,0.981547599581547,0.0516258677065059,2710.895561789582,140.97653571642036,12.578656897129244,0.8671412239309801,0.0261647684707145,8.783406312073868e-10
60,train_bus_ebike_mtv_ucb,berkeley_to_mtv_SF_express_bus/walk to the bikeshare location_1,219,1.0886989909077598,0.9122379216984541,0.07705307575992829,2089937.7866135992,12491.060734059383,154.7510963392786,0.7300881814796796,9.857424683927511e-06,4.6000558237409036e-10
60,train_bus_ebike_mtv_ucb,berkeley_to_mtv_SF_express_bus/ebike_bikeshare_urban_long_1,1446,1.2156335333163455,0.9847222980441585,0.02942364450153387,2699.1153139621033,261.19562528848564,34.49820826993847,20.4047513075176,0.2762675381667782,7.591327569011733e-10
60,train_bus_ebike_mtv_ucb,berkeley_to_mtv_SF_express_bus/express_bus_1,2788,1.1667078001059064,0.9745620595536882,0.032367002065755886,24369.921479883087,1255.0532052579342,97.90974539985915,27.948646820338787,0.05326865143221049,6.822293654972005e-10
60,train_bus_ebike_mtv_ucb,berkeley_to_mtv_SF_express_bus/walk_downtown_urban_canyon_1,616,1.015901936064148,0.8359656347031728,0.1515508208543315,1878.9489034163878,102.88657190899643,8.573672234619725,0.6216434820477158,0.016301650188402822,1.060580868851958e-09
60,train_bus_ebike_mtv_ucb,berkeley_to_mtv_SF_express_bus/light_rail_below_above_ground_1,869,1.1473698556097034,0.997484252456915,0.019144819487237057,inf,inf,inf,9.374973176991748,0.0,8.145851430344032e-10
60,train_bus_ebike_mtv_ucb,berkeley_to_mtv_SF_express_bus/commuter_rail_with_tunnels_1,4797,1.1709937918704554,1.000408414255616,0.019908907324050124,inf,inf,inf,60.147952050614926,0.0,7.999884506231548e-10
60,train_bus_ebike_mtv_ucb,berkeley_to_mtv_SF_express_bus/inner_suburb_downtown_walk_1,1188,1.0741179542130046,0.990482093698399,0.033000782960773314,98634501.9068676,222131.194684912,501.51396866333266,0.5017911473227349,6.014572165058884e-06,7.13358173776683e-10
60,train_bus_ebike_mtv_ucb,mtv_to_berkeley_sf_bart/walk_to_caltrain_2,874,1.1060416088779463,0.946898082048759,0.05662675466418566,2677.6533542376073,146.34884494227197,17.513709459342028,1.5002676436634903,0.04155779103008324,7.066114844795951e-10
60,train_bus_ebike_mtv_ucb,mtv_to_berkeley_sf_bart/commuter_rail_aboveground_2,2829,1.1762425625760404,1.0030161931390094,0.026191998673185484,inf,inf,inf,82.10063739319381,0.0,7.225986198398043e-10
60,train_bus_ebike_mtv_ucb,mtv_to_berkeley_sf_bart/subway_underground_2,3860,1.192435790475897,1.0689250715626986,0.04497244649855072,inf,inf,inf,50.41707743082335,0.0,8.022390272317053e-10
60,train_bus_ebike_mtv_ucb,mtv_to_berkeley_sf_bart/walk_to_bus_2,223,1.010808397537759,0.9157830282006431,0.18258427331179264,259.56584201583917,25.956544005603487,3.2445807680988956,0.3225505488370776,0.03308700235130438,8.417568395528515e-10
60,train_bus_ebike_mtv_ucb,mtv_to_berkeley_sf_bart/city_bus_short_2,499,1.1780228118129996,1.0115774465233376,0.06964066793586472,24398.409746226745,1020.2469140915441,63.976679139932706,34.044267940408076,0.08149162001741643,6.4425497260919e-10
60,train_bus_ebike_mtv_ucb,walk_urban_university/walk_urban_university_2,780,1.096962151039883,0.9812923991353352,0.04234880136047729,8365.364921924702,347.8110833567834,21.738204396159944,1.1881545497137238,0.021146668861392614,8.783406312073868e-10
60,train_bus_ebike_mtv_ucb,berkeley_to_mtv_SF_express_bus/walk to the bikeshare location_2,1403,1.013147647205879,0.5911208907159484,0.4069804613565727,7809.694299351228,216.93501641932733,6.380416218969923,0.008916835528698753,9.321060821228252e-05,4.6000558237409036e-10
60,train_bus_ebike_mtv_ucb,berkeley_to_mtv_SF_express_bus/ebike_bikeshare_urban_long_2,1543,1.2001097191915584,0.9721646253185371,0.03169398136600144,20957.274615137223,819.9884636135582,63.577670733348775,24.07932415629435,0.17146218957049378,7.591327569011733e-10
60,train_bus_ebike_mtv_ucb,berkeley_to_mtv_SF_express_bus/express_bus_2,2365,1.202236324410241,0.9722390688267566,0.028242214317204972,12170.87340947639,638.5996356692673,70.36769724228549,54.34386432322962,0.1396192130001553,6.769007973500341e-10
60,train_bus_ebike_mtv_ucb,berkeley_to_mtv_SF_express_bus/walk_downtown_urban_canyon_2,564,1.0181713692785077,0.8545725373056228,0.14600350730562878,4274.54565796187,177.10313149809414,11.352757947065053,0.6758204937325543,0.014546155017675892,1.060580868851958e-09
60,train_bus_ebike_mtv_ucb,berkeley_to_mtv_SF_express_bus/light_rail_below_above_ground_2,1218,1.1034479510048696,1.1335689701588763,0.1661907046105287,inf,inf,inf,11.4387596137604,0.0,8.145851430344032e-10
60,train_bus_ebike_mtv_ucb,berkeley_to_mtv_SF_express_bus/commuter_rail_with_tunnels_2,4793,1.1702608973273092,1.0020011311497992,0.03211729887136495,inf,inf,inf,77.94037395067993,0.0,7.999884506231548e-10
60,train_bus_ebike_mtv_ucb,berkeley_to_mtv_SF_express_bus/inner_suburb_downtown_walk_2,1193,1.074424960602365,0.999225053415692,0.04795684699060184,10899.240090463381,362.43602443513635,21.653678048791953,0.7558460300097197,0.00756322231136767,7.13358173776683e-10
60,train_bus_ebike_mtv_ucb,mtv_to_berkeley_sf_bart/walk_to_caltrain_3,949,1.0954065836165017,0.9247775335860994,0.0757216154615967,1449251391.4367971,1449491.7661202226,1449.1144427260535,2.135391119369273,1.3880769962140025e-06,7.066114844795951e-10
60,train_bus_ebike_mtv_ucb,mtv_to_berkeley_sf_bart/commuter_rail_aboveground_3,2639,1.1913622084675586,1.0226962655750267,0.02708632444896026,inf,inf,inf,72.7967956526567,0.0,7.225986198398043e-10
60,train_bus_ebike_mtv_ucb,mtv_to_berkeley_sf_bart/subway_underground_3,3868,1.1899452839988747,1.0853571602024865,0.05034933820596516,inf,inf,inf,46.73305639248558,0.0,8.022390272317053e-10
60,train_bus_ebike_mtv_ucb,mtv_to_berkeley_sf_bart/walk_to_bus_3,309,1.0195085540598094,0.970627772562869,0.2992796181023534,6329.519312578135,212.488925218208,6.856867944537304,0.6178656844469941,0.007088863272343032,8.417568395528515e-10
60,train_bus_ebike_mtv_ucb,mtv_to_berkeley_sf_bart/city_bus_short_3,378,1.2526017169820336,0.9576853108313415,0.03378377185277651,4142.953903848488,314.0187060967351,37.11396659114383,27.816045696670344,0.11270601077059746,6.4425497260919e-10
60,train_bus_ebike_mtv_ucb,walk_urban_university/walk_urban_university_3,797,1.0942109175206816,0.9785787958304913,0.03862147976113899,12313323.15001362,49250.592756984785,196.2355283408609,2.075579857246379,0.00012938470165122564,8.783406312073868e-10
60,train_bus_ebike_mtv_ucb,berkeley_to_mtv_SF_express_bus/walk to the bikeshare location_3,519,1.0708071431547226,0.978993470273305,0.03700601124372408,228880336.92110357,343299.4144894544,512.2714147175191,1.2350972146828143,2.7851381781407964e-06,5.692611509058333e-10
60,train_bus_ebike_mtv_ucb,berkeley_to_mtv_SF_express_bus/ebike_bikeshare_urban_long_3,1586,1.1937928502189994,0.9822915822241656,0.027664793957965592,56348.5717674392,1070.625818124643,30.86305497344093,15.129634917495052,0.16906402649319738,7.481166846026598e-10
60,train_bus_ebike_mtv_ucb,berkeley_to_mtv_SF_express_bus/express_bus_3,2741,1.1612161764189428,0.9753982133690088,0.01668087531873391,inf,inf,inf,20.1959112375094,0.0,7.342253319793175e-10
60,train_bus_ebike_mtv_ucb,berkeley_to_mtv_SF_express_bus/walk_downtown_urban_canyon_3,785,1.0121577735661518,0.876799823816912,0.1438725575796332,14216190.046883116,42650.195652431095,127.56991409340414,4.590902681551436,0.0001115254501305127,8.02529976053429e-10
60,train_bus_ebike_mtv_ucb,berkeley_to_mtv_SF_express_bus/light_rail_below_above_ground_3,930,1.140471929943614,0.9521970794420358,0.028287174817367713,inf,inf,inf,8.880032954701695,0.0,8.145851430344032e-10
60,train_bus_ebike_mtv_ucb,berkeley_to_mtv_SF_express_bus/commuter_rail_with_tunnels_3,3579,1.2425810516383924,0.9500543052500516,0.03483628549655543,inf,inf,inf,112.98117041646987,0.0,7.999884506231548e-10
60,train_bus_ebike_mtv_ucb,berkeley_to_mtv_SF_express_bus/inner_suburb_downtown_walk_3,1186,1.074666833186685,0.9956210324105003,0.03974772775432457,134967764.38504317,269947.60496190476,539.0024145005511,1.3009698075584943,1.1351393271138694e-05,7.13358173776683e-10
60,train_bus_ebike_mtv_ucb,mtv_to_berkeley_sf_bart/walk_to_caltrain_4,960,1.0936529756486262,0.9376241901172634,0.06364239614109067,340705.20577172714,5025.383782653046,76.42740462949081,3.136604741370685,0.0032062172433840568,7.066114844795951e-10
60,train_bus_ebike_mtv_ucb,mtv_to_berkeley_sf_bart/commuter_rail_aboveground_4,2716,1.184768680053126,0.9765091319024247,0.032237446565217306,inf,inf,inf,94.11447809461407,0.0,7.225986198398043e-10
60,train_bus_ebike_mtv_ucb,mtv_to_berkeley_sf_bart/subway_underground_4,3882,1.1899937289785,1.071000627357948,0.051637876973952584,inf,inf,inf,12.55545547784553,0.0,8.022390272317053e-10
60,train_bus_ebike_mtv_ucb,mtv_to_berkeley_sf_bart/walk_to_bus_4,318,1.017214138932621,0.9846260329363267,0.3083812856673508,1029912.5783026994,6179.385857519924,37.33631368526613,2.145629571593861,0.00051967179213558,8.417568395528515e-10
60,train_bus_ebike_mtv_ucb,mtv_to_berkeley_sf_bart/city_bus_short_4,344,1.2802506440922412,0.9679793970553906,0.04755556661265382,1842.0815216903911,185.18476822522854,37.14824772009973,24.59996530972258,0.1872692627611684,6.4425497260919e-10
60,train_bus_ebike_mtv_ucb,walk_urban_university/walk_urban_university_4,797,1.0943910708015385,0.9759469434765529,0.04986383356378043,775098.1287918943,8914.26843864815,101.34960911890896,1.9722701227795338,0.0011047402379488114,8.783406312073868e-10
60,train_bus_ebike_mtv_ucb,berkeley_to_mtv_SF_express_bus/walk to the bikeshare location_4,423,1.081873462146632,0.9757339130025251,0.03252413397510759,43554.96549513561,1200.0449901452862,35.04084663615427,1.641623416339003,0.009113115754216899,5.692611509058333e-10
60,train_bus_ebike_mtv_ucb,berkeley_to_mtv_SF_express_bus/ebike_bikeshare_urban_long_4,1297,1.2473953722311308,0.9896004625907594,0.026306103137409238,1419.8390386608705,193.76694457457143,34.692077580593526,22.099855117755244,0.35034590544184563,7.481166846026598e-10
60,train_bus_ebike_mtv_ucb,berkeley_to_mtv_SF_express_bus/express_bus_4,2768,1.1595518300253291,0.982954567228233,0.022551468031725974,inf,inf,inf,22.680289499734727,0.0,7.342253319793175e-10
60,train_bus_ebike_mtv_ucb,berkeley_to_mtv_SF_express_bus/walk_downtown_urban_canyon_4,687,1.0155550644716347,0.8921473473612361,0.12373774916571322,inf,inf,inf,3.275837787335814,0.0,8.02529976053429e-10
60,train_bus_ebike_mtv_ucb,berkeley_to_mtv_SF_express_bus/light_rail_below_above_ground_4,978,1.1316995244750658,0.9588416857061198,0.044549426583259936,41337371.219580926,141869.85876203384,707.6402847727447,16.880962012144018,2.6115665435693605e-05,8.145851430344032e-10
60,train_bus_ebike_mtv_ucb,berkeley_to_mtv_SF_express_bus/commuter_rail_with_tunnels_4,4839,1.1691312469162367,1.0045924062267164,0.03569284342887911,141582.94355891127,5633.224433036462,354.6100411376862,76.97935192234762,0.08959222114616913,7.999884506231548e-10
60,train_bus_ebike_mtv_ucb,berkeley_to_mtv_SF_express_bus/inner_suburb_downtown_walk_4,1081,1.0827986868850388,0.9966288053274287,0.04725599698187916,208010.05842017938,3151.688227660616,64.4003318053266,1.1043357407971417,0.0017348780836390616,7.13358173776683e-10
60,train_bus_ebike_mtv_ucb,mtv_to_berkeley_sf_bart/walk_to_caltrain_5,953,1.0955377151487455,0.9487565568801912,0.057725635077007946,2046374.0204738416,18417.535726582348,164.2891833648062,2.339241480431558,0.0008020161160064149,7.066114844795951e-10
60,train_bus_ebike_mtv_ucb,mtv_to_berkeley_sf_bart/commuter_rail_aboveground_5,2913,1.1698908683633351,0.9657752623179092,0.03398391860120614,inf,inf,inf,89.5875687053171,0.0,7.225986198398043e-10
60,train_bus_ebike_mtv_ucb,mtv_to_berkeley_sf_bart/subway_underground_5,3900,1.1853006964856805,1.0575001099687316,0.03749089599799787,inf,inf,inf,8.7955245574881,0.0,8.022390272317053e-10
60,train_bus_ebike_mtv_ucb,mtv_to_berkeley_sf_bart/walk_to_bus_5,304,0.981224067490317,0.8824163210476238,0.275081972966545,3891.9872930102997,147.79383956192711,6.157974884508795,1.2405757555607992,0.0133314720426353,8.417568395528515e-10
60,train_bus_ebike_mtv_ucb,mtv_to_berkeley_sf_bart/city_bus_short_5,309,1.3267780084595318,0.9682903930443685,0.040695809414695146,70365.9251017636,2087.2504130486727,108.37112846433627,23.284794838341952,0.014672765423816847,6.4425497260919e-10
60,train_bus_ebike_mtv_ucb,walk_urban_university/walk_urban_university_5,826,1.0912703168849494,0.9421291304192584,0.04199304766873166,60330.12307293686,1476.9415691694446,37.34068144411305,1.8038221525204174,0.01112111511170747,8.783406312073868e-10
60,train_bus_ebike_mtv_ucb,berkeley_to_mtv_SF_express_bus/walk to the bikeshare location_5,356,1.1082698172397754,0.9969791596642373,0.04532214633936056,181.1230728561427,33.5108198161552,7.797667397967575,1.0560816624904903,0.13060633604651586,5.692611509058333e-10
60,train_bus_ebike_mtv_ucb,berkeley_to_mtv_SF_express_bus/ebike_bikeshare_urban_long_5,1414,1.2221166437991446,0.9450685497599555,0.05051760034366362,4160.008510424994,274.7778073900944,36.00196972725621,22.167547147553137,0.22579836101034267,7.481166846026598e-10
60,train_bus_ebike_mtv_ucb,berkeley_to_mtv_SF_express_bus/express_bus_5,2381,1.1901073489375285,0.9670177484984921,0.03130540069734831,29300.98323411845,1546.3209923242562,110.44853014397417,40.235479741661734,0.06378247272342358,7.342253319793175e-10
60,train_bus_ebike_mtv_ucb,berkeley_to_mtv_SF_express_bus/walk_downtown_urban_canyon_5,652,1.0130380518125965,0.9140928660470042,0.12039522392531701,1258819.9907408957,8937.101240664413,65.06174414810172,2.3049237022464233,0.0005855721777399866,8.02529976053429e-10
60,train_bus_ebike_mtv_ucb,berkeley_to_mtv_SF_express_bus/light_rail_below_above_ground_5,799,1.1549854912682338,0.9701803223118238,0.021941972004401105,inf,inf,inf,9.150578969868016,0.0,8.145851430344032e-10
60,train_bus_ebike_mtv_ucb,berkeley_to_mtv_SF_express_bus/commuter_rail_with_tunnels_5,4252,1.1966217433545243,0.9974507383323808,0.023326300483583418,inf,inf,inf,79.90323003936926,0.0,7.999884506231548e-10
60,train_bus_ebike_mtv_ucb,berkeley_to_mtv_SF_express_bus/inner_suburb_downtown_walk_5,1063,1.0837897723786443,0.9964671672294578,0.049945147447710295,3593.7056800776845,223.718960171491,17.04283879693756,1.011892046962661,0.049889147029250215,7.13358173776683e-10
60,train_bus_ebike_mtv_ucb,mtv_to_berkeley_sf_bart/walk_to_caltrain_6,945,1.0943668186564532,0.9533283105384409,0.047723252499325464,199887.1047311748,3601.282806113634,63.72786630892653,2.888203895490406,0.004553186201177164,7.066114844795951e-10
60,train_bus_ebike_mtv_ucb,mtv_to_berkeley_sf_bart/commuter_rail_aboveground_6,2858,1.1744875279132865,0.9482226506953714,0.029801625362639785,inf,inf,inf,91.56942867227117,0.0,7.225986198398043e-10
60,train_bus_ebike_mtv_ucb,mtv_to_berkeley_sf_bart/subway_underground_6,3901,1.1888153695217625,0.9573919803119704,0.019564222987090298,inf,inf,inf,54.73740572850176,0.0,8.022390272317053e-10
60,train_bus_ebike_mtv_ucb,mtv_to_berkeley_sf_bart/walk_to_bus_6,292,1.0112037324657515,0.9349428917605862,0.2616957275117698,5034.878083226305,178.31815705984374,6.955706983529651,0.2495215507199599,0.0024507922908454083,8.417568395528515e-10
60,train_bus_ebike_mtv_ucb,mtv_to_berkeley_sf_bart/city_bus_short_6,366,1.1933310208133237,0.9748670505957341,0.03749487842903497,5727.653631042942,304.4102342148815,34.429624293824354,42.57682059303005,0.1730129973370038,6.922048303980974e-10
60,train_bus_ebike_mtv_ucb,walk_urban_university/walk_urban_university_6,824,1.0908826258836604,0.9685104095024464,0.05569646214687014,29118.9923374822,873.0823791001008,25.42935331052688,1.621782949451964,0.015449357136950944,8.783406312073868e-10
60,train_bus_ebike_mtv_ucb,berkeley_to_mtv_SF_express_bus/walk to the bikeshare location_6,431,1.0867783565118991,0.9949695450921687,0.044052559149501916,10163.502709329961,386.8001960556364,23.04791418903399,1.1207515062947169,0.013145031665851965,5.692611509058333e-10
60,train_bus_ebike_mtv_ucb,berkeley_to_mtv_SF_express_bus/ebike_bikeshare_urban_long_6,1513,1.205552394831096,0.975957340903005,0.02928205105852851,2958.342526730711,197.5511109248511,30.72478725343041,19.377145947059798,0.26585811911564783,7.481166846026598e-10
60,train_bus_ebike_mtv_ucb,berkeley_to_mtv_SF_express_bus/express_bus_6,2422,1.186775116729081,0.9642763592661338,0.0609074520613112,35368.88595196258,1662.0513739984278,110.16597232214538,49.450127334940994,0.05508479844083228,7.342253319793175e-10
60,train_bus_ebike_mtv_ucb,berkeley_to_mtv_SF_express_bus/walk_downtown_urban_canyon_6,666,1.0171660376133402,0.906279150272499,0.136378449032813,404334.05867802416,4244.037885561251,43.03560922047624,0.9707106999264713,0.0006719639112564355,8.02529976053429e-10
60,train_bus_ebike_mtv_ucb,berkeley_to_mtv_SF_express_bus/light_rail_below_above_ground_6,941,1.1402625530901338,0.9588307874441343,0.023775988287386324,inf,inf,inf,12.450734009630576,0.0,8.145851430344032e-10
60,train_bus_ebike_mtv_ucb,berkeley_to_mtv_SF_express_bus/commuter_rail_with_tunnels_6,4217,1.1988857076704018,0.9875998237921105,0.02131427576406087,316640753.8027288,783151.8765366309,3942.215476176292,75.753740763086,3.309082409986283e-05,7.999884506231548e-10
60,train_bus_ebike_mtv_ucb,berkeley_to_mtv_SF_express_bus/inner_suburb_downtown_walk_6,1188,1.0738826255310765,0.9944354075597653,0.03708383844261321,549180.8753035755,6452.759262443433,74.72769427987852,1.465307896153462,0.0012228537854526683,7.13358173776683e-10
60,train_bus_ebike_mtv_ucb,mtv_to_berkeley_sf_bart/walk_to_caltrain_7,1068,1.0828504778722483,0.9144186655761695,0.08411348100912373,2105645.7509524976,17897.895716049043,153.46431323296937,3.145991712955199,0.0006614408548169314,7.066114844795951e-10
60,train_bus_ebike_mtv_ucb,mtv_to_berkeley_sf_bart/commuter_rail_aboveground_7,2786,1.1797285620215774,0.9934367117649413,0.023013108548587905,26272.611761121014,1316.924008657323,156.98389842988075,80.25151464376924,0.12855379054846255,7.225986198398043e-10
60,train_bus_ebike_mtv_ucb,mtv_to_berkeley_sf_bart/subway_underground_7,3898,1.1883839249300352,0.9954746200395214,0.022662291689761735,inf,inf,inf,22.850504422177274,0.0,8.022390272317053e-10
60,train_bus_ebike_mtv_ucb,mtv_to_berkeley_sf_bart/walk_to_bus_7,295,1.0189141518045253,0.9506474755933385,0.2050573545089659,239015.8736286983,2390.1158087450094,24.38891310594967,0.1738394724765937,6.323766236683105e-05,8.417568395528515e-10
60,train_bus_ebike_mtv_ucb,mtv_to_berkeley_sf_bart/city_bus_short_7,304,1.2541401479273258,0.9613654608451583,0.05147760548891027,4478.182058932804,304.18954029009564,36.92467318080813,43.38406899196883,0.1549436342435533,6.922048303980974e-10
60,train_bus_ebike_mtv_ucb,walk_urban_university/walk_urban_university_7,851,1.0885569421297292,0.9814220233741067,0.06501493216222028,61444.952329662774,1584.9474763163032,42.33888438264078,2.20893088665485,0.01021788667771754,8.783406312073868e-10
60,train_bus_ebike_mtv_ucb,berkeley_to_mtv_SF_express_bus/walk to the bikeshare location_7,442,1.087033213507231,0.9635872202208832,0.027801653371958085,13534.608730511196,545.3348606391,24.230133255332746,1.821388456929666,0.022796497279095985,5.692611509058333e-10
60,train_bus_ebike_mtv_ucb,berkeley_to_mtv_SF_express_bus/ebike_bikeshare_urban_long_7,1343,1.2367271889777305,0.9874880955559338,0.024172624599621023,1731.7983108240503,157.18050642863855,31.436395768002498,22.315763413213297,0.36633243641485147,7.481166846026598e-10
60,train_bus_ebike_mtv_ucb,berkeley_to_mtv_SF_express_bus/express_bus_7,2349,1.1936553641922936,0.9724809231820601,0.026682719669457337,394839.6754012647,10663.883991034296,293.0531236393193,31.33489325550301,0.05920888292348053,7.39791657760347e-10
60,train_bus_ebike_mtv_ucb,berkeley_to_mtv_SF_express_bus/walk_downtown_urban_canyon_7,659,1.0180392949626504,0.8991215431677726,0.1007217963232349,2806992.4245167184,15204.006190027867,84.03731702787151,0.5397324381584828,5.4841915485992846e-05,8.02529976053429e-10
60,train_bus_ebike_mtv_ucb,berkeley_to_mtv_SF_express_bus/light_rail_below_above_ground_7,885,1.1425299957631614,1.037398449354476,0.08520537656368497,inf,inf,inf,9.432277253918913,0.0,8.145851430344032e-10
60,train_bus_ebike_mtv_ucb,berkeley_to_mtv_SF_express_bus/commuter_rail_with_tunnels_7,3506,1.249000021152574,0.9784001351249284,0.025841138505794822,539694.5818121586,17523.27237714887,582.1196648412671,100.77894608583978,0.08929460590195014,7.999884506231548e-10
60,train_bus_ebike_mtv_ucb,berkeley_to_mtv_SF_express_bus/inner_suburb_downtown_walk_7,1183,1.0749632752668052,0.9963359381452505,0.04956925995294613,2268050.71431905,18143.672329751418,145.93432054684897,0.9135419197440737,0.00044633536593628037,7.13358173776683e-10
60,train_bus_ebike_mtv_ucb,mtv_to_berkeley_sf_bart/walk_to_caltrain_8,930,1.0969774543749897,0.9267776133784803,0.07336138659162932,663547.3952143406,7962.12928365248,96.77187418089632,1.9041301914473017,0.0023538450276678223,7.066114844795951e-10
60,train_bus_ebike_mtv_ucb,mtv_to_berkeley_sf_bart/commuter_rail_aboveground_8,2857,1.1743145902344905,0.9948999944135437,0.04137664431487875,96553.3552034669,3754.305555646194,252.9731592809138,88.69438869977492,0.09810294255486174,7.225986198398043e-10
60,train_bus_ebike_mtv_ucb,mtv_to_berkeley_sf_bart/subway_underground_8,3959,1.1866120443423807,1.104363937299442,0.043667230767862296,inf,inf,inf,23.127948032484493,0.0,8.022390272317053e-10
60,train_bus_ebike_mtv_ucb,mtv_to_berkeley_sf_bart/walk_to_bus_8,310,1.0141673616511007,0.9858767349816652,0.19275072401409982,5574.000312815595,169.88263356864775,7.9803644750818,0.15670967055855772,0.00200740869811617,8.417568395528515e-10
60,train_bus_ebike_mtv_ucb,mtv_to_berkeley_sf_bart/city_bus_short_8,301,1.253930808086201,0.9634151161627574,0.042273572876940925,5867.094609336127,394.3890422965516,55.26352269456987,36.23437129196189,0.19712467277495552,6.922048303980974e-10
60,train_bus_ebike_mtv_ucb,walk_urban_university/walk_urban_university_8,875,1.0849693539532443,0.9809342046091587,0.04923940479599914,6600.255375076512,328.87399680638066,18.013032571218947,1.1102861084044293,0.02744275565686507,8.783406312073868e-10
60,train_bus_ebike_mtv_ucb,berkeley_to_mtv_SF_express_bus/walk to the bikeshare location_8,408,1.09519981998664,0.9975105393995395,0.041615244257370544,593.6822638840581,44.55248757018765,5.911374326139547,1.3582252035120121,0.1586730568961051,5.692611509058333e-10
60,train_bus_ebike_mtv_ucb,berkeley_to_mtv_SF_express_bus/ebike_bikeshare_urban_long_8,1518,1.2048345218974925,0.9714045497468168,0.029565271545696603,37196.31191848644,1489.3326389186107,70.3333640265498,19.382038405206274,0.1844273444286207,7.481166846026598e-10
60,train_bus_ebike_mtv_ucb,berkeley_to_mtv_SF_express_bus/express_bus_8,2592,1.1717501324029564,0.9801209804124913,0.021698890389093402,152121367626.88702,55309549.402055666,20111.596856573797,24.64476954224592,4.197679104522199e-07,7.39791657760347e-10
60,train_bus_ebike_mtv_ucb,berkeley_to_mtv_SF_express_bus/walk_downtown_urban_canyon_8,600,1.016174717026029,0.9229634477419416,0.18019868170908865,inf,inf,inf,4.558853712952647,0.0,8.02529976053429e-10
60,train_bus_ebike_mtv_ucb,berkeley_to_mtv_SF_express_bus/light_rail_below_above_ground_8,778,1.163861941862176,0.9435566158780655,0.020569447441049903,20137.882384627104,986.5230944158409,69.38207017608171,11.933266723662186,0.02061043807855556,8.145851430344032e-10
60,train_bus_ebike_mtv_ucb,berkeley_to_mtv_SF_express_bus/commuter_rail_with_tunnels_8,3844,1.2228946151617601,0.9960682839241618,0.019691146673457862,496623.2762639258,13948.681395005235,609.7775375790857,84.67132479369859,0.04350928536473301,7.999884506231548e-10
60,train_bus_ebike_mtv_ucb,berkeley_to_mtv_SF_express_bus/inner_suburb_downtown_walk_8,1209,1.0728011476574286,0.983281753693659,0.05269989630843635,55681.241192169095,1450.3233645460398,34.22559899281935,1.1326855463090009,0.01066265415589236,7.13358173776683e-10
60,train_bus_ebike_mtv_ucb,mtv_to_berkeley_sf_bart/walk_to_caltrain_9,945,1.0954605058009415,0.9262476152245765,0.0719996843508821,232236.54172962395,3946.100681428389,66.27124732485285,3.2060538094292212,0.00519485844048591,7.066114844795951e-10
60,train_bus_ebike_mtv_ucb,mtv_to_berkeley_sf_bart/commuter_rail_aboveground_9,2690,1.1877978720363205,0.9797529184458742,0.029642050649719653,inf,inf,inf,106.95151496654796,0.0,7.225986198398043e-10
60,train_bus_ebike_mtv_ucb,mtv_to_berkeley_sf_bart/subway_underground_9,3904,1.1885711762327678,1.001778193577602,0.025267100140244685,inf,inf,inf,19.20611554078116,0.0,8.022390272317053e-10
60,train_bus_ebike_mtv_ucb,mtv_to_berkeley_sf_bart/walk_to_bus_9,295,1.019113170507507,0.967816824894655,0.23570741468444018,2279.1775668119994,104.84217643709577,5.726354119417023,0.1772993881376969,0.0031780891984174563,8.417568395528515e-10
60,train_bus_ebike_mtv_ucb,mtv_to_berkeley_sf_bart/city_bus_short_9,363,1.1985066607877144,0.9684675103075837,0.03793677330555273,3475.729966867839,332.42702010314974,34.40908782244224,27.69774023435147,0.12530949786186155,6.922048303980974e-10
60,train_bus_ebike_mtv_ucb,walk_urban_university/walk_urban_university_9,836,1.0882309682362954,0.972367234974945,0.0356040666730273,94687.46786077578,1939.9551294284813,38.6653181448535,1.041934632100967,0.0056797919119497735,8.783406312073868e-10
60,train_bus_ebike_mtv_ucb,berkeley_to_mtv_SF_express_bus/walk to the bikeshare location_9,432,1.0891073388656758,0.9907867486070506,0.03702631527957419,282416349.4197524,423663.4896562573,637.386309215406,1.5872986594858043,2.4255533038682204e-06,5.692611509058333e-10
60,train_bus_ebike_mtv_ucb,berkeley_to_mtv_SF_express_bus/ebike_bikeshare_urban_long_9,1623,1.1880278651697171,0.9920376642687037,0.06490806509489877,153484.90355682978,4527.543700657987,128.69816676959124,21.06721238156942,0.08272438905728935,7.481166846026598e-10
60,train_bus_ebike_mtv_ucb,berkeley_to_mtv_SF_express_bus/express_bus_9,2317,1.1963551615332029,0.9927476623578904,0.03174618178705883,36423.72983705722,1376.1334760047544,106.77553400262478,41.82968834341131,0.07286499024824801,7.342253319793175e-10
60,train_bus_ebike_mtv_ucb,berkeley_to_mtv_SF_express_bus/walk_downtown_urban_canyon_9,690,1.013759196669441,0.8583053446939868,0.13430097522534495,3517.8597397523617,161.7012191327005,10.469951213081636,0.7419878012262724,0.009504158971214314,8.02529976053429e-10
60,train_bus_ebike_mtv_ucb,berkeley_to_mtv_SF_express_bus/light_rail_below_above_ground_9,1170,1.1071992676153348,1.0344803996492582,0.08181180122839045,11092804.134770073,72093.54360482891,469.21573903948786,4.3913235524189975,7.997036347544676e-05,8.145851430344032e-10
60,train_bus_ebike_mtv_ucb,berkeley_to_mtv_SF_express_bus/commuter_rail_with_tunnels_9,3566,1.2440506096065116,1.0015430043497409,0.037502272873435986,inf,inf,inf,117.96307628788288,0.0,7.999884506231548e-10
60,train_bus_ebike_mtv_ucb,berkeley_to_mtv_SF_express_bus/inner_suburb_downtown_walk_9,1229,1.0715652742027313,0.9910376843566993,0.04739412992092067,259746219.9021225,389591.29554540245,583.4694335656098,1.1318487961290855,5.338214274944719e-06,7.13358173776683e-10
60,train_bus_ebike_mtv_ucb,mtv_to_berkeley_sf_bart/walk_to_caltrain_10,1038,1.0871036742378968,0.9119518405378026,0.08618130993992668,2037743.2845013582,16302.843333535538,129.38981840459513,2.3212135966682492,0.0006843410828731327,7.066114844795951e-10
60,train_bus_ebike_mtv_ucb,mtv_to_berkeley_sf_bart/commuter_rail_aboveground_10,2748,1.1834306999310864,0.9868084515469291,0.025380160478978772,473082.89112969267,14429.110326894453,468.6799942294795,81.99371740350554,0.08004580723425851,7.225986198398043e-10
60,train_bus_ebike_mtv_ucb,mtv_to_berkeley_sf_bart/subway_underground_10,4979,1.1426694546365235,0.9535273869013733,0.13688337431924086,inf,inf,inf,11.243618591907,0.0,8.022390272317053e-10
60,train_bus_ebike_mtv_ucb,mtv_to_berkeley_sf_bart/walk_to_bus_10,294,1.0074662019875977,0.9601579949336105,0.17558123049203397,502321.0226760455,4081.391721318255,30.041756436358217,0.16014692016668985,4.4688276913764634e-05,8.417568395528515e-10
60,train_bus_ebike_mtv_ucb,mtv_to_berkeley_sf_bart/city_bus_short_10,431,1.16755667949454,0.9880756641459634,0.053501621270987516,4867.668005552524,265.33111718204833,29.481203613794108,35.92562171893986,0.13330182274510094,6.922048303980974e-10
60,train_bus_ebike_mtv_ucb,walk_urban_university/walk_urban_university_10,789,1.0955791838281446,0.9825069780818352,0.03980815691262191,27896.65279527949,826.7913201111201,30.31664041846014,1.197352731457539,0.009176824479887843,8.783406312073868e-10
60,train_bus_ebike_mtv_ucb,berkeley_to_mtv_SF_express_bus/walk to the bikeshare location_10,389,1.1009268787162443,0.9976294762960949,0.032629798372270785,148147.65571108172,2592.6073098852867,60.07479165929993,1.055736880584314,0.002099484668426422,5.692611509058333e-10
60,train_bus_ebike_mtv_ucb,berkeley_to_mtv_SF_express_bus/ebike_bikeshare_urban_long_10,1465,1.2137480054438836,0.9552866595604165,0.04228017212886254,5197.671442656646,406.6231925727215,44.96760653822428,20.22870489284168,0.2150068422561231,7.481166846026598e-10
60,train_bus_ebike_mtv_ucb,berkeley_to_mtv_SF_express_bus/express_bus_10,2907,1.1508506121901214,0.9924788135763297,0.01613238117929464,15158.647334032816,1032.584194926904,77.06152297541989,19.351585245418296,0.058212456183787724,7.342253319793175e-10
60,train_bus_ebike_mtv_ucb,berkeley_to_mtv_SF_express_bus/walk_downtown_urban_canyon_10,617,1.0165926738972977,0.8766866170434947,0.12263742617717109,57492.558848474255,1207.3384724420284,23.276214702201173,3.293891004809006,0.011394074054237105,8.02529976053429e-10
60,train_bus_ebike_mtv_ucb,berkeley_to_mtv_SF_express_bus/light_rail_below_above_ground_10,1016,1.127149574065417,0.9822516343263733,0.08334735662329999,23548846.65677209,75136.05301358317,556.9857125819832,16.480927910322634,5.119142252575314e-05,8.145851430344032e-10
60,train_bus_ebike_mtv_ucb,berkeley_to_mtv_SF_express_bus/commuter_rail_with_tunnels_10,3474,1.2523900326900481,1.0037578925756754,0.03291809879330618,2732923.723493409,57391.79956186678,1258.075774063153,114.99390213526411,0.01768623124759535,7.999884506231548e-10
60,train_bus_ebike_mtv_ucb,berkeley_to_mtv_SF_express_bus/inner_suburb_downtown_walk_10,1179,1.0747560040646835,0.9973591431097055,0.047694359359724436,7945530.03494941,39726.658147975824,199.5337776411096,1.3928311484885385,0.00010238081533535256,7.13358173776683e-10
60,train_bus_ebike_mtv_ucb,mtv_to_berkeley_sf_bart/walk_to_caltrain_11,965,1.094029028569406,0.8877518382759892,0.11566623128023519,8950619.956901249,44876.13054186836,223.56952803484535,5.7852493520355495,0.00044625449668036826,7.066114844795951e-10
60,train_bus_ebike_mtv_ucb,mtv_to_berkeley_sf_bart/commuter_rail_aboveground_11,2641,1.191807419256405,1.0274158890548801,0.026601030649013018,inf,inf,inf,82.93903519672675,0.0,7.225986198398043e-10
60,train_bus_ebike_mtv_ucb,mtv_to_berkeley_sf_bart/subway_underground_11,3895,1.1895220355329692,1.1753862770375656,0.09664521801291957,inf,inf,inf,16.19133870090255,0.0,8.022390272317053e-10
60,train_bus_ebike_mtv_ucb,mtv_to_berkeley_sf_bart/walk_to_bus_11,269,1.022172695978457,1.0188303567170045,0.21942128797847615,150147.1498843858,1706.1622883414536,19.52424837678539,0.0987390603904727,8.633251250614416e-05,6.946654363854002e-10
60,train_bus_ebike_mtv_ucb,mtv_to_berkeley_sf_bart/city_bus_short_11,349,1.2942963962744682,0.9760714196151574,0.05124048530907301,6832.259434418619,377.12884453288433,41.359783480660916,48.876172605188835,0.11890713785801445,5.848063484045086e-10
60,train_bus_ebike_mtv_ucb,walk_urban_university/walk_urban_university_11,898,1.082627071163376,0.9780524145311084,0.0708027827298315,7521352.95540505,33842.223220852604,153.15559074697018,1.5084112371130778,0.00010677189042127949,8.783406312073868e-10
60,train_bus_ebike_mtv_ucb,berkeley_to_mtv_SF_express_bus/walk to the bikeshare location_11,423,1.0893560635539665,0.9941146781438323,0.035014192496107,32980079.72251671,98925.92313973974,318.6906262582812,0.8934265734277588,5.940246913391279e-06,5.692611509058333e-10
60,train_bus_ebike_mtv_ucb,berkeley_to_mtv_SF_express_bus/ebike_bikeshare_urban_long_11,1572,1.1946581044930873,0.983964661084381,0.0251590605876177,39067505630966.85,1676595458.8610291,71957.8474573358,14.90408743923593,2.9819083363691443e-10,7.481166846026598e-10
60,train_bus_ebike_mtv_ucb,berkeley_to_mtv_SF_express_bus/express_bus_11,2600,1.1716686141905124,0.9872640617240812,0.015303431318898697,20669.86743749193,869.7157268117592,79.95308527273917,23.845918748681868,0.0799510727150246,7.39791657760347e-10
60,train_bus_ebike_mtv_ucb,berkeley_to_mtv_SF_express_bus/walk_downtown_urban_canyon_11,620,1.0169665537221642,0.9023590129934524,0.08896429292473218,17253.025918015133,509.48800569214757,16.349489940442794,0.4859093645519687,0.005208023070675017,8.02529976053429e-10
60,train_bus_ebike_mtv_ucb,berkeley_to_mtv_SF_express_bus/light_rail_below_above_ground_11,799,1.164821429029239,0.9646351762719488,0.025089073824092662,inf,inf,inf,12.006750077856228,0.0,8.145851430344032e-10
60,train_bus_ebike_mtv_ucb,berkeley_to_mtv_SF_express_bus/commuter_rail_with_tunnels_11,4175,1.2011570291671751,1.000343564610966,0.024879117540673366,inf,inf,inf,91.67966901663905,0.0,7.999884506231548e-10
60,train_bus_ebike_mtv_ucb,berkeley_to_mtv_SF_express_bus/inner_suburb_downtown_walk_11,1255,1.069626844596422,0.9967567846870805,0.04521978205421708,2089.1905871400054,148.0015326848795,12.030731924979266,0.7716500209523344,0.05486131653173928,7.13358173776683e-10
120,unimodal_trip_car_bike_mtv_la,suburb_city_driving_weekend/suburb_city_driving_weekend_0,817,1.098848383130938,0.9700915599859268,0.037970841603085406,97187.80537371399,3784.3381594924044,153.5789254909089,18.40657298799272,0.06656804164470724,4.738408267387402e-10
120,unimodal_trip_car_bike_mtv_la,suburb_bicycling/suburb_bicycling_0,1270,1.090673815030576,0.9580621052560497,0.0635935772539801,2143.263614615928,214.35942802174938,23.821847009575734,7.354385659386272,0.17214842909309674,8.120676155485603e-10
120,unimodal_trip_car_bike_mtv_la,suburb_city_driving_weekend/suburb_city_driving_weekend_1,702,1.1204151607274049,0.9599372367654447,0.033096859281151504,1419.5924264146743,236.59855337117972,41.60406013938996,14.988671713346909,0.25833599586328354,4.738408267387402e-10
120,unimodal_trip_car_bike_mtv_la,suburb_bicycling/suburb_bicycling_1,1333,1.0865440468217906,0.9603284119928406,0.08203261450035328,1437.1667427686352,143.71342548281393,24.83603093451114,7.38260203283916,0.20500357513770232,8.120676155485603e-10
120,unimodal_trip_car_bike_mtv_la,suburb_city_driving_weekend/suburb_city_driving_weekend_2,709,1.1203633280456395,0.9426534217583572,0.056158333134657595,2923.8928773931175,243.94864451296357,47.49888469242867,21.5585837663044,0.21445194123647937,4.738408267387402e-10
120,unimodal_trip_car_bike_mtv_la,suburb_bicycling/suburb_bicycling_2,1266,1.0907908605848842,0.9490072783690476,0.05636993620780988,1771.9684913178894,159.54360498687785,20.99881694589225,6.63334382056724,0.19908051672359667,8.120676155485603e-10
120,unimodal_trip_car_bike_mtv_la,suburb_city_driving_weekend/suburb_city_driving_weekend_3,853,1.096423610480842,0.9395717252729129,0.0635864874342824,1603.6976392186393,194.8558011688871,36.54729224629635,17.533738170025178,0.23202571861082902,4.738408267387402e-10
120,unimodal_trip_car_bike_mtv_la,suburb_bicycling/suburb_bicycling_3,1320,1.086322270184237,0.9517646181791964,0.06289308584813252,1097.934756161777,118.83371273927025,19.38380349271459,3.765432586159859,0.1253799912672423,8.120676155485603e-10
120,unimodal_trip_car_bike_mtv_la,suburb_city_driving_weekend/suburb_city_driving_weekend_4,773,1.1091294442919983,0.9641608177418172,0.04053360486693704,1668.26266451166,205.45824706222038,34.33496700881488,10.403574651723119,0.1974315418828091,4.738408267387402e-10
120,unimodal_trip_car_bike_mtv_la,suburb_bicycling/suburb_bicycling_4,1285,1.088549737875304,0.9544168011452638,0.07158101997980529,7316.803605217262,481.03359512098257,42.64437249992676,7.510479601347555,0.10599161447965932,8.120676155485603e-10
120,unimodal_trip_car_bike_mtv_la,suburb_city_driving_weekend/suburb_city_driving_weekend_5,859,1.0962978341933842,0.947500146977833,0.04901716552205319,2413.1084060739804,186.59771710656804,37.69684731418145,13.06591060978853,0.1632707527468256,4.738408267387402e-10
120,unimodal_trip_car_bike_mtv_la,suburb_bicycling/suburb_bicycling_5,1297,1.087267374828877,0.9511532922189674,0.05629829668993864,3316.9961452850075,215.71549787742745,28.413521720053634,6.976534378556153,0.14690802901987732,8.120676155485603e-10
120,car_scooter_brex_san_jose,freeway_driving_weekday/freeway_driving_weekday_0,1976,1.1924318924647042,0.986200062546549,0.019042297964298214,6589.889193097179,686.7507054321063,107.77488888505421,51.06082993445105,0.18008069881283761,6.829429384774533e-10
120,car_scooter_brex_san_jose,bus trip with e-scooter access/city_escooter_0,1257,1.0417459760772478,0.9934683706131537,0.01802533834299065,638.8021085327698,103.03218575796761,20.606475972521316,3.6719203211079314,0.1855490726230607,6.416257647001624e-10
120,car_scooter_brex_san_jose,bus trip with e-scooter access/city_bus_rapid_transit_0,2745,1.163389687407169,0.9947987035337477,0.017757948316097772,23031.69490900919,971.0962861039167,84.57793010626905,48.1227460864222,0.13835443039593492,6.217521112241125e-10
120,car_scooter_brex_san_jose,bus trip with e-scooter access/walk_back_from_bus_0,681,1.0434291626958394,0.9258487644796837,0.07470599177756035,759.3661892378366,57.314528837422706,8.035110283488214,0.7891963795876289,0.10880189337175115,1.0612213331756848e-09
120,car_scooter_brex_san_jose,freeway_driving_weekday/freeway_driving_weekday_1,2032,1.18607065311847,0.9989970414600045,0.02626011114855976,4660.6675261050195,459.7962031601606,78.58750656242675,38.365608680938806,0.18895397720693327,6.829429384774533e-10
120,car_scooter_brex_san_jose,bus trip with e-scooter access/city_escooter_1,1236,1.0421526434890436,0.9896638012925421,0.021972043337679874,303.87173479127557,47.73831862933127,15.912925737171914,6.692254212392596,0.3765177441274422,6.416257647001624e-10
120,car_scooter_brex_san_jose,bus trip with e-scooter access/city_bus_rapid_transit_1,2925,1.1515806544825775,0.9977417513851562,0.017029843354739588,22531.622575206336,1139.8040888746546,94.9836753147405,48.13417345949485,0.12897429806438165,6.217521112241125e-10
120,car_scooter_brex_san_jose,bus trip with e-scooter access/walk_back_from_bus_1,640,1.0474594139929772,0.9271520992138511,0.06463661490948798,312.80901570232015,35.80827460726812,8.420606095317355,0.37323546039381306,0.051599077515100567,1.0612213331756848e-09
120,car_scooter_brex_san_jose,freeway_driving_weekday/freeway_driving_weekday_2,1749,1.2237778381016993,0.9871036262267631,0.015043579031537267,13252.038921796924,1319.479557394811,141.37261418298064,65.82981076943891,0.1952528788518115,6.829429384774533e-10
120,car_scooter_brex_san_jose,bus trip with e-scooter access/city_escooter_2,1290,1.0406209181335506,0.9928261488319278,0.03731205112142282,987.9224254474992,104.08681390557383,19.514172483372505,8.747759579139338,0.34584019686301665,6.416257647001624e-10
120,car_scooter_brex_san_jose,bus trip with e-scooter access/city_bus_rapid_transit_2,2622,1.1715913850747546,0.995985649197777,0.01986699263819206,17093.99543385835,904.3032240658144,106.58507328806243,53.74802661848874,0.13130352277779642,6.217521112241125e-10
120,car_scooter_brex_san_jose,bus trip with e-scooter access/walk_back_from_bus_2,620,1.0473522634796832,0.9180210011845933,0.07929141562651666,3475.190874676539,173.7560773829388,17.375013892218117,0.8555293018002029,0.03413522577521021,1.0612213331756848e-09
120,car_scooter_brex_san_jose,freeway_driving_weekday/freeway_driving_weekday_3,1937,1.1965186374991097,0.9871808062998835,0.02425486208766065,6668.507852315846,699.3266313584463,102.75814142757399,49.30711900493105,0.2108312921181013,6.829429384774533e-10
120,car_scooter_brex_san_jose,bus trip with e-scooter access/city_escooter_3,1403,1.0364829551693713,0.9504185934789884,0.046356357112800534,2038.6206918957405,149.73536028896706,22.494989000783665,8.941371721874555,0.2593163942330015,6.416257647001624e-10
120,car_scooter_brex_san_jose,bus trip with e-scooter access/city_bus_rapid_transit_3,2456,1.18540429586999,0.9963241420773334,0.02113861871733805,13219.152949670986,799.4898394715613,85.80061474722146,56.55175814153394,0.1397795050376923,6.217521112241125e-10
120,car_scooter_brex_san_jose,bus trip with e-scooter access/walk_back_from_bus_3,648,1.0461283993757509,0.9351360110491609,0.06417141490468298,1745.3938006720318,139.9482795479563,12.630683007384322,0.7242396704359686,0.03758734718732723,1.0612213331756848e-09
120,car_scooter_brex_san_jose,freeway_driving_weekday/freeway_driving_weekday_4,2006,1.1885208914580028,0.9820496388858354,0.03126230648009202,5388.9440422334,661.8001477184473,100.09083620154577,47.05477734971237,0.19484220285708617,6.829429384774533e-10
120,car_scooter_brex_san_jose,bus trip with e-scooter access/city_escooter_4,1310,1.039620183988995,0.9856522397300649,0.040870305267711717,1349.2657214004598,113.41134006189371,23.481683452515178,6.746586779582559,0.26609860524729656,6.416257647001624e-10
120,car_scooter_brex_san_jose,bus trip with e-scooter access/city_bus_rapid_transit_4,2847,1.156450980254712,1.0123741443839664,0.03294877078742445,21173.10934435952,1051.225219841879,95.56384066050835,57.40064952165625,0.1374433615019578,6.217521112241125e-10
120,car_scooter_brex_san_jose,bus trip with e-scooter access/walk_back_from_bus_4,654,1.0465069517457688,0.9285462791353418,0.07406069811001177,26311.228516060593,623.7875214396969,28.810584732298285,0.7044955543628098,0.0034548339451087847,1.0612213331756848e-09
120,car_scooter_brex_san_jose,freeway_driving_weekday/freeway_driving_weekday_5,1921,1.1980761773432484,0.9949643868411869,0.02323164437021143,524752.3835025582,14955.100467027029,441.79175302449846,58.96159792718549,0.09649984994452661,6.829429384774533e-10
120,car_scooter_brex_san_jose,bus trip with e-scooter access/city_escooter_5,1286,1.0397289596227934,0.9896033327212335,0.027488731897827325,1574.7992193061855,112.87622541574963,24.606238294559763,5.411878411575184,0.2066908220098307,6.416257647001624e-10
120,car_scooter_brex_san_jose,bus trip with e-scooter access/city_bus_rapid_transit_5,2555,1.1776030852712926,0.9968532201259499,0.014403028085332246,7298.967203212014,629.7527439454645,76.65421738019208,55.13276062484869,0.1761207946272271,6.217521112241125e-10
120,car_scooter_brex_san_jose,bus trip with e-scooter access/walk_back_from_bus_5,647,1.0451589920032545,0.9328751574247046,0.06540370915879391,1836.325483585264,82.67078495353607,12.706250620055718,0.8023332049084982,0.05786206939143157,1.0612213331756848e-09
120,car_scooter_brex_san_jose,freeway_driving_weekday/freeway_driving_weekday_6,2002,1.1899229005519512,0.9835787332525295,0.016418078880805723,3125195645.0362782,4889390.011830561,7673.47430644889,47.27673227023756,3.0185986739673158e-05,6.829429384774533e-10
120,car_scooter_brex_san_jose,bus trip with e-scooter access/city_escooter_6,1482,1.034046591113879,0.9945363012399464,0.031443888127733174,4631190.386971157,37039.211949810844,296.617611041459,8.668957675818628,0.0024543272671005496,6.416257647001624e-10
120,car_scooter_brex_san_jose,bus trip with e-scooter access/city_bus_rapid_transit_6,2855,1.1552854821524332,0.9949674664927034,0.019684725790936847,16173.568680322447,752.3050043059783,76.42574986499743,55.2704010160952,0.15310259930225478,6.217521112241125e-10
120,car_scooter_brex_san_jose,bus trip with e-scooter access/walk_back_from_bus_6,625,1.048819175857893,0.9250147741654907,0.07146063423397946,2340690014632.6133,181928859.82612154,14142.519924787059,1.0177344105925352,1.358752997732675e-10,1.0612213331756848e-09
120,train_bus_ebike_mtv_ucb,mtv_to_berkeley_sf_bart/walk_to_caltrain_0,1115,1.0798996314206475,0.9440053146817338,0.05199859096533307,3018.9913187964753,131.98397068687044,14.445814147101489,0.9710286387703103,0.04132889346536251,7.066114844795951e-10
120,train_bus_ebike_mtv_ucb,mtv_to_berkeley_sf_bart/commuter_rail_aboveground_0,2927,1.1699103468304564,0.9773935036478937,0.025379184169036267,inf,inf,inf,53.2015278270015,0.0,7.225986198398043e-10
120,train_bus_ebike_mtv_ucb,mtv_to_berkeley_sf_bart/subway_underground_0,3864,1.1795275206619795,0.9904592161202563,0.04764526685894032,inf,inf,inf,15.777266455248991,0.0,8.022390272317053e-10
120,train_bus_ebike_mtv_ucb,mtv_to_berkeley_sf_bart/walk_to_bus_0,285,1.0072153442106522,0.9264951693462254,0.2853583172423521,1075.3205331884358,42.438185711886625,3.536525891850847,0.004605839497447248,0.000108524414020767,8.417568395528515e-10
120,train_bus_ebike_mtv_ucb,mtv_to_berkeley_sf_bart/city_bus_short_0,473,1.187725272612657,0.9730314314809463,0.10677260597574875,8389.33880662442,441.3270108558695,47.603792015342634,26.562976214928078,0.09831728514133484,6.4425497260919e-10
120,train_bus_ebike_mtv_ucb,walk_urban_university/walk_urban_university_0,866,1.0852523030292662,0.9822504261264109,0.046653018374287814,6231.416274868318,293.2071703750109,15.37601871551147,0.9107165337529202,0.021952903758259267,8.783406312073868e-10
120,train_bus_ebike_mtv_ucb,berkeley_to_mtv_SF_express_bus/walk to the bikeshare location_0,305,1.063190908063734,0.927408814174471,0.044444322291711795,388.62586169717525,49.37201676276952,6.818010579732335,0.8606637196297551,0.1172143295523743,4.6000558237409036e-10
120,train_bus_ebike_mtv_ucb,berkeley_to_mtv_SF_express_bus/ebike_bikeshare_urban_long_0,1467,1.2122461443254104,0.9631746714453524,0.03106168703161475,4256.004833555523,287.5593667097222,35.953214005699586,20.050906559380703,0.27604448979191903,7.591327569011733e-10
120,train_bus_ebike_mtv_ucb,berkeley_to_mtv_SF_express_bus/express_bus_0,2751,1.1684156332095168,0.9779714956067638,0.02139477578715929,29134.183128360073,1386.279569963545,109.38515690564051,27.331997093578035,0.06205429685822476,6.769007973500341e-10
120,train_bus_ebike_mtv_ucb,berkeley_to_mtv_SF_express_bus/walk_downtown_urban_canyon_0,639,1.0228416010453756,0.8360264160694705,0.17333935350042928,1167.2214871400658,83.37291478035601,9.527696826364709,1.7742138063623234,0.05211151306753488,1.060580868851958e-09
120,train_bus_ebike_mtv_ucb,berkeley_to_mtv_SF_express_bus/light_rail_below_above_ground_0,834,1.1584694695622915,0.9779776797423717,0.03022767908002003,1827352.5093745538,19176.92278592162,271.25541792830944,13.396306090244677,0.0009366877082523928,8.145851430344032e-10
120,train_bus_ebike_mtv_ucb,berkeley_to_mtv_SF_express_bus/commuter_rail_with_tunnels_0,4775,1.1718853165149357,0.977308511734306,0.020447009636496365,2328214.3156046565,45405.433467096846,921.3272632909864,72.83171798730505,0.02972234199029729,7.999884506231548e-10
120,train_bus_ebike_mtv_ucb,berkeley_to_mtv_SF_express_bus/inner_suburb_downtown_walk_0,1201,1.0739265613728732,0.99367240547913,0.042707927940921986,7912.439600133792,280.45651178509814,19.81883495114918,0.7951311282986329,0.017833054252939472,7.13358173776683e-10
120,train_bus_ebike_mtv_ucb,mtv_to_berkeley_sf_bart/walk_to_caltrain_1,1012,1.0885996728621061,0.9380033564288238,0.05432166767994545,2395.6079882527547,178.90565684711783,17.890648306662953,1.2542345520208786,0.039227583307518306,7.066114844795951e-10
120,train_bus_ebike_mtv_ucb,mtv_to_berkeley_sf_bart/commuter_rail_aboveground_1,2709,1.1851406281220844,1.009458924305078,0.028451958682752392,inf,inf,inf,62.19413591483708,0.0,7.225986198398043e-10
120,train_bus_ebike_mtv_ucb,mtv_to_berkeley_sf_bart/subway_underground_1,3887,1.1905516105002931,0.9148306265219167,0.0353976036148101,inf,inf,inf,38.80359035468244,0.0,8.022390272317053e-10
120,train_bus_ebike_mtv_ucb,mtv_to_berkeley_sf_bart/walk_to_bus_1,215,1.004735401206298,0.911562966245256,0.22091537710977163,408.11308737482676,24.808756018594316,3.3793777511451752,0.3371197405874429,0.021514165584011577,8.417568395528515e-10
120,train_bus_ebike_mtv_ucb,mtv_to_berkeley_sf_bart/city_bus_short_1,535,1.1655471854371682,0.985812079005009,0.06699019951039784,3950.3334412710797,316.45089028073573,28.94022300277294,20.79108636074039,0.09519349062408872,6.4425497260919e-10
120,train_bus_ebike_mtv_ucb,walk_urban_university/walk_urban_university_1,888,1.0837592209826854,0.981547599581547,0.0516258677065059,2710.895561789582,140.97653571642036,12.578656897129244,0.8671412239309801,0.0261647684707145,8.783406312073868e-10
120,train_bus_ebike_mtv_ucb,berkeley_to_mtv_SF_express_bus/walk to the bikeshare location_1,219,1.0886989909077598,0.9122379216984541,0.07705307575992829,2089937.7866135992,12491.060734059383,154.7510963392786,0.7300881814796796,9.857424683927511e-06,4.6000558237409036e-10
120,train_bus_ebike_mtv_ucb,berkeley_to_mtv_SF_express_bus/ebike_bikeshare_urban_long_1,1446,1.2156335333163455,0.9847222980441585,0.02942364450153387,2699.1153139621033,261.19562528848564,34.49820826993847,20.4047513075176,0.2762675381667782,7.591327569011733e-10
120,train_bus_ebike_mtv_ucb,berkeley_to_mtv_SF_express_bus/express_bus_1,2788,1.1667078001059064,0.9678664558375576,0.032367002065755886,24369.921479883087,1255.0532052579342,97.90974539985915,27.948646820338787,0.05326865107135694,6.822293654972005e-10
120,train_bus_ebike_mtv_ucb,berkeley_to_mtv_SF_express_bus/walk_downtown_urban_canyon_1,616,1.015901936064148,0.8359656347031728,0.1515508208543315,1878.9489034163878,102.88657190899643,8.573672234619725,0.6216434820477158,0.016301650188402822,1.060580868851958e-09
120,train_bus_ebike_mtv_ucb,berkeley_to_mtv_SF_express_bus/light_rail_below_above_ground_1,869,1.1473698556097034,0.9786147138947457,0.019144819487237057,713837.8147192749,7375.176753336669,184.37924697360577,9.157430492850557,0.0014522222293404667,8.145851430344032e-10
120,train_bus_ebike_mtv_ucb,berkeley_to_mtv_SF_express_bus/commuter_rail_with_tunnels_1,4797,1.1709937918704554,0.9932496574548412,0.018591093251114004,inf,inf,inf,57.257056508753685,0.0,7.999884506231548e-10
120,train_bus_ebike_mtv_ucb,berkeley_to_mtv_SF_express_bus/inner_suburb_downtown_walk_1,1188,1.0741179542130046,0.990482093698399,0.033000782960773314,98634501.9068676,222131.194684912,501.51396866333266,0.5017911473227349,6.014572165058884e-06,7.13358173776683e-10
120,train_bus_ebike_mtv_ucb,mtv_to_berkeley_sf_bart/walk_to_caltrain_2,874,1.1060416088779463,0.946898082048759,0.05662675466418566,2677.6533542376073,146.34884494227197,17.513709459342028,1.5002676436634903,0.04155779103008324,7.066114844795951e-10
120,train_bus_ebike_mtv_ucb,mtv_to_berkeley_sf_bart/commuter_rail_aboveground_2,2829,1.1762425625760404,0.9877985812384135,0.026191998673185484,5892194.309009249,56992.36853362005,919.2342055676581,79.363282998772,0.003237122173426449,7.225986198398043e-10
120,train_bus_ebike_mtv_ucb,mtv_to_berkeley_sf_bart/subway_underground_2,3860,1.192435790475897,1.0623525863755823,0.04345191904430923,inf,inf,inf,46.85945821496507,0.0,8.022390272317053e-10
120,train_bus_ebike_mtv_ucb,mtv_to_berkeley_sf_bart/walk_to_bus_2,223,1.010808397537759,0.9157830282006431,0.18258427331179264,259.56584201583917,25.956544005603487,3.2445807680988956,0.3225505488370776,0.03308700235130438,8.417568395528515e-10
120,train_bus_ebike_mtv_ucb,mtv_to_berkeley_sf_bart/city_bus_short_2,499,1.1780228118129996,0.9696751684918068,0.06365285676494548,24398.409746226745,1020.2469140915441,63.976679139932706,34.04426794040806,0.08149167759869493,6.4425497260919e-10
120,train_bus_ebike_mtv_ucb,walk_urban_university/walk_urban_university_2,780,1.096962151039883,0.9812923991353352,0.04234880136047729,8365.364921924702,347.8110833567834,21.738204396159944,1.1881545497137238,0.021146668861392614,8.783406312073868e-10
120,train_bus_ebike_mtv_ucb,berkeley_to_mtv_SF_express_bus/walk to the bikeshare location_2,1403,1.013147647205879,0.5911208907159484,0.4069804613565727,7809.694299351228,216.93501641932733,6.380416218969923,0.008916835528698753,9.321060821228252e-05,4.6000558237409036e-10
120,train_bus_ebike_mtv_ucb,berkeley_to_mtv_SF_express_bus/ebike_bikeshare_urban_long_2,1543,1.2001097191915584,0.9721646253185371,0.03169398136600144,20957.274615137223,819.9884636135582,63.577670733348775,24.07932415629435,0.17146218957049378,7.591327569011733e-10
120,train_bus_ebike_mtv_ucb,berkeley_to_mtv_SF_express_bus/express_bus_2,2365,1.202236324410241,0.9722390688267566,0.028242214317204972,12170.87340947639,638.5996356692673,70.36769724228549,54.34386432322962,0.1396192130001553,6.769007973500341e-10
120,train_bus_ebike_mtv_ucb,berkeley_to_mtv_SF_express_bus/walk_downtown_urban_canyon_2,564,1.0181713692785077,0.8545725373056228,0.14600350730562878,4274.54565796187,177.10313149809414,11.352757947065053,0.6758204937325543,0.014546155017675892,1.060580868851958e-09
120,train_bus_ebike_mtv_ucb,berkeley_to_mtv_SF_express_bus/light_rail_below_above_ground_2,1218,1.1034479510048696,1.1040535815905068,0.1661907046105287,2478442.452870828,19409.947766879544,235.75050335999936,11.548947469775163,0.00043650500047043707,8.145851430344032e-10
120,train_bus_ebike_mtv_ucb,berkeley_to_mtv_SF_express_bus/commuter_rail_with_tunnels_2,4793,1.1702608973273092,0.9958814879255747,0.03211729887136495,835295.7764536688,21959.25197185789,645.8577443162802,80.6475586138545,0.04252232640944955,7.999884506231548e-10
120,train_bus_ebike_mtv_ucb,berkeley_to_mtv_SF_express_bus/inner_suburb_downtown_walk_2,1193,1.074424960602365,0.999225053415692,0.04795684699060184,10899.240090463381,362.43602443513635,21.653678048791953,0.7558460300097197,0.00756322231136767,7.13358173776683e-10
120,train_bus_ebike_mtv_ucb,mtv_to_berkeley_sf_bart/walk_to_caltrain_3,949,1.0954065836165017,0.9247775335860994,0.0757216154615967,1449251391.4367971,1449491.7661202226,1449.1144427260535,2.135391119369273,1.3880769962140025e-06,7.066114844795951e-10
120,train_bus_ebike_mtv_ucb,mtv_to_berkeley_sf_bart/commuter_rail_aboveground_3,2639,1.1913622084675586,0.9973477136663608,0.02256989415285152,inf,inf,inf,71.25087759587932,0.0,7.225986198398043e-10
120,train_bus_ebike_mtv_ucb,mtv_to_berkeley_sf_bart/subway_underground_3,3868,1.1899452839988747,1.0596892816548735,0.05034933820596516,inf,inf,inf,46.336636554327114,0.0,8.022390272317053e-10
120,train_bus_ebike_mtv_ucb,mtv_to_berkeley_sf_bart/walk_to_bus_3,309,1.0195085540598094,0.970627772562869,0.2992796181023534,6329.519312578135,212.488925218208,6.856867944537304,0.6178656844469941,0.007088863272343032,8.417568395528515e-10
120,train_bus_ebike_mtv_ucb,mtv_to_berkeley_sf_bart/city_bus_short_3,378,1.2526017169820336,0.9576853108313415,0.03378377185277651,4142.953903848488,314.0187060967351,37.11396659114383,27.816045696670344,0.11270601077059746,6.4425497260919e-10
120,train_bus_ebike_mtv_ucb,walk_urban_university/walk_urban_university_3,797,1.0942109175206816,0.9785787958304913,0.03862147976113899,12313323.15001362,49250.592756984785,196.2355283408609,2.075579857246379,0.00012938470165122564,8.783406312073868e-10
120,train_bus_ebike_mtv_ucb,berkeley_to_mtv_SF_express_bus/walk to the bikeshare location_3,519,1.0708071431547226,0.978993470273305,0.03700601124372408,228880336.92110357,343299.4144894544,512.2714147175191,1.2350972146828143,2.7851381781407964e-06,5.692611509058333e-10
120,train_bus_ebike_mtv_ucb,berkeley_to_mtv_SF_express_bus/ebike_bikeshare_urban_long_3,1586,1.1937928502189994,0.9822915822241656,0.027664793957965592,56348.5717674392,1070.625818124643,30.86305497344093,15.129634917495052,0.16906402649319738,7.481166846026598e-10
120,train_bus_ebike_mtv_ucb,berkeley_to_mtv_SF_express_bus/express_bus_3,2741,1.1612161764189428,0.9847156225628272,0.01668087531873391,44576.558704832496,1417.5964970030893,95.22832294519831,20.178484579185287,0.028147792079027133,7.342253319793175e-10
120,train_bus_ebike_mtv_ucb,berkeley_to_mtv_SF_express_bus/walk_downtown_urban_canyon_3,785,1.0121577735661518,0.8771694968949467,0.10751961789862412,7908353.176957459,28807.248352179344,105.10842927238991,4.631576461946449,0.0002074114093825301,8.02529976053429e-10
120,train_bus_ebike_mtv_ucb,berkeley_to_mtv_SF_express_bus/light_rail_below_above_ground_3,930,1.140471929943614,0.9856129629220856,0.028287174817367713,24437171.10314062,77726.3536205087,511.4863473917444,8.821359349350276,4.8676261128894745e-05,8.145851430344032e-10
120,train_bus_ebike_mtv_ucb,berkeley_to_mtv_SF_express_bus/commuter_rail_with_tunnels_3,3579,1.2425810516383924,0.980102391985139,0.02751475825337328,inf,inf,inf,120.06351421555541,0.0,7.999884506231548e-10
120,train_bus_ebike_mtv_ucb,berkeley_to_mtv_SF_express_bus/inner_suburb_downtown_walk_3,1186,1.074666833186685,0.9956210324105003,0.03974772775432457,134967764.38504317,269947.60496190476,539.0024145005511,1.3009698075584943,1.1351393271138694e-05,7.13358173776683e-10
120,train_bus_ebike_mtv_ucb,mtv_to_berkeley_sf_bart/walk_to_caltrain_4,960,1.0936529756486262,0.9376241901172634,0.06364239614109067,340705.20577172714,5025.383782653046,76.42740462949081,3.136604741370685,0.0032062172433840568,7.066114844795951e-10
120,train_bus_ebike_mtv_ucb,mtv_to_berkeley_sf_bart/commuter_rail_aboveground_4,2716,1.184768680053126,0.977156895317874,0.032237446565217306,inf,inf,inf,83.24025254513074,0.0,7.225986198398043e-10
120,train_bus_ebike_mtv_ucb,mtv_to_berkeley_sf_bart/subway_underground_4,3882,1.1899937289785,1.0572974839816995,0.051637876973952584,inf,inf,inf,15.193663334848303,0.0,8.022390272317053e-10
120,train_bus_ebike_mtv_ucb,mtv_to_berkeley_sf_bart/walk_to_bus_4,318,1.017214138932621,0.9846260329363267,0.3083812856673508,1029912.5783026994,6179.385857519924,37.33631368526613,2.145629571593861,0.00051967179213558,8.417568395528515e-10
120,train_bus_ebike_mtv_ucb,mtv_to_berkeley_sf_bart/city_bus_short_4,344,1.2802506440922412,0.9679793970553906,0.04755556661265382,1842.0815216903911,185.18476822522854,37.14824772009973,24.59996530972258,0.1872692627611684,6.4425497260919e-10
120,train_bus_ebike_mtv_ucb,walk_urban_university/walk_urban_university_4,797,1.0943910708015385,0.9759469434765529,0.04986383356378043,775098.1287918943,8914.26843864815,101.34960911890896,1.9722701227795338,0.0011047402379488114,8.783406312073868e-10
120,train_bus_ebike_mtv_ucb,berkeley_to_mtv_SF_express_bus/walk to the bikeshare location_4,423,1.081873462146632,0.9757339130025251,0.03252413397510759,43554.96549513561,1200.0449901452862,35.04084663615427,1.641623416339003,0.009113115754216899,5.692611509058333e-10
120,train_bus_ebike_mtv_ucb,berkeley_to_mtv_SF_express_bus/ebike_bikeshare_urban_long_4,1297,1.2473953722311308,0.9896004625907594,0.026306103137409238,1419.8390386608705,193.76694457457143,34.692077580593526,22.099855117755244,0.35034590544184563,7.481166846026598e-10
120,train_bus_ebike_mtv_ucb,berkeley_to_mtv_SF_express_bus/express_bus_4,2768,1.1595518300253291,0.9747157004676398,0.022551468031725974,28656.16153489574,1056.4269292742947,82.68788767679857,22.395497701893376,0.060890359691358385,7.342253319793175e-10
120,train_bus_ebike_mtv_ucb,berkeley_to_mtv_SF_express_bus/walk_downtown_urban_canyon_4,687,1.0155550644716347,0.8680409604215221,0.12373774916571322,476574.2871182811,4686.315035488487,44.33814406565723,3.1068183766212156,0.001415510342169726,8.02529976053429e-10
120,train_bus_ebike_mtv_ucb,berkeley_to_mtv_SF_express_bus/light_rail_below_above_ground_4,978,1.1316995244750658,0.9444149792678322,0.03281155830553963,41337371.219580926,141869.85876203384,707.6402847727447,16.880962012144018,2.611566544386625e-05,8.145851430344032e-10
120,train_bus_ebike_mtv_ucb,berkeley_to_mtv_SF_express_bus/commuter_rail_with_tunnels_4,4839,1.1691312469162367,0.9968915805502455,0.03569284342887911,141582.94355891127,5633.224433036462,354.6100411376862,76.97935192234762,0.0895922199071758,7.999884506231548e-10
120,train_bus_ebike_mtv_ucb,berkeley_to_mtv_SF_express_bus/inner_suburb_downtown_walk_4,1081,1.0827986868850388,0.9966288053274287,0.04725599698187916,208010.05842017938,3151.688227660616,64.4003318053266,1.1043357407971417,0.0017348780836390616,7.13358173776683e-10
120,train_bus_ebike_mtv_ucb,mtv_to_berkeley_sf_bart/walk_to_caltrain_5,953,1.0955377151487455,0.9487565568801912,0.057725635077007946,2046374.0204738416,18417.535726582348,164.2891833648062,2.339241480431558,0.0008020161160064149,7.066114844795951e-10
120,train_bus_ebike_mtv_ucb,mtv_to_berkeley_sf_bart/commuter_rail_aboveground_5,2913,1.1698908683633351,0.9963953555114579,0.03398391860120614,15398522.722388756,120334.44915241898,1382.1117797205952,83.69420916409827,0.0011613326122748512,7.225986198398043e-10
120,train_bus_ebike_mtv_ucb,mtv_to_berkeley_sf_bart/subway_underground_5,3900,1.1853006964856805,1.0196224416901318,0.03749089599799787,inf,inf,inf,9.031052277333913,0.0,8.022390272317053e-10
120,train_bus_ebike_mtv_ucb,mtv_to_berkeley_sf_bart/walk_to_bus_5,304,0.981224067490317,0.8824163210476238,0.275081972966545,3891.9872930102997,147.79383956192711,6.157974884508795,1.2405757555607992,0.0133314720426353,8.417568395528515e-10
120,train_bus_ebike_mtv_ucb,mtv_to_berkeley_sf_bart/city_bus_short_5,309,1.3267780084595318,0.9682903930443685,0.040695809414695146,70365.9251017636,2087.2504130486727,108.37112846433627,23.284794838341952,0.014672765423816847,6.4425497260919e-10
120,train_bus_ebike_mtv_ucb,walk_urban_university/walk_urban_university_5,826,1.0912703168849494,0.9421291304192584,0.04199304766873166,60330.12307293686,1476.9415691694446,37.34068144411305,1.8038221525204174,0.01112111511170747,8.783406312073868e-10
120,train_bus_ebike_mtv_ucb,berkeley_to_mtv_SF_express_bus/walk to the bikeshare location_5,356,1.1082698172397754,0.9969791596642373,0.04532214633936056,181.1230728561427,33.5108198161552,7.797667397967575,1.0560816624904903,0.13060633604651586,5.692611509058333e-10
120,train_bus_ebike_mtv_ucb,berkeley_to_mtv_SF_express_bus/ebike_bikeshare_urban_long_5,1414,1.2221166437991446,0.9450685497599555,0.05051760034366362,4160.008510424994,274.7778073900944,36.00196972725621,22.167547147553137,0.22579836101034267,7.481166846026598e-10
120,train_bus_ebike_mtv_ucb,berkeley_to_mtv_SF_express_bus/express_bus_5,2381,1.1901073489375285,0.9672676801054748,0.03130540069734831,29300.98323411845,1546.3209923242562,110.44853014397417,39.62818156992872,0.06289874535429733,7.342253319793175e-10
120,train_bus_ebike_mtv_ucb,berkeley_to_mtv_SF_express_bus/walk_downtown_urban_canyon_5,652,1.0130380518125965,0.8750108211175981,0.12039522392531701,1258819.9907408957,8937.101240664413,65.06174414810172,2.3049237022464233,0.0005855717265948033,8.02529976053429e-10
120,train_bus_ebike_mtv_ucb,berkeley_to_mtv_SF_express_bus/light_rail_below_above_ground_5,799,1.1549854912682338,0.9736099643277499,0.021941972004401105,985577.0749813459,11438.63422301707,229.76279084110678,9.597893815498344,0.0007953245572181327,8.145851430344032e-10
120,train_bus_ebike_mtv_ucb,berkeley_to_mtv_SF_express_bus/commuter_rail_with_tunnels_5,4252,1.1966217433545243,0.9952035472579681,0.023326300483583418,676640.6655731772,18738.63413376065,661.5329761799205,80.37332458774445,0.03977615883577754,7.999884506231548e-10
120,train_bus_ebike_mtv_ucb,berkeley_to_mtv_SF_express_bus/inner_suburb_downtown_walk_5,1063,1.0837897723786443,0.9964671672294578,0.049945147447710295,3593.7056800776845,223.718960171491,17.04283879693756,1.011892046962661,0.049889147029250215,7.13358173776683e-10
120,train_bus_ebike_mtv_ucb,mtv_to_berkeley_sf_bart/walk_to_caltrain_6,945,1.0943668186564532,0.9533283105384409,0.047723252499325464,199887.1047311748,3601.282806113634,63.72786630892653,2.888203895490406,0.004553186201177164,7.066114844795951e-10
120,train_bus_ebike_mtv_ucb,mtv_to_berkeley_sf_bart/commuter_rail_aboveground_6,2858,1.1744875279132865,0.9967845085208109,0.03158054795540488,802029.5135096896,21699.347999129266,619.3247791385633,87.84024135234675,0.03238951463776403,7.225986198398043e-10
120,train_bus_ebike_mtv_ucb,mtv_to_berkeley_sf_bart/subway_underground_6,3901,1.1888153695217625,0.982552829027286,0.013672434863613886,inf,inf,inf,54.73740572850176,0.0,8.022390272317053e-10
120,train_bus_ebike_mtv_ucb,mtv_to_berkeley_sf_bart/walk_to_bus_6,292,1.0112037324657515,0.9349428917605862,0.2616957275117698,5034.878083226305,178.31815705984374,6.955706983529651,0.2495215507199599,0.0024507922908454083,8.417568395528515e-10
120,train_bus_ebike_mtv_ucb,mtv_to_berkeley_sf_bart/city_bus_short_6,366,1.1933310208133237,0.9748670505957341,0.03749487842903497,5727.653631042942,304.4102342148815,34.429624293824354,42.57682059303005,0.1730129973370038,6.922048303980974e-10
120,train_bus_ebike_mtv_ucb,walk_urban_university/walk_urban_university_6,824,1.0908826258836604,0.9685104095024464,0.05569646214687014,29118.9923374822,873.0823791001008,25.42935331052688,1.621782949451964,0.015449357136950944,8.783406312073868e-10
120,train_bus_ebike_mtv_ucb,berkeley_to_mtv_SF_express_bus/walk to the bikeshare location_6,431,1.0867783565118991,0.9949695450921687,0.044052559149501916,10163.502709329961,386.8001960556364,23.04791418903399,1.1207515062947169,0.013145031665851965,5.692611509058333e-10
120,train_bus_ebike_mtv_ucb,berkeley_to_mtv_SF_express_bus/ebike_bikeshare_urban_long_6,1513,1.205552394831096,0.975957340903005,0.02928205105852851,2958.342526730711,197.5511109248511,30.72478725343041,19.377145947059798,0.26585811911564783,7.481166846026598e-10
120,train_bus_ebike_mtv_ucb,berkeley_to_mtv_SF_express_bus/express_bus_6,2422,1.186775116729081,0.9642763592661338,0.0609074520613112,35368.88595196258,1662.0513739984278,110.16597232214538,49.450127334940994,0.05508479844083228,7.342253319793175e-10
120,train_bus_ebike_mtv_ucb,berkeley_to_mtv_SF_express_bus/walk_downtown_urban_canyon_6,666,1.0171660376133402,0.8967588940019285,0.11244874447144966,404334.05867802416,4244.037885561251,43.03560922047624,0.8636806307983882,0.0006001904602024148,8.02529976053429e-10
120,train_bus_ebike_mtv_ucb,berkeley_to_mtv_SF_express_bus/light_rail_below_above_ground_6,941,1.1402625530901338,0.9886624811705397,0.023775988287386324,1837251.2259175745,17130.54917009308,234.37426480430722,11.516253055327674,0.0005719338666552434,8.145851430344032e-10
120,train_bus_ebike_mtv_ucb,berkeley_to_mtv_SF_express_bus/commuter_rail_with_tunnels_6,4217,1.1988857076704018,0.9891110915195269,0.02131427576406087,316640753.8027288,783151.8765366309,3942.215476176292,75.75350856114693,3.3090722689057974e-05,7.999884506231548e-10
120,train_bus_ebike_mtv_ucb,berkeley_to_mtv_SF_express_bus/inner_suburb_downtown_walk_6,1188,1.0738826255310765,0.9944354075597653,0.03708383844261321,549180.8753035755,6452.759262443433,74.72769427987852,1.465307896153462,0.0012228537854526683,7.13358173776683e-10
120,train_bus_ebike_mtv_ucb,mtv_to_berkeley_sf_bart/walk_to_caltrain_7,1068,1.0828504778722483,0.9144186655761695,0.08411348100912373,2105645.7509524976,17897.895716049043,153.46431323296937,3.145991712955199,0.0006614408548169314,7.066114844795951e-10
120,train_bus_ebike_mtv_ucb,mtv_to_berkeley_sf_bart/commuter_rail_aboveground_7,2786,1.1797285620215774,0.9958049622479955,0.023013108548587905,26272.611761121014,1316.924008657323,156.98389842988075,80.25151464376924,0.12855378605076084,7.225986198398043e-10
120,train_bus_ebike_mtv_ucb,mtv_to_berkeley_sf_bart/subway_underground_7,3898,1.1883839249300352,1.0002857119156083,0.022662291689761735,inf,inf,inf,21.713160773648834,0.0,8.022390272317053e-10
120,train_bus_ebike_mtv_ucb,mtv_to_berkeley_sf_bart/walk_to_bus_7,295,1.0189141518045253,0.9506474755933385,0.2050573545089659,239015.8736286983,2390.1158087450094,24.38891310594967,0.1738394724765937,6.323766236683105e-05,8.417568395528515e-10
120,train_bus_ebike_mtv_ucb,mtv_to_berkeley_sf_bart/city_bus_short_7,304,1.2541401479273258,0.9613654608451583,0.05147760548891027,4478.182058932804,304.18954029009564,36.92467318080813,43.38406899196883,0.1549436342435533,6.922048303980974e-10
120,train_bus_ebike_mtv_ucb,walk_urban_university/walk_urban_university_7,851,1.0885569421297292,0.9814220233741067,0.06501493216222028,61444.952329662774,1584.9474763163032,42.33888438264078,2.20893088665485,0.01021788667771754,8.783406312073868e-10
120,train_bus_ebike_mtv_ucb,berkeley_to_mtv_SF_express_bus/walk to the bikeshare location_7,442,1.087033213507231,0.9635872202208832,0.027801653371958085,13534.608730511196,545.3348606391,24.230133255332746,1.821388456929666,0.022796497279095985,5.692611509058333e-10
120,train_bus_ebike_mtv_ucb,berkeley_to_mtv_SF_express_bus/ebike_bikeshare_urban_long_7,1343,1.2367271889777305,0.9874880955559338,0.024172624599621023,1731.7983108240503,157.18050642863855,31.436395768002498,22.315763413213297,0.36633243641485147,7.481166846026598e-10
120,train_bus_ebike_mtv_ucb,berkeley_to_mtv_SF_express_bus/express_bus_7,2349,1.1936553641922936,0.9806114499367824,0.026682719669457337,394839.6754012647,10663.883991034296,293.0531236393193,31.33489325550301,0.05920928666107978,7.39791657760347e-10
120,train_bus_ebike_mtv_ucb,berkeley_to_mtv_SF_express_bus/walk_downtown_urban_canyon_7,659,1.0180392949626504,0.8991215431677726,0.1007217963232349,2806992.4245167184,15204.006190027867,84.03731702787151,0.5397324381584828,5.4841915485992846e-05,8.02529976053429e-10
120,train_bus_ebike_mtv_ucb,berkeley_to_mtv_SF_express_bus/light_rail_below_above_ground_7,885,1.1425299957631614,0.9820353397242455,0.043248185300691515,864892903.6190034,1297243.964853561,1945.5237461575227,9.652834684984656,9.782250578962498e-06,8.145851430344032e-10
120,train_bus_ebike_mtv_ucb,berkeley_to_mtv_SF_express_bus/commuter_rail_with_tunnels_7,3506,1.249000021152574,0.9924621779371767,0.025841138505794822,539694.5818121586,17523.27237714887,582.1196648412671,100.77899386765199,0.08929467904691095,7.999884506231548e-10
120,train_bus_ebike_mtv_ucb,berkeley_to_mtv_SF_express_bus/inner_suburb_downtown_walk_7,1183,1.0749632752668052,0.9963359381452505,0.04956925995294613,2268050.71431905,18143.672329751418,145.93432054684897,0.9135419197440737,0.00044633536593628037,7.13358173776683e-10
120,train_bus_ebike_mtv_ucb,mtv_to_berkeley_sf_bart/walk_to_caltrain_8,930,1.0969774543749897,0.9267776133784803,0.07336138659162932,663547.3952143406,7962.12928365248,96.77187418089632,1.9041301914473017,0.0023538450276678223,7.066114844795951e-10
120,train_bus_ebike_mtv_ucb,mtv_to_berkeley_sf_bart/commuter_rail_aboveground_8,2857,1.1743145902344905,0.9948999944135437,0.04137664431487875,96553.3552034669,3754.305555646194,252.9731592809138,88.69438869977492,0.09810294255486174,7.225986198398043e-10
120,train_bus_ebike_mtv_ucb,mtv_to_berkeley_sf_bart/subway_underground_8,3959,1.1866120443423807,1.0370960258726125,0.043667230767862296,inf,inf,inf,24.196515552211174,0.0,8.022390272317053e-10
120,train_bus_ebike_mtv_ucb,mtv_to_berkeley_sf_bart/walk_to_bus_8,310,1.0141673616511007,0.9858767349816652,0.19275072401409982,5574.000312815595,169.88263356864775,7.9803644750818,0.15670967055855772,0.00200740869811617,8.417568395528515e-10
120,train_bus_ebike_mtv_ucb,mtv_to_berkeley_sf_bart/city_bus_short_8,301,1.253930808086201,0.9634151161627574,0.042273572876940925,5867.094609336127,394.3890422965516,55.26352269456987,36.23437129196189,0.19712467277495552,6.922048303980974e-10
120,train_bus_ebike_mtv_ucb,walk_urban_university/walk_urban_university_8,875,1.0849693539532443,0.9809342046091587,0.04923940479599914,6600.255375076512,328.87399680638066,18.013032571218947,1.1102861084044293,0.02744275565686507,8.783406312073868e-10
120,train_bus_ebike_mtv_ucb,berkeley_to_mtv_SF_express_bus/walk to the bikeshare location_8,408,1.09519981998664,0.9975105393995395,0.041615244257370544,593.6822638840581,44.55248757018765,5.911374326139547,1.3582252035120121,0.1586730568961051,5.692611509058333e-10
120,train_bus_ebike_mtv_ucb,berkeley_to_mtv_SF_express_bus/ebike_bikeshare_urban_long_8,1518,1.2048345218974925,0.9714045497468168,0.029565271545696603,37196.31191848644,1489.3326389186107,70.3333640265498,19.382038405206274,0.1844273444286207,7.481166846026598e-10
120,train_bus_ebike_mtv_ucb,berkeley_to_mtv_SF_express_bus/express_bus_8,2592,1.1717501324029564,0.9801209804124913,0.021698890389093402,152121367626.88702,55309549.402055666,20111.596856573797,24.64476954224592,4.197679104522199e-07,7.39791657760347e-10
120,train_bus_ebike_mtv_ucb,berkeley_to_mtv_SF_express_bus/walk_downtown_urban_canyon_8,600,1.016174717026029,0.9254181543383899,0.18019868170908865,24674.208236142953,664.4516568010526,18.619057413150472,4.64896572331329,0.018655615226442674,8.02529976053429e-10
120,train_bus_ebike_mtv_ucb,berkeley_to_mtv_SF_express_bus/light_rail_below_above_ground_8,778,1.163861941862176,0.9731012924040112,0.025805419379475645,20137.882384627104,986.5230944158409,69.38207017608171,11.933266723662186,0.02061064824138432,8.145851430344032e-10
120,train_bus_ebike_mtv_ucb,berkeley_to_mtv_SF_express_bus/commuter_rail_with_tunnels_8,3844,1.2228946151617601,0.9960682839241618,0.019691146673457862,496623.2762639258,13948.681395005235,609.7775375790857,84.67132479369859,0.04350928536473301,7.999884506231548e-10
120,train_bus_ebike_mtv_ucb,berkeley_to_mtv_SF_express_bus/inner_suburb_downtown_walk_8,1209,1.0728011476574286,0.983281753693659,0.05269989630843635,55681.241192169095,1450.3233645460398,34.22559899281935,1.1326855463090009,0.01066265415589236,7.13358173776683e-10
120,train_bus_ebike_mtv_ucb,mtv_to_berkeley_sf_bart/walk_to_caltrain_9,945,1.0954605058009415,0.9262476152245765,0.0719996843508821,232236.54172962395,3946.100681428389,66.27124732485285,3.2060538094292212,0.00519485844048591,7.066114844795951e-10
120,train_bus_ebike_mtv_ucb,mtv_to_berkeley_sf_bart/commuter_rail_aboveground_9,2690,1.1877978720363205,0.9957847389990933,0.029642050649719653,143227.5640677289,4240.865121314606,265.0478223515626,104.52540898998211,0.0978042061241078,7.225986198398043e-10
120,train_bus_ebike_mtv_ucb,mtv_to_berkeley_sf_bart/subway_underground_9,3904,1.1885711762327678,0.9776950777448037,0.02459776739169111,inf,inf,inf,23.90693956925478,0.0,8.022390272317053e-10
120,train_bus_ebike_mtv_ucb,mtv_to_berkeley_sf_bart/walk_to_bus_9,295,1.019113170507507,0.967816824894655,0.23570741468444018,2279.1775668119994,104.84217643709577,5.726354119417023,0.1772993881376969,0.0031780891984174563,8.417568395528515e-10
120,train_bus_ebike_mtv_ucb,mtv_to_berkeley_sf_bart/city_bus_short_9,363,1.1985066607877144,0.9684675103075837,0.03793677330555273,3475.729966867839,332.42702010314974,34.40908782244224,27.69774023435147,0.12530949786186155,6.922048303980974e-10
120,train_bus_ebike_mtv_ucb,walk_urban_university/walk_urban_university_9,836,1.0882309682362954,0.972367234974945,0.0356040666730273,94687.46786077578,1939.9551294284813,38.6653181448535,1.041934632100967,0.0056797919119497735,8.783406312073868e-10
120,train_bus_ebike_mtv_ucb,berkeley_to_mtv_SF_express_bus/walk to the bikeshare location_9,432,1.0891073388656758,0.9907867486070506,0.03702631527957419,282416349.4197524,423663.4896562573,637.386309215406,1.5872986594858043,2.4255533038682204e-06,5.692611509058333e-10
120,train_bus_ebike_mtv_ucb,berkeley_to_mtv_SF_express_bus/ebike_bikeshare_urban_long_9,1623,1.1880278651697171,0.9920376642687037,0.06490806509489877,153484.90355682978,4527.543700657987,128.69816676959124,21.06721238156942,0.08272438905728935,7.481166846026598e-10
120,train_bus_ebike_mtv_ucb,berkeley_to_mtv_SF_express_bus/express_bus_9,2317,1.1963551615332029,0.9767409593611139,0.031104837240793645,36423.72983705722,1376.1334760047544,106.77553400262478,41.82968834341131,0.07286499044174825,7.342253319793175e-10
120,train_bus_ebike_mtv_ucb,berkeley_to_mtv_SF_express_bus/walk_downtown_urban_canyon_9,690,1.013759196669441,0.8583053446939868,0.13430097522534495,3517.8597397523617,161.7012191327005,10.469951213081636,0.7419878012262724,0.009504158971214314,8.02529976053429e-10
120,train_bus_ebike_mtv_ucb,berkeley_to_mtv_SF_express_bus/light_rail_below_above_ground_9,1170,1.1071992676153348,0.9784341038359585,0.04469117412943585,11092804.134770073,72093.54360482891,469.21573903948786,4.3913235524189975,7.997036330256951e-05,8.145851430344032e-10
120,train_bus_ebike_mtv_ucb,berkeley_to_mtv_SF_express_bus/commuter_rail_with_tunnels_9,3566,1.2440506096065116,1.0002493586982983,0.03799472147896183,inf,inf,inf,118.26652863371645,0.0,7.999884506231548e-10
120,train_bus_ebike_mtv_ucb,berkeley_to_mtv_SF_express_bus/inner_suburb_downtown_walk_9,1229,1.0715652742027313,0.9910376843566993,0.04739412992092067,259746219.9021225,389591.29554540245,583.4694335656098,1.1318487961290855,5.338214274944719e-06,7.13358173776683e-10
120,train_bus_ebike_mtv_ucb,mtv_to_berkeley_sf_bart/walk_to_caltrain_10,1038,1.0871036742378968,0.9119518405378026,0.08618130993992668,2037743.2845013582,16302.843333535538,129.38981840459513,2.3212135966682492,0.0006843410828731327,7.066114844795951e-10
120,train_bus_ebike_mtv_ucb,mtv_to_berkeley_sf_bart/commuter_rail_aboveground_10,2748,1.1834306999310864,0.9936895104697325,0.025380160478978772,473082.89112969267,14429.110326894453,468.6799942294795,81.99371740350554,0.08004583079441281,7.225986198398043e-10
120,train_bus_ebike_mtv_ucb,mtv_to_berkeley_sf_bart/subway_underground_10,4979,1.1426694546365235,0.9948553751922047,0.13688337431924086,inf,inf,inf,11.661113270714205,0.0,8.022390272317053e-10
120,train_bus_ebike_mtv_ucb,mtv_to_berkeley_sf_bart/walk_to_bus_10,294,1.0074662019875977,0.9601579949336105,0.17558123049203397,502321.0226760455,4081.391721318255,30.041756436358217,0.16014692016668985,4.4688276913764634e-05,8.417568395528515e-10
120,train_bus_ebike_mtv_ucb,mtv_to_berkeley_sf_bart/city_bus_short_10,431,1.16755667949454,0.9880756641459634,0.053501621270987516,4867.668005552524,265.33111718204833,29.481203613794108,35.92562171893986,0.13330182274510094,6.922048303980974e-10
120,train_bus_ebike_mtv_ucb,walk_urban_university/walk_urban_university_10,789,1.0955791838281446,0.9825069780818352,0.03980815691262191,27896.65279527949,826.7913201111201,30.31664041846014,1.197352731457539,0.009176824479887843,8.783406312073868e-10
120,train_bus_ebike_mtv_ucb,berkeley_to_mtv_SF_express_bus/walk to the bikeshare location_10,389,1.1009268787162443,0.9976294762960949,0.032629798372270785,148147.65571108172,2592.6073098852867,60.07479165929993,1.055736880584314,0.002099484668426422,5.692611509058333e-10
120,train_bus_ebike_mtv_ucb,berkeley_to_mtv_SF_express_bus/ebike_bikeshare_urban_long_10,1465,1.2137480054438836,0.9552866595604165,0.04228017212886254,5197.671442656646,406.6231925727215,44.96760653822428,20.22870489284168,0.2150068422561231,7.481166846026598e-10
120,train_bus_ebike_mtv_ucb,berkeley_to_mtv_SF_express_bus/express_bus_10,2907,1.1508506121901214,0.987737819587934,0.01613238117929464,15158.647334032816,1032.584194926904,77.06152297541989,19.351585245418296,0.058212452143980416,7.342253319793175e-10
120,train_bus_ebike_mtv_ucb,berkeley_to_mtv_SF_express_bus/walk_downtown_urban_canyon_10,617,1.0165926738972977,0.8766866170434947,0.12263742617717109,57492.558848474255,1207.3384724420284,23.276214702201173,3.293891004809006,0.011394074054237105,8.02529976053429e-10
120,train_bus_ebike_mtv_ucb,berkeley_to_mtv_SF_express_bus/light_rail_below_above_ground_10,1016,1.127149574065417,0.9822516343263733,0.08334735662329999,23548846.65677209,75136.05301358317,556.9857125819832,16.480927910322634,5.119142252575314e-05,8.145851430344032e-10
120,train_bus_ebike_mtv_ucb,berkeley_to_mtv_SF_express_bus/commuter_rail_with_tunnels_10,3474,1.2523900326900481,0.9981999522418549,0.03291809879330618,2732923.723493409,57391.79956186678,1258.075774063153,114.99390213526411,0.01768623004958929,7.999884506231548e-10
120,train_bus_ebike_mtv_ucb,berkeley_to_mtv_SF_express_bus/inner_suburb_downtown_walk_10,1179,1.0747560040646835,0.9973591431097055,0.047694359359724436,7945530.03494941,39726.658147975824,199.5337776411096,1.3928311484885385,0.00010238081533535256,7.13358173776683e-10
120,train_bus_ebike_mtv_ucb,mtv_to_berkeley_sf_bart/walk_to_caltrain_11,965,1.094029028569406,0.8877518382759892,0.11566623128023519,8950619.956901249,44876.13054186836,223.56952803484535,5.7852493520355495,0.00044625449668036826,7.066114844795951e-10
120,train_bus_ebike_mtv_ucb,mtv_to_berkeley_sf_bart/commuter_rail_aboveground_11,2641,1.191807419256405,0.9962415610836289,0.023115251718221326,411219.99097278324,7802.780045015862,294.7056778934557,82.07816312364984,0.08155993242587173,7.225986198398043e-10
120,train_bus_ebike_mtv_ucb,mtv_to_berkeley_sf_bart/subway_underground_11,3895,1.1895220355329692,1.1442269508146354,0.09664521801291957,inf,inf,inf,23.049521564187675,0.0,8.022390272317053e-10
120,train_bus_ebike_mtv_ucb,mtv_to_berkeley_sf_bart/walk_to_bus_11,269,1.022172695978457,0.9453505747243379,0.1448692548881331,150147.1498843858,1706.1622883414536,19.52424837678539,0.09540336318992271,8.341648283918683e-05,6.946654363854002e-10
120,train_bus_ebike_mtv_ucb,mtv_to_berkeley_sf_bart/city_bus_short_11,349,1.2942963962744682,0.9760714196151574,0.05124048530907301,6832.259434418619,377.12884453288433,41.359783480660916,48.876172605188835,0.11890713785801445,5.848063484045086e-10
120,train_bus_ebike_mtv_ucb,walk_urban_university/walk_urban_university_11,898,1.082627071163376,0.9780524145311084,0.0708027827298315,7521352.95540505,33842.223220852604,153.15559074697018,1.5084112371130778,0.00010677189042127949,8.783406312073868e-10
120,train_bus_ebike_mtv_ucb,berkeley_to_mtv_SF_express_bus/walk to the bikeshare location_11,423,1.0893560635539665,0.9941146781438323,0.035014192496107,32980079.72251671,98925.92313973974,318.6906262582812,0.8934265734277588,5.940246913391279e-06,5.692611509058333e-10
120,train_bus_ebike_mtv_ucb,berkeley_to_mtv_SF_express_bus/ebike_bikeshare_urban_long_11,1572,1.1946581044930873,0.983964661084381,0.0251590605876177,39067505630966.85,1676595458.8610291,71957.8474573358,14.90408743923593,2.9819083363691443e-10,7.481166846026598e-10
120,train_bus_ebike_mtv_ucb,berkeley_to_mtv_SF_express_bus/express_bus_11,2600,1.1716686141905124,0.9872640617240812,0.015303431318898697,20669.86743749193,869.7157268117592,79.95308527273917,23.845918748681868,0.0799510727150246,7.39791657760347e-10
120,train_bus_ebike_mtv_ucb,berkeley_to_mtv_SF_express_bus/walk_downtown_urban_canyon_11,620,1.0169665537221642,0.9023590129934524,0.08896429292473218,17253.025918015133,509.48800569214757,16.349489940442794,0.4859093645519687,0.005208023070675017,8.02529976053429e-10
120,train_bus_ebike_mtv_ucb,berkeley_to_mtv_SF_express_bus/light_rail_below_above_ground_11,799,1.164821429029239,0.9773907239790934,0.025089073824092662,77546597.35924853,208415.33347969796,963.7081248541266,11.365583162729118,7.381664351049781e-06,8.145851430344032e-10
120,train_bus_ebike_mtv_ucb,berkeley_to_mtv_SF_express_bus/commuter_rail_with_tunnels_11,4175,1.2011570291671751,0.9947014048828043,0.02386681041982883,3743850.8149304297,65459.6155962335,1151.5688548060527,91.06871694374597,0.025291190327111905,7.999884506231548e-10
120,train_bus_ebike_mtv_ucb,berkeley_to_mtv_SF_express_bus/inner_suburb_downtown_walk_11,1255,1.069626844596422,0.9967567846870805,0.04521978205421708,2089.1905871400054,148.0015326848795,12.030731924979266,0.7716500209523344,0.05486131653173928,7.13358173776683e-10
180,unimodal_trip_car_bike_mtv_la,suburb_city_driving_weekend/suburb_city_driving_weekend_0,817,1.098848383130938,0.9700915599859268,0.037970841603085406,97187.80537371399,3784.3381594924044,153.5789254909089,18.40657298799272,0.06656804164470724,4.738408267387402e-10
180,unimodal_trip_car_bike_mtv_la,suburb_bicycling/suburb_bicycling_0,1270,1.090673815030576,0.9580621052560497,0.0635935772539801,2143.263614615928,214.35942802174938,23.821847009575734,7.354385659386272,0.17214842909309674,8.120676155485603e-10
180,unimodal_trip_car_bike_mtv_la,suburb_city_driving_weekend/suburb_city_driving_weekend_1,702,1.1204151607274049,0.9599372367654447,0.033096859281151504,1419.5924264146743,236.59855337117972,41.60406013938996,14.988671713346909,0.25833599586328354,4.738408267387402e-10
180,unimodal_trip_car_bike_mtv_la,suburb_bicycling/suburb_bicycling_1,1333,1.0865440468217906,0.9603284119928406,0.08203261450035328,1437.1667427686352,143.71342548281393,24.83603093451114,7.38260203283916,0.20500357513770232,8.120676155485603e-10
180,unimodal_trip_car_bike_mtv_la,suburb_city_driving_weekend/suburb_city_driving_weekend_2,709,1.1203633280456395,0.9426534217583572,0.056158333134657595,2923.8928773931175,243.94864451296357,47.49888469242867,21.5585837663044,0.21445194123647937,4.738408267387402e-10
180,unimodal_trip_car_bike_mtv_la,suburb_bicycling/suburb_bicycling_2,1266,1.0907908605848842,0.9490072783690476,0.05636993620780988,1771.9684913178894,159.54360498687785,20.99881694589225,6.63334382056724,0.19908051672359667,8.120676155485603e-10
180,unimodal_trip_car_bike_mtv_la,suburb_city_driving_weekend/suburb_city_driving_weekend_3,853,1.096423610480842,0.9395717252729129,0.0635864874342824,1603.6976392186393,194.8558011688871,36.54729224629635,17.533738170025178,0.23202571861082902,4.738408267387402e-10
180,unimodal_trip_car_bike_mtv_la,suburb_bicycling/suburb_bicycling_3,1320,1.086322270184237,0.9517646181791964,0.06289308584813252,1097.934756161777,118.83371273927025,19.38380349271459,3.765432586159859,0.1253799912672423,8.120676155485603e-10
180,unimodal_trip_car_bike_mtv_la,suburb_city_driving_weekend/suburb_city_driving_weekend_4,773,1.1091294442919983,0.9641608177418172,0.04053360486693704,1668.26266451166,205.45824706222038,34.33496700881488,10.403574651723119,0.1974315418828091,4.738408267387402e-10
180,unimodal_trip_car_bike_mtv_la,suburb_bicycling/suburb_bicycling_4,1285,1.088549737875304,0.9544168011452638,0.07158101997980529,7316.803605217262,481.03359512098257,42.64437249992676,7.510479601347555,0.10599161447965932,8.120676155485603e-10
180,unimodal_trip_car_bike_mtv_la,suburb_city_driving_weekend/suburb_city_driving_weekend_5,859,1.0962978341933842,0.947500146977833,0.04901716552205319,2413.1084060739804,186.59771710656804,37.69684731418145,13.06591060978853,0.1632707527468256,4.738408267387402e-10
180,unimodal_trip_car_bike_mtv_la,suburb_bicycling/suburb_bicycling_5,1297,1.087267374828877,0.9511532922189674,0.05629829668993864,3316.9961452850075,215.71549787742745,28.413521720053634,6.976534378556153,0.14690802901987732,8.120676155485603e-10
180,car_scooter_brex_san_jose,freeway_driving_weekday/freeway_driving_weekday_0,1976,1.1924318924647042,0.986200062546549,0.019042297964298214,6589.889193097179,686.7507054321063,107.77488888505421,51.06082993445105,0.18008069881283761,6.829429384774533e-10
180,car_scooter_brex_san_jose,bus trip with e-scooter access/city_escooter_0,1257,1.0417459760772478,0.9934683706131537,0.01802533834299065,638.8021085327698,103.03218575796761,20.606475972521316,3.6719203211079314,0.1855490726230607,6.416257647001624e-10
180,car_scooter_brex_san_jose,bus trip with e-scooter access/city_bus_rapid_transit_0,2745,1.163389687407169,0.9947987035337477,0.017757948316097772,23031.69490900919,971.0962861039167,84.57793010626905,48.1227460864222,0.13835443039593492,6.217521112241125e-10
180,car_scooter_brex_san_jose,bus trip with e-scooter access/walk_back_from_bus_0,681,1.0434291626958394,0.9258487644796837,0.07470599177756035,759.3661892378366,57.314528837422706,8.035110283488214,0.7891963795876289,0.10880189337175115,1.0612213331756848e-09
180,car_scooter_brex_san_jose,freeway_driving_weekday/freeway_driving_weekday_1,2032,1.18607065311847,0.9989970414600045,0.02626011114855976,4660.6675261050195,459.7962031601606,78.58750656242675,38.365608680938806,0.18895397720693327,6.829429384774533e-10
180,car_scooter_brex_san_jose,bus trip with e-scooter access/city_escooter_1,1236,1.0421526434890436,0.9896638012925421,0.021972043337679874,303.87173479127557,47.73831862933127,15.912925737171914,6.692254212392596,0.3765177441274422,6.416257647001624e-10
180,car_scooter_brex_san_jose,bus trip with e-scooter access/city_bus_rapid_transit_1,2925,1.1515806544825775,0.9977417513851562,0.017029843354739588,22531.622575206336,1139.8040888746546,94.9836753147405,48.13417345949485,0.12897429806438165,6.217521112241125e-10
180,car_scooter_brex_san_jose,bus trip with e-scooter access/walk_back_from_bus_1,640,1.0474594139929772,0.9271520992138511,0.06463661490948798,312.80901570232015,35.80827460726812,8.420606095317355,0.37323546039381306,0.051599077515100567,1.0612213331756848e-09
180,car_scooter_brex_san_jose,freeway_driving_weekday/freeway_driving_weekday_2,1749,1.2237778381016993,0.9871036262267631,0.015043579031537267,13252.038921796924,1319.479557394811,141.37261418298064,65.82981076943891,0.1952528788518115,6.829429384774533e-10
180,car_scooter_brex_san_jose,bus trip with e-scooter access/city_escooter_2,1290,1.0406209181335506,0.9928261488319278,0.03731205112142282,987.9224254474992,104.08681390557383,19.514172483372505,8.747759579139338,0.34584019686301665,6.416257647001624e-10
180,car_scooter_brex_san_jose,bus trip with e-scooter access/city_bus_rapid_transit_2,2622,1.1715913850747546,0.995985649197777,0.01986699263819206,17093.99543385835,904.3032240658144,106.58507328806243,53.74802661848874,0.13130352277779642,6.217521112241125e-10
180,car_scooter_brex_san_jose,bus trip with e-scooter access/walk_back_from_bus_2,620,1.0473522634796832,0.9180210011845933,0.07929141562651666,3475.190874676539,173.7560773829388,17.375013892218117,0.8555293018002029,0.03413522577521021,1.0612213331756848e-09
180,car_scooter_brex_san_jose,freeway_driving_weekday/freeway_driving_weekday_3,1937,1.1965186374991097,0.9871808062998835,0.02425486208766065,6668.507852315846,699.3266313584463,102.75814142757399,49.30711900493105,0.2108312921181013,6.829429384774533e-10
180,car_scooter_brex_san_jose,bus trip with e-scooter access/city_escooter_3,1403,1.0364829551693713,0.9659326035603953,0.046356357112800534,2038.6206918957405,149.73536028896706,22.494989000783665,8.941371721874555,0.2593334499035885,6.416257647001624e-10
180,car_scooter_brex_san_jose,bus trip with e-scooter access/city_bus_rapid_transit_3,2456,1.18540429586999,0.9963241420773334,0.02113861871733805,13219.152949670986,799.4898394715613,85.80061474722146,56.55175814153394,0.1397795050376923,6.217521112241125e-10
180,car_scooter_brex_san_jose,bus trip with e-scooter access/walk_back_from_bus_3,648,1.0461283993757509,0.9351360110491609,0.06417141490468298,1745.3938006720318,139.9482795479563,12.630683007384322,0.7242396704359686,0.03758734718732723,1.0612213331756848e-09
180,car_scooter_brex_san_jose,freeway_driving_weekday/freeway_driving_weekday_4,2006,1.1885208914580028,0.9820496388858354,0.03126230648009202,5388.9440422334,661.8001477184473,100.09083620154577,47.05477734971237,0.19484220285708617,6.829429384774533e-10
180,car_scooter_brex_san_jose,bus trip with e-scooter access/city_escooter_4,1310,1.039620183988995,0.9856522397300649,0.040870305267711717,1349.2657214004598,113.41134006189371,23.481683452515178,6.746586779582559,0.26609860524729656,6.416257647001624e-10
180,car_scooter_brex_san_jose,bus trip with e-scooter access/city_bus_rapid_transit_4,2847,1.156450980254712,0.9961028589165372,0.01875892854616225,21173.10934435952,1051.225219841879,95.56384066050835,57.40064952165625,0.13744336100504892,6.217521112241125e-10
180,car_scooter_brex_san_jose,bus trip with e-scooter access/walk_back_from_bus_4,654,1.0465069517457688,0.9285462791353418,0.07406069811001177,26311.228516060593,623.7875214396969,28.810584732298285,0.7044955543628098,0.0034548339451087847,1.0612213331756848e-09
180,car_scooter_brex_san_jose,freeway_driving_weekday/freeway_driving_weekday_5,1921,1.1980761773432484,0.9949643868411869,0.02323164437021143,524752.3835025582,14955.100467027029,441.79175302449846,58.96159792718549,0.09649984994452661,6.829429384774533e-10
180,car_scooter_brex_san_jose,bus trip with e-scooter access/city_escooter_5,1286,1.0397289596227934,0.9896033327212335,0.027488731897827325,1574.7992193061855,112.87622541574963,24.606238294559763,5.411878411575184,0.2066908220098307,6.416257647001624e-10
180,car_scooter_brex_san_jose,bus trip with e-scooter access/city_bus_rapid_transit_5,2555,1.1776030852712926,0.9968532201259499,0.014403028085332246,7298.967203212014,629.7527439454645,76.65421738019208,55.13276062484869,0.1761207946272271,6.217521112241125e-10
180,car_scooter_brex_san_jose,bus trip with e-scooter access/walk_back_from_bus_5,647,1.0451589920032545,0.9328751574247046,0.06540370915879391,1836.325483585264,82.67078495353607,12.706250620055718,0.8023332049084982,0.05786206939143157,1.0612213331756848e-09
180,car_scooter_brex_san_jose,freeway_driving_weekday/freeway_driving_weekday_6,2002,1.1899229005519512,0.9835787332525295,0.016418078880805723,3125195645.0362782,4889390.011830561,7673.47430644889,47.27673227023756,3.0185986739673158e-05,6.829429384774533e-10
180,car_scooter_brex_san_jose,bus trip with e-scooter access/city_escooter_6,1482,1.034046591113879,0.9945363012399464,0.031443888127733174,4631190.386971157,37039.211949810844,296.617611041459,8.668957675818628,0.0024543272671005496,6.416257647001624e-10
180,car_scooter_brex_san_jose,bus trip with e-scooter access/city_bus_rapid_transit_6,2855,1.1552854821524332,0.9949674664927034,0.019684725790936847,16173.568680322447,752.3050043059783,76.42574986499743,55.2704010160952,0.15310259930225478,6.217521112241125e-10
180,car_scooter_brex_san_jose,bus trip with e-scooter access/walk_back_from_bus_6,625,1.048819175857893,0.9250147741654907,0.07146063423397946,2340690014632.6133,181928859.82612154,14142.519924787059,1.0177344105925352,1.358752997732675e-10,1.0612213331756848e-09
180,train_bus_ebike_mtv_ucb,mtv_to_berkeley_sf_bart/walk_to_caltrain_0,1115,1.0798996314206475,0.9440053146817338,0.05199859096533307,3018.9913187964753,131.98397068687044,14.445814147101489,0.9710286387703103,0.04132889346536251,7.066114844795951e-10
180,train_bus_ebike_mtv_ucb,mtv_to_berkeley_sf_bart/commuter_rail_aboveground_0,2927,1.1699103468304564,0.9773935036478937,0.025379184169036267,inf,inf,inf,53.2015278270015,0.0,7.225986198398043e-10
180,train_bus_ebike_mtv_ucb,mtv_to_berkeley_sf_bart/subway_underground_0,3864,1.1795275206619795,0.9513745158614353,0.02397526380222663,inf,inf,inf,17.344701062582416,0.0,8.022390272317053e-10
180,train_bus_ebike_mtv_ucb,mtv_to_berkeley_sf_bart/walk_to_bus_0,285,1.0072153442106522,0.9264951693462254,0.2853583172423521,1075.3205331884358,42.438185711886625,3.536525891850847,0.004605839497447248,0.000108524414020767,8.417568395528515e-10
180,train_bus_ebike_mtv_ucb,mtv_to_berkeley_sf_bart/city_bus_short_0,473,1.187725272612657,0.9730314314809463,0.10677260597574875,8389.33880662442,441.3270108558695,47.603792015342634,26.562976214928078,0.09831728514133484,6.4425497260919e-10
180,train_bus_ebike_mtv_ucb,walk_urban_university/walk_urban_university_0,866,1.0852523030292662,0.9822504261264109,0.046653018374287814,6231.416274868318,293.2071703750109,15.37601871551147,0.9107165337529202,0.021952903758259267,8.783406312073868e-10
180,train_bus_ebike_mtv_ucb,berkeley_to_mtv_SF_express_bus/walk to the bikeshare location_0,305,1.063190908063734,0.927408814174471,0.044444322291711795,388.62586169717525,49.37201676276952,6.818010579732335,0.8606637196297551,0.1172143295523743,4.6000558237409036e-10
180,train_bus_ebike_mtv_ucb,berkeley_to_mtv_SF_express_bus/ebike_bikeshare_urban_long_0,1467,1.2122461443254104,0.9631746714453524,0.03106168703161475,4256.004833555523,287.5593667097222,35.953214005699586,20.050906559380703,0.27604448979191903,7.591327569011733e-10
180,train_bus_ebike_mtv_ucb,berkeley_to_mtv_SF_express_bus/express_bus_0,2751,1.1684156332095168,0.9779714956067638,0.02139477578715929,29134.183128360073,1386.279569963545,109.38515690564051,27.331997093578035,0.06205429685822476,6.769007973500341e-10
180,train_bus_ebike_mtv_ucb,berkeley_to_mtv_SF_express_bus/walk_downtown_urban_canyon_0,639,1.0228416010453756,0.8360264160694705,0.17333935350042928,1167.2214871400658,83.37291478035601,9.527696826364709,1.7742138063623234,0.05211151306753488,1.060580868851958e-09
180,train_bus_ebike_mtv_ucb,berkeley_to_mtv_SF_express_bus/light_rail_below_above_ground_0,834,1.1584694695622915,0.9779776797423717,0.03022767908002003,1827352.5093745538,19176.92278592162,271.25541792830944,13.396306090244677,0.0009366877082523928,8.145851430344032e-10
180,train_bus_ebike_mtv_ucb,berkeley_to_mtv_SF_express_bus/commuter_rail_with_tunnels_0,4775,1.1718853165149357,0.9884926519364742,0.020447009636496365,2328214.3156046565,45405.433467096846,921.3272632909864,72.83172209423897,0.02972212933101674,7.999884506231548e-10
180,train_bus_ebike_mtv_ucb,berkeley_to_mtv_SF_express_bus/inner_suburb_downtown_walk_0,1201,1.0739265613728732,0.99367240547913,0.042707927940921986,7912.439600133792,280.45651178509814,19.81883495114918,0.7951311282986329,0.017833054252939472,7.13358173776683e-10
180,train_bus_ebike_mtv_ucb,mtv_to_berkeley_sf_bart/walk_to_caltrain_1,1012,1.0885996728621061,0.9380033564288238,0.05432166767994545,2395.6079882527547,178.90565684711783,17.890648306662953,1.2542345520208786,0.039227583307518306,7.066114844795951e-10
180,train_bus_ebike_mtv_ucb,mtv_to_berkeley_sf_bart/commuter_rail_aboveground_1,2709,1.1851406281220844,0.9917007635870672,0.025140724736796523,6490245.995412736,84373.27225340408,1126.132968798374,62.19431347783946,0.0013072184333152708,7.225986198398043e-10
180,train_bus_ebike_mtv_ucb,mtv_to_berkeley_sf_bart/subway_underground_1,3887,1.1905516105002931,0.986662444762196,0.0353976036148101,inf,inf,inf,35.19157212236126,0.0,8.022390272317053e-10
180,train_bus_ebike_mtv_ucb,mtv_to_berkeley_sf_bart/walk_to_bus_1,215,1.004735401206298,0.911562966245256,0.22091537710977163,408.11308737482676,24.808756018594316,3.3793777511451752,0.3371197405874429,0.021514165584011577,8.417568395528515e-10
180,train_bus_ebike_mtv_ucb,mtv_to_berkeley_sf_bart/city_bus_short_1,535,1.1655471854371682,0.985812079005009,0.06699019951039784,3950.3334412710797,316.45089028073573,28.94022300277294,20.79108636074039,0.09519349062408872,6.4425497260919e-10
180,train_bus_ebike_mtv_ucb,walk_urban_university/walk_urban_university_1,888,1.0837592209826854,0.981547599581547,0.0516258677065059,2710.895561789582,140.97653571642036,12.578656897129244,0.8671412239309801,0.0261647684707145,8.783406312073868e-10
180,train_bus_ebike_mtv_ucb,berkeley_to_mtv_SF_express_bus/walk to the bikeshare location_1,219,1.0886989909077598,0.9122379216984541,0.07705307575992829,2089937.7866135992,12491.060734059383,154.7510963392786,0.7300881814796796,9.857424683927511e-06,4.6000558237409036e-10
180,train_bus_ebike_mtv_ucb,berkeley_to_mtv_SF_express_bus/ebike_bikeshare_urban_long_1,1446,1.2156335333163455,0.9847222980441585,0.02942364450153387,2699.1153139621033,261.19562528848564,34.49820826993847,20.4047513075176,0.2762675381667782,7.591327569011733e-10
180,train_bus_ebike_mtv_ucb,berkeley_to_mtv_SF_express_bus/express_bus_1,2788,1.1667078001059064,0.9678664558375576,0.032367002065755886,24369.921479883087,1255.0532052579342,97.90974539985915,27.948646820338787,0.05326865107135694,6.822293654972005e-10
180,train_bus_ebike_mtv_ucb,berkeley_to_mtv_SF_express_bus/walk_downtown_urban_canyon_1,616,1.015901936064148,0.8359656347031728,0.1515508208543315,1878.9489034163878,102.88657190899643,8.573672234619725,0.6216434820477158,0.016301650188402822,1.060580868851958e-09
180,train_bus_ebike_mtv_ucb,berkeley_to_mtv_SF_express_bus/light_rail_below_above_ground_1,869,1.1473698556097034,0.9786147138947457,0.019144819487237057,713837.8147192749,7375.176753336669,184.37924697360577,9.157430492850557,0.0014522222293404667,8.145851430344032e-10
180,train_bus_ebike_mtv_ucb,berkeley_to_mtv_SF_express_bus/commuter_rail_with_tunnels_1,4797,1.1709937918704554,0.9974629494858669,0.018591093251114004,11013086.522539474,93598.84166260704,783.6701352334449,55.33244801145608,0.006717748399821202,7.999884506231548e-10
180,train_bus_ebike_mtv_ucb,berkeley_to_mtv_SF_express_bus/inner_suburb_downtown_walk_1,1188,1.0741179542130046,0.990482093698399,0.033000782960773314,98634501.9068676,222131.194684912,501.51396866333266,0.5017911473227349,6.014572165058884e-06,7.13358173776683e-10
180,train_bus_ebike_mtv_ucb,mtv_to_berkeley_sf_bart/walk_to_caltrain_2,874,1.1060416088779463,0.946898082048759,0.05662675466418566,2677.6533542376073,146.34884494227197,17.513709459342028,1.5002676436634903,0.04155779103008324,7.066114844795951e-10
180,train_bus_ebike_mtv_ucb,mtv_to_berkeley_sf_bart/commuter_rail_aboveground_2,2829,1.1762425625760404,0.9906587592087989,0.026191998673185484,5892194.309009249,56992.36853362005,919.2342055676581,79.363282998772,0.0032371219394324606,7.225986198398043e-10
180,train_bus_ebike_mtv_ucb,mtv_to_berkeley_sf_bart/subway_underground_2,3860,1.192435790475897,1.041004327225322,0.04345191904430923,inf,inf,inf,46.85876143992874,0.0,8.022390272317053e-10
180,train_bus_ebike_mtv_ucb,mtv_to_berkeley_sf_bart/walk_to_bus_2,223,1.010808397537759,0.9157830282006431,0.18258427331179264,259.56584201583917,25.956544005603487,3.2445807680988956,0.3225505488370776,0.03308700235130438,8.417568395528515e-10
180,train_bus_ebike_mtv_ucb,mtv_to_berkeley_sf_bart/city_bus_short_2,499,1.1780228118129996,0.9696751684918068,0.06365285676494548,24398.409746226745,1020.2469140915441,63.976679139932706,34.04426794040806,0.08149167759869493,6.4425497260919e-10
180,train_bus_ebike_mtv_ucb,walk_urban_university/walk_urban_university_2,780,1.096962151039883,0.9812923991353352,0.04234880136047729,8365.364921924702,347.8110833567834,21.738204396159944,1.1881545497137238,0.021146668861392614,8.783406312073868e-10
180,train_bus_ebike_mtv_ucb,berkeley_to_mtv_SF_express_bus/walk to the bikeshare location_2,1403,1.013147647205879,0.5911208907159484,0.4069804613565727,7809.694299351228,216.93501641932733,6.380416218969923,0.008916835528698753,9.321060821228252e-05,4.6000558237409036e-10
180,train_bus_ebike_mtv_ucb,berkeley_to_mtv_SF_express_bus/ebike_bikeshare_urban_long_2,1543,1.2001097191915584,0.9721646253185371,0.03169398136600144,20957.274615137223,819.9884636135582,63.577670733348775,24.07932415629435,0.17146218957049378,7.591327569011733e-10
180,train_bus_ebike_mtv_ucb,berkeley_to_mtv_SF_express_bus/express_bus_2,2365,1.202236324410241,0.9722390688267566,0.028242214317204972,12170.87340947639,638.5996356692673,70.36769724228549,54.34386432322962,0.1396192130001553,6.769007973500341e-10
180,train_bus_ebike_mtv_ucb,berkeley_to_mtv_SF_express_bus/walk_downtown_urban_canyon_2,564,1.0181713692785077,0.8545725373056228,0.14600350730562878,4274.54565796187,177.10313149809414,11.352757947065053,0.6758204937325543,0.014546155017675892,1.060580868851958e-09
180,train_bus_ebike_mtv_ucb,berkeley_to_mtv_SF_express_bus/light_rail_below_above_ground_2,1218,1.1034479510048696,0.9856850098321801,0.08354832776260727,2478442.452870828,19409.947766879544,235.75050335999936,11.548947469775163,0.0004365050004546781,8.145851430344032e-10
180,train_bus_ebike_mtv_ucb,berkeley_to_mtv_SF_express_bus/commuter_rail_with_tunnels_2,4793,1.1702608973273092,0.9958814879255747,0.03211729887136495,835295.7764536688,21959.25197185789,645.8577443162802,80.6475586138545,0.04252232640944955,7.999884506231548e-10
180,train_bus_ebike_mtv_ucb,berkeley_to_mtv_SF_express_bus/inner_suburb_downtown_walk_2,1193,1.074424960602365,0.999225053415692,0.04795684699060184,10899.240090463381,362.43602443513635,21.653678048791953,0.7558460300097197,0.00756322231136767,7.13358173776683e-10
180,train_bus_ebike_mtv_ucb,mtv_to_berkeley_sf_bart/walk_to_caltrain_3,949,1.0954065836165017,0.9247775335860994,0.0757216154615967,1449251391.4367971,1449491.7661202226,1449.1144427260535,2.135391119369273,1.3880769962140025e-06,7.066114844795951e-10
180,train_bus_ebike_mtv_ucb,mtv_to_berkeley_sf_bart/commuter_rail_aboveground_3,2639,1.1913622084675586,0.9955419539170262,0.02256989415285152,11356240.401176302,126673.07379107134,1473.6724153142627,71.25069235159599,0.0010392001789851905,7.225986198398043e-10
180,train_bus_ebike_mtv_ucb,mtv_to_berkeley_sf_bart/subway_underground_3,3868,1.1899452839988747,1.0354523944327303,0.04874960038476791,inf,inf,inf,46.73263915144259,0.0,8.022390272317053e-10
180,train_bus_ebike_mtv_ucb,mtv_to_berkeley_sf_bart/walk_to_bus_3,309,1.0195085540598094,0.970627772562869,0.2992796181023534,6329.519312578135,212.488925218208,6.856867944537304,0.6178656844469941,0.007088863272343032,8.417568395528515e-10
180,train_bus_ebike_mtv_ucb,mtv_to_berkeley_sf_bart/city_bus_short_3,378,1.2526017169820336,0.9576853108313415,0.03378377185277651,4142.953903848488,314.0187060967351,37.11396659114383,27.816045696670344,0.11270601077059746,6.4425497260919e-10
180,train_bus_ebike_mtv_ucb,walk_urban_university/walk_urban_university_3,797,1.0942109175206816,0.9785787958304913,0.03862147976113899,12313323.15001362,49250.592756984785,196.2355283408609,2.075579857246379,0.00012938470165122564,8.783406312073868e-10
180,train_bus_ebike_mtv_ucb,berkeley_to_mtv_SF_express_bus/walk to the bikeshare location_3,519,1.0708071431547226,0.978993470273305,0.03700601124372408,228880336.92110357,343299.4144894544,512.2714147175191,1.2350972146828143,2.7851381781407964e-06,5.692611509058333e-10
180,train_bus_ebike_mtv_ucb,berkeley_to_mtv_SF_express_bus/ebike_bikeshare_urban_long_3,1586,1.1937928502189994,0.9822915822241656,0.027664793957965592,56348.5717674392,1070.625818124643,30.86305497344093,15.129634917495052,0.16906402649319738,7.481166846026598e-10
180,train_bus_ebike_mtv_ucb,berkeley_to_mtv_SF_express_bus/express_bus_3,2741,1.1612161764189428,0.9847156225628272,0.01668087531873391,44576.558704832496,1417.5964970030893,95.22832294519831,20.178484579185287,0.028147792079027133,7.342253319793175e-10
180,train_bus_ebike_mtv_ucb,berkeley_to_mtv_SF_express_bus/walk_downtown_urban_canyon_3,785,1.0121577735661518,0.8830102014317858,0.10751961789862412,7908353.176957459,28807.248352179344,105.10842927238991,3.952671669232275,0.00017705346991717135,8.02529976053429e-10
180,train_bus_ebike_mtv_ucb,berkeley_to_mtv_SF_express_bus/light_rail_below_above_ground_3,930,1.140471929943614,0.9856129629220856,0.028287174817367713,24437171.10314062,77726.3536205087,511.4863473917444,8.821359349350276,4.8676261128894745e-05,8.145851430344032e-10
180,train_bus_ebike_mtv_ucb,berkeley_to_mtv_SF_express_bus/commuter_rail_with_tunnels_3,3579,1.2425810516383924,0.9814683848908834,0.02751475825337328,inf,inf,inf,121.75844047320312,0.0,7.999884506231548e-10
180,train_bus_ebike_mtv_ucb,berkeley_to_mtv_SF_express_bus/inner_suburb_downtown_walk_3,1186,1.074666833186685,0.9956210324105003,0.03974772775432457,134967764.38504317,269947.60496190476,539.0024145005511,1.3009698075584943,1.1351393271138694e-05,7.13358173776683e-10
180,train_bus_ebike_mtv_ucb,mtv_to_berkeley_sf_bart/walk_to_caltrain_4,960,1.0936529756486262,0.9376241901172634,0.06364239614109067,340705.20577172714,5025.383782653046,76.42740462949081,3.136604741370685,0.0032062172433840568,7.066114844795951e-10
180,train_bus_ebike_mtv_ucb,mtv_to_berkeley_sf_bart/commuter_rail_aboveground_4,2716,1.184768680053126,0.993470168224879,0.032237446565217306,inf,inf,inf,86.50293008205817,0.0,7.225986198398043e-10
180,train_bus_ebike_mtv_ucb,mtv_to_berkeley_sf_bart/subway_underground_4,3882,1.1899937289785,1.0170918780011515,0.051637876973952584,inf,inf,inf,15.838172250170977,0.0,8.022390272317053e-10
180,train_bus_ebike_mtv_ucb,mtv_to_berkeley_sf_bart/walk_to_bus_4,318,1.017214138932621,0.9846260329363267,0.3083812856673508,1029912.5783026994,6179.385857519924,37.33631368526613,2.145629571593861,0.00051967179213558,8.417568395528515e-10
180,train_bus_ebike_mtv_ucb,mtv_to_berkeley_sf_bart/city_bus_short_4,344,1.2802506440922412,0.9679793970553906,0.04755556661265382,1842.0815216903911,185.18476822522854,37.14824772009973,24.59996530972258,0.1872692627611684,6.4425497260919e-10
180,train_bus_ebike_mtv_ucb,walk_urban_university/walk_urban_university_4,797,1.0943910708015385,0.9759469434765529,0.04986383356378043,775098.1287918943,8914.26843864815,101.34960911890896,1.9722701227795338,0.0011047402379488114,8.783406312073868e-10
180,train_bus_ebike_mtv_ucb,berkeley_to_mtv_SF_express_bus/walk to the bikeshare location_4,423,1.081873462146632,0.9757339130025251,0.03252413397510759,43554.96549513561,1200.0449901452862,35.04084663615427,1.641623416339003,0.009113115754216899,5.692611509058333e-10
180,train_bus_ebike_mtv_ucb,berkeley_to_mtv_SF_express_bus/ebike_bikeshare_urban_long_4,1297,1.2473953722311308,0.9896004625907594,0.026306103137409238,1419.8390386608705,193.76694457457143,34.692077580593526,22.099855117755244,0.35034590544184563,7.481166846026598e-10
180,train_bus_ebike_mtv_ucb,berkeley_to_mtv_SF_express_bus/express_bus_4,2768,1.1595518300253291,0.9747157004676398,0.022551468031725974,28656.16153489574,1056.4269292742947,82.68788767679857,22.395497701893376,0.060890359691358385,7.342253319793175e-10
180,train_bus_ebike_mtv_ucb,berkeley_to_mtv_SF_express_bus/walk_downtown_urban_canyon_4,687,1.0155550644716347,0.8680409604215221,0.12373774916571322,476574.2871182811,4686.315035488487,44.33814406565723,3.1068183766212156,0.001415510342169726,8.02529976053429e-10
180,train_bus_ebike_mtv_ucb,berkeley_to_mtv_SF_express_bus/light_rail_below_above_ground_4,978,1.1316995244750658,0.9762004634048554,0.033598595902322205,41337371.219580926,141869.85876203384,707.6402847727447,16.880962012144018,2.6115665538766154e-05,8.145851430344032e-10
180,train_bus_ebike_mtv_ucb,berkeley_to_mtv_SF_express_bus/commuter_rail_with_tunnels_4,4839,1.1691312469162367,0.9968915805502455,0.03569284342887911,141582.94355891127,5633.224433036462,354.6100411376862,76.97935192234762,0.0895922199071758,7.999884506231548e-10
180,train_bus_ebike_mtv_ucb,berkeley_to_mtv_SF_express_bus/inner_suburb_downtown_walk_4,1081,1.0827986868850388,0.9966288053274287,0.04725599698187916,208010.05842017938,3151.688227660616,64.4003318053266,1.1043357407971417,0.0017348780836390616,7.13358173776683e-10
180,train_bus_ebike_mtv_ucb,mtv_to_berkeley_sf_bart/walk_to_caltrain_5,953,1.0955377151487455,0.9487565568801912,0.057725635077007946,2046374.0204738416,18417.535726582348,164.2891833648062,2.339241480431558,0.0008020161160064149,7.066114844795951e-10
180,train_bus_ebike_mtv_ucb,mtv_to_berkeley_sf_bart/commuter_rail_aboveground_5,2913,1.1698908683633351,0.9963953555114579,0.03398391860120614,15398522.722388756,120334.44915241898,1382.1117797205952,83.69420916409827,0.0011613326122748512,7.225986198398043e-10
180,train_bus_ebike_mtv_ucb,mtv_to_berkeley_sf_bart/subway_underground_5,3900,1.1853006964856805,1.0220846417535048,0.03749089599799787,inf,inf,inf,8.80215263449399,0.0,8.022390272317053e-10
180,train_bus_ebike_mtv_ucb,mtv_to_berkeley_sf_bart/walk_to_bus_5,304,0.981224067490317,0.8824163210476238,0.275081972966545,3891.9872930102997,147.79383956192711,6.157974884508795,1.2405757555607992,0.0133314720426353,8.417568395528515e-10
180,train_bus_ebike_mtv_ucb,mtv_to_berkeley_sf_bart/city_bus_short_5,309,1.3267780084595318,0.9682903930443685,0.040695809414695146,70365.9251017636,2087.2504130486727,108.37112846433627,23.284794838341952,0.014672765423816847,6.4425497260919e-10
180,train_bus_ebike_mtv_ucb,walk_urban_university/walk_urban_university_5,826,1.0912703168849494,0.9421291304192584,0.04199304766873166,60330.12307293686,1476.9415691694446,37.34068144411305,1.8038221525204174,0.01112111511170747,8.783406312073868e-10
180,train_bus_ebike_mtv_ucb,berkeley_to_mtv_SF_express_bus/walk to the bikeshare location_5,356,1.1082698172397754,0.9969791596642373,0.04532214633936056,181.1230728561427,33.5108198161552,7.797667397967575,1.0560816624904903,0.13060633604651586,5.692611509058333e-10
180,train_bus_ebike_mtv_ucb,berkeley_to_mtv_SF_express_bus/ebike_bikeshare_urban_long_5,1414,1.2221166437991446,0.9450685497599555,0.05051760034366362,4160.008510424994,274.7778073900944,36.00196972725621,22.167547147553137,0.22579836101034267,7.481166846026598e-10
180,train_bus_ebike_mtv_ucb,berkeley_to_mtv_SF_express_bus/express_bus_5,2381,1.1901073489375285,0.9672676801054748,0.03130540069734831,29300.98323411845,1546.3209923242562,110.44853014397417,39.62818156992872,0.06289874535429733,7.342253319793175e-10
180,train_bus_ebike_mtv_ucb,berkeley_to_mtv_SF_express_bus/walk_downtown_urban_canyon_5,652,1.0130380518125965,0.8750108211175981,0.12039522392531701,1258819.9907408957,8937.101240664413,65.06174414810172,2.3049237022464233,0.0005855717265948033,8.02529976053429e-10
180,train_bus_ebike_mtv_ucb,berkeley_to_mtv_SF_express_bus/light_rail_below_above_ground_5,799,1.1549854912682338,0.9736099643277499,0.021941972004401105,985577.0749813459,11438.63422301707,229.76279084110678,9.597893815498344,0.0007953245572181327,8.145851430344032e-10
180,train_bus_ebike_mtv_ucb,berkeley_to_mtv_SF_express_bus/commuter_rail_with_tunnels_5,4252,1.1966217433545243,0.9952035472579681,0.023326300483583418,676640.6655731772,18738.63413376065,661.5329761799205,80.37332458774445,0.03977615883577754,7.999884506231548e-10
180,train_bus_ebike_mtv_ucb,berkeley_to_mtv_SF_express_bus/inner_suburb_downtown_walk_5,1063,1.0837897723786443,0.9964671672294578,0.049945147447710295,3593.7056800776845,223.718960171491,17.04283879693756,1.011892046962661,0.049889147029250215,7.13358173776683e-10
180,train_bus_ebike_mtv_ucb,mtv_to_berkeley_sf_bart/walk_to_caltrain_6,945,1.0943668186564532,0.9533283105384409,0.047723252499325464,199887.1047311748,3601.282806113634,63.72786630892653,2.888203895490406,0.004553186201177164,7.066114844795951e-10
180,train_bus_ebike_mtv_ucb,mtv_to_berkeley_sf_bart/commuter_rail_aboveground_6,2858,1.1744875279132865,0.9967845085208109,0.03158054795540488,802029.5135096896,21699.347999129266,619.3247791385633,87.84024135234675,0.03238951463776403,7.225986198398043e-10
180,train_bus_ebike_mtv_ucb,mtv_to_berkeley_sf_bart/subway_underground_6,3901,1.1888153695217625,0.9965772322148884,0.013672434863613886,inf,inf,inf,51.73266705097535,0.0,8.022390272317053e-10
180,train_bus_ebike_mtv_ucb,mtv_to_berkeley_sf_bart/walk_to_bus_6,292,1.0112037324657515,0.9349428917605862,0.2616957275117698,5034.878083226305,178.31815705984374,6.955706983529651,0.2495215507199599,0.0024507922908454083,8.417568395528515e-10
180,train_bus_ebike_mtv_ucb,mtv_to_berkeley_sf_bart/city_bus_short_6,366,1.1933310208133237,0.9748670505957341,0.03749487842903497,5727.653631042942,304.4102342148815,34.429624293824354,42.57682059303005,0.1730129973370038,6.922048303980974e-10
180,train_bus_ebike_mtv_ucb,walk_urban_university/walk_urban_university_6,824,1.0908826258836604,0.9685104095024464,0.05569646214687014,29118.9923374822,873.0823791001008,25.42935331052688,1.621782949451964,0.015449357136950944,8.783406312073868e-10
180,train_bus_ebike_mtv_ucb,berkeley_to_mtv_SF_express_bus/walk to the bikeshare location_6,431,1.0867783565118991,0.9949695450921687,0.044052559149501916,10163.502709329961,386.8001960556364,23.04791418903399,1.1207515062947169,0.013145031665851965,5.692611509058333e-10
180,train_bus_ebike_mtv_ucb,berkeley_to_mtv_SF_express_bus/ebike_bikeshare_urban_long_6,1513,1.205552394831096,0.975957340903005,0.02928205105852851,2958.342526730711,197.5511109248511,30.72478725343041,19.377145947059798,0.26585811911564783,7.481166846026598e-10
180,train_bus_ebike_mtv_ucb,berkeley_to_mtv_SF_express_bus/express_bus_6,2422,1.186775116729081,0.9642763592661338,0.0609074520613112,35368.88595196258,1662.0513739984278,110.16597232214538,49.450127334940994,0.05508479844083228,7.342253319793175e-10
180,train_bus_ebike_mtv_ucb,berkeley_to_mtv_SF_express_bus/walk_downtown_urban_canyon_6,666,1.0171660376133402,0.8967588940019285,0.11244874447144966,404334.05867802416,4244.037885561251,43.03560922047624,0.8636806307983882,0.0006001904602024148,8.02529976053429e-10
180,train_bus_ebike_mtv_ucb,berkeley_to_mtv_SF_express_bus/light_rail_below_above_ground_6,941,1.1402625530901338,0.9886624811705397,0.023775988287386324,1837251.2259175745,17130.54917009308,234.37426480430722,11.516253055327674,0.0005719338666552434,8.145851430344032e-10
180,train_bus_ebike_mtv_ucb,berkeley_to_mtv_SF_express_bus/commuter_rail_with_tunnels_6,4217,1.1988857076704018,0.9971460732473327,0.02131427576406087,316640753.8027288,783151.8765366309,3942.215476176292,75.75350856114693,3.3090722690422456e-05,7.999884506231548e-10
180,train_bus_ebike_mtv_ucb,berkeley_to_mtv_SF_express_bus/inner_suburb_downtown_walk_6,1188,1.0738826255310765,0.9944354075597653,0.03708383844261321,549180.8753035755,6452.759262443433,74.72769427987852,1.465307896153462,0.0012228537854526683,7.13358173776683e-10
180,train_bus_ebike_mtv_ucb,mtv_to_berkeley_sf_bart/walk_to_caltrain_7,1068,1.0828504778722483,0.9144186655761695,0.08411348100912373,2105645.7509524976,17897.895716049043,153.46431323296937,3.145991712955199,0.0006614408548169314,7.066114844795951e-10
180,train_bus_ebike_mtv_ucb,mtv_to_berkeley_sf_bart/commuter_rail_aboveground_7,2786,1.1797285620215774,0.9958049622479955,0.023013108548587905,26272.611761121014,1316.924008657323,156.98389842988075,80.25151464376924,0.12855378605076084,7.225986198398043e-10
180,train_bus_ebike_mtv_ucb,mtv_to_berkeley_sf_bart/subway_underground_7,3898,1.1883839249300352,1.016374761497859,0.022662291689761735,inf,inf,inf,19.796775961665794,0.0,8.022390272317053e-10
180,train_bus_ebike_mtv_ucb,mtv_to_berkeley_sf_bart/walk_to_bus_7,295,1.0189141518045253,0.9506474755933385,0.2050573545089659,239015.8736286983,2390.1158087450094,24.38891310594967,0.1738394724765937,6.323766236683105e-05,8.417568395528515e-10
180,train_bus_ebike_mtv_ucb,mtv_to_berkeley_sf_bart/city_bus_short_7,304,1.2541401479273258,0.9613654608451583,0.05147760548891027,4478.182058932804,304.18954029009564,36.92467318080813,43.38406899196883,0.1549436342435533,6.922048303980974e-10
180,train_bus_ebike_mtv_ucb,walk_urban_university/walk_urban_university_7,851,1.0885569421297292,0.9814220233741067,0.06501493216222028,61444.952329662774,1584.9474763163032,42.33888438264078,2.20893088665485,0.01021788667771754,8.783406312073868e-10
180,train_bus_ebike_mtv_ucb,berkeley_to_mtv_SF_express_bus/walk to the bikeshare location_7,442,1.087033213507231,0.9635872202208832,0.027801653371958085,13534.608730511196,545.3348606391,24.230133255332746,1.821388456929666,0.022796497279095985,5.692611509058333e-10
180,train_bus_ebike_mtv_ucb,berkeley_to_mtv_SF_express_bus/ebike_bikeshare_urban_long_7,1343,1.2367271889777305,0.9874880955559338,0.024172624599621023,1731.7983108240503,157.18050642863855,31.436395768002498,22.315763413213297,0.36633243641485147,7.481166846026598e-10
180,train_bus_ebike_mtv_ucb,berkeley_to_mtv_SF_express_bus/express_bus_7,2349,1.1936553641922936,0.9806114499367824,0.026682719669457337,394839.6754012647,10663.883991034296,293.0531236393193,31.33489325550301,0.05920928666107978,7.39791657760347e-10
180,train_bus_ebike_mtv_ucb,berkeley_to_mtv_SF_express_bus/walk_downtown_urban_canyon_7,659,1.0180392949626504,0.8991215431677726,0.1007217963232349,2806992.4245167184,15204.006190027867,84.03731702787151,0.5397324381584828,5.4841915485992846e-05,8.02529976053429e-10
180,train_bus_ebike_mtv_ucb,berkeley_to_mtv_SF_express_bus/light_rail_below_above_ground_7,885,1.1425299957631614,0.9820353397242455,0.043248185300691515,864892903.6190034,1297243.964853561,1945.5237461575227,9.652834684984656,9.782250578962498e-06,8.145851430344032e-10
180,train_bus_ebike_mtv_ucb,berkeley_to_mtv_SF_express_bus/commuter_rail_with_tunnels_7,3506,1.249000021152574,0.9924621779371767,0.025841138505794822,539694.5818121586,17523.27237714887,582.1196648412671,100.77899386765199,0.08929467904691095,7.999884506231548e-10
180,train_bus_ebike_mtv_ucb,berkeley_to_mtv_SF_express_bus/inner_suburb_downtown_walk_7,1183,1.0749632752668052,0.9963359381452505,0.04956925995294613,2268050.71431905,18143.672329751418,145.93432054684897,0.9135419197440737,0.00044633536593628037,7.13358173776683e-10
180,train_bus_ebike_mtv_ucb,mtv_to_berkeley_sf_bart/walk_to_caltrain_8,930,1.0969774543749897,0.9267776133784803,0.07336138659162932,663547.3952143406,7962.12928365248,96.77187418089632,1.9041301914473017,0.0023538450276678223,7.066114844795951e-10
180,train_bus_ebike_mtv_ucb,mtv_to_berkeley_sf_bart/commuter_rail_aboveground_8,2857,1.1743145902344905,0.9948999944135437,0.04137664431487875,96553.3552034669,3754.305555646194,252.9731592809138,88.69438869977492,0.09810294255486174,7.225986198398043e-10
180,train_bus_ebike_mtv_ucb,mtv_to_berkeley_sf_bart/subway_underground_8,3959,1.1866120443423807,1.021469350647943,0.04207335718964002,inf,inf,inf,24.46026386128186,0.0,8.022390272317053e-10
180,train_bus_ebike_mtv_ucb,mtv_to_berkeley_sf_bart/walk_to_bus_8,310,1.0141673616511007,0.9858767349816652,0.19275072401409982,5574.000312815595,169.88263356864775,7.9803644750818,0.15670967055855772,0.00200740869811617,8.417568395528515e-10
180,train_bus_ebike_mtv_ucb,mtv_to_berkeley_sf_bart/city_bus_short_8,301,1.253930808086201,0.9634151161627574,0.042273572876940925,5867.094609336127,394.3890422965516,55.26352269456987,36.23437129196189,0.19712467277495552,6.922048303980974e-10
180,train_bus_ebike_mtv_ucb,walk_urban_university/walk_urban_university_8,875,1.0849693539532443,0.9809342046091587,0.04923940479599914,6600.255375076512,328.87399680638066,18.013032571218947,1.1102861084044293,0.02744275565686507,8.783406312073868e-10
180,train_bus_ebike_mtv_ucb,berkeley_to_mtv_SF_express_bus/walk to the bikeshare location_8,408,1.09519981998664,0.9975105393995395,0.041615244257370544,593.6822638840581,44.55248757018765,5.911374326139547,1.3582252035120121,0.1586730568961051,5.692611509058333e-10
180,train_bus_ebike_mtv_ucb,berkeley_to_mtv_SF_express_bus/ebike_bikeshare_urban_long_8,1518,1.2048345218974925,0.9714045497468168,0.029565271545696603,37196.31191848644,1489.3326389186107,70.3333640265498,19.382038405206274,0.1844273444286207,7.481166846026598e-10
180,train_bus_ebike_mtv_ucb,berkeley_to_mtv_SF_express_bus/express_bus_8,2592,1.1717501324029564,0.9801209804124913,0.021698890389093402,152121367626.88702,55309549.402055666,20111.596856573797,24.64476954224592,4.197679104522199e-07,7.39791657760347e-10
180,train_bus_ebike_mtv_ucb,berkeley_to_mtv_SF_express_bus/walk_downtown_urban_canyon_8,600,1.016174717026029,0.8706328372730409,0.12572827077401022,24674.208236142953,664.4516568010526,18.619057413150472,4.64896572331329,0.018655522299922553,8.02529976053429e-10
180,train_bus_ebike_mtv_ucb,berkeley_to_mtv_SF_express_bus/light_rail_below_above_ground_8,778,1.163861941862176,0.9731012924040112,0.025805419379475645,20137.882384627104,986.5230944158409,69.38207017608171,11.933266723662186,0.02061064824138432,8.145851430344032e-10
180,train_bus_ebike_mtv_ucb,berkeley_to_mtv_SF_express_bus/commuter_rail_with_tunnels_8,3844,1.2228946151617601,0.9960682839241618,0.019691146673457862,496623.2762639258,13948.681395005235,609.7775375790857,84.67132479369859,0.04350928536473301,7.999884506231548e-10
180,train_bus_ebike_mtv_ucb,berkeley_to_mtv_SF_express_bus/inner_suburb_downtown_walk_8,1209,1.0728011476574286,0.983281753693659,0.05269989630843635,55681.241192169095,1450.3233645460398,34.22559899281935,1.1326855463090009,0.01066265415589236,7.13358173776683e-10
180,train_bus_ebike_mtv_ucb,mtv_to_berkeley_sf_bart/walk_to_caltrain_9,945,1.0954605058009415,0.9262476152245765,0.0719996843508821,232236.54172962395,3946.100681428389,66.27124732485285,3.2060538094292212,0.00519485844048591,7.066114844795951e-10
180,train_bus_ebike_mtv_ucb,mtv_to_berkeley_sf_bart/commuter_rail_aboveground_9,2690,1.1877978720363205,0.9957847389990933,0.029642050649719653,143227.5640677289,4240.865121314606,265.0478223515626,104.52540898998211,0.0978042061241078,7.225986198398043e-10
180,train_bus_ebike_mtv_ucb,mtv_to_berkeley_sf_bart/subway_underground_9,3904,1.1885711762327678,0.9748279822130428,0.02459776739169111,inf,inf,inf,25.6613510474263,0.0,8.022390272317053e-10
180,train_bus_ebike_mtv_ucb,mtv_to_berkeley_sf_bart/walk_to_bus_9,295,1.019113170507507,0.967816824894655,0.23570741468444018,2279.1775668119994,104.84217643709577,5.726354119417023,0.1772993881376969,0.0031780891984174563,8.417568395528515e-10
180,train_bus_ebike_mtv_ucb,mtv_to_berkeley_sf_bart/city_bus_short_9,363,1.1985066607877144,0.9684675103075837,0.03793677330555273,3475.729966867839,332.42702010314974,34.40908782244224,27.69774023435147,0.12530949786186155,6.922048303980974e-10
180,train_bus_ebike_mtv_ucb,walk_urban_university/walk_urban_university_9,836,1.0882309682362954,0.972367234974945,0.0356040666730273,94687.46786077578,1939.9551294284813,38.6653181448535,1.041934632100967,0.0056797919119497735,8.783406312073868e-10
180,train_bus_ebike_mtv_ucb,berkeley_to_mtv_SF_express_bus/walk to the bikeshare location_9,432,1.0891073388656758,0.9907867486070506,0.03702631527957419,282416349.4197524,423663.4896562573,637.386309215406,1.5872986594858043,2.4255533038682204e-06,5.692611509058333e-10
180,train_bus_ebike_mtv_ucb,berkeley_to_mtv_SF_express_bus/ebike_bikeshare_urban_long_9,1623,1.1880278651697171,0.9920376642687037,0.06490806509489877,153484.90355682978,4527.543700657987,128.69816676959124,21.06721238156942,0.08272438905728935,7.481166846026598e-10
180,train_bus_ebike_mtv_ucb,berkeley_to_mtv_SF_express_bus/express_bus_9,2317,1.1963551615332029,0.9767409593611139,0.031104837240793645,36423.72983705722,1376.1334760047544,106.77553400262478,41.82968834341131,0.07286499044174825,7.342253319793175e-10
180,train_bus_ebike_mtv_ucb,berkeley_to_mtv_SF_express_bus/walk_downtown_urban_canyon_9,690,1.013759196669441,0.8583053446939868,0.13430097522534495,3517.8597397523617,161.7012191327005,10.469951213081636,0.7419878012262724,0.009504158971214314,8.02529976053429e-10
180,train_bus_ebike_mtv_ucb,berkeley_to_mtv_SF_express_bus/light_rail_below_above_ground_9,1170,1.1071992676153348,0.9784341038359585,0.04469117412943585,11092804.134770073,72093.54360482891,469.21573903948786,4.3913235524189975,7.997036330256951e-05,8.145851430344032e-10
180,train_bus_ebike_mtv_ucb,berkeley_to_mtv_SF_express_bus/commuter_rail_with_tunnels_9,3566,1.2440506096065116,0.9897726116776953,0.03799472147896183,8150889.477032983,118189.04786049566,1764.9416846979764,117.9707903420848,0.006419145327116354,7.999884506231548e-10
180,train_bus_ebike_mtv_ucb,berkeley_to_mtv_SF_express_bus/inner_suburb_downtown_walk_9,1229,1.0715652742027313,0.9910376843566993,0.04739412992092067,259746219.9021225,389591.29554540245,583.4694335656098,1.1318487961290855,5.338214274944719e-06,7.13358173776683e-10
180,train_bus_ebike_mtv_ucb,mtv_to_berkeley_sf_bart/walk_to_caltrain_10,1038,1.0871036742378968,0.9119518405378026,0.08618130993992668,2037743.2845013582,16302.843333535538,129.38981840459513,2.3212135966682492,0.0006843410828731327,7.066114844795951e-10
180,train_bus_ebike_mtv_ucb,mtv_to_berkeley_sf_bart/commuter_rail_aboveground_10,2748,1.1834306999310864,0.9936895104697325,0.025380160478978772,473082.89112969267,14429.110326894453,468.6799942294795,81.99371740350554,0.08004583079441281,7.225986198398043e-10
180,train_bus_ebike_mtv_ucb,mtv_to_berkeley_sf_bart/subway_underground_10,4979,1.1426694546365235,1.0263626859733375,0.13688337431924086,inf,inf,inf,13.85134070250699,0.0,8.022390272317053e-10
180,train_bus_ebike_mtv_ucb,mtv_to_berkeley_sf_bart/walk_to_bus_10,294,1.0074662019875977,0.9601579949336105,0.17558123049203397,502321.0226760455,4081.391721318255,30.041756436358217,0.16014692016668985,4.4688276913764634e-05,8.417568395528515e-10
180,train_bus_ebike_mtv_ucb,mtv_to_berkeley_sf_bart/city_bus_short_10,431,1.16755667949454,0.9880756641459634,0.053501621270987516,4867.668005552524,265.33111718204833,29.481203613794108,35.92562171893986,0.13330182274510094,6.922048303980974e-10
180,train_bus_ebike_mtv_ucb,walk_urban_university/walk_urban_university_10,789,1.0955791838281446,0.9825069780818352,0.03980815691262191,27896.65279527949,826.7913201111201,30.31664041846014,1.197352731457539,0.009176824479887843,8.783406312073868e-10
180,train_bus_ebike_mtv_ucb,berkeley_to_mtv_SF_express_bus/walk to the bikeshare location_10,389,1.1009268787162443,0.9976294762960949,0.032629798372270785,148147.65571108172,2592.6073098852867,60.07479165929993,1.055736880584314,0.002099484668426422,5.692611509058333e-10
180,train_bus_ebike_mtv_ucb,berkeley_to_mtv_SF_express_bus/ebike_bikeshare_urban_long_10,1465,1.2137480054438836,0.9552866595604165,0.04228017212886254,5197.671442656646,406.6231925727215,44.96760653822428,20.22870489284168,0.2150068422561231,7.481166846026598e-10
180,train_bus_ebike_mtv_ucb,berkeley_to_mtv_SF_express_bus/express_bus_10,2907,1.1508506121901214,0.987737819587934,0.01613238117929464,15158.647334032816,1032.584194926904,77.06152297541989,19.351585245418296,0.058212452143980416,7.342253319793175e-10
180,train_bus_ebike_mtv_ucb,berkeley_to_mtv_SF_express_bus/walk_downtown_urban_canyon_10,617,1.0165926738972977,0.8766866170434947,0.12263742617717109,57492.558848474255,1207.3384724420284,23.276214702201173,3.293891004809006,0.011394074054237105,8.02529976053429e-10
180,train_bus_ebike_mtv_ucb,berkeley_to_mtv_SF_express_bus/light_rail_below_above_ground_10,1016,1.127149574065417,0.9822516343263733,0.08334735662329999,23548846.65677209,75136.05301358317,556.9857125819832,16.480927910322634,5.119142252575314e-05,8.145851430344032e-10
180,train_bus_ebike_mtv_ucb,berkeley_to_mtv_SF_express_bus/commuter_rail_with_tunnels_10,3474,1.2523900326900481,0.9981999522418549,0.03291809879330618,2732923.723493409,57391.79956186678,1258.075774063153,114.99390213526411,0.01768623004958929,7.999884506231548e-10
180,train_bus_ebike_mtv_ucb,berkeley_to_mtv_SF_express_bus/inner_suburb_downtown_walk_10,1179,1.0747560040646835,0.9973591431097055,0.047694359359724436,7945530.03494941,39726.658147975824,199.5337776411096,1.3928311484885385,0.00010238081533535256,7.13358173776683e-10
180,train_bus_ebike_mtv_ucb,mtv_to_berkeley_sf_bart/walk_to_caltrain_11,965,1.094029028569406,0.8877518382759892,0.11566623128023519,8950619.956901249,44876.13054186836,223.56952803484535,5.7852493520355495,0.00044625449668036826,7.066114844795951e-10
180,train_bus_ebike_mtv_ucb,mtv_to_berkeley_sf_bart/commuter_rail_aboveground_11,2641,1.191807419256405,0.9962415610836289,0.023115251718221326,411219.99097278324,7802.780045015862,294.7056778934557,82.07816312364984,0.08155993242587173,7.225986198398043e-10
180,train_bus_ebike_mtv_ucb,mtv_to_berkeley_sf_bart/subway_underground_11,3895,1.1895220355329692,1.1510077800637408,0.09664521801291957,inf,inf,inf,26.108128703164276,0.0,8.022390272317053e-10
180,train_bus_ebike_mtv_ucb,mtv_to_berkeley_sf_bart/walk_to_bus_11,269,1.022172695978457,0.9453505747243379,0.1448692548881331,150147.1498843858,1706.1622883414536,19.52424837678539,0.09540336318992271,8.341648283918683e-05,6.946654363854002e-10
180,train_bus_ebike_mtv_ucb,mtv_to_berkeley_sf_bart/city_bus_short_11,349,1.2942963962744682,0.9760714196151574,0.05124048530907301,6832.259434418619,377.12884453288433,41.359783480660916,48.876172605188835,0.11890713785801445,5.848063484045086e-10
180,train_bus_ebike_mtv_ucb,walk_urban_university/walk_urban_university_11,898,1.082627071163376,0.9780524145311084,0.0708027827298315,7521352.95540505,33842.223220852604,153.15559074697018,1.5084112371130778,0.00010677189042127949,8.783406312073868e-10
180,train_bus_ebike_mtv_ucb,berkeley_to_mtv_SF_express_bus/walk to the bikeshare location_11,423,1.0893560635539665,0.9941146781438323,0.035014192496107,32980079.72251671,98925.92313973974,318.6906262582812,0.8934265734277588,5.940246913391279e-06,5.692611509058333e-10
180,train_bus_ebike_mtv_ucb,berkeley_to_mtv_SF_express_bus/ebike_bikeshare_urban_long_11,1572,1.1946581044930873,0.983964661084381,0.0251590605876177,39067505630966.85,1676595458.8610291,71957.8474573358,14.90408743923593,2.9819083363691443e-10,7.481166846026598e-10
180,train_bus_ebike_mtv_ucb,berkeley_to_mtv_SF_express_bus/express_bus_11,2600,1.1716686141905124,0.9872640617240812,0.015303431318898697,20669.86743749193,869.7157268117592,79.95308527273917,23.845918748681868,0.0799510727150246,7.39791657760347e-10
180,train_bus_ebike_mtv_ucb,berkeley_to_mtv_SF_express_bus/walk_downtown_urban_canyon_11,620,1.0169665537221642,0.9023590129934524,0.08896429292473218,17253.025918015133,509.48800569214757,16.349489940442794,0.4859093645519687,0.005208023070675017,8.02529976053429e-10
180,train_bus_ebike_mtv_ucb,berkeley_to_mtv_SF_express_bus/light_rail_below_above_ground_11,799,1.164821429029239,0.9773907239790934,0.025089073824092662,77546597.35924853,208415.33347969796,963.7081248541266,11.365583162729118,7.381664351049781e-06,8.145851430344032e-10
180,train_bus_ebike_mtv_ucb,berkeley_to_mtv_SF_express_bus/commuter_rail_with_tunnels_11,4175,1.2011570291671751,0.9947014048828043,0.02386681041982883,3743850.8149304297,65459.6155962335,1151.5688548060527,91.06871694374597,0.025291190327111905,7.999884506231548e-10
180,train_bus_ebike_mtv_ucb,berkeley_to_mtv_SF_express_bus/inner_suburb_downtown_walk_11,1255,1.069626844596422,0.9967567846870805,0.04521978205421708,2089.1905871400054,148.0015326848795,12.030731924979266,0.7716500209523344,0.05486131653173928,7.13358173776683e-10
240,unimodal_trip_car_bike_mtv_la,suburb_city_driving_weekend/suburb_city_driving_weekend_0,817,1.098848383130938,0.9700915599859268,0.037970841603085406,97187.80537371399,3784.3381594924044,153.5789254909089,18.40657298799272,0.06656804164470724,4.738408267387402e-10
240,unimodal_trip_car_bike_mtv_la,suburb_bicycling/suburb_bicycling_0,1270,1.090673815030576,0.9580621052560497,0.0635935772539801,2143.263614615928,214.35942802174938,23.821847009575734,7.354385659386272,0.17214842909309674,8.120676155485603e-10
240,unimodal_trip_car_bike_mtv_la,suburb_city_driving_weekend/suburb_city_driving_weekend_1,702,1.1204151607274049,0.9599372367654447,0.033096859281151504,1419.5924264146743,236.59855337117972,41.60406013938996,14.988671713346909,0.25833599586328354,4.738408267387402e-10
240,unimodal_trip_car_bike_mtv_la,suburb_bicycling/suburb_bicycling_1,1333,1.0865440468217906,0.9603284119928406,0.08203261450035328,1437.1667427686352,143.71342548281393,24.83603093451114,7.38260203283916,0.20500357513770232,8.120676155485603e-10
240,unimodal_trip_car_bike_mtv_la,suburb_city_driving_weekend/suburb_city_driving_weekend_2,709,1.1203633280456395,0.9426534217583572,0.056158333134657595,2923.8928773931175,243.94864451296357,47.49888469242867,21.5585837663044,0.21445194123647937,4.738408267387402e-10
240,unimodal_trip_car_bike_mtv_la,suburb_bicycling/suburb_bicycling_2,1266,1.0907908605848842,0.9490072783690476,0.05636993620780988,1771.9684913178894,159.54360498687785,20.99881694589225,6.63334382056724,0.19908051672359667,8.120676155485603e-10
240,unimodal_trip_car_bike_mtv_la,suburb_city_driving_weekend/suburb_city_driving_weekend_3,853,1.096423610480842,0.9395717252729129,0.0635864874342824,1603.6976392186393,194.8558011688871,36.54729224629635,17.533738170025178,0.23202571861082902,4.738408267387402e-10
240,unimodal_trip_car_bike_mtv_la,suburb_bicycling/suburb_bicycling_3,1320,1.086322270184237,0.9517646181791964,0.06289308584813252,1097.934756161777,118.83371273927025,19.38380349271459,3.765432586159859,0.1253799912672423,8.120676155485603e-10
240,unimodal_trip_car_bike_mtv_la,suburb_city_driving_weekend/suburb_city_driving_weekend_4,773,1.1091294442919983,0.9641608177418172,0.04053360486693704,1668.26266451166,205.45824706222038,34.33496700881488,10.403574651723119,0.1974315418828091,4.738408267387402e-10
240,unimodal_trip_car_bike_mtv_la,suburb_bicycling/suburb_bicycling_4,1285,1.088549737875304,0.9544168011452638,0.07158101997980529,7316.803605217262,481.03359512098257,42.64437249992676,7.510479601347555,0.10599161447965932,8.120676155485603e-10
240,unimodal_trip_car_bike_mtv_la,suburb_city_driving_weekend/suburb_city_driving_weekend_5,859,1.0962978341933842,0.947500146977833,0.04901716552205319,2413.1084060739804,186.59771710656804,37.69684731418145,13.06591060978853,0.1632707527468256,4.738408267387402e-10
240,unimodal_trip_car_bike_mtv_la,suburb_bicycling/suburb_bicycling_5,1297,1.087267374828877,0.9511532922189674,0.05629829668993864,3316.9961452850075,215.71549787742745,28.413521720053634,6.976534378556153,0.14690802901987732,8.120676155485603e-10
240,car_scooter_brex_san_jose,freeway_driving_weekday/freeway_driving_weekday_0,1976,1.1924318924647042,0.986200062546549,0.019042297964298214,6589.889193097179,686.7507054321063,107.77488888505421,51.06082993445105,0.18008069881283761,6.829429384774533e-10
240,car_scooter_brex_san_jose,bus trip with e-scooter access/city_escooter_0,1257,1.0417459760772478,0.9934683706131537,0.01802533834299065,638.8021085327698,103.03218575796761,20.606475972521316,3.6719203211079314,0.1855490726230607,6.416257647001624e-10
240,car_scooter_brex_san_jose,bus trip with e-scooter access/city_bus_rapid_transit_0,2745,1.163389687407169,0.9947987035337477,0.017757948316097772,23031.69490900919,971.0962861039167,84.57793010626905,48.1227460864222,0.13835443039593492,6.217521112241125e-10
240,car_scooter_brex_san_jose,bus trip with e-scooter access/walk_back_from_bus_0,681,1.0434291626958394,0.9258487644796837,0.07470599177756035,759.3661892378366,57.314528837422706,8.035110283488214,0.7891963795876289,0.10880189337175115,1.0612213331756848e-09
240,car_scooter_brex_san_jose,freeway_driving_weekday/freeway_driving_weekday_1,2032,1.18607065311847,0.9989970414600045,0.02626011114855976,4660.6675261050195,459.7962031601606,78.58750656242675,38.365608680938806,0.18895397720693327,6.829429384774533e-10
240,car_scooter_brex_san_jose,bus trip with e-scooter access/city_escooter_1,1236,1.0421526434890436,0.9896638012925421,0.021972043337679874,303.87173479127557,47.73831862933127,15.912925737171914,6.692254212392596,0.3765177441274422,6.416257647001624e-10
240,car_scooter_brex_san_jose,bus trip with e-scooter access/city_bus_rapid_transit_1,2925,1.1515806544825775,0.9977417513851562,0.017029843354739588,22531.622575206336,1139.8040888746546,94.9836753147405,48.13417345949485,0.12897429806438165,6.217521112241125e-10
240,car_scooter_brex_san_jose,bus trip with e-scooter access/walk_back_from_bus_1,640,1.0474594139929772,0.9271520992138511,0.06463661490948798,312.80901570232015,35.80827460726812,8.420606095317355,0.37323546039381306,0.051599077515100567,1.0612213331756848e-09
240,car_scooter_brex_san_jose,freeway_driving_weekday/freeway_driving_weekday_2,1749,1.2237778381016993,0.9871036262267631,0.015043579031537267,13252.038921796924,1319.479557394811,141.37261418298064,65.82981076943891,0.1952528788518115,6.829429384774533e-10
240,car_scooter_brex_san_jose,bus trip with e-scooter access/city_escooter_2,1290,1.0406209181335506,0.9928261488319278,0.03731205112142282,987.9224254474992,104.08681390557383,19.514172483372505,8.747759579139338,0.34584019686301665,6.416257647001624e-10
240,car_scooter_brex_san_jose,bus trip with e-scooter access/city_bus_rapid_transit_2,2622,1.1715913850747546,0.995985649197777,0.01986699263819206,17093.99543385835,904.3032240658144,106.58507328806243,53.74802661848874,0.13130352277779642,6.217521112241125e-10
240,car_scooter_brex_san_jose,bus trip with e-scooter access/walk_back_from_bus_2,620,1.0473522634796832,0.9180210011845933,0.07929141562651666,3475.190874676539,173.7560773829388,17.375013892218117,0.8555293018002029,0.03413522577521021,1.0612213331756848e-09
240,car_scooter_brex_san_jose,freeway_driving_weekday/freeway_driving_weekday_3,1937,1.1965186374991097,0.9871808062998835,0.02425486208766065,6668.507852315846,699.3266313584463,102.75814142757399,49.30711900493105,0.2108312921181013,6.829429384774533e-10
240,car_scooter_brex_san_jose,bus trip with e-scooter access/city_escooter_3,1403,1.0364829551693713,0.9954817042194246,0.05983833883575363,2038.6206918957405,149.73536028896706,22.494989000783665,8.941371721874555,0.25933345183825,6.416257647001624e-10
240,car_scooter_brex_san_jose,bus trip with e-scooter access/city_bus_rapid_transit_3,2456,1.18540429586999,0.9963241420773334,0.02113861871733805,13219.152949670986,799.4898394715613,85.80061474722146,56.55175814153394,0.1397795050376923,6.217521112241125e-10
240,car_scooter_brex_san_jose,bus trip with e-scooter access/walk_back_from_bus_3,648,1.0461283993757509,0.9351360110491609,0.06417141490468298,1745.3938006720318,139.9482795479563,12.630683007384322,0.7242396704359686,0.03758734718732723,1.0612213331756848e-09
240,car_scooter_brex_san_jose,freeway_driving_weekday/freeway_driving_weekday_4,2006,1.1885208914580028,0.9820496388858354,0.03126230648009202,5388.9440422334,661.8001477184473,100.09083620154577,47.05477734971237,0.19484220285708617,6.829429384774533e-10
240,car_scooter_brex_san_jose,bus trip with e-scooter access/city_escooter_4,1310,1.039620183988995,0.9856522397300649,0.040870305267711717,1349.2657214004598,113.41134006189371,23.481683452515178,6.746586779582559,0.26609860524729656,6.416257647001624e-10
240,car_scooter_brex_san_jose,bus trip with e-scooter access/city_bus_rapid_transit_4,2847,1.156450980254712,0.9961028589165372,0.01875892854616225,21173.10934435952,1051.225219841879,95.56384066050835,57.40064952165625,0.13744336100504892,6.217521112241125e-10
240,car_scooter_brex_san_jose,bus trip with e-scooter access/walk_back_from_bus_4,654,1.0465069517457688,0.9285462791353418,0.07406069811001177,26311.228516060593,623.7875214396969,28.810584732298285,0.7044955543628098,0.0034548339451087847,1.0612213331756848e-09
240,car_scooter_brex_san_jose,freeway_driving_weekday/freeway_driving_weekday_5,1921,1.1980761773432484,0.9949643868411869,0.02323164437021143,524752.3835025582,14955.100467027029,441.79175302449846,58.96159792718549,0.09649984994452661,6.829429384774533e-10
240,car_scooter_brex_san_jose,bus trip with e-scooter access/city_escooter_5,1286,1.0397289596227934,0.9896033327212335,0.027488731897827325,1574.7992193061855,112.87622541574963,24.606238294559763,5.411878411575184,0.2066908220098307,6.416257647001624e-10
240,car_scooter_brex_san_jose,bus trip with e-scooter access/city_bus_rapid_transit_5,2555,1.1776030852712926,0.9968532201259499,0.014403028085332246,7298.967203212014,629.7527439454645,76.65421738019208,55.13276062484869,0.1761207946272271,6.217521112241125e-10
240,car_scooter_brex_san_jose,bus trip with e-scooter access/walk_back_from_bus_5,647,1.0451589920032545,0.9328751574247046,0.06540370915879391,1836.325483585264,82.67078495353607,12.706250620055718,0.8023332049084982,0.05786206939143157,1.0612213331756848e-09
240,car_scooter_brex_san_jose,freeway_driving_weekday/freeway_driving_weekday_6,2002,1.1899229005519512,0.9835787332525295,0.016418078880805723,3125195645.0362782,4889390.011830561,7673.47430644889,47.27673227023756,3.0185986739673158e-05,6.829429384774533e-10
240,car_scooter_brex_san_jose,bus trip with e-scooter access/city_escooter_6,1482,1.034046591113879,0.9945363012399464,0.031443888127733174,4631190.386971157,37039.211949810844,296.617611041459,8.668957675818628,0.0024543272671005496,6.416257647001624e-10
240,car_scooter_brex_san_jose,bus trip with e-scooter access/city_bus_rapid_transit_6,2855,1.1552854821524332,0.9949674664927034,0.019684725790936847,16173.568680322447,752.3050043059783,76.42574986499743,55.2704010160952,0.15310259930225478,6.217521112241125e-10
240,car_scooter_brex_san_jose,bus trip with e-scooter access/walk_back_from_bus_6,625,1.048819175857893,0.9250147741654907,0.07146063423397946,2340690014632.6133,181928859.82612154,14142.519924787059,1.0177344105925352,1.358752997732675e-10,1.0612213331756848e-09
240,train_bus_ebike_mtv_ucb,mtv_to_berkeley_sf_bart/walk_to_caltrain_0,1115,1.0798996314206475,0.9440053146817338,0.05199859096533307,3018.9913187964753,131.98397068687044,14.445814147101489,0.9710286387703103,0.04132889346536251,7.066114844795951e-10
240,train_bus_ebike_mtv_ucb,mtv_to_berkeley_sf_bart/commuter_rail_aboveground_0,2927,1.1699103468304564,0.993164867622405,0.025379184169036267,1172258981.6163049,1821551.2228153707,6058.593129174374,52.69983400596447,1.1917905263714753e-05,7.225986198398043e-10
240,train_bus_ebike_mtv_ucb,mtv_to_berkeley_sf_bart/subway_underground_0,3864,1.1795275206619795,0.9427992918395883,0.02397526380222663,inf,inf,inf,17.197244410184986,0.0,8.022390272317053e-10
240,train_bus_ebike_mtv_ucb,mtv_to_berkeley_sf_bart/walk_to_bus_0,285,1.0072153442106522,0.9264951693462254,0.2853583172423521,1075.3205331884358,42.438185711886625,3.536525891850847,0.004605839497447248,0.000108524414020767,8.417568395528515e-10
240,train_bus_ebike_mtv_ucb,mtv_to_berkeley_sf_bart/city_bus_short_0,473,1.187725272612657,0.9730314314809463,0.10677260597574875,8389.33880662442,441.3270108558695,47.603792015342634,26.562976214928078,0.09831728514133484,6.4425497260919e-10
240,train_bus_ebike_mtv_ucb,walk_urban_university/walk_urban_university_0,866,1.0852523030292662,0.9822504261264109,0.046653018374287814,6231.416274868318,293.2071703750109,15.37601871551147,0.9107165337529202,0.021952903758259267,8.783406312073868e-10
240,train_bus_ebike_mtv_ucb,berkeley_to_mtv_SF_express_bus/walk to the bikeshare location_0,305,1.063190908063734,0.927408814174471,0.044444322291711795,388.62586169717525,49.37201676276952,6.818010579732335,0.8606637196297551,0.1172143295523743,4.6000558237409036e-10
240,train_bus_ebike_mtv_ucb,berkeley_to_mtv_SF_express_bus/ebike_bikeshare_urban_long_0,1467,1.2122461443254104,0.9631746714453524,0.03106168703161475,4256.004833555523,287.5593667097222,35.953214005699586,20.050906559380703,0.27604448979191903,7.591327569011733e-10
240,train_bus_ebike_mtv_ucb,berkeley_to_mtv_SF_express_bus/express_bus_0,2751,1.1684156332095168,0.9779714956067638,0.02139477578715929,29134.183128360073,1386.279569963545,109.38515690564051,27.331997093578035,0.06205429685822476,6.769007973500341e-10
240,train_bus_ebike_mtv_ucb,berkeley_to_mtv_SF_express_bus/walk_downtown_urban_canyon_0,639,1.0228416010453756,0.8360264160694705,0.17333935350042928,1167.2214871400658,83.37291478035601,9.527696826364709,1.7742138063623234,0.05211151306753488,1.060580868851958e-09
240,train_bus_ebike_mtv_ucb,berkeley_to_mtv_SF_express_bus/light_rail_below_above_ground_0,834,1.1584694695622915,0.9779776797423717,0.03022767908002003,1827352.5093745538,19176.92278592162,271.25541792830944,13.396306090244677,0.0009366877082523928,8.145851430344032e-10
240,train_bus_ebike_mtv_ucb,berkeley_to_mtv_SF_express_bus/commuter_rail_with_tunnels_0,4775,1.1718853165149357,0.9975129038920357,0.020447009636496365,2328214.3156046565,45405.433467096846,921.3272632909864,72.83171798730505,0.029722307046042253,7.999884506231548e-10
240,train_bus_ebike_mtv_ucb,berkeley_to_mtv_SF_express_bus/inner_suburb_downtown_walk_0,1201,1.0739265613728732,0.99367240547913,0.042707927940921986,7912.439600133792,280.45651178509814,19.81883495114918,0.7951311282986329,0.017833054252939472,7.13358173776683e-10
240,train_bus_ebike_mtv_ucb,mtv_to_berkeley_sf_bart/walk_to_caltrain_1,1012,1.0885996728621061,0.9380033564288238,0.05432166767994545,2395.6079882527547,178.90565684711783,17.890648306662953,1.2542345520208786,0.039227583307518306,7.066114844795951e-10
240,train_bus_ebike_mtv_ucb,mtv_to_berkeley_sf_bart/commuter_rail_aboveground_1,2709,1.1851406281220844,0.9917007635870672,0.025140724736796523,6490245.995412736,84373.27225340408,1126.132968798374,62.19431347783946,0.0013072184333152708,7.225986198398043e-10
240,train_bus_ebike_mtv_ucb,mtv_to_berkeley_sf_bart/subway_underground_1,3887,1.1905516105002931,0.9922104002998704,0.033580611122234864,inf,inf,inf,40.26657741924141,0.0,8.022390272317053e-10
240,train_bus_ebike_mtv_ucb,mtv_to_berkeley_sf_bart/walk_to_bus_1,215,1.004735401206298,0.911562966245256,0.22091537710977163,408.11308737482676,24.808756018594316,3.3793777511451752,0.3371197405874429,0.021514165584011577,8.417568395528515e-10
240,train_bus_ebike_mtv_ucb,mtv_to_berkeley_sf_bart/city_bus_short_1,535,1.1655471854371682,0.985812079005009,0.06699019951039784,3950.3334412710797,316.45089028073573,28.94022300277294,20.79108636074039,0.09519349062408872,6.4425497260919e-10
240,train_bus_ebike_mtv_ucb,walk_urban_university/walk_urban_university_1,888,1.0837592209826854,0.981547599581547,0.0516258677065059,2710.895561789582,140.97653571642036,12.578656897129244,0.8671412239309801,0.0261647684707145,8.783406312073868e-10
240,train_bus_ebike_mtv_ucb,berkeley_to_mtv_SF_express_bus/walk to the bikeshare location_1,219,1.0886989909077598,0.9122379216984541,0.07705307575992829,2089937.7866135992,12491.060734059383,154.7510963392786,0.7300881814796796,9.857424683927511e-06,4.6000558237409036e-10
240,train_bus_ebike_mtv_ucb,berkeley_to_mtv_SF_express_bus/ebike_bikeshare_urban_long_1,1446,1.2156335333163455,0.9847222980441585,0.02942364450153387,2699.1153139621033,261.19562528848564,34.49820826993847,20.4047513075176,0.2762675381667782,7.591327569011733e-10
240,train_bus_ebike_mtv_ucb,berkeley_to_mtv_SF_express_bus/express_bus_1,2788,1.1667078001059064,0.9678664558375576,0.032367002065755886,24369.921479883087,1255.0532052579342,97.90974539985915,27.948646820338787,0.05326865107135694,6.822293654972005e-10
240,train_bus_ebike_mtv_ucb,berkeley_to_mtv_SF_express_bus/walk_downtown_urban_canyon_1,616,1.015901936064148,0.8359656347031728,0.1515508208543315,1878.9489034163878,102.88657190899643,8.573672234619725,0.6216434820477158,0.016301650188402822,1.060580868851958e-09
240,train_bus_ebike_mtv_ucb,berkeley_to_mtv_SF_express_bus/light_rail_below_above_ground_1,869,1.1473698556097034,0.9786147138947457,0.019144819487237057,713837.8147192749,7375.176753336669,184.37924697360577,9.157430492850557,0.0014522222293404667,8.145851430344032e-10
240,train_bus_ebike_mtv_ucb,berkeley_to_mtv_SF_express_bus/commuter_rail_with_tunnels_1,4797,1.1709937918704554,0.9974629494858669,0.018591093251114004,11013086.522539474,93598.84166260704,783.6701352334449,55.33244801145608,0.006717748399821202,7.999884506231548e-10
240,train_bus_ebike_mtv_ucb,berkeley_to_mtv_SF_express_bus/inner_suburb_downtown_walk_1,1188,1.0741179542130046,0.990482093698399,0.033000782960773314,98634501.9068676,222131.194684912,501.51396866333266,0.5017911473227349,6.014572165058884e-06,7.13358173776683e-10
240,train_bus_ebike_mtv_ucb,mtv_to_berkeley_sf_bart/walk_to_caltrain_2,874,1.1060416088779463,0.946898082048759,0.05662675466418566,2677.6533542376073,146.34884494227197,17.513709459342028,1.5002676436634903,0.04155779103008324,7.066114844795951e-10
240,train_bus_ebike_mtv_ucb,mtv_to_berkeley_sf_bart/commuter_rail_aboveground_2,2829,1.1762425625760404,0.9906587592087989,0.026191998673185484,5892194.309009249,56992.36853362005,919.2342055676581,79.363282998772,0.0032371219394324606,7.225986198398043e-10
240,train_bus_ebike_mtv_ucb,mtv_to_berkeley_sf_bart/subway_underground_2,3860,1.192435790475897,1.03878921460152,0.04345191904430923,inf,inf,inf,46.8225333842221,0.0,8.022390272317053e-10
240,train_bus_ebike_mtv_ucb,mtv_to_berkeley_sf_bart/walk_to_bus_2,223,1.010808397537759,0.9157830282006431,0.18258427331179264,259.56584201583917,25.956544005603487,3.2445807680988956,0.3225505488370776,0.03308700235130438,8.417568395528515e-10
240,train_bus_ebike_mtv_ucb,mtv_to_berkeley_sf_bart/city_bus_short_2,499,1.1780228118129996,0.9696751684918068,0.06365285676494548,24398.409746226745,1020.2469140915441,63.976679139932706,34.04426794040806,0.08149167759869493,6.4425497260919e-10
240,train_bus_ebike_mtv_ucb,walk_urban_university/walk_urban_university_2,780,1.096962151039883,0.9812923991353352,0.04234880136047729,8365.364921924702,347.8110833567834,21.738204396159944,1.1881545497137238,0.021146668861392614,8.783406312073868e-10
240,train_bus_ebike_mtv_ucb,berkeley_to_mtv_SF_express_bus/walk to the bikeshare location_2,1403,1.013147647205879,0.5911208907159484,0.4069804613565727,7809.694299351228,216.93501641932733,6.380416218969923,0.008916835528698753,9.321060821228252e-05,4.6000558237409036e-10
240,train_bus_ebike_mtv_ucb,berkeley_to_mtv_SF_express_bus/ebike_bikeshare_urban_long_2,1543,1.2001097191915584,0.9721646253185371,0.03169398136600144,20957.274615137223,819.9884636135582,63.577670733348775,24.07932415629435,0.17146218957049378,7.591327569011733e-10
240,train_bus_ebike_mtv_ucb,berkeley_to_mtv_SF_express_bus/express_bus_2,2365,1.202236324410241,0.9722390688267566,0.028242214317204972,12170.87340947639,638.5996356692673,70.36769724228549,54.34386432322962,0.1396192130001553,6.769007973500341e-10
240,train_bus_ebike_mtv_ucb,berkeley_to_mtv_SF_express_bus/walk_downtown_urban_canyon_2,564,1.0181713692785077,0.8545725373056228,0.14600350730562878,4274.54565796187,177.10313149809414,11.352757947065053,0.6758204937325543,0.014546155017675892,1.060580868851958e-09
240,train_bus_ebike_mtv_ucb,berkeley_to_mtv_SF_express_bus/light_rail_below_above_ground_2,1218,1.1034479510048696,0.9856850098321801,0.08354832776260727,2478442.452870828,19409.947766879544,235.75050335999936,11.548947469775163,0.0004365050004546781,8.145851430344032e-10
240,train_bus_ebike_mtv_ucb,berkeley_to_mtv_SF_express_bus/commuter_rail_with_tunnels_2,4793,1.1702608973273092,0.9958814879255747,0.03211729887136495,835295.7764536688,21959.25197185789,645.8577443162802,80.6475586138545,0.04252232640944955,7.999884506231548e-10
240,train_bus_ebike_mtv_ucb,berkeley_to_mtv_SF_express_bus/inner_suburb_downtown_walk_2,1193,1.074424960602365,0.999225053415692,0.04795684699060184,10899.240090463381,362.43602443513635,21.653678048791953,0.7558460300097197,0.00756322231136767,7.13358173776683e-10
240,train_bus_ebike_mtv_ucb,mtv_to_berkeley_sf_bart/walk_to_caltrain_3,949,1.0954065836165017,0.9247775335860994,0.0757216154615967,1449251391.4367971,1449491.7661202226,1449.1144427260535,2.135391119369273,1.3880769962140025e-06,7.066114844795951e-10
240,train_bus_ebike_mtv_ucb,mtv_to_berkeley_sf_bart/commuter_rail_aboveground_3,2639,1.1913622084675586,0.9955419539170262,0.02256989415285152,11356240.401176302,126673.07379107134,1473.6724153142627,71.25069235159599,0.0010392001789851905,7.225986198398043e-10
240,train_bus_ebike_mtv_ucb,mtv_to_berkeley_sf_bart/subway_underground_3,3868,1.1899452839988747,1.026620306372312,0.04874960038476791,inf,inf,inf,46.73344669511581,0.0,8.022390272317053e-10
240,train_bus_ebike_mtv_ucb,mtv_to_berkeley_sf_bart/walk_to_bus_3,309,1.0195085540598094,0.970627772562869,0.2992796181023534,6329.519312578135,212.488925218208,6.856867944537304,0.6178656844469941,0.007088863272343032,8.417568395528515e-10
240,train_bus_ebike_mtv_ucb,mtv_to_berkeley_sf_bart/city_bus_short_3,378,1.2526017169820336,0.9576853108313415,0.03378377185277651,4142.953903848488,314.0187060967351,37.11396659114383,27.816045696670344,0.11270601077059746,6.4425497260919e-10
240,train_bus_ebike_mtv_ucb,walk_urban_university/walk_urban_university_3,797,1.0942109175206816,0.9785787958304913,0.03862147976113899,12313323.15001362,49250.592756984785,196.2355283408609,2.075579857246379,0.00012938470165122564,8.783406312073868e-10
240,train_bus_ebike_mtv_ucb,berkeley_to_mtv_SF_express_bus/walk to the bikeshare location_3,519,1.0708071431547226,0.978993470273305,0.03700601124372408,228880336.92110357,343299.4144894544,512.2714147175191,1.2350972146828143,2.7851381781407964e-06,5.692611509058333e-10
240,train_bus_ebike_mtv_ucb,berkeley_to_mtv_SF_express_bus/ebike_bikeshare_urban_long_3,1586,1.1937928502189994,0.9822915822241656,0.027664793957965592,56348.5717674392,1070.625818124643,30.86305497344093,15.129634917495052,0.16906402649319738,7.481166846026598e-10
240,train_bus_ebike_mtv_ucb,berkeley_to_mtv_SF_express_bus/express_bus_3,2741,1.1612161764189428,0.9847156225628272,0.01668087531873391,44576.558704832496,1417.5964970030893,95.22832294519831,20.178484579185287,0.028147792079027133,7.342253319793175e-10
240,train_bus_ebike_mtv_ucb,berkeley_to_mtv_SF_express_bus/walk_downtown_urban_canyon_3,785,1.0121577735661518,0.8830102014317858,0.10751961789862412,7908353.176957459,28807.248352179344,105.10842927238991,3.952671669232275,0.00017705346991717135,8.02529976053429e-10
240,train_bus_ebike_mtv_ucb,berkeley_to_mtv_SF_express_bus/light_rail_below_above_ground_3,930,1.140471929943614,0.9856129629220856,0.028287174817367713,24437171.10314062,77726.3536205087,511.4863473917444,8.821359349350276,4.8676261128894745e-05,8.145851430344032e-10
240,train_bus_ebike_mtv_ucb,berkeley_to_mtv_SF_express_bus/commuter_rail_with_tunnels_3,3579,1.2425810516383924,0.9967363896666332,0.02751475825337328,inf,inf,inf,118.14162278731554,0.0,7.999884506231548e-10
240,train_bus_ebike_mtv_ucb,berkeley_to_mtv_SF_express_bus/inner_suburb_downtown_walk_3,1186,1.074666833186685,0.9956210324105003,0.03974772775432457,134967764.38504317,269947.60496190476,539.0024145005511,1.3009698075584943,1.1351393271138694e-05,7.13358173776683e-10
240,train_bus_ebike_mtv_ucb,mtv_to_berkeley_sf_bart/walk_to_caltrain_4,960,1.0936529756486262,0.9376241901172634,0.06364239614109067,340705.20577172714,5025.383782653046,76.42740462949081,3.136604741370685,0.0032062172433840568,7.066114844795951e-10
240,train_bus_ebike_mtv_ucb,mtv_to_berkeley_sf_bart/commuter_rail_aboveground_4,2716,1.184768680053126,0.99373213239174,0.032237446565217306,2225413.480626871,42269.237065559566,813.4212999168776,89.07209899586385,0.015939507213257056,7.225986198398043e-10
240,train_bus_ebike_mtv_ucb,mtv_to_berkeley_sf_bart/subway_underground_4,3882,1.1899937289785,1.0337481206158725,0.051637876973952584,inf,inf,inf,16.118081904877222,0.0,8.022390272317053e-10
240,train_bus_ebike_mtv_ucb,mtv_to_berkeley_sf_bart/walk_to_bus_4,318,1.017214138932621,0.9846260329363267,0.3083812856673508,1029912.5783026994,6179.385857519924,37.33631368526613,2.145629571593861,0.00051967179213558,8.417568395528515e-10
240,train_bus_ebike_mtv_ucb,mtv_to_berkeley_sf_bart/city_bus_short_4,344,1.2802506440922412,0.9679793970553906,0.04755556661265382,1842.0815216903911,185.18476822522854,37.14824772009973,24.59996530972258,0.1872692627611684,6.4425497260919e-10
240,train_bus_ebike_mtv_ucb,walk_urban_university/walk_urban_university_4,797,1.0943910708015385,0.9759469434765529,0.04986383356378043,775098.1287918943,8914.26843864815,101.34960911890896,1.9722701227795338,0.0011047402379488114,8.783406312073868e-10
240,train_bus_ebike_mtv_ucb,berkeley_to_mtv_SF_express_bus/walk to the bikeshare location_4,423,1.081873462146632,0.9757339130025251,0.03252413397510759,43554.96549513561,1200.0449901452862,35.04084663615427,1.641623416339003,0.009113115754216899,5.692611509058333e-10
240,train_bus_ebike_mtv_ucb,berkeley_to_mtv_SF_express_bus/ebike_bikeshare_urban_long_4,1297,1.2473953722311308,0.9896004625907594,0.026306103137409238,1419.8390386608705,193.76694457457143,34.692077580593526,22.099855117755244,0.35034590544184563,7.481166846026598e-10
240,train_bus_ebike_mtv_ucb,berkeley_to_mtv_SF_express_bus/express_bus_4,2768,1.1595518300253291,0.9747157004676398,0.022551468031725974,28656.16153489574,1056.4269292742947,82.68788767679857,22.395497701893376,0.060890359691358385,7.342253319793175e-10
240,train_bus_ebike_mtv_ucb,berkeley_to_mtv_SF_express_bus/walk_downtown_urban_canyon_4,687,1.0155550644716347,0.8680409604215221,0.12373774916571322,476574.2871182811,4686.315035488487,44.33814406565723,3.1068183766212156,0.001415510342169726,8.02529976053429e-10
240,train_bus_ebike_mtv_ucb,berkeley_to_mtv_SF_express_bus/light_rail_below_above_ground_4,978,1.1316995244750658,0.9762004634048554,0.033598595902322205,41337371.219580926,141869.85876203384,707.6402847727447,16.880962012144018,2.6115665538766154e-05,8.145851430344032e-10
240,train_bus_ebike_mtv_ucb,berkeley_to_mtv_SF_express_bus/commuter_rail_with_tunnels_4,4839,1.1691312469162367,0.9968915805502455,0.03569284342887911,141582.94355891127,5633.224433036462,354.6100411376862,76.97935192234762,0.0895922199071758,7.999884506231548e-10
240,train_bus_ebike_mtv_ucb,berkeley_to_mtv_SF_express_bus/inner_suburb_downtown_walk_4,1081,1.0827986868850388,0.9966288053274287,0.04725599698187916,208010.05842017938,3151.688227660616,64.4003318053266,1.1043357407971417,0.0017348780836390616,7.13358173776683e-10
240,train_bus_ebike_mtv_ucb,mtv_to_berkeley_sf_bart/walk_to_caltrain_5,953,1.0955377151487455,0.9487565568801912,0.057725635077007946,2046374.0204738416,18417.535726582348,164.2891833648062,2.339241480431558,0.0008020161160064149,7.066114844795951e-10
240,train_bus_ebike_mtv_ucb,mtv_to_berkeley_sf_bart/commuter_rail_aboveground_5,2913,1.1698908683633351,0.9963953555114579,0.03398391860120614,15398522.722388756,120334.44915241898,1382.1117797205952,83.69420916409827,0.0011613326122748512,7.225986198398043e-10
240,train_bus_ebike_mtv_ucb,mtv_to_berkeley_sf_bart/subway_underground_5,3900,1.1853006964856805,0.9926098903086541,0.024840442430267267,inf,inf,inf,8.80215263449399,0.0,8.022390272317053e-10
240,train_bus_ebike_mtv_ucb,mtv_to_berkeley_sf_bart/walk_to_bus_5,304,0.981224067490317,0.8824163210476238,0.275081972966545,3891.9872930102997,147.79383956192711,6.157974884508795,1.2405757555607992,0.0133314720426353,8.417568395528515e-10
240,train_bus_ebike_mtv_ucb,mtv_to_berkeley_sf_bart/city_bus_short_5,309,1.3267780084595318,0.9682903930443685,0.040695809414695146,70365.9251017636,2087.2504130486727,108.37112846433627,23.284794838341952,0.014672765423816847,6.4425497260919e-10
240,train_bus_ebike_mtv_ucb,walk_urban_university/walk_urban_university_5,826,1.0912703168849494,0.9421291304192584,0.04199304766873166,60330.12307293686,1476.9415691694446,37.34068144411305,1.8038221525204174,0.01112111511170747,8.783406312073868e-10
240,train_bus_ebike_mtv_ucb,berkeley_to_mtv_SF_express_bus/walk to the bikeshare location_5,356,1.1082698172397754,0.9969791596642373,0.04532214633936056,181.1230728561427,33.5108198161552,7.797667397967575,1.0560816624904903,0.13060633604651586,5.692611509058333e-10
240,train_bus_ebike_mtv_ucb,berkeley_to_mtv_SF_express_bus/ebike_bikeshare_urban_long_5,1414,1.2221166437991446,0.9450685497599555,0.05051760034366362,4160.008510424994,274.7778073900944,36.00196972725621,22.167547147553137,0.22579836101034267,7.481166846026598e-10
240,train_bus_ebike_mtv_ucb,berkeley_to_mtv_SF_express_bus/express_bus_5,2381,1.1901073489375285,0.9672676801054748,0.03130540069734831,29300.98323411845,1546.3209923242562,110.44853014397417,39.62818156992872,0.06289874535429733,7.342253319793175e-10
240,train_bus_ebike_mtv_ucb,berkeley_to_mtv_SF_express_bus/walk_downtown_urban_canyon_5,652,1.0130380518125965,0.8750108211175981,0.12039522392531701,1258819.9907408957,8937.101240664413,65.06174414810172,2.3049237022464233,0.0005855717265948033,8.02529976053429e-10
240,train_bus_ebike_mtv_ucb,berkeley_to_mtv_SF_express_bus/light_rail_below_above_ground_5,799,1.1549854912682338,0.9736099643277499,0.021941972004401105,985577.0749813459,11438.63422301707,229.76279084110678,9.597893815498344,0.0007953245572181327,8.145851430344032e-10
240,train_bus_ebike_mtv_ucb,berkeley_to_mtv_SF_express_bus/commuter_rail_with_tunnels_5,4252,1.1966217433545243,0.9952035472579681,0.023326300483583418,676640.6655731772,18738.63413376065,661.5329761799205,80.37332458774445,0.03977615883577754,7.999884506231548e-10
240,train_bus_ebike_mtv_ucb,berkeley_to_mtv_SF_express_bus/inner_suburb_downtown_walk_5,1063,1.0837897723786443,0.9964671672294578,0.049945147447710295,3593.7056800776845,223.718960171491,17.04283879693756,1.011892046962661,0.049889147029250215,7.13358173776683e-10
240,train_bus_ebike_mtv_ucb,mtv_to_berkeley_sf_bart/walk_to_caltrain_6,945,1.0943668186564532,0.9533283105384409,0.047723252499325464,199887.1047311748,3601.282806113634,63.72786630892653,2.888203895490406,0.004553186201177164,7.066114844795951e-10
240,train_bus_ebike_mtv_ucb,mtv_to_berkeley_sf_bart/commuter_rail_aboveground_6,2858,1.1744875279132865,0.9967845085208109,0.03158054795540488,802029.5135096896,21699.347999129266,619.3247791385633,87.84024135234675,0.03238951463776403,7.225986198398043e-10
240,train_bus_ebike_mtv_ucb,mtv_to_berkeley_sf_bart/subway_underground_6,3901,1.1888153695217625,0.99672960537171,0.013672434863613886,inf,inf,inf,50.32008917974834,0.0,8.022390272317053e-10
240,train_bus_ebike_mtv_ucb,mtv_to_berkeley_sf_bart/walk_to_bus_6,292,1.0112037324657515,0.9349428917605862,0.2616957275117698,5034.878083226305,178.31815705984374,6.955706983529651,0.2495215507199599,0.0024507922908454083,8.417568395528515e-10
240,train_bus_ebike_mtv_ucb,mtv_to_berkeley_sf_bart/city_bus_short_6,366,1.1933310208133237,0.9748670505957341,0.03749487842903497,5727.653631042942,304.4102342148815,34.429624293824354,42.57682059303005,0.1730129973370038,6.922048303980974e-10
240,train_bus_ebike_mtv_ucb,walk_urban_university/walk_urban_university_6,824,1.0908826258836604,0.9685104095024464,0.05569646214687014,29118.9923374822,873.0823791001008,25.42935331052688,1.621782949451964,0.015449357136950944,8.783406312073868e-10
240,train_bus_ebike_mtv_ucb,berkeley_to_mtv_SF_express_bus/walk to the bikeshare location_6,431,1.0867783565118991,0.9949695450921687,0.044052559149501916,10163.502709329961,386.8001960556364,23.04791418903399,1.1207515062947169,0.013145031665851965,5.692611509058333e-10
240,train_bus_ebike_mtv_ucb,berkeley_to_mtv_SF_express_bus/ebike_bikeshare_urban_long_6,1513,1.205552394831096,0.975957340903005,0.02928205105852851,2958.342526730711,197.5511109248511,30.72478725343041,19.377145947059798,0.26585811911564783,7.481166846026598e-10
240,train_bus_ebike_mtv_ucb,berkeley_to_mtv_SF_express_bus/express_bus_6,2422,1.186775116729081,0.9642763592661338,0.0609074520613112,35368.88595196258,1662.0513739984278,110.16597232214538,49.450127334940994,0.05508479844083228,7.342253319793175e-10
240,train_bus_ebike_mtv_ucb,berkeley_to_mtv_SF_express_bus/walk_downtown_urban_canyon_6,666,1.0171660376133402,0.8967588940019285,0.11244874447144966,404334.05867802416,4244.037885561251,43.03560922047624,0.8636806307983882,0.0006001904602024148,8.02529976053429e-10
240,train_bus_ebike_mtv_ucb,berkeley_to_mtv_SF_express_bus/light_rail_below_above_ground_6,941,1.1402625530901338,0.9886624811705397,0.023775988287386324,1837251.2259175745,17130.54917009308,234.37426480430722,11.516253055327674,0.0005719338666552434,8.145851430344032e-10
240,train_bus_ebike_mtv_ucb,berkeley_to_mtv_SF_express_bus/commuter_rail_with_tunnels_6,4217,1.1988857076704018,0.9971460732473327,0.02131427576406087,316640753.8027288,783151.8765366309,3942.215476176292,75.75350856114693,3.3090722690422456e-05,7.999884506231548e-10
240,train_bus_ebike_mtv_ucb,berkeley_to_mtv_SF_express_bus/inner_suburb_downtown_walk_6,1188,1.0738826255310765,0.9944354075597653,0.03708383844261321,549180.8753035755,6452.759262443433,74.72769427987852,1.465307896153462,0.0012228537854526683,7.13358173776683e-10
240,train_bus_ebike_mtv_ucb,mtv_to_berkeley_sf_bart/walk_to_caltrain_7,1068,1.0828504778722483,0.9144186655761695,0.08411348100912373,2105645.7509524976,17897.895716049043,153.46431323296937,3.145991712955199,0.0006614408548169314,7.066114844795951e-10
240,train_bus_ebike_mtv_ucb,mtv_to_berkeley_sf_bart/commuter_rail_aboveground_7,2786,1.1797285620215774,0.9958049622479955,0.023013108548587905,26272.611761121014,1316.924008657323,156.98389842988075,80.25151464376924,0.12855378605076084,7.225986198398043e-10
240,train_bus_ebike_mtv_ucb,mtv_to_berkeley_sf_bart/subway_underground_7,3898,1.1883839249300352,1.0091333551411643,0.022662291689761735,380138965.0588175,745586.9748919143,3010.655994573105,17.886441237913708,1.906814462974583e-05,8.022390272317053e-10
240,train_bus_ebike_mtv_ucb,mtv_to_berkeley_sf_bart/walk_to_bus_7,295,1.0189141518045253,0.9506474755933385,0.2050573545089659,239015.8736286983,2390.1158087450094,24.38891310594967,0.1738394724765937,6.323766236683105e-05,8.417568395528515e-10
240,train_bus_ebike_mtv_ucb,mtv_to_berkeley_sf_bart/city_bus_short_7,304,1.2541401479273258,0.9613654608451583,0.05147760548891027,4478.182058932804,304.18954029009564,36.92467318080813,43.38406899196883,0.1549436342435533,6.922048303980974e-10
240,train_bus_ebike_mtv_ucb,walk_urban_university/walk_urban_university_7,851,1.0885569421297292,0.9814220233741067,0.06501493216222028,61444.952329662774,1584.9474763163032,42.33888438264078,2.20893088665485,0.01021788667771754,8.783406312073868e-10
240,train_bus_ebike_mtv_ucb,berkeley_to_mtv_SF_express_bus/walk to the bikeshare location_7,442,1.087033213507231,0.9635872202208832,0.027801653371958085,13534.608730511196,545.3348606391,24.230133255332746,1.821388456929666,0.022796497279095985,5.692611509058333e-10
240,train_bus_ebike_mtv_ucb,berkeley_to_mtv_SF_express_bus/ebike_bikeshare_urban_long_7,1343,1.2367271889777305,0.9874880955559338,0.024172624599621023,1731.7983108240503,157.18050642863855,31.436395768002498,22.315763413213297,0.36633243641485147,7.481166846026598e-10
240,train_bus_ebike_mtv_ucb,berkeley_to_mtv_SF_express_bus/express_bus_7,2349,1.1936553641922936,0.9806114499367824,0.026682719669457337,394839.6754012647,10663.883991034296,293.0531236393193,31.33489325550301,0.05920928666107978,7.39791657760347e-10
240,train_bus_ebike_mtv_ucb,berkeley_to_mtv_SF_express_bus/walk_downtown_urban_canyon_7,659,1.0180392949626504,0.8991215431677726,0.1007217963232349,2806992.4245167184,15204.006190027867,84.03731702787151,0.5397324381584828,5.4841915485992846e-05,8.02529976053429e-10
240,train_bus_ebike_mtv_ucb,berkeley_to_mtv_SF_express_bus/light_rail_below_above_ground_7,885,1.1425299957631614,0.9820353397242455,0.043248185300691515,864892903.6190034,1297243.964853561,1945.5237461575227,9.652834684984656,9.782250578962498e-06,8.145851430344032e-10
240,train_bus_ebike_mtv_ucb,berkeley_to_mtv_SF_express_bus/commuter_rail_with_tunnels_7,3506,1.249000021152574,0.9924621779371767,0.025841138505794822,539694.5818121586,17523.27237714887,582.1196648412671,100.77899386765199,0.08929467904691095,7.999884506231548e-10
240,train_bus_ebike_mtv_ucb,berkeley_to_mtv_SF_express_bus/inner_suburb_downtown_walk_7,1183,1.0749632752668052,0.9963359381452505,0.04956925995294613,2268050.71431905,18143.672329751418,145.93432054684897,0.9135419197440737,0.00044633536593628037,7.13358173776683e-10
240,train_bus_ebike_mtv_ucb,mtv_to_berkeley_sf_bart/walk_to_caltrain_8,930,1.0969774543749897,0.9267776133784803,0.07336138659162932,663547.3952143406,7962.12928365248,96.77187418089632,1.9041301914473017,0.0023538450276678223,7.066114844795951e-10
240,train_bus_ebike_mtv_ucb,mtv_to_berkeley_sf_bart/commuter_rail_aboveground_8,2857,1.1743145902344905,0.9948999944135437,0.04137664431487875,96553.3552034669,3754.305555646194,252.9731592809138,88.69438869977492,0.09810294255486174,7.225986198398043e-10
240,train_bus_ebike_mtv_ucb,mtv_to_berkeley_sf_bart/subway_underground_8,3959,1.1866120443423807,0.9993537940834503,0.04207335718964002,inf,inf,inf,26.72756027488719,0.0,8.022390272317053e-10
240,train_bus_ebike_mtv_ucb,mtv_to_berkeley_sf_bart/walk_to_bus_8,310,1.0141673616511007,0.9858767349816652,0.19275072401409982,5574.000312815595,169.88263356864775,7.9803644750818,0.15670967055855772,0.00200740869811617,8.417568395528515e-10
240,train_bus_ebike_mtv_ucb,mtv_to_berkeley_sf_bart/city_bus_short_8,301,1.253930808086201,0.9634151161627574,0.042273572876940925,5867.094609336127,394.3890422965516,55.26352269456987,36.23437129196189,0.19712467277495552,6.922048303980974e-10
240,train_bus_ebike_mtv_ucb,walk_urban_university/walk_urban_university_8,875,1.0849693539532443,0.9809342046091587,0.04923940479599914,6600.255375076512,328.87399680638066,18.013032571218947,1.1102861084044293,0.02744275565686507,8.783406312073868e-10
240,train_bus_ebike_mtv_ucb,berkeley_to_mtv_SF_express_bus/walk to the bikeshare location_8,408,1.09519981998664,0.9975105393995395,0.041615244257370544,593.6822638840581,44.55248757018765,5.911374326139547,1.3582252035120121,0.1586730568961051,5.692611509058333e-10
240,train_bus_ebike_mtv_ucb,berkeley_to_mtv_SF_express_bus/ebike_bikeshare_urban_long_8,1518,1.2048345218974925,0.9714045497468168,0.029565271545696603,37196.31191848644,1489.3326389186107,70.3333640265498,19.382038405206274,0.1844273444286207,7.481166846026598e-10
240,train_bus_ebike_mtv_ucb,berkeley_to_mtv_SF_express_bus/express_bus_8,2592,1.1717501324029564,0.9801209804124913,0.021698890389093402,152121367626.88702,55309549.402055666,20111.596856573797,24.64476954224592,4.197679104522199e-07,7.39791657760347e-10
240,train_bus_ebike_mtv_ucb,berkeley_to_mtv_SF_express_bus/walk_downtown_urban_canyon_8,600,1.016174717026029,0.8706328372730409,0.12572827077401022,24674.208236142953,664.4516568010526,18.619057413150472,4.64896572331329,0.018655522299922553,8.02529976053429e-10
240,train_bus_ebike_mtv_ucb,berkeley_to_mtv_SF_express_bus/light_rail_below_above_ground_8,778,1.163861941862176,0.9731012924040112,0.025805419379475645,20137.882384627104,986.5230944158409,69.38207017608171,11.933266723662186,0.02061064824138432,8.145851430344032e-10
240,train_bus_ebike_mtv_ucb,berkeley_to_mtv_SF_express_bus/commuter_rail_with_tunnels_8,3844,1.2228946151617601,0.9960682839241618,0.019691146673457862,496623.2762639258,13948.681395005235,609.7775375790857,84.67132479369859,0.04350928536473301,7.999884506231548e-10
240,train_bus_ebike_mtv_ucb,berkeley_to_mtv_SF_express_bus/inner_suburb_downtown_walk_8,1209,1.0728011476574286,0.983281753693659,0.05269989630843635,55681.241192169095,1450.3233645460398,34.22559899281935,1.1326855463090009,0.01066265415589236,7.13358173776683e-10
240,train_bus_ebike_mtv_ucb,mtv_to_berkeley_sf_bart/walk_to_caltrain_9,945,1.0954605058009415,0.9262476152245765,0.0719996843508821,232236.54172962395,3946.100681428389,66.27124732485285,3.2060538094292212,0.00519485844048591,7.066114844795951e-10
240,train_bus_ebike_mtv_ucb,mtv_to_berkeley_sf_bart/commuter_rail_aboveground_9,2690,1.1877978720363205,0.9957847389990933,0.029642050649719653,143227.5640677289,4240.865121314606,265.0478223515626,104.52540898998211,0.0978042061241078,7.225986198398043e-10
240,train_bus_ebike_mtv_ucb,mtv_to_berkeley_sf_bart/subway_underground_9,3904,1.1885711762327678,0.9656947101273081,0.02459776739169111,inf,inf,inf,26.935307531417667,0.0,8.022390272317053e-10
240,train_bus_ebike_mtv_ucb,mtv_to_berkeley_sf_bart/walk_to_bus_9,295,1.019113170507507,0.967816824894655,0.23570741468444018,2279.1775668119994,104.84217643709577,5.726354119417023,0.1772993881376969,0.0031780891984174563,8.417568395528515e-10
240,train_bus_ebike_mtv_ucb,mtv_to_berkeley_sf_bart/city_bus_short_9,363,1.1985066607877144,0.9684675103075837,0.03793677330555273,3475.729966867839,332.42702010314974,34.40908782244224,27.69774023435147,0.12530949786186155,6.922048303980974e-10
240,train_bus_ebike_mtv_ucb,walk_urban_university/walk_urban_university_9,836,1.0882309682362954,0.972367234974945,0.0356040666730273,94687.46786077578,1939.9551294284813,38.6653181448535,1.041934632100967,0.0056797919119497735,8.783406312073868e-10
240,train_bus_ebike_mtv_ucb,berkeley_to_mtv_SF_express_bus/walk to the bikeshare location_9,432,1.0891073388656758,0.9907867486070506,0.03702631527957419,282416349.4197524,423663.4896562573,637.386309215406,1.5872986594858043,2.4255533038682204e-06,5.692611509058333e-10
240,train_bus_ebike_mtv_ucb,berkeley_to_mtv_SF_express_bus/ebike_bikeshare_urban_long_9,1623,1.1880278651697171,0.9920376642687037,0.06490806509489877,153484.90355682978,4527.543700657987,128.69816676959124,21.06721238156942,0.08272438905728935,7.481166846026598e-10
240,train_bus_ebike_mtv_ucb,berkeley_to_mtv_SF_express_bus/express_bus_9,2317,1.1963551615332029,0.9767409593611139,0.031104837240793645,36423.72983705722,1376.1334760047544,106.77553400262478,41.82968834341131,0.07286499044174825,7.342253319793175e-10
240,train_bus_ebike_mtv_ucb,berkeley_to_mtv_SF_express_bus/walk_downtown_urban_canyon_9,690,1.013759196669441,0.8583053446939868,0.13430097522534495,3517.8597397523617,161.7012191327005,10.469951213081636,0.7419878012262724,0.009504158971214314,8.02529976053429e-10
240,train_bus_ebike_mtv_ucb,berkeley_to_mtv_SF_express_bus/light_rail_below_above_ground_9,1170,1.1071992676153348,0.9784341038359585,0.04469117412943585,11092804.134770073,72093.54360482891,469.21573903948786,4.3913235524189975,7.997036330256951e-05,8.145851430344032e-10
240,train_bus_ebike_mtv_ucb,berkeley_to_mtv_SF_express_bus/commuter_rail_with_tunnels_9,3566,1.2440506096065116,0.9897726116776953,0.03799472147896183,8150889.477032983,118189.04786049566,1764.9416846979764,117.9707903420848,0.006419145327116354,7.999884506231548e-10
240,train_bus_ebike_mtv_ucb,berkeley_to_mtv_SF_express_bus/inner_suburb_downtown_walk_9,1229,1.0715652742027313,0.9910376843566993,0.04739412992092067,259746219.9021225,389591.29554540245,583.4694335656098,1.1318487961290855,5.338214274944719e-06,7.13358173776683e-10
240,train_bus_ebike_mtv_ucb,mtv_to_berkeley_sf_bart/walk_to_caltrain_10,1038,1.0871036742378968,0.9119518405378026,0.08618130993992668,2037743.2845013582,16302.843333535538,129.38981840459513,2.3212135966682492,0.0006843410828731327,7.066114844795951e-10
240,train_bus_ebike_mtv_ucb,mtv_to_berkeley_sf_bart/commuter_rail_aboveground_10,2748,1.1834306999310864,0.9936895104697325,0.025380160478978772,473082.89112969267,14429.110326894453,468.6799942294795,81.99371740350554,0.08004583079441281,7.225986198398043e-10
240,train_bus_ebike_mtv_ucb,mtv_to_berkeley_sf_bart/subway_underground_10,4979,1.1426694546365235,1.0351020680673497,0.13688337431924086,inf,inf,inf,19.95457962489542,0.0,8.022390272317053e-10
240,train_bus_ebike_mtv_ucb,mtv_to_berkeley_sf_bart/walk_to_bus_10,294,1.0074662019875977,0.9601579949336105,0.17558123049203397,502321.0226760455,4081.391721318255,30.041756436358217,0.16014692016668985,4.4688276913764634e-05,8.417568395528515e-10
240,train_bus_ebike_mtv_ucb,mtv_to_berkeley_sf_bart/city_bus_short_10,431,1.16755667949454,0.9880756641459634,0.053501621270987516,4867.668005552524,265.33111718204833,29.481203613794108,35.92562171893986,0.13330182274510094,6.922048303980974e-10
240,train_bus_ebike_mtv_ucb,walk_urban_university/walk_urban_university_10,789,1.0955791838281446,0.9825069780818352,0.03980815691262191,27896.65279527949,826.7913201111201,30.31664041846014,1.197352731457539,0.009176824479887843,8.783406312073868e-10
240,train_bus_ebike_mtv_ucb,berkeley_to_mtv_SF_express_bus/walk to the bikeshare location_10,389,1.1009268787162443,0.9976294762960949,0.032629798372270785,148147.65571108172,2592.6073098852867,60.07479165929993,1.055736880584314,0.002099484668426422,5.692611509058333e-10
240,train_bus_ebike_mtv_ucb,berkeley_to_mtv_SF_express_bus/ebike_bikeshare_urban_long_10,1465,1.2137480054438836,0.9552866595604165,0.04228017212886254,5197.671442656646,406.6231925727215,44.96760653822428,20.22870489284168,0.2150068422561231,7.481166846026598e-10
240,train_bus_ebike_mtv_ucb,berkeley_to_mtv_SF_express_bus/express_bus_10,2907,1.1508506121901214,0.987737819587934,0.01613238117929464,15158.647334032816,1032.584194926904,77.06152297541989,19.351585245418296,0.058212452143980416,7.342253319793175e-10
240,train_bus_ebike_mtv_ucb,berkeley_to_mtv_SF_express_bus/walk_downtown_urban_canyon_10,617,1.0165926738972977,0.8766866170434947,0.12263742617717109,57492.558848474255,1207.3384724420284,23.276214702201173,3.293891004809006,0.011394074054237105,8.02529976053429e-10
240,train_bus_ebike_mtv_ucb,berkeley_to_mtv_SF_express_bus/light_rail_below_above_ground_10,1016,1.127149574065417,0.9822516343263733,0.08334735662329999,23548846.65677209,75136.05301358317,556.9857125819832,16.480927910322634,5.119142252575314e-05,8.145851430344032e-10
240,train_bus_ebike_mtv_ucb,berkeley_to_mtv_SF_express_bus/commuter_rail_with_tunnels_10,3474,1.2523900326900481,0.9981999522418549,0.03291809879330618,2732923.723493409,57391.79956186678,1258.075774063153,114.99390213526411,0.01768623004958929,7.999884506231548e-10
240,train_bus_ebike_mtv_ucb,berkeley_to_mtv_SF_express_bus/inner_suburb_downtown_walk_10,1179,1.0747560040646835,0.9973591431097055,0.047694359359724436,7945530.03494941,39726.658147975824,199.5337776411096,1.3928311484885385,0.00010238081533535256,7.13358173776683e-10
240,train_bus_ebike_mtv_ucb,mtv_to_berkeley_sf_bart/walk_to_caltrain_11,965,1.094029028569406,0.8877518382759892,0.11566623128023519,8950619.956901249,44876.13054186836,223.56952803484535,5.7852493520355495,0.00044625449668036826,7.066114844795951e-10
240,train_bus_ebike_mtv_ucb,mtv_to_berkeley_sf_bart/commuter_rail_aboveground_11,2641,1.191807419256405,0.9962415610836289,0.023115251718221326,411219.99097278324,7802.780045015862,294.7056778934557,82.07816312364984,0.08155993242587173,7.225986198398043e-10
240,train_bus_ebike_mtv_ucb,mtv_to_berkeley_sf_bart/subway_underground_11,3895,1.1895220355329692,1.0944943617826148,0.09664521801291957,inf,inf,inf,27.895596063333898,0.0,8.022390272317053e-10
240,train_bus_ebike_mtv_ucb,mtv_to_berkeley_sf_bart/walk_to_bus_11,269,1.022172695978457,0.9453505747243379,0.1448692548881331,150147.1498843858,1706.1622883414536,19.52424837678539,0.09540336318992271,8.341648283918683e-05,6.946654363854002e-10
240,train_bus_ebike_mtv_ucb,mtv_to_berkeley_sf_bart/city_bus_short_11,349,1.2942963962744682,0.9760714196151574,0.05124048530907301,6832.259434418619,377.12884453288433,41.359783480660916,48.876172605188835,0.11890713785801445,5.848063484045086e-10
240,train_bus_ebike_mtv_ucb,walk_urban_university/walk_urban_university_11,898,1.082627071163376,0.9780524145311084,0.0708027827298315,7521352.95540505,33842.223220852604,153.15559074697018,1.5084112371130778,0.00010677189042127949,8.783406312073868e-10
240,train_bus_ebike_mtv_ucb,berkeley_to_mtv_SF_express_bus/walk to the bikeshare location_11,423,1.0893560635539665,0.9941146781438323,0.035014192496107,32980079.72251671,98925.92313973974,318.6906262582812,0.8934265734277588,5.940246913391279e-06,5.692611509058333e-10
240,train_bus_ebike_mtv_ucb,berkeley_to_mtv_SF_express_bus/ebike_bikeshare_urban_long_11,1572,1.1946581044930873,0.983964661084381,0.0251590605876177,39067505630966.85,1676595458.8610291,71957.8474573358,14.90408743923593,2.9819083363691443e-10,7.481166846026598e-10
240,train_bus_ebike_mtv_ucb,berkeley_to_mtv_SF_express_bus/express_bus_11,2600,1.1716686141905124,0.9872640617240812,0.015303431318898697,20669.86743749193,869.7157268117592,79.95308527273917,23.845918748681868,0.0799510727150246,7.39791657760347e-10
240,train_bus_ebike_mtv_ucb,berkeley_to_mtv_SF_express_bus/walk_downtown_urban_canyon_11,620,1.0169665537221642,0.9023590129934524,0.08896429292473218,17253.025918015133,509.48800569214757,16.349489940442794,0.4859093645519687,0.005208023070675017,8.02529976053429e-10
240,train_bus_ebike_mtv_ucb,berkeley_to_mtv_SF_express_bus/light_rail_below_above_ground_11,799,1.164821429029239,0.9773907239790934,0.025089073824092662,77546597.35924853,208415.33347969796,963.7081248541266,11.365583162729118,7.381664351049781e-06,8.145851430344032e-10
240,train_bus_ebike_mtv_ucb,berkeley_to_mtv_SF_express_bus/commuter_rail_with_tunnels_11,4175,1.2011570291671751,0.9947014048828043,0.02386681041982883,3743850.8149304297,65459.6155962335,1151.5688548060527,91.06871694374597,0.025291190327111905,7.999884506231548e-10
240,train_bus_ebike_mtv_ucb,berkeley_to_mtv_SF_express_bus/inner_suburb_downtown_walk_11,1255,1.069626844596422,0.9967567846870805,0.04521978205421708,2089.1905871400054,148.0015326848795,12.030731924979266,0.7716500209523344,0.05486131653173928,7.13358173776683e-10
