speed_threshold,timeline,sec_name,n_points,coverage_density,coverage_time,coverage_max_gap,max_jerk,max_acceleration,max_speed,median_jerk,mean_median_jerk_ratio,gt_error
40,unimodal_trip_car_bike_mtv_la,suburb_city_driving_weekend/suburb_city_driving_weekend_0,817,1.098848383130938,0.9700915603065949,0.037970841603085406,1119740145.2349873,565703.3029303766,1634.3047158073439,27.607674772021472,8.317840288232537e-06,4.738408267387402e-10
40,unimodal_trip_car_bike_mtv_la,suburb_bicycling/suburb_bicycling_0,1270,1.090673815030576,0.9580621052560497,0.0635935772539801,121758679.56518167,67226.7337772309,457.41750016937294,9.512035906370585,6.264186114756584e-05,8.120676155485603e-10
40,unimodal_trip_car_bike_mtv_la,suburb_city_driving_weekend/suburb_city_driving_weekend_1,702,1.1204151607274049,0.9599372367654447,0.033096859281151504,138209884.1805783,174499.23044177843,1267.3880497002156,21.520300636010024,4.1409885941186274e-05,4.738408267387402e-10
40,unimodal_trip_car_bike_mtv_la,suburb_bicycling/suburb_bicycling_1,1333,1.0865440468217906,0.9603284119928406,0.08203261450035328,1567907338.242376,183031.78728334059,273.13074728667056,7.690555659170312,6.378883713572937e-06,8.120676155485603e-10
40,unimodal_trip_car_bike_mtv_la,suburb_city_driving_weekend/suburb_city_driving_weekend_2,709,1.1203633280456395,0.9426534217583572,0.056158333134657595,107268021676.16371,8081616.220231289,1542.1355858524587,35.144262179388186,2.2622523616225637e-07,4.738408267387402e-10
40,unimodal_trip_car_bike_mtv_la,suburb_bicycling/suburb_bicycling_2,1266,1.0907908605848842,0.9490072783690476,0.05636993620780988,82657963.94858654,86112.1566023061,266.2690382334991,7.7731382957884545,6.740683960896854e-05,8.120676155485603e-10
40,unimodal_trip_car_bike_mtv_la,suburb_city_driving_weekend/suburb_city_driving_weekend_3,853,1.096423610480842,0.9395717252729129,0.0635864874342824,346561886.7198311,165650.13987848556,1108.99470483696,41.64981286121651,5.7610854977530945e-05,4.738408267387402e-10
40,unimodal_trip_car_bike_mtv_la,suburb_bicycling/suburb_bicycling_3,1320,1.086322270184237,0.9517646181791964,0.06289308584813252,3985306.6679644776,19165.43636613541,214.31482730716326,5.8469559334224845,0.0004149575262074337,8.120676155485603e-10
40,unimodal_trip_car_bike_mtv_la,suburb_city_driving_weekend/suburb_city_driving_weekend_4,773,1.1091294442919983,0.9641608177418172,0.04053360486693704,467353580253.9678,6173597.363247915,744.921476612451,12.781965321335248,2.1132321755332062e-08,4.738408267387402e-10
40,unimodal_trip_car_bike_mtv_la,suburb_bicycling/suburb_bicycling_4,1285,1.088549737875304,0.9544168011452638,0.07158101997980529,1613644365.770075,333141.2756854585,618.2426850309922,9.41003683030274,3.830438099064714e-06,8.120676155485603e-10
40,unimodal_trip_car_bike_mtv_la,suburb_city_driving_weekend/suburb_city_driving_weekend_5,859,1.0962978341933842,0.947500146977833,0.04901716552205319,82377160.263422,211791.66753378703,1190.6332135866214,17.4226457618778,3.6158316802195854e-05,4.738408267387402e-10
40,unimodal_trip_car_bike_mtv_la,suburb_bicycling/suburb_bicycling_5,1297,1.087267374828877,0.9511532922189674,0.05629829668993864,247928164.24669668,136307.3325610934,279.47052062544486,8.01013556806341,2.0788984057936478e-05,8.120676155485603e-10
40,car_scooter_brex_san_jose,freeway_driving_weekday/freeway_driving_weekday_0,1976,1.1924318924647042,0.986200062546549,0.019042297964298214,151112081609.92465,20535947.69653181,8541.95710011262,342.25200204654584,2.1994167109389215e-06,6.829429384774533e-10
40,car_scooter_brex_san_jose,bus trip with e-scooter access/city_escooter_0,1257,1.0417459760772478,0.9934683706131537,0.01802533834299065,4935907.724448558,43476.634445259006,502.0547502537558,6.605875227317612,0.0002678208860345418,6.416257647001624e-10
40,car_scooter_brex_san_jose,bus trip with e-scooter access/city_bus_rapid_transit_0,2745,1.163389687407169,0.9947987035337477,0.017757948316097772,35826754391.972404,6355086.317133674,4347.933272225148,509.8417355481122,1.1016249802232931e-05,6.217521112241125e-10
40,car_scooter_brex_san_jose,bus trip with e-scooter access/walk_back_from_bus_0,681,1.0434291626958394,0.9258487644796837,0.07470599177756035,56351.267981679404,567.5493244519706,31.223425744851525,1.005722590030597,0.005238185166687134,1.0612213331756848e-09
40,car_scooter_brex_san_jose,freeway_driving_weekday/freeway_driving_weekday_1,2032,1.18607065311847,0.9989970414600045,0.02626011114855976,84229162225.61896,5705626.6266704295,6065.473985767344,91.79615426411111,1.194216855448016e-06,6.829429384774533e-10
40,car_scooter_brex_san_jose,bus trip with e-scooter access/city_escooter_1,1236,1.0421526434890436,0.9896638012925421,0.021972043337679874,2230641144.4941573,2452248.3516314058,2699.7649082444364,8.970730523915886,4.92454835502376e-06,6.416257647001624e-10
40,car_scooter_brex_san_jose,bus trip with e-scooter access/city_bus_rapid_transit_1,2925,1.1515806544825775,0.9977417513851562,0.017029843354739588,96223493399.39684,8396581.646831073,12192.169554162947,579.5201631973832,5.7874996745982995e-06,6.217521112241125e-10
40,car_scooter_brex_san_jose,bus trip with e-scooter access/walk_back_from_bus_1,640,1.0474594139929772,0.9271520992138511,0.06463661490948798,38091.55802196029,1114.4063409175146,45.87924241969028,0.5322444954284278,0.0013473062910655345,1.0612213331756848e-09
40,car_scooter_brex_san_jose,freeway_driving_weekday/freeway_driving_weekday_2,1749,1.2237778381016993,0.9871036262267631,0.015043579031537267,66810161371.815636,11218340.202315893,16758.635545865138,663.8706905761559,4.302378807370095e-06,6.829429384774533e-10
40,car_scooter_brex_san_jose,bus trip with e-scooter access/city_escooter_2,1290,1.0406209181335506,0.9928261488319278,0.03731205112142282,6197281254.395787,353139.4009685597,309.0273974170241,10.028815998234567,2.0673823713822986e-06,6.416257647001624e-10
40,car_scooter_brex_san_jose,bus trip with e-scooter access/city_bus_rapid_transit_2,2622,1.1715913850747546,0.995985649197777,0.01986699263819206,18494387351567.406,189604456.44463024,6431.580338133334,701.8158727555324,9.843319193861714e-08,6.217521112241125e-10
40,car_scooter_brex_san_jose,bus trip with e-scooter access/walk_back_from_bus_2,620,1.0473522634796832,0.9180210011845933,0.07929141562651666,524584.4026437964,4973.660022367422,122.83702766808042,1.0548423022735907,0.00032744913221907206,1.0612213331756848e-09
40,car_scooter_brex_san_jose,freeway_driving_weekday/freeway_driving_weekday_3,1937,1.1965186374991097,0.9871808062998835,0.02425486208766065,618669003291.676,48823221.12023171,6874.942172113815,290.63085632415374,8.398769664863377e-07,6.829429384774533e-10
40,car_scooter_brex_san_jose,bus trip with e-scooter access/city_escooter_3,1403,1.0364829551693713,0.9954817042194246,0.05983833883575363,5862011.8593924465,48897.991985684974,536.5188304094216,11.201186999192082,0.00035800306956097966,6.416257647001624e-10
40,car_scooter_brex_san_jose,bus trip with e-scooter access/city_bus_rapid_transit_3,2456,1.18540429586999,0.9963241420773334,0.02113861871733805,301057383817.27966,19451772.408788953,3534.3239950524576,808.7960716081316,4.9348606075535385e-06,6.217521112241125e-10
40,car_scooter_brex_san_jose,bus trip with e-scooter access/walk_back_from_bus_3,648,1.0461283993757509,0.9351360110491609,0.06417141490468298,3320071.7379125636,22433.98190841253,258.0964325142359,0.805916350874217,4.523815884315561e-05,1.0612213331756848e-09
40,car_scooter_brex_san_jose,freeway_driving_weekday/freeway_driving_weekday_4,2006,1.1885208914580028,0.9820496388858354,0.031262306621350974,232693382649.28052,19140100.485485382,11219.461870678073,115.30602776617383,5.061827928294829e-07,6.829429384774533e-10
40,car_scooter_brex_san_jose,bus trip with e-scooter access/city_escooter_4,1310,1.039620183988995,0.9856522397300649,0.040870305267711717,448826894.6863434,246554.9611059299,461.304553668377,8.904339238996002,1.4681499647294271e-05,6.416257647001624e-10
40,car_scooter_brex_san_jose,bus trip with e-scooter access/city_bus_rapid_transit_4,2847,1.156450980254712,0.9961028589165372,0.01875892854616225,254614627223.29703,11655269.71055696,5340.2387757935885,1493.111153000955,1.1030934659178569e-05,6.217521112241125e-10
40,car_scooter_brex_san_jose,bus trip with e-scooter access/walk_back_from_bus_4,654,1.0465069517457688,0.9285462791353418,0.07406069811001177,6882986.930416165,14702.303976571568,190.56305647435076,0.810181290656337,5.611696147152023e-05,1.0612213331756848e-09
40,car_scooter_brex_san_jose,freeway_driving_weekday/freeway_driving_weekday_5,1921,1.1980761773432484,0.9949643868411869,0.02323164437021143,296224062589.55133,9102658.650469176,10578.10158194235,597.2859481393319,2.305307721690432e-06,6.829429384774533e-10
40,car_scooter_brex_san_jose,bus trip with e-scooter access/city_escooter_5,1286,1.0397289596227934,0.9896033327212335,0.027488731897827325,8453641.019857448,30195.288957212157,237.27494936762494,9.253270444168653,0.0004096978449160926,6.416257647001624e-10
40,car_scooter_brex_san_jose,bus trip with e-scooter access/city_bus_rapid_transit_5,2555,1.1776030852712926,0.9968532201259499,0.014403028085332246,347748385253.78467,18820512.687526617,3021.0429699069214,674.2226040106167,3.3145222463944114e-06,6.217521112241125e-10
40,car_scooter_brex_san_jose,bus trip with e-scooter access/walk_back_from_bus_5,647,1.0451589920032545,0.9328751574247046,0.06540370915879391,2436754.839950074,7642.599334571938,97.22117347896956,0.8183964109939622,0.00013984814454074413,1.0612213331756848e-09
40,car_scooter_brex_san_jose,freeway_driving_weekday/freeway_driving_weekday_6,2002,1.1899229005519512,0.9835787332525295,0.016418078880805723,3.2808292856067113e+19,23466319688812.918,16784431.79602424,192.99377663477597,1.177669513221404e-14,6.829429384774533e-10
40,car_scooter_brex_san_jose,bus trip with e-scooter access/city_escooter_6,1482,1.034046591113879,0.9945363012399464,0.031443888127733174,9.395438592090688e+16,134402827479.95076,192305.1101218063,11.42171117111477,1.8015939568625242e-13,6.416257647001624e-10
40,car_scooter_brex_san_jose,bus trip with e-scooter access/city_bus_rapid_transit_6,2855,1.1552854821524332,0.9949674664927034,0.019684725790936847,119758263669.35596,6227684.784330581,3695.6023308310096,1793.4040461251336,1.9881872981641787e-05,6.217521112241125e-10
40,car_scooter_brex_san_jose,bus trip with e-scooter access/walk_back_from_bus_6,625,1.048819175857893,0.9250147741654907,0.07146063423397946,inf,inf,inf,1.0463636301155894,0.0,1.0612213331756848e-09
40,train_bus_ebike_mtv_ucb,mtv_to_berkeley_sf_bart/walk_to_caltrain_0,1115,1.0798996314206475,0.9440053146817338,0.05199859096533307,527576.0084780358,3272.5527782386175,67.7592230389837,1.0158966064966684,0.0005097316764291316,7.066114844795951e-10
40,train_bus_ebike_mtv_ucb,mtv_to_berkeley_sf_bart/commuter_rail_aboveground_0,2927,1.1699103468304564,0.993164867622405,0.025379184169036267,inf,inf,inf,186.06564886860727,0.0,7.225986198398043e-10
40,train_bus_ebike_mtv_ucb,mtv_to_berkeley_sf_bart/subway_underground_0,3864,1.1795275206619795,0.988895522990642,0.02397526380222663,inf,inf,inf,28.46741590310291,0.0,8.022390272317053e-10
40,train_bus_ebike_mtv_ucb,mtv_to_berkeley_sf_bart/walk_to_bus_0,285,1.0072153442106522,0.9264951693462254,0.2853583172423521,3031580.5410992242,13203.378135580098,70.42308122972692,36.01257321177884,0.0015063217624460418,8.417568395528515e-10
40,train_bus_ebike_mtv_ucb,mtv_to_berkeley_sf_bart/city_bus_short_0,473,1.187725272612657,0.9730314314809463,0.10677260597574875,140380323.63141176,133014.49748820782,947.1936447838661,333.84410133178176,0.0005046557728923052,6.4425497260919e-10
40,train_bus_ebike_mtv_ucb,walk_urban_university/walk_urban_university_0,866,1.0852523030292662,0.9822504261264109,0.046653018374287814,1678383.4871841716,10355.120482617824,182.36746445472073,1.0414683602265928,0.00031745052816657964,8.783406312073868e-10
40,train_bus_ebike_mtv_ucb,berkeley_to_mtv_SF_express_bus/walk to the bikeshare location_0,305,1.063190908063734,0.927408814174471,0.044444322291711795,2467643.611453489,3014.0610043181996,37.009929544167015,0.8601588933536564,0.00010424664857642207,4.6000558237409036e-10
40,train_bus_ebike_mtv_ucb,berkeley_to_mtv_SF_express_bus/ebike_bikeshare_urban_long_0,1467,1.2122461443254104,0.9631746714453524,0.03106168703161475,160524771446.49033,3788945.2773087206,678.9977240962922,20.581618151779168,1.3549820196193432e-07,7.591327569011733e-10
40,train_bus_ebike_mtv_ucb,berkeley_to_mtv_SF_express_bus/express_bus_0,2751,1.1684156332095168,0.9779714956067638,0.02139477578715929,240916046670.701,11691615.687706593,7710.110836820451,79.83170701208496,4.464598400316207e-07,6.769007973500341e-10
40,train_bus_ebike_mtv_ucb,berkeley_to_mtv_SF_express_bus/walk_downtown_urban_canyon_0,639,1.0228416010453756,0.836026415687836,0.1733393531187948,867524.4275364814,7635.3742594993255,109.47784455133043,2.500632813490563,0.00038113152586823464,1.060580868851958e-09
40,train_bus_ebike_mtv_ucb,berkeley_to_mtv_SF_express_bus/light_rail_below_above_ground_0,834,1.1584694695622915,0.9779776797423717,0.03191069446247513,1301782836301.1501,146157131.63328803,110501.31921773251,26.78962350964768,1.1861201483124894e-09,8.145851430344032e-10
40,train_bus_ebike_mtv_ucb,berkeley_to_mtv_SF_express_bus/commuter_rail_with_tunnels_0,4775,1.1718853165149357,0.9975129038920357,0.020447009636496365,9.614858702552496e+20,229236094954630.75,54654433.705386944,640.1744754963563,3.179279729501925e-15,7.999884506231548e-10
40,train_bus_ebike_mtv_ucb,berkeley_to_mtv_SF_express_bus/inner_suburb_downtown_walk_0,1201,1.0739265613728732,0.99367240547913,0.042707927940921986,3605026.6052533183,17900.084643682778,210.2223923362591,0.830230050885743,0.00010898323424304706,7.13358173776683e-10
40,train_bus_ebike_mtv_ucb,mtv_to_berkeley_sf_bart/walk_to_caltrain_1,1012,1.0885996728621061,0.9380033564288238,0.05432166767994545,1211369.219886457,7965.780735945248,183.6920548620151,1.3509829206847825,0.00017572697803543906,7.066114844795951e-10
40,train_bus_ebike_mtv_ucb,mtv_to_berkeley_sf_bart/commuter_rail_aboveground_1,2709,1.1851406281220844,0.9917007635870672,0.025140724736796523,1.2321012871059432e+17,128028989852.75911,1908339.5433721032,97.15336745922752,1.1493236471266065e-12,7.225986198398043e-10
40,train_bus_ebike_mtv_ucb,mtv_to_berkeley_sf_bart/subway_underground_1,3887,1.1905516105002931,0.9696916780970136,0.024369664702334506,inf,inf,inf,42.93024771122277,0.0,8.022390272317053e-10
40,train_bus_ebike_mtv_ucb,mtv_to_berkeley_sf_bart/walk_to_bus_1,215,1.004735401206298,0.911562966245256,0.22091537710977163,9551.569500798605,305.31808980285723,15.530405750376374,1.6220896610990907,0.004882859515876,8.417568395528515e-10
40,train_bus_ebike_mtv_ucb,mtv_to_berkeley_sf_bart/city_bus_short_1,535,1.1655471854371682,0.985812079005009,0.06699019951039784,284709768.2810585,341564.26663423056,638.7877407062397,252.832370453643,0.0002559968218986476,6.4425497260919e-10
40,train_bus_ebike_mtv_ucb,walk_urban_university/walk_urban_university_1,888,1.0837592209826854,0.981547599581547,0.0516258677065059,2052701.8213347087,4652.676153821569,67.41217188580299,0.9801656544296653,0.0002767574149979045,8.783406312073868e-10
40,train_bus_ebike_mtv_ucb,berkeley_to_mtv_SF_express_bus/walk to the bikeshare location_1,219,1.0886989909077598,0.9122379216984541,0.07705307575992829,2089937.7866135992,12491.060734059383,154.7510963392786,0.9563860122813228,1.2912749018810303e-05,4.6000558237409036e-10
40,train_bus_ebike_mtv_ucb,berkeley_to_mtv_SF_express_bus/ebike_bikeshare_urban_long_1,1446,1.2156335333163455,0.9847222980441585,0.02942364450153387,10133242888.63694,915700.6252501234,713.5889351102676,20.48215887622979,1.6256374535064933e-06,7.591327569011733e-10
40,train_bus_ebike_mtv_ucb,berkeley_to_mtv_SF_express_bus/express_bus_1,2788,1.1667078001059064,0.9678664557377854,0.032367001965983716,107148499791606.64,153403104.2074256,6015.768076615897,117.98366170380208,3.05129999132274e-09,6.822293654972005e-10
40,train_bus_ebike_mtv_ucb,berkeley_to_mtv_SF_express_bus/walk_downtown_urban_canyon_1,616,1.015901936064148,0.8359656347031728,0.1515508208543315,7189619.415788258,6401.4992373672185,91.58324377218229,2.5352791504907883,0.00014019731029321536,1.060580868851958e-09
40,train_bus_ebike_mtv_ucb,berkeley_to_mtv_SF_express_bus/light_rail_below_above_ground_1,869,1.1473698556097034,0.9786147138947457,0.019144819487237057,300603347366.524,9840340.086967288,17110.882341933542,21.346281731973537,4.203516379075056e-08,8.145851430344032e-10
40,train_bus_ebike_mtv_ucb,berkeley_to_mtv_SF_express_bus/commuter_rail_with_tunnels_1,4797,1.1709937918704554,0.9974629495440671,0.018011930007506893,139393573679385.86,1859980904.2477567,637121.8533660839,110.13491745069314,1.2498838513595148e-09,7.999884506231548e-10
40,train_bus_ebike_mtv_ucb,berkeley_to_mtv_SF_express_bus/inner_suburb_downtown_walk_1,1188,1.0741179542130046,0.990482093698399,0.033000782960773314,81117420703305.48,1740590515.159235,37349.10261272871,0.6358966091582783,9.299373248137824e-12,7.13358173776683e-10
40,train_bus_ebike_mtv_ucb,mtv_to_berkeley_sf_bart/walk_to_caltrain_2,874,1.1060416088779463,0.946898082048759,0.05662675466418566,566154.7550776904,4732.240104133105,85.66193708873337,1.557863676744725,0.0003891774893355399,7.066114844795951e-10
40,train_bus_ebike_mtv_ucb,mtv_to_berkeley_sf_bart/commuter_rail_aboveground_2,2829,1.1762425625760404,0.9906587592087989,0.026191998673185484,8.198044554273115e+17,2150022748699.5906,6891884.592414644,362.5998068223234,6.607112137730922e-13,7.225986198398043e-10
40,train_bus_ebike_mtv_ucb,mtv_to_berkeley_sf_bart/subway_underground_2,3860,1.192435790475897,0.9944528274088068,0.02256133161659185,inf,inf,inf,69.65326423230675,0.0,8.022390272317053e-10
40,train_bus_ebike_mtv_ucb,mtv_to_berkeley_sf_bart/walk_to_bus_2,223,1.010808397537759,0.9157830282006431,0.18258427331179264,4943.018533873749,192.72344725356484,13.987958644498491,1.290245883796257,0.007707922592504153,8.417568395528515e-10
40,train_bus_ebike_mtv_ucb,mtv_to_berkeley_sf_bart/city_bus_short_2,499,1.1780228118129996,0.9696751684918068,0.06365285676494548,853255285.2546633,544783.7807859502,1023.9862201092723,510.4378652040781,0.00018759596884783443,6.4425497260919e-10
40,train_bus_ebike_mtv_ucb,walk_urban_university/walk_urban_university_2,780,1.096962151039883,0.9812923991353352,0.04234880136047729,44086847.011254266,28498.845774259473,33.15496090882241,1.1819508657024442,2.0163625972182305e-05,8.783406312073868e-10
40,train_bus_ebike_mtv_ucb,berkeley_to_mtv_SF_express_bus/walk to the bikeshare location_2,1403,1.013147647205879,0.5911208907159484,0.4069804613565727,8287299421.669009,2633795.511588537,1133.627471921296,67.96223536766014,4.32186849074325e-06,4.6000558237409036e-10
40,train_bus_ebike_mtv_ucb,berkeley_to_mtv_SF_express_bus/ebike_bikeshare_urban_long_2,1543,1.2001097191915584,0.9721646253185371,0.03169398136600144,5124860406.780509,1408819.738920489,898.6647259542234,29.955988795724323,7.270281304224813e-06,7.591327569011733e-10
40,train_bus_ebike_mtv_ucb,berkeley_to_mtv_SF_express_bus/express_bus_2,2365,1.202236324410241,0.9722390688267566,0.028242214317204972,2460571916087971.5,586644157.3831019,4973.690257575457,409.56788771791264,3.921655360295713e-10,6.769007973500341e-10
40,train_bus_ebike_mtv_ucb,berkeley_to_mtv_SF_express_bus/walk_downtown_urban_canyon_2,564,1.0181713692785077,0.8545725373056228,0.14600350730562878,2098387.8385201506,11545.015747846905,145.3680179254195,2.6043010392190675,0.00022582767359106124,1.060580868851958e-09
40,train_bus_ebike_mtv_ucb,berkeley_to_mtv_SF_express_bus/light_rail_below_above_ground_2,1218,1.1034479510048696,0.9474091619605973,0.08354832776260727,52765137083.490715,1751797.54411385,1904.93456949164,51.35651087262603,1.1004753007651954e-06,8.145851430344032e-10
40,train_bus_ebike_mtv_ucb,berkeley_to_mtv_SF_express_bus/commuter_rail_with_tunnels_2,4793,1.1702608973273092,0.9958814879255747,0.03211729881315257,1.6328576328734122e+17,700746475408.0175,3007422.636911625,891.7544731736634,2.287706482364175e-11,7.999884506231548e-10
40,train_bus_ebike_mtv_ucb,berkeley_to_mtv_SF_express_bus/inner_suburb_downtown_walk_2,1193,1.074424960602365,0.999225053415692,0.04795684699060184,146161923.8794963,33448.91457116558,256.1829393361409,0.849157160469329,4.622367645999477e-06,7.13358173776683e-10
40,train_bus_ebike_mtv_ucb,mtv_to_berkeley_sf_bart/walk_to_caltrain_3,949,1.0954065836165017,0.9247775335860994,0.0757216154615967,410686259068390.5,3894424587.568162,78925.09860338365,2.1357532476304932,3.309004683019229e-12,7.066114844795951e-10
40,train_bus_ebike_mtv_ucb,mtv_to_berkeley_sf_bart/commuter_rail_aboveground_3,2639,1.1913622084675586,0.9955419539170262,0.021731984217730888,4.100818997390432e+16,54153800373.05094,1273856.2978928245,148.54078535598552,3.5600176113857868e-12,7.225986198398043e-10
40,train_bus_ebike_mtv_ucb,mtv_to_berkeley_sf_bart/subway_underground_3,3868,1.1899452839988747,0.9952962012142214,0.025643903782746086,inf,inf,inf,55.29461330697585,0.0,8.022390272317053e-10
40,train_bus_ebike_mtv_ucb,mtv_to_berkeley_sf_bart/walk_to_bus_3,309,1.0195085540598094,0.9698029455469791,0.2992796181023534,2.144738404225294e+18,1022690966160.2357,487666.9499873831,23.70435942258258,1.7075357951715835e-15,8.417568395528515e-10
40,train_bus_ebike_mtv_ucb,mtv_to_berkeley_sf_bart/city_bus_short_3,378,1.2526017169820336,0.9576853108313415,0.03378377185277651,140498129.27514905,127789.77460634886,719.0305734724896,324.4811021127614,0.00036987307979270456,6.4425497260919e-10
40,train_bus_ebike_mtv_ucb,walk_urban_university/walk_urban_university_3,797,1.0942109175206816,0.9785787958304913,0.03862147976113899,2258005918104.9556,160428214.39659828,11398.762937748255,1.8883771641856266,6.659386226819205e-10,8.783406312073868e-10
40,train_bus_ebike_mtv_ucb,berkeley_to_mtv_SF_express_bus/walk to the bikeshare location_3,519,1.0708071431547226,0.978993470273305,0.03700601124372408,3601160865.885406,1234631.5184776068,512.2714147175191,1.040341920615747,1.4032344651870004e-07,5.692611509058333e-10
40,train_bus_ebike_mtv_ucb,berkeley_to_mtv_SF_express_bus/ebike_bikeshare_urban_long_3,1586,1.1937928502189994,0.9822915822241656,0.027664793957965592,2850425792.765307,251356.61549390704,363.07308318808356,14.695188512445467,7.575648264040843e-06,7.481166846026598e-10
40,train_bus_ebike_mtv_ucb,berkeley_to_mtv_SF_express_bus/express_bus_3,2741,1.1612161764189428,0.9848504472573859,0.016815700013292672,326054603949.83594,84730170.43822719,22052.694803705595,38.586151710883044,2.420301569220192e-07,7.342253319793175e-10
40,train_bus_ebike_mtv_ucb,berkeley_to_mtv_SF_express_bus/walk_downtown_urban_canyon_3,785,1.0121577735661518,0.8830102017391962,0.10751961789862412,inf,inf,inf,19.45296401583056,0.0,8.02529976053429e-10
40,train_bus_ebike_mtv_ucb,berkeley_to_mtv_SF_express_bus/light_rail_below_above_ground_3,930,1.140471929943614,0.9856129629220856,0.028287174817367713,5723889035355574.0,6885588459.248999,186367.11609263963,18.282525025074506,2.6501816038587855e-12,8.145851430344032e-10
40,train_bus_ebike_mtv_ucb,berkeley_to_mtv_SF_express_bus/commuter_rail_with_tunnels_3,3579,1.2425810516383924,0.9968581645488342,0.02751475825337328,201660743917721.6,877882377.3424124,213503.1803795226,324.00872650190496,3.863011088699819e-09,7.999884506231548e-10
40,train_bus_ebike_mtv_ucb,berkeley_to_mtv_SF_express_bus/inner_suburb_downtown_walk_3,1186,1.074666833186685,0.995566267538603,0.040089005735421374,1888704789.3545876,740770.7893262185,295.1272354205223,1.049160996539253,6.534792939779017e-07,7.13358173776683e-10
40,train_bus_ebike_mtv_ucb,mtv_to_berkeley_sf_bart/walk_to_caltrain_4,960,1.0936529756486262,0.9376241901172634,0.06364239614109067,1.039738082210678e+19,4957857525186.422,2364128.907404039,1.8977205049284942,1.7521828433637444e-16,7.066114844795951e-10
40,train_bus_ebike_mtv_ucb,mtv_to_berkeley_sf_bart/commuter_rail_aboveground_4,2716,1.184768680053126,0.99373213239174,0.032237446565217306,2.41267500767062e+19,4697631175301.504,6490031.699794815,381.11282033424925,4.126671904830911e-14,7.225986198398043e-10
40,train_bus_ebike_mtv_ucb,mtv_to_berkeley_sf_bart/subway_underground_4,3882,1.1899937289785,1.036387101126863,0.051637876973952584,inf,inf,inf,15.635867928645137,0.0,8.022390272317053e-10
40,train_bus_ebike_mtv_ucb,mtv_to_berkeley_sf_bart/walk_to_bus_4,318,1.017214138932621,0.9846260329363267,0.3083812856673508,2.287766616564004e+16,49090146215.56137,105344.0997595273,19.847181101395947,2.742498669654519e-13,8.417568395528515e-10
40,train_bus_ebike_mtv_ucb,mtv_to_berkeley_sf_bart/city_bus_short_4,344,1.2802506440922412,0.9679793970553906,0.04755556661265382,42160369.36942069,64034.92974459132,649.791930916281,56.71613372469541,0.00017019507910441987,6.4425497260919e-10
40,train_bus_ebike_mtv_ucb,walk_urban_university/walk_urban_university_4,797,1.0943910708015385,0.9762471943418328,0.04986383356378043,171974381396952.47,1353062360.5021343,18004.16097828759,2.1636097043036573,8.894540090443716e-12,8.783406312073868e-10
40,train_bus_ebike_mtv_ucb,berkeley_to_mtv_SF_express_bus/walk to the bikeshare location_4,423,1.081873462146632,0.9757339130025251,0.03252413397510759,141293333.95320213,31502.218990385096,57.96645655927732,1.6245993153627831,4.851027869117164e-06,5.692611509058333e-10
40,train_bus_ebike_mtv_ucb,berkeley_to_mtv_SF_express_bus/ebike_bikeshare_urban_long_4,1297,1.2473953722311308,0.9896004625907594,0.026306103137409238,1184327935.2193735,690123.6195144085,847.8045626383232,21.753792999165757,1.9016211222784047e-05,7.481166846026598e-10
40,train_bus_ebike_mtv_ucb,berkeley_to_mtv_SF_express_bus/express_bus_4,2768,1.1595518300253291,0.9747157004676398,0.022551468031725974,44780511492.07574,9003792.694218282,5209.622224890267,37.762862208742774,6.080772395061078e-07,7.342253319793175e-10
40,train_bus_ebike_mtv_ucb,berkeley_to_mtv_SF_express_bus/walk_downtown_urban_canyon_4,687,1.0155550644716347,0.8680409604215221,0.12373774916571322,1.4572378595900606e+16,45166235606.413246,182000.4166488166,12.070394628513478,3.0908237343985824e-13,8.02529976053429e-10
40,train_bus_ebike_mtv_ucb,berkeley_to_mtv_SF_express_bus/light_rail_below_above_ground_4,978,1.1316995244750658,0.9762004634048554,0.033598595902322205,2.085992467031601e+16,24866972505.86797,379555.2020998466,27.86301719910596,7.367887796485707e-13,8.145851430344032e-10
40,train_bus_ebike_mtv_ucb,berkeley_to_mtv_SF_express_bus/commuter_rail_with_tunnels_4,4839,1.1691312469162367,0.9968915805502455,0.03569284342887911,57352606641602.38,82288995.3656966,14970.971110510656,874.56381518475,7.217572739583391e-08,7.999884506231548e-10
40,train_bus_ebike_mtv_ucb,berkeley_to_mtv_SF_express_bus/inner_suburb_downtown_walk_4,1081,1.0827986868850388,0.9966288053274287,0.04725599698187916,1777300607.6124265,1811263.2465996575,3080.995480996913,1.1735805082357729,2.8919469773816195e-07,7.13358173776683e-10
40,train_bus_ebike_mtv_ucb,mtv_to_berkeley_sf_bart/walk_to_caltrain_5,953,1.0955377151487455,0.9487565568801912,0.057725635077007946,3.89214665437874e+17,251994435383.24158,1012415.5558300182,2.328373848898359,1.873306860154069e-15,7.066114844795951e-10
40,train_bus_ebike_mtv_ucb,mtv_to_berkeley_sf_bart/commuter_rail_aboveground_5,2913,1.1698908683633351,0.9963953555114579,0.03398391860120614,4.921978873824142e+20,117349255221317.11,55956517.384336315,346.47518491242164,1.1639830331511405e-15,7.225986198398043e-10
40,train_bus_ebike_mtv_ucb,mtv_to_berkeley_sf_bart/subway_underground_5,3900,1.1853006964856805,0.9954414281855775,0.025865848213252548,inf,inf,inf,9.934481456482537,0.0,8.022390272317053e-10
40,train_bus_ebike_mtv_ucb,mtv_to_berkeley_sf_bart/walk_to_bus_5,304,0.981224067490317,0.8824163210476238,0.275081972966545,688262112.899375,480147.0370445035,517.6009395383699,10.06453857357402,2.4070341397435703e-06,8.417568395528515e-10
40,train_bus_ebike_mtv_ucb,mtv_to_berkeley_sf_bart/city_bus_short_5,309,1.3267780084595318,0.9682903930443685,0.040695809414695146,30242241473.895466,8024642.390151613,10656.159174313543,37.60776443491867,1.9528668171469909e-07,6.4425497260919e-10
40,train_bus_ebike_mtv_ucb,walk_urban_university/walk_urban_university_5,826,1.0912703168849494,0.9421291304192584,0.04199304766873166,50904159449.739204,12488381.589853128,3064.1061564907886,1.9758767242048134,2.002892841706773e-08,8.783406312073868e-10
40,train_bus_ebike_mtv_ucb,berkeley_to_mtv_SF_express_bus/walk to the bikeshare location_5,356,1.1082698172397754,0.9969791596642373,0.04532214633936056,5783.810723081364,371.39291652448264,28.271788865060433,0.9460514113712821,0.037898423353695795,5.692611509058333e-10
40,train_bus_ebike_mtv_ucb,berkeley_to_mtv_SF_express_bus/ebike_bikeshare_urban_long_5,1414,1.2221166437991446,0.9450685497599555,0.05051760034366362,216095137465.2246,5976464.593526521,576.9903035733963,31.728861561556947,1.5169990911624146e-07,7.481166846026598e-10
40,train_bus_ebike_mtv_ucb,berkeley_to_mtv_SF_express_bus/express_bus_5,2381,1.1901073489375285,0.9672676801054748,0.03130540069734831,90984837205358.64,108801872.53187199,11740.213929776206,633.0123959937129,1.6524570253753332e-08,7.342253319793175e-10
40,train_bus_ebike_mtv_ucb,berkeley_to_mtv_SF_express_bus/walk_downtown_urban_canyon_5,652,1.0130380518125965,0.8750108211175981,0.12039522392531701,2.4616508838155915e+19,5417569012921.58,1937473.641026072,6.792535152337878,9.232193370815162e-17,8.02529976053429e-10
40,train_bus_ebike_mtv_ucb,berkeley_to_mtv_SF_express_bus/light_rail_below_above_ground_5,799,1.1549854912682338,0.9736099643277499,0.021941972004401105,737039050.9289128,405718.9601121262,1080.9062600788811,12.391393521429915,4.9676060866561786e-06,8.145851430344032e-10
40,train_bus_ebike_mtv_ucb,berkeley_to_mtv_SF_express_bus/commuter_rail_with_tunnels_5,4252,1.1966217433545243,0.9952035473921623,0.023326300483583418,120761389098239.58,498715238.00508523,17315.023816772147,574.0169934217855,1.960870564733588e-08,7.999884506231548e-10
40,train_bus_ebike_mtv_ucb,berkeley_to_mtv_SF_express_bus/inner_suburb_downtown_walk_5,1063,1.0837897723786443,0.9964671672294578,0.049945147447710295,618631502.0341696,812622.3333215876,1075.589700838115,1.061340282522323,1.8136363921780397e-06,7.13358173776683e-10
40,train_bus_ebike_mtv_ucb,mtv_to_berkeley_sf_bart/walk_to_caltrain_6,945,1.0943668186564532,0.9533283105384409,0.047387994095183975,783388175675.4169,88344279.43169256,9966.908708835308,1.94713440528625,2.3473026029183693e-09,7.066114844795951e-10
40,train_bus_ebike_mtv_ucb,mtv_to_berkeley_sf_bart/commuter_rail_aboveground_6,2859,1.174898475263851,0.9968861494803001,0.03147638182223582,1301311753425.596,197943857.7420321,72088.50805990642,1866.4184628000626,1.424998988255852e-06,7.225986198398043e-10
40,train_bus_ebike_mtv_ucb,mtv_to_berkeley_sf_bart/subway_underground_6,3901,1.1888153695217625,0.9968819785285314,0.013672434863613886,4.990704816572381e+18,1191197824666.8545,1488158.059109478,60.09072463951066,4.4407253754415053e-14,8.022390272317053e-10
40,train_bus_ebike_mtv_ucb,mtv_to_berkeley_sf_bart/walk_to_bus_6,292,1.0112037324657515,0.9349428917605862,0.2616957275117698,119108673.08389446,151447.49301654325,371.1409342634205,6.414940300318439,6.108780996384529e-06,8.417568395528515e-10
40,train_bus_ebike_mtv_ucb,mtv_to_berkeley_sf_bart/city_bus_short_6,366,1.1933310208133237,0.9748670505957341,0.03749487842903497,51378188.94601195,114440.90760323666,927.0817268319028,387.71466616993575,0.0005478132770599958,6.922048303980974e-10
40,train_bus_ebike_mtv_ucb,walk_urban_university/walk_urban_university_6,824,1.0908826258836604,0.9685104095024464,0.05569646214687014,5815261849.69637,1041256.6610463636,637.0974388393374,1.621782949451964,1.939159178146328e-07,8.783406312073868e-10
40,train_bus_ebike_mtv_ucb,berkeley_to_mtv_SF_express_bus/walk to the bikeshare location_6,431,1.0867783565118991,0.9949695450921687,0.044052559149501916,12246020332.315022,1261935.0982150596,850.6650363139482,1.1285322465153553,3.926050503399244e-08,5.692611509058333e-10
40,train_bus_ebike_mtv_ucb,berkeley_to_mtv_SF_express_bus/ebike_bikeshare_urban_long_6,1513,1.205552394831096,0.975957340903005,0.02928205105852851,1815763036.6351955,563651.8195760206,574.6344832643139,19.39159285321261,1.0769221810673624e-05,7.481166846026598e-10
40,train_bus_ebike_mtv_ucb,berkeley_to_mtv_SF_express_bus/express_bus_6,2422,1.186775116729081,0.9642763592661338,0.0609074520613112,1041940725678.7263,58626654.009249,11034.620176927076,1614.9626903555354,1.6498836522065514e-06,7.342253319793175e-10
40,train_bus_ebike_mtv_ucb,berkeley_to_mtv_SF_express_bus/walk_downtown_urban_canyon_6,666,1.0171660376133402,0.8967588940019285,0.11244874447144966,inf,inf,inf,1.6943767514441608,0.0,8.02529976053429e-10
40,train_bus_ebike_mtv_ucb,berkeley_to_mtv_SF_express_bus/light_rail_below_above_ground_6,941,1.1402625530901338,0.9886624811705397,0.023775988287386324,152086408.3890417,154155.42148260504,755.6390803283944,15.762420607856452,3.1107886999301e-05,8.145851430344032e-10
40,train_bus_ebike_mtv_ucb,berkeley_to_mtv_SF_express_bus/commuter_rail_with_tunnels_6,4217,1.1988857076704018,0.9971460732473327,0.02131427576406087,6.60824943612259e+16,57793314047.784424,697399.4005053737,338.0313601905702,1.7855782049329638e-11,7.999884506231548e-10
40,train_bus_ebike_mtv_ucb,berkeley_to_mtv_SF_express_bus/inner_suburb_downtown_walk_6,1188,1.0738826255310765,0.9944354075597653,0.0369655173128416,29109154.542715646,67629.20218454055,285.02563132820313,0.9887601871336813,2.2926901778211387e-05,7.13358173776683e-10
40,train_bus_ebike_mtv_ucb,mtv_to_berkeley_sf_bart/walk_to_caltrain_7,1068,1.0828504778722483,0.9144186655761695,0.08411348100912373,212295686.83406672,390003.1015375756,723.4862051324998,2.2441398410297793,6.040728205119846e-06,7.066114844795951e-10
40,train_bus_ebike_mtv_ucb,mtv_to_berkeley_sf_bart/commuter_rail_aboveground_7,2786,1.1797285620215774,0.9958049623489535,0.023013108548587905,46771631929343.71,345688007.8141834,21073.363436209573,1203.456144609664,6.862538288783293e-08,7.225986198398043e-10
40,train_bus_ebike_mtv_ucb,mtv_to_berkeley_sf_bart/subway_underground_7,3898,1.1883839249300352,0.9962726286343799,0.013851969456934218,4.25375642245464e+19,10141745276873.73,16188329.627351746,39.66219880302732,4.711708587060061e-16,8.022390272317053e-10
40,train_bus_ebike_mtv_ucb,mtv_to_berkeley_sf_bart/walk_to_bus_7,295,1.0189141518045253,0.9506474755933385,0.2050573545089659,2.249424411942116e+18,1072609144768.5773,511472.0912014235,1.944546040268264,2.3967434586510773e-16,8.417568395528515e-10
40,train_bus_ebike_mtv_ucb,mtv_to_berkeley_sf_bart/city_bus_short_7,304,1.2541401479273258,0.9613654608451583,0.05147760548891027,738891106.272699,376460.6804016802,1012.592828637038,364.96623338481436,8.292025971913987e-05,6.922048303980974e-10
40,train_bus_ebike_mtv_ucb,walk_urban_university/walk_urban_university_7,851,1.0885569421297292,0.9814220233741067,0.06501493216222028,4540879.082349606,24636.03629937552,134.5076234343181,2.253916397002695,0.00020284734723433846,8.783406312073868e-10
40,train_bus_ebike_mtv_ucb,berkeley_to_mtv_SF_express_bus/walk to the bikeshare location_7,442,1.087033213507231,0.9635872202208832,0.027801653371958085,13915.84042915769,545.3348606391,24.230133255332746,1.9403786735886104,0.011250255717662508,5.692611509058333e-10
40,train_bus_ebike_mtv_ucb,berkeley_to_mtv_SF_express_bus/ebike_bikeshare_urban_long_7,1343,1.2367271889777305,0.9874880955559338,0.024172624599621023,2278193849.425282,530686.4344253165,569.5974369334764,22.34425867810427,1.0694110680635873e-05,7.481166846026598e-10
40,train_bus_ebike_mtv_ucb,berkeley_to_mtv_SF_express_bus/express_bus_7,2349,1.1936553641922936,0.9806114499367824,0.026682719669457337,21685059980.68419,7134787.9496238185,7604.713703353696,51.35191869836895,1.9024885064302017e-06,7.39791657760347e-10
40,train_bus_ebike_mtv_ucb,berkeley_to_mtv_SF_express_bus/walk_downtown_urban_canyon_7,659,1.0180392949626504,0.8991215431677726,0.1007217963232349,3.3587523198623584e+19,8007889556935.811,1909243.8055562128,2.39880286128632,2.3456162766538422e-17,8.02529976053429e-10
40,train_bus_ebike_mtv_ucb,berkeley_to_mtv_SF_express_bus/light_rail_below_above_ground_7,885,1.1425299957631614,0.9820353397242455,0.043248185300691515,200130117518.5298,29649160.888875477,10790.530631493573,19.959861918673038,3.857457219282616e-08,8.145851430344032e-10
40,train_bus_ebike_mtv_ucb,berkeley_to_mtv_SF_express_bus/commuter_rail_with_tunnels_7,3506,1.249000021152574,0.9924621779371767,0.025841138505794822,223518709600.46805,70920908.2890355,35492.54418845343,559.1930995163902,1.0398363400590914e-06,7.999884506231548e-10
40,train_bus_ebike_mtv_ucb,berkeley_to_mtv_SF_express_bus/inner_suburb_downtown_walk_7,1183,1.0749632752668052,0.9963359381452505,0.04956925995294613,38223432.67830953,108870.15598446559,475.0638191317199,0.9658906488758401,1.4991004577476188e-05,7.13358173776683e-10
40,train_bus_ebike_mtv_ucb,mtv_to_berkeley_sf_bart/walk_to_caltrain_8,930,1.0969774543749897,0.9267776133784803,0.07336138659162932,51794755.94077417,146431.74717418465,418.59870421256124,1.776585993556304,2.9887698392254937e-05,7.066114844795951e-10
40,train_bus_ebike_mtv_ucb,mtv_to_berkeley_sf_bart/commuter_rail_aboveground_8,2857,1.1743145902344905,0.9948999944135437,0.04137664431487875,122477851813.26782,22630810.54895306,17808.98301243227,2034.246949353024,9.293372112843098e-06,7.225986198398043e-10
40,train_bus_ebike_mtv_ucb,mtv_to_berkeley_sf_bart/subway_underground_8,3959,1.1866120443423807,0.9942838859793917,0.022482016803479197,inf,inf,inf,42.39966937184375,0.0,8.022390272317053e-10
40,train_bus_ebike_mtv_ucb,mtv_to_berkeley_sf_bart/walk_to_bus_8,310,1.0141673616511007,0.9858767349816652,0.19275072401409982,569941.7300550182,4167.843430889083,64.62580452563476,0.3236468030484855,3.9829198404864635e-05,8.417568395528515e-10
40,train_bus_ebike_mtv_ucb,mtv_to_berkeley_sf_bart/city_bus_short_8,301,1.253930808086201,0.9634151161627574,0.042273572876940925,480675989.5580266,152090.65961074317,633.724063976581,80.62646881352113,3.579836270757381e-05,6.922048303980974e-10
40,train_bus_ebike_mtv_ucb,walk_urban_university/walk_urban_university_8,875,1.0849693539532443,0.9809342046091587,0.04923940479599914,19137034.909867946,52580.35624641054,363.07541096761037,1.2308470749708489,1.80504066857866e-05,8.783406312073868e-10
40,train_bus_ebike_mtv_ucb,berkeley_to_mtv_SF_express_bus/walk to the bikeshare location_8,408,1.09519981998664,0.9975105393995395,0.041615244257370544,593.6822638840581,44.55248757018765,6.90089563853008,1.3548866051421564,0.15245052349008853,5.692611509058333e-10
40,train_bus_ebike_mtv_ucb,berkeley_to_mtv_SF_express_bus/ebike_bikeshare_urban_long_8,1518,1.2048345218974925,0.9714045497468168,0.029565271545696603,3580415656.7547364,509631.7873493966,423.3020956680022,20.342872866089255,4.65768154221529e-06,7.481166846026598e-10
40,train_bus_ebike_mtv_ucb,berkeley_to_mtv_SF_express_bus/express_bus_8,2592,1.1717501324029564,0.9801209804124913,0.021698890389093402,313623167462.4791,55309549.402055666,20111.596856573797,36.971373228724985,1.8664511007545056e-07,7.39791657760347e-10
40,train_bus_ebike_mtv_ucb,berkeley_to_mtv_SF_express_bus/walk_downtown_urban_canyon_8,600,1.016174717026029,0.8706328372730409,0.12572827077401022,27205886866.346684,7137413.535307858,2955.188126171917,14.286344239456998,1.0486164381709819e-07,8.02529976053429e-10
40,train_bus_ebike_mtv_ucb,berkeley_to_mtv_SF_express_bus/light_rail_below_above_ground_8,778,1.163861941862176,0.9731012920473451,0.025805419022809438,1534659304.3697283,478206.8385802821,1729.7658422884172,14.577428164062432,3.889448555523193e-06,8.145851430344032e-10
40,train_bus_ebike_mtv_ucb,berkeley_to_mtv_SF_express_bus/commuter_rail_with_tunnels_8,3844,1.2228946151617601,0.9960682839241618,0.019691146825154427,202948530900961.34,822573938.7346503,20323.682503725267,625.1161658596482,1.019909541624342e-08,7.999884506231548e-10
40,train_bus_ebike_mtv_ucb,berkeley_to_mtv_SF_express_bus/inner_suburb_downtown_walk_8,1209,1.0728011476574286,0.983281753693659,0.05269989630843635,250303811.38856602,282140.08589748654,507.4352543151136,1.1426344356625284,1.8007361226712147e-06,7.13358173776683e-10
40,train_bus_ebike_mtv_ucb,mtv_to_berkeley_sf_bart/walk_to_caltrain_9,945,1.0954605058009415,0.9262476152245765,0.0719996843508821,11523003412.44639,5758352.601746507,2883.80640479369,2.2760558612640636,1.763712717690431e-07,7.066114844795951e-10
40,train_bus_ebike_mtv_ucb,mtv_to_berkeley_sf_bart/commuter_rail_aboveground_9,2690,1.1877978720363205,0.9957847389990933,0.029642050649719653,1406057026815.7424,125711339.03830764,20233.936400261075,4490.278334813398,3.3944438094759203e-06,7.225986198398043e-10
40,train_bus_ebike_mtv_ucb,mtv_to_berkeley_sf_bart/subway_underground_9,3904,1.1885711762327678,0.9564853270972831,0.02459776739169111,inf,inf,inf,46.2159220608135,0.0,8.022390272317053e-10
40,train_bus_ebike_mtv_ucb,mtv_to_berkeley_sf_bart/walk_to_bus_9,295,1.019113170507507,0.967816824894655,0.23570741468444018,14350573498.954033,3688339.625521884,950.6225913437839,0.6702452797182699,1.3769663930447852e-08,8.417568395528515e-10
40,train_bus_ebike_mtv_ucb,mtv_to_berkeley_sf_bart/city_bus_short_9,363,1.1985066607877144,0.9673987264262646,0.03793677330555273,345916881.6953748,235295.57553675573,1235.4005026421264,377.34789659608526,0.00018497602321524922,6.922048303980974e-10
40,train_bus_ebike_mtv_ucb,walk_urban_university/walk_urban_university_9,836,1.0882309682362954,0.972367234974945,0.0356040666730273,133992856.91520856,106388.7821116839,268.96045391199306,1.0673512513033456,5.8784873166935886e-06,8.783406312073868e-10
40,train_bus_ebike_mtv_ucb,berkeley_to_mtv_SF_express_bus/walk to the bikeshare location_9,432,1.0891073388656758,0.9907867486070506,0.03702631527957419,821315.6581463086,5236.616263623316,36.237506111921576,1.6201791255930997,0.0007426867232172682,5.692611509058333e-10
40,train_bus_ebike_mtv_ucb,berkeley_to_mtv_SF_express_bus/ebike_bikeshare_urban_long_9,1623,1.1880278651697171,0.9920376642687037,0.06490806509489877,7393209581.822144,632810.4540146356,771.5071180226538,26.093887064723198,3.7995332203495294e-06,7.481166846026598e-10
40,train_bus_ebike_mtv_ucb,berkeley_to_mtv_SF_express_bus/express_bus_9,2317,1.1963551615332029,0.9767409593611139,0.031104837240793645,80967200233309.52,251630337.1914039,7334.59962470816,398.20852318469724,1.1292242815418644e-08,7.342253319793175e-10
40,train_bus_ebike_mtv_ucb,berkeley_to_mtv_SF_express_bus/walk_downtown_urban_canyon_9,690,1.013759196669441,0.8583053446939868,0.13430097522534495,46052128122.47203,9705988.522983747,2050.0497148027903,4.800960422186815,7.168646337909299e-08,8.02529976053429e-10
40,train_bus_ebike_mtv_ucb,berkeley_to_mtv_SF_express_bus/light_rail_below_above_ground_9,1170,1.1071992676153348,0.9784341038359585,0.04469117412943585,9315545364462.436,51082725.14622259,4322.601304340047,17.489303883438215,2.1739869076589485e-09,8.145851430344032e-10
40,train_bus_ebike_mtv_ucb,berkeley_to_mtv_SF_express_bus/commuter_rail_with_tunnels_9,3566,1.2440506096065116,0.9897726116776953,0.037994721395786066,1.3933502847004342e+18,981891318274.7646,4014442.269344131,1121.3501877711499,1.844342406676152e-12,7.999884506231548e-10
40,train_bus_ebike_mtv_ucb,berkeley_to_mtv_SF_express_bus/inner_suburb_downtown_walk_9,1229,1.0715652742027313,0.9910376843566993,0.04739412992092067,7893347223667022.0,37638412928.028404,179491.95897445874,0.849173119815844,1.3216305428537585e-13,7.13358173776683e-10
40,train_bus_ebike_mtv_ucb,mtv_to_berkeley_sf_bart/walk_to_caltrain_10,1038,1.0871036742378968,0.9119518405378026,0.08618130993992668,1.209825433653318e+18,1153779444231.0796,1100360.240460488,2.3982857946982663,2.0576653452194917e-15,7.066114844795951e-10
40,train_bus_ebike_mtv_ucb,mtv_to_berkeley_sf_bart/commuter_rail_aboveground_10,2748,1.1834306999310864,0.9936895104697325,0.025380160581654126,15401833642134.121,59006691.73835343,14307.473710091348,1453.5353460264355,2.4672332406655404e-07,7.225986198398043e-10
40,train_bus_ebike_mtv_ucb,mtv_to_berkeley_sf_bart/subway_underground_10,4979,1.1426694546365235,1.0402830197298958,0.13688337431924086,inf,inf,inf,210.31585634850362,0.0,8.022390272317053e-10
40,train_bus_ebike_mtv_ucb,mtv_to_berkeley_sf_bart/walk_to_bus_10,294,1.0074662019875977,0.9601579949336105,0.17558123049203397,inf,inf,inf,0.24460754780537305,0.0,8.417568395528515e-10
40,train_bus_ebike_mtv_ucb,mtv_to_berkeley_sf_bart/city_bus_short_10,431,1.16755667949454,0.9880756641459634,0.053501621270987516,132255407.29243428,188981.3922436633,943.5439260512471,603.8971429676151,0.00031993607099512075,6.922048303980974e-10
40,train_bus_ebike_mtv_ucb,walk_urban_university/walk_urban_university_10,789,1.0955791838281446,0.9825069780818352,0.03980815691262191,20422369516.06888,2463962.428562347,3527.425309938979,1.197352731457539,3.443737807490754e-08,8.783406312073868e-10
40,train_bus_ebike_mtv_ucb,berkeley_to_mtv_SF_express_bus/walk to the bikeshare location_10,389,1.1009268787162443,0.9976294762960949,0.032629798372270785,140224837.37110943,273817.2157157199,823.7529838770906,1.1161240088029065,1.621664074163215e-06,5.692611509058333e-10
40,train_bus_ebike_mtv_ucb,berkeley_to_mtv_SF_express_bus/ebike_bikeshare_urban_long_10,1465,1.2137480054438836,0.9552871083464438,0.04233447326287969,85368592.60868542,101454.470863926,702.5469392062192,25.007500146270072,0.00010819914796488225,7.481166846026598e-10
40,train_bus_ebike_mtv_ucb,berkeley_to_mtv_SF_express_bus/express_bus_10,2907,1.1508506121901214,0.9877335608285095,0.01613238117929464,27505603057316.066,26184717.557919502,8434.766849575502,26.635002933359903,2.8102166324366374e-09,7.342253319793175e-10
40,train_bus_ebike_mtv_ucb,berkeley_to_mtv_SF_express_bus/walk_downtown_urban_canyon_10,617,1.0165926738972977,0.8766866170434947,0.12263742617717109,7729538953171.115,307758547.6841044,12276.46126436453,7.130666250791486,5.689083994315507e-10,8.02529976053429e-10
40,train_bus_ebike_mtv_ucb,berkeley_to_mtv_SF_express_bus/light_rail_below_above_ground_10,1016,1.127149574065417,0.9822516343263733,0.08334735662329999,1374869281.5964863,1699638.5360366527,2112.1450792928454,67.93681669938992,3.0216398163354687e-05,8.145851430344032e-10
40,train_bus_ebike_mtv_ucb,berkeley_to_mtv_SF_express_bus/commuter_rail_with_tunnels_10,3474,1.2523900326900481,0.9981999522418549,0.03291809879330618,1.7810673251647526e+16,182595003699.81723,1872117.400724374,1031.7167120099461,2.0112216755741325e-10,7.999884506231548e-10
40,train_bus_ebike_mtv_ucb,berkeley_to_mtv_SF_express_bus/inner_suburb_downtown_walk_10,1179,1.0747560040646835,0.9973591431097055,0.047694359359724436,9.876051294245109e+16,227896178743.49243,497842.1064123832,1.422058143994588,6.340734767553053e-15,7.13358173776683e-10
40,train_bus_ebike_mtv_ucb,mtv_to_berkeley_sf_bart/walk_to_caltrain_11,965,1.094029028569406,0.8878090904771584,0.11566623128023519,1119120614.9451752,1119304.8470634343,1120.6581456638332,3.857312420480679,3.2190905537022167e-06,7.066114844795951e-10
40,train_bus_ebike_mtv_ucb,mtv_to_berkeley_sf_bart/commuter_rail_aboveground_11,2641,1.191807419256405,0.9962415610836289,0.02198710808463484,1599777582428693.2,8009750967.05431,40169.421112455624,893.1038327683294,1.473998768524642e-09,7.225986198398043e-10
40,train_bus_ebike_mtv_ucb,mtv_to_berkeley_sf_bart/subway_underground_11,3895,1.1895220355329692,1.0856236683071172,0.09651620557332798,inf,inf,inf,23.049521564187675,0.0,8.022390272317053e-10
40,train_bus_ebike_mtv_ucb,mtv_to_berkeley_sf_bart/walk_to_bus_11,269,1.022172695978457,0.9453516609780523,0.1448692548881331,9646408726046.777,273686084.3657414,7764.969835167699,0.16210477920320457,2.266679276158752e-12,6.946654363854002e-10
40,train_bus_ebike_mtv_ucb,mtv_to_berkeley_sf_bart/city_bus_short_11,349,1.2942963962744682,0.9760714196151574,0.05124048530907301,66538641.184030905,136509.38237752637,847.1232369313883,283.8839825300305,0.0004057020562190563,5.848063484045086e-10
40,train_bus_ebike_mtv_ucb,walk_urban_university/walk_urban_university_11,898,1.082627071163376,0.9780524145311084,0.0708027827298315,70587255111083.77,471220851.52667797,3155.5302974837564,1.654891936069383,2.1047443987337844e-11,8.783406312073868e-10
40,train_bus_ebike_mtv_ucb,berkeley_to_mtv_SF_express_bus/walk to the bikeshare location_11,423,1.0893560635539665,0.9941146781438323,0.035014192496107,inf,inf,inf,0.9061104295307536,0.0,5.692611509058333e-10
40,train_bus_ebike_mtv_ucb,berkeley_to_mtv_SF_express_bus/ebike_bikeshare_urban_long_11,1572,1.1946581044930873,0.983964661084381,0.0251590605876177,inf,inf,inf,17.187953725027125,0.0,7.481166846026598e-10
40,train_bus_ebike_mtv_ucb,berkeley_to_mtv_SF_express_bus/express_bus_11,2600,1.1716686141905124,0.9872640617240812,0.015303431318898697,193674729774.8178,15013515.718263704,6464.396225653921,41.58663644809372,2.383945306917051e-07,7.39791657760347e-10
40,train_bus_ebike_mtv_ucb,berkeley_to_mtv_SF_express_bus/walk_downtown_urban_canyon_11,620,1.0169665537221642,0.9023590129934524,0.08896429292473218,63673683.18904774,124945.8485382819,342.7569899663712,0.9949675137263494,4.708546481919872e-06,8.02529976053429e-10
40,train_bus_ebike_mtv_ucb,berkeley_to_mtv_SF_express_bus/light_rail_below_above_ground_11,799,1.164821429029239,0.9773907239790934,0.025089073824092662,374852381.6568113,243761.02007991885,963.7081248541266,13.758320880612999,5.195876853209067e-06,8.145851430344032e-10
40,train_bus_ebike_mtv_ucb,berkeley_to_mtv_SF_express_bus/commuter_rail_with_tunnels_11,4175,1.2011570291671751,0.9947014048828043,0.02386681041982883,64124963555029.11,214040188.33138523,33890.85403110104,904.8128040953233,5.5205636260126784e-08,7.999884506231548e-10
40,train_bus_ebike_mtv_ucb,berkeley_to_mtv_SF_express_bus/inner_suburb_downtown_walk_11,1255,1.069626844596422,0.9967567846870805,0.04521978205421708,3365509.1474166918,21185.264627570283,175.70889611007405,0.775605147406128,0.0001499900661778871,7.13358173776683e-10
50,unimodal_trip_car_bike_mtv_la,suburb_city_driving_weekend/suburb_city_driving_weekend_0,817,1.098848383130938,0.9700915603065949,0.037970841603085406,1119740145.2349873,565703.3029303766,1634.3047158073439,27.607674772021472,8.317840288232537e-06,4.738408267387402e-10
50,unimodal_trip_car_bike_mtv_la,suburb_bicycling/suburb_bicycling_0,1270,1.090673815030576,0.9580621052560497,0.0635935772539801,121758679.56518167,67226.7337772309,457.41750016937294,9.512035906370585,6.264186114756584e-05,8.120676155485603e-10
50,unimodal_trip_car_bike_mtv_la,suburb_city_driving_weekend/suburb_city_driving_weekend_1,702,1.1204151607274049,0.9599372367654447,0.033096859281151504,138209884.1805783,174499.23044177843,1267.3880497002156,21.520300636010024,4.1409885941186274e-05,4.738408267387402e-10
50,unimodal_trip_car_bike_mtv_la,suburb_bicycling/suburb_bicycling_1,1333,1.0865440468217906,0.9603284119928406,0.08203261450035328,1567907338.242376,183031.78728334059,273.13074728667056,7.690555659170312,6.378883713572937e-06,8.120676155485603e-10
50,unimodal_trip_car_bike_mtv_la,suburb_city_driving_weekend/suburb_city_driving_weekend_2,709,1.1203633280456395,0.9426534217583572,0.056158333134657595,107268021676.16371,8081616.220231289,1542.1355858524587,35.144262179388186,2.2622523616225637e-07,4.738408267387402e-10
50,unimodal_trip_car_bike_mtv_la,suburb_bicycling/suburb_bicycling_2,1266,1.0907908605848842,0.9490072783690476,0.05636993620780988,82657963.94858654,86112.1566023061,266.2690382334991,7.7731382957884545,6.740683960896854e-05,8.120676155485603e-10
50,unimodal_trip_car_bike_mtv_la,suburb_city_driving_weekend/suburb_city_driving_weekend_3,853,1.096423610480842,0.9395717252729129,0.0635864874342824,346561886.7198311,165650.13987848556,1108.99470483696,41.64981286121651,5.7610854977530945e-05,4.738408267387402e-10
50,unimodal_trip_car_bike_mtv_la,suburb_bicycling/suburb_bicycling_3,1320,1.086322270184237,0.9517646181791964,0.06289308584813252,3985306.6679644776,19165.43636613541,214.31482730716326,5.8469559334224845,0.0004149575262074337,8.120676155485603e-10
50,unimodal_trip_car_bike_mtv_la,suburb_city_driving_weekend/suburb_city_driving_weekend_4,773,1.1091294442919983,0.9641608177418172,0.04053360486693704,467353580253.9678,6173597.363247915,744.921476612451,12.81143830652308,2.11817056555208e-08,4.738408267387402e-10
50,unimodal_trip_car_bike_mtv_la,suburb_bicycling/suburb_bicycling_4,1285,1.088549737875304,0.9544168011452638,0.07158101997980529,1613644365.770075,333141.2756854585,618.2426850309922,9.41003683030274,3.830438099064714e-06,8.120676155485603e-10
50,unimodal_trip_car_bike_mtv_la,suburb_city_driving_weekend/suburb_city_driving_weekend_5,859,1.0962978341933842,0.947500146977833,0.04901716552205319,82377160.263422,211791.66753378703,1190.6332135866214,17.4226457618778,3.6158316802195854e-05,4.738408267387402e-10
50,unimodal_trip_car_bike_mtv_la,suburb_bicycling/suburb_bicycling_5,1297,1.087267374828877,0.9511532922189674,0.05629829668993864,247928164.24669668,136307.3325610934,279.47052062544486,8.01013556806341,2.0788984057936478e-05,8.120676155485603e-10
50,car_scooter_brex_san_jose,freeway_driving_weekday/freeway_driving_weekday_0,1976,1.1924318924647042,0.986200062546549,0.019042297964298214,151112081609.92465,20535947.69653181,8541.95710011262,342.25200204654584,2.1994167109389215e-06,6.829429384774533e-10
50,car_scooter_brex_san_jose,bus trip with e-scooter access/city_escooter_0,1257,1.0417459760772478,0.9934683706131537,0.01802533834299065,4935907.724448558,43476.634445259006,502.0547502537558,6.605875227317612,0.0002678208860345418,6.416257647001624e-10
50,car_scooter_brex_san_jose,bus trip with e-scooter access/city_bus_rapid_transit_0,2745,1.163389687407169,0.9947987035337477,0.017757948316097772,35826754391.972404,6355086.317133674,4347.933272225148,509.8417355481122,1.1016249802232931e-05,6.217521112241125e-10
50,car_scooter_brex_san_jose,bus trip with e-scooter access/walk_back_from_bus_0,681,1.0434291626958394,0.9258487644796837,0.07470599177756035,56351.267981679404,567.5493244519706,31.223425744851525,1.005722590030597,0.005238185166687134,1.0612213331756848e-09
50,car_scooter_brex_san_jose,freeway_driving_weekday/freeway_driving_weekday_1,2032,1.18607065311847,0.9989970414600045,0.02626011114855976,84229162225.61896,5705626.6266704295,6065.473985767344,91.79615426411111,1.194216855448016e-06,6.829429384774533e-10
50,car_scooter_brex_san_jose,bus trip with e-scooter access/city_escooter_1,1236,1.0421526434890436,0.9896638012925421,0.021972043337679874,2230641144.4941573,2452248.3516314058,2699.7649082444364,8.970730523915886,4.92454835502376e-06,6.416257647001624e-10
50,car_scooter_brex_san_jose,bus trip with e-scooter access/city_bus_rapid_transit_1,2925,1.1515806544825775,0.9977417513851562,0.017029843354739588,96223493399.39684,8396581.646831073,11479.033376125986,579.747484810086,5.833398427854339e-06,6.217521112241125e-10
50,car_scooter_brex_san_jose,bus trip with e-scooter access/walk_back_from_bus_1,640,1.0474594139929772,0.9271520992138511,0.06463661490948798,38091.55802196029,1114.4063409175146,45.87924241969028,0.5322444954284278,0.0013473062910655345,1.0612213331756848e-09
50,car_scooter_brex_san_jose,freeway_driving_weekday/freeway_driving_weekday_2,1749,1.2237778381016993,0.9871036262267631,0.015043579031537267,66810161371.815636,11218340.202315893,16758.635545865138,623.5691730226347,4.0187339884403455e-06,6.829429384774533e-10
50,car_scooter_brex_san_jose,bus trip with e-scooter access/city_escooter_2,1290,1.0406209181335506,0.9928261488319278,0.03731205112142282,6197281254.395787,353139.4009685597,309.0273974170241,10.028815998234567,2.0673823713822986e-06,6.416257647001624e-10
50,car_scooter_brex_san_jose,bus trip with e-scooter access/city_bus_rapid_transit_2,2622,1.1715913850747546,0.995985649197777,0.01986699263819206,18494387351567.406,189604456.44463024,6431.580338133334,703.7507154766987,9.870461135444863e-08,6.217521112241125e-10
50,car_scooter_brex_san_jose,bus trip with e-scooter access/walk_back_from_bus_2,620,1.0473522634796832,0.9180210011845933,0.07929141562651666,524584.4026437964,4973.660022367422,122.83702766808042,1.0548423022735907,0.00032744913221907206,1.0612213331756848e-09
50,car_scooter_brex_san_jose,freeway_driving_weekday/freeway_driving_weekday_3,1937,1.1965186374991097,0.9871808062998835,0.02425486208766065,618669003291.676,48823221.12023171,6874.942172113815,303.0892736400966,8.758758420401253e-07,6.829429384774533e-10
50,car_scooter_brex_san_jose,bus trip with e-scooter access/city_escooter_3,1403,1.0364829551693713,0.9954817042194246,0.05983833883575363,5862011.8593924465,48897.991985684974,536.5188304094216,11.201186999192082,0.00035800306956097966,6.416257647001624e-10
50,car_scooter_brex_san_jose,bus trip with e-scooter access/city_bus_rapid_transit_3,2456,1.18540429586999,0.9963241420773334,0.02113861871733805,301057383817.27966,19451772.408788953,3534.3239950524576,808.7960716081316,4.9298105945455865e-06,6.217521112241125e-10
50,car_scooter_brex_san_jose,bus trip with e-scooter access/walk_back_from_bus_3,648,1.0461283993757509,0.9351360110491609,0.06417141490468298,3320071.7379125636,22433.98190841253,258.0964325142359,0.805916350874217,4.523815884315561e-05,1.0612213331756848e-09
50,car_scooter_brex_san_jose,freeway_driving_weekday/freeway_driving_weekday_4,2006,1.1885208914580028,0.9820496388858354,0.03126230648009202,232693382649.28052,19140100.485485382,11219.461870678073,114.62377624294993,5.020020693872341e-07,6.829429384774533e-10
50,car_scooter_brex_san_jose,bus trip with e-scooter access/city_escooter_4,1310,1.039620183988995,0.9856522397300649,0.040870305267711717,448826894.6863434,246554.9611059299,461.304553668377,8.904339238996002,1.4681499647294271e-05,6.416257647001624e-10
50,car_scooter_brex_san_jose,bus trip with e-scooter access/city_bus_rapid_transit_4,2847,1.156450980254712,0.9961028589165372,0.01875892854616225,254614627223.29703,11655269.71055696,5340.2387757935885,1649.609443564985,1.2192461478171785e-05,6.217521112241125e-10
50,car_scooter_brex_san_jose,bus trip with e-scooter access/walk_back_from_bus_4,654,1.0465069517457688,0.9285462791353418,0.07406069811001177,6882986.930416165,14702.303976571568,190.56305647435076,0.810181290656337,5.611696147152023e-05,1.0612213331756848e-09
50,car_scooter_brex_san_jose,freeway_driving_weekday/freeway_driving_weekday_5,1921,1.1980761773432484,0.9949643868411869,0.02323164437021143,296224062589.55133,9102658.650469176,10578.10158194235,603.3953646563125,2.3388717610622295e-06,6.829429384774533e-10
50,car_scooter_brex_san_jose,bus trip with e-scooter access/city_escooter_5,1286,1.0397289596227934,0.9896033327212335,0.027488731897827325,8453641.019857448,30195.288957212157,237.27494936762494,9.253270444168653,0.0004096978449160926,6.416257647001624e-10
50,car_scooter_brex_san_jose,bus trip with e-scooter access/city_bus_rapid_transit_5,2555,1.1776030852712926,0.9968532201259499,0.014403028085332246,347748385253.78467,18820512.687526617,3021.0429699069214,684.7727869967412,3.3663307297727247e-06,6.217521112241125e-10
50,car_scooter_brex_san_jose,bus trip with e-scooter access/walk_back_from_bus_5,647,1.0451589920032545,0.9328751574247046,0.06540370915879391,2436754.839950074,7642.599334571938,97.22117347896956,0.8183964109939622,0.00013984814454074413,1.0612213331756848e-09
50,car_scooter_brex_san_jose,freeway_driving_weekday/freeway_driving_weekday_6,2002,1.1899229005519512,0.9835787332525295,0.016418078880805723,3.2808292856067113e+19,23466319688812.918,16784431.79602424,192.99377663477597,1.177669513221404e-14,6.829429384774533e-10
50,car_scooter_brex_san_jose,bus trip with e-scooter access/city_escooter_6,1482,1.034046591113879,0.9945363012399464,0.031443888127733174,9.395438592090688e+16,134402827479.95076,192305.1101218063,11.42171117111477,1.8015939568625242e-13,6.416257647001624e-10
50,car_scooter_brex_san_jose,bus trip with e-scooter access/city_bus_rapid_transit_6,2855,1.1552854821524332,0.9949674664927034,0.019684725790936847,119758263669.35596,6227684.784330581,3695.6023308310096,1747.7572097035816,1.9468289982980086e-05,6.217521112241125e-10
50,car_scooter_brex_san_jose,bus trip with e-scooter access/walk_back_from_bus_6,625,1.048819175857893,0.9250147741654907,0.07146063423397946,inf,inf,inf,1.0463636301155894,0.0,1.0612213331756848e-09
50,train_bus_ebike_mtv_ucb,mtv_to_berkeley_sf_bart/walk_to_caltrain_0,1115,1.0798996314206475,0.9440053146817338,0.05199859096533307,527576.0084780358,3272.5527782386175,67.7592230389837,1.0158966064966684,0.0005097316764291316,7.066114844795951e-10
50,train_bus_ebike_mtv_ucb,mtv_to_berkeley_sf_bart/commuter_rail_aboveground_0,2927,1.1699103468304564,0.993164867622405,0.025379184169036267,inf,inf,inf,139.20816496014515,0.0,7.225986198398043e-10
50,train_bus_ebike_mtv_ucb,mtv_to_berkeley_sf_bart/subway_underground_0,3864,1.1795275206619795,0.988895522990642,0.02397526380222663,inf,inf,inf,27.9964482117207,0.0,8.022390272317053e-10
50,train_bus_ebike_mtv_ucb,mtv_to_berkeley_sf_bart/walk_to_bus_0,285,1.0072153442106522,0.9264951693462254,0.2853583172423521,3031580.5410992242,13203.378135580098,70.42308122972692,36.01257321177884,0.0015063217624460418,8.417568395528515e-10
50,train_bus_ebike_mtv_ucb,mtv_to_berkeley_sf_bart/city_bus_short_0,473,1.187725272612657,0.9730314314809463,0.10677260597574875,140380323.63141176,133014.49748820782,947.1936447838661,333.84410133178176,0.0005046557728923052,6.4425497260919e-10
50,train_bus_ebike_mtv_ucb,walk_urban_university/walk_urban_university_0,866,1.0852523030292662,0.9822504261264109,0.046653018374287814,1678383.4871841716,10355.120482617824,182.36746445472073,1.0414683602265928,0.00031745052816657964,8.783406312073868e-10
50,train_bus_ebike_mtv_ucb,berkeley_to_mtv_SF_express_bus/walk to the bikeshare location_0,305,1.063190908063734,0.927408814174471,0.044444322291711795,2467643.611453489,3014.0610043181996,37.009929544167015,0.8601588933536564,0.00010424664857642207,4.6000558237409036e-10
50,train_bus_ebike_mtv_ucb,berkeley_to_mtv_SF_express_bus/ebike_bikeshare_urban_long_0,1467,1.2122461443254104,0.9631746714453524,0.03106168703161475,160524771446.49033,3788945.2773087206,678.9977240962922,20.581618151779168,1.3549820196193432e-07,7.591327569011733e-10
50,train_bus_ebike_mtv_ucb,berkeley_to_mtv_SF_express_bus/express_bus_0,2751,1.1684156332095168,0.9779714956067638,0.02139477578715929,240916046670.701,11691615.687706593,7710.110836820451,80.44000495714783,4.498641958074976e-07,6.769007973500341e-10
50,train_bus_ebike_mtv_ucb,berkeley_to_mtv_SF_express_bus/walk_downtown_urban_canyon_0,639,1.0228416010453756,0.8360264160694705,0.17333935350042928,867524.4275364814,7635.3742594993255,109.47784455133043,2.3819162213011387,0.00036020259513369146,1.060580868851958e-09
50,train_bus_ebike_mtv_ucb,berkeley_to_mtv_SF_express_bus/light_rail_below_above_ground_0,834,1.1584694695622915,0.9779776797423717,0.03191069446247513,1301782836301.1501,146157131.63328803,110501.31921773251,26.78962350964768,1.1861201483124894e-09,8.145851430344032e-10
50,train_bus_ebike_mtv_ucb,berkeley_to_mtv_SF_express_bus/commuter_rail_with_tunnels_0,4775,1.1718853165149357,0.9975129038920357,0.020447009636496365,9.614858702552496e+20,229236094954630.75,54654433.705386944,763.9231223454752,3.7938490067504596e-15,7.999884506231548e-10
50,train_bus_ebike_mtv_ucb,berkeley_to_mtv_SF_express_bus/inner_suburb_downtown_walk_0,1201,1.0739265613728732,0.99367240547913,0.042707927940921986,3605026.6052533183,17900.084643682778,210.2223923362591,0.830230050885743,0.00010898323424304706,7.13358173776683e-10
50,train_bus_ebike_mtv_ucb,mtv_to_berkeley_sf_bart/walk_to_caltrain_1,1012,1.0885996728621061,0.9380033564288238,0.05432166767994545,1211369.219886457,7965.780735945248,183.6920548620151,1.3509829206847825,0.00017572697803543906,7.066114844795951e-10
50,train_bus_ebike_mtv_ucb,mtv_to_berkeley_sf_bart/commuter_rail_aboveground_1,2709,1.1851406281220844,0.9917007635870672,0.025140724736796523,849345328922705.2,5077751172.780911,775570.89893373,114.25674908623172,1.1908944006885745e-10,7.225986198398043e-10
50,train_bus_ebike_mtv_ucb,mtv_to_berkeley_sf_bart/subway_underground_1,3887,1.1905516105002931,0.9695364058537981,0.019328498751293038,inf,inf,inf,42.08551699152778,0.0,8.022390272317053e-10
50,train_bus_ebike_mtv_ucb,mtv_to_berkeley_sf_bart/walk_to_bus_1,215,1.004735401206298,0.911562966245256,0.22091537710977163,9551.569500798605,305.31808980285723,15.530405750376374,1.6220896610990907,0.004882859515876,8.417568395528515e-10
50,train_bus_ebike_mtv_ucb,mtv_to_berkeley_sf_bart/city_bus_short_1,535,1.1655471854371682,0.985812079005009,0.06699019951039784,284709768.2810585,341564.26663423056,638.7877407062397,252.832370453643,0.0002559968218986476,6.4425497260919e-10
50,train_bus_ebike_mtv_ucb,walk_urban_university/walk_urban_university_1,888,1.0837592209826854,0.981547599581547,0.0516258677065059,2052701.8213347087,4652.676153821569,67.41217188580299,0.9801656544296653,0.0002767574149979045,8.783406312073868e-10
50,train_bus_ebike_mtv_ucb,berkeley_to_mtv_SF_express_bus/walk to the bikeshare location_1,219,1.0886989909077598,0.9122379216984541,0.07705307575992829,2089937.7866135992,12491.060734059383,154.7510963392786,0.9563860122813228,1.2912749018810303e-05,4.6000558237409036e-10
50,train_bus_ebike_mtv_ucb,berkeley_to_mtv_SF_express_bus/ebike_bikeshare_urban_long_1,1446,1.2156335333163455,0.9847222980441585,0.02942364450153387,10133242888.63694,915700.6252501234,713.5889351102676,20.48215887622979,1.6256374535064933e-06,7.591327569011733e-10
50,train_bus_ebike_mtv_ucb,berkeley_to_mtv_SF_express_bus/express_bus_1,2788,1.1667078001059064,0.9678664557377854,0.032367001965983716,107148499791606.64,153403104.2074256,6015.768076615897,120.48609330240242,3.115998832390133e-09,6.822293654972005e-10
50,train_bus_ebike_mtv_ucb,berkeley_to_mtv_SF_express_bus/walk_downtown_urban_canyon_1,616,1.015901936064148,0.8359656347031728,0.1515508208543315,7189619.415788258,6401.4992373672185,91.58324377218229,2.5352791504907883,0.00014019731029321536,1.060580868851958e-09
50,train_bus_ebike_mtv_ucb,berkeley_to_mtv_SF_express_bus/light_rail_below_above_ground_1,869,1.1473698556097034,0.9786147138947457,0.019144819487237057,300603347366.524,9840340.086967288,17110.882341933542,21.346281731973537,4.203516379075056e-08,8.145851430344032e-10
50,train_bus_ebike_mtv_ucb,berkeley_to_mtv_SF_express_bus/commuter_rail_with_tunnels_1,4797,1.1709937918704554,0.9974629494858669,0.01835798954573706,139393573679385.86,1859980904.2477567,637121.8533660839,106.92021681663107,1.2140294006237064e-09,7.999884506231548e-10
50,train_bus_ebike_mtv_ucb,berkeley_to_mtv_SF_express_bus/inner_suburb_downtown_walk_1,1188,1.0741179542130046,0.990482093698399,0.033000782960773314,81117420703305.48,1740590515.159235,37349.10261272871,0.6358966091582783,9.299373248137824e-12,7.13358173776683e-10
50,train_bus_ebike_mtv_ucb,mtv_to_berkeley_sf_bart/walk_to_caltrain_2,874,1.1060416088779463,0.946898082048759,0.05662675466418566,566154.7550776904,4732.240104133105,85.66193708873337,1.557863676744725,0.0003891774893355399,7.066114844795951e-10
50,train_bus_ebike_mtv_ucb,mtv_to_berkeley_sf_bart/commuter_rail_aboveground_2,2829,1.1762425625760404,0.9906587592087989,0.026191998673185484,8.198044554273115e+17,2150022748699.5906,6891884.592414644,240.4159586432215,4.3881193479573083e-13,7.225986198398043e-10
50,train_bus_ebike_mtv_ucb,mtv_to_berkeley_sf_bart/subway_underground_2,3860,1.192435790475897,0.9944528274088068,0.02256133161659185,inf,inf,inf,68.77065176643652,0.0,8.022390272317053e-10
50,train_bus_ebike_mtv_ucb,mtv_to_berkeley_sf_bart/walk_to_bus_2,223,1.010808397537759,0.9157830282006431,0.18258427331179264,4943.018533873749,192.72344725356484,13.987958644498491,1.290245883796257,0.007707922592504153,8.417568395528515e-10
50,train_bus_ebike_mtv_ucb,mtv_to_berkeley_sf_bart/city_bus_short_2,499,1.1780228118129996,0.9696751684918068,0.06365285676494548,853255285.2546633,544783.7807859502,1023.9862201092723,429.86797629903356,0.0001585096481305507,6.4425497260919e-10
50,train_bus_ebike_mtv_ucb,walk_urban_university/walk_urban_university_2,780,1.096962151039883,0.9812923991353352,0.04234880136047729,44086847.011254266,28498.845774259473,33.15496090882241,1.1819508657024442,2.0163625972182305e-05,8.783406312073868e-10
50,train_bus_ebike_mtv_ucb,berkeley_to_mtv_SF_express_bus/walk to the bikeshare location_2,1403,1.013147647205879,0.5911208907159484,0.4069804613565727,8287299421.669009,2633795.511588537,1133.627471921296,67.96223536766014,4.32186849074325e-06,4.6000558237409036e-10
50,train_bus_ebike_mtv_ucb,berkeley_to_mtv_SF_express_bus/ebike_bikeshare_urban_long_2,1543,1.2001097191915584,0.9721646253185371,0.03169398136600144,5124860406.780509,1408819.738920489,898.6647259542234,29.955988795724323,7.270281304224813e-06,7.591327569011733e-10
50,train_bus_ebike_mtv_ucb,berkeley_to_mtv_SF_express_bus/express_bus_2,2365,1.202236324410241,0.9722390688267566,0.028242214317204972,2460571916087971.5,586644157.3831019,4973.690257575457,409.56788771791264,3.921655360295713e-10,6.769007973500341e-10
50,train_bus_ebike_mtv_ucb,berkeley_to_mtv_SF_express_bus/walk_downtown_urban_canyon_2,564,1.0181713692785077,0.8545725373056228,0.14600350730562878,2098387.8385201506,11545.015747846905,145.3680179254195,2.6043010392190675,0.00022582767359106124,1.060580868851958e-09
50,train_bus_ebike_mtv_ucb,berkeley_to_mtv_SF_express_bus/light_rail_below_above_ground_2,1218,1.1034479510048696,0.9474091619605973,0.08354832776260727,52765137083.490715,1751797.54411385,1904.93456949164,53.038483137322174,1.1365155291065065e-06,8.145851430344032e-10
50,train_bus_ebike_mtv_ucb,berkeley_to_mtv_SF_express_bus/commuter_rail_with_tunnels_2,4793,1.1702608973273092,0.9958814879255747,0.03211729892957733,1.6328576328734122e+17,700746475408.0175,3007422.636911625,815.9365704060183,2.0926717022722545e-11,7.999884506231548e-10
50,train_bus_ebike_mtv_ucb,berkeley_to_mtv_SF_express_bus/inner_suburb_downtown_walk_2,1193,1.074424960602365,0.999225053415692,0.04795684699060184,146161923.8794963,33448.91457116558,256.1829393361409,0.849157160469329,4.622367645999477e-06,7.13358173776683e-10
50,train_bus_ebike_mtv_ucb,mtv_to_berkeley_sf_bart/walk_to_caltrain_3,949,1.0954065836165017,0.9247775335860994,0.0757216154615967,410686259068390.5,3894424587.568162,78925.09860338365,2.1357532476304932,3.309004683019229e-12,7.066114844795951e-10
50,train_bus_ebike_mtv_ucb,mtv_to_berkeley_sf_bart/commuter_rail_aboveground_3,2639,1.1913622084675586,0.9955419539170262,0.02256989415285152,4.100818997390432e+16,54153800373.05094,1273856.2978928245,190.45382146654384,4.568236919517488e-12,7.225986198398043e-10
50,train_bus_ebike_mtv_ucb,mtv_to_berkeley_sf_bart/subway_underground_3,3868,1.1899452839988747,0.9952886641065797,0.025328488296881092,inf,inf,inf,59.91341565157141,0.0,8.022390272317053e-10
50,train_bus_ebike_mtv_ucb,mtv_to_berkeley_sf_bart/walk_to_bus_3,309,1.0195085540598094,0.9698029455469791,0.2992796181023534,2.144738404225294e+18,1022690966160.2357,487666.9499873831,23.70435942258258,1.7075357951715835e-15,8.417568395528515e-10
50,train_bus_ebike_mtv_ucb,mtv_to_berkeley_sf_bart/city_bus_short_3,378,1.2526017169820336,0.9576853108313415,0.03378377185277651,140498129.27514905,127789.77460634886,719.0305734724896,324.4811021127614,0.00036987307979270456,6.4425497260919e-10
50,train_bus_ebike_mtv_ucb,walk_urban_university/walk_urban_university_3,797,1.0942109175206816,0.9785787958304913,0.03862147976113899,2258005918104.9556,160428214.39659828,11398.762937748255,1.8883771641856266,6.659386226819205e-10,8.783406312073868e-10
50,train_bus_ebike_mtv_ucb,berkeley_to_mtv_SF_express_bus/walk to the bikeshare location_3,519,1.0708071431547226,0.978993470273305,0.03700601124372408,3601160865.885406,1234631.5184776068,512.2714147175191,1.040341920615747,1.4032344651870004e-07,5.692611509058333e-10
50,train_bus_ebike_mtv_ucb,berkeley_to_mtv_SF_express_bus/ebike_bikeshare_urban_long_3,1586,1.1937928502189994,0.9822915822241656,0.027664793957965592,2850425792.765307,251356.61549390704,363.07308318808356,14.695188512445467,7.575648264040843e-06,7.481166846026598e-10
50,train_bus_ebike_mtv_ucb,berkeley_to_mtv_SF_express_bus/express_bus_3,2741,1.1612161764189428,0.9847156225628272,0.01668087531873391,326054603949.83594,84730170.43822719,22052.694803705595,38.588840005669724,2.5292175445457905e-07,7.342253319793175e-10
50,train_bus_ebike_mtv_ucb,berkeley_to_mtv_SF_express_bus/walk_downtown_urban_canyon_3,785,1.0121577735661518,0.8830102017391962,0.10751961789862412,inf,inf,inf,19.45296401583056,0.0,8.02529976053429e-10
50,train_bus_ebike_mtv_ucb,berkeley_to_mtv_SF_express_bus/light_rail_below_above_ground_3,930,1.140471929943614,0.9856129629220856,0.028287174817367713,5723889035355574.0,6885588459.248999,186367.11609263963,18.282525025074506,2.6501816038587855e-12,8.145851430344032e-10
50,train_bus_ebike_mtv_ucb,berkeley_to_mtv_SF_express_bus/commuter_rail_with_tunnels_3,3579,1.2425810516383924,0.9968581645488342,0.02751475825337328,312175044062033.9,1288118243.6378047,213503.1803795226,296.08421034388545,2.569506894710861e-09,7.999884506231548e-10
50,train_bus_ebike_mtv_ucb,berkeley_to_mtv_SF_express_bus/inner_suburb_downtown_walk_3,1186,1.074666833186685,0.995566267538603,0.040089005735421374,1888704789.3545876,740770.7893262185,295.1272354205223,1.049160996539253,6.534792939779017e-07,7.13358173776683e-10
50,train_bus_ebike_mtv_ucb,mtv_to_berkeley_sf_bart/walk_to_caltrain_4,960,1.0936529756486262,0.9376241901172634,0.06364239614109067,1.039738082210678e+19,4957857525186.422,2364128.907404039,1.8977205049284942,1.7521828433637444e-16,7.066114844795951e-10
50,train_bus_ebike_mtv_ucb,mtv_to_berkeley_sf_bart/commuter_rail_aboveground_4,2716,1.184768680053126,0.99373213239174,0.032237446565217306,2.41267500767062e+19,4697631175301.504,6490031.699794815,393.0363479277097,4.255779319229187e-14,7.225986198398043e-10
50,train_bus_ebike_mtv_ucb,mtv_to_berkeley_sf_bart/subway_underground_4,3882,1.1899937289785,1.036387101126863,0.051637876973952584,inf,inf,inf,17.66516105936932,0.0,8.022390272317053e-10
50,train_bus_ebike_mtv_ucb,mtv_to_berkeley_sf_bart/walk_to_bus_4,318,1.017214138932621,0.9846260329363267,0.3083812856673508,2.287766616564004e+16,49090146215.56137,105344.0997595273,19.847181101395947,2.742498669654519e-13,8.417568395528515e-10
50,train_bus_ebike_mtv_ucb,mtv_to_berkeley_sf_bart/city_bus_short_4,344,1.2802506440922412,0.9679793970553906,0.04755556661265382,42160369.36942069,64034.92974459132,649.791930916281,56.71613372469541,0.00017019507910441987,6.4425497260919e-10
50,train_bus_ebike_mtv_ucb,walk_urban_university/walk_urban_university_4,797,1.0943910708015385,0.9762471943418328,0.04986383356378043,171974381396952.47,1353062360.5021343,18004.16097828759,2.1636097043036573,8.894540090443716e-12,8.783406312073868e-10
50,train_bus_ebike_mtv_ucb,berkeley_to_mtv_SF_express_bus/walk to the bikeshare location_4,423,1.081873462146632,0.9757339130025251,0.03252413397510759,141293333.95320213,31502.218990385096,57.96645655927732,1.6245993153627831,4.851027869117164e-06,5.692611509058333e-10
50,train_bus_ebike_mtv_ucb,berkeley_to_mtv_SF_express_bus/ebike_bikeshare_urban_long_4,1297,1.2473953722311308,0.9896004625907594,0.026306103137409238,1184327935.2193735,690123.6195144085,847.8045626383232,21.753792999165757,1.9016211222784047e-05,7.481166846026598e-10
50,train_bus_ebike_mtv_ucb,berkeley_to_mtv_SF_express_bus/express_bus_4,2768,1.1595518300253291,0.9747157004676398,0.022551468031725974,44780511492.07574,9003792.694218282,5209.622224890267,37.762862208742774,6.080772395061078e-07,7.342253319793175e-10
50,train_bus_ebike_mtv_ucb,berkeley_to_mtv_SF_express_bus/walk_downtown_urban_canyon_4,687,1.0155550644716347,0.8680409604215221,0.12373774916571322,1.4572378595900606e+16,45166235606.413246,182000.4166488166,12.070394628513478,3.0908237343985824e-13,8.02529976053429e-10
50,train_bus_ebike_mtv_ucb,berkeley_to_mtv_SF_express_bus/light_rail_below_above_ground_4,978,1.1316995244750658,0.9762004634048554,0.033598595902322205,2.085992467031601e+16,24866972505.86797,379555.2020998466,27.86301719910596,7.367888780072152e-13,8.145851430344032e-10
50,train_bus_ebike_mtv_ucb,berkeley_to_mtv_SF_express_bus/commuter_rail_with_tunnels_4,4839,1.1691312469162367,0.9968915805502455,0.03569284342887911,57352606641602.38,82288995.3656966,14970.971110510656,842.1364519255002,6.962093523942022e-08,7.999884506231548e-10
50,train_bus_ebike_mtv_ucb,berkeley_to_mtv_SF_express_bus/inner_suburb_downtown_walk_4,1081,1.0827986868850388,0.9966288053274287,0.04725599698187916,1777300607.6124265,1811263.2465996575,3080.995480996913,1.1735805082357729,2.8919469773816195e-07,7.13358173776683e-10
50,train_bus_ebike_mtv_ucb,mtv_to_berkeley_sf_bart/walk_to_caltrain_5,953,1.0955377151487455,0.9487565568801912,0.057725635077007946,3.89214665437874e+17,251994435383.24158,1012415.5558300182,2.328373848898359,1.873306860154069e-15,7.066114844795951e-10
50,train_bus_ebike_mtv_ucb,mtv_to_berkeley_sf_bart/commuter_rail_aboveground_5,2913,1.1698908683633351,0.9963953555114579,0.03398391860120614,4.921978873824142e+20,117349255221317.11,55956517.384336315,446.3549151041373,1.4995908990596683e-15,7.225986198398043e-10
50,train_bus_ebike_mtv_ucb,mtv_to_berkeley_sf_bart/subway_underground_5,3900,1.1853006964856805,0.9954414281855775,0.025865848213252548,inf,inf,inf,12.173073707334668,0.0,8.022390272317053e-10
50,train_bus_ebike_mtv_ucb,mtv_to_berkeley_sf_bart/walk_to_bus_5,304,0.981224067490317,0.8824163210476238,0.275081972966545,688262112.899375,480147.0370445035,517.6009395383699,10.06453857357402,2.4070341397435703e-06,8.417568395528515e-10
50,train_bus_ebike_mtv_ucb,mtv_to_berkeley_sf_bart/city_bus_short_5,309,1.3267780084595318,0.9682903930443685,0.040695809414695146,30242241473.895466,8024642.390151613,10656.159174313543,37.60776443491867,1.9528668171469909e-07,6.4425497260919e-10
50,train_bus_ebike_mtv_ucb,walk_urban_university/walk_urban_university_5,826,1.0912703168849494,0.9421291304192584,0.04199304766873166,50904159449.739204,12488381.589853128,3064.1061564907886,1.9758767242048134,2.002892841706773e-08,8.783406312073868e-10
50,train_bus_ebike_mtv_ucb,berkeley_to_mtv_SF_express_bus/walk to the bikeshare location_5,356,1.1082698172397754,0.9969791596642373,0.04532214633936056,5783.810723081364,371.39291652448264,28.271788865060433,0.9460514113712821,0.037898423353695795,5.692611509058333e-10
50,train_bus_ebike_mtv_ucb,berkeley_to_mtv_SF_express_bus/ebike_bikeshare_urban_long_5,1414,1.2221166437991446,0.9450685497599555,0.05051760034366362,216095137465.2246,5976464.593526521,576.9903035733963,31.728861561556947,1.5169990911624146e-07,7.481166846026598e-10
50,train_bus_ebike_mtv_ucb,berkeley_to_mtv_SF_express_bus/express_bus_5,2381,1.1901073489375285,0.9672676801054748,0.03130540069734831,90984837205358.64,108801872.53187199,11740.213929776206,655.6062538055288,1.7113569326557845e-08,7.342253319793175e-10
50,train_bus_ebike_mtv_ucb,berkeley_to_mtv_SF_express_bus/walk_downtown_urban_canyon_5,652,1.0130380518125965,0.8750108211175981,0.12039522392531701,2.4616508838155915e+19,5417569012921.58,1937473.641026072,6.792535152337878,9.232193370815162e-17,8.02529976053429e-10
50,train_bus_ebike_mtv_ucb,berkeley_to_mtv_SF_express_bus/light_rail_below_above_ground_5,799,1.1549854912682338,0.9736099643277499,0.021941972004401105,737039050.9289128,405718.9601121262,1080.9062600788811,12.391393521429915,4.9676060866561786e-06,8.145851430344032e-10
50,train_bus_ebike_mtv_ucb,berkeley_to_mtv_SF_express_bus/commuter_rail_with_tunnels_5,4252,1.1966217433545243,0.9952035472579681,0.023326300483583418,120761389098239.58,498715238.00508523,17315.023816772147,572.4589259468239,1.9568792026249886e-08,7.999884506231548e-10
50,train_bus_ebike_mtv_ucb,berkeley_to_mtv_SF_express_bus/inner_suburb_downtown_walk_5,1063,1.0837897723786443,0.9964671672294578,0.049945147447710295,618631502.0341696,812622.3333215876,1075.589700838115,1.061340282522323,1.8136363921780397e-06,7.13358173776683e-10
50,train_bus_ebike_mtv_ucb,mtv_to_berkeley_sf_bart/walk_to_caltrain_6,945,1.0943668186564532,0.9533283105384409,0.047387994095183975,783388175675.4169,88344279.43169256,9966.908708835308,1.94713440528625,2.3473026029183693e-09,7.066114844795951e-10
50,train_bus_ebike_mtv_ucb,mtv_to_berkeley_sf_bart/commuter_rail_aboveground_6,2859,1.174898475263851,0.9968861494803001,0.03147638182223582,299919474588.5014,28430317.505191967,26840.342209801744,1886.370786695834,3.833615006331733e-06,7.225986198398043e-10
50,train_bus_ebike_mtv_ucb,mtv_to_berkeley_sf_bart/subway_underground_6,3901,1.1888153695217625,0.9968819785285314,0.013672434863613886,2.000844626478409e+16,10394049611.087158,781346.9986666271,59.46654108914718,1.0357249735062074e-11,8.022390272317053e-10
50,train_bus_ebike_mtv_ucb,mtv_to_berkeley_sf_bart/walk_to_bus_6,292,1.0112037324657515,0.9349428917605862,0.2616957275117698,119108673.08389446,151447.49301654325,371.1409342634205,6.414940300318439,6.108780996384529e-06,8.417568395528515e-10
50,train_bus_ebike_mtv_ucb,mtv_to_berkeley_sf_bart/city_bus_short_6,366,1.1933310208133237,0.9748670505957341,0.03749487842903497,51378188.94601195,114440.90760323666,927.0817268319028,387.71466616993575,0.0005478132770599958,6.922048303980974e-10
50,train_bus_ebike_mtv_ucb,walk_urban_university/walk_urban_university_6,824,1.0908826258836604,0.9685104095024464,0.05569646214687014,5815261849.69637,1041256.6610463636,637.0974388393374,1.621782949451964,1.939159178146328e-07,8.783406312073868e-10
50,train_bus_ebike_mtv_ucb,berkeley_to_mtv_SF_express_bus/walk to the bikeshare location_6,431,1.0867783565118991,0.9949695450921687,0.044052559149501916,12246020332.315022,1261935.0982150596,850.6650363139482,1.1285322465153553,3.926050503399244e-08,5.692611509058333e-10
50,train_bus_ebike_mtv_ucb,berkeley_to_mtv_SF_express_bus/ebike_bikeshare_urban_long_6,1513,1.205552394831096,0.975957340903005,0.02928205105852851,1815763036.6351955,563651.8195760206,574.6344832643139,19.39159285321261,1.0769221810673624e-05,7.481166846026598e-10
50,train_bus_ebike_mtv_ucb,berkeley_to_mtv_SF_express_bus/express_bus_6,2422,1.186775116729081,0.9642763592661338,0.0609074520613112,1041940725678.7263,58626654.009249,11034.620176927076,1614.9626903555354,1.6498836522065514e-06,7.342253319793175e-10
50,train_bus_ebike_mtv_ucb,berkeley_to_mtv_SF_express_bus/walk_downtown_urban_canyon_6,666,1.0171660376133402,0.8967588940019285,0.11244874447144966,inf,inf,inf,1.6943767514441608,0.0,8.02529976053429e-10
50,train_bus_ebike_mtv_ucb,berkeley_to_mtv_SF_express_bus/light_rail_below_above_ground_6,941,1.1402625530901338,0.9886624811705397,0.023775988287386324,152086408.3890417,154155.42148260504,755.6390803283944,14.392530608379817,2.9532496636575202e-05,8.145851430344032e-10
50,train_bus_ebike_mtv_ucb,berkeley_to_mtv_SF_express_bus/commuter_rail_with_tunnels_6,4217,1.1988857076704018,0.9971460732473327,0.02131427576406087,6.60824943612259e+16,57793314047.784424,697399.4005053737,348.9603697746751,1.8433104857401e-11,7.999884506231548e-10
50,train_bus_ebike_mtv_ucb,berkeley_to_mtv_SF_express_bus/inner_suburb_downtown_walk_6,1188,1.0738826255310765,0.9944354075597653,0.0369655173128416,29109154.542715646,67629.20218454055,285.02563132820313,0.9887601871336813,2.2926901778211387e-05,7.13358173776683e-10
50,train_bus_ebike_mtv_ucb,mtv_to_berkeley_sf_bart/walk_to_caltrain_7,1068,1.0828504778722483,0.9144186655761695,0.08411348100912373,212295686.83406672,390003.1015375756,723.4862051324998,2.2441398410297793,6.040728205119846e-06,7.066114844795951e-10
50,train_bus_ebike_mtv_ucb,mtv_to_berkeley_sf_bart/commuter_rail_aboveground_7,2786,1.1797285620215774,0.9958049622479955,0.023013108548587905,46771631929343.71,345688007.8141834,21073.363436209573,963.5834233976498,5.498681709309223e-08,7.225986198398043e-10
50,train_bus_ebike_mtv_ucb,mtv_to_berkeley_sf_bart/subway_underground_7,3898,1.1883839249300352,0.9962726286343799,0.013851969456934218,4.25375642245464e+19,10141745276873.73,16188329.627351746,39.315181031993276,4.670485019967864e-16,8.022390272317053e-10
50,train_bus_ebike_mtv_ucb,mtv_to_berkeley_sf_bart/walk_to_bus_7,295,1.0189141518045253,0.9506474755933385,0.2050573545089659,2.249424411942116e+18,1072609144768.5773,511472.0912014235,1.944546040268264,2.3967434586510773e-16,8.417568395528515e-10
50,train_bus_ebike_mtv_ucb,mtv_to_berkeley_sf_bart/city_bus_short_7,304,1.2541401479273258,0.9613654608451583,0.05147760548891027,738891106.272699,376460.6804016802,1012.592828637038,364.96623338481436,8.292025971913987e-05,6.922048303980974e-10
50,train_bus_ebike_mtv_ucb,walk_urban_university/walk_urban_university_7,851,1.0885569421297292,0.9814220233741067,0.06501493216222028,4540879.082349606,24636.03629937552,134.5076234343181,2.253916397002695,0.00020284734723433846,8.783406312073868e-10
50,train_bus_ebike_mtv_ucb,berkeley_to_mtv_SF_express_bus/walk to the bikeshare location_7,442,1.087033213507231,0.9635872202208832,0.027801653371958085,13915.84042915769,545.3348606391,24.230133255332746,1.9403786735886104,0.011250255717662508,5.692611509058333e-10
50,train_bus_ebike_mtv_ucb,berkeley_to_mtv_SF_express_bus/ebike_bikeshare_urban_long_7,1343,1.2367271889777305,0.9874880955559338,0.024172624599621023,2278193849.425282,530686.4344253165,569.5974369334764,22.34425867810427,1.0694110680635873e-05,7.481166846026598e-10
50,train_bus_ebike_mtv_ucb,berkeley_to_mtv_SF_express_bus/express_bus_7,2349,1.1936553641922936,0.9806114499367824,0.026682719669457337,21685059980.68419,7134787.9496238185,7604.713703353696,51.35191869836895,1.9024885064302017e-06,7.39791657760347e-10
50,train_bus_ebike_mtv_ucb,berkeley_to_mtv_SF_express_bus/walk_downtown_urban_canyon_7,659,1.0180392949626504,0.8991215431677726,0.1007217963232349,3.3587523198623584e+19,8007889556935.811,1909243.8055562128,2.39880286128632,2.3456162766538422e-17,8.02529976053429e-10
50,train_bus_ebike_mtv_ucb,berkeley_to_mtv_SF_express_bus/light_rail_below_above_ground_7,885,1.1425299957631614,0.9820353397242455,0.043248185300691515,200130117530.0886,29649160.890774246,10790.530631493573,20.027354728040446,3.5904937685550833e-08,8.145851430344032e-10
50,train_bus_ebike_mtv_ucb,berkeley_to_mtv_SF_express_bus/commuter_rail_with_tunnels_7,3506,1.249000021152574,0.9924621779371767,0.025841138505794822,223518709600.46805,70920908.2890355,35492.54418845343,584.3571523118251,1.0345477250671943e-06,7.999884506231548e-10
50,train_bus_ebike_mtv_ucb,berkeley_to_mtv_SF_express_bus/inner_suburb_downtown_walk_7,1183,1.0749632752668052,0.9963359381452505,0.04956925995294613,38223432.67830953,108870.15598446559,475.0638191317199,0.9658906488758401,1.4991004577476188e-05,7.13358173776683e-10
50,train_bus_ebike_mtv_ucb,mtv_to_berkeley_sf_bart/walk_to_caltrain_8,930,1.0969774543749897,0.9267776133784803,0.07336138659162932,51794755.94077417,146431.74717418465,418.59870421256124,1.776585993556304,2.9887698392254937e-05,7.066114844795951e-10
50,train_bus_ebike_mtv_ucb,mtv_to_berkeley_sf_bart/commuter_rail_aboveground_8,2857,1.1743145902344905,0.9948999944135437,0.04137664431487875,273069894748.46628,22963493.39275743,19848.404769003744,1960.440616378173,5.771496416939829e-06,7.225986198398043e-10
50,train_bus_ebike_mtv_ucb,mtv_to_berkeley_sf_bart/subway_underground_8,3959,1.1866120443423807,0.9942838859793917,0.021983477945364847,inf,inf,inf,42.55204752919733,0.0,8.022390272317053e-10
50,train_bus_ebike_mtv_ucb,mtv_to_berkeley_sf_bart/walk_to_bus_8,310,1.0141673616511007,0.9858767349816652,0.19275072401409982,569941.7300550182,4167.843430889083,64.62580452563476,0.3236468030484855,3.9829198404864635e-05,8.417568395528515e-10
50,train_bus_ebike_mtv_ucb,mtv_to_berkeley_sf_bart/city_bus_short_8,301,1.253930808086201,0.9634151161627574,0.042273572876940925,480675989.5580266,152090.65961074317,633.724063976581,80.62646881352113,3.579836270757381e-05,6.922048303980974e-10
50,train_bus_ebike_mtv_ucb,walk_urban_university/walk_urban_university_8,875,1.0849693539532443,0.9809342046091587,0.04923940479599914,19137034.909867946,52580.35624641054,363.07541096761037,1.2308470749708489,1.80504066857866e-05,8.783406312073868e-10
50,train_bus_ebike_mtv_ucb,berkeley_to_mtv_SF_express_bus/walk to the bikeshare location_8,408,1.09519981998664,0.9975105393995395,0.041615244257370544,593.6822638840581,44.55248757018765,6.90089563853008,1.3548866051421564,0.15245052349008853,5.692611509058333e-10
50,train_bus_ebike_mtv_ucb,berkeley_to_mtv_SF_express_bus/ebike_bikeshare_urban_long_8,1518,1.2048345218974925,0.9714045497468168,0.029565271545696603,3580415656.7547364,509631.7873493966,423.3020956680022,20.342872866089255,4.65768154221529e-06,7.481166846026598e-10
50,train_bus_ebike_mtv_ucb,berkeley_to_mtv_SF_express_bus/express_bus_8,2592,1.1717501324029564,0.9801209804124913,0.021698890389093402,313623167462.4791,55309549.402055666,20111.596856573797,37.03124619664227,1.869473088939335e-07,7.39791657760347e-10
50,train_bus_ebike_mtv_ucb,berkeley_to_mtv_SF_express_bus/walk_downtown_urban_canyon_8,600,1.016174717026029,0.8706328372730409,0.12572827077401022,27205886866.346684,7137413.535307858,2955.188126171917,14.286344239456998,1.0486164381709819e-07,8.02529976053429e-10
50,train_bus_ebike_mtv_ucb,berkeley_to_mtv_SF_express_bus/light_rail_below_above_ground_8,778,1.163861941862176,0.9731012920473451,0.025805419022809438,1534659304.3697283,478206.8385802821,1729.7658422884172,14.577428164062432,3.889448555523193e-06,8.145851430344032e-10
50,train_bus_ebike_mtv_ucb,berkeley_to_mtv_SF_express_bus/commuter_rail_with_tunnels_8,3844,1.2228946151617601,0.9960682839241618,0.019691146825154427,202948530900961.34,822573938.7346503,21772.075308828847,592.8818803886738,9.660318003636179e-09,7.999884506231548e-10
50,train_bus_ebike_mtv_ucb,berkeley_to_mtv_SF_express_bus/inner_suburb_downtown_walk_8,1209,1.0728011476574286,0.983281753693659,0.05269989630843635,250303811.38856602,282140.08589748654,507.4352543151136,1.1426344356625284,1.8007361226712147e-06,7.13358173776683e-10
50,train_bus_ebike_mtv_ucb,mtv_to_berkeley_sf_bart/walk_to_caltrain_9,945,1.0954605058009415,0.9262476152245765,0.0719996843508821,11523003412.44639,5758352.601746507,2883.80640479369,2.2760558612640636,1.763712717690431e-07,7.066114844795951e-10
50,train_bus_ebike_mtv_ucb,mtv_to_berkeley_sf_bart/commuter_rail_aboveground_9,2690,1.1877978720363205,0.9957847389990933,0.029642050649719653,1406057026815.7424,125711339.03830764,19820.670819570296,4098.832083086266,3.2404031436010834e-06,7.225986198398043e-10
50,train_bus_ebike_mtv_ucb,mtv_to_berkeley_sf_bart/subway_underground_9,3904,1.1885711762327678,0.9564853270972831,0.02459776739169111,inf,inf,inf,46.56302674288418,0.0,8.022390272317053e-10
50,train_bus_ebike_mtv_ucb,mtv_to_berkeley_sf_bart/walk_to_bus_9,295,1.019113170507507,0.967816824894655,0.23570741468444018,14350573498.954033,3688339.625521884,950.6225913437839,0.6702452797182699,1.3769663930447852e-08,8.417568395528515e-10
50,train_bus_ebike_mtv_ucb,mtv_to_berkeley_sf_bart/city_bus_short_9,363,1.1985066607877144,0.9673987264262646,0.03793677330555273,345916881.6953748,235295.57553675573,1235.4005026421264,377.34789659608526,0.00018497602321524922,6.922048303980974e-10
50,train_bus_ebike_mtv_ucb,walk_urban_university/walk_urban_university_9,836,1.0882309682362954,0.972367234974945,0.0356040666730273,133992856.91520856,106388.7821116839,268.96045391199306,1.0673512513033456,5.8784873166935886e-06,8.783406312073868e-10
50,train_bus_ebike_mtv_ucb,berkeley_to_mtv_SF_express_bus/walk to the bikeshare location_9,432,1.0891073388656758,0.9907867486070506,0.03702631527957419,821315.6581463086,5236.616263623316,36.237506111921576,1.6201791255930997,0.0007426867232172682,5.692611509058333e-10
50,train_bus_ebike_mtv_ucb,berkeley_to_mtv_SF_express_bus/ebike_bikeshare_urban_long_9,1623,1.1880278651697171,0.9920376642687037,0.06490806509489877,7393209581.822144,632810.4540146356,771.5071180226538,26.093887064723198,3.7995332203495294e-06,7.481166846026598e-10
50,train_bus_ebike_mtv_ucb,berkeley_to_mtv_SF_express_bus/express_bus_9,2317,1.1963551615332029,0.9767409593611139,0.031104837240793645,80967200233309.52,251630337.1914039,7334.59962470816,398.20852318469724,1.1292242815417966e-08,7.342253319793175e-10
50,train_bus_ebike_mtv_ucb,berkeley_to_mtv_SF_express_bus/walk_downtown_urban_canyon_9,690,1.013759196669441,0.8583053446939868,0.13430097522534495,46052128122.47203,9705988.522983747,2050.0497148027903,4.800960422186815,7.168646337909299e-08,8.02529976053429e-10
50,train_bus_ebike_mtv_ucb,berkeley_to_mtv_SF_express_bus/light_rail_below_above_ground_9,1170,1.1071992676153348,0.9784341038359585,0.04469117412943585,9315545364462.436,51082725.14622259,4322.601304340047,17.83950938470059,2.2174147797604513e-09,8.145851430344032e-10
50,train_bus_ebike_mtv_ucb,berkeley_to_mtv_SF_express_bus/commuter_rail_with_tunnels_9,3566,1.2440506096065116,0.9897726116776953,0.03799472147896183,18838634112750.016,341408295.0289985,188676.13525037703,1102.4592192626328,6.708271955247654e-08,7.999884506231548e-10
50,train_bus_ebike_mtv_ucb,berkeley_to_mtv_SF_express_bus/inner_suburb_downtown_walk_9,1229,1.0715652742027313,0.9910376843566993,0.04739412992092067,7893347223667022.0,37638412928.028404,179491.95897445874,0.849173119815844,1.3216305428537585e-13,7.13358173776683e-10
50,train_bus_ebike_mtv_ucb,mtv_to_berkeley_sf_bart/walk_to_caltrain_10,1038,1.0871036742378968,0.9119518405378026,0.08618130993992668,1.209825433653318e+18,1153779444231.0796,1100360.240460488,2.3982857946982663,2.0576653452194917e-15,7.066114844795951e-10
50,train_bus_ebike_mtv_ucb,mtv_to_berkeley_sf_bart/commuter_rail_aboveground_10,2748,1.1834306999310864,0.9936895104697325,0.025380160581654126,15401833642134.121,59006691.73835343,14307.473710091348,1344.3307156286528,2.2869634447283433e-07,7.225986198398043e-10
50,train_bus_ebike_mtv_ucb,mtv_to_berkeley_sf_bart/subway_underground_10,4979,1.1426694546365235,1.0402830197298958,0.13688337431924086,inf,inf,inf,210.72221435881676,0.0,8.022390272317053e-10
50,train_bus_ebike_mtv_ucb,mtv_to_berkeley_sf_bart/walk_to_bus_10,294,1.0074662019875977,0.9601579949336105,0.17558123049203397,inf,inf,inf,0.24460754780537305,0.0,8.417568395528515e-10
50,train_bus_ebike_mtv_ucb,mtv_to_berkeley_sf_bart/city_bus_short_10,431,1.16755667949454,0.9880756641459634,0.053501621270987516,132255407.29243428,188981.3922436633,943.5439260512471,603.8971429676151,0.00031993607099512075,6.922048303980974e-10
50,train_bus_ebike_mtv_ucb,walk_urban_university/walk_urban_university_10,789,1.0955791838281446,0.9825069780818352,0.03980815691262191,20422369516.06888,2463962.428562347,3527.425309938979,1.197352731457539,3.443737807490754e-08,8.783406312073868e-10
50,train_bus_ebike_mtv_ucb,berkeley_to_mtv_SF_express_bus/walk to the bikeshare location_10,389,1.1009268787162443,0.9976294762960949,0.032629798372270785,140224837.37110943,273817.2157157199,823.7529838770906,1.1161240088029065,1.621664074163215e-06,5.692611509058333e-10
50,train_bus_ebike_mtv_ucb,berkeley_to_mtv_SF_express_bus/ebike_bikeshare_urban_long_10,1465,1.2137480054438836,0.9552871083464438,0.04233447326287969,85368592.60868542,101454.470863926,702.5469392062192,25.007500146270072,0.00010819914796488225,7.481166846026598e-10
50,train_bus_ebike_mtv_ucb,berkeley_to_mtv_SF_express_bus/express_bus_10,2907,1.1508506121901214,0.9877335608285095,0.01613238117929464,27505603057316.066,26184717.557919502,8434.766849575502,26.635002933359903,2.8102166324366374e-09,7.342253319793175e-10
50,train_bus_ebike_mtv_ucb,berkeley_to_mtv_SF_express_bus/walk_downtown_urban_canyon_10,617,1.0165926738972977,0.8766866170434947,0.12263742617717109,7729538953171.115,307758547.6841044,12276.46126436453,7.130666250791486,5.689083994315507e-10,8.02529976053429e-10
50,train_bus_ebike_mtv_ucb,berkeley_to_mtv_SF_express_bus/light_rail_below_above_ground_10,1016,1.127149574065417,0.9822516343263733,0.08334735662329999,1374869281.5964863,1699638.5360366527,2112.1450792928454,66.41398035408804,2.9690136733584567e-05,8.145851430344032e-10
50,train_bus_ebike_mtv_ucb,berkeley_to_mtv_SF_express_bus/commuter_rail_with_tunnels_10,3474,1.2523900326900481,0.9981999522418549,0.03291809879330618,1.7810673251647526e+16,182595003699.81723,1872117.400724374,767.6393205719463,1.496631903649098e-10,7.999884506231548e-10
50,train_bus_ebike_mtv_ucb,berkeley_to_mtv_SF_express_bus/inner_suburb_downtown_walk_10,1179,1.0747560040646835,0.9973591431097055,0.047694359359724436,9.876051294245109e+16,227896178743.49243,497842.1064123832,1.422058143994588,6.340734767553053e-15,7.13358173776683e-10
50,train_bus_ebike_mtv_ucb,mtv_to_berkeley_sf_bart/walk_to_caltrain_11,965,1.094029028569406,0.8878090904771584,0.11566623128023519,1119120614.9451752,1119304.8470634343,1120.6581456638332,3.857312420480679,3.2190905537022167e-06,7.066114844795951e-10
50,train_bus_ebike_mtv_ucb,mtv_to_berkeley_sf_bart/commuter_rail_aboveground_11,2641,1.191807419256405,0.9962415609760376,0.023115251933404236,1599777582428693.2,8009750967.05431,40169.421112455624,719.2715518259707,1.18710366540773e-09,7.225986198398043e-10
50,train_bus_ebike_mtv_ucb,mtv_to_berkeley_sf_bart/subway_underground_11,3895,1.1895220355329692,1.0856236683071172,0.09651620557332798,inf,inf,inf,26.48414057861518,0.0,8.022390272317053e-10
50,train_bus_ebike_mtv_ucb,mtv_to_berkeley_sf_bart/walk_to_bus_11,269,1.022172695978457,0.9453516609780523,0.1448692548881331,9646408726046.777,273686084.3657414,7764.969835167699,0.16210477920320457,2.266679276158752e-12,6.946654363854002e-10
50,train_bus_ebike_mtv_ucb,mtv_to_berkeley_sf_bart/city_bus_short_11,349,1.2942963962744682,0.9760714196151574,0.05124048530907301,66538641.184030905,136509.38237752637,847.1232369313883,283.8839825300305,0.0004057020562190563,5.848063484045086e-10
50,train_bus_ebike_mtv_ucb,walk_urban_university/walk_urban_university_11,898,1.082627071163376,0.9780524145311084,0.0708027827298315,70587255111083.77,471220851.52667797,3155.5302974837564,1.654891936069383,2.1047443987337844e-11,8.783406312073868e-10
50,train_bus_ebike_mtv_ucb,berkeley_to_mtv_SF_express_bus/walk to the bikeshare location_11,423,1.0893560635539665,0.9941146781438323,0.035014192496107,inf,inf,inf,0.9061104295307536,0.0,5.692611509058333e-10
50,train_bus_ebike_mtv_ucb,berkeley_to_mtv_SF_express_bus/ebike_bikeshare_urban_long_11,1572,1.1946581044930873,0.983964661084381,0.0251590605876177,inf,inf,inf,17.187953725027125,0.0,7.481166846026598e-10
50,train_bus_ebike_mtv_ucb,berkeley_to_mtv_SF_express_bus/express_bus_11,2600,1.1716686141905124,0.9872640617240812,0.015303431318898697,193674729774.8178,15013515.718263704,6464.396225653921,41.58663644809372,2.383945306917051e-07,7.39791657760347e-10
50,train_bus_ebike_mtv_ucb,berkeley_to_mtv_SF_express_bus/walk_downtown_urban_canyon_11,620,1.0169665537221642,0.9023590129934524,0.08896429292473218,63673683.18904774,124945.8485382819,342.7569899663712,0.9949675137263494,4.708546481919872e-06,8.02529976053429e-10
50,train_bus_ebike_mtv_ucb,berkeley_to_mtv_SF_express_bus/light_rail_below_above_ground_11,799,1.164821429029239,0.9773907239790934,0.025089073824092662,374852381.6568113,243761.02007991885,963.7081248541266,13.758320880612999,5.195876853209067e-06,8.145851430344032e-10
50,train_bus_ebike_mtv_ucb,berkeley_to_mtv_SF_express_bus/commuter_rail_with_tunnels_11,4175,1.2011570291671751,0.9947014049513979,0.02386681041982883,64124963555029.11,214040188.33138523,78222.67023571747,964.5720786211858,5.563234305809996e-08,7.999884506231548e-10
50,train_bus_ebike_mtv_ucb,berkeley_to_mtv_SF_express_bus/inner_suburb_downtown_walk_11,1255,1.069626844596422,0.9967567846870805,0.04521978205421708,3365509.1474166918,21185.264627570283,175.70889611007405,0.775605147406128,0.0001499900661778871,7.13358173776683e-10
60,unimodal_trip_car_bike_mtv_la,suburb_city_driving_weekend/suburb_city_driving_weekend_0,817,1.098848383130938,0.9700915599859268,0.037970841603085406,1119740145.2349873,565703.3029303766,1634.3047158073439,35.0335184866404,1.0234782322116567e-05,4.738408267387402e-10
60,unimodal_trip_car_bike_mtv_la,suburb_bicycling/suburb_bicycling_0,1270,1.090673815030576,0.9580621052560497,0.0635935772539801,121758679.56518167,67226.7337772309,457.41750016937294,9.512035906370585,6.264186114756584e-05,8.120676155485603e-10
60,unimodal_trip_car_bike_mtv_la,suburb_city_driving_weekend/suburb_city_driving_weekend_1,702,1.1204151607274049,0.9599372367654447,0.033096859281151504,138209884.1805783,174499.23044177843,1267.3880497002156,21.520300636010024,4.1409885941186274e-05,4.738408267387402e-10
60,unimodal_trip_car_bike_mtv_la,suburb_bicycling/suburb_bicycling_1,1333,1.0865440468217906,0.9603284119928406,0.08203261450035328,1567907338.242376,183031.78728334059,273.13074728667056,7.690555659170312,6.378883713572937e-06,8.120676155485603e-10
60,unimodal_trip_car_bike_mtv_la,suburb_city_driving_weekend/suburb_city_driving_weekend_2,709,1.1203633280456395,0.9426534217583572,0.056158333134657595,107268021676.16371,8081616.220231289,1542.1355858524587,35.144262179388186,2.2622523616225637e-07,4.738408267387402e-10
60,unimodal_trip_car_bike_mtv_la,suburb_bicycling/suburb_bicycling_2,1266,1.0907908605848842,0.9490072783690476,0.05636993620780988,82657963.94858654,86112.1566023061,266.2690382334991,7.7731382957884545,6.740683960896854e-05,8.120676155485603e-10
60,unimodal_trip_car_bike_mtv_la,suburb_city_driving_weekend/suburb_city_driving_weekend_3,853,1.096423610480842,0.9395717252729129,0.0635864874342824,346561886.7198311,165650.13987848556,1108.99470483696,41.64981286121651,5.7610854977530945e-05,4.738408267387402e-10
60,unimodal_trip_car_bike_mtv_la,suburb_bicycling/suburb_bicycling_3,1320,1.086322270184237,0.9517646181791964,0.06289308584813252,3985306.6679644776,19165.43636613541,214.31482730716326,5.8469559334224845,0.0004149575262074337,8.120676155485603e-10
60,unimodal_trip_car_bike_mtv_la,suburb_city_driving_weekend/suburb_city_driving_weekend_4,773,1.1091294442919983,0.9641608177418172,0.04053360486693704,467353580253.9678,6173597.363247915,744.921476612451,12.81143830652308,2.11817056555208e-08,4.738408267387402e-10
60,unimodal_trip_car_bike_mtv_la,suburb_bicycling/suburb_bicycling_4,1285,1.088549737875304,0.9544168011452638,0.07158101997980529,1613644365.770075,333141.2756854585,618.2426850309922,9.41003683030274,3.830438099064714e-06,8.120676155485603e-10
60,unimodal_trip_car_bike_mtv_la,suburb_city_driving_weekend/suburb_city_driving_weekend_5,859,1.0962978341933842,0.947500146977833,0.04901716552205319,82377160.263422,211791.66753378703,1190.6332135866214,17.4226457618778,3.6158316802195854e-05,4.738408267387402e-10
60,unimodal_trip_car_bike_mtv_la,suburb_bicycling/suburb_bicycling_5,1297,1.087267374828877,0.9511532922189674,0.05629829668993864,247928164.24669668,136307.3325610934,279.47052062544486,8.01013556806341,2.0788984057936478e-05,8.120676155485603e-10
60,car_scooter_brex_san_jose,freeway_driving_weekday/freeway_driving_weekday_0,1976,1.1924318924647042,0.986200062546549,0.019042297964298214,151112081609.92465,20535947.69653181,8541.95710011262,342.25200204654584,2.1994167109389215e-06,6.829429384774533e-10
60,car_scooter_brex_san_jose,bus trip with e-scooter access/city_escooter_0,1257,1.0417459760772478,0.9934683706131537,0.01802533834299065,4935907.724448558,43476.634445259006,502.0547502537558,6.605875227317612,0.0002678208860345418,6.416257647001624e-10
60,car_scooter_brex_san_jose,bus trip with e-scooter access/city_bus_rapid_transit_0,2745,1.163389687407169,0.9947987035337477,0.017757948316097772,35826754391.972404,6355086.317133674,4347.933272225148,509.8417355481122,1.1016249802232931e-05,6.217521112241125e-10
60,car_scooter_brex_san_jose,bus trip with e-scooter access/walk_back_from_bus_0,681,1.0434291626958394,0.9258487644796837,0.07470599177756035,56351.267981679404,567.5493244519706,31.223425744851525,1.005722590030597,0.005238185166687134,1.0612213331756848e-09
60,car_scooter_brex_san_jose,freeway_driving_weekday/freeway_driving_weekday_1,2032,1.18607065311847,0.9989970414600045,0.02626011114855976,84229162225.61896,5705626.6266704295,6065.473985767344,91.79615426411111,1.194216855448016e-06,6.829429384774533e-10
60,car_scooter_brex_san_jose,bus trip with e-scooter access/city_escooter_1,1236,1.0421526434890436,0.9896638012925421,0.021972043337679874,2230641144.4941573,2452248.3516314058,2699.7649082444364,8.970730523915886,4.92454835502376e-06,6.416257647001624e-10
60,car_scooter_brex_san_jose,bus trip with e-scooter access/city_bus_rapid_transit_1,2925,1.1515806544825775,0.9977417513851562,0.017029843354739588,96223493399.39684,8396581.646831073,11479.033376125986,579.747484810086,5.833398427853698e-06,6.217521112241125e-10
60,car_scooter_brex_san_jose,bus trip with e-scooter access/walk_back_from_bus_1,640,1.0474594139929772,0.9271520992138511,0.06463661490948798,38091.55802196029,1114.4063409175146,45.87924241969028,0.5322444954284278,0.0013473062910655345,1.0612213331756848e-09
60,car_scooter_brex_san_jose,freeway_driving_weekday/freeway_driving_weekday_2,1749,1.2237778381016993,0.9871036262267631,0.015043579031537267,66810161371.815636,11218340.202315893,16758.635545865138,623.5691730226347,4.0187339884403455e-06,6.829429384774533e-10
60,car_scooter_brex_san_jose,bus trip with e-scooter access/city_escooter_2,1290,1.0406209181335506,0.9928261488319278,0.03731205112142282,6197281254.395787,353139.4009685597,309.0273974170241,10.028815998234567,2.0673823713822986e-06,6.416257647001624e-10
60,car_scooter_brex_san_jose,bus trip with e-scooter access/city_bus_rapid_transit_2,2622,1.1715913850747546,0.995985649197777,0.01986699263819206,18494387351567.406,189604456.44463024,6431.580338133334,701.8158727555324,9.843442495809483e-08,6.217521112241125e-10
60,car_scooter_brex_san_jose,bus trip with e-scooter access/walk_back_from_bus_2,620,1.0473522634796832,0.9180210011845933,0.07929141562651666,524584.4026437964,4973.660022367422,122.83702766808042,1.0548423022735907,0.00032744913221907206,1.0612213331756848e-09
60,car_scooter_brex_san_jose,freeway_driving_weekday/freeway_driving_weekday_3,1937,1.1965186374991097,0.9871808062998835,0.02425486208766065,618669003291.676,48823221.12023171,6874.942172113815,303.0892736400966,8.758758420401253e-07,6.829429384774533e-10
60,car_scooter_brex_san_jose,bus trip with e-scooter access/city_escooter_3,1403,1.0364829551693713,0.9954817042194246,0.05983833883575363,5862011.8593924465,48897.991985684974,536.5188304094216,11.201186999192082,0.00035800306956097966,6.416257647001624e-10
60,car_scooter_brex_san_jose,bus trip with e-scooter access/city_bus_rapid_transit_3,2456,1.18540429586999,0.9963241420773334,0.02113861871733805,301057383817.27966,19451772.408788953,3534.3239950524576,808.7960716081316,4.9298105945455865e-06,6.217521112241125e-10
60,car_scooter_brex_san_jose,bus trip with e-scooter access/walk_back_from_bus_3,648,1.0461283993757509,0.9351360110491609,0.06417141490468298,3320071.7379125636,22433.98190841253,258.0964325142359,0.805916350874217,4.523815884315561e-05,1.0612213331756848e-09
60,car_scooter_brex_san_jose,freeway_driving_weekday/freeway_driving_weekday_4,2006,1.1885208914580028,0.9820496388858354,0.03126230648009202,232693382649.28052,19140100.485485382,11219.461870678073,114.62377624294993,5.020020695685062e-07,6.829429384774533e-10
60,car_scooter_brex_san_jose,bus trip with e-scooter access/city_escooter_4,1310,1.039620183988995,0.9856522397300649,0.040870305267711717,448826894.6863434,246554.9611059299,461.304553668377,8.904339238996002,1.4681499647294271e-05,6.416257647001624e-10
60,car_scooter_brex_san_jose,bus trip with e-scooter access/city_bus_rapid_transit_4,2847,1.156450980254712,0.9961028589165372,0.01875892854616225,254614627223.29703,11655269.71055696,5340.2387757935885,1586.648755352107,1.1783939835566116e-05,6.217521112241125e-10
60,car_scooter_brex_san_jose,bus trip with e-scooter access/walk_back_from_bus_4,654,1.0465069517457688,0.9285462791353418,0.07406069811001177,6882986.930416165,14702.303976571568,190.56305647435076,0.810181290656337,5.611696147152023e-05,1.0612213331756848e-09
60,car_scooter_brex_san_jose,freeway_driving_weekday/freeway_driving_weekday_5,1921,1.1980761773432484,0.9949643868411869,0.02323164437021143,296224062589.55133,9102658.650469176,10578.10158194235,597.2859481393319,2.3198440991141447e-06,6.829429384774533e-10
60,car_scooter_brex_san_jose,bus trip with e-scooter access/city_escooter_5,1286,1.0397289596227934,0.9896033327212335,0.027488731897827325,8453641.019857448,30195.288957212157,237.27494936762494,9.253270444168653,0.0004096978449160926,6.416257647001624e-10
60,car_scooter_brex_san_jose,bus trip with e-scooter access/city_bus_rapid_transit_5,2555,1.1776030852712926,0.9968532201259499,0.014403028085332246,347748385253.78467,18820512.687526617,3021.0429699069214,684.7727869967412,3.3663307297727247e-06,6.217521112241125e-10
60,car_scooter_brex_san_jose,bus trip with e-scooter access/walk_back_from_bus_5,647,1.0451589920032545,0.9328751574247046,0.06540370915879391,2436754.839950074,7642.599334571938,97.22117347896956,0.8183964109939622,0.00013984814454074413,1.0612213331756848e-09
60,car_scooter_brex_san_jose,freeway_driving_weekday/freeway_driving_weekday_6,2002,1.1899229005519512,0.9835787332525295,0.016418078880805723,3.2808292856067113e+19,23466319688812.918,16784431.79602424,192.99377663477597,1.177669513221404e-14,6.829429384774533e-10
60,car_scooter_brex_san_jose,bus trip with e-scooter access/city_escooter_6,1482,1.034046591113879,0.9945363012399464,0.031443888127733174,9.395438592090688e+16,134402827479.95076,192305.1101218063,11.42171117111477,1.8015939568625242e-13,6.416257647001624e-10
60,car_scooter_brex_san_jose,bus trip with e-scooter access/city_bus_rapid_transit_6,2855,1.1552854821524332,0.9949674664927034,0.019684725790936847,119758263669.35596,6227684.784330581,3695.6023308310096,1803.4543191577475,1.9617260599179072e-05,6.217521112241125e-10
60,car_scooter_brex_san_jose,bus trip with e-scooter access/walk_back_from_bus_6,625,1.048819175857893,0.9250147741654907,0.07146063423397946,inf,inf,inf,1.0463636301155894,0.0,1.0612213331756848e-09
60,train_bus_ebike_mtv_ucb,mtv_to_berkeley_sf_bart/walk_to_caltrain_0,1115,1.0798996314206475,0.9440053146817338,0.05199859096533307,527576.0084780358,3272.5527782386175,67.7592230389837,1.0158966064966684,0.0005097316764291316,7.066114844795951e-10
60,train_bus_ebike_mtv_ucb,mtv_to_berkeley_sf_bart/commuter_rail_aboveground_0,2927,1.1699103468304564,0.993164867622405,0.025379184169036267,inf,inf,inf,121.44848221991361,0.0,7.225986198398043e-10
60,train_bus_ebike_mtv_ucb,mtv_to_berkeley_sf_bart/subway_underground_0,3864,1.1795275206619795,0.988895522990642,0.02397526380222663,inf,inf,inf,27.9964482117207,0.0,8.022390272317053e-10
60,train_bus_ebike_mtv_ucb,mtv_to_berkeley_sf_bart/walk_to_bus_0,285,1.0072153442106522,0.9264951693462254,0.2853583172423521,3031580.5410992242,13203.378135580098,70.42308122972692,36.01257321177884,0.0015063217624460418,8.417568395528515e-10
60,train_bus_ebike_mtv_ucb,mtv_to_berkeley_sf_bart/city_bus_short_0,473,1.187725272612657,0.9730314314809463,0.10677260597574875,140380323.63141176,133014.49748820782,947.1936447838661,333.84410133178176,0.0005046557728923052,6.4425497260919e-10
60,train_bus_ebike_mtv_ucb,walk_urban_university/walk_urban_university_0,866,1.0852523030292662,0.9822504261264109,0.046653018374287814,1678383.4871841716,10355.120482617824,182.36746445472073,1.0414683602265928,0.00031745052816657964,8.783406312073868e-10
60,train_bus_ebike_mtv_ucb,berkeley_to_mtv_SF_express_bus/walk to the bikeshare location_0,305,1.063190908063734,0.927408814174471,0.044444322291711795,2467643.611453489,3014.0610043181996,37.009929544167015,0.8601588933536564,0.00010424664857642207,4.6000558237409036e-10
60,train_bus_ebike_mtv_ucb,berkeley_to_mtv_SF_express_bus/ebike_bikeshare_urban_long_0,1467,1.2122461443254104,0.9631746714453524,0.03106168703161475,160524771446.49033,3788945.2773087206,678.9977240962922,20.581618151779168,1.3549820196193432e-07,7.591327569011733e-10
60,train_bus_ebike_mtv_ucb,berkeley_to_mtv_SF_express_bus/express_bus_0,2751,1.1684156332095168,0.9779714956067638,0.02139477578715929,240916046670.701,11691615.687706593,7710.110836820451,80.44000495714783,4.498641958074976e-07,6.769007973500341e-10
60,train_bus_ebike_mtv_ucb,berkeley_to_mtv_SF_express_bus/walk_downtown_urban_canyon_0,639,1.0228416010453756,0.8360264160694705,0.17333935350042928,867524.4275364814,7635.3742594993255,109.47784455133043,2.3819162213011387,0.00036020259513369146,1.060580868851958e-09
60,train_bus_ebike_mtv_ucb,berkeley_to_mtv_SF_express_bus/light_rail_below_above_ground_0,834,1.1584694695622915,0.9779776797423717,0.03022767908002003,1411427684692.586,105067519.43558516,88401.10327536888,23.815673318732316,2.3385552814569644e-09,8.145851430344032e-10
60,train_bus_ebike_mtv_ucb,berkeley_to_mtv_SF_express_bus/commuter_rail_with_tunnels_0,4775,1.1718853165149357,0.9975129038920357,0.020447009636496365,9.614858702552496e+20,229236094954630.75,54654433.705386944,745.2542955138761,3.701134575386479e-15,7.999884506231548e-10
60,train_bus_ebike_mtv_ucb,berkeley_to_mtv_SF_express_bus/inner_suburb_downtown_walk_0,1201,1.0739265613728732,0.99367240547913,0.042707927940921986,3605026.6052533183,17900.084643682778,210.2223923362591,0.830230050885743,0.00010898323424304706,7.13358173776683e-10
60,train_bus_ebike_mtv_ucb,mtv_to_berkeley_sf_bart/walk_to_caltrain_1,1012,1.0885996728621061,0.9380033564288238,0.05432166767994545,1211369.219886457,7965.780735945248,183.6920548620151,1.3509829206847825,0.00017572697803543906,7.066114844795951e-10
60,train_bus_ebike_mtv_ucb,mtv_to_berkeley_sf_bart/commuter_rail_aboveground_1,2709,1.1851406281220844,0.9917007635870672,0.025140724736796523,849345328922705.2,5077751172.780911,775570.89893373,114.37980794918106,1.1925302833297307e-10,7.225986198398043e-10
60,train_bus_ebike_mtv_ucb,mtv_to_berkeley_sf_bart/subway_underground_1,3887,1.1905516105002931,0.9677624055158122,0.018913646575239255,inf,inf,inf,42.55032826926487,0.0,8.022390272317053e-10
60,train_bus_ebike_mtv_ucb,mtv_to_berkeley_sf_bart/walk_to_bus_1,215,1.004735401206298,0.911562966245256,0.22091537710977163,9551.569500798605,305.31808980285723,15.530405750376374,1.6220896610990907,0.004882859515876,8.417568395528515e-10
60,train_bus_ebike_mtv_ucb,mtv_to_berkeley_sf_bart/city_bus_short_1,535,1.1655471854371682,0.985812079005009,0.06699019951039784,284709768.2810585,341564.26663423056,638.7877407062397,252.832370453643,0.0002559968218986476,6.4425497260919e-10
60,train_bus_ebike_mtv_ucb,walk_urban_university/walk_urban_university_1,888,1.0837592209826854,0.981547599581547,0.0516258677065059,2052701.8213347087,4652.676153821569,67.41217188580299,0.9801656544296653,0.0002767574149979045,8.783406312073868e-10
60,train_bus_ebike_mtv_ucb,berkeley_to_mtv_SF_express_bus/walk to the bikeshare location_1,219,1.0886989909077598,0.9122379216984541,0.07705307575992829,2089937.7866135992,12491.060734059383,154.7510963392786,0.9563860122813228,1.2912749018810303e-05,4.6000558237409036e-10
60,train_bus_ebike_mtv_ucb,berkeley_to_mtv_SF_express_bus/ebike_bikeshare_urban_long_1,1446,1.2156335333163455,0.9847222980441585,0.02942364450153387,10133242888.63694,915700.6252501234,713.5889351102676,20.48215887622979,1.6256374535064933e-06,7.591327569011733e-10
60,train_bus_ebike_mtv_ucb,berkeley_to_mtv_SF_express_bus/express_bus_1,2788,1.1667078001059064,0.9678664558375576,0.032367002065755886,107148499791606.64,153403104.2074256,6015.768076615897,119.51155438190759,3.0907991948179346e-09,6.822293654972005e-10
60,train_bus_ebike_mtv_ucb,berkeley_to_mtv_SF_express_bus/walk_downtown_urban_canyon_1,616,1.015901936064148,0.8359656347031728,0.1515508208543315,7189619.415788258,6401.4992373672185,91.58324377218229,2.5352791504907883,0.00014019731029321536,1.060580868851958e-09
60,train_bus_ebike_mtv_ucb,berkeley_to_mtv_SF_express_bus/light_rail_below_above_ground_1,869,1.1473698556097034,0.9786147138947457,0.019144819487237057,300603347366.524,9840340.086967288,17110.882341933542,21.346281731973537,4.203516379075056e-08,8.145851430344032e-10
60,train_bus_ebike_mtv_ucb,berkeley_to_mtv_SF_express_bus/commuter_rail_with_tunnels_1,4797,1.1709937918704554,0.9974629494858669,0.018591093251114004,139393573679385.86,984256979.1428996,414388.1973112741,106.40977383967333,1.846817400239275e-09,7.999884506231548e-10
60,train_bus_ebike_mtv_ucb,berkeley_to_mtv_SF_express_bus/inner_suburb_downtown_walk_1,1188,1.0741179542130046,0.990482093698399,0.033000782960773314,81117420703305.48,1740590515.159235,37349.10261272871,0.6358966091582783,9.299373248137824e-12,7.13358173776683e-10
60,train_bus_ebike_mtv_ucb,mtv_to_berkeley_sf_bart/walk_to_caltrain_2,874,1.1060416088779463,0.946898082048759,0.05662675466418566,566154.7550776904,4732.240104133105,85.66193708873337,1.557863676744725,0.0003891774893355399,7.066114844795951e-10
60,train_bus_ebike_mtv_ucb,mtv_to_berkeley_sf_bart/commuter_rail_aboveground_2,2829,1.1762425625760404,0.9906587592087989,0.026191998673185484,8.967927049753827e+16,491767698932.8214,2696822.577938112,241.78810549363408,7.600731803032073e-12,7.225986198398043e-10
60,train_bus_ebike_mtv_ucb,mtv_to_berkeley_sf_bart/subway_underground_2,3860,1.192435790475897,0.995862589307177,0.02256133161659185,inf,inf,inf,67.64257051580702,0.0,8.022390272317053e-10
60,train_bus_ebike_mtv_ucb,mtv_to_berkeley_sf_bart/walk_to_bus_2,223,1.010808397537759,0.9157830282006431,0.18258427331179264,4943.018533873749,192.72344725356484,13.987958644498491,1.290245883796257,0.007707922592504153,8.417568395528515e-10
60,train_bus_ebike_mtv_ucb,mtv_to_berkeley_sf_bart/city_bus_short_2,499,1.1780228118129996,0.9696751684918068,0.06365285676494548,853255285.2546633,544783.7807859502,1023.9862201092723,429.86797629903356,0.0001585096481305507,6.4425497260919e-10
60,train_bus_ebike_mtv_ucb,walk_urban_university/walk_urban_university_2,780,1.096962151039883,0.9812923991353352,0.04234880136047729,44086847.011254266,28498.845774259473,33.15496090882241,1.1819508657024442,2.0163625972182305e-05,8.783406312073868e-10
60,train_bus_ebike_mtv_ucb,berkeley_to_mtv_SF_express_bus/walk to the bikeshare location_2,1403,1.013147647205879,0.5911208907159484,0.4069804613565727,8287299421.669009,2633795.511588537,1133.627471921296,67.96223536766014,4.32186849074325e-06,4.6000558237409036e-10
60,train_bus_ebike_mtv_ucb,berkeley_to_mtv_SF_express_bus/ebike_bikeshare_urban_long_2,1543,1.2001097191915584,0.9721646253185371,0.03169398136600144,5124860406.780509,1408819.738920489,898.6647259542234,29.955988795724323,7.270281304224813e-06,7.591327569011733e-10
60,train_bus_ebike_mtv_ucb,berkeley_to_mtv_SF_express_bus/express_bus_2,2365,1.202236324410241,0.9722390688267566,0.028242214317204972,2460571916087971.5,586644157.3831019,4973.690257575457,409.56788771791264,3.921655360295713e-10,6.769007973500341e-10
60,train_bus_ebike_mtv_ucb,berkeley_to_mtv_SF_express_bus/walk_downtown_urban_canyon_2,564,1.0181713692785077,0.8545725373056228,0.14600350730562878,2098387.8385201506,11545.015747846905,145.3680179254195,2.6043010392190675,0.00022582767359106124,1.060580868851958e-09
60,train_bus_ebike_mtv_ucb,berkeley_to_mtv_SF_express_bus/light_rail_below_above_ground_2,1218,1.1034479510048696,0.9474091619605973,0.08354832776260727,52765137083.490715,1751797.54411385,1904.93456949164,53.038483137322174,1.1365155291065065e-06,8.145851430344032e-10
60,train_bus_ebike_mtv_ucb,berkeley_to_mtv_SF_express_bus/commuter_rail_with_tunnels_2,4793,1.1702608973273092,0.9958814879255747,0.03211729887136495,1.6328576328734122e+17,700746475408.0175,3007422.636911625,828.7308454890536,2.1254856437661572e-11,7.999884506231548e-10
60,train_bus_ebike_mtv_ucb,berkeley_to_mtv_SF_express_bus/inner_suburb_downtown_walk_2,1193,1.074424960602365,0.999225053415692,0.04795684699060184,146161923.8794963,33448.91457116558,256.1829393361409,0.849157160469329,4.622367645999477e-06,7.13358173776683e-10
60,train_bus_ebike_mtv_ucb,mtv_to_berkeley_sf_bart/walk_to_caltrain_3,949,1.0954065836165017,0.9247775335860994,0.0757216154615967,410686259068390.5,3894424587.568162,78925.09860338365,2.1357532476304932,3.309004683019229e-12,7.066114844795951e-10
60,train_bus_ebike_mtv_ucb,mtv_to_berkeley_sf_bart/commuter_rail_aboveground_3,2639,1.1913622084675586,0.9955419539170262,0.02256989415285152,4.100818997390432e+16,54153800373.05094,1273856.2978928245,185.6050615249752,4.452365841779784e-12,7.225986198398043e-10
60,train_bus_ebike_mtv_ucb,mtv_to_berkeley_sf_bart/subway_underground_3,3868,1.1899452839988747,0.9952886641065797,0.025328488296881092,inf,inf,inf,58.17389920085679,0.0,8.022390272317053e-10
60,train_bus_ebike_mtv_ucb,mtv_to_berkeley_sf_bart/walk_to_bus_3,309,1.0195085540598094,0.9698029455469791,0.2992796181023534,2.144738404225294e+18,1022690966160.2357,487666.9499873831,23.70435942258258,1.7075357951715835e-15,8.417568395528515e-10
60,train_bus_ebike_mtv_ucb,mtv_to_berkeley_sf_bart/city_bus_short_3,378,1.2526017169820336,0.9576853108313415,0.03378377185277651,140498129.27514905,127789.77460634886,719.0305734724896,324.4811021127614,0.00036987307979270456,6.4425497260919e-10
60,train_bus_ebike_mtv_ucb,walk_urban_university/walk_urban_university_3,797,1.0942109175206816,0.9785787958304913,0.03862147976113899,2258005918104.9556,160428214.39659828,11398.762937748255,1.8883771641856266,6.659386226819205e-10,8.783406312073868e-10
60,train_bus_ebike_mtv_ucb,berkeley_to_mtv_SF_express_bus/walk to the bikeshare location_3,519,1.0708071431547226,0.978993470273305,0.03700601124372408,3601160865.885406,1234631.5184776068,512.2714147175191,1.040341920615747,1.4032344651870004e-07,5.692611509058333e-10
60,train_bus_ebike_mtv_ucb,berkeley_to_mtv_SF_express_bus/ebike_bikeshare_urban_long_3,1586,1.1937928502189994,0.9822915822241656,0.027664793957965592,2850425792.765307,251356.61549390704,363.07308318808356,14.695188512445467,7.575648264040843e-06,7.481166846026598e-10
60,train_bus_ebike_mtv_ucb,berkeley_to_mtv_SF_express_bus/express_bus_3,2741,1.1612161764189428,0.9847156225628272,0.01668087531873391,326054603949.83594,84730170.43822719,22052.694803705595,38.588840005669724,2.5292175445457905e-07,7.342253319793175e-10
60,train_bus_ebike_mtv_ucb,berkeley_to_mtv_SF_express_bus/walk_downtown_urban_canyon_3,785,1.0121577735661518,0.8830102017391962,0.10751961789862412,inf,inf,inf,19.45296401583056,0.0,8.02529976053429e-10
60,train_bus_ebike_mtv_ucb,berkeley_to_mtv_SF_express_bus/light_rail_below_above_ground_3,930,1.140471929943614,0.9856129629220856,0.028287174817367713,5723889035355574.0,6885588459.248999,186367.11609263963,18.282525025074506,2.6501816038587855e-12,8.145851430344032e-10
60,train_bus_ebike_mtv_ucb,berkeley_to_mtv_SF_express_bus/commuter_rail_with_tunnels_3,3579,1.2425810516383924,0.9968581645488342,0.02751475825337328,71749770361466.16,1043487563.4892898,213503.1803795226,327.58535510440475,6.913217845216219e-09,7.999884506231548e-10
60,train_bus_ebike_mtv_ucb,berkeley_to_mtv_SF_express_bus/inner_suburb_downtown_walk_3,1186,1.074666833186685,0.995566267538603,0.040089005735421374,1888704789.3545876,740770.7893262185,295.1272354205223,1.049160996539253,6.534792939779017e-07,7.13358173776683e-10
60,train_bus_ebike_mtv_ucb,mtv_to_berkeley_sf_bart/walk_to_caltrain_4,960,1.0936529756486262,0.9376241901172634,0.06364239614109067,1.039738082210678e+19,4957857525186.422,2364128.907404039,1.8977205049284942,1.7521828433637444e-16,7.066114844795951e-10
60,train_bus_ebike_mtv_ucb,mtv_to_berkeley_sf_bart/commuter_rail_aboveground_4,2716,1.184768680053126,0.99373213239174,0.032237446565217306,2.41267500767062e+19,4697631175301.504,6490031.699794815,341.4753876961301,3.697479636916525e-14,7.225986198398043e-10
60,train_bus_ebike_mtv_ucb,mtv_to_berkeley_sf_bart/subway_underground_4,3882,1.1899937289785,1.036387101126863,0.051637876973952584,inf,inf,inf,17.610502848623046,0.0,8.022390272317053e-10
60,train_bus_ebike_mtv_ucb,mtv_to_berkeley_sf_bart/walk_to_bus_4,318,1.017214138932621,0.9846260329363267,0.3083812856673508,2.287766616564004e+16,49090146215.56137,105344.0997595273,19.847181101395947,2.742498669654519e-13,8.417568395528515e-10
60,train_bus_ebike_mtv_ucb,mtv_to_berkeley_sf_bart/city_bus_short_4,344,1.2802506440922412,0.9679793970553906,0.04755556661265382,42160369.36942069,64034.92974459132,649.791930916281,56.71613372469541,0.00017019507910441987,6.4425497260919e-10
60,train_bus_ebike_mtv_ucb,walk_urban_university/walk_urban_university_4,797,1.0943910708015385,0.9762471943418328,0.04986383356378043,171974381396952.47,1353062360.5021343,18004.16097828759,2.1636097043036573,8.894540090443716e-12,8.783406312073868e-10
60,train_bus_ebike_mtv_ucb,berkeley_to_mtv_SF_express_bus/walk to the bikeshare location_4,423,1.081873462146632,0.9757339130025251,0.03252413397510759,141293333.95320213,31502.218990385096,57.96645655927732,1.6245993153627831,4.851027869117164e-06,5.692611509058333e-10
60,train_bus_ebike_mtv_ucb,berkeley_to_mtv_SF_express_bus/ebike_bikeshare_urban_long_4,1297,1.2473953722311308,0.9896004625907594,0.026306103137409238,1184327935.2193735,690123.6195144085,847.8045626383232,21.753792999165757,1.9016211222784047e-05,7.481166846026598e-10
60,train_bus_ebike_mtv_ucb,berkeley_to_mtv_SF_express_bus/express_bus_4,2768,1.1595518300253291,0.9747157004676398,0.022551468031725974,44780511492.07574,9003792.694218282,5209.622224890267,37.762862208742774,6.080772395061078e-07,7.342253319793175e-10
60,train_bus_ebike_mtv_ucb,berkeley_to_mtv_SF_express_bus/walk_downtown_urban_canyon_4,687,1.0155550644716347,0.8680409604215221,0.12373774916571322,1.4572378595900606e+16,45166235606.413246,182000.4166488166,12.070394628513478,3.0908237343985824e-13,8.02529976053429e-10
60,train_bus_ebike_mtv_ucb,berkeley_to_mtv_SF_express_bus/light_rail_below_above_ground_4,978,1.1316995244750658,0.9762004634048554,0.033598595902322205,2.085992467031601e+16,24866972505.86797,379555.2020998466,27.86301719910596,7.367888780072152e-13,8.145851430344032e-10
60,train_bus_ebike_mtv_ucb,berkeley_to_mtv_SF_express_bus/commuter_rail_with_tunnels_4,4839,1.1691312469162367,0.9968915805502455,0.03569284342887911,57352606641602.38,82288995.3656966,14970.971110510656,842.1364519255002,6.962093523942022e-08,7.999884506231548e-10
60,train_bus_ebike_mtv_ucb,berkeley_to_mtv_SF_express_bus/inner_suburb_downtown_walk_4,1081,1.0827986868850388,0.9966288053274287,0.04725599698187916,1777300607.6124265,1811263.2465996575,3080.995480996913,1.1735805082357729,2.8919469773816195e-07,7.13358173776683e-10
60,train_bus_ebike_mtv_ucb,mtv_to_berkeley_sf_bart/walk_to_caltrain_5,953,1.0955377151487455,0.9487565568801912,0.057725635077007946,3.89214665437874e+17,251994435383.24158,1012415.5558300182,2.328373848898359,1.873306860154069e-15,7.066114844795951e-10
60,train_bus_ebike_mtv_ucb,mtv_to_berkeley_sf_bart/commuter_rail_aboveground_5,2913,1.1698908683633351,0.9963953555114579,0.03398391860120614,4.9219859134917706e+20,117349322355550.31,55956485.3754734,561.6170830403846,2.1993557765523874e-15,7.225986198398043e-10
60,train_bus_ebike_mtv_ucb,mtv_to_berkeley_sf_bart/subway_underground_5,3900,1.1853006964856805,0.9954414281855775,0.024840442430267267,inf,inf,inf,12.088099357669517,0.0,8.022390272317053e-10
60,train_bus_ebike_mtv_ucb,mtv_to_berkeley_sf_bart/walk_to_bus_5,304,0.981224067490317,0.8824163210476238,0.275081972966545,688262112.899375,480147.0370445035,517.6009395383699,10.06453857357402,2.4070341397435703e-06,8.417568395528515e-10
60,train_bus_ebike_mtv_ucb,mtv_to_berkeley_sf_bart/city_bus_short_5,309,1.3267780084595318,0.9682903930443685,0.040695809414695146,30242241473.895466,8024642.390151613,10656.159174313543,37.60776443491867,1.9528668171469909e-07,6.4425497260919e-10
60,train_bus_ebike_mtv_ucb,walk_urban_university/walk_urban_university_5,826,1.0912703168849494,0.9421291304192584,0.04199304766873166,50904159449.739204,12488381.589853128,3064.1061564907886,1.9758767242048134,2.002892841706773e-08,8.783406312073868e-10
60,train_bus_ebike_mtv_ucb,berkeley_to_mtv_SF_express_bus/walk to the bikeshare location_5,356,1.1082698172397754,0.9969791596642373,0.04532214633936056,5783.810723081364,371.39291652448264,28.271788865060433,0.9460514113712821,0.037898423353695795,5.692611509058333e-10
60,train_bus_ebike_mtv_ucb,berkeley_to_mtv_SF_express_bus/ebike_bikeshare_urban_long_5,1414,1.2221166437991446,0.9450685497599555,0.05051760034366362,216095137465.2246,5976464.593526521,576.9903035733963,31.728861561556947,1.5169990911624146e-07,7.481166846026598e-10
60,train_bus_ebike_mtv_ucb,berkeley_to_mtv_SF_express_bus/express_bus_5,2381,1.1901073489375285,0.9672676801054748,0.03130540069734831,90984837205358.64,108801872.53187199,11740.213929776206,655.6062538055288,1.711312037713504e-08,7.342253319793175e-10
60,train_bus_ebike_mtv_ucb,berkeley_to_mtv_SF_express_bus/walk_downtown_urban_canyon_5,652,1.0130380518125965,0.8750108211175981,0.12039522392531701,2.4616508838155915e+19,5417569012921.58,1937473.641026072,6.792535152337878,9.232193370815162e-17,8.02529976053429e-10
60,train_bus_ebike_mtv_ucb,berkeley_to_mtv_SF_express_bus/light_rail_below_above_ground_5,799,1.1549854912682338,0.9736099643277499,0.021941972004401105,737039050.9289128,405718.9601121262,1080.9062600788811,12.391393521429915,4.9676060866561786e-06,8.145851430344032e-10
60,train_bus_ebike_mtv_ucb,berkeley_to_mtv_SF_express_bus/commuter_rail_with_tunnels_5,4252,1.1966217433545243,0.9952035472579681,0.023326300483583418,2051066633807.1162,66197514.216130994,15246.42368775293,548.9991595063565,7.381954711147691e-07,7.999884506231548e-10
60,train_bus_ebike_mtv_ucb,berkeley_to_mtv_SF_express_bus/inner_suburb_downtown_walk_5,1063,1.0837897723786443,0.9964671672294578,0.049945147447710295,618631502.0341696,812622.3333215876,1075.589700838115,1.061340282522323,1.8136363921780397e-06,7.13358173776683e-10
60,train_bus_ebike_mtv_ucb,mtv_to_berkeley_sf_bart/walk_to_caltrain_6,945,1.0943668186564532,0.9533283105384409,0.047387994095183975,783388175675.4169,88344279.43169256,9966.908708835308,1.94713440528625,2.3473026029183693e-09,7.066114844795951e-10
60,train_bus_ebike_mtv_ucb,mtv_to_berkeley_sf_bart/commuter_rail_aboveground_6,2859,1.174898475263851,0.9968861495782776,0.03147638182223582,299919474588.5014,28430317.505191967,26898.64961929429,1866.4184628000626,3.666332184111285e-06,7.225986198398043e-10
60,train_bus_ebike_mtv_ucb,mtv_to_berkeley_sf_bart/subway_underground_6,3901,1.1888153695217625,0.9968819785285314,0.013672434863613886,2.000844626478409e+16,10394049611.087158,781346.9986666271,61.17338758107183,1.0653416397417109e-11,8.022390272317053e-10
60,train_bus_ebike_mtv_ucb,mtv_to_berkeley_sf_bart/walk_to_bus_6,292,1.0112037324657515,0.9349428917605862,0.2616957275117698,119108673.08389446,151447.49301654325,371.1409342634205,6.414940300318439,6.108780996384529e-06,8.417568395528515e-10
60,train_bus_ebike_mtv_ucb,mtv_to_berkeley_sf_bart/city_bus_short_6,366,1.1933310208133237,0.9748670505957341,0.03749487842903497,51378188.94601195,114440.90760323666,927.0817268319028,387.71466616993575,0.0005478132770599958,6.922048303980974e-10
60,train_bus_ebike_mtv_ucb,walk_urban_university/walk_urban_university_6,824,1.0908826258836604,0.9685104095024464,0.05569646214687014,5815261849.69637,1041256.6610463636,637.0974388393374,1.621782949451964,1.939159178146328e-07,8.783406312073868e-10
60,train_bus_ebike_mtv_ucb,berkeley_to_mtv_SF_express_bus/walk to the bikeshare location_6,431,1.0867783565118991,0.9949695450921687,0.044052559149501916,12246020332.315022,1261935.0982150596,850.6650363139482,1.1285322465153553,3.926050503399244e-08,5.692611509058333e-10
60,train_bus_ebike_mtv_ucb,berkeley_to_mtv_SF_express_bus/ebike_bikeshare_urban_long_6,1513,1.205552394831096,0.975957340903005,0.02928205105852851,1815763036.6351955,563651.8195760206,574.6344832643139,19.39159285321261,1.0769221810673624e-05,7.481166846026598e-10
60,train_bus_ebike_mtv_ucb,berkeley_to_mtv_SF_express_bus/express_bus_6,2422,1.186775116729081,0.9642763592661338,0.0609074520613112,1041940725678.7263,58626654.009249,11034.620176927076,1614.9626903555354,1.6498836522065514e-06,7.342253319793175e-10
60,train_bus_ebike_mtv_ucb,berkeley_to_mtv_SF_express_bus/walk_downtown_urban_canyon_6,666,1.0171660376133402,0.8967588940019285,0.11244874447144966,inf,inf,inf,1.6943767514441608,0.0,8.02529976053429e-10
60,train_bus_ebike_mtv_ucb,berkeley_to_mtv_SF_express_bus/light_rail_below_above_ground_6,941,1.1402625530901338,0.9886624811705397,0.023775988287386324,152086408.3890417,154155.42148260504,755.6390803283944,14.326452636625618,2.9400321319766774e-05,8.145851430344032e-10
60,train_bus_ebike_mtv_ucb,berkeley_to_mtv_SF_express_bus/commuter_rail_with_tunnels_6,4217,1.1988857076704018,0.9971460732473327,0.02131427576406087,6.60824943612259e+16,57793314047.784424,697399.4005053737,390.142989741213,2.060795026882063e-11,7.999884506231548e-10
60,train_bus_ebike_mtv_ucb,berkeley_to_mtv_SF_express_bus/inner_suburb_downtown_walk_6,1188,1.0738826255310765,0.9944354075597653,0.0369655173128416,29109154.542715646,67629.20218454055,285.02563132820313,0.9887601871336813,2.2926901778211387e-05,7.13358173776683e-10
60,train_bus_ebike_mtv_ucb,mtv_to_berkeley_sf_bart/walk_to_caltrain_7,1068,1.0828504778722483,0.9144186655761695,0.08411348100912373,212295686.83406672,390003.1015375756,723.4862051324998,2.2441398410297793,6.040728205119846e-06,7.066114844795951e-10
60,train_bus_ebike_mtv_ucb,mtv_to_berkeley_sf_bart/commuter_rail_aboveground_7,2786,1.1797285620215774,0.9958049622479955,0.023013108548587905,46771631929343.71,345688007.8141834,20260.073213292955,934.0719657423213,5.335588338827494e-08,7.225986198398043e-10
60,train_bus_ebike_mtv_ucb,mtv_to_berkeley_sf_bart/subway_underground_7,3898,1.1883839249300352,0.9962726286343799,0.013851969456934218,4.25375642245464e+19,10141745276873.73,16188329.627351746,43.58294183615274,5.177477799467941e-16,8.022390272317053e-10
60,train_bus_ebike_mtv_ucb,mtv_to_berkeley_sf_bart/walk_to_bus_7,295,1.0189141518045253,0.9506474755933385,0.2050573545089659,2.249424411942116e+18,1072609144768.5773,511472.0912014235,1.944546040268264,2.3967434586510773e-16,8.417568395528515e-10
60,train_bus_ebike_mtv_ucb,mtv_to_berkeley_sf_bart/city_bus_short_7,304,1.2541401479273258,0.9613654608451583,0.05147760548891027,738891106.272699,376460.6804016802,1012.592828637038,364.96623338481436,8.292025971913987e-05,6.922048303980974e-10
60,train_bus_ebike_mtv_ucb,walk_urban_university/walk_urban_university_7,851,1.0885569421297292,0.9814220233741067,0.06501493216222028,4540879.082349606,24636.03629937552,134.5076234343181,2.253916397002695,0.00020284734723433846,8.783406312073868e-10
60,train_bus_ebike_mtv_ucb,berkeley_to_mtv_SF_express_bus/walk to the bikeshare location_7,442,1.087033213507231,0.9635872202208832,0.027801653371958085,13915.84042915769,545.3348606391,24.230133255332746,1.9403786735886104,0.011250255717662508,5.692611509058333e-10
60,train_bus_ebike_mtv_ucb,berkeley_to_mtv_SF_express_bus/ebike_bikeshare_urban_long_7,1343,1.2367271889777305,0.9874880955559338,0.024172624599621023,2278193849.425282,530686.4344253165,569.5974369334764,22.34425867810427,1.0694110680635873e-05,7.481166846026598e-10
60,train_bus_ebike_mtv_ucb,berkeley_to_mtv_SF_express_bus/express_bus_7,2349,1.1936553641922936,0.9806114499367824,0.026682719669457337,21685059980.68419,7134787.9496238185,7604.713703353696,51.35191869836895,1.9024885064302017e-06,7.39791657760347e-10
60,train_bus_ebike_mtv_ucb,berkeley_to_mtv_SF_express_bus/walk_downtown_urban_canyon_7,659,1.0180392949626504,0.8991215431677726,0.1007217963232349,3.3587523198623584e+19,8007889556935.811,1909243.8055562128,2.39880286128632,2.3456162766538422e-17,8.02529976053429e-10
60,train_bus_ebike_mtv_ucb,berkeley_to_mtv_SF_express_bus/light_rail_below_above_ground_7,885,1.1425299957631614,0.9820353397242455,0.043248185300691515,200130117530.0886,29649160.890774246,10790.530631493573,20.027354728040446,3.5904937685550833e-08,8.145851430344032e-10
60,train_bus_ebike_mtv_ucb,berkeley_to_mtv_SF_express_bus/commuter_rail_with_tunnels_7,3506,1.249000021152574,0.9924621779371767,0.025841138505794822,223518709600.46805,29297629.133538023,23227.78166060537,541.5599057798373,1.0264823693793458e-06,7.999884506231548e-10
60,train_bus_ebike_mtv_ucb,berkeley_to_mtv_SF_express_bus/inner_suburb_downtown_walk_7,1183,1.0749632752668052,0.9963359381452505,0.04956925995294613,38223432.67830953,108870.15598446559,475.0638191317199,0.9658906488758401,1.4991004577476188e-05,7.13358173776683e-10
60,train_bus_ebike_mtv_ucb,mtv_to_berkeley_sf_bart/walk_to_caltrain_8,930,1.0969774543749897,0.9267776133784803,0.07336138659162932,51794755.94077417,146431.74717418465,418.59870421256124,1.776585993556304,2.9887698392254937e-05,7.066114844795951e-10
60,train_bus_ebike_mtv_ucb,mtv_to_berkeley_sf_bart/commuter_rail_aboveground_8,2857,1.1743145902344905,0.9948999944135437,0.04137664431487875,273069894748.46628,22963493.39275743,19848.404769003744,1960.440616378173,5.773243031454918e-06,7.225986198398043e-10
60,train_bus_ebike_mtv_ucb,mtv_to_berkeley_sf_bart/subway_underground_8,3959,1.1866120443423807,0.9942838859793917,0.021983477945364847,inf,inf,inf,42.61875762686343,0.0,8.022390272317053e-10
60,train_bus_ebike_mtv_ucb,mtv_to_berkeley_sf_bart/walk_to_bus_8,310,1.0141673616511007,0.9858767349816652,0.19275072401409982,569941.7300550182,4167.843430889083,64.62580452563476,0.3236468030484855,3.9829198404864635e-05,8.417568395528515e-10
60,train_bus_ebike_mtv_ucb,mtv_to_berkeley_sf_bart/city_bus_short_8,301,1.253930808086201,0.9634151161627574,0.042273572876940925,480675989.5580266,152090.65961074317,633.724063976581,80.62646881352113,3.579836270757381e-05,6.922048303980974e-10
60,train_bus_ebike_mtv_ucb,walk_urban_university/walk_urban_university_8,875,1.0849693539532443,0.9809342046091587,0.04923940479599914,19137034.909867946,52580.35624641054,363.07541096761037,1.2308470749708489,1.80504066857866e-05,8.783406312073868e-10
60,train_bus_ebike_mtv_ucb,berkeley_to_mtv_SF_express_bus/walk to the bikeshare location_8,408,1.09519981998664,0.9975105393995395,0.041615244257370544,593.6822638840581,44.55248757018765,6.90089563853008,1.3548866051421564,0.15245052349008853,5.692611509058333e-10
60,train_bus_ebike_mtv_ucb,berkeley_to_mtv_SF_express_bus/ebike_bikeshare_urban_long_8,1518,1.2048345218974925,0.9714045497468168,0.029565271545696603,3580415656.7547364,509631.7873493966,423.3020956680022,20.342872866089255,4.65768154221529e-06,7.481166846026598e-10
60,train_bus_ebike_mtv_ucb,berkeley_to_mtv_SF_express_bus/express_bus_8,2592,1.1717501324029564,0.9801209804124913,0.021698890389093402,313623167462.4791,55309549.402055666,20111.596856573797,37.03124619664227,1.869473088939335e-07,7.39791657760347e-10
60,train_bus_ebike_mtv_ucb,berkeley_to_mtv_SF_express_bus/walk_downtown_urban_canyon_8,600,1.016174717026029,0.8706328372730409,0.12572827077401022,27205886866.346684,7137413.535307858,2955.188126171917,14.286344239456998,1.0486164381709819e-07,8.02529976053429e-10
60,train_bus_ebike_mtv_ucb,berkeley_to_mtv_SF_express_bus/light_rail_below_above_ground_8,778,1.163861941862176,0.9731012920473451,0.025805419022809438,1534659304.3697283,478206.8385802821,1729.7658422884172,14.577428164062432,3.889448555523193e-06,8.145851430344032e-10
60,train_bus_ebike_mtv_ucb,berkeley_to_mtv_SF_express_bus/commuter_rail_with_tunnels_8,3844,1.2228946151617601,0.9960682839241618,0.019691146673457862,202948530900961.34,822573938.7346503,21772.075308828847,596.3739904547451,9.717418815169799e-09,7.999884506231548e-10
60,train_bus_ebike_mtv_ucb,berkeley_to_mtv_SF_express_bus/inner_suburb_downtown_walk_8,1209,1.0728011476574286,0.983281753693659,0.05269989630843635,250303811.38856602,282140.08589748654,507.4352543151136,1.1426344356625284,1.8007361226712147e-06,7.13358173776683e-10
60,train_bus_ebike_mtv_ucb,mtv_to_berkeley_sf_bart/walk_to_caltrain_9,945,1.0954605058009415,0.9262476152245765,0.0719996843508821,11523003412.44639,5758352.601746507,2883.80640479369,2.2760558612640636,1.763712717690431e-07,7.066114844795951e-10
60,train_bus_ebike_mtv_ucb,mtv_to_berkeley_sf_bart/commuter_rail_aboveground_9,2690,1.1877978720363205,0.9957847389990933,0.029642050649719653,1406057026815.7424,125711339.03830764,19820.670819570296,4098.832083086266,2.7513985968775486e-06,7.225986198398043e-10
60,train_bus_ebike_mtv_ucb,mtv_to_berkeley_sf_bart/subway_underground_9,3904,1.1885711762327678,0.9564853271698696,0.02459776739169111,inf,inf,inf,52.57079749146204,0.0,8.022390272317053e-10
60,train_bus_ebike_mtv_ucb,mtv_to_berkeley_sf_bart/walk_to_bus_9,295,1.019113170507507,0.967816824894655,0.23570741468444018,14350573498.954033,3688339.625521884,950.6225913437839,0.6702452797182699,1.3769663930447852e-08,8.417568395528515e-10
60,train_bus_ebike_mtv_ucb,mtv_to_berkeley_sf_bart/city_bus_short_9,363,1.1985066607877144,0.9673987264262646,0.03793677330555273,345916881.6953748,235295.57553675573,1235.4005026421264,377.34789659608526,0.00018497602321524922,6.922048303980974e-10
60,train_bus_ebike_mtv_ucb,walk_urban_university/walk_urban_university_9,836,1.0882309682362954,0.972367234974945,0.0356040666730273,133992856.91520856,106388.7821116839,268.96045391199306,1.0673512513033456,5.8784873166935886e-06,8.783406312073868e-10
60,train_bus_ebike_mtv_ucb,berkeley_to_mtv_SF_express_bus/walk to the bikeshare location_9,432,1.0891073388656758,0.9907867486070506,0.03702631527957419,821315.6581463086,5236.616263623316,36.237506111921576,1.6201791255930997,0.0007426867232172682,5.692611509058333e-10
60,train_bus_ebike_mtv_ucb,berkeley_to_mtv_SF_express_bus/ebike_bikeshare_urban_long_9,1623,1.1880278651697171,0.9920376642687037,0.06490806509489877,7393209581.822144,632810.4540146356,771.5071180226538,26.093887064723198,3.7995332203495294e-06,7.481166846026598e-10
60,train_bus_ebike_mtv_ucb,berkeley_to_mtv_SF_express_bus/express_bus_9,2317,1.1963551615332029,0.9767409593611139,0.031104837240793645,80967200233309.52,251630337.1914039,7334.59962470816,398.20852318469724,1.1292242815417966e-08,7.342253319793175e-10
60,train_bus_ebike_mtv_ucb,berkeley_to_mtv_SF_express_bus/walk_downtown_urban_canyon_9,690,1.013759196669441,0.8583053446939868,0.13430097522534495,46052128122.47203,9705988.522983747,2050.0497148027903,4.800960422186815,7.168646337909299e-08,8.02529976053429e-10
60,train_bus_ebike_mtv_ucb,berkeley_to_mtv_SF_express_bus/light_rail_below_above_ground_9,1170,1.1071992676153348,0.9784341038359585,0.04469117412943585,9315545364462.436,51082725.14622259,4322.601304340047,15.614285038013353,1.9408239141094934e-09,8.145851430344032e-10
60,train_bus_ebike_mtv_ucb,berkeley_to_mtv_SF_express_bus/commuter_rail_with_tunnels_9,3566,1.2440506096065116,0.9897726116776953,0.03799472147896183,73039174579124.89,1654320084.4332018,79824.57409056582,1262.2740312247731,3.5690401382168537e-08,7.999884506231548e-10
60,train_bus_ebike_mtv_ucb,berkeley_to_mtv_SF_express_bus/inner_suburb_downtown_walk_9,1229,1.0715652742027313,0.9910376843566993,0.04739412992092067,7893347223667022.0,37638412928.028404,179491.95897445874,0.849173119815844,1.3216305428537585e-13,7.13358173776683e-10
60,train_bus_ebike_mtv_ucb,mtv_to_berkeley_sf_bart/walk_to_caltrain_10,1038,1.0871036742378968,0.9119518405378026,0.08618130993992668,1.209825433653318e+18,1153779444231.0796,1100360.240460488,2.3982857946982663,2.0576653452194917e-15,7.066114844795951e-10
60,train_bus_ebike_mtv_ucb,mtv_to_berkeley_sf_bart/commuter_rail_aboveground_10,2748,1.1834306999310864,0.9936895104697325,0.025380160478978772,15401833642134.121,59006691.73835343,14307.473710091348,1233.1900447153585,2.099072442716904e-07,7.225986198398043e-10
60,train_bus_ebike_mtv_ucb,mtv_to_berkeley_sf_bart/subway_underground_10,4979,1.1426694546365235,1.0402830197298958,0.13688337431924086,inf,inf,inf,48.862245837225046,0.0,8.022390272317053e-10
60,train_bus_ebike_mtv_ucb,mtv_to_berkeley_sf_bart/walk_to_bus_10,294,1.0074662019875977,0.9601579949336105,0.17558123049203397,inf,inf,inf,0.24460754780537305,0.0,8.417568395528515e-10
60,train_bus_ebike_mtv_ucb,mtv_to_berkeley_sf_bart/city_bus_short_10,431,1.16755667949454,0.9880756641459634,0.053501621270987516,132255407.29243428,188981.3922436633,943.5439260512471,603.8971429676151,0.00031993607099512075,6.922048303980974e-10
60,train_bus_ebike_mtv_ucb,walk_urban_university/walk_urban_university_10,789,1.0955791838281446,0.9825069780818352,0.03980815691262191,20422369516.06888,2463962.428562347,3527.425309938979,1.197352731457539,3.443737807490754e-08,8.783406312073868e-10
60,train_bus_ebike_mtv_ucb,berkeley_to_mtv_SF_express_bus/walk to the bikeshare location_10,389,1.1009268787162443,0.9976294762960949,0.032629798372270785,140224837.37110943,273817.2157157199,823.7529838770906,1.1161240088029065,1.621664074163215e-06,5.692611509058333e-10
60,train_bus_ebike_mtv_ucb,berkeley_to_mtv_SF_express_bus/ebike_bikeshare_urban_long_10,1465,1.2137480054438836,0.9552871083464438,0.04233447326287969,85368592.60868542,101454.470863926,702.5469392062192,25.007500146270072,0.00010819914796488225,7.481166846026598e-10
60,train_bus_ebike_mtv_ucb,berkeley_to_mtv_SF_express_bus/express_bus_10,2907,1.1508506121901214,0.987737819587934,0.01613238117929464,27505603057316.066,26184717.557919502,8434.766849575502,26.636811458256794,2.810407447002827e-09,7.342253319793175e-10
60,train_bus_ebike_mtv_ucb,berkeley_to_mtv_SF_express_bus/walk_downtown_urban_canyon_10,617,1.0165926738972977,0.8766866170434947,0.12263742617717109,7729538953171.115,307758547.6841044,12276.46126436453,7.130666250791486,5.689083994315507e-10,8.02529976053429e-10
60,train_bus_ebike_mtv_ucb,berkeley_to_mtv_SF_express_bus/light_rail_below_above_ground_10,1016,1.127149574065417,0.9822516343263733,0.08334735662329999,1374869281.5964863,1699638.5360366527,2112.1450792928454,66.41398035408804,2.9690136733584567e-05,8.145851430344032e-10
60,train_bus_ebike_mtv_ucb,berkeley_to_mtv_SF_express_bus/commuter_rail_with_tunnels_10,3474,1.2523900326900481,0.9981999522418549,0.03291809879330618,1.7810673251647526e+16,182595003699.81723,1872117.400724374,675.028889672994,1.3094482194797227e-10,7.999884506231548e-10
60,train_bus_ebike_mtv_ucb,berkeley_to_mtv_SF_express_bus/inner_suburb_downtown_walk_10,1179,1.0747560040646835,0.9973591431097055,0.047694359359724436,9.876051294245109e+16,227896178743.49243,497842.1064123832,1.422058143994588,6.340734767553053e-15,7.13358173776683e-10
60,train_bus_ebike_mtv_ucb,mtv_to_berkeley_sf_bart/walk_to_caltrain_11,965,1.094029028569406,0.8878090904771584,0.11566623128023519,1119120614.9451752,1119304.8470634343,1120.6581456638332,3.857312420480679,3.2190905537022167e-06,7.066114844795951e-10
60,train_bus_ebike_mtv_ucb,mtv_to_berkeley_sf_bart/commuter_rail_aboveground_11,2641,1.191807419256405,0.9962415610836289,0.023115251933404236,1599777582428693.2,8009750967.05431,40169.421112455624,726.8379537348625,1.1995462968489867e-09,7.225986198398043e-10
60,train_bus_ebike_mtv_ucb,mtv_to_berkeley_sf_bart/subway_underground_11,3895,1.1895220355329692,1.085332462542908,0.09664521801291957,inf,inf,inf,31.181517797125156,0.0,8.022390272317053e-10
60,train_bus_ebike_mtv_ucb,mtv_to_berkeley_sf_bart/walk_to_bus_11,269,1.022172695978457,0.9453516609780523,0.1448692548881331,9646408726046.777,273686084.3657414,7764.969835167699,0.16210477920320457,2.266679276158752e-12,6.946654363854002e-10
60,train_bus_ebike_mtv_ucb,mtv_to_berkeley_sf_bart/city_bus_short_11,349,1.2942963962744682,0.9760714196151574,0.05124048530907301,66538641.184030905,136509.38237752637,847.1232369313883,283.8839825300305,0.0004057020562190563,5.848063484045086e-10
60,train_bus_ebike_mtv_ucb,walk_urban_university/walk_urban_university_11,898,1.082627071163376,0.9780524145311084,0.0708027827298315,70587255111083.77,471220851.52667797,3155.5302974837564,1.654891936069383,2.1047443987337844e-11,8.783406312073868e-10
60,train_bus_ebike_mtv_ucb,berkeley_to_mtv_SF_express_bus/walk to the bikeshare location_11,423,1.0893560635539665,0.9941146781438323,0.035014192496107,inf,inf,inf,0.9061104295307536,0.0,5.692611509058333e-10
60,train_bus_ebike_mtv_ucb,berkeley_to_mtv_SF_express_bus/ebike_bikeshare_urban_long_11,1572,1.1946581044930873,0.983964661084381,0.0251590605876177,inf,inf,inf,17.187953725027125,0.0,7.481166846026598e-10
60,train_bus_ebike_mtv_ucb,berkeley_to_mtv_SF_express_bus/express_bus_11,2600,1.1716686141905124,0.9872640617240812,0.015303431318898697,193674729774.8178,15013515.718263704,6464.396225653921,41.58663644809372,2.383945306917051e-07,7.39791657760347e-10
60,train_bus_ebike_mtv_ucb,berkeley_to_mtv_SF_express_bus/walk_downtown_urban_canyon_11,620,1.0169665537221642,0.9023590129934524,0.08896429292473218,63673683.18904774,124945.8485382819,342.7569899663712,0.9949675137263494,4.708546481919872e-06,8.02529976053429e-10
60,train_bus_ebike_mtv_ucb,berkeley_to_mtv_SF_express_bus/light_rail_below_above_ground_11,799,1.164821429029239,0.9773907239790934,0.025089073824092662,374852381.6568113,243761.02007991885,963.7081248541266,13.758320880612999,5.195876853209067e-06,8.145851430344032e-10
60,train_bus_ebike_mtv_ucb,berkeley_to_mtv_SF_express_bus/commuter_rail_with_tunnels_11,4175,1.2011570291671751,0.9947014048828043,0.02386681041982883,64124963555029.11,214040188.33138523,78222.67023571747,950.7406951353449,5.4845437258365314e-08,7.999884506231548e-10
60,train_bus_ebike_mtv_ucb,berkeley_to_mtv_SF_express_bus/inner_suburb_downtown_walk_11,1255,1.069626844596422,0.9967567846870805,0.04521978205421708,3365509.1474166918,21185.264627570283,175.70889611007405,0.775605147406128,0.0001499900661778871,7.13358173776683e-10
70,unimodal_trip_car_bike_mtv_la,suburb_city_driving_weekend/suburb_city_driving_weekend_0,817,1.098848383130938,0.9700915603065949,0.041198792918028616,3676783944.838591,908640.1240123865,2275.3520427395406,35.99165503549712,3.842181331866776e-06,4.738408267387402e-10
70,unimodal_trip_car_bike_mtv_la,suburb_bicycling/suburb_bicycling_0,1270,1.090673815030576,0.9580621052560497,0.0635935772539801,121758679.56518167,67226.7337772309,457.41750016937294,9.512035906370585,6.264186114756584e-05,8.120676155485603e-10
70,unimodal_trip_car_bike_mtv_la,suburb_city_driving_weekend/suburb_city_driving_weekend_1,702,1.1204151607274049,0.9599372367654447,0.033096859281151504,138209884.1805783,174499.23044177843,1267.3880497002156,21.520300636010024,4.1409885941186274e-05,4.738408267387402e-10
70,unimodal_trip_car_bike_mtv_la,suburb_bicycling/suburb_bicycling_1,1333,1.0865440468217906,0.9603284119928406,0.08203261450035328,1567907338.242376,183031.78728334059,273.13074728667056,7.690555659170312,6.378883713572937e-06,8.120676155485603e-10
70,unimodal_trip_car_bike_mtv_la,suburb_city_driving_weekend/suburb_city_driving_weekend_2,709,1.1203633280456395,0.9426534217583572,0.056158333134657595,107268021676.16371,8081616.220231289,1542.1355858524587,35.144262179388186,2.2622523616225637e-07,4.738408267387402e-10
70,unimodal_trip_car_bike_mtv_la,suburb_bicycling/suburb_bicycling_2,1266,1.0907908605848842,0.9490072783690476,0.05636993620780988,82657963.94858654,86112.1566023061,266.2690382334991,7.7731382957884545,6.740683960896854e-05,8.120676155485603e-10
70,unimodal_trip_car_bike_mtv_la,suburb_city_driving_weekend/suburb_city_driving_weekend_3,853,1.096423610480842,0.9395717252729129,0.0635864874342824,346561886.7198311,165650.13987848556,1108.99470483696,41.64981286121651,5.7610854977530945e-05,4.738408267387402e-10
70,unimodal_trip_car_bike_mtv_la,suburb_bicycling/suburb_bicycling_3,1320,1.086322270184237,0.9517646181791964,0.06289308584813252,3985306.6679644776,19165.43636613541,214.31482730716326,5.8469559334224845,0.0004149575262074337,8.120676155485603e-10
70,unimodal_trip_car_bike_mtv_la,suburb_city_driving_weekend/suburb_city_driving_weekend_4,773,1.1091294442919983,0.9641608177418172,0.04053360486693704,467353580253.9678,6173597.363247915,744.921476612451,12.81143830652308,2.11817056555208e-08,4.738408267387402e-10
70,unimodal_trip_car_bike_mtv_la,suburb_bicycling/suburb_bicycling_4,1285,1.088549737875304,0.9544168011452638,0.07158101997980529,1613644365.770075,333141.2756854585,618.2426850309922,9.41003683030274,3.830438099064714e-06,8.120676155485603e-10
70,unimodal_trip_car_bike_mtv_la,suburb_city_driving_weekend/suburb_city_driving_weekend_5,859,1.0962978341933842,0.947500146977833,0.04901716552205319,82377160.263422,211791.66753378703,1190.6332135866214,17.4226457618778,3.6158316802195854e-05,4.738408267387402e-10
70,unimodal_trip_car_bike_mtv_la,suburb_bicycling/suburb_bicycling_5,1297,1.087267374828877,0.9511532922189674,0.05629829668993864,247928164.24669668,136307.3325610934,279.47052062544486,8.01013556806341,2.0788984057936478e-05,8.120676155485603e-10
70,car_scooter_brex_san_jose,freeway_driving_weekday/freeway_driving_weekday_0,1976,1.1924318924647042,0.986200062546549,0.019042297964298214,151112081609.92465,20535947.69653181,8541.95710011262,342.25200204654584,2.1994167109389215e-06,6.829429384774533e-10
70,car_scooter_brex_san_jose,bus trip with e-scooter access/city_escooter_0,1257,1.0417459760772478,0.9934683706131537,0.01802533834299065,4935907.724448558,43476.634445259006,502.0547502537558,6.605875227317612,0.0002678208860345418,6.416257647001624e-10
70,car_scooter_brex_san_jose,bus trip with e-scooter access/city_bus_rapid_transit_0,2745,1.163389687407169,0.9947987035337477,0.017757948316097772,35826754391.972404,6355086.317133674,4347.933272225148,509.8417355481122,1.1016249802232931e-05,6.217521112241125e-10
70,car_scooter_brex_san_jose,bus trip with e-scooter access/walk_back_from_bus_0,681,1.0434291626958394,0.9258487644796837,0.07470599177756035,56351.267981679404,567.5493244519706,31.223425744851525,1.005722590030597,0.005238185166687134,1.0612213331756848e-09
70,car_scooter_brex_san_jose,freeway_driving_weekday/freeway_driving_weekday_1,2032,1.18607065311847,0.9989970414600045,0.02626011114855976,84229162225.61896,5705626.6266704295,6065.473985767344,91.79615426411111,1.194216855448016e-06,6.829429384774533e-10
70,car_scooter_brex_san_jose,bus trip with e-scooter access/city_escooter_1,1236,1.0421526434890436,0.9896638012925421,0.021972043337679874,2230641144.4941573,2452248.3516314058,2699.7649082444364,8.970730523915886,4.92454835502376e-06,6.416257647001624e-10
70,car_scooter_brex_san_jose,bus trip with e-scooter access/city_bus_rapid_transit_1,2925,1.1515806544825775,0.9977417513851562,0.017029843354739588,96223493399.39684,8396581.646831073,11479.033376125986,579.747484810086,5.833398427853698e-06,6.217521112241125e-10
70,car_scooter_brex_san_jose,bus trip with e-scooter access/walk_back_from_bus_1,640,1.0474594139929772,0.9271520992138511,0.06463661490948798,38091.55802196029,1114.4063409175146,45.87924241969028,0.5322444954284278,0.0013473062910655345,1.0612213331756848e-09
70,car_scooter_brex_san_jose,freeway_driving_weekday/freeway_driving_weekday_2,1749,1.2237778381016993,0.9871036262267631,0.015043579031537267,66810161371.815636,11218340.202315893,16758.635545865138,623.5691730226347,4.0187339884403455e-06,6.829429384774533e-10
70,car_scooter_brex_san_jose,bus trip with e-scooter access/city_escooter_2,1290,1.0406209181335506,0.9928261488319278,0.03731205112142282,6197281254.395787,353139.4009685597,309.0273974170241,10.028815998234567,2.0673823713822986e-06,6.416257647001624e-10
70,car_scooter_brex_san_jose,bus trip with e-scooter access/city_bus_rapid_transit_2,2622,1.1715913850747546,0.995985649197777,0.01986699263819206,18494387351567.406,189604456.44463024,6431.580338133334,701.8158727555324,9.843559013270522e-08,6.217521112241125e-10
70,car_scooter_brex_san_jose,bus trip with e-scooter access/walk_back_from_bus_2,620,1.0473522634796832,0.9180210011845933,0.07929141562651666,524584.4026437964,4973.660022367422,122.83702766808042,1.0548423022735907,0.00032744913221907206,1.0612213331756848e-09
70,car_scooter_brex_san_jose,freeway_driving_weekday/freeway_driving_weekday_3,1937,1.1965186374991097,0.9871808062998835,0.02425486208766065,618669003291.676,48823221.12023171,6874.942172113815,303.0892736400966,8.758758420401253e-07,6.829429384774533e-10
70,car_scooter_brex_san_jose,bus trip with e-scooter access/city_escooter_3,1403,1.0364829551693713,0.9954817042194246,0.05983833883575363,5862011.8593924465,48897.991985684974,536.5188304094216,11.201186999192082,0.00035800306956097966,6.416257647001624e-10
70,car_scooter_brex_san_jose,bus trip with e-scooter access/city_bus_rapid_transit_3,2456,1.18540429586999,0.9963241419622592,0.02113861871733805,301057383817.27966,19451772.408788953,3534.3239950524576,808.28973347294,4.930496115279432e-06,6.217521112241125e-10
70,car_scooter_brex_san_jose,bus trip with e-scooter access/walk_back_from_bus_3,648,1.0461283993757509,0.9351360110491609,0.06417141490468298,3320071.7379125636,22433.98190841253,258.0964325142359,0.805916350874217,4.523815884315561e-05,1.0612213331756848e-09
70,car_scooter_brex_san_jose,freeway_driving_weekday/freeway_driving_weekday_4,2006,1.1885208914580028,0.9820496388858354,0.03126230648009202,232693382649.28052,19140100.485485382,11219.461870678073,114.62377624294993,5.020020695685062e-07,6.829429384774533e-10
70,car_scooter_brex_san_jose,bus trip with e-scooter access/city_escooter_4,1310,1.039620183988995,0.9856522397300649,0.040870305267711717,448826894.6863434,246554.9611059299,461.304553668377,8.904339238996002,1.4681499647294271e-05,6.416257647001624e-10
70,car_scooter_brex_san_jose,bus trip with e-scooter access/city_bus_rapid_transit_4,2847,1.156450980254712,0.9961028589165372,0.01875892854616225,254614627223.29703,11655269.71055696,5340.2387757935885,1615.5482796714437,1.1998052534813872e-05,6.217521112241125e-10
70,car_scooter_brex_san_jose,bus trip with e-scooter access/walk_back_from_bus_4,654,1.0465069517457688,0.9285462791353418,0.07406069811001177,6882986.930416165,14702.303976571568,190.56305647435076,0.810181290656337,5.611696147152023e-05,1.0612213331756848e-09
70,car_scooter_brex_san_jose,freeway_driving_weekday/freeway_driving_weekday_5,1921,1.1980761773432484,0.9949643868411869,0.02323164437021143,296224062589.55133,9102658.650469176,10578.10158194235,597.2859481393319,2.3198440991141447e-06,6.829429384774533e-10
70,car_scooter_brex_san_jose,bus trip with e-scooter access/city_escooter_5,1286,1.0397289596227934,0.9896033327212335,0.027488731897827325,8453641.019857448,30195.288957212157,237.27494936762494,9.253270444168653,0.0004096978449160926,6.416257647001624e-10
70,car_scooter_brex_san_jose,bus trip with e-scooter access/city_bus_rapid_transit_5,2555,1.1776030852712926,0.9968532201259499,0.014403028085332246,347748385253.78467,18820512.687526617,3021.0429699069214,684.7727869967412,3.3663307297727247e-06,6.217521112241125e-10
70,car_scooter_brex_san_jose,bus trip with e-scooter access/walk_back_from_bus_5,647,1.0451589920032545,0.9328751574247046,0.06540370915879391,2436754.839950074,7642.599334571938,97.22117347896956,0.8183964109939622,0.00013984814454074413,1.0612213331756848e-09
70,car_scooter_brex_san_jose,freeway_driving_weekday/freeway_driving_weekday_6,2002,1.1899229005519512,0.9835787332525295,0.016418078880805723,3.2808292856067113e+19,23466319688812.918,16784431.79602424,192.99377663477597,1.177669513221404e-14,6.829429384774533e-10
70,car_scooter_brex_san_jose,bus trip with e-scooter access/city_escooter_6,1482,1.034046591113879,0.9945363012399464,0.031443888127733174,9.395438592090688e+16,134402827479.95076,192305.1101218063,11.42171117111477,1.8015939568625242e-13,6.416257647001624e-10
70,car_scooter_brex_san_jose,bus trip with e-scooter access/city_bus_rapid_transit_6,2855,1.1552854821524332,0.9949674664927034,0.019684725790936847,119758263669.35596,6227684.784330581,3695.6023308310096,1803.4543191577475,1.9617260599179072e-05,6.217521112241125e-10
70,car_scooter_brex_san_jose,bus trip with e-scooter access/walk_back_from_bus_6,625,1.048819175857893,0.9250147741654907,0.07146063423397946,inf,inf,inf,1.0463636301155894,0.0,1.0612213331756848e-09
70,train_bus_ebike_mtv_ucb,mtv_to_berkeley_sf_bart/walk_to_caltrain_0,1115,1.0798996314206475,0.9440053146817338,0.05199859096533307,527576.0084780358,3272.5527782386175,67.7592230389837,1.0158966064966684,0.0005097316764291316,7.066114844795951e-10
70,train_bus_ebike_mtv_ucb,mtv_to_berkeley_sf_bart/commuter_rail_aboveground_0,2927,1.1699103468304564,0.993164867622405,0.025379184169036267,inf,inf,inf,164.04753068491436,0.0,7.225986198398043e-10
70,train_bus_ebike_mtv_ucb,mtv_to_berkeley_sf_bart/subway_underground_0,3864,1.1795275206619795,0.988895522990642,0.02397526380222663,inf,inf,inf,28.494264720810442,0.0,8.022390272317053e-10
70,train_bus_ebike_mtv_ucb,mtv_to_berkeley_sf_bart/walk_to_bus_0,285,1.0072153442106522,0.9264951693462254,0.2853583172423521,3031580.5410992242,13203.378135580098,70.42308122972692,36.01257321177884,0.0015063217624460418,8.417568395528515e-10
70,train_bus_ebike_mtv_ucb,mtv_to_berkeley_sf_bart/city_bus_short_0,473,1.187725272612657,0.9730314314809463,0.10677260597574875,140380323.63141176,133014.49748820782,947.1936447838661,333.84410133178176,0.0005046557728923052,6.4425497260919e-10
70,train_bus_ebike_mtv_ucb,walk_urban_university/walk_urban_university_0,866,1.0852523030292662,0.9822504261264109,0.046653018374287814,1678383.4871841716,10355.120482617824,182.36746445472073,1.0414683602265928,0.00031745052816657964,8.783406312073868e-10
70,train_bus_ebike_mtv_ucb,berkeley_to_mtv_SF_express_bus/walk to the bikeshare location_0,305,1.063190908063734,0.927408814174471,0.044444322291711795,2467643.611453489,3014.0610043181996,37.009929544167015,0.8601588933536564,0.00010424664857642207,4.6000558237409036e-10
70,train_bus_ebike_mtv_ucb,berkeley_to_mtv_SF_express_bus/ebike_bikeshare_urban_long_0,1467,1.2122461443254104,0.9631746714453524,0.03106168703161475,160524771446.49033,3788945.2773087206,678.9977240962922,20.581618151779168,1.3549820196193432e-07,7.591327569011733e-10
70,train_bus_ebike_mtv_ucb,berkeley_to_mtv_SF_express_bus/express_bus_0,2751,1.1684156332095168,0.9779714956067638,0.02139477578715929,240916046670.701,11691615.687706593,7710.110836820451,80.44000495714783,4.498641958074976e-07,6.769007973500341e-10
70,train_bus_ebike_mtv_ucb,berkeley_to_mtv_SF_express_bus/walk_downtown_urban_canyon_0,639,1.0228416010453756,0.8360264160694705,0.17333935350042928,867524.4275364814,7635.3742594993255,109.47784455133043,2.3819162213011387,0.00036020259513369146,1.060580868851958e-09
70,train_bus_ebike_mtv_ucb,berkeley_to_mtv_SF_express_bus/light_rail_below_above_ground_0,834,1.1584694695622915,0.9779776797423717,0.03022767908002003,1411427684692.586,105067519.43558516,88401.10327536888,23.815673318732316,2.3385552814569644e-09,8.145851430344032e-10
70,train_bus_ebike_mtv_ucb,berkeley_to_mtv_SF_express_bus/commuter_rail_with_tunnels_0,4775,1.1718853165149357,0.9975129038920357,0.020447009636496365,9.614858702552496e+20,229236094954630.75,54654433.705386944,726.0683761517922,3.605852106118979e-15,7.999884506231548e-10
70,train_bus_ebike_mtv_ucb,berkeley_to_mtv_SF_express_bus/inner_suburb_downtown_walk_0,1201,1.0739265613728732,0.99367240547913,0.042707927940921986,3605026.6052533183,17900.084643682778,210.2223923362591,0.830230050885743,0.00010898323424304706,7.13358173776683e-10
70,train_bus_ebike_mtv_ucb,mtv_to_berkeley_sf_bart/walk_to_caltrain_1,1012,1.0885996728621061,0.9380033564288238,0.05432166767994545,1211369.219886457,7965.780735945248,183.6920548620151,1.3509829206847825,0.00017572697803543906,7.066114844795951e-10
70,train_bus_ebike_mtv_ucb,mtv_to_berkeley_sf_bart/commuter_rail_aboveground_1,2709,1.1851406281220844,0.9917007635870672,0.025140724736796523,673200412901221.9,3238122293.4563293,775570.89893373,110.69754194685876,1.8611487190408762e-10,7.225986198398043e-10
70,train_bus_ebike_mtv_ucb,mtv_to_berkeley_sf_bart/subway_underground_1,3887,1.1905516105002931,0.9677624055158122,0.018913646575239255,inf,inf,inf,41.87083859018601,0.0,8.022390272317053e-10
70,train_bus_ebike_mtv_ucb,mtv_to_berkeley_sf_bart/walk_to_bus_1,215,1.004735401206298,0.911562966245256,0.22091537710977163,9551.569500798605,305.31808980285723,15.530405750376374,1.6220896610990907,0.004882859515876,8.417568395528515e-10
70,train_bus_ebike_mtv_ucb,mtv_to_berkeley_sf_bart/city_bus_short_1,535,1.1655471854371682,0.985812079005009,0.06699019951039784,284709768.2810585,341564.26663423056,638.7877407062397,252.832370453643,0.0002559968218986476,6.4425497260919e-10
70,train_bus_ebike_mtv_ucb,walk_urban_university/walk_urban_university_1,888,1.0837592209826854,0.981547599581547,0.0516258677065059,2052701.8213347087,4652.676153821569,67.41217188580299,0.9801656544296653,0.0002767574149979045,8.783406312073868e-10
70,train_bus_ebike_mtv_ucb,berkeley_to_mtv_SF_express_bus/walk to the bikeshare location_1,219,1.0886989909077598,0.9122379216984541,0.07705307575992829,2089937.7866135992,12491.060734059383,154.7510963392786,0.9563860122813228,1.2912749018810303e-05,4.6000558237409036e-10
70,train_bus_ebike_mtv_ucb,berkeley_to_mtv_SF_express_bus/ebike_bikeshare_urban_long_1,1446,1.2156335333163455,0.9847222980441585,0.02942364450153387,10133242888.63694,915700.6252501234,713.5889351102676,20.48215887622979,1.6256374535064933e-06,7.591327569011733e-10
70,train_bus_ebike_mtv_ucb,berkeley_to_mtv_SF_express_bus/express_bus_1,2788,1.1667078001059064,0.9678664558375576,0.032367002065755886,107148499791606.64,153403104.2074256,6015.768076615897,119.51155438190759,3.0907991948179346e-09,6.822293654972005e-10
70,train_bus_ebike_mtv_ucb,berkeley_to_mtv_SF_express_bus/walk_downtown_urban_canyon_1,616,1.015901936064148,0.8359656347031728,0.1515508208543315,7189619.415788258,6401.4992373672185,91.58324377218229,2.5352791504907883,0.00014019731029321536,1.060580868851958e-09
70,train_bus_ebike_mtv_ucb,berkeley_to_mtv_SF_express_bus/light_rail_below_above_ground_1,869,1.1473698556097034,0.9786147138947457,0.019144819487237057,300603347366.524,9840340.086967288,17110.882341933542,21.346281731973537,4.203516379075056e-08,8.145851430344032e-10
70,train_bus_ebike_mtv_ucb,berkeley_to_mtv_SF_express_bus/commuter_rail_with_tunnels_1,4797,1.1709937918704554,0.9974629496022674,0.019077967168922072,139393573679385.86,984256979.1428996,414388.1973112741,106.66143401469628,1.948964944067678e-09,7.999884506231548e-10
70,train_bus_ebike_mtv_ucb,berkeley_to_mtv_SF_express_bus/inner_suburb_downtown_walk_1,1188,1.0741179542130046,0.990482093698399,0.033000782960773314,81117420703305.48,1740590515.159235,37349.10261272871,0.6358966091582783,9.299373248137824e-12,7.13358173776683e-10
70,train_bus_ebike_mtv_ucb,mtv_to_berkeley_sf_bart/walk_to_caltrain_2,874,1.1060416088779463,0.946898082048759,0.05662675466418566,566154.7550776904,4732.240104133105,85.66193708873337,1.557863676744725,0.0003891774893355399,7.066114844795951e-10
70,train_bus_ebike_mtv_ucb,mtv_to_berkeley_sf_bart/commuter_rail_aboveground_2,2829,1.1762425625760404,0.9906587592087989,0.026191998673185484,238529520421493.97,739305189.7839488,114006.91707022383,273.81991331085777,3.11259360523202e-09,7.225986198398043e-10
70,train_bus_ebike_mtv_ucb,mtv_to_berkeley_sf_bart/subway_underground_2,3860,1.192435790475897,0.995862589307177,0.02256133161659185,inf,inf,inf,74.9806462520906,0.0,8.022390272317053e-10
70,train_bus_ebike_mtv_ucb,mtv_to_berkeley_sf_bart/walk_to_bus_2,223,1.010808397537759,0.9157830282006431,0.18258427331179264,4943.018533873749,192.72344725356484,13.987958644498491,1.290245883796257,0.007707922592504153,8.417568395528515e-10
70,train_bus_ebike_mtv_ucb,mtv_to_berkeley_sf_bart/city_bus_short_2,499,1.1780228118129996,0.9696751684918068,0.06365285676494548,853255285.2546633,544783.7807859502,1023.9862201092723,429.86797629903356,0.0001585096481305507,6.4425497260919e-10
70,train_bus_ebike_mtv_ucb,walk_urban_university/walk_urban_university_2,780,1.096962151039883,0.9812923991353352,0.04234880136047729,44086847.011254266,28498.845774259473,33.15496090882241,1.1819508657024442,2.0163625972182305e-05,8.783406312073868e-10
70,train_bus_ebike_mtv_ucb,berkeley_to_mtv_SF_express_bus/walk to the bikeshare location_2,1403,1.013147647205879,0.5911208907159484,0.4069804613565727,8287299421.669009,2633795.511588537,1133.627471921296,67.96223536766014,4.32186849074325e-06,4.6000558237409036e-10
70,train_bus_ebike_mtv_ucb,berkeley_to_mtv_SF_express_bus/ebike_bikeshare_urban_long_2,1543,1.2001097191915584,0.9721646253185371,0.03169398136600144,5124860406.780509,1408819.738920489,898.6647259542234,29.955988795724323,7.270281304224813e-06,7.591327569011733e-10
70,train_bus_ebike_mtv_ucb,berkeley_to_mtv_SF_express_bus/express_bus_2,2365,1.202236324410241,0.9722390688267566,0.028242214317204972,2460571916087971.5,586644157.3831019,4973.690257575457,409.56788771791264,3.921655360295713e-10,6.769007973500341e-10
70,train_bus_ebike_mtv_ucb,berkeley_to_mtv_SF_express_bus/walk_downtown_urban_canyon_2,564,1.0181713692785077,0.8545725373056228,0.14600350730562878,2098387.8385201506,11545.015747846905,145.3680179254195,2.6043010392190675,0.00022582767359106124,1.060580868851958e-09
70,train_bus_ebike_mtv_ucb,berkeley_to_mtv_SF_express_bus/light_rail_below_above_ground_2,1218,1.1034479510048696,0.9474091619605973,0.08354832776260727,52765137083.490715,1751797.54411385,1904.93456949164,53.038483137322174,1.1365155291065065e-06,8.145851430344032e-10
70,train_bus_ebike_mtv_ucb,berkeley_to_mtv_SF_express_bus/commuter_rail_with_tunnels_2,4793,1.1702608973273092,0.9958814879255747,0.03211729887136495,1.6328576328734122e+17,700746475408.0175,3007422.636911625,815.9365704060183,2.0926703068042542e-11,7.999884506231548e-10
70,train_bus_ebike_mtv_ucb,berkeley_to_mtv_SF_express_bus/inner_suburb_downtown_walk_2,1193,1.074424960602365,0.999225053415692,0.04795684699060184,146161923.8794963,33448.91457116558,256.1829393361409,0.849157160469329,4.622367645999477e-06,7.13358173776683e-10
70,train_bus_ebike_mtv_ucb,mtv_to_berkeley_sf_bart/walk_to_caltrain_3,949,1.0954065836165017,0.9247775335860994,0.0757216154615967,410686259068390.5,3894424587.568162,78925.09860338365,2.1357532476304932,3.309004683019229e-12,7.066114844795951e-10
70,train_bus_ebike_mtv_ucb,mtv_to_berkeley_sf_bart/commuter_rail_aboveground_3,2639,1.1913622084675586,0.995541954024659,0.02256989415285152,422178753948762.4,2996134023.2873206,262838.3711714975,185.1886481293839,7.997741151494022e-10,7.225986198398043e-10
70,train_bus_ebike_mtv_ucb,mtv_to_berkeley_sf_bart/subway_underground_3,3868,1.1899452839988747,0.9952886641065797,0.025328488223534385,inf,inf,inf,64.15097653835674,0.0,8.022390272317053e-10
70,train_bus_ebike_mtv_ucb,mtv_to_berkeley_sf_bart/walk_to_bus_3,309,1.0195085540598094,0.9698029455469791,0.2992796181023534,2.144738404225294e+18,1022690966160.2357,487666.9499873831,23.70435942258258,1.7075357951715835e-15,8.417568395528515e-10
70,train_bus_ebike_mtv_ucb,mtv_to_berkeley_sf_bart/city_bus_short_3,378,1.2526017169820336,0.9576853108313415,0.03378377185277651,140498129.27514905,127789.77460634886,719.0305734724896,324.4811021127614,0.00036987307979270456,6.4425497260919e-10
70,train_bus_ebike_mtv_ucb,walk_urban_university/walk_urban_university_3,797,1.0942109175206816,0.9785787958304913,0.03862147976113899,2258005918104.9556,160428214.39659828,11398.762937748255,1.8883771641856266,6.659386226819205e-10,8.783406312073868e-10
70,train_bus_ebike_mtv_ucb,berkeley_to_mtv_SF_express_bus/walk to the bikeshare location_3,519,1.0708071431547226,0.978993470273305,0.03700601124372408,3601160865.885406,1234631.5184776068,512.2714147175191,1.040341920615747,1.4032344651870004e-07,5.692611509058333e-10
70,train_bus_ebike_mtv_ucb,berkeley_to_mtv_SF_express_bus/ebike_bikeshare_urban_long_3,1586,1.1937928502189994,0.9822915822241656,0.027664793957965592,2850425792.765307,251356.61549390704,363.07308318808356,14.695188512445467,7.575648264040843e-06,7.481166846026598e-10
70,train_bus_ebike_mtv_ucb,berkeley_to_mtv_SF_express_bus/express_bus_3,2741,1.1612161764189428,0.9847156225628272,0.01668087531873391,326054603949.83594,84730170.43822719,22052.694803705595,38.588840005669724,2.5292175445457905e-07,7.342253319793175e-10
70,train_bus_ebike_mtv_ucb,berkeley_to_mtv_SF_express_bus/walk_downtown_urban_canyon_3,785,1.0121577735661518,0.8830102017391962,0.10751961789862412,inf,inf,inf,19.45296401583056,0.0,8.02529976053429e-10
70,train_bus_ebike_mtv_ucb,berkeley_to_mtv_SF_express_bus/light_rail_below_above_ground_3,930,1.140471929943614,0.9856129629220856,0.028287174817367713,6483741751588577.0,9225593694.576609,181117.33817453712,17.809334656876594,2.171148116126552e-12,8.145851430344032e-10
70,train_bus_ebike_mtv_ucb,berkeley_to_mtv_SF_express_bus/commuter_rail_with_tunnels_3,3579,1.2425810516383924,0.9968581645488342,0.02751475825337328,38658979024454.58,516999023.60219866,213503.1803795226,340.5650309977688,1.2431388106245417e-08,7.999884506231548e-10
70,train_bus_ebike_mtv_ucb,berkeley_to_mtv_SF_express_bus/inner_suburb_downtown_walk_3,1186,1.074666833186685,0.995566267538603,0.040089005735421374,1888704789.3545876,740770.7893262185,295.1272354205223,1.049160996539253,6.534792939779017e-07,7.13358173776683e-10
70,train_bus_ebike_mtv_ucb,mtv_to_berkeley_sf_bart/walk_to_caltrain_4,960,1.0936529756486262,0.9376241901172634,0.06364239614109067,1.039738082210678e+19,4957857525186.422,2364128.907404039,1.8977205049284942,1.7521828433637444e-16,7.066114844795951e-10
70,train_bus_ebike_mtv_ucb,mtv_to_berkeley_sf_bart/commuter_rail_aboveground_4,2716,1.184768680053126,0.99373213239174,0.032237446565217306,2.41267500767062e+19,4697631175301.504,6490031.699794815,349.5998481192335,3.785450910282777e-14,7.225986198398043e-10
70,train_bus_ebike_mtv_ucb,mtv_to_berkeley_sf_bart/subway_underground_4,3882,1.1899937289785,1.036387101126863,0.051637876973952584,inf,inf,inf,17.713605622224488,0.0,8.022390272317053e-10
70,train_bus_ebike_mtv_ucb,mtv_to_berkeley_sf_bart/walk_to_bus_4,318,1.017214138932621,0.9846260329363267,0.3083812856673508,2.287766616564004e+16,49090146215.56137,105344.0997595273,19.847181101395947,2.742498669654519e-13,8.417568395528515e-10
70,train_bus_ebike_mtv_ucb,mtv_to_berkeley_sf_bart/city_bus_short_4,344,1.2802506440922412,0.9679793970553906,0.04755556661265382,42160369.36942069,64034.92974459132,649.791930916281,56.71613372469541,0.00017019507910441987,6.4425497260919e-10
70,train_bus_ebike_mtv_ucb,walk_urban_university/walk_urban_university_4,797,1.0943910708015385,0.9762471943418328,0.04986383356378043,171974381396952.47,1353062360.5021343,18004.16097828759,2.1636097043036573,8.894540090443716e-12,8.783406312073868e-10
70,train_bus_ebike_mtv_ucb,berkeley_to_mtv_SF_express_bus/walk to the bikeshare location_4,423,1.081873462146632,0.9757339130025251,0.03252413397510759,141293333.95320213,31502.218990385096,57.96645655927732,1.6245993153627831,4.851027869117164e-06,5.692611509058333e-10
70,train_bus_ebike_mtv_ucb,berkeley_to_mtv_SF_express_bus/ebike_bikeshare_urban_long_4,1297,1.2473953722311308,0.9896004625907594,0.026306103137409238,1184327935.2193735,690123.6195144085,847.8045626383232,21.753792999165757,1.9016211222784047e-05,7.481166846026598e-10
70,train_bus_ebike_mtv_ucb,berkeley_to_mtv_SF_express_bus/express_bus_4,2768,1.1595518300253291,0.9747157004676398,0.022551468031725974,44780511492.07574,9003792.694218282,5209.622224890267,37.762862208742774,6.080772395061078e-07,7.342253319793175e-10
70,train_bus_ebike_mtv_ucb,berkeley_to_mtv_SF_express_bus/walk_downtown_urban_canyon_4,687,1.0155550644716347,0.8680409604215221,0.12373774916571322,1.4572378595900606e+16,45166235606.413246,182000.4166488166,12.070394628513478,3.0908237343985824e-13,8.02529976053429e-10
70,train_bus_ebike_mtv_ucb,berkeley_to_mtv_SF_express_bus/light_rail_below_above_ground_4,978,1.1316995244750658,0.9762004634048554,0.033598595902322205,2.085992467031601e+16,24866972505.86797,379555.2020998466,27.86301719910596,7.367888780072152e-13,8.145851430344032e-10
70,train_bus_ebike_mtv_ucb,berkeley_to_mtv_SF_express_bus/commuter_rail_with_tunnels_4,4839,1.1691312469162367,0.9968915805502455,0.03569284342887911,57352606641602.38,82288995.3656966,14970.971110510656,842.1364519255002,6.962093523942022e-08,7.999884506231548e-10
70,train_bus_ebike_mtv_ucb,berkeley_to_mtv_SF_express_bus/inner_suburb_downtown_walk_4,1081,1.0827986868850388,0.9966288053274287,0.04725599698187916,1777300607.6124265,1811263.2465996575,3080.995480996913,1.1735805082357729,2.8919469773816195e-07,7.13358173776683e-10
70,train_bus_ebike_mtv_ucb,mtv_to_berkeley_sf_bart/walk_to_caltrain_5,953,1.0955377151487455,0.9487565568801912,0.057725635077007946,3.89214665437874e+17,251994435383.24158,1012415.5558300182,2.328373848898359,1.873306860154069e-15,7.066114844795951e-10
70,train_bus_ebike_mtv_ucb,mtv_to_berkeley_sf_bart/commuter_rail_aboveground_5,2913,1.1698908683633351,0.9963953555114579,0.03398391860120614,4.9219859134917706e+20,117349322355550.31,55956485.3754734,830.392163342334,3.275088338194835e-15,7.225986198398043e-10
70,train_bus_ebike_mtv_ucb,mtv_to_berkeley_sf_bart/subway_underground_5,3900,1.1853006964856805,0.9954414281855775,0.020652609751721288,inf,inf,inf,88.99618003272815,0.0,8.022390272317053e-10
70,train_bus_ebike_mtv_ucb,mtv_to_berkeley_sf_bart/walk_to_bus_5,304,0.981224067490317,0.8824163210476238,0.275081972966545,688262112.899375,480147.0370445035,517.6009395383699,10.06453857357402,2.4070341397435703e-06,8.417568395528515e-10
70,train_bus_ebike_mtv_ucb,mtv_to_berkeley_sf_bart/city_bus_short_5,309,1.3267780084595318,0.9682903930443685,0.040695809414695146,30242241473.895466,8024642.390151613,10656.159174313543,37.60776443491867,1.9528668171469909e-07,6.4425497260919e-10
70,train_bus_ebike_mtv_ucb,walk_urban_university/walk_urban_university_5,826,1.0912703168849494,0.9421291304192584,0.04199304766873166,50904159449.739204,12488381.589853128,3064.1061564907886,1.9758767242048134,2.002892841706773e-08,8.783406312073868e-10
70,train_bus_ebike_mtv_ucb,berkeley_to_mtv_SF_express_bus/walk to the bikeshare location_5,356,1.1082698172397754,0.9969791596642373,0.04532214633936056,5783.810723081364,371.39291652448264,28.271788865060433,0.9460514113712821,0.037898423353695795,5.692611509058333e-10
70,train_bus_ebike_mtv_ucb,berkeley_to_mtv_SF_express_bus/ebike_bikeshare_urban_long_5,1414,1.2221166437991446,0.9450685497599555,0.05051760034366362,216095137465.2246,5976464.593526521,576.9903035733963,31.728861561556947,1.5169990911624146e-07,7.481166846026598e-10
70,train_bus_ebike_mtv_ucb,berkeley_to_mtv_SF_express_bus/express_bus_5,2381,1.1901073489375285,0.9672676801054748,0.03130540069734831,90984837205358.64,108801872.53187199,11740.213929776206,655.6062538055288,1.711312037713504e-08,7.342253319793175e-10
70,train_bus_ebike_mtv_ucb,berkeley_to_mtv_SF_express_bus/walk_downtown_urban_canyon_5,652,1.0130380518125965,0.8750108211175981,0.12039522392531701,2.4616508838155915e+19,5417569012921.58,1937473.641026072,6.792535152337878,9.232193370815162e-17,8.02529976053429e-10
70,train_bus_ebike_mtv_ucb,berkeley_to_mtv_SF_express_bus/light_rail_below_above_ground_5,799,1.1549854912682338,0.9736099643277499,0.021941972004401105,737039050.9289128,405718.9601121262,1080.9062600788811,12.417918204789716,4.978239549688424e-06,8.145851430344032e-10
70,train_bus_ebike_mtv_ucb,berkeley_to_mtv_SF_express_bus/commuter_rail_with_tunnels_5,4252,1.1966217433545243,0.9952035473921623,0.023326300483583418,2051066633807.1162,66197514.216130994,15246.42368775293,551.7757691387565,7.419281229616394e-07,7.999884506231548e-10
70,train_bus_ebike_mtv_ucb,berkeley_to_mtv_SF_express_bus/inner_suburb_downtown_walk_5,1063,1.0837897723786443,0.9964671672294578,0.049945147447710295,618631502.0341696,812622.3333215876,1075.589700838115,1.061340282522323,1.8136363921780397e-06,7.13358173776683e-10
70,train_bus_ebike_mtv_ucb,mtv_to_berkeley_sf_bart/walk_to_caltrain_6,945,1.0943668186564532,0.9533283105384409,0.047387994095183975,783388175675.4169,88344279.43169256,9966.908708835308,1.94713440528625,2.3473026029183693e-09,7.066114844795951e-10
70,train_bus_ebike_mtv_ucb,mtv_to_berkeley_sf_bart/commuter_rail_aboveground_6,2859,1.174898475263851,0.9968861495782776,0.03147638182223582,299919474588.5014,28430317.505191967,26898.64961929429,1816.4717629492354,3.557464311263635e-06,7.225986198398043e-10
70,train_bus_ebike_mtv_ucb,mtv_to_berkeley_sf_bart/subway_underground_6,3901,1.1888153695217625,0.9968229250951497,0.013672434863613886,2.000844626478409e+16,10394049611.087158,781346.9986666271,60.93126685017297,1.0613672173790562e-11,8.022390272317053e-10
70,train_bus_ebike_mtv_ucb,mtv_to_berkeley_sf_bart/walk_to_bus_6,292,1.0112037324657515,0.9349428917605862,0.2616957275117698,119108673.08389446,151447.49301654325,371.1409342634205,6.414940300318439,6.108780996384529e-06,8.417568395528515e-10
70,train_bus_ebike_mtv_ucb,mtv_to_berkeley_sf_bart/city_bus_short_6,366,1.1933310208133237,0.9748670505957341,0.03749487842903497,51378188.94601195,114440.90760323666,927.0817268319028,387.71466616993575,0.0005478132770599958,6.922048303980974e-10
70,train_bus_ebike_mtv_ucb,walk_urban_university/walk_urban_university_6,824,1.0908826258836604,0.9685104095024464,0.05569646214687014,5815261849.69637,1041256.6610463636,637.0974388393374,1.621782949451964,1.939159178146328e-07,8.783406312073868e-10
70,train_bus_ebike_mtv_ucb,berkeley_to_mtv_SF_express_bus/walk to the bikeshare location_6,431,1.0867783565118991,0.9949695450921687,0.044052559149501916,12246020332.315022,1261935.0982150596,850.6650363139482,1.1285322465153553,3.926050503399244e-08,5.692611509058333e-10
70,train_bus_ebike_mtv_ucb,berkeley_to_mtv_SF_express_bus/ebike_bikeshare_urban_long_6,1513,1.205552394831096,0.975957340903005,0.02928205105852851,1815763036.6351955,563651.8195760206,574.6344832643139,19.39159285321261,1.0769221810673624e-05,7.481166846026598e-10
70,train_bus_ebike_mtv_ucb,berkeley_to_mtv_SF_express_bus/express_bus_6,2422,1.186775116729081,0.9642763592661338,0.0609074520613112,1041940725678.7263,58626654.009249,11034.620176927076,1614.9626903555354,1.6498836522065514e-06,7.342253319793175e-10
70,train_bus_ebike_mtv_ucb,berkeley_to_mtv_SF_express_bus/walk_downtown_urban_canyon_6,666,1.0171660376133402,0.8967588940019285,0.11244874447144966,inf,inf,inf,1.6943767514441608,0.0,8.02529976053429e-10
70,train_bus_ebike_mtv_ucb,berkeley_to_mtv_SF_express_bus/light_rail_below_above_ground_6,941,1.1402625530901338,0.9886624811705397,0.023775988287386324,152086408.3890417,154155.42148260504,755.6390803283944,14.326452636625618,2.9400321319766774e-05,8.145851430344032e-10
70,train_bus_ebike_mtv_ucb,berkeley_to_mtv_SF_express_bus/commuter_rail_with_tunnels_6,4217,1.1988857076704018,0.9971460732473327,0.02131427576406087,6.60824943612259e+16,57793314047.784424,697399.4005053737,404.15797920321137,2.136238342860247e-11,7.999884506231548e-10
70,train_bus_ebike_mtv_ucb,berkeley_to_mtv_SF_express_bus/inner_suburb_downtown_walk_6,1188,1.0738826255310765,0.9944354075597653,0.0369655173128416,29109154.542715646,67629.20218454055,285.02563132820313,0.9887601871336813,2.2926901778211387e-05,7.13358173776683e-10
70,train_bus_ebike_mtv_ucb,mtv_to_berkeley_sf_bart/walk_to_caltrain_7,1068,1.0828504778722483,0.9144186655761695,0.08411348100912373,212295686.83406672,390003.1015375756,723.4862051324998,2.2441398410297793,6.040728205119846e-06,7.066114844795951e-10
70,train_bus_ebike_mtv_ucb,mtv_to_berkeley_sf_bart/commuter_rail_aboveground_7,2786,1.1797285620215774,0.9958049622479955,0.023013108548587905,46771631929343.71,345688007.8141834,20260.073213292955,934.0719657423213,5.333860310960953e-08,7.225986198398043e-10
70,train_bus_ebike_mtv_ucb,mtv_to_berkeley_sf_bart/subway_underground_7,3898,1.1883839249300352,0.9962726286343799,0.013851969456934218,4.25375642245464e+19,10141745276873.73,16188329.627351746,44.021516735566294,5.229578729128535e-16,8.022390272317053e-10
70,train_bus_ebike_mtv_ucb,mtv_to_berkeley_sf_bart/walk_to_bus_7,295,1.0189141518045253,0.9506474755933385,0.2050573545089659,2.249424411942116e+18,1072609144768.5773,511472.0912014235,1.944546040268264,2.3967434586510773e-16,8.417568395528515e-10
70,train_bus_ebike_mtv_ucb,mtv_to_berkeley_sf_bart/city_bus_short_7,304,1.2541401479273258,0.9613654608451583,0.05147760548891027,738891106.272699,376460.6804016802,1012.592828637038,364.96623338481436,8.292025971913987e-05,6.922048303980974e-10
70,train_bus_ebike_mtv_ucb,walk_urban_university/walk_urban_university_7,851,1.0885569421297292,0.9814220233741067,0.06501493216222028,4540879.082349606,24636.03629937552,134.5076234343181,2.253916397002695,0.00020284734723433846,8.783406312073868e-10
70,train_bus_ebike_mtv_ucb,berkeley_to_mtv_SF_express_bus/walk to the bikeshare location_7,442,1.087033213507231,0.9635872202208832,0.027801653371958085,13915.84042915769,545.3348606391,24.230133255332746,1.9403786735886104,0.011250255717662508,5.692611509058333e-10
70,train_bus_ebike_mtv_ucb,berkeley_to_mtv_SF_express_bus/ebike_bikeshare_urban_long_7,1343,1.2367271889777305,0.9874880955559338,0.024172624599621023,2278193849.425282,530686.4344253165,569.5974369334764,22.34425867810427,1.0694110680635873e-05,7.481166846026598e-10
70,train_bus_ebike_mtv_ucb,berkeley_to_mtv_SF_express_bus/express_bus_7,2349,1.1936553641922936,0.9806114499367824,0.026682719669457337,21685059980.68419,7134787.9496238185,7604.713703353696,51.35191869836895,1.9024885064302017e-06,7.39791657760347e-10
70,train_bus_ebike_mtv_ucb,berkeley_to_mtv_SF_express_bus/walk_downtown_urban_canyon_7,659,1.0180392949626504,0.8991215431677726,0.1007217963232349,3.3587523198623584e+19,8007889556935.811,1909243.8055562128,2.39880286128632,2.3456162766538422e-17,8.02529976053429e-10
70,train_bus_ebike_mtv_ucb,berkeley_to_mtv_SF_express_bus/light_rail_below_above_ground_7,885,1.1425299957631614,0.9820353397242455,0.043248185300691515,200130117530.0886,29649160.890774246,10790.530631493573,20.027354728040446,3.5904937685550833e-08,8.145851430344032e-10
70,train_bus_ebike_mtv_ucb,berkeley_to_mtv_SF_express_bus/commuter_rail_with_tunnels_7,3506,1.249000021152574,0.9924621779371767,0.025841138505794822,223518709600.46805,29297629.133538023,23227.78166060537,541.5599057798373,1.0264823693795234e-06,7.999884506231548e-10
70,train_bus_ebike_mtv_ucb,berkeley_to_mtv_SF_express_bus/inner_suburb_downtown_walk_7,1183,1.0749632752668052,0.9963359381452505,0.04956925995294613,38223432.67830953,108870.15598446559,475.0638191317199,0.9658906488758401,1.4991004577476188e-05,7.13358173776683e-10
70,train_bus_ebike_mtv_ucb,mtv_to_berkeley_sf_bart/walk_to_caltrain_8,930,1.0969774543749897,0.9267776133784803,0.07336138659162932,51794755.94077417,146431.74717418465,418.59870421256124,1.776585993556304,2.9887698392254937e-05,7.066114844795951e-10
70,train_bus_ebike_mtv_ucb,mtv_to_berkeley_sf_bart/commuter_rail_aboveground_8,2857,1.1743145902344905,0.9948999944135437,0.04137664431487875,273069894748.46628,22963493.39275743,19848.404769003744,1981.6355659510996,6.262424533300006e-06,7.225986198398043e-10
70,train_bus_ebike_mtv_ucb,mtv_to_berkeley_sf_bart/subway_underground_8,3959,1.1866120443423807,0.9942838859793917,0.021983477945364847,inf,inf,inf,42.61875762686343,0.0,8.022390272317053e-10
70,train_bus_ebike_mtv_ucb,mtv_to_berkeley_sf_bart/walk_to_bus_8,310,1.0141673616511007,0.9858767349816652,0.19275072401409982,569941.7300550182,4167.843430889083,64.62580452563476,0.3236468030484855,3.9829198404864635e-05,8.417568395528515e-10
70,train_bus_ebike_mtv_ucb,mtv_to_berkeley_sf_bart/city_bus_short_8,301,1.253930808086201,0.9634151161627574,0.042273572876940925,480675989.5580266,152090.65961074317,633.724063976581,80.62646881352113,3.579836270757381e-05,6.922048303980974e-10
70,train_bus_ebike_mtv_ucb,walk_urban_university/walk_urban_university_8,875,1.0849693539532443,0.9809342046091587,0.04923940479599914,19137034.909867946,52580.35624641054,363.07541096761037,1.2308470749708489,1.80504066857866e-05,8.783406312073868e-10
70,train_bus_ebike_mtv_ucb,berkeley_to_mtv_SF_express_bus/walk to the bikeshare location_8,408,1.09519981998664,0.9975105393995395,0.041615244257370544,593.6822638840581,44.55248757018765,6.90089563853008,1.3548866051421564,0.15245052349008853,5.692611509058333e-10
70,train_bus_ebike_mtv_ucb,berkeley_to_mtv_SF_express_bus/ebike_bikeshare_urban_long_8,1518,1.2048345218974925,0.9714045497468168,0.029565271545696603,3580415656.7547364,509631.7873493966,423.3020956680022,20.342872866089255,4.65768154221529e-06,7.481166846026598e-10
70,train_bus_ebike_mtv_ucb,berkeley_to_mtv_SF_express_bus/express_bus_8,2592,1.1717501324029564,0.9801209804124913,0.021698890389093402,313623167462.4791,55309549.402055666,20111.596856573797,37.03124619664227,1.869473088939335e-07,7.39791657760347e-10
70,train_bus_ebike_mtv_ucb,berkeley_to_mtv_SF_express_bus/walk_downtown_urban_canyon_8,600,1.016174717026029,0.8706328372730409,0.12572827077401022,27205886866.346684,7137413.535307858,2955.188126171917,14.286344239456998,1.0486164381709819e-07,8.02529976053429e-10
70,train_bus_ebike_mtv_ucb,berkeley_to_mtv_SF_express_bus/light_rail_below_above_ground_8,778,1.163861941862176,0.9731012920473451,0.025805419022809438,1534659304.3697283,478206.8385802821,1729.7658422884172,14.577428164062432,3.889448555523193e-06,8.145851430344032e-10
70,train_bus_ebike_mtv_ucb,berkeley_to_mtv_SF_express_bus/commuter_rail_with_tunnels_8,3844,1.2228946151617601,0.9960682839241618,0.019691146825154427,202948530900961.34,822573938.7346503,21772.075308828847,596.3739904547451,9.71445461737367e-09,7.999884506231548e-10
70,train_bus_ebike_mtv_ucb,berkeley_to_mtv_SF_express_bus/inner_suburb_downtown_walk_8,1209,1.0728011476574286,0.983281753693659,0.05269989630843635,250303811.38856602,282140.08589748654,507.4352543151136,1.1426344356625284,1.8007361226712147e-06,7.13358173776683e-10
70,train_bus_ebike_mtv_ucb,mtv_to_berkeley_sf_bart/walk_to_caltrain_9,945,1.0954605058009415,0.9262476152245765,0.0719996843508821,11523003412.44639,5758352.601746507,2883.80640479369,2.2760558612640636,1.763712717690431e-07,7.066114844795951e-10
70,train_bus_ebike_mtv_ucb,mtv_to_berkeley_sf_bart/commuter_rail_aboveground_9,2690,1.1877978720363205,0.9957847389990933,0.029642050649719653,1406057026815.7424,125711339.03830764,19820.670819570296,4146.934626914299,2.7840056738458654e-06,7.225986198398043e-10
70,train_bus_ebike_mtv_ucb,mtv_to_berkeley_sf_bart/subway_underground_9,3904,1.1885711762327678,0.9564853271698696,0.02459776739169111,inf,inf,inf,52.563028142487035,0.0,8.022390272317053e-10
70,train_bus_ebike_mtv_ucb,mtv_to_berkeley_sf_bart/walk_to_bus_9,295,1.019113170507507,0.967816824894655,0.23570741468444018,14350573498.954033,3688339.625521884,950.6225913437839,0.6702452797182699,1.3769663930447852e-08,8.417568395528515e-10
70,train_bus_ebike_mtv_ucb,mtv_to_berkeley_sf_bart/city_bus_short_9,363,1.1985066607877144,0.9673987264262646,0.03793677330555273,345916881.6953748,235295.57553675573,1235.4005026421264,377.34789659608526,0.00018497602321524922,6.922048303980974e-10
70,train_bus_ebike_mtv_ucb,walk_urban_university/walk_urban_university_9,836,1.0882309682362954,0.972367234974945,0.0356040666730273,133992856.91520856,106388.7821116839,268.96045391199306,1.0673512513033456,5.8784873166935886e-06,8.783406312073868e-10
70,train_bus_ebike_mtv_ucb,berkeley_to_mtv_SF_express_bus/walk to the bikeshare location_9,432,1.0891073388656758,0.9907867486070506,0.03702631527957419,821315.6581463086,5236.616263623316,36.237506111921576,1.6201791255930997,0.0007426867232172682,5.692611509058333e-10
70,train_bus_ebike_mtv_ucb,berkeley_to_mtv_SF_express_bus/ebike_bikeshare_urban_long_9,1623,1.1880278651697171,0.9920376642687037,0.06490806509489877,7393209581.822144,632810.4540146356,771.5071180226538,26.093887064723198,3.7995332203495294e-06,7.481166846026598e-10
70,train_bus_ebike_mtv_ucb,berkeley_to_mtv_SF_express_bus/express_bus_9,2317,1.1963551615332029,0.9767409593611139,0.031104837240793645,80967200233309.52,251630337.1914039,7334.59962470816,398.20852318469724,1.1292242815417966e-08,7.342253319793175e-10
70,train_bus_ebike_mtv_ucb,berkeley_to_mtv_SF_express_bus/walk_downtown_urban_canyon_9,690,1.013759196669441,0.8583053446939868,0.13430097522534495,46052128122.47203,9705988.522983747,2050.0497148027903,4.800960422186815,7.168646337909299e-08,8.02529976053429e-10
70,train_bus_ebike_mtv_ucb,berkeley_to_mtv_SF_express_bus/light_rail_below_above_ground_9,1170,1.1071992676153348,0.9784341038359585,0.04469117412943585,9315545364462.436,51082725.14622259,6145.524786937629,16.84935205206301,2.089026363854607e-09,8.145851430344032e-10
70,train_bus_ebike_mtv_ucb,berkeley_to_mtv_SF_express_bus/commuter_rail_with_tunnels_9,3566,1.2440506096065116,0.9897726116776953,0.03799472147896183,73039174579124.89,1654320084.4332018,79824.57409056582,1176.6380742211627,3.372738349506676e-08,7.999884506231548e-10
70,train_bus_ebike_mtv_ucb,berkeley_to_mtv_SF_express_bus/inner_suburb_downtown_walk_9,1229,1.0715652742027313,0.9910376843566993,0.04739412992092067,7893347223667022.0,37638412928.028404,179491.95897445874,0.849173119815844,1.3216305428537585e-13,7.13358173776683e-10
70,train_bus_ebike_mtv_ucb,mtv_to_berkeley_sf_bart/walk_to_caltrain_10,1038,1.0871036742378968,0.9119518405378026,0.08618130993992668,1.209825433653318e+18,1153779444231.0796,1100360.240460488,2.3982857946982663,2.0576653452194917e-15,7.066114844795951e-10
70,train_bus_ebike_mtv_ucb,mtv_to_berkeley_sf_bart/commuter_rail_aboveground_10,2748,1.1834306999310864,0.9936895104697325,0.025380160478978772,15401833642134.121,59006691.73835343,14307.473710091348,1233.1900447153585,2.099072442716904e-07,7.225986198398043e-10
70,train_bus_ebike_mtv_ucb,mtv_to_berkeley_sf_bart/subway_underground_10,4979,1.1426694546365235,1.0402830197298958,0.13688337431924086,inf,inf,inf,48.61504020363656,0.0,8.022390272317053e-10
70,train_bus_ebike_mtv_ucb,mtv_to_berkeley_sf_bart/walk_to_bus_10,294,1.0074662019875977,0.9601579949336105,0.17558123049203397,inf,inf,inf,0.24460754780537305,0.0,8.417568395528515e-10
70,train_bus_ebike_mtv_ucb,mtv_to_berkeley_sf_bart/city_bus_short_10,431,1.16755667949454,0.9880756641459634,0.053501621270987516,132255407.29243428,188981.3922436633,943.5439260512471,603.8971429676151,0.00031993607099512075,6.922048303980974e-10
70,train_bus_ebike_mtv_ucb,walk_urban_university/walk_urban_university_10,789,1.0955791838281446,0.9825069780818352,0.03980815691262191,20422369516.06888,2463962.428562347,3527.425309938979,1.197352731457539,3.443737807490754e-08,8.783406312073868e-10
70,train_bus_ebike_mtv_ucb,berkeley_to_mtv_SF_express_bus/walk to the bikeshare location_10,389,1.1009268787162443,0.9976294762960949,0.032629798372270785,140224837.37110943,273817.2157157199,823.7529838770906,1.1161240088029065,1.621664074163215e-06,5.692611509058333e-10
70,train_bus_ebike_mtv_ucb,berkeley_to_mtv_SF_express_bus/ebike_bikeshare_urban_long_10,1465,1.2137480054438836,0.9552871083464438,0.04233447326287969,85368592.60868542,101454.470863926,702.5469392062192,25.007500146270072,0.00010819914796488225,7.481166846026598e-10
70,train_bus_ebike_mtv_ucb,berkeley_to_mtv_SF_express_bus/express_bus_10,2907,1.1508506121901214,0.987737819587934,0.01613238117929464,27505603057316.066,26184717.557919502,8434.766849575502,26.636811458256794,2.810407447002827e-09,7.342253319793175e-10
70,train_bus_ebike_mtv_ucb,berkeley_to_mtv_SF_express_bus/walk_downtown_urban_canyon_10,617,1.0165926738972977,0.8766866170434947,0.12263742617717109,7729538953171.115,307758547.6841044,12276.46126436453,7.130666250791486,5.689083994315507e-10,8.02529976053429e-10
70,train_bus_ebike_mtv_ucb,berkeley_to_mtv_SF_express_bus/light_rail_below_above_ground_10,1016,1.127149574065417,0.9822516343263733,0.08334735662329999,1374869281.5964863,1699638.5360366527,2112.1450792928454,66.77359943126136,2.9850902290243857e-05,8.145851430344032e-10
70,train_bus_ebike_mtv_ucb,berkeley_to_mtv_SF_express_bus/commuter_rail_with_tunnels_10,3474,1.2523900326900481,0.9981999522418549,0.03291809879330618,1.7810673251647526e+16,182595003699.81723,1872117.400724374,687.7346179805043,1.3408469149991463e-10,7.999884506231548e-10
70,train_bus_ebike_mtv_ucb,berkeley_to_mtv_SF_express_bus/inner_suburb_downtown_walk_10,1179,1.0747560040646835,0.9973591431097055,0.047694359359724436,9.876051294245109e+16,227896178743.49243,497842.1064123832,1.422058143994588,6.340734767553053e-15,7.13358173776683e-10
70,train_bus_ebike_mtv_ucb,mtv_to_berkeley_sf_bart/walk_to_caltrain_11,965,1.094029028569406,0.8878090904771584,0.11566623128023519,1119120614.9451752,1119304.8470634343,1120.6581456638332,3.857312420480679,3.2190905537022167e-06,7.066114844795951e-10
70,train_bus_ebike_mtv_ucb,mtv_to_berkeley_sf_bart/commuter_rail_aboveground_11,2641,1.191807419256405,0.9962415609760376,0.023115251933404236,1599777582428693.2,8009750967.05431,40169.421112455624,726.8379537348625,1.199545174436455e-09,7.225986198398043e-10
70,train_bus_ebike_mtv_ucb,mtv_to_berkeley_sf_bart/subway_underground_11,3895,1.1895220355329692,1.085332462542908,0.09664521801291957,inf,inf,inf,31.04962035296522,0.0,8.022390272317053e-10
70,train_bus_ebike_mtv_ucb,mtv_to_berkeley_sf_bart/walk_to_bus_11,269,1.022172695978457,0.9453516609780523,0.1448692548881331,9646408726046.777,273686084.3657414,7764.969835167699,0.16210477920320457,2.266679276158752e-12,6.946654363854002e-10
70,train_bus_ebike_mtv_ucb,mtv_to_berkeley_sf_bart/city_bus_short_11,349,1.2942963962744682,0.9760714196151574,0.05124048530907301,66538641.184030905,136509.38237752637,847.1232369313883,359.2348313061733,0.000512312950502968,5.848063484045086e-10
70,train_bus_ebike_mtv_ucb,walk_urban_university/walk_urban_university_11,898,1.082627071163376,0.9780524145311084,0.0708027827298315,70587255111083.77,471220851.52667797,3155.5302974837564,1.654891936069383,2.1047443987337844e-11,8.783406312073868e-10
70,train_bus_ebike_mtv_ucb,berkeley_to_mtv_SF_express_bus/walk to the bikeshare location_11,423,1.0893560635539665,0.9941146781438323,0.035014192496107,inf,inf,inf,0.9061104295307536,0.0,5.692611509058333e-10
70,train_bus_ebike_mtv_ucb,berkeley_to_mtv_SF_express_bus/ebike_bikeshare_urban_long_11,1572,1.1946581044930873,0.983964661084381,0.0251590605876177,inf,inf,inf,17.187953725027125,0.0,7.481166846026598e-10
70,train_bus_ebike_mtv_ucb,berkeley_to_mtv_SF_express_bus/express_bus_11,2600,1.1716686141905124,0.9872640617240812,0.015303431318898697,193674729774.8178,15013515.718263704,6464.396225653921,41.58663644809372,2.383945306917051e-07,7.39791657760347e-10
70,train_bus_ebike_mtv_ucb,berkeley_to_mtv_SF_express_bus/walk_downtown_urban_canyon_11,620,1.0169665537221642,0.9023590129934524,0.08896429292473218,63673683.18904774,124945.8485382819,342.7569899663712,0.9949675137263494,4.708546481919872e-06,8.02529976053429e-10
70,train_bus_ebike_mtv_ucb,berkeley_to_mtv_SF_express_bus/light_rail_below_above_ground_11,799,1.164821429029239,0.9773907239790934,0.025089073824092662,103550093368.01324,33499006.079184555,27692.904442577732,18.76083017004415,3.4708059026791676e-08,8.145851430344032e-10
70,train_bus_ebike_mtv_ucb,berkeley_to_mtv_SF_express_bus/commuter_rail_with_tunnels_11,4175,1.2011570291671751,0.9947014048828043,0.02386681041982883,64124963555029.11,214040188.33138523,78222.67023571747,950.7406951353449,5.484381500955151e-08,7.999884506231548e-10
70,train_bus_ebike_mtv_ucb,berkeley_to_mtv_SF_express_bus/inner_suburb_downtown_walk_11,1255,1.069626844596422,0.9967567846870805,0.04521978205421708,3365509.1474166918,21185.264627570283,175.70889611007405,0.775605147406128,0.0001499900661778871,7.13358173776683e-10
80,unimodal_trip_car_bike_mtv_la,suburb_city_driving_weekend/suburb_city_driving_weekend_0,817,1.098848383130938,0.9700915603065949,0.041198792918028616,3676783944.838591,908640.1240123865,2275.3520427395406,38.759301011803906,4.251278732036861e-06,4.738408267387402e-10
80,unimodal_trip_car_bike_mtv_la,suburb_bicycling/suburb_bicycling_0,1270,1.090673815030576,0.9580621052560497,0.0635935772539801,121758679.56518167,67226.7337772309,457.41750016937294,9.512035906370585,6.264186114756584e-05,8.120676155485603e-10
80,unimodal_trip_car_bike_mtv_la,suburb_city_driving_weekend/suburb_city_driving_weekend_1,702,1.1204151607274049,0.9599372367654447,0.033096859281151504,138209884.1805783,174499.23044177843,1267.3880497002156,21.520300636010024,4.1409885941186274e-05,4.738408267387402e-10
80,unimodal_trip_car_bike_mtv_la,suburb_bicycling/suburb_bicycling_1,1333,1.0865440468217906,0.9603284119928406,0.08203261450035328,1567907338.242376,183031.78728334059,273.13074728667056,7.690555659170312,6.378883713572937e-06,8.120676155485603e-10
80,unimodal_trip_car_bike_mtv_la,suburb_city_driving_weekend/suburb_city_driving_weekend_2,709,1.1203633280456395,0.9426534217583572,0.056158333134657595,107268021676.16371,8081616.220231289,1542.1355858524587,35.144262179388186,2.2622523616225637e-07,4.738408267387402e-10
80,unimodal_trip_car_bike_mtv_la,suburb_bicycling/suburb_bicycling_2,1266,1.0907908605848842,0.9490072783690476,0.05636993620780988,82657963.94858654,86112.1566023061,266.2690382334991,7.7731382957884545,6.740683960896854e-05,8.120676155485603e-10
80,unimodal_trip_car_bike_mtv_la,suburb_city_driving_weekend/suburb_city_driving_weekend_3,853,1.096423610480842,0.9395717252729129,0.0635864874342824,346561886.7198311,165650.13987848556,1108.99470483696,41.64981286121651,5.7610854977530945e-05,4.738408267387402e-10
80,unimodal_trip_car_bike_mtv_la,suburb_bicycling/suburb_bicycling_3,1320,1.086322270184237,0.9517646181791964,0.06289308584813252,3985306.6679644776,19165.43636613541,214.31482730716326,5.8469559334224845,0.0004149575262074337,8.120676155485603e-10
80,unimodal_trip_car_bike_mtv_la,suburb_city_driving_weekend/suburb_city_driving_weekend_4,773,1.1091294442919983,0.9641608177418172,0.04053360486693704,467353580253.9678,6173597.363247915,744.921476612451,12.81143830652308,2.11817056555208e-08,4.738408267387402e-10
80,unimodal_trip_car_bike_mtv_la,suburb_bicycling/suburb_bicycling_4,1285,1.088549737875304,0.9544168011452638,0.07158101997980529,1613644365.770075,333141.2756854585,618.2426850309922,9.41003683030274,3.830438099064714e-06,8.120676155485603e-10
80,unimodal_trip_car_bike_mtv_la,suburb_city_driving_weekend/suburb_city_driving_weekend_5,859,1.0962978341933842,0.947500146977833,0.04901716552205319,82377160.263422,211791.66753378703,1190.6332135866214,17.4226457618778,3.6158316802195854e-05,4.738408267387402e-10
80,unimodal_trip_car_bike_mtv_la,suburb_bicycling/suburb_bicycling_5,1297,1.087267374828877,0.9511532922189674,0.05629829668993864,247928164.24669668,136307.3325610934,279.47052062544486,8.01013556806341,2.0788984057936478e-05,8.120676155485603e-10
80,car_scooter_brex_san_jose,freeway_driving_weekday/freeway_driving_weekday_0,1976,1.1924318924647042,0.986200062546549,0.019042297964298214,151112081609.92465,20535947.69653181,8541.95710011262,342.25200204654584,2.1994167109389215e-06,6.829429384774533e-10
80,car_scooter_brex_san_jose,bus trip with e-scooter access/city_escooter_0,1257,1.0417459760772478,0.9934683706131537,0.01802533834299065,4935907.724448558,43476.634445259006,502.0547502537558,6.605875227317612,0.0002678208860345418,6.416257647001624e-10
80,car_scooter_brex_san_jose,bus trip with e-scooter access/city_bus_rapid_transit_0,2745,1.163389687407169,0.9947987035337477,0.017757948316097772,35826754391.972404,6355086.317133674,4347.933272225148,509.8417355481122,1.1016249802232931e-05,6.217521112241125e-10
80,car_scooter_brex_san_jose,bus trip with e-scooter access/walk_back_from_bus_0,681,1.0434291626958394,0.9258487644796837,0.07470599177756035,56351.267981679404,567.5493244519706,31.223425744851525,1.005722590030597,0.005238185166687134,1.0612213331756848e-09
80,car_scooter_brex_san_jose,freeway_driving_weekday/freeway_driving_weekday_1,2032,1.18607065311847,0.9989970414600045,0.02626011114855976,84229162225.61896,5705626.6266704295,6065.473985767344,91.79615426411111,1.194216855448016e-06,6.829429384774533e-10
80,car_scooter_brex_san_jose,bus trip with e-scooter access/city_escooter_1,1236,1.0421526434890436,0.9896638012925421,0.021972043337679874,2230641144.4941573,2452248.3516314058,2699.7649082444364,8.970730523915886,4.92454835502376e-06,6.416257647001624e-10
80,car_scooter_brex_san_jose,bus trip with e-scooter access/city_bus_rapid_transit_1,2925,1.1515806544825775,0.9977417513851562,0.017029843354739588,96223493399.39684,8396581.646831073,11479.033376125986,579.747484810086,5.833398427853698e-06,6.217521112241125e-10
80,car_scooter_brex_san_jose,bus trip with e-scooter access/walk_back_from_bus_1,640,1.0474594139929772,0.9271520992138511,0.06463661490948798,38091.55802196029,1114.4063409175146,45.87924241969028,0.5322444954284278,0.0013473062910655345,1.0612213331756848e-09
80,car_scooter_brex_san_jose,freeway_driving_weekday/freeway_driving_weekday_2,1749,1.2237778381016993,0.9871036262267631,0.015043579031537267,66810161371.815636,11218340.202315893,16758.635545865138,623.5691730226347,4.0187339884403455e-06,6.829429384774533e-10
80,car_scooter_brex_san_jose,bus trip with e-scooter access/city_escooter_2,1290,1.0406209181335506,0.9928261488319278,0.03731205112142282,6197281254.395787,353139.4009685597,309.0273974170241,10.028815998234567,2.0673823713822986e-06,6.416257647001624e-10
80,car_scooter_brex_san_jose,bus trip with e-scooter access/city_bus_rapid_transit_2,2622,1.1715913850747546,0.995985649197777,0.01986699263819206,18494387351567.406,189604456.44463024,6431.580338133334,701.8158727555324,9.843559013270522e-08,6.217521112241125e-10
80,car_scooter_brex_san_jose,bus trip with e-scooter access/walk_back_from_bus_2,620,1.0473522634796832,0.9180210011845933,0.07929141562651666,524584.4026437964,4973.660022367422,122.83702766808042,1.0548423022735907,0.00032744913221907206,1.0612213331756848e-09
80,car_scooter_brex_san_jose,freeway_driving_weekday/freeway_driving_weekday_3,1937,1.1965186374991097,0.9871808062998835,0.02425486208766065,618669003291.676,48823221.12023171,6874.942172113815,303.0892736400966,8.758758420401253e-07,6.829429384774533e-10
80,car_scooter_brex_san_jose,bus trip with e-scooter access/city_escooter_3,1403,1.0364829551693713,0.9954817042194246,0.05983833883575363,5862011.8593924465,48897.991985684974,536.5188304094216,11.201186999192082,0.00035800306956097966,6.416257647001624e-10
80,car_scooter_brex_san_jose,bus trip with e-scooter access/city_bus_rapid_transit_3,2456,1.18540429586999,0.9963241420773334,0.02113861871733805,301057383817.27966,19451772.408788953,3534.3239950524576,821.0055470314419,4.730209101723332e-06,6.217521112241125e-10
80,car_scooter_brex_san_jose,bus trip with e-scooter access/walk_back_from_bus_3,648,1.0461283993757509,0.9351360110491609,0.06417141490468298,3320071.7379125636,22433.98190841253,258.0964325142359,0.805916350874217,4.523815884315561e-05,1.0612213331756848e-09
80,car_scooter_brex_san_jose,freeway_driving_weekday/freeway_driving_weekday_4,2006,1.1885208914580028,0.9820496388858354,0.03126230648009202,232693382649.28052,19140100.485485382,11219.461870678073,114.62377624294993,5.020020695685062e-07,6.829429384774533e-10
80,car_scooter_brex_san_jose,bus trip with e-scooter access/city_escooter_4,1310,1.039620183988995,0.9856522397300649,0.040870305267711717,448826894.6863434,246554.9611059299,461.304553668377,8.904339238996002,1.4681499647294271e-05,6.416257647001624e-10
80,car_scooter_brex_san_jose,bus trip with e-scooter access/city_bus_rapid_transit_4,2847,1.156450980254712,0.9961028589165372,0.01875892854616225,254614627223.29703,11655269.71055696,5340.2387757935885,1615.5482796714437,1.1998052534813872e-05,6.217521112241125e-10
80,car_scooter_brex_san_jose,bus trip with e-scooter access/walk_back_from_bus_4,654,1.0465069517457688,0.9285462791353418,0.07406069811001177,6882986.930416165,14702.303976571568,190.56305647435076,0.810181290656337,5.611696147152023e-05,1.0612213331756848e-09
80,car_scooter_brex_san_jose,freeway_driving_weekday/freeway_driving_weekday_5,1921,1.1980761773432484,0.9949643868411869,0.02323164437021143,296224062589.55133,9102658.650469176,10578.10158194235,597.2859481393319,2.3198440991141447e-06,6.829429384774533e-10
80,car_scooter_brex_san_jose,bus trip with e-scooter access/city_escooter_5,1286,1.0397289596227934,0.9896033327212335,0.027488731897827325,8453641.019857448,30195.288957212157,237.27494936762494,9.253270444168653,0.0004096978449160926,6.416257647001624e-10
80,car_scooter_brex_san_jose,bus trip with e-scooter access/city_bus_rapid_transit_5,2555,1.1776030852712926,0.9968532201259499,0.014403028085332246,347748385253.78467,18820512.687526617,3021.0429699069214,684.7727869967412,3.3663307297727247e-06,6.217521112241125e-10
80,car_scooter_brex_san_jose,bus trip with e-scooter access/walk_back_from_bus_5,647,1.0451589920032545,0.9328751574247046,0.06540370915879391,2436754.839950074,7642.599334571938,97.22117347896956,0.8183964109939622,0.00013984814454074413,1.0612213331756848e-09
80,car_scooter_brex_san_jose,freeway_driving_weekday/freeway_driving_weekday_6,2002,1.1899229005519512,0.9835787332525295,0.016418078880805723,3.2808292856067113e+19,23466319688812.918,16784431.79602424,192.99377663477597,1.177669513221404e-14,6.829429384774533e-10
80,car_scooter_brex_san_jose,bus trip with e-scooter access/city_escooter_6,1482,1.034046591113879,0.9945363012399464,0.031443888127733174,9.395438592090688e+16,134402827479.95076,192305.1101218063,11.42171117111477,1.8015939568625242e-13,6.416257647001624e-10
80,car_scooter_brex_san_jose,bus trip with e-scooter access/city_bus_rapid_transit_6,2855,1.1552854821524332,0.9949674664927034,0.019684725790936847,119758263669.35596,6227684.784330581,3695.6023308310096,1803.4543191577475,1.9617260599179072e-05,6.217521112241125e-10
80,car_scooter_brex_san_jose,bus trip with e-scooter access/walk_back_from_bus_6,625,1.048819175857893,0.9250147741654907,0.07146063423397946,inf,inf,inf,1.0463636301155894,0.0,1.0612213331756848e-09
80,train_bus_ebike_mtv_ucb,mtv_to_berkeley_sf_bart/walk_to_caltrain_0,1115,1.0798996314206475,0.9440053146817338,0.05199859096533307,527576.0084780358,3272.5527782386175,67.7592230389837,1.0158966064966684,0.0005097316764291316,7.066114844795951e-10
80,train_bus_ebike_mtv_ucb,mtv_to_berkeley_sf_bart/commuter_rail_aboveground_0,2927,1.1699103468304564,0.993164867622405,0.025379184169036267,inf,inf,inf,168.7638953549519,0.0,7.225986198398043e-10
80,train_bus_ebike_mtv_ucb,mtv_to_berkeley_sf_bart/subway_underground_0,3864,1.1795275206619795,0.988895522990642,0.02397526380222663,inf,inf,inf,28.331299837676966,0.0,8.022390272317053e-10
80,train_bus_ebike_mtv_ucb,mtv_to_berkeley_sf_bart/walk_to_bus_0,285,1.0072153442106522,0.9264951693462254,0.2853583172423521,3031580.5410992242,13203.378135580098,70.42308122972692,36.01257321177884,0.0015063217624460418,8.417568395528515e-10
80,train_bus_ebike_mtv_ucb,mtv_to_berkeley_sf_bart/city_bus_short_0,473,1.187725272612657,0.9730314314809463,0.10677260597574875,140380323.63141176,133014.49748820782,947.1936447838661,333.84410133178176,0.0005046557728923052,6.4425497260919e-10
80,train_bus_ebike_mtv_ucb,walk_urban_university/walk_urban_university_0,866,1.0852523030292662,0.9822504261264109,0.046653018374287814,1678383.4871841716,10355.120482617824,182.36746445472073,1.0414683602265928,0.00031745052816657964,8.783406312073868e-10
80,train_bus_ebike_mtv_ucb,berkeley_to_mtv_SF_express_bus/walk to the bikeshare location_0,305,1.063190908063734,0.927408814174471,0.044444322291711795,2467643.611453489,3014.0610043181996,37.009929544167015,0.8601588933536564,0.00010424664857642207,4.6000558237409036e-10
80,train_bus_ebike_mtv_ucb,berkeley_to_mtv_SF_express_bus/ebike_bikeshare_urban_long_0,1467,1.2122461443254104,0.9631746714453524,0.03106168703161475,160524771446.49033,3788945.2773087206,678.9977240962922,20.581618151779168,1.3549820196193432e-07,7.591327569011733e-10
80,train_bus_ebike_mtv_ucb,berkeley_to_mtv_SF_express_bus/express_bus_0,2751,1.1684156332095168,0.9779714956067638,0.02139477578715929,240916046670.701,11691615.687706593,7710.110836820451,80.44000495714783,4.498641958074976e-07,6.769007973500341e-10
80,train_bus_ebike_mtv_ucb,berkeley_to_mtv_SF_express_bus/walk_downtown_urban_canyon_0,639,1.0228416010453756,0.8360264160694705,0.17333935350042928,867524.4275364814,7635.3742594993255,109.47784455133043,2.3819162213011387,0.00036020259513369146,1.060580868851958e-09
80,train_bus_ebike_mtv_ucb,berkeley_to_mtv_SF_express_bus/light_rail_below_above_ground_0,834,1.1584694695622915,0.9779776797423717,0.03022767908002003,1411427684692.586,105067519.43558516,88401.10327536888,23.34023119507305,2.2918508619577084e-09,8.145851430344032e-10
80,train_bus_ebike_mtv_ucb,berkeley_to_mtv_SF_express_bus/commuter_rail_with_tunnels_0,4775,1.1718853165149357,0.9975129038920357,0.020447009636496365,9.614858702552496e+20,229236094954630.75,54654433.705386944,717.252490264771,3.5620700303165935e-15,7.999884506231548e-10
80,train_bus_ebike_mtv_ucb,berkeley_to_mtv_SF_express_bus/inner_suburb_downtown_walk_0,1201,1.0739265613728732,0.99367240547913,0.042707927940921986,3605026.6052533183,17900.084643682778,210.2223923362591,0.830230050885743,0.00010898323424304706,7.13358173776683e-10
80,train_bus_ebike_mtv_ucb,mtv_to_berkeley_sf_bart/walk_to_caltrain_1,1012,1.0885996728621061,0.9380033564288238,0.05432166767994545,1211369.219886457,7965.780735945248,183.6920548620151,1.3509829206847825,0.00017572697803543906,7.066114844795951e-10
80,train_bus_ebike_mtv_ucb,mtv_to_berkeley_sf_bart/commuter_rail_aboveground_1,2709,1.1851406281220844,0.9917007635870672,0.025140724841100526,673200412901221.9,3238122293.4563293,775570.89893373,117.04513019188816,1.927100063418103e-10,7.225986198398043e-10
80,train_bus_ebike_mtv_ucb,mtv_to_berkeley_sf_bart/subway_underground_1,3887,1.1905516105002931,0.9675606670819562,0.018913646575239255,inf,inf,inf,46.56319884327094,0.0,8.022390272317053e-10
80,train_bus_ebike_mtv_ucb,mtv_to_berkeley_sf_bart/walk_to_bus_1,215,1.004735401206298,0.911562966245256,0.22091537710977163,9551.569500798605,305.31808980285723,15.530405750376374,1.6220896610990907,0.004882859515876,8.417568395528515e-10
80,train_bus_ebike_mtv_ucb,mtv_to_berkeley_sf_bart/city_bus_short_1,535,1.1655471854371682,0.985812079005009,0.06699019951039784,284709768.2810585,341564.26663423056,638.7877407062397,252.832370453643,0.0002559968218986476,6.4425497260919e-10
80,train_bus_ebike_mtv_ucb,walk_urban_university/walk_urban_university_1,888,1.0837592209826854,0.981547599581547,0.0516258677065059,2052701.8213347087,4652.676153821569,67.41217188580299,0.9801656544296653,0.0002767574149979045,8.783406312073868e-10
80,train_bus_ebike_mtv_ucb,berkeley_to_mtv_SF_express_bus/walk to the bikeshare location_1,219,1.0886989909077598,0.9122379216984541,0.07705307575992829,2089937.7866135992,12491.060734059383,154.7510963392786,0.9563860122813228,1.2912749018810303e-05,4.6000558237409036e-10
80,train_bus_ebike_mtv_ucb,berkeley_to_mtv_SF_express_bus/ebike_bikeshare_urban_long_1,1446,1.2156335333163455,0.9847222980441585,0.02942364450153387,10133242888.63694,915700.6252501234,713.5889351102676,20.48215887622979,1.6256374535064933e-06,7.591327569011733e-10
80,train_bus_ebike_mtv_ucb,berkeley_to_mtv_SF_express_bus/express_bus_1,2788,1.1667078001059064,0.9678664558375576,0.032367002065755886,107148499791606.64,153403104.2074256,6015.768076615897,119.51155438190759,3.0907991948179346e-09,6.822293654972005e-10
80,train_bus_ebike_mtv_ucb,berkeley_to_mtv_SF_express_bus/walk_downtown_urban_canyon_1,616,1.015901936064148,0.8359656347031728,0.1515508208543315,7189619.415788258,6401.4992373672185,91.58324377218229,2.5352791504907883,0.00014019731029321536,1.060580868851958e-09
80,train_bus_ebike_mtv_ucb,berkeley_to_mtv_SF_express_bus/light_rail_below_above_ground_1,869,1.1473698556097034,0.9786147138947457,0.019144819487237057,300603347366.524,9840340.086967288,17110.882341933542,21.346281731973537,4.203516379075056e-08,8.145851430344032e-10
80,train_bus_ebike_mtv_ucb,berkeley_to_mtv_SF_express_bus/commuter_rail_with_tunnels_1,4797,1.1709937918704554,0.9974629494858669,0.019077967168922072,26424921171417.605,984256979.1428996,414388.1973112741,107.12479477154612,5.36762827410659e-09,7.999884506231548e-10
80,train_bus_ebike_mtv_ucb,berkeley_to_mtv_SF_express_bus/inner_suburb_downtown_walk_1,1188,1.0741179542130046,0.990482093698399,0.033000782960773314,81117420703305.48,1740590515.159235,37349.10261272871,0.6358966091582783,9.299373248137824e-12,7.13358173776683e-10
80,train_bus_ebike_mtv_ucb,mtv_to_berkeley_sf_bart/walk_to_caltrain_2,874,1.1060416088779463,0.946898082048759,0.05662675466418566,566154.7550776904,4732.240104133105,85.66193708873337,1.557863676744725,0.0003891774893355399,7.066114844795951e-10
80,train_bus_ebike_mtv_ucb,mtv_to_berkeley_sf_bart/commuter_rail_aboveground_2,2829,1.1762425625760404,0.9906587592087989,0.026191998673185484,238529520421493.97,739305189.7839488,114006.91707022383,269.94101401234747,3.067189928788679e-09,7.225986198398043e-10
80,train_bus_ebike_mtv_ucb,mtv_to_berkeley_sf_bart/subway_underground_2,3860,1.192435790475897,0.995862589307177,0.02256133161659185,inf,inf,inf,76.03749876705501,0.0,8.022390272317053e-10
80,train_bus_ebike_mtv_ucb,mtv_to_berkeley_sf_bart/walk_to_bus_2,223,1.010808397537759,0.9157830282006431,0.18258427331179264,4943.018533873749,192.72344725356484,13.987958644498491,1.290245883796257,0.007707922592504153,8.417568395528515e-10
80,train_bus_ebike_mtv_ucb,mtv_to_berkeley_sf_bart/city_bus_short_2,499,1.1780228118129996,0.9696751684918068,0.06365285676494548,853255285.2546633,544783.7807859502,1023.9862201092723,429.86797629903356,0.0001585096481305507,6.4425497260919e-10
80,train_bus_ebike_mtv_ucb,walk_urban_university/walk_urban_university_2,780,1.096962151039883,0.9812923991353352,0.04234880136047729,44086847.011254266,28498.845774259473,33.15496090882241,1.1819508657024442,2.0163625972182305e-05,8.783406312073868e-10
80,train_bus_ebike_mtv_ucb,berkeley_to_mtv_SF_express_bus/walk to the bikeshare location_2,1403,1.013147647205879,0.5911208907159484,0.4069804613565727,8287299421.669009,2633795.511588537,1133.627471921296,67.96223536766014,4.32186849074325e-06,4.6000558237409036e-10
80,train_bus_ebike_mtv_ucb,berkeley_to_mtv_SF_express_bus/ebike_bikeshare_urban_long_2,1543,1.2001097191915584,0.9721646253185371,0.03169398136600144,5124860406.780509,1408819.738920489,898.6647259542234,29.955988795724323,7.270281304224813e-06,7.591327569011733e-10
80,train_bus_ebike_mtv_ucb,berkeley_to_mtv_SF_express_bus/express_bus_2,2365,1.202236324410241,0.9722390688267566,0.028242214317204972,2460571916087971.5,586644157.3831019,4973.690257575457,409.56788771791264,3.921655360295713e-10,6.769007973500341e-10
80,train_bus_ebike_mtv_ucb,berkeley_to_mtv_SF_express_bus/walk_downtown_urban_canyon_2,564,1.0181713692785077,0.8549129688572635,0.1463439388572696,2098387.8385201506,11545.015747846905,145.3680179254195,2.6043010392190675,0.00022582767358932473,1.060580868851958e-09
80,train_bus_ebike_mtv_ucb,berkeley_to_mtv_SF_express_bus/light_rail_below_above_ground_2,1218,1.1034479510048696,0.9474091619605973,0.08354832776260727,52765137083.490715,1751797.54411385,1904.93456949164,37.261610089481984,7.98447480300121e-07,8.145851430344032e-10
80,train_bus_ebike_mtv_ucb,berkeley_to_mtv_SF_express_bus/commuter_rail_with_tunnels_2,4793,1.1702608973273092,0.9958814879255747,0.03211729887136495,1.6328576328734122e+17,700746475408.0175,3007422.636911625,811.3997332862909,2.081034462725003e-11,7.999884506231548e-10
80,train_bus_ebike_mtv_ucb,berkeley_to_mtv_SF_express_bus/inner_suburb_downtown_walk_2,1193,1.074424960602365,0.999225053415692,0.04795684699060184,146161923.8794963,33448.91457116558,256.1829393361409,0.849157160469329,4.622367645999477e-06,7.13358173776683e-10
80,train_bus_ebike_mtv_ucb,mtv_to_berkeley_sf_bart/walk_to_caltrain_3,949,1.0954065836165017,0.9247775335860994,0.0757216154615967,410686259068390.5,3894424587.568162,78925.09860338365,2.1357532476304932,3.309004683019229e-12,7.066114844795951e-10
80,train_bus_ebike_mtv_ucb,mtv_to_berkeley_sf_bart/commuter_rail_aboveground_3,2639,1.1913622084675586,0.9955419539170262,0.022752282620609993,38011932902261.71,2996134023.2873206,233503.66648840596,178.4515904080729,4.007449437025971e-09,7.225986198398043e-10
80,train_bus_ebike_mtv_ucb,mtv_to_berkeley_sf_bart/subway_underground_3,3868,1.1899452839988747,0.9952886641065797,0.025328488223534385,inf,inf,inf,63.7895250977561,0.0,8.022390272317053e-10
80,train_bus_ebike_mtv_ucb,mtv_to_berkeley_sf_bart/walk_to_bus_3,309,1.0195085540598094,0.9698029455469791,0.2992796181023534,2.144738404225294e+18,1022690966160.2357,487666.9499873831,23.70435942258258,1.7075357951715835e-15,8.417568395528515e-10
80,train_bus_ebike_mtv_ucb,mtv_to_berkeley_sf_bart/city_bus_short_3,378,1.2526017169820336,0.9576853108313415,0.03378377185277651,140498129.27514905,127789.77460634886,719.0305734724896,324.4811021127614,0.00036987307979270456,6.4425497260919e-10
80,train_bus_ebike_mtv_ucb,walk_urban_university/walk_urban_university_3,797,1.0942109175206816,0.9785787958304913,0.03862147976113899,2258005918104.9556,160428214.39659828,11398.762937748255,1.8883771641856266,6.659386226819205e-10,8.783406312073868e-10
80,train_bus_ebike_mtv_ucb,berkeley_to_mtv_SF_express_bus/walk to the bikeshare location_3,519,1.0708071431547226,0.978993470273305,0.03700601124372408,3601160865.885406,1234631.5184776068,512.2714147175191,1.040341920615747,1.4032344651870004e-07,5.692611509058333e-10
80,train_bus_ebike_mtv_ucb,berkeley_to_mtv_SF_express_bus/ebike_bikeshare_urban_long_3,1586,1.1937928502189994,0.9822915822241656,0.027664793957965592,2850425792.765307,251356.61549390704,363.07308318808356,14.695188512445467,7.575648264040843e-06,7.481166846026598e-10
80,train_bus_ebike_mtv_ucb,berkeley_to_mtv_SF_express_bus/express_bus_3,2741,1.1612161764189428,0.9847156224618219,0.016680875217728614,326054603949.83594,84730170.43822719,22052.694803705595,39.578572250931074,2.4332355413677603e-07,7.342253319793175e-10
80,train_bus_ebike_mtv_ucb,berkeley_to_mtv_SF_express_bus/walk_downtown_urban_canyon_3,785,1.0121577735661518,0.8830102017391962,0.10751961789862412,inf,inf,inf,19.45296401583056,0.0,8.02529976053429e-10
80,train_bus_ebike_mtv_ucb,berkeley_to_mtv_SF_express_bus/light_rail_below_above_ground_3,930,1.140471929943614,0.9856129629220856,0.028287174817367713,6483741751588577.0,9225593694.576609,181117.33817453712,17.809334656876594,2.171148116126552e-12,8.145851430344032e-10
80,train_bus_ebike_mtv_ucb,berkeley_to_mtv_SF_express_bus/commuter_rail_with_tunnels_3,3579,1.2425810516383924,0.9968581645488342,0.02751475825337328,38658979024454.58,516999023.60219866,213503.1803795226,353.22592294103725,1.289351964691141e-08,7.999884506231548e-10
80,train_bus_ebike_mtv_ucb,berkeley_to_mtv_SF_express_bus/inner_suburb_downtown_walk_3,1186,1.074666833186685,0.995566267538603,0.040089005735421374,1888704789.3545876,740770.7893262185,295.1272354205223,1.049160996539253,6.534792939779017e-07,7.13358173776683e-10
80,train_bus_ebike_mtv_ucb,mtv_to_berkeley_sf_bart/walk_to_caltrain_4,960,1.0936529756486262,0.9376241901172634,0.06364239614109067,1.039738082210678e+19,4957857525186.422,2364128.907404039,1.8977205049284942,1.7521828433637444e-16,7.066114844795951e-10
80,train_bus_ebike_mtv_ucb,mtv_to_berkeley_sf_bart/commuter_rail_aboveground_4,2716,1.184768680053126,0.99373213239174,0.032237446565217306,2.41267500767062e+19,4697631175301.504,6490031.699794815,335.4729924122246,3.632485971935967e-14,7.225986198398043e-10
80,train_bus_ebike_mtv_ucb,mtv_to_berkeley_sf_bart/subway_underground_4,3882,1.1899937289785,0.9972633055723156,0.025732854539646015,inf,inf,inf,19.848637052187087,0.0,8.022390272317053e-10
80,train_bus_ebike_mtv_ucb,mtv_to_berkeley_sf_bart/walk_to_bus_4,318,1.017214138932621,0.9846260329363267,0.3083812856673508,2.287766616564004e+16,49090146215.56137,105344.0997595273,19.847181101395947,2.742498669654519e-13,8.417568395528515e-10
80,train_bus_ebike_mtv_ucb,mtv_to_berkeley_sf_bart/city_bus_short_4,344,1.2802506440922412,0.9679793970553906,0.04755556661265382,42160369.36942069,64034.92974459132,649.791930916281,56.71613372469541,0.00017019507910441987,6.4425497260919e-10
80,train_bus_ebike_mtv_ucb,walk_urban_university/walk_urban_university_4,797,1.0943910708015385,0.9762471943418328,0.04986383356378043,171974381396952.47,1353062360.5021343,18004.16097828759,2.1636097043036573,8.894540090443716e-12,8.783406312073868e-10
80,train_bus_ebike_mtv_ucb,berkeley_to_mtv_SF_express_bus/walk to the bikeshare location_4,423,1.081873462146632,0.9757339130025251,0.03252413397510759,141293333.95320213,31502.218990385096,57.96645655927732,1.6245993153627831,4.851027869117164e-06,5.692611509058333e-10
80,train_bus_ebike_mtv_ucb,berkeley_to_mtv_SF_express_bus/ebike_bikeshare_urban_long_4,1297,1.2473953722311308,0.9896004625907594,0.026306103137409238,1184327935.2193735,690123.6195144085,847.8045626383232,21.753792999165757,1.9016211222784047e-05,7.481166846026598e-10
80,train_bus_ebike_mtv_ucb,berkeley_to_mtv_SF_express_bus/express_bus_4,2768,1.1595518300253291,0.9747157004676398,0.022551468031725974,44780511492.07574,9003792.694218282,5209.622224890267,38.16571451331828,6.217628401283536e-07,7.342253319793175e-10
80,train_bus_ebike_mtv_ucb,berkeley_to_mtv_SF_express_bus/walk_downtown_urban_canyon_4,687,1.0155550644716347,0.8680409604215221,0.12373774916571322,1.4572378595900606e+16,45166235606.413246,182000.4166488166,12.070394628513478,3.0908237343985824e-13,8.02529976053429e-10
80,train_bus_ebike_mtv_ucb,berkeley_to_mtv_SF_express_bus/light_rail_below_above_ground_4,978,1.1316995244750658,0.9762004634048554,0.033598595902322205,2.085992467031601e+16,24866972505.86797,379555.2020998466,27.86301719910596,7.367888780072152e-13,8.145851430344032e-10
80,train_bus_ebike_mtv_ucb,berkeley_to_mtv_SF_express_bus/commuter_rail_with_tunnels_4,4839,1.1691312469162367,0.9968915805502455,0.03569284342887911,57352606641602.38,82288995.3656966,14970.971110510656,842.1364519255002,6.962093523942022e-08,7.999884506231548e-10
80,train_bus_ebike_mtv_ucb,berkeley_to_mtv_SF_express_bus/inner_suburb_downtown_walk_4,1081,1.0827986868850388,0.9966288053274287,0.04725599698187916,1777300607.6124265,1811263.2465996575,3080.995480996913,1.1735805082357729,2.8919469773816195e-07,7.13358173776683e-10
80,train_bus_ebike_mtv_ucb,mtv_to_berkeley_sf_bart/walk_to_caltrain_5,953,1.0955377151487455,0.9487565568801912,0.057725635077007946,3.89214665437874e+17,251994435383.24158,1012415.5558300182,2.328373848898359,1.873306860154069e-15,7.066114844795951e-10
80,train_bus_ebike_mtv_ucb,mtv_to_berkeley_sf_bart/commuter_rail_aboveground_5,2913,1.1698908683633351,0.9963953555114579,0.03398391860120614,4.9219859134917706e+20,117349322355550.31,55956485.3754734,830.392163342334,3.275510424200365e-15,7.225986198398043e-10
80,train_bus_ebike_mtv_ucb,mtv_to_berkeley_sf_bart/subway_underground_5,3900,1.1853006964856805,0.9954414281855775,0.01894507049102479,inf,inf,inf,126.1460365100655,0.0,8.022390272317053e-10
80,train_bus_ebike_mtv_ucb,mtv_to_berkeley_sf_bart/walk_to_bus_5,304,0.981224067490317,0.8824163210476238,0.275081972966545,688262112.899375,480147.0370445035,517.6009395383699,10.06453857357402,2.4070341397435703e-06,8.417568395528515e-10
80,train_bus_ebike_mtv_ucb,mtv_to_berkeley_sf_bart/city_bus_short_5,309,1.3267780084595318,0.9682903930443685,0.040695809414695146,30242241473.895466,8024642.390151613,10656.159174313543,37.60776443491867,1.9528668171469909e-07,6.4425497260919e-10
80,train_bus_ebike_mtv_ucb,walk_urban_university/walk_urban_university_5,826,1.0912703168849494,0.9421291304192584,0.04199304766873166,50904159449.739204,12488381.589853128,3064.1061564907886,1.9758767242048134,2.002892841706773e-08,8.783406312073868e-10
80,train_bus_ebike_mtv_ucb,berkeley_to_mtv_SF_express_bus/walk to the bikeshare location_5,356,1.1082698172397754,0.9969791596642373,0.04532214633936056,5783.810723081364,371.39291652448264,28.271788865060433,0.9460514113712821,0.037898423353695795,5.692611509058333e-10
80,train_bus_ebike_mtv_ucb,berkeley_to_mtv_SF_express_bus/ebike_bikeshare_urban_long_5,1414,1.2221166437991446,0.9450685497599555,0.05051760034366362,216095137465.2246,5976464.593526521,576.9903035733963,31.728861561556947,1.5169990911624146e-07,7.481166846026598e-10
80,train_bus_ebike_mtv_ucb,berkeley_to_mtv_SF_express_bus/express_bus_5,2381,1.1901073489375285,0.9672676801054748,0.03130540069734831,90984837205358.64,108801872.53187199,11740.213929776206,655.6062538055288,1.711312037713504e-08,7.342253319793175e-10
80,train_bus_ebike_mtv_ucb,berkeley_to_mtv_SF_express_bus/walk_downtown_urban_canyon_5,652,1.0130380518125965,0.8750108211175981,0.12039522392531701,2.4616508838155915e+19,5417569012921.58,1937473.641026072,6.792535152337878,9.232193370815162e-17,8.02529976053429e-10
80,train_bus_ebike_mtv_ucb,berkeley_to_mtv_SF_express_bus/light_rail_below_above_ground_5,799,1.1549854912682338,0.9736099643277499,0.021941972004401105,737039050.9289128,405718.9601121262,1080.9062600788811,11.83747867831113,4.757919991965468e-06,8.145851430344032e-10
80,train_bus_ebike_mtv_ucb,berkeley_to_mtv_SF_express_bus/commuter_rail_with_tunnels_5,4252,1.1966217433545243,0.9952035473921623,0.023326300483583418,2051066633807.1162,66197514.216130994,15246.42368775293,544.4381423029607,7.319772940673382e-07,7.999884506231548e-10
80,train_bus_ebike_mtv_ucb,berkeley_to_mtv_SF_express_bus/inner_suburb_downtown_walk_5,1063,1.0837897723786443,0.9964671672294578,0.049945147447710295,618631502.0341696,812622.3333215876,1075.589700838115,1.061340282522323,1.8136363921780397e-06,7.13358173776683e-10
80,train_bus_ebike_mtv_ucb,mtv_to_berkeley_sf_bart/walk_to_caltrain_6,945,1.0943668186564532,0.9533283105384409,0.047387994095183975,783388175675.4169,88344279.43169256,9966.908708835308,1.94713440528625,2.3473026029183693e-09,7.066114844795951e-10
80,train_bus_ebike_mtv_ucb,mtv_to_berkeley_sf_bart/commuter_rail_aboveground_6,2859,1.174898475263851,0.9968861495782776,0.03147638182223582,299919474588.5014,28430317.505191967,26898.64961929429,1836.0168616375745,3.5959356726290295e-06,7.225986198398043e-10
80,train_bus_ebike_mtv_ucb,mtv_to_berkeley_sf_bart/subway_underground_6,3901,1.1888153695217625,0.9968229250951497,0.013672434863613886,2.000844626478409e+16,10394049611.087158,781346.9986666271,60.803921733981944,1.0591489813644512e-11,8.022390272317053e-10
80,train_bus_ebike_mtv_ucb,mtv_to_berkeley_sf_bart/walk_to_bus_6,292,1.0112037324657515,0.9349428917605862,0.2616957275117698,119108673.08389446,151447.49301654325,371.1409342634205,6.414940300318439,6.108780996384529e-06,8.417568395528515e-10
80,train_bus_ebike_mtv_ucb,mtv_to_berkeley_sf_bart/city_bus_short_6,366,1.1933310208133237,0.9748670505957341,0.03749487842903497,51378188.94601195,114440.90760323666,927.0817268319028,387.71466616993575,0.0005478132770599958,6.922048303980974e-10
80,train_bus_ebike_mtv_ucb,walk_urban_university/walk_urban_university_6,824,1.0908826258836604,0.9685104095024464,0.05569646214687014,5815261849.69637,1041256.6610463636,637.0974388393374,1.621782949451964,1.939159178146328e-07,8.783406312073868e-10
80,train_bus_ebike_mtv_ucb,berkeley_to_mtv_SF_express_bus/walk to the bikeshare location_6,431,1.0867783565118991,0.9949695450921687,0.044052559149501916,12246020332.315022,1261935.0982150596,850.6650363139482,1.1285322465153553,3.926050503399244e-08,5.692611509058333e-10
80,train_bus_ebike_mtv_ucb,berkeley_to_mtv_SF_express_bus/ebike_bikeshare_urban_long_6,1513,1.205552394831096,0.975957340903005,0.02928205105852851,1815763036.6351955,563651.8195760206,574.6344832643139,19.39159285321261,1.0769221810673624e-05,7.481166846026598e-10
80,train_bus_ebike_mtv_ucb,berkeley_to_mtv_SF_express_bus/express_bus_6,2422,1.186775116729081,0.9642763592661338,0.0609074520613112,1041940725678.7263,58626654.009249,11034.620176927076,1614.9626903555354,1.6498836522065514e-06,7.342253319793175e-10
80,train_bus_ebike_mtv_ucb,berkeley_to_mtv_SF_express_bus/walk_downtown_urban_canyon_6,666,1.0171660376133402,0.8967588940019285,0.11244874447144966,inf,inf,inf,1.6943767514441608,0.0,8.02529976053429e-10
80,train_bus_ebike_mtv_ucb,berkeley_to_mtv_SF_express_bus/light_rail_below_above_ground_6,941,1.1402625530901338,0.9886624811705397,0.023775988287386324,152086408.3890417,154155.42148260504,755.6390803283944,14.225863298592806,2.9697920115794232e-05,8.145851430344032e-10
80,train_bus_ebike_mtv_ucb,berkeley_to_mtv_SF_express_bus/commuter_rail_with_tunnels_6,4217,1.1988857076704018,0.9971460732473327,0.02131427576406087,273913720459825.66,1091314736.7959173,325067.21777837607,390.3028883746273,4.971091443233513e-09,7.999884506231548e-10
80,train_bus_ebike_mtv_ucb,berkeley_to_mtv_SF_express_bus/inner_suburb_downtown_walk_6,1188,1.0738826255310765,0.9944354075597653,0.0369655173128416,29109154.542715646,67629.20218454055,285.02563132820313,0.9887601871336813,2.2926901778211387e-05,7.13358173776683e-10
80,train_bus_ebike_mtv_ucb,mtv_to_berkeley_sf_bart/walk_to_caltrain_7,1068,1.0828504778722483,0.9144186655761695,0.08411348100912373,212295686.83406672,390003.1015375756,723.4862051324998,2.2441398410297793,6.040728205119846e-06,7.066114844795951e-10
80,train_bus_ebike_mtv_ucb,mtv_to_berkeley_sf_bart/commuter_rail_aboveground_7,2786,1.1797285620215774,0.9958049622479955,0.023013108548587905,46771631929343.71,345688007.8141834,20260.073213292955,923.5172999620952,5.2782171591456625e-08,7.225986198398043e-10
80,train_bus_ebike_mtv_ucb,mtv_to_berkeley_sf_bart/subway_underground_7,3898,1.1883839249300352,0.9962726286343799,0.013851969456934218,4.25375642245464e+19,10141745276873.73,16188329.627351746,44.021516735566294,5.229578729062771e-16,8.022390272317053e-10
80,train_bus_ebike_mtv_ucb,mtv_to_berkeley_sf_bart/walk_to_bus_7,295,1.0189141518045253,0.9506474755933385,0.2050573545089659,2.249424411942116e+18,1072609144768.5773,511472.0912014235,1.944546040268264,2.3967434586510773e-16,8.417568395528515e-10
80,train_bus_ebike_mtv_ucb,mtv_to_berkeley_sf_bart/city_bus_short_7,304,1.2541401479273258,0.9613654608451583,0.05147760548891027,738891106.272699,376460.6804016802,1012.592828637038,364.96623338481436,8.292025971913987e-05,6.922048303980974e-10
80,train_bus_ebike_mtv_ucb,walk_urban_university/walk_urban_university_7,851,1.0885569421297292,0.9814220233741067,0.06501493216222028,4540879.082349606,24636.03629937552,134.5076234343181,2.253916397002695,0.00020284734723433846,8.783406312073868e-10
80,train_bus_ebike_mtv_ucb,berkeley_to_mtv_SF_express_bus/walk to the bikeshare location_7,442,1.087033213507231,0.9635872202208832,0.027801653371958085,13915.84042915769,545.3348606391,24.230133255332746,1.9403786735886104,0.011250255717662508,5.692611509058333e-10
80,train_bus_ebike_mtv_ucb,berkeley_to_mtv_SF_express_bus/ebike_bikeshare_urban_long_7,1343,1.2367271889777305,0.9874880955559338,0.024172624599621023,2278193849.425282,530686.4344253165,569.5974369334764,22.34425867810427,1.0694110680635873e-05,7.481166846026598e-10
80,train_bus_ebike_mtv_ucb,berkeley_to_mtv_SF_express_bus/express_bus_7,2349,1.1936553641922936,0.9806114499367824,0.026682719669457337,21685059980.68419,7134787.9496238185,7604.713703353696,51.35191869836895,1.9024885064302017e-06,7.39791657760347e-10
80,train_bus_ebike_mtv_ucb,berkeley_to_mtv_SF_express_bus/walk_downtown_urban_canyon_7,659,1.0180392949626504,0.8991215431677726,0.1007217963232349,3.3587523198623584e+19,8007889556935.811,1909243.8055562128,2.39880286128632,2.3456162766538422e-17,8.02529976053429e-10
80,train_bus_ebike_mtv_ucb,berkeley_to_mtv_SF_express_bus/light_rail_below_above_ground_7,885,1.1425299957631614,0.9820353397242455,0.043248185300691515,200130117530.0886,29649160.890774246,10790.530631493573,20.027354728040446,3.5904937686794066e-08,8.145851430344032e-10
80,train_bus_ebike_mtv_ucb,berkeley_to_mtv_SF_express_bus/commuter_rail_with_tunnels_7,3506,1.249000021152574,0.9924621779371767,0.025841138505794822,223518709600.46805,29297629.133538023,23227.78166060537,559.1930995163902,1.0604642144962995e-06,7.999884506231548e-10
80,train_bus_ebike_mtv_ucb,berkeley_to_mtv_SF_express_bus/inner_suburb_downtown_walk_7,1183,1.0749632752668052,0.9963359381452505,0.04956925995294613,38223432.67830953,108870.15598446559,475.0638191317199,0.9658906488758401,1.4991004577476188e-05,7.13358173776683e-10
80,train_bus_ebike_mtv_ucb,mtv_to_berkeley_sf_bart/walk_to_caltrain_8,930,1.0969774543749897,0.9267776133784803,0.07336138659162932,51794755.94077417,146431.74717418465,418.59870421256124,1.776585993556304,2.9887698392254937e-05,7.066114844795951e-10
80,train_bus_ebike_mtv_ucb,mtv_to_berkeley_sf_bart/commuter_rail_aboveground_8,2857,1.1743145902344905,0.9948999944135437,0.04137664431487875,273069894748.46628,22963493.39275743,19848.404769003744,1964.086118630094,6.2219773951898575e-06,7.225986198398043e-10
80,train_bus_ebike_mtv_ucb,mtv_to_berkeley_sf_bart/subway_underground_8,3959,1.1866120443423807,0.9942838859793917,0.021983477945364847,inf,inf,inf,42.61875762686343,0.0,8.022390272317053e-10
80,train_bus_ebike_mtv_ucb,mtv_to_berkeley_sf_bart/walk_to_bus_8,310,1.0141673616511007,0.9858767349816652,0.19275072401409982,569941.7300550182,4167.843430889083,64.62580452563476,0.3236468030484855,3.9829198404864635e-05,8.417568395528515e-10
80,train_bus_ebike_mtv_ucb,mtv_to_berkeley_sf_bart/city_bus_short_8,301,1.253930808086201,0.9634151161627574,0.042273572876940925,480675989.5580266,152090.65961074317,633.724063976581,80.62646881352113,3.579836270757381e-05,6.922048303980974e-10
80,train_bus_ebike_mtv_ucb,walk_urban_university/walk_urban_university_8,875,1.0849693539532443,0.9809342046091587,0.04923940479599914,19137034.909867946,52580.35624641054,363.07541096761037,1.2308470749708489,1.80504066857866e-05,8.783406312073868e-10
80,train_bus_ebike_mtv_ucb,berkeley_to_mtv_SF_express_bus/walk to the bikeshare location_8,408,1.09519981998664,0.9975105393995395,0.041615244257370544,593.6822638840581,44.55248757018765,6.90089563853008,1.3548866051421564,0.15245052349008853,5.692611509058333e-10
80,train_bus_ebike_mtv_ucb,berkeley_to_mtv_SF_express_bus/ebike_bikeshare_urban_long_8,1518,1.2048345218974925,0.9714045497468168,0.029565271545696603,3580415656.7547364,509631.7873493966,423.3020956680022,20.342872866089255,4.65768154221529e-06,7.481166846026598e-10
80,train_bus_ebike_mtv_ucb,berkeley_to_mtv_SF_express_bus/express_bus_8,2592,1.1717501324029564,0.9801209804124913,0.021698890389093402,313623167462.4791,55309549.402055666,20111.596856573797,37.03124619664227,1.869473088939335e-07,7.39791657760347e-10
80,train_bus_ebike_mtv_ucb,berkeley_to_mtv_SF_express_bus/walk_downtown_urban_canyon_8,600,1.016174717026029,0.8706328372730409,0.12572827077401022,27205886866.346684,7137413.535307858,2955.188126171917,14.286344239456998,1.0486164381709819e-07,8.02529976053429e-10
80,train_bus_ebike_mtv_ucb,berkeley_to_mtv_SF_express_bus/light_rail_below_above_ground_8,778,1.163861941862176,0.9731012920473451,0.025805419022809438,1534659304.3697283,478206.8385802821,1729.7658422884172,14.577428164062432,3.889448555523193e-06,8.145851430344032e-10
80,train_bus_ebike_mtv_ucb,berkeley_to_mtv_SF_express_bus/commuter_rail_with_tunnels_8,3844,1.2228946151617601,0.9960682839241618,0.019691146825154427,202948530900961.34,822573938.7346503,21772.075308828847,588.1447550820353,9.580439861637653e-09,7.999884506231548e-10
80,train_bus_ebike_mtv_ucb,berkeley_to_mtv_SF_express_bus/inner_suburb_downtown_walk_8,1209,1.0728011476574286,0.983281753693659,0.05269989630843635,250303811.38856602,282140.08589748654,507.4352543151136,1.1426344356625284,1.8007361226712147e-06,7.13358173776683e-10
80,train_bus_ebike_mtv_ucb,mtv_to_berkeley_sf_bart/walk_to_caltrain_9,945,1.0954605058009415,0.9262476152245765,0.0719996843508821,11523003412.44639,5758352.601746507,2883.80640479369,2.2760558612640636,1.763712717690431e-07,7.066114844795951e-10
80,train_bus_ebike_mtv_ucb,mtv_to_berkeley_sf_bart/commuter_rail_aboveground_9,2690,1.1877978720363205,0.9957847389990933,0.029642050649719653,1406057026815.7424,125711339.03830764,19820.670819570296,4146.934626914299,2.7840056738458654e-06,7.225986198398043e-10
80,train_bus_ebike_mtv_ucb,mtv_to_berkeley_sf_bart/subway_underground_9,3904,1.1885711762327678,0.9564853270972831,0.02459776739169111,inf,inf,inf,52.051307127531075,0.0,8.022390272317053e-10
80,train_bus_ebike_mtv_ucb,mtv_to_berkeley_sf_bart/walk_to_bus_9,295,1.019113170507507,0.967816824894655,0.23570741468444018,14350573498.954033,3688339.625521884,950.6225913437839,0.6702452797182699,1.3769663930447852e-08,8.417568395528515e-10
80,train_bus_ebike_mtv_ucb,mtv_to_berkeley_sf_bart/city_bus_short_9,363,1.1985066607877144,0.9673987264262646,0.03793677330555273,345916881.6953748,235295.57553675573,1235.4005026421264,377.34789659608526,0.00018497602321524922,6.922048303980974e-10
80,train_bus_ebike_mtv_ucb,walk_urban_university/walk_urban_university_9,836,1.0882309682362954,0.972367234974945,0.0356040666730273,133992856.91520856,106388.7821116839,268.96045391199306,1.0673512513033456,5.8784873166935886e-06,8.783406312073868e-10
80,train_bus_ebike_mtv_ucb,berkeley_to_mtv_SF_express_bus/walk to the bikeshare location_9,432,1.0891073388656758,0.9907867486070506,0.03702631527957419,821315.6581463086,5236.616263623316,36.237506111921576,1.6201791255930997,0.0007426867232172682,5.692611509058333e-10
80,train_bus_ebike_mtv_ucb,berkeley_to_mtv_SF_express_bus/ebike_bikeshare_urban_long_9,1623,1.1880278651697171,0.9920376642687037,0.06490806509489877,7393209581.822144,632810.4540146356,771.5071180226538,26.093887064723198,3.7995332203495294e-06,7.481166846026598e-10
80,train_bus_ebike_mtv_ucb,berkeley_to_mtv_SF_express_bus/express_bus_9,2317,1.1963551615332029,0.9767409593611139,0.031104837240793645,80967200233309.52,251630337.1914039,7334.59962470816,398.20852318469724,1.1292242815417966e-08,7.342253319793175e-10
80,train_bus_ebike_mtv_ucb,berkeley_to_mtv_SF_express_bus/walk_downtown_urban_canyon_9,690,1.013759196669441,0.8583053446939868,0.13430097522534495,46052128122.47203,9705988.522983747,2050.0497148027903,4.800960422186815,7.168646337909299e-08,8.02529976053429e-10
80,train_bus_ebike_mtv_ucb,berkeley_to_mtv_SF_express_bus/light_rail_below_above_ground_9,1170,1.1071992676153348,0.9784341038359585,0.04469117412943585,9315545364462.436,51082725.14622259,6145.524786937629,15.614285038013353,1.935899613002072e-09,8.145851430344032e-10
80,train_bus_ebike_mtv_ucb,berkeley_to_mtv_SF_express_bus/commuter_rail_with_tunnels_9,3566,1.2440506096065116,0.9897726116776953,0.03799472147896183,73039174579124.89,1654320084.4332018,79824.57409056582,1121.3501877711499,3.115148048896311e-08,7.999884506231548e-10
80,train_bus_ebike_mtv_ucb,berkeley_to_mtv_SF_express_bus/inner_suburb_downtown_walk_9,1229,1.0715652742027313,0.9910376843566993,0.04739412992092067,7893347223667022.0,37638412928.028404,179491.95897445874,0.849173119815844,1.3216305428537585e-13,7.13358173776683e-10
80,train_bus_ebike_mtv_ucb,mtv_to_berkeley_sf_bart/walk_to_caltrain_10,1038,1.0871036742378968,0.9119518405378026,0.08618130993992668,1.209825433653318e+18,1153779444231.0796,1100360.240460488,2.3982857946982663,2.0576653452194917e-15,7.066114844795951e-10
80,train_bus_ebike_mtv_ucb,mtv_to_berkeley_sf_bart/commuter_rail_aboveground_10,2748,1.1834306999310864,0.9936895104697325,0.025380160581654126,15401833642134.121,59006691.73835343,14307.473710091348,1246.7617094011175,2.122151075250174e-07,7.225986198398043e-10
80,train_bus_ebike_mtv_ucb,mtv_to_berkeley_sf_bart/subway_underground_10,4979,1.1426694546365235,1.0402830197298958,0.13688337431924086,inf,inf,inf,52.28665530654419,0.0,8.022390272317053e-10
80,train_bus_ebike_mtv_ucb,mtv_to_berkeley_sf_bart/walk_to_bus_10,294,1.0074662019875977,0.9601579949336105,0.17558123049203397,inf,inf,inf,0.24460754780537305,0.0,8.417568395528515e-10
80,train_bus_ebike_mtv_ucb,mtv_to_berkeley_sf_bart/city_bus_short_10,431,1.16755667949454,0.9880756641459634,0.053501621270987516,132255407.29243428,188981.3922436633,943.5439260512471,603.8971429676151,0.00031993607099512075,6.922048303980974e-10
80,train_bus_ebike_mtv_ucb,walk_urban_university/walk_urban_university_10,789,1.0955791838281446,0.9825069780818352,0.03980815691262191,20422369516.06888,2463962.428562347,3527.425309938979,1.197352731457539,3.443737807490754e-08,8.783406312073868e-10
80,train_bus_ebike_mtv_ucb,berkeley_to_mtv_SF_express_bus/walk to the bikeshare location_10,389,1.1009268787162443,0.9976294762960949,0.032629798372270785,140224837.37110943,273817.2157157199,823.7529838770906,1.1161240088029065,1.621664074163215e-06,5.692611509058333e-10
80,train_bus_ebike_mtv_ucb,berkeley_to_mtv_SF_express_bus/ebike_bikeshare_urban_long_10,1465,1.2137480054438836,0.9552871083464438,0.04233447326287969,85368592.60868542,101454.470863926,702.5469392062192,25.007500146270072,0.00010819914796488225,7.481166846026598e-10
80,train_bus_ebike_mtv_ucb,berkeley_to_mtv_SF_express_bus/express_bus_10,2907,1.1508506121901214,0.987737819587934,0.01613238117929464,27505603057316.066,26184717.557919502,8434.766849575502,26.636811458256794,2.810407447002827e-09,7.342253319793175e-10
80,train_bus_ebike_mtv_ucb,berkeley_to_mtv_SF_express_bus/walk_downtown_urban_canyon_10,617,1.0165926738972977,0.8766866170434947,0.12263742617717109,7729538953171.115,307758547.6841044,12276.46126436453,7.130666250791486,5.689083994315507e-10,8.02529976053429e-10
80,train_bus_ebike_mtv_ucb,berkeley_to_mtv_SF_express_bus/light_rail_below_above_ground_10,1016,1.127149574065417,0.9822516343263733,0.08334735662329999,1374869281.5964863,1699638.5360366527,2112.1450792928454,66.77359943126136,2.9850902290243857e-05,8.145851430344032e-10
80,train_bus_ebike_mtv_ucb,berkeley_to_mtv_SF_express_bus/commuter_rail_with_tunnels_10,3474,1.2523900326900481,0.9981999523278057,0.03291809879330618,1.7810673251647526e+16,182595003699.81723,1872117.400724374,680.4647397916551,1.3266737666046368e-10,7.999884506231548e-10
80,train_bus_ebike_mtv_ucb,berkeley_to_mtv_SF_express_bus/inner_suburb_downtown_walk_10,1179,1.0747560040646835,0.9973591431097055,0.047694359359724436,9.876051294245109e+16,227896178743.49243,497842.1064123832,1.422058143994588,6.340734767553053e-15,7.13358173776683e-10
80,train_bus_ebike_mtv_ucb,mtv_to_berkeley_sf_bart/walk_to_caltrain_11,965,1.094029028569406,0.8878090904771584,0.11566623128023519,1119120614.9451752,1119304.8470634343,1120.6581456638332,3.857312420480679,3.2190905537022167e-06,7.066114844795951e-10
80,train_bus_ebike_mtv_ucb,mtv_to_berkeley_sf_bart/commuter_rail_aboveground_11,2641,1.191807419256405,0.9962415609760376,0.023115251933404236,1599777582428693.2,8009750967.05431,40169.421112455624,726.8379537348625,1.199543039936626e-09,7.225986198398043e-10
80,train_bus_ebike_mtv_ucb,mtv_to_berkeley_sf_bart/subway_underground_11,3895,1.1895220355329692,1.085332462542908,0.09664521801291957,inf,inf,inf,31.04962035296522,0.0,8.022390272317053e-10
80,train_bus_ebike_mtv_ucb,mtv_to_berkeley_sf_bart/walk_to_bus_11,269,1.022172695978457,0.9453516609780523,0.1448692548881331,9646408726046.777,273686084.3657414,7764.969835167699,0.16210477920320457,2.266679276158752e-12,6.946654363854002e-10
80,train_bus_ebike_mtv_ucb,mtv_to_berkeley_sf_bart/city_bus_short_11,349,1.2942963962744682,0.9760714196151574,0.05124048530907301,66538641.184030905,136509.38237752637,847.1232369313883,359.2348313061733,0.000512312950502968,5.848063484045086e-10
80,train_bus_ebike_mtv_ucb,walk_urban_university/walk_urban_university_11,898,1.082627071163376,0.9780524145311084,0.0708027827298315,70587255111083.77,471220851.52667797,3155.5302974837564,1.654891936069383,2.1047443987337844e-11,8.783406312073868e-10
80,train_bus_ebike_mtv_ucb,berkeley_to_mtv_SF_express_bus/walk to the bikeshare location_11,423,1.0893560635539665,0.9941146781438323,0.035014192496107,inf,inf,inf,0.9061104295307536,0.0,5.692611509058333e-10
80,train_bus_ebike_mtv_ucb,berkeley_to_mtv_SF_express_bus/ebike_bikeshare_urban_long_11,1572,1.1946581044930873,0.983964661084381,0.0251590605876177,inf,inf,inf,17.187953725027125,0.0,7.481166846026598e-10
80,train_bus_ebike_mtv_ucb,berkeley_to_mtv_SF_express_bus/express_bus_11,2600,1.1716686141905124,0.9872640617240812,0.015303431318898697,193674729774.8178,15013515.718263704,6464.396225653921,41.58663644809372,2.383945306917051e-07,7.39791657760347e-10
80,train_bus_ebike_mtv_ucb,berkeley_to_mtv_SF_express_bus/walk_downtown_urban_canyon_11,620,1.0169665537221642,0.9023590129934524,0.08896429292473218,63673683.18904774,124945.8485382819,342.7569899663712,0.9949675137263494,4.708546481919872e-06,8.02529976053429e-10
80,train_bus_ebike_mtv_ucb,berkeley_to_mtv_SF_express_bus/light_rail_below_above_ground_11,799,1.164821429029239,0.9773907239790934,0.025089073824092662,43259252753.97935,18977406.194239277,16048.978980123391,18.263421132945343,1.730942300339457e-07,8.145851430344032e-10
80,train_bus_ebike_mtv_ucb,berkeley_to_mtv_SF_express_bus/commuter_rail_with_tunnels_11,4175,1.2011570291671751,0.9947014048828043,0.02386681041982883,64124963555029.11,214040188.33138523,78222.67023571747,950.1648333968309,5.481240723833729e-08,7.999884506231548e-10
80,train_bus_ebike_mtv_ucb,berkeley_to_mtv_SF_express_bus/inner_suburb_downtown_walk_11,1255,1.069626844596422,0.9967567846870805,0.04521978205421708,3365509.1474166918,21185.264627570283,175.70889611007405,0.775605147406128,0.0001499900661778871,7.13358173776683e-10
