jerk_threshold,timeline,sec_name,n_points,coverage_density,coverage_time,coverage_max_gap,max_jerk,max_acceleration,max_speed,median_jerk,mean_median_jerk_ratio,gt_error
4.0,unimodal_trip_car_bike_mtv_la,suburb_city_driving_weekend/suburb_city_driving_weekend_0,817,1.098848383130938,0.9704378665054256,0.037634596687806665,1119740145.2349873,565703.3029303766,1634.3047158073439,35.93741712975335,1.0395191189380977e-05,4.738408267387402e-10
4.0,unimodal_trip_car_bike_mtv_la,suburb_bicycling/suburb_bicycling_0,1270,1.090673815030576,0.9580621052560497,0.06364464379205449,121758679.56518167,67226.7337772309,457.41750016937294,9.585941889101074,5.1480591195334795e-05,8.120676155485603e-10
4.0,unimodal_trip_car_bike_mtv_la,suburb_city_driving_weekend/suburb_city_driving_weekend_1,702,1.1204151607274049,0.9599372367654447,0.03271831294568626,138209884.1805783,213079.52687985243,1289.6309727271323,21.76923422672833,3.1275359416694155e-05,4.738408267387402e-10
4.0,unimodal_trip_car_bike_mtv_la,suburb_bicycling/suburb_bicycling_1,1333,1.0865440468217906,0.9607522452448514,0.08203261450035328,1567907338.242376,183031.78728334059,273.13074728667056,9.04812015820101,7.449022164365239e-06,8.120676155485603e-10
4.0,unimodal_trip_car_bike_mtv_la,suburb_city_driving_weekend/suburb_city_driving_weekend_2,709,1.1203633280456395,0.9425164510677856,0.05602136244408608,107268021676.16371,8081616.220231289,1542.1355858524587,38.3254208060684,2.4663754042606103e-07,4.738408267387402e-10
4.0,unimodal_trip_car_bike_mtv_la,suburb_bicycling/suburb_bicycling_2,1266,1.0907908605848842,0.9492303790517057,0.05636993620780988,82657963.94858654,86112.1566023061,266.2690382334991,8.736095980865977,7.273644695152556e-05,8.120676155485603e-10
4.0,unimodal_trip_car_bike_mtv_la,suburb_city_driving_weekend/suburb_city_driving_weekend_3,853,1.096423610480842,0.9395415683789453,0.06355633054031483,1351939380.5659463,408878.97995606804,1301.6300982509192,56.79718184338618,2.7431013028002287e-05,4.738408267387402e-10
4.0,unimodal_trip_car_bike_mtv_la,suburb_bicycling/suburb_bicycling_3,1320,1.086322270184237,0.9521572285205958,0.06289308584813252,4833503.8279453255,27623.34411655861,214.31482730716326,6.537005709271979,0.00029785783623169587,8.120676155485603e-10
4.0,unimodal_trip_car_bike_mtv_la,suburb_city_driving_weekend/suburb_city_driving_weekend_4,773,1.1091294442919983,0.9641608177418172,0.04053360486693704,467353580253.9678,6173597.363247915,1542.4153451534207,19.573235559008438,3.23256592944937e-08,4.738408267387402e-10
4.0,unimodal_trip_car_bike_mtv_la,suburb_bicycling/suburb_bicycling_4,1285,1.088549737875304,0.9548634500748782,0.07158101997980529,1613644365.770075,333141.2756854585,618.2426850309922,9.409940349757061,3.838130051501203e-06,8.120676155485603e-10
4.0,unimodal_trip_car_bike_mtv_la,suburb_city_driving_weekend/suburb_city_driving_weekend_5,859,1.0962978341933842,0.947500146977833,0.04901716552205319,135697313666.87344,7376444.65242768,1190.6332135866214,19.172982366844707,1.2044105511188816e-07,4.738408267387402e-10
4.0,unimodal_trip_car_bike_mtv_la,suburb_bicycling/suburb_bicycling_5,1297,1.087267374828877,0.9515705737021338,0.056921944052683415,188448635.37905622,136307.3325610934,263.67234599802475,9.093305362630591,2.6512831729948558e-05,8.120676155485603e-10
4.0,car_scooter_brex_san_jose,freeway_driving_weekday/freeway_driving_weekday_0,1976,1.1924318924647042,0.9863437406137221,0.018891433605433754,67170647337.21658,12123177.26582648,8541.95710011262,464.6837334510776,3.786115166914601e-06,6.829429384774533e-10
4.0,car_scooter_brex_san_jose,bus trip with e-scooter access/city_escooter_0,1257,1.0417459760772478,0.9934683706131537,0.01802533834299065,2343678.396020806,27553.89641769685,334.30304318129106,6.887035700946608,0.00037022092948772674,6.416257647001624e-10
4.0,car_scooter_brex_san_jose,bus trip with e-scooter access/city_bus_rapid_transit_0,2745,1.163389687407169,0.9948222491771833,0.017762033338766386,8488589296636.675,20234177.562983714,4347.933272225148,630.3695353911393,2.00041316314257e-07,6.217521112241125e-10
4.0,car_scooter_brex_san_jose,bus trip with e-scooter access/walk_back_from_bus_0,681,1.0434291626958394,0.9257553394798425,0.07461256677771914,14149.278148730198,567.5493244519706,31.223425744851525,1.005722590030597,0.0106640190631929,1.0612213331756848e-09
4.0,car_scooter_brex_san_jose,freeway_driving_weekday/freeway_driving_weekday_1,2032,1.18607065311847,0.9989970414600045,0.02626011114855976,96294108862.41779,47822221.83424005,30830.947884751145,188.66352252717303,1.126727409689292e-06,6.829429384774533e-10
4.0,car_scooter_brex_san_jose,bus trip with e-scooter access/city_escooter_1,1236,1.0421526434890436,0.9896638012925421,0.021972043337679874,2230641144.4941573,2452248.3516314058,2699.7649082444364,9.015596695341264,4.946410748918118e-06,6.416257647001624e-10
4.0,car_scooter_brex_san_jose,bus trip with e-scooter access/city_bus_rapid_transit_1,2925,1.1515806544825775,0.997916728608097,0.016929016939443393,208311507500.46085,8396581.646831073,11479.033376125986,752.6270816643436,4.66276811584095e-06,6.217521112241125e-10
4.0,car_scooter_brex_san_jose,bus trip with e-scooter access/walk_back_from_bus_1,640,1.0474594139929772,0.9271520992138511,0.06463661490948798,38091.55802196029,1114.4063409175146,45.87924241969028,0.5322444954284278,0.0013473062910655345,1.0612213331756848e-09
4.0,car_scooter_brex_san_jose,freeway_driving_weekday/freeway_driving_weekday_2,1749,1.2237778381016993,0.9871036262267631,0.015043579031537267,72366726831.68178,12083705.903375732,16758.635545865138,971.8425903594928,5.278493856598245e-06,6.829429384774533e-10
4.0,car_scooter_brex_san_jose,bus trip with e-scooter access/city_escooter_2,1290,1.0406209181335506,0.9928261488319278,0.0373827646181099,6197281254.395787,353139.4009685597,309.0273974170241,10.899782179162042,2.2602843630840696e-06,6.416257647001624e-10
4.0,car_scooter_brex_san_jose,bus trip with e-scooter access/city_bus_rapid_transit_2,2622,1.1715913850747546,0.9960526739191702,0.019981249873980284,18494387351567.406,189604456.44463024,6431.580338133334,878.7829027174994,1.2321711719776317e-07,6.217521112241125e-10
4.0,car_scooter_brex_san_jose,bus trip with e-scooter access/walk_back_from_bus_2,620,1.0473522634796832,0.918369810165063,0.07964022460698637,524584.4026437964,4973.660022367422,122.83702766808042,1.0548423022735907,0.00032743913020598364,1.0612213331756848e-09
4.0,car_scooter_brex_san_jose,freeway_driving_weekday/freeway_driving_weekday_3,1937,1.1965186374991097,0.9871808062998835,0.02395542104586748,618669003291.676,48823221.12023171,6874.942172113815,431.53680929666007,9.869035946231068e-07,6.829429384774533e-10
4.0,car_scooter_brex_san_jose,bus trip with e-scooter access/city_escooter_3,1403,1.0364829551693713,0.9954817042194246,0.05983833883575363,8547288.944862805,63074.38666185559,608.4037884821764,12.023933739586841,0.00021105061104613525,6.416257647001624e-10
4.0,car_scooter_brex_san_jose,bus trip with e-scooter access/city_bus_rapid_transit_3,2456,1.18540429586999,0.9963241419622592,0.02113861871733805,82626673161.14342,4490856.937439161,4045.4117907798836,1022.5586283777557,1.8556736709328534e-05,6.217521112241125e-10
4.0,car_scooter_brex_san_jose,bus trip with e-scooter access/walk_back_from_bus_3,648,1.0461283993757509,0.9351360110491609,0.06417141490468298,3320071.7379125636,22433.98190841253,258.0964325142359,0.805916350874217,4.523815884315561e-05,1.0612213331756848e-09
4.0,car_scooter_brex_san_jose,freeway_driving_weekday/freeway_driving_weekday_4,2006,1.1885208914580028,0.9820496388858354,0.031262306621350974,76992582694.45708,8618254.273643745,11219.461870678073,281.16659681474414,2.4139250853478545e-06,6.829429384774533e-10
4.0,car_scooter_brex_san_jose,bus trip with e-scooter access/city_escooter_4,1310,1.039620183988995,0.9856522395408551,0.040870305267711717,302692475.4441399,244365.20131367652,461.304553668377,8.724444654946788,3.4351326448334765e-05,6.416257647001624e-10
4.0,car_scooter_brex_san_jose,bus trip with e-scooter access/city_bus_rapid_transit_4,2847,1.156450980254712,0.9961028589165372,0.018962028472445127,254614627223.29703,11655269.71055696,5340.2387757935885,1523.3641377911981,1.1092601981502987e-05,6.217521112241125e-10
4.0,car_scooter_brex_san_jose,bus trip with e-scooter access/walk_back_from_bus_4,654,1.0465069517457688,0.9285462791353418,0.07406069811001177,6882986.930416165,14702.303976571568,190.56305647435076,0.810181290656337,5.611696147152023e-05,1.0612213331756848e-09
4.0,car_scooter_brex_san_jose,freeway_driving_weekday/freeway_driving_weekday_5,1921,1.1980761773432484,0.9949643868411869,0.02323164437021143,105393536816.25002,8795888.799667967,12254.294359583393,1039.0949380042462,8.526221522697747e-06,6.829429384774533e-10
4.0,car_scooter_brex_san_jose,bus trip with e-scooter access/city_escooter_5,1286,1.0397289596227934,0.9896033327212335,0.027286613270071522,4948506.45471568,41474.32712489086,458.3491300944851,9.253270444168653,0.0003966046322296096,6.416257647001624e-10
4.0,car_scooter_brex_san_jose,bus trip with e-scooter access/city_bus_rapid_transit_5,2555,1.1776030852712926,0.9968532201259499,0.014287804822384618,347748385253.78467,18820512.687526617,5643.854945609293,832.3783128431742,3.8261834832395835e-06,6.217521112241125e-10
4.0,car_scooter_brex_san_jose,bus trip with e-scooter access/walk_back_from_bus_5,647,1.0451589920032545,0.9328751574247046,0.06540370915879391,2436754.839950074,7642.599334571938,97.22117347896956,0.8183964109939622,0.00013984814454074413,1.0612213331756848e-09
4.0,car_scooter_brex_san_jose,freeway_driving_weekday/freeway_driving_weekday_6,2002,1.1899229005519512,0.9837007067051181,0.0165158817401536,3.2808292856067113e+19,23466319688812.918,16784431.79602424,257.0370636379706,1.5684687476256935e-14,6.829429384774533e-10
4.0,car_scooter_brex_san_jose,bus trip with e-scooter access/city_escooter_6,1482,1.034046591113879,0.9945363014062999,0.031443888127733174,9.395438592090688e+16,134402827479.95076,192305.1101218063,12.510585127797246,1.9733465691234308e-13,6.416257647001624e-10
4.0,car_scooter_brex_san_jose,bus trip with e-scooter access/city_bus_rapid_transit_6,2855,1.1552854821524332,0.9950088506409013,0.01965780082731058,185949667089.3258,6852129.571910813,3695.6023308310096,2473.914077729671,1.5790751597502866e-05,6.217521112241125e-10
4.0,car_scooter_brex_san_jose,bus trip with e-scooter access/walk_back_from_bus_6,625,1.048819175857893,0.9255353164567607,0.07198117652524938,inf,inf,inf,1.0105073161844813,0.0,1.0612213331756848e-09
4.0,train_bus_ebike_mtv_ucb,mtv_to_berkeley_sf_bart/walk_to_caltrain_0,1115,1.0798996314206475,0.9440053146817338,0.05199859096533307,527576.0084780358,3272.5527782386175,67.7592230389837,1.0158966064966684,0.0005097316764291316,7.066114844795951e-10
4.0,train_bus_ebike_mtv_ucb,mtv_to_berkeley_sf_bart/commuter_rail_aboveground_0,2927,1.1699103468304564,0.993164867622405,0.02554524746213189,inf,inf,inf,122.44113920532249,0.0,7.225986198398043e-10
4.0,train_bus_ebike_mtv_ucb,mtv_to_berkeley_sf_bart/subway_underground_0,3864,1.1795275206619795,0.988895522990642,0.024046991093479558,inf,inf,inf,27.88875106510406,0.0,8.022390272317053e-10
4.0,train_bus_ebike_mtv_ucb,mtv_to_berkeley_sf_bart/walk_to_bus_0,285,1.0072153442106522,0.9264951693462254,0.28479452514561443,3031580.5410992242,13203.378135580098,70.42308122972692,36.01257321177884,0.0015063217624473816,8.417568395528515e-10
4.0,train_bus_ebike_mtv_ucb,mtv_to_berkeley_sf_bart/city_bus_short_0,473,1.187725272612657,0.9730314314809463,0.10651980783991462,140380323.63141176,133014.49748820782,947.1936447838661,297.20752569834747,0.00040177775482785254,6.4425497260919e-10
4.0,train_bus_ebike_mtv_ucb,walk_urban_university/walk_urban_university_0,866,1.0852523030292662,0.9822504261264109,0.04706204174132141,1678383.4871841716,10355.120482617824,182.36746445472073,1.0325170674267439,0.0003148429084362046,8.783406312073868e-10
4.0,train_bus_ebike_mtv_ucb,berkeley_to_mtv_SF_express_bus/walk to the bikeshare location_0,305,1.063190908063734,0.927408814174471,0.044444322291711795,2467643.611453489,3014.0610043181996,37.009929544167015,0.8601588933536564,0.00010424664857642207,4.6000558237409036e-10
4.0,train_bus_ebike_mtv_ucb,berkeley_to_mtv_SF_express_bus/ebike_bikeshare_urban_long_0,1467,1.2122461443254104,0.9630693675492189,0.030956383135481234,9483073430572.188,58784472.400534205,678.9977240962922,22.15134884802162,3.4021288027657708e-09,7.591327569011733e-10
4.0,train_bus_ebike_mtv_ucb,berkeley_to_mtv_SF_express_bus/express_bus_0,2751,1.1684156332095168,0.9777724267021749,0.021195706882570428,75664215812.1666,5208264.462141486,7710.110836820451,86.82927667992276,9.803645166276798e-07,6.769007973500341e-10
4.0,train_bus_ebike_mtv_ucb,berkeley_to_mtv_SF_express_bus/walk_downtown_urban_canyon_0,639,1.0228416010453756,0.835825173331775,0.1731381107627338,867524.4275364814,7635.3742594993255,109.47784455133043,2.3819005203900394,0.00036014817068134056,1.060580868851958e-09
4.0,train_bus_ebike_mtv_ucb,berkeley_to_mtv_SF_express_bus/light_rail_below_above_ground_0,834,1.1584694695622915,0.9779776797423717,0.03022767908002003,1411427684692.586,105067519.43558516,88401.10327536888,22.46927551220177,2.2301594640373827e-09,8.145851430344032e-10
4.0,train_bus_ebike_mtv_ucb,berkeley_to_mtv_SF_express_bus/commuter_rail_with_tunnels_0,4775,1.1718853165149357,0.9975660776325402,0.020461349341291173,9.614858702552496e+20,229236094954630.75,54654433.705386944,819.9611233375965,4.0721491875763304e-15,7.999884506231548e-10
4.0,train_bus_ebike_mtv_ucb,berkeley_to_mtv_SF_express_bus/inner_suburb_downtown_walk_0,1201,1.0739265613728732,0.99367240547913,0.042707927940921986,3605026.6052533183,17900.084643682778,210.2223923362591,0.830230050885743,0.00010898323424304706,7.13358173776683e-10
4.0,train_bus_ebike_mtv_ucb,mtv_to_berkeley_sf_bart/walk_to_caltrain_1,1012,1.0885996728621061,0.9380033564288238,0.05432166767994545,1211369.219886457,7965.780735945248,183.6920548620151,1.3509829206847825,0.00017572697803543906,7.066114844795951e-10
4.0,train_bus_ebike_mtv_ucb,mtv_to_berkeley_sf_bart/commuter_rail_aboveground_1,2709,1.1851406281220844,0.9917436554792515,0.02499223401154504,849345328922705.2,5077751172.780911,775570.89893373,126.91710300015194,1.323163071413047e-10,7.225986198398043e-10
4.0,train_bus_ebike_mtv_ucb,mtv_to_berkeley_sf_bart/subway_underground_1,3887,1.1905516105002931,0.9677624055158122,0.01907053085355515,inf,inf,inf,43.737482566688264,0.0,8.022390272317053e-10
4.0,train_bus_ebike_mtv_ucb,mtv_to_berkeley_sf_bart/walk_to_bus_1,215,1.004735401206298,0.911562966245256,0.22067843557795164,9551.569500798605,305.31808980285723,15.530405750376374,1.6220896610990907,0.004882859515477801,8.417568395528515e-10
4.0,train_bus_ebike_mtv_ucb,mtv_to_berkeley_sf_bart/city_bus_short_1,535,1.1655471854371682,0.986356727222503,0.06644555129290383,284709768.2810585,341564.26663423056,638.7877407062397,273.35321302463734,0.0002752884630671235,6.4425497260919e-10
4.0,train_bus_ebike_mtv_ucb,walk_urban_university/walk_urban_university_1,888,1.0837592209826854,0.981547599581547,0.0521816418074442,2052701.8213347087,4652.676153821569,67.41217188580299,0.9801656544296653,0.00027675946238510293,8.783406312073868e-10
4.0,train_bus_ebike_mtv_ucb,berkeley_to_mtv_SF_express_bus/walk to the bikeshare location_1,219,1.0886989909077598,0.9122379216984541,0.07705307575992829,2089937.7866135992,12491.060734059383,154.7510963392786,0.9563860122813228,1.2912749018810303e-05,4.6000558237409036e-10
4.0,train_bus_ebike_mtv_ucb,berkeley_to_mtv_SF_express_bus/ebike_bikeshare_urban_long_1,1446,1.2156335333163455,0.9848560435901471,0.02942364450153387,10133242888.63694,753262.4489853741,625.9023487447452,21.080658920338998,2.5786570311073878e-06,7.591327569011733e-10
4.0,train_bus_ebike_mtv_ucb,berkeley_to_mtv_SF_express_bus/express_bus_1,2788,1.1667078001059064,0.9679316224308799,0.0324321686590782,107148499791606.64,153403104.2074256,6015.768076615897,146.63383104690735,3.791999781365919e-09,6.822293654972005e-10
4.0,train_bus_ebike_mtv_ucb,berkeley_to_mtv_SF_express_bus/walk_downtown_urban_canyon_1,616,1.015901936064148,0.8354641855106418,0.1510493716618006,7189619.415788258,6401.4992373672185,91.58324377218229,2.5352791504907883,0.00014138038423214716,1.060580868851958e-09
4.0,train_bus_ebike_mtv_ucb,berkeley_to_mtv_SF_express_bus/light_rail_below_above_ground_1,869,1.1473698556097034,0.9786147142095377,0.019144819487237057,300603347366.524,9840340.086967288,17110.882341933542,23.502705986139663,4.625849313488049e-08,8.145851430344032e-10
4.0,train_bus_ebike_mtv_ucb,berkeley_to_mtv_SF_express_bus/commuter_rail_with_tunnels_1,4797,1.1709937918704554,0.9974629494858669,0.018591093251114004,139393573679385.86,984256979.1428996,414388.1973112741,121.68495328372985,2.110809764217116e-09,7.999884506231548e-10
4.0,train_bus_ebike_mtv_ucb,berkeley_to_mtv_SF_express_bus/inner_suburb_downtown_walk_1,1188,1.0741179542130046,0.990482093698399,0.033000782960773314,81117420703305.48,1740590515.159235,37349.10261272871,0.6358966091582783,9.299373248137824e-12,7.13358173776683e-10
4.0,train_bus_ebike_mtv_ucb,mtv_to_berkeley_sf_bart/walk_to_caltrain_2,874,1.1060416088779463,0.946898082048759,0.05662675466418566,566154.7550776904,4732.240104133105,85.66193708873337,1.557863676744725,0.0003891774893355399,7.066114844795951e-10
4.0,train_bus_ebike_mtv_ucb,mtv_to_berkeley_sf_bart/commuter_rail_aboveground_2,2829,1.1762425625760404,0.9907434174084581,0.026235091072138252,8.967927049753827e+16,491767698932.8214,2696822.577938112,242.8951850120011,7.635533448263912e-12,7.225986198398043e-10
4.0,train_bus_ebike_mtv_ucb,mtv_to_berkeley_sf_bart/subway_underground_2,3860,1.192435790475897,0.995862589307177,0.02256133161659185,inf,inf,inf,71.02382384975556,0.0,8.022390272317053e-10
4.0,train_bus_ebike_mtv_ucb,mtv_to_berkeley_sf_bart/walk_to_bus_2,223,1.010808397537759,0.9157830282006431,0.18205657853775287,4943.018533873749,192.72344725356484,13.987958644498491,1.290245883796257,0.0077079225969329465,8.417568395528515e-10
4.0,train_bus_ebike_mtv_ucb,mtv_to_berkeley_sf_bart/city_bus_short_2,499,1.1780228118129996,0.9705449108011325,0.06365285676494548,853255285.2546633,544783.7807859502,1023.9862201092723,429.86797629903356,0.0001587365465303811,6.4425497260919e-10
4.0,train_bus_ebike_mtv_ucb,walk_urban_university/walk_urban_university_2,780,1.096962151039883,0.9812923991353352,0.04254183113915585,44086847.011254266,28498.845774259473,33.15496090882241,1.195109874415079,2.0388109824209377e-05,8.783406312073868e-10
4.0,train_bus_ebike_mtv_ucb,berkeley_to_mtv_SF_express_bus/walk to the bikeshare location_2,1403,1.013147647205879,0.5910772647921844,0.4069368354328087,8287299421.669009,2633795.511588537,1133.627471921296,67.96223536766014,4.321868490743085e-06,4.6000558237409036e-10
4.0,train_bus_ebike_mtv_ucb,berkeley_to_mtv_SF_express_bus/ebike_bikeshare_urban_long_2,1543,1.2001097191915584,0.9719722359210006,0.03169398136600144,5124860406.780509,1408819.738920489,898.6647259542234,38.28828945664819,8.428962686735336e-06,7.591327569011733e-10
4.0,train_bus_ebike_mtv_ucb,berkeley_to_mtv_SF_express_bus/express_bus_2,2365,1.202236324410241,0.9720526749275318,0.028055820417980142,2460571916087971.5,586644157.3831019,4973.690257575457,442.2003037788812,4.206903092841898e-10,6.769007973500341e-10
4.0,train_bus_ebike_mtv_ucb,berkeley_to_mtv_SF_express_bus/walk_downtown_urban_canyon_2,564,1.0181713692785077,0.8554113611343677,0.14593969694175088,2098387.8385201506,11545.015747846905,145.3680179254195,2.597442007393731,0.00022523311634096182,1.060580868851958e-09
4.0,train_bus_ebike_mtv_ucb,berkeley_to_mtv_SF_express_bus/light_rail_below_above_ground_2,1218,1.1034479510048696,0.9474091621765928,0.08335094072673749,52765137083.490715,1751797.54411385,2101.737878494241,71.53518117724676,1.5676022199478133e-06,8.145851430344032e-10
4.0,train_bus_ebike_mtv_ucb,berkeley_to_mtv_SF_express_bus/commuter_rail_with_tunnels_2,4793,1.1702608973273092,0.9958814879255747,0.032193054193222936,1.6328576328734122e+17,700746475408.0175,3007422.636911625,1031.293671336253,2.6449698027430947e-11,7.999884506231548e-10
4.0,train_bus_ebike_mtv_ucb,berkeley_to_mtv_SF_express_bus/inner_suburb_downtown_walk_2,1193,1.074424960602365,0.999225053415692,0.04795684699060184,146161923.8794963,33448.91457116558,256.1829393361409,0.849157160469329,4.622367645999477e-06,7.13358173776683e-10
4.0,train_bus_ebike_mtv_ucb,mtv_to_berkeley_sf_bart/walk_to_caltrain_3,949,1.0954065836165017,0.9248787771006434,0.0758228589761407,410686259068390.5,3894424587.568162,78925.09860338365,2.135391119369273,3.3091105553893755e-12,7.066114844795951e-10
4.0,train_bus_ebike_mtv_ucb,mtv_to_berkeley_sf_bart/commuter_rail_aboveground_3,2639,1.1913622084675586,0.9956788809927704,0.02256989415285152,4.100818997390432e+16,54153800373.05094,1273856.2978928245,194.44136629234532,4.664969063704751e-12,7.225986198398043e-10
4.0,train_bus_ebike_mtv_ucb,mtv_to_berkeley_sf_bart/subway_underground_3,3868,1.1899452839988747,0.9952886641065797,0.025328488296881092,inf,inf,inf,61.74996222451951,0.0,8.022390272317053e-10
4.0,train_bus_ebike_mtv_ucb,mtv_to_berkeley_sf_bart/walk_to_bus_3,309,1.0195085540598094,0.9705461538209573,0.2960852320143222,2.144738404225294e+18,1022690966160.2357,487666.9499873831,24.107998791418275,1.7366118253754062e-15,8.417568395528515e-10
4.0,train_bus_ebike_mtv_ucb,mtv_to_berkeley_sf_bart/city_bus_short_3,378,1.2526017169820336,0.9576853108313415,0.033047395934874026,242015880.29645097,127789.77460634886,719.0305734724896,367.0487657744382,0.00021870422133380503,6.4425497260919e-10
4.0,train_bus_ebike_mtv_ucb,walk_urban_university/walk_urban_university_3,797,1.0942109175206816,0.9789489354251034,0.03862147976113899,2258005918104.9556,160428214.39659828,11398.762937748255,1.8472735339417146,6.514466814520302e-10,8.783406312073868e-10
4.0,train_bus_ebike_mtv_ucb,berkeley_to_mtv_SF_express_bus/walk to the bikeshare location_3,519,1.0708071431547226,0.978993470273305,0.03693430776378217,3601160865.885406,1234631.5184776068,512.2714147175191,1.041256107468934,1.4044669019006583e-07,5.692611509058333e-10
4.0,train_bus_ebike_mtv_ucb,berkeley_to_mtv_SF_express_bus/ebike_bikeshare_urban_long_3,1586,1.1937928502189994,0.9822095124512427,0.027664793957965592,2850425792.765307,251356.61549390704,363.07308318808356,14.993164129807287,7.705574326240893e-06,7.481166846026598e-10
4.0,train_bus_ebike_mtv_ucb,berkeley_to_mtv_SF_express_bus/express_bus_3,2741,1.1612161764189428,0.9847850378450863,0.01653846714670279,35052106016.791756,5417008.076007704,3827.64936361895,44.555487360034626,1.3449829683779064e-06,7.342253319793175e-10
4.0,train_bus_ebike_mtv_ucb,berkeley_to_mtv_SF_express_bus/walk_downtown_urban_canyon_3,785,1.0121577735661518,0.8835191412894329,0.1066154330230747,inf,inf,inf,19.273266066070743,0.0,8.02529976053429e-10
4.0,train_bus_ebike_mtv_ucb,berkeley_to_mtv_SF_express_bus/light_rail_below_above_ground_3,930,1.140471929943614,0.9856129629220856,0.027995463077356217,5723889035355574.0,6885588459.248999,186367.11609263963,19.637227200316264,2.8465556794626235e-12,8.145851430344032e-10
4.0,train_bus_ebike_mtv_ucb,berkeley_to_mtv_SF_express_bus/commuter_rail_with_tunnels_3,3579,1.2425810516383924,0.9968581645488342,0.02751475825337328,71749770361466.16,1043487563.4892898,213503.1803795226,361.3878281505991,6.5238794131506496e-09,7.999884506231548e-10
4.0,train_bus_ebike_mtv_ucb,berkeley_to_mtv_SF_express_bus/inner_suburb_downtown_walk_3,1186,1.074666833186685,0.995566267538603,0.040104007383190574,1874921111.1972127,737152.9149867515,294.4113415808121,1.0561573659488792,6.579120637600701e-07,7.13358173776683e-10
4.0,train_bus_ebike_mtv_ucb,mtv_to_berkeley_sf_bart/walk_to_caltrain_4,960,1.0936529756486262,0.9378891184955598,0.06390732451938702,1.039738082210678e+19,4957857525186.422,2364128.907404039,1.865658284098087,1.7225794991868443e-16,7.066114844795951e-10
4.0,train_bus_ebike_mtv_ucb,mtv_to_berkeley_sf_bart/commuter_rail_aboveground_4,2716,1.184768680053126,0.99373213239174,0.03220740699512598,2.41267500767062e+19,4697631175301.504,6490031.699794815,382.95205326207326,4.146586994733545e-14,7.225986198398043e-10
4.0,train_bus_ebike_mtv_ucb,mtv_to_berkeley_sf_bart/subway_underground_4,3882,1.1899937289785,1.0364262863232387,0.05171624729361885,inf,inf,inf,17.556095740331173,0.0,8.022390272317053e-10
4.0,train_bus_ebike_mtv_ucb,mtv_to_berkeley_sf_bart/walk_to_bus_4,318,1.017214138932621,0.9846260329363267,0.3060225826187055,87142519338649.48,1059596200.4714471,25546.208877863013,15.842369489580207,3.714751795235524e-11,8.417568395528515e-10
4.0,train_bus_ebike_mtv_ucb,mtv_to_berkeley_sf_bart/city_bus_short_4,344,1.2802506440922412,0.9687030377598119,0.045708506505256125,42160369.36942069,56442.17434231257,534.0953465039064,62.03226413076697,0.00024221985369392654,6.4425497260919e-10
4.0,train_bus_ebike_mtv_ucb,walk_urban_university/walk_urban_university_4,797,1.0943910708015385,0.9762471943418328,0.0498789238929212,171974381396952.47,1353062360.5021343,18004.16097828759,2.2360968578536586,9.192534801620905e-12,8.783406312073868e-10
4.0,train_bus_ebike_mtv_ucb,berkeley_to_mtv_SF_express_bus/walk to the bikeshare location_4,423,1.081873462146632,0.9757339130025251,0.03252413397510759,141293333.95320213,31502.218990385096,57.96645655927732,1.6245993153627831,4.85252244789035e-06,5.692611509058333e-10
4.0,train_bus_ebike_mtv_ucb,berkeley_to_mtv_SF_express_bus/ebike_bikeshare_urban_long_4,1297,1.2473953722311308,0.9898126142552822,0.026306103137409238,380795057.79040533,321127.13861280365,847.8045626383232,23.402992399280976,3.598823099989471e-05,7.481166846026598e-10
4.0,train_bus_ebike_mtv_ucb,berkeley_to_mtv_SF_express_bus/express_bus_4,2768,1.1595518300253291,0.9746983498876854,0.02232466602866464,44780511492.07574,9003792.694218282,5209.622224890267,39.585280173120466,6.180960398690934e-07,7.342253319793175e-10
4.0,train_bus_ebike_mtv_ucb,berkeley_to_mtv_SF_express_bus/walk_downtown_urban_canyon_4,687,1.0155550644716347,0.8682760204633923,0.1232410775617429,4.9410265156301224e+16,94237841214.06476,303334.03221209376,11.459034155162009,7.1245470449466e-14,8.02529976053429e-10
4.0,train_bus_ebike_mtv_ucb,berkeley_to_mtv_SF_express_bus/light_rail_below_above_ground_4,978,1.1316995244750658,0.9762004634048554,0.033598595902322205,2.085992467031601e+16,24866972505.86797,379555.2020998466,39.85030353601394,1.0537717548219305e-12,8.145851430344032e-10
4.0,train_bus_ebike_mtv_ucb,berkeley_to_mtv_SF_express_bus/commuter_rail_with_tunnels_4,4839,1.1691312469162367,0.9970079709990975,0.03569284342887911,57352606641602.38,82288995.3656966,14970.971110510656,954.2563930632523,7.864553434563054e-08,7.999884506231548e-10
4.0,train_bus_ebike_mtv_ucb,berkeley_to_mtv_SF_express_bus/inner_suburb_downtown_walk_4,1081,1.0827986868850388,0.9966226283700512,0.04738264884786975,1777300607.6124265,1811263.2465996575,3080.995480996913,1.3142447193384708,3.847794300996387e-07,7.13358173776683e-10
4.0,train_bus_ebike_mtv_ucb,mtv_to_berkeley_sf_bart/walk_to_caltrain_5,953,1.0955377151487455,0.948691439731781,0.05766051792859775,3.89214665437874e+17,251994435383.24158,1012415.5558300182,2.358314711617171,1.897395974262474e-15,7.066114844795951e-10
4.0,train_bus_ebike_mtv_ucb,mtv_to_berkeley_sf_bart/commuter_rail_aboveground_5,2913,1.1698908683633351,0.9963953555114579,0.03394436907549373,4.9219859134917706e+20,117349322355550.31,55956485.3754734,485.4736493558456,1.9012337930250027e-15,7.225986198398043e-10
4.0,train_bus_ebike_mtv_ucb,mtv_to_berkeley_sf_bart/subway_underground_5,3900,1.1853006964856805,0.9954414281855775,0.024840442430267267,inf,inf,inf,11.96342300606663,0.0,8.022390272317053e-10
4.0,train_bus_ebike_mtv_ucb,mtv_to_berkeley_sf_bart/walk_to_bus_5,304,0.981224067490317,0.8824163210476238,0.2756006932851044,688262112.899375,480147.0370445035,517.6009395383699,11.200489444566728,2.6784599953544622e-06,8.417568395528515e-10
4.0,train_bus_ebike_mtv_ucb,mtv_to_berkeley_sf_bart/city_bus_short_5,309,1.3267780084595318,0.9693638124421086,0.040695809414695146,30242241473.895466,8024642.390151613,10656.159174313543,37.93123113741082,1.9570980497403074e-07,6.4425497260919e-10
4.0,train_bus_ebike_mtv_ucb,walk_urban_university/walk_urban_university_5,826,1.0912703168849494,0.9421291304192584,0.04199304766873166,50904159449.739204,12488381.589853128,3064.1061564907886,1.9645611017991753,1.9913351761369875e-08,8.783406312073868e-10
4.0,train_bus_ebike_mtv_ucb,berkeley_to_mtv_SF_express_bus/walk to the bikeshare location_5,356,1.1082698172397754,0.9969791596642373,0.0451292687709474,5783.810723081364,371.39291652448264,28.271788865060433,1.019868758844321,0.04154446861397284,5.692611509058333e-10
4.0,train_bus_ebike_mtv_ucb,berkeley_to_mtv_SF_express_bus/ebike_bikeshare_urban_long_5,1414,1.2221166437991446,0.9450685497599555,0.05051760034366362,216095137465.2246,5976464.593526521,576.9903035733963,33.32947934229654,9.945880420909233e-08,7.481166846026598e-10
4.0,train_bus_ebike_mtv_ucb,berkeley_to_mtv_SF_express_bus/express_bus_5,2381,1.1901073489375285,0.9672676801054748,0.03130540069734831,90984837205358.64,108801872.53187199,11740.213929776206,575.5221419767329,1.502590723515066e-08,7.342253319793175e-10
4.0,train_bus_ebike_mtv_ucb,berkeley_to_mtv_SF_express_bus/walk_downtown_urban_canyon_5,652,1.0130380518125965,0.8750838723204275,0.12046827512814647,2.4616508838155915e+19,5417569012921.58,1937473.641026072,6.260338212622324,8.508848559402959e-17,8.02529976053429e-10
4.0,train_bus_ebike_mtv_ucb,berkeley_to_mtv_SF_express_bus/light_rail_below_above_ground_5,799,1.1549854912682338,0.9736099643277499,0.021941972004401105,356910003.9105262,187304.55572449492,1047.125607422994,14.537915430762764,1.5029654178693566e-05,8.145851430344032e-10
4.0,train_bus_ebike_mtv_ucb,berkeley_to_mtv_SF_express_bus/commuter_rail_with_tunnels_5,4252,1.1966217433545243,0.9952035473921623,0.023393470716261078,2051066633807.1162,66197514.216130994,30027.968439803804,718.5580074041816,8.879315526257756e-07,7.999884506231548e-10
4.0,train_bus_ebike_mtv_ucb,berkeley_to_mtv_SF_express_bus/inner_suburb_downtown_walk_5,1063,1.0837897723786443,0.9964671672294578,0.04949553518382549,618631502.0341696,812622.3333215876,1075.589700838115,1.0224760470018546,1.7120955409260997e-06,7.13358173776683e-10
4.0,train_bus_ebike_mtv_ucb,mtv_to_berkeley_sf_bart/walk_to_caltrain_6,945,1.0943668186564532,0.9534094544637027,0.04746913802044584,783388175675.4169,88344279.43169256,9966.908708835308,2.001220513367862,2.4125192865442373e-09,7.066114844795951e-10
4.0,train_bus_ebike_mtv_ucb,mtv_to_berkeley_sf_bart/commuter_rail_aboveground_6,2859,1.174898475263851,0.997012232490665,0.03147638182223582,915920227198.6915,39648105.47372121,43764.14705524062,1960.8244897379254,2.2487386712733464e-06,7.225986198398043e-10
4.0,train_bus_ebike_mtv_ucb,mtv_to_berkeley_sf_bart/subway_underground_6,3901,1.1888153695217625,0.9968819785285314,0.013598818024454467,2.000844626478409e+16,10394049611.087158,781346.9986666271,62.48324537643798,1.0881531339986871e-11,8.022390272317053e-10
4.0,train_bus_ebike_mtv_ucb,mtv_to_berkeley_sf_bart/walk_to_bus_6,292,1.0112037324657515,0.9349428917605862,0.26136601827902084,119108673.08389446,151447.49301654325,371.1409342634205,7.091029901790439,6.135163010259948e-06,8.417568395528515e-10
4.0,train_bus_ebike_mtv_ucb,mtv_to_berkeley_sf_bart/city_bus_short_6,366,1.1933310208133237,0.9748670505957341,0.03749487842903497,51378188.94601195,114440.90760323666,961.3971771728978,363.8588173141448,0.0004263047200470984,6.922048303980974e-10
4.0,train_bus_ebike_mtv_ucb,walk_urban_university/walk_urban_university_6,824,1.0908826258836604,0.9685378890495955,0.056021716644848424,718346644.3759463,340783.3191905067,637.0974388393374,1.6734044873707883,1.2877413763459136e-06,8.783406312073868e-10
4.0,train_bus_ebike_mtv_ucb,berkeley_to_mtv_SF_express_bus/walk to the bikeshare location_6,431,1.0867783565118991,0.9949695450921687,0.04293073988669939,12246020332.315022,1261935.0982150596,850.6650363139482,1.173351754024851,4.0819728669670975e-08,5.692611509058333e-10
4.0,train_bus_ebike_mtv_ucb,berkeley_to_mtv_SF_express_bus/ebike_bikeshare_urban_long_6,1513,1.205552394831096,0.975957340903005,0.02928205105852851,502549922.66126835,479523.6188858892,574.6344832643139,21.25706474700813,2.2369737904259643e-05,7.481166846026598e-10
4.0,train_bus_ebike_mtv_ucb,berkeley_to_mtv_SF_express_bus/express_bus_6,2422,1.186775116729081,0.9642010878764274,0.06095364171347692,1041940725678.7263,58626654.009249,11034.620176927076,1567.1589227727632,1.563726043176943e-06,7.342253319793175e-10
4.0,train_bus_ebike_mtv_ucb,berkeley_to_mtv_SF_express_bus/walk_downtown_urban_canyon_6,666,1.0171660376133402,0.898464238066424,0.11252316630435463,inf,inf,inf,1.7316042614608724,0.0,8.02529976053429e-10
4.0,train_bus_ebike_mtv_ucb,berkeley_to_mtv_SF_express_bus/light_rail_below_above_ground_6,941,1.1402625530901338,0.988994262772368,0.023775988287386324,152086408.3890417,154155.42148260504,755.6390803283944,13.660280103549304,2.6773777439195116e-05,8.145851430344032e-10
4.0,train_bus_ebike_mtv_ucb,berkeley_to_mtv_SF_express_bus/commuter_rail_with_tunnels_6,4217,1.1988857076704018,0.9971460732473327,0.02131427576406087,6.60824943612259e+16,57793314047.784424,697399.4005053737,496.6702027205655,2.6235498865186076e-11,7.999884506231548e-10
4.0,train_bus_ebike_mtv_ucb,berkeley_to_mtv_SF_express_bus/inner_suburb_downtown_walk_6,1188,1.0738826255310765,0.9944354075597653,0.0369655173128416,74117085.67771313,121691.47482691784,403.6903888107107,1.0372486489990578,9.053101886897505e-06,7.13358173776683e-10
4.0,train_bus_ebike_mtv_ucb,mtv_to_berkeley_sf_bart/walk_to_caltrain_7,1068,1.0828504778722483,0.9142929354882852,0.08398775092123938,407913164.5237433,409927.8279160525,723.4862051324998,2.3132983557315985,2.3490527317113055e-06,7.066114844795951e-10
4.0,train_bus_ebike_mtv_ucb,mtv_to_berkeley_sf_bart/commuter_rail_aboveground_7,2786,1.1797285620215774,0.9958049621470374,0.023039622764985737,46771631929343.71,345688007.8141834,20260.073213292955,1390.7409191761953,7.939230147869022e-08,7.225986198398043e-10
4.0,train_bus_ebike_mtv_ucb,mtv_to_berkeley_sf_bart/subway_underground_7,3898,1.1883839249300352,0.9962726286343799,0.013851969456934218,4.25375642245464e+19,10141745276873.73,16188329.627351746,43.48233874165864,5.165526557418196e-16,8.022390272317053e-10
4.0,train_bus_ebike_mtv_ucb,mtv_to_berkeley_sf_bart/walk_to_bus_7,295,1.0189141518045253,0.9506474755933385,0.20089514199011954,2.249424411942116e+18,1072609144768.5773,511472.0912014235,1.636813287837095,2.1462505827064138e-16,8.417568395528515e-10
4.0,train_bus_ebike_mtv_ucb,mtv_to_berkeley_sf_bart/city_bus_short_7,304,1.2541401479273258,0.9624065124587604,0.05147760548891027,738891106.272699,376460.6804016802,1012.592828637038,366.76738730769296,0.00010618818794152539,6.922048303980974e-10
4.0,train_bus_ebike_mtv_ucb,walk_urban_university/walk_urban_university_7,851,1.0885569421297292,0.9813856071333692,0.0650551056728717,4705868.495517875,25230.118345334628,136.11530808302652,2.2868726635653296,0.0002050982767282337,8.783406312073868e-10
4.0,train_bus_ebike_mtv_ucb,berkeley_to_mtv_SF_express_bus/walk to the bikeshare location_7,442,1.087033213507231,0.9635872202208832,0.02729277227715016,406114.66510391096,5331.492704080898,70.83544347991793,1.9403786735886104,0.0017528783431079943,5.692611509058333e-10
4.0,train_bus_ebike_mtv_ucb,berkeley_to_mtv_SF_express_bus/ebike_bikeshare_urban_long_7,1343,1.2367271889777305,0.9874880955559338,0.024172624599621023,2278193849.425282,530686.4344253165,697.1653261939591,24.612911828225045,1.071447528056216e-05,7.481166846026598e-10
4.0,train_bus_ebike_mtv_ucb,berkeley_to_mtv_SF_express_bus/express_bus_7,2349,1.1936553641922936,0.9806114499367824,0.02630161576814502,21685059980.68419,7134787.9496238185,7604.713703353696,63.18726730207436,2.696146043343682e-06,7.39791657760347e-10
4.0,train_bus_ebike_mtv_ucb,berkeley_to_mtv_SF_express_bus/walk_downtown_urban_canyon_7,659,1.0180392949626504,0.8985695637070826,0.10016981686254495,3.3587523198623584e+19,8007889556935.811,1909243.8055562128,2.650590021464748,2.5918207775315275e-17,8.02529976053429e-10
4.0,train_bus_ebike_mtv_ucb,berkeley_to_mtv_SF_express_bus/light_rail_below_above_ground_7,885,1.1425299957631614,0.9820353397242455,0.043248185300691515,200130117530.0886,29649160.890774246,10790.530631493573,19.897883938128253,3.668264617622141e-08,8.145851430344032e-10
4.0,train_bus_ebike_mtv_ucb,berkeley_to_mtv_SF_express_bus/commuter_rail_with_tunnels_7,3506,1.249000021152574,0.9924621779371767,0.025841138505794822,1741281164915.6619,61442812.08741109,19201.24831722181,668.3703092561474,6.598532295043295e-07,7.999884506231548e-10
4.0,train_bus_ebike_mtv_ucb,berkeley_to_mtv_SF_express_bus/inner_suburb_downtown_walk_7,1183,1.0749632752668052,0.9963359381452505,0.04975034800404283,38223432.67830953,108870.15598446559,475.0638191317199,0.9146487928105057,1.4195960707509245e-05,7.13358173776683e-10
4.0,train_bus_ebike_mtv_ucb,mtv_to_berkeley_sf_bart/walk_to_caltrain_8,930,1.0969774543749897,0.9268293006747816,0.07341307388793063,8813655579.32152,4406508.084896633,2204.3107895481576,1.7448173857958897,1.8283571876411125e-07,7.066114844795951e-10
4.0,train_bus_ebike_mtv_ucb,mtv_to_berkeley_sf_bart/commuter_rail_aboveground_8,2857,1.1743145902344905,0.994968499457898,0.04147498563103632,273069894748.46628,22963493.39275743,19848.404769003744,2125.4149824333463,7.156612691928695e-06,7.225986198398043e-10
4.0,train_bus_ebike_mtv_ucb,mtv_to_berkeley_sf_bart/subway_underground_8,3959,1.1866120443423807,0.9943407222343185,0.021983477945364847,inf,inf,inf,43.1079598480354,0.0,8.022390272317053e-10
4.0,train_bus_ebike_mtv_ucb,mtv_to_berkeley_sf_bart/walk_to_bus_8,310,1.0141673616511007,0.9858767349816652,0.18937953702413698,569941.7300550182,4167.843430889083,59.88749068391129,0.3181492447466016,6.176617855941278e-05,8.417568395528515e-10
4.0,train_bus_ebike_mtv_ucb,mtv_to_berkeley_sf_bart/city_bus_short_8,301,1.253930808086201,0.9634151161627574,0.042273572876940925,480675989.5580266,205770.102382349,811.8734737206947,57.144244547563275,1.779908459505736e-05,6.922048303980974e-10
4.0,train_bus_ebike_mtv_ucb,walk_urban_university/walk_urban_university_8,875,1.0849693539532443,0.9809342046091587,0.049078382151175666,837709193.6344092,556241.2082783214,804.2485203291227,1.347649564415484,8.690446472954162e-07,8.783406312073868e-10
4.0,train_bus_ebike_mtv_ucb,berkeley_to_mtv_SF_express_bus/walk to the bikeshare location_8,408,1.09519981998664,0.9975105393995395,0.041615244257370544,7992.862413355378,384.30980693460896,25.491291203127442,1.3106392470521873,0.029693611574735095,5.692611509058333e-10
4.0,train_bus_ebike_mtv_ucb,berkeley_to_mtv_SF_express_bus/ebike_bikeshare_urban_long_8,1518,1.2048345218974925,0.9714045501252818,0.029565271545696603,3580415656.7547364,509631.7873493966,428.27074974441575,22.932409281251303,5.036889956691988e-06,7.481166846026598e-10
4.0,train_bus_ebike_mtv_ucb,berkeley_to_mtv_SF_express_bus/express_bus_8,2592,1.1717501324029564,0.9801209804124913,0.021698890389093402,313623167462.4791,55307226.103078134,20111.596856573797,42.36993842540585,2.1271194709498498e-07,7.39791657760347e-10
4.0,train_bus_ebike_mtv_ucb,berkeley_to_mtv_SF_express_bus/walk_downtown_urban_canyon_8,600,1.016174717026029,0.8704905891807516,0.12581413583650589,27205886866.346684,7137413.535307858,2955.188126171917,13.625977866042033,1.0002177355025067e-07,8.02529976053429e-10
4.0,train_bus_ebike_mtv_ucb,berkeley_to_mtv_SF_express_bus/light_rail_below_above_ground_8,778,1.163861941862176,0.9731012916906788,0.025805419022809438,10986739987.130009,794953.9048659392,1729.7658422884172,17.89652619488185,1.0781573649202797e-06,8.145851430344032e-10
4.0,train_bus_ebike_mtv_ucb,berkeley_to_mtv_SF_express_bus/commuter_rail_with_tunnels_8,3844,1.2228946151617601,0.9961837178798371,0.01984082324628363,202948530900961.34,822573938.7346503,21772.075308828847,683.4415418335693,1.2815465233812862e-08,7.999884506231548e-10
4.0,train_bus_ebike_mtv_ucb,berkeley_to_mtv_SF_express_bus/inner_suburb_downtown_walk_8,1209,1.0728011476574286,0.983281753693659,0.052639351719012906,250303811.38856602,282140.08589748654,507.4352543151136,1.0576933934405628,1.6035239368788466e-06,7.13358173776683e-10
4.0,train_bus_ebike_mtv_ucb,mtv_to_berkeley_sf_bart/walk_to_caltrain_9,945,1.0954605058009415,0.9263412607147841,0.0720933298410896,11523003412.44639,5758352.601746507,2883.80640479369,2.4591530303228133,1.8494137968570074e-07,7.066114844795951e-10
4.0,train_bus_ebike_mtv_ucb,mtv_to_berkeley_sf_bart/commuter_rail_aboveground_9,2690,1.1877978720363205,0.9959077448086349,0.029639339365479588,1406057026815.7424,125711339.03830764,19820.670819570296,4744.884279324668,3.162166283860641e-06,7.225986198398043e-10
4.0,train_bus_ebike_mtv_ucb,mtv_to_berkeley_sf_bart/subway_underground_9,3904,1.1885711762327678,0.9564092168062708,0.02459776739169111,inf,inf,inf,52.57025734415791,0.0,8.022390272317053e-10
4.0,train_bus_ebike_mtv_ucb,mtv_to_berkeley_sf_bart/walk_to_bus_9,295,1.019113170507507,0.967816824894655,0.23320268471305386,14350573498.954033,3688339.625521884,950.6225913437839,0.5470038121369744,1.1239122292151168e-08,8.417568395528515e-10
4.0,train_bus_ebike_mtv_ucb,mtv_to_berkeley_sf_bart/city_bus_short_9,363,1.1985066607877144,0.9673987256390848,0.03793677330555273,345916881.6953748,235295.57553675573,1235.4005026421264,374.3933498758765,0.0001786143790436344,6.922048303980974e-10
4.0,train_bus_ebike_mtv_ucb,walk_urban_university/walk_urban_university_9,836,1.0882309682362954,0.972146461867174,0.03537093844217522,133992856.91520856,106388.7821116839,268.96045391199306,1.0371299542074097,5.719627761947001e-06,8.783406312073868e-10
4.0,train_bus_ebike_mtv_ucb,berkeley_to_mtv_SF_express_bus/walk to the bikeshare location_9,432,1.0891073388656758,0.9907867486070506,0.03644188083287149,821315.6581463086,5236.616263623316,36.237506111921576,1.440186226382377,0.0007039354863669115,5.692611509058333e-10
4.0,train_bus_ebike_mtv_ucb,berkeley_to_mtv_SF_express_bus/ebike_bikeshare_urban_long_9,1623,1.1880278651697171,0.992403651989407,0.06504549251577925,57530412755.19114,2098608.7652427857,771.5071180226538,26.5810334328689,6.221953062037546e-07,7.481166846026598e-10
4.0,train_bus_ebike_mtv_ucb,berkeley_to_mtv_SF_express_bus/express_bus_9,2317,1.1963551615332029,0.9769377186326152,0.031104837363898217,80967200233309.52,251630337.1914039,7334.59962470816,547.4726083157404,1.5412003414262007e-08,7.342253319793175e-10
4.0,train_bus_ebike_mtv_ucb,berkeley_to_mtv_SF_express_bus/walk_downtown_urban_canyon_9,690,1.013759196669441,0.8592854916966732,0.13422769418202218,46052128122.47203,9705988.522983747,2050.0497148027903,4.094773201998473,6.103094430496022e-08,8.02529976053429e-10
4.0,train_bus_ebike_mtv_ucb,berkeley_to_mtv_SF_express_bus/light_rail_below_above_ground_9,1170,1.1071992676153348,0.9784341038359585,0.04483527323998269,9315545364462.436,51082725.14622259,4322.601304340047,15.341772160857644,1.9069511170556563e-09,8.145851430344032e-10
4.0,train_bus_ebike_mtv_ucb,berkeley_to_mtv_SF_express_bus/commuter_rail_with_tunnels_9,3566,1.2440506096065116,0.9897336583042863,0.037994721395786066,73039174579124.89,1654320084.4332018,79824.57409056582,1383.0645336014686,3.407843002338599e-08,7.999884506231548e-10
4.0,train_bus_ebike_mtv_ucb,berkeley_to_mtv_SF_express_bus/inner_suburb_downtown_walk_9,1229,1.0715652742027313,0.9910376843566993,0.04740077409176056,7893347223667022.0,37638412928.028404,179491.95897445874,0.849173119815844,7.897940410898938e-14,7.13358173776683e-10
4.0,train_bus_ebike_mtv_ucb,mtv_to_berkeley_sf_bart/walk_to_caltrain_10,1038,1.0871036742378968,0.9121445034162412,0.08637397281836524,1.209825433653318e+18,1153779444231.0796,1100360.240460488,2.3642067899981276,2.0284264667142696e-15,7.066114844795951e-10
4.0,train_bus_ebike_mtv_ucb,mtv_to_berkeley_sf_bart/commuter_rail_aboveground_10,2748,1.1834306999310864,0.9937238001354727,0.025302287898758147,15401833642134.121,59006691.73835343,17665.106329978793,1377.8408644043461,2.2873727098871905e-07,7.225986198398043e-10
4.0,train_bus_ebike_mtv_ucb,mtv_to_berkeley_sf_bart/subway_underground_10,4979,1.1426694546365235,1.0402693937259018,0.13676881655329257,inf,inf,inf,48.3619226301452,0.0,8.022390272317053e-10
4.0,train_bus_ebike_mtv_ucb,mtv_to_berkeley_sf_bart/walk_to_bus_10,294,1.0074662019875977,0.9601579949336105,0.17478685594008464,inf,inf,inf,0.2432589600093067,0.0,8.417568395528515e-10
4.0,train_bus_ebike_mtv_ucb,mtv_to_berkeley_sf_bart/city_bus_short_10,431,1.16755667949454,0.9880756641459634,0.053501621270987516,132255407.29243428,188981.3922436633,943.5439260512471,864.0247006286893,0.0004560830492191579,6.922048303980974e-10
4.0,train_bus_ebike_mtv_ucb,walk_urban_university/walk_urban_university_10,789,1.0955791838281446,0.982773621183378,0.03974143902936606,20422369516.06888,2463962.428562347,3527.425309938979,1.2086528745356417,3.539974699600122e-08,8.783406312073868e-10
4.0,train_bus_ebike_mtv_ucb,berkeley_to_mtv_SF_express_bus/walk to the bikeshare location_10,389,1.1009268787162443,0.9976294762960949,0.032522479907634176,505270251.2837688,644136.9753090838,1585.0286938208849,1.1499408192704352,4.7523362268405e-07,5.692611509058333e-10
4.0,train_bus_ebike_mtv_ucb,berkeley_to_mtv_SF_express_bus/ebike_bikeshare_urban_long_10,1465,1.2137480054438836,0.955195961326501,0.0423133340977945,2512402137.396096,873353.8294299537,521.5140477119949,30.175570249015855,1.0684076694394926e-05,7.481166846026598e-10
4.0,train_bus_ebike_mtv_ucb,berkeley_to_mtv_SF_express_bus/express_bus_10,2907,1.1508506121901214,0.9879440482197107,0.01613238117929464,27505603057316.066,26184717.557919502,8434.766849575502,32.27946074437306,3.4055433427296176e-09,7.342253319793175e-10
4.0,train_bus_ebike_mtv_ucb,berkeley_to_mtv_SF_express_bus/walk_downtown_urban_canyon_10,617,1.0165926738972977,0.8776213352037286,0.12185201036590436,7729538953171.115,307758547.6841044,12276.46126436453,6.842320303491443,5.459032801758855e-10,8.02529976053429e-10
4.0,train_bus_ebike_mtv_ucb,berkeley_to_mtv_SF_express_bus/light_rail_below_above_ground_10,1016,1.127149574065417,0.9822516343263733,0.08334735635879861,1374869281.5964863,1699638.5360366527,2112.1450792928454,78.06372554197313,3.549588771466016e-05,8.145851430344032e-10
4.0,train_bus_ebike_mtv_ucb,berkeley_to_mtv_SF_express_bus/commuter_rail_with_tunnels_10,3474,1.2523900326900481,0.9981759191110962,0.033182456097736776,1.7810673251647526e+16,182595003699.81723,1872117.400724374,963.5195530522908,1.865577809024611e-10,7.999884506231548e-10
4.0,train_bus_ebike_mtv_ucb,berkeley_to_mtv_SF_express_bus/inner_suburb_downtown_walk_10,1179,1.0747560040646835,0.9973591431097055,0.04739680199328353,1.2702752363555026e+17,227896178743.49243,497842.1064123832,1.5000599414615143,4.509477669171133e-15,7.13358173776683e-10
4.0,train_bus_ebike_mtv_ucb,mtv_to_berkeley_sf_bart/walk_to_caltrain_11,965,1.094029028569406,0.8877146318594928,0.11557177266256972,1119120614.9451752,1119304.8470634343,1120.6581456638332,4.106894646040684,2.37345273063536e-06,7.066114844795951e-10
4.0,train_bus_ebike_mtv_ucb,mtv_to_berkeley_sf_bart/commuter_rail_aboveground_11,2641,1.191807419256405,0.9962415609760376,0.023195363669729192,1599777582428693.2,8009750967.05431,40169.421112455624,934.8591989291219,1.5427818353939046e-09,7.225986198398043e-10
4.0,train_bus_ebike_mtv_ucb,mtv_to_berkeley_sf_bart/subway_underground_11,3895,1.1895220355329692,1.085332462542908,0.09664521801291957,inf,inf,inf,33.33570640500551,0.0,8.022390272317053e-10
4.0,train_bus_ebike_mtv_ucb,mtv_to_berkeley_sf_bart/walk_to_bus_11,269,1.022172695978457,0.9453516609780523,0.14183119803183075,9646408726046.777,273686084.3657414,7764.969835167699,0.15124001725448363,2.114759444611602e-12,6.946654363854002e-10
4.0,train_bus_ebike_mtv_ucb,mtv_to_berkeley_sf_bart/city_bus_short_11,349,1.2942963962744682,0.9760714196151574,0.05124048530907301,66538641.184030905,136509.38237752637,847.1232369313883,397.0001300554518,0.0005665360186417135,5.848063484045086e-10
4.0,train_bus_ebike_mtv_ucb,walk_urban_university/walk_urban_university_11,898,1.082627071163376,0.9780524145311084,0.07073478979965904,70587255111083.77,471220851.52667797,3155.5302974837564,1.4559256698240977,1.852136488481398e-11,8.783406312073868e-10
4.0,train_bus_ebike_mtv_ucb,berkeley_to_mtv_SF_express_bus/walk to the bikeshare location_11,423,1.0893560635539665,0.9941146781438323,0.03502009673658396,inf,inf,inf,0.878556727012429,0.0,5.692611509058333e-10
4.0,train_bus_ebike_mtv_ucb,berkeley_to_mtv_SF_express_bus/ebike_bikeshare_urban_long_11,1572,1.1946581044930873,0.983964661084381,0.025038919231068126,inf,inf,inf,18.44505133048583,0.0,7.481166846026598e-10
4.0,train_bus_ebike_mtv_ucb,berkeley_to_mtv_SF_express_bus/express_bus_11,2600,1.1716686141905124,0.9871618954014979,0.015303431318898697,11526613159217.33,61162932.01101329,6464.396225653921,46.702843344550466,1.0224408212198651e-08,7.39791657760347e-10
4.0,train_bus_ebike_mtv_ucb,berkeley_to_mtv_SF_express_bus/walk_downtown_urban_canyon_11,620,1.0169665537221642,0.9025045103883471,0.0865034030893845,1644608142.9195306,773187.5136939029,585.9322439472121,0.9499877551355911,2.406703265859665e-07,8.02529976053429e-10
4.0,train_bus_ebike_mtv_ucb,berkeley_to_mtv_SF_express_bus/light_rail_below_above_ground_11,799,1.164821429029239,0.9778309072311654,0.025285277956956714,374852381.6568113,243761.02007991885,963.7081248541266,12.471686787639564,4.695965574765452e-06,8.145851430344032e-10
4.0,train_bus_ebike_mtv_ucb,berkeley_to_mtv_SF_express_bus/commuter_rail_with_tunnels_11,4175,1.2011570291671751,0.9947962781576758,0.023929258142581785,64124963555029.11,214040188.33138523,78222.67023571747,1016.9177256616797,5.8845855345955354e-08,7.999884506231548e-10
4.0,train_bus_ebike_mtv_ucb,berkeley_to_mtv_SF_express_bus/inner_suburb_downtown_walk_11,1255,1.069626844596422,0.9967567846870805,0.045073340034567914,3365509.1474166918,21185.264627570283,175.70889611007405,0.8155055817412201,0.0001577042347966415,7.13358173776683e-10
4.5,unimodal_trip_car_bike_mtv_la,suburb_city_driving_weekend/suburb_city_driving_weekend_0,817,1.098848383130938,0.9704378665054256,0.037970841603085406,1119740145.2349873,565703.3029303766,1634.3047158073439,34.28219090820844,9.981953389606458e-06,4.738408267387402e-10
4.5,unimodal_trip_car_bike_mtv_la,suburb_bicycling/suburb_bicycling_0,1270,1.090673815030576,0.9580621052560497,0.0635935772539801,121758679.56518167,67226.7337772309,457.41750016937294,9.530673872315031,5.87922562008857e-05,8.120676155485603e-10
4.5,unimodal_trip_car_bike_mtv_la,suburb_city_driving_weekend/suburb_city_driving_weekend_1,702,1.1204151607274049,0.9599372367654447,0.03271831294568626,138209884.1805783,213079.52687985243,1289.6309727271323,21.76923422672833,3.111588890726189e-05,4.738408267387402e-10
4.5,unimodal_trip_car_bike_mtv_la,suburb_bicycling/suburb_bicycling_1,1333,1.0865440468217906,0.9603284119928406,0.08203261450035328,1567907338.242376,183031.78728334059,273.13074728667056,8.88856296446278,7.3446813844861465e-06,8.120676155485603e-10
4.5,unimodal_trip_car_bike_mtv_la,suburb_city_driving_weekend/suburb_city_driving_weekend_2,709,1.1203633280456395,0.9425164510677856,0.05602136244408608,107268021676.16371,8081616.220231289,1542.1355858524587,38.3226475760979,2.466422815428375e-07,4.738408267387402e-10
4.5,unimodal_trip_car_bike_mtv_la,suburb_bicycling/suburb_bicycling_2,1266,1.0907908605848842,0.9492303790517057,0.05636993620780988,82657963.94858654,86112.1566023061,266.2690382334991,8.073355474119573,6.974083114535475e-05,8.120676155485603e-10
4.5,unimodal_trip_car_bike_mtv_la,suburb_city_driving_weekend/suburb_city_driving_weekend_3,853,1.096423610480842,0.9395717252729129,0.0635864874342824,1351939380.5659463,408878.97995606804,1301.6300982509192,41.782984234823935,2.0748914467920647e-05,4.738408267387402e-10
4.5,unimodal_trip_car_bike_mtv_la,suburb_bicycling/suburb_bicycling_3,1320,1.086322270184237,0.9517646181791964,0.06289308584813252,3985306.6679644776,19165.43636613541,214.31482730716326,5.901853674558534,0.0004174619376706284,8.120676155485603e-10
4.5,unimodal_trip_car_bike_mtv_la,suburb_city_driving_weekend/suburb_city_driving_weekend_4,773,1.1091294442919983,0.9641608177418172,0.04053360486693704,467353580253.9678,6173597.363247915,744.921476612451,15.42946474281551,2.550934100783032e-08,4.738408267387402e-10
4.5,unimodal_trip_car_bike_mtv_la,suburb_bicycling/suburb_bicycling_4,1285,1.088549737875304,0.9544168013472331,0.07158101997980529,1613644365.770075,333141.2756854585,618.2426850309922,9.57407843601411,3.897061993450933e-06,8.120676155485603e-10
4.5,unimodal_trip_car_bike_mtv_la,suburb_city_driving_weekend/suburb_city_driving_weekend_5,859,1.0962978341933842,0.947500146977833,0.04901716552205319,176585417979.22556,8799175.224972524,1190.6332135866214,17.42478884617497,8.412792919650817e-08,4.738408267387402e-10
4.5,unimodal_trip_car_bike_mtv_la,suburb_bicycling/suburb_bicycling_5,1297,1.087267374828877,0.9513382163949127,0.05629829668993864,188448635.37905622,136307.3325610934,263.67234599802475,8.036615201094133,2.3651329448889113e-05,8.120676155485603e-10
4.5,car_scooter_brex_san_jose,freeway_driving_weekday/freeway_driving_weekday_0,1976,1.1924318924647042,0.986200062546549,0.018891433605433754,37419912978.82268,8865266.567567185,8541.95710011262,406.26139791808146,5.172043500785747e-06,6.829429384774533e-10
4.5,car_scooter_brex_san_jose,bus trip with e-scooter access/city_escooter_0,1257,1.0417459760772478,0.9934683706131537,0.01802533834299065,4935907.724448558,43476.634445259006,502.0547502537558,6.605875227317612,0.000280808076611995,6.416257647001624e-10
4.5,car_scooter_brex_san_jose,bus trip with e-scooter access/city_bus_rapid_transit_0,2745,1.163389687407169,0.9947987035337477,0.017757948316097772,8488589296636.675,20234177.562983714,4347.933272225148,605.4737138873222,1.9278599712799698e-07,6.217521112241125e-10
4.5,car_scooter_brex_san_jose,bus trip with e-scooter access/walk_back_from_bus_0,681,1.0434291626958394,0.9258487644796837,0.07470599177756035,14149.278148730198,567.5493244519706,31.223425744851525,1.005722590030597,0.010664019063139723,1.0612213331756848e-09
4.5,car_scooter_brex_san_jose,freeway_driving_weekday/freeway_driving_weekday_1,2032,1.18607065311847,0.9989970414600045,0.02626011114855976,96294108862.41779,47822221.83424005,30830.947884751145,145.02180180563005,8.812228084824871e-07,6.829429384774533e-10
4.5,car_scooter_brex_san_jose,bus trip with e-scooter access/city_escooter_1,1236,1.0421526434890436,0.9896638012925421,0.021972043337679874,2230641144.4941573,2452248.3516314058,2699.7649082444364,8.868814843125282,4.866874809131876e-06,6.416257647001624e-10
4.5,car_scooter_brex_san_jose,bus trip with e-scooter access/city_bus_rapid_transit_1,2925,1.1515806544825775,0.9978401753925314,0.017029843354739588,208311507500.46085,8396581.646831073,11479.033376125986,620.9663810477127,3.818070618399074e-06,6.217521112241125e-10
4.5,car_scooter_brex_san_jose,bus trip with e-scooter access/walk_back_from_bus_1,640,1.0474594139929772,0.9271520992138511,0.06463661490948798,38091.55802196029,1114.4063409175146,45.87924241969028,0.5322444954284278,0.0013473062910655345,1.0612213331756848e-09
4.5,car_scooter_brex_san_jose,freeway_driving_weekday/freeway_driving_weekday_2,1749,1.2237778381016993,0.9871036262267631,0.015043579031537267,66810161371.815636,11218340.202315893,16758.635545865138,808.5075535463031,5.157215597000237e-06,6.829429384774533e-10
4.5,car_scooter_brex_san_jose,bus trip with e-scooter access/city_escooter_2,1290,1.0406209181335506,0.9928261488319278,0.0373827646181099,6197281254.395787,353139.4009685597,309.0273974170241,10.474386523134813,2.1590495057429753e-06,6.416257647001624e-10
4.5,car_scooter_brex_san_jose,bus trip with e-scooter access/city_bus_rapid_transit_2,2622,1.1715913850747546,0.9960526739191702,0.019981249980513142,18494387351567.406,189604456.44463024,6431.580338133334,818.3119784081158,1.147691360342375e-07,6.217521112241125e-10
4.5,car_scooter_brex_san_jose,bus trip with e-scooter access/walk_back_from_bus_2,620,1.0473522634796832,0.918369810165063,0.07964022460698637,524584.4026437964,4973.660022367422,122.83702766808042,1.0548423022735907,0.0003274491321846256,1.0612213331756848e-09
4.5,car_scooter_brex_san_jose,freeway_driving_weekday/freeway_driving_weekday_3,1937,1.1965186374991097,0.9871808062998835,0.024096421542996904,618669003291.676,48823221.12023171,6874.942172113815,325.7729173223715,7.486328929401702e-07,6.829429384774533e-10
4.5,car_scooter_brex_san_jose,bus trip with e-scooter access/city_escooter_3,1403,1.0364829551693713,0.9954817042194246,0.0598383384834845,8547288.944862805,63074.38666185559,608.4037884821764,11.725748435713285,0.00021032448405185786,6.416257647001624e-10
4.5,car_scooter_brex_san_jose,bus trip with e-scooter access/city_bus_rapid_transit_3,2456,1.18540429586999,0.9963241419622592,0.02113861871733805,301057383817.27966,19451772.408788953,4045.4117907798836,889.66860048086,4.378608435724617e-06,6.217521112241125e-10
4.5,car_scooter_brex_san_jose,bus trip with e-scooter access/walk_back_from_bus_3,648,1.0461283993757509,0.9351360110491609,0.06417141490468298,3320071.7379125636,22433.98190841253,258.0964325142359,0.805916350874217,4.523815884315561e-05,1.0612213331756848e-09
4.5,car_scooter_brex_san_jose,freeway_driving_weekday/freeway_driving_weekday_4,2006,1.1885208914580028,0.9820496388858354,0.031262306621350974,232693382649.28052,19140100.485485382,11219.461870678073,179.65681302828335,7.652602835242749e-07,6.829429384774533e-10
4.5,car_scooter_brex_san_jose,bus trip with e-scooter access/city_escooter_4,1310,1.039620183988995,0.9856522397300649,0.040870305267711717,448826894.6863434,246554.9611059299,461.304553668377,9.08423486351032,1.4988872120200033e-05,6.416257647001624e-10
4.5,car_scooter_brex_san_jose,bus trip with e-scooter access/city_bus_rapid_transit_4,2847,1.156450980254712,0.9961028589165372,0.01875892854616225,254614627223.29703,11655269.71055696,5340.2387757935885,1681.4699914887594,1.2265656820063523e-05,6.217521112241125e-10
4.5,car_scooter_brex_san_jose,bus trip with e-scooter access/walk_back_from_bus_4,654,1.0465069517457688,0.9285462791353418,0.07406069811001177,6882986.930416165,14702.303976571568,190.56305647435076,0.810181290656337,5.611696147152023e-05,1.0612213331756848e-09
4.5,car_scooter_brex_san_jose,freeway_driving_weekday/freeway_driving_weekday_5,1921,1.1980761773432484,0.9949643868411869,0.02323164437021143,105393536816.25002,8860742.135385547,12254.294359583393,841.0328982913892,7.018895063508869e-06,6.829429384774533e-10
4.5,car_scooter_brex_san_jose,bus trip with e-scooter access/city_escooter_5,1286,1.0397289596227934,0.9896033327212335,0.027488731897827325,4948506.45471568,41474.32712489086,458.3491300944851,9.253270444168653,0.00040842799724777703,6.416257647001624e-10
4.5,car_scooter_brex_san_jose,bus trip with e-scooter access/city_bus_rapid_transit_5,2555,1.1776030852712926,0.9968532201259499,0.014287804822384618,347748385253.78467,18820512.687526617,3304.1392286656405,765.3164353266922,3.5510079748541496e-06,6.217521112241125e-10
4.5,car_scooter_brex_san_jose,bus trip with e-scooter access/walk_back_from_bus_5,647,1.0451589920032545,0.9328751574247046,0.06540370915879391,2436754.839950074,7642.599334571938,97.22117347896956,0.8183964109939622,0.00013984814454074413,1.0612213331756848e-09
4.5,car_scooter_brex_san_jose,freeway_driving_weekday/freeway_driving_weekday_6,2002,1.1899229005519512,0.9837007065634099,0.016515881598445446,3.2808292856067113e+19,23466319688812.918,16784431.79602424,226.3755980180175,1.3813690736181965e-14,6.829429384774533e-10
4.5,car_scooter_brex_san_jose,bus trip with e-scooter access/city_escooter_6,1482,1.034046591113879,0.9945363014062999,0.031443888127733174,9.395438592090688e+16,134402827479.95076,192305.1101218063,12.401937201554777,1.956209080459999e-13,6.416257647001624e-10
4.5,car_scooter_brex_san_jose,bus trip with e-scooter access/city_bus_rapid_transit_6,2855,1.1552854821524332,0.9949674664927034,0.019684725790936847,185949667089.3258,6852129.571910813,3695.6023308310096,2013.727299031165,1.2574969594670008e-05,6.217521112241125e-10
4.5,car_scooter_brex_san_jose,bus trip with e-scooter access/walk_back_from_bus_6,625,1.048819175857893,0.9251638351262881,0.07160969519477683,inf,inf,inf,1.0605841774342004,0.0,1.0612213331756848e-09
4.5,train_bus_ebike_mtv_ucb,mtv_to_berkeley_sf_bart/walk_to_caltrain_0,1115,1.0798996314206475,0.9440053146817338,0.05199859096533307,527576.0084780358,3272.5527782386175,67.7592230389837,1.0158966064966684,0.0005097316764291316,7.066114844795951e-10
4.5,train_bus_ebike_mtv_ucb,mtv_to_berkeley_sf_bart/commuter_rail_aboveground_0,2927,1.1699103468304564,0.993164867622405,0.025430985749652874,inf,inf,inf,127.53502797446708,0.0,7.225986198398043e-10
4.5,train_bus_ebike_mtv_ucb,mtv_to_berkeley_sf_bart/subway_underground_0,3864,1.1795275206619795,0.988895522990642,0.02397526380222663,inf,inf,inf,28.09151640201224,0.0,8.022390272317053e-10
4.5,train_bus_ebike_mtv_ucb,mtv_to_berkeley_sf_bart/walk_to_bus_0,285,1.0072153442106522,0.9264951693462254,0.28509782557025504,3031580.5410992242,13203.378135580098,70.42308122972692,36.01257321177884,0.0015063217624466615,8.417568395528515e-10
4.5,train_bus_ebike_mtv_ucb,mtv_to_berkeley_sf_bart/city_bus_short_0,473,1.187725272612657,0.9730314314809463,0.10616764075140984,140380323.63141176,133014.49748820782,947.1936447838661,330.0704122991584,0.00047812188259223646,6.4425497260919e-10
4.5,train_bus_ebike_mtv_ucb,walk_urban_university/walk_urban_university_0,866,1.0852523030292662,0.9822504261264109,0.046653018374287814,1678383.4871841716,10355.120482617824,182.36746445472073,1.0514908197994062,0.0003205046603468066,8.783406312073868e-10
4.5,train_bus_ebike_mtv_ucb,berkeley_to_mtv_SF_express_bus/walk to the bikeshare location_0,305,1.063190908063734,0.927408814174471,0.044444322291711795,2467643.611453489,3014.0610043181996,37.009929544167015,0.8601588933536564,0.00010424664857642207,4.6000558237409036e-10
4.5,train_bus_ebike_mtv_ucb,berkeley_to_mtv_SF_express_bus/ebike_bikeshare_urban_long_0,1467,1.2122461443254104,0.9630693675492189,0.030956383135481234,160524771446.49033,3788945.2773087206,678.9977240962922,21.18735258979754,1.3941304203062908e-07,7.591327569011733e-10
4.5,train_bus_ebike_mtv_ucb,berkeley_to_mtv_SF_express_bus/express_bus_0,2751,1.1684156332095168,0.977906951153962,0.021330231334357568,240916046670.701,11691615.687706593,7710.110836820451,82.26326483709111,4.598290675115029e-07,6.769007973500341e-10
4.5,train_bus_ebike_mtv_ucb,berkeley_to_mtv_SF_express_bus/walk_downtown_urban_canyon_0,639,1.0228416010453756,0.8355014736260677,0.17281441105702655,867524.4275364814,7635.3742594993255,109.47784455133043,2.3819162213011387,0.00036020259513443084,1.060580868851958e-09
4.5,train_bus_ebike_mtv_ucb,berkeley_to_mtv_SF_express_bus/light_rail_below_above_ground_0,834,1.1584694695622915,0.9779776797423717,0.03022767908002003,1411427684692.586,105067519.43558516,88401.10327536888,21.8521461903687,2.1689715135730547e-09,8.145851430344032e-10
4.5,train_bus_ebike_mtv_ucb,berkeley_to_mtv_SF_express_bus/commuter_rail_with_tunnels_0,4775,1.1718853165149357,0.9975251749892808,0.020461349341291173,9.614858702552496e+20,229236094954630.75,54654433.705386944,784.6241643143558,3.896656001254456e-15,7.999884506231548e-10
4.5,train_bus_ebike_mtv_ucb,berkeley_to_mtv_SF_express_bus/inner_suburb_downtown_walk_0,1201,1.0739265613728732,0.99367240547913,0.042707927940921986,3605026.6052533183,17900.084643682778,210.2223923362591,0.830230050885743,0.00010898323424304706,7.13358173776683e-10
4.5,train_bus_ebike_mtv_ucb,mtv_to_berkeley_sf_bart/walk_to_caltrain_1,1012,1.0885996728621061,0.9380033564288238,0.05432166767994545,1211369.219886457,7965.780735945248,183.6920548620151,1.3509829206847825,0.00017572697803543906,7.066114844795951e-10
4.5,train_bus_ebike_mtv_ucb,mtv_to_berkeley_sf_bart/commuter_rail_aboveground_1,2709,1.1851406281220844,0.9918147314604367,0.025140724736796523,849345328922705.2,5077751172.780911,775570.89893373,119.87465332070282,1.2498516572487292e-10,7.225986198398043e-10
4.5,train_bus_ebike_mtv_ucb,mtv_to_berkeley_sf_bart/subway_underground_1,3887,1.1905516105002931,0.9677624055158122,0.018913646648264625,inf,inf,inf,43.030056195313605,0.0,8.022390272317053e-10
4.5,train_bus_ebike_mtv_ucb,mtv_to_berkeley_sf_bart/walk_to_bus_1,215,1.004735401206298,0.911562966245256,0.22091537710977163,9551.569500798605,305.31808980285723,15.530405750376374,1.6220896610990907,0.004882859515876,8.417568395528515e-10
4.5,train_bus_ebike_mtv_ucb,mtv_to_berkeley_sf_bart/city_bus_short_1,535,1.1655471854371682,0.986356727222503,0.06699019951039784,284709768.2810585,341564.26663423056,638.7877407062397,235.5155957980207,0.00023742177072709402,6.4425497260919e-10
4.5,train_bus_ebike_mtv_ucb,walk_urban_university/walk_urban_university_1,888,1.0837592209826854,0.981547599581547,0.05206912474533946,2052701.8213347087,4652.676153821569,67.41217188580299,0.9801656544296653,0.00027675958675386767,8.783406312073868e-10
4.5,train_bus_ebike_mtv_ucb,berkeley_to_mtv_SF_express_bus/walk to the bikeshare location_1,219,1.0886989909077598,0.9122379216984541,0.07705307575992829,2089937.7866135992,12491.060734059383,154.7510963392786,0.9563860122813228,1.2912749018810303e-05,4.6000558237409036e-10
4.5,train_bus_ebike_mtv_ucb,berkeley_to_mtv_SF_express_bus/ebike_bikeshare_urban_long_1,1446,1.2156335333163455,0.9847222980441585,0.02942364450153387,10133242888.63694,915700.6252501234,713.5889351102676,20.49082563866107,1.6258418220671977e-06,7.591327569011733e-10
4.5,train_bus_ebike_mtv_ucb,berkeley_to_mtv_SF_express_bus/express_bus_1,2788,1.1667078001059064,0.9678664557377854,0.032367001965983716,107148499791606.64,153403104.2074256,6015.768076615897,127.80134374219459,3.305105148836171e-09,6.822293654972005e-10
4.5,train_bus_ebike_mtv_ucb,berkeley_to_mtv_SF_express_bus/walk_downtown_urban_canyon_1,616,1.015901936064148,0.8358488738053358,0.15143405995649456,7189619.415788258,6401.4992373672185,91.58324377218229,2.5352791504907883,0.0001413803842315979,1.060580868851958e-09
4.5,train_bus_ebike_mtv_ucb,berkeley_to_mtv_SF_express_bus/light_rail_below_above_ground_1,869,1.1473698556097034,0.9786147142095377,0.019144819487237057,300603347366.524,9840340.086967288,17110.882341933542,23.475699114155713,4.6223538006745435e-08,8.145851430344032e-10
4.5,train_bus_ebike_mtv_ucb,berkeley_to_mtv_SF_express_bus/commuter_rail_with_tunnels_1,4797,1.1709937918704554,0.9974629494858669,0.018591093251114004,139393573679385.86,984256979.1428996,414388.1973112741,112.02818631884982,1.943814114873313e-09,7.999884506231548e-10
4.5,train_bus_ebike_mtv_ucb,berkeley_to_mtv_SF_express_bus/inner_suburb_downtown_walk_1,1188,1.0741179542130046,0.990482093698399,0.033000782960773314,81117420703305.48,1740590515.159235,37349.10261272871,0.6358966091582783,9.299373248137824e-12,7.13358173776683e-10
4.5,train_bus_ebike_mtv_ucb,mtv_to_berkeley_sf_bart/walk_to_caltrain_2,874,1.1060416088779463,0.946898082048759,0.05662675466418566,566154.7550776904,4732.240104133105,85.66193708873337,1.557863676744725,0.0003891774893355399,7.066114844795951e-10
4.5,train_bus_ebike_mtv_ucb,mtv_to_berkeley_sf_bart/commuter_rail_aboveground_2,2829,1.1762425625760404,0.9907434174084581,0.026235091072138252,8.967927049753827e+16,491767698932.8214,2696822.577938112,245.66405831989275,7.722574347599244e-12,7.225986198398043e-10
4.5,train_bus_ebike_mtv_ucb,mtv_to_berkeley_sf_bart/subway_underground_2,3860,1.192435790475897,0.995862589307177,0.02256133161659185,inf,inf,inf,69.63139027851581,0.0,8.022390272317053e-10
4.5,train_bus_ebike_mtv_ucb,mtv_to_berkeley_sf_bart/walk_to_bus_2,223,1.010808397537759,0.9157830282006431,0.18205657853775287,4943.018533873749,192.72344725356484,13.987958644498491,1.290245883796257,0.0077079225969329465,8.417568395528515e-10
4.5,train_bus_ebike_mtv_ucb,mtv_to_berkeley_sf_bart/city_bus_short_2,499,1.1780228118129996,0.9702653462100235,0.06365285676494548,853255285.2546633,544783.7807859502,1023.9862201092723,448.83724454330536,0.00016302777528734327,6.4425497260919e-10
4.5,train_bus_ebike_mtv_ucb,walk_urban_university/walk_urban_university_2,780,1.096962151039883,0.9812923991353352,0.04234880136047729,44086847.011254266,28498.845774259473,33.15496090882241,1.1819508657024442,2.016362713445904e-05,8.783406312073868e-10
4.5,train_bus_ebike_mtv_ucb,berkeley_to_mtv_SF_express_bus/walk to the bikeshare location_2,1403,1.013147647205879,0.591192257555267,0.40705182819589136,8287299421.669009,2633795.511588537,1133.627471921296,67.96223536766014,4.32186849074325e-06,4.6000558237409036e-10
4.5,train_bus_ebike_mtv_ucb,berkeley_to_mtv_SF_express_bus/ebike_bikeshare_urban_long_2,1543,1.2001097191915584,0.9721646253185371,0.03169398136600144,5124860406.780509,1408819.738920489,898.6647259542234,31.33214071299119,7.598258971117956e-06,7.591327569011733e-10
4.5,train_bus_ebike_mtv_ucb,berkeley_to_mtv_SF_express_bus/express_bus_2,2365,1.202236324410241,0.9720832639625991,0.02808640945304748,2460571916087971.5,586644157.3831019,4973.690257575457,396.8417417757943,3.775384981181468e-10,6.769007973500341e-10
4.5,train_bus_ebike_mtv_ucb,berkeley_to_mtv_SF_express_bus/walk_downtown_urban_canyon_2,564,1.0181713692785077,0.8545725373056228,0.14600350730562878,2098387.8385201506,11545.015747846905,145.3680179254195,2.6043010392190675,0.00022582767359106124,1.060580868851958e-09
4.5,train_bus_ebike_mtv_ucb,berkeley_to_mtv_SF_express_bus/light_rail_below_above_ground_2,1218,1.1034479510048696,0.9474091621765928,0.08354832776260727,52765137083.490715,1751797.54411385,1904.93456949164,60.810674703095515,1.3017861737256314e-06,8.145851430344032e-10
4.5,train_bus_ebike_mtv_ucb,berkeley_to_mtv_SF_express_bus/commuter_rail_with_tunnels_2,4793,1.1702608973273092,0.9958814879255747,0.03211729887136495,1.6328576328734122e+17,700746475408.0175,3007422.636911625,885.0630004507252,2.269930233210454e-11,7.999884506231548e-10
4.5,train_bus_ebike_mtv_ucb,berkeley_to_mtv_SF_express_bus/inner_suburb_downtown_walk_2,1193,1.074424960602365,0.999225053415692,0.04795684699060184,146161923.8794963,33448.91457116558,256.1829393361409,0.849157160469329,4.622367645999477e-06,7.13358173776683e-10
4.5,train_bus_ebike_mtv_ucb,mtv_to_berkeley_sf_bart/walk_to_caltrain_3,949,1.0954065836165017,0.9251042425464698,0.0760483244219671,410686259068390.5,3894424587.568162,78925.09860338365,2.139835680256882,3.3153297529708697e-12,7.066114844795951e-10
4.5,train_bus_ebike_mtv_ucb,mtv_to_berkeley_sf_bart/commuter_rail_aboveground_3,2639,1.1913622084675586,0.9955419539170262,0.02256989415285152,4.100818997390432e+16,54153800373.05094,1273856.2978928245,193.15538959649749,4.633485407713102e-12,7.225986198398043e-10
4.5,train_bus_ebike_mtv_ucb,mtv_to_berkeley_sf_bart/subway_underground_3,3868,1.1899452839988747,0.9952886641065797,0.025328488296881092,inf,inf,inf,60.115430511657394,0.0,8.022390272317053e-10
4.5,train_bus_ebike_mtv_ucb,mtv_to_berkeley_sf_bart/walk_to_bus_3,309,1.0195085540598094,0.9698029455469791,0.2982525696149414,2.144738404225294e+18,1022690966160.2357,487666.9499873831,20.685784955846554,1.4900937685616128e-15,8.417568395528515e-10
4.5,train_bus_ebike_mtv_ucb,mtv_to_berkeley_sf_bart/city_bus_short_3,378,1.2526017169820336,0.9576853108313415,0.03378377185277651,140498129.27514905,127789.77460634886,834.547864866456,293.6449924638664,0.00028714946852063445,6.4425497260919e-10
4.5,train_bus_ebike_mtv_ucb,walk_urban_university/walk_urban_university_3,797,1.0942109175206816,0.9787254386599297,0.03862147976113899,2258005918104.9556,160428214.39659828,11398.762937748255,1.8775417187006873,6.621210841599843e-10,8.783406312073868e-10
4.5,train_bus_ebike_mtv_ucb,berkeley_to_mtv_SF_express_bus/walk to the bikeshare location_3,519,1.0708071431547226,0.978993470273305,0.03700601124372408,3601160865.885406,1234631.5184776068,512.2714147175191,1.040341920615747,1.403233829171177e-07,5.692611509058333e-10
4.5,train_bus_ebike_mtv_ucb,berkeley_to_mtv_SF_express_bus/ebike_bikeshare_urban_long_3,1586,1.1937928502189994,0.9822915822241656,0.027664793957965592,2850425792.765307,251356.61549390704,363.07308318808356,14.654369739187336,7.532658394999451e-06,7.481166846026598e-10
4.5,train_bus_ebike_mtv_ucb,berkeley_to_mtv_SF_express_bus/express_bus_3,2741,1.1612161764189428,0.9847850378450863,0.01653846714670279,35052106016.791756,5417008.076007704,3827.64936361895,41.05023571588068,1.2395837516426604e-06,7.342253319793175e-10
4.5,train_bus_ebike_mtv_ucb,berkeley_to_mtv_SF_express_bus/walk_downtown_urban_canyon_3,785,1.0121577735661518,0.8834830251704772,0.10708819835377698,inf,inf,inf,18.728940156359084,0.0,8.02529976053429e-10
4.5,train_bus_ebike_mtv_ucb,berkeley_to_mtv_SF_express_bus/light_rail_below_above_ground_3,930,1.140471929943614,0.9856129629220856,0.028287174817367713,5723889035355574.0,6885588459.248999,186367.11609263963,18.461785835928183,2.6761670933511217e-12,8.145851430344032e-10
4.5,train_bus_ebike_mtv_ucb,berkeley_to_mtv_SF_express_bus/commuter_rail_with_tunnels_3,3579,1.2425810516383924,0.9968581645488342,0.02751475825337328,71749770361466.16,1043487563.4892898,213503.1803795226,349.7188257744613,6.31341246826541e-09,7.999884506231548e-10
4.5,train_bus_ebike_mtv_ucb,berkeley_to_mtv_SF_express_bus/inner_suburb_downtown_walk_3,1186,1.074666833186685,0.995566267538603,0.040089005735421374,1888704789.3545876,740770.7893262185,295.1272354205223,1.0561573659488792,6.53124645847171e-07,7.13358173776683e-10
4.5,train_bus_ebike_mtv_ucb,mtv_to_berkeley_sf_bart/walk_to_caltrain_4,960,1.0936529756486262,0.9375728753421814,0.0635910813660086,1.039738082210678e+19,4957857525186.422,2364128.907404039,1.89371258954823,1.74848229813145e-16,7.066114844795951e-10
4.5,train_bus_ebike_mtv_ucb,mtv_to_berkeley_sf_bart/commuter_rail_aboveground_4,2716,1.184768680053126,0.99373213239174,0.03220740699512598,2.41267500767062e+19,4697631175301.504,6490031.699794815,335.47323065692706,3.632488562714435e-14,7.225986198398043e-10
4.5,train_bus_ebike_mtv_ucb,mtv_to_berkeley_sf_bart/subway_underground_4,3882,1.1899937289785,1.0361508766422767,0.05147196933534706,inf,inf,inf,17.55667621456972,0.0,8.022390272317053e-10
4.5,train_bus_ebike_mtv_ucb,mtv_to_berkeley_sf_bart/walk_to_bus_4,318,1.017214138932621,0.9846260329363267,0.30769199406709735,87142519338649.48,1059596200.4714471,25546.208877863013,16.282279108936496,3.817902719040032e-11,8.417568395528515e-10
4.5,train_bus_ebike_mtv_ucb,mtv_to_berkeley_sf_bart/city_bus_short_4,344,1.2802506440922412,0.9687030377598119,0.04669678819701303,42160369.36942069,64034.92974459132,649.791930916281,59.82387074120476,0.00015767404659573889,6.4425497260919e-10
4.5,train_bus_ebike_mtv_ucb,walk_urban_university/walk_urban_university_4,797,1.0943910708015385,0.9762471943418328,0.0498789238929212,171974381396952.47,1353062360.5021343,18004.16097828759,2.2360968578536586,9.192562584049422e-12,8.783406312073868e-10
4.5,train_bus_ebike_mtv_ucb,berkeley_to_mtv_SF_express_bus/walk to the bikeshare location_4,423,1.081873462146632,0.9757339130025251,0.03252413397510759,141293333.95320213,31502.218990385096,57.96645655927732,1.5725297817255173,4.6970400787224895e-06,5.692611509058333e-10
4.5,train_bus_ebike_mtv_ucb,berkeley_to_mtv_SF_express_bus/ebike_bikeshare_urban_long_4,1297,1.2473953722311308,0.9896004625907594,0.026306103137409238,1184327935.2193735,690123.6195144085,847.8045626383232,23.313847429526522,1.5487571625174586e-05,7.481166846026598e-10
4.5,train_bus_ebike_mtv_ucb,berkeley_to_mtv_SF_express_bus/express_bus_4,2768,1.1595518300253291,0.974824720477695,0.022451036618674154,44780511492.07574,9003792.694218282,5209.622224890267,39.861689685557394,6.281868139598061e-07,7.342253319793175e-10
4.5,train_bus_ebike_mtv_ucb,berkeley_to_mtv_SF_express_bus/walk_downtown_urban_canyon_4,687,1.0155550644716347,0.8684921572252344,0.12345721432358511,4.9410265156301224e+16,94237841214.06476,303334.03221209376,11.807248661271222,7.341046149314809e-14,8.02529976053429e-10
4.5,train_bus_ebike_mtv_ucb,berkeley_to_mtv_SF_express_bus/light_rail_below_above_ground_4,978,1.1316995244750658,0.9762004634048554,0.03359859535054676,2.085992467031601e+16,24866972505.86797,379555.2020998466,38.937014659377944,1.029621420110186e-12,8.145851430344032e-10
4.5,train_bus_ebike_mtv_ucb,berkeley_to_mtv_SF_express_bus/commuter_rail_with_tunnels_4,4839,1.1691312469162367,0.9968915805502455,0.03569284342887911,57352606641602.38,82288995.3656966,14970.971110510656,928.1572680021457,7.645017605576154e-08,7.999884506231548e-10
4.5,train_bus_ebike_mtv_ucb,berkeley_to_mtv_SF_express_bus/inner_suburb_downtown_walk_4,1081,1.0827986868850388,0.9966226283700512,0.04725599698187916,1777300607.6124265,1811263.2465996575,3080.995480996913,1.231749006195384,3.0351995989379067e-07,7.13358173776683e-10
4.5,train_bus_ebike_mtv_ucb,mtv_to_berkeley_sf_bart/walk_to_caltrain_5,953,1.0955377151487455,0.948691439731781,0.05766051792859775,3.89214665437874e+17,251994435383.24158,1012415.5558300182,2.358314711617171,1.897395974262471e-15,7.066114844795951e-10
4.5,train_bus_ebike_mtv_ucb,mtv_to_berkeley_sf_bart/commuter_rail_aboveground_5,2913,1.1698908683633351,0.9963953555114579,0.03398391860120614,4.9219859134917706e+20,117349322355550.31,55956485.3754734,582.1978986001444,2.2799525692709086e-15,7.225986198398043e-10
4.5,train_bus_ebike_mtv_ucb,mtv_to_berkeley_sf_bart/subway_underground_5,3900,1.1853006964856805,0.9954414281855775,0.024840442430267267,inf,inf,inf,11.959695310317905,0.0,8.022390272317053e-10
4.5,train_bus_ebike_mtv_ucb,mtv_to_berkeley_sf_bart/walk_to_bus_5,304,0.981224067490317,0.8824163210476238,0.27570118447698505,688262112.899375,480147.0370445035,517.6009395383699,10.592391227159982,2.5330695449599183e-06,8.417568395528515e-10
4.5,train_bus_ebike_mtv_ucb,mtv_to_berkeley_sf_bart/city_bus_short_5,309,1.3267780084595318,0.9682903930443685,0.040695809414695146,30242241473.895466,8024642.390151613,10656.159174313543,38.414236379190775,1.9818741967485729e-07,6.4425497260919e-10
4.5,train_bus_ebike_mtv_ucb,walk_urban_university/walk_urban_university_5,826,1.0912703168849494,0.9421291304192584,0.04199304766873166,50904159449.739204,12488381.589853128,3064.1061564907886,1.9812305862898805,2.008232136084022e-08,8.783406312073868e-10
4.5,train_bus_ebike_mtv_ucb,berkeley_to_mtv_SF_express_bus/walk to the bikeshare location_5,356,1.1082698172397754,0.9969791596642373,0.0451292687709474,5783.810723081364,371.39291652448264,28.271788865060433,1.0790333072360427,0.043133504942910926,5.692611509058333e-10
4.5,train_bus_ebike_mtv_ucb,berkeley_to_mtv_SF_express_bus/ebike_bikeshare_urban_long_5,1414,1.2221166437991446,0.9450685497599555,0.05051760034366362,216095137465.2246,5976464.593526521,576.9903035733963,32.847008511789,1.5703406902207012e-07,7.481166846026598e-10
4.5,train_bus_ebike_mtv_ucb,berkeley_to_mtv_SF_express_bus/express_bus_5,2381,1.1901073489375285,0.9672676801054748,0.03130540069734831,90984837205358.64,108801872.53187199,11740.213929776206,601.5733189669837,1.570314807249878e-08,7.342253319793175e-10
4.5,train_bus_ebike_mtv_ucb,berkeley_to_mtv_SF_express_bus/walk_downtown_urban_canyon_5,652,1.0130380518125965,0.8750665686823356,0.12045097149005453,2.4616508838155915e+19,5417569012921.58,1937473.641026072,6.291480589607033,8.55117626770741e-17,8.02529976053429e-10
4.5,train_bus_ebike_mtv_ucb,berkeley_to_mtv_SF_express_bus/light_rail_below_above_ground_5,799,1.1549854912682338,0.9736099643277499,0.021941972004401105,737039050.9289128,405718.9601121262,1080.9062600788811,14.537915430762764,5.8426331887871234e-06,8.145851430344032e-10
4.5,train_bus_ebike_mtv_ucb,berkeley_to_mtv_SF_express_bus/commuter_rail_with_tunnels_5,4252,1.1966217433545243,0.9952035473921623,0.023393470716261078,2051066633807.1162,66197514.216130994,30027.968439803804,608.6054715619065,7.673985668962718e-07,7.999884506231548e-10
4.5,train_bus_ebike_mtv_ucb,berkeley_to_mtv_SF_express_bus/inner_suburb_downtown_walk_5,1063,1.0837897723786443,0.9964671672294578,0.04957560671084387,618631502.0341696,812622.3333215876,1075.589700838115,1.0630058883812672,1.8164501798215797e-06,7.13358173776683e-10
4.5,train_bus_ebike_mtv_ucb,mtv_to_berkeley_sf_bart/walk_to_caltrain_6,945,1.0943668186564532,0.9533324018334306,0.0473920853901737,783388175675.4169,88344279.43169256,9966.908708835308,2.02876289906658,2.4457070715458345e-09,7.066114844795951e-10
4.5,train_bus_ebike_mtv_ucb,mtv_to_berkeley_sf_bart/commuter_rail_aboveground_6,2859,1.174898475263851,0.9968861495782776,0.03147638182223582,299919474588.5014,28430317.505191967,26898.64961929429,1932.8988315987006,3.5699830827930926e-06,7.225986198398043e-10
4.5,train_bus_ebike_mtv_ucb,mtv_to_berkeley_sf_bart/subway_underground_6,3901,1.1888153695217625,0.9968819785285314,0.013672434863613886,2.000844626478409e+16,10394049611.087158,781346.9986666271,61.846021745688006,1.0770561157594627e-11,8.022390272317053e-10
4.5,train_bus_ebike_mtv_ucb,mtv_to_berkeley_sf_bart/walk_to_bus_6,292,1.0112037324657515,0.9349428917605862,0.26201656018294917,119108673.08389446,151447.49301654325,371.1409342634205,6.414940300318439,6.108780996384387e-06,8.417568395528515e-10
4.5,train_bus_ebike_mtv_ucb,mtv_to_berkeley_sf_bart/city_bus_short_6,366,1.1933310208133237,0.9748670505957341,0.03749487842903497,51378188.94601195,114440.90760323666,961.3971771728978,367.01831941114904,0.0004616413953895212,6.922048303980974e-10
4.5,train_bus_ebike_mtv_ucb,walk_urban_university/walk_urban_university_6,824,1.0908826258836604,0.9686730031358627,0.05581959299160821,5815261849.69637,1041256.6610463636,637.0974388393374,1.6683372812232553,1.9951465322594446e-07,8.783406312073868e-10
4.5,train_bus_ebike_mtv_ucb,berkeley_to_mtv_SF_express_bus/walk to the bikeshare location_6,431,1.0867783565118991,0.9949695450921687,0.043820040544197504,12246020332.315022,1261935.0982150596,850.6650363139482,1.173351754024851,4.08197335799403e-08,5.692611509058333e-10
4.5,train_bus_ebike_mtv_ucb,berkeley_to_mtv_SF_express_bus/ebike_bikeshare_urban_long_6,1513,1.205552394831096,0.975957340903005,0.02928205105852851,1815763036.6351955,563651.8195760206,574.6344832643139,19.41071529470459,1.0588211320366609e-05,7.481166846026598e-10
4.5,train_bus_ebike_mtv_ucb,berkeley_to_mtv_SF_express_bus/express_bus_6,2422,1.186775116729081,0.9642763592661338,0.06095364171347692,1041940725678.7263,58626654.009249,11034.620176927076,1680.0366323872067,1.715546355096508e-06,7.342253319793175e-10
4.5,train_bus_ebike_mtv_ucb,berkeley_to_mtv_SF_express_bus/walk_downtown_urban_canyon_6,666,1.0171660376133402,0.8978556490872653,0.112191760437213,inf,inf,inf,1.8288225743199804,0.0,8.02529976053429e-10
4.5,train_bus_ebike_mtv_ucb,berkeley_to_mtv_SF_express_bus/light_rail_below_above_ground_6,941,1.1402625530901338,0.9886624811705397,0.023775988287386324,152086408.3890417,154155.42148260504,755.6390803283944,14.647323120188384,2.8708937496036663e-05,8.145851430344032e-10
4.5,train_bus_ebike_mtv_ucb,berkeley_to_mtv_SF_express_bus/commuter_rail_with_tunnels_6,4217,1.1988857076704018,0.9971460732473327,0.02131427576406087,6.60824943612259e+16,57793314047.784424,697399.4005053737,459.9047281115766,2.4292858539098656e-11,7.999884506231548e-10
4.5,train_bus_ebike_mtv_ucb,berkeley_to_mtv_SF_express_bus/inner_suburb_downtown_walk_6,1188,1.0738826255310765,0.9944354075597653,0.0369655173128416,29109154.542715646,67629.20218454055,285.02563132820313,1.0019867078440732,2.3234170202204454e-05,7.13358173776683e-10
4.5,train_bus_ebike_mtv_ucb,mtv_to_berkeley_sf_bart/walk_to_caltrain_7,1068,1.0828504778722483,0.9144346069517335,0.08412942238468778,212295686.83406672,390003.1015375756,723.4862051324998,2.3450023508941653,6.267178101649036e-06,7.066114844795951e-10
4.5,train_bus_ebike_mtv_ucb,mtv_to_berkeley_sf_bart/commuter_rail_aboveground_7,2786,1.1797285620215774,0.9958049622479955,0.023013108548587905,46771631929343.71,345688007.8141834,20260.073213292955,1199.4701896372585,6.848595450501097e-08,7.225986198398043e-10
4.5,train_bus_ebike_mtv_ucb,mtv_to_berkeley_sf_bart/subway_underground_7,3898,1.1883839249300352,0.9962726286343799,0.013851969456934218,4.25375642245464e+19,10141745276873.73,16188329.627351746,43.31295279349875,5.145404189532302e-16,8.022390272317053e-10
4.5,train_bus_ebike_mtv_ucb,mtv_to_berkeley_sf_bart/walk_to_bus_7,295,1.0189141518045253,0.9506474755933385,0.2026652887984496,2.249424411942116e+18,1072609144768.5773,511472.0912014235,1.944546040268264,2.396743477343393e-16,8.417568395528515e-10
4.5,train_bus_ebike_mtv_ucb,mtv_to_berkeley_sf_bart/city_bus_short_7,304,1.2541401479273258,0.9624065124587604,0.05147760548891027,738891106.272699,376460.6804016802,1012.592828637038,341.16216883552204,9.887819373261365e-05,6.922048303980974e-10
4.5,train_bus_ebike_mtv_ucb,walk_urban_university/walk_urban_university_7,851,1.0885569421297292,0.9814432184020677,0.06501493216222028,4540879.082349606,24636.03629937552,134.5076234343181,2.148849278924462,0.00019730860054827435,8.783406312073868e-10
4.5,train_bus_ebike_mtv_ucb,berkeley_to_mtv_SF_express_bus/walk to the bikeshare location_7,442,1.087033213507231,0.9635872202208832,0.027801653371958085,406114.66510391096,5331.492704080898,70.83544347991793,1.8614529504080841,0.001684220547737372,5.692611509058333e-10
4.5,train_bus_ebike_mtv_ucb,berkeley_to_mtv_SF_express_bus/ebike_bikeshare_urban_long_7,1343,1.2367271889777305,0.9874880955559338,0.024172624599621023,2278193849.425282,530686.4344253165,569.5974369334764,22.41436615964583,9.997407950809384e-06,7.481166846026598e-10
4.5,train_bus_ebike_mtv_ucb,berkeley_to_mtv_SF_express_bus/express_bus_7,2349,1.1936553641922936,0.9806114499367824,0.026682719669457337,47705888316.10015,10816680.177651644,7604.713703353696,60.74363966189167,1.2777203331287516e-06,7.39791657760347e-10
4.5,train_bus_ebike_mtv_ucb,berkeley_to_mtv_SF_express_bus/walk_downtown_urban_canyon_7,659,1.0180392949626504,0.8989744662110202,0.10057471936648243,3.3587523198623584e+19,8007889556935.811,1909243.8055562128,2.472733724053073,2.417907934234626e-17,8.02529976053429e-10
4.5,train_bus_ebike_mtv_ucb,berkeley_to_mtv_SF_express_bus/light_rail_below_above_ground_7,885,1.1425299957631614,0.9820353397242455,0.043248185300691515,200130117530.0886,29649160.890774246,10790.530631493573,20.25334661086014,3.631015971136526e-08,8.145851430344032e-10
4.5,train_bus_ebike_mtv_ucb,berkeley_to_mtv_SF_express_bus/commuter_rail_with_tunnels_7,3506,1.249000021152574,0.9924621779371767,0.025841138505794822,1741281164915.6619,61442812.08741109,19201.24831722181,601.3271450964271,6.173298466241472e-07,7.999884506231548e-10
4.5,train_bus_ebike_mtv_ucb,berkeley_to_mtv_SF_express_bus/inner_suburb_downtown_walk_7,1183,1.0749632752668052,0.9963359381452505,0.0496984324593118,38223432.67830953,108870.15598446559,475.0638191317199,0.9949165121518615,1.5441424218411006e-05,7.13358173776683e-10
4.5,train_bus_ebike_mtv_ucb,mtv_to_berkeley_sf_bart/walk_to_caltrain_8,930,1.0969774543749897,0.9268472670533244,0.07343104026647336,8813655579.32152,4406508.084896633,2204.3107895481576,1.6491748823963581,1.7280066587236282e-07,7.066114844795951e-10
4.5,train_bus_ebike_mtv_ucb,mtv_to_berkeley_sf_bart/commuter_rail_aboveground_8,2857,1.1743145902344905,0.9948999944135437,0.04147498563103632,273069894748.46628,22963493.39275743,19848.404769003744,2034.246949353024,6.531174273486398e-06,7.225986198398043e-10
4.5,train_bus_ebike_mtv_ucb,mtv_to_berkeley_sf_bart/subway_underground_8,3959,1.1866120443423807,0.9942838859793917,0.021983477945364847,inf,inf,inf,42.674617376692865,0.0,8.022390272317053e-10
4.5,train_bus_ebike_mtv_ucb,mtv_to_berkeley_sf_bart/walk_to_bus_8,310,1.0141673616511007,0.9858767349816652,0.19082635585206087,569941.7300550182,4167.843430889083,64.62580452563476,0.3181385000586626,3.915260930700728e-05,8.417568395528515e-10
4.5,train_bus_ebike_mtv_ucb,mtv_to_berkeley_sf_bart/city_bus_short_8,301,1.253930808086201,0.9634151161627574,0.042273572876940925,480675989.5580266,205770.102382349,811.8734737206947,57.144244547563275,1.8456315042146956e-05,6.922048303980974e-10
4.5,train_bus_ebike_mtv_ucb,walk_urban_university/walk_urban_university_8,875,1.0849693539532443,0.9809342046091587,0.049195743986624664,77034766.36761668,160948.20642037658,759.4878306878251,1.2100930194572508,6.16667844343131e-06,8.783406312073868e-10
4.5,train_bus_ebike_mtv_ucb,berkeley_to_mtv_SF_express_bus/walk to the bikeshare location_8,408,1.09519981998664,0.9975105393995395,0.041615244257370544,2419.0142921660677,176.15459732581965,14.157385236474745,1.3166901728334577,0.08854976957473905,5.692611509058333e-10
4.5,train_bus_ebike_mtv_ucb,berkeley_to_mtv_SF_express_bus/ebike_bikeshare_urban_long_8,1518,1.2048345218974925,0.9714045497468168,0.029565271545696603,3580415656.7547364,509631.7873493966,423.3020956680022,20.558359193694184,4.716911813900036e-06,7.481166846026598e-10
4.5,train_bus_ebike_mtv_ucb,berkeley_to_mtv_SF_express_bus/express_bus_8,2592,1.1717501324029564,0.9801209804124913,0.021698890389093402,313623167462.4791,55309549.402055666,20111.596856573797,40.292784880708965,2.0330084969912187e-07,7.39791657760347e-10
4.5,train_bus_ebike_mtv_ucb,berkeley_to_mtv_SF_express_bus/walk_downtown_urban_canyon_8,600,1.016174717026029,0.8701053583097167,0.12569012297077664,27205886866.346684,7137413.535307858,2955.188126171917,14.394169621788045,1.056513184218447e-07,8.02529976053429e-10
4.5,train_bus_ebike_mtv_ucb,berkeley_to_mtv_SF_express_bus/light_rail_below_above_ground_8,778,1.163861941862176,0.9731012916906788,0.025805419022809438,10986739987.130009,794953.9048659392,1729.7658422884172,16.375976358346183,9.884859227650917e-07,8.145851430344032e-10
4.5,train_bus_ebike_mtv_ucb,berkeley_to_mtv_SF_express_bus/commuter_rail_with_tunnels_8,3844,1.2228946151617601,0.9960682839241618,0.019691146825154427,202948530900961.34,822573938.7346503,21772.075308828847,633.9774206891111,1.0336948965807578e-08,7.999884506231548e-10
4.5,train_bus_ebike_mtv_ucb,berkeley_to_mtv_SF_express_bus/inner_suburb_downtown_walk_8,1209,1.0728011476574286,0.983281753693659,0.05269989630843635,250303811.38856602,282140.08589748654,507.4352543151136,1.056962856159915,1.6024247408138156e-06,7.13358173776683e-10
4.5,train_bus_ebike_mtv_ucb,mtv_to_berkeley_sf_bart/walk_to_caltrain_9,945,1.0954605058009415,0.9264090089416931,0.07216107806799862,11523003412.44639,5758352.601746507,2883.80640479369,2.3628115482218677,1.7769540936536724e-07,7.066114844795951e-10
4.5,train_bus_ebike_mtv_ucb,mtv_to_berkeley_sf_bart/commuter_rail_aboveground_9,2690,1.1877978720363205,0.9958031646568655,0.029642050649719653,1406057026815.7424,125711339.03830764,19820.670819570296,4423.259047302027,3.0256389404099746e-06,7.225986198398043e-10
4.5,train_bus_ebike_mtv_ucb,mtv_to_berkeley_sf_bart/subway_underground_9,3904,1.1885711762327678,0.9564853270972831,0.02459776739169111,inf,inf,inf,52.1023373186307,0.0,8.022390272317053e-10
4.5,train_bus_ebike_mtv_ucb,mtv_to_berkeley_sf_bart/walk_to_bus_9,295,1.019113170507507,0.967816824894655,0.23598449901879487,14350573498.954033,3688339.625521884,950.6225913437839,0.703282297026662,1.4448383555822535e-08,8.417568395528515e-10
4.5,train_bus_ebike_mtv_ucb,mtv_to_berkeley_sf_bart/city_bus_short_9,363,1.1985066607877144,0.9673987256390848,0.03793677330555273,345916881.6953748,235295.57553675573,1235.4005026421264,320.227291185156,0.00015277364829229488,6.922048303980974e-10
4.5,train_bus_ebike_mtv_ucb,walk_urban_university/walk_urban_university_9,836,1.0882309682362954,0.972367234974945,0.03548808617500779,133992856.91520856,106388.7821116839,268.96045391199306,1.0710729114912896,5.907963447913258e-06,8.783406312073868e-10
4.5,train_bus_ebike_mtv_ucb,berkeley_to_mtv_SF_express_bus/walk to the bikeshare location_9,432,1.0891073388656758,0.9907867486070506,0.03730469610895826,821315.6581463086,5236.616263623316,36.237506111921576,1.436042113639307,0.0007018258107265851,5.692611509058333e-10
4.5,train_bus_ebike_mtv_ucb,berkeley_to_mtv_SF_express_bus/ebike_bikeshare_urban_long_9,1623,1.1880278651697171,0.9922705656089772,0.06490806474585636,57530412755.19114,2098608.7652427857,771.5071180226538,26.29835744225864,6.156760627476577e-07,7.481166846026598e-10
4.5,train_bus_ebike_mtv_ucb,berkeley_to_mtv_SF_express_bus/express_bus_9,2317,1.1963551615332029,0.9767508836825476,0.031104837240793645,80967200233309.52,251630337.1914039,7334.59962470816,502.41242836532,1.4141641515016698e-08,7.342253319793175e-10
4.5,train_bus_ebike_mtv_ucb,berkeley_to_mtv_SF_express_bus/walk_downtown_urban_canyon_9,690,1.013759196669441,0.8587691178382839,0.1343585101024769,46052128122.47203,9705988.522983747,2050.0497148027903,4.7407534609726305,7.046130388631137e-08,8.02529976053429e-10
4.5,train_bus_ebike_mtv_ucb,berkeley_to_mtv_SF_express_bus/light_rail_below_above_ground_9,1170,1.1071992676153348,0.9784341038359585,0.04483527323998269,9315545364462.436,51082725.14622259,4322.601304340047,15.341772160857644,1.906951117058023e-09,8.145851430344032e-10
4.5,train_bus_ebike_mtv_ucb,berkeley_to_mtv_SF_express_bus/commuter_rail_with_tunnels_9,3566,1.2440506096065116,0.9897726116776953,0.03799472147896183,73039174579124.89,1654320084.4332018,79824.57409056582,1374.3504523868403,3.864271530226664e-08,7.999884506231548e-10
4.5,train_bus_ebike_mtv_ucb,berkeley_to_mtv_SF_express_bus/inner_suburb_downtown_walk_9,1229,1.0715652742027313,0.9910376843566993,0.04726268937971902,7893347223667022.0,37638412928.028404,179491.95897445874,0.8362627865234653,1.3015369909066413e-13,7.13358173776683e-10
4.5,train_bus_ebike_mtv_ucb,mtv_to_berkeley_sf_bart/walk_to_caltrain_10,1038,1.0871036742378968,0.9121260018511004,0.08635547125322438,1.209825433653318e+18,1153779444231.0796,1100360.240460488,2.521294636117701,2.1632036554175526e-15,7.066114844795951e-10
4.5,train_bus_ebike_mtv_ucb,mtv_to_berkeley_sf_bart/commuter_rail_aboveground_10,2748,1.1834306999310864,0.9936895104697325,0.025302287898758147,15401833642134.121,59006691.73835343,16504.896880513657,1198.0721145423017,2.0371800235231404e-07,7.225986198398043e-10
4.5,train_bus_ebike_mtv_ucb,mtv_to_berkeley_sf_bart/subway_underground_10,4979,1.1426694546365235,1.040201572690204,0.13676881655329257,inf,inf,inf,48.29264616587652,0.0,8.022390272317053e-10
4.5,train_bus_ebike_mtv_ucb,mtv_to_berkeley_sf_bart/walk_to_bus_10,294,1.0074662019875977,0.9601579949336105,0.17456806927458124,inf,inf,inf,0.2432589600093067,0.0,8.417568395528515e-10
4.5,train_bus_ebike_mtv_ucb,mtv_to_berkeley_sf_bart/city_bus_short_10,431,1.16755667949454,0.9880756641459634,0.053501621270987516,132255407.29243428,188981.3922436633,943.5439260512471,831.0605480692249,0.00043866876387925653,6.922048303980974e-10
4.5,train_bus_ebike_mtv_ucb,walk_urban_university/walk_urban_university_10,789,1.0955791838281446,0.9825069777507751,0.03974143902936606,20422369516.06888,2463962.428562347,3527.425309938979,1.1502018473211006,3.3687900539279545e-08,8.783406312073868e-10
4.5,train_bus_ebike_mtv_ucb,berkeley_to_mtv_SF_express_bus/walk to the bikeshare location_10,389,1.1009268787162443,0.9976294762960949,0.032629798372270785,140224837.37110943,273817.2157157199,823.7529838770906,1.226398637484014,1.7583493338187152e-06,5.692611509058333e-10
4.5,train_bus_ebike_mtv_ucb,berkeley_to_mtv_SF_express_bus/ebike_bikeshare_urban_long_10,1465,1.2137480054438836,0.9551632481435963,0.04233447326287969,2512402137.396096,873353.8294299537,521.5140477119949,26.81954633901318,9.56733009913117e-06,7.481166846026598e-10
4.5,train_bus_ebike_mtv_ucb,berkeley_to_mtv_SF_express_bus/express_bus_10,2907,1.1508506121901214,0.9878367919488036,0.01613238117929464,27505603057316.066,26184717.557919502,8434.766849575502,28.773303953182392,3.035991128715172e-09,7.342253319793175e-10
4.5,train_bus_ebike_mtv_ucb,berkeley_to_mtv_SF_express_bus/walk_downtown_urban_canyon_10,617,1.0165926738972977,0.8768030797973101,0.12275388893098647,7729538953171.115,307758547.6841044,12276.46126436453,6.913985473502514,5.516208822427338e-10,8.02529976053429e-10
4.5,train_bus_ebike_mtv_ucb,berkeley_to_mtv_SF_express_bus/light_rail_below_above_ground_10,1016,1.127149574065417,0.9822516343263733,0.08334735662329999,1374869281.5964863,1699638.5360366527,2112.1450792928454,68.48156711256422,3.120881616146183e-05,8.145851430344032e-10
4.5,train_bus_ebike_mtv_ucb,berkeley_to_mtv_SF_express_bus/commuter_rail_with_tunnels_10,3474,1.2523900326900481,0.9981759191110962,0.03291809879330618,1.7810673251647526e+16,182595003699.81723,1872117.400724374,869.8024896432833,1.6872883032162856e-10,7.999884506231548e-10
4.5,train_bus_ebike_mtv_ucb,berkeley_to_mtv_SF_express_bus/inner_suburb_downtown_walk_10,1179,1.0747560040646835,0.9973591431097055,0.04739680199328353,1.2702752363555026e+17,227896178743.49243,497842.1064123832,1.4899781979377797,4.479169948721768e-15,7.13358173776683e-10
4.5,train_bus_ebike_mtv_ucb,mtv_to_berkeley_sf_bart/walk_to_caltrain_11,965,1.094029028569406,0.8878757528067975,0.11573289360987435,1119120614.9451752,1119304.8470634343,1120.6581456638332,4.089862897440388,2.3649459893021e-06,7.066114844795951e-10
4.5,train_bus_ebike_mtv_ucb,mtv_to_berkeley_sf_bart/commuter_rail_aboveground_11,2641,1.191807419256405,0.9962415609760376,0.023195363669729192,1599777582428693.2,8009750967.05431,40169.421112455624,807.1756249260463,1.3320851837571767e-09,7.225986198398043e-10
4.5,train_bus_ebike_mtv_ucb,mtv_to_berkeley_sf_bart/subway_underground_11,3895,1.1895220355329692,1.085332462542908,0.09664521801291957,inf,inf,inf,32.26562803923886,0.0,8.022390272317053e-10
4.5,train_bus_ebike_mtv_ucb,mtv_to_berkeley_sf_bart/walk_to_bus_11,269,1.022172695978457,0.9453516609780523,0.14409499425895433,9646408726046.777,273686084.3657414,7764.969835167699,0.14576179366043085,2.0381585204943608e-12,6.946654363854002e-10
4.5,train_bus_ebike_mtv_ucb,mtv_to_berkeley_sf_bart/city_bus_short_11,349,1.2942963962744682,0.9760714196151574,0.05124048530907301,66538641.184030905,136509.38237752637,847.1232369313883,425.7195944501577,0.0006075320463815038,5.848063484045086e-10
4.5,train_bus_ebike_mtv_ucb,walk_urban_university/walk_urban_university_11,898,1.082627071163376,0.9780524145311084,0.07073478979965904,70587255111083.77,471220851.52667797,3155.5302974837564,1.5956232817948366,2.029859851851975e-11,8.783406312073868e-10
4.5,train_bus_ebike_mtv_ucb,berkeley_to_mtv_SF_express_bus/walk to the bikeshare location_11,423,1.0893560635539665,0.9941146781438323,0.034689562422161854,inf,inf,inf,0.8934265734277588,0.0,5.692611509058333e-10
4.5,train_bus_ebike_mtv_ucb,berkeley_to_mtv_SF_express_bus/ebike_bikeshare_urban_long_11,1572,1.1946581044930873,0.983964661084381,0.025038919231068126,inf,inf,inf,18.042698621360202,0.0,7.481166846026598e-10
4.5,train_bus_ebike_mtv_ucb,berkeley_to_mtv_SF_express_bus/express_bus_11,2600,1.1716686141905124,0.9871894418649982,0.015303431318898697,11526613159217.33,61162932.01101329,6464.396225653921,43.063157649382205,9.476004924549677e-09,7.39791657760347e-10
4.5,train_bus_ebike_mtv_ucb,berkeley_to_mtv_SF_express_bus/walk_downtown_urban_canyon_11,620,1.0169665537221642,0.9029343672795641,0.08812901596571354,1644608142.9195306,773187.5136939029,585.9322439472121,0.9645638292626241,2.4433381521361677e-07,8.02529976053429e-10
4.5,train_bus_ebike_mtv_ucb,berkeley_to_mtv_SF_express_bus/light_rail_below_above_ground_11,799,1.164821429029239,0.9778309072311654,0.025285277956956714,374852381.6568113,243761.02007991885,963.7081248541266,14.06982778934394,5.234984197457696e-06,8.145851430344032e-10
4.5,train_bus_ebike_mtv_ucb,berkeley_to_mtv_SF_express_bus/commuter_rail_with_tunnels_11,4175,1.2011570291671751,0.9947014048828043,0.0238668104884224,64124963555029.11,214040188.33138523,78222.67023571747,968.1196550491592,5.5106902031175716e-08,7.999884506231548e-10
4.5,train_bus_ebike_mtv_ucb,berkeley_to_mtv_SF_express_bus/inner_suburb_downtown_walk_11,1255,1.069626844596422,0.9967567846870805,0.04519896763410485,3365509.1474166918,21185.264627570283,175.70889611007405,0.7894074043837729,0.00015266405226133236,7.13358173776683e-10
5.0,unimodal_trip_car_bike_mtv_la,suburb_city_driving_weekend/suburb_city_driving_weekend_0,817,1.098848383130938,0.9700915599859268,0.037970841603085406,1119740145.2349873,565703.3029303766,1634.3047158073439,35.0335184866404,1.0234782322116567e-05,4.738408267387402e-10
5.0,unimodal_trip_car_bike_mtv_la,suburb_bicycling/suburb_bicycling_0,1270,1.090673815030576,0.9580621052560497,0.0635935772539801,121758679.56518167,67226.7337772309,457.41750016937294,9.512035906370585,6.264186114756584e-05,8.120676155485603e-10
5.0,unimodal_trip_car_bike_mtv_la,suburb_city_driving_weekend/suburb_city_driving_weekend_1,702,1.1204151607274049,0.9599372367654447,0.033096859281151504,138209884.1805783,174499.23044177843,1267.3880497002156,21.520300636010024,4.1409885941186274e-05,4.738408267387402e-10
5.0,unimodal_trip_car_bike_mtv_la,suburb_bicycling/suburb_bicycling_1,1333,1.0865440468217906,0.9603284119928406,0.08203261450035328,1567907338.242376,183031.78728334059,273.13074728667056,7.690555659170312,6.378883713572937e-06,8.120676155485603e-10
5.0,unimodal_trip_car_bike_mtv_la,suburb_city_driving_weekend/suburb_city_driving_weekend_2,709,1.1203633280456395,0.9426534217583572,0.056158333134657595,107268021676.16371,8081616.220231289,1542.1355858524587,35.144262179388186,2.2622523616225637e-07,4.738408267387402e-10
5.0,unimodal_trip_car_bike_mtv_la,suburb_bicycling/suburb_bicycling_2,1266,1.0907908605848842,0.9490072783690476,0.05636993620780988,82657963.94858654,86112.1566023061,266.2690382334991,7.7731382957884545,6.740683960896854e-05,8.120676155485603e-10
5.0,unimodal_trip_car_bike_mtv_la,suburb_city_driving_weekend/suburb_city_driving_weekend_3,853,1.096423610480842,0.9395717252729129,0.0635864874342824,346561886.7198311,165650.13987848556,1108.99470483696,41.64981286121651,5.7610854977530945e-05,4.738408267387402e-10
5.0,unimodal_trip_car_bike_mtv_la,suburb_bicycling/suburb_bicycling_3,1320,1.086322270184237,0.9517646181791964,0.06289308584813252,3985306.6679644776,19165.43636613541,214.31482730716326,5.8469559334224845,0.0004149575262074337,8.120676155485603e-10
5.0,unimodal_trip_car_bike_mtv_la,suburb_city_driving_weekend/suburb_city_driving_weekend_4,773,1.1091294442919983,0.9641608177418172,0.04053360486693704,467353580253.9678,6173597.363247915,744.921476612451,12.81143830652308,2.11817056555208e-08,4.738408267387402e-10
5.0,unimodal_trip_car_bike_mtv_la,suburb_bicycling/suburb_bicycling_4,1285,1.088549737875304,0.9544168011452638,0.07158101997980529,1613644365.770075,333141.2756854585,618.2426850309922,9.41003683030274,3.830438099064714e-06,8.120676155485603e-10
5.0,unimodal_trip_car_bike_mtv_la,suburb_city_driving_weekend/suburb_city_driving_weekend_5,859,1.0962978341933842,0.947500146977833,0.04901716552205319,82377160.263422,211791.66753378703,1190.6332135866214,17.4226457618778,3.6158316802195854e-05,4.738408267387402e-10
5.0,unimodal_trip_car_bike_mtv_la,suburb_bicycling/suburb_bicycling_5,1297,1.087267374828877,0.9511532922189674,0.05629829668993864,247928164.24669668,136307.3325610934,279.47052062544486,8.01013556806341,2.0788984057936478e-05,8.120676155485603e-10
5.0,car_scooter_brex_san_jose,freeway_driving_weekday/freeway_driving_weekday_0,1976,1.1924318924647042,0.986200062546549,0.019042297964298214,151112081609.92465,20535947.69653181,8541.95710011262,342.25200204654584,2.1994167109389215e-06,6.829429384774533e-10
5.0,car_scooter_brex_san_jose,bus trip with e-scooter access/city_escooter_0,1257,1.0417459760772478,0.9934683706131537,0.01802533834299065,4935907.724448558,43476.634445259006,502.0547502537558,6.605875227317612,0.0002678208860345418,6.416257647001624e-10
5.0,car_scooter_brex_san_jose,bus trip with e-scooter access/city_bus_rapid_transit_0,2745,1.163389687407169,0.9947987035337477,0.017757948316097772,35826754391.972404,6355086.317133674,4347.933272225148,509.8417355481122,1.1016249802232931e-05,6.217521112241125e-10
5.0,car_scooter_brex_san_jose,bus trip with e-scooter access/walk_back_from_bus_0,681,1.0434291626958394,0.9258487644796837,0.07470599177756035,56351.267981679404,567.5493244519706,31.223425744851525,1.005722590030597,0.005238185166687134,1.0612213331756848e-09
5.0,car_scooter_brex_san_jose,freeway_driving_weekday/freeway_driving_weekday_1,2032,1.18607065311847,0.9989970414600045,0.02626011114855976,84229162225.61896,5705626.6266704295,6065.473985767344,91.79615426411111,1.194216855448016e-06,6.829429384774533e-10
5.0,car_scooter_brex_san_jose,bus trip with e-scooter access/city_escooter_1,1236,1.0421526434890436,0.9896638012925421,0.021972043337679874,2230641144.4941573,2452248.3516314058,2699.7649082444364,8.970730523915886,4.92454835502376e-06,6.416257647001624e-10
5.0,car_scooter_brex_san_jose,bus trip with e-scooter access/city_bus_rapid_transit_1,2925,1.1515806544825775,0.9977417513851562,0.017029843354739588,96223493399.39684,8396581.646831073,11479.033376125986,579.747484810086,5.833398427853698e-06,6.217521112241125e-10
5.0,car_scooter_brex_san_jose,bus trip with e-scooter access/walk_back_from_bus_1,640,1.0474594139929772,0.9271520992138511,0.06463661490948798,38091.55802196029,1114.4063409175146,45.87924241969028,0.5322444954284278,0.0013473062910655345,1.0612213331756848e-09
5.0,car_scooter_brex_san_jose,freeway_driving_weekday/freeway_driving_weekday_2,1749,1.2237778381016993,0.9871036262267631,0.015043579031537267,66810161371.815636,11218340.202315893,16758.635545865138,623.5691730226347,4.0187339884403455e-06,6.829429384774533e-10
5.0,car_scooter_brex_san_jose,bus trip with e-scooter access/city_escooter_2,1290,1.0406209181335506,0.9928261488319278,0.03731205112142282,6197281254.395787,353139.4009685597,309.0273974170241,10.028815998234567,2.0673823713822986e-06,6.416257647001624e-10
5.0,car_scooter_brex_san_jose,bus trip with e-scooter access/city_bus_rapid_transit_2,2622,1.1715913850747546,0.995985649197777,0.01986699263819206,18494387351567.406,189604456.44463024,6431.580338133334,701.8158727555324,9.843442495809483e-08,6.217521112241125e-10
5.0,car_scooter_brex_san_jose,bus trip with e-scooter access/walk_back_from_bus_2,620,1.0473522634796832,0.9180210011845933,0.07929141562651666,524584.4026437964,4973.660022367422,122.83702766808042,1.0548423022735907,0.00032744913221907206,1.0612213331756848e-09
5.0,car_scooter_brex_san_jose,freeway_driving_weekday/freeway_driving_weekday_3,1937,1.1965186374991097,0.9871808062998835,0.02425486208766065,618669003291.676,48823221.12023171,6874.942172113815,303.0892736400966,8.758758420401253e-07,6.829429384774533e-10
5.0,car_scooter_brex_san_jose,bus trip with e-scooter access/city_escooter_3,1403,1.0364829551693713,0.9954817042194246,0.05983833883575363,5862011.8593924465,48897.991985684974,536.5188304094216,11.201186999192082,0.00035800306956097966,6.416257647001624e-10
5.0,car_scooter_brex_san_jose,bus trip with e-scooter access/city_bus_rapid_transit_3,2456,1.18540429586999,0.9963241420773334,0.02113861871733805,301057383817.27966,19451772.408788953,3534.3239950524576,808.7960716081316,4.9298105945455865e-06,6.217521112241125e-10
5.0,car_scooter_brex_san_jose,bus trip with e-scooter access/walk_back_from_bus_3,648,1.0461283993757509,0.9351360110491609,0.06417141490468298,3320071.7379125636,22433.98190841253,258.0964325142359,0.805916350874217,4.523815884315561e-05,1.0612213331756848e-09
5.0,car_scooter_brex_san_jose,freeway_driving_weekday/freeway_driving_weekday_4,2006,1.1885208914580028,0.9820496388858354,0.03126230648009202,232693382649.28052,19140100.485485382,11219.461870678073,114.62377624294993,5.020020695685062e-07,6.829429384774533e-10
5.0,car_scooter_brex_san_jose,bus trip with e-scooter access/city_escooter_4,1310,1.039620183988995,0.9856522397300649,0.040870305267711717,448826894.6863434,246554.9611059299,461.304553668377,8.904339238996002,1.4681499647294271e-05,6.416257647001624e-10
5.0,car_scooter_brex_san_jose,bus trip with e-scooter access/city_bus_rapid_transit_4,2847,1.156450980254712,0.9961028589165372,0.01875892854616225,254614627223.29703,11655269.71055696,5340.2387757935885,1586.648755352107,1.1783939835566116e-05,6.217521112241125e-10
5.0,car_scooter_brex_san_jose,bus trip with e-scooter access/walk_back_from_bus_4,654,1.0465069517457688,0.9285462791353418,0.07406069811001177,6882986.930416165,14702.303976571568,190.56305647435076,0.810181290656337,5.611696147152023e-05,1.0612213331756848e-09
5.0,car_scooter_brex_san_jose,freeway_driving_weekday/freeway_driving_weekday_5,1921,1.1980761773432484,0.9949643868411869,0.02323164437021143,296224062589.55133,9102658.650469176,10578.10158194235,597.2859481393319,2.3198440991141447e-06,6.829429384774533e-10
5.0,car_scooter_brex_san_jose,bus trip with e-scooter access/city_escooter_5,1286,1.0397289596227934,0.9896033327212335,0.027488731897827325,8453641.019857448,30195.288957212157,237.27494936762494,9.253270444168653,0.0004096978449160926,6.416257647001624e-10
5.0,car_scooter_brex_san_jose,bus trip with e-scooter access/city_bus_rapid_transit_5,2555,1.1776030852712926,0.9968532201259499,0.014403028085332246,347748385253.78467,18820512.687526617,3021.0429699069214,684.7727869967412,3.3663307297727247e-06,6.217521112241125e-10
5.0,car_scooter_brex_san_jose,bus trip with e-scooter access/walk_back_from_bus_5,647,1.0451589920032545,0.9328751574247046,0.06540370915879391,2436754.839950074,7642.599334571938,97.22117347896956,0.8183964109939622,0.00013984814454074413,1.0612213331756848e-09
5.0,car_scooter_brex_san_jose,freeway_driving_weekday/freeway_driving_weekday_6,2002,1.1899229005519512,0.9835787332525295,0.016418078880805723,3.2808292856067113e+19,23466319688812.918,16784431.79602424,192.99377663477597,1.177669513221404e-14,6.829429384774533e-10
5.0,car_scooter_brex_san_jose,bus trip with e-scooter access/city_escooter_6,1482,1.034046591113879,0.9945363012399464,0.031443888127733174,9.395438592090688e+16,134402827479.95076,192305.1101218063,11.42171117111477,1.8015939568625242e-13,6.416257647001624e-10
5.0,car_scooter_brex_san_jose,bus trip with e-scooter access/city_bus_rapid_transit_6,2855,1.1552854821524332,0.9949674664927034,0.019684725790936847,119758263669.35596,6227684.784330581,3695.6023308310096,1803.4543191577475,1.9617260599179072e-05,6.217521112241125e-10
5.0,car_scooter_brex_san_jose,bus trip with e-scooter access/walk_back_from_bus_6,625,1.048819175857893,0.9250147741654907,0.07146063423397946,inf,inf,inf,1.0463636301155894,0.0,1.0612213331756848e-09
5.0,train_bus_ebike_mtv_ucb,mtv_to_berkeley_sf_bart/walk_to_caltrain_0,1115,1.0798996314206475,0.9440053146817338,0.05199859096533307,527576.0084780358,3272.5527782386175,67.7592230389837,1.0158966064966684,0.0005097316764291316,7.066114844795951e-10
5.0,train_bus_ebike_mtv_ucb,mtv_to_berkeley_sf_bart/commuter_rail_aboveground_0,2927,1.1699103468304564,0.993164867622405,0.025379184169036267,inf,inf,inf,121.44848221991361,0.0,7.225986198398043e-10
5.0,train_bus_ebike_mtv_ucb,mtv_to_berkeley_sf_bart/subway_underground_0,3864,1.1795275206619795,0.988895522990642,0.02397526380222663,inf,inf,inf,27.9964482117207,0.0,8.022390272317053e-10
5.0,train_bus_ebike_mtv_ucb,mtv_to_berkeley_sf_bart/walk_to_bus_0,285,1.0072153442106522,0.9264951693462254,0.2853583172423521,3031580.5410992242,13203.378135580098,70.42308122972692,36.01257321177884,0.0015063217624460418,8.417568395528515e-10
5.0,train_bus_ebike_mtv_ucb,mtv_to_berkeley_sf_bart/city_bus_short_0,473,1.187725272612657,0.9730314314809463,0.10677260597574875,140380323.63141176,133014.49748820782,947.1936447838661,333.84410133178176,0.0005046557728923052,6.4425497260919e-10
5.0,train_bus_ebike_mtv_ucb,walk_urban_university/walk_urban_university_0,866,1.0852523030292662,0.9822504261264109,0.046653018374287814,1678383.4871841716,10355.120482617824,182.36746445472073,1.0414683602265928,0.00031745052816657964,8.783406312073868e-10
5.0,train_bus_ebike_mtv_ucb,berkeley_to_mtv_SF_express_bus/walk to the bikeshare location_0,305,1.063190908063734,0.927408814174471,0.044444322291711795,2467643.611453489,3014.0610043181996,37.009929544167015,0.8601588933536564,0.00010424664857642207,4.6000558237409036e-10
5.0,train_bus_ebike_mtv_ucb,berkeley_to_mtv_SF_express_bus/ebike_bikeshare_urban_long_0,1467,1.2122461443254104,0.9631746714453524,0.03106168703161475,160524771446.49033,3788945.2773087206,678.9977240962922,20.581618151779168,1.3549820196193432e-07,7.591327569011733e-10
5.0,train_bus_ebike_mtv_ucb,berkeley_to_mtv_SF_express_bus/express_bus_0,2751,1.1684156332095168,0.9779714956067638,0.02139477578715929,240916046670.701,11691615.687706593,7710.110836820451,80.44000495714783,4.498641958074976e-07,6.769007973500341e-10
5.0,train_bus_ebike_mtv_ucb,berkeley_to_mtv_SF_express_bus/walk_downtown_urban_canyon_0,639,1.0228416010453756,0.8360264160694705,0.17333935350042928,867524.4275364814,7635.3742594993255,109.47784455133043,2.3819162213011387,0.00036020259513369146,1.060580868851958e-09
5.0,train_bus_ebike_mtv_ucb,berkeley_to_mtv_SF_express_bus/light_rail_below_above_ground_0,834,1.1584694695622915,0.9779776797423717,0.03022767908002003,1411427684692.586,105067519.43558516,88401.10327536888,23.815673318732316,2.3385552814569644e-09,8.145851430344032e-10
5.0,train_bus_ebike_mtv_ucb,berkeley_to_mtv_SF_express_bus/commuter_rail_with_tunnels_0,4775,1.1718853165149357,0.9975129038920357,0.020447009636496365,9.614858702552496e+20,229236094954630.75,54654433.705386944,745.2542955138761,3.701134575386479e-15,7.999884506231548e-10
5.0,train_bus_ebike_mtv_ucb,berkeley_to_mtv_SF_express_bus/inner_suburb_downtown_walk_0,1201,1.0739265613728732,0.99367240547913,0.042707927940921986,3605026.6052533183,17900.084643682778,210.2223923362591,0.830230050885743,0.00010898323424304706,7.13358173776683e-10
5.0,train_bus_ebike_mtv_ucb,mtv_to_berkeley_sf_bart/walk_to_caltrain_1,1012,1.0885996728621061,0.9380033564288238,0.05432166767994545,1211369.219886457,7965.780735945248,183.6920548620151,1.3509829206847825,0.00017572697803543906,7.066114844795951e-10
5.0,train_bus_ebike_mtv_ucb,mtv_to_berkeley_sf_bart/commuter_rail_aboveground_1,2709,1.1851406281220844,0.9917007635870672,0.025140724736796523,849345328922705.2,5077751172.780911,775570.89893373,114.37980794918106,1.1925302833297307e-10,7.225986198398043e-10
5.0,train_bus_ebike_mtv_ucb,mtv_to_berkeley_sf_bart/subway_underground_1,3887,1.1905516105002931,0.9677624055158122,0.018913646575239255,inf,inf,inf,42.55032826926487,0.0,8.022390272317053e-10
5.0,train_bus_ebike_mtv_ucb,mtv_to_berkeley_sf_bart/walk_to_bus_1,215,1.004735401206298,0.911562966245256,0.22091537710977163,9551.569500798605,305.31808980285723,15.530405750376374,1.6220896610990907,0.004882859515876,8.417568395528515e-10
5.0,train_bus_ebike_mtv_ucb,mtv_to_berkeley_sf_bart/city_bus_short_1,535,1.1655471854371682,0.985812079005009,0.06699019951039784,284709768.2810585,341564.26663423056,638.7877407062397,252.832370453643,0.0002559968218986476,6.4425497260919e-10
5.0,train_bus_ebike_mtv_ucb,walk_urban_university/walk_urban_university_1,888,1.0837592209826854,0.981547599581547,0.0516258677065059,2052701.8213347087,4652.676153821569,67.41217188580299,0.9801656544296653,0.0002767574149979045,8.783406312073868e-10
5.0,train_bus_ebike_mtv_ucb,berkeley_to_mtv_SF_express_bus/walk to the bikeshare location_1,219,1.0886989909077598,0.9122379216984541,0.07705307575992829,2089937.7866135992,12491.060734059383,154.7510963392786,0.9563860122813228,1.2912749018810303e-05,4.6000558237409036e-10
5.0,train_bus_ebike_mtv_ucb,berkeley_to_mtv_SF_express_bus/ebike_bikeshare_urban_long_1,1446,1.2156335333163455,0.9847222980441585,0.02942364450153387,10133242888.63694,915700.6252501234,713.5889351102676,20.48215887622979,1.6256374535064933e-06,7.591327569011733e-10
5.0,train_bus_ebike_mtv_ucb,berkeley_to_mtv_SF_express_bus/express_bus_1,2788,1.1667078001059064,0.9678664558375576,0.032367002065755886,107148499791606.64,153403104.2074256,6015.768076615897,119.51155438190759,3.0907991948179346e-09,6.822293654972005e-10
5.0,train_bus_ebike_mtv_ucb,berkeley_to_mtv_SF_express_bus/walk_downtown_urban_canyon_1,616,1.015901936064148,0.8359656347031728,0.1515508208543315,7189619.415788258,6401.4992373672185,91.58324377218229,2.5352791504907883,0.00014019731029321536,1.060580868851958e-09
5.0,train_bus_ebike_mtv_ucb,berkeley_to_mtv_SF_express_bus/light_rail_below_above_ground_1,869,1.1473698556097034,0.9786147138947457,0.019144819487237057,300603347366.524,9840340.086967288,17110.882341933542,21.346281731973537,4.203516379075056e-08,8.145851430344032e-10
5.0,train_bus_ebike_mtv_ucb,berkeley_to_mtv_SF_express_bus/commuter_rail_with_tunnels_1,4797,1.1709937918704554,0.9974629494858669,0.018591093251114004,139393573679385.86,984256979.1428996,414388.1973112741,106.40977383967333,1.846817400239275e-09,7.999884506231548e-10
5.0,train_bus_ebike_mtv_ucb,berkeley_to_mtv_SF_express_bus/inner_suburb_downtown_walk_1,1188,1.0741179542130046,0.990482093698399,0.033000782960773314,81117420703305.48,1740590515.159235,37349.10261272871,0.6358966091582783,9.299373248137824e-12,7.13358173776683e-10
5.0,train_bus_ebike_mtv_ucb,mtv_to_berkeley_sf_bart/walk_to_caltrain_2,874,1.1060416088779463,0.946898082048759,0.05662675466418566,566154.7550776904,4732.240104133105,85.66193708873337,1.557863676744725,0.0003891774893355399,7.066114844795951e-10
5.0,train_bus_ebike_mtv_ucb,mtv_to_berkeley_sf_bart/commuter_rail_aboveground_2,2829,1.1762425625760404,0.9906587592087989,0.026191998673185484,8.967927049753827e+16,491767698932.8214,2696822.577938112,241.78810549363408,7.600731803032073e-12,7.225986198398043e-10
5.0,train_bus_ebike_mtv_ucb,mtv_to_berkeley_sf_bart/subway_underground_2,3860,1.192435790475897,0.995862589307177,0.02256133161659185,inf,inf,inf,67.64257051580702,0.0,8.022390272317053e-10
5.0,train_bus_ebike_mtv_ucb,mtv_to_berkeley_sf_bart/walk_to_bus_2,223,1.010808397537759,0.9157830282006431,0.18258427331179264,4943.018533873749,192.72344725356484,13.987958644498491,1.290245883796257,0.007707922592504153,8.417568395528515e-10
5.0,train_bus_ebike_mtv_ucb,mtv_to_berkeley_sf_bart/city_bus_short_2,499,1.1780228118129996,0.9696751684918068,0.06365285676494548,853255285.2546633,544783.7807859502,1023.9862201092723,429.86797629903356,0.0001585096481305507,6.4425497260919e-10
5.0,train_bus_ebike_mtv_ucb,walk_urban_university/walk_urban_university_2,780,1.096962151039883,0.9812923991353352,0.04234880136047729,44086847.011254266,28498.845774259473,33.15496090882241,1.1819508657024442,2.0163625972182305e-05,8.783406312073868e-10
5.0,train_bus_ebike_mtv_ucb,berkeley_to_mtv_SF_express_bus/walk to the bikeshare location_2,1403,1.013147647205879,0.5911208907159484,0.4069804613565727,8287299421.669009,2633795.511588537,1133.627471921296,67.96223536766014,4.32186849074325e-06,4.6000558237409036e-10
5.0,train_bus_ebike_mtv_ucb,berkeley_to_mtv_SF_express_bus/ebike_bikeshare_urban_long_2,1543,1.2001097191915584,0.9721646253185371,0.03169398136600144,5124860406.780509,1408819.738920489,898.6647259542234,29.955988795724323,7.270281304224813e-06,7.591327569011733e-10
5.0,train_bus_ebike_mtv_ucb,berkeley_to_mtv_SF_express_bus/express_bus_2,2365,1.202236324410241,0.9722390688267566,0.028242214317204972,2460571916087971.5,586644157.3831019,4973.690257575457,409.56788771791264,3.921655360295713e-10,6.769007973500341e-10
5.0,train_bus_ebike_mtv_ucb,berkeley_to_mtv_SF_express_bus/walk_downtown_urban_canyon_2,564,1.0181713692785077,0.8545725373056228,0.14600350730562878,2098387.8385201506,11545.015747846905,145.3680179254195,2.6043010392190675,0.00022582767359106124,1.060580868851958e-09
5.0,train_bus_ebike_mtv_ucb,berkeley_to_mtv_SF_express_bus/light_rail_below_above_ground_2,1218,1.1034479510048696,0.9474091619605973,0.08354832776260727,52765137083.490715,1751797.54411385,1904.93456949164,53.038483137322174,1.1365155291065065e-06,8.145851430344032e-10
5.0,train_bus_ebike_mtv_ucb,berkeley_to_mtv_SF_express_bus/commuter_rail_with_tunnels_2,4793,1.1702608973273092,0.9958814879255747,0.03211729887136495,1.6328576328734122e+17,700746475408.0175,3007422.636911625,828.7308454890536,2.1254856437661572e-11,7.999884506231548e-10
5.0,train_bus_ebike_mtv_ucb,berkeley_to_mtv_SF_express_bus/inner_suburb_downtown_walk_2,1193,1.074424960602365,0.999225053415692,0.04795684699060184,146161923.8794963,33448.91457116558,256.1829393361409,0.849157160469329,4.622367645999477e-06,7.13358173776683e-10
5.0,train_bus_ebike_mtv_ucb,mtv_to_berkeley_sf_bart/walk_to_caltrain_3,949,1.0954065836165017,0.9247775335860994,0.0757216154615967,410686259068390.5,3894424587.568162,78925.09860338365,2.1357532476304932,3.309004683019229e-12,7.066114844795951e-10
5.0,train_bus_ebike_mtv_ucb,mtv_to_berkeley_sf_bart/commuter_rail_aboveground_3,2639,1.1913622084675586,0.9955419539170262,0.02256989415285152,4.100818997390432e+16,54153800373.05094,1273856.2978928245,185.6050615249752,4.452365841779784e-12,7.225986198398043e-10
5.0,train_bus_ebike_mtv_ucb,mtv_to_berkeley_sf_bart/subway_underground_3,3868,1.1899452839988747,0.9952886641065797,0.025328488296881092,inf,inf,inf,58.17389920085679,0.0,8.022390272317053e-10
5.0,train_bus_ebike_mtv_ucb,mtv_to_berkeley_sf_bart/walk_to_bus_3,309,1.0195085540598094,0.9698029455469791,0.2992796181023534,2.144738404225294e+18,1022690966160.2357,487666.9499873831,23.70435942258258,1.7075357951715835e-15,8.417568395528515e-10
5.0,train_bus_ebike_mtv_ucb,mtv_to_berkeley_sf_bart/city_bus_short_3,378,1.2526017169820336,0.9576853108313415,0.03378377185277651,140498129.27514905,127789.77460634886,719.0305734724896,324.4811021127614,0.00036987307979270456,6.4425497260919e-10
5.0,train_bus_ebike_mtv_ucb,walk_urban_university/walk_urban_university_3,797,1.0942109175206816,0.9785787958304913,0.03862147976113899,2258005918104.9556,160428214.39659828,11398.762937748255,1.8883771641856266,6.659386226819205e-10,8.783406312073868e-10
5.0,train_bus_ebike_mtv_ucb,berkeley_to_mtv_SF_express_bus/walk to the bikeshare location_3,519,1.0708071431547226,0.978993470273305,0.03700601124372408,3601160865.885406,1234631.5184776068,512.2714147175191,1.040341920615747,1.4032344651870004e-07,5.692611509058333e-10
5.0,train_bus_ebike_mtv_ucb,berkeley_to_mtv_SF_express_bus/ebike_bikeshare_urban_long_3,1586,1.1937928502189994,0.9822915822241656,0.027664793957965592,2850425792.765307,251356.61549390704,363.07308318808356,14.695188512445467,7.575648264040843e-06,7.481166846026598e-10
5.0,train_bus_ebike_mtv_ucb,berkeley_to_mtv_SF_express_bus/express_bus_3,2741,1.1612161764189428,0.9847156225628272,0.01668087531873391,326054603949.83594,84730170.43822719,22052.694803705595,38.588840005669724,2.5292175445457905e-07,7.342253319793175e-10
5.0,train_bus_ebike_mtv_ucb,berkeley_to_mtv_SF_express_bus/walk_downtown_urban_canyon_3,785,1.0121577735661518,0.8830102017391962,0.10751961789862412,inf,inf,inf,19.45296401583056,0.0,8.02529976053429e-10
5.0,train_bus_ebike_mtv_ucb,berkeley_to_mtv_SF_express_bus/light_rail_below_above_ground_3,930,1.140471929943614,0.9856129629220856,0.028287174817367713,5723889035355574.0,6885588459.248999,186367.11609263963,18.282525025074506,2.6501816038587855e-12,8.145851430344032e-10
5.0,train_bus_ebike_mtv_ucb,berkeley_to_mtv_SF_express_bus/commuter_rail_with_tunnels_3,3579,1.2425810516383924,0.9968581645488342,0.02751475825337328,71749770361466.16,1043487563.4892898,213503.1803795226,327.58535510440475,6.913217845216219e-09,7.999884506231548e-10
5.0,train_bus_ebike_mtv_ucb,berkeley_to_mtv_SF_express_bus/inner_suburb_downtown_walk_3,1186,1.074666833186685,0.995566267538603,0.040089005735421374,1888704789.3545876,740770.7893262185,295.1272354205223,1.049160996539253,6.534792939779017e-07,7.13358173776683e-10
5.0,train_bus_ebike_mtv_ucb,mtv_to_berkeley_sf_bart/walk_to_caltrain_4,960,1.0936529756486262,0.9376241901172634,0.06364239614109067,1.039738082210678e+19,4957857525186.422,2364128.907404039,1.8977205049284942,1.7521828433637444e-16,7.066114844795951e-10
5.0,train_bus_ebike_mtv_ucb,mtv_to_berkeley_sf_bart/commuter_rail_aboveground_4,2716,1.184768680053126,0.99373213239174,0.032237446565217306,2.41267500767062e+19,4697631175301.504,6490031.699794815,341.4753876961301,3.697479636916525e-14,7.225986198398043e-10
5.0,train_bus_ebike_mtv_ucb,mtv_to_berkeley_sf_bart/subway_underground_4,3882,1.1899937289785,1.036387101126863,0.051637876973952584,inf,inf,inf,17.610502848623046,0.0,8.022390272317053e-10
5.0,train_bus_ebike_mtv_ucb,mtv_to_berkeley_sf_bart/walk_to_bus_4,318,1.017214138932621,0.9846260329363267,0.3083812856673508,2.287766616564004e+16,49090146215.56137,105344.0997595273,19.847181101395947,2.742498669654519e-13,8.417568395528515e-10
5.0,train_bus_ebike_mtv_ucb,mtv_to_berkeley_sf_bart/city_bus_short_4,344,1.2802506440922412,0.9679793970553906,0.04755556661265382,42160369.36942069,64034.92974459132,649.791930916281,56.71613372469541,0.00017019507910441987,6.4425497260919e-10
5.0,train_bus_ebike_mtv_ucb,walk_urban_university/walk_urban_university_4,797,1.0943910708015385,0.9762471943418328,0.04986383356378043,171974381396952.47,1353062360.5021343,18004.16097828759,2.1636097043036573,8.894540090443716e-12,8.783406312073868e-10
5.0,train_bus_ebike_mtv_ucb,berkeley_to_mtv_SF_express_bus/walk to the bikeshare location_4,423,1.081873462146632,0.9757339130025251,0.03252413397510759,141293333.95320213,31502.218990385096,57.96645655927732,1.6245993153627831,4.851027869117164e-06,5.692611509058333e-10
5.0,train_bus_ebike_mtv_ucb,berkeley_to_mtv_SF_express_bus/ebike_bikeshare_urban_long_4,1297,1.2473953722311308,0.9896004625907594,0.026306103137409238,1184327935.2193735,690123.6195144085,847.8045626383232,21.753792999165757,1.9016211222784047e-05,7.481166846026598e-10
5.0,train_bus_ebike_mtv_ucb,berkeley_to_mtv_SF_express_bus/express_bus_4,2768,1.1595518300253291,0.9747157004676398,0.022551468031725974,44780511492.07574,9003792.694218282,5209.622224890267,37.762862208742774,6.080772395061078e-07,7.342253319793175e-10
5.0,train_bus_ebike_mtv_ucb,berkeley_to_mtv_SF_express_bus/walk_downtown_urban_canyon_4,687,1.0155550644716347,0.8680409604215221,0.12373774916571322,1.4572378595900606e+16,45166235606.413246,182000.4166488166,12.070394628513478,3.0908237343985824e-13,8.02529976053429e-10
5.0,train_bus_ebike_mtv_ucb,berkeley_to_mtv_SF_express_bus/light_rail_below_above_ground_4,978,1.1316995244750658,0.9762004634048554,0.033598595902322205,2.085992467031601e+16,24866972505.86797,379555.2020998466,27.86301719910596,7.367888780072152e-13,8.145851430344032e-10
5.0,train_bus_ebike_mtv_ucb,berkeley_to_mtv_SF_express_bus/commuter_rail_with_tunnels_4,4839,1.1691312469162367,0.9968915805502455,0.03569284342887911,57352606641602.38,82288995.3656966,14970.971110510656,842.1364519255002,6.962093523942022e-08,7.999884506231548e-10
5.0,train_bus_ebike_mtv_ucb,berkeley_to_mtv_SF_express_bus/inner_suburb_downtown_walk_4,1081,1.0827986868850388,0.9966288053274287,0.04725599698187916,1777300607.6124265,1811263.2465996575,3080.995480996913,1.1735805082357729,2.8919469773816195e-07,7.13358173776683e-10
5.0,train_bus_ebike_mtv_ucb,mtv_to_berkeley_sf_bart/walk_to_caltrain_5,953,1.0955377151487455,0.9487565568801912,0.057725635077007946,3.89214665437874e+17,251994435383.24158,1012415.5558300182,2.328373848898359,1.873306860154069e-15,7.066114844795951e-10
5.0,train_bus_ebike_mtv_ucb,mtv_to_berkeley_sf_bart/commuter_rail_aboveground_5,2913,1.1698908683633351,0.9963953555114579,0.03398391860120614,4.9219859134917706e+20,117349322355550.31,55956485.3754734,561.6170830403846,2.1993557765523874e-15,7.225986198398043e-10
5.0,train_bus_ebike_mtv_ucb,mtv_to_berkeley_sf_bart/subway_underground_5,3900,1.1853006964856805,0.9954414281855775,0.024840442430267267,inf,inf,inf,12.088099357669517,0.0,8.022390272317053e-10
5.0,train_bus_ebike_mtv_ucb,mtv_to_berkeley_sf_bart/walk_to_bus_5,304,0.981224067490317,0.8824163210476238,0.275081972966545,688262112.899375,480147.0370445035,517.6009395383699,10.06453857357402,2.4070341397435703e-06,8.417568395528515e-10
5.0,train_bus_ebike_mtv_ucb,mtv_to_berkeley_sf_bart/city_bus_short_5,309,1.3267780084595318,0.9682903930443685,0.040695809414695146,30242241473.895466,8024642.390151613,10656.159174313543,37.60776443491867,1.9528668171469909e-07,6.4425497260919e-10
5.0,train_bus_ebike_mtv_ucb,walk_urban_university/walk_urban_university_5,826,1.0912703168849494,0.9421291304192584,0.04199304766873166,50904159449.739204,12488381.589853128,3064.1061564907886,1.9758767242048134,2.002892841706773e-08,8.783406312073868e-10
5.0,train_bus_ebike_mtv_ucb,berkeley_to_mtv_SF_express_bus/walk to the bikeshare location_5,356,1.1082698172397754,0.9969791596642373,0.04532214633936056,5783.810723081364,371.39291652448264,28.271788865060433,0.9460514113712821,0.037898423353695795,5.692611509058333e-10
5.0,train_bus_ebike_mtv_ucb,berkeley_to_mtv_SF_express_bus/ebike_bikeshare_urban_long_5,1414,1.2221166437991446,0.9450685497599555,0.05051760034366362,216095137465.2246,5976464.593526521,576.9903035733963,31.728861561556947,1.5169990911624146e-07,7.481166846026598e-10
5.0,train_bus_ebike_mtv_ucb,berkeley_to_mtv_SF_express_bus/express_bus_5,2381,1.1901073489375285,0.9672676801054748,0.03130540069734831,90984837205358.64,108801872.53187199,11740.213929776206,655.6062538055288,1.711312037713504e-08,7.342253319793175e-10
5.0,train_bus_ebike_mtv_ucb,berkeley_to_mtv_SF_express_bus/walk_downtown_urban_canyon_5,652,1.0130380518125965,0.8750108211175981,0.12039522392531701,2.4616508838155915e+19,5417569012921.58,1937473.641026072,6.792535152337878,9.232193370815162e-17,8.02529976053429e-10
5.0,train_bus_ebike_mtv_ucb,berkeley_to_mtv_SF_express_bus/light_rail_below_above_ground_5,799,1.1549854912682338,0.9736099643277499,0.021941972004401105,737039050.9289128,405718.9601121262,1080.9062600788811,12.391393521429915,4.9676060866561786e-06,8.145851430344032e-10
5.0,train_bus_ebike_mtv_ucb,berkeley_to_mtv_SF_express_bus/commuter_rail_with_tunnels_5,4252,1.1966217433545243,0.9952035472579681,0.023326300483583418,2051066633807.1162,66197514.216130994,15246.42368775293,548.9991595063565,7.381954711147691e-07,7.999884506231548e-10
5.0,train_bus_ebike_mtv_ucb,berkeley_to_mtv_SF_express_bus/inner_suburb_downtown_walk_5,1063,1.0837897723786443,0.9964671672294578,0.049945147447710295,618631502.0341696,812622.3333215876,1075.589700838115,1.061340282522323,1.8136363921780397e-06,7.13358173776683e-10
5.0,train_bus_ebike_mtv_ucb,mtv_to_berkeley_sf_bart/walk_to_caltrain_6,945,1.0943668186564532,0.9533283105384409,0.047387994095183975,783388175675.4169,88344279.43169256,9966.908708835308,1.94713440528625,2.3473026029183693e-09,7.066114844795951e-10
5.0,train_bus_ebike_mtv_ucb,mtv_to_berkeley_sf_bart/commuter_rail_aboveground_6,2859,1.174898475263851,0.9968861495782776,0.03147638182223582,299919474588.5014,28430317.505191967,26898.64961929429,1866.4184628000626,3.666332184111285e-06,7.225986198398043e-10
5.0,train_bus_ebike_mtv_ucb,mtv_to_berkeley_sf_bart/subway_underground_6,3901,1.1888153695217625,0.9968819785285314,0.013672434863613886,2.000844626478409e+16,10394049611.087158,781346.9986666271,61.17338758107183,1.0653416397417109e-11,8.022390272317053e-10
5.0,train_bus_ebike_mtv_ucb,mtv_to_berkeley_sf_bart/walk_to_bus_6,292,1.0112037324657515,0.9349428917605862,0.2616957275117698,119108673.08389446,151447.49301654325,371.1409342634205,6.414940300318439,6.108780996384529e-06,8.417568395528515e-10
5.0,train_bus_ebike_mtv_ucb,mtv_to_berkeley_sf_bart/city_bus_short_6,366,1.1933310208133237,0.9748670505957341,0.03749487842903497,51378188.94601195,114440.90760323666,927.0817268319028,387.71466616993575,0.0005478132770599958,6.922048303980974e-10
5.0,train_bus_ebike_mtv_ucb,walk_urban_university/walk_urban_university_6,824,1.0908826258836604,0.9685104095024464,0.05569646214687014,5815261849.69637,1041256.6610463636,637.0974388393374,1.621782949451964,1.939159178146328e-07,8.783406312073868e-10
5.0,train_bus_ebike_mtv_ucb,berkeley_to_mtv_SF_express_bus/walk to the bikeshare location_6,431,1.0867783565118991,0.9949695450921687,0.044052559149501916,12246020332.315022,1261935.0982150596,850.6650363139482,1.1285322465153553,3.926050503399244e-08,5.692611509058333e-10
5.0,train_bus_ebike_mtv_ucb,berkeley_to_mtv_SF_express_bus/ebike_bikeshare_urban_long_6,1513,1.205552394831096,0.975957340903005,0.02928205105852851,1815763036.6351955,563651.8195760206,574.6344832643139,19.39159285321261,1.0769221810673624e-05,7.481166846026598e-10
5.0,train_bus_ebike_mtv_ucb,berkeley_to_mtv_SF_express_bus/express_bus_6,2422,1.186775116729081,0.9642763592661338,0.0609074520613112,1041940725678.7263,58626654.009249,11034.620176927076,1614.9626903555354,1.6498836522065514e-06,7.342253319793175e-10
5.0,train_bus_ebike_mtv_ucb,berkeley_to_mtv_SF_express_bus/walk_downtown_urban_canyon_6,666,1.0171660376133402,0.8967588940019285,0.11244874447144966,inf,inf,inf,1.6943767514441608,0.0,8.02529976053429e-10
5.0,train_bus_ebike_mtv_ucb,berkeley_to_mtv_SF_express_bus/light_rail_below_above_ground_6,941,1.1402625530901338,0.9886624811705397,0.023775988287386324,152086408.3890417,154155.42148260504,755.6390803283944,14.326452636625618,2.9400321319766774e-05,8.145851430344032e-10
5.0,train_bus_ebike_mtv_ucb,berkeley_to_mtv_SF_express_bus/commuter_rail_with_tunnels_6,4217,1.1988857076704018,0.9971460732473327,0.02131427576406087,6.60824943612259e+16,57793314047.784424,697399.4005053737,390.142989741213,2.060795026882063e-11,7.999884506231548e-10
5.0,train_bus_ebike_mtv_ucb,berkeley_to_mtv_SF_express_bus/inner_suburb_downtown_walk_6,1188,1.0738826255310765,0.9944354075597653,0.0369655173128416,29109154.542715646,67629.20218454055,285.02563132820313,0.9887601871336813,2.2926901778211387e-05,7.13358173776683e-10
5.0,train_bus_ebike_mtv_ucb,mtv_to_berkeley_sf_bart/walk_to_caltrain_7,1068,1.0828504778722483,0.9144186655761695,0.08411348100912373,212295686.83406672,390003.1015375756,723.4862051324998,2.2441398410297793,6.040728205119846e-06,7.066114844795951e-10
5.0,train_bus_ebike_mtv_ucb,mtv_to_berkeley_sf_bart/commuter_rail_aboveground_7,2786,1.1797285620215774,0.9958049622479955,0.023013108548587905,46771631929343.71,345688007.8141834,20260.073213292955,934.0719657423213,5.335588338827494e-08,7.225986198398043e-10
5.0,train_bus_ebike_mtv_ucb,mtv_to_berkeley_sf_bart/subway_underground_7,3898,1.1883839249300352,0.9962726286343799,0.013851969456934218,4.25375642245464e+19,10141745276873.73,16188329.627351746,43.58294183615274,5.177477799467941e-16,8.022390272317053e-10
5.0,train_bus_ebike_mtv_ucb,mtv_to_berkeley_sf_bart/walk_to_bus_7,295,1.0189141518045253,0.9506474755933385,0.2050573545089659,2.249424411942116e+18,1072609144768.5773,511472.0912014235,1.944546040268264,2.3967434586510773e-16,8.417568395528515e-10
5.0,train_bus_ebike_mtv_ucb,mtv_to_berkeley_sf_bart/city_bus_short_7,304,1.2541401479273258,0.9613654608451583,0.05147760548891027,738891106.272699,376460.6804016802,1012.592828637038,364.96623338481436,8.292025971913987e-05,6.922048303980974e-10
5.0,train_bus_ebike_mtv_ucb,walk_urban_university/walk_urban_university_7,851,1.0885569421297292,0.9814220233741067,0.06501493216222028,4540879.082349606,24636.03629937552,134.5076234343181,2.253916397002695,0.00020284734723433846,8.783406312073868e-10
5.0,train_bus_ebike_mtv_ucb,berkeley_to_mtv_SF_express_bus/walk to the bikeshare location_7,442,1.087033213507231,0.9635872202208832,0.027801653371958085,13915.84042915769,545.3348606391,24.230133255332746,1.9403786735886104,0.011250255717662508,5.692611509058333e-10
5.0,train_bus_ebike_mtv_ucb,berkeley_to_mtv_SF_express_bus/ebike_bikeshare_urban_long_7,1343,1.2367271889777305,0.9874880955559338,0.024172624599621023,2278193849.425282,530686.4344253165,569.5974369334764,22.34425867810427,1.0694110680635873e-05,7.481166846026598e-10
5.0,train_bus_ebike_mtv_ucb,berkeley_to_mtv_SF_express_bus/express_bus_7,2349,1.1936553641922936,0.9806114499367824,0.026682719669457337,21685059980.68419,7134787.9496238185,7604.713703353696,51.35191869836895,1.9024885064302017e-06,7.39791657760347e-10
5.0,train_bus_ebike_mtv_ucb,berkeley_to_mtv_SF_express_bus/walk_downtown_urban_canyon_7,659,1.0180392949626504,0.8991215431677726,0.1007217963232349,3.3587523198623584e+19,8007889556935.811,1909243.8055562128,2.39880286128632,2.3456162766538422e-17,8.02529976053429e-10
5.0,train_bus_ebike_mtv_ucb,berkeley_to_mtv_SF_express_bus/light_rail_below_above_ground_7,885,1.1425299957631614,0.9820353397242455,0.043248185300691515,200130117530.0886,29649160.890774246,10790.530631493573,20.027354728040446,3.5904937685550833e-08,8.145851430344032e-10
5.0,train_bus_ebike_mtv_ucb,berkeley_to_mtv_SF_express_bus/commuter_rail_with_tunnels_7,3506,1.249000021152574,0.9924621779371767,0.025841138505794822,223518709600.46805,29297629.133538023,23227.78166060537,541.5599057798373,1.0264823693793458e-06,7.999884506231548e-10
5.0,train_bus_ebike_mtv_ucb,berkeley_to_mtv_SF_express_bus/inner_suburb_downtown_walk_7,1183,1.0749632752668052,0.9963359381452505,0.04956925995294613,38223432.67830953,108870.15598446559,475.0638191317199,0.9658906488758401,1.4991004577476188e-05,7.13358173776683e-10
5.0,train_bus_ebike_mtv_ucb,mtv_to_berkeley_sf_bart/walk_to_caltrain_8,930,1.0969774543749897,0.9267776133784803,0.07336138659162932,51794755.94077417,146431.74717418465,418.59870421256124,1.776585993556304,2.9887698392254937e-05,7.066114844795951e-10
5.0,train_bus_ebike_mtv_ucb,mtv_to_berkeley_sf_bart/commuter_rail_aboveground_8,2857,1.1743145902344905,0.9948999944135437,0.04137664431487875,273069894748.46628,22963493.39275743,19848.404769003744,1960.440616378173,5.773243031454918e-06,7.225986198398043e-10
5.0,train_bus_ebike_mtv_ucb,mtv_to_berkeley_sf_bart/subway_underground_8,3959,1.1866120443423807,0.9942838859793917,0.021983477945364847,inf,inf,inf,42.61875762686343,0.0,8.022390272317053e-10
5.0,train_bus_ebike_mtv_ucb,mtv_to_berkeley_sf_bart/walk_to_bus_8,310,1.0141673616511007,0.9858767349816652,0.19275072401409982,569941.7300550182,4167.843430889083,64.62580452563476,0.3236468030484855,3.9829198404864635e-05,8.417568395528515e-10
5.0,train_bus_ebike_mtv_ucb,mtv_to_berkeley_sf_bart/city_bus_short_8,301,1.253930808086201,0.9634151161627574,0.042273572876940925,480675989.5580266,152090.65961074317,633.724063976581,80.62646881352113,3.579836270757381e-05,6.922048303980974e-10
5.0,train_bus_ebike_mtv_ucb,walk_urban_university/walk_urban_university_8,875,1.0849693539532443,0.9809342046091587,0.04923940479599914,19137034.909867946,52580.35624641054,363.07541096761037,1.2308470749708489,1.80504066857866e-05,8.783406312073868e-10
5.0,train_bus_ebike_mtv_ucb,berkeley_to_mtv_SF_express_bus/walk to the bikeshare location_8,408,1.09519981998664,0.9975105393995395,0.041615244257370544,593.6822638840581,44.55248757018765,6.90089563853008,1.3548866051421564,0.15245052349008853,5.692611509058333e-10
5.0,train_bus_ebike_mtv_ucb,berkeley_to_mtv_SF_express_bus/ebike_bikeshare_urban_long_8,1518,1.2048345218974925,0.9714045497468168,0.029565271545696603,3580415656.7547364,509631.7873493966,423.3020956680022,20.342872866089255,4.65768154221529e-06,7.481166846026598e-10
5.0,train_bus_ebike_mtv_ucb,berkeley_to_mtv_SF_express_bus/express_bus_8,2592,1.1717501324029564,0.9801209804124913,0.021698890389093402,313623167462.4791,55309549.402055666,20111.596856573797,37.03124619664227,1.869473088939335e-07,7.39791657760347e-10
5.0,train_bus_ebike_mtv_ucb,berkeley_to_mtv_SF_express_bus/walk_downtown_urban_canyon_8,600,1.016174717026029,0.8706328372730409,0.12572827077401022,27205886866.346684,7137413.535307858,2955.188126171917,14.286344239456998,1.0486164381709819e-07,8.02529976053429e-10
5.0,train_bus_ebike_mtv_ucb,berkeley_to_mtv_SF_express_bus/light_rail_below_above_ground_8,778,1.163861941862176,0.9731012920473451,0.025805419022809438,1534659304.3697283,478206.8385802821,1729.7658422884172,14.577428164062432,3.889448555523193e-06,8.145851430344032e-10
5.0,train_bus_ebike_mtv_ucb,berkeley_to_mtv_SF_express_bus/commuter_rail_with_tunnels_8,3844,1.2228946151617601,0.9960682839241618,0.019691146673457862,202948530900961.34,822573938.7346503,21772.075308828847,596.3739904547451,9.717418815169799e-09,7.999884506231548e-10
5.0,train_bus_ebike_mtv_ucb,berkeley_to_mtv_SF_express_bus/inner_suburb_downtown_walk_8,1209,1.0728011476574286,0.983281753693659,0.05269989630843635,250303811.38856602,282140.08589748654,507.4352543151136,1.1426344356625284,1.8007361226712147e-06,7.13358173776683e-10
5.0,train_bus_ebike_mtv_ucb,mtv_to_berkeley_sf_bart/walk_to_caltrain_9,945,1.0954605058009415,0.9262476152245765,0.0719996843508821,11523003412.44639,5758352.601746507,2883.80640479369,2.2760558612640636,1.763712717690431e-07,7.066114844795951e-10
5.0,train_bus_ebike_mtv_ucb,mtv_to_berkeley_sf_bart/commuter_rail_aboveground_9,2690,1.1877978720363205,0.9957847389990933,0.029642050649719653,1406057026815.7424,125711339.03830764,19820.670819570296,4098.832083086266,2.7513985968775486e-06,7.225986198398043e-10
5.0,train_bus_ebike_mtv_ucb,mtv_to_berkeley_sf_bart/subway_underground_9,3904,1.1885711762327678,0.9564853271698696,0.02459776739169111,inf,inf,inf,52.57079749146204,0.0,8.022390272317053e-10
5.0,train_bus_ebike_mtv_ucb,mtv_to_berkeley_sf_bart/walk_to_bus_9,295,1.019113170507507,0.967816824894655,0.23570741468444018,14350573498.954033,3688339.625521884,950.6225913437839,0.6702452797182699,1.3769663930447852e-08,8.417568395528515e-10
5.0,train_bus_ebike_mtv_ucb,mtv_to_berkeley_sf_bart/city_bus_short_9,363,1.1985066607877144,0.9673987264262646,0.03793677330555273,345916881.6953748,235295.57553675573,1235.4005026421264,377.34789659608526,0.00018497602321524922,6.922048303980974e-10
5.0,train_bus_ebike_mtv_ucb,walk_urban_university/walk_urban_university_9,836,1.0882309682362954,0.972367234974945,0.0356040666730273,133992856.91520856,106388.7821116839,268.96045391199306,1.0673512513033456,5.8784873166935886e-06,8.783406312073868e-10
5.0,train_bus_ebike_mtv_ucb,berkeley_to_mtv_SF_express_bus/walk to the bikeshare location_9,432,1.0891073388656758,0.9907867486070506,0.03702631527957419,821315.6581463086,5236.616263623316,36.237506111921576,1.6201791255930997,0.0007426867232172682,5.692611509058333e-10
5.0,train_bus_ebike_mtv_ucb,berkeley_to_mtv_SF_express_bus/ebike_bikeshare_urban_long_9,1623,1.1880278651697171,0.9920376642687037,0.06490806509489877,7393209581.822144,632810.4540146356,771.5071180226538,26.093887064723198,3.7995332203495294e-06,7.481166846026598e-10
5.0,train_bus_ebike_mtv_ucb,berkeley_to_mtv_SF_express_bus/express_bus_9,2317,1.1963551615332029,0.9767409593611139,0.031104837240793645,80967200233309.52,251630337.1914039,7334.59962470816,398.20852318469724,1.1292242815417966e-08,7.342253319793175e-10
5.0,train_bus_ebike_mtv_ucb,berkeley_to_mtv_SF_express_bus/walk_downtown_urban_canyon_9,690,1.013759196669441,0.8583053446939868,0.13430097522534495,46052128122.47203,9705988.522983747,2050.0497148027903,4.800960422186815,7.168646337909299e-08,8.02529976053429e-10
5.0,train_bus_ebike_mtv_ucb,berkeley_to_mtv_SF_express_bus/light_rail_below_above_ground_9,1170,1.1071992676153348,0.9784341038359585,0.04469117412943585,9315545364462.436,51082725.14622259,4322.601304340047,15.614285038013353,1.9408239141094934e-09,8.145851430344032e-10
5.0,train_bus_ebike_mtv_ucb,berkeley_to_mtv_SF_express_bus/commuter_rail_with_tunnels_9,3566,1.2440506096065116,0.9897726116776953,0.03799472147896183,73039174579124.89,1654320084.4332018,79824.57409056582,1262.2740312247731,3.5690401382168537e-08,7.999884506231548e-10
5.0,train_bus_ebike_mtv_ucb,berkeley_to_mtv_SF_express_bus/inner_suburb_downtown_walk_9,1229,1.0715652742027313,0.9910376843566993,0.04739412992092067,7893347223667022.0,37638412928.028404,179491.95897445874,0.849173119815844,1.3216305428537585e-13,7.13358173776683e-10
5.0,train_bus_ebike_mtv_ucb,mtv_to_berkeley_sf_bart/walk_to_caltrain_10,1038,1.0871036742378968,0.9119518405378026,0.08618130993992668,1.209825433653318e+18,1153779444231.0796,1100360.240460488,2.3982857946982663,2.0576653452194917e-15,7.066114844795951e-10
5.0,train_bus_ebike_mtv_ucb,mtv_to_berkeley_sf_bart/commuter_rail_aboveground_10,2748,1.1834306999310864,0.9936895104697325,0.025380160478978772,15401833642134.121,59006691.73835343,14307.473710091348,1233.1900447153585,2.099072442716904e-07,7.225986198398043e-10
5.0,train_bus_ebike_mtv_ucb,mtv_to_berkeley_sf_bart/subway_underground_10,4979,1.1426694546365235,1.0402830197298958,0.13688337431924086,inf,inf,inf,48.862245837225046,0.0,8.022390272317053e-10
5.0,train_bus_ebike_mtv_ucb,mtv_to_berkeley_sf_bart/walk_to_bus_10,294,1.0074662019875977,0.9601579949336105,0.17558123049203397,inf,inf,inf,0.24460754780537305,0.0,8.417568395528515e-10
5.0,train_bus_ebike_mtv_ucb,mtv_to_berkeley_sf_bart/city_bus_short_10,431,1.16755667949454,0.9880756641459634,0.053501621270987516,132255407.29243428,188981.3922436633,943.5439260512471,603.8971429676151,0.00031993607099512075,6.922048303980974e-10
5.0,train_bus_ebike_mtv_ucb,walk_urban_university/walk_urban_university_10,789,1.0955791838281446,0.9825069780818352,0.03980815691262191,20422369516.06888,2463962.428562347,3527.425309938979,1.197352731457539,3.443737807490754e-08,8.783406312073868e-10
5.0,train_bus_ebike_mtv_ucb,berkeley_to_mtv_SF_express_bus/walk to the bikeshare location_10,389,1.1009268787162443,0.9976294762960949,0.032629798372270785,140224837.37110943,273817.2157157199,823.7529838770906,1.1161240088029065,1.621664074163215e-06,5.692611509058333e-10
5.0,train_bus_ebike_mtv_ucb,berkeley_to_mtv_SF_express_bus/ebike_bikeshare_urban_long_10,1465,1.2137480054438836,0.9552871083464438,0.04233447326287969,85368592.60868542,101454.470863926,702.5469392062192,25.007500146270072,0.00010819914796488225,7.481166846026598e-10
5.0,train_bus_ebike_mtv_ucb,berkeley_to_mtv_SF_express_bus/express_bus_10,2907,1.1508506121901214,0.987737819587934,0.01613238117929464,27505603057316.066,26184717.557919502,8434.766849575502,26.636811458256794,2.810407447002827e-09,7.342253319793175e-10
5.0,train_bus_ebike_mtv_ucb,berkeley_to_mtv_SF_express_bus/walk_downtown_urban_canyon_10,617,1.0165926738972977,0.8766866170434947,0.12263742617717109,7729538953171.115,307758547.6841044,12276.46126436453,7.130666250791486,5.689083994315507e-10,8.02529976053429e-10
5.0,train_bus_ebike_mtv_ucb,berkeley_to_mtv_SF_express_bus/light_rail_below_above_ground_10,1016,1.127149574065417,0.9822516343263733,0.08334735662329999,1374869281.5964863,1699638.5360366527,2112.1450792928454,66.41398035408804,2.9690136733584567e-05,8.145851430344032e-10
5.0,train_bus_ebike_mtv_ucb,berkeley_to_mtv_SF_express_bus/commuter_rail_with_tunnels_10,3474,1.2523900326900481,0.9981999522418549,0.03291809879330618,1.7810673251647526e+16,182595003699.81723,1872117.400724374,675.028889672994,1.3094482194797227e-10,7.999884506231548e-10
5.0,train_bus_ebike_mtv_ucb,berkeley_to_mtv_SF_express_bus/inner_suburb_downtown_walk_10,1179,1.0747560040646835,0.9973591431097055,0.047694359359724436,9.876051294245109e+16,227896178743.49243,497842.1064123832,1.422058143994588,6.340734767553053e-15,7.13358173776683e-10
5.0,train_bus_ebike_mtv_ucb,mtv_to_berkeley_sf_bart/walk_to_caltrain_11,965,1.094029028569406,0.8878090904771584,0.11566623128023519,1119120614.9451752,1119304.8470634343,1120.6581456638332,3.857312420480679,3.2190905537022167e-06,7.066114844795951e-10
5.0,train_bus_ebike_mtv_ucb,mtv_to_berkeley_sf_bart/commuter_rail_aboveground_11,2641,1.191807419256405,0.9962415610836289,0.023115251933404236,1599777582428693.2,8009750967.05431,40169.421112455624,726.8379537348625,1.1995462968489867e-09,7.225986198398043e-10
5.0,train_bus_ebike_mtv_ucb,mtv_to_berkeley_sf_bart/subway_underground_11,3895,1.1895220355329692,1.085332462542908,0.09664521801291957,inf,inf,inf,31.181517797125156,0.0,8.022390272317053e-10
5.0,train_bus_ebike_mtv_ucb,mtv_to_berkeley_sf_bart/walk_to_bus_11,269,1.022172695978457,0.9453516609780523,0.1448692548881331,9646408726046.777,273686084.3657414,7764.969835167699,0.16210477920320457,2.266679276158752e-12,6.946654363854002e-10
5.0,train_bus_ebike_mtv_ucb,mtv_to_berkeley_sf_bart/city_bus_short_11,349,1.2942963962744682,0.9760714196151574,0.05124048530907301,66538641.184030905,136509.38237752637,847.1232369313883,283.8839825300305,0.0004057020562190563,5.848063484045086e-10
5.0,train_bus_ebike_mtv_ucb,walk_urban_university/walk_urban_university_11,898,1.082627071163376,0.9780524145311084,0.0708027827298315,70587255111083.77,471220851.52667797,3155.5302974837564,1.654891936069383,2.1047443987337844e-11,8.783406312073868e-10
5.0,train_bus_ebike_mtv_ucb,berkeley_to_mtv_SF_express_bus/walk to the bikeshare location_11,423,1.0893560635539665,0.9941146781438323,0.035014192496107,inf,inf,inf,0.9061104295307536,0.0,5.692611509058333e-10
5.0,train_bus_ebike_mtv_ucb,berkeley_to_mtv_SF_express_bus/ebike_bikeshare_urban_long_11,1572,1.1946581044930873,0.983964661084381,0.0251590605876177,inf,inf,inf,17.187953725027125,0.0,7.481166846026598e-10
5.0,train_bus_ebike_mtv_ucb,berkeley_to_mtv_SF_express_bus/express_bus_11,2600,1.1716686141905124,0.9872640617240812,0.015303431318898697,193674729774.8178,15013515.718263704,6464.396225653921,41.58663644809372,2.383945306917051e-07,7.39791657760347e-10
5.0,train_bus_ebike_mtv_ucb,berkeley_to_mtv_SF_express_bus/walk_downtown_urban_canyon_11,620,1.0169665537221642,0.9023590129934524,0.08896429292473218,63673683.18904774,124945.8485382819,342.7569899663712,0.9949675137263494,4.708546481919872e-06,8.02529976053429e-10
5.0,train_bus_ebike_mtv_ucb,berkeley_to_mtv_SF_express_bus/light_rail_below_above_ground_11,799,1.164821429029239,0.9773907239790934,0.025089073824092662,374852381.6568113,243761.02007991885,963.7081248541266,13.758320880612999,5.195876853209067e-06,8.145851430344032e-10
5.0,train_bus_ebike_mtv_ucb,berkeley_to_mtv_SF_express_bus/commuter_rail_with_tunnels_11,4175,1.2011570291671751,0.9947014048828043,0.02386681041982883,64124963555029.11,214040188.33138523,78222.67023571747,950.7406951353449,5.4845437258365314e-08,7.999884506231548e-10
5.0,train_bus_ebike_mtv_ucb,berkeley_to_mtv_SF_express_bus/inner_suburb_downtown_walk_11,1255,1.069626844596422,0.9967567846870805,0.04521978205421708,3365509.1474166918,21185.264627570283,175.70889611007405,0.775605147406128,0.0001499900661778871,7.13358173776683e-10
5.5,unimodal_trip_car_bike_mtv_la,suburb_city_driving_weekend/suburb_city_driving_weekend_0,817,1.098848383130938,0.9700915603065949,0.04013241615006823,1119740145.2349873,565703.3029303766,1634.3047158073439,35.028434406119906,1.1099465716557637e-05,4.738408267387402e-10
5.5,unimodal_trip_car_bike_mtv_la,suburb_bicycling/suburb_bicycling_0,1270,1.090673815030576,0.9580621052560497,0.06352998000856779,121758679.56518167,67226.7337772309,457.41750016937294,9.202255002282559,6.116154479923684e-05,8.120676155485603e-10
5.5,unimodal_trip_car_bike_mtv_la,suburb_city_driving_weekend/suburb_city_driving_weekend_1,702,1.1204151607274049,0.9599372367654447,0.033096859281151504,138209884.1805783,174499.23044177843,1267.3880497002156,21.466815869902288,5.132563137923291e-05,4.738408267387402e-10
5.5,unimodal_trip_car_bike_mtv_la,suburb_bicycling/suburb_bicycling_1,1333,1.0865440468217906,0.9603284119928406,0.08203261450035328,1567907338.242376,183031.78728334059,273.13074728667056,8.062134387991442,6.6887808299686415e-06,8.120676155485603e-10
5.5,unimodal_trip_car_bike_mtv_la,suburb_city_driving_weekend/suburb_city_driving_weekend_2,709,1.1203633280456395,0.94211285660263,0.05561776797893048,107268021676.16371,8081616.220231289,1542.1355858524587,34.72322708650639,2.2351529132997193e-07,4.738408267387402e-10
5.5,unimodal_trip_car_bike_mtv_la,suburb_bicycling/suburb_bicycling_2,1266,1.0907908605848842,0.9488509553855686,0.05636993620780988,45654740.489598244,59996.054976320134,266.2690382334991,7.173268629901046,8.554790874439785e-05,8.120676155485603e-10
5.5,unimodal_trip_car_bike_mtv_la,suburb_city_driving_weekend/suburb_city_driving_weekend_3,853,1.096423610480842,0.9395717252729129,0.0635864874342824,346561886.7198311,165650.13987848556,1108.99470483696,40.34747401194721,5.803228916046823e-05,4.738408267387402e-10
5.5,unimodal_trip_car_bike_mtv_la,suburb_bicycling/suburb_bicycling_3,1320,1.086322270184237,0.9517646181791964,0.06289308584813252,3985306.6679644776,19165.43636613541,214.31482730716326,5.634246720328193,0.0004186695997301703,8.120676155485603e-10
5.5,unimodal_trip_car_bike_mtv_la,suburb_city_driving_weekend/suburb_city_driving_weekend_4,773,1.1091294442919983,0.9641434264719998,0.04053360486693704,467353580253.9678,6173597.363247915,641.3871074723785,10.495674222094127,1.735397740809192e-08,4.738408267387402e-10
5.5,unimodal_trip_car_bike_mtv_la,suburb_bicycling/suburb_bicycling_4,1285,1.088549737875304,0.9544168011452638,0.07158101997980529,1613644365.770075,333141.2756854585,618.2426850309922,9.409330739491674,3.833226211805585e-06,8.120676155485603e-10
5.5,unimodal_trip_car_bike_mtv_la,suburb_city_driving_weekend/suburb_city_driving_weekend_5,859,1.0962978341933842,0.9478861608689334,0.04940317941315349,82377160.263422,211791.66753378703,1190.6332135866214,17.4226457618778,3.676814749361814e-05,4.738408267387402e-10
5.5,unimodal_trip_car_bike_mtv_la,suburb_bicycling/suburb_bicycling_5,1297,1.087267374828877,0.9511532922189674,0.05638509680587321,247928164.24669668,136307.3325610934,279.47052062544486,6.986227218605203,1.8203285963846825e-05,8.120676155485603e-10
5.5,car_scooter_brex_san_jose,freeway_driving_weekday/freeway_driving_weekday_0,1976,1.1924318924647042,0.986200062546549,0.019042297964298214,151112081609.92465,20535947.69653181,8541.95710011262,263.5260816606184,1.940665028054419e-06,6.829429384774533e-10
5.5,car_scooter_brex_san_jose,bus trip with e-scooter access/city_escooter_0,1257,1.0417459760772478,0.9934683706131537,0.01802533834299065,2343678.396020806,27553.89641769685,334.30304318129106,6.508013577165928,0.0003609710306321689,6.416257647001624e-10
5.5,car_scooter_brex_san_jose,bus trip with e-scooter access/city_bus_rapid_transit_0,2745,1.163389687407169,0.9947987035337477,0.01777840869480585,35826754391.972404,6355086.317133674,4347.933272225148,477.57058846351794,1.0326099319250213e-05,6.217521112241125e-10
5.5,car_scooter_brex_san_jose,bus trip with e-scooter access/walk_back_from_bus_0,681,1.0434291626958394,0.9258487644796837,0.07470599177756035,56351.267981679404,567.5493244519706,31.223425744851525,1.005722590030597,0.005238185166687134,1.0612213331756848e-09
5.5,car_scooter_brex_san_jose,freeway_driving_weekday/freeway_driving_weekday_1,2032,1.18607065311847,0.9989970414600045,0.02612105415002316,84229162225.61896,5705626.6266704295,6065.473985767344,73.17210692457132,9.576907128824537e-07,6.829429384774533e-10
5.5,car_scooter_brex_san_jose,bus trip with e-scooter access/city_escooter_1,1236,1.0421526434890436,0.9896638012925421,0.021972043337679874,2230641144.4941573,2452248.3516314058,2699.7649082444364,8.757880494417616,4.811877546978955e-06,6.416257647001624e-10
5.5,car_scooter_brex_san_jose,bus trip with e-scooter access/city_bus_rapid_transit_1,2925,1.1515806544825775,0.9977417513851562,0.017029843354739588,96223493399.39684,8396581.646831073,8063.619978589389,534.8219252843763,5.632597733751109e-06,6.217521112241125e-10
5.5,car_scooter_brex_san_jose,bus trip with e-scooter access/walk_back_from_bus_1,640,1.0474594139929772,0.9271520992138511,0.06463661490948798,38091.55802196029,1114.4063409175146,45.87924241969028,0.5322444954284278,0.0013473062910655345,1.0612213331756848e-09
5.5,car_scooter_brex_san_jose,freeway_driving_weekday/freeway_driving_weekday_2,1749,1.2237778381016993,0.9871036262267631,0.015043579031537267,66810161371.815636,11218340.202315893,8338.124068851039,562.1690727269686,3.8042492605542097e-06,6.829429384774533e-10
5.5,car_scooter_brex_san_jose,bus trip with e-scooter access/city_escooter_2,1290,1.0406209181335506,0.9928261488319278,0.03731205112142282,6197281254.395787,353139.4009685597,238.86558710271729,9.915418439556305,2.0449718427718012e-06,6.416257647001624e-10
5.5,car_scooter_brex_san_jose,bus trip with e-scooter access/city_bus_rapid_transit_2,2622,1.1715913850747546,0.995985649197777,0.01986699263819206,18494387351567.406,189604456.44463024,6431.580338133334,693.6553262466969,9.736254634780972e-08,6.217521112241125e-10
5.5,car_scooter_brex_san_jose,bus trip with e-scooter access/walk_back_from_bus_2,620,1.0473522634796832,0.9176548950755463,0.07892530951746969,524584.4026437964,4973.660022367422,122.83702766808042,1.0548423022735907,0.0003274491322555574,1.0612213331756848e-09
5.5,car_scooter_brex_san_jose,freeway_driving_weekday/freeway_driving_weekday_3,1937,1.1965186374991097,0.9871808062998835,0.024409283047317435,618669003291.676,48823221.12023171,6874.942172113815,202.340139688497,5.855495367402777e-07,6.829429384774533e-10
5.5,car_scooter_brex_san_jose,bus trip with e-scooter access/city_escooter_3,1403,1.0364829551693713,0.9954817042194246,0.0598383384834845,5862011.8593924465,48897.991985684974,536.5188304094216,11.195325642107766,0.00035777034374212893,6.416257647001624e-10
5.5,car_scooter_brex_san_jose,bus trip with e-scooter access/city_bus_rapid_transit_3,2456,1.18540429586999,0.9963241419622592,0.02113861871733805,301057383817.27966,19451772.408788953,3534.3239950524576,735.3221573232026,4.516627788008991e-06,6.217521112241125e-10
5.5,car_scooter_brex_san_jose,bus trip with e-scooter access/walk_back_from_bus_3,648,1.0461283993757509,0.9351360110491609,0.06417141490468298,3320071.7379125636,22433.98190841253,258.0964325142359,0.805916350874217,4.523815884315561e-05,1.0612213331756848e-09
5.5,car_scooter_brex_san_jose,freeway_driving_weekday/freeway_driving_weekday_4,2006,1.1885208914580028,0.9820403810564935,0.03125304865075007,232693382649.28052,19140100.485485382,11219.461870678073,106.39395342792842,4.708297460714673e-07,6.829429384774533e-10
5.5,car_scooter_brex_san_jose,bus trip with e-scooter access/city_escooter_4,1310,1.039620183988995,0.9856522397300649,0.040870305267711717,448826894.6863434,246554.9611059299,461.304553668377,8.489805006985971,1.4015681104764027e-05,6.416257647001624e-10
5.5,car_scooter_brex_san_jose,bus trip with e-scooter access/city_bus_rapid_transit_4,2847,1.156450980254712,0.9961028589165372,0.01875892854616225,826945699555.1653,25628197.300494336,5340.2387757935885,1556.0806808589807,4.370483182998893e-06,6.217521112241125e-10
5.5,car_scooter_brex_san_jose,bus trip with e-scooter access/walk_back_from_bus_4,654,1.0465069517457688,0.9285462791353418,0.07406069811001177,6882986.930416165,14702.303976571568,190.56305647435076,0.810181290656337,5.611696147152023e-05,1.0612213331756848e-09
5.5,car_scooter_brex_san_jose,freeway_driving_weekday/freeway_driving_weekday_5,1921,1.1980761773432484,0.9949643868411869,0.02323164437021143,296224062589.55133,9667559.487687351,10578.10158194235,404.55977205280067,1.377514728715726e-06,6.829429384774533e-10
5.5,car_scooter_brex_san_jose,bus trip with e-scooter access/city_escooter_5,1286,1.0397289596227934,0.9896033327212335,0.027488731897827325,8453641.019857448,30195.288957212157,237.27494936762494,8.704383771288281,0.00041404507128246396,6.416257647001624e-10
5.5,car_scooter_brex_san_jose,bus trip with e-scooter access/city_bus_rapid_transit_5,2555,1.1776030852712926,0.9968532201259499,0.014403028085332246,347748385253.78467,18820512.687526617,3021.0429699069214,539.7898899934239,2.6519601541381484e-06,6.217521112241125e-10
5.5,car_scooter_brex_san_jose,bus trip with e-scooter access/walk_back_from_bus_5,647,1.0451589920032545,0.9328751574247046,0.06540370915879391,2436754.839950074,7642.599334571938,97.22117347896956,0.8183964109939622,0.00013984814454074413,1.0612213331756848e-09
5.5,car_scooter_brex_san_jose,freeway_driving_weekday/freeway_driving_weekday_6,2002,1.1899229005519512,0.9835718132181749,0.016418078739097567,3.2808292856067113e+19,23466319688812.918,16784431.79602424,162.6069905403743,9.922459611868946e-15,6.829429384774533e-10
5.5,car_scooter_brex_san_jose,bus trip with e-scooter access/city_escooter_6,1482,1.034046591113879,0.9944756008361649,0.031443888127733174,9.395438592090688e+16,134402827479.95076,192305.1101218063,11.403739811081017,1.798759259565933e-13,6.416257647001624e-10
5.5,car_scooter_brex_san_jose,bus trip with e-scooter access/city_bus_rapid_transit_6,2855,1.1552854821524332,0.9949041003743773,0.019684725790936847,119758263669.35596,6227684.784330581,3695.6023308310096,1783.3041433852318,1.9447825953802703e-05,6.217521112241125e-10
5.5,car_scooter_brex_san_jose,bus trip with e-scooter access/walk_back_from_bus_6,625,1.048819175857893,0.9250147741654907,0.07146063423397946,inf,inf,inf,1.0790909083424698,0.0,1.0612213331756848e-09
5.5,train_bus_ebike_mtv_ucb,mtv_to_berkeley_sf_bart/walk_to_caltrain_0,1115,1.0798996314206475,0.9440053146817338,0.05199859096533307,527576.0084780358,3272.5527782386175,67.7592230389837,1.0158966064966684,0.0005097316764291316,7.066114844795951e-10
5.5,train_bus_ebike_mtv_ucb,mtv_to_berkeley_sf_bart/commuter_rail_aboveground_0,2927,1.1699103468304564,0.993164867622405,0.025418449029941805,inf,inf,inf,115.241163208051,0.0,7.225986198398043e-10
5.5,train_bus_ebike_mtv_ucb,mtv_to_berkeley_sf_bart/subway_underground_0,3864,1.1795275206619795,0.988895522990642,0.02397526380222663,inf,inf,inf,27.283433572341934,0.0,8.022390272317053e-10
5.5,train_bus_ebike_mtv_ucb,mtv_to_berkeley_sf_bart/walk_to_bus_0,285,1.0072153442106522,0.9264951693462254,0.28365275169510584,3031580.5410992242,13203.378135580098,70.42308122972692,36.01257321177884,0.001506321762451022,8.417568395528515e-10
5.5,train_bus_ebike_mtv_ucb,mtv_to_berkeley_sf_bart/city_bus_short_0,473,1.187725272612657,0.9730314314809463,0.10677260597574875,930110113.8705555,544631.9792480851,947.1936447838661,320.440556602234,0.00011018139979627865,6.4425497260919e-10
5.5,train_bus_ebike_mtv_ucb,walk_urban_university/walk_urban_university_0,866,1.0852523030292662,0.9822504261264109,0.046653018374287814,1678383.4871841716,10355.120482617824,182.36746445472073,0.9844606845451629,0.00030007676383589154,8.783406312073868e-10
5.5,train_bus_ebike_mtv_ucb,berkeley_to_mtv_SF_express_bus/walk to the bikeshare location_0,305,1.063190908063734,0.927408814174471,0.044444322291711795,2467643.611453489,3014.0610043181996,37.009929544167015,0.8601588933536564,0.00010424664857642207,4.6000558237409036e-10
5.5,train_bus_ebike_mtv_ucb,berkeley_to_mtv_SF_express_bus/ebike_bikeshare_urban_long_0,1467,1.2122461443254104,0.9633072503893061,0.03119426597556839,160524771446.49033,3788945.2773087206,678.9977240962922,20.603253361021864,1.3991440035871275e-07,7.591327569011733e-10
5.5,train_bus_ebike_mtv_ucb,berkeley_to_mtv_SF_express_bus/express_bus_0,2751,1.1684156332095168,0.9779714956067638,0.02139477578715929,240916046670.701,11691615.687706593,7710.110836820451,68.60224128596312,3.8592817450378657e-07,6.769007973500341e-10
5.5,train_bus_ebike_mtv_ucb,berkeley_to_mtv_SF_express_bus/walk_downtown_urban_canyon_0,639,1.0228416010453756,0.8360968726663397,0.17340981009729847,867524.4275364814,7635.3742594993255,109.47784455133043,2.3819162213011387,0.00036020259513359253,1.060580868851958e-09
5.5,train_bus_ebike_mtv_ucb,berkeley_to_mtv_SF_express_bus/light_rail_below_above_ground_0,834,1.1584694695622915,0.9779776797423717,0.03001477342274198,1411427684692.586,105067519.43558516,88401.10327536888,22.219996510191887,2.1818694981416013e-09,8.145851430344032e-10
5.5,train_bus_ebike_mtv_ucb,berkeley_to_mtv_SF_express_bus/commuter_rail_with_tunnels_0,4775,1.1718853165149357,0.9975129038920357,0.020447009636496365,9.614858702552496e+20,229236094954630.75,54654433.705386944,647.1052836903092,3.213700013446577e-15,7.999884506231548e-10
5.5,train_bus_ebike_mtv_ucb,berkeley_to_mtv_SF_express_bus/inner_suburb_downtown_walk_0,1201,1.0739265613728732,0.99367240547913,0.042707927940921986,3605026.6052533183,17900.084643682778,210.2223923362591,0.830230050885743,0.00010898323424304706,7.13358173776683e-10
5.5,train_bus_ebike_mtv_ucb,mtv_to_berkeley_sf_bart/walk_to_caltrain_1,1012,1.0885996728621061,0.9380033564288238,0.05432166767994545,1211369.219886457,7965.780735945248,183.6920548620151,1.3509829206847825,0.00017572697803543906,7.066114844795951e-10
5.5,train_bus_ebike_mtv_ucb,mtv_to_berkeley_sf_bart/commuter_rail_aboveground_1,2709,1.1851406281220844,0.9917007635870672,0.025254199565143198,849345328922705.2,5077751172.780911,775570.89893373,107.85958771809516,1.1245094225604802e-10,7.225986198398043e-10
5.5,train_bus_ebike_mtv_ucb,mtv_to_berkeley_sf_bart/subway_underground_1,3887,1.1905516105002931,0.9677624055158122,0.018913646575239255,inf,inf,inf,40.93979016447667,0.0,8.022390272317053e-10
5.5,train_bus_ebike_mtv_ucb,mtv_to_berkeley_sf_bart/walk_to_bus_1,215,1.004735401206298,0.911562966245256,0.22135155872578502,9551.569500798605,305.31808980285723,15.530405750376374,1.6220896610990907,0.004882859516606808,8.417568395528515e-10
5.5,train_bus_ebike_mtv_ucb,mtv_to_berkeley_sf_bart/city_bus_short_1,535,1.1655471854371682,0.985812079005009,0.06699019951039784,284709768.2810585,341564.26663423056,638.7877407062397,252.832370453643,0.00025610573761439655,6.4425497260919e-10
5.5,train_bus_ebike_mtv_ucb,walk_urban_university/walk_urban_university_1,888,1.0837592209826854,0.981547599581547,0.051320763751568965,2052701.8213347087,4652.676153821569,67.41217188580299,0.9801656544296653,0.0002767574150082064,8.783406312073868e-10
5.5,train_bus_ebike_mtv_ucb,berkeley_to_mtv_SF_express_bus/walk to the bikeshare location_1,219,1.0886989909077598,0.9122379216984541,0.07705307575992829,2089937.7866135992,12491.060734059383,154.7510963392786,0.9563860122813228,1.2912749018810303e-05,4.6000558237409036e-10
5.5,train_bus_ebike_mtv_ucb,berkeley_to_mtv_SF_express_bus/ebike_bikeshare_urban_long_1,1446,1.2156335333163455,0.9847222980441585,0.02942364450153387,10133242888.63694,753262.4489853741,625.9023487447452,20.469856572622504,2.7266564833922803e-06,7.591327569011733e-10
5.5,train_bus_ebike_mtv_ucb,berkeley_to_mtv_SF_express_bus/express_bus_1,2788,1.1667078001059064,0.9679507176273615,0.03245126385555984,107148499791606.64,153403104.2074256,6015.768076615897,113.22697813889599,2.9279967027209544e-09,6.822293654972005e-10
5.5,train_bus_ebike_mtv_ucb,berkeley_to_mtv_SF_express_bus/walk_downtown_urban_canyon_1,616,1.015901936064148,0.8360333693297345,0.1516185554808933,7189619.415788258,6401.4992373672185,91.58324377218229,2.5352791504907883,0.00014019731029312068,1.060580868851958e-09
5.5,train_bus_ebike_mtv_ucb,berkeley_to_mtv_SF_express_bus/light_rail_below_above_ground_1,869,1.1473698556097034,0.9785625953491345,0.019144819487237057,300603347366.524,9840340.086967288,17110.882341933542,20.55315741007761,4.0448870131568495e-08,8.145851430344032e-10
5.5,train_bus_ebike_mtv_ucb,berkeley_to_mtv_SF_express_bus/commuter_rail_with_tunnels_1,4797,1.1709937918704554,0.9974629494858669,0.018591093251114004,139393573679385.86,984256979.1428996,414388.1973112741,104.99443777197686,1.8195306184456845e-09,7.999884506231548e-10
5.5,train_bus_ebike_mtv_ucb,berkeley_to_mtv_SF_express_bus/inner_suburb_downtown_walk_1,1188,1.0741179542130046,0.990482093698399,0.033000782960773314,81117420703305.48,1740590515.159235,37349.10261272871,0.6358966091582783,9.299373248137824e-12,7.13358173776683e-10
5.5,train_bus_ebike_mtv_ucb,mtv_to_berkeley_sf_bart/walk_to_caltrain_2,874,1.1060416088779463,0.946898082048759,0.05662675466418566,566154.7550776904,4732.240104133105,85.66193708873337,1.557863676744725,0.0003891774893355399,7.066114844795951e-10
5.5,train_bus_ebike_mtv_ucb,mtv_to_berkeley_sf_bart/commuter_rail_aboveground_2,2829,1.1762425625760404,0.9906475099640589,0.026191998673185484,8.967927049753827e+16,491767698932.8214,2696822.577938112,240.90656361469246,7.593153331446425e-12,7.225986198398043e-10
5.5,train_bus_ebike_mtv_ucb,mtv_to_berkeley_sf_bart/subway_underground_2,3860,1.192435790475897,0.995862589307177,0.02256133161659185,inf,inf,inf,65.27139719147883,0.0,8.022390272317053e-10
5.5,train_bus_ebike_mtv_ucb,mtv_to_berkeley_sf_bart/walk_to_bus_2,223,1.010808397537759,0.9157830282006431,0.18258427331179264,4943.018533873749,192.72344725356484,13.987958644498491,1.290245883796257,0.007707922592504153,8.417568395528515e-10
5.5,train_bus_ebike_mtv_ucb,mtv_to_berkeley_sf_bart/city_bus_short_2,499,1.1780228118129996,0.9696751684918068,0.06365285676494548,853255285.2546633,544783.7807859502,1023.9862201092723,493.77162206606954,0.00018225377506427007,6.4425497260919e-10
5.5,train_bus_ebike_mtv_ucb,walk_urban_university/walk_urban_university_2,780,1.096962151039883,0.9812923991353352,0.04234880136047729,44086847.011254266,28498.845774259473,33.15496090882241,1.196433823429885,2.0387467062079862e-05,8.783406312073868e-10
5.5,train_bus_ebike_mtv_ucb,berkeley_to_mtv_SF_express_bus/walk to the bikeshare location_2,1403,1.013147647205879,0.5912281771909074,0.4070877478315316,8287299421.669009,2633795.511588537,1133.627471921296,67.96223536766014,4.32186849074325e-06,4.6000558237409036e-10
5.5,train_bus_ebike_mtv_ucb,berkeley_to_mtv_SF_express_bus/ebike_bikeshare_urban_long_2,1543,1.2001097191915584,0.9721646253185371,0.03169398136600144,5124860406.780509,1408819.738920489,898.6647259542234,28.969267162011544,7.081374385868374e-06,7.591327569011733e-10
5.5,train_bus_ebike_mtv_ucb,berkeley_to_mtv_SF_express_bus/express_bus_2,2365,1.202236324410241,0.9722390688267566,0.028242214317204972,inf,inf,inf,416.4261842344185,0.0,6.769007973500341e-10
5.5,train_bus_ebike_mtv_ucb,berkeley_to_mtv_SF_express_bus/walk_downtown_urban_canyon_2,564,1.0181713692785077,0.8546835450865979,0.146114515086604,2098387.8385201506,11545.015747846905,145.3680179254195,2.6043010392190675,0.00022582767359049407,1.060580868851958e-09
5.5,train_bus_ebike_mtv_ucb,berkeley_to_mtv_SF_express_bus/light_rail_below_above_ground_2,1218,1.1034479510048696,0.9474091621765928,0.08354832776260727,52765137083.490715,1751797.54411385,1853.620559632984,66.18625017387764,1.4070378762213951e-06,8.145851430344032e-10
5.5,train_bus_ebike_mtv_ucb,berkeley_to_mtv_SF_express_bus/commuter_rail_with_tunnels_2,4793,1.1702608973273092,0.9958814879255747,0.03214982591222292,1.6328576328734122e+17,700746475408.0175,3007422.636911625,716.8745978452849,1.8386024753396845e-11,7.999884506231548e-10
5.5,train_bus_ebike_mtv_ucb,berkeley_to_mtv_SF_express_bus/inner_suburb_downtown_walk_2,1193,1.074424960602365,0.999225053415692,0.04795684699060184,146161923.8794963,33448.91457116558,256.1829393361409,0.849157160469329,4.622367645999477e-06,7.13358173776683e-10
5.5,train_bus_ebike_mtv_ucb,mtv_to_berkeley_sf_bart/walk_to_caltrain_3,949,1.0954065836165017,0.9249589603459832,0.07590304222148057,410686259068390.5,3894424587.568162,78925.09860338365,2.2640966290317035,3.5078520219663456e-12,7.066114844795951e-10
5.5,train_bus_ebike_mtv_ucb,mtv_to_berkeley_sf_bart/commuter_rail_aboveground_3,2639,1.1913622084675586,0.9955419539170262,0.02261571256277008,4.100818997390432e+16,54153800373.05094,1273856.2978928245,189.4164157843344,4.543793955632473e-12,7.225986198398043e-10
5.5,train_bus_ebike_mtv_ucb,mtv_to_berkeley_sf_bart/subway_underground_3,3868,1.1899452839988747,0.9952886641065797,0.025328488296881092,inf,inf,inf,57.420190085605455,0.0,8.022390272317053e-10
5.5,train_bus_ebike_mtv_ucb,mtv_to_berkeley_sf_bart/walk_to_bus_3,309,1.0195085540598094,0.9698029455469791,0.29998378811091486,2.144738404225294e+18,1022690966160.2357,487666.9499873831,13.637459901740023,9.82369973484885e-16,8.417568395528515e-10
5.5,train_bus_ebike_mtv_ucb,mtv_to_berkeley_sf_bart/city_bus_short_3,378,1.2526017169820336,0.9576853108313415,0.03378377185277651,140498129.27514905,127789.77460634886,840.789448095233,361.9220992819493,0.0003741039508611252,6.4425497260919e-10
5.5,train_bus_ebike_mtv_ucb,walk_urban_university/walk_urban_university_3,797,1.0942109175206816,0.9785787958304913,0.03849989321586998,2258005918104.9556,160428214.39659828,11398.762937748255,1.894199084431139,6.67991730684288e-10,8.783406312073868e-10
5.5,train_bus_ebike_mtv_ucb,berkeley_to_mtv_SF_express_bus/walk to the bikeshare location_3,519,1.0708071431547226,0.978993470273305,0.03700601124372408,3601160865.885406,1234631.5184776068,512.2714147175191,1.040341920615747,1.4032338427257112e-07,5.692611509058333e-10
5.5,train_bus_ebike_mtv_ucb,berkeley_to_mtv_SF_express_bus/ebike_bikeshare_urban_long_3,1586,1.1937928502189994,0.9822915822241656,0.027664793957965592,2850425792.765307,251356.61549390704,363.07308318808356,14.91197561616061,7.685372388058368e-06,7.481166846026598e-10
5.5,train_bus_ebike_mtv_ucb,berkeley_to_mtv_SF_express_bus/express_bus_3,2741,1.1612161764189428,0.9847156224618219,0.016680875217728614,326054603949.83594,84730170.43822719,22052.694803705595,37.99268364584085,2.5136211064670486e-07,7.342253319793175e-10
5.5,train_bus_ebike_mtv_ucb,berkeley_to_mtv_SF_express_bus/walk_downtown_urban_canyon_3,785,1.0121577735661518,0.8830102017391962,0.10726807405635015,inf,inf,inf,20.368507676016122,0.0,8.02529976053429e-10
5.5,train_bus_ebike_mtv_ucb,berkeley_to_mtv_SF_express_bus/light_rail_below_above_ground_3,930,1.140471929943614,0.9856129629220856,0.028287174817367713,5723889035355574.0,6885588459.248999,186367.11609263963,17.77983004299096,2.5773349274134496e-12,8.145851430344032e-10
5.5,train_bus_ebike_mtv_ucb,berkeley_to_mtv_SF_express_bus/commuter_rail_with_tunnels_3,3579,1.2425810516383924,0.9968581645488342,0.02751475825337328,71749770361466.16,1043487563.4892898,213503.1803795226,324.00872650190496,6.839991330314099e-09,7.999884506231548e-10
5.5,train_bus_ebike_mtv_ucb,berkeley_to_mtv_SF_express_bus/inner_suburb_downtown_walk_3,1186,1.074666833186685,0.995566267538603,0.040089005735421374,1888704789.3545876,740770.7893262185,295.1272354205223,1.0591766834768623,6.597131432102174e-07,7.13358173776683e-10
5.5,train_bus_ebike_mtv_ucb,mtv_to_berkeley_sf_bart/walk_to_caltrain_4,960,1.0936529756486262,0.9375150136397751,0.06353321966360236,34424789862.596245,12089712.122269545,4255.272225928442,1.9027344605110479,2.409732381999814e-08,7.066114844795951e-10
5.5,train_bus_ebike_mtv_ucb,mtv_to_berkeley_sf_bart/commuter_rail_aboveground_4,2716,1.184768680053126,0.9937054081102245,0.032237446565217306,2.41267500767062e+19,4697631175301.504,6490031.699794815,350.0365961812819,3.7901800038404335e-14,7.225986198398043e-10
5.5,train_bus_ebike_mtv_ucb,mtv_to_berkeley_sf_bart/subway_underground_4,3882,1.1899937289785,1.0362548116413768,0.051637876973952584,inf,inf,inf,17.61997957325594,0.0,8.022390272317053e-10
5.5,train_bus_ebike_mtv_ucb,mtv_to_berkeley_sf_bart/walk_to_bus_4,318,1.017214138932621,0.9846260329363267,0.3078266216485567,2.287766616564004e+16,49090146215.56137,105344.0997595273,21.42902557879851,2.961079139187161e-13,8.417568395528515e-10
5.5,train_bus_ebike_mtv_ucb,mtv_to_berkeley_sf_bart/city_bus_short_4,344,1.2802506440922412,0.9679793970553906,0.04755556661265382,42160369.36942069,64034.92974459132,649.791930916281,57.84902461036418,0.0001687479981092761,6.4425497260919e-10
5.5,train_bus_ebike_mtv_ucb,walk_urban_university/walk_urban_university_4,797,1.0943910708015385,0.9760828137306061,0.04986383356378043,171974381396952.47,1353062360.5021343,18004.16097828759,2.155892940253092,8.862816639027743e-12,8.783406312073868e-10
5.5,train_bus_ebike_mtv_ucb,berkeley_to_mtv_SF_express_bus/walk to the bikeshare location_4,423,1.081873462146632,0.9770127232414691,0.032942869154160614,141293333.95320213,31502.218990385096,35.04084663615427,1.5819954693906921,4.729504900109063e-06,5.692611509058333e-10
5.5,train_bus_ebike_mtv_ucb,berkeley_to_mtv_SF_express_bus/ebike_bikeshare_urban_long_4,1297,1.2473953722311308,0.9896004625907594,0.026306103137409238,1184327935.2193735,690123.6195144085,847.8045626383232,21.76160663104232,1.9426746310924715e-05,7.481166846026598e-10
5.5,train_bus_ebike_mtv_ucb,berkeley_to_mtv_SF_express_bus/express_bus_4,2768,1.1595518300253291,0.9747157004676398,0.022551468031725974,44780511492.07574,9003792.694218282,5209.622224890267,35.04763158973247,5.696453218365461e-07,7.342253319793175e-10
5.5,train_bus_ebike_mtv_ucb,berkeley_to_mtv_SF_express_bus/walk_downtown_urban_canyon_4,687,1.0155550644716347,0.8681890590889957,0.1238858478331868,2048855017179755.0,12212127769.40564,72800.16514021644,11.459034155162009,3.842099659254001e-12,8.02529976053429e-10
5.5,train_bus_ebike_mtv_ucb,berkeley_to_mtv_SF_express_bus/light_rail_below_above_ground_4,978,1.1316995244750658,0.9762843523087452,0.033598595902322205,2.085992467031601e+16,24866972505.86797,379555.2020998466,30.674654539916396,8.111377232414092e-13,8.145851430344032e-10
5.5,train_bus_ebike_mtv_ucb,berkeley_to_mtv_SF_express_bus/commuter_rail_with_tunnels_4,4839,1.1691312469162367,0.9968915805502455,0.03569284342887911,57352606641602.38,82288995.3656966,14970.971110510656,782.1814147094159,6.450459881975726e-08,7.999884506231548e-10
5.5,train_bus_ebike_mtv_ucb,berkeley_to_mtv_SF_express_bus/inner_suburb_downtown_walk_4,1081,1.0827986868850388,0.9965351257327424,0.04722676861781666,1777300607.6124265,1811263.2465996575,3080.995480996913,1.1168810698920366,2.752266587004262e-07,7.13358173776683e-10
5.5,train_bus_ebike_mtv_ucb,mtv_to_berkeley_sf_bart/walk_to_caltrain_5,953,1.0955377151487455,0.9484892873095541,0.05771069534721456,3.89214665437874e+17,251994435383.24158,1012415.5558300182,2.325256272629032,1.8707973080675046e-15,7.066114844795951e-10
5.5,train_bus_ebike_mtv_ucb,mtv_to_berkeley_sf_bart/commuter_rail_aboveground_5,2913,1.1698908683633351,0.9963953555114579,0.033821206204626926,4.9219859134917706e+20,117349322355550.31,55956485.3754734,562.4683553692455,2.2026894549472974e-15,7.225986198398043e-10
5.5,train_bus_ebike_mtv_ucb,mtv_to_berkeley_sf_bart/subway_underground_5,3900,1.1853006964856805,0.9954414281855775,0.024840442430267267,inf,inf,inf,11.959695310317905,0.0,8.022390272317053e-10
5.5,train_bus_ebike_mtv_ucb,mtv_to_berkeley_sf_bart/walk_to_bus_5,304,0.981224067490317,0.8824163210476238,0.27546612889566735,688262112.899375,480147.0370445035,517.6009395383699,11.200489444566728,2.678707909687445e-06,8.417568395528515e-10
5.5,train_bus_ebike_mtv_ucb,mtv_to_berkeley_sf_bart/city_bus_short_5,309,1.3267780084595318,0.9682903930443685,0.040695809414695146,30242241473.895466,8024642.390151613,10656.159174313543,37.356048804658734,1.9397958962339233e-07,6.4425497260919e-10
5.5,train_bus_ebike_mtv_ucb,walk_urban_university/walk_urban_university_5,826,1.0912703168849494,0.9421291304192584,0.04199304766873166,50904159449.739204,12488381.589853128,3064.1061564907886,2.1085042426237193,2.1373311474532777e-08,8.783406312073868e-10
5.5,train_bus_ebike_mtv_ucb,berkeley_to_mtv_SF_express_bus/walk to the bikeshare location_5,356,1.1082698172397754,0.9969791596642373,0.04532214633936056,5783.810723081364,371.39291652448264,28.271788865060433,0.9512227118888632,0.03773275679164613,5.692611509058333e-10
5.5,train_bus_ebike_mtv_ucb,berkeley_to_mtv_SF_express_bus/ebike_bikeshare_urban_long_5,1414,1.2221166437991446,0.945068549553891,0.050517600137599046,216095137465.2246,5976464.593526521,576.9903035733963,31.577858262261213,1.509844491926601e-07,7.481166846026598e-10
5.5,train_bus_ebike_mtv_ucb,berkeley_to_mtv_SF_express_bus/express_bus_5,2381,1.1901073489375285,0.9672676802246448,0.03130540081651828,90984837205358.64,108801872.53187199,11740.213929776206,655.6062538055288,1.7113148346770312e-08,7.342253319793175e-10
5.5,train_bus_ebike_mtv_ucb,berkeley_to_mtv_SF_express_bus/walk_downtown_urban_canyon_5,652,1.0130380518125965,0.87464209259583,0.12002649540354901,2.4616508838155915e+19,5417569012921.58,1937473.641026072,6.792535152337878,9.232193370800027e-17,8.02529976053429e-10
5.5,train_bus_ebike_mtv_ucb,berkeley_to_mtv_SF_express_bus/light_rail_below_above_ground_5,799,1.1549854912682338,0.9736099643277499,0.022218848784636275,561435223.5309823,405718.9601121262,1002.0246186902236,12.640642466594246,5.529114586912225e-06,8.145851430344032e-10
5.5,train_bus_ebike_mtv_ucb,berkeley_to_mtv_SF_express_bus/commuter_rail_with_tunnels_5,4252,1.1966217433545243,0.9952035473921623,0.023326300483583418,2051066633807.1162,66197514.216130994,15246.42368775293,484.32873815252157,6.489939529462311e-07,7.999884506231548e-10
5.5,train_bus_ebike_mtv_ucb,berkeley_to_mtv_SF_express_bus/inner_suburb_downtown_walk_5,1064,1.08480933001964,0.9969769460499558,0.04998723895133034,4371575117.930791,2995502.69078678,2060.3930743032306,1.1247941883510626,2.613139699247412e-07,7.13358173776683e-10
5.5,train_bus_ebike_mtv_ucb,mtv_to_berkeley_sf_bart/walk_to_caltrain_6,945,1.0943668186564532,0.9531752500518365,0.04723493360857958,783388175675.4169,88344279.43169256,9966.908708835308,2.001220513367862,2.4124880096522217e-09,7.066114844795951e-10
5.5,train_bus_ebike_mtv_ucb,mtv_to_berkeley_sf_bart/commuter_rail_aboveground_6,2859,1.174898475263851,0.9967320479469828,0.03149844311824215,299919474588.5014,28430317.505191967,26898.64961929429,1743.7943214132001,3.5326240551960195e-06,7.225986198398043e-10
5.5,train_bus_ebike_mtv_ucb,mtv_to_berkeley_sf_bart/subway_underground_6,3901,1.1888153695217625,0.9968819785285314,0.013672434863613886,2.000844626478409e+16,10394049611.087158,781346.9986666271,60.34626395899816,1.0509374651171316e-11,8.022390272317053e-10
5.5,train_bus_ebike_mtv_ucb,mtv_to_berkeley_sf_bart/walk_to_bus_6,292,1.0112037324657515,0.9349428917605862,0.2625671018536314,119108673.08389446,151447.49301654325,371.1409342634205,6.414940300318439,6.108780996384141e-06,8.417568395528515e-10
5.5,train_bus_ebike_mtv_ucb,mtv_to_berkeley_sf_bart/city_bus_short_6,366,1.1933310208133237,0.9748670505957341,0.03749487842903497,51378188.94601195,75288.9972548257,636.4526511714057,306.9930131786688,0.0006288232957121566,6.922048303980974e-10
5.5,train_bus_ebike_mtv_ucb,walk_urban_university/walk_urban_university_6,824,1.0908826258836604,0.9682958439839462,0.05569646214687014,5815261849.69637,1041256.6610463636,637.0974388393374,1.557601456413729,1.7627720447515376e-07,8.783406312073868e-10
5.5,train_bus_ebike_mtv_ucb,berkeley_to_mtv_SF_express_bus/walk to the bikeshare location_6,431,1.0867783565118991,0.9949695450921687,0.04433831335813986,12246020332.315022,1261935.0982150596,850.6650363139482,1.1285322465153553,3.8943994960010366e-08,5.692611509058333e-10
5.5,train_bus_ebike_mtv_ucb,berkeley_to_mtv_SF_express_bus/ebike_bikeshare_urban_long_6,1513,1.205552394831096,0.975957340903005,0.02948124132760166,1815763036.6351955,563651.8195760206,574.6344832643139,19.37702824194042,1.0747117614242119e-05,7.481166846026598e-10
5.5,train_bus_ebike_mtv_ucb,berkeley_to_mtv_SF_express_bus/express_bus_6,2422,1.186775116729081,0.9642233232237584,0.0609074520613112,1041940725678.7263,58626654.009249,11034.620176927076,1614.9626903555354,1.4957131820570008e-06,7.342253319793175e-10
5.5,train_bus_ebike_mtv_ucb,berkeley_to_mtv_SF_express_bus/walk_downtown_urban_canyon_6,666,1.0171660376133402,0.8967759466232786,0.11244874447144966,inf,inf,inf,1.4514791439151415,0.0,8.02529976053429e-10
5.5,train_bus_ebike_mtv_ucb,berkeley_to_mtv_SF_express_bus/light_rail_below_above_ground_6,941,1.1402625530901338,0.9886624811705397,0.023775988287386324,152086408.3890417,154155.42148260504,755.6390803283944,14.003318382137174,2.8876055654242244e-05,8.145851430344032e-10
5.5,train_bus_ebike_mtv_ucb,berkeley_to_mtv_SF_express_bus/commuter_rail_with_tunnels_6,4217,1.1988857076704018,0.9971049258549781,0.02131427576406087,6.60824943612259e+16,57793314047.784424,697399.4005053737,320.6910666524587,1.6939391620549983e-11,7.999884506231548e-10
5.5,train_bus_ebike_mtv_ucb,berkeley_to_mtv_SF_express_bus/inner_suburb_downtown_walk_6,1188,1.0738826255310765,0.9944354075597653,0.03703703666986082,29109154.542715646,67629.20218454055,285.02563132820313,0.9530296869406005,2.2099246469001475e-05,7.13358173776683e-10
5.5,train_bus_ebike_mtv_ucb,mtv_to_berkeley_sf_bart/walk_to_caltrain_7,1068,1.0828504778722483,0.9143342995215589,0.08402911495451307,212295686.83406672,390003.1015375756,723.4862051324998,2.2441398410297793,6.040969099652227e-06,7.066114844795951e-10
5.5,train_bus_ebike_mtv_ucb,mtv_to_berkeley_sf_bart/commuter_rail_aboveground_7,2786,1.1797285620215774,0.9957017489676511,0.023013108750504063,46771631929343.71,345688007.8141834,20260.073213292955,931.9281739697176,5.329694645837488e-08,7.225986198398043e-10
5.5,train_bus_ebike_mtv_ucb,mtv_to_berkeley_sf_bart/subway_underground_7,3898,1.1883839249300352,0.9962726286343799,0.013851969456934218,4.25375642245464e+19,10141745276873.73,16188329.627351746,42.980376861817724,5.105895552773817e-16,8.022390272317053e-10
5.5,train_bus_ebike_mtv_ucb,mtv_to_berkeley_sf_bart/walk_to_bus_7,295,1.0189141518045253,0.9506474755933385,0.20572931988633772,2.249424411942116e+18,1072609144768.5773,511472.0912014235,1.8129080414979142,2.234523869308105e-16,8.417568395528515e-10
5.5,train_bus_ebike_mtv_ucb,mtv_to_berkeley_sf_bart/city_bus_short_7,304,1.2541401479273258,0.9617815936931737,0.05147760548891027,738891106.272699,376460.6804016802,1012.592828637038,351.3969901959358,7.983740174070474e-05,6.922048303980974e-10
5.5,train_bus_ebike_mtv_ucb,walk_urban_university/walk_urban_university_7,851,1.0885569421297292,0.9814220233741067,0.06472398863737412,4540879.082349606,24636.03629937552,134.5076234343181,2.141599880742602,0.00022526971201941844,8.783406312073868e-10
5.5,train_bus_ebike_mtv_ucb,berkeley_to_mtv_SF_express_bus/walk to the bikeshare location_7,442,1.087033213507231,0.9635872202208832,0.027801653371958085,13915.84042915769,545.3348606391,23.027595625362455,1.9439442213349731,0.012908542430729222,5.692611509058333e-10
5.5,train_bus_ebike_mtv_ucb,berkeley_to_mtv_SF_express_bus/ebike_bikeshare_urban_long_7,1343,1.2367271889777305,0.9874880955559338,0.024172624599621023,2278193849.425282,530686.4344253165,569.5974369334764,21.905793954688527,1.0701492343737778e-05,7.481166846026598e-10
5.5,train_bus_ebike_mtv_ucb,berkeley_to_mtv_SF_express_bus/express_bus_7,2349,1.1936553641922936,0.9806822995453999,0.026682719669457337,30010611101.14163,7134787.9496238185,7856.629685245329,52.73587326140655,1.2801038968821064e-06,7.39791657760347e-10
5.5,train_bus_ebike_mtv_ucb,berkeley_to_mtv_SF_express_bus/walk_downtown_urban_canyon_7,659,1.0180392949626504,0.8987979071242674,0.10039816027972977,3.3587523198623584e+19,8007889556935.811,1909243.8055562128,2.2717281703865884,2.2213591031610057e-17,8.02529976053429e-10
5.5,train_bus_ebike_mtv_ucb,berkeley_to_mtv_SF_express_bus/light_rail_below_above_ground_7,885,1.1425299957631614,0.9820353397242455,0.043248185300691515,200130117530.0886,29649160.890774246,10790.530631493573,20.504793792153514,3.675422503455436e-08,8.145851430344032e-10
5.5,train_bus_ebike_mtv_ucb,berkeley_to_mtv_SF_express_bus/commuter_rail_with_tunnels_7,3506,1.249000021152574,0.9924118399036066,0.025841138505794822,1570120732638.6301,53531529.10538015,23227.78166060537,417.1456359025662,4.3862878198720576e-07,7.999884506231548e-10
5.5,train_bus_ebike_mtv_ucb,berkeley_to_mtv_SF_express_bus/inner_suburb_downtown_walk_7,1183,1.0749632752668052,0.9963359381452505,0.04957772124606403,38223432.67830953,108870.15598446559,475.0638191317199,0.9658906488758401,1.5132630321059543e-05,7.13358173776683e-10
5.5,train_bus_ebike_mtv_ucb,mtv_to_berkeley_sf_bart/walk_to_caltrain_8,930,1.0969774543749897,0.9267776133784803,0.07336138659162932,51794755.94077417,146431.74717418465,418.59870421256124,1.8310190586442077,3.1213689588349125e-05,7.066114844795951e-10
5.5,train_bus_ebike_mtv_ucb,mtv_to_berkeley_sf_bart/commuter_rail_aboveground_8,2857,1.1743145902344905,0.9948999944135437,0.04137664431487875,62143027576461.49,207424776.9487174,19848.404769003744,1901.2158012465713,8.60914512859208e-08,7.225986198398043e-10
5.5,train_bus_ebike_mtv_ucb,mtv_to_berkeley_sf_bart/subway_underground_8,3959,1.1866120443423807,0.9942838859793917,0.021983477945364847,inf,inf,inf,42.825217613655354,0.0,8.022390272317053e-10
5.5,train_bus_ebike_mtv_ucb,mtv_to_berkeley_sf_bart/walk_to_bus_8,310,1.0141673616511007,0.9858767349816652,0.19247885600778356,6215929.8673672555,20567.274247011243,71.15175288253333,0.3236468030484855,7.265479824537653e-06,8.417568395528515e-10
5.5,train_bus_ebike_mtv_ucb,mtv_to_berkeley_sf_bart/city_bus_short_8,301,1.253930808086201,0.9630946713344708,0.042273572876940925,480675989.5580266,152090.65961074317,750.6509640641244,94.08261016326966,4.075120028539146e-05,6.922048303980974e-10
5.5,train_bus_ebike_mtv_ucb,walk_urban_university/walk_urban_university_8,875,1.0849693539532443,0.9809342046091587,0.049178131492774196,19137034.909867946,52580.35624641054,363.07541096761037,1.1992044503401125,1.844019699223256e-05,8.783406312073868e-10
5.5,train_bus_ebike_mtv_ucb,berkeley_to_mtv_SF_express_bus/walk to the bikeshare location_8,408,1.09519981998664,0.9975105393995395,0.04193146275499254,593.6822638840581,44.55248757018765,6.90089563853008,1.3132179040697893,0.1459886305160583,5.692611509058333e-10
5.5,train_bus_ebike_mtv_ucb,berkeley_to_mtv_SF_express_bus/ebike_bikeshare_urban_long_8,1518,1.2048345218974925,0.9714045497468168,0.029565271545696603,3580415656.7547364,509631.7873493966,315.64191980356435,20.06259754812965,4.603236107832722e-06,7.481166846026598e-10
5.5,train_bus_ebike_mtv_ucb,berkeley_to_mtv_SF_express_bus/express_bus_8,2592,1.1717501324029564,0.9801209804124913,0.021698890389093402,313623167462.4791,55309549.402055666,20111.596856573797,36.94895021019514,1.868160403347218e-07,7.39791657760347e-10
5.5,train_bus_ebike_mtv_ucb,berkeley_to_mtv_SF_express_bus/walk_downtown_urban_canyon_8,600,1.016174717026029,0.8706800162781619,0.1259019726131577,27205886866.346684,7137413.535307858,2955.188126171917,14.459115698954598,1.0612978951986749e-07,8.02529976053429e-10
5.5,train_bus_ebike_mtv_ucb,berkeley_to_mtv_SF_express_bus/light_rail_below_above_ground_8,778,1.163861941862176,0.9731012916906788,0.025805419022809438,1534659304.3697283,478206.8385802821,957.0882567521173,14.561992086732294,5.936658012848137e-06,8.145851430344032e-10
5.5,train_bus_ebike_mtv_ucb,berkeley_to_mtv_SF_express_bus/commuter_rail_with_tunnels_8,3844,1.2228946151617601,0.9959806236373501,0.019691146825154427,202948530900961.34,822573938.7346503,21772.075308828847,541.6538464555701,8.81877834741807e-09,7.999884506231548e-10
5.5,train_bus_ebike_mtv_ucb,berkeley_to_mtv_SF_express_bus/inner_suburb_downtown_walk_8,1209,1.0728011476574286,0.9832817541167785,0.05259134035168807,250303811.38856602,282140.08589748654,507.4352543151136,1.142650046546508,1.7698801148865672e-06,7.13358173776683e-10
5.5,train_bus_ebike_mtv_ucb,mtv_to_berkeley_sf_bart/walk_to_caltrain_9,945,1.0954605058009415,0.926121426385709,0.07187349551201466,11523003412.44639,5758352.601746507,2883.80640479369,2.270715883974711,1.759575309217411e-07,7.066114844795951e-10
5.5,train_bus_ebike_mtv_ucb,mtv_to_berkeley_sf_bart/commuter_rail_aboveground_9,2690,1.1877978720363205,0.9956633128595067,0.0296709260269012,1406057026815.7424,125711339.03830764,19820.670819570296,3326.2005129065633,2.2363690022089583e-06,7.225986198398043e-10
5.5,train_bus_ebike_mtv_ucb,mtv_to_berkeley_sf_bart/subway_underground_9,3904,1.1885711762327678,0.9564853270972831,0.02459776739169111,inf,inf,inf,52.57025734415791,0.0,8.022390272317053e-10
5.5,train_bus_ebike_mtv_ucb,mtv_to_berkeley_sf_bart/walk_to_bus_9,295,1.019113170507507,0.967816824894655,0.23883987972102555,14350573498.954033,3688339.625521884,950.6225913437839,0.6939875058650029,1.4257429356466966e-08,8.417568395528515e-10
5.5,train_bus_ebike_mtv_ucb,mtv_to_berkeley_sf_bart/city_bus_short_9,363,1.1985066607877144,0.9668363644141545,0.038614352458493394,345916881.6953748,235295.57553675573,1235.4005026421264,317.16016061043496,0.00015559825829653364,6.922048303980974e-10
5.5,train_bus_ebike_mtv_ucb,walk_urban_university/walk_urban_university_9,836,1.0882309682362954,0.9722188322876976,0.035349544620158775,133992856.91520856,106388.7821116839,268.96045391199306,1.0569051974797259,5.826342175826632e-06,8.783406312073868e-10
5.5,train_bus_ebike_mtv_ucb,berkeley_to_mtv_SF_express_bus/walk to the bikeshare location_9,432,1.0891073388656758,0.9907867486070506,0.03702631527957419,3302502.3345883936,11176.184101204557,66.10199079272722,1.641895853043846,0.0001478763171965608,5.692611509058333e-10
5.5,train_bus_ebike_mtv_ucb,berkeley_to_mtv_SF_express_bus/ebike_bikeshare_urban_long_9,1623,1.1880278651697171,0.9920376642687037,0.06474090135495841,8615036912.648174,1159756.5698755514,944.9571581468163,26.5810334328689,2.1798876014579893e-06,7.481166846026598e-10
5.5,train_bus_ebike_mtv_ucb,berkeley_to_mtv_SF_express_bus/express_bus_9,2317,1.1963551615332029,0.9767409593611139,0.031104837240793645,80967200233309.52,251630337.1914039,7334.59962470816,461.7290890190408,1.3094761449385231e-08,7.342253319793175e-10
5.5,train_bus_ebike_mtv_ucb,berkeley_to_mtv_SF_express_bus/walk_downtown_urban_canyon_9,690,1.013759196669441,0.8580820102390847,0.13446477920984246,39165875850.907265,8712226.652994227,1942.383652610575,5.5925957001960604,9.813254476447313e-08,8.02529976053429e-10
5.5,train_bus_ebike_mtv_ucb,berkeley_to_mtv_SF_express_bus/light_rail_below_above_ground_9,1170,1.1071992676153348,0.9784341038359585,0.0444691765708384,9315545364462.436,51082725.14622259,4322.601304340047,16.170927048255624,2.0100123611427235e-09,8.145851430344032e-10
5.5,train_bus_ebike_mtv_ucb,berkeley_to_mtv_SF_express_bus/commuter_rail_with_tunnels_9,3566,1.2440506096065116,0.9897063274132505,0.03799472147896183,73039174579124.89,1654320084.4332018,79824.57409056582,1284.985162441529,3.734496125918018e-08,7.999884506231548e-10
5.5,train_bus_ebike_mtv_ucb,berkeley_to_mtv_SF_express_bus/inner_suburb_downtown_walk_9,1229,1.0715652742027313,0.9910376843566993,0.047517053317774297,7893347223667022.0,37638412928.028404,179491.95897445874,0.8685085200379987,1.3517236474201082e-13,7.13358173776683e-10
5.5,train_bus_ebike_mtv_ucb,mtv_to_berkeley_sf_bart/walk_to_caltrain_10,1038,1.0871036742378968,0.9117640687284904,0.08648577200151425,1.209825433653318e+18,1153779444231.0796,1100360.240460488,2.3228694608507916,1.992960139124768e-15,7.066114844795951e-10
5.5,train_bus_ebike_mtv_ucb,mtv_to_berkeley_sf_bart/commuter_rail_aboveground_10,2748,1.1834306999310864,0.9936895104697325,0.02538016037630342,15401833642134.121,59006691.73835343,14307.473710091348,1159.5620880139172,1.9758163954283643e-07,7.225986198398043e-10
5.5,train_bus_ebike_mtv_ucb,mtv_to_berkeley_sf_bart/subway_underground_10,4979,1.1426694546365235,1.0401432255489589,0.13706277003011505,inf,inf,inf,48.49510866976502,0.0,8.022390272317053e-10
5.5,train_bus_ebike_mtv_ucb,mtv_to_berkeley_sf_bart/walk_to_bus_10,294,1.0074662019875977,0.9594452299190278,0.17558123049203397,inf,inf,inf,0.2432589600093067,0.0,8.417568395528515e-10
5.5,train_bus_ebike_mtv_ucb,mtv_to_berkeley_sf_bart/city_bus_short_10,431,1.16755667949454,0.9880756641459634,0.053501621270987516,78923809.23388536,143832.40679053875,943.5439260512471,555.4320979929631,0.00046121756558365146,6.922048303980974e-10
5.5,train_bus_ebike_mtv_ucb,walk_urban_university/walk_urban_university_10,789,1.0955791838281446,0.9825069777507751,0.039594205008238514,20422369516.06888,2463962.428562347,3527.425309938979,1.1973514664848075,3.442740754534358e-08,8.783406312073868e-10
5.5,train_bus_ebike_mtv_ucb,berkeley_to_mtv_SF_express_bus/walk to the bikeshare location_10,389,1.1009268787162443,0.9976294762960949,0.032629798372270785,140224837.37110943,273817.2157157199,823.7529838770906,1.164677893389419,1.7036165714992577e-06,5.692611509058333e-10
5.5,train_bus_ebike_mtv_ucb,berkeley_to_mtv_SF_express_bus/ebike_bikeshare_urban_long_10,1465,1.2137480054438836,0.9552871083464438,0.04233447326287969,85368592.60868542,101454.470863926,702.5469392062192,23.102704070237582,0.00010411471213831261,7.481166846026598e-10
5.5,train_bus_ebike_mtv_ucb,berkeley_to_mtv_SF_express_bus/express_bus_10,2907,1.1508506121901214,0.987737819587934,0.01613238117929464,27505603057316.066,26184717.557919502,8434.766849575502,26.634825193296347,2.810216963430338e-09,7.342253319793175e-10
5.5,train_bus_ebike_mtv_ucb,berkeley_to_mtv_SF_express_bus/walk_downtown_urban_canyon_10,617,1.0165926738972977,0.876214727483571,0.12216553661724733,7729538953171.115,307758547.6841044,12276.46126436453,9.070072260034609,7.236406446791927e-10,8.02529976053429e-10
5.5,train_bus_ebike_mtv_ucb,berkeley_to_mtv_SF_express_bus/light_rail_below_above_ground_10,1016,1.127149574065417,0.9820596229896495,0.08334735635879861,49571059.58619598,182282.2779256297,1138.2270239995487,33.83700850433155,3.789635859998091e-05,8.145851430344032e-10
5.5,train_bus_ebike_mtv_ucb,berkeley_to_mtv_SF_express_bus/commuter_rail_with_tunnels_10,3474,1.2523900326900481,0.9981212983281168,0.03291809879330618,19056783283152.875,858140830.6528463,432671.9686064397,612.5248258506481,2.1985024003082822e-08,7.999884506231548e-10
5.5,train_bus_ebike_mtv_ucb,berkeley_to_mtv_SF_express_bus/inner_suburb_downtown_walk_10,1179,1.0747560040646835,0.9973591431097055,0.047805071248068175,9.876051294245109e+16,227896178743.49243,497842.1064123832,1.425967856708955,6.358167564832008e-15,7.13358173776683e-10
5.5,train_bus_ebike_mtv_ucb,mtv_to_berkeley_sf_bart/walk_to_caltrain_11,965,1.094029028569406,0.8878391691551657,0.11569630995824257,1119120614.9451752,1119304.8470634343,1120.6581456638332,3.8512355918351724,3.128105749888933e-06,7.066114844795951e-10
5.5,train_bus_ebike_mtv_ucb,mtv_to_berkeley_sf_bart/commuter_rail_aboveground_11,2641,1.191807419256405,0.9962415609760376,0.022963657295409088,1599777582428693.2,8009750967.05431,40169.421112455624,678.3562497075886,1.1194504167880063e-09,7.225986198398043e-10
5.5,train_bus_ebike_mtv_ucb,mtv_to_berkeley_sf_bart/subway_underground_11,3895,1.1895220355329692,1.085332462542908,0.09664521801291957,inf,inf,inf,31.40769945526631,0.0,8.022390272317053e-10
5.5,train_bus_ebike_mtv_ucb,mtv_to_berkeley_sf_bart/walk_to_bus_11,269,1.022172695978457,0.9453516609780523,0.14609367210246085,9646408726046.777,273686084.3657414,7764.969835167699,0.16401008411659548,2.293320780395521e-12,6.946654363854002e-10
5.5,train_bus_ebike_mtv_ucb,mtv_to_berkeley_sf_bart/city_bus_short_11,349,1.2942963962744682,0.9751442979569683,0.05044906116867258,66538641.184030905,136509.38237752637,847.1232369313883,278.0305572394563,0.00038107552978175165,5.848063484045086e-10
5.5,train_bus_ebike_mtv_ucb,walk_urban_university/walk_urban_university_11,898,1.082627071163376,0.9780524145311084,0.0708027827298315,70587255111083.77,471220851.52667797,3155.5302974837564,1.6850729141364131,2.1431295302143498e-11,8.783406312073868e-10
5.5,train_bus_ebike_mtv_ucb,berkeley_to_mtv_SF_express_bus/walk to the bikeshare location_11,423,1.0893560635539665,0.9941146781438323,0.035014192496107,inf,inf,inf,0.8872752500359427,0.0,5.692611509058333e-10
5.5,train_bus_ebike_mtv_ucb,berkeley_to_mtv_SF_express_bus/ebike_bikeshare_urban_long_11,1572,1.1946581044930873,0.983964661084381,0.0251590605876177,inf,inf,inf,16.48827563156146,0.0,7.481166846026598e-10
5.5,train_bus_ebike_mtv_ucb,berkeley_to_mtv_SF_express_bus/express_bus_11,2600,1.1716686141905124,0.9871446878063044,0.015303431318898697,193674729774.8178,15013515.718263704,6464.396225653921,41.14023962046245,2.3076118267777627e-07,7.39791657760347e-10
5.5,train_bus_ebike_mtv_ucb,berkeley_to_mtv_SF_express_bus/walk_downtown_urban_canyon_11,620,1.0169665537221642,0.9018267726675923,0.08882817731154775,5555340691.159918,2466214.8561738366,2756.3964716317737,0.9712116121178398,5.640404927406309e-08,8.02529976053429e-10
5.5,train_bus_ebike_mtv_ucb,berkeley_to_mtv_SF_express_bus/light_rail_below_above_ground_11,799,1.164821429029239,0.9774235551835596,0.025442898811895584,374852381.6568113,243761.02007991885,963.7081248541266,13.15070717585674,5.0465607714441834e-06,8.145851430344032e-10
5.5,train_bus_ebike_mtv_ucb,berkeley_to_mtv_SF_express_bus/commuter_rail_with_tunnels_11,4175,1.2011570291671751,0.9947014048828043,0.02386681041982883,64124963555029.11,214040188.33138523,78222.67023571747,737.7838330753032,4.2432046499386426e-08,7.999884506231548e-10
5.5,train_bus_ebike_mtv_ucb,berkeley_to_mtv_SF_express_bus/inner_suburb_downtown_walk_11,1255,1.069626844596422,0.9967567846870805,0.04521978205421708,3365509.1474166918,21185.264627570283,175.70889611007405,0.7890164538890148,0.00015254782241194917,7.13358173776683e-10
6.0,unimodal_trip_car_bike_mtv_la,suburb_city_driving_weekend/suburb_city_driving_weekend_0,817,1.098848383130938,0.9700915603065949,0.04013241615006823,1119740145.2349873,565703.3029303766,1634.3047158073439,34.94246827930467,1.1063070820191981e-05,4.738408267387402e-10
6.0,unimodal_trip_car_bike_mtv_la,suburb_bicycling/suburb_bicycling_0,1270,1.090673815030576,0.9580621052560497,0.06348262687934453,121758679.56518167,67226.7337772309,457.41750016937294,8.951223878748177,6.114066875483248e-05,8.120676155485603e-10
6.0,unimodal_trip_car_bike_mtv_la,suburb_city_driving_weekend/suburb_city_driving_weekend_1,702,1.1204151607274049,0.9599372367654447,0.033096859281151504,138209884.1805783,174499.23044177843,1267.3880497002156,19.739326190430504,5.496202803143974e-05,4.738408267387402e-10
6.0,unimodal_trip_car_bike_mtv_la,suburb_bicycling/suburb_bicycling_1,1333,1.0865440468217906,0.9601557766720682,0.08203261450035328,1567907338.242376,183031.78728334059,273.13074728667056,7.32920158508922,6.087227651441892e-06,8.120676155485603e-10
6.0,unimodal_trip_car_bike_mtv_la,suburb_city_driving_weekend/suburb_city_driving_weekend_2,709,1.1203633280456395,0.9419902875404539,0.055495198916754314,107268021676.16371,8081616.220231289,1542.1355858524587,34.137242602779516,2.1980168315987155e-07,4.738408267387402e-10
6.0,unimodal_trip_car_bike_mtv_la,suburb_bicycling/suburb_bicycling_2,1266,1.0907908605848842,0.9487681107757886,0.05636993620780988,45654740.489598244,59996.054976320134,266.2690382334991,7.173345444824982,8.599373043375364e-05,8.120676155485603e-10
6.0,unimodal_trip_car_bike_mtv_la,suburb_city_driving_weekend/suburb_city_driving_weekend_3,853,1.096423610480842,0.9395717252729129,0.0635864874342824,346561886.7198311,165650.13987848556,1108.99470483696,35.67286925533165,4.824215644616285e-05,4.738408267387402e-10
6.0,unimodal_trip_car_bike_mtv_la,suburb_bicycling/suburb_bicycling_3,1320,1.086322270184237,0.9517646181791964,0.06289308584813252,3985306.6679644776,19165.43636613541,214.31482730716326,4.999541085168017,0.0003687800283584157,8.120676155485603e-10
6.0,unimodal_trip_car_bike_mtv_la,suburb_city_driving_weekend/suburb_city_driving_weekend_4,773,1.1091294442919983,0.9641434264719998,0.04053360486693704,467353580253.9678,6173597.363247915,641.3871074723785,7.484548247442395,1.2375348405046333e-08,4.738408267387402e-10
6.0,unimodal_trip_car_bike_mtv_la,suburb_bicycling/suburb_bicycling_4,1285,1.088549737875304,0.9544168011452638,0.07158101997980529,1613644365.770075,333141.2756854585,618.2426850309922,9.4092242934058,3.833623518917195e-06,8.120676155485603e-10
6.0,unimodal_trip_car_bike_mtv_la,suburb_city_driving_weekend/suburb_city_driving_weekend_5,859,1.0962978341933842,0.9478861608689334,0.04940317941315349,14471105357.470373,1469787.7371047328,1190.6332135866214,17.402924039695865,1.0078683647187637e-06,4.738408267387402e-10
6.0,unimodal_trip_car_bike_mtv_la,suburb_bicycling/suburb_bicycling_5,1297,1.087267374828877,0.9509795544800643,0.056393879068336615,247928164.24669668,136307.3325610934,279.47052062544486,6.911675291680043,1.773795104916018e-05,8.120676155485603e-10
6.0,car_scooter_brex_san_jose,freeway_driving_weekday/freeway_driving_weekday_0,1976,1.1924318924647042,0.986200062546549,0.019042297964298214,151112081609.92465,20535947.69653181,8541.95710011262,221.37614514203534,1.8968996852145471e-06,6.829429384774533e-10
6.0,car_scooter_brex_san_jose,bus trip with e-scooter access/city_escooter_0,1257,1.0417459760772478,0.9934683706131537,0.01802533834299065,2343678.396020806,27553.89641769685,334.30304318129106,6.605875227317612,0.00035305212099819965,6.416257647001624e-10
6.0,car_scooter_brex_san_jose,bus trip with e-scooter access/city_bus_rapid_transit_0,2745,1.163389687407169,0.9947987035337477,0.01777840869480585,35826754391.972404,6355086.317133674,4347.933272225148,377.1101719706079,8.704132448916115e-06,6.217521112241125e-10
6.0,car_scooter_brex_san_jose,bus trip with e-scooter access/walk_back_from_bus_0,681,1.0434291626958394,0.9258205398975305,0.07467776719540731,56351.267981679404,567.5493244519706,31.223425744851525,1.005722590030597,0.0052381851666910085,1.0612213331756848e-09
6.0,car_scooter_brex_san_jose,freeway_driving_weekday/freeway_driving_weekday_1,2032,1.18607065311847,0.9989970414600045,0.02612105415002316,84229162225.61896,5705626.6266704295,6065.473985767344,70.76145531161404,9.358896607386433e-07,6.829429384774533e-10
6.0,car_scooter_brex_san_jose,bus trip with e-scooter access/city_escooter_1,1236,1.0421526434890436,0.9896638012925421,0.021972043337679874,2230641144.4941573,2452248.3516314058,2699.7649082444364,8.387593921379013,4.60842868155759e-06,6.416257647001624e-10
6.0,car_scooter_brex_san_jose,bus trip with e-scooter access/city_bus_rapid_transit_1,2925,1.1515806544825775,0.9977417513851562,0.017029843354739588,96223493399.39684,8396581.646831073,6298.47607446701,569.0910957654892,6.710641101427542e-06,6.217521112241125e-10
6.0,car_scooter_brex_san_jose,bus trip with e-scooter access/walk_back_from_bus_1,640,1.0474594139929772,0.9271520992138511,0.06463661490948798,38091.55802196029,1114.4063409175146,45.87924241969028,0.5322444954284278,0.0013473062910655345,1.0612213331756848e-09
6.0,car_scooter_brex_san_jose,freeway_driving_weekday/freeway_driving_weekday_2,1749,1.2237778381016993,0.9871036262267631,0.015043579031537267,1332309949294571.5,1270589781.197869,8338.124068851039,370.3034920210497,4.859752763326995e-10,6.829429384774533e-10
6.0,car_scooter_brex_san_jose,bus trip with e-scooter access/city_escooter_2,1290,1.0406209181335506,0.9928261488319278,0.03731205112142282,6197281254.395787,353139.4009685597,238.86558710271729,9.916151381214439,2.0444277894774934e-06,6.416257647001624e-10
6.0,car_scooter_brex_san_jose,bus trip with e-scooter access/city_bus_rapid_transit_2,2622,1.1715913850747546,0.995985649197777,0.01986699263819206,18494387351567.406,189604456.44463024,6431.580338133334,585.9675695518079,8.22938148615608e-08,6.217521112241125e-10
6.0,car_scooter_brex_san_jose,bus trip with e-scooter access/walk_back_from_bus_2,620,1.0473522634796832,0.9176548950755463,0.07892530951746969,524584.4026437964,4973.660022367422,122.83702766808042,1.0548423022735907,0.0003274491322555574,1.0612213331756848e-09
6.0,car_scooter_brex_san_jose,freeway_driving_weekday/freeway_driving_weekday_3,1937,1.1965186374991097,0.9871808062998835,0.024409283047317435,618669003291.676,48823221.12023171,6874.942172113815,157.82337257737206,4.590847682626668e-07,6.829429384774533e-10
6.0,car_scooter_brex_san_jose,bus trip with e-scooter access/city_escooter_3,1403,1.0364829551693713,0.9954817042194246,0.0598383384834845,5862011.8593924465,48897.991985684974,536.5188304094216,10.838241513738502,0.0003645513343516926,6.416257647001624e-10
6.0,car_scooter_brex_san_jose,bus trip with e-scooter access/city_bus_rapid_transit_3,2456,1.18540429586999,0.9963241419622592,0.02113861871733805,57316066590.41043,10426575.229645044,3534.3239950524576,690.5576922497404,1.639995824984184e-05,6.217521112241125e-10
6.0,car_scooter_brex_san_jose,bus trip with e-scooter access/walk_back_from_bus_3,648,1.0461283993757509,0.9351360110491609,0.06417141490468298,3320071.7379125636,22433.98190841253,258.0964325142359,0.805916350874217,4.523815884315561e-05,1.0612213331756848e-09
6.0,car_scooter_brex_san_jose,freeway_driving_weekday/freeway_driving_weekday_4,2006,1.1885208914580028,0.9820403810564935,0.031253048792009026,232693382649.28052,19140100.485485382,6395.0054486668305,93.31954740944983,4.264174618584525e-07,6.829429384774533e-10
6.0,car_scooter_brex_san_jose,bus trip with e-scooter access/city_escooter_4,1310,1.039620183988995,0.9856522397300649,0.040870305267711717,448826894.6863434,246554.9611059299,391.9694540479628,7.547636071156315,1.2582066282858866e-05,6.416257647001624e-10
6.0,car_scooter_brex_san_jose,bus trip with e-scooter access/city_bus_rapid_transit_4,2847,1.156450980254712,0.9961028589165372,0.01875892854616225,826945699555.1653,25628197.300494336,5124.352436838074,1376.1697940811302,3.987928180271964e-06,6.217521112241125e-10
6.0,car_scooter_brex_san_jose,bus trip with e-scooter access/walk_back_from_bus_4,654,1.0465069517457688,0.9285462791353418,0.07406069811001177,6882986.930416165,14702.303976571568,190.56305647435076,0.810181290656337,5.611696147152023e-05,1.0612213331756848e-09
6.0,car_scooter_brex_san_jose,freeway_driving_weekday/freeway_driving_weekday_5,1921,1.1980761773432484,0.994912413977119,0.02323164437021143,296224062589.55133,9667559.487687351,10578.10158194235,288.5179097430232,9.825892987887974e-07,6.829429384774533e-10
6.0,car_scooter_brex_san_jose,bus trip with e-scooter access/city_escooter_5,1286,1.0397289596227934,0.9896033327212335,0.027488731897827325,8453641.019857448,30195.288957212157,237.27494936762494,8.619711389665468,0.00040341208655487223,6.416257647001624e-10
6.0,car_scooter_brex_san_jose,bus trip with e-scooter access/city_bus_rapid_transit_5,2555,1.1776030852712926,0.9968532201259499,0.014287802624635465,347748385253.78467,18820512.687526617,3021.0429699069214,437.56446688503354,2.1541114831399596e-06,6.217521112241125e-10
6.0,car_scooter_brex_san_jose,bus trip with e-scooter access/walk_back_from_bus_5,647,1.0451589920032545,0.9328751574247046,0.06540370915879391,2436754.839950074,7642.599334571938,97.22117347896956,0.8183964109939622,0.00013984814454074413,1.0612213331756848e-09
6.0,car_scooter_brex_san_jose,freeway_driving_weekday/freeway_driving_weekday_6,2002,1.1899229005519512,0.9836786930517113,0.016562787423020406,3.2808292856067113e+19,23466319688812.918,16784431.79602424,144.3855462915473,8.810566795889335e-15,6.829429384774533e-10
6.0,car_scooter_brex_san_jose,bus trip with e-scooter access/city_escooter_6,1482,1.034046591113879,0.9944756008361649,0.031443888127733174,9.395438592090688e+16,134402827479.95076,192305.1101218063,11.565041632730054,1.8242020670436453e-13,6.416257647001624e-10
6.0,car_scooter_brex_san_jose,bus trip with e-scooter access/city_bus_rapid_transit_6,2855,1.1552854821524332,0.9949041003743773,0.019682482220842294,119758263669.35596,6227684.784330581,3695.6023308310096,1662.4057394467811,1.821588049119615e-05,6.217521112241125e-10
6.0,car_scooter_brex_san_jose,bus trip with e-scooter access/walk_back_from_bus_6,625,1.048819175857893,0.9250147741654907,0.07146063423397946,inf,inf,inf,1.1361253616127316,0.0,1.0612213331756848e-09
6.0,train_bus_ebike_mtv_ucb,mtv_to_berkeley_sf_bart/walk_to_caltrain_0,1115,1.0798996314206475,0.9440053146817338,0.05199859096533307,527576.0084780358,3272.5527782386175,67.7592230389837,1.0158966064966684,0.0005097316764291316,7.066114844795951e-10
6.0,train_bus_ebike_mtv_ucb,mtv_to_berkeley_sf_bart/commuter_rail_aboveground_0,2927,1.1699103468304564,0.993164867622405,0.025418449029941805,inf,inf,inf,111.83165365354218,0.0,7.225986198398043e-10
6.0,train_bus_ebike_mtv_ucb,mtv_to_berkeley_sf_bart/subway_underground_0,3864,1.1795275206619795,0.988895522990642,0.02397526380222663,inf,inf,inf,27.097875907447367,0.0,8.022390272317053e-10
6.0,train_bus_ebike_mtv_ucb,mtv_to_berkeley_sf_bart/walk_to_bus_0,285,1.0072153442106522,0.9264951693462254,0.28365275169510584,3031580.5410992242,13203.378135580098,70.42308122972692,36.01257321177884,0.001506321762451022,8.417568395528515e-10
6.0,train_bus_ebike_mtv_ucb,mtv_to_berkeley_sf_bart/city_bus_short_0,473,1.187725272612657,0.9730314314809463,0.10633904111918153,140380323.63141176,133014.49748820782,947.1936447838661,276.65018604202305,0.00038743258505198554,6.4425497260919e-10
6.0,train_bus_ebike_mtv_ucb,walk_urban_university/walk_urban_university_0,866,1.0852523030292662,0.9822504261264109,0.046653018374287814,1678383.4871841716,10355.120482617824,182.36746445472073,0.9844606845451629,0.00030000498891842814,8.783406312073868e-10
6.0,train_bus_ebike_mtv_ucb,berkeley_to_mtv_SF_express_bus/walk to the bikeshare location_0,305,1.063190908063734,0.927408814174471,0.044444322291711795,2467643.611453489,3014.0610043181996,37.009929544167015,0.8601588933536564,0.00010424664857642207,4.6000558237409036e-10
6.0,train_bus_ebike_mtv_ucb,berkeley_to_mtv_SF_express_bus/ebike_bikeshare_urban_long_0,1467,1.2122461443254104,0.9633072503893061,0.03119426597556839,160524771446.49033,3788945.2773087206,678.9977240962922,20.42464595380373,1.38699355200582e-07,7.591327569011733e-10
6.0,train_bus_ebike_mtv_ucb,berkeley_to_mtv_SF_express_bus/express_bus_0,2751,1.1684156332095168,0.9779264898757333,0.021349770056128824,150408995423.44897,14882023.858522737,7710.110836820451,61.62456211254746,4.268525928414173e-07,6.769007973500341e-10
6.0,train_bus_ebike_mtv_ucb,berkeley_to_mtv_SF_express_bus/walk_downtown_urban_canyon_0,639,1.0228416010453756,0.83473609152944,0.17204902896039878,867524.4275364814,7635.3742594993255,109.47784455133043,2.381900335588102,0.00036413688692328876,1.060580868851958e-09
6.0,train_bus_ebike_mtv_ucb,berkeley_to_mtv_SF_express_bus/light_rail_below_above_ground_0,834,1.1584694695622915,0.9779776797423717,0.03001477342274198,1411427684692.586,105067519.43558516,88401.10327536888,22.86035513932528,2.244738148332786e-09,8.145851430344032e-10
6.0,train_bus_ebike_mtv_ucb,berkeley_to_mtv_SF_express_bus/commuter_rail_with_tunnels_0,4775,1.1718853165149357,0.9975129038920357,0.020456481299718762,9.614858702552496e+20,229236094954630.75,54654433.705386944,536.6172913811299,2.6649867342536628e-15,7.999884506231548e-10
6.0,train_bus_ebike_mtv_ucb,berkeley_to_mtv_SF_express_bus/inner_suburb_downtown_walk_0,1201,1.0739265613728732,0.99367240547913,0.042707927940921986,3605026.6052533183,17900.084643682778,210.2223923362591,0.830230050885743,0.00010898323424304706,7.13358173776683e-10
6.0,train_bus_ebike_mtv_ucb,mtv_to_berkeley_sf_bart/walk_to_caltrain_1,1012,1.0885996728621061,0.9380033564288238,0.05432166767994545,1211369.219886457,7965.780735945248,183.6920548620151,1.3509829206847825,0.00017572697803543906,7.066114844795951e-10
6.0,train_bus_ebike_mtv_ucb,mtv_to_berkeley_sf_bart/commuter_rail_aboveground_1,2709,1.1851406281220844,0.9916338585143606,0.025144828890713327,849345328922705.2,5077751172.780911,775570.89893373,100.87550127353975,1.0478931685666022e-10,7.225986198398043e-10
6.0,train_bus_ebike_mtv_ucb,mtv_to_berkeley_sf_bart/subway_underground_1,3887,1.1905516105002931,0.9677624055158122,0.018913646648264625,inf,inf,inf,40.382830541170016,0.0,8.022390272317053e-10
6.0,train_bus_ebike_mtv_ucb,mtv_to_berkeley_sf_bart/walk_to_bus_1,215,1.004735401206298,0.911562966245256,0.2218451983373686,9551.569500798605,305.31808980285723,15.530405750376374,1.6220896610990907,0.004882859517430417,8.417568395528515e-10
6.0,train_bus_ebike_mtv_ucb,mtv_to_berkeley_sf_bart/city_bus_short_1,535,1.1655471854371682,0.985812079005009,0.06699019951039784,284709768.2810585,341564.26663423056,638.7877407062397,229.9493641778455,0.00023430779877161827,6.4425497260919e-10
6.0,train_bus_ebike_mtv_ucb,walk_urban_university/walk_urban_university_1,888,1.0837592209826854,0.981547599581547,0.051235003557946246,2052701.8213347087,4652.676153821569,67.41217188580299,0.9801656544296653,0.00027675741501107925,8.783406312073868e-10
6.0,train_bus_ebike_mtv_ucb,berkeley_to_mtv_SF_express_bus/walk to the bikeshare location_1,219,1.0886989909077598,0.9122379216984541,0.07705307575992829,2089937.7866135992,12491.060734059383,154.7510963392786,0.9563860122813228,1.2912749018810303e-05,4.6000558237409036e-10
6.0,train_bus_ebike_mtv_ucb,berkeley_to_mtv_SF_express_bus/ebike_bikeshare_urban_long_1,1446,1.2156335333163455,0.9847222980441585,0.02942364450153387,10133242888.63694,753262.4489853741,625.9023487447452,20.46584932747151,2.7191305116105005e-06,7.591327569011733e-10
6.0,train_bus_ebike_mtv_ucb,berkeley_to_mtv_SF_express_bus/express_bus_1,2788,1.1667078001059064,0.9679040070899861,0.03240455331818444,107148499791606.64,153403104.2074256,4426.013875566132,92.32599603806148,2.387530399229942e-09,6.822293654972005e-10
6.0,train_bus_ebike_mtv_ucb,berkeley_to_mtv_SF_express_bus/walk_downtown_urban_canyon_1,616,1.015901936064148,0.8362213580241283,0.15180654417528716,7189619.415788258,6401.4992373672185,91.58324377218229,2.5136623782499194,0.00013991257295575905,1.060580868851958e-09
6.0,train_bus_ebike_mtv_ucb,berkeley_to_mtv_SF_express_bus/light_rail_below_above_ground_1,869,1.1473698556097034,0.9785625953491345,0.019144819487237057,300603347366.524,9840340.086967288,17110.882341933542,21.346281731973537,4.200978514264692e-08,8.145851430344032e-10
6.0,train_bus_ebike_mtv_ucb,berkeley_to_mtv_SF_express_bus/commuter_rail_with_tunnels_1,4797,1.1709937918704554,0.9974629494858669,0.018548612469559883,139393573679385.86,984256979.1428996,414388.1973112741,103.15186071187424,1.7875652583156568e-09,7.999884506231548e-10
6.0,train_bus_ebike_mtv_ucb,berkeley_to_mtv_SF_express_bus/inner_suburb_downtown_walk_1,1188,1.0741179542130046,0.990482093698399,0.033000782960773314,81117420703305.48,1740590515.159235,37349.10261272871,0.6358966091582783,9.299373248137824e-12,7.13358173776683e-10
6.0,train_bus_ebike_mtv_ucb,mtv_to_berkeley_sf_bart/walk_to_caltrain_2,874,1.1060416088779463,0.946898082048759,0.05662675466418566,566154.7550776904,4732.240104133105,85.66193708873337,1.557863676744725,0.0003891774893355399,7.066114844795951e-10
6.0,train_bus_ebike_mtv_ucb,mtv_to_berkeley_sf_bart/commuter_rail_aboveground_2,2829,1.1762425625760404,0.9906475099640589,0.026191998673185484,8.967927049753827e+16,491767698932.8214,2696822.577938112,242.8951850120011,7.655833007063543e-12,7.225986198398043e-10
6.0,train_bus_ebike_mtv_ucb,mtv_to_berkeley_sf_bart/subway_underground_2,3860,1.192435790475897,0.995862589307177,0.02256133161659185,inf,inf,inf,65.27139719147883,0.0,8.022390272317053e-10
6.0,train_bus_ebike_mtv_ucb,mtv_to_berkeley_sf_bart/walk_to_bus_2,223,1.010808397537759,0.9157830282006431,0.1824139175900903,4943.018533873749,192.72344725356484,13.987958644498491,1.290245883796257,0.007707922593936919,8.417568395528515e-10
6.0,train_bus_ebike_mtv_ucb,mtv_to_berkeley_sf_bart/city_bus_short_2,499,1.1780228118129996,0.969675167928956,0.06365285676494548,853255285.2546633,544783.7807859502,1023.9862201092723,510.4378652040781,0.00018992128425749389,6.4425497260919e-10
6.0,train_bus_ebike_mtv_ucb,walk_urban_university/walk_urban_university_2,780,1.096962151039883,0.9812923991353352,0.04170843175564834,44086847.011254266,28498.845774259473,33.15496090882241,1.196433823429885,2.0387467156622352e-05,8.783406312073868e-10
6.0,train_bus_ebike_mtv_ucb,berkeley_to_mtv_SF_express_bus/walk to the bikeshare location_2,1403,1.013147647205879,0.5912281771909074,0.4070877478315316,8287299421.669009,2633795.511588537,1133.627471921296,67.96223536766014,4.321868490743306e-06,4.6000558237409036e-10
6.0,train_bus_ebike_mtv_ucb,berkeley_to_mtv_SF_express_bus/ebike_bikeshare_urban_long_2,1543,1.2001097191915584,0.9721646253185371,0.03169398136600144,5124860406.780509,1408819.738920489,898.6647259542234,28.382430263831,6.9638431772401546e-06,7.591327569011733e-10
6.0,train_bus_ebike_mtv_ucb,berkeley_to_mtv_SF_express_bus/express_bus_2,2365,1.202236324410241,0.9721485286183519,0.02815167410880028,inf,inf,inf,354.20782762131336,0.0,6.769007973500341e-10
6.0,train_bus_ebike_mtv_ucb,berkeley_to_mtv_SF_express_bus/walk_downtown_urban_canyon_2,564,1.0181713692785077,0.8543446389063077,0.1457756089063138,2098387.8385201506,11545.015747846905,145.3680179254195,2.6043010392190675,0.00022582767359222822,1.060580868851958e-09
6.0,train_bus_ebike_mtv_ucb,berkeley_to_mtv_SF_express_bus/light_rail_below_above_ground_2,1218,1.1034479510048696,0.9474091621765928,0.08354832776260727,52765137083.490715,1751797.54411385,1853.620559632984,70.09419432878174,1.4563135943104114e-06,8.145851430344032e-10
6.0,train_bus_ebike_mtv_ucb,berkeley_to_mtv_SF_express_bus/commuter_rail_with_tunnels_2,4793,1.1702608973273092,0.9958272300283937,0.03214982591222292,1.6328576328734122e+17,700746475408.0175,3007422.636911625,692.0825453798935,2.031268619395504e-11,7.999884506231548e-10
6.0,train_bus_ebike_mtv_ucb,berkeley_to_mtv_SF_express_bus/inner_suburb_downtown_walk_2,1193,1.074424960602365,0.999225053415692,0.04795684699060184,146161923.8794963,33448.91457116558,256.1829393361409,0.849157160469329,4.622367645999477e-06,7.13358173776683e-10
6.0,train_bus_ebike_mtv_ucb,mtv_to_berkeley_sf_bart/walk_to_caltrain_3,949,1.0954065836165017,0.9249589603459832,0.07590304222148057,410686259068390.5,3894424587.568162,78925.09860338365,2.126185111667596,3.2941882127659207e-12,7.066114844795951e-10
6.0,train_bus_ebike_mtv_ucb,mtv_to_berkeley_sf_bart/commuter_rail_aboveground_3,2639,1.1913622084675586,0.9955419539170262,0.02261571256277008,4.100818997390432e+16,54153800373.05094,1273856.2978928245,202.37389593830198,4.854532276020324e-12,7.225986198398043e-10
6.0,train_bus_ebike_mtv_ucb,mtv_to_berkeley_sf_bart/subway_underground_3,3868,1.1899452839988747,0.9952886641065797,0.025328488296881092,inf,inf,inf,57.35820615810839,0.0,8.022390272317053e-10
6.0,train_bus_ebike_mtv_ucb,mtv_to_berkeley_sf_bart/walk_to_bus_3,309,1.0195085540598094,0.9698029455469791,0.2999131421210192,2.144738404225294e+18,1022690966160.2357,487666.9499873831,13.637459901740023,9.82369973484885e-16,8.417568395528515e-10
6.0,train_bus_ebike_mtv_ucb,mtv_to_berkeley_sf_bart/city_bus_short_3,378,1.2526017169820336,0.9576853108313415,0.03378377185277651,140498129.27514905,126917.03137240099,840.789448095233,361.9220992819493,0.00042143987030631667,6.4425497260919e-10
6.0,train_bus_ebike_mtv_ucb,walk_urban_university/walk_urban_university_3,797,1.0942109175206816,0.9785787958304913,0.038660466459449434,2258005918104.9556,160428214.39659828,11398.762937748255,1.8775417187006873,6.621174945015554e-10,8.783406312073868e-10
6.0,train_bus_ebike_mtv_ucb,berkeley_to_mtv_SF_express_bus/walk to the bikeshare location_3,519,1.0708071431547226,0.978993470273305,0.03700601124372408,3601160865.885406,1234631.5184776068,512.2714147175191,1.020501868929539,1.3764752003997063e-07,5.692611509058333e-10
6.0,train_bus_ebike_mtv_ucb,berkeley_to_mtv_SF_express_bus/ebike_bikeshare_urban_long_3,1586,1.1937928502189994,0.9822915822241656,0.027664793957965592,2850425792.765307,251356.61549390704,282.70577995544016,14.481538728132461,7.47288013182045e-06,7.481166846026598e-10
6.0,train_bus_ebike_mtv_ucb,berkeley_to_mtv_SF_express_bus/express_bus_3,2741,1.1612161764189428,0.9847156224618219,0.016680875217728614,326054603949.83594,84730170.43822719,22052.694803705595,37.99268364584085,2.5113989007319713e-07,7.342253319793175e-10
6.0,train_bus_ebike_mtv_ucb,berkeley_to_mtv_SF_express_bus/walk_downtown_urban_canyon_3,785,1.0121577735661518,0.8826459480003203,0.10658447648143142,inf,inf,inf,19.829141416005733,0.0,8.02529976053429e-10
6.0,train_bus_ebike_mtv_ucb,berkeley_to_mtv_SF_express_bus/light_rail_below_above_ground_3,930,1.140471929943614,0.9856129629220856,0.028287174817367713,5723889035355574.0,6885588459.248999,186367.11609263963,17.766547286401966,2.575409525457119e-12,8.145851430344032e-10
6.0,train_bus_ebike_mtv_ucb,berkeley_to_mtv_SF_express_bus/commuter_rail_with_tunnels_3,3579,1.2425810516383924,0.9968581645488342,0.027557849322132576,71749770361466.16,1043487563.4892898,213503.1803795226,324.00872650190496,6.750206663134688e-09,7.999884506231548e-10
6.0,train_bus_ebike_mtv_ucb,berkeley_to_mtv_SF_express_bus/inner_suburb_downtown_walk_3,1186,1.074666833186685,0.995566267538603,0.03996964779516995,1888704789.3545876,740770.7893262185,300.63397943841557,1.023792624895584,4.879433039287396e-07,7.13358173776683e-10
6.0,train_bus_ebike_mtv_ucb,mtv_to_berkeley_sf_bart/walk_to_caltrain_4,960,1.0936529756486262,0.9375150136397751,0.06353321966360236,34424789862.596245,12089712.122269545,4255.272225928442,1.9122253358403338,2.4217521717864038e-08,7.066114844795951e-10
6.0,train_bus_ebike_mtv_ucb,mtv_to_berkeley_sf_bart/commuter_rail_aboveground_4,2716,1.184768680053126,0.9937054081102245,0.032237446565217306,4.1607153078448224e+17,1388788565622.9766,6490031.699794815,315.9676973036219,1.2619956289027338e-12,7.225986198398043e-10
6.0,train_bus_ebike_mtv_ucb,mtv_to_berkeley_sf_bart/subway_underground_4,3882,1.1899937289785,1.0361844602991976,0.05180371569324667,inf,inf,inf,17.602739725484998,0.0,8.022390272317053e-10
6.0,train_bus_ebike_mtv_ucb,mtv_to_berkeley_sf_bart/walk_to_bus_4,318,1.017214138932621,0.9846260329363267,0.3105991798550214,2.287766616564004e+16,49090146215.56137,105344.0997595273,23.126728922720886,3.1956690786568543e-13,8.417568395528515e-10
6.0,train_bus_ebike_mtv_ucb,mtv_to_berkeley_sf_bart/city_bus_short_4,344,1.2802506440922412,0.9679793970553906,0.04841752870595617,42160369.36942069,56442.17434231257,534.0953465039064,58.85831483729122,0.00019524949496947251,6.4425497260919e-10
6.0,train_bus_ebike_mtv_ucb,walk_urban_university/walk_urban_university_4,797,1.0943910708015385,0.9760828137306061,0.04986383356378043,171974381396952.47,1452266812.329332,44665.18648247827,2.2264808161502,5.838271465953697e-12,8.783406312073868e-10
6.0,train_bus_ebike_mtv_ucb,berkeley_to_mtv_SF_express_bus/walk to the bikeshare location_4,423,1.081873462146632,0.9770127232414691,0.032942869154160614,141293333.95320213,31502.218990385096,25.962302950292088,1.5725297817255173,4.702549730530031e-06,5.692611509058333e-10
6.0,train_bus_ebike_mtv_ucb,berkeley_to_mtv_SF_express_bus/ebike_bikeshare_urban_long_4,1297,1.2473953722311308,0.9896004625907594,0.026306103137409238,1184327935.2193735,690123.6195144085,847.8045626383232,22.91104305098032,2.0117356221501238e-05,7.481166846026598e-10
6.0,train_bus_ebike_mtv_ucb,berkeley_to_mtv_SF_express_bus/express_bus_4,2768,1.1595518300253291,0.9747616960840505,0.022597463648136706,44780511492.07574,9003792.694218282,5209.622224890267,33.26787130309879,5.420742002743581e-07,7.342253319793175e-10
6.0,train_bus_ebike_mtv_ucb,berkeley_to_mtv_SF_express_bus/walk_downtown_urban_canyon_4,687,1.0155550644716347,0.8681461366688682,0.1238429254130593,65359407420.81452,12293461.518311033,2317.721991078348,13.824063723723063,1.0207923108988871e-07,8.02529976053429e-10
6.0,train_bus_ebike_mtv_ucb,berkeley_to_mtv_SF_express_bus/light_rail_below_above_ground_4,978,1.1316995244750658,0.9762843523087452,0.03359859535054676,2.085992467031601e+16,24866972505.86797,379555.2020998466,31.92328472247023,8.441555684530468e-13,8.145851430344032e-10
6.0,train_bus_ebike_mtv_ucb,berkeley_to_mtv_SF_express_bus/commuter_rail_with_tunnels_4,4839,1.1691312469162367,0.9968915805502455,0.03569284342887911,57352606641602.38,82288995.3656966,14694.344251449553,765.5783863157534,6.315248612394002e-08,7.999884506231548e-10
6.0,train_bus_ebike_mtv_ucb,berkeley_to_mtv_SF_express_bus/inner_suburb_downtown_walk_4,1081,1.0827986868850388,0.9963736522098713,0.04693053258420506,36181660463.65485,2147974.0608709673,3080.995480996913,1.1679719138300082,3.090168495835448e-08,7.13358173776683e-10
6.0,train_bus_ebike_mtv_ucb,mtv_to_berkeley_sf_bart/walk_to_caltrain_5,953,1.0955377151487455,0.948284710391377,0.0575061184290374,3.89214665437874e+17,251994435383.24158,1012415.5558300182,2.303987981761036,1.8536857914700402e-15,7.066114844795951e-10
6.0,train_bus_ebike_mtv_ucb,mtv_to_berkeley_sf_bart/commuter_rail_aboveground_5,2913,1.1698908683633351,0.9963953555114579,0.033821206204626926,4.9219859134917706e+20,117349322355550.31,55956485.3754734,495.5751868140753,1.9407282697780806e-15,7.225986198398043e-10
6.0,train_bus_ebike_mtv_ucb,mtv_to_berkeley_sf_bart/subway_underground_5,3900,1.1853006964856805,0.9954414281855775,0.024840442430267267,inf,inf,inf,11.884935319584425,0.0,8.022390272317053e-10
6.0,train_bus_ebike_mtv_ucb,mtv_to_berkeley_sf_bart/walk_to_bus_5,304,0.981224067490317,0.8824163210476238,0.2762201348898613,688262112.899375,480147.0370445035,517.6009395383699,11.200489444566728,2.6787079096874618e-06,8.417568395528515e-10
6.0,train_bus_ebike_mtv_ucb,mtv_to_berkeley_sf_bart/city_bus_short_5,309,1.3267780084595318,0.9682903930443685,0.040695809414695146,30242241473.895466,8024642.390151613,10656.159174313543,37.60776443491867,1.952962908548862e-07,6.4425497260919e-10
6.0,train_bus_ebike_mtv_ucb,walk_urban_university/walk_urban_university_5,826,1.0912703168849494,0.9425862764697557,0.04245019371922896,50904159449.739204,12488381.589853128,3064.1061564907886,2.077576356713772,1.1556725349466212e-08,8.783406312073868e-10
6.0,train_bus_ebike_mtv_ucb,berkeley_to_mtv_SF_express_bus/walk to the bikeshare location_5,356,1.1082698172397754,0.9969791596642373,0.04530844857620343,5783.810723081364,371.39291652448264,28.271788865060433,0.9796077329704793,0.03956326128100119,5.692611509058333e-10
6.0,train_bus_ebike_mtv_ucb,berkeley_to_mtv_SF_express_bus/ebike_bikeshare_urban_long_5,1414,1.2221166437991446,0.945068549553891,0.050517600137599046,216095137465.2246,5976464.593526521,576.9903035733963,31.577716039961857,1.5098487148826654e-07,7.481166846026598e-10
6.0,train_bus_ebike_mtv_ucb,berkeley_to_mtv_SF_express_bus/express_bus_5,2381,1.1901073489375285,0.9671884072868021,0.03122612787867559,90984837205358.64,108801872.53187199,7512.236424008199,617.8652931298129,1.607504107309093e-08,7.342253319793175e-10
6.0,train_bus_ebike_mtv_ucb,berkeley_to_mtv_SF_express_bus/walk_downtown_urban_canyon_5,652,1.0130380518125965,0.8744827706566791,0.11986717346439804,5.325543710059898e+17,507883426039.5475,645824.5470086907,6.501304919355615,3.411201300592952e-15,8.02529976053429e-10
6.0,train_bus_ebike_mtv_ucb,berkeley_to_mtv_SF_express_bus/light_rail_below_above_ground_5,799,1.1549854912682338,0.9734292761150234,0.022218848784636275,561435223.5309823,405718.9601121262,1002.0246186902236,12.417918204789716,5.5196157913543984e-06,8.145851430344032e-10
6.0,train_bus_ebike_mtv_ucb,berkeley_to_mtv_SF_express_bus/commuter_rail_with_tunnels_5,4252,1.1966217433545243,0.9952035473921623,0.023326300483583418,2051066633807.1162,66197514.216130994,15246.42368775293,463.7476259726701,6.336119544286201e-07,7.999884506231548e-10
6.0,train_bus_ebike_mtv_ucb,berkeley_to_mtv_SF_express_bus/inner_suburb_downtown_walk_5,1064,1.08480933001964,0.9969769460499558,0.0498320892771395,7423744529.0128765,3812503.276450884,3793.9348795061146,1.077726444770341,6.268987148551869e-08,7.13358173776683e-10
6.0,train_bus_ebike_mtv_ucb,mtv_to_berkeley_sf_bart/walk_to_caltrain_6,945,1.0943668186564532,0.9531529083452649,0.04721259190200794,783388175675.4169,88344279.43169256,9966.908708835308,2.001220513367862,2.4125030142486172e-09,7.066114844795951e-10
6.0,train_bus_ebike_mtv_ucb,mtv_to_berkeley_sf_bart/commuter_rail_aboveground_6,2859,1.174898475263851,0.9967320480449603,0.03149844311824215,299919474588.5014,19881065.71750142,26898.64961929429,1844.4059472544097,3.917203863566605e-06,7.225986198398043e-10
6.0,train_bus_ebike_mtv_ucb,mtv_to_berkeley_sf_bart/subway_underground_6,3901,1.1888153695217625,0.9968819785285314,0.013746080184389074,2.000844626478409e+16,10394049611.087158,781346.9986666271,57.92886960095245,1.0088381366216049e-11,8.022390272317053e-10
6.0,train_bus_ebike_mtv_ucb,mtv_to_berkeley_sf_bart/walk_to_bus_6,292,1.0112037324657515,0.9349428917605862,0.26254352294512934,119108673.08389446,151447.49301654325,371.1409342634205,6.414940300318439,6.108780984156036e-06,8.417568395528515e-10
6.0,train_bus_ebike_mtv_ucb,mtv_to_berkeley_sf_bart/city_bus_short_6,366,1.1933310208133237,0.9748670505957341,0.03749487842903497,51378188.94601195,75288.9972548257,636.4526511714057,306.9930131786688,0.0006288224712964354,6.922048303980974e-10
6.0,train_bus_ebike_mtv_ucb,walk_urban_university/walk_urban_university_6,824,1.0908826258836604,0.9682116598578245,0.055824729072371036,5815261849.69637,1041256.6610463636,637.0974388393374,1.5323883269521188,1.7342526860069446e-07,8.783406312073868e-10
6.0,train_bus_ebike_mtv_ucb,berkeley_to_mtv_SF_express_bus/walk to the bikeshare location_6,431,1.0867783565118991,0.9949695450921687,0.04423015343964511,12246020332.315022,1261935.0982150596,850.6650363139482,1.173351754024851,4.048946983838931e-08,5.692611509058333e-10
6.0,train_bus_ebike_mtv_ucb,berkeley_to_mtv_SF_express_bus/ebike_bikeshare_urban_long_6,1513,1.205552394831096,0.975957340903005,0.02948124132760166,1815763036.6351955,563651.8195760206,574.6344832643139,19.366726964930333,1.0795466217786844e-05,7.481166846026598e-10
6.0,train_bus_ebike_mtv_ucb,berkeley_to_mtv_SF_express_bus/express_bus_6,2422,1.186775116729081,0.964120012172149,0.06083375979003469,1041940725678.7263,58626654.009249,11034.620176927076,1483.049496219989,1.3747071129444774e-06,7.342253319793175e-10
6.0,train_bus_ebike_mtv_ucb,berkeley_to_mtv_SF_express_bus/walk_downtown_urban_canyon_6,666,1.0171660376133402,0.8968511593488311,0.11257384970564263,inf,inf,inf,1.3931447877483598,0.0,8.02529976053429e-10
6.0,train_bus_ebike_mtv_ucb,berkeley_to_mtv_SF_express_bus/light_rail_below_above_ground_6,941,1.1402625530901338,0.9888435282262875,0.023775988287386324,152086408.3890417,154155.42148260504,733.1847312679865,13.509833728451973,3.0154259183584364e-05,8.145851430344032e-10
6.0,train_bus_ebike_mtv_ucb,berkeley_to_mtv_SF_express_bus/commuter_rail_with_tunnels_6,4217,1.1988857076704018,0.9971049258549781,0.02131427576406087,6.60824943612259e+16,57793314047.784424,697399.4005053737,314.7234153291737,1.662417671624884e-11,7.999884506231548e-10
6.0,train_bus_ebike_mtv_ucb,berkeley_to_mtv_SF_express_bus/inner_suburb_downtown_walk_6,1188,1.0738826255310765,0.9944354075597653,0.03676401372109159,29109154.542715646,67629.20218454055,285.02563132820313,0.9506880278176653,2.2046470933204158e-05,7.13358173776683e-10
6.0,train_bus_ebike_mtv_ucb,mtv_to_berkeley_sf_bart/walk_to_caltrain_7,1068,1.0828504778722483,0.914213790883227,0.08390860631618113,212295686.83406672,390003.1015375756,723.4862051324998,2.200206587482435,5.922724463178909e-06,7.066114844795951e-10
6.0,train_bus_ebike_mtv_ucb,mtv_to_berkeley_sf_bart/commuter_rail_aboveground_7,2786,1.1797285620215774,0.9957017489676511,0.023105915675920064,46771631929343.71,345688007.8141834,20260.073213292955,1007.7005115144025,5.759172496524425e-08,7.225986198398043e-10
6.0,train_bus_ebike_mtv_ucb,mtv_to_berkeley_sf_bart/subway_underground_7,3898,1.1883839249300352,0.9962726286343799,0.013851969456934218,4.25375642245464e+19,10141745276873.73,16188329.627351746,42.25795267739289,5.020074471154842e-16,8.022390272317053e-10
6.0,train_bus_ebike_mtv_ucb,mtv_to_berkeley_sf_bart/walk_to_bus_7,295,1.0189141518045253,0.9498210203193466,0.20800999031535566,2.249424411942116e+18,1072609144768.5773,511472.0912014235,1.944546040268264,2.396776031925962e-16,8.417568395528515e-10
6.0,train_bus_ebike_mtv_ucb,mtv_to_berkeley_sf_bart/city_bus_short_7,304,1.2541401479273258,0.9617815936931737,0.05147760548891027,738891106.272699,376460.6804016802,1012.592828637038,341.16107622355605,7.758674416621338e-05,6.922048303980974e-10
6.0,train_bus_ebike_mtv_ucb,walk_urban_university/walk_urban_university_7,851,1.0885569421297292,0.9814220233741067,0.06472398863737412,4540879.082349606,24636.03629937552,134.5076234343181,1.9771453595639294,0.0002065807095789001,8.783406312073868e-10
6.0,train_bus_ebike_mtv_ucb,berkeley_to_mtv_SF_express_bus/walk to the bikeshare location_7,442,1.087033213507231,0.9635872202208832,0.027801653371958085,13488.021957399224,545.3348606391,23.027595625362455,1.794671868605223,0.013212543342087973,5.692611509058333e-10
6.0,train_bus_ebike_mtv_ucb,berkeley_to_mtv_SF_express_bus/ebike_bikeshare_urban_long_7,1343,1.2367271889777305,0.9874880955559338,0.024172624599621023,2278193849.425282,530686.4344253165,569.5974369334764,20.706864459814625,1.028071322265391e-05,7.481166846026598e-10
6.0,train_bus_ebike_mtv_ucb,berkeley_to_mtv_SF_express_bus/express_bus_7,2349,1.1936553641922936,0.9807630633887751,0.026804918743213245,30010611101.14163,7134787.9496238185,7856.629685245329,51.27201009515793,1.28492324616081e-06,7.39791657760347e-10
6.0,train_bus_ebike_mtv_ucb,berkeley_to_mtv_SF_express_bus/walk_downtown_urban_canyon_7,659,1.0180392949626504,0.8982216424560256,0.09982189561148798,3.3587523198623584e+19,8007889556935.811,1909243.8055562128,2.02726329819008,1.9823145394949093e-17,8.02529976053429e-10
6.0,train_bus_ebike_mtv_ucb,berkeley_to_mtv_SF_express_bus/light_rail_below_above_ground_7,885,1.1425299957631614,0.9820353397242455,0.043248185300691515,200130117530.0886,29649160.890774246,10790.530631493573,18.826450132850596,3.3756131981720086e-08,8.145851430344032e-10
6.0,train_bus_ebike_mtv_ucb,berkeley_to_mtv_SF_express_bus/commuter_rail_with_tunnels_7,3506,1.249000021152574,0.9923416967170116,0.025841138505794822,1570120732638.6301,53531529.10538015,23227.78166060537,382.1358273648334,4.1389479790894057e-07,7.999884506231548e-10
6.0,train_bus_ebike_mtv_ucb,berkeley_to_mtv_SF_express_bus/inner_suburb_downtown_walk_7,1183,1.0749632752668052,0.996790264696806,0.0498198887152427,38223218.7689288,108869.54671560059,475.0008270466106,0.9644646833610729,1.5506295977247567e-05,7.13358173776683e-10
6.0,train_bus_ebike_mtv_ucb,mtv_to_berkeley_sf_bart/walk_to_caltrain_8,930,1.0969774543749897,0.9267311217250989,0.07331489493824786,8813655579.32152,4406508.084896633,2204.3107895481576,1.8785629734849008,1.9690756105825538e-07,7.066114844795951e-10
6.0,train_bus_ebike_mtv_ucb,mtv_to_berkeley_sf_bart/commuter_rail_aboveground_8,2857,1.1743145902344905,0.9948999944135437,0.04137664431487875,62143027576461.49,207424776.9487174,19848.404769003744,1901.2158012465713,8.474120337598435e-08,7.225986198398043e-10
6.0,train_bus_ebike_mtv_ucb,mtv_to_berkeley_sf_bart/subway_underground_8,3959,1.1866120443423807,0.9942838859793917,0.02206777415560829,inf,inf,inf,42.399869316792845,0.0,8.022390272317053e-10
6.0,train_bus_ebike_mtv_ucb,mtv_to_berkeley_sf_bart/walk_to_bus_8,310,1.0141673616511007,0.9858767349816652,0.19438117468345725,6215929.8673672555,20567.274247011243,71.15175288253333,0.33565034532535576,7.534944662868287e-06,8.417568395528515e-10
6.0,train_bus_ebike_mtv_ucb,mtv_to_berkeley_sf_bart/city_bus_short_8,301,1.253930808086201,0.9630946713344708,0.04206581625556223,480675989.5580266,152090.65961074317,750.6509640641244,80.9031467945799,3.506177667455901e-05,6.922048303980974e-10
6.0,train_bus_ebike_mtv_ucb,walk_urban_university/walk_urban_university_8,875,1.0849693539532443,0.9809771624087578,0.049178131492774196,19137034.909867946,52262.00823387434,210.76463002504127,1.1718716221492882,2.7179545505858707e-05,8.783406312073868e-10
6.0,train_bus_ebike_mtv_ucb,berkeley_to_mtv_SF_express_bus/walk to the bikeshare location_8,408,1.09519981998664,0.9975105393995395,0.04193146275499254,593.6822638840581,44.55248757018765,6.90089563853008,1.3362834906870202,0.14848937025572873,5.692611509058333e-10
6.0,train_bus_ebike_mtv_ucb,berkeley_to_mtv_SF_express_bus/ebike_bikeshare_urban_long_8,1518,1.2048345218974925,0.9714045497468168,0.029565271545696603,3580415656.7547364,509631.7873493966,315.64191980356435,19.880892130855592,4.561600240782754e-06,7.481166846026598e-10
6.0,train_bus_ebike_mtv_ucb,berkeley_to_mtv_SF_express_bus/express_bus_8,2592,1.1717501324029564,0.9801429558821398,0.021698890389093402,313623167462.4791,55309549.402055666,20111.596856573797,34.36737193438765,1.7971887495544516e-07,7.39791657760347e-10
6.0,train_bus_ebike_mtv_ucb,berkeley_to_mtv_SF_express_bus/walk_downtown_urban_canyon_8,600,1.016174717026029,0.870807474697218,0.12545788266252256,27205886866.346684,7137413.535307858,2955.188126171917,16.862265230444212,1.106650086202467e-07,8.02529976053429e-10
6.0,train_bus_ebike_mtv_ucb,berkeley_to_mtv_SF_express_bus/light_rail_below_above_ground_8,778,1.163861941862176,0.9727273104074364,0.025805419022809438,1534659304.3697283,1488269.4905593856,2642.0840498640273,14.56289129512514,2.1410153371021746e-06,8.145851430344032e-10
6.0,train_bus_ebike_mtv_ucb,berkeley_to_mtv_SF_express_bus/commuter_rail_with_tunnels_8,3844,1.2228946151617601,0.9959806236373501,0.019691146825154427,202948530900961.34,822573938.7346503,21772.075308828847,381.2253569119722,6.2120538968720424e-09,7.999884506231548e-10
6.0,train_bus_ebike_mtv_ucb,berkeley_to_mtv_SF_express_bus/inner_suburb_downtown_walk_8,1209,1.0728011476574286,0.983281753693659,0.0525812652422049,250303811.38856602,282140.08589748654,507.4352543151136,1.1623269235658555,1.800254670207721e-06,7.13358173776683e-10
6.0,train_bus_ebike_mtv_ucb,mtv_to_berkeley_sf_bart/walk_to_caltrain_9,945,1.0954605058009415,0.926121426385709,0.07187349551201466,11536128814.749506,5764898.857700959,2883.8062924868786,2.2511086601106,1.7121294029489585e-07,7.066114844795951e-10
6.0,train_bus_ebike_mtv_ucb,mtv_to_berkeley_sf_bart/commuter_rail_aboveground_9,2690,1.1877978720363205,0.9956633128595067,0.029610036672046956,1406057026815.7424,125711339.03830764,19512.09597889755,3158.8703565464934,2.1287352918830376e-06,7.225986198398043e-10
6.0,train_bus_ebike_mtv_ucb,mtv_to_berkeley_sf_bart/subway_underground_9,3904,1.1885711762327678,0.9564853270972831,0.02459776739169111,inf,inf,inf,52.56987606364652,0.0,8.022390272317053e-10
6.0,train_bus_ebike_mtv_ucb,mtv_to_berkeley_sf_bart/walk_to_bus_9,295,1.019113170507507,0.967816824894655,0.23883987972102555,14350573498.954033,3688339.625521884,950.6225913437839,0.6702452797182699,1.3769693808661726e-08,8.417568395528515e-10
6.0,train_bus_ebike_mtv_ucb,mtv_to_berkeley_sf_bart/city_bus_short_9,363,1.1985066607877144,0.9668363644141545,0.038614352458493394,345916881.6953748,235295.57553675573,1235.4005026421264,317.16016061043496,0.00015559825829653364,6.922048303980974e-10
6.0,train_bus_ebike_mtv_ucb,walk_urban_university/walk_urban_university_9,836,1.0882309682362954,0.9722188322876976,0.035221363244126495,133992856.91520856,106388.7821116839,268.96045391199306,1.116753474636203,6.15625857482568e-06,8.783406312073868e-10
6.0,train_bus_ebike_mtv_ucb,berkeley_to_mtv_SF_express_bus/walk to the bikeshare location_9,432,1.0891073388656758,0.9907867486070506,0.03700248034109253,3235854.6260528374,11023.767961339501,65.51539818535059,1.399994858745102,0.00012814251020702187,5.692611509058333e-10
6.0,train_bus_ebike_mtv_ucb,berkeley_to_mtv_SF_express_bus/ebike_bikeshare_urban_long_9,1623,1.1880278651697171,0.9920376642687037,0.06474090152947962,8615036912.648174,1159756.5698755514,944.9571581468163,26.468310459438197,2.160122379558077e-06,7.481166846026598e-10
6.0,train_bus_ebike_mtv_ucb,berkeley_to_mtv_SF_express_bus/express_bus_9,2317,1.1963551615332029,0.9767409593611139,0.030980055613288975,80967200233309.52,251630337.1914039,7334.59962470816,444.43153210712325,1.2604170354065699e-08,7.342253319793175e-10
6.0,train_bus_ebike_mtv_ucb,berkeley_to_mtv_SF_express_bus/walk_downtown_urban_canyon_9,690,1.013759196669441,0.8573505687331011,0.13450834948781618,39165875850.907265,8712226.652994227,1942.383652610575,6.602630870054624,1.158576072184546e-07,8.02529976053429e-10
6.0,train_bus_ebike_mtv_ucb,berkeley_to_mtv_SF_express_bus/light_rail_below_above_ground_9,1170,1.1071992676153348,0.9784341038359585,0.0444691765708384,9315545364462.436,51082725.14622259,4322.601304340047,14.210500879932393,1.766339553330424e-09,8.145851430344032e-10
6.0,train_bus_ebike_mtv_ucb,berkeley_to_mtv_SF_express_bus/commuter_rail_with_tunnels_9,3566,1.2440506096065116,0.9897063274132505,0.03808193559390489,73039174579124.89,1654320084.4332018,79824.57409056582,1306.8397935776156,3.7980408594748364e-08,7.999884506231548e-10
6.0,train_bus_ebike_mtv_ucb,berkeley_to_mtv_SF_express_bus/inner_suburb_downtown_walk_9,1229,1.0715652742027313,0.9910376843566993,0.047423735374980944,7893347223667022.0,37638412928.028404,179491.95897445874,0.8844876308970296,1.376593478758828e-13,7.13358173776683e-10
6.0,train_bus_ebike_mtv_ucb,mtv_to_berkeley_sf_bart/walk_to_caltrain_10,1038,1.0871036742378968,0.9117640687284904,0.08648577200151425,1.209825433653318e+18,1153779444231.0796,1100360.240460488,2.3657104044145556,2.029716527842727e-15,7.066114844795951e-10
6.0,train_bus_ebike_mtv_ucb,mtv_to_berkeley_sf_bart/commuter_rail_aboveground_10,2748,1.1834306999310864,0.9936895104697325,0.025380160478978772,15401833642134.121,59006691.73835343,11932.567945374027,999.5611274067289,1.7086784352076213e-07,7.225986198398043e-10
6.0,train_bus_ebike_mtv_ucb,mtv_to_berkeley_sf_bart/subway_underground_10,4979,1.1426694546365235,1.040199331117915,0.1371749811133103,inf,inf,inf,48.05225910213599,0.0,8.022390272317053e-10
6.0,train_bus_ebike_mtv_ucb,mtv_to_berkeley_sf_bart/walk_to_bus_10,294,1.0074662019875977,0.9594452299190278,0.176137704610931,inf,inf,inf,0.2432589600093067,0.0,8.417568395528515e-10
6.0,train_bus_ebike_mtv_ucb,mtv_to_berkeley_sf_bart/city_bus_short_10,431,1.16755667949454,0.9880756641459634,0.053501621270987516,78923809.23388536,143832.40679053875,943.5439260512471,555.4320979929631,0.00046121756558365146,6.922048303980974e-10
6.0,train_bus_ebike_mtv_ucb,walk_urban_university/walk_urban_university_10,789,1.0955791838281446,0.9822194368104078,0.03972823635190068,20422369516.06888,2463962.428562347,3527.425309938979,1.14658189534015,3.296763722005352e-08,8.783406312073868e-10
6.0,train_bus_ebike_mtv_ucb,berkeley_to_mtv_SF_express_bus/walk to the bikeshare location_10,389,1.1009268787162443,0.9976294762960949,0.032629798372270785,140224837.37110943,273817.2157157199,823.7529838770906,1.164677893389419,1.6809618550385134e-06,5.692611509058333e-10
6.0,train_bus_ebike_mtv_ucb,berkeley_to_mtv_SF_express_bus/ebike_bikeshare_urban_long_10,1465,1.2137480054438836,0.9552871083464438,0.04233447326287969,85368592.60868542,101454.470863926,702.5469392062192,21.918249637890955,9.568310363047444e-05,7.481166846026598e-10
6.0,train_bus_ebike_mtv_ucb,berkeley_to_mtv_SF_express_bus/express_bus_10,2907,1.1508506121901214,0.9877338292662711,0.01613238117929464,27505603057316.066,26184717.557919502,8434.766849575502,26.632927273136854,2.8096721280842986e-09,7.342253319793175e-10
6.0,train_bus_ebike_mtv_ucb,berkeley_to_mtv_SF_express_bus/walk_downtown_urban_canyon_10,617,1.0165926738972977,0.8756145502757762,0.12156535940945258,7729538953171.115,307758547.6841044,12276.46126436453,8.762672836221094,6.99113939709666e-10,8.02529976053429e-10
6.0,train_bus_ebike_mtv_ucb,berkeley_to_mtv_SF_express_bus/light_rail_below_above_ground_10,1016,1.127149574065417,0.9820596229896495,0.08334735662329999,76761856.54129457,247637.2500222683,1653.865124201458,30.5858927222097,3.272128374969768e-05,8.145851430344032e-10
6.0,train_bus_ebike_mtv_ucb,berkeley_to_mtv_SF_express_bus/commuter_rail_with_tunnels_10,3474,1.2523900326900481,0.9981212983281168,0.03291703506630201,19056783283152.875,858140830.6528463,432671.9686064397,567.5121314964574,2.0338618426884546e-08,7.999884506231548e-10
6.0,train_bus_ebike_mtv_ucb,berkeley_to_mtv_SF_express_bus/inner_suburb_downtown_walk_10,1179,1.0747560040646835,0.9973591431097055,0.047805071248068175,3.403444115611637e+17,270767041453.98276,662882.4283916481,1.3875824720620538,2.089572024761751e-15,7.13358173776683e-10
6.0,train_bus_ebike_mtv_ucb,mtv_to_berkeley_sf_bart/walk_to_caltrain_11,965,1.094029028569406,0.8876127719625212,0.11546991276559802,1119120614.9451752,1119304.8470634343,1120.6581456638332,3.8512355918351724,3.134940981789576e-06,7.066114844795951e-10
6.0,train_bus_ebike_mtv_ucb,mtv_to_berkeley_sf_bart/commuter_rail_aboveground_11,2641,1.191807419256405,0.9962415609760376,0.022956187866268532,1599777582428693.2,8009750967.05431,40169.421112455624,674.7153141377266,1.1133938735462632e-09,7.225986198398043e-10
6.0,train_bus_ebike_mtv_ucb,mtv_to_berkeley_sf_bart/subway_underground_11,3895,1.1895220355329692,1.085332462542908,0.09664521801291957,inf,inf,inf,30.761266725769918,0.0,8.022390272317053e-10
6.0,train_bus_ebike_mtv_ucb,mtv_to_berkeley_sf_bart/walk_to_bus_11,269,1.022172695978457,0.9453516609780523,0.14609367210246085,9646408726046.777,273686084.3657414,7764.969835167699,0.16401008411659548,2.293320780395521e-12,6.946654363854002e-10
6.0,train_bus_ebike_mtv_ucb,mtv_to_berkeley_sf_bart/city_bus_short_11,349,1.2942963962744682,0.9742171745303878,0.05044906116867258,66538641.184030905,119723.35957984393,847.1232369313883,250.372988724586,0.0005270115352664826,5.848063484045086e-10
6.0,train_bus_ebike_mtv_ucb,walk_urban_university/walk_urban_university_11,898,1.082627071163376,0.9780524145311084,0.07076095432563383,70587255111083.77,471220851.52667797,3155.5302974837564,1.593753025190779,2.0269860052302438e-11,8.783406312073868e-10
6.0,train_bus_ebike_mtv_ucb,berkeley_to_mtv_SF_express_bus/walk to the bikeshare location_11,423,1.0893560635539665,0.9941146781438323,0.035014192496107,inf,inf,inf,0.8934265734277588,0.0,5.692611509058333e-10
6.0,train_bus_ebike_mtv_ucb,berkeley_to_mtv_SF_express_bus/ebike_bikeshare_urban_long_11,1572,1.1946581044930873,0.983964661084381,0.0251590605876177,inf,inf,inf,16.398151012634393,0.0,7.481166846026598e-10
6.0,train_bus_ebike_mtv_ucb,berkeley_to_mtv_SF_express_bus/express_bus_11,2600,1.1716686141905124,0.9871382163976098,0.015303431318898697,193674729774.8178,7726573.817159213,4088.0273169843827,37.4254120299976,2.3189427345963902e-07,7.39791657760347e-10
6.0,train_bus_ebike_mtv_ucb,berkeley_to_mtv_SF_express_bus/walk_downtown_urban_canyon_11,620,1.0169665537221642,0.9018838415881832,0.08888524623213881,5555340691.159918,2466214.8561738366,2756.3964716317737,0.9499881064614168,5.5226367891057963e-08,8.02529976053429e-10
6.0,train_bus_ebike_mtv_ucb,berkeley_to_mtv_SF_express_bus/light_rail_below_above_ground_11,799,1.164821429029239,0.9774328275301464,0.025147857658262152,157626578.29888883,243761.02007991885,963.7081248541266,12.470621575361648,5.800479152139817e-06,8.145851430344032e-10
6.0,train_bus_ebike_mtv_ucb,berkeley_to_mtv_SF_express_bus/commuter_rail_with_tunnels_11,4175,1.2011570291671751,0.9947014048828043,0.023871318252021507,3105086874837.1406,129383709.06901483,78222.67023571747,639.1974783457473,2.711435018358451e-07,7.999884506231548e-10
6.0,train_bus_ebike_mtv_ucb,berkeley_to_mtv_SF_express_bus/inner_suburb_downtown_walk_11,1255,1.069626844596422,0.9967567846870805,0.045179115173778726,3365509.1474166918,21185.264627570283,175.70889611007405,0.7771950088554319,0.00015025699530954358,7.13358173776683e-10
