,ts,longitude,latitude,geometry,source,matching,fmt_time,speed,acceleration,jerk
14,1563982227.0,-122.07692416063043,37.39461563385322,POINT (-122.07692416063043 37.39461563385322),ios,,2019-07-24T08:30:27-07:00,2.1166899116125895,5.9418821862777804e-08,8.692253335053651
15,1563982228.0,-122.07694797043828,37.394613503068165,POINT (-122.07694797043828 37.394613503068165),ios,,2019-07-24T08:30:28-07:00,2.1166899710314113,8.692253394472473,-8.172727914845819
16,1563982229.0,-122.07697178024614,37.39461137228311,POINT (-122.07697178024614 37.39461137228311),ios,,2019-07-24T08:30:29-07:00,10.808943365503884,0.5195254796266539,-0.12288375710201849
18,1563982241.0,-122.0782824,37.3951372,POINT (-122.0782824 37.3951372),android,,2019-07-24T08:30:41-07:00,17.04324912102373,-0.9550796055975681,0.4963577191507227
19,1563982242.0,-122.0784408,37.3952247,POINT (-122.0784408 37.3952247),android,,2019-07-24T08:30:42-07:00,16.088169515426163,-0.4587218864468454,0.971301365547383
20,1563982243.0,-122.0785889,37.3953089,POINT (-122.0785889 37.3953089),android,,2019-07-24T08:30:43-07:00,15.629447628979317,0.5125794791005376,5.897218026651881
21,1563982244.0,-122.0787365,37.3953864,POINT (-122.0787365 37.3953864),android,,2019-07-24T08:30:44-07:00,16.142027108079855,6.409797505752419,-9.575536653902642
22,1563982245.0,-122.078894,37.39546,POINT (-122.078894 37.39546),android,,2019-07-24T08:30:45-07:00,22.551824613832274,-3.165739148150223,6.177296754074881
23,1563982246.0,-122.0791027,37.3955768,POINT (-122.0791027 37.3955768),android,,2019-07-24T08:30:46-07:00,19.38608546568205,3.011557605924658,-8.119904332297502
24,1563982247.0,-122.0792829,37.3956763,POINT (-122.0792829 37.3956763),android,,2019-07-24T08:30:47-07:00,22.39764307160671,-5.108346726372844,8.224098814870043
25,1563982248.0,-122.0795138,37.3957595,POINT (-122.0795138 37.3957595),android,,2019-07-24T08:30:48-07:00,17.289296345233865,3.1157520884971994,2.56083738133605
26,1563982249.0,-122.0796872,37.3958316,POINT (-122.0796872 37.3958316),android,,2019-07-24T08:30:49-07:00,20.405048433731064,5.6765894698332495,-5.226231448566595
27,1563982250.0,-122.0799003,37.3959024,POINT (-122.0799003 37.3959024),android,,2019-07-24T08:30:50-07:00,26.081637903564314,0.45035802126665453,-0.6597895799528881
28,1563982267.0,-122.0844582,37.3975722,POINT (-122.0844582 37.3975722),android,,2019-07-24T08:31:07-07:00,33.73772426509744,-10.766064837932444,10.464479930039214
29,1563982268.0,-122.0847634,37.3977546,POINT (-122.0847634 37.3977546),android,,2019-07-24T08:31:08-07:00,22.971659427164997,-0.3015849078932291,7.597799632107815
30,1563982269.0,-122.0849772,37.3978722,POINT (-122.0849772 37.3978722),android,,2019-07-24T08:31:09-07:00,22.67007451927177,7.296214724214586,-21.176465742857722
31,1563982270.0,-122.0852021,37.3979704,POINT (-122.0852021 37.3979704),android,,2019-07-24T08:31:10-07:00,29.966289243486354,-13.880251018643136,27.21898189063054
32,1563982271.0,-122.0855182,37.3980682,POINT (-122.0855182 37.3980682),android,,2019-07-24T08:31:11-07:00,16.086038224843218,13.338730871987405,-21.149790692777188
33,1563982272.0,-122.0856733,37.398144,POINT (-122.0856733 37.398144),android,,2019-07-24T08:31:12-07:00,29.424769096830623,-7.811059820789783,9.807559599852926
34,1563982273.0,-122.085944,37.3982982,POINT (-122.085944 37.3982982),android,,2019-07-24T08:31:13-07:00,21.61370927604084,1.996499779063143,-2.74928051774031
35,1563982274.0,-122.0861259,37.3984282,POINT (-122.0861259 37.3984282),android,,2019-07-24T08:31:14-07:00,23.610209055103983,-0.752780738677167,-6.338650637712812
36,1563982275.0,-122.0863496,37.3985444,POINT (-122.0863496 37.3985444),android,,2019-07-24T08:31:15-07:00,22.857428316426816,-7.091431376389979,11.01343332475399
37,1563982276.0,-122.0865627,37.398661,POINT (-122.0865627 37.398661),android,,2019-07-24T08:31:16-07:00,15.765996940036837,3.922001948364011,-3.526946259919301
38,1563982277.0,-122.0867299,37.3987106,POINT (-122.0867299 37.3987106),android,,2019-07-24T08:31:17-07:00,19.68799888840085,0.3950556884447103,3.7069437303077493
39,1563982278.0,-122.0869263,37.3987943,POINT (-122.0869263 37.3987943),android,,2019-07-24T08:31:18-07:00,20.08305457684556,4.1019994187524595,-3.03885699219634
40,1563982279.0,-122.0871242,37.3988832,POINT (-122.0871242 37.3988832),android,,2019-07-24T08:31:19-07:00,24.185053995598018,1.0631424265561193,-5.276947043699426
41,1563982280.0,-122.0873838,37.3989523,POINT (-122.0873838 37.3989523),android,,2019-07-24T08:31:20-07:00,25.248196422154138,-4.213804617143307,3.935285366352538
42,1563982281.0,-122.0876234,37.3990761,POINT (-122.0876234 37.3990761),android,,2019-07-24T08:31:21-07:00,21.03439180501083,-0.2785192507907688,0.5946196484266011
43,1563982282.0,-122.0878316,37.3991679,POINT (-122.0878316 37.3991679),android,,2019-07-24T08:31:22-07:00,20.755872554220062,0.3161003976358323,10.009569031103926
44,1563982283.0,-122.0880559,37.3992235,POINT (-122.0880559 37.3992235),android,,2019-07-24T08:31:23-07:00,21.071972951855894,10.325669428739758,-9.110616235761388
45,1563982284.0,-122.0882669,37.3993119,POINT (-122.0882669 37.3993119),android,,2019-07-24T08:31:24-07:00,31.397642380595652,1.2150531929783703,-5.102494872298511
46,1563982285.0,-122.0885696,37.3994599,POINT (-122.0885696 37.3994599),android,,2019-07-24T08:31:25-07:00,32.61269557357402,-3.8874416793201405,21.448860496008358
47,1563982286.0,-122.088757,37.3997126,POINT (-122.088757 37.3997126),android,,2019-07-24T08:31:26-07:00,28.725253894253882,17.561418816688217,-38.84534809843106
48,1563982287.0,-122.089055,37.399816,POINT (-122.089055 37.399816),android,,2019-07-24T08:31:27-07:00,46.2866727109421,-21.283929281742843,21.752211855673746
49,1563982288.0,-122.0895656,37.3997225,POINT (-122.0895656 37.3997225),android,,2019-07-24T08:31:28-07:00,25.002743429199256,0.4682825739309031,1.8783347967062163
50,1563982289.0,-122.0898089,37.3998374,POINT (-122.0898089 37.3998374),android,,2019-07-24T08:31:29-07:00,25.47102600313016,2.3466173706371194,-6.292749906634786
51,1563982290.0,-122.0900612,37.3999483,POINT (-122.0900612 37.3999483),android,,2019-07-24T08:31:30-07:00,27.81764337376728,-3.9461325359976662,5.297957488471546
52,1563982291.0,-122.0903419,37.4000617,POINT (-122.0903419 37.4000617),android,,2019-07-24T08:31:31-07:00,23.871510837769613,1.35182495247388,-1.279963906905806
53,1563982292.0,-122.0905986,37.4001288,POINT (-122.0905986 37.4001288),android,,2019-07-24T08:31:32-07:00,25.223335790243492,0.07186104556807393,-1.6572540767560007
54,1563982293.0,-122.0908583,37.4002231,POINT (-122.0908583 37.4002231),android,,2019-07-24T08:31:33-07:00,25.295196835811566,-1.5853930311879267,0.8354551971757864
55,1563982294.0,-122.0911256,37.4003047,POINT (-122.0911256 37.4003047),android,,2019-07-24T08:31:34-07:00,23.70980380462364,-0.7499378340121403,2.3923444432161176
56,1563982295.0,-122.0913681,37.4003961,POINT (-122.0913681 37.4003961),android,,2019-07-24T08:31:35-07:00,22.9598659706115,1.6424066092039773,-1.7623251208210213
57,1563982296.0,-122.0916001,37.4004892,POINT (-122.0916001 37.4004892),android,,2019-07-24T08:31:36-07:00,24.602272579815477,-0.11991851161704403,0.03195289730616935
58,1563982297.0,-122.0918565,37.4005756,POINT (-122.0918565 37.4005756),android,,2019-07-24T08:31:37-07:00,24.482354068198433,-0.08796561431087468,0.8400562345596718
59,1563982298.0,-122.0921095,37.4006655,POINT (-122.0921095 37.4006655),android,,2019-07-24T08:31:38-07:00,24.394388453887558,0.7520906202487971,-1.7395431673890833
60,1563982299.0,-122.0923733,37.4007304,POINT (-122.0923733 37.4007304),android,,2019-07-24T08:31:39-07:00,25.146479074136355,-0.9874525471402862,3.6162262292732024
61,1563982300.0,-122.0926247,37.4008365,POINT (-122.0926247 37.4008365),android,,2019-07-24T08:31:40-07:00,24.15902652699607,2.628773682132916,-2.442247471480817
62,1563982301.0,-122.0928738,37.4009262,POINT (-122.0928738 37.4009262),android,,2019-07-24T08:31:41-07:00,26.787800209128985,0.18652621065209907,-0.09738914276062549
63,1563982305.0,-122.0938853,37.4014581,POINT (-122.0938853 37.4014581),android,,2019-07-24T08:31:45-07:00,27.53390505173738,-0.2030303603904029,0.16120808082397386
64,1563982313.0,-122.0961712,37.4022497,POINT (-122.0961712 37.4022497),android,,2019-07-24T08:31:53-07:00,25.909662168614158,1.086634286201388,-1.086666527463457
65,1563982314.0,-122.0964253,37.4023661,POINT (-122.0964253 37.4023661),android,,2019-07-24T08:31:54-07:00,26.996296454815546,-3.224126206902156e-05,-0.7282109029085291
66,1563982315.0,-122.09669385000001,37.402482000000006,POINT (-122.09669385000001 37.402482000000006),android,,2019-07-24T08:31:55-07:00,26.996264213553477,-0.7282431441705981,7.170412079790079
67,1563982316.0,-122.0969624,37.4025979,POINT (-122.0969624 37.4025979),android,,2019-07-24T08:31:56-07:00,26.26802106938288,6.442168935619481,-15.498967521980124
68,1563982317.0,-122.0972216,37.4027137,POINT (-122.0972216 37.4027137),android,,2019-07-24T08:31:57-07:00,32.71019000500236,-9.056798586360642,14.4547811479226
69,1563982318.0,-122.0973487,37.40299,POINT (-122.0973487 37.40299),android,,2019-07-24T08:31:58-07:00,23.653391418641718,5.397982561561957,-10.134030195390704
70,1563982319.0,-122.0976109,37.4029468,POINT (-122.0976109 37.4029468),android,,2019-07-24T08:31:59-07:00,29.051373980203675,-4.736047633828747,7.323323306637828
71,1563982320.0,-122.0978839,37.4030925,POINT (-122.0978839 37.4030925),android,,2019-07-24T08:32:00-07:00,24.315326346374928,2.5872756728090813,-4.127510581709128
72,1563982321.0,-122.0981178,37.4032078,POINT (-122.0981178 37.4032078),android,,2019-07-24T08:32:01-07:00,26.90260201918401,-1.5402349089000467,2.368223799705337
73,1563982322.0,-122.0984221,37.4032179,POINT (-122.0984221 37.4032179),android,,2019-07-24T08:32:02-07:00,25.362367110283962,0.8279888908052904,0.27456161428429837
74,1563982323.0,-122.0986723,37.4033298,POINT (-122.0986723 37.4033298),android,,2019-07-24T08:32:03-07:00,26.190356001089253,1.1025505050895887,-1.6309181244668096
75,1563982324.0,-122.098933,37.403442,POINT (-122.098933 37.403442),android,,2019-07-24T08:32:04-07:00,27.29290650617884,-0.5283676193772209,0.5623986466916975
76,1563982325.0,-122.0991811,37.4035883,POINT (-122.0991811 37.4035883),android,,2019-07-24T08:32:05-07:00,26.76453888680162,0.0340310273144766,2.495767629897852
77,1563982326.0,-122.0994434,37.4037088,POINT (-122.0994434 37.4037088),android,,2019-07-24T08:32:06-07:00,26.798569914116097,2.5297986572123285,-11.46864453633204
78,1563982327.0,-122.0997219,37.4038044,POINT (-122.0997219 37.4038044),android,,2019-07-24T08:32:07-07:00,29.328368571328426,-8.938845879119711,19.043890802861192
79,1563982328.0,-122.1000196,37.4039212,POINT (-122.1000196 37.4039212),android,,2019-07-24T08:32:08-07:00,20.389522692208715,10.105044923741481,-12.341619995272005
80,1563982329.0,-122.1002497,37.4039358,POINT (-122.1002497 37.4039358),android,,2019-07-24T08:32:09-07:00,30.494567615950196,-2.236575071530524,-0.5649509076471233
81,1563982330.0,-122.100565,37.4040475,POINT (-122.100565 37.4040475),android,,2019-07-24T08:32:10-07:00,28.257992544419672,-2.8015259791776472,5.688159543899623
82,1563982331.0,-122.1008637,37.4041385,POINT (-122.1008637 37.4041385),android,,2019-07-24T08:32:11-07:00,25.456466565242025,2.8866335647219756,-2.2957868458443116
83,1563982332.0,-122.1011207,37.4042421,POINT (-122.1011207 37.4042421),android,,2019-07-24T08:32:12-07:00,28.343100129964,0.590846718877664,2.6293874212864523
84,1563982333.0,-122.1014107,37.4043512,POINT (-122.1014107 37.4043512),android,,2019-07-24T08:32:13-07:00,28.933946848841664,3.2202341401641164,-10.308093890989554
85,1563982334.0,-122.1016724,37.4045077,POINT (-122.1016724 37.4045077),android,,2019-07-24T08:32:14-07:00,32.15418098900578,-7.087859750825437,6.402200807495355
86,1563982335.0,-122.1020194,37.4045951,POINT (-122.1020194 37.4045951),android,,2019-07-24T08:32:15-07:00,25.066321238180343,-0.6856589433300826,-5.837098702504409
87,1563982336.0,-122.1022687,37.4047028,POINT (-122.1022687 37.4047028),android,,2019-07-24T08:32:16-07:00,24.38066229485026,-6.522757645834492,12.357954743772169
88,1563982337.0,-122.1025015,37.4048206,POINT (-122.1025015 37.4048206),android,,2019-07-24T08:32:17-07:00,17.85790464901577,5.835197097937677,-6.450078416778933
89,1563982338.0,-122.1026974,37.4048603,POINT (-122.1026974 37.4048603),android,,2019-07-24T08:32:18-07:00,23.693101746953445,-0.6148813188412561,0.6148592530213115
90,1563982339.0,-122.102938,37.4049545,POINT (-122.102938 37.4049545),android,,2019-07-24T08:32:19-07:00,23.07822042811219,-2.206581994457224e-05,0.3589710595779714
91,1563982340.0,-122.10317529999999,37.405041350000005,POINT (-122.10317529999999 37.405041350000005),android,,2019-07-24T08:32:20-07:00,23.078198362292245,0.3589489937580268,-8.601176753459622
92,1563982341.0,-122.1034126,37.4051282,POINT (-122.1034126 37.4051282),android,,2019-07-24T08:32:21-07:00,23.43714735605027,-8.242227759701596,8.823487134958308
93,1563982342.0,-122.1036509,37.4052209,POINT (-122.1036509 37.4052209),android,,2019-07-24T08:32:22-07:00,15.194919596348676,0.5812593752567127,-0.09687921389351789
94,1563982348.0,-122.10452,37.4056632,POINT (-122.10452 37.4056632),android,,2019-07-24T08:32:28-07:00,18.682475847888952,-1.59081043946685e-05,1.3354346306344986
95,1563982349.0,-122.10470045,37.405750850000004,POINT (-122.10470045 37.405750850000004),android,,2019-07-24T08:32:29-07:00,18.682459939784557,1.335418722530104,-1.335435240869284
96,1563982350.0,-122.1048809,37.4058385,POINT (-122.1048809 37.4058385),android,,2019-07-24T08:32:30-07:00,20.01787866231466,-1.651833918003831e-05,20.466561810375513
97,1563982351.0,-122.10508709999998,37.4059132,POINT (-122.10508709999998 37.4059132),android,,2019-07-24T08:32:31-07:00,20.01786214397548,20.466545292036333,-28.86721037047713
98,1563982352.0,-122.1052933,37.4059879,POINT (-122.1052933 37.4059879),android,,2019-07-24T08:32:32-07:00,40.484407436011814,-8.400665078440799,1.5798502495847782
100,1563982355.0,-122.10602222367548,37.40691405309416,POINT (-122.10602222367548 37.40691405309416),ios,,2019-07-24T08:32:35-07:00,15.282412200689418,-3.6611143296864643,3.6611080911749507
101,1563982356.0,-122.10615977575459,37.406997424299796,POINT (-122.10615977575459 37.406997424299796),ios,,2019-07-24T08:32:36-07:00,11.621297871002954,-6.238511513600997e-06,-9.105551868060502e-10
102,1563982357.0,-122.10626770889544,37.407057193330594,POINT (-122.10626770889544 37.407057193330594),ios,,2019-07-24T08:32:37-07:00,11.62129163249144,-6.239422068787803e-06,4.4495251927401114e-10
103,1563982358.0,-122.1063756420363,37.4071169623614,POINT (-122.1063756420363 37.4071169623614),ios,,2019-07-24T08:32:38-07:00,11.621285393069371,-6.238977116268529e-06,1.0227978464172338e-09
104,1563982359.0,-122.10648357517715,37.4071767313922,POINT (-122.10648357517715 37.4071767313922),ios,,2019-07-24T08:32:39-07:00,11.621279154092255,-6.237954318422112e-06,-2.0662405120219773e-09
105,1563982360.0,-122.106591508318,37.407236500423,POINT (-122.106591508318 37.407236500423),ios,,2019-07-24T08:32:40-07:00,11.621272916137936,-6.240020558934134e-06,1.0227960700603944e-09
106,1563982361.0,-122.10669944145887,37.407296269453795,POINT (-122.10669944145887 37.407296269453795),ios,,2019-07-24T08:32:41-07:00,11.621266676117378,-6.238997762864074e-06,4.4495784834452934e-10
107,1563982362.0,-122.10680737459973,37.40735603848459,POINT (-122.10680737459973 37.40735603848459),ios,,2019-07-24T08:32:42-07:00,11.621260437119615,-6.238552805015729e-06,1.191118315091444e-10
108,1563982363.0,-122.10691530774058,37.40741580751539,POINT (-122.10691530774058 37.40741580751539),ios,,2019-07-24T08:32:43-07:00,11.62125419856681,-6.23843369318422e-06,-1.6143886227837356e-09
109,1563982364.0,-122.10702324088143,37.4074755765462,POINT (-122.10702324088143 37.4074755765462),ios,,2019-07-24T08:32:44-07:00,11.621247960133116,-6.240048081807004e-06,1.0227871882761974e-09
110,1563982365.0,-122.1071311740223,37.407535345576996,POINT (-122.1071311740223 37.407535345576996),ios,,2019-07-24T08:32:45-07:00,11.621241720085035,-6.2390252946187275e-06,-6.87805368215777e-12
111,1563982366.0,-122.10723910716315,37.407595114607794,POINT (-122.10723910716315 37.407595114607794),ios,,2019-07-24T08:32:46-07:00,11.62123548105974,-6.23903217267241e-06,1.0227836355625186e-09
112,1563982367.0,-122.107347040304,37.40765488363859,POINT (-122.107347040304 37.40765488363859),ios,,2019-07-24T08:32:47-07:00,11.621229242027567,-6.238009389036847e-06,-1.6143779646426992e-09
113,1563982368.0,-122.10745497344486,37.40771465266939,POINT (-122.10745497344486 37.40771465266939),ios,,2019-07-24T08:32:48-07:00,11.621223004018178,-6.23962376700149e-06,-1.9402293105486024e-09
114,1563982369.0,-122.10756290658573,37.40777442170019,POINT (-122.10756290658573 37.40777442170019),ios,,2019-07-24T08:32:49-07:00,11.621216764394411,-6.241563996312038e-06,5.593292939920502e-09
115,1563982370.0,-122.10767083972658,37.407834190730995,POINT (-122.10767083972658 37.407834190730995),ios,,2019-07-24T08:32:50-07:00,11.621210522830415,-6.235970703372118e-06,-4.1255479032997755e-09
116,1563982371.0,-122.1077787728674,37.40789395976179,POINT (-122.1077787728674 37.40789395976179),ios,,2019-07-24T08:32:51-07:00,11.621204286859712,-6.240096251275418e-06,1.0227836355625186e-09
117,1563982372.0,-122.10788670600827,37.40795372879259,POINT (-122.10788670600827 37.40795372879259),ios,,2019-07-24T08:32:52-07:00,11.62119804676346,-6.239073467639855e-06,4.4495784834452934e-10
118,1563982373.0,-122.10799463914913,37.40801349782339,POINT (-122.10799463914913 37.40801349782339),ios,,2019-07-24T08:32:53-07:00,11.621191807689993,-6.238628509791511e-06,-6.79938981793313
119,1563982374.0,-122.10810257228998,37.40807326685419,POINT (-122.10810257228998 37.40807326685419),ios,,2019-07-24T08:32:54-07:00,11.621185569061483,-6.79939605656164,15.47908893507961
120,1563982375.0,-122.10821050543083,37.408133035884994,POINT (-122.10821050543083 37.408133035884994),ios,,2019-07-24T08:32:55-07:00,4.821789512499843,8.679692878517969,-13.065700827805628
121,1563982376.0,-122.10825528839048,37.408157834886225,POINT (-122.10825528839048 37.408157834886225),ios,,2019-07-24T08:32:56-07:00,13.501482391017811,-4.386007949287659,4.386004111194785
122,1563982377.0,-122.10838068591602,37.408227273629315,POINT (-122.10838068591602 37.408227273629315),ios,,2019-07-24T08:32:57-07:00,9.115474441730152,-3.838092874630661e-06,-1.6108199218933805e-09
123,1563982378.0,-122.1084653476372,37.40827415493987,POINT (-122.1084653476372 37.40827415493987),ios,,2019-07-24T08:32:58-07:00,9.115470603637277,-3.839703694552554e-06,2.507844598653719e-09
124,1563982379.0,-122.10855000935841,37.40832103625041,POINT (-122.10855000935841 37.40832103625041),ios,,2019-07-24T08:32:59-07:00,9.115466763933583,-3.8371958499539005e-06,-2.9663205225460842e-09
125,1563982380.0,-122.1086346710796,37.40836791756096,POINT (-122.1086346710796 37.40836791756096),ios,,2019-07-24T08:33:00-07:00,9.115462926737733,-3.840162170476447e-06,2.5078428222968796e-09
126,1563982381.0,-122.1087193328008,37.40841479887151,POINT (-122.1087193328008 37.40841479887151),ios,,2019-07-24T08:33:01-07:00,9.115459086575562,-3.83765432765415e-06,-1.610812816466023e-09
127,1563982382.0,-122.10880399452199,37.40846168018206,POINT (-122.10880399452199 37.40846168018206),ios,,2019-07-24T08:33:02-07:00,9.115455248921235,-3.839265140470616e-06,1.1523315635031395e-09
128,1563982383.0,-122.1088886562432,37.4085085614926,POINT (-122.1088886562432 37.4085085614926),ios,,2019-07-24T08:33:03-07:00,9.115451409656094,-3.838112808907113e-06,-5.909797567953414
129,1563982384.0,-122.10897331796438,37.408555442803156,POINT (-122.10897331796438 37.408555442803156),ios,,2019-07-24T08:33:04-07:00,9.115447571543285,-5.909801406066223,2.858127285736424
130,1563982385.0,-122.10905797968559,37.4086023241137,POINT (-122.10905797968559 37.4086023241137),ios,,2019-07-24T08:33:05-07:00,3.205646165477062,-3.0516741203297992,3.419078295855713
131,1563982386.0,-122.10908775283683,37.408618810954856,POINT (-122.10908775283683 37.408618810954856),ios,,2019-07-24T08:33:06-07:00,0.15397204514726284,0.36740417552591403,-0.14445866785608252
269,1563982524.0,-122.10912311786099,37.408807824023626,POINT (-122.10912311786099 37.408807824023626),ios,,2019-07-24T08:35:24-07:00,50.8557482677234,-19.567891988613475,9.357814536362941
270,1563982525.0,-122.10956066181876,37.40910511905799,POINT (-122.10956066181876 37.40910511905799),ios,,2019-07-24T08:35:25-07:00,31.287856279109924,-10.210077452250534,4.934246869525413
271,1563982526.0,-122.10982840182659,37.40928936102975,POINT (-122.10982840182659 37.40928936102975),ios,,2019-07-24T08:35:26-07:00,21.07777882685939,-5.275830582725121,2.5457199352549242
272,1563982527.0,-122.11000627649622,37.409415731099976,POINT (-122.11000627649622 37.409415731099976),ios,,2019-07-24T08:35:27-07:00,15.80194824413427,-2.7301106474701964,1.2732377575417946
273,1563982528.0,-122.11013742229085,37.409512394198345,POINT (-122.11013742229085 37.409512394198345),ios,,2019-07-24T08:35:28-07:00,13.071837596664073,-1.4568728899284018,0.4386027538595556
274,1563982529.0,-122.11024441690348,37.409593616227625,POINT (-122.11024441690348 37.409593616227625),ios,,2019-07-24T08:35:29-07:00,11.614964706735671,-1.0182701360688462,18.335584477014944
275,1563982530.0,-122.11033860066468,37.40966651544302,POINT (-122.11033860066468 37.40966651544302),ios,,2019-07-24T08:35:30-07:00,10.596694570666825,17.317314340946098,-17.705032005193726
276,1563982531.0,-122.11042306148087,37.40973419814928,POINT (-122.11042306148087 37.40973419814928),ios,,2019-07-24T08:35:31-07:00,27.91400891161292,-0.38771766424762844,0.37730935283812495
277,1563982564.0,-122.11858489464153,37.414891841229974,POINT (-122.11858489464153 37.414891841229974),ios,,2019-07-24T08:36:04-07:00,15.119325991441183,12.063490979410496,-12.117883638979121
278,1563982565.0,-122.11871701708073,37.41497830510991,POINT (-122.11871701708073 37.41497830510991),ios,,2019-07-24T08:36:05-07:00,27.18281697085168,-0.05439265956862505,-0.05536373941005385
279,1563982642.0,-122.1372968,37.4266653,POINT (-122.1372968 37.4266653),android,,2019-07-24T08:37:22-07:00,22.99458218406755,-4.3174005941427716,4.317384486134877
280,1563982643.0,-122.1375028,37.4267918,POINT (-122.1375028 37.4267918),android,,2019-07-24T08:37:23-07:00,18.67718158992478,-1.610800789464406e-05,-2.1067556588150183e-09
281,1563982644.0,-122.13767797272727,37.42688593636363,POINT (-122.13767797272727 37.42688593636363),android,,2019-07-24T08:37:24-07:00,18.677165481916884,-1.6110114650302876e-05,3.0895890290594252e-09
282,1563982645.0,-122.13785314545456,37.42698007272727,POINT (-122.13785314545456 37.42698007272727),android,,2019-07-24T08:37:25-07:00,18.677149371802233,-1.6107025061273816e-05,-2.822986289174878e-11
283,1563982646.0,-122.13802831818181,37.427074209090904,POINT (-122.13802831818181 37.427074209090904),android,,2019-07-24T08:37:26-07:00,18.677133264777172,-1.6107053291136708e-05,-1.6639489786030026e-09
284,1563982647.0,-122.13820349090908,37.42716834545454,POINT (-122.13820349090908 37.42716834545454),android,,2019-07-24T08:37:27-07:00,18.67711715772388,-1.610871724011531e-05,1.1647038888895622e-09
285,1563982648.0,-122.13837866363636,37.427262481818175,POINT (-122.13837866363636 37.427262481818175),android,,2019-07-24T08:37:28-07:00,18.67710104900664,-1.610755253622642e-05,-1.6639312150346086e-09
286,1563982649.0,-122.13855383636363,37.42735661818182,POINT (-122.13855383636363 37.42735661818182),android,,2019-07-24T08:37:29-07:00,18.677084941454105,-1.6109216467441456e-05,-2.821920475071238e-11
287,1563982650.0,-122.13872900909091,37.427450754545454,POINT (-122.13872900909091 37.427450754545454),android,,2019-07-24T08:37:30-07:00,18.677068832237637,-1.6109244686646207e-05,3.0895499492089584e-09
288,1563982651.0,-122.13890418181818,37.42754489090909,POINT (-122.13890418181818 37.42754489090909),android,,2019-07-24T08:37:31-07:00,18.67705272299295,-1.6106155136696998e-05,-3.145988358710383e-09
289,1563982652.0,-122.13907935454543,37.427639027272726,POINT (-122.13907935454543 37.427639027272726),android,,2019-07-24T08:37:32-07:00,18.677036616837814,-1.610930112505571e-05,0.619035241026431
290,1563982653.0,-122.13925452727271,37.42773316363636,POINT (-122.13925452727271 37.42773316363636),android,,2019-07-24T08:37:33-07:00,18.67702050753669,0.619019131725306,-7.154322734142621
291,1563982654.0,-122.13942969999998,37.4278273,POINT (-122.13942969999998 37.4278273),android,,2019-07-24T08:37:34-07:00,19.296039639261995,-6.535303602417315,9.863201997949922
292,1563982655.0,-122.1396416,37.4278697,POINT (-122.1396416 37.4278697),android,,2019-07-24T08:37:35-07:00,12.76073603684468,3.327898395532607,-3.3279103250743134
293,1563982656.0,-122.1397654,37.4279289,POINT (-122.1397654 37.4279289),android,,2019-07-24T08:37:36-07:00,16.088634432377287,-1.1929541706479085e-05,-2.01964311941083e-09
294,1563982657.0,-122.13991066666667,37.42801623333333,POINT (-122.13991066666667 37.42801623333333),android,,2019-07-24T08:37:37-07:00,16.08862250283558,-1.1931561349598496e-05,-2.255504762835038
295,1563982658.0,-122.14005593333334,37.428103566666664,POINT (-122.14005593333334 37.428103566666664),android,,2019-07-24T08:37:38-07:00,16.08861057127423,-2.2555166943963876,2.9079525996578948
296,1563982659.0,-122.1402012,37.4281909,POINT (-122.1402012 37.4281909),android,,2019-07-24T08:37:39-07:00,13.833093876877843,0.6524359052615072,-0.6524454108344901
297,1563982660.0,-122.1403313,37.4282602,POINT (-122.1403313 37.4282602),android,,2019-07-24T08:37:40-07:00,14.48552978213935,-9.50557298295962e-06,-2.587536204625911
298,1563982661.0,-122.1404569,37.428343999999996,POINT (-122.1404569 37.428343999999996),android,,2019-07-24T08:37:41-07:00,14.485520276566367,-2.587545710198894,2.270762423790318
299,1563982662.0,-122.1405825,37.4284278,POINT (-122.1405825 37.4284278),android,,2019-07-24T08:37:42-07:00,11.897974566367473,-0.316783286408576,-3.27194152790762
300,1563982663.0,-122.1406843,37.4284979,POINT (-122.1406843 37.4284979),android,,2019-07-24T08:37:43-07:00,11.581191279958897,-3.588724814316196,-2.2165307862700443
301,1563982664.0,-122.1407722,37.4285752,POINT (-122.1407722 37.4285752),android,,2019-07-24T08:37:44-07:00,7.992466465642702,-5.80525560058624,7.189792840620088
302,1563982665.0,-122.1408103,37.4286404,POINT (-122.1408103 37.4286404),android,,2019-07-24T08:37:45-07:00,2.1872108650564615,1.3845372400338478,-1.186550599383347
303,1563982666.0,-122.1408349,37.4286381,POINT (-122.1408349 37.4286381),android,,2019-07-24T08:37:46-07:00,3.5717481050903093,0.19798664065050087,0.9732386307658607
305,1563982668.0,-122.1408587,37.4286995,POINT (-122.1408587 37.4286995),android,,2019-07-24T08:37:48-07:00,3.967721386391311,2.1444639021822223,3.2709816133361684
306,1563982669.0,-122.1408854,37.4287282,POINT (-122.1408854 37.4287282),android,,2019-07-24T08:37:49-07:00,6.112185288573533,5.415445515518391,-7.472611838263727
307,1563982670.0,-122.1409415,37.4287604,POINT (-122.1409415 37.4287604),android,,2019-07-24T08:37:50-07:00,11.527630804091924,-2.0571663227453367,-4.120269833951423
308,1563982671.0,-122.1410608,37.4287183,POINT (-122.1410608 37.4287183),android,,2019-07-24T08:37:51-07:00,9.470464481346587,-6.17743615669676,17.058862520069894
309,1563982672.0,-122.141167,37.4287064,POINT (-122.141167 37.4287064),android,,2019-07-24T08:37:52-07:00,3.2930283246498275,10.881426363373134,-16.316264115772732
310,1563982673.0,-122.1411908,37.4287292,POINT (-122.1411908 37.4287292),android,,2019-07-24T08:37:53-07:00,14.17445468802296,-5.4348377523996,2.4094771491276115
311,1563982674.0,-122.1413111,37.4288136,POINT (-122.1413111 37.4288136),android,,2019-07-24T08:37:54-07:00,8.73961693562336,-3.025360603271989,5.964590587322544
312,1563982675.0,-122.1413197,37.4288919,POINT (-122.1413197 37.4288919),android,,2019-07-24T08:37:55-07:00,5.714256332351371,2.939229984050555,-7.199041655554341
313,1563982676.0,-122.1413418,37.4289402,POINT (-122.1413418 37.4289402),android,,2019-07-24T08:37:56-07:00,8.653486316401926,-4.259811671503786,14.379763738071738
314,1563982677.0,-122.141352,37.4290176,POINT (-122.141352 37.4290176),android,,2019-07-24T08:37:57-07:00,4.39367464489814,10.11995206656795,-21.894867588859128
315,1563982678.0,-122.1413961,37.4290359,POINT (-122.1413961 37.4290359),android,,2019-07-24T08:37:58-07:00,14.513626711466092,-11.774915522291176,10.68251117661743
316,1563982679.0,-122.1415357,37.428967,POINT (-122.1415357 37.428967),android,,2019-07-24T08:37:59-07:00,2.7387111891749156,-1.0924043456737456,0.916374295817854
317,1563982680.0,-122.1415579,37.4289842,POINT (-122.1415579 37.4289842),android,,2019-07-24T08:38:00-07:00,1.64630684350117,-0.17603004985589155,0.32779822324733865
318,1563982681.0,-122.141575,37.4289901,POINT (-122.141575 37.4289901),android,,2019-07-24T08:38:01-07:00,1.4702767936452785,0.1517681733914471,0.6325549456784527
319,1563982682.0,-122.1415895,37.4289966,POINT (-122.1415895 37.4289966),android,,2019-07-24T08:38:02-07:00,1.6220449670367256,0.7843231190698998,-3.1013003995036
320,1563982683.0,-122.1416063,37.4290025,POINT (-122.1416063 37.4290025),android,,2019-07-24T08:38:03-07:00,2.4063680861066254,-2.3169772804337003,2.4493975478864316
321,1563982684.0,-122.1416263,37.4290172,POINT (-122.1416263 37.4290172),android,,2019-07-24T08:38:04-07:00,0.08939080567292518,0.13242026745273108,-0.002407686065193997
346,1563982739.0,-122.14159842773063,37.429055476368276,POINT (-122.14159842773063 37.429055476368276),ios,,2019-07-24T08:38:59-07:00,7.372505515573135,-2.4661329387498654e-06,-2.4361170858355763e-09
347,1563982740.0,-122.14166259754336,37.42909789504214,POINT (-122.14166259754336 37.42909789504214),ios,,2019-07-24T08:39:00-07:00,7.372503049440196,-2.468569055835701e-06,-1.8118839761882555e-12
348,1563982741.0,-122.1417267673561,37.42914031371601,POINT (-122.1417267673561 37.42914031371601),ios,,2019-07-24T08:39:01-07:00,7.37250058087114,-2.468570867719677e-06,2.891416883699094e-09
349,1563982742.0,-122.14179093716884,37.42918273238988,POINT (-122.14179093716884 37.42918273238988),ios,,2019-07-24T08:39:02-07:00,7.372498112300272,-2.465679450835978e-06,-1.9306378717942607e-09
350,1563982743.0,-122.14185510698155,37.429225151063754,POINT (-122.14185510698155 37.429225151063754),ios,,2019-07-24T08:39:03-07:00,7.372495646620822,-2.4676100887077723e-06,-1.4716992069452317e-09
351,1563982744.0,-122.1419192767943,37.429267569737625,POINT (-122.1419192767943 37.429267569737625),ios,,2019-07-24T08:39:04-07:00,7.372493179010733,-2.4690817879147176e-06,2.9379565447129607e-09
352,1563982745.0,-122.14198344660704,37.4293099884115,POINT (-122.14198344660704 37.4293099884115),ios,,2019-07-24T08:39:05-07:00,7.372490709928945,-2.4661438313700046e-06,-2.43610642769454e-09
353,1563982746.0,-122.14204761641977,37.42935240708536,POINT (-122.14204761641977 37.42935240708536),ios,,2019-07-24T08:39:06-07:00,7.372488243785114,-2.468579937797699e-06,1.9269981166303296e-09
354,1563982747.0,-122.14211178623252,37.42939482575923,POINT (-122.14211178623252 37.42939482575923),ios,,2019-07-24T08:39:07-07:00,7.372485775205176,-2.466652939681069e-06,-9.662217692607555e-10
355,1563982748.0,-122.14217595604525,37.4294372444331,POINT (-122.14217595604525 37.4294372444331),ios,,2019-07-24T08:39:08-07:00,7.372483308552236,-2.4676191614503296e-06,-1.4716974305883923e-09
356,1563982749.0,-122.142240125858,37.429479663106974,POINT (-122.142240125858 37.429479663106974),ios,,2019-07-24T08:39:09-07:00,7.372480840933075,-2.469090858880918e-06,2.9379538801777016e-09
357,1563982750.0,-122.14230429567074,37.429522081780846,POINT (-122.14230429567074 37.429522081780846),ios,,2019-07-24T08:39:10-07:00,7.372478371842216,-2.4661529050007402e-06,-3.4005065430164905e-09
358,1563982751.0,-122.14236846548347,37.42956450045471,POINT (-122.14236846548347 37.42956450045471),ios,,2019-07-24T08:39:11-07:00,7.372475905689311,-2.4695534115437567e-06,2.8913964555954408e-09
359,1563982752.0,-122.14243263529622,37.42960691912858,POINT (-122.14243263529622 37.42960691912858),ios,,2019-07-24T08:39:12-07:00,7.372473436135899,-2.4666620150881613e-06,-1.815436689867056e-12
360,1563982753.0,-122.14249680510893,37.42964933780245,POINT (-122.14249680510893 37.42964933780245),ios,,2019-07-24T08:39:13-07:00,7.372470969473884,-2.466663830524851e-06,-9.662182165470767e-10
361,1563982754.0,-122.14256097492166,37.42969175647632,POINT (-122.14256097492166 37.42969175647632),ios,,2019-07-24T08:39:14-07:00,7.372468502810054,-2.4676300487413982e-06,-1.4716947660531332e-09
362,1563982755.0,-122.14262514473441,37.429734175150195,POINT (-122.14262514473441 37.429734175150195),ios,,2019-07-24T08:39:15-07:00,7.372466035180005,-2.4691017435074514e-06,2.937946774750344e-09
363,1563982756.0,-122.14268931454716,37.429776593824066,POINT (-122.14268931454716 37.429776593824066),ios,,2019-07-24T08:39:16-07:00,7.372463566078261,-2.466163796732701e-06,-1.471695654231553e-09
364,1563982757.0,-122.14275348435989,37.42981901249793,POINT (-122.14275348435989 37.42981901249793),ios,,2019-07-24T08:39:17-07:00,7.372461099914465,-2.4676354923869326e-06,-9.662119992981388e-10
365,1563982758.0,-122.14281765417263,37.4298614311718,POINT (-122.14281765417263 37.4298614311718),ios,,2019-07-24T08:39:18-07:00,7.372458632278972,-2.4686017043862307e-06,1.926982129418775e-09
366,1563982759.0,-122.14288182398538,37.42990384984567,POINT (-122.14288182398538 37.42990384984567),ios,,2019-07-24T08:39:19-07:00,7.372456163677268,-2.466674722256812e-06,-2.436091328661405e-09
367,1563982760.0,-122.14294599379811,37.429946268519544,POINT (-122.14294599379811 37.429946268519544),ios,,2019-07-24T08:39:20-07:00,7.372453697002546,-2.4691108135854734e-06,1.0091500968201217e-09
368,1563982761.0,-122.14301016361085,37.429988687193415,POINT (-122.14301016361085 37.429988687193415),ios,,2019-07-24T08:39:21-07:00,7.372451227891732,-2.4681016634886532e-06,2.385888819844695e-09
369,1563982762.0,-122.14307433342358,37.43003110586728,POINT (-122.14307433342358 37.43003110586728),ios,,2019-07-24T08:39:22-07:00,7.3724487597900685,-2.4657157746688085e-06,-1.930604121014312e-09
370,1563982763.0,-122.1431385032363,37.43007352454115,POINT (-122.1431385032363 37.43007352454115),ios,,2019-07-24T08:39:23-07:00,7.372446294074294,-2.467646378789823e-06,-9.662093347628797e-10
371,1563982764.0,-122.14320267304905,37.43011594321502,POINT (-122.14320267304905 37.43011594321502),ios,,2019-07-24T08:39:24-07:00,7.372443826427915,-2.4686125881245857e-06,1.4214904808795836e-09
372,1563982765.0,-122.14326684286179,37.43015836188889,POINT (-122.14326684286179 37.43015836188889),ios,,2019-07-24T08:39:25-07:00,7.372441357815327,-2.467191097643706e-06,-9.196341466122249e-10
373,1563982766.0,-122.14333101267452,37.430200780562764,POINT (-122.14333101267452 37.430200780562764),ios,,2019-07-24T08:39:26-07:00,7.372438890624229,-2.4681107317903184e-06,1.4214860399874851e-09
374,1563982767.0,-122.14339518248727,37.43024319923663,POINT (-122.14339518248727 37.43024319923663),ios,,2019-07-24T08:39:27-07:00,7.3724364225134975,-2.466689245750331e-06,-9.662066702276206e-10
375,1563982768.0,-122.1434593523,37.4302856179105,POINT (-122.1434593523 37.4302856179105),ios,,2019-07-24T08:39:28-07:00,7.372433955824252,-2.4676554524205585e-06,-9.662040056923615e-10
376,1563982769.0,-122.14352352211274,37.43032803658437,POINT (-122.14352352211274 37.43032803658437),ios,,2019-07-24T08:39:29-07:00,7.372431488168799,-2.468621656426251e-06,1.9269661422072204e-09
377,1563982770.0,-122.14358769192549,37.43037045525824,POINT (-122.14358769192549 37.43037045525824),ios,,2019-07-24T08:39:30-07:00,7.372429019547143,-2.4666946902840436e-06,-3.400463910452345e-09
378,1563982771.0,-122.14365186173822,37.43041287393211,POINT (-122.14365186173822 37.43041287393211),ios,,2019-07-24T08:39:31-07:00,7.372426552852453,-2.470095154194496e-06,3.902314027470766e-09
379,1563982772.0,-122.14371603155097,37.430455292605984,POINT (-122.14371603155097 37.430455292605984),ios,,2019-07-24T08:39:32-07:00,7.372424082757298,-2.4661928401670252e-06,-5.07296427088022e-10
380,1563982773.0,-122.14378020136368,37.43049771127985,POINT (-122.14378020136368 37.43049771127985),ios,,2019-07-24T08:39:33-07:00,7.372421616564458,-2.4667001365941132e-06,-9.662031175139418e-10
381,1563982774.0,-122.14384437117641,37.43054012995372,POINT (-122.14384437117641 37.43054012995372),ios,,2019-07-24T08:39:34-07:00,7.372419149864322,-2.467666339711627e-06,-9.661986766218433e-10
382,1563982775.0,-122.14390854098916,37.43058254862759,POINT (-122.14390854098916 37.43058254862759),ios,,2019-07-24T08:39:35-07:00,7.372416682197982,-2.468632538388249e-06,1.4214709409543502e-09
383,1563982776.0,-122.1439727108019,37.43062496730146,POINT (-122.1439727108019 37.43062496730146),ios,,2019-07-24T08:39:36-07:00,7.372414213565444,-2.4672110674472947e-06,-9.196137185085718e-10
384,1563982777.0,-122.14403688061464,37.43066738597533,POINT (-122.14403688061464 37.43066738597533),ios,,2019-07-24T08:39:37-07:00,7.372411746354376,-2.4681306811658033e-06,1.4214673882406714e-09
385,1563982778.0,-122.14410105042738,37.4307098046492,POINT (-122.14410105042738 37.4307098046492),ios,,2019-07-24T08:39:38-07:00,7.372409278223695,-2.4667092137775626e-06,-9.661977884434236e-10
386,1563982779.0,-122.14416522024011,37.43075222332307,POINT (-122.14416522024011 37.43075222332307),ios,,2019-07-24T08:39:39-07:00,7.372406811514481,-2.467675411566006e-06,-9.66196900265004e-10
387,1563982780.0,-122.14422939005286,37.43079464199694,POINT (-122.14422939005286 37.43079464199694),ios,,2019-07-24T08:39:40-07:00,7.37240434383907,-2.468641608466271e-06,-1.809219440929155e-12
388,1563982781.0,-122.1442935598656,37.43083706067081,POINT (-122.1442935598656 37.43083706067081),ios,,2019-07-24T08:39:41-07:00,7.372401875197461,-2.468643417685712e-06,2.3858364173179325e-09
389,1563982782.0,-122.14435772967833,37.43087947934468,POINT (-122.14435772967833 37.43087947934468),ios,,2019-07-24T08:39:42-07:00,7.3723994065540435,-2.466257581268394e-06,-1.883981859407413e-09
390,1563982783.0,-122.14442189949105,37.43092189801855,POINT (-122.14442189949105 37.43092189801855),ios,,2019-07-24T08:39:43-07:00,7.372396940296462,-2.4681415631278014e-06,1.4214576182780547e-09
391,1563982784.0,-122.1444860693038,37.43096431669242,POINT (-122.1444860693038 37.43096431669242),ios,,2019-07-24T08:39:44-07:00,7.372394472154899,-2.4667201055095234e-06,-9.661933475513251e-10
392,1563982785.0,-122.14455023911653,37.43100673536629,POINT (-122.14455023911653 37.43100673536629),ios,,2019-07-24T08:39:45-07:00,7.372392005434794,-2.4676862988570747e-06,-9.661915711944857e-10
393,1563982786.0,-122.14461440892927,37.43104915404016,POINT (-122.14461440892927 37.43104915404016),ios,,2019-07-24T08:39:46-07:00,7.372389537748495,-2.468652490428269e-06,1.421454065564376e-09
394,1563982787.0,-122.14467857874202,37.43109157271403,POINT (-122.14467857874202 37.43109157271403),ios,,2019-07-24T08:39:47-07:00,7.372387069096004,-2.467231036362705e-06,-9.195941785833384e-10
395,1563982788.0,-122.14474274855475,37.4311339913879,POINT (-122.14474274855475 37.4311339913879),ios,,2019-07-24T08:39:48-07:00,7.372384601864968,-2.468150630541288e-06,1.4214487364938577e-09
396,1563982789.0,-122.1448069183675,37.43117641006177,POINT (-122.1448069183675 37.43117641006177),ios,,2019-07-24T08:39:49-07:00,7.372382133714337,-2.4667291818047943e-06,-9.661889066592266e-10
397,1563982790.0,-122.14487108818022,37.43121882873564,POINT (-122.14487108818022 37.43121882873564),ios,,2019-07-24T08:39:50-07:00,7.372379666985156,-2.4676953707114535e-06,-1.9305588239149074e-09
398,1563982791.0,-122.14493525799297,37.43126124740951,POINT (-122.14493525799297 37.43126124740951),ios,,2019-07-24T08:39:51-07:00,7.372377199289785,-2.4696259295353684e-06,2.8913023086829526e-09
399,1563982792.0,-122.14499942780571,37.43130366608338,POINT (-122.14499942780571 37.43130366608338),ios,,2019-07-24T08:39:52-07:00,7.372374729663855,-2.4667346272266855e-06,-5.073026443369599e-10
400,1563982793.0,-122.14506359761843,37.43134608475725,POINT (-122.14506359761843 37.43134608475725),ios,,2019-07-24T08:39:53-07:00,7.372372262929228,-2.4672419298710224e-06,-9.195808559070429e-10
401,1563982794.0,-122.14512776743116,37.43138850343112,POINT (-122.14512776743116 37.43138850343112),ios,,2019-07-24T08:39:54-07:00,7.372369795687298,-2.4681615107269295e-06,1.4214371901744016e-09
402,1563982795.0,-122.14519193724391,37.43143092210499,POINT (-122.14519193724391 37.43143092210499),ios,,2019-07-24T08:39:55-07:00,7.3723673275257875,-2.466740073536755e-06,-9.661835775887084e-10
403,1563982796.0,-122.14525610705664,37.43147334077886,POINT (-122.14525610705664 37.43147334077886),ios,,2019-07-24T08:39:56-07:00,7.372364860785714,-2.4677062571143438e-06,-9.661844657671281e-10
404,1563982797.0,-122.14532027686938,37.43151575945273,POINT (-122.14532027686938 37.43151575945273),ios,,2019-07-24T08:39:57-07:00,7.372362393079457,-2.468672441580111e-06,1.4214371901744016e-09
405,1563982798.0,-122.14538444668213,37.4315581781266,POINT (-122.14538444668213 37.4315581781266),ios,,2019-07-24T08:39:58-07:00,7.372359924407015,-2.4672510043899365e-06,-9.195755268365247e-10
406,1563982799.0,-122.14544861649486,37.43160059680047,POINT (-122.14544861649486 37.43160059680047),ios,,2019-07-24T08:39:59-07:00,7.372357457156011,-2.468170579916773e-06,1.4214318611038834e-09
407,1563982800.0,-122.1455127863076,37.431643015474336,POINT (-122.1455127863076 37.431643015474336),ios,,2019-07-24T08:40:00-07:00,7.372354988985431,-2.466749148055669e-06,-2.8949127539590336e-09
408,1563982801.0,-122.14557695612034,37.43168543414821,POINT (-122.14557695612034 37.43168543414821),ios,,2019-07-24T08:40:01-07:00,7.372352522236283,-2.469644060809628e-06,3.855647356942882e-09
409,1563982802.0,-122.14564112593308,37.43172785282208,POINT (-122.14564112593308 37.43172785282208),ios,,2019-07-24T08:40:02-07:00,7.372350052592222,-2.4657884134526853e-06,-2.894908313066935e-09
410,1563982803.0,-122.1457052957458,37.43177027149595,POINT (-122.1457052957458 37.43177027149595),ios,,2019-07-24T08:40:03-07:00,7.372347586803809,-2.4686833217657522e-06,1.4214220911412667e-09
411,1563982804.0,-122.14576946555854,37.43181269016982,POINT (-122.14576946555854 37.43181269016982),ios,,2019-07-24T08:40:04-07:00,7.372345118120487,-2.467261899674611e-06,-9.195586514465504e-10
412,1563982805.0,-122.14583363537128,37.43185510884369,POINT (-122.14583363537128 37.43185510884369),ios,,2019-07-24T08:40:05-07:00,7.372342650858587,-2.4681814583260575e-06,1.4214176502491682e-09
413,1563982806.0,-122.14589780518402,37.431897527517556,POINT (-122.14589780518402 37.431897527517556),ios,,2019-07-24T08:40:06-07:00,7.372340182677129,-2.4667600406758083e-06,-9.661755839829311e-10
414,1563982807.0,-122.14596197499675,37.43193994619143,POINT (-122.14596197499675 37.43193994619143),ios,,2019-07-24T08:40:07-07:00,7.372337715917088,-2.4677262162597913e-06,-9.661738076260917e-10
415,1563982808.0,-122.1460261448095,37.4319823648653,POINT (-122.1460261448095 37.4319823648653),ios,,2019-07-24T08:40:08-07:00,7.372335248190872,-2.4686923900674174e-06,1.4214149857139091e-09
416,1563982809.0,-122.14609031462224,37.43202478353917,POINT (-122.14609031462224 37.43202478353917),ios,,2019-07-24T08:40:09-07:00,7.372332779498482,-2.4672709750817035e-06,-9.195506578407731e-10
417,1563982810.0,-122.14615448443497,37.43206720221304,POINT (-122.14615448443497 37.43206720221304),ios,,2019-07-24T08:40:10-07:00,7.372330312227507,-2.4681905257395442e-06,4.5705128570716624e-10
418,1563982811.0,-122.14621865424772,37.432109620886905,POINT (-122.14621865424772 37.432109620886905),ios,,2019-07-24T08:40:11-07:00,7.372327844036981,-2.467733474453837e-06,-1.8118839761882555e-12
419,1563982812.0,-122.14628282406045,37.432152039560776,POINT (-122.14628282406045 37.432152039560776),ios,,2019-07-24T08:40:12-07:00,7.372325376303507,-2.4677352863378132e-06,9.625402697110985e-10
420,1563982813.0,-122.14634699387318,37.43219445823465,POINT (-122.14634699387318 37.43219445823465),ios,,2019-07-24T08:40:13-07:00,7.37232290856822,-2.466772746068102e-06,-1.930525073134959e-09
421,1563982814.0,-122.14641116368591,37.43223687690852,POINT (-122.14641116368591 37.43223687690852),ios,,2019-07-24T08:40:14-07:00,7.372320441795474,-2.468703271141237e-06,1.421403439394453e-09
422,1563982815.0,-122.14647533349866,37.43227929558239,POINT (-122.14647533349866 37.43227929558239),ios,,2019-07-24T08:40:15-07:00,7.372317973092203,-2.4672818677018427e-06,4.481393034438952e-11
423,1563982816.0,-122.14653950331139,37.43232171425626,POINT (-122.14653950331139 37.43232171425626),ios,,2019-07-24T08:40:16-07:00,7.372315505810335,-2.4672370537714983e-06,-1.4716592389163452e-09
424,1563982817.0,-122.14660367312413,37.432364132930125,POINT (-122.14660367312413 37.432364132930125),ios,,2019-07-24T08:40:17-07:00,7.372313038573282,-2.4687087130104146e-06,1.926890647041546e-09
425,1563982818.0,-122.14666784293688,37.432406551604,POINT (-122.14666784293688 37.432406551604),ios,,2019-07-24T08:40:18-07:00,7.372310569864569,-2.466781822363373e-06,-1.930516191350762e-09
426,1563982819.0,-122.14673201274961,37.43244897027787,POINT (-122.14673201274961 37.43244897027787),ios,,2019-07-24T08:40:19-07:00,7.372308103082746,-2.468712338554724e-06,1.421394557610256e-09
427,1563982820.0,-122.14679618256235,37.43249138895174,POINT (-122.14679618256235 37.43249138895174),ios,,2019-07-24T08:40:20-07:00,7.372305634370408,-2.4672909439971136e-06,-1.883878830710728e-09
428,1563982821.0,-122.14686035237509,37.43253380762561,POINT (-122.14686035237509 37.43253380762561),ios,,2019-07-24T08:40:21-07:00,7.372303167079464,-2.4691748228278243e-06,3.350089095022213e-09
429,1563982822.0,-122.14692452218783,37.432576226299474,POINT (-122.14692452218783 37.432576226299474),ios,,2019-07-24T08:40:22-07:00,7.372300697904641,-2.465824733732802e-06,-2.8948603514322713e-09
430,1563982823.0,-122.14698869200055,37.432618644973346,POINT (-122.14698869200055 37.432618644973346),ios,,2019-07-24T08:40:23-07:00,7.372298232079907,-2.4687195940842344e-06,1.926880877078929e-09
431,1563982824.0,-122.1470528618133,37.43266106364722,POINT (-122.1470528618133 37.43266106364722),ios,,2019-07-24T08:40:24-07:00,7.372295763360313,-2.4667927132071554e-06,-2.435998958105756e-09
432,1563982825.0,-122.14711703162602,37.43270348232109,POINT (-122.14711703162602 37.43270348232109),ios,,2019-07-24T08:40:25-07:00,7.3722932965676,-2.469228712165261e-06,2.937861509622053e-09
433,1563982826.0,-122.14718120143877,37.43274590099496,POINT (-122.14718120143877 37.43274590099496),ios,,2019-07-24T08:40:26-07:00,7.372290827338888,-2.466290850655639e-06,-1.4716521334889876e-09
434,1563982827.0,-122.1472453712515,37.43278831966882,POINT (-122.1472453712515 37.43278831966882),ios,,2019-07-24T08:40:27-07:00,7.372288361048037,-2.467762502789128e-06,-9.661587085929568e-10
435,1563982828.0,-122.14730954106425,37.432830738342695,POINT (-122.14730954106425 37.432830738342695),ios,,2019-07-24T08:40:28-07:00,7.372285893285534,-2.468728661497721e-06,1.9268737716515716e-09
436,1563982829.0,-122.14737371087699,37.432873157016566,POINT (-122.14737371087699 37.432873157016566),ios,,2019-07-24T08:40:29-07:00,7.372283424556873,-2.4668017877260695e-06,-1.930501092317627e-09
437,1563982830.0,-122.14743788068972,37.43291557569044,POINT (-122.14743788068972 37.43291557569044),ios,,2019-07-24T08:40:30-07:00,7.372280957755085,-2.468732288818387e-06,-5.073044206937993e-10
438,1563982831.0,-122.14750205050247,37.43295799436431,POINT (-122.14750205050247 37.43295799436431),ios,,2019-07-24T08:40:31-07:00,7.372278489022796,-2.469239593239081e-06,3.902194123384106e-09
439,1563982832.0,-122.1475662203152,37.43300041303818,POINT (-122.1475662203152 37.43300041303818),ios,,2019-07-24T08:40:32-07:00,7.372276019783203,-2.465337399115697e-06,-2.435990076321559e-09
440,1563982833.0,-122.14763039012792,37.433042831712044,POINT (-122.14763039012792 37.433042831712044),ios,,2019-07-24T08:40:33-07:00,7.372273554445804,-2.4677733891920184e-06,-9.661542677008583e-10
441,1563982834.0,-122.14769455994066,37.433085250385915,POINT (-122.14769455994066 37.433085250385915),ios,,2019-07-24T08:40:34-07:00,7.372271086672415,-2.4687395434597192e-06,1.926866666224214e-09
442,1563982835.0,-122.1477587297534,37.433127669059786,POINT (-122.1477587297534 37.433127669059786),ios,,2019-07-24T08:40:35-07:00,7.372268617932871,-2.466812676793495e-06,-2.4359874117863e-09
443,1563982836.0,-122.14782289956614,37.43317008773366,POINT (-122.14782289956614 37.43317008773366),ios,,2019-07-24T08:40:36-07:00,7.372266151120194,-2.4692486642052813e-06,2.9378508514810164e-09
444,1563982837.0,-122.14788706937888,37.43321250640753,POINT (-122.14788706937888 37.43321250640753),ios,,2019-07-24T08:40:37-07:00,7.37226368187153,-2.4663108133538003e-06,-1.471647692596889e-09
445,1563982838.0,-122.14795123919161,37.43325492508139,POINT (-122.14795123919161 37.43325492508139),ios,,2019-07-24T08:40:38-07:00,7.372261215560717,-2.467782461046397e-06,-9.661489386303401e-10
446,1563982839.0,-122.14801540900436,37.433297343755264,POINT (-122.14801540900436 37.433297343755264),ios,,2019-07-24T08:40:39-07:00,7.372258747778256,-2.4687486099850275e-06,1.9268568962615973e-09
447,1563982840.0,-122.1480795788171,37.433339762429135,POINT (-122.1480795788171 37.433339762429135),ios,,2019-07-24T08:40:40-07:00,7.372256279029646,-2.466821753088766e-06,-1.9304851051060723e-09
448,1563982841.0,-122.14814374862983,37.433382181103006,POINT (-122.14814374862983 37.433382181103006),ios,,2019-07-24T08:40:41-07:00,7.372253812207893,-2.468752238193872e-06,-5.073061970506387e-10
449,1563982842.0,-122.14820791844258,37.43342459977688,POINT (-122.14820791844258 37.43342459977688),ios,,2019-07-24T08:40:42-07:00,7.3722513434556545,-2.4692595443909227e-06,3.902173695280453e-09
450,1563982843.0,-122.14827208825531,37.43346701845075,POINT (-122.14827208825531 37.43346701845075),ios,,2019-07-24T08:40:43-07:00,7.37224887419611,-2.465357370695642e-06,-2.435975865466844e-09
451,1563982844.0,-122.14833625806803,37.43350943712461,POINT (-122.14833625806803 37.43350943712461),ios,,2019-07-24T08:40:44-07:00,7.372246408838739,-2.467793346561109e-06,-9.661453859166613e-10
452,1563982845.0,-122.14840042788077,37.433551855798484,POINT (-122.14840042788077 37.433551855798484),ios,,2019-07-24T08:40:45-07:00,7.372243941045393,-2.4687594919470257e-06,1.9268497908342397e-09
453,1563982846.0,-122.14846459769352,37.433594274472355,POINT (-122.14846459769352 37.433594274472355),ios,,2019-07-24T08:40:46-07:00,7.372241472285901,-2.4668326421561915e-06,-2.435973200931585e-09
454,1563982847.0,-122.14852876750625,37.43363669314623,POINT (-122.14852876750625 37.43363669314623),ios,,2019-07-24T08:40:47-07:00,7.372239005453259,-2.469268615357123e-06,2.9378393051615603e-09
455,1563982848.0,-122.148592937319,37.4336791118201,POINT (-122.148592937319 37.4336791118201),ios,,2019-07-24T08:40:48-07:00,7.372236536184643,-2.4663307760519615e-06,-1.4716414753479512e-09
456,1563982849.0,-122.14865710713173,37.43372153049396,POINT (-122.14865710713173 37.43372153049396),ios,,2019-07-24T08:40:49-07:00,7.372234069853867,-2.4678024175273094e-06,-9.661418332029825e-10
457,1563982850.0,-122.14872127694447,37.43376394916783,POINT (-122.14872127694447 37.43376394916783),ios,,2019-07-24T08:40:50-07:00,7.37223160205145,-2.4687685593605124e-06,1.9268417972284624e-09
458,1563982851.0,-122.14878544675722,37.433806367841704,POINT (-122.14878544675722 37.433806367841704),ios,,2019-07-24T08:40:51-07:00,7.37222913328289,-2.466841717563284e-06,-2.8947937380507938e-09
459,1563982852.0,-122.14884961656995,37.433848786515576,POINT (-122.14884961656995 37.433848786515576),ios,,2019-07-24T08:40:52-07:00,7.372226666441173,-2.4697365113013348e-06,2.38566588706135e-09
460,1563982853.0,-122.14891378638269,37.43389120518945,POINT (-122.14891378638269 37.43389120518945),ios,,2019-07-24T08:40:53-07:00,7.372224196704662,-2.4673508454142734e-06,1.009178518529552e-09
461,1563982854.0,-122.14897795619541,37.43393362386332,POINT (-122.14897795619541 37.43393362386332),ios,,2019-07-24T08:40:54-07:00,7.372221729353816,-2.466341666895744e-06,-1.4716352580990133e-09
462,1563982855.0,-122.14904212600814,37.43397604253718,POINT (-122.14904212600814 37.43397604253718),ios,,2019-07-24T08:40:55-07:00,7.372219263012149,-2.467813302153843e-06,-9.661391686677234e-10
463,1563982856.0,-122.14910629582089,37.43401846121105,POINT (-122.14910629582089 37.43401846121105),ios,,2019-07-24T08:40:56-07:00,7.372216795198847,-2.4687794413225106e-06,1.9268329154442654e-09
464,1563982857.0,-122.14917046563363,37.434060879884925,POINT (-122.14917046563363 37.434060879884925),ios,,2019-07-24T08:40:57-07:00,7.372214326419406,-2.4668526084070663e-06,-2.435955437363191e-09
465,1563982858.0,-122.14923463544636,37.434103298558796,POINT (-122.14923463544636 37.434103298558796),ios,,2019-07-24T08:40:58-07:00,7.372211859566797,-2.4692885638444295e-06,2.9378233179500057e-09
466,1563982859.0,-122.14929880525911,37.43414571723267,POINT (-122.14929880525911 37.43414571723267),ios,,2019-07-24T08:40:59-07:00,7.3722093902782335,-2.4663507405264795e-06,-1.471633481742174e-09
467,1563982860.0,-122.14936297507184,37.43418813590653,POINT (-122.14936297507184 37.43418813590653),ios,,2019-07-24T08:41:00-07:00,7.372206923927493,-2.4678223740082217e-06,-9.661320632403658e-10
468,1563982861.0,-122.14942714488458,37.4342305545804,POINT (-122.14942714488458 37.4342305545804),ios,,2019-07-24T08:41:01-07:00,7.372204456105119,-2.468788506071462e-06,-1.8127721546079556e-12
469,1563982862.0,-122.14949131469733,37.434272973254274,POINT (-122.14949131469733 37.434272973254274),ios,,2019-07-24T08:41:02-07:00,7.372201987316613,-2.4687903188436167e-06,2.8911388838537277e-09
470,1563982863.0,-122.14955548451006,37.434315391928145,POINT (-122.14955548451006 37.434315391928145),ios,,2019-07-24T08:41:03-07:00,7.372199518526294,-2.465899179959763e-06,-2.4359501082926727e-09
471,1563982864.0,-122.14961965432278,37.434357810602016,POINT (-122.14961965432278 37.434357810602016),ios,,2019-07-24T08:41:04-07:00,7.372197052627114,-2.4683351300680556e-06,17.307052205205398
472,1563982865.0,-122.14968382413552,37.43440022927589,POINT (-122.14968382413552 37.43440022927589),ios,,2019-07-24T08:41:05-07:00,7.372194584291984,17.30704973687027,-13.4088761064451
473,1563982866.0,-122.14974799394827,37.43444264794975,POINT (-122.14974799394827 37.43444264794975),ios,,2019-07-24T08:41:06-07:00,24.67924432116225,3.8981736304251697,7.306681815809242
474,1563982867.0,-122.1499297,37.434274,POINT (-122.1499297 37.434274),android,,2019-07-24T08:41:07-07:00,28.57741795158742,11.204855446234411,-30.960482324350934
475,1563982868.0,-122.14987633357374,37.434527485297494,POINT (-122.14987633357374 37.434527485297494),ios,,2019-07-24T08:41:08-07:00,39.78227339782183,-19.755626878116523,19.246867330263807
476,1563982869.0,-122.150326,37.4345049,POINT (-122.150326 37.4345049),android,,2019-07-24T08:41:09-07:00,20.02664651970531,-0.5087595478527156,0.5087424359782737
477,1563982870.0,-122.1505017,37.4346188,POINT (-122.1505017 37.4346188),android,,2019-07-24T08:41:10-07:00,19.517886971852594,-1.7111874441866348e-05,-1.8184179953251558
478,1563982871.0,-122.15066864999999,37.43473385,POINT (-122.15066864999999 37.43473385),android,,2019-07-24T08:41:11-07:00,19.517869859978152,-1.8184351071995977,3.360605860904702
479,1563982872.0,-122.15083559999998,37.4348489,POINT (-122.15083559999998 37.4348489),android,,2019-07-24T08:41:12-07:00,17.699434752778554,1.5421707537051041,1.4023477764047456
480,1563982873.0,-122.1509551,37.4349767,POINT (-122.1509551 37.4349767),android,,2019-07-24T08:41:13-07:00,19.24160550648366,2.9445185301098498,-1.5463141065570447
481,1563982874.0,-122.1511094,37.4350989,POINT (-122.1511094 37.4350989),android,,2019-07-24T08:41:14-07:00,22.186124036593508,1.398204423552805,-5.013436958110912
482,1563982875.0,-122.1513123,37.4352166,POINT (-122.1513123 37.4352166),android,,2019-07-24T08:41:15-07:00,23.584328460146313,-3.615232534558107,5.36246730352552
483,1563982876.0,-122.1515446,37.4353213,POINT (-122.1515446 37.4353213),android,,2019-07-24T08:41:16-07:00,19.969095925588206,1.747234768967413,-3.5441178757496736
484,1563982877.0,-122.1517101,37.4354437,POINT (-122.1517101 37.4354437),android,,2019-07-24T08:41:17-07:00,21.71633069455562,-1.7968831067822606,1.8894871239859903
485,1563982878.0,-122.1519058,37.435562,POINT (-122.1519058 37.435562),android,,2019-07-24T08:41:18-07:00,19.91944758777336,0.09260401720372968,-1.5680556960046594
486,1563982879.0,-122.1521005,37.4356525,POINT (-122.1521005 37.4356525),android,,2019-07-24T08:41:19-07:00,20.01205160497709,-1.4754516788009298,8.945809151617091
487,1563982880.0,-122.1522712,37.4357709,POINT (-122.1522712 37.4357709),android,,2019-07-24T08:41:20-07:00,18.53659992617616,7.470357472816161,-9.48237467552444
488,1563982881.0,-122.1524012,37.4359018,POINT (-122.1524012 37.4359018),android,,2019-07-24T08:41:21-07:00,26.00695739899232,-2.0120172027082788,-0.15998952786549836
489,1563982882.0,-122.152642,37.4360365,POINT (-122.152642 37.4360365),android,,2019-07-24T08:41:22-07:00,23.99494019628404,-2.172006730573777,1.7652777280932959
490,1563982883.0,-122.1528619,37.4361633,POINT (-122.1528619 37.4361633),android,,2019-07-24T08:41:23-07:00,21.822933465710264,-0.4067290024804813,0.05203296047849526
536,1563982931.0,-122.1623762,37.4417914,POINT (-122.1623762 37.4417914),android,,2019-07-24T08:42:11-07:00,2.2999413466471594,2.090853100487291,-1.5208049241573798
547,1563982942.0,-122.16261852566902,37.44191284526536,POINT (-122.16261852566902 37.44191284526536),android,,2019-07-24T08:42:22-07:00,25.299325452007363,-14.638001065243888,15.86913377856385
548,1563982943.0,-122.16286085133805,37.44203429053072,POINT (-122.16286085133805 37.44203429053072),android,,2019-07-24T08:42:23-07:00,10.661324386763475,1.2311327133199623,-0.07694768644767794
549,1563982959.0,-122.16433993345653,37.4430213636477,POINT (-122.16433993345653 37.4430213636477),android,,2019-07-24T08:42:39-07:00,30.359447799882872,-3.0269842884678155e-05,-20.01942817260296
550,1563982960.0,-122.16453900018479,37.443243995471555,POINT (-122.16453900018479 37.443243995471555),android,,2019-07-24T08:42:40-07:00,30.359417530039988,-20.019458442445845,13.31619025973945
551,1563982961.0,-122.16473806691306,37.44346662729541,POINT (-122.16473806691306 37.44346662729541),android,,2019-07-24T08:42:41-07:00,10.339959087594142,-6.7032681827063945,6.497428554347955
552,1563982962.0,-122.1648315,37.4435227,POINT (-122.1648315 37.4435227),android,,2019-07-24T08:42:42-07:00,3.6366909048877476,-0.20583962835843916,62.43957709051431
553,1563982963.0,-122.1648726,37.4435205,POINT (-122.1648726 37.4435205),android,,2019-07-24T08:42:43-07:00,3.4308512765293084,62.23373746215587,-127.74296673108192
554,1563982964.0,-122.1649111,37.4435247,POINT (-122.1649111 37.4435247),android,,2019-07-24T08:42:44-07:00,65.66458873868518,-65.50922926892605,65.56408266972332
555,1563982965.0,-122.16546091280617,37.443922417297934,POINT (-122.16546091280617 37.443922417297934),ios,,2019-07-24T08:42:45-07:00,0.15535946975912754,0.054853400797263835,-0.016156317439003816
677,1563983087.0,-122.1653474,37.4440671,POINT (-122.1653474 37.4440671),android,,2019-07-24T08:44:47-07:00,6.847474367025315,-1.9162173267612017,4.521390881603012
678,1563983088.0,-122.1654124,37.4441007,POINT (-122.1654124 37.4441007),android,,2019-07-24T08:44:48-07:00,4.931257040264113,2.6051735548418105,-2.160591030105877
679,1563983089.0,-122.1654581,37.4441262,POINT (-122.1654581 37.4441262),android,,2019-07-24T08:44:49-07:00,7.536430595105924,0.44458252473593357,-0.07409768360424916
680,1563983095.0,-122.1658269,37.4444084,POINT (-122.1658269 37.4444084),android,,2019-07-24T08:44:55-07:00,10.203925743521525,-3.5768895614296525e-06,0.5814812938803922
681,1563983096.0,-122.16589587272728,37.44448203636364,POINT (-122.16589587272728 37.44448203636364),android,,2019-07-24T08:44:56-07:00,10.203922166631964,0.5814777169908307,-0.46057858434713034
682,1563983097.0,-122.16596484545454,37.444555672727276,POINT (-122.16596484545454 37.444555672727276),android,,2019-07-24T08:44:57-07:00,10.785399883622794,0.1208991326437004,0.03273337447615811
683,1563983109.0,-122.1671511,37.4452396,POINT (-122.1671511 37.4452396),android,,2019-07-24T08:45:09-07:00,12.2361894753472,0.5136996263575977,-1.0110929506190942
684,1563983110.0,-122.1672184,37.4453358,POINT (-122.1672184 37.4453358),android,,2019-07-24T08:45:10-07:00,12.749889101704797,-0.4973933242614965,3.801887791029749
685,1563983111.0,-122.167348,37.4453864,POINT (-122.167348 37.4453864),android,,2019-07-24T08:45:11-07:00,12.2524957774433,3.3044944667682525,-8.35361082888261
686,1563983112.0,-122.1674577,37.4454539,POINT (-122.1674577 37.4454539),android,,2019-07-24T08:45:12-07:00,15.556990244211553,-5.049116362114358,9.182479401680771
687,1563983113.0,-122.1676124,37.4455209,POINT (-122.1676124 37.4455209),android,,2019-07-24T08:45:13-07:00,10.507873882097195,4.133363039566413,-7.101121624462531
688,1563983114.0,-122.1677189,37.4455631,POINT (-122.1677189 37.4455631),android,,2019-07-24T08:45:14-07:00,14.641236921663609,-2.967758584896117,5.845539608804543
689,1563983115.0,-122.1678087,37.4456738,POINT (-122.1678087 37.4456738),android,,2019-07-24T08:45:15-07:00,11.673478336767491,2.877781023908426,-3.077564472639871
690,1563983116.0,-122.1679155,37.4457357,POINT (-122.1679155 37.4457357),android,,2019-07-24T08:45:16-07:00,14.551259360675918,-0.19978344873144493,-0.12367822296326736
691,1563983117.0,-122.1680523,37.4458087,POINT (-122.1680523 37.4458087),android,,2019-07-24T08:45:17-07:00,14.351475911944473,-0.3234616716947123,-1.8187834276099082
692,1563983118.0,-122.168213,37.4458282,POINT (-122.168213 37.4458282),android,,2019-07-24T08:45:18-07:00,14.02801424024976,-2.1422450993046205,6.6879273706819085
693,1563983119.0,-122.1683158,37.4459244,POINT (-122.1683158 37.4459244),android,,2019-07-24T08:45:19-07:00,11.88576914094514,4.545682271377288,-4.545686686313836
694,1563983120.0,-122.1684182,37.4459938,POINT (-122.1684182 37.4459938),android,,2019-07-24T08:45:20-07:00,16.431451412322428,-4.414936547902926e-06,-1.826834512274493
695,1563983121.0,-122.16848965,37.446130249999996,POINT (-122.16848965 37.446130249999996),android,,2019-07-24T08:45:21-07:00,16.43144699738588,-1.8268389272110408,1.8268317217304588
696,1563983122.0,-122.1685611,37.4462667,POINT (-122.1685611 37.4462667),android,,2019-07-24T08:45:22-07:00,14.604608070174839,-7.205480581973234e-06,1.2045365935261767
697,1563983123.0,-122.1686587,37.44637275,POINT (-122.1686587 37.44637275),android,,2019-07-24T08:45:23-07:00,14.604600864694257,1.2045293880455947,-2.010902745023337
698,1563983124.0,-122.16875629999998,37.4464788,POINT (-122.16875629999998 37.4464788),android,,2019-07-24T08:45:24-07:00,15.809130252739852,-0.8063733569777423,0.806363133042387
699,1563983125.0,-122.1688858,37.446577,POINT (-122.1688858 37.446577),android,,2019-07-24T08:45:25-07:00,15.00275689576211,-1.0223935355213598e-05,-9.323404270844549e-10
700,1563983126.0,-122.16901639999999,37.44666333333333,POINT (-122.16901639999999 37.44666333333333),android,,2019-07-24T08:45:26-07:00,15.002746671826754,-1.0224867695640683e-05,15.849318990458977
701,1563983127.0,-122.169147,37.44674966666666,POINT (-122.169147 37.44674966666666),android,,2019-07-24T08:45:27-07:00,15.002736446959059,15.849308765591282,-29.860751885963293
702,1563983128.0,-122.16927759999999,37.446836,POINT (-122.16927759999999 37.446836),android,,2019-07-24T08:45:28-07:00,30.85204521255034,-14.011443120372011,14.683765911208088
703,1563983129.0,-122.1696251,37.4468655,POINT (-122.1696251 37.4468655),android,,2019-07-24T08:45:29-07:00,16.84060209217833,0.6723227908360769,-0.33060023896809554
704,1563983130.0,-122.1697932,37.4469371,POINT (-122.1697932 37.4469371),android,,2019-07-24T08:45:30-07:00,17.512924883014406,0.3417225518679814,-1.3440013393953407
705,1563983131.0,-122.1699584,37.4470243,POINT (-122.1699584 37.4470243),android,,2019-07-24T08:45:31-07:00,17.854647434882388,-1.0022787875273593,5.752448236525158
706,1563983132.0,-122.1701373,37.4470992,POINT (-122.1701373 37.4470992),android,,2019-07-24T08:45:32-07:00,16.85236864735503,4.750169448997799,-4.703802346137644
707,1563983133.0,-122.1702711,37.4472073,POINT (-122.1702711 37.4472073),android,,2019-07-24T08:45:33-07:00,21.602538096352827,0.046367102860153865,0.03671156955211103
708,1563983178.0,-122.17871370242895,37.45282043876597,POINT (-122.17871370242895 37.45282043876597),ios,,2019-07-24T08:46:18-07:00,23.68905772505975,1.6983877327051502,-4.615860519589102
709,1563983179.0,-122.17892826464228,37.45294839867711,POINT (-122.17892826464228 37.45294839867711),ios,,2019-07-24T08:46:19-07:00,25.3874454577649,-2.917472786883952,2.9174494813200873
710,1563983180.0,-122.17915821016067,37.45308553283342,POINT (-122.17915821016067 37.45308553283342),ios,,2019-07-24T08:46:20-07:00,22.46997267088095,-2.3305563864539636e-05,-4.06256717155884e-09
711,1563983181.0,-122.1793617310399,37.45320690794987,POINT (-122.1793617310399 37.45320690794987),ios,,2019-07-24T08:46:21-07:00,22.469949365317085,-2.3309626431711195e-05,-7.6022884858974376
712,1563983182.0,-122.17956525191919,37.45332828306632,POINT (-122.17956525191919 37.45332828306632),ios,,2019-07-24T08:46:22-07:00,22.469926055690653,-7.602311795523869,22.35877931743922
713,1563983183.0,-122.17976877279845,37.45344965818277,POINT (-122.17976877279845 37.45344965818277),ios,,2019-07-24T08:46:23-07:00,14.867614260166784,14.756467521915352,-24.504724560483638
714,1563983184.0,-122.17990343601573,37.45352996819193,POINT (-122.17990343601573 37.45352996819193),ios,,2019-07-24T08:46:24-07:00,29.624081782082136,-9.748257038568287,9.748238800299614
715,1563983185.0,-122.18017176030573,37.4536899834628,POINT (-122.18017176030573 37.4536899834628),ios,,2019-07-24T08:46:25-07:00,19.87582474351385,-1.8238268673087532e-05,4.3937831151197315e-10
716,1563983186.0,-122.18035179000299,37.453797341893186,POINT (-122.18035179000299 37.453797341893186),ios,,2019-07-24T08:46:26-07:00,19.875806505245176,-1.823782929477602e-05,-5.635740762954811e-10
717,1563983187.0,-122.18053181970025,37.45390470032356,POINT (-122.18053181970025 37.45390470032356),ios,,2019-07-24T08:46:27-07:00,19.87578826741588,-1.8238392868852316e-05,1.0216432144716237e-09
718,1563983188.0,-122.18071184939751,37.45401205875394,POINT (-122.18071184939751 37.45401205875394),ios,,2019-07-24T08:46:28-07:00,19.875770029023013,-1.8237371225637844e-05,-5.635705235818023e-10
719,1563983189.0,-122.18089187909476,37.45411941718432,POINT (-122.18089187909476 37.45411941718432),ios,,2019-07-24T08:46:29-07:00,19.875751791651787,-1.8237934796161426e-05,-1.0381064896591852e-09
720,1563983190.0,-122.18107190879202,37.4542267756147,POINT (-122.18107190879202 37.4542267756147),ios,,2019-07-24T08:46:30-07:00,19.87573355371699,-1.8238972902651085e-05,3.4481999477975478e-09
721,1563983191.0,-122.18125193848928,37.45433413404508,POINT (-122.18125193848928 37.45433413404508),ios,,2019-07-24T08:46:31-07:00,19.875715314744088,-1.8235524702703287e-05,-4.996010716240562e-09
722,1563983192.0,-122.18143196818653,37.45444149247545,POINT (-122.18143196818653 37.45444149247545),ios,,2019-07-24T08:46:32-07:00,19.875697079219385,-1.8240520713419528e-05,-14.892295356267859
723,1563983193.0,-122.1816119978838,37.45454885090584,POINT (-122.1816119978838 37.45454885090584),ios,,2019-07-24T08:46:33-07:00,19.875678838698672,-14.892313596788572,11.007918924687697
724,1563983194.0,-122.18179202758105,37.454656209336214,POINT (-122.18179202758105 37.454656209336214),ios,,2019-07-24T08:46:34-07:00,4.983365241910099,-3.884394672100875,3.8907974627473703
725,1563983195.0,-122.18183716587585,37.45468312698676,POINT (-122.18183716587585 37.45468312698676),ios,,2019-07-24T08:46:35-07:00,1.0989705698092245,0.006402790646495309,-0.00011039428004454746
730,1563983253.0,-122.18255878117894,37.45470419061503,POINT (-122.18255878117894 37.45470419061503),ios,,2019-07-24T08:47:33-07:00,1.4703324273059524,-7.759608844359889e-08,-7.775347032890068e-10
731,1563983254.0,-122.18256910591904,37.45471456710723,POINT (-122.18256910591904 37.45471456710723),ios,,2019-07-24T08:47:34-07:00,1.470332349709864,-7.83736231468879e-08,-1.2212453270876722e-14
732,1563983255.0,-122.18257943065916,37.45472494359943,POINT (-122.18257943065916 37.45472494359943),ios,,2019-07-24T08:47:35-07:00,1.4703322713362408,-7.837363535934116e-08,-7.775342591997969e-10
733,1563983256.0,-122.18258975539928,37.45473532009163,POINT (-122.18258975539928 37.45473532009163),ios,,2019-07-24T08:47:36-07:00,1.4703321929626054,-7.915116961854096e-08,1.5550334353520157e-09
734,1563983257.0,-122.1826000801394,37.45474569658383,POINT (-122.1826000801394 37.45474569658383),ios,,2019-07-24T08:47:37-07:00,1.4703321138114358,-7.759613618318895e-08,-7.775344812444018e-10
735,1563983258.0,-122.1826104048795,37.45475607307603,POINT (-122.1826104048795 37.45475607307603),ios,,2019-07-24T08:47:38-07:00,1.4703320362152996,-7.837367066443335e-08,-1.199040866595169e-14
736,1563983259.0,-122.18262072961961,37.454766449568226,POINT (-122.18262072961961 37.454766449568226),ios,,2019-07-24T08:47:39-07:00,1.470331957841629,-7.837368265484201e-08,-1.1546319456101628e-14
737,1563983260.0,-122.18263105435973,37.454776826060424,POINT (-122.18263105435973 37.454776826060424),ios,,2019-07-24T08:47:40-07:00,1.4703318794679463,-7.837369420116147e-08,-7.775338151105871e-10
738,1563983261.0,-122.18264137909985,37.45478720255262,POINT (-122.18264137909985 37.45478720255262),ios,,2019-07-24T08:47:41-07:00,1.470331801094252,-7.915122801627206e-08,41.84118359997714
739,1563983262.0,-122.18265170383997,37.45479757904482,POINT (-122.18265170383997 37.45479757904482),ios,,2019-07-24T08:47:42-07:00,1.470331721943024,41.841183520825915,-82.51256038782608
740,1563983263.0,-122.18266202858007,37.45480795553702,POINT (-122.18266202858007 37.45480795553702),ios,,2019-07-24T08:47:43-07:00,43.31151524276894,-40.67137686700016,39.49607304915312
741,1563983264.0,-122.1824542,37.4551608,POINT (-122.1824542 37.4551608),android,,2019-07-24T08:47:44-07:00,2.6401383757687755,-1.1753038178470439,1.7219516763951415
742,1563983265.0,-122.1824815,37.4551511,POINT (-122.1824815 37.4551511),android,,2019-07-24T08:47:45-07:00,1.4648345579217317,0.5466478585480976,-1.7863813653515885
743,1563983266.0,-122.1824964,37.4551453,POINT (-122.1824964 37.4551453),android,,2019-07-24T08:47:46-07:00,2.0114824164698293,-1.239733506803491,1.2666797160815464
744,1563983267.0,-122.1825169,37.4551374,POINT (-122.1825169 37.4551374),android,,2019-07-24T08:47:47-07:00,0.7717489096663385,0.026946209278055355,0.4272296509495459
745,1563983268.0,-122.1825249,37.4551346,POINT (-122.1825249 37.4551346),android,,2019-07-24T08:47:48-07:00,0.7986951189443938,0.45417586022760126,-0.7487708110398552
747,1563983270.0,-122.1825414,37.4551287,POINT (-122.1825414 37.4551287),android,,2019-07-24T08:47:50-07:00,1.7070468393995963,-1.043365761852109,0.9121333808329127
748,1563983271.0,-122.1825588,37.455122,POINT (-122.1825588 37.455122),android,,2019-07-24T08:47:51-07:00,0.6636810775474874,-0.13123238101919632,0.06925479940648971
749,1563983272.0,-122.1825653,37.455119,POINT (-122.1825653 37.455119),android,,2019-07-24T08:47:52-07:00,0.5324486965282911,-0.06197758161270661,0.23083843348991107
750,1563983273.0,-122.1825701,37.4551161,POINT (-122.1825701 37.4551161),android,,2019-07-24T08:47:53-07:00,0.47047111491558447,0.16886085187720445,-0.3491851076633958
751,1563983274.0,-122.1825744,37.4551136,POINT (-122.1825744 37.4551136),android,,2019-07-24T08:47:54-07:00,0.6393319667927889,-0.18032425578619132,0.40231457794283787
752,1563983275.0,-122.1825805,37.4551105,POINT (-122.1825805 37.4551105),android,,2019-07-24T08:47:55-07:00,0.4590077110065976,0.22199032215664655,-0.4301728893251783
753,1563983276.0,-122.1825849,37.4551083,POINT (-122.1825849 37.4551083),android,,2019-07-24T08:47:56-07:00,0.6809980331632441,-0.20818256716853173,-0.20629988255905785
754,1563983277.0,-122.1825921,37.4551061,POINT (-122.1825921 37.4551061),android,,2019-07-24T08:47:57-07:00,0.4728154659947124,-0.4144824497275896,25.489993087012653
755,1563983278.0,-122.1825972,37.4551048,POINT (-122.1825972 37.4551048),android,,2019-07-24T08:47:58-07:00,0.05833301626712282,25.075510637285063,-48.73902397884544
756,1563983279.0,-122.182597,37.4551053,POINT (-122.182597 37.4551053),android,,2019-07-24T08:47:59-07:00,25.133843653552187,-23.663513341560375,23.663513262408927
757,1563983280.0,-122.18283754916199,37.4549843559044,POINT (-122.18283754916199 37.4549843559044),ios,,2019-07-24T08:48:00-07:00,1.470330311991811,-7.915144961678777e-08,1.5550252197016334e-09
758,1563983281.0,-122.1828478739021,37.4549947323966,POINT (-122.1828478739021 37.4549947323966),ios,,2019-07-24T08:48:01-07:00,1.4703302328403614,-7.759642439708614e-08,-7.775302623969083e-10
759,1563983282.0,-122.18285819864221,37.4550051088888,POINT (-122.18285819864221 37.4550051088888),ios,,2019-07-24T08:48:02-07:00,1.470330155243937,-7.837395465948305e-08,-1.176836406102666e-14
760,1563983283.0,-122.18286852338233,37.455015485381,POINT (-122.18286852338233 37.455015485381),ios,,2019-07-24T08:48:03-07:00,1.4703300768699823,-7.837396642784711e-08,-1.199040866595169e-14
761,1563983284.0,-122.18287884812244,37.455025861873196,POINT (-122.18287884812244 37.455025861873196),ios,,2019-07-24T08:48:04-07:00,1.4703299984960159,-7.837397841825577e-08,-7.775291521738836e-10
762,1563983285.0,-122.18288917286256,37.455036238365395,POINT (-122.18288917286256 37.455036238365395),ios,,2019-07-24T08:48:05-07:00,1.4703299201220374,-7.915150757042966e-08,1.5550232213001891e-09
763,1563983286.0,-122.18289949760268,37.455046614857594,POINT (-122.18289949760268 37.455046614857594),ios,,2019-07-24T08:48:06-07:00,1.4703298409705299,-7.759648434912947e-08,-7.775295962630935e-10
764,1563983287.0,-122.18290982234278,37.45505699134979,POINT (-122.18290982234278 37.45505699134979),ios,,2019-07-24T08:48:07-07:00,1.4703297633740455,-7.837401394539256e-08,-1.176836406102666e-14
765,1563983288.0,-122.1829201470829,37.45506736784199,POINT (-122.1829201470829 37.45506736784199),ios,,2019-07-24T08:48:08-07:00,1.4703296850000316,-7.837402571375662e-08,-7.775284860400689e-10
766,1563983289.0,-122.18293047182301,37.45507774433419,POINT (-122.18293047182301 37.45507774433419),ios,,2019-07-24T08:48:09-07:00,1.4703296066260059,-7.915155419979669e-08,1.5550216669879546e-09
767,1563983290.0,-122.18294079656313,37.45508812082639,POINT (-122.18294079656313 37.45508812082639),ios,,2019-07-24T08:48:10-07:00,1.4703295274744517,-7.759653253280874e-08,-7.775287080846738e-10
768,1563983291.0,-122.18295112130323,37.45509849731859,POINT (-122.18295112130323 37.45509849731859),ios,,2019-07-24T08:48:11-07:00,1.4703294498779191,-7.837406124089341e-08,-1.555044537582262e-09
769,1563983292.0,-122.18296144604335,37.45510887381079,POINT (-122.18296144604335 37.45510887381079),ios,,2019-07-24T08:48:12-07:00,1.470329371503858,-7.992910577847567e-08,3.1100537700723407e-09
770,1563983293.0,-122.18297177078347,37.455119250302985,POINT (-122.18297177078347 37.455119250302985),ios,,2019-07-24T08:48:13-07:00,1.4703292915747521,-7.681905200840333e-08,-1.555044537582262e-09
771,1563983294.0,-122.18298209552356,37.455129626795184,POINT (-122.18298209552356 37.455129626795184),ios,,2019-07-24T08:48:14-07:00,1.4703292147557,-7.83740965459856e-08,-1.176836406102666e-14
772,1563983295.0,-122.18299242026367,37.45514000328738,POINT (-122.18299242026367 37.45514000328738),ios,,2019-07-24T08:48:15-07:00,1.4703291363816036,-7.837410831434966e-08,-7.775278199062541e-10
773,1563983296.0,-122.18300274500379,37.45515037977958,POINT (-122.18300274500379 37.45515037977958),ios,,2019-07-24T08:48:16-07:00,1.4703290580074952,-7.915163613425591e-08,1.5550196685865103e-09
774,1563983297.0,-122.18301306974391,37.45516075627178,POINT (-122.18301306974391 37.45516075627178),ios,,2019-07-24T08:48:17-07:00,1.4703289788558591,-7.75966164656694e-08,-7.775275978616492e-10
775,1563983298.0,-122.18302339448401,37.45517113276398,POINT (-122.18302339448401 37.45517113276398),ios,,2019-07-24T08:48:18-07:00,1.4703289012592426,-7.837414406353105e-08,-1.176836406102666e-14
776,1563983299.0,-122.18303371922413,37.45518150925618,POINT (-122.18303371922413 37.45518150925618),ios,,2019-07-24T08:48:19-07:00,1.4703288228850986,-7.837415583189511e-08,-7.775267096832295e-10
777,1563983300.0,-122.18304404396424,37.45519188574838,POINT (-122.18304404396424 37.45519188574838),ios,,2019-07-24T08:48:20-07:00,1.4703287445109428,-7.915168254157834e-08,1.5550181142742758e-09
778,1563983301.0,-122.18305436870436,37.455202262240576,POINT (-122.18305436870436 37.455202262240576),ios,,2019-07-24T08:48:21-07:00,1.4703286653592602,-7.759666442730406e-08,-7.775271537724393e-10
779,1563983302.0,-122.18306469344446,37.455212638732775,POINT (-122.18306469344446 37.455212638732775),ios,,2019-07-24T08:48:22-07:00,1.4703285877625958,-7.83741915810765e-08,-1.1546319456101628e-14
780,1563983303.0,-122.18307501818458,37.45522301522497,POINT (-122.18307501818458 37.45522301522497),ios,,2019-07-24T08:48:23-07:00,1.4703285093884042,-7.837420312739596e-08,-1.176836406102666e-14
781,1563983304.0,-122.1830853429247,37.45523339171717,POINT (-122.1830853429247 37.45523339171717),ios,,2019-07-24T08:48:24-07:00,1.470328431014201,-7.837421489576002e-08,-7.775260435494147e-10
782,1563983305.0,-122.18309566766482,37.45524376820937,POINT (-122.18309566766482 37.45524376820937),ios,,2019-07-24T08:48:25-07:00,1.4703283526399862,-7.915174093930943e-08,1.5550165599620414e-09
783,1563983306.0,-122.18310599240493,37.45525414470157,POINT (-122.18310599240493 37.45525414470157),ios,,2019-07-24T08:48:26-07:00,1.4703282734882452,-7.759672437934739e-08,-7.775262655940196e-10
784,1563983307.0,-122.18311631714504,37.45526452119377,POINT (-122.18311631714504 37.45526452119377),ios,,2019-07-24T08:48:27-07:00,1.4703281958915209,-7.837425064494141e-08,-1.1546319456101628e-14
785,1563983308.0,-122.18312664188515,37.45527489768597,POINT (-122.18312664188515 37.45527489768597),ios,,2019-07-24T08:48:28-07:00,1.4703281175172702,-7.837426219126087e-08,-7.775253774155999e-10
786,1563983309.0,-122.18313696662527,37.455285274178166,POINT (-122.18313696662527 37.455285274178166),ios,,2019-07-24T08:48:29-07:00,1.470328039143008,-7.915178756867647e-08,1.5550150056498069e-09
787,1563983310.0,-122.18314729136539,37.455295650670365,POINT (-122.18314729136539 37.455295650670365),ios,,2019-07-24T08:48:30-07:00,1.4703279599912205,-7.759677256302666e-08,-7.775253774155999e-10
788,1563983311.0,-122.18315761610549,37.455306027162564,POINT (-122.18315761610549 37.455306027162564),ios,,2019-07-24T08:48:31-07:00,1.470327882394448,-7.837429794044226e-08,-1.1546319456101628e-14
789,1563983312.0,-122.1831679408456,37.45531640365476,POINT (-122.1831679408456 37.45531640365476),ios,,2019-07-24T08:48:32-07:00,1.47032780402015,-7.837430948676172e-08,-1.199040866595169e-14
790,1563983313.0,-122.18317826558572,37.45532678014696,POINT (-122.18317826558572 37.45532678014696),ios,,2019-07-24T08:48:33-07:00,1.4703277256458405,-7.837432147717038e-08,2.7705747545554313
791,1563983314.0,-122.18318859032584,37.45533715663916,POINT (-122.18318859032584 37.45533715663916),ios,,2019-07-24T08:48:34-07:00,1.470327647271519,2.77057467618111,-4.02309746946538
792,1563983315.0,-122.18319891506596,37.45534753313136,POINT (-122.18319891506596 37.45534753313136),ios,,2019-07-24T08:48:35-07:00,4.240902323452629,-1.2525227932842706,6.612572601755668
793,1563983316.0,-122.18320873233377,37.45538486777851,POINT (-122.18320873233377 37.45538486777851),ios,,2019-07-24T08:48:36-07:00,2.9883795301683587,5.360049808471397,-6.497348773789474
794,1563983317.0,-122.18323368594491,37.455366705110045,POINT (-122.18323368594491 37.455366705110045),ios,,2019-07-24T08:48:37-07:00,8.348429338639756,-1.1372989653180778,-2.273288808243196
796,1563983319.0,-122.1833527358369,37.45525001602473,POINT (-122.1833527358369 37.45525001602473),android,,2019-07-24T08:48:39-07:00,6.0738314080036,-5.68387658180447,5.835001883569855
797,1563983320.0,-122.18341937545846,37.455263626572425,POINT (-122.18341937545846 37.455263626572425),android,,2019-07-24T08:48:40-07:00,0.38995482619912974,0.1511253017653844,-0.02158933805420706
804,1563983327.0,-122.18340564458491,37.455285622628665,POINT (-122.18340564458491 37.455285622628665),ios,,2019-07-24T08:48:47-07:00,1.4478319385568206,-6.461406498736721e-08,1.3535221832228217e-09
805,1563983328.0,-122.18341475044436,37.45529645252706,POINT (-122.18341475044436 37.45529645252706),ios,,2019-07-24T08:48:48-07:00,1.4478318739427556,-6.326054280414439e-08,-2.7070732322442836e-09
806,1563983329.0,-122.1834238563038,37.45530728242545,POINT (-122.1834238563038 37.45530728242545),ios,,2019-07-24T08:48:49-07:00,1.4478318106822128,-6.596761603638868e-08,-0.603830453189972
807,1563983330.0,-122.18343296216327,37.45531811232385,POINT (-122.18343296216327 37.45531811232385),ios,,2019-07-24T08:48:50-07:00,1.4478317447145967,-0.603830519157588,5.693226824084425
808,1563983331.0,-122.18344206802271,37.455328942222245,POINT (-122.18344206802271 37.455328942222245),ios,,2019-07-24T08:48:51-07:00,0.8440012255570087,5.0893963049268365,-6.125456242024784
809,1563983332.0,-122.18344737620637,37.455335255419804,POINT (-122.18344737620637 37.455335255419804),ios,,2019-07-24T08:48:52-07:00,5.9333975304838456,-1.0360599370979475,0.29047279661103875
810,1563983333.0,-122.18347945269643,37.45538214838288,POINT (-122.18347945269643 37.45538214838288),ios,,2019-07-24T08:48:53-07:00,4.897337593385898,-0.7455871404869088,0.04992868813297946
811,1563983334.0,-122.18350484722694,37.45542130690448,POINT (-122.18350484722694 37.45542130690448),ios,,2019-07-24T08:48:54-07:00,4.151750452898989,-0.6956584523539293,0.22421168900142385
812,1563983335.0,-122.18352452400238,37.45545522021744,POINT (-122.18352452400238 37.45545522021744),ios,,2019-07-24T08:48:55-07:00,3.45609200054506,-0.47144676335250546,0.07774228563380037
813,1563983336.0,-122.18353881341135,37.455484157765426,POINT (-122.18353881341135 37.455484157765426),ios,,2019-07-24T08:48:56-07:00,2.9846452371925545,-0.3937044777187051,0.07183872311860506
814,1563983337.0,-122.18354908527895,37.45550973080546,POINT (-122.18354908527895 37.45550973080546),ios,,2019-07-24T08:48:57-07:00,2.5909407594738494,-0.32186575460010003,39.288600072333516
815,1563983338.0,-122.18355602697443,37.455532370723944,POINT (-122.18355602697443 37.455532370723944),ios,,2019-07-24T08:48:58-07:00,2.2690750048737494,38.96673431773342,-76.5860207282315
816,1563983339.0,-122.18356015242854,37.45555251250708,POINT (-122.18356015242854 37.45555251250708),ios,,2019-07-24T08:48:59-07:00,41.23580932260717,-37.619286410498084,42.52834276173767
817,1563983340.0,-122.18400500922841,37.45566572693,POINT (-122.18400500922841 37.45566572693),ios,,2019-07-24T08:49:00-07:00,3.6165229121090845,4.9090563512395855,-0.04871834179565336
918,1563983441.0,-122.18711725456485,37.45783073804546,POINT (-122.18711725456485 37.45783073804546),android,,2019-07-24T08:50:41-07:00,499.4312143873072,-0.011496170121404248,-377.2633084438237
919,1563983442.0,-122.1916090091297,37.46056217609091,POINT (-122.1916090091297 37.46056217609091),android,,2019-07-24T08:50:42-07:00,499.4197182171858,-377.2748046139451,371.6111162900943
920,1563983443.0,-122.19610076369455,37.46329361413637,POINT (-122.19610076369455 37.46329361413637),android,,2019-07-24T08:50:43-07:00,122.14491360324067,-5.663688323850785,0.5663493474104164
921,1563983453.0,-122.20695120682002,37.470112490295904,POINT (-122.20695120682002 37.470112490295904),ios,,2019-07-24T08:50:53-07:00,65.50803036473282,-0.00019484974662020704,-2.2332642402034253e-09
922,1563983454.0,-122.20752035065814,37.470490680980646,POINT (-122.20752035065814 37.470490680980646),ios,,2019-07-24T08:50:54-07:00,65.5078355149862,-0.00019485197988444725,-8.172378329618368e-10
923,1563983455.0,-122.20808949449628,37.47086887166539,POINT (-122.20808949449628 37.47086887166539),ios,,2019-07-24T08:50:55-07:00,65.50764066300631,-0.0001948527971222802,55.59462753469546
924,1563983456.0,-122.20865863833441,37.47124706235013,POINT (-122.20865863833441 37.47124706235013),ios,,2019-07-24T08:50:56-07:00,65.50744581020919,55.59443268189834,-162.08416015087062
925,1563983457.0,-122.20922778217256,37.471625253034865,POINT (-122.20922778217256 37.471625253034865),ios,,2019-07-24T08:50:57-07:00,121.10187849210753,-106.48972746897229,113.99977826995713
926,1563983458.0,-122.2100687,37.4724859,POINT (-122.2100687 37.4724859),android,,2019-07-24T08:50:58-07:00,14.612151023135239,7.5100508009848435,-3.7550453709881837
928,1563983460.0,-122.21037423470256,37.47238453469043,POINT (-122.21037423470256 37.47238453469043),ios,,2019-07-24T08:51:00-07:00,29.632252625104925,-3.99409915239346e-05,-5.771916278263234e-10
929,1563983461.0,-122.21063247001315,37.47255486701524,POINT (-122.21063247001315 37.47255486701524),ios,,2019-07-24T08:51:01-07:00,29.6322126841134,-3.9941568715562425e-05,2.7757174336784374e-09
930,1563983462.0,-122.21089070532375,37.47272519934005,POINT (-122.21089070532375 37.47272519934005),ios,,2019-07-24T08:51:02-07:00,29.632172742544686,-3.993879299812875e-05,-3.011127347463116e-09
931,1563983463.0,-122.21114894063433,37.472895531664854,POINT (-122.21114894063433 37.472895531664854),ios,,2019-07-24T08:51:03-07:00,29.632132803751688,-3.994180412547621e-05,3.873061871217942e-10
932,1563983464.0,-122.21140717594494,37.47306586398966,POINT (-122.21140717594494 37.47306586398966),ios,,2019-07-24T08:51:04-07:00,29.632092861947562,-3.994141681928909e-05,8.012115415567678e-10
933,1563983465.0,-122.21166541125554,37.47323619631447,POINT (-122.21166541125554 37.47323619631447),ios,,2019-07-24T08:51:05-07:00,29.632052920530743,-3.994061560774753e-05,-14.925330702013648
934,1563983466.0,-122.21192364656612,37.47340652863928,POINT (-122.21192364656612 37.47340652863928),ios,,2019-07-24T08:51:06-07:00,29.632012979915135,-14.925370642629256,30.813195054484513
935,1563983467.0,-122.21218188187672,37.47357686096409,POINT (-122.21218188187672 37.47357686096409),ios,,2019-07-24T08:51:07-07:00,14.70664233728588,15.887824411855258,-13.43366225749036
936,1563983468.0,-122.21231004658102,37.47366139855886,POINT (-122.21231004658102 37.47366139855886),ios,,2019-07-24T08:51:08-07:00,30.594466749141137,2.454162154364898,-7.82905014097172
937,1563983469.0,-122.21257666997029,37.47383726367053,POINT (-122.21257666997029 37.47383726367053),ios,,2019-07-24T08:51:09-07:00,33.048628903506035,-5.374887986606822,3.6317458974401866
938,1563983470.0,-122.21286468120694,37.474027236232374,POINT (-122.21286468120694 37.474027236232374),ios,,2019-07-24T08:51:10-07:00,27.673740916899213,-1.7431420891666356,-7.965107795731527
939,1563983471.0,-122.21310585185809,37.47418631268706,POINT (-122.21310585185809 37.47418631268706),ios,,2019-07-24T08:51:11-07:00,25.930598827732577,-9.708249884898162,178.56083448388577
940,1563983472.0,-122.21333183167944,37.474335369251946,POINT (-122.21333183167944 37.474335369251946),ios,,2019-07-24T08:51:12-07:00,16.222348942834415,168.85258459898762,-318.07295538104995
941,1563983473.0,-122.21347320624064,37.474428620084375,POINT (-122.21347320624064 37.474428620084375),ios,,2019-07-24T08:51:13-07:00,185.07493354182202,-149.22037078206233,149.28869690706074
942,1563983474.0,-122.2149913,37.475577,POINT (-122.2149913 37.475577),android,,2019-07-24T08:51:14-07:00,35.854562759759695,0.06832612499839996,-3.311266203973986
943,1563983475.0,-122.2153193,37.4757673,POINT (-122.2153193 37.4757673),android,,2019-07-24T08:51:15-07:00,35.922888884758095,-3.242940078975586,5.201098676402147
944,1563983476.0,-122.2156092,37.4759941,POINT (-122.2156092 37.4759941),android,,2019-07-24T08:51:16-07:00,32.67994880578251,1.9581585974265607,-7.644666347112459
945,1563983477.0,-122.2158823,37.4761926,POINT (-122.2158823 37.4761926),android,,2019-07-24T08:51:17-07:00,34.63810740320907,-5.686507749685898,11.17593286563094
946,1563983478.0,-122.2161913,37.4763847,POINT (-122.2161913 37.4763847),android,,2019-07-24T08:51:18-07:00,28.95159965352317,5.489425115945043,-8.178616316635132
947,1563983479.0,-122.2164233,37.4765688,POINT (-122.2164233 37.4765688),android,,2019-07-24T08:51:19-07:00,34.441024769468214,-2.6891912006900895,1.437141868635787
948,1563983480.0,-122.2167367,37.4767534,POINT (-122.2167367 37.4767534),android,,2019-07-24T08:51:20-07:00,31.751833568778125,-1.2520493320543025,0.22092612859450314
949,1563983485.0,-122.2181729,37.4776133,POINT (-122.2181729 37.4776133),android,,2019-07-24T08:51:25-07:00,25.491586908506612,-0.14741868908178687,0.07598004062031652
992,1563983528.0,-122.2280982,37.4835412,POINT (-122.2280982 37.4835412),android,,2019-07-24T08:52:08-07:00,19.152583277989777,3.1197230575918233,-25.39202939254647
993,1563983529.0,-122.2282618,37.4836544,POINT (-122.2282618 37.4836544),android,,2019-07-24T08:52:09-07:00,22.2723063355816,-22.272306334954646,22.27230633464117
994,1563983530.0,-122.2284229,37.4838086,POINT (-122.2284229 37.4838086),android,,2019-07-24T08:52:10-07:00,6.269544316580244e-10,-3.134772158290122e-10,1.567386079145061e-10
996,1563983532.0,-122.22842290000001,37.4838086,POINT (-122.22842290000001 37.4838086),android,,2019-07-24T08:52:12-07:00,0.0,0.0,0.0
997,1563983533.0,-122.22842290000001,37.4838086,POINT (-122.22842290000001 37.4838086),android,,2019-07-24T08:52:13-07:00,0.0,0.0,0.0
998,1563983534.0,-122.22842290000001,37.4838086,POINT (-122.22842290000001 37.4838086),android,,2019-07-24T08:52:14-07:00,0.0,0.0,0.0
999,1563983535.0,-122.22842290000001,37.4838086,POINT (-122.22842290000001 37.4838086),android,,2019-07-24T08:52:15-07:00,0.0,0.0,0.0
1000,1563983536.0,-122.22842290000001,37.4838086,POINT (-122.22842290000001 37.4838086),android,,2019-07-24T08:52:16-07:00,0.0,0.0,0.0
1021,1563983557.0,-122.22842290000001,37.4838086,POINT (-122.22842290000001 37.4838086),android,,2019-07-24T08:52:37-07:00,0.0,0.0,0.0
1022,1563983558.0,-122.22842290000001,37.4838086,POINT (-122.22842290000001 37.4838086),android,,2019-07-24T08:52:38-07:00,0.0,0.0,0.0
1023,1563983559.0,-122.22842290000001,37.4838086,POINT (-122.22842290000001 37.4838086),android,,2019-07-24T08:52:39-07:00,0.0,0.0,0.0
1024,1563983560.0,-122.22842290000001,37.4838086,POINT (-122.22842290000001 37.4838086),android,,2019-07-24T08:52:40-07:00,0.0,0.0,0.0
1025,1563983561.0,-122.22842290000001,37.4838086,POINT (-122.22842290000001 37.4838086),android,,2019-07-24T08:52:41-07:00,0.0,0.0,0.0
1026,1563983562.0,-122.22842290000001,37.4838086,POINT (-122.22842290000001 37.4838086),android,,2019-07-24T08:52:42-07:00,0.0,0.0,0.0
1027,1563983563.0,-122.22842290000001,37.4838086,POINT (-122.22842290000001 37.4838086),android,,2019-07-24T08:52:43-07:00,0.0,0.0,0.0
1028,1563983564.0,-122.22842290000001,37.4838086,POINT (-122.22842290000001 37.4838086),android,,2019-07-24T08:52:44-07:00,0.0,0.0,0.0
1029,1563983565.0,-122.22842290000001,37.4838086,POINT (-122.22842290000001 37.4838086),android,,2019-07-24T08:52:45-07:00,0.0,0.0,0.0
1030,1563983566.0,-122.22842290000001,37.4838086,POINT (-122.22842290000001 37.4838086),android,,2019-07-24T08:52:46-07:00,0.0,0.0,0.0
1031,1563983567.0,-122.22842290000001,37.4838086,POINT (-122.22842290000001 37.4838086),android,,2019-07-24T08:52:47-07:00,0.0,0.0,0.0
1032,1563983568.0,-122.22842290000001,37.4838086,POINT (-122.22842290000001 37.4838086),android,,2019-07-24T08:52:48-07:00,0.0,0.0,0.0
1033,1563983569.0,-122.22842290000001,37.4838086,POINT (-122.22842290000001 37.4838086),android,,2019-07-24T08:52:49-07:00,0.0,0.0,0.0
1034,1563983570.0,-122.22842290000001,37.4838086,POINT (-122.22842290000001 37.4838086),android,,2019-07-24T08:52:50-07:00,0.0,0.0,0.0
1035,1563983571.0,-122.22842290000001,37.4838086,POINT (-122.22842290000001 37.4838086),android,,2019-07-24T08:52:51-07:00,0.0,0.0,0.0
1036,1563983572.0,-122.22842290000001,37.4838086,POINT (-122.22842290000001 37.4838086),android,,2019-07-24T08:52:52-07:00,0.0,0.0,0.0
1037,1563983573.0,-122.22842290000001,37.4838086,POINT (-122.22842290000001 37.4838086),android,,2019-07-24T08:52:53-07:00,0.0,0.0,0.0
1038,1563983574.0,-122.22842290000001,37.4838086,POINT (-122.22842290000001 37.4838086),android,,2019-07-24T08:52:54-07:00,0.0,0.0,0.0
1039,1563983575.0,-122.22842290000001,37.4838086,POINT (-122.22842290000001 37.4838086),android,,2019-07-24T08:52:55-07:00,0.0,0.0,0.0
1040,1563983576.0,-122.22842290000001,37.4838086,POINT (-122.22842290000001 37.4838086),android,,2019-07-24T08:52:56-07:00,0.0,0.0,0.0
1041,1563983577.0,-122.22842290000001,37.4838086,POINT (-122.22842290000001 37.4838086),android,,2019-07-24T08:52:57-07:00,0.0,0.0,0.0
1042,1563983578.0,-122.22842290000001,37.4838086,POINT (-122.22842290000001 37.4838086),android,,2019-07-24T08:52:58-07:00,0.0,0.0,73.20394423690284
1043,1563983579.0,-122.22842290000001,37.4838086,POINT (-122.22842290000001 37.4838086),android,,2019-07-24T08:52:59-07:00,0.0,73.20394423690284,-73.20418002697713
1044,1563983580.0,-122.22842290000001,37.4838086,POINT (-122.22842290000001 37.4838086),android,,2019-07-24T08:53:00-07:00,73.20394423690284,-0.00023579007428509158,-1.3670842236024328e-09
1045,1563983581.0,-122.22903114606765,37.484256318769226,POINT (-122.22903114606765 37.484256318769226),android,,2019-07-24T08:53:01-07:00,73.20370844682856,-0.00023579144136931518,98.21029194029151
1046,1563983582.0,-122.22963939213531,37.48470403753845,POINT (-122.22963939213531 37.48470403753845),android,,2019-07-24T08:53:02-07:00,73.20347265538719,98.21005614885014,-268.32116289572224
1047,1563983583.0,-122.230247638203,37.485151756307665,POINT (-122.230247638203 37.485151756307665),android,,2019-07-24T08:53:03-07:00,171.41352880423733,-170.11110674687208,170.1111067458691
1048,1563983584.0,-122.23184829620676,37.486025350871046,POINT (-122.23184829620676 37.486025350871046),ios,,2019-07-24T08:53:04-07:00,1.302422057365254,-1.002976590669391e-09,-7.866027829095401e-10
1049,1563983585.0,-122.23184968113016,37.486037012167465,POINT (-122.23184968113016 37.486037012167465),ios,,2019-07-24T08:53:05-07:00,1.3024220563622775,-1.7895793735789312e-09,1.1764078600151606e-10
1050,1563983586.0,-122.23185106605355,37.48604867346389,POINT (-122.23185106605355 37.48604867346389),ios,,2019-07-24T08:53:06-07:00,1.302422054572698,-1.671938587577415e-09,-1.021884799001782e-09
1051,1563983587.0,-122.23185245097694,37.48606033476032,POINT (-122.23185245097694 37.48606033476032),ios,,2019-07-24T08:53:07-07:00,1.3024220529007595,-2.693823386579197e-09,1.6908459077313864e-09
1052,1563983588.0,-122.23185383590035,37.486071996056744,POINT (-122.23185383590035 37.486071996056744),ios,,2019-07-24T08:53:08-07:00,1.3024220502069361,-1.0029774788478107e-09,-5.513203227280883e-10
1053,1563983589.0,-122.23185522082375,37.48608365735316,POINT (-122.23185522082375 37.48608365735316),ios,,2019-07-24T08:53:09-07:00,1.3024220492039587,-1.554297801575899e-09,-5.882061504536296e-10
1054,1563983590.0,-122.23185660574714,37.48609531864959,POINT (-122.23185660574714 37.48609531864959),ios,,2019-07-24T08:53:10-07:00,1.3024220476496609,-2.1425039520295286e-09,4.705646983182987e-10
1055,1563983591.0,-122.23185799067056,37.486106979946015,POINT (-122.23185799067056 37.486106979946015),ios,,2019-07-24T08:53:11-07:00,1.302422045507157,-1.6719392537112299e-09,-9.04244013000266e-10
1056,1563983592.0,-122.23185937559394,37.48611864124244,POINT (-122.23185937559394 37.48611864124244),ios,,2019-07-24T08:53:12-07:00,1.3024220438352176,-2.576183266711496e-09,1.8084866937329025e-09
1057,1563983593.0,-122.23186076051734,37.48613030253887,POINT (-122.23186076051734 37.48613030253887),ios,,2019-07-24T08:53:13-07:00,1.3024220412590344,-7.676965729785934e-10,-1.2571663710048142e-09
1058,1563983594.0,-122.23186214544073,37.48614196383529,POINT (-122.23186214544073 37.48614196383529),ios,,2019-07-24T08:53:14-07:00,1.3024220404913378,-2.0248629439834076e-09,1.1764056395691114e-10
1059,1563983595.0,-122.23186353036415,37.48615362513171,POINT (-122.23186353036415 37.48615362513171),ios,,2019-07-24T08:53:15-07:00,1.3024220384664749,-1.9072223800264965e-09,4.705635880952741e-10
1060,1563983596.0,-122.23186491528755,37.48616528642814,POINT (-122.23186491528755 37.48616528642814),ios,,2019-07-24T08:53:16-07:00,1.3024220365592525,-1.4366587919312224e-09,-1.3748071570063303e-09
1061,1563983597.0,-122.23186630021092,37.486176947724566,POINT (-122.23186630021092 37.486176947724566),ios,,2019-07-24T08:53:17-07:00,1.3024220351225937,-2.8114659489375526e-09,1.8084862496436926e-09
1062,1563983598.0,-122.23186768513435,37.48618860902099,POINT (-122.23186768513435 37.48618860902099),ios,,2019-07-24T08:53:18-07:00,1.3024220323111277,-1.00297969929386e-09,-7.866023388203303e-10
1063,1563983599.0,-122.23186907005774,37.48620027031741,POINT (-122.23186907005774 37.48620027031741),ios,,2019-07-24T08:53:19-07:00,1.302422031308148,-1.7895820381141903e-09,1.1764056395691114e-10
1064,1563983600.0,-122.23187045498113,37.48621193161384,POINT (-122.23187045498113 37.48621193161384),ios,,2019-07-24T08:53:20-07:00,1.302422029518566,-1.6719414741572791e-09,-1.0218843549125722e-09
1065,1563983601.0,-122.23187183990453,37.486223592910264,POINT (-122.23187183990453 37.486223592910264),ios,,2019-07-24T08:53:21-07:00,1.3024220278466245,-2.6938258290698514e-09,1.6908454636421766e-09
1066,1563983602.0,-122.23187322482794,37.48623525420669,POINT (-122.23187322482794 37.48623525420669),ios,,2019-07-24T08:53:22-07:00,1.3024220251527987,-1.0029803654276748e-09,-6.68961996908024e-10
1067,1563983603.0,-122.23187460975133,37.48624691550311,POINT (-122.23187460975133 37.48624691550311),ios,,2019-07-24T08:53:23-07:00,1.3024220241498183,-1.6719423623356988e-09,-2.352813499584272e-10
1068,1563983604.0,-122.23187599467472,37.486258576799536,POINT (-122.23187599467472 37.486258576799536),ios,,2019-07-24T08:53:24-07:00,1.302422022477876,-1.907223712294126e-09,1.1764056395691114e-10
1069,1563983605.0,-122.23187737959813,37.48627023809596,POINT (-122.23187737959813 37.48627023809596),ios,,2019-07-24T08:53:25-07:00,1.3024220205706523,-1.7895831483372149e-09,-7.86603004954145e-10
1070,1563983606.0,-122.23187876452153,37.48628189939239,POINT (-122.23187876452153 37.48628189939239),ios,,2019-07-24T08:53:26-07:00,1.3024220187810691,-2.57618615329136e-09,1.6908452415975717e-09
1071,1563983607.0,-122.23188014944492,37.486293560688814,POINT (-122.23188014944492 37.486293560688814),ios,,2019-07-24T08:53:27-07:00,1.302422016204883,-8.853409116937883e-10,2.0626025174502356
1072,1563983608.0,-122.23188153436831,37.48630522198523,POINT (-122.23188153436831 37.48630522198523),ios,,2019-07-24T08:53:28-07:00,1.302422015319542,2.062602516564895,-4.8441531176872
1073,1563983609.0,-122.23188291929172,37.48631688328166,POINT (-122.23188291929172 37.48631688328166),ios,,2019-07-24T08:53:29-07:00,3.365024531884437,-2.781550601122305,2.2879206181640317
1074,1563983610.0,-122.23188649747236,37.48634701218626,POINT (-122.23188649747236 37.48634701218626),ios,,2019-07-24T08:53:30-07:00,0.583473930762132,-0.4936299829582733,0.4936299825160761
1075,1563983611.0,-122.23188711790623,37.48635223634741,POINT (-122.23188711790623 37.48635223634741),ios,,2019-07-24T08:53:31-07:00,0.08984394780385871,-4.4219723716043546e-10,8.673628482114282e-10
1076,1563983612.0,-122.23188721344128,37.4863530407694,POINT (-122.23188721344128 37.4863530407694),ios,,2019-07-24T08:53:32-07:00,0.08984394736166147,4.251656110509927e-10,-3.160411238267713e-10
1077,1563983613.0,-122.23188730897638,37.48635384519139,POINT (-122.23188730897638 37.48635384519139),ios,,2019-07-24T08:53:33-07:00,0.08984394778682708,1.0912448722422141e-10,-6.689620524191753e-10
1078,1563983614.0,-122.23188740451144,37.48635464961338,POINT (-122.23188740451144 37.48635464961338),ios,,2019-07-24T08:53:34-07:00,0.08984394789595157,-5.598375651949539e-10,9.850031901237344e-10
1079,1563983615.0,-122.23188750004651,37.486355454035376,POINT (-122.23188750004651 37.486355454035376),ios,,2019-07-24T08:53:35-07:00,0.089843947336114,4.251656249287805e-10,-8.076050939109791e-11
1080,1563983616.0,-122.23188759558161,37.48635625845736,POINT (-122.23188759558161 37.48635625845736),ios,,2019-07-24T08:53:36-07:00,0.08984394776127963,3.444051155376826e-10,-1.3748039651151345e-09
1081,1563983617.0,-122.23188769111667,37.48635706287936,POINT (-122.23188769111667 37.48635706287936),ios,,2019-07-24T08:53:37-07:00,0.08984394810568475,-1.0303988495774519e-09,1.808485430854212e-09
1082,1563983618.0,-122.23188778665177,37.48635786730135,POINT (-122.23188778665177 37.48635786730135),ios,,2019-07-24T08:53:38-07:00,0.0898439470752859,7.780865812767601e-10,-6.689621079303265e-10
1083,1563983619.0,-122.23188788218684,37.48635867172334,POINT (-122.23188788218684 37.48635867172334),ios,,2019-07-24T08:53:39-07:00,0.08984394785337248,1.091244733464336e-10,-1.0218829810115793e-09
1084,1563983620.0,-122.23188797772191,37.48635947614533,POINT (-122.23188797772191 37.48635947614533),ios,,2019-07-24T08:53:40-07:00,0.08984394796249695,-9.127585076651457e-10,1.690845075064118e-09
1085,1563983621.0,-122.231888073257,37.486360280567325,POINT (-122.231888073257 37.486360280567325),ios,,2019-07-24T08:53:41-07:00,0.08984394704973844,7.780865673989723e-10,-6.689620940525387e-10
1086,1563983622.0,-122.23188816879207,37.48636108498931,POINT (-122.23188816879207 37.48636108498931),ios,,2019-07-24T08:53:42-07:00,0.08984394782782501,1.091244733464336e-10,-1.0218829671337915e-09
1087,1563983623.0,-122.23188826432714,37.486361889411306,POINT (-122.23188826432714 37.486361889411306),ios,,2019-07-24T08:53:43-07:00,0.08984394793694948,-9.127584937873578e-10,1.6908450611863302e-09
1088,1563983624.0,-122.23188835986223,37.4863626938333,POINT (-122.23188835986223 37.4863626938333),ios,,2019-07-24T08:53:44-07:00,0.08984394702419099,7.780865673989723e-10,-6.689621079303265e-10
1089,1563983625.0,-122.2318884553973,37.48636349825529,POINT (-122.2318884553973 37.48636349825529),ios,,2019-07-24T08:53:45-07:00,0.08984394780227756,1.091244594686458e-10,-1.0218829532560036e-09
1090,1563983626.0,-122.23188855093237,37.48636430267728,POINT (-122.23188855093237 37.48636430267728),ios,,2019-07-24T08:53:46-07:00,0.08984394791140202,-9.127584937873578e-10,1.926125647866428e-09
1091,1563983627.0,-122.23188864646745,37.486365107099274,POINT (-122.23188864646745 37.486365107099274),ios,,2019-07-24T08:53:47-07:00,0.08984394699864352,1.01336715407907e-09,-1.3748038124594686e-09
1092,1563983628.0,-122.23188874200252,37.48636591152126,POINT (-122.23188874200252 37.48636591152126),ios,,2019-07-24T08:53:48-07:00,0.08984394801201068,-3.614366583803985e-10,-3.16041290360225e-10
1093,1563983629.0,-122.23188883753762,37.486366715943255,POINT (-122.23188883753762 37.486366715943255),ios,,2019-07-24T08:53:49-07:00,0.08984394765057402,-6.774779487406235e-10,1.690845075064118e-09
1094,1563983630.0,-122.23188893307268,37.48636752036525,POINT (-122.23188893307268 37.48636752036525),ios,,2019-07-24T08:53:50-07:00,0.08984394697309607,1.0133671263234945e-09,0.4404121489250494
1095,1563983631.0,-122.23188902860775,37.486368324787236,POINT (-122.23188902860775 37.486368324787236),ios,,2019-07-24T08:53:51-07:00,0.0898439479864632,0.4404121499384165,-0.3813948018706522
1096,1563983632.0,-122.23188912414285,37.48636912920923,POINT (-122.23188912414285 37.48636912920923),ios,,2019-07-24T08:53:52-07:00,0.5302560979248797,0.05901734806776429,-0.0011572138781990521
1147,1563983683.0,-122.23208724116512,37.48618356358129,POINT (-122.23208724116512 37.48618356358129),ios,,2019-07-24T08:54:43-07:00,3.5401408493808586,-5.597203873719536e-07,5.1558917135707816e-09
1148,1563983684.0,-122.23212239543213,37.48619890908443,POINT (-122.23212239543213 37.48619890908443),ios,,2019-07-24T08:54:44-07:00,3.5401402896604712,-5.545644956583828e-07,-6.254831319552068e-09
1149,1563983685.0,-122.23215754969912,37.48621425458756,POINT (-122.23215754969912 37.48621425458756),ios,,2019-07-24T08:54:45-07:00,3.5401397350959756,-5.608193269779349e-07,1.860077425419604e-09
1150,1563983686.0,-122.23219270396616,37.486229600090695,POINT (-122.23219270396616 37.486229600090695),ios,,2019-07-24T08:54:46-07:00,3.5401391742766486,-5.589592495525153e-07,4.013426035953671e-09
1151,1563983687.0,-122.23222785823317,37.486244945593825,POINT (-122.23222785823317 37.486244945593825),ios,,2019-07-24T08:54:47-07:00,3.540138615317399,-5.549458235165616e-07,-5.874007502626455e-09
1152,1563983688.0,-122.23226301250017,37.48626029109696,POINT (-122.23226301250017 37.48626029109696),ios,,2019-07-24T08:54:48-07:00,3.5401380603715755,-5.608198310191881e-07,1.8600783135980237e-09
1153,1563983689.0,-122.23229816676721,37.4862756366001,POINT (-122.23229816676721 37.4862756366001),ios,,2019-07-24T08:54:49-07:00,3.5401374995517445,-5.589597527055901e-07,3.632600442671219e-09
1154,1563983690.0,-122.23233332103422,37.48629098210323,POINT (-122.23233332103422 37.48629098210323),ios,,2019-07-24T08:54:50-07:00,3.540136940591992,-5.553271522629188e-07,-4.731539160474085e-09
1155,1563983691.0,-122.23236847530121,37.486306327606364,POINT (-122.23236847530121 37.486306327606364),ios,,2019-07-24T08:54:51-07:00,3.5401363852648395,-5.600586914233929e-07,3.367910395013496e-10
1156,1563983692.0,-122.23240362956825,37.486321673109494,POINT (-122.23240362956825 37.486321673109494),ios,,2019-07-24T08:54:52-07:00,3.540135825206148,-5.597219003838916e-07,5.1558832758757944e-09
1157,1563983693.0,-122.23243878383526,37.48633701861263,POINT (-122.23243878383526 37.48633701861263),ios,,2019-07-24T08:54:53-07:00,3.5401352654842477,-5.545660171080158e-07,-5.873999064931468e-09
1158,1563983694.0,-122.23247393810226,37.48635236411576,POINT (-122.23247393810226 37.48635236411576),ios,,2019-07-24T08:54:54-07:00,3.5401347109182306,-5.604400161729473e-07,7.176126359809132e-10
1159,1563983695.0,-122.2325090923693,37.4863677096189,POINT (-122.2325090923693 37.4863677096189),ios,,2019-07-24T08:54:55-07:00,3.5401341504782144,-5.597224035369663e-07,5.155878834983696e-09
1160,1563983696.0,-122.23254424663631,37.48638305512203,POINT (-122.23254424663631 37.48638305512203),ios,,2019-07-24T08:54:56-07:00,3.540133590755811,-5.545665247019826e-07,-6.254816220518933e-09
1161,1563983697.0,-122.2325794009033,37.48639840062516,POINT (-122.2325794009033 37.48639840062516),ios,,2019-07-24T08:54:57-07:00,3.540133036189286,-5.608213409225016e-07,1.8600760931519744e-09
1162,1563983698.0,-122.23261455517034,37.4864137461283,POINT (-122.23261455517034 37.4864137461283),ios,,2019-07-24T08:54:58-07:00,3.5401324753679453,-5.589612648293496e-07,3.6325897845301824e-09
1163,1563983699.0,-122.23264970943735,37.48642909163143,POINT (-122.23264970943735 37.48642909163143),ios,,2019-07-24T08:54:59-07:00,3.5401319164066805,-5.553286750448194e-07,-4.73152583779779e-09
1164,1563983700.0,-122.23268486370435,37.486444437134566,POINT (-122.23268486370435 37.486444437134566),ios,,2019-07-24T08:55:00-07:00,3.5401313610780054,-5.600602008826172e-07,1.816209405092195e-09
1165,1563983701.0,-122.23272001797139,37.486459782637695,POINT (-122.23272001797139 37.486459782637695),ios,,2019-07-24T08:55:01-07:00,3.5401308010178045,-5.58243991477525e-07,-1.4795893399366378e-09
1166,1563983702.0,-122.2327551722384,37.48647512814083,POINT (-122.2327551722384 37.48647512814083),ios,,2019-07-24T08:55:02-07:00,3.540130242773813,-5.597235808174617e-07,5.155873061823968e-09
1167,1563983703.0,-122.23279032650541,37.48649047364397,POINT (-122.23279032650541 37.48649047364397),ios,,2019-07-24T08:55:03-07:00,3.5401296830502322,-5.545677077556377e-07,4.1146437744097515
1168,1563983704.0,-122.2328254807724,37.4865058191471,POINT (-122.2328254807724 37.4865058191471),ios,,2019-07-24T08:55:04-07:00,3.5401291284825245,4.114643219842044,-10.60009764977333
1169,1563983705.0,-122.23286063503944,37.486521164650235,POINT (-122.23286063503944 37.486521164650235),ios,,2019-07-24T08:55:05-07:00,7.654772348324569,-6.485454429931286,17.09851109632929
1170,1563983706.0,-122.23293658905015,37.48655443184299,POINT (-122.23293658905015 37.48655443184299),ios,,2019-07-24T08:55:06-07:00,1.1693179183932827,10.613056666398002,-10.613062611688376
1171,1563983707.0,-122.23294818901554,37.486559517255735,POINT (-122.23294818901554 37.486559517255735),ios,,2019-07-24T08:55:07-07:00,11.782374584791285,-5.9452903737877705e-06,-3.4420288841374713e-10
1172,1563983708.0,-122.23304320846945,37.48663396884545,POINT (-122.23304320846945 37.48663396884545),ios,,2019-07-24T08:55:08-07:00,11.78236863950091,-5.945634576676184e-06,6.66959820705415e-10
1173,1563983709.0,-122.23313822792336,37.48670842043517,POINT (-122.23313822792336 37.48670842043517),ios,,2019-07-24T08:55:09-07:00,11.782362693866334,-5.944967616855479e-06,-3.4420111205690773e-10
1174,1563983710.0,-122.23323324737726,37.4867828720249,POINT (-122.23323324737726 37.4867828720249),ios,,2019-07-24T08:55:10-07:00,11.782356748898717,-5.945311817967536e-06,-8.993339406515588e-10
1175,1563983711.0,-122.23332826683117,37.486857323614615,POINT (-122.23332826683117 37.486857323614615),ios,,2019-07-24T08:55:11-07:00,11.7823508035869,-5.946211151908187e-06,-8.96098089159529
1176,1563983712.0,-122.23342328628507,37.48693177520433,POINT (-122.23342328628507 37.48693177520433),ios,,2019-07-24T08:55:12-07:00,11.782344857375747,-8.960986837806441,13.966725387106806
1177,1563983713.0,-122.23351830573897,37.48700622679405,POINT (-122.23351830573897 37.48700622679405),ios,,2019-07-24T08:55:13-07:00,2.8213580195693058,5.005738549300364,-0.4171601035712375
1189,1563983725.0,-122.23349328947063,37.487310056034,POINT (-122.23349328947063 37.487310056034),android,,2019-07-24T08:55:25-07:00,62.890220611173675,-0.0001826935544855246,-50.48374174705881
1190,1563983726.0,-122.23406158596084,37.48765144137867,POINT (-122.23406158596084 37.48765144137867),android,,2019-07-24T08:55:26-07:00,62.89003791761919,-50.48392444061329,40.798886853545625
1191,1563983727.0,-122.23462988245106,37.487992826723335,POINT (-122.23462988245106 37.487992826723335),android,,2019-07-24T08:55:27-07:00,12.406113477005897,-9.685037587067665,9.685037245597215
1192,1563983728.0,-122.23474198224277,37.488060177531686,POINT (-122.23474198224277 37.488060177531686),android,,2019-07-24T08:55:28-07:00,2.721075889938232,-3.4147045058219305e-07,-4.5272230408954783e-11
1193,1563983729.0,-122.23476656448553,37.488074955063375,POINT (-122.23476656448553 37.488074955063375),android,,2019-07-24T08:55:29-07:00,2.7210755484677813,-3.41515722812602e-07,-0.0897954467347919
1194,1563983730.0,-122.2347911467283,37.48808973259506,POINT (-122.2347911467283 37.48808973259506),android,,2019-07-24T08:55:30-07:00,2.7210752069520585,-0.08979578825051471,-1.3976715793108574
1195,1563983731.0,-122.23481572897107,37.488104510126746,POINT (-122.23481572897107 37.488104510126746),android,,2019-07-24T08:55:31-07:00,2.631279418701544,-1.487467367561372,1.4874673061253016
1196,1563983732.0,-122.23483949999999,37.4881188,POINT (-122.23483949999999 37.4881188),android,,2019-07-24T08:55:32-07:00,1.1438120511401717,-6.143607045316912e-08,5.23136423069559e-10
1197,1563983733.0,-122.23484983801144,37.488125006760214,POINT (-122.23484983801144 37.488125006760214),android,,2019-07-24T08:55:33-07:00,1.1438119897041013,-6.091293403009956e-08,9.53448875407048e-10
1198,1563983734.0,-122.23486017602288,37.488131213520425,POINT (-122.23486017602288 37.488131213520425),android,,2019-07-24T08:55:34-07:00,1.1438119287911672,-5.995948515469252e-08,-4.767344297107456e-10
1199,1563983735.0,-122.23487051403431,37.48813742028063,POINT (-122.23487051403431 37.48813742028063),android,,2019-07-24T08:55:35-07:00,1.143811868831682,-6.043621958440326e-08,-0.4894483911882148
1200,1563983736.0,-122.23488085204575,37.48814362704084,POINT (-122.23488085204575 37.48814362704084),android,,2019-07-24T08:55:36-07:00,1.1438118083954625,-0.4894484516244344,0.4219635274654263
1201,1563983737.0,-122.23489119005718,37.48814983380105,POINT (-122.23489119005718 37.48814983380105),android,,2019-07-24T08:55:37-07:00,0.6543633567710281,-0.06748492415900809,0.06748490724744727
1202,1563983738.0,-122.23489710556103,37.488153383336616,POINT (-122.23489710556103 37.488153383336616),android,,2019-07-24T08:55:38-07:00,0.58687843261202,-1.6911560818400062e-08,2.000203225271946e-09
1203,1563983739.0,-122.23490241112206,37.48815656667323,POINT (-122.23490241112206 37.48815656667323),android,,2019-07-24T08:55:39-07:00,0.5868784157004592,-1.4911357593128116e-08,-1.0001028893924513e-09
1204,1563983740.0,-122.23490771668308,37.48815975000985,POINT (-122.23490771668308 37.48815975000985),android,,2019-07-24T08:55:40-07:00,0.5868784007891016,-1.5911460482520567e-08,25.051433306206178
1205,1563983741.0,-122.23491302224411,37.488162933346466,POINT (-122.23491302224411 37.488162933346466),android,,2019-07-24T08:55:41-07:00,0.5868783848776411,25.051433290294717,-22.032701689130633
1206,1563983742.0,-122.23491832780515,37.48816611668308,POINT (-122.23491832780515 37.48816611668308),android,,2019-07-24T08:55:42-07:00,25.638311675172357,3.0187316011640846,-3.0187652834700778
1207,1563983743.0,-122.23520708355014,37.48814030609128,POINT (-122.23520708355014 37.48814030609128),ios,,2019-07-24T08:55:43-07:00,28.65704327633644,-3.368230599321009e-05,-26.431461365799965
1208,1563983744.0,-122.23542889941331,37.48832856371539,POINT (-122.23542889941331 37.48832856371539),ios,,2019-07-24T08:55:44-07:00,28.65700959403045,-26.43149504810596,26.964652715536488
1209,1563983745.0,-122.23565071527649,37.48851682133951,POINT (-122.23565071527649 37.48851682133951),ios,,2019-07-24T08:55:45-07:00,2.2255145459244896,0.5331576674305314,-0.22225111046334778
1210,1563983746.0,-122.23567491089159,37.488522477699874,POINT (-122.23567491089159 37.488522477699874),ios,,2019-07-24T08:55:46-07:00,2.758672213355021,0.3109065569671836,-2.2946054712314616
1211,1563983747.0,-122.2357061747022,37.4885228136487,POINT (-122.2357061747022 37.4885228136487),ios,,2019-07-24T08:55:47-07:00,3.0695787703222046,-1.9836989142642782,51.699628413644916
1212,1563983748.0,-122.23574062424889,37.488518958457924,POINT (-122.23574062424889 37.488518958457924),ios,,2019-07-24T08:55:48-07:00,1.0858798560579264,49.715929499380636,207.84069315552597
1213,1563983749.0,-122.23575241833615,37.488516167775565,POINT (-122.23575241833615 37.488516167775565),ios,,2019-07-24T08:55:49-07:00,50.801809355438564,257.5566226549066,-545.650809293173
1214,1563983750.0,-122.23602810034069,37.48891726846796,POINT (-122.23602810034069 37.48891726846796),ios,,2019-07-24T08:55:50-07:00,308.35843201034515,-288.09418663826636,287.83336171137785
1215,1563983751.0,-122.2387907207798,37.49061587288597,POINT (-122.2387907207798 37.49061587288597),ios,,2019-07-24T08:55:51-07:00,20.26424537207877,-0.26082492688851033,-1.8826101403918258
1216,1563983752.0,-122.2390203640666,37.490612590074186,POINT (-122.2390203640666 37.490612590074186),ios,,2019-07-24T08:55:52-07:00,20.003420445190258,-2.143435067280336,2.0792564190845404
1217,1563983753.0,-122.23917862132085,37.490741409781926,POINT (-122.23917862132085 37.490741409781926),ios,,2019-07-24T08:55:53-07:00,17.859985377909922,-0.06417864819579577,0.034325828231434485
1218,1563983754.0,-122.23933108923636,37.49084706589833,POINT (-122.23933108923636 37.49084706589833),ios,,2019-07-24T08:55:54-07:00,17.795806729714126,-0.029852819964361288,-0.3724300459026715
1219,1563983755.0,-122.23948305437264,37.49095230155078,POINT (-122.23948305437264 37.49095230155078),ios,,2019-07-24T08:55:55-07:00,17.765953909749765,-0.40228286586703277,1.2292871277205073
1220,1563983756.0,-122.23963803638087,37.491054310055084,POINT (-122.23963803638087 37.491054310055084),ios,,2019-07-24T08:55:56-07:00,17.363671043882732,0.8270042618534745,-1.4007534398276356
1221,1563983757.0,-122.23978631335136,37.49115698881884,POINT (-122.23978631335136 37.49115698881884),ios,,2019-07-24T08:55:57-07:00,18.190675305736207,-0.573749177974161,0.3077964724682367
1222,1563983758.0,-122.23994858700961,37.49125790750987,POINT (-122.23994858700961 37.49125790750987),ios,,2019-07-24T08:55:58-07:00,17.616926127762046,-0.2659527055059243,0.34645455288912785
1223,1563983759.0,-122.2401047428392,37.491356646861,POINT (-122.2401047428392 37.491356646861),ios,,2019-07-24T08:55:59-07:00,17.35097342225612,0.08050184738320354,-1.0309195768293336
1224,1563983760.0,-122.2402577973708,37.49145463188051,POINT (-122.2402577973708 37.49145463188051),ios,,2019-07-24T08:56:00-07:00,17.431475269639325,-0.95041772944613,1.1750212210441475
1225,1563983761.0,-122.24041286297997,37.49155177847272,POINT (-122.24041286297997 37.49155177847272),ios,,2019-07-24T08:56:01-07:00,16.481057540193195,0.2246034915980175,-0.9276073582838436
1226,1563983762.0,-122.24056122344284,37.49164184260441,POINT (-122.24056122344284 37.49164184260441),ios,,2019-07-24T08:56:02-07:00,16.705661031791212,-0.703003866685826,1.6566796725904567
1227,1563983763.0,-122.24070807489153,37.4917366839744,POINT (-122.24070807489153 37.4917366839744),ios,,2019-07-24T08:56:03-07:00,16.002657165105386,0.9536758059046306,5.410236296306373
1228,1563983764.0,-122.24084830483197,37.49182796333337,POINT (-122.24084830483197 37.49182796333337),ios,,2019-07-24T08:56:04-07:00,16.956332971010017,6.363912102211003,5.161460216074058
1229,1563983765.0,-122.24099892793146,37.49192267910956,POINT (-122.24099892793146 37.49192267910956),ios,,2019-07-24T08:56:05-07:00,23.32024507322102,11.525372318285061,-28.04132778318114
1230,1563983766.0,-122.24120696571576,37.492052053154225,POINT (-122.24120696571576 37.492052053154225),ios,,2019-07-24T08:56:06-07:00,34.84561739150608,-16.515955464896077,16.513328991498746
1231,1563983767.0,-122.24143093068108,37.49231017208447,POINT (-122.24143093068108 37.49231017208447),ios,,2019-07-24T08:56:07-07:00,18.329661926610004,-0.0026264733973313525,-0.10160820322043307
1232,1563983768.0,-122.24159312206133,37.49241318870567,POINT (-122.24159312206133 37.49241318870567),ios,,2019-07-24T08:56:08-07:00,18.327035453212673,-0.10423467661776442,-0.07601046080685947
1233,1563983769.0,-122.24175162413155,37.492519722795336,POINT (-122.24175162413155 37.492519722795336),ios,,2019-07-24T08:56:09-07:00,18.22280077659491,-0.1802451374246239,-0.18743078142771807
1234,1563983770.0,-122.24190920429919,37.49262567031185,POINT (-122.24190920429919 37.49262567031185),ios,,2019-07-24T08:56:10-07:00,18.042555639170285,-0.36767591885234197,0.1598963952216934
1235,1563983771.0,-122.24206318019367,37.49273245595273,POINT (-122.24206318019367 37.49273245595273),ios,,2019-07-24T08:56:11-07:00,17.674879720317943,-0.20777952363064855,0.12626305709098062
1236,1563983772.0,-122.24221162424443,37.492839199846294,POINT (-122.24221162424443 37.492839199846294),ios,,2019-07-24T08:56:12-07:00,17.467100196687294,-0.08151646653966793,-0.1614817193600402
1237,1563983773.0,-122.2423624984876,37.49294091427006,POINT (-122.2423624984876 37.49294091427006),ios,,2019-07-24T08:56:13-07:00,17.385583730147626,-0.24299818589970812,-11.391795632193775
1238,1563983774.0,-122.2425116129106,37.49304313182006,POINT (-122.2425116129106 37.49304313182006),ios,,2019-07-24T08:56:14-07:00,17.14258554424792,-11.634793818093483,16.045156511262373
1239,1563983775.0,-122.24265854796074,37.49314400822161,POINT (-122.24265854796074 37.49314400822161),ios,,2019-07-24T08:56:15-07:00,5.507791726154435,4.41036269316889,-1.1904959536203101
1240,1563983776.0,-122.2427056583812,37.49317650948661,POINT (-122.2427056583812 37.49317650948661),ios,,2019-07-24T08:56:16-07:00,9.918154419323326,3.2198667395485803,-1.0963646987103672
1241,1563983777.0,-122.24279052618097,37.4932350053913,POINT (-122.24279052618097 37.4932350053913),ios,,2019-07-24T08:56:17-07:00,13.138021158871906,2.123502040838213,-0.909860762014203
1242,1563983778.0,-122.24290292933148,37.49331250673968,POINT (-122.24290292933148 37.49331250673968),ios,,2019-07-24T08:56:18-07:00,15.261523199710119,1.21364127882401,-9.506938000429493
1243,1563983779.0,-122.2430334869858,37.49340254688148,POINT (-122.2430334869858 37.49340254688148),ios,,2019-07-24T08:56:19-07:00,16.47516447853413,-8.293296721605483,15.903822406673257
1244,1563983780.0,-122.24317439274493,37.49349977867305,POINT (-122.24317439274493 37.49349977867305),ios,,2019-07-24T08:56:20-07:00,8.181867756928646,7.610525685067774,-7.005620509787224
1269,1563983805.0,-122.24485127286583,37.49477011272936,POINT (-122.24485127286583 37.49477011272936),android,,2019-07-24T08:56:45-07:00,198.44500988362302,-167.52998705961284,169.18587913658413
1270,1563983806.0,-122.2465753638211,37.49591635030581,POINT (-122.2465753638211 37.49591635030581),android,,2019-07-24T08:56:46-07:00,30.915022824010187,1.6558920769712893,-1.6131217610644566
1336,1563983947.0,-122.28039886224894,37.52449779550101,POINT (-122.28039886224894 37.52449779550101),android,,2019-07-24T08:59:07-07:00,264.39580567696197,-225.79427623311707,238.92105756198063
1337,1563983948.0,-122.28240072781117,37.52626786937627,POINT (-122.28240072781117 37.52626786937627),android,,2019-07-24T08:59:08-07:00,38.6015294438449,13.12678132886355,-13.126897066394129
1338,1563983949.0,-122.28269299999998,37.5265263,POINT (-122.28269299999998 37.5265263),android,,2019-07-24T08:59:09-07:00,51.728310772708454,-0.0001157375305780306,2.6407320774524123e-09
1339,1563983950.0,-122.28311409965372,37.526850158682535,POINT (-122.28311409965372 37.526850158682535),android,,2019-07-24T08:59:10-07:00,51.728195035177876,-0.00011573488984595315,-3.5075089499514434e-09
1340,1563983951.0,-122.28353519930742,37.52717401736507,POINT (-122.28353519930742 37.52717401736507),android,,2019-07-24T08:59:11-07:00,51.72807930028803,-0.0001157383973549031,1.7411068142791919e-09
1341,1563983952.0,-122.28395629896114,37.52749787604761,POINT (-122.28395629896114 37.52749787604761),android,,2019-07-24T08:59:12-07:00,51.727963561890675,-0.00011573665624808882,-45.74927594044992
1342,1563983953.0,-122.28437739861485,37.527821734730146,POINT (-122.28437739861485 37.527821734730146),android,,2019-07-24T08:59:13-07:00,51.72784782523443,-45.74939167710617,43.7837418635135
1343,1563983954.0,-122.28479849826857,37.52814559341268,POINT (-122.28479849826857 37.52814559341268),android,,2019-07-24T08:59:14-07:00,5.978456148128258,-1.965649813592666,1.9656491164616172
1344,1563983955.0,-122.2848471706826,37.528183020481826,POINT (-122.2848471706826 37.528183020481826),android,,2019-07-24T08:59:15-07:00,4.0128063345355915,-6.971310488879112e-07,-6.997700197075574e-10
1345,1563983956.0,-122.28487984136521,37.52820814096366,POINT (-122.28487984136521 37.52820814096366),android,,2019-07-24T08:59:16-07:00,4.012805637404543,-6.978308189076188e-07,-0.08025599878923195
1346,1563983957.0,-122.28491251204782,37.52823326144549,POINT (-122.28491251204782 37.52823326144549),android,,2019-07-24T08:59:17-07:00,4.012804939573724,-0.08025669662005086,-2.5610566270669155
1347,1563983958.0,-122.28494518273041,37.52825838192733,POINT (-122.28494518273041 37.52825838192733),android,,2019-07-24T08:59:18-07:00,3.932548242953673,-2.6413133236869664,2.6413132498778493
1348,1563983959.0,-122.2849772,37.528283,POINT (-122.2849772 37.528283),android,,2019-07-24T08:59:19-07:00,1.2912349192667065,-7.380911681842406e-08,2.1437118746803208e-09
1349,1563983960.0,-122.28498769528291,37.528291097484185,POINT (-122.28498769528291 37.528291097484185),android,,2019-07-24T08:59:20-07:00,1.2912348454575897,-7.166540494374374e-08,1.101872371123136e-09
1350,1563983961.0,-122.28499819056579,37.52829919496837,POINT (-122.28499819056579 37.52829919496837),android,,2019-07-24T08:59:21-07:00,1.2912347737921848,-7.05635325726206e-08,-2.3473913923766077e-09
1351,1563983962.0,-122.28500868584868,37.528307292452546,POINT (-122.28500868584868 37.528307292452546),android,,2019-07-24T08:59:22-07:00,1.2912347032286522,-7.291092396499721e-08,-0.6153432062669294
1352,1563983963.0,-122.28501918113159,37.52831538993673,POINT (-122.28501918113159 37.52831538993673),android,,2019-07-24T08:59:23-07:00,1.2912346303177282,-0.6153432791778534,0.5017156985330321
1353,1563983964.0,-122.28502967641448,37.52832348742091,POINT (-122.28502967641448 37.52832348742091),android,,2019-07-24T08:59:24-07:00,0.6758913511398749,-0.11362758064482126,0.11362756657478779
1354,1563983965.0,-122.28503519203772,37.528327708080326,POINT (-122.28503519203772 37.528327708080326),android,,2019-07-24T08:59:25-07:00,0.5622637704950536,-1.4070033471647037e-08,-1.9375123727627397e-10
1355,1563983966.0,-122.28503978407547,37.52833121616065,POINT (-122.28503978407547 37.52833121616065),android,,2019-07-24T08:59:26-07:00,0.5622637564250201,-1.426378470892331e-08,5.481367582049756e-10
1356,1563983967.0,-122.28504437611319,37.528334724240985,POINT (-122.28504437611319 37.528334724240985),android,,2019-07-24T08:59:27-07:00,0.5622637421612354,-1.3715647950718335e-08,107.4070439263655
1357,1563983968.0,-122.28504896815092,37.52833823232131,POINT (-122.28504896815092 37.52833823232131),android,,2019-07-24T08:59:28-07:00,0.5622637284455875,107.40704391264985,287.40897448418684
1358,1563983969.0,-122.28505356018864,37.528341740401636,POINT (-122.28505356018864 37.528341740401636),android,,2019-07-24T08:59:29-07:00,107.96930764109544,394.8160183968367,-891.9832521666633
1359,1563983970.0,-122.28611609492258,37.52882421052336,POINT (-122.28611609492258 37.52882421052336),android,,2019-07-24T08:59:30-07:00,502.7853260379321,-497.1672337698267,501.54848790341447
1360,1563983971.0,-122.29045663198177,37.53175623448547,POINT (-122.29045663198177 37.53175623448547),ios,,2019-07-24T08:59:31-07:00,5.618092268105468,4.381254133587761,-3.8372955592614018
1361,1563983972.0,-122.29050265292393,37.53172129400748,POINT (-122.29050265292393 37.53172129400748),ios,,2019-07-24T08:59:32-07:00,9.999346401693229,0.5439585743263589,-0.5439589285167248
1362,1563983973.0,-122.29053061580142,37.53180844333692,POINT (-122.29053061580142 37.53180844333692),ios,,2019-07-24T08:59:33-07:00,10.543304976019588,-3.5419036592543307e-07,1.5586110180265678e-09
1363,1563983974.0,-122.29055015698508,37.5319019866686,POINT (-122.29055015698508 37.5319019866686),ios,,2019-07-24T08:59:34-07:00,10.543304621829222,-3.526317549074065e-07,-3.701892126173334e-10
1364,1563983975.0,-122.29056969816872,37.53199553000027,POINT (-122.29056969816872 37.53199553000027),ios,,2019-07-24T08:59:35-07:00,10.543304269197467,-3.5300194412002384e-07,14.71265155379644
1365,1563983976.0,-122.29058923935236,37.53208907333195,POINT (-122.29058923935236 37.53208907333195),ios,,2019-07-24T08:59:36-07:00,10.543303916195523,14.712651200794497,-2.5543409889868034
1366,1563983977.0,-122.290608780536,37.53218261666363,POINT (-122.290608780536 37.53218261666363),ios,,2019-07-24T08:59:37-07:00,25.25595511699002,12.158310211807693,-12.104990788537734
1367,1563983991.0,-122.29378712193467,37.53412140499267,POINT (-122.29378712193467 37.53412140499267),android,,2019-07-24T08:59:51-07:00,195.47229808229773,-157.31156082772057,139.67106681382626
1368,1563983992.0,-122.29501383290203,37.535585657489,POINT (-122.29501383290203 37.535585657489),android,,2019-07-24T08:59:52-07:00,38.16073725457715,-17.640494013894298,17.5155094273668
1369,1563983993.0,-122.2952793,37.5358567,POINT (-122.2952793 37.5358567),android,,2019-07-24T08:59:53-07:00,20.520243240682852,-0.12498458652749597,0.44764950406895243
1370,1563984003.0,-122.2968402,37.5372255,POINT (-122.2968402 37.5372255),android,,2019-07-24T09:00:03-07:00,19.270397375407892,4.351510454162028,-14.041484854465791
1371,1563984004.0,-122.2970344,37.537305,POINT (-122.2970344 37.537305),android,,2019-07-24T09:00:04-07:00,23.62190782956992,-9.689974400303763,15.82623365044303
1372,1563984005.0,-122.2971042,37.5375101,POINT (-122.2971042 37.5375101),android,,2019-07-24T09:00:05-07:00,13.931933429266158,6.1362592501392665,-6.446582226128653
1373,1563984006.0,-122.297183,37.5376187,POINT (-122.297183 37.5376187),android,,2019-07-24T09:00:06-07:00,20.068192679405424,-0.3103229759893864,-2.7141691507926105
1374,1563984007.0,-122.2972856,37.5377798,POINT (-122.2972856 37.5377798),android,,2019-07-24T09:00:07-07:00,19.757869703416038,-3.024492126781997,-0.9004586091844189
1375,1563984008.0,-122.2973678,37.5379451,POINT (-122.2973678 37.5379451),android,,2019-07-24T09:00:08-07:00,16.73337757663404,-3.9249507359664157,10.71401115411923
1376,1563984009.0,-122.2974851,37.5380634,POINT (-122.2974851 37.5380634),android,,2019-07-24T09:00:09-07:00,12.808426840667625,6.789060418152815,-7.650183865580775
1377,1563984010.0,-122.297565,37.5381596,POINT (-122.297565 37.5381596),android,,2019-07-24T09:00:10-07:00,19.59748725882044,-0.8611234474279605,-6.572830391016623
1378,1563984011.0,-122.2976146,37.5383314,POINT (-122.2976146 37.5383314),android,,2019-07-24T09:00:11-07:00,18.73636381139248,-7.433953838444584,13.896178370991791
1379,1563984012.0,-122.2976143,37.5384999,POINT (-122.2976143 37.5384999),android,,2019-07-24T09:00:12-07:00,11.302409972947896,6.462224532547207,-5.279619956459744
1380,1563984013.0,-122.2976709,37.5385911,POINT (-122.2976709 37.5385911),android,,2019-07-24T09:00:13-07:00,17.764634505495103,1.1826045760874635,-4.056915741939626
1381,1563984014.0,-122.2978085,37.5387078,POINT (-122.2978085 37.5387078),android,,2019-07-24T09:00:14-07:00,18.947239081582566,-2.8743111658521627,2.8743027456856503
1382,1563984015.0,-122.2979193,37.5388538,POINT (-122.2979193 37.5388538),android,,2019-07-24T09:00:15-07:00,16.072927915730403,-8.420166512479454e-06,-15.037254252608422
1383,1563984016.0,-122.29802405000001,37.538972099999995,POINT (-122.29802405000001 37.538972099999995),android,,2019-07-24T09:00:16-07:00,16.07291949556389,-15.037262672774935,15.087398731661647
1384,1563984017.0,-122.2981288,37.5390904,POINT (-122.2981288 37.5390904),android,,2019-07-24T09:00:17-07:00,1.0356568227889558,0.05013605888671315,-0.006289338521980621
1390,1563984057.0,-122.2984079,37.5393901,POINT (-122.2984079 37.5393901),android,,2019-07-24T09:00:57-07:00,3.041099178257482,-0.20143748199251169,0.769776840180619
1393,1563984060.0,-122.298492,37.5393423,POINT (-122.298492 37.5393423),android,,2019-07-24T09:01:00-07:00,2.436786732279947,2.1078930385493453,-2.703987620354437
1394,1563984061.0,-122.2985191,37.539338,POINT (-122.2985191 37.539338),android,,2019-07-24T09:01:01-07:00,4.544679770829292,-0.5960945818050918,-1.0846443260181147
1396,1563984063.0,-122.2986063,37.5392944,POINT (-122.2986063 37.5392944),android,,2019-07-24T09:01:03-07:00,3.3524906072191087,-2.765383233841321,2.9385771188854295
1397,1563984064.0,-122.2986415,37.539283,POINT (-122.2986415 37.539283),android,,2019-07-24T09:01:04-07:00,0.5871073733777878,0.1731938850441086,-0.21285832290881757
1398,1563984065.0,-122.2986481,37.5392837,POINT (-122.2986481 37.5392837),android,,2019-07-24T09:01:05-07:00,0.7603012584218964,-0.03966443786470897,0.8358117673503287
1399,1563984066.0,-122.2986567,37.5392842,POINT (-122.2986567 37.5392842),android,,2019-07-24T09:01:06-07:00,0.7206368205571875,0.7961473294856197,-2.0450497611996243
1400,1563984067.0,-122.2986619,37.5392892,POINT (-122.2986619 37.5392892),android,,2019-07-24T09:01:07-07:00,1.5167841500428072,-1.2489024317140047,1.2489024381150566
1401,1563984068.0,-122.2986761,37.5392969,POINT (-122.2986761 37.5392969),android,,2019-07-24T09:01:08-07:00,0.26788171832880253,6.401051966253846e-09,-7.608393137736869e-09
1402,1563984069.0,-122.29867895833331,37.53929608333333,POINT (-122.29867895833331 37.53929608333333),android,,2019-07-24T09:01:09-07:00,0.2678817247298545,-1.2073411714830229e-09,6.429604848534609e-09
1403,1563984070.0,-122.29868181666667,37.53929526666666,POINT (-122.29868181666667 37.53929526666666),android,,2019-07-24T09:01:10-07:00,0.2678817235225133,5.222263677051586e-09,-4.07202827013009e-09
1404,1563984071.0,-122.29868467499999,37.53929445,POINT (-122.29868467499999 37.53929445),android,,2019-07-24T09:01:11-07:00,0.267881728744777,1.150235406921496e-09,2.678314792170511e-10
1405,1563984072.0,-122.29868753333334,37.53929363333333,POINT (-122.29868753333334 37.53929363333333),android,,2019-07-24T09:01:12-07:00,0.2678817298950124,1.418066886138547e-09,3.804196735401888e-09
1406,1563984073.0,-122.29869039166667,37.539292816666666,POINT (-122.29869039166667 37.539292816666666),android,,2019-07-24T09:01:13-07:00,0.2678817313130793,5.222263621540435e-09,-4.072028436663544e-09
1407,1563984074.0,-122.29869324999999,37.539292,POINT (-122.29869324999999 37.539292),android,,2019-07-24T09:01:14-07:00,0.2678817365353429,1.150235184876891e-09,2.893239980927831e-09
1408,1563984075.0,-122.29869610833333,37.53929118333333,POINT (-122.29869610833333 37.53929118333333),android,,2019-07-24T09:01:15-07:00,0.2678817376855781,4.043475165804722e-09,-2.8932400919501333e-09
1409,1563984076.0,-122.29869896666666,37.53929036666667,POINT (-122.29869896666666 37.53929036666667),android,,2019-07-24T09:01:16-07:00,0.26788174172905327,1.1502350738545886e-09,2.893239980927831e-09
1410,1563984077.0,-122.29870182500001,37.53928955,POINT (-122.29870182500001 37.53928955),android,,2019-07-24T09:01:17-07:00,0.26788174287928834,4.0434750547824194e-09,-4.072028492174695e-09
1411,1563984078.0,-122.29870468333334,37.539288733333336,POINT (-122.29870468333334 37.539288733333336),android,,2019-07-24T09:01:18-07:00,0.2678817469227634,-2.8553437392275782e-11,6.518038598160688
1412,1563984079.0,-122.29870754166669,37.539287916666666,POINT (-122.29870754166669 37.539287916666666),android,,2019-07-24T09:01:19-07:00,0.26788174689420996,6.518038598132135,-6.491574566714835
1413,1563984080.0,-122.2987104,37.5392871,POINT (-122.2987104 37.5392871),android,,2019-07-24T09:01:20-07:00,6.785920345026344,0.026464031417299503,0.020113242732987924
1526,1563984314.0,-122.30876372406182,37.551135821245346,POINT (-122.30876372406182 37.551135821245346),ios,,2019-07-24T09:05:14-07:00,12.978503696674428,4.732962830936474,-1.933186640890136
1557,1563984345.0,-122.31005874254774,37.55460537884592,POINT (-122.31005874254774 37.55460537884592),ios,,2019-07-24T09:05:45-07:00,159.70035145570512,-55.19582303665774,-12.857117557428694
1558,1563984346.0,-122.31089523620034,37.55587933629467,POINT (-122.31089523620034 37.55587933629467),ios,,2019-07-24T09:05:46-07:00,104.50452841904738,-68.05294059408644,75.38071874751569
1559,1563984347.0,-122.31144262158455,37.55671298958704,POINT (-122.31144262158455 37.55671298958704),ios,,2019-07-24T09:05:47-07:00,36.45158782496094,7.32777815342925,-12.947811866490298
1560,1563984348.0,-122.31163125515423,37.55700471216717,POINT (-122.31163125515423 37.55700471216717),ios,,2019-07-24T09:05:48-07:00,43.77936597839019,-5.620033713061048,5.619966433055566
1561,1563984349.0,-122.31200540360463,37.55726363105662,POINT (-122.31200540360463 37.55726363105662),ios,,2019-07-24T09:05:49-07:00,38.15933226532914,-6.728000548150703e-05,-8.122732051736183
1562,1563984350.0,-122.3123478662959,37.557473547791034,POINT (-122.3123478662959 37.557473547791034),ios,,2019-07-24T09:05:50-07:00,38.15926498532366,-8.122799331741664,8.060352050248612
1563,1563984351.0,-122.31269032898712,37.55768346452545,POINT (-122.31269032898712 37.55768346452545),ios,,2019-07-24T09:05:51-07:00,30.036465653581995,-0.06244728149305193,-0.11082281580951173
1605,1563984393.0,-122.32200722093337,37.56629562618498,POINT (-122.32200722093337 37.56629562618498),ios,,2019-07-24T09:06:33-07:00,27.413679830873814,-4.717005545492544,4.716985894498393
1606,1563984394.0,-122.32219236012364,37.566493729629045,POINT (-122.32219236012364 37.566493729629045),ios,,2019-07-24T09:06:34-07:00,22.69667428538127,-1.965099415102145e-05,-3.2618636680581403e-09
1607,1563984395.0,-122.32235767715235,37.566650230352465,POINT (-122.32235767715235 37.566650230352465),ios,,2019-07-24T09:06:35-07:00,22.69665463438712,-1.965425601468951e-05,3.1708218273251987e-09
1608,1563984396.0,-122.3225229941811,37.566806731075886,POINT (-122.3225229941811 37.566806731075886),ios,,2019-07-24T09:06:36-07:00,22.696634980131105,-1.9651085192862183e-05,-2.4577637702805077e-09
1609,1563984397.0,-122.32268831120982,37.566963231799306,POINT (-122.32268831120982 37.566963231799306),ios,,2019-07-24T09:06:37-07:00,22.696615329045912,-1.9653542956632464e-05,2.168427215565316e-09
1610,1563984398.0,-122.32285362823856,37.56711973252273,POINT (-122.32285362823856 37.56711973252273),ios,,2019-07-24T09:06:38-07:00,22.696595675502955,-1.96513745294169e-05,-18.959502911460596
1611,1563984399.0,-122.3230189452673,37.56727623324615,POINT (-122.3230189452673 37.56727623324615),ios,,2019-07-24T09:06:39-07:00,22.696576024128426,-18.959522562835126,30.33840158349245
1612,1563984400.0,-122.32318426229604,37.567432733969575,POINT (-122.32318426229604 37.567432733969575),ios,,2019-07-24T09:06:40-07:00,3.7370534612933013,11.378879020657322,99.10310572050211
1613,1563984401.0,-122.32321148221173,37.567458502255704,POINT (-122.32321148221173 37.567458502255704),ios,,2019-07-24T09:06:41-07:00,15.115932481950624,110.48198474115944,-204.58381720908764
1614,1563984402.0,-122.3233728818452,37.5675044755102,POINT (-122.3233728818452 37.5675044755102),ios,,2019-07-24T09:06:42-07:00,125.59791722311006,-94.1018324679282,94.1018029437279
1615,1563984403.0,-122.32428031872297,37.568375393206466,POINT (-122.32428031872297 37.568375393206466),android,,2019-07-24T09:06:43-07:00,31.49608475518186,-2.95242002970042e-05,-23.05121021282402
1616,1563984404.0,-122.32447382496396,37.568613524275285,POINT (-122.32447382496396 37.568613524275285),android,,2019-07-24T09:06:44-07:00,31.496055230981565,-23.051239737024318,21.44494412121769
1617,1563984405.0,-122.32466733120496,37.568851655344105,POINT (-122.32466733120496 37.568851655344105),android,,2019-07-24T09:06:45-07:00,8.444815493957249,-1.6062956158066255,1.6062942240039089
1618,1563984406.0,-122.32471922581855,37.56891549811233,POINT (-122.32471922581855 37.56891549811233),android,,2019-07-24T09:06:46-07:00,6.838519878150623,-1.3918027166326397e-06,-6.508882322009413e-10
1619,1563984407.0,-122.3247612516371,37.568967196224655,POINT (-122.3247612516371 37.568967196224655),android,,2019-07-24T09:06:47-07:00,6.8385184863479065,-1.3924536048648406e-06,-1.3861534142733944e-09
1620,1563984408.0,-122.32480327745564,37.569018894336985,POINT (-122.32480327745564 37.569018894336985),android,,2019-07-24T09:06:48-07:00,6.838517093894302,-1.393839758279114e-06,45.16308912833801
1621,1563984409.0,-122.3248453032742,37.56907059244931,POINT (-122.3248453032742 37.56907059244931),android,,2019-07-24T09:06:49-07:00,6.838515700054543,45.16308773449825,-45.40130091871622
1622,1563984410.0,-122.32488732909272,37.56912229056164,POINT (-122.32488732909272 37.56912229056164),android,,2019-07-24T09:06:50-07:00,52.00160343455279,-0.2382131842179689,0.2381146873231117
1623,1563984411.0,-122.32525544720211,37.56948776823011,POINT (-122.32525544720211 37.56948776823011),android,,2019-07-24T09:06:51-07:00,51.76339025033482,-9.849689485719182e-05,-8.48487502480566e-10
1624,1563984412.0,-122.32562209440422,37.56985143646022,POINT (-122.32562209440422 37.56985143646022),android,,2019-07-24T09:06:52-07:00,51.763291753439965,-9.84977433446943e-05,-3.545181925801444e-10
1625,1563984413.0,-122.32598874160635,37.57021510469032,POINT (-122.32598874160635 37.57021510469032),android,,2019-07-24T09:06:53-07:00,51.76319325569662,-9.849809786288688e-05,-10.827371856184747
1626,1563984414.0,-122.32635538880847,37.57057877292043,POINT (-122.32635538880847 37.57057877292043),android,,2019-07-24T09:06:54-07:00,51.76309475759876,-10.82747035428261,3.9347640091581084
1627,1563984415.0,-122.32672203601058,37.570942441150535,POINT (-122.32672203601058 37.570942441150535),android,,2019-07-24T09:06:55-07:00,40.93562440331615,-6.892706345124502,6.892652984521064
1628,1563984416.0,-122.32707424574053,37.57118243813588,POINT (-122.32707424574053 37.57118243813588),android,,2019-07-24T09:06:56-07:00,34.042918058191646,-5.336060343807958e-05,8.025509146136756e-10
1629,1563984417.0,-122.32737659148108,37.57137297627175,POINT (-122.32737659148108 37.57137297627175),android,,2019-07-24T09:06:57-07:00,34.04286469758821,-5.3359800887164965e-05,8.025224929042452e-10
1630,1563984418.0,-122.32767893722162,37.57156351440763,POINT (-122.32767893722162 37.57156351440763),android,,2019-07-24T09:06:58-07:00,34.04281133778732,-5.335899836467206e-05,-25.877081733781882
1631,1563984419.0,-122.32798128296216,37.571754052543504,POINT (-122.32798128296216 37.571754052543504),android,,2019-07-24T09:06:59-07:00,34.042757978788956,-25.877135092780247,23.392007863238845
1632,1563984420.0,-122.3282836287027,37.57194459067938,POINT (-122.3282836287027 37.57194459067938),android,,2019-07-24T09:07:00-07:00,8.165622886008709,-2.4851272295414004,2.485125743188436
1633,1563984421.0,-122.32835616092417,37.571990283568596,POINT (-122.32835616092417 37.571990283568596),android,,2019-07-24T09:07:01-07:00,5.680495656467309,-1.486352964263915e-06,9.77081526798429e-10
1634,1563984422.0,-122.32840662184833,37.57202206713718,POINT (-122.32840662184833 37.57202206713718),android,,2019-07-24T09:07:02-07:00,5.680494170114344,-1.4853758827371166e-06,-0.0568062044594031
1635,1563984423.0,-122.32845708277247,37.57205385070578,POINT (-122.32845708277247 37.57205385070578),android,,2019-07-24T09:07:03-07:00,5.680492684738462,-0.056807689835285835,-3.3171590332914147
1636,1563984424.0,-122.32850754369663,37.572085634274366,POINT (-122.32850754369663 37.572085634274366),android,,2019-07-24T09:07:04-07:00,5.623684994903176,-3.3739667231267005,6.703250410657669
1637,1563984425.0,-122.3285575,37.5721171,POINT (-122.3285575 37.5721171),android,,2019-07-24T09:07:05-07:00,2.249718271776475,3.329283687530969,5.469754451140622
1638,1563984426.0,-122.32857747638224,37.572129695945456,POINT (-122.32857747638224 37.572129695945456),android,,2019-07-24T09:07:06-07:00,5.579001959307444,8.799038138671591,-11.626228231991334
1640,1563984428.0,-122.32861716105437,37.5722249853191,POINT (-122.32861716105437 37.5722249853191),ios,,2019-07-24T09:07:08-07:00,23.177078236650626,-14.453418325311077,18.786403751128987
1641,1563984429.0,-122.32878676718396,37.572384280939275,POINT (-122.32878676718396 37.572384280939275),ios,,2019-07-24T09:07:09-07:00,8.72365991133955,4.33298542581791,-4.332991971833414
1642,1563984430.0,-122.32885060556274,37.572444238525485,POINT (-122.32885060556274 37.572444238525485),ios,,2019-07-24T09:07:10-07:00,13.056645337157459,-6.546015503872127e-06,4.429809408179608e-09
1643,1563984431.0,-122.32894615209108,37.57253397669429,POINT (-122.32894615209108 37.57253397669429),ios,,2019-07-24T09:07:11-07:00,13.056638791141955,-6.541585694463947e-06,-2.0240786824388124e-09
1644,1563984432.0,-122.32904169861939,37.572623714863084,POINT (-122.32904169861939 37.572623714863084),ios,,2019-07-24T09:07:12-07:00,13.05663224955626,-6.543609773146386e-06,-2.0319514959510343e-09
1645,1563984433.0,-122.32913724514773,37.57271345303189,POINT (-122.32913724514773 37.57271345303189),ios,,2019-07-24T09:07:13-07:00,13.056625705946487,-6.545641724642337e-06,4.2337671146697176e-09
1646,1563984434.0,-122.32923279167609,37.572803191200684,POINT (-122.32923279167609 37.572803191200684),ios,,2019-07-24T09:07:14-07:00,13.056619160304763,-6.541407957527667e-06,3.0571274414996594
1647,1563984435.0,-122.3293283382044,37.57289292936949,POINT (-122.3293283382044 37.57289292936949),ios,,2019-07-24T09:07:15-07:00,13.056612618896805,3.057120900091702,-6.637330578826154
1648,1563984436.0,-122.32942388473276,37.57298266753829,POINT (-122.32942388473276 37.57298266753829),ios,,2019-07-24T09:07:16-07:00,16.113733518988507,-3.5802096787344517,2.8967370323370965
1649,1563984437.0,-122.3295418029251,37.57309341737752,POINT (-122.3295418029251 37.57309341737752),ios,,2019-07-24T09:07:17-07:00,12.533523840254055,-0.6834726463973553,0.6834672582880081
1650,1563984438.0,-122.32963352166219,37.57317956044992,POINT (-122.32963352166219 37.57317956044992),ios,,2019-07-24T09:07:18-07:00,11.8500511938567,-5.388109347137515e-06,-1.7343480378848142
1651,1563984439.0,-122.32972023887373,37.57326100604406,POINT (-122.32972023887373 37.57326100604406),ios,,2019-07-24T09:07:19-07:00,11.850045805747353,-1.7343534259941613,-5.3966399871233035
1652,1563984440.0,-122.3298069560853,37.57334245163821,POINT (-122.3298069560853 37.57334245163821),ios,,2019-07-24T09:07:20-07:00,10.115692379753192,-7.130993413117465,25.4149236973553
1653,1563984441.0,-122.32988098153807,37.57341197701702,POINT (-122.32988098153807 37.57341197701702),ios,,2019-07-24T09:07:21-07:00,2.984698966635727,18.283930284237833,-33.86226144292294
1654,1563984442.0,-122.32990282322123,37.57343249092458,POINT (-122.32990282322123 37.57343249092458),ios,,2019-07-24T09:07:22-07:00,21.26862925087356,-15.578331158685113,22.12966222198603
1655,1563984443.0,-122.33005846759208,37.57357866883847,POINT (-122.33005846759208 37.57357866883847),ios,,2019-07-24T09:07:23-07:00,5.6902980921884465,6.5513310633009185,-4.087986462415009
1656,1563984444.0,-122.33010011013953,37.57361777738829,POINT (-122.33010011013953 37.57361777738829),ios,,2019-07-24T09:07:24-07:00,12.241629155489365,2.4633446008859092,-7.003898486159256
1657,1563984445.0,-122.33018969701907,37.57370191188283,POINT (-122.33018969701907 37.57370191188283),ios,,2019-07-24T09:07:25-07:00,14.704973756375274,-4.540553885273347,4.540549921344441
1658,1563984446.0,-122.33029731092903,37.57380297675834,POINT (-122.33029731092903 37.57380297675834),ios,,2019-07-24T09:07:26-07:00,10.164419871101927,-3.963928906003389e-06,-3.634916367900587e-09
1659,1563984447.0,-122.33037169608316,37.57387283526371,POINT (-122.33037169608316 37.57387283526371),ios,,2019-07-24T09:07:27-07:00,10.164415907173021,-3.9675638223712895e-06,2.215150729512061e-09
1660,1563984448.0,-122.33044608123733,37.573942693769084,POINT (-122.33044608123733 37.573942693769084),ios,,2019-07-24T09:07:28-07:00,10.164411939609199,-3.965348671641777e-06,-2.4272956977711146e-09
1661,1563984449.0,-122.33052046639148,37.57401255227445,POINT (-122.33052046639148 37.57401255227445),ios,,2019-07-24T09:07:29-07:00,10.164407974260527,-3.9677759673395485e-06,3.2267948313347006e-09
1662,1563984450.0,-122.33059485154564,37.57408241077982,POINT (-122.33059485154564 37.57408241077982),ios,,2019-07-24T09:07:30-07:00,10.16440400648456,-3.964549172508214e-06,35.62128761964617
1663,1563984451.0,-122.33066923669978,37.57415226928519,POINT (-122.33066923669978 37.57415226928519),ios,,2019-07-24T09:07:31-07:00,10.164400041935387,35.621283655096995,-31.691053006309726
1664,1563984452.0,-122.33074362185394,37.57422212779056,POINT (-122.33074362185394 37.57422212779056),ios,,2019-07-24T09:07:32-07:00,45.78568369703238,3.930230648787269,-0.24567149552803058
1665,1563984468.0,-122.33797519866535,37.577471042398926,POINT (-122.33797519866535 37.577471042398926),ios,,2019-07-24T09:07:48-07:00,108.66937407762869,-0.0005132796612201673,-2.6926727514364757e-09
1666,1563984469.0,-122.33907482315631,37.57791331932101,POINT (-122.33907482315631 37.57791331932101),ios,,2019-07-24T09:07:49-07:00,108.66886079796747,-0.0005132823538929188,-4.882053872279357e-09
1667,1563984470.0,-122.34017444764726,37.57835559624309,POINT (-122.34017444764726 37.57835559624309),ios,,2019-07-24T09:07:50-07:00,108.66834751561358,-0.000513287235946791,-3.765293854485208e-09
1668,1563984471.0,-122.3412740721382,37.57879787316518,POINT (-122.3412740721382 37.57879787316518),ios,,2019-07-24T09:07:51-07:00,108.66783422837763,-0.0005132910012406455,-4.925922780785186e-09
1669,1563984472.0,-122.34237369662915,37.579240150087266,POINT (-122.34237369662915 37.579240150087266),ios,,2019-07-24T09:07:52-07:00,108.66732093737639,-0.0005132959271634263,-7.115289690773352e-09
1670,1563984473.0,-122.34347332112011,37.579682427009345,POINT (-122.34347332112011 37.579682427009345),ios,,2019-07-24T09:07:53-07:00,108.66680764144922,-0.0005133030424531171,-4.149995902480441e-10
1671,1563984474.0,-122.34457294561108,37.58012470393143,POINT (-122.34457294561108 37.58012470393143),ios,,2019-07-24T09:07:54-07:00,108.66629433840677,-0.0005133034574527073,-6.042469635758607e-09
1672,1563984475.0,-122.34567257010201,37.58056698085352,POINT (-122.34567257010201 37.58056698085352),ios,,2019-07-24T09:07:55-07:00,108.66578103494932,-0.0005133094999223431,-28.37229780408775
1673,1563984476.0,-122.34677219459297,37.5810092577756,POINT (-122.34677219459297 37.5810092577756),ios,,2019-07-24T09:07:56-07:00,108.6652677254494,-28.372811113587673,-13.95056499109878
1674,1563984477.0,-122.34787181908393,37.581451534697685,POINT (-122.34787181908393 37.581451534697685),ios,,2019-07-24T09:07:57-07:00,80.29245661186172,-42.32337610468645,42.32331170193746
1675,1563984478.0,-122.3486843318233,37.58177833319707,POINT (-122.3486843318233 37.58177833319707),ios,,2019-07-24T09:07:58-07:00,37.96908050717527,-6.440274898977805e-05,4.563936784052203e-09
1676,1563984479.0,-122.34906202854276,37.58194266947179,POINT (-122.34906202854276 37.58194266947179),ios,,2019-07-24T09:07:59-07:00,37.96901610442628,-6.4398185052994e-05,-2.0652564103329496e-09
1677,1563984480.0,-122.34943972526217,37.582107005746515,POINT (-122.34943972526217 37.582107005746515),ios,,2019-07-24T09:08:00-07:00,37.96895170624123,-6.440025030940433e-05,1.2708483154710848e-09
1678,1563984481.0,-122.3498174219816,37.582271342021244,POINT (-122.3498174219816 37.582271342021244),ios,,2019-07-24T09:08:01-07:00,37.96888730599092,-6.439897946108886e-05,-3.5001193054995383e-09
1679,1563984482.0,-122.35019511870102,37.582435678295965,POINT (-122.35019511870102 37.582435678295965),ios,,2019-07-24T09:08:02-07:00,37.96882290701146,-6.440247958039436e-05,3.085958155679691e-09
1680,1563984483.0,-122.35057281542046,37.58260001457069,POINT (-122.35057281542046 37.58260001457069),ios,,2019-07-24T09:08:03-07:00,37.96875850453188,-6.439939362223868e-05,-1.3047625202489144e-09
1681,1563984484.0,-122.35095051213987,37.58276435084541,POINT (-122.35095051213987 37.58276435084541),ios,,2019-07-24T09:08:04-07:00,37.968694105138255,-6.440069838475893e-05,-9.24494258924824e-10
1682,1563984485.0,-122.3513282088593,37.58292868712013,POINT (-122.3513282088593 37.58292868712013),ios,,2019-07-24T09:08:05-07:00,37.96862970443987,-6.440162287901785e-05,-35.04013448948153
1683,1563984486.0,-122.35170590557873,37.58309302339485,POINT (-122.35170590557873 37.58309302339485),ios,,2019-07-24T09:08:06-07:00,37.96856530281699,-35.04019889110441,42.32115815501407
1684,1563984487.0,-122.35208360229814,37.58325735966958,POINT (-122.35208360229814 37.58325735966958),ios,,2019-07-24T09:08:07-07:00,2.9283664117125796,7.280959263909655,-3.6023684614392697
1686,1563984489.0,-122.35214314133212,37.58328076920774,POINT (-122.35214314133212 37.58328076920774),ios,,2019-07-24T09:08:09-07:00,17.49028493953189,0.0762223410311158,0.551897742666867
1687,1563984490.0,-122.3523309734858,37.58333161011113,POINT (-122.3523309734858 37.58333161011113),ios,,2019-07-24T09:08:10-07:00,17.566507280563005,0.6281200836979828,32.15907591247692
1688,1563984491.0,-122.35237196099231,37.58348621431513,POINT (-122.35237196099231 37.58348621431513),ios,,2019-07-24T09:08:11-07:00,18.194627364260988,32.7871959961749,-39.08651108514783
1689,1563984492.0,-122.35252895403872,37.583592496847345,POINT (-122.35252895403872 37.583592496847345),ios,,2019-07-24T09:08:12-07:00,50.98182336043589,-6.299315088972935,1.6305580578997818
1690,1563984495.0,-122.35413987200926,37.58410458922161,POINT (-122.35413987200926 37.58410458922161),ios,,2019-07-24T09:08:15-07:00,32.083878093517086,-1.4076409152735891,9.00247955561877
1691,1563984496.0,-122.35447380703161,37.584219588933124,POINT (-122.35447380703161 37.584219588933124),ios,,2019-07-24T09:08:16-07:00,30.676237178243497,7.594838640345181,-11.15790816506209
1692,1563984497.0,-122.35479759995113,37.58432092614247,POINT (-122.35479759995113 37.58432092614247),ios,,2019-07-24T09:08:17-07:00,38.27107581858868,-3.5630695247169086,11.620024843981888
1693,1563984498.0,-122.35518677171538,37.584473728237285,POINT (-122.35518677171538 37.584473728237285),ios,,2019-07-24T09:08:18-07:00,34.70800629387177,8.05695531926498,-14.73973470583011
1694,1563984499.0,-122.35555171977947,37.58459115870072,POINT (-122.35555171977947 37.58459115870072),ios,,2019-07-24T09:08:19-07:00,42.76496161313675,-6.68277938656513,9.506596260873735
1695,1563984500.0,-122.35599160205791,37.5847536418937,POINT (-122.35599160205791 37.5847536418937),ios,,2019-07-24T09:08:20-07:00,36.08218222657162,2.823816874308605,-7.37657662835565
1696,1563984501.0,-122.35634816821883,37.58491319142057,POINT (-122.35634816821883 37.58491319142057),ios,,2019-07-24T09:08:21-07:00,38.90599910088022,-4.552759754047045,3.272468199797032
1697,1563984502.0,-122.35672057617674,37.58510115559919,POINT (-122.35672057617674 37.58510115559919),ios,,2019-07-24T09:08:22-07:00,34.35323934683318,-1.280291554250013,8.424500324254169
1698,1563984503.0,-122.35706415038774,37.58524716835244,POINT (-122.35706415038774 37.58524716835244),ios,,2019-07-24T09:08:23-07:00,33.072947792583165,7.144208770004155,-7.571502697365069
1699,1563984504.0,-122.35739515174399,37.5853873975925,POINT (-122.35739515174399 37.5853873975925),ios,,2019-07-24T09:08:24-07:00,40.21715656258732,-0.427293927360914,1.5085686735985178
1700,1563984505.0,-122.3578458,37.5853301,POINT (-122.3578458 37.5853301),android,,2019-07-24T09:08:25-07:00,39.789862635226406,1.0812747462376038,-8.272861982649104
1701,1563984506.0,-122.3581957,37.5855563,POINT (-122.3581957 37.5855563),android,,2019-07-24T09:08:26-07:00,40.87113738146401,-7.1915872364115,4.852206725795877
1702,1563984507.0,-122.3585036,37.5858312,POINT (-122.3585036 37.5858312),android,,2019-07-24T09:08:27-07:00,33.67955014505251,-2.339380510615623,5.131248656019686
1703,1563984508.0,-122.3588572,37.5859462,POINT (-122.3588572 37.5859462),android,,2019-07-24T09:08:28-07:00,31.340169634436887,2.791868145404063,-4.457178006689237
1704,1563984509.0,-122.3591373,37.5861199,POINT (-122.3591373 37.5861199),android,,2019-07-24T09:08:29-07:00,34.13203777984095,-1.6653098612851736,1.845372630858833
1705,1563984510.0,-122.359484,37.5862568,POINT (-122.359484 37.5862568),android,,2019-07-24T09:08:30-07:00,32.466727918555776,0.1800627695736594,2.446339413476231
1706,1563984511.0,-122.3597957,37.5864125,POINT (-122.3597957 37.5864125),android,,2019-07-24T09:08:31-07:00,32.646790688129435,2.6264021830498905,-5.733709299848584
1707,1563984512.0,-122.3601142,37.5865625,POINT (-122.3601142 37.5865625),android,,2019-07-24T09:08:32-07:00,35.273192871179326,-3.107307116798694,5.43870710392752
1708,1563984513.0,-122.3604672,37.5867121,POINT (-122.3604672 37.5867121),android,,2019-07-24T09:08:33-07:00,32.16588575438063,2.331399987128826,-3.48446718464384
1709,1563984514.0,-122.3607759,37.5868665,POINT (-122.3607759 37.5868665),android,,2019-07-24T09:08:34-07:00,34.49728574150946,-1.1530671975150142,2.421120555933804
1710,1563984515.0,-122.3611276,37.5870028,POINT (-122.3611276 37.5870028),android,,2019-07-24T09:08:35-07:00,33.344218543994444,1.2680533584187899,0.05693955629662639
1711,1563984516.0,-122.3614637,37.5871406,POINT (-122.3614637 37.5871406),android,,2019-07-24T09:08:36-07:00,34.612271902413234,1.3249929147154162,-1.2948201764890754
1712,1563984517.0,-122.3617992,37.5873025,POINT (-122.3617992 37.5873025),android,,2019-07-24T09:08:37-07:00,35.93726481712865,0.03017273822634081,-0.5094010234313373
1713,1563984518.0,-122.362163,37.5874486,POINT (-122.362163 37.5874486),android,,2019-07-24T09:08:38-07:00,35.96743755535499,-0.4792282852049965,0.3134416406367251
1714,1563984519.0,-122.3625174,37.5876091,POINT (-122.3625174 37.5876091),android,,2019-07-24T09:08:39-07:00,35.488209270149994,-0.1657866445682714,-0.6512009069126705
1715,1563984520.0,-122.3628743,37.587757,POINT (-122.3628743 37.587757),android,,2019-07-24T09:08:40-07:00,35.32242262558172,-0.8169875514809419,3.342478951208136
1716,1563984521.0,-122.3632347,37.5878961,POINT (-122.3632347 37.5878961),android,,2019-07-24T09:08:41-07:00,34.50543507410078,2.525491399727194,-2.0650723861443865
1717,1563984522.0,-122.3635741,37.5880509,POINT (-122.3635741 37.5880509),android,,2019-07-24T09:08:42-07:00,37.030926473827975,0.4604190135828077,-7.873124492255556
1718,1563984523.0,-122.3639468,37.5882048,POINT (-122.3639468 37.5882048),android,,2019-07-24T09:08:43-07:00,37.49134548741078,-7.412705478672748,11.436361705052228
1719,1563984524.0,-122.3643108,37.5883794,POINT (-122.3643108 37.5883794),android,,2019-07-24T09:08:44-07:00,30.078640008738034,4.0236562263794795,-7.235720503761176
1720,1563984525.0,-122.3646149,37.5885023,POINT (-122.3646149 37.5885023),android,,2019-07-24T09:08:45-07:00,34.102296235117514,-3.212064277381696,3.738839756935036
1721,1563984526.0,-122.3649554,37.5886481,POINT (-122.3649554 37.5886481),android,,2019-07-24T09:08:46-07:00,30.890231957735818,0.5267754795533399,-6.213436184974263
1722,1563984527.0,-122.36527757730555,37.588757635129234,POINT (-122.36527757730555 37.588757635129234),ios,,2019-07-24T09:08:47-07:00,31.417007437289158,-5.686660705420923,14.558260878392886
1723,1563984528.0,-122.3655927368648,37.58888977583273,POINT (-122.3655927368648 37.58888977583273),ios,,2019-07-24T09:08:48-07:00,25.730346731868234,8.871600172971963,-6.515732376812931
1724,1563984529.0,-122.36587906267714,37.58893524765744,POINT (-122.36587906267714 37.58893524765744),ios,,2019-07-24T09:08:49-07:00,34.6019469048402,2.355867796159032,-7.11053071811353
1725,1563984530.0,-122.36618919309448,37.58912614550217,POINT (-122.36618919309448 37.58912614550217),ios,,2019-07-24T09:08:50-07:00,36.95781470099923,-4.754662921954498,4.412234839975106
1726,1563984531.0,-122.36655741010081,37.5892853178434,POINT (-122.36655741010081 37.5892853178434),ios,,2019-07-24T09:08:51-07:00,32.20315177904473,-0.3424280819793921,0.49710818291638503
1727,1563984532.0,-122.36686728906106,37.5894388743095,POINT (-122.36686728906106 37.5894388743095),ios,,2019-07-24T09:08:52-07:00,31.86072369706534,0.15468010093699291,1.1211888920995179
1728,1563984533.0,-122.36718127515387,37.589580989477774,POINT (-122.36718127515387 37.589580989477774),ios,,2019-07-24T09:08:53-07:00,32.01540379800233,1.2758689930365108,1.4901327263306356
1729,1563984534.0,-122.36749676998924,37.58972381710782,POINT (-122.36749676998924 37.58972381710782),ios,,2019-07-24T09:08:54-07:00,33.29127279103884,2.7660017193671464,-5.489738346109711
1730,1563984535.0,-122.36782995064031,37.58986501026674,POINT (-122.36782995064031 37.58986501026674),ios,,2019-07-24T09:08:55-07:00,36.05727451040599,-2.7237366267425642,2.309966012546873
1731,1563984536.0,-122.36819380905699,37.590013411862394,POINT (-122.36819380905699 37.590013411862394),ios,,2019-07-24T09:08:56-07:00,33.333537883663425,-0.41377061419569117,3.1881564484227454
1732,1563984537.0,-122.368532102669,37.59014760613217,POINT (-122.368532102669 37.59014760613217),ios,,2019-07-24T09:08:57-07:00,32.919767269467734,2.774385834227054,-5.448791067046294
1733,1563984538.0,-122.36885857779752,37.59029156531914,POINT (-122.36885857779752 37.59029156531914),ios,,2019-07-24T09:08:58-07:00,35.69415310369479,-2.6744052328192396,5.298799364016652
1734,1563984539.0,-122.36921363521587,37.590446127613625,POINT (-122.36921363521587 37.590446127613625),ios,,2019-07-24T09:08:59-07:00,33.01974787087555,2.6243941311974126,-4.675403435469697
1735,1563984540.0,-122.36955100681853,37.590575418470046,POINT (-122.36955100681853 37.590575418470046),ios,,2019-07-24T09:09:00-07:00,35.64414200207296,-2.0510093042722843,4.715211620332752
1736,1563984541.0,-122.36991452995908,37.590716066805264,POINT (-122.36991452995908 37.590716066805264),ios,,2019-07-24T09:09:01-07:00,33.59313269780068,2.664202316060468,-6.3116932370383125
1737,1563984542.0,-122.37023689795505,37.5908773765318,POINT (-122.37023689795505 37.5908773765318),ios,,2019-07-24T09:09:02-07:00,36.257335013861145,-3.6474909209778446,6.023877869705558
1738,1563984543.0,-122.3706144188739,37.591007128392896,POINT (-122.3706144188739 37.591007128392896),ios,,2019-07-24T09:09:03-07:00,32.6098440928833,2.3763869487277134,-3.6021712118320366
1739,1563984544.0,-122.37094525259208,37.59113859854414,POINT (-122.37094525259208 37.59113859854414),ios,,2019-07-24T09:09:04-07:00,34.98623104161101,-1.2257842631043232,-1.824394670552774
1740,1563984545.0,-122.37129704106819,37.59128452747836,POINT (-122.37129704106819 37.59128452747836),ios,,2019-07-24T09:09:05-07:00,33.76044677850669,-3.0501789336570972,4.6181316045625
1741,1563984546.0,-122.371629551167,37.591435401735446,POINT (-122.371629551167 37.591435401735446),ios,,2019-07-24T09:09:06-07:00,30.710267844849593,1.5679526709054024,0.20581759122611842
1742,1563984547.0,-122.37193448480438,37.59156917691006,POINT (-122.37193448480438 37.59156917691006),ios,,2019-07-24T09:09:07-07:00,32.278220515754995,1.7737702621315208,-3.829931589070913
1743,1563984548.0,-122.37226045701873,37.59170165288969,POINT (-122.37226045701873 37.59170165288969),ios,,2019-07-24T09:09:08-07:00,34.051990777886516,-2.0561613269393924,-1.2701499044747315
1744,1563984549.0,-122.37260227103006,37.591844564338764,POINT (-122.37260227103006 37.591844564338764),ios,,2019-07-24T09:09:09-07:00,31.995829450947124,-3.326311231414124,8.308172495820958
1745,1563984550.0,-122.3729149998374,37.59199082854911,POINT (-122.3729149998374 37.59199082854911),ios,,2019-07-24T09:09:10-07:00,28.669518219533,4.9818612644068345,-10.51434211721632
1746,1563984551.0,-122.37320601951552,37.59210616353675,POINT (-122.37320601951552 37.59210616353675),ios,,2019-07-24T09:09:11-07:00,33.651379483939834,-5.532480852809485,5.042603770100875
1747,1563984552.0,-122.37353743996692,37.59225657678916,POINT (-122.37353743996692 37.59225657678916),ios,,2019-07-24T09:09:12-07:00,28.11889863113035,-0.48987708270860963,12.150744573870597
1748,1563984553.0,-122.3738185689993,37.59237627036645,POINT (-122.3738185689993 37.59237627036645),ios,,2019-07-24T09:09:13-07:00,27.62902154842174,11.660867491161987,-23.09726521974569
1749,1563984554.0,-122.37407958146406,37.59251398503556,POINT (-122.37407958146406 37.59251398503556),ios,,2019-07-24T09:09:14-07:00,39.28988903958373,-11.436397728583703,16.508698903131396
1750,1563984555.0,-122.3744808,37.5926682,POINT (-122.3744808 37.5926682),android,,2019-07-24T09:09:15-07:00,27.853491311000024,5.072301174547693,-9.771369173447031
1751,1563984556.0,-122.3747664,37.5927756,POINT (-122.3747664 37.5927756),android,,2019-07-24T09:09:16-07:00,32.92579248554772,-4.699067998899338,3.8248180164702177
1752,1563984557.0,-122.3751047,37.5929014,POINT (-122.3751047 37.5929014),android,,2019-07-24T09:09:17-07:00,28.22672448664838,-0.8742499824291201,8.786631412123207
1753,1563984558.0,-122.3754118,37.5929737,POINT (-122.3754118 37.5929737),android,,2019-07-24T09:09:18-07:00,27.35247450421926,7.912381429694086,-18.196178685145853
1754,1563984559.0,-122.3757143,37.593029,POINT (-122.3757143 37.593029),android,,2019-07-24T09:09:19-07:00,35.264855933913346,-10.283797255451766,14.298869252650782
1755,1563984560.0,-122.37595561903191,37.59328201882317,POINT (-122.37595561903191 37.59328201882317),ios,,2019-07-24T09:09:20-07:00,24.98105867846158,4.015071997199016,-0.2461612379096465
1756,1563984561.0,-122.37620280135644,37.59339207321181,POINT (-122.37620280135644 37.59339207321181),ios,,2019-07-24T09:09:21-07:00,28.996130675660595,3.768910759289369,-7.579055804012352
1757,1563984562.0,-122.37649809580518,37.59350719865187,POINT (-122.37649809580518 37.59350719865187),ios,,2019-07-24T09:09:22-07:00,32.765041434949964,-3.810145044722983,-8.009433824805992
1758,1563984563.0,-122.37681970942987,37.59365513924285,POINT (-122.37681970942987 37.59365513924285),ios,,2019-07-24T09:09:23-07:00,28.95489639022698,-11.819578869528975,23.52198254037302
1759,1563984564.0,-122.37713009130431,37.59374071847423,POINT (-122.37713009130431 37.59374071847423),ios,,2019-07-24T09:09:24-07:00,17.135317520698006,11.702403670844046,-15.951534713450283
1760,1563984565.0,-122.3773228,37.5937615,POINT (-122.3773228 37.5937615),android,,2019-07-24T09:09:25-07:00,28.83772119154205,-4.249131042606237,7.123855898829827
1761,1563984566.0,-122.3776334,37.5938433,POINT (-122.3776334 37.5938433),android,,2019-07-24T09:09:26-07:00,24.588590148935815,2.8747248562235903,21.63320830581975
1762,1563984567.0,-122.3778886,37.5939328,POINT (-122.3778886 37.5939328),android,,2019-07-24T09:09:27-07:00,27.463315005159405,24.50793316204334,-53.07769687261753
1763,1563984568.0,-122.3781705,37.5940382,POINT (-122.3781705 37.5940382),android,,2019-07-24T09:09:28-07:00,51.971248167202745,-28.56976371057419,36.96561701453146
1764,1563984569.0,-122.37865040090156,37.594309975428125,POINT (-122.37865040090156 37.594309975428125),ios,,2019-07-24T09:09:29-07:00,23.401484456628555,8.39585330395727,-17.900861149439056
1765,1563984570.0,-122.37888433981908,37.594409636256835,POINT (-122.37888433981908 37.594409636256835),ios,,2019-07-24T09:09:30-07:00,31.797337760585826,-9.505007845481785,9.167431041888339
1766,1563984571.0,-122.37918801617099,37.5945641566418,POINT (-122.37918801617099 37.5945641566418),ios,,2019-07-24T09:09:31-07:00,22.29232991510404,-0.33757680359344633,11.404421705008161
1767,1563984572.0,-122.3794103042431,37.59465991988554,POINT (-122.3794103042431 37.59465991988554),ios,,2019-07-24T09:09:32-07:00,21.954753111510595,11.066844901414715,-17.709974396982602
1768,1563984573.0,-122.37962337222172,37.59476230483278,POINT (-122.37962337222172 37.59476230483278),ios,,2019-07-24T09:09:33-07:00,33.02159801292531,-6.643129495567887,1.0936133127721455
1769,1563984574.0,-122.37994783569349,37.594910957885524,POINT (-122.37994783569349 37.594910957885524),ios,,2019-07-24T09:09:34-07:00,26.378468517357422,-5.549516182795742,6.93974248937036
1770,1563984575.0,-122.38022116955591,37.595007768867156,POINT (-122.38022116955591 37.595007768867156),ios,,2019-07-24T09:09:35-07:00,20.82895233456168,1.3902263065746183,-1.6823218427207323
1771,1563984576.0,-122.38042635854555,37.59510080799236,POINT (-122.38042635854555 37.59510080799236),ios,,2019-07-24T09:09:36-07:00,22.2191786411363,-0.29209553614611394,1.9841856597346563
1772,1563984577.0,-122.38065761525405,37.59518051989152,POINT (-122.38065761525405 37.59518051989152),ios,,2019-07-24T09:09:37-07:00,21.927083104990185,1.6920901235885424,6.89218219075163
1773,1563984578.0,-122.3808776402123,37.59527267891689,POINT (-122.3808776402123 37.59527267891689),ios,,2019-07-24T09:09:38-07:00,23.619173228578727,8.584272314340172,-17.347799194288992
1774,1563984579.0,-122.38110537652148,37.5953847449623,POINT (-122.38110537652148 37.5953847449623),ios,,2019-07-24T09:09:39-07:00,32.2034455429189,-8.76352687994882,7.806666540321217
1775,1563984580.0,-122.3814149202056,37.59553876243308,POINT (-122.3814149202056 37.59553876243308),ios,,2019-07-24T09:09:40-07:00,23.43991866297008,-0.9568603396276032,-0.7931649579410163
1776,1563984581.0,-122.3816390522964,37.595652337221054,POINT (-122.3816390522964 37.595652337221054),ios,,2019-07-24T09:09:41-07:00,22.483058323342476,-1.7500252975686195,6.557532665491646
1777,1563984582.0,-122.38185882579756,37.59575509935394,POINT (-122.38185882579756 37.59575509935394),ios,,2019-07-24T09:09:42-07:00,20.733033025773857,4.8075073679230265,-10.473638319655315
1778,1563984583.0,-122.38204297621024,37.59587118871286,POINT (-122.38204297621024 37.59587118871286),ios,,2019-07-24T09:09:43-07:00,25.540540393696883,-5.666130951732288,5.980362449999564
1779,1563984584.0,-122.38230189319921,37.59597449566945,POINT (-122.38230189319921 37.59597449566945),ios,,2019-07-24T09:09:44-07:00,19.874409441964595,0.3142314982672758,-0.49924072745905335
1780,1563984585.0,-122.38249048602057,37.59607256393656,POINT (-122.38249048602057 37.59607256393656),ios,,2019-07-24T09:09:45-07:00,20.18864094023187,-0.18500922919177754,-0.3619032523122563
1781,1563984586.0,-122.38266357232106,37.59619154505208,POINT (-122.38266357232106 37.59619154505208),ios,,2019-07-24T09:09:46-07:00,20.003631711040093,-0.5469124815040338,-2.976645215465057
1782,1563984587.0,-122.3828380835451,37.596306628582624,POINT (-122.3828380835451 37.596306628582624),ios,,2019-07-24T09:09:47-07:00,19.45671922953606,-3.5235576969690907,13.309652945883439
1783,1563984588.0,-122.38301075075043,37.5964157190524,POINT (-122.38301075075043 37.5964157190524),ios,,2019-07-24T09:09:48-07:00,15.933161532566968,9.786095248914348,-15.601288821203338
1784,1563984589.0,-122.3831519,37.5965053,POINT (-122.3831519 37.5965053),android,,2019-07-24T09:09:49-07:00,25.719256781481317,-5.81519357228899,2.950090094552941
1785,1563984590.0,-122.3833666463591,37.59666197936758,POINT (-122.3833666463591 37.59666197936758),ios,,2019-07-24T09:09:50-07:00,19.904063209192326,-2.8651034777360493,-6.050533942077836
1786,1563984591.0,-122.38351458695007,37.59679726328477,POINT (-122.38351458695007 37.59679726328477),ios,,2019-07-24T09:09:51-07:00,17.038959731456277,-8.915637419813885,20.681880871448737
1787,1563984592.0,-122.38363973020856,37.59691409429078,POINT (-122.38363973020856 37.59691409429078),ios,,2019-07-24T09:09:52-07:00,8.123322311642392,11.766243451634852,-13.063152649499235
1788,1563984593.0,-122.38370827197502,37.59696295874033,POINT (-122.38370827197502 37.59696295874033),ios,,2019-07-24T09:09:53-07:00,19.889565763277243,-1.2969091978643839,7.988735677332446
1789,1563984594.0,-122.3838649794442,37.59709171636221,POINT (-122.3838649794442 37.59709171636221),ios,,2019-07-24T09:09:54-07:00,18.59265656541286,6.691826479468062,-19.077197103232564
1790,1563984595.0,-122.38402164052839,37.597203748716105,POINT (-122.38402164052839 37.597203748716105),ios,,2019-07-24T09:09:55-07:00,25.284483044880922,-12.3853706237645,19.914018873096538
1791,1563984596.0,-122.38421642679334,37.59737074294338,POINT (-122.38421642679334 37.59737074294338),ios,,2019-07-24T09:09:56-07:00,12.899112421116422,7.528648249332038,-13.17924266882261
1792,1563984597.0,-122.38429525410622,37.597468499091825,POINT (-122.38429525410622 37.597468499091825),ios,,2019-07-24T09:09:57-07:00,20.42776067044846,-5.650594419490572,7.719477311789447
1793,1563984598.0,-122.38444703416756,37.59760737998527,POINT (-122.38444703416756 37.59760737998527),ios,,2019-07-24T09:09:58-07:00,14.777166250957888,2.068882892298875,-4.0914863237237356
1794,1563984599.0,-122.3845526592508,37.59771061346361,POINT (-122.3845526592508 37.59771061346361),ios,,2019-07-24T09:09:59-07:00,16.846049143256764,-2.0226034314248604,4.732163720747735
1795,1563984600.0,-122.38466355217425,37.5978340337899,POINT (-122.38466355217425 37.5978340337899),ios,,2019-07-24T09:10:00-07:00,14.823445711831903,2.7095602893228747,-2.911933775316095
1796,1563984601.0,-122.38481133333332,37.59789776666667,POINT (-122.38481133333332 37.59789776666667),android,,2019-07-24T09:10:01-07:00,17.533006001154778,-0.20237348599322047,0.20236233476470034
1797,1563984602.0,-122.38493579999998,37.5980208,POINT (-122.38493579999998 37.5980208),android,,2019-07-24T09:10:02-07:00,17.330632515161557,-1.1151228520134282e-05,-0.12219612265795732
1798,1563984603.0,-122.3850594,37.59814205,POINT (-122.3850594 37.59814205),android,,2019-07-24T09:10:03-07:00,17.330621363933037,-0.12220727388647745,-3.3561690423665613
1799,1563984604.0,-122.385183,37.5982633,POINT (-122.385183 37.5982633),android,,2019-07-24T09:10:04-07:00,17.20841409004656,-3.478376316253039,5.561364365690514
1800,1563984605.0,-122.38530349999999,37.5983851,POINT (-122.38530349999999 37.5983851),android,,2019-07-24T09:10:05-07:00,13.730037773793521,2.082988049437475,-3.0414762993914337
1801,1563984606.0,-122.38536081229489,37.598499924434904,POINT (-122.38536081229489 37.598499924434904),ios,,2019-07-24T09:10:06-07:00,15.813025823230996,-0.9584882499539589,0.16644450897113217
1802,1563984607.0,-122.38546177363318,37.59861750387387,POINT (-122.38546177363318 37.59861750387387),ios,,2019-07-24T09:10:07-07:00,14.854537573277037,-0.7920437409828267,14.64113872179915
1803,1563984608.0,-122.38555322171119,37.5987297385762,POINT (-122.38555322171119 37.5987297385762),ios,,2019-07-24T09:10:08-07:00,14.06249383229421,13.849094980816323,-26.153016478781907
1804,1563984609.0,-122.38565916776409,37.59882433120258,POINT (-122.38565916776409 37.59882433120258),ios,,2019-07-24T09:10:09-07:00,27.911588813110534,-12.303921497965582,13.448615448020629
1805,1563984610.0,-122.38588334999999,37.5990017,POINT (-122.38588334999999 37.5990017),android,,2019-07-24T09:10:10-07:00,15.607667315144951,1.1446939500550464,-13.57476219176738
1806,1563984611.0,-122.3859785,37.5991201,POINT (-122.3859785 37.5991201),android,,2019-07-24T09:10:11-07:00,16.752361265199998,-12.430068241712334,14.401326816208838
1807,1563984612.0,-122.3861135,37.5992262,POINT (-122.3861135 37.5992262),android,,2019-07-24T09:10:12-07:00,4.3222930234876635,1.9712585744965043,2.220803176442258
1808,1563984613.0,-122.38615367561988,37.59924851060609,POINT (-122.38615367561988 37.59924851060609),android,,2019-07-24T09:10:13-07:00,6.293551597984168,4.1920617509387625,-10.355384684784863
1809,1563984614.0,-122.38611506686797,37.599296131534615,POINT (-122.38611506686797 37.599296131534615),ios,,2019-07-24T09:10:14-07:00,10.48561334892293,-6.163322933846099,10.73029153848713
1810,1563984615.0,-122.38623402685967,37.599293131818264,POINT (-122.38623402685967 37.599293131818264),android,,2019-07-24T09:10:15-07:00,4.322290415076831,4.566968604641031,-5.126468087659304
1811,1563984616.0,-122.38627420247954,37.599315442424356,POINT (-122.38627420247954 37.599315442424356),android,,2019-07-24T09:10:16-07:00,8.889259019717862,-0.5594994830182729,0.027796258035368903
1816,1563984627.0,-122.38674937964905,37.60011015032899,POINT (-122.38674937964905 37.60011015032899),midpoint,"[<POINT (-122.387 37.6)>, <POINT (-122.387 37.6)>]",2019-07-24T09:10:27-07:00,2.7347647065168603,-0.253740644629215,0.27607794206060793
1817,1563984628.0,-122.3867668561463,37.600130476606715,POINT (-122.3867668561463 37.600130476606715),midpoint,"[<POINT (-122.387 37.6)>, <POINT (-122.387 37.6)>]",2019-07-24T09:10:28-07:00,2.4810240618876453,0.02233729743139293,0.02649939128945252
1818,1563984642.0,-122.38700257036982,37.60038087697596,POINT (-122.38700257036982 37.60038087697596),midpoint,"[<POINT (-122.387 37.6)>, <POINT (-122.387 37.6)>]",2019-07-24T09:10:42-07:00,2.7937462259271464,0.39332877548372824,-0.39334235122850103
1819,1563984643.0,-122.38702640702182,37.60039744785795,POINT (-122.38702640702182 37.60039744785795),midpoint,"[<POINT (-122.387 37.6)>, <POINT (-122.387 37.6)>]",2019-07-24T09:10:43-07:00,3.1870750014108746,-1.357574477278689e-05,-0.10783555507692677
1820,1563984644.0,-122.38705246495468,37.600417329613876,POINT (-122.38705246495468 37.600417329613876),midpoint,"[<POINT (-122.387 37.6)>, <POINT (-122.387 37.6)>]",2019-07-24T09:10:44-07:00,3.187061425666102,-0.10784913082169956,0.024698621801531928
1821,1563984645.0,-122.3870785227345,37.60043721132543,POINT (-122.3870785227345 37.60043721132543),midpoint,"[<POINT (-122.387 37.6)>, <POINT (-122.387 37.6)>]",2019-07-24T09:10:45-07:00,3.0792122948444023,-0.08315050902016763,0.00182924927598771
1822,1563984646.0,-122.38710328139584,37.60045675778304,POINT (-122.38710328139584 37.60045675778304),midpoint,"[<POINT (-122.387 37.6)>, <POINT (-122.387 37.6)>]",2019-07-24T09:10:46-07:00,2.9960617858242347,-0.08132125974417992,-1.2178255785050418
1823,1563984647.0,-122.3871239609002,37.600478148303154,POINT (-122.3871239609002 37.600478148303154),midpoint,"[<POINT (-122.387 37.6)>, <POINT (-122.387 37.6)>]",2019-07-24T09:10:47-07:00,2.9147405260800547,-1.2991468382492217,-0.3164468495816113
1824,1563984648.0,-122.38714406677934,37.60049896570703,POINT (-122.38714406677934 37.60049896570703),midpoint,"[<POINT (-122.387 37.601)>, <POINT (-122.387 37.6)>]",2019-07-24T09:10:48-07:00,1.615593687830833,-1.615593687830833,1.615593687830833
1825,1563984649.0,-122.38716161358946,37.60050318893295,POINT (-122.38716161358946 37.60050318893295),midpoint,"[<POINT (-122.387 37.601)>, <POINT (-122.387 37.6)>]",2019-07-24T09:10:49-07:00,0.0,0.0,0.0
