,latitude,longitude,ts,fmt_time,geometry,gt_distance,gt_projection,source,speed,acceleration,jerk
0,37.39003901373352,-122.0834057406728,1575908072.0,2019-12-09T08:14:32-08:00,POINT (-122.0834057406728 37.39003901373352),7.224428785777282,14.85140293522518,ios,1.3950436896697815,-1.0007088845064347,1.0383356561481913
1,37.390033607405975,-122.0834199899082,1575908073.0,2019-12-09T08:14:33-08:00,POINT (-122.0834199899082 37.390033607405975),8.615437033817066,14.978357515153162,ios,0.3943348051633469,0.0376267716417567,0.012944190230500295
2,37.39004766783603,-122.08336005916567,1575908087.0,2019-12-09T08:14:47-08:00,POINT (-122.08336005916567 37.39004766783603),3.097732892800448,15.347901088783587,ios,0.9211096081479407,0.21884543486876085,-0.2189097983918401
3,37.390040271019,-122.08335536543476,1575908088.0,2019-12-09T08:14:48-08:00,POINT (-122.08335536543476 37.390040271019),2.9914151720516915,16.261607366971447,ios,1.1399550430167016,-6.43635230792583e-05,0.29439773529095525
4,37.390032622316255,-122.08334677374124,1575908089.0,2019-12-09T08:14:49-08:00,POINT (-122.08334677374124 37.390032622316255),2.5709405794114613,17.320786936178514,ios,1.1398906794936223,0.294333371767876,-0.05741411671519003
5,37.39002497404571,-122.08333818253323,1575908090.0,2019-12-09T08:14:50-08:00,POINT (-122.08333818253323 37.39002497404571),2.1504895816304903,18.37990664252492,ios,1.4342240512614983,0.23691925505268596,-0.282723917020822
6,37.390017514151886,-122.08332493912623,1575908091.0,2019-12-09T08:14:51-08:00,POINT (-122.08332493912623 37.390017514151886),1.3363448325304126,19.56173598702191,ios,1.6711433063141843,-0.04580466196813604,-0.24581008869657905
7,37.39000950943436,-122.08330892969117,1575908092.0,2019-12-09T08:14:52-08:00,POINT (-122.08330892969117 37.39000950943436),1.1059597081976664,20.134848116771696,ios,1.6253386443460482,-0.2916147506647151,0.2596228365675797
8,37.39000242672618,-122.08329283643708,1575908093.0,2019-12-09T08:14:53-08:00,POINT (-122.08329283643708 37.39000242672618),1.5218106378211251,21.707841913002888,ios,1.3337238936813332,-0.03199191409713542,0.029282709893842407
9,37.38999609838928,-122.08328001212523,1575908094.0,2019-12-09T08:14:54-08:00,POINT (-122.08328001212523 37.38999609838928),1.9268365603019981,22.979781169053,ios,1.3017319795841977,-0.002709204203293014,0.02109084456526955
10,37.38998893186207,-122.08326836127982,1575908095.0,2019-12-09T08:14:55-08:00,POINT (-122.08326836127982 37.38998893186207),2.447326281517654,24.17356559961232,ios,1.2990227753809047,0.018381640361976537,0.0028448249157355665
11,37.38998147196825,-122.08325704571054,1575908096.0,2019-12-09T08:14:56-08:00,POINT (-122.08325704571054 37.38998147196825),3.1651731250041113,24.58475159217483,ios,1.3174044157428813,0.021226465277712103,-0.2611340616898348
12,37.38997510172184,-122.08324447285578,1575908097.0,2019-12-09T08:14:57-08:00,POINT (-122.08324447285578 37.38997510172184),3.871949741628689,25.697785659293015,ios,1.3386308810205934,-0.23990759641212267,0.10302385226534405
13,37.389972084236696,-122.08322980452523,1575908098.0,2019-12-09T08:14:58-08:00,POINT (-122.08322980452523 37.389972084236696),4.206738819894515,26.996325750167532,ios,1.0987232846084707,-0.13688374414677862,0.1368305027834752
14,37.38997384443636,-122.0832175669466,1575908099.0,2019-12-09T08:14:59-08:00,POINT (-122.0832175669466 37.38997384443636),4.011445581725501,28.079679321795805,ios,0.9618395404616921,-5.324136330342455e-05,0.4570294072099462
15,37.38997738588839,-122.08320763411663,1575908100.0,2019-12-09T08:15:00-08:00,POINT (-122.08320763411663 37.38997738588839),3.618523012907509,28.959000850860484,ios,0.9617862990983886,0.4569761658466428,-0.1912658273980664
16,37.38998092714454,-122.0831977018361,1575908101.0,2019-12-09T08:15:01-08:00,POINT (-122.0831977018361 37.38998092714454),3.22562208454503,29.838273657666875,ios,1.4187624649450314,0.2657103384485764,-0.3266526512493537
17,37.38998763266708,-122.08318403933391,1575908102.0,2019-12-09T08:15:02-08:00,POINT (-122.08318403933391 37.38998763266708),2.4816469645077537,31.04777078306269,ios,1.6844728033936078,-0.06094231280077733,-0.22427467708834503
18,37.38999722994621,-122.08316928718433,1575908103.0,2019-12-09T08:15:03-08:00,POINT (-122.08316928718433 37.38999722994621),1.416832455311913,32.35373051855961,ios,1.6235304905928305,-0.28521698988912236,0.1932610782216042
19,37.3900064500397,-122.08315503794894,1575908104.0,2019-12-09T08:15:04-08:00,POINT (-122.08315503794894 37.3900064500397),0.3211327660364867,33.67083503025343,ios,1.3383135007037081,-0.09195591166751815,-0.34249701722148485
20,37.3900125269195,-122.08314196218,1575908105.0,2019-12-09T08:15:05-08:00,POINT (-122.08314196218 37.3900125269195),0.5241284084891425,34.71008965787118,ios,1.24635758903619,-0.434452928889003,0.43440665053044825
21,37.390016005409315,-122.08312855113492,1575908106.0,2019-12-09T08:15:06-08:00,POINT (-122.08312855113492 37.390016005409315),1.089167145958825,35.823286940559534,ios,0.811904660147187,-4.627835855475215e-05,0.2275839088222794
22,37.390017262730616,-122.08311949842157,1575908107.0,2019-12-09T08:15:07-08:00,POINT (-122.08311949842157 37.390017262730616),1.35102187055024,36.59344643084804,ios,0.8118583817886322,0.22753763046372466,-0.07988732760419048
23,37.390018519980266,-122.08311044622407,1575908108.0,2019-12-09T08:15:08-08:00,POINT (-122.08311044622407 37.390018519980266),1.6128617453679428,37.36356199722425,ios,1.039396012252357,0.14765030285953418,-0.09054108154852547
24,37.39001784942801,-122.08309871155963,1575908109.0,2019-12-09T08:15:09-08:00,POINT (-122.08309871155963 37.39001784942801),1.7001443280216855,38.40139038082602,ios,1.187046315111891,0.05710922131100871,-0.0688324429355589
25,37.39001604731883,-122.08308546815262,1575908110.0,2019-12-09T08:15:10-08:00,POINT (-122.08308546815262 37.39001604731883),1.6840663089771386,39.59060455060563,ios,1.2441555364228998,-0.011723221624550195,0.0820944209559129
26,37.39001361656691,-122.08307172183142,1575908111.0,2019-12-09T08:15:11-08:00,POINT (-122.08307172183142 37.39001361656691),1.6791147200661274,40.344414977415404,ios,1.2324323147983496,0.07037119933136271,-0.23835997822646338
27,37.39001080862935,-122.08305822696731,1575908112.0,2019-12-09T08:15:12-08:00,POINT (-122.08305822696731 37.39001080862935),1.9960862016300274,41.42561422357281,ios,1.3028035141297123,-0.16798877889510067,0.3280562984096478
28,37.39000733013953,-122.08304414536998,1575908113.0,2019-12-09T08:15:13-08:00,POINT (-122.08304414536998 37.39000733013953),2.277800513537981,42.69981635021629,ios,1.1348147352346116,0.16006751951454712,-0.007739013530931427
29,37.39000422883536,-122.08303190779135,1575908114.0,2019-12-09T08:15:14-08:00,POINT (-122.08303190779135 37.39000422883536),2.5150724410140888,43.81146053997192,ios,1.2948822547491587,0.1523285059836157,-0.42755574657885487
30,37.3900003731599,-122.08301807765112,1575908115.0,2019-12-09T08:15:15-08:00,POINT (-122.08301807765112 37.3900003731599),2.749406166123151,45.0870350964353,ios,1.4472107607327744,-0.2752272405952392,0.28460519547547913
31,37.38999580502267,-122.08300273876831,1575908116.0,2019-12-09T08:15:16-08:00,POINT (-122.08300273876831 37.38999580502267),2.981169062142637,46.517790986478694,ios,1.1719835201375353,0.009377954880239958,0.19269962981013333
32,37.38999337427075,-122.08298983063743,1575908117.0,2019-12-09T08:15:17-08:00,POINT (-122.08298983063743 37.38999337427075),3.3124689700552037,47.64418849718534,ios,1.1813614750177752,0.2020775846903733,-0.257183562751482
33,37.3899908596998,-122.08297683868751,1575908118.0,2019-12-09T08:15:18-08:00,POINT (-122.08297683868751 37.3899908596998),3.639361519703657,48.78163668082905,ios,1.3834390597081485,-0.05510597806110873,0.08781449473218639
34,37.38998729739095,-122.08296183508084,1575908119.0,2019-12-09T08:15:19-08:00,POINT (-122.08296183508084 37.38998729739095),3.953399060645648,50.13136376671875,ios,1.3283330816470398,0.03270851667107766,0.08225215450076706
35,37.389982310158565,-122.08294817257867,1575908120.0,2019-12-09T08:15:20-08:00,POINT (-122.08294817257867 37.389982310158565),4.0713015275561855,51.45618765451444,ios,1.3610415983181174,0.11496067117184472,-0.1874984577772938
36,37.389975143631354,-122.08293568354294,1575908121.0,2019-12-09T08:15:21-08:00,POINT (-122.08293568354294 37.389975143631354),4.113335249280984,51.854566450051166,ios,1.4760022694899622,-0.07253778660544907,-0.22593029218090366
37,37.389966635999635,-122.08292285923109,1575908122.0,2019-12-09T08:15:22-08:00,POINT (-122.08292285923109 37.389966635999635),4.203118866623533,53.32827459746097,ios,1.403464482884513,-0.29846807878635273,0.19532068727371454
38,37.389958128367915,-122.08291112456665,1575908123.0,2019-12-09T08:15:23-08:00,POINT (-122.08291112456665 37.389958128367915),4.226835541535165,54.73169603117977,ios,1.1049964040981604,-0.10314739151263819,0.2501188086783641
39,37.38995171621199,-122.08290156919702,1575908124.0,2019-12-09T08:15:24-08:00,POINT (-122.08290156919702 37.38995171621199),4.2878210289027905,55.83531075174386,ios,1.0018490125855222,0.14697141716572593,0.1340924811263866
40,37.38994404677059,-122.08289561804577,1575908125.0,2019-12-09T08:15:25-08:00,POINT (-122.08289561804577 37.38994404677059),4.047515218273882,56.41148914898361,ios,1.148820429751248,0.28106389829211254,-0.06020043594095026
41,37.3899348266771,-122.08288975071355,1575908126.0,2019-12-09T08:15:26-08:00,POINT (-122.08288975071355 37.3899348266771),3.8111811272822402,57.347946429656645,ios,1.4298843280433606,0.22086346235116228,-0.29097849898867834
42,37.38992233764137,-122.08288589503809,1575908127.0,2019-12-09T08:15:27-08:00,POINT (-122.08288589503809 37.38992233764137),3.213764611135719,58.64395384521651,ios,1.650747790394523,-0.07011503663751606,0.2503402739172884
43,37.38990750167276,-122.08288522448584,1575908128.0,2019-12-09T08:15:28-08:00,POINT (-122.08288522448584 37.38990750167276),2.23353743676901,59.96763847300978,ios,1.5806327537570068,0.18022523727977235,-0.03146388315968718
44,37.389893294346884,-122.08288581121906,1575908129.0,2019-12-09T08:15:29-08:00,POINT (-122.08288581121906 37.389893294346884),0.9767025609288357,61.53996421823604,ios,1.7608579910367792,0.14876135412008518,-0.38282381336515137
45,37.389877494459405,-122.08288715232356,1575908130.0,2019-12-09T08:15:30-08:00,POINT (-122.08288715232356 37.389877494459405),0.5717751223476334,62.37019866131192,ios,1.9096193451568644,-0.2340624592450662,0.2733458890805809
46,37.389860395376935,-122.08288916398033,1575908131.0,2019-12-09T08:15:31-08:00,POINT (-122.08288916398033 37.389860395376935),2.2739185529301444,63.22667244044473,ios,1.6755568859117982,0.039283429835514694,0.22550664385548802
47,37.38984539177026,-122.08289092417999,1575908132.0,2019-12-09T08:15:32-08:00,POINT (-122.08289092417999 37.38984539177026),3.767234231361856,63.978555996039304,ios,1.7148403157473129,0.2647900736910027,-0.4233246237782913
48,37.389830052887454,-122.08288891252323,1575908133.0,2019-12-09T08:15:33-08:00,POINT (-122.08288891252323 37.389830052887454),3.5964412850333143,71.04349357502898,ios,1.9796303894383156,-0.15853455008728856,0.06951287608338541
49,37.38981257661934,-122.08288463775261,1575908134.0,2019-12-09T08:15:34-08:00,POINT (-122.08288463775261 37.38981257661934),2.8982702020261746,72.75997922353011,ios,1.821095839351027,-0.08902167400390315,0.0544141447314066
50,37.38979681864138,-122.08287902187749,1575908135.0,2019-12-09T08:15:35-08:00,POINT (-122.08287902187749 37.38979681864138),2.1318107859871955,74.40812996999544,ios,1.7320741653471239,-0.03460752927249655,-0.02111500293216806
51,37.38978143784906,-122.08287592057331,1575908136.0,2019-12-09T08:15:36-08:00,POINT (-122.08287592057331 37.38978143784906),1.5917719816883242,76.05003488168967,ios,1.6974666360746273,-0.05572253220466461,-0.0564604608955126
52,37.3897662246948,-122.08287432801171,1575908137.0,2019-12-09T08:15:37-08:00,POINT (-122.08287432801171 37.3897662246948),1.3125639132994287,77.32910656862765,ios,1.6417441038699627,-0.11218299310017721,0.09047337842919734
53,37.38975151445474,-122.08287592057331,1575908138.0,2019-12-09T08:15:38-08:00,POINT (-122.08287592057331 37.38975151445474),1.6674670035256962,78.92837338520539,ios,1.5295611107697855,-0.02170961467097987,-0.08779046357067966
54,37.38973785195257,-122.08287793223008,1575908139.0,2019-12-09T08:15:39-08:00,POINT (-122.08287793223008 37.38973785195257),2.0438236607002604,80.40751774284436,ios,1.5078514960988056,-0.10950007824165953,-0.02825213104919655
55,37.38972435708846,-122.08287960861071,1575908140.0,2019-12-09T08:15:40-08:00,POINT (-122.08287960861071 37.38972435708846),2.388306548911464,81.872137685528,ios,1.3983514178571461,-0.13775220929085608,0.47641626417473604
56,37.389711784233704,-122.08287927333458,1575908141.0,2019-12-09T08:15:41-08:00,POINT (-122.08287927333458 37.389711784233704),2.542772367395632,83.25882976173288,ios,1.26059920856629,0.33866405488387996,-0.11946763369958435
57,37.389701055397644,-122.08287466328784,1575908142.0,2019-12-09T08:15:42-08:00,POINT (-122.08287466328784 37.389701055397644),2.3353208696229477,84.34279109842423,ios,1.59926326345017,0.2191964211842956,-0.12093588302218361
58,37.3896885244524,-122.08286577847048,1575908143.0,2019-12-09T08:15:43-08:00,POINT (-122.08286577847048 37.3896885244524),1.8359444704720904,85.86009874986826,ios,1.8184596846344656,0.098260538162112,-0.382342392118624
59,37.38967482004072,-122.08285454672023,1575908144.0,2019-12-09T08:15:44-08:00,POINT (-122.08285454672023 37.38967482004072),1.1582838803083293,87.54573040109166,ios,1.9167202227965776,-0.284081853956512,0.07762675004702069
60,37.38966111562903,-122.08284138713225,1575908145.0,2019-12-09T08:15:45-08:00,POINT (-122.08284138713225 37.38966111562903),0.25166806222566757,89.28302490356145,ios,1.6326383688400656,-0.2064551039094913,0.4077586391566439
61,37.38964988387878,-122.08282948482974,1575908146.0,2019-12-09T08:15:46-08:00,POINT (-122.08282948482974 37.38964988387878),0.6285408297840577,90.65720735932096,ios,1.4261832649305743,0.2013035352471526,-0.08633936377446005
62,37.38964129242803,-122.08281749870821,1575908147.0,2019-12-09T08:15:47-08:00,POINT (-122.08281749870821 37.38964129242803),1.5547219187743129,91.74198420571615,ios,1.627486800177727,0.11496417147269256,-0.472639982391009
63,37.38963098268713,-122.08280442293926,1575908148.0,2019-12-09T08:15:48-08:00,POINT (-122.08280442293926 37.38963098268713),2.5513936249871425,93.02845694256978,ios,1.7424509716504195,-0.35767581091831646,0.3816104999305696
64,37.38961987666543,-122.08279050898,1575908149.0,2019-12-09T08:15:49-08:00,POINT (-122.08279050898 37.38961987666543),2.546359000184005,97.6718922846506,ios,1.384775160732103,0.023934689012253152,-0.14054400141901446
65,37.389611620490804,-122.08277877431556,1575908150.0,2019-12-09T08:15:50-08:00,POINT (-122.08277877431556 37.389611620490804),2.1930328071769205,99.01108391937824,ios,1.4087098497443562,-0.11660931240676131,0.20926471782069922
66,37.38960437014456,-122.08276569854661,1575908151.0,2019-12-09T08:15:51-08:00,POINT (-122.08276569854661 37.38960437014456),1.9926755866369157,100.40639816238532,ios,1.292100537337595,0.09265540541393791,-0.2580912340576298
67,37.38960005346443,-122.08275211986347,1575908152.0,2019-12-09T08:15:52-08:00,POINT (-122.08275211986347 37.38960005346443),2.1032444130435244,101.69564455422359,ios,1.3847559427515328,-0.16543582864369188,0.3318312878053269
68,37.38959783226009,-122.08273669716164,1575908153.0,2019-12-09T08:15:53-08:00,POINT (-122.08273669716164 37.38959783226009),2.494810485113877,103.02663413628376,ios,1.219320114107841,0.166395459161635,0.03498275450508759
69,37.38959498241301,-122.0827233699356,1575908154.0,2019-12-09T08:15:54-08:00,POINT (-122.0827233699356 37.38959498241301),2.740890200780189,104.22304613631958,ios,1.385715573269476,0.2013782136667226,-0.13551390018008513
70,37.389594521408334,-122.08270769577666,1575908155.0,2019-12-09T08:15:55-08:00,POINT (-122.08270769577666 37.389594521408334),3.317016930758491,105.48641477022507,ios,1.5870937869361985,0.06586431348663746,0.06719802635550898
71,37.38959242593254,-122.08268992614194,1575908156.0,2019-12-09T08:15:56-08:00,POINT (-122.08268992614194 37.38959242593254),3.8141654082833867,106.99688803398836,ios,1.652958100422836,0.13306233984214644,-0.2552804695157884
72,37.38958991136159,-122.08267148595496,1575908157.0,2019-12-09T08:15:57-08:00,POINT (-122.08267148595496 37.38958991136159),4.296349863225735,108.58126684630031,ios,1.7860204402649824,-0.12221812967364198,-0.056775125980818686
73,37.38958576231952,-122.08265195612057,1575908158.0,2019-12-09T08:15:58-08:00,POINT (-122.08265195612057 37.38958576231952),4.6596513506736,110.33314955469126,ios,1.6638023105913404,-0.17899325565446067,0.17044912938342693
74,37.38958010453488,-122.08263452176197,1575908159.0,2019-12-09T08:15:59-08:00,POINT (-122.08263452176197 37.38958010453488),4.790174547337925,111.99421546009229,ios,1.4848090549368798,-0.008544126271033736,0.02657029815867773
75,37.38957511730249,-122.08261893142208,1575908160.0,2019-12-09T08:16:00-08:00,POINT (-122.08261893142208 37.38957511730249),4.9140471310998874,113.47600516346274,ios,1.476264928665846,0.018026171887643994,0.10670014354405333
76,37.389570339617684,-122.08260334108218,1575908161.0,2019-12-09T08:16:01-08:00,POINT (-122.08260334108218 37.389570339617684),5.0587037985932115,114.94737572909675,ios,1.49429110055349,0.12472631543169732,-0.440789234305228
77,37.38956581338997,-122.08258741546615,1575908162.0,2019-12-09T08:16:02-08:00,POINT (-122.08258741546615 37.38956581338997),5.241602969473837,116.43277690925463,ios,1.6190174159851873,-0.31606291887353066,-0.00518026506934921
78,37.38956199962403,-122.08256972965046,1575908163.0,2019-12-09T08:16:03-08:00,POINT (-122.08256972965046 37.38956199962403),5.5590962214906945,121.58599594719124,ios,1.3029544971116567,-0.3212431839428799,0.3211881469730241
79,37.38955986223872,-122.08255522895797,1575908164.0,2019-12-09T08:16:04-08:00,POINT (-122.08255522895797 37.38955986223872),5.126129154223837,122.81753129412989,ios,0.9817113131687768,-5.5036969855759565e-05,0.6896527194243453
80,37.389562502612186,-122.08254462555341,1575908165.0,2019-12-09T08:16:05-08:00,POINT (-122.08254462555341 37.389562502612186),5.270264084863207,123.79025114097423,ios,0.981656276198921,0.6895976824544895,-0.4417092994113304
81,37.38956514283772,-122.08253402274296,1575908166.0,2019-12-09T08:16:06-08:00,POINT (-122.08253402274296 37.38956514283772),4.818374938877085,130.271082791419,ios,1.6712539586534105,0.24788838304315908,-0.32836830506206427
82,37.389573357102826,-122.08251818094595,1575908167.0,2019-12-09T08:16:07-08:00,POINT (-122.08251818094595 37.389573357102826),3.920411707823542,131.68213524433398,ios,1.9191423416965696,-0.08047992201890519,-0.11385283641129007
83,37.38958416975792,-122.08250124950155,1575908168.0,2019-12-09T08:16:08-08:00,POINT (-122.08250124950155 37.38958416975792),3.0542777912071375,133.39551776446663,ios,1.8386624196776644,-0.19433275843019526,0.24740129817046075
84,37.389594814774945,-122.08248532388552,1575908169.0,2019-12-09T08:16:09-08:00,POINT (-122.08248532388552 37.389594814774945),2.261447424410145,135.05503669099306,ios,1.6443296612474692,0.053068539740265486,-0.15740945877459112
85,37.389604328235045,-122.08247107465013,1575908170.0,2019-12-09T08:16:10-08:00,POINT (-122.08247107465013 37.389604328235045),1.8677215041948423,135.49903128147997,ios,1.6973982009877346,-0.10434091903432563,0.2083431712122965
86,37.38961245868112,-122.08245481375798,1575908171.0,2019-12-09T08:16:11-08:00,POINT (-122.08245481375798 37.38961245868112),2.4917811769322586,135.9581556809045,ios,1.593057281953409,0.10400225217797088,-0.3728375350940538
87,37.3896195413893,-122.08243913959905,1575908172.0,2019-12-09T08:16:12-08:00,POINT (-122.08243913959905 37.3896195413893),3.277604457812664,137.34574555208343,ios,1.6970595341313799,-0.26883528291608294,0.017838191688633653
88,37.38962662409748,-122.08242212433561,1575908173.0,2019-12-09T08:16:13-08:00,POINT (-122.08242212433561 37.38962662409748),3.713681061567095,143.3711666026868,ios,1.428224251215297,-0.2509970912274493,0.6005007337374286
89,37.38963156942035,-122.08240720454796,1575908174.0,2019-12-09T08:16:14-08:00,POINT (-122.08240720454796 37.38963156942035),2.837843598727729,144.50187062474606,ios,1.1772271599878477,0.34950364250997934,-0.30070640512082303
90,37.389634670724526,-122.08239446405514,1575908175.0,2019-12-09T08:16:15-08:00,POINT (-122.08239446405514 37.389634670724526),2.028315936758066,145.35929437737283,ios,1.526730802497827,0.04879723738915631,0.20102973044288297
91,37.38964171152319,-122.08237962808653,1575908176.0,2019-12-09T08:16:16-08:00,POINT (-122.08237962808653 37.38964171152319),1.2740460338719821,146.6883142695068,ios,1.5755280398869833,0.24982696783203928,-0.09148991118095084
92,37.389650051516846,-122.08236521121307,1575908177.0,2019-12-09T08:16:17-08:00,POINT (-122.08236521121307 37.389650051516846),0.6233848220717509,148.12419692209562,ios,1.8253550077190226,0.15833705665108844,-0.6517647938706008
93,37.38966224718596,-122.08235138107284,1575908178.0,2019-12-09T08:16:18-08:00,POINT (-122.08235138107284 37.38966224718596),0.2296727440455254,149.9060214971057,ios,1.983692064370111,-0.4934277372195124,0.007362177452231222
94,37.389675867778614,-122.08233688038035,1575908179.0,2019-12-09T08:16:19-08:00,POINT (-122.08233688038035 37.389675867778614),0.13733092102131014,151.85459275865452,ios,1.4902643271505986,-0.48606555976728116,0.679532797897372
95,37.38968592606242,-122.08232573244914,1575908180.0,2019-12-09T08:16:20-08:00,POINT (-122.08232573244914 37.38968592606242),0.4421692800198632,153.31281309867828,ios,1.0041987673833175,0.1934672381300908,0.19331971800898962
96,37.38969187721367,-122.0823171829079,1575908181.0,2019-12-09T08:16:21-08:00,POINT (-122.0823171829079 37.38969187721367),0.7727946037100732,154.2612330488097,ios,1.1976660055134083,0.38678695613908043,-0.522473012160972
97,37.38969879228379,-122.08230678934797,1575908182.0,2019-12-09T08:16:22-08:00,POINT (-122.08230678934797 37.38969879228379),1.192292609523147,155.38340082238955,ios,1.5844529616524887,-0.13568605602189154,-0.48558081994682245
98,37.38970847338195,-122.08229362975999,1575908183.0,2019-12-09T08:16:23-08:00,POINT (-122.08229362975999 37.38970847338195),1.6725736381315608,156.8934439003733,ios,1.4487669056305972,-0.621266875968714,0.6212196916636804
99,37.38971802875157,-122.08228248182877,1575908184.0,2019-12-09T08:16:24-08:00,POINT (-122.08228248182877 37.38971802875157),1.8733991054385655,159.50137552772586,ios,0.8275000296618832,-4.718430503358739e-05,0.10919946350502974
100,37.38972297421534,-122.0822754827402,1575908185.0,2019-12-09T08:16:25-08:00,POINT (-122.0822754827402 37.38972297421534),1.6516318748044454,160.29874822486312,ios,0.8274528453568496,0.10915227919999615,-0.10920456029709347
101,37.38972791939731,-122.08226848405047,1575908186.0,2019-12-09T08:16:26-08:00,POINT (-122.08226848405047 37.38972791939731),1.4298772032351739,161.0960754340009,ios,0.9366051245568457,-5.228109709731754e-05,0.10089167686609202
102,37.38973001493156,-122.08225821593264,1575908187.0,2019-12-09T08:16:27-08:00,POINT (-122.08225821593264 37.38973001493156),1.619137139830451,162.0150581908439,ios,0.9365528434597484,0.1008393957689947,-0.24870460113063297
103,37.389732110348895,-122.0822479483877,1575908188.0,2019-12-09T08:16:28-08:00,POINT (-122.0822479483877 37.389732110348895),1.8083864054917576,162.93398967535595,ios,1.0373922392287431,-0.14786520536163827,0.14781490949295673
104,37.38973177507277,-122.08223621372326,1575908189.0,2019-12-09T08:16:29-08:00,POINT (-122.08223621372326 37.38973177507277),2.2969622962618037,163.8515172744589,ios,0.8895270338671049,-5.0295868681549116e-05,0.4448072348494667
105,37.389734750732465,-122.08222686763716,1575908190.0,2019-12-09T08:16:30-08:00,POINT (-122.08222686763716 37.389734750732465),2.362681569253527,164.73990875712855,ios,0.8894767379984233,0.44475693898078517,-0.37251257853314923
106,37.38973772622402,-122.08221752207919,1575908191.0,2019-12-09T08:16:31-08:00,POINT (-122.08221752207919 37.38973772622402),2.42839702355687,165.62825001611816,ios,1.3342336769792085,0.07224436044763594,-0.39194779992300455
107,37.389742839184954,-122.08220385957702,1575908192.0,2019-12-09T08:16:32-08:00,POINT (-122.08220385957702 37.389742839184954),2.448368993122279,166.96402784703747,ios,1.4064780374268444,-0.3197034394753686,0.27233383581221404
108,37.38974791023637,-122.0821892750655,1575908193.0,2019-12-09T08:16:33-08:00,POINT (-122.0821892750655 37.38974791023637),2.5082812911684123,168.3711403949635,ios,1.0867745979514758,-0.04736960366315457,0.08950945881102546
109,37.389749418978944,-122.0821771213059,1575908194.0,2019-12-09T08:16:34-08:00,POINT (-122.0821771213059 37.389749418978944),2.8291994620972774,169.4116557594085,ios,1.0394049942883212,0.042139855147870886,0.1955039625283257
110,37.389750718173936,-122.0821654704605,1575908195.0,2019-12-09T08:16:35-08:00,POINT (-122.0821654704605 37.389750718173936),3.1515107239057345,170.40196406853494,ios,1.0815448494361921,0.23764381767619658,-0.3505020419864959
111,37.38975390329714,-122.08215390343412,1575908196.0,2019-12-09T08:16:36-08:00,POINT (-122.08215390343412 37.38975390329714),3.282479105900002,171.4772761159959,ios,1.3191886671123887,-0.11285822431029935,0.06520131633404391
112,37.38975998017694,-122.08214107912227,1575908197.0,2019-12-09T08:16:37-08:00,POINT (-122.08214107912227 37.38975998017694),3.173804521812371,172.7932074604224,ios,1.2063304428020893,-0.047656907976255436,0.16205999863868703
113,37.389766518061414,-122.08213018264814,1575908198.0,2019-12-09T08:16:38-08:00,POINT (-122.08213018264814 37.389766518061414),2.9443793691982765,173.97813370570157,ios,1.158673534825834,0.1144030906624316,-0.04500647650633294
114,37.38977251112218,-122.08211945381208,1575908199.0,2019-12-09T08:16:39-08:00,POINT (-122.08211945381208 37.38977251112218),2.762789733109126,175.12323594140457,ios,1.2730766254882655,0.06939661415609866,-0.07829664865208485
115,37.389778336544886,-122.08210704859539,1575908200.0,2019-12-09T08:16:40-08:00,POINT (-122.08210704859539 37.389778336544886),2.662938600753878,176.39359292522136,ios,1.3424732396443642,-0.008900034495986198,0.2476303103623687
116,37.389784916338876,-122.08209430810257,1575908201.0,2019-12-09T08:16:41-08:00,POINT (-122.08209430810257 37.389784916338876),2.500854399699121,177.7273000538213,ios,1.333573205148378,0.2387302758663825,-0.21950407485636636
117,37.38979229241367,-122.08208240580007,1575908202.0,2019-12-09T08:16:42-08:00,POINT (-122.08208240580007 37.38979229241367),2.2268437399709384,179.03301196287018,ios,1.5723034810147605,0.019226201010016153,-0.17560466738589553
118,37.38980067431684,-122.08206807274564,1575908203.0,2019-12-09T08:16:43-08:00,POINT (-122.08206807274564 37.38980067431684),1.9467952202253542,180.58105162972066,ios,1.5915296820247766,-0.15637846637587938,0.22248401715309352
119,37.389809601043716,-122.08205399114831,1575908204.0,2019-12-09T08:16:44-08:00,POINT (-122.08205399114831 37.389809601043716),1.602655852963594,182.13556410118292,ios,1.4351512156488972,0.06610555077721414,-0.059650961164827265
120,37.38981898877527,-122.0820428432171,1575908205.0,2019-12-09T08:16:45-08:00,POINT (-122.0820428432171 37.38981898877527),1.0987544500746127,183.4790292232273,ios,1.5012567664261114,0.006454589612386874,0.052324183342600694
121,37.38982875369246,-122.08203110855266,1575908206.0,2019-12-09T08:16:46-08:00,POINT (-122.08203110855266 37.38982875369246),0.5799911835517032,184.88752016149854,ios,1.5077113560384983,0.05877877295498757,0.22444761353246823
122,37.38983918916191,-122.08202021207853,1575908207.0,2019-12-09T08:16:47-08:00,POINT (-122.08202021207853 37.38983918916191),0.038159056006840275,186.26190419830982,ios,1.5664901289934858,0.2832263864874558,0.23052580144664625
123,37.38984975035991,-122.08200847741409,1575908208.0,2019-12-09T08:16:48-08:00,POINT (-122.08200847741409 37.38984975035991),0.6363393847907736,187.70910139805926,ios,1.8497165154809416,0.513752187934102,-0.6486656932140054
124,37.38986223939563,-122.08199464727386,1575908209.0,2019-12-09T08:16:49-08:00,POINT (-122.08199464727386 37.38986223939563),1.3455177718992883,189.4167636006934,ios,2.3634687034150437,-0.1349135052799033,-0.20830008106819942
125,37.38987946420665,-122.08197897311493,1575908210.0,2019-12-09T08:16:50-08:00,POINT (-122.08197897311493 37.38987946420665),2.455495272636855,191.50137186277567,ios,2.2285551981351404,-0.34321358634810273,0.42599405002362056
126,37.389896311832025,-122.08196531061276,1575908211.0,2019-12-09T08:16:51-08:00,POINT (-122.08196531061276 37.389896311832025),3.605877786037322,193.40756074372027,ios,1.8853416117870376,0.08278046367551783,-0.13304535823959807
127,37.38991072870548,-122.08195407886251,1575908212.0,2019-12-09T08:16:52-08:00,POINT (-122.08195407886251 37.38991072870548),4.582492172909209,195.12966892852253,ios,1.9681220754625555,-0.05026489456408023,-0.03146482902409753
128,37.38992573231216,-122.08194226037904,1575908213.0,2019-12-09T08:16:53-08:00,POINT (-122.08194226037904 37.38992573231216),5.57375926002448,196.82763119165517,ios,1.9178571808984752,-0.08172972358817776,0.028706600214223776
129,37.389940023457065,-122.08193010661944,1575908214.0,2019-12-09T08:16:54-08:00,POINT (-122.08193010661944 37.389940023457065),6.481218841069709,198.51531261744344,ios,1.8361274573102975,-0.053023123373953984,-0.19624600296022598
130,37.38995263822134,-122.08191669557436,1575908215.0,2019-12-09T08:16:55-08:00,POINT (-122.08191669557436 37.38995263822134),7.172289679662016,200.21556041142065,ios,1.7831043339363435,-0.24926912633417997,0.2799680696023865
131,37.38996282223369,-122.08190110523446,1575908216.0,2019-12-09T08:16:56-08:00,POINT (-122.08190110523446 37.38996282223369),7.534999058216795,201.961983637594,ios,1.5338352076021635,0.030698943268206547,0.08655031297124371
132,37.38997040785606,-122.08188660454198,1575908217.0,2019-12-09T08:16:57-08:00,POINT (-122.08188660454198 37.38997040785606),7.686815276950751,203.48945381370086,ios,1.56453415087037,0.11724925623945026,-0.17444409862245358
133,37.38997732292618,-122.08187118184014,1575908218.0,2019-12-09T08:16:58-08:00,POINT (-122.08187118184014 37.38997732292618),7.734902460915092,205.05483761888217,ios,1.6817834071098203,-0.05719484238300332,0.13309052727891246
134,37.38998507618661,-122.08185483712896,1575908219.0,2019-12-09T08:16:59-08:00,POINT (-122.08185483712896 37.38998507618661),7.800160242904542,207.02143469224157,ios,1.624588564726817,0.07589568489590914,-0.12040068338398813
135,37.389993332361236,-122.08183966588422,1575908220.0,2019-12-09T08:17:00-08:00,POINT (-122.08183966588422 37.389993332361236),7.931283444143427,208.6418397535698,ios,1.7004842496227262,-0.044504998488078984,-0.15437210341224272
136,37.39000230099763,-122.08182407554432,1575908221.0,2019-12-09T08:17:01-08:00,POINT (-122.08182407554432 37.39000230099763),8.112726326474766,210.33360952294112,ios,1.6559792511346472,-0.1988771019003217,0.2927573298312143
137,37.39001122772451,-122.08180907193764,1575908222.0,2019-12-09T08:17:02-08:00,POINT (-122.08180907193764 37.39001122772451),8.315839961262744,211.97794554452705,ios,1.4571021492343255,0.09388022793089257,-0.31113911603134237
138,37.39001885525639,-122.08179566089257,1575908223.0,2019-12-09T08:17:03-08:00,POINT (-122.08179566089257 37.39001885525639),8.46349242720349,213.42842984074252,ios,1.550982377165218,-0.2172588881004498,0.08567769564314709
139,37.39002761434521,-122.0817819983904,1575908224.0,2019-12-09T08:17:04-08:00,POINT (-122.0817819983904 37.39002761434521),8.70921284733429,214.96040029392188,ios,1.3337234890647682,-0.1315811924573027,0.3098348777149724
140,37.3900339426821,-122.08176917407854,1575908225.0,2019-12-09T08:17:05-08:00,POINT (-122.08176917407854 37.3900339426821),8.757328977283782,216.29440186394368,ios,1.2021422966074655,0.17825368525766971,-0.19253287369617067
141,37.39003880418594,-122.08175702031895,1575908226.0,2019-12-09T08:17:06-08:00,POINT (-122.08175702031895 37.39003880418594),8.694926276397036,217.3344502693516,ios,1.3803959818651352,-0.014279188438500956,0.47249825069557705
142,37.390044042875424,-122.08174285490259,1575908227.0,2019-12-09T08:17:07-08:00,POINT (-122.08174285490259 37.390044042875424),8.647347364837563,218.4159590292901,ios,1.3661167934266343,0.4582190622570761,-0.7157581321057771
143,37.390048485284105,-122.08172843802913,1575908228.0,2019-12-09T08:17:08-08:00,POINT (-122.08172843802913 37.390048485284105),8.515991426617422,219.7777838506268,ios,1.8243358556837104,-0.257539069848701,-0.23363198969423027
144,37.39005573563035,-122.08170991402312,1575908229.0,2019-12-09T08:17:09-08:00,POINT (-122.08170991402312 37.39005573563035),8.500192896439454,221.60426100432014,ios,1.5667967858350094,-0.4911710595429313,0.7329352553270367
145,37.39006013612951,-122.08169306639775,1575908230.0,2019-12-09T08:17:10-08:00,POINT (-122.08169306639775 37.39006013612951),8.26824376890501,223.15636900106944,ios,1.075625726292078,0.24176419578410546,-0.20406947027044442
146,37.390062944067076,-122.08168141555234,1575908231.0,2019-12-09T08:17:11-08:00,POINT (-122.08168141555234 37.390062944067076),8.084513865744348,224.2180228435381,ios,1.3173899220761836,0.03769472551366104,-0.15467114224492362
147,37.39006684165205,-122.08166733395501,1575908232.0,2019-12-09T08:17:12-08:00,POINT (-122.08166733395501 37.39006684165205),7.912422795602041,225.52622399899678,ios,1.3550846475898446,-0.11697641673126258,0.08730051629179969
148,37.390072247979596,-122.08165358763381,1575908233.0,2019-12-09T08:17:13-08:00,POINT (-122.08165358763381 37.390072247979596),7.903276787619934,226.8829103779104,ios,1.238108230858582,-0.029675900439462888,0.010041792744374112
149,37.39007899541165,-122.08164243970259,1575908234.0,2019-12-09T08:17:14-08:00,POINT (-122.08164243970259 37.39007899541165),8.130234889408364,228.10064605519395,ios,1.2084323304191191,-0.019634107695088776,-0.05456271587582928
150,37.390084108372584,-122.08163036976202,1575908235.0,2019-12-09T08:17:15-08:00,POINT (-122.08163036976202 37.390084108372584),8.15850020525936,229.31007830834105,ios,1.1887982227240304,-0.07419682357091806,0.19466400768470749
151,37.39008909560497,-122.08161846745952,1575908236.0,2019-12-09T08:17:16-08:00,POINT (-122.08161846745952 37.39008909560497),8.180946257851131,230.49999224377018,ios,1.1146013991531123,0.12046718411378943,0.09124524118965116
152,37.390095717308476,-122.08160899590894,1575908237.0,2019-12-09T08:17:17-08:00,POINT (-122.08160899590894 37.390095717308476),8.461942775843141,231.57880909524854,ios,1.2350685832669017,0.2117124253034406,-0.07488629783896217
153,37.390102506650045,-122.08159793179675,1575908238.0,2019-12-09T08:17:18-08:00,POINT (-122.08159793179675 37.390102506650045),8.696383763647972,232.79199489827153,ios,1.4467810085703423,0.13682612746447842,-0.23309700701896374
154,37.39011042754854,-122.08158493984683,1575908239.0,2019-12-09T08:17:19-08:00,POINT (-122.08158493984683 37.39011042754854),8.966573079384492,234.21401155306327,ios,1.5836071360348207,-0.09627087955448532,-0.059410293452302865
155,37.390117091161564,-122.08156909804984,1575908240.0,2019-12-09T08:17:20-08:00,POINT (-122.08156909804984 37.390117091161564),8.998996238924807,235.79904651304903,ios,1.4873362564803354,-0.1556811730067882,0.12901482596538694
156,37.390122748946204,-122.08155384298607,1575908241.0,2019-12-09T08:17:21-08:00,POINT (-122.08155384298607 37.390122748946204),8.95493534864339,237.28763558286937,ios,1.3316550834735472,-0.02666634704140125,-0.21230197466578815
157,37.39012601788844,-122.08153934229358,1575908242.0,2019-12-09T08:17:22-08:00,POINT (-122.08153934229358 37.39012601788844),8.703868139166255,238.59774517057096,ios,1.304988736432146,-0.2389683217071894,-0.09927069603011973
158,37.390127400902465,-122.08152467396303,1575908243.0,2019-12-09T08:17:23-08:00,POINT (-122.08152467396303 37.390127400902465),8.259096232771055,239.82734838421803,ios,1.0660204147249566,-0.33823901773730913,0.33819700987282997
159,37.390130544116154,-122.08151327457472,1575908244.0,2019-12-09T08:17:24-08:00,POINT (-122.08151327457472 37.390130544116154),8.118598913731768,240.8857724777705,ios,0.7277813969876474,-4.200786447916549e-05,-0.2969478833698512
160,37.39013603442112,-122.08150879012713,1575908245.0,2019-12-09T08:17:25-08:00,POINT (-122.08150879012713 37.39013603442112),8.48523609273422,241.51365857579495,ios,0.7277393891231683,-0.29698989123433034,0.2969898923736614
161,37.39014152440931,-122.08150430593831,1575908246.0,2019-12-09T08:17:26-08:00,POINT (-122.08150430593831 37.39014152440931),8.851852162928715,242.14150840343785,ios,0.43074949788883793,1.1393310739293838e-09,-2.519469466388813e-09
162,37.390141545364656,-122.0814994303267,1575908247.0,2019-12-09T08:17:27-08:00,POINT (-122.0814994303267 37.390141545364656),8.660497882091466,242.52840113043175,ios,0.430749499028169,-1.380138392459429e-09,2.519469466388813e-09
163,37.39014156632001,-122.08149455471508,1575908248.0,2019-12-09T08:17:28-08:00,POINT (-122.08149455471508 37.39014156632001),8.469143621190426,242.9152938675331,ios,0.4307494976480306,1.1393310739293838e-09,-8.547884622345236e-12
164,37.39014158727536,-122.08148967910347,1575908249.0,2019-12-09T08:17:29-08:00,POINT (-122.08148967910347 37.39014158727536),8.277789377919254,243.30218661617494,ios,0.4307494987873617,1.1307831893070386e-09,-7.312519331392764e-05
165,37.390141608230714,-122.08148480349185,1575908250.0,2019-12-09T08:17:30-08:00,POINT (-122.08148480349185 37.390141608230714),8.086435157304853,243.68907937370403,ios,0.4307494999181449,-7.312406253073833e-05,0.6542176635337595
166,37.39014162918606,-122.08147992788021,1575908251.0,2019-12-09T08:17:31-08:00,POINT (-122.08147992788021 37.39014162918606),7.89508095432032,244.0759721427736,ios,0.43067637585561414,0.6541445394712287,-0.4089590413661982
167,37.390141650137856,-122.08147505309626,1575908252.0,2019-12-09T08:17:32-08:00,POINT (-122.08147505309626 37.390141650137856),7.703759254171291,244.46279924510617,ios,1.0848209153268429,0.24518549810503054,0.315316901344606
168,37.390134986524835,-122.08146608445986,1575908253.0,2019-12-09T08:17:33-08:00,POINT (-122.08146608445986 37.390134986524835),6.687017239209295,244.84123672452657,ios,1.3300064134318734,0.5605023994496365,-0.6187481807235586
169,37.39012509587909,-122.08145761873766,1575908254.0,2019-12-09T08:17:34-08:00,POINT (-122.08145761873766 37.39012509587909),5.370157081469347,245.01941833792725,ios,1.89050881288151,-0.05824578127392207,-0.016977788960063845
170,37.390014287119165,-122.08140296872898,1575908261.0,2019-12-09T08:17:41-08:00,POINT (-122.08140296872898 37.390014287119165),7.511174075174659,250.8553465932431,ios,1.4827883439640555,-0.17709030399436898,0.1621247389847289
171,37.390003977378264,-122.08139232371195,1575908262.0,2019-12-09T08:17:42-08:00,POINT (-122.08139232371195 37.390003977378264),8.203373340229724,252.1658195076724,ios,1.3056980399696865,-0.01496556500964008,0.3448671465851707
172,37.389995763113156,-122.08138176251396,1575908263.0,2019-12-09T08:17:43-08:00,POINT (-122.08138176251396 37.389995763113156),8.666578056076334,253.59787037322297,ios,1.2907324749600464,0.3299015815755306,-0.3187213549348302
173,37.389987884124174,-122.0813710336779,1575908264.0,2019-12-09T08:17:44-08:00,POINT (-122.0813710336779 37.389987884124174),9.07643699339669,254.8219170396062,ios,1.620634056535577,0.011180226640700397,-0.08685148366379924
174,37.3899789573973,-122.08135653298541,1575908265.0,2019-12-09T08:17:45-08:00,POINT (-122.08135653298541 37.3899789573973),9.455980993358986,256.39822843457813,ios,1.6318142831762774,-0.07567125702309885,-0.028469909749313516
175,37.38997049167509,-122.0813414455597,1575908266.0,2019-12-09T08:17:46-08:00,POINT (-122.0813414455597 37.38997049167509),9.76761923070644,258.0010528239023,ios,1.5561430261531786,-0.10414116677241236,-0.027200600240789186
176,37.38996294796224,-122.08132660959109,1575908267.0,2019-12-09T08:17:47-08:00,POINT (-122.08132660959109 37.38996294796224),9.994981603456747,259.54176652733196,ios,1.4520018593807662,-0.13134176701320155,0.03625859470243964
177,37.389956326258734,-122.08131244417473,1575908268.0,2019-12-09T08:17:48-08:00,POINT (-122.08131244417473 37.389956326258734),10.15322562080148,260.98650583236036,ios,1.3206600923675647,-0.09508317231076191,0.05024752137482014
178,37.38995150666441,-122.08129878167256,1575908269.0,2019-12-09T08:17:49-08:00,POINT (-122.08129878167256 37.38995150666441),10.147162414055401,262.30892312221243,ios,1.2255769200568027,-0.04483565093594177,-0.0830716731183605
179,37.38994844726975,-122.08128545444652,1575908270.0,2019-12-09T08:17:50-08:00,POINT (-122.08128545444652 37.38994844726975),9.974973135851968,263.5244634536173,ios,1.180741269120861,-0.12790732405430227,0.27137519036876023
180,37.38994765098895,-122.08127212722047,1575908271.0,2019-12-09T08:17:51-08:00,POINT (-122.08127212722047 37.38994765098895),9.573602744314156,264.63742164372906,ios,1.0528339450665587,0.14346786631445796,-0.06659637412329089
181,37.38994886636491,-122.081260308737,1575908272.0,2019-12-09T08:17:52-08:00,POINT (-122.081260308737 37.38994886636491),9.023082812411861,265.5372864423714,ios,1.1963018113810167,0.07687149219116707,-0.278169159895149
182,37.38995477560665,-122.08124899316772,1575908273.0,2019-12-09T08:17:53-08:00,POINT (-122.08124899316772 37.38995477560665),7.965089252574935,267.29555209073686,ios,1.2731733035721837,-0.20129766770398194,-0.04392373000107064
183,37.38995896655823,-122.08123558212264,1575908274.0,2019-12-09T08:17:54-08:00,POINT (-122.08123558212264 37.38995896655823),6.940651472956803,268.05467691549813,ios,1.0718756358682018,-0.24522139770505258,0.24517449829230298
184,37.38995678726341,-122.08122376363917,1575908275.0,2019-12-09T08:17:55-08:00,POINT (-122.08122376363917 37.38995678726341),6.589978699316742,269.0696336717698,ios,0.8266542381631492,-4.689941274960141e-05,-0.48714991744679714
185,37.38994980913103,-122.08122053651489,1575908276.0,2019-12-09T08:17:56-08:00,POINT (-122.08122053651489 37.38994980913103),7.094331851814701,269.7228283843899,ios,0.8266073387503996,-0.48719681685954674,0.48719681189204234
186,37.38994283139463,-122.08121730957374,1575908277.0,2019-12-09T08:17:57-08:00,POINT (-122.08121730957374 37.38994283139463),7.59865635071905,270.3759860712744,ios,0.33941052189085286,-4.967504407815682e-09,2.0125699995432456e-09
187,37.3899453565146,-122.08121515117243,1575908278.0,2019-12-09T08:17:58-08:00,POINT (-122.08121515117243 37.3899453565146),7.2597941283113325,270.38913327481214,ios,0.33941051692334845,-2.954934408272436e-09,-3.8519498380351624e-05
188,37.38994788163457,-122.08121299277113,1575908279.0,2019-12-09T08:17:59-08:00,POINT (-122.08121299277113 37.38994788163457),6.9209319095433335,270.4022804652873,ios,0.33941051396841404,-3.85224533147599e-05,1.2787711230423886
189,37.389950406754544,-122.08121083436983,1575908280.0,2019-12-09T08:18:00-08:00,POINT (-122.08121083436983 37.389950406754544),6.582069692369313,270.4154276415819,ios,0.3393719915150993,1.2787326005890738,-1.2877201776666745
190,37.38995293158795,-122.08120867621348,1575908281.0,2019-12-09T08:18:01-08:00,POINT (-122.08120867621348 37.38995293158795),6.243245935883254,270.4285733129668,ios,1.618104592104173,-0.008987577077600561,0.022306781978525564
191,37.39000200763102,-122.08116928126856,1575908285.0,2019-12-09T08:18:05-08:00,POINT (-122.08116928126856 37.39000200763102),0.222533907428575,270.4925086417625,ios,1.5821542837937708,0.0802395508365017,-0.28119408300934445
192,37.390011437272086,-122.08115587022348,1575908286.0,2019-12-09T08:18:06-08:00,POINT (-122.08115587022348 37.390011437272086),1.7394901019705609,270.9429980838565,ios,1.6623938346302725,-0.20095453217284276,0.31097813032385524
193,37.3900194000801,-122.08113994460746,1575908287.0,2019-12-09T08:18:07-08:00,POINT (-122.08113994460746 37.3900194000801),3.2367456479317824,271.66853532344646,ios,1.4614393024574297,0.11002359815101248,0.005593953607682556
194,37.39002463876958,-122.08112477336272,1575908288.0,2019-12-09T08:18:08-08:00,POINT (-122.08112477336272 37.39002463876958),3.8709112521111293,274.41685189270805,ios,1.5714629006084422,0.11561755175869504,-0.13995113234035128
195,37.39002765625472,-122.08108940173133,1575908290.0,2019-12-09T08:18:10-08:00,POINT (-122.08108940173133 37.39002765625472),5.292210000774022,275.9546539755572,ios,1.8026980041258323,-0.16428471292200753,0.45224204096505805
196,37.39002589605506,-122.08106911752566,1575908291.0,2019-12-09T08:18:11-08:00,POINT (-122.08106911752566 37.39002589605506),5.859184136441467,277.669646800033,ios,1.6384132912038247,0.2879573280430505,-0.42597588055628766
197,37.39002241756524,-122.08105109643384,1575908292.0,2019-12-09T08:18:12-08:00,POINT (-122.08105109643384 37.39002241756524),6.169596840886858,279.28139417306556,ios,1.9263706192468752,-0.13801855251323714,-0.004263236518528224
198,37.390014580485776,-122.08103165041848,1575908293.0,2019-12-09T08:18:13-08:00,POINT (-122.08103165041848 37.390014580485776),6.092282341695036,281.2084715151997,ios,1.7883520667336381,-0.14228178903176536,0.13734044873922824
199,37.39000640813018,-122.08101421605988,1575908294.0,2019-12-09T08:18:14-08:00,POINT (-122.08101421605988 37.39000640813018),5.907266124229033,282.9889256040723,ios,1.6460702777018728,-0.004941340292537122,0.04798935921432945
200,37.38999894823636,-122.0809981228058,1575908295.0,2019-12-09T08:18:15-08:00,POINT (-122.0809981228058 37.38999894823636),5.744944583022497,284.62856522705,ios,1.6411289374093356,0.04304801892179233,-0.003193550924217581
201,37.389991027337864,-122.08098244864686,1575908296.0,2019-12-09T08:18:16-08:00,POINT (-122.08098244864686 37.389991027337864),5.596813444939976,285.7870467435465,ios,1.684176956331128,0.03985446799757475,-0.10164535433316568
202,37.389983232167914,-122.08096610393568,1575908297.0,2019-12-09T08:18:17-08:00,POINT (-122.08096610393568 37.389983232167914),5.551519205170066,287.47215820893314,ios,1.7240314243287027,-0.06179088633559093,0.12319476144068853
203,37.38997640091683,-122.08094858575805,1575908298.0,2019-12-09T08:18:18-08:00,POINT (-122.08094858575805 37.38997640091683),5.650347361453296,289.19545501838263,ios,1.6622405379931118,0.061403875105097594,0.08934573944609192
204,37.38997112031783,-122.08093098376139,1575908299.0,2019-12-09T08:18:19-08:00,POINT (-122.08093098376139 37.38997112031783),5.902803700839899,290.84095227027416,ios,1.7236444130982094,0.15074961455118951,-0.3086690957010587
205,37.38996667790915,-122.08091229211732,1575908300.0,2019-12-09T08:18:20-08:00,POINT (-122.08091229211732 37.38996667790915),6.283586337213781,292.5249981653334,ios,1.8743940276493989,-0.1579194811498692,0.07930713323939109
206,37.389962193590954,-122.08089184027358,1575908301.0,2019-12-09T08:18:21-08:00,POINT (-122.08089184027358 37.389962193590954),6.736639996735742,294.3471743684432,ios,1.7164745464995297,-0.07861234791047811,0.20638723932693437
207,37.389957332087114,-122.0808734000866,1575908302.0,2019-12-09T08:18:22-08:00,POINT (-122.0808734000866 37.389957332087114),7.065981206512931,296.0345881407661,ios,1.6378621985890516,0.12777489141645626,-0.2016222536868746
208,37.389954482240036,-122.08085521135672,1575908303.0,2019-12-09T08:18:23-08:00,POINT (-122.08085521135672 37.389954482240036),7.579005099209608,297.593272510693,ios,1.7656370900055078,-0.07384736227041833,-0.16578767663376204
209,37.38995221912618,-122.08083543006524,1575908304.0,2019-12-09T08:18:24-08:00,POINT (-122.08083543006524 37.38995221912618),8.217839108844338,299.2429856485034,ios,1.6917897277350895,-0.23963503890418036,0.054626862605592796
210,37.38995050083603,-122.08081640314504,1575908305.0,2019-12-09T08:18:25-08:00,POINT (-122.08081640314504 37.38995050083603),8.876663245548201,300.8048680761323,ios,1.4521546888309091,-0.18500817629858757,0.5477454174843941
211,37.38995091993119,-122.08079997461482,1575908306.0,2019-12-09T08:18:26-08:00,POINT (-122.08079997461482 37.38995091993119),9.629565335493728,302.0500512947391,ios,1.2671465125323216,0.3627372411858065,-0.239335540761637
212,37.389953685959235,-122.08078606065556,1575908307.0,2019-12-09T08:18:27-08:00,POINT (-122.08078606065556 37.389953685959235),9.670752248982481,323.830248385955,ios,1.629883753718128,0.12340170042416954,0.10777697111836232
213,37.389969360118165,-122.08075487997576,1575908309.0,2019-12-09T08:18:29-08:00,POINT (-122.08075487997576 37.389969360118165),8.35190339309267,329.4542191893417,ios,1.8766871545664672,0.3389556426608942,-0.5490577780686898
214,37.389980298501804,-122.08073870290264,1575908310.0,2019-12-09T08:18:30-08:00,POINT (-122.08073870290264 37.389980298501804),7.528208944599316,331.1410209359504,ios,2.2156427972273613,-0.21010213540779565,0.13279349127387263
215,37.38999408673252,-122.08072059799179,1575908311.0,2019-12-09T08:18:31-08:00,POINT (-122.08072059799179 37.38999408673252),6.6752972647697995,333.1859410975426,ios,2.0055406618195657,-0.07730864413392302,-0.05852618068588833
216,37.39000653385873,-122.08070416946157,1575908312.0,2019-12-09T08:18:32-08:00,POINT (-122.08070416946157 37.39000653385873),5.898487434551538,335.03497232290295,ios,1.9282320176856427,-0.13583482481981135,0.10543613018463871
217,37.39001919053252,-122.08068924967392,1575908313.0,2019-12-09T08:18:33-08:00,POINT (-122.08068924967392 37.39001919053252),5.253326169053727,336.8516199940765,ios,1.7923971928658313,-0.03039869463517264,0.3014681940343189
218,37.39003134429212,-122.08067592244788,1575908314.0,2019-12-09T08:18:34-08:00,POINT (-122.08067592244788 37.39003134429212),4.714842764726674,338.56051820186036,ios,1.7619984982306587,0.27106949939914626,-0.4934837847938405
219,37.39004395905639,-122.08066385250731,1575908315.0,2019-12-09T08:18:35-08:00,POINT (-122.08066385250731 37.39004395905639),4.298834856794922,340.27152560443943,ios,2.033067997629805,-0.2224142853946942,-0.03680820392484496
220,37.390059004572585,-122.08065077673837,1575908316.0,2019-12-09T08:18:36-08:00,POINT (-122.08065077673837 37.390059004572585),3.9096665667919366,342.2652722807123,ios,1.8106537122351107,-0.2592224893195392,0.2617883112529906
221,37.39007262516524,-122.08063954498812,1575908317.0,2019-12-09T08:18:37-08:00,POINT (-122.08063954498812 37.39007262516524),3.606452057062638,344.0486504888446,ios,1.5514312229155716,0.002565821933451451,0.14446748397402231
222,37.390084108372584,-122.08062957052334,1575908318.0,2019-12-09T08:18:38-08:00,POINT (-122.08062957052334 37.390084108372584),3.309862661973806,345.5701490749142,ios,1.553997044849023,0.14703330590747377,0.031443738668544
223,37.39009596876557,-122.08062026661082,1575908319.0,2019-12-09T08:18:39-08:00,POINT (-122.08062026661082 37.39009596876557),3.0844483604705273,347.10611389496955,ios,1.7010303507564968,0.17847704457601776,-0.41566512006216794
224,37.39010950553919,-122.08061129797443,1575908320.0,2019-12-09T08:18:40-08:00,POINT (-122.08061129797443 37.39010950553919),2.960955397056962,348.800466658741,ios,1.8795073953325145,-0.23718807548615017,0.04689091260048128
225,37.390125179698124,-122.08060333516642,1575908321.0,2019-12-09T08:18:41-08:00,POINT (-122.08060333516642 37.390125179698124),3.316642734948444,349.983515375199,ios,1.6423193198463644,-0.1902971628856689,0.229316401762103
226,37.39013947084303,-122.08059864130064,1575908322.0,2019-12-09T08:18:42-08:00,POINT (-122.08059864130064 37.39013947084303),3.9173076098232977,351.5086341531877,ios,1.4520221569606955,0.039019238876434104,-0.03206598528022697
227,37.39015221133585,-122.08059503708228,1575908323.0,2019-12-09T08:18:43-08:00,POINT (-122.08059503708228 37.39015221133585),4.494265556215289,352.8379410105465,ios,1.4910413958371296,0.006953253596207132,0.02099194110995617
228,37.39016478419061,-122.08058916975006,1575908324.0,2019-12-09T08:18:44-08:00,POINT (-122.08058916975006 37.39016478419061),4.898535118917142,354.2705098977749,ios,1.4979946494333367,0.0279451947061633,0.03284609946860284
229,37.39017739895488,-122.0805832185988,1575908325.0,2019-12-09T08:18:45-08:00,POINT (-122.0805832185988 37.39017739895488),5.299560696904134,355.71121235018603,ios,1.5259398441395,0.06079129417476614,0.009879306555939937
230,37.39018967844303,-122.08057550724789,1575908326.0,2019-12-09T08:18:46-08:00,POINT (-122.08057550724789 37.39018967844303),5.552853007559569,357.213881165904,ios,1.5867311383142662,0.07067060073070608,0.17450079580841615
231,37.39020204175021,-122.08056653861149,1575908327.0,2019-12-09T08:18:47-08:00,POINT (-122.08056653861149 37.39020204175021),5.721797741391541,358.78976414971794,ios,1.6574017390449722,0.24517139653912223,-0.3840580063795398
232,37.390214907971576,-122.08055706706091,1575908328.0,2019-12-09T08:18:48-08:00,POINT (-122.08055706706091 37.390214907971576),5.8877481413629225,360.436967504793,ios,1.9025731355840945,-0.13888660984041756,-0.15474814785480873
233,37.3902300373068,-122.0805470087771,1575908329.0,2019-12-09T08:18:49-08:00,POINT (-122.0805470087771 37.3902300373068),6.160007010966315,362.31750207553495,ios,1.763686525743677,-0.2936347576952263,0.31007856195451455
234,37.39024437036122,-122.08053845923587,1575908330.0,2019-12-09T08:18:50-08:00,POINT (-122.08053845923587 37.39024437036122),6.487915724974897,364.04787792103735,ios,1.4700517680484506,0.016443804259288264,0.040631656782605496
235,37.39025644030179,-122.0805316698943,1575908331.0,2019-12-09T08:18:51-08:00,POINT (-122.0805316698943 37.39025644030179),6.760772663179424,366.109133211377,ios,1.4864955723077389,0.05707546104189376,0.09104232010296576
236,37.39026821687575,-122.08052370708629,1575908332.0,2019-12-09T08:18:52-08:00,POINT (-122.08052370708629 37.39026821687575),6.8268309766483695,367.59229484974264,ios,1.5435710333496326,0.14811778114485952,-0.14137340120761777
237,37.39028083164002,-122.08051641483053,1575908333.0,2019-12-09T08:18:53-08:00,POINT (-122.08051641483053 37.39028083164002),6.991581023849286,369.1247739097335,ios,1.6916888144944922,0.006744379937241751,0.0511324211953077
238,37.39029487132783,-122.08050903875574,1575908334.0,2019-12-09T08:18:54-08:00,POINT (-122.08050903875574 37.39029487132783),7.231145759998889,370.7967226255936,ios,1.698433194431734,0.05787680113254945,-0.13518442422959098
239,37.39030874337758,-122.08050099212869,1575908335.0,2019-12-09T08:18:55-08:00,POINT (-122.08050099212869 37.39030874337758),7.410222387443409,372.4831935244946,ios,1.7563099955642834,-0.07730762309704153,-0.15425764242536855
240,37.39032303452249,-122.08049252640649,1575908336.0,2019-12-09T08:18:56-08:00,POINT (-122.08049252640649 37.39032303452249),7.581340275175727,374.2286155498505,ios,1.6790023724672418,-0.23156526552241008,0.3039272099575818
241,37.39033686466272,-122.0804848988746,1575908337.0,2019-12-09T08:18:57-08:00,POINT (-122.0804848988746 37.39033686466272),7.75741513910223,376.50513759627097,ios,1.4474371069448317,0.07236194443517174,-0.1652014412696976
242,37.39034901842232,-122.08047903154238,1575908338.0,2019-12-09T08:18:58-08:00,POINT (-122.08047903154238 37.39034901842232),7.891258528554462,377.94395935503246,ios,1.5197990513800035,-0.09283949683452586,0.17904062218011219
243,37.39036163318659,-122.08047240983888,1575908339.0,2019-12-09T08:18:59-08:00,POINT (-122.08047240983888 37.39036163318659),7.988001921951707,379.45827629834554,ios,1.4269595545454776,0.08620112534558633,-0.053690284887535134
244,37.39037336785103,-122.0804658719544,1575908340.0,2019-12-09T08:19:00-08:00,POINT (-122.0804658719544 37.39037336785103),8.04800509134274,380.88181825492956,ios,1.513160679891064,0.03251084045805119,-0.0809388785043208
245,37.39038577306773,-122.08045883115574,1575908341.0,2019-12-09T08:19:01-08:00,POINT (-122.08045883115574 37.39038577306773),8.101181135940399,382.39179230575127,ios,1.5456715203491151,-0.048428038046269606,0.10612003522753022
246,37.39039801064636,-122.0804505330716,1575908342.0,2019-12-09T08:19:02-08:00,POINT (-122.0804505330716 37.39039801064636),8.046381172853593,383.9345596470496,ios,1.4972434823028455,0.05769199718126061,-0.0879312986110019
247,37.39040848802532,-122.08043988805457,1575908343.0,2019-12-09T08:19:03-08:00,POINT (-122.08043988805457 37.39040848802532),7.718676883075822,385.39468868033833,ios,1.5549354794841062,-0.030239301429741294,0.14329028433710467
248,37.3904200550517,-122.08042999740883,1575908344.0,2019-12-09T08:19:04-08:00,POINT (-122.08042999740883 37.3904200550517),7.50451834453165,386.9334501521,ios,1.5246961780543649,0.11305098290736337,-0.11177924135318862
249,37.390432041173234,-122.08042161550566,1575908345.0,2019-12-09T08:19:05-08:00,POINT (-122.08042161550566 37.390432041173234),7.430675164093542,388.45452075565294,ios,1.6377471609617282,0.0012717415541747545,-0.03404216000105853
250,37.390445075032666,-122.08041298214539,1575908346.0,2019-12-09T08:19:06-08:00,POINT (-122.08041298214539 37.390445075032666),7.388542180968217,390.0896227916748,ios,1.639018902515903,-0.032770418446883776,-0.0507423852566693
251,37.390457941254034,-122.08040392968996,1575908347.0,2019-12-09T08:19:07-08:00,POINT (-122.08040392968996 37.390457941254034),7.304907847250732,391.7245475972327,ios,1.6062484840690192,-0.08351280370355307,0.11954914492149404
252,37.39047043028976,-122.08039479341551,1575908348.0,2019-12-09T08:19:08-08:00,POINT (-122.08039479341551 37.39047043028976),7.196031517187712,393.3252788986706,ios,1.5227356803654661,0.03603634121794097,-0.031728250708879635
253,37.3904821649542,-122.08038590859815,1575908349.0,2019-12-09T08:19:09-08:00,POINT (-122.08038590859815 37.3904821649542),7.069908126835561,394.8411379810896,ios,1.558772021583407,0.004308090509061335,-0.11820215155271963
254,37.390494336470724,-122.08037715511021,1575908350.0,2019-12-09T08:19:10-08:00,POINT (-122.08037715511021 37.390494336470724),6.975736687186529,396.3952522047038,ios,1.5630801120924684,-0.11389406104365829,0.17483204958742626
255,37.390506803084136,-122.08036898021146,1575908351.0,2019-12-09T08:19:11-08:00,POINT (-122.08036898021146 37.390506803084136),6.941999701446614,397.9559386214711,ios,1.4491860510488102,0.060937988543767974,-0.04271895885382593
256,37.39051816031573,-122.08036093400719,1575908352.0,2019-12-09T08:19:12-08:00,POINT (-122.08036093400719 37.39051816031573),6.86377800617265,399.40129533811387,ios,1.5101240395925781,0.018219029689942046,-0.0511876831399638
257,37.39053031395962,-122.0803533061505,1575908353.0,2019-12-09T08:19:13-08:00,POINT (-122.0803533061505 37.39053031395962),6.8579967418021,400.909355838623,ios,1.5283430692825202,-0.032968653450021757,0.1013126737704324
258,37.39054230050745,-122.08034484052298,1575908354.0,2019-12-09T08:19:14-08:00,POINT (-122.08034484052298 37.39054230050745),6.777536901502004,402.43376176462885,ios,1.4953744158324984,0.06834402032041065,-0.034315750118941946
259,37.390553490885836,-122.08033545295086,1575908355.0,2019-12-09T08:19:15-08:00,POINT (-122.08033545295086 37.390553490885836),6.584710288963031,403.9152971623633,ios,1.563718436152909,0.0340282702014687,-0.2610793454708107
260,37.39056501616649,-122.08032531087072,1575908356.0,2019-12-09T08:19:16-08:00,POINT (-122.08032531087072 37.39056501616649),6.348556488999813,405.45979912513246,ios,1.5977467063543778,-0.22705107526934198,0.3223546566855173
261,37.390577337538325,-122.08031600649052,1575908357.0,2019-12-09T08:19:17-08:00,POINT (-122.08031600649052 37.390577337538325),6.218084946081009,407.05047755165026,ios,1.3706956310850358,0.09530358141617534,-0.06511778870001694
262,37.39058810898848,-122.08030846206937,1575908358.0,2019-12-09T08:19:18-08:00,POINT (-122.08030846206937 37.39058810898848),6.150781161549287,408.4178722637779,ios,1.4659992125012111,0.0301857927161584,-0.07343110192815949
263,37.39059988556744,-122.08030100195671,1575908359.0,2019-12-09T08:19:19-08:00,POINT (-122.08030100195671 37.39059988556744),6.139715675455814,409.8818557455105,ios,1.4961850052173695,-0.04324530921200109,0.1896944882608229
264,37.390611997718466,-122.08029362561999,1575908360.0,2019-12-09T08:19:20-08:00,POINT (-122.08029362561999 37.390611997718466),6.15183778797852,411.3758981206239,ios,1.4529396960053684,0.14644917904882182,-0.2664542074869187
265,37.390623774491004,-122.08028650087044,1575908361.0,2019-12-09T08:19:21-08:00,POINT (-122.08028650087044 37.390623774491004),6.16737889661602,412.8267091193855,ios,1.5993888750541903,-0.1200050284380969,-0.350675627092208
266,37.390636724492104,-122.08027862191469,1575908362.0,2019-12-09T08:19:22-08:00,POINT (-122.08027862191469 37.390636724492104),6.180945457017769,414.4238005065017,ios,1.4793838466160933,-0.4706806555303049,0.594997393829563
267,37.39064812438436,-122.08026998858331,1575908363.0,2019-12-09T08:19:23-08:00,POINT (-122.08026998858331 37.39064812438436),6.058266191391009,415.8964919513425,ios,1.0087031910857884,0.12431673829925804,0.2088159772801299
268,37.390655417550796,-122.08026319878512,1575908364.0,2019-12-09T08:19:24-08:00,POINT (-122.08026319878512 37.390655417550796),5.8793344036335045,416.88847794977903,ios,1.1330199293850465,0.33313271557938795,-0.2117754323459129
269,37.39066250039544,-122.0802539790115,1575908365.0,2019-12-09T08:19:25-08:00,POINT (-122.0802539790115 37.39066250039544),5.4973202815208895,417.95514300425043,ios,1.4661526449644344,0.12135728323347506,-0.1690291295226647
270,37.390671259309585,-122.08024157418023,1575908366.0,2019-12-09T08:19:26-08:00,POINT (-122.08024157418023 37.390671259309585),4.945338017198109,419.3136870484097,ios,1.5875099281979095,-0.047671846289189634,0.08338339278350215
271,37.39067959947264,-122.08022698983133,1575908367.0,2019-12-09T08:19:27-08:00,POINT (-122.08022698983133 37.39067959947264),4.199861297594722,420.7163414666953,ios,1.5398380819087198,0.03571154649431252,-0.0040293714557098625
272,37.390687939539845,-122.08021307565203,1575908368.0,2019-12-09T08:19:28-08:00,POINT (-122.08021307565203 37.390687939539845),3.5405004229601356,421.61056495999674,ios,1.5755496284030324,0.031682175038602656,-0.01948638550163022
273,37.390700471823024,-122.08014350586731,1575908372.0,2019-12-09T08:19:32-08:00,POINT (-122.08014350586731 37.390700471823024),4.423759313346187,423.1263848537433,ios,1.702278328557443,-0.04626336696791822,0.001186044377313733
274,37.39069523340115,-122.08012540066613,1575908373.0,2019-12-09T08:19:33-08:00,POINT (-122.08012540066613 37.39069523340115),4.567994686830731,424.8251776708736,ios,1.6560149615895248,-0.045077322590604485,-0.10101709069431952
275,37.390689282273875,-122.08010821756754,1575908374.0,2019-12-09T08:19:34-08:00,POINT (-122.08010821756754 37.390689282273875),4.606219476308781,426.4830083230345,ios,1.6109376389989203,-0.146094413284924,0.1669896653878724
276,37.390683582519515,-122.08009145361062,1575908375.0,2019-12-09T08:19:35-08:00,POINT (-122.08009145361062 37.390683582519515),4.654210630775039,428.09546025097626,ios,1.4648432257139963,0.020895252102948403,0.07626509859996777
277,37.39067909808031,-122.08007586308142,1575908376.0,2019-12-09T08:19:36-08:00,POINT (-122.08007586308142 37.39067909808031),4.7810736684637005,429.5570759452257,ios,1.4857384778169447,0.09716035070291618,-0.06367992365997766
278,37.390674613734326,-122.08006002120366,1575908377.0,2019-12-09T08:19:37-08:00,POINT (-122.08006002120366 37.390674613734326),4.917274179247968,431.03888869780786,ios,1.5828988285198609,0.03348042704293852,-0.014144491274594273
279,37.39066924933993,-122.08004342498415,1575908378.0,2019-12-09T08:19:38-08:00,POINT (-122.08004342498415 37.39066924933993),4.992822157765113,432.62226149427306,ios,1.6163792555627994,0.019335935768344248,-0.14531299903154338
280,37.39066313056752,-122.08002682874465,1575908379.0,2019-12-09T08:19:39-08:00,POINT (-122.08002682874465 37.39066313056752),4.992382738207237,434.2407230921596,ios,1.6357151913311436,-0.12597706326319913,0.271770933647687
281,37.3906568860176,-122.08001006484326,1575908380.0,2019-12-09T08:19:40-08:00,POINT (-122.08001006484326 37.3906568860176),4.985496208682181,435.87851016899515,ios,1.5097381280679445,0.14579387038448788,-0.16589537245687724
282,37.390650767193236,-122.07999480963626,1575908381.0,2019-12-09T08:19:41-08:00,POINT (-122.07999480963626 37.390650767193236),4.93528501522737,437.38919322399875,ios,1.6555319984524324,-0.020101502072389366,-0.04109005472544425
283,37.39064313969375,-122.07997871635213,1575908382.0,2019-12-09T08:19:42-08:00,POINT (-122.07997871635213 37.39064313969375),4.764207365048779,439.03740468681156,ios,1.635430496380043,-0.06119155679783361,0.15976962186509347
284,37.39063425488592,-122.07996396408839,1575908383.0,2019-12-09T08:19:43-08:00,POINT (-122.07996396408839 37.39063425488592),4.395320835973933,440.79869473176325,ios,1.5742389395822094,0.09857806506725986,-0.18104224844148287
285,37.390625579582206,-122.07994988242488,1575908384.0,2019-12-09T08:19:44-08:00,POINT (-122.07994988242488 37.390625579582206),3.9877218667578265,442.319980003216,ios,1.6728170046494693,-0.08246418337422301,0.0566976421642833
286,37.39061694618361,-122.07993437588098,1575908385.0,2019-12-09T08:19:45-08:00,POINT (-122.07993437588098 37.39061694618361),3.6330372151721226,443.95586384951565,ios,1.5903528212752462,-0.02576654120993971,0.04591379127982642
287,37.39060957004595,-122.07991895311442,1575908386.0,2019-12-09T08:19:46-08:00,POINT (-122.07991895311442 37.39060957004595),3.4042061633160032,445.53113304453876,ios,1.5645862800653065,0.020147250069886713,-0.18431694426977496
288,37.39060399603108,-122.07990269221372,1575908387.0,2019-12-09T08:19:47-08:00,POINT (-122.07990269221372 37.39060399603108),3.3884691756977845,447.0977902868586,ios,1.5847335301351932,-0.16416969419988825,0.259768710794408
289,37.39059892494638,-122.07988592834174,1575908388.0,2019-12-09T08:19:48-08:00,POINT (-122.07988592834174 37.39059892494638),3.4413839062373808,448.6840228395773,ios,1.420563835935305,0.09559901659451975,-0.1921750526864654
290,37.39059469206281,-122.079870757039,1575908389.0,2019-12-09T08:19:49-08:00,POINT (-122.079870757039 37.39059469206281),3.525763355597422,450.10431838378395,ios,1.5161628525298247,-0.09657603609194565,-0.08888322299335938
291,37.39058995628318,-122.0798546637593,1575908390.0,2019-12-09T08:19:50-08:00,POINT (-122.0798546637593 37.39058995628318),3.5901215643960342,451.6214334930081,ios,1.419586816437879,-0.18545925908530503,0.24789872581007177
292,37.39058505285538,-122.0798398277268,1575908391.0,2019-12-09T08:19:51-08:00,POINT (-122.0798398277268 37.39058505285538),3.594413435215305,453.0430212253817,ios,1.234127557352574,0.062439466724766746,-0.01672283427997101
293,37.39058065234584,-122.07982700338026,1575908392.0,2019-12-09T08:19:52-08:00,POINT (-122.07982700338026 37.39058065234584),3.581542890145592,454.2787762513867,ios,1.2965670240773408,0.045716632444795735,0.15237670637486156
294,37.390575916563755,-122.07981359231356,1575908393.0,2019-12-09T08:19:53-08:00,POINT (-122.07981359231356 37.390575916563755),3.554370881601395,455.57679651924104,ios,1.3422836565221365,0.1980933388196573,-0.3782176682176579
295,37.390571222679874,-122.07979959448464,1575908394.0,2019-12-09T08:19:54-08:00,POINT (-122.07979959448464 37.390571222679874),3.5515117392780575,456.92095428985436,ios,1.5403769953417938,-0.1801243293980006,0.009293280457971731
296,37.390565020071485,-122.07978400414255,1575908395.0,2019-12-09T08:19:55-08:00,POINT (-122.07978400414255 37.390565020071485),3.4485403138028716,458.45972732719105,ios,1.3602526659437932,-0.17083104894002887,0.3773723982339554
297,37.39055877682186,-122.07977076342348,1575908396.0,2019-12-09T08:19:56-08:00,POINT (-122.07977076342348 37.39055877682186),3.2612268989284012,459.80830564455437,ios,1.1894216170037644,0.20654134929392653,-0.35484569971994806
298,37.39055278248842,-122.07975961279317,1575908397.0,2019-12-09T08:19:57-08:00,POINT (-122.07975961279317 37.39055278248842),3.02807217236027,460.97551029240793,ios,1.395962966297691,-0.14830435042602153,0.17033952995840496
299,37.390545448323145,-122.07974678848132,1575908398.0,2019-12-09T08:19:58-08:00,POINT (-122.07974678848132 37.390545448323145),2.7148667117821472,462.3367320077288,ios,1.2476586158716694,0.02203517953238343,0.3518971188738391
300,37.39053962290044,-122.07973471854075,1575908399.0,2019-12-09T08:19:59-08:00,POINT (-122.07973471854075 37.39053962290044),2.5632192111702716,463.16279583426893,ios,1.2696937954040528,0.37393229840622255,-0.62919541991538
301,37.39054046109076,-122.07972038548633,1575908400.0,2019-12-09T08:20:00-08:00,POINT (-122.07972038548633 37.39054046109076),3.3157672432094762,464.17885396894496,ios,1.6436260938102754,-0.2552631215091574,0.5584685207217994
302,37.39054842389877,-122.0797047113274,1575908401.0,2019-12-09T08:20:01-08:00,POINT (-122.0797047113274 37.39054842389877),4.80119976298589,464.8855155004092,ios,1.388362972301118,0.303205399212642,0.29231232564959586
303,37.39055894318725,-122.07969624560519,1575908402.0,2019-12-09T08:20:02-08:00,POINT (-122.07969624560519 37.39055894318725),6.1855240317553974,465.64683718790053,ios,1.69156837151376,0.5955177248622379,-0.7738209119283184
304,37.39057319242264,-122.07968954008265,1575908403.0,2019-12-09T08:20:03-08:00,POINT (-122.07968954008265 37.39057319242264),7.449254455769885,481.0568346492354,ios,2.287086096375998,-0.1783031870660805,-0.36910261017028123
305,37.390592806076064,-122.0796817449127,1575908404.0,2019-12-09T08:20:04-08:00,POINT (-122.0796817449127 37.390592806076064),7.716994139057299,483.3240033978059,ios,2.1087829093099173,-0.5474057972363617,-0.0929426419516538
306,37.390610408072725,-122.07967286009534,1575908405.0,2019-12-09T08:20:05-08:00,POINT (-122.07967286009534 37.390610408072725),7.804886780995735,485.427541926321,ios,1.5613771120735556,-0.6403484391880155,0.640322062944121
307,37.39062331620361,-122.07966590311571,1575908406.0,2019-12-09T08:20:06-08:00,POINT (-122.07966590311571 37.39062331620361),7.833732683386301,486.9862369785076,ios,0.92102867288554,-2.6376243894565832e-05,0.30407738052275735
308,37.39063027328276,-122.07966024525012,1575908407.0,2019-12-09T08:20:07-08:00,POINT (-122.07966024525012 37.39063027328276),7.695350773996232,487.89592216558293,ios,0.9210022966416455,0.3040510042788628,0.019801923081413153
309,37.39063723016287,-122.07965458754643,1575908408.0,2019-12-09T08:20:08-08:00,POINT (-122.07965458754643 37.39063723016287),7.5569729247014505,488.80558131678146,ios,1.2250533009205082,0.32385292736027593,-0.0600977923132171
310,37.39064527678992,-122.07964511599585,1575908409.0,2019-12-09T08:20:09-08:00,POINT (-122.07964511599585 37.39064527678992),7.1607664357549705,489.9645061308028,ios,1.5489062282807842,0.26375513504705883,-0.39007140417574804
311,37.390654915978565,-122.07963245932206,1575908410.0,2019-12-09T08:20:10-08:00,POINT (-122.07963245932206 37.390654915978565),6.580430363076051,491.4005989132643,ios,1.812661363327843,-0.1263162691286892,-0.022557551820909127
312,37.39066719546671,-122.07961896445795,1575908411.0,2019-12-09T08:20:11-08:00,POINT (-122.07961896445795 37.39066719546671),6.053169801416696,493.1341861721329,ios,1.6863450941991538,-0.14887382094959833,0.1790306443733165
313,37.390679600683406,-122.0796079841648,1575908412.0,2019-12-09T08:20:12-08:00,POINT (-122.0796079841648 37.390679600683406),5.734492194427751,494.788774180474,ios,1.5374712732495555,0.03015682342371817,0.024839526317403493
314,37.390691754443004,-122.07959968608066,1575908413.0,2019-12-09T08:20:13-08:00,POINT (-122.07959968608066 37.390691754443004),5.620678765920134,496.3201168498013,ios,1.5676280966732736,0.054996349741121664,-0.0012850727035649268
315,37.39070403393115,-122.07959096890136,1575908414.0,2019-12-09T08:20:14-08:00,POINT (-122.07959096890136 37.39070403393115),5.478806683641672,497.8794551659778,ios,1.6226244464143953,0.05371127703755674,-0.021441170379514318
316,37.39071698397155,-122.07958250317915,1575908415.0,2019-12-09T08:20:15-08:00,POINT (-122.07958250317915 37.39071698397155),5.387869111363919,499.4974127829691,ios,1.676335723451952,0.03227010665804242,-0.19628830707703027
317,37.39073026928808,-122.07957353454276,1575908416.0,2019-12-09T08:20:16-08:00,POINT (-122.07957353454276 37.39073026928808),5.271690090825468,501.16760751735717,ios,1.7086058301099945,-0.16401820041898785,0.1359804272927363
318,37.390743847971216,-122.07956448208733,1575908417.0,2019-12-09T08:20:17-08:00,POINT (-122.07956448208733 37.390743847971216),5.162159876182527,502.8705174757104,ios,1.5445876296910066,-0.028037773126251553,0.22443177857760155
319,37.390756001730814,-122.07955601636513,1575908418.0,2019-12-09T08:20:18-08:00,POINT (-122.07955601636513 37.390756001730814),5.034825402336535,504.40797396416616,ios,1.516549856564755,0.19639400545135,-0.1536397319165732
320,37.39076685629542,-122.0795456228052,1575908419.0,2019-12-09T08:20:19-08:00,POINT (-122.0795456228052 37.39076685629542),4.692598381079205,505.88439764950635,ios,1.712943862016105,0.04275427353477679,0.12278066031411505
321,37.3907792196026,-122.07953405577882,1575908420.0,2019-12-09T08:20:20-08:00,POINT (-122.07953405577882 37.3907792196026),4.32467939333813,507.5561475249134,ios,1.7556981355508818,0.16553493384889184,-0.11237086212534764
322,37.39079334310944,-122.07952517096146,1575908421.0,2019-12-09T08:20:21-08:00,POINT (-122.07952517096146 37.39079334310944),4.253576465862552,509.3080229702621,ios,1.9212330693997737,0.053164071723544204,0.01266680774217721
323,37.39080914299692,-122.07951636996313,1575908422.0,2019-12-09T08:20:22-08:00,POINT (-122.07951636996313 37.39080914299692),4.53337806219956,510.1259142860665,ios,1.9743971411233179,0.06583087946572141,-0.1917087041394261
324,37.390825194341495,-122.07950681459351,1575908423.0,2019-12-09T08:20:23-08:00,POINT (-122.07950681459351 37.390825194341495),4.585283446565557,513.2268352510102,ios,2.0402280205890393,-0.12587782467370467,0.07817674046133938
325,37.39084195814784,-122.07949742686196,1575908424.0,2019-12-09T08:20:24-08:00,POINT (-122.07949742686196 37.39084195814784),4.600714435645616,515.2639383809784,ios,1.9143501959153346,-0.0477010842123653,-0.020215148927895665
326,37.39085750657822,-122.07948812294944,1575908425.0,2019-12-09T08:20:25-08:00,POINT (-122.07948812294944 37.39085750657822),4.566956281566839,517.1752687359083,ios,1.8666491117029693,-0.06791623314026096,-0.0569978727084588
327,37.39087288737054,-122.07947965722724,1575908426.0,2019-12-09T08:20:26-08:00,POINT (-122.07947965722724 37.39087288737054),4.592997533197734,519.0388929855535,ios,1.7987328785627084,-0.12491410584871976,-0.21133750665588114
328,37.39088818434383,-122.07947303552373,1575908427.0,2019-12-09T08:20:27-08:00,POINT (-122.07947303552373 37.39088818434383),4.858299763076652,520.3919504615901,ios,1.6738187727139886,-0.3362516125046009,0.43849393596465513
329,37.39090247548874,-122.07946708437248,1575908428.0,2019-12-09T08:20:28-08:00,POINT (-122.07946708437248 37.39090247548874),5.185697262677947,522.0303891045489,ios,1.3375671602093877,0.10224232346005424,0.05463549269549706
330,37.3909137491485,-122.07946180377348,1575908429.0,2019-12-09T08:20:29-08:00,POINT (-122.07946180377348 37.3909137491485),5.3988970209286595,523.3485680496058,ios,1.439809483669442,0.1568778161555513,-0.03307976933096857
331,37.390925777179554,-122.0794557688032,1575908430.0,2019-12-09T08:20:30-08:00,POINT (-122.0794557688032 37.390925777179554),5.595519738984172,524.772530522378,ios,1.5966872998249932,0.12379804682458273,-0.14651570716997075
332,37.390938601491406,-122.07944763835712,1575908431.0,2019-12-09T08:20:31-08:00,POINT (-122.07944763835712 37.390938601491406),5.674721197190364,526.3651018369202,ios,1.720485346649576,-0.022717660345388024,-0.5119264257676415
333,37.3909525992697,-122.07943934027298,1575908432.0,2019-12-09T08:20:32-08:00,POINT (-122.07943934027298 37.3909525992697),5.805496212551064,528.0781361593696,ios,1.697767686304188,-0.5346440861130295,0.582627729978475
334,37.39096655513848,-122.07943154510303,1575908433.0,2019-12-09T08:20:33-08:00,POINT (-122.07943154510303 37.39096655513848),5.7410932413768485,530.5770517740234,ios,1.1631236001911585,0.04798364386544551,0.3346403201064878
335,37.39097619432713,-122.0794264321421,1575908434.0,2019-12-09T08:20:34-08:00,POINT (-122.0794264321421 37.39097619432713),5.770890725722902,531.2062239498289,ios,1.211107244056604,0.3826239639719333,-0.24328217733160207
336,37.39098528869207,-122.07941888842925,1575908435.0,2019-12-09T08:20:35-08:00,POINT (-122.07941888842925 37.39098528869207),5.6350200811364,532.4085663033756,ios,1.5937312080285373,0.13934178664033126,0.016970658442294617
337,37.39099756818022,-122.07940958451672,1575908436.0,2019-12-09T08:20:36-08:00,POINT (-122.07940958451672 37.39099756818022),5.5210887634814805,533.9965026691789,ios,1.7330729946688685,0.15631244508262587,-0.1364198553480236
338,37.39101110495384,-122.07939986150905,1575908437.0,2019-12-09T08:20:37-08:00,POINT (-122.07939986150905 37.39101110495384),5.437556052505088,535.7255466445173,ios,1.8893854397514944,0.019892589734602284,-0.14840458169939108
339,37.391026737203255,-122.07939147960587,1575908438.0,2019-12-09T08:20:38-08:00,POINT (-122.07939147960587 37.391026737203255),5.565491551468975,537.6076557850141,ios,1.9092780294860967,-0.1285119919647888,-0.10516304855396275
340,37.39104308191444,-122.07938485790237,1575908439.0,2019-12-09T08:20:39-08:00,POINT (-122.07938485790237 37.39104308191444),5.868152837660856,539.4892989400505,ios,1.780766037521308,-0.23367504051875154,0.13574845174453065
341,37.39105867225434,-122.07938024785562,1575908440.0,2019-12-09T08:20:40-08:00,POINT (-122.07938024785562 37.39105867225434),6.291351312880432,541.2154117823289,ios,1.5470909970025564,-0.09792658877422089,0.25578691983700774
342,37.39107199948038,-122.07937521871372,1575908441.0,2019-12-09T08:20:41-08:00,POINT (-122.07937521871372 37.39107199948038),6.5673155608739,542.7347745969093,ios,1.4491644082283355,0.15786033106278685,-0.02105753912120445
343,37.39108444660659,-122.07937035720988,1575908442.0,2019-12-09T08:20:42-08:00,POINT (-122.07937035720988 37.39108444660659),6.812088516132989,544.1604238564189,ios,1.6070247392911223,0.1368027919415824,-0.23451050877123936
344,37.39109819292779,-122.07936474133476,1575908443.0,2019-12-09T08:20:43-08:00,POINT (-122.07936474133476 37.39109819292779),7.062941208017497,545.7448200785811,ios,1.7438275312327047,-0.09770771682965695,0.012403145342669175
345,37.39111332226302,-122.07935954455479,1575908444.0,2019-12-09T08:20:44-08:00,POINT (-122.07935954455479 37.39111332226302),7.416620288852251,547.4490018096753,ios,1.6461198144030478,-0.08530457148698778,-0.2248713201195629
346,37.391127613407924,-122.07935468305095,1575908445.0,2019-12-09T08:20:45-08:00,POINT (-122.07935468305095 37.391127613407924),7.754439499756211,549.056862038628,ios,1.56081524291606,-0.3101758916065507,0.3224472639889968
347,37.39114110827203,-122.07934982154711,1575908446.0,2019-12-09T08:20:46-08:00,POINT (-122.07934982154711 37.39114110827203),8.052080003226394,550.5860401507207,ios,1.2506393513095093,0.012271372382446133,0.2516688481117315
348,37.39115154374148,-122.07934454094811,1575908447.0,2019-12-09T08:20:47-08:00,POINT (-122.07934454094811 37.39115154374148),8.16230735690477,551.8297862072684,ios,1.2629107236919555,0.26394022049417765,-0.37588018247110533
349,37.3911616439348,-122.07933800306364,1575908448.0,2019-12-09T08:20:48-08:00,POINT (-122.07933800306364 37.3911616439348),8.156491889033855,553.0910212449709,ios,1.526850944186133,-0.11193996197692768,0.2313373809189796
350,37.39117178603764,-122.07932635221823,1575908449.0,2019-12-09T08:20:49-08:00,POINT (-122.07932635221823 37.39117178603764),7.749680857440378,554.5622451937818,ios,1.4149109822092054,0.11939741894205191,0.1607123114178346
351,37.39118058703597,-122.07931478519185,1575908450.0,2019-12-09T08:20:50-08:00,POINT (-122.07931478519185 37.39118058703597),7.281808775050788,555.8975774404141,ios,1.5343084011512573,0.2801097303598865,-0.5331336186171318
352,37.391190938686385,-122.07930330198451,1575908451.0,2019-12-09T08:20:51-08:00,POINT (-122.07930330198451 37.391190938686385),6.898788468789209,557.3827580752801,ios,1.8144181315111438,-0.2530238882572453,-0.08173638912693737
353,37.39120485264565,-122.07929257314845,1575908452.0,2019-12-09T08:20:52-08:00,POINT (-122.07929257314845 37.39120485264565),6.7549915324828,559.1895663170956,ios,1.5613942432538985,-0.3347602773841827,0.4964700921062688
354,37.391217551228955,-122.0792850294356,1575908453.0,2019-12-09T08:20:53-08:00,POINT (-122.0792850294356 37.391217551228955),6.8009869760442445,560.7480477753651,ios,1.2266339658697158,0.16170981472208612,-0.031537332337542745
355,37.391226855141475,-122.07927756954177,1575908454.0,2019-12-09T08:20:54-08:00,POINT (-122.07927756954177 37.391226855141475),6.682301885181315,561.9677206769223,ios,1.388343780591802,0.13017248238454338,-0.1239965445092146
356,37.39123745824899,-122.07926927145763,1575908455.0,2019-12-09T08:20:55-08:00,POINT (-122.07926927145763 37.39123745824899),6.555963688146479,563.3845861900091,ios,1.5185162629763453,0.006175937875328774,-0.0640212295913245
357,37.39124906718488,-122.07926021900221,1575908456.0,2019-12-09T08:20:56-08:00,POINT (-122.07926021900221 37.39124906718488),6.419947852948056,564.8954337406966,ios,1.5246922008516741,-0.05784529171599573,-0.25883095710340376
358,37.391261053306415,-122.07925183709904,1575908457.0,2019-12-09T08:20:57-08:00,POINT (-122.07925183709904 37.391261053306415),6.355775309900256,566.4169395112272,ios,1.4668469091356784,-0.3166762488193995,0.4130112684745946
359,37.39127287178989,-122.07924446102425,1575908458.0,2019-12-09T08:20:58-08:00,POINT (-122.07924446102425 37.39127287178989),6.3627486063349945,567.881765509074,ios,1.150170660316279,0.09633501965519509,0.1520292632415452
360,37.39128196615483,-122.0792382584159,1575908459.0,2019-12-09T08:20:59-08:00,POINT (-122.0792382584159 37.39128196615483),6.3264771114919025,569.0299366170493,ios,1.246505679971474,0.24836428289674028,-0.4609706803831972
361,37.39129135388638,-122.07923054706498,1575908460.0,2019-12-09T08:21:00-08:00,POINT (-122.07923054706498 37.39129135388638),6.185579916155682,570.2672796971113,ios,1.4948699628682143,-0.21260639748645693,0.18558778055071068
362,37.39130266945566,-122.07922141079052,1575908461.0,2019-12-09T08:21:01-08:00,POINT (-122.07922141079052 37.39130266945566),6.028291351761732,571.7523994038893,ios,1.2822635653817573,-0.027018616935746254,0.17630777982157686
363,37.39131226673479,-122.07921336416348,1575908462.0,2019-12-09T08:21:02-08:00,POINT (-122.07921336416348 37.39131226673479),5.871351918422847,573.023861163543,ios,1.255244948446011,0.1492891628858306,-0.04118790530736427
364,37.391321570647314,-122.07920531753643,1575908463.0,2019-12-09T08:21:03-08:00,POINT (-122.07920531753643 37.391321570647314),5.699765086628966,574.2662560620716,ios,1.4045341113318417,0.10810125757846634,-0.006137300000868207
365,37.39133242521192,-122.07919718709036,1575908464.0,2019-12-09T08:21:04-08:00,POINT (-122.07919718709036 37.39133242521192),5.598975132542008,575.6656291083598,ios,1.512635368910308,0.10196395757759813,-0.5089357157506513
366,37.391344537062004,-122.07918939192041,1575908465.0,2019-12-09T08:21:05-08:00,POINT (-122.07918939192041 37.391344537062004),5.587465981420562,577.1762175682637,ios,1.6145993264879062,-0.4069717581730532,0.41718648863569907
367,37.39135782237853,-122.07918201584562,1575908466.0,2019-12-09T08:21:06-08:00,POINT (-122.07918201584562 37.39135782237853),5.667678914271527,578.7863774417068,ios,1.207627568314853,0.010214730462645871,0.2081755812260846
368,37.39136721011008,-122.07917514268502,1575908467.0,2019-12-09T08:21:07-08:00,POINT (-122.07917514268502 37.39136721011008),5.59304601975754,579.9903285620259,ios,1.2178422987774988,0.21839031168873047,-0.21486711412638337
369,37.391375801560834,-122.07916659314378,1575908468.0,2019-12-09T08:21:08-08:00,POINT (-122.07916659314378 37.391375801560834),5.346129680706016,581.1821674939098,ios,1.4362326104662293,0.0035231975623470912,-0.07301110394254695
370,37.39138615321125,-122.0791568701361,1575908469.0,2019-12-09T08:21:09-08:00,POINT (-122.0791568701361 37.39138615321125),5.094331093698841,582.5951558685501,ios,1.4397558080285764,-0.06948790638019986,0.18385165558636185
371,37.39139700777586,-122.07914798531874,1575908470.0,2019-12-09T08:21:10-08:00,POINT (-122.07914798531874 37.39139700777586),4.9339058348283515,584.0245813045132,ios,1.3702679016483765,0.11436374920616199,0.017418721879662646
372,37.39140798806901,-122.07914094452008,1575908471.0,2019-12-09T08:21:11-08:00,POINT (-122.07914094452008 37.39140798806901),4.925536692725714,585.3930020308386,ios,1.4846316508545385,0.13178247108582464,-0.2277396669954943
373,37.39142014182861,-122.07913398754044,1575908472.0,2019-12-09T08:21:12-08:00,POINT (-122.07913398754044 37.39142014182861),4.974435623385803,586.9060111108446,ios,1.6164141219403632,-0.09595719590966967,-0.08388281661397978
374,37.39143388814981,-122.07912803638919,1575908473.0,2019-12-09T08:21:13-08:00,POINT (-122.07912803638919 37.39143388814981),5.180141079722881,588.5064216467457,ios,1.5204569260306935,-0.17984001252364945,0.18570337872699794
375,37.39144633527602,-122.0791209117715,1575908474.0,2019-12-09T08:21:14-08:00,POINT (-122.0791209117715 37.39144633527602),5.228735256289516,590.0238552708585,ios,1.340616913507044,0.005863366203348486,0.2837107658247726
376,37.39145698029305,-122.0791137871538,1575908475.0,2019-12-09T08:21:15-08:00,POINT (-122.0791137871538 37.39145698029305),5.188488735347839,591.362166896111,ios,1.3464802797103925,0.2895741320281211,-0.5386029481130687
377,37.39146812822427,-122.07910783600255,1575908476.0,2019-12-09T08:21:16-08:00,POINT (-122.07910783600255 37.39146812822427),5.266098573168765,592.7043084351932,ios,1.6360544117385136,-0.24902881608494765,0.03912804131542913
378,37.39148179072644,-122.07910096284195,1575908477.0,2019-12-09T08:21:17-08:00,POINT (-122.07910096284195 37.39148179072644),5.394551469960705,594.3326541920727,ios,1.387025595653566,-0.20990077476951852,0.6816600179732479
379,37.39149373493846,-122.07909643661424,1575908478.0,2019-12-09T08:21:18-08:00,POINT (-122.07909643661424 37.39149373493846),5.624422412455447,595.697894073786,ios,1.1771248208840475,0.4717592432037294,-0.31570472337931554
380,37.39150320648904,-122.07909048546298,1575908479.0,2019-12-09T08:21:19-08:00,POINT (-122.07909048546298 37.39150320648904),5.619389988834519,596.8734104433141,ios,1.6488840640877769,0.15605451982441387,-0.18513188101963962
381,37.391517120448306,-122.07908403139754,1575908480.0,2019-12-09T08:21:20-08:00,POINT (-122.07908403139754 37.391517120448306),5.793476759113873,598.5102649732286,ios,1.8049385839121908,-0.029077361195225748,0.08680516307971708
382,37.39153266887869,-122.07907816406532,1575908481.0,2019-12-09T08:21:21-08:00,POINT (-122.07907816406532 37.39153266887869),6.094672077559132,600.2865000808667,ios,1.775861222716965,0.05772780188449134,0.1421775507991756
383,37.39154834303762,-122.07907430838986,1575908482.0,2019-12-09T08:21:22-08:00,POINT (-122.07907430838986 37.39154834303762),6.561602799928263,601.996104760498,ios,1.8335890246014563,0.19990535268366694,-0.4032328481041465
384,37.39156452011074,-122.07907028507634,1575908483.0,2019-12-09T08:21:23-08:00,POINT (-122.07907028507634 37.39156452011074),7.040031758389831,603.7622908383756,ios,2.0334943772851233,-0.20332749542047956,0.23956858319962193
385,37.39158170301224,-122.07906240608736,1575908484.0,2019-12-09T08:21:24-08:00,POINT (-122.07906240608736 37.39158170301224),7.262267483324217,605.7801124039582,ios,1.8301668818646437,0.03624108777914237,0.14607125618914418
386,37.391596664709404,-122.0790537727271,1575908485.0,2019-12-09T08:21:25-08:00,POINT (-122.0790537727271 37.391596664709404),7.315175470052032,607.6068284442744,ios,1.866407969643786,0.18231234396828655,-0.4177224219295408
387,37.39161166831608,-122.07904430117651,1575908486.0,2019-12-09T08:21:26-08:00,POINT (-122.07904430117651 37.39161166831608),7.303676163282803,609.470679720625,ios,2.0487203136120726,-0.23541007796125424,0.1378284642006673
388,37.39162813875581,-122.07903390761658,1575908487.0,2019-12-09T08:21:27-08:00,POINT (-122.07903390761658 37.39162813875581),7.291368676448045,611.5165944613138,ios,1.8133102356508184,-0.09758161376058694,0.13408916632705115
389,37.39164280708636,-122.07902493898018,1575908488.0,2019-12-09T08:21:28-08:00,POINT (-122.07902493898018 37.39164280708636),7.303225703934749,613.3273387930333,ios,1.7157286218902315,0.03650755256646421,-0.005524616886928069
390,37.39165659531708,-122.07901622180088,1575908489.0,2019-12-09T08:21:29-08:00,POINT (-122.07901622180088 37.39165659531708),7.291637617967869,615.0407140387392,ios,1.7522361744566957,0.03098293567953614,0.012192641185719832
391,37.391670215909734,-122.07900624733611,1575908490.0,2019-12-09T08:21:30-08:00,POINT (-122.07900624733611 37.391670215909734),7.1720751176735105,616.7868812507935,ios,1.7832191101362318,0.04317557686525597,-0.12508149957966652
392,37.39168358504529,-122.07899509940489,1575908491.0,2019-12-09T08:21:31-08:00,POINT (-122.07899509940489 37.39168358504529),6.9470534781259765,618.5542122247402,ios,1.8263946870014878,-0.08190592271441055,0.27177796024044065
393,37.391697331366494,-122.07898378383561,1575908492.0,2019-12-09T08:21:32-08:00,POINT (-122.07898378383561 37.391697331366494),6.727332158407901,620.3656277059596,ios,1.7444887642870772,0.1898720375260301,0.01565588696853748
394,37.39171091004963,-122.07897389318987,1575908493.0,2019-12-09T08:21:33-08:00,POINT (-122.07897389318987 37.39171091004963),6.612351989522668,622.1043321749784,ios,1.9343608018131073,0.20552792449456758,-0.5635628632060721
395,37.39172662611808,-122.07896450545832,1575908494.0,2019-12-09T08:21:34-08:00,POINT (-122.07896450545832 37.39172662611808),6.6426260860559605,624.0357015868469,ios,2.139888726307675,-0.3580349387115045,0.36073896230158
396,37.39174410238619,-122.07895436335548,1575908495.0,2019-12-09T08:21:35-08:00,POINT (-122.07895436335548 37.39174410238619),6.699849518011955,626.1716998300324,ios,1.7818537875961704,0.0027040235900754883,-0.07771957360260728
397,37.391758142074,-122.0789446403478,1575908496.0,2019-12-09T08:21:36-08:00,POINT (-122.0789446403478 37.391758142074),6.6208919347170045,627.9496320317692,ios,1.784557811186246,-0.0750155500125318,-0.14597689387649337
398,37.391772097942784,-122.07893466588303,1575908497.0,2019-12-09T08:21:37-08:00,POINT (-122.07893466588303 37.391772097942784),6.517860484460182,629.7291238376821,ios,1.709542261173714,-0.22099244388902517,0.3574089201015269
399,37.39178546707834,-122.07892511051341,1575908498.0,2019-12-09T08:21:38-08:00,POINT (-122.07892511051341 37.39178546707834),6.419141044862763,631.4338120239253,ios,1.488549817284689,0.13641647621250175,-0.12212143528541808
400,37.39179711792375,-122.07891681242927,1575908499.0,2019-12-09T08:21:39-08:00,POINT (-122.07891681242927 37.39179711792375),6.374210260042188,632.7375923641494,ios,1.6249662934971907,0.014295040927083669,0.11003709490413449
401,37.39180948123093,-122.07890700560256,1575908500.0,2019-12-09T08:21:40-08:00,POINT (-122.07890700560256 37.39180948123093),6.251924216867906,634.356326240447,ios,1.6392613344242744,0.12433213583121816,-0.06160380444030533
402,37.39182150926198,-122.0788962767665,1575908501.0,2019-12-09T08:21:41-08:00,POINT (-122.0788962767665 37.39182150926198),6.040108902094561,635.9805487171323,ios,1.7635934702554925,0.06272833139091283,-0.13474990374480877
403,37.391834710759476,-122.07888521265431,1575908502.0,2019-12-09T08:21:42-08:00,POINT (-122.07888521265431 37.391834710759476),5.86323219547715,637.7336554538447,ios,1.8263218016464053,-0.07202157235389595,0.31867707802742373
404,37.391849169542446,-122.0788754058276,1575908503.0,2019-12-09T08:21:43-08:00,POINT (-122.0788754058276 37.391849169542446),5.850129376760043,639.5576498631725,ios,1.7543002292925094,0.2466555056735278,-0.37627661134302626
405,37.39186299968268,-122.07886585045799,1575908504.0,2019-12-09T08:21:44-08:00,POINT (-122.07886585045799 37.39186299968268),5.823925036566971,641.3096122652934,ios,2.000955734966037,-0.12962110566949847,0.16370785987315228
406,37.39187888338919,-122.07885520544096,1575908505.0,2019-12-09T08:21:45-08:00,POINT (-122.07885520544096 37.39187888338919),5.81955747555527,643.308029567862,ios,1.8713346292965387,0.03408675420365381,0.044437829075000934
407,37.391893509810224,-122.078844728062,1575908506.0,2019-12-09T08:21:46-08:00,POINT (-122.078844728062 37.391893509810224),5.762782788539607,645.1763212451541,ios,1.9054213835001925,0.07852458327865475,-0.08555730352882951
408,37.39190859723593,-122.07883450214013,1575908507.0,2019-12-09T08:21:47-08:00,POINT (-122.07883450214013 37.39190859723593),5.738448113729994,647.1886633830624,ios,1.9839459667788473,-0.007032720250174762,0.02561399951774379
409,37.39192427139486,-122.07882377330407,1575908508.0,2019-12-09T08:21:48-08:00,POINT (-122.07882377330407 37.39192427139486),5.678901474556391,649.1692643445323,ios,1.9769132465286725,0.01858127926756903,-0.270877381524423
410,37.391939945553794,-122.07881321210607,1575908509.0,2019-12-09T08:21:49-08:00,POINT (-122.07881321210607 37.391939945553794),5.632587394074444,651.1431467267876,ios,1.9954945257962415,-0.25229610225685395,0.34146686764240797
411,37.391955913079336,-122.07880290236517,1575908510.0,2019-12-09T08:21:50-08:00,POINT (-122.07880290236517 37.391955913079336),5.620857716725505,653.135973512453,ios,1.7431984235393876,0.08917076538555402,0.0553729372122278
412,37.39196991085763,-122.0787940175478,1575908511.0,2019-12-09T08:21:51-08:00,POINT (-122.0787940175478 37.39196991085763),5.622661387652616,654.8768293722844,ios,1.8323691889249416,0.14454370259778182,-0.184896481053185
413,37.39198470491673,-122.07878488127335,1575908512.0,2019-12-09T08:21:52-08:00,POINT (-122.07878488127335 37.39198470491673),5.644614285028866,656.7065375558641,ios,1.9769128915227234,-0.04035277845540319,-0.15146481940485224
414,37.39200037907566,-122.07877432007535,1575908513.0,2019-12-09T08:21:53-08:00,POINT (-122.07877432007535 37.39200037907566),5.598301721765493,658.6804196472772,ios,1.9365601130673202,-0.19181759786025543,0.015654226742684463
415,37.39201605323459,-122.07876476470574,1575908514.0,2019-12-09T08:21:54-08:00,POINT (-122.07876476470574 37.39201605323459),5.620921680177619,660.7452951249389,ios,1.7447425152070648,-0.17616337111757097,-0.22993693019654482
416,37.39203047010805,-122.07875696953579,1575908515.0,2019-12-09T08:21:55-08:00,POINT (-122.07875696953579 37.39203047010805),5.689185575477343,662.4860077093208,ios,1.5685791440894938,-0.4061003013141158,0.3654824722431764
417,37.39204342014845,-122.07874992873712,1575908516.0,2019-12-09T08:21:56-08:00,POINT (-122.07874992873712 37.39204342014845),5.747410841868904,664.051093755704,ios,1.162478842775378,-0.04061782907093936,0.38807268093630043
418,37.392052640241936,-122.07874372612878,1575908517.0,2019-12-09T08:21:57-08:00,POINT (-122.07874372612878 37.392052640241936),5.693869226136023,665.2108719152401,ios,1.1218610137044387,0.34745485186536107,-0.22170634165022474
419,37.39205984867866,-122.07873484131142,1575908518.0,2019-12-09T08:21:58-08:00,POINT (-122.07873484131142 37.39205984867866),5.329788923254404,666.2718632406695,ios,1.4693158655697998,0.12574851021513633,-0.19441170555010445
420,37.39206462636347,-122.07871933479055,1575908519.0,2019-12-09T08:21:59-08:00,POINT (-122.07871933479055 37.39206462636347),4.426097833825243,666.3818299170551,ios,1.595064375784936,-0.06866319533496812,0.14166981191182892
421,37.392065506463304,-122.07870131369873,1575908520.0,2019-12-09T08:22:00-08:00,POINT (-122.07870131369873 37.392065506463304),3.2359608588083035,668.2166551171593,ios,1.526401180449968,0.0730066165768608,-0.09105612010925834
422,37.39206353671606,-122.07868421461626,1575908521.0,2019-12-09T08:22:01-08:00,POINT (-122.07868421461626 37.39206353671606),1.7680093095851788,668.645752552174,ios,1.5994077970268288,-0.018049503532397537,-0.026940131958445246
423,37.392059429583504,-122.0786668640767,1575908522.0,2019-12-09T08:22:02-08:00,POINT (-122.0786668640767 37.392059429583504),0.18142578359577324,668.8683111428887,ios,1.5813582934944312,-0.04498963549084278,0.1044958407938521
424,37.39205393943693,-122.07865035172745,1575908523.0,2019-12-09T08:22:03-08:00,POINT (-122.07865035172745 37.39205393943693),1.4012997980032118,668.9204700354531,ios,1.5363686580035885,0.05950620530300932,-0.1480874078373664
425,37.39204886838551,-122.07863417465433,1575908524.0,2019-12-09T08:22:04-08:00,POINT (-122.07863417465433 37.39204886838551),2.937730025878697,669.0026250832755,ios,1.5958748633065978,-0.08858120253435708,-0.09195880763180453
426,37.392044048791185,-122.07861715939089,1575908525.0,2019-12-09T08:22:05-08:00,POINT (-122.07861715939089 37.392044048791185),4.530100660801926,669.1409473746776,ios,1.5072936607722407,-0.1805400101661616,0.22572615222921577
427,37.39203885201122,-122.07860140141293,1575908526.0,2019-12-09T08:22:06-08:00,POINT (-122.07860140141293 37.39203885201122),6.038560874930736,669.1950195611562,ios,1.326753650606079,0.04518614206305416,0.0704986341100533
428,37.39203528970237,-122.0785870683585,1575908527.0,2019-12-09T08:22:07-08:00,POINT (-122.0785870683585 37.39203528970237),6.361255009649059,684.230591979166,ios,1.3719397926691332,0.11568477617310746,0.04720007027134998
429,37.392035960254624,-122.07857156183763,1575908528.0,2019-12-09T08:22:08-08:00,POINT (-122.07857156183763 37.392035960254624),5.624032848413829,685.6837790221921,ios,1.4876245688422407,0.16288484644445744,0.2342081392350539
430,37.39204228859152,-122.07855672586902,1575908529.0,2019-12-09T08:22:09-08:00,POINT (-122.07855672586902 37.39204228859152),4.331674079404713,686.4238251176919,ios,1.6505094152866981,0.39709298567951135,-0.41779881991061407
431,37.39205372988935,-122.07854482356652,1575908530.0,2019-12-09T08:22:10-08:00,POINT (-122.07854482356652 37.39205372988935),2.696524950512282,686.6425765876397,ios,2.0476024009662095,-0.020705834231102727,-0.08074277506842545
432,37.39211508542056,-122.07849352631911,1575908534.0,2019-12-09T08:22:14-08:00,POINT (-122.07849352631911 37.39211508542056),5.483159869020752,686.87571382321,ios,1.9647790640417986,-0.3436769345048045,0.2199034618666773
433,37.39212728108968,-122.07847743306502,1575908535.0,2019-12-09T08:22:15-08:00,POINT (-122.07847743306502 37.39212728108968),7.354562782261915,688.2531368111592,ios,1.621102129536994,-0.12377347263812721,0.0047635112576174254
434,37.392134405707374,-122.07846142362996,1575908536.0,2019-12-09T08:22:16-08:00,POINT (-122.07846142362996 37.392134405707374),8.67278917248808,689.1995267211131,ios,1.4973286568988668,-0.11900996138050979,0.27532217065862685
435,37.39213771655913,-122.07844499509974,1575908537.0,2019-12-09T08:22:17-08:00,POINT (-122.07844499509974 37.39213771655913),9.623847518491763,690.3594771124257,ios,1.378318695518357,0.15631220927811706,-0.015356439370628916
436,37.39214031494911,-122.07842974003597,1575908538.0,2019-12-09T08:22:18-08:00,POINT (-122.07842974003597 37.39214031494911),10.45917981192895,691.459036432818,ios,1.5346309047964741,0.14095576990748815,-0.3203720262729235
437,37.392139644396856,-122.0784123894964,1575908539.0,2019-12-09T08:22:19-08:00,POINT (-122.0784123894964 37.392139644396856),11.045174499056525,692.880750601773,ios,1.6755866747039623,-0.17941625636543534,0.31304000085911143
438,37.39213708791639,-122.07839369785233,1575908540.0,2019-12-09T08:22:20-08:00,POINT (-122.07839369785233 37.39213708791639),11.492297816254114,694.4989129042315,ios,1.496170418338527,0.1336237444936761,0.0753816345668874
439,37.3921328969648,-122.07837760459824,1575908541.0,2019-12-09T08:22:21-08:00,POINT (-122.07837760459824 37.3921328969648),11.677459288168532,695.9860369269219,ios,1.629794162832203,0.2090053790605635,-0.3573099361357608
440,37.39212677817549,-122.0783608407919,1575908542.0,2019-12-09T08:22:22-08:00,POINT (-122.0783608407919 37.39212677817549),11.694291886539961,697.6178646823885,ios,1.8387995418927665,-0.1483045570751973,0.051822142922944625
441,37.392119108734086,-122.07834240060492,1575908543.0,2019-12-09T08:22:23-08:00,POINT (-122.07834240060492 37.392119108734086),11.618543820668695,699.4571792705863,ios,1.6904949848175692,-0.09648241415225267,0.0975070157082949
442,37.392111313564136,-122.07832597207471,1575908544.0,2019-12-09T08:22:24-08:00,POINT (-122.07832597207471 37.392111313564136),11.454423320647042,701.1412602359094,ios,1.5940125706653165,0.0010246015560422261,-0.05025436936947214
443,37.39210335075612,-122.07831096846803,1575908545.0,2019-12-09T08:22:25-08:00,POINT (-122.07831096846803 37.39210335075612),11.219815283072768,702.7190925762487,ios,1.5950371722213588,-0.049229767813429914,0.12252598018205085
444,37.39209547176714,-122.07829588104232,1575908546.0,2019-12-09T08:22:26-08:00,POINT (-122.07829588104232 37.39209547176714),10.996780185429216,704.2996846805179,ios,1.5458074044079289,0.07329621236862094,-0.13883127031025277
445,37.39208843096848,-122.07828079361661,1575908547.0,2019-12-09T08:22:27-08:00,POINT (-122.07828079361661 37.39208843096848),10.857909938273844,705.8407198166168,ios,1.6191036167765498,-0.06553505794163184,0.07837968650265781
446,37.392081976903036,-122.0782643650864,1575908548.0,2019-12-09T08:22:28-08:00,POINT (-122.0782643650864 37.392081976903036),10.828454041059612,707.4615100053269,ios,1.553568558834918,0.012844628561025973,-0.07623665306629057
447,37.392076822032585,-122.07824802037521,1575908549.0,2019-12-09T08:22:29-08:00,POINT (-122.07824802037521 37.392076822032585),10.926297317707753,709.0142714080419,ios,1.566413187395944,-0.0633920245052646,0.015547961880702177
448,37.3920699907815,-122.07823251385435,1575908550.0,2019-12-09T08:22:30-08:00,POINT (-122.07823251385435 37.3920699907815),10.824250032595137,710.5789941692757,ios,1.5030211628906793,-0.04784406262456242,0.07024383645414956
449,37.39206349480654,-122.0782175940667,1575908551.0,2019-12-09T08:22:31-08:00,POINT (-122.0782175940667 37.39206349480654),10.761879102373383,711.7413410761995,ios,1.455177100266117,0.022399773829587133,0.17671724581230808
450,37.392056705464974,-122.07820351246937,1575908552.0,2019-12-09T08:22:32-08:00,POINT (-122.07820351246937 37.392056705464974),10.65621344281021,713.1939881047883,ios,1.477576874095704,0.1991170196418952,0.008340296387405077
451,37.39205008376147,-122.07818901177689,1575908553.0,2019-12-09T08:22:33-08:00,POINT (-122.07818901177689 37.39205008376147),10.583956222091924,714.6712574617932,ios,1.6766938937375993,0.2074573160293003,-0.4841277301131537
452,37.39204027693476,-122.07817459490343,1575908554.0,2019-12-09T08:22:34-08:00,POINT (-122.07817459490343 37.39204027693476),10.193414680135254,716.3022585414307,ios,1.8841512097668995,-0.2766704140838534,0.2019822291565676
453,37.39202791362758,-122.07816001039191,1575908555.0,2019-12-09T08:22:35-08:00,POINT (-122.07816001039191 37.39202791362758),9.556843861250908,718.0751814788604,ios,1.6074807956830461,-0.0746881849272858,0.14667689182408927
454,37.392018442076996,-122.07814626407071,1575908556.0,2019-12-09T08:22:36-08:00,POINT (-122.07814626407071 37.392018442076996),9.172518524310782,719.6364065196706,ios,1.5327926107557603,0.07198870689680348,-0.10555257385888983
455,37.392010772635594,-122.07813184719726,1575908557.0,2019-12-09T08:22:37-08:00,POINT (-122.07813184719726 37.392010772635594),8.993304383645318,721.159808984897,ios,1.6047813176525638,-0.03356386696208635,0.05737782790170698
456,37.392004905303374,-122.07811525102898,1575908558.0,2019-12-09T08:22:38-08:00,POINT (-122.07811525102898 37.392004905303374),9.079802326898774,722.7644097160887,ios,1.5712174506904775,0.023813960939620626,0.11502282990113777
457,37.39200000189002,-122.07809857104166,1575908559.0,2019-12-09T08:22:39-08:00,POINT (-122.07809857104166 37.39200000189002),9.26497138135364,724.3270976143838,ios,1.595031411630098,0.1388367908407584,-0.22495858600696117
458,37.39199451174344,-122.07808189105435,1575908560.0,2019-12-09T08:22:40-08:00,POINT (-122.07808189105435 37.39199451174344),9.392129593200682,725.9193226576418,ios,1.7338682024708565,-0.08612179516620277,-0.10016706645438389
459,37.391988183406546,-122.07806395378157,1575908561.0,2019-12-09T08:22:41-08:00,POINT (-122.07806395378157 37.391988183406546),9.486915861657303,727.6529277287053,ios,1.6477464073046537,-0.18628886162058667,0.2677120901869352
460,37.39198168743159,-122.07804718997522,1575908562.0,2019-12-09T08:22:42-08:00,POINT (-122.07804718997522 37.39198168743159),9.517993795101422,729.302400258515,ios,1.461457545684067,0.08142322856634854,-0.26302524603715205
461,37.39197561055179,-122.07803252164467,1575908563.0,2019-12-09T08:22:43-08:00,POINT (-122.07803252164467 37.39197561055179),9.506340523477428,730.7654681335938,ios,1.5428807742504156,-0.1816020174708035,0.09213505930371735
462,37.39196873739119,-122.07801735039993,1575908564.0,2019-12-09T08:22:44-08:00,POINT (-122.07801735039993 37.39196873739119),9.436158468140333,732.3082958458716,ios,1.361278756779612,-0.08946695816708616,0.22881428059239473
463,37.39196282814945,-122.07800385553583,1575908565.0,2019-12-09T08:22:45-08:00,POINT (-122.07800385553583 37.39196282814945),9.393946205000367,733.670352925167,ios,1.271811798612526,0.13934732242530856,-0.025228670614426907
464,37.391957631369486,-122.07799103122397,1575908566.0,2019-12-09T08:22:46-08:00,POINT (-122.07799103122397 37.391957631369486),9.395242450093356,734.9436453818847,ios,1.4111591210378345,0.11411865181088165,-0.07835639291683538
465,37.39195230886097,-122.07797653053149,1575908567.0,2019-12-09T08:22:47-08:00,POINT (-122.07797653053149 37.39195230886097),9.451442514960723,736.3555127625298,ios,1.5252777728487161,0.03576225889404627,-0.011769504282448828
466,37.39194769881423,-122.07796026963933,1575908568.0,2019-12-09T08:22:48-08:00,POINT (-122.07796026963933 37.39194769881423),9.648786236677262,737.8703714002165,ios,1.5610400317427624,0.023992754611597444,-0.053504149540336554
467,37.391943465953126,-122.07794342201396,1575908569.0,2019-12-09T08:22:49-08:00,POINT (-122.07794342201396 37.391943465953126),9.90699024198923,739.412527816795,ios,1.5850327863543598,-0.02951139492873911,0.022760817589044358
468,37.39193914927299,-122.07792632293149,1575908570.0,2019-12-09T08:22:50-08:00,POINT (-122.07792632293149 37.39193914927299),10.167007455703354,740.9787406795757,ios,1.5555213914256207,-0.006750577339694752,-0.10886457155836715
469,37.391935084049955,-122.07790947530611,1575908571.0,2019-12-09T08:22:51-08:00,POINT (-122.07790947530611 37.391935084049955),10.441786693986597,742.5124579634548,ios,1.548770814085926,-0.1156151488980619,0.2608927860929964
470,37.391930222546115,-122.0778930467759,1575908572.0,2019-12-09T08:22:52-08:00,POINT (-122.0778930467759 37.391930222546115),10.585846171068757,744.3236379757816,ios,1.433155665187864,0.14527763719493447,-0.07222740588607346
471,37.39192431330438,-122.07787862990244,1575908573.0,2019-12-09T08:22:53-08:00,POINT (-122.07787862990244 37.39192431330438),10.544083653957653,745.7578321013342,ios,1.5784333023827986,0.07305023130886101,-0.17444267293214488
472,37.39191714677717,-122.07786320720061,1575908574.0,2019-12-09T08:22:54-08:00,POINT (-122.07786320720061 37.39191714677717),10.414802605995616,747.3324815303391,ios,1.6514835336916596,-0.10139244162328387,0.02767019078246813
473,37.39191044125463,-122.0778465272133,1575908575.0,2019-12-09T08:22:55-08:00,POINT (-122.0778465272133 37.39191044125463),10.379634417438783,748.9855327864512,ios,1.5500910920683757,-0.07372225084081574,0.14940253719848107
474,37.39190444819386,-122.0778306854163,1575908576.0,2019-12-09T08:22:56-08:00,POINT (-122.0778306854163 37.39190444819386),10.383830030489715,750.5375657397797,ios,1.47636884122756,0.07568028635766533,0.09261583006658891
475,37.39189933523293,-122.07781526271447,1575908577.0,2019-12-09T08:22:57-08:00,POINT (-122.07781526271447 37.39189933523293),10.460158953223038,752.0140464254913,ios,1.5520491275852253,0.16829611642425424,-0.2715944429651769
476,37.39189438991006,-122.07779883418425,1575908578.0,2019-12-09T08:22:58-08:00,POINT (-122.07779883418425 37.39189438991006),10.591636940851764,753.5628650883759,ios,1.7203452440094795,-0.10329832654092264,0.009192108681579825
477,37.39188806157316,-122.07778106454953,1575908579.0,2019-12-09T08:22:59-08:00,POINT (-122.07778106454953 37.39188806157316),10.635796411889567,755.2849333965772,ios,1.6170469174685569,-0.09410621785934281,0.1351229104274454
478,37.391881649417236,-122.07776463601931,1575908580.0,2019-12-09T08:23:00-08:00,POINT (-122.07776463601931 37.391881649417236),10.620411505171726,756.9038731139489,ios,1.522940699609214,0.041016692568102586,0.022337364885736566
479,37.39187553062792,-122.07774921331747,1575908581.0,2019-12-09T08:23:01-08:00,POINT (-122.07774921331747 37.39187553062792),10.596035208161691,758.4284370538588,ios,1.5639573921773167,0.06335405745383915,0.13499396301504896
480,37.39186899274345,-122.07773353915854,1575908582.0,2019-12-09T08:23:02-08:00,POINT (-122.07773353915854 37.39186899274345),10.539289312373628,759.9931235848289,ios,1.6273114496311558,0.1983480204688881,-0.3262796075698722
481,37.3918619938543,-122.07771736208542,1575908583.0,2019-12-09T08:23:03-08:00,POINT (-122.07771736208542 37.3918619938543),10.455568852373245,761.6200241151477,ios,1.825659470100044,-0.12793158710098407,-0.22065265095783726
482,37.39185277376081,-122.07770026300295,1575908584.0,2019-12-09T08:23:04-08:00,POINT (-122.07770026300295 37.39185277376081),10.18463600022281,763.410409082253,ios,1.6977278829990599,-0.3485842380588213,0.4518206789100552
483,37.39184384703393,-122.07768467266305,1575908585.0,2019-12-09T08:23:05-08:00,POINT (-122.07768467266305 37.39184384703393),9.987905420036684,764.313789408336,ios,1.3491436449402385,0.10323644085123385,-0.09650228973462283
484,37.39183705769236,-122.07767201598926,1575908586.0,2019-12-09T08:23:06-08:00,POINT (-122.07767201598926 37.39183705769236),9.896878732573086,765.6608220991258,ios,1.4523800857914724,0.00673415111661102,0.0696891578336658
485,37.39182959779854,-122.07765852112516,1575908587.0,2019-12-09T08:23:07-08:00,POINT (-122.07765852112516 37.39182959779854),9.778606366794214,767.1093358327076,ios,1.4591142369080834,0.07642330895027682,-0.10137582370561038
486,37.39182285036649,-122.0776443557088,1575908588.0,2019-12-09T08:23:08-08:00,POINT (-122.0776443557088 37.39182285036649),9.758481379249806,768.5696523419849,ios,1.5355375458583602,-0.024952514755333555,-0.08124637898492248
487,37.391817318310395,-122.07762843009277,1575908589.0,2019-12-09T08:23:09-08:00,POINT (-122.07762843009277 37.391817318310395),9.933102843115257,770.0973299365451,ios,1.5105850311030267,-0.10619889374025604,0.1496522965795406
488,37.39181237298752,-122.07761250447675,1575908590.0,2019-12-09T08:23:10-08:00,POINT (-122.07761250447675 37.39181237298752),10.164074053658238,771.5924119546045,ios,1.4043861373627706,0.04345340283928456,-0.12604672714576548
489,37.391808601131096,-122.077597333232,1575908591.0,2019-12-09T08:23:11-08:00,POINT (-122.077597333232 37.391808601131096),10.47430625900016,772.964496792785,ios,1.4478395402020552,-0.08259332430648092,-0.046958969215478374
490,37.391803362441614,-122.07758232962533,1575908592.0,2019-12-09T08:23:12-08:00,POINT (-122.07758232962533 37.391803362441614),10.092487233346285,793.6832827836557,ios,1.3652462158955743,-0.1295522935219593,0.3663833860362766
491,37.391799925861314,-122.07756749365672,1575908593.0,2019-12-09T08:23:13-08:00,POINT (-122.07756749365672 37.391799925861314),8.817133291428604,793.7346463404971,ios,1.235693922373615,0.23683109251431733,0.015004454914489207
492,37.39180197942759,-122.07755374733551,1575908594.0,2019-12-09T08:23:14-08:00,POINT (-122.07755374733551 37.39180197942759),7.92452086479842,796.3339702222347,ios,1.4725250148879323,0.25183554742880654,0.007708682650214849
493,37.39180956504996,-122.07754008483334,1575908595.0,2019-12-09T08:23:15-08:00,POINT (-122.07754008483334 37.39180956504996),7.221568289577191,797.6289614230074,ios,1.7243605623167388,0.2595442300790214,-0.5422886331492851
494,37.39182293418552,-122.0775301941876,1575908596.0,2019-12-09T08:23:16-08:00,POINT (-122.0775301941876 37.39182293418552),7.105036086171451,799.3474553715686,ios,1.9839047923957602,-0.2827444030702637,0.054444206538303064
495,37.39183911125864,-122.07752072263702,1575908597.0,2019-12-09T08:23:17-08:00,POINT (-122.07752072263702 37.39183911125864),7.161507260060872,801.327680959349,ios,1.7011603893254965,-0.22830019653196065,1.067211690846475
496,37.39185340240355,-122.07751384947642,1575908598.0,2019-12-09T08:23:18-08:00,POINT (-122.07751384947642 37.39185340240355),7.329591928821893,803.0176735065787,ios,1.4728601927935359,0.8389114943145144,-0.8891018653151426
497,37.39186572380121,-122.0775077306871,1575908599.0,2019-12-09T08:23:19-08:00,POINT (-122.0775077306871 37.39186572380121),7.4592461251204005,804.4824023401778,ios,2.3117716871080503,-0.050190371000628176,-0.39638152341200295
498,37.39188546318318,-122.077499516422,1575908600.0,2019-12-09T08:23:20-08:00,POINT (-122.077499516422 37.39188546318318),7.792597370979295,806.7658408785578,ios,2.261581316107422,-0.4465718944126311,0.24036613810902185
499,37.39190465774144,-122.07749105069979,1575908601.0,2019-12-09T08:23:21-08:00,POINT (-122.07749105069979 37.39190465774144),8.078922485355346,809.0052567431693,ios,1.815009421694791,-0.20620575630360927,0.07217688978318271
500,37.39191978707667,-122.07748333934887,1575908602.0,2019-12-09T08:23:22-08:00,POINT (-122.07748333934887 37.39191978707667),8.222450693644362,810.8116581093504,ios,1.6088036653911817,-0.13402886652042656,0.11212231654260019
501,37.391932862845614,-122.07747554417892,1575908603.0,2019-12-09T08:23:23-08:00,POINT (-122.07747554417892 37.391932862845614),8.257069601927313,812.4177945412272,ios,1.4747747988707551,-0.021906549977826373,0.27167623604974556
502,37.39194455560054,-122.07746766518994,1575908604.0,2019-12-09T08:23:24-08:00,POINT (-122.07746766518994 37.39194455560054),8.216176451437427,813.8901462988792,ios,1.4528682488929288,0.24976968607191918,-0.03544001415768405
503,37.391955913079336,-122.07745953474387,1575908605.0,2019-12-09T08:23:25-08:00,POINT (-122.07745953474387 37.391955913079336),8.138693663435882,815.3392505336413,ios,1.702637934964848,0.21432967191423513,-0.6868324876161127
504,37.39196970131005,-122.0774511528407,1575908606.0,2019-12-09T08:23:26-08:00,POINT (-122.0774511528407 37.39196970131005),8.162385093904238,817.0393382187237,ios,1.916967606879083,-0.4725028157018776,0.26659594125319774
505,37.391985459288016,-122.07744235184236,1575908607.0,2019-12-09T08:23:27-08:00,POINT (-122.07744235184236 37.391985459288016),8.251029374075971,818.9513659185461,ios,1.4444647911772055,-0.20590687444867983,-0.24552146497824412
506,37.39199698440488,-122.07743480812951,1575908608.0,2019-12-09T08:23:28-08:00,POINT (-122.07743480812951 37.39199698440488),8.22830947214797,820.3937739250316,ios,1.2385579167285257,-0.45142833942692395,0.45138308424314744
507,37.39200633022691,-122.07742718059762,1575908609.0,2019-12-09T08:23:29-08:00,POINT (-122.07742718059762 37.39200633022691),8.09041810970723,821.6234520271297,ios,0.7871295773016017,-4.525518377651583e-05,0.15093547548086894
508,37.392010667986426,-122.07742013959668,1575908610.0,2019-12-09T08:23:30-08:00,POINT (-122.07742013959668 37.392010667986426),7.749493679045457,822.3333101724489,ios,0.7870843221178252,0.15089022029709243,-0.1509430311671368
509,37.392015005496695,-122.0774130990003,1575908611.0,2019-12-09T08:23:31-08:00,POINT (-122.0774130990003 37.392015005496695),7.408588924919173,823.0431275399119,ios,0.9379745424149176,-5.281087004438412e-05,0.09712984111312084
510,37.39202122923489,-122.07740593227147,1575908612.0,2019-12-09T08:23:32-08:00,POINT (-122.07740593227147 37.39202122923489),7.151651629930442,823.9449626225004,ios,0.9379217315448732,0.09707703024307646,-0.019292866517293006
511,37.392027452622905,-122.07739876594589,1575908613.0,2019-12-09T08:23:33-08:00,POINT (-122.07739876594589 37.392027452622905),6.894728907857937,824.8467469592771,ios,1.0349987617879497,0.07778416372578345,0.308250917801836
512,37.392035038245275,-122.0773919766043,1575908614.0,2019-12-09T08:23:34-08:00,POINT (-122.0773919766043 37.392035038245275),6.7354742022678185,825.8686056458383,ios,1.1127829255137331,0.38603508152761945,0.05171849552369423
513,37.392043336329415,-122.07738493580564,1575908615.0,2019-12-09T08:23:35-08:00,POINT (-122.07738493580564 37.392043336329415),6.591813124122603,826.9710921840148,ios,1.4988180070413526,0.4377535770513137,-0.6283820533211968
514,37.39205523863192,-122.07737697299763,1575908616.0,2019-12-09T08:23:36-08:00,POINT (-122.07737697299763 37.39205523863192),6.554728626282609,828.4675495164964,ios,1.9365715840926663,-0.1906284762698831,0.14498267439634205
515,37.39207154143359,-122.07736926164671,1575908617.0,2019-12-09T08:23:37-08:00,POINT (-122.07736926164671 37.39207154143359),6.7567056984381955,830.3902905297625,ios,1.7459431078227832,-0.04564580187354106,0.1434614973679127
516,37.392086335492685,-122.0773626399432,1575908618.0,2019-12-09T08:23:38-08:00,POINT (-122.0773626399432 37.392086335492685),6.969734072181766,832.1201495713248,ios,1.700297305949242,0.09781569549437164,-0.15048811251489114
517,37.39210066854711,-122.07735593442067,1575908619.0,2019-12-09T08:23:39-08:00,POINT (-122.07735593442067 37.39210066854711),7.153171599149901,833.8076342924414,ios,1.7981130014436137,-0.0526724170205195,0.2414116014161416
518,37.3921157140633,-122.07734847452684,1575908620.0,2019-12-09T08:23:40-08:00,POINT (-122.07734847452684 37.3921157140633),7.312420577439591,835.595732078194,ios,1.7454405844230942,0.1887391843956221,-0.34646474660863835
519,37.392130550031915,-122.0773420204614,1575908621.0,2019-12-09T08:23:41-08:00,POINT (-122.0773420204614 37.392130550031915),7.540797772976403,837.3230841893749,ios,1.9341797688187163,-0.15772556221301626,-0.301216793849006
520,37.392146727105036,-122.07733397383436,1575908622.0,2019-12-09T08:23:42-08:00,POINT (-122.07733397383436 37.392146727105036),7.7099926631450995,839.2466833290117,ios,1.7764542066057,-0.45894235606202227,0.3264481250585123
521,37.39216156307365,-122.07732651394053,1575908623.0,2019-12-09T08:23:43-08:00,POINT (-122.07732651394053 37.39216156307365),7.8588057615563915,841.0140058521588,ios,1.3175118505436778,-0.13249423100351,0.013244524997958917
522,37.39217266909535,-122.07732131716057,1575908624.0,2019-12-09T08:23:44-08:00,POINT (-122.07732131716057 37.39217266909535),8.000866399959786,842.3215985249304,ios,1.1850176195401678,-0.11924970600555107,0.5517946291070162
523,37.39218260165061,-122.07731645565673,1575908625.0,2019-12-09T08:23:45-08:00,POINT (-122.07731645565673 37.39218260165061),8.111003249779134,843.4995273138427,ios,1.0657679135346168,0.4325449231014651,-0.07359992939310112
524,37.39219140264894,-122.07731167797192,1575908626.0,2019-12-09T08:23:46-08:00,POINT (-122.07731167797192 37.39219140264894),8.17141247781505,844.5619398780494,ios,1.4983128366360818,0.35894499370836397,-0.11345089691394361
525,37.39220380784789,-122.07730505627788,1575908627.0,2019-12-09T08:23:47-08:00,POINT (-122.07730505627788 37.39220380784789),8.26546441060502,846.0549606130219,ios,1.8572578303444458,0.24549409679442036,-0.04245655969866524
526,37.39221939820553,-122.07729751255556,1575908628.0,2019-12-09T08:23:48-08:00,POINT (-122.07729751255556 37.39221939820553),8.445220375143561,847.900406108426,ios,2.102751927138866,0.20303753709575512,-0.15466783596824873
527,37.392237503116384,-122.07729063939496,1575908629.0,2019-12-09T08:23:49-08:00,POINT (-122.07729063939496 37.392237503116384),8.803259795118246,849.9685030544108,ios,2.3057894642346213,0.04836970112750638,0.04881048210502037
528,37.39225745204593,-122.07728351477726,1575908630.0,2019-12-09T08:23:50-08:00,POINT (-122.07728351477726 37.39225745204593),9.233251302590714,852.2294130414859,ios,2.3541591653621277,0.09718018323252675,-0.4585556184826527
529,37.39227752670403,-122.07727504905506,1575908631.0,2019-12-09T08:23:51-08:00,POINT (-122.07727504905506 37.39227752670403),9.56341923805656,854.556081998417,ios,2.4513393485946544,-0.36137543525012594,-0.023221043365974525
530,37.39229802045728,-122.07726482313319,1575908632.0,2019-12-09T08:23:52-08:00,POINT (-122.07726482313319 37.39229802045728),9.775223239933187,856.9942493772701,ios,2.0899639133445285,-0.38459647861610047,0.20909985134921594
531,37.39231541290636,-122.0772558544968,1575908633.0,2019-12-09T08:23:53-08:00,POINT (-122.0772558544968 37.39231541290636),9.932020056648366,859.0749826888867,ios,1.705367434728428,-0.17549662726688453,0.3441908386971495
532,37.39232991359885,-122.07724956806942,1575908634.0,2019-12-09T08:23:54-08:00,POINT (-122.07724956806942 37.39232991359885),10.156962412179436,860.7624321238732,ios,1.5298708074615435,0.16869421143026497,-0.3770449758684278
533,37.39234315700586,-122.07724487420364,1575908635.0,2019-12-09T08:23:55-08:00,POINT (-122.07724487420364 37.39234315700586),10.44526166194145,862.26194453,ios,1.6985650188918084,-0.2083507644381628,0.24969212978327993
534,37.39235803488399,-122.077240515614,1575908636.0,2019-12-09T08:23:56-08:00,POINT (-122.077240515614 37.39235803488399),10.841488801870023,863.9101787888558,ios,1.4902142544536456,0.04134136534511712,0.08149472309702799
535,37.392370523919716,-122.07723439682468,1575908637.0,2019-12-09T08:23:57-08:00,POINT (-122.07723439682468 37.392370523919716),10.979500075861461,865.3915258179397,ios,1.5315556197987628,0.12283608844214511,-0.14661466065565287
536,37.392382468131736,-122.07722576346441,1575908638.0,2019-12-09T08:23:58-08:00,POINT (-122.07722576346441 37.392382468131736),10.891465314000111,866.9187839594388,ios,1.6543917082409079,-0.023778572213507765,-0.03959547131559038
537,37.392395418172136,-122.07721654337092,1575908639.0,2019-12-09T08:23:59-08:00,POINT (-122.07721654337092 37.392395418172136),10.807114507795548,868.5690784338701,ios,1.6306131360274,-0.06337404352909815,0.40097417893621157
538,37.392409080674305,-122.07720983784839,1575908640.0,2019-12-09T08:24:00-08:00,POINT (-122.07720983784839 37.392409080674305),10.95715950601863,870.1900817258617,ios,1.567239092498302,0.3376001354071134,-0.5120788914658307
539,37.392422743176475,-122.07720547925874,1575908641.0,2019-12-09T08:24:01-08:00,POINT (-122.07720547925874 37.392422743176475),11.2928546619345,871.7178204281958,ios,1.9048392279054154,-0.17447875605871732,-0.11482030397057952
540,37.39243904597814,-122.07719885755523,1575908642.0,2019-12-09T08:24:02-08:00,POINT (-122.07719885755523 37.39243904597814),11.581033013384744,873.597258332547,ios,1.730360471846698,-0.28929906002929684,0.5055075787394743
541,37.39245337903257,-122.07719123002335,1575908643.0,2019-12-09T08:24:03-08:00,POINT (-122.07719123002335 37.39245337903257),11.69154226677215,875.3213812386193,ios,1.4410614118174012,0.21620851871017743,-0.19931199653681175
542,37.39246490414943,-122.07718377012952,1575908644.0,2019-12-09T08:24:04-08:00,POINT (-122.07718377012952 37.39246490414943),11.675460461263697,876.7604567192144,ios,1.6572699305275786,0.01689652217336568,-0.08541730610692944
543,37.392478399013534,-122.07717580732151,1575908645.0,2019-12-09T08:24:05-08:00,POINT (-122.07717580732151 37.392478399013534),11.717701934453968,878.4148028375895,ios,1.6741664527009443,-0.06852078393356376,-0.17589528207733718
544,37.3924920615157,-122.0771678445135,1575908646.0,2019-12-09T08:24:06-08:00,POINT (-122.0771678445135 37.3924920615157),11.768293046295678,880.0857689351049,ios,1.6056456687673806,-0.24441606601090093,0.07938038312268936
545,37.39250513728465,-122.07716013316258,1575908647.0,2019-12-09T08:24:07-08:00,POINT (-122.07716013316258 37.39250513728465),11.809552630296997,881.6885722286517,ios,1.3612296027564796,-0.16503568288821158,0.291650620284287
546,37.39251599184926,-122.07715300854488,1575908648.0,2019-12-09T08:24:08-08:00,POINT (-122.07715300854488 37.39251599184926),11.78659558481598,883.0478438920488,ios,1.196193919868268,0.12661493739607543,0.1779723569615872
547,37.392525337671294,-122.07714630302235,1575908649.0,2019-12-09T08:24:09-08:00,POINT (-122.07714630302235 37.392525337671294),11.721646012422278,884.2408808403412,ios,1.3228088572643435,0.30458729435766263,-0.6008608819996482
548,37.39253594077881,-122.07713951368078,1575908650.0,2019-12-09T08:24:10-08:00,POINT (-122.07713951368078 37.39253594077881),11.712686621717483,885.5618988825488,ios,1.6273961516220061,-0.2962735876419855,0.13468195009591977
549,37.39254935182388,-122.07713213760599,1575908651.0,2019-12-09T08:24:11-08:00,POINT (-122.07713213760599 37.39254935182388),11.797167197623748,887.18461856323,ios,1.3311225639800206,-0.16159163754606576,0.44224226526201105
550,37.392560038750425,-122.07712534826442,1575908652.0,2019-12-09T08:24:12-08:00,POINT (-122.07712534826442 37.392560038750425),11.792382878889379,888.5139465450668,ios,1.1695309264339548,0.2806506277159453,-0.11563628838818141
551,37.39256925884391,-122.077118978018,1575908653.0,2019-12-09T08:24:13-08:00,POINT (-122.077118978018 37.39256925884391),11.74769329838391,889.6811948417716,ios,1.4501815541499001,0.16501433932776388,-0.1127588435289979
552,37.39258070014174,-122.07711109902903,1575908654.0,2019-12-09T08:24:14-08:00,POINT (-122.07711109902903 37.39258070014174),11.694287167991817,891.1286142858329,ios,1.615195893477664,0.05225549579876598,-0.08882836615459522
553,37.39259377591069,-122.07710313622101,1575908655.0,2019-12-09T08:24:15-08:00,POINT (-122.07710313622101 37.39259377591069),11.71565746763136,892.7414098571728,ios,1.66745138927643,-0.036572870355829235,0.0763346607862192
554,37.39260714504625,-122.07709458667978,1575908656.0,2019-12-09T08:24:16-08:00,POINT (-122.07709458667978 37.39260714504625),11.705227110992952,894.4066065604748,ios,1.6308785189206008,0.039761790430389965,0.06837788514825616
555,37.392619927448585,-122.07708553422435,1575908657.0,2019-12-09T08:24:17-08:00,POINT (-122.07708553422435 37.392619927448585),11.609846957751758,896.3814269178147,ios,1.6706403093509907,0.10813967557864612,-0.21451015703604304
556,37.39263304512705,-122.07707631413086,1575908658.0,2019-12-09T08:24:18-08:00,POINT (-122.07707631413086 37.39263304512705),11.483992404947019,898.0453190263099,ios,1.7787799849296368,-0.10637048145739691,0.10460107817885245
557,37.39264658190067,-122.0770655852948,1575908659.0,2019-12-09T08:24:19-08:00,POINT (-122.0770655852948 37.39264658190067),11.25667165744632,899.8077240979543,ios,1.67240950347224,-0.001769403278544468,0.01567447443249903
558,37.39265940621252,-122.07705569464906,1575908660.0,2019-12-09T08:24:20-08:00,POINT (-122.07705569464906 37.39265940621252),11.06326693657641,901.4671542425133,ios,1.6706401001936955,0.013905071153954562,-0.10233852785326025
559,37.39267252389099,-122.07704647455557,1575908661.0,2019-12-09T08:24:21-08:00,POINT (-122.07704647455557 37.39267252389099),10.93741331340752,903.1310462279608,ios,1.68454517134765,-0.08843345669930569,0.23955868084978982
560,37.392685893026545,-122.07703750591918,1575908662.0,2019-12-09T08:24:22-08:00,POINT (-122.07703750591918 37.392685893026545),10.843513458711511,904.8108390936876,ios,1.5961117146483443,0.15112522415048413,-0.2023172697570268
561,37.3926984658813,-122.07702878873988,1575908663.0,2019-12-09T08:24:23-08:00,POINT (-122.07702878873988 37.3926984658813),10.732516038664809,906.401142327697,ios,1.7472369387988285,-0.05119204560654267,-0.3565054024729175
562,37.392711793107345,-122.07701831136092,1575908664.0,2019-12-09T08:24:24-08:00,POINT (-122.07701831136092 37.392711793107345),10.515567837697205,908.1330762954278,ios,1.6960448931922858,-0.4076974480794602,0.19030302481664263
563,37.3927246174192,-122.07700791780098,1575908665.0,2019-12-09T08:24:25-08:00,POINT (-122.07700791780098 37.3927246174192),10.281802385162248,909.8112918523797,ios,1.2883474451128256,-0.21739442326281755,0.40547216271576114
564,37.392733753693655,-122.07699894916459,1575908666.0,2019-12-09T08:24:26-08:00,POINT (-122.07699894916459 37.392733753693655),10.014583468758504,910.3602879948356,ios,1.070953021850008,0.1880777394529436,0.1489738900021922
565,37.392741129768446,-122.07699115399464,1575908667.0,2019-12-09T08:24:27-08:00,POINT (-122.07699115399464 37.392741129768446),9.819551639555828,911.293470698508,ios,1.2590307613029517,0.3370516294551358,-0.031723689633333496
566,37.3927494697621,-122.076981514806,1575908668.0,2019-12-09T08:24:28-08:00,POINT (-122.076981514806 37.3927494697621),9.5363625438245,912.5199026680754,ios,1.5960823907580874,0.3053279398218023,-0.29715576335224925
567,37.392760659602835,-122.07697019923671,1575908669.0,2019-12-09T08:24:29-08:00,POINT (-122.07697019923671 37.392760659602835),9.28080144943812,914.0945228629387,ios,1.9014103305798897,0.008172176469553039,-0.11502840622139687
568,37.39277495074774,-122.07695838075324,1575908670.0,2019-12-09T08:24:30-08:00,POINT (-122.07695838075324 37.39277495074774),9.156934287224582,915.9901352170904,ios,1.9095825070494428,-0.10685622975184383,0.19863778240559027
569,37.39278924189265,-122.0769463946317,1575908671.0,2019-12-09T08:24:31-08:00,POINT (-122.0769463946317 37.39278924189265),9.020174444347672,917.8930953692496,ios,1.802726277297599,0.09178155265374643,-0.00831686303007495
570,37.3928031139424,-122.07693583343371,1575908672.0,2019-12-09T08:24:32-08:00,POINT (-122.07693583343371 37.3928031139424),8.940609998728592,920.1247751188198,ios,1.8945078299513454,0.08346468962367148,-0.24085496744764456
571,37.39281786609198,-122.07692510459765,1575908673.0,2019-12-09T08:24:33-08:00,POINT (-122.07692510459765 37.39281786609198),8.834751415495194,922.0141585397347,ios,1.9779725195750169,-0.15739027782397308,-0.0563971862088386
572,37.39283379170801,-122.07691513013287,1575908674.0,2019-12-09T08:24:34-08:00,POINT (-122.07691513013287 37.39283379170801),8.847379906165537,923.9893985824675,ios,1.8205822417510438,-0.21378746403281168,0.28948435615804535
573,37.39284862767662,-122.07690641295358,1575908675.0,2019-12-09T08:24:35-08:00,POINT (-122.07690641295358 37.39284862767662),8.904516613145878,925.8064536534387,ios,1.606794777718232,0.07569689212523367,-0.08101311013534707
574,37.39286145198847,-122.0768980310504,1575908676.0,2019-12-09T08:24:36-08:00,POINT (-122.0768980310504 37.39286145198847),8.887073282180953,927.4110617266708,ios,1.6824916698434658,-0.005316218010113394,-0.432670898150459
575,37.39287490494306,-122.0768893138711,1575908677.0,2019-12-09T08:24:37-08:00,POINT (-122.0768893138711 37.39287490494306),8.874742550335782,929.0912971548483,ios,1.6771754518333524,-0.4379871161605724,0.8779544029994857
576,37.39288739397879,-122.07687866885408,1575908678.0,2019-12-09T08:24:38-08:00,POINT (-122.07687866885408 37.39288739397879),8.661826755189475,930.7534346069689,ios,1.23918833567278,0.4399672868389133,-0.38086028476229594
577,37.392895733972445,-122.07686936494156,1575908679.0,2019-12-09T08:24:39-08:00,POINT (-122.07686936494156 37.392895733972445),8.101212454760839,934.0964865334795,ios,1.6791556225116933,0.05910700207661734,-0.08876127827170688
578,37.39291911948229,-122.07684530887946,1575908681.0,2019-12-09T08:24:41-08:00,POINT (-122.07684530887946 37.39291911948229),7.142467013649975,935.2134241196188,ios,1.797369626664928,-0.11841555446679641,0.444427110951233
579,37.39293349444623,-122.07683600496694,1575908682.0,2019-12-09T08:24:42-08:00,POINT (-122.07683600496694 37.39293349444623),7.164301888299474,937.0082961028255,ios,1.6789540721981315,0.3260115564844366,-0.33504998016915954
580,37.392947743681624,-122.07682971853956,1575908683.0,2019-12-09T08:24:43-08:00,POINT (-122.07682971853956 37.392947743681624),7.415417613079779,938.6654107465841,ios,2.004965628682568,-0.009038423684722963,-0.22771282529542636
581,37.39296501040216,-122.07682318065508,1575908684.0,2019-12-09T08:24:44-08:00,POINT (-122.07682318065508 37.39296501040216),7.804101691397708,940.6285553010762,ios,1.9959272049978452,-0.23675124898014932,0.22909580594325907
582,37.39298215139414,-122.07681647513255,1575908685.0,2019-12-09T08:24:45-08:00,POINT (-122.07681647513255 37.39298215139414),8.173132695293052,942.5863593688001,ios,1.7591759560176958,-0.007655443036890253,-0.03201046780009964
583,37.39299665208663,-122.07680851232453,1575908686.0,2019-12-09T08:24:46-08:00,POINT (-122.07680851232453 37.39299665208663),8.30633214546599,944.3377950340649,ios,1.7515205129808056,-0.03966591083698989,-0.1346127077292001
584,37.39301073368396,-122.07679962750717,1575908687.0,2019-12-09T08:24:47-08:00,POINT (-122.07679962750717 37.39301073368396),8.345636128985634,946.0865076295003,ios,1.7118546021438157,-0.17427861856618998,0.2576371840586509
585,37.3930248571908,-122.07679191615625,1575908688.0,2019-12-09T08:24:48-08:00,POINT (-122.07679191615625 37.3930248571908),8.478836164318432,947.7905426366334,ios,1.5375759835776257,0.0833585654924609,-0.3473920401193962
586,37.39303722049798,-122.0767841209863,1575908689.0,2019-12-09T08:24:49-08:00,POINT (-122.0767841209863 37.39303722049798),8.515075167241891,949.1767628922291,ios,1.6209345490700866,-0.26403347462693527,0.35550984429537746
587,37.393050841090634,-122.07677758310183,1575908690.0,2019-12-09T08:24:50-08:00,POINT (-122.07677758310183 37.393050841090634),8.886566153509161,949.3027078596458,ios,1.3569010744431513,0.09147636966844219,0.2956692482163281
588,37.39306232429798,-122.07677238632186,1575908691.0,2019-12-09T08:24:51-08:00,POINT (-122.07677238632186 37.39306232429798),9.146933347535594,952.3920595144613,ios,1.4483774441115935,0.3871456178847703,-0.3970797566728803
589,37.39307456187661,-122.07676677044674,1575908692.0,2019-12-09T08:24:52-08:00,POINT (-122.07676677044674 37.39307456187661),9.330703139340944,953.8262404142832,ios,1.8355230619963638,-0.009934138788110003,-0.1170979215484913
590,37.39308994266893,-122.07675922673388,1575908693.0,2019-12-09T08:24:53-08:00,POINT (-122.07675922673388 37.39308994266893),9.523529364966233,955.6485720549632,ios,1.8255889232082538,-0.1270320603366013,0.001289898561369851
591,37.3931054491898,-122.07675243739232,1575908694.0,2019-12-09T08:24:54-08:00,POINT (-122.07675243739232 37.3931054491898),9.782059416676528,957.4525428662349,ios,1.6985568628716525,-0.12574216177523145,0.5980378476148853
592,37.39311990797277,-122.07674623478397,1575908695.0,2019-12-09T08:24:55-08:00,POINT (-122.07674623478397 37.39311990797277),10.033179699989825,959.129407359799,ios,1.572814701096421,0.47229568583965387,-0.47781564309060487
593,37.393132983741715,-122.0767394454424,1575908696.0,2019-12-09T08:24:56-08:00,POINT (-122.0767394454424 37.393132983741715),10.167548978898672,960.6939674969981,ios,2.045110386936075,-0.005519957250951002,-0.23093545142770422
594,37.39314970563854,-122.07672980625375,1575908697.0,2019-12-09T08:24:57-08:00,POINT (-122.07672980625375 37.39314970563854),10.26420851155387,962.7337875908805,ios,2.039590429685124,-0.23645540867865522,0.31845629145502863
595,37.39316584080215,-122.0767188259606,1575908698.0,2019-12-09T08:24:58-08:00,POINT (-122.0767188259606 37.39316584080215),10.225509381659005,964.770474953015,ios,1.8031350210064687,0.08200088277637341,-0.03765686524324896
596,37.393180341494634,-122.07670968968614,1575908699.0,2019-12-09T08:24:59-08:00,POINT (-122.07670968968614 37.393180341494634),10.248232838971425,966.5710271683845,ios,1.8851359037828421,0.04434401753312445,-0.2700037954199468
597,37.393196225201145,-122.07670222979232,1575908700.0,2019-12-09T08:25:00-08:00,POINT (-122.07670222979232 37.393196225201145),10.47333643151907,968.4394754983437,ios,1.9294799213159666,-0.22565977788682234,-0.026690464912503042
598,37.393212192726686,-122.07669368025108,1575908701.0,2019-12-09T08:25:01-08:00,POINT (-122.07669368025108 37.393212192726686),10.617093165188765,970.3605873690437,ios,1.7038201434291442,-0.2523502427993254,0.4082827149406507
599,37.39322614859547,-122.07668571744307,1575908702.0,2019-12-09T08:25:02-08:00,POINT (-122.07668571744307 37.39322614859547),10.704203645607826,972.0596543113913,ios,1.4514699006298188,0.15593247214132533,-0.02845941715128375
600,37.39323725461717,-122.0766770840828,1575908703.0,2019-12-09T08:25:03-08:00,POINT (-122.0766770840828 37.39323725461717),10.59305135610975,973.5053611153937,ios,1.6074023727711442,0.12747305499004158,-0.03477151844297155
601,37.39324907310064,-122.07666660670384,1575908704.0,2019-12-09T08:25:04-08:00,POINT (-122.07666660670384 37.39324907310064),10.37338166630583,975.0963920521872,ios,1.7348754277611858,0.09270153654707003,-0.15454773116463927
602,37.393262987059906,-122.07665772188648,1575908705.0,2019-12-09T08:25:05-08:00,POINT (-122.07665772188648 37.393262987059906),10.359588213719245,977.032841151022,ios,1.8275769643082558,-0.06184619461756924,0.22191288259879038
603,37.39327853549029,-122.07665101636394,1575908706.0,2019-12-09T08:25:06-08:00,POINT (-122.07665101636394 37.39327853549029),10.591319761724385,978.8424281124909,ios,1.7657307696906865,0.16006668798122115,-0.03485091182121569
604,37.39329383246358,-122.07664565194591,1575908707.0,2019-12-09T08:25:07-08:00,POINT (-122.07664565194591 37.39329383246358),10.917139582045198,980.5744269657491,ios,1.9257974576719077,0.12521577616000545,-0.30470814942347046
605,37.39331051245089,-122.07663978461369,1575908708.0,2019-12-09T08:25:08-08:00,POINT (-122.07663978461369 37.39331051245089),11.270995636250682,982.4637196164082,ios,2.051013233831913,-0.179492373263465,0.17803830711148505
606,37.39332786299045,-122.07663190562471,1575908709.0,2019-12-09T08:25:09-08:00,POINT (-122.07663190562471 37.39332786299045),11.498134061777735,984.4985776043783,ios,1.8715208605684481,-0.0014540661519799603,-0.042769556952856336
607,37.39334387242551,-122.07662536774023,1575908710.0,2019-12-09T08:25:10-08:00,POINT (-122.07662536774023 37.39334387242551),11.765822681195521,986.3474521471142,ios,1.8700667944164682,-0.044223623104836296,0.10539299795786516
608,37.39335975613202,-122.0766184107606,1575908711.0,2019-12-09T08:25:11-08:00,POINT (-122.0766184107606 37.39335975613202),11.994070685622015,988.2002487546705,ios,1.8258431713116319,0.06116937485302887,-0.10865432560477006
609,37.393375095014825,-122.07661103468581,1575908712.0,2019-12-09T08:25:12-08:00,POINT (-122.07661103468581 37.393375095014825),12.1622865276943,990.0152769142929,ios,1.8870125461646607,-0.047484950751741195,-0.11854196360853542
610,37.3933908949023,-122.07660323951586,1575908713.0,2019-12-09T08:25:13-08:00,POINT (-122.07660323951586 37.3933908949023),12.319889998259267,991.8925938530069,ios,1.8395275954129195,-0.1660269143602766,0.2595469724179338
611,37.393405856599465,-122.0765943546985,1575908714.0,2019-12-09T08:25:14-08:00,POINT (-122.0765943546985 37.393405856599465),12.349825852929017,993.7292458464401,ios,1.673500681052643,0.09352005805765717,-0.12608189533626457
612,37.393418890458896,-122.07658488314792,1575908715.0,2019-12-09T08:25:15-08:00,POINT (-122.07658488314792 37.393418890458896),12.238472044798986,995.3971224474478,ios,1.7670207391103,-0.0325618372786074,-0.06378280220221377
613,37.393432259594455,-122.07657407049282,1575908716.0,2019-12-09T08:25:16-08:00,POINT (-122.07657407049282 37.393432259594455),12.037149087148018,997.1509251216701,ios,1.7344589018316927,-0.09634463948082117,-0.0960156227555784
614,37.39344466481115,-122.07656216819032,1575908717.0,2019-12-09T08:25:17-08:00,POINT (-122.07656216819032 37.39344466481115),11.701981132372412,998.8515557462279,ios,1.6381142623508715,-0.19236026223639957,0.26543113630239445
615,37.393456231837526,-122.07655068498298,1575908718.0,2019-12-09T08:25:18-08:00,POINT (-122.07655068498298 37.393456231837526),11.358893688248761,1000.4523760585387,ios,1.445754000114472,0.07307087406599488,0.19600674588340983
616,37.39346683494504,-122.07654121343239,1575908719.0,2019-12-09T08:25:19-08:00,POINT (-122.07654121343239 37.39346683494504),11.128109115925133,1001.8784759512823,ios,1.5188248741804669,0.2690776199494047,-0.16562847391686297
617,37.39347781523819,-122.07653098751052,1575908720.0,2019-12-09T08:25:20-08:00,POINT (-122.07653098751052 37.39347781523819),10.855980220770093,1003.3716409550323,ios,1.7879024941298716,0.10344914603254174,-0.06461676825998608
618,37.393492357840195,-122.07652235415026,1575908721.0,2019-12-09T08:25:21-08:00,POINT (-122.07652235415026 37.393492357840195),10.885280173144952,1005.1567445737509,ios,1.8913516401624133,0.03883237777255566,0.0858084864210269
619,37.39350819963719,-122.0765145589803,1575908722.0,2019-12-09T08:25:22-08:00,POINT (-122.0765145589803 37.39350819963719),11.044940808913314,1007.0382304001469,ios,1.930184017934969,0.12464086419358256,-0.20847095229977075
620,37.39352458625789,-122.07650735054358,1575908723.0,2019-12-09T08:25:23-08:00,POINT (-122.07650735054358 37.39352458625789),11.277939382598138,1008.9509129727711,ios,2.0548248821285515,-0.0838300881061882,0.03942726204048297
621,37.393542020616486,-122.07649963919266,1575908724.0,2019-12-09T08:25:24-08:00,POINT (-122.07649963919266 37.393542020616486),11.522501029527815,1010.9875368673258,ios,1.9709947940223633,-0.044402826065705225,-0.23451533065493524
622,37.39355836532767,-122.0764910058324,1575908725.0,2019-12-09T08:25:25-08:00,POINT (-122.0764910058324 37.39355836532767),11.640345735592524,1012.9519095282558,ios,1.926591967956658,-0.27891815672064046,-0.04161680133912027
623,37.39357433285321,-122.07648254011019,1575908726.0,2019-12-09T08:25:26-08:00,POINT (-122.07648254011019 37.39357433285321),11.752963730299195,1014.8721889487313,ios,1.6476738112360176,-0.32053495805976073,0.2297166828034003
624,37.39358833063151,-122.07647642132088,1575908727.0,2019-12-09T08:25:27-08:00,POINT (-122.07647642132088 37.39358833063151),11.955076380269453,1016.5045192360204,ios,1.327138853176257,-0.09081827525636044,0.5450199125257296
625,37.39359964620079,-122.07647164363607,1575908728.0,2019-12-09T08:25:28-08:00,POINT (-122.07647164363607 37.39359964620079),12.131845999930036,1017.8174565993044,ios,1.2363205779198965,0.45420163726936913,-0.3748499041552502
626,37.393609830213144,-122.07646602776094,1575908729.0,2019-12-09T08:25:29-08:00,POINT (-122.07646602776094 37.393609830213144),12.186492017066092,1019.050687895626,ios,1.6905222151892656,0.07935173311411892,-0.4734850907048429
627,37.39362311552967,-122.07645672384842,1575908730.0,2019-12-09T08:25:30-08:00,POINT (-122.07645672384842 37.39362311552967),12.100798599203788,1020.7370060830252,ios,1.7698739483033845,-0.394133357590724,0.243843562640486
628,37.39363728094603,-122.07644758757397,1575908731.0,2019-12-09T08:25:31-08:00,POINT (-122.07644758757397 37.39363728094603),12.071653034759802,1022.5043026506934,ios,1.3757405907126605,-0.15028979495023798,0.2822012129373883
629,37.393648177420154,-122.07644021149918,1575908732.0,2019-12-09T08:25:32-08:00,POINT (-122.07644021149918 37.393648177420154),12.021599478621718,1023.877410387809,ios,1.2254507957624226,0.13191141798715034,0.1774871254541759
630,37.393658068065896,-122.07643409270986,1575908733.0,2019-12-09T08:25:33-08:00,POINT (-122.07643409270986 37.393658068065896),12.021916207889348,1025.1011732125964,ios,1.3573622137495729,0.3093985434413262,-0.21314823684036255
631,37.39366783298309,-122.07642487261637,1575908734.0,2019-12-09T08:25:34-08:00,POINT (-122.07642487261637 37.39366783298309),11.769907473020059,1026.434004968211,ios,1.6667607571908991,0.09625030660096368,-0.22423114872282945
632,37.39367977719511,-122.07641347322806,1575908735.0,2019-12-09T08:25:35-08:00,POINT (-122.07641347322806 37.39367977719511),11.376303844276684,1028.9733619092447,ios,1.7630110637918628,-0.12798084212186578,0.21759348629795294
633,37.3936932301497,-122.07640291203006,1575908736.0,2019-12-09T08:25:36-08:00,POINT (-122.07640291203006 37.3936932301497),11.061004863195793,1030.7061324267947,ios,1.635030221669997,0.08961264417608716,0.02395311298477054
634,37.39370630591865,-122.07639444630786,1575908737.0,2019-12-09T08:25:37-08:00,POINT (-122.07639444630786 37.39370630591865),10.902492921152346,1032.3313004320728,ios,1.7246428658460842,0.1135657571608577,-0.4899525788027057
635,37.39372063897307,-122.07638698641404,1575908738.0,2019-12-09T08:25:38-08:00,POINT (-122.07638698641404 37.39372063897307),10.878369562419621,1034.0530428961629,ios,1.8382086230069419,-0.376386821641848,0.4059706420728506
636,37.39373635504152,-122.0763805323486,1575908739.0,2019-12-09T08:25:39-08:00,POINT (-122.0763805323486 37.39373635504152),10.993803531597955,1035.884316426729,ios,1.4618218013650939,0.029583820431002605,0.27316780366272186
637,37.39374930508192,-122.07637768250152,1575908740.0,2019-12-09T08:25:40-08:00,POINT (-122.07637768250152 37.39374930508192),11.29186853506889,1037.3123242311206,ios,1.4914056217960965,0.30275162409372447,-0.28502833690802354
638,37.39376271612699,-122.07637743104442,1575908741.0,2019-12-09T08:25:41-08:00,POINT (-122.07637743104442 37.39376271612699),11.822528917273472,1038.7026111437747,ios,1.794157245889821,0.01772328718570093,-0.15544255461435852
639,37.39377855792399,-122.07637357536896,1575908742.0,2019-12-09T08:25:42-08:00,POINT (-122.07637357536896 37.39377855792399),12.156775243604704,1040.461612722727,ios,1.8118805330755219,-0.1377192674286576,0.1578001473759283
640,37.39379381298776,-122.07636636693223,1575908743.0,2019-12-09T08:25:43-08:00,POINT (-122.07636636693223 37.39379381298776),12.19123235234004,1042.270122245747,ios,1.6741612656468643,0.020080879947270702,0.10027163688548435
641,37.39380747548993,-122.07635840412422,1575908744.0,2019-12-09T08:25:44-08:00,POINT (-122.07635840412422 37.39380747548993),12.098193212881775,1043.9392583495317,ios,1.694242145594135,0.12035251683275505,-0.15382690039217284
642,37.393821179901614,-122.07635002222105,1575908745.0,2019-12-09T08:25:45-08:00,POINT (-122.07635002222105 37.393821179901614),11.972418725741903,1045.626459814781,ios,1.81459466242689,-0.033474383559417786,0.011200005795302781
643,37.393835554865554,-122.07634029921337,1575908746.0,2019-12-09T08:25:46-08:00,POINT (-122.07634029921337 37.393835554865554),11.787741840043456,1046.6781008670755,ios,1.7811202788674723,-0.022274377764115005,0.01575610479956413
644,37.39386350851263,-122.07632060174092,1575908748.0,2019-12-09T08:25:48-08:00,POINT (-122.07632060174092 37.39386350851263),11.906205490953134,1050.0340459543368,ios,1.7365715233392423,0.009237831835013255,-0.17640385286850635
645,37.39387750629093,-122.07631188456162,1575908749.0,2019-12-09T08:25:49-08:00,POINT (-122.07631188456162 37.39387750629093),11.908693401852572,1051.7682392153524,ios,1.7458093551742555,-0.1671660210334931,0.1468073212165235
646,37.39389175552632,-122.07630358647748,1575908750.0,2019-12-09T08:25:50-08:00,POINT (-122.07630358647748 37.39389175552632),11.956832067049206,1053.5108437879505,ios,1.5786433341407624,-0.020358699816969583,0.1450692477854041
647,37.393904035014465,-122.07629461784109,1575908751.0,2019-12-09T08:25:51-08:00,POINT (-122.07629461784109 37.393904035014465),11.854324628924399,1055.0843619606942,ios,1.5582846343237928,0.1247105479684345,-0.09991163081188392
648,37.39391572776939,-122.0762848948334,1575908752.0,2019-12-09T08:25:52-08:00,POINT (-122.0762848948334 37.39391572776939),11.663006593021668,1056.6294238501844,ios,1.6829951822922273,0.02479891715655058,-0.21149613802412337
649,37.39392804916705,-122.07627383072122,1575908753.0,2019-12-09T08:25:53-08:00,POINT (-122.07627383072122 37.39392804916705),11.39986795867889,1058.0158154587727,ios,1.707794099448778,-0.1866972208675728,-0.2138852274522809
650,37.39394108302648,-122.07626360479935,1575908754.0,2019-12-09T08:25:54-08:00,POINT (-122.07626360479935 37.39394108302648),11.27973959736288,1059.6922842045205,ios,1.5210968785812051,-0.4005824483198537,0.15141449898386738
651,37.39395306914802,-122.07625530671521,1575908755.0,2019-12-09T08:25:55-08:00,POINT (-122.07625530671521 37.39395306914802),11.25571838576225,1061.2113397717917,ios,1.1205144302613514,-0.2491679493359863,0.24911807587924084
652,37.39396145105119,-122.07624826591655,1575908756.0,2019-12-09T08:25:56-08:00,POINT (-122.07624826591655 37.39396145105119),10.499106571050625,1084.5155665031878,ios,0.8713464809253652,-4.987345674545285e-05,0.2579768066368501
653,37.393968513006655,-122.07624399102363,1575908757.0,2019-12-09T08:25:57-08:00,POINT (-122.07624399102363 37.393968513006655),9.629080237476895,1084.528432526653,ios,0.8712966074686197,0.2579269331801046,-0.010645166338343559
654,37.393975574558034,-122.07623971637531,1575908758.0,2019-12-09T08:25:58-08:00,POINT (-122.07623971637531 37.393975574558034),8.75910370125635,1084.5412978860152,ios,1.1292235406487243,0.24728176684176106,-0.21128114288359057
655,37.39398521374668,-122.07624373968883,1575908759.0,2019-12-09T08:25:59-08:00,POINT (-122.07624373968883 37.39398521374668),7.962678196593455,1085.3389872958508,ios,1.3765053074904854,0.0360006239581705,-0.339456418395099
656,37.39399573303516,-122.07625195395394,1575908760.0,2019-12-09T08:26:00-08:00,POINT (-122.07625195395394 37.39399573303516),7.245231187398921,1086.5120863499012,ios,1.4125059314486559,-0.3034557944369285,0.5221313894849129
657,37.39400629423316,-122.0762608387713,1575908761.0,2019-12-09T08:26:01-08:00,POINT (-122.0762608387713 37.39400629423316),6.5502304387661425,1087.7403326815622,ios,1.1090501370117274,0.2186755950479844,-0.011141377463548485
658,37.394014927593425,-122.07626712519868,1575908762.0,2019-12-09T08:26:02-08:00,POINT (-122.07626712519868 37.394014927593425),5.943351361991213,1088.6670962446544,ios,1.3277257320597118,0.2075342175844359,-0.516082698098167
659,37.39402435723449,-122.07627634529217,1575908763.0,2019-12-09T08:26:03-08:00,POINT (-122.07627634529217 37.39402435723449),5.373883194863263,1089.8656074184291,ios,1.5352599496441477,-0.30854848051373107,0.2810728312384638
660,37.394034541246846,-122.07628807995661,1575908764.0,2019-12-09T08:26:04-08:00,POINT (-122.07628807995661 37.394034541246846),4.829355593977811,1091.3006175073717,ios,1.2267114691304166,-0.027475649275267244,-0.07839988567613787
661,37.394042545964375,-122.07629763532623,1575908765.0,2019-12-09T08:26:05-08:00,POINT (-122.07629763532623 37.394042545964375),4.414516945640146,1092.4548058841733,ios,1.1992358198551494,-0.10587553495140511,0.28159920578402464
662,37.394051556510284,-122.07630509522005,1575908766.0,2019-12-09T08:26:06-08:00,POINT (-122.07630509522005 37.394051556510284),3.81678233876616,1093.4931855506507,ios,1.0933602849037443,0.17572367083261953,-0.07835907624010141
663,37.394059351680234,-122.0763126389329,1575908767.0,2019-12-09T08:26:07-08:00,POINT (-122.0763126389329 37.394059351680234),3.342917768889469,1094.4777635781184,ios,1.2690839557363638,0.09736459459251812,-0.6528682358487633
664,37.39406769167389,-122.07632244575962,1575908768.0,2019-12-09T08:26:08-08:00,POINT (-122.07632244575962 37.39406769167389),2.904801117868082,1095.6685219624676,ios,1.366448550328882,-0.5555036412562452,0.5554574023533287
665,37.39407691176738,-122.07633267168148,1575908769.0,2019-12-09T08:26:09-08:00,POINT (-122.07633267168148 37.39407691176738),2.3960201670171952,1096.9362077322276,ios,0.8109449090726367,-4.623890291644006e-05,0.2833165738035047
666,37.39408231824896,-122.07633883255586,1575908770.0,2019-12-09T08:26:10-08:00,POINT (-122.07633883255586 37.39408231824896),2.1042109575938137,1097.6925787153848,ios,0.8108986701697203,0.2832703349005883,-0.28333221735706116
667,37.39408772442247,-122.07634499307913,1575908771.0,2019-12-09T08:26:11-08:00,POINT (-122.07634499307913 37.39408772442247),1.8124183095530984,1098.4489065375233,ios,1.0941690050703086,-6.18824564728726e-05,-0.048616829702442965
668,37.394092523197614,-122.07635580603974,1575908772.0,2019-12-09T08:26:12-08:00,POINT (-122.07635580603974 37.394092523197614),1.7654469233517698,1099.5431972166266,ios,1.0941071226138357,-0.04867871215891584,0.2318678318438192
669,37.3940973217016,-122.07636661838933,1575908773.0,2019-12-09T08:26:13-08:00,POINT (-122.07636661838933 37.3940973217016),1.7184780384301428,1100.637426000355,ios,1.0454284104549199,0.18318911968490337,-0.19815765580505795
670,37.394101428834155,-122.07637726340636,1575908774.0,2019-12-09T08:26:14-08:00,POINT (-122.07637726340636 37.394101428834155),1.7334427561007455,1101.6840347014722,ios,1.2286175301398232,-0.014968536120154585,0.07630238603535444
671,37.394106290337994,-122.07638975244208,1575908775.0,2019-12-09T08:26:15-08:00,POINT (-122.07638975244208 37.394106290337994),1.746744700720693,1102.9140788100544,ios,1.2136489940196686,0.061333849915199856,0.20975136755813661
672,37.39411207385118,-122.07640140328749,1575908776.0,2019-12-09T08:26:16-08:00,POINT (-122.07640140328749 37.39411207385118),1.6353449034018706,1104.1236402923244,ios,1.2749828439348685,0.27108521747333647,-0.4514356333160563
673,37.39411836027856,-122.07641347322806,1575908777.0,2019-12-09T08:26:17-08:00,POINT (-122.07641347322806 37.39411836027856),1.4906911738092816,1105.3913736474874,ios,1.546068061408205,-0.18035041584271982,-0.10559605799246197
674,37.394126616453185,-122.07642755482539,1575908778.0,2019-12-09T08:26:18-08:00,POINT (-122.07642755482539 37.394126616453185),1.230480427813806,1106.9162424836347,ios,1.3657176455654851,-0.2859464738351818,0.30817028284896164
675,37.39413403443749,-122.07643987622305,1575908779.0,2019-12-09T08:26:19-08:00,POINT (-122.07643987622305 37.39413403443749),0.9835709664403008,1108.2601408102996,ios,1.0797711717303033,0.02222380901377985,-0.030669458417590167
676,37.39413868639375,-122.07645060505911,1575908780.0,2019-12-09T08:26:20-08:00,POINT (-122.07645060505911 37.39413868639375),0.9478226957681588,1109.3404732588283,ios,1.1019949807440832,-0.008445649403810318,0.15752485099783775
677,37.394143478937416,-122.07646152372381,1575908781.0,2019-12-09T08:26:21-08:00,POINT (-122.07646152372381 37.394143478937416),0.9056614820058915,1110.4428182108786,ios,1.0935493313402729,0.14907920159402743,-0.1277325620852472
678,37.394147360467024,-122.07647289741006,1575908782.0,2019-12-09T08:26:22-08:00,POINT (-122.07647289741006 37.394147360467024),0.9719095524508193,1111.5358708082676,ios,1.2426285329343003,0.02134663950878024,-0.011683400725370774
679,37.39415180253486,-122.0764858045854,1575908783.0,2019-12-09T08:26:23-08:00,POINT (-122.0764858045854 37.39415180253486),1.0433998913079532,1112.7781470018135,ios,1.2639751724430806,0.009663238783409467,0.13143891358570126
680,37.3941567058284,-122.07649871282084,1575908784.0,2019-12-09T08:26:24-08:00,POINT (-122.07649871282084 37.3941567058284),1.0691862426996306,1114.0434413448515,ios,1.27363841122649,0.14110215236911072,-0.12081263156400346
681,37.39416286628286,-122.07651086719156,1575908785.0,2019-12-09T08:26:25-08:00,POINT (-122.07651086719156 37.39416286628286),0.9403749426645878,1115.3115912909534,ios,1.4147405635956007,0.020289520805107264,0.11662309049555541
682,37.39417091245051,-122.07652327251982,1575908786.0,2019-12-09T08:26:26-08:00,POINT (-122.07652327251982 37.39417091245051),0.6344886141142616,1116.6933668913316,ios,1.435030084400708,0.13691261130066268,-0.12146462875771635
683,37.394178833523675,-122.07653609693178,1575908787.0,2019-12-09T08:26:27-08:00,POINT (-122.07653609693178 37.394178833523675),0.3576356894447552,1118.102085799959,ios,1.5719426957013707,0.015447982542946326,-0.2656777044428291
684,37.394187969649906,-122.07654967568499,1575908788.0,2019-12-09T08:26:28-08:00,POINT (-122.07654967568499 37.394187969649906),0.009803302660551131,1119.6309166425488,ios,1.587390678244317,-0.2502297218998828,0.16959763919086557
685,37.39419572340045,-122.07656476299121,1575908789.0,2019-12-09T08:26:29-08:00,POINT (-122.07656476299121 37.39419572340045),0.1802851160640882,1121.2103868750264,ios,1.3371609563444342,-0.08063208270901723,-0.1634119362448696
686,37.39420129796684,-122.07657817463324,1575908790.0,2019-12-09T08:26:30-08:00,POINT (-122.07657817463324 37.39420129796684),0.20110744230940633,1122.5488959568534,ios,1.256528873635417,-0.24404401895388683,0.27243410443537
687,37.39420645308067,-122.07659083184332,1575908791.0,2019-12-09T08:26:31-08:00,POINT (-122.07659083184332 37.39420645308067),0.21025795592401716,1123.8068466828297,ios,1.0124848546815302,0.02839008548148314,-0.028565688866148076
688,37.39421127282735,-122.07660055559636,1575908792.0,2019-12-09T08:26:32-08:00,POINT (-122.07660055559636 37.39421127282735),0.3025250662691356,1124.8159853870482,ios,1.0408749401630133,-0.0001756033846649352,0.5922345243860125
689,37.39421749624136,-122.07660935689533,1575908793.0,2019-12-09T08:26:33-08:00,POINT (-122.07660935689533 37.39421749624136),0.5706091695155064,1125.8219234173696,ios,1.0406993367783484,0.5920589210013476,-0.44467389562971893
690,37.3942237188075,-122.07661815648382,1575908794.0,2019-12-09T08:26:34-08:00,POINT (-122.07661815648382 37.3942237188075),0.8386771594385707,1126.827683849957,ios,1.632758257779696,0.14738502537162868,-0.20875518806635207
691,37.39423532810456,-122.07662947328129,1575908795.0,2019-12-09T08:26:35-08:00,POINT (-122.07662947328129 37.39423532810456),1.541153573098316,1128.3004936904222,ios,1.7801432831513246,-0.061370162694723396,0.045087293038673204
692,37.394247565673524,-122.07664246507903,1575908796.0,2019-12-09T08:26:36-08:00,POINT (-122.07664246507903 37.394247565673524),2.2394920053950402,1129.9370931538338,ios,1.7187731204566012,-0.016282869656050192,-0.10066957732350379
693,37.39425963580346,-122.07665461911915,1575908797.0,2019-12-09T08:26:37-08:00,POINT (-122.07665461911915 37.39425963580346),2.9544599378613463,1131.4990715034946,ios,1.702490250800551,-0.11695244697955398,0.14078023237835913
694,37.39427212489292,-122.07666576726446,1575908798.0,2019-12-09T08:26:38-08:00,POINT (-122.07666576726446 37.39427212489292),3.75088876300286,1133.002281814885,ios,1.585537803820997,0.023827785398805146,0.05242705681253468
695,37.39428419499265,-122.07667532290134,1575908799.0,2019-12-09T08:26:39-08:00,POINT (-122.07667532290134 37.39428419499265),3.161578268801571,1142.0251957083162,ios,1.6093655892198022,0.07625484221133982,-0.008554877670399197
696,37.39429655837283,-122.07668479453956,1575908800.0,2019-12-09T08:26:40-08:00,POINT (-122.07668479453956 37.39429655837283),1.8044004361139532,1142.8869737066032,ios,1.685620431431142,0.06769996454094063,-0.014853097543157778
697,37.39430971796406,-122.0766942661466,1575908801.0,2019-12-09T08:26:41-08:00,POINT (-122.0766942661466 37.39430971796406),0.4082915331876049,1143.828050153637,ios,1.7533203959720827,0.05284686699778285,0.09622135066865711
698,37.39432430246776,-122.0767018100911,1575908802.0,2019-12-09T08:26:42-08:00,POINT (-122.0767018100911 37.39432430246776),0.904320201420436,1144.9862441324522,ios,1.8061672629698655,0.14906821766643996,0.07650246896269164
699,37.394340228063356,-122.07670583370951,1575908803.0,2019-12-09T08:26:43-08:00,POINT (-122.07670583370951 37.394340228063356),2.0027819408462055,1146.4153439678212,ios,1.9552354806363055,0.2255706866291316,-0.42226003418068103
700,37.394357705523625,-122.0767082647626,1575908804.0,2019-12-09T08:26:44-08:00,POINT (-122.0767082647626 37.394357705523625),3.102267644536159,1147.4972013478257,ios,2.180806167265437,-0.19668934755154943,-0.608629836545219
701,37.39437731798467,-122.07670826476262,1575908805.0,2019-12-09T08:26:45-08:00,POINT (-122.07670826476262 37.39437731798467),4.734259277679087,1147.4972013478257,ios,1.9841168197138876,-0.8053191840967684,0.686239506814438
702,37.394395129740374,-122.07670960579325,1575908806.0,2019-12-09T08:26:46-08:00,POINT (-122.07670960579325 37.394395129740374),6.545149885279497,1147.4972013478257,ios,1.1787976356171193,-0.11907967728233038,0.8634862363896894
703,37.39440556566579,-122.07671195268193,1575908807.0,2019-12-09T08:26:47-08:00,POINT (-122.07671195268193 37.39440556566579),7.694653658820349,1147.4972013478257,ios,1.0597179583347889,0.744406559107359,0.5508536008735478
704,37.394414869672936,-122.0767145510698,1575908808.0,2019-12-09T08:26:48-08:00,POINT (-122.0767145510698 37.394414869672936),8.741025581513936,1147.4972013478257,ios,1.8041245174421479,1.2952601599809068,-0.4969957487919794
705,37.394430962689746,-122.07671714947217,1575908809.0,2019-12-09T08:26:49-08:00,POINT (-122.07671714947217 37.394430962689746),10.502641567114157,1147.4972013478257,ios,3.0993846774230547,0.7982644111889274,-0.7065856161707091
706,37.394458790267436,-122.07671916116384,1575908810.0,2019-12-09T08:26:50-08:00,POINT (-122.07671916116384 37.394458790267436),13.514929826090587,1147.4972013478257,ios,3.897649088611982,0.0916787950182183,-4.081006678648419
707,37.39449382647006,-122.07672050229678,1575908811.0,2019-12-09T08:26:51-08:00,POINT (-122.07672050229678 37.39449382647006),17.325714553583442,1147.4972013478257,ios,3.9893278836302004,-3.9893278836302004,3.9893278836302004
708,37.39452970113325,-122.07671999944166,1575908812.0,2019-12-09T08:26:52-08:00,POINT (-122.07671999944166 37.39452970113325),21.228865288637195,1147.4972013478257,ios,0.0,0.0,0.0
