,accuracy,altitude,bearing,elapsedRealtimeNanos,filter,fmt_time,latitude,longitude,sensed_speed,ts,write_ts,hr,geometry,source,speed,acceleration,jerk
0,9.873,-6.900000095367432,356.1796,29017099210707,time,2020-03-04T15:39:10-08:00,37.3358101,-121.8858524,0.25079057,1583365150.0,1583365150.187,4.33206222222911,POINT (-121.8858524 37.3358101),android,0.5005988578001682,-0.041669398074384356,-0.24941920394166095
1,9.846,-7.799999713897705,356.78174,29018104221175,time,2020-03-04T15:39:11-08:00,37.3358137,-121.8858558,0.23103952,1583365151.0,1583365151.185,4.332340000006887,POINT (-121.8858558 37.3358137),android,0.45892945972578386,-0.2910886020160453,0.31632171836224304
2,9.84,-7.799999713897705,358.8459,29019239269768,time,2020-03-04T15:39:12-08:00,37.3358174,-121.8858581,0.016095875,1583365152.0,1583365152.334,4.332617777784665,POINT (-121.8858581 37.3358174),android,0.16784085770973856,0.025233116346197737,-0.09895696402911941
3,9.859,-7.799999713897705,359.80524,29020099509872,time,2020-03-04T15:39:13-08:00,37.3358185,-121.8858594,0.0056711333,1583365153.0,1583365153.191,4.332895555562443,POINT (-121.8858594 37.3358185),android,0.1930739740559363,-0.07372384768292167,0.535015518146741
4,9.908,-7.799999713897705,359.98566,29021090809299,time,2020-03-04T15:39:14-08:00,37.33582,-121.8858605,0.0016844516,1583365154.0,1583365154.164,4.333173333340221,POINT (-121.8858605 37.33582),android,0.11935012637301462,0.4612916704638193,-0.4502178056740878
5,10.01,-7.799999713897705,359.99976,29022088526694,time,2020-03-04T15:39:15-08:00,37.3358208,-121.8858614,0.0008680649,1583365155.0,1583365155.167,4.3334511111179985,POINT (-121.8858614 37.3358208),android,0.5806417968368339,0.011073864789731491,-0.369112872626247
6,10.157,-4.5,0.00540873,29023313782944,time,2020-03-04T15:39:16-08:00,37.335826,-121.885862,0.02326195,1583365156.0,1583365156.42,4.333728888895776,POINT (-121.885862 37.335826),android,0.5917156616265654,-0.3580390078365155,0.2802861017749085
7,10.192,-4.5,2.0176636e-05,29024027387996,time,2020-03-04T15:39:17-08:00,37.3358313,-121.8858614,0.013779216,1583365157.0,1583365157.165,4.334006666673554,POINT (-121.8858614 37.3358313),android,0.23367665379004993,-0.07775290606160701,0.0564295491184785
8,10.351,-4.5,7.883216e-08,29025108899870,time,2020-03-04T15:39:18-08:00,37.3358334,-121.8858613,0.0038293244,1583365158.0,1583365158.206,4.334284444451332,POINT (-121.8858613 37.3358334),android,0.15592374772844292,-0.021323356943128507,0.31583262517338284
9,10.477,-4.5,359.99988,29026024703932,time,2020-03-04T15:39:19-08:00,37.3358348,-121.8858614,0.0015623121,1583365159.0,1583365159.117,4.33456222222911,POINT (-121.8858614 37.3358348),android,0.1346003907853144,0.29450926823025436,0.3338197817917732
10,10.612,-4.5,359.99933,29027011123828,time,2020-03-04T15:39:20-08:00,37.335836,-121.8858616,0.0010614094,1583365160.0,1583365160.086,4.334840000006888,POINT (-121.8858616 37.335836),android,0.42910965901556875,0.6283290500220275,-0.2668957509398714
11,10.856,-6.0,0.019407729,29027970000000,time,2020-03-04T15:39:20.959000-08:00,37.3358397,-121.8858617,0.009918361,1583365160.959,1583365161.044,4.335106388926506,POINT (-121.8858617 37.3358397),android,1.0316772874963613,0.37237599534502264,-2.6321629373710307
12,11.161,-6.0,16.643772,29028598000000,time,2020-03-04T15:39:21.587000-08:00,37.3358455,-121.885861,0.5208226,1583365161.587,1583365161.716,4.335280833310551,POINT (-121.885861 37.3358455),android,1.2655293316044391,-1.2806217569924132,5.368175711808441
13,11.317,-6.0,21.73979,29029028000000,time,2020-03-04T15:39:22.017000-08:00,37.3358503,-121.8858598,0.6115146,1583365162.017,1583365162.121,4.335400277773539,POINT (-121.8858598 37.3358503),android,0.7148618906069759,1.027694157449608,-1.722089836295038
14,11.423,-6.0,23.975946,29029912000000,time,2020-03-04T15:39:22.901000-08:00,37.3358558,-121.885858,0.635627,1583365162.901,1583365163.01,4.335645833346579,POINT (-121.885858 37.3358558),android,1.6233435904780738,-0.49463336622785375,1.8861157384921559
15,12.003,-6.0,118.60813,29031102631431,time,2020-03-04T15:39:24-08:00,37.3358718,-121.8858565,1.1271732,1583365164.0,1583365164.206,4.335951111117999,POINT (-121.8858565 37.3358718),android,1.0797415323149218,1.5782077872052622,-7.634450550436979
16,12.515,-6.0,103.570816,29031806000000,time,2020-03-04T15:39:24.795000-08:00,37.3358793,-121.8858542,1.4034396,1583365164.795,1583365164.896,4.336171944472525,POINT (-121.8858542 37.3358793),android,2.334416843550804,-4.491180982854489,16.531094114400943
17,13.017,-6.0,115.00988,29032230000000,time,2020-03-04T15:39:25.219000-08:00,37.3358882,-121.8858544,1.6075611,1583365165.219,1583365165.316,4.33628972225719,POINT (-121.8858544 37.3358882),android,0.43015599545927763,2.5180033315487864,-8.41762171332772
18,13.324,-6.0,122.86057,29033025000000,time,2020-03-04T15:39:26.014000-08:00,37.335891,-121.8858528,1.6706946,1583365166.014,1583365166.113,4.336510555545489,POINT (-121.8858528 37.335891),android,2.431968235810195,-4.174004565842913,18.196631228154967
19,13.946,-6.0,121.71057,29033445000000,time,2020-03-04T15:39:26.434000-08:00,37.3358987,-121.8858591,1.8187802,1583365166.434,1583365166.541,4.336627222233348,POINT (-121.8858591 37.3358987),android,0.6788859997048953,3.4685819382749608,-13.59634259617826
20,14.27,-6.0,116.775116,29033888000000,time,2020-03-04T15:39:26.877000-08:00,37.3359014,-121.8858589,1.8636312,1583365166.877,1583365166.981,4.336750277810626,POINT (-121.8858589 37.3359014),android,2.2154680696082987,-2.554598895083593,7.047223193701259
21,14.704,-6.0,108.894196,29034383000000,time,2020-03-04T15:39:27.372000-08:00,37.3359097,-121.8858656,1.5989398,1583365167.372,1583365167.493,4.336887777778838,POINT (-121.8858656 37.3359097),android,0.9509419088925628,0.9337757793078392,-3.0958937104791553
22,14.777,-3.9000000953674316,121.91057,29035963000000,time,2020-03-04T15:39:28.952000-08:00,37.335923,-121.8858686,1.5403382,1583365168.952,1583365169.049,4.3373266666465335,POINT (-121.8858686 37.335923),android,2.4263075689575104,-3.957736047051281,13.299666092609241
23,14.589,-3.9000000953674316,126.574875,29036472000000,time,2020-03-04T15:39:29.460000-08:00,37.3359302,-121.8858792,1.4780976,1583365169.46,1583365169.569,4.337467777795262,POINT (-121.8858792 37.3359302),android,0.4157771210919066,2.798496129058309,-14.79639445407748
24,14.408,-3.9000000953674316,126.879105,29037108948824,time,2020-03-04T15:39:30-08:00,37.3359317,-121.8858809,1.4557564,1583365170.0,1583365170.192,4.337617777784666,POINT (-121.8858809 37.3359317),android,1.9269649240292381,-5.191556311705876,18.497688541075384
25,14.176,-3.9000000953674316,122.28652,29037287000000,time,2020-03-04T15:39:30.276000-08:00,37.3359352,-121.885885,1.1044331,1583365170.276,1583365170.377,4.33769444445769,POINT (-121.885885 37.3359352),android,0.4940952631731224,-0.08619385099057779,1.0271712207824275
26,13.829,-3.9000000953674316,119.14778,29038120640230,time,2020-03-04T15:39:31-08:00,37.3359379,-121.8858872,1.0217402,1583365171.0,1583365171.198,4.337895555562443,POINT (-121.8858872 37.3359379),android,0.4316909170287648,0.6574780893458163,-0.40125979064854866
27,13.059,-3.9000000953674316,121.505455,29039227805438,time,2020-03-04T15:39:32-08:00,37.3359417,-121.8858862,1.0193353,1583365172.0,1583365172.299,4.338173333340221,POINT (-121.8858862 37.3359417),android,1.0891690063745811,0.25621829869726764,0.08380410683349986
28,12.044,-3.9000000953674316,113.139145,29040886000000,time,2020-03-04T15:39:33.874000-08:00,37.3359514,-121.8859058,0.67874056,1583365173.874,1583365173.986,4.33869388891591,POINT (-121.8859058 37.3359514),android,1.5693221167037703,0.413267200977305,-1.33704978831995
29,11.668,-3.9000000953674316,93.000824,29042008000000,time,2020-03-04T15:39:34.997000-08:00,37.3359571,-121.8859244,0.042650703,1583365174.997,1583365175.132,4.339005833334393,POINT (-121.8859244 37.3359571),android,2.033421144777297,-1.0882395863452146,1.3271086725696262
30,11.237,-3.9000000953674316,102.9192,29043099250697,time,2020-03-04T15:39:36-08:00,37.3359669,-121.8859439,0.05417018,1583365176.0,1583365176.207,4.339284444451332,POINT (-121.8859439 37.3359669),android,0.9419168168408716,0.24285044008596857,-0.039944356506080525
31,11.153,-3.9000000953674316,91.31855,29044099781009,time,2020-03-04T15:39:37-08:00,37.3359719,-121.8859525,0.0030643493,1583365177.0,1583365177.216,4.33956222222911,POINT (-121.8859525 37.3359719),android,1.1847672569268402,0.20290608357988804,0.3864643104424783
32,10.783,-7.200000286102295,271.29138,29046079125644,time,2020-03-04T15:39:39-08:00,37.335982,-121.8859761,0.03678912,1583365179.0,1583365179.291,4.340117777784665,POINT (-121.8859761 37.335982),android,1.5905794240866162,0.9758347044648447,-6.65278976360557
33,10.631,-7.200000286102295,291.4073,29046874000000,time,2020-03-04T15:39:39.863000-08:00,37.3359875,-121.88599,0.018218063,1583365179.863,1583365179.961,4.3403574999835755,POINT (-121.88599 37.3359875),android,2.4327246921444696,-4.7655223032024265,9.962669932435615
34,10.492,-7.200000286102295,319.0618,29047327000000,time,2020-03-04T15:39:40.315000-08:00,37.3359918,-121.8860012,0.0011563201,1583365180.315,1583365180.423,4.340483055578337,POINT (-121.8860012 37.3359918),android,0.27870793847305153,-0.2623940875724477,0.41927078408402035
35,10.513,-7.200000286102295,265.9847,29048088748039,time,2020-03-04T15:39:41-08:00,37.3359914,-121.8860033,2.6585789e-05,1583365181.0,1583365181.179,4.340673333340221,POINT (-121.8860033 37.3359914),android,0.09896800350023499,0.02480637553423956,0.008346264018087496
36,10.61,-7.200000286102295,180.00595,29049101825486,time,2020-03-04T15:39:42-08:00,37.335991,-121.8860043,0.00021677368,1583365182.0,1583365182.176,4.340951111117999,POINT (-121.8860043 37.335991),android,0.12377437903447455,0.03315263955232706,0.02792920911711695
37,10.776,-7.200000286102295,359.955,29051121288558,time,2020-03-04T15:39:44-08:00,37.335991,-121.8860071,0.00025475325,1583365184.0,1583365184.226,4.3415066666735544,POINT (-121.8860071 37.335991),android,0.19007965813912867,0.08901105778656096,-0.15357503026556873
38,10.943,-7.200000286102295,359.95224,29052108634391,time,2020-03-04T15:39:45-08:00,37.3359918,-121.886009,0.0006507376,1583365185.0,1583365185.209,4.341784444451332,POINT (-121.886009 37.3359918),android,0.2790907159256896,-0.06456397247900778,0.0865009117235247
39,11.034,-7.200000286102295,359.9601,29053098839651,time,2020-03-04T15:39:46-08:00,37.3359936,-121.8860112,0.0013919492,1583365186.0,1583365186.197,4.34206222222911,POINT (-121.8860112 37.3359936),android,0.21452674344668185,0.021936939244516923,0.04232952839134438
40,11.07,-7.200000286102295,359.95575,29054091302203,time,2020-03-04T15:39:47-08:00,37.3359948,-121.8860131,0.0010865517,1583365187.0,1583365187.18,4.342340000006888,POINT (-121.8860131 37.3359948),android,0.23646368269119877,0.0642664676358613,-0.34721977331183645
41,11.189,-7.799999713897705,358.4421,29055553000000,time,2020-03-04T15:39:48.542000-08:00,37.3359964,-121.8860167,0.0012979546,1583365188.542,1583365188.63,4.342768333355585,POINT (-121.8860167 37.3359964),android,0.3355625793404751,-0.47114644201679606,1.0287041447425707
42,11.33,-7.799999713897705,217.753,29056121754598,time,2020-03-04T15:39:49-08:00,37.3359954,-121.8860179,0.008290717,1583365189.0,1583365189.196,4.3428955555624436,POINT (-121.8860179 37.3359954),android,0.11977753495735767,-6.255245904585038e-10,0.029038818901268013
43,11.393,-7.799999713897705,288.4938,29057006556525,time,2020-03-04T15:39:50-08:00,37.3359959,-121.8860191,0.0011034355,1583365190.0,1583365190.098,4.343173333340221,POINT (-121.8860191 37.3359959),android,0.11977753433183308,0.029038818275743422,0.4599385167200595
44,11.557,-7.799999713897705,290.036,29058046274337,time,2020-03-04T15:39:51-08:00,37.3359964,-121.8860203,0.00035839764,1583365191.0,1583365191.149,4.343451111117999,POINT (-121.8860203 37.3359964),android,0.1488163526075765,0.48897733499580287,-1.3936338906505015
45,11.624,-7.799999713897705,50.4094,29059088792774,time,2020-03-04T15:39:52-08:00,37.3359977,-121.8860207,3.5070596e-05,1583365192.0,1583365192.183,4.343728888895776,POINT (-121.8860207 37.3359977),android,0.6377936876033794,-0.9046565556546986,4.6511677926689865
46,11.579,-7.799999713897705,100.63678,29059273000000,time,2020-03-04T15:39:52.262000-08:00,37.3359985,-121.8860191,0.21231532,1583365192.262,1583365193.012,4.343801666696867,POINT (-121.8860191 37.3359985),android,0.4007735941000488,0.31394979636611137,-0.6713874638672422
47,11.468,-7.799999713897705,92.789,29060527000000,time,2020-03-04T15:39:53.516000-08:00,37.3359943,-121.8860212,0.7646814,1583365193.516,1583365193.624,4.344150000015895,POINT (-121.8860212 37.3359943),android,0.7944666225752361,-0.5279700487480214,1.679204282200584
48,11.367,-7.799999713897705,89.331314,29061108846784,time,2020-03-04T15:39:54-08:00,37.335991,-121.8860199,0.9507692,1583365194.0,1583365194.211,4.344284444451332,POINT (-121.8860199 37.335991),android,0.5389291361005839,0.2847647693889853,0.7850089828046118
49,11.234,-7.799999713897705,105.11573,29061766000000,time,2020-03-04T15:39:54.754000-08:00,37.3359892,-121.8860159,0.7610568,1583365194.754,1583365194.857,4.3444938888814715,POINT (-121.8860159 37.3359892),android,0.7536417575549451,0.8766615019969458,-4.6155380093968805
50,11.051,-7.799999713897705,106.84661,29062310000000,time,2020-03-04T15:39:55.299000-08:00,37.3359866,-121.8860192,1.2427099,1583365195.299,1583365195.4,4.344645277791553,POINT (-121.8860192 37.3359866),android,1.2314223430272453,-1.6388070652619589,2.724201093565777
51,10.829,-7.799999713897705,97.81861,29063311938762,time,2020-03-04T15:39:56-08:00,37.335984,-121.88601,1.4667932,1583365196.0,1583365196.408,4.344840000006887,POINT (-121.88601 37.335984),android,0.08261863091370564,0.2708578337796351,0.6588141619278886
52,10.818,-7.799999713897705,89.82801,29064098727199,time,2020-03-04T15:39:57-08:00,37.3359842,-121.8860091,1.0410544,1583365197.0,1583365197.19,4.345117777784665,POINT (-121.8860091 37.3359842),android,0.35347646469334076,0.9296719957075237,3.188418489542997
53,10.641,-7.799999713897705,91.86005,29065011000000,time,2020-03-04T15:39:58-08:00,37.3359849,-121.8860052,1.2986084,1583365198.0,1583365198.093,4.345395555562443,POINT (-121.8860052 37.3359849),android,1.2831484604008645,4.11809048525052,-7.4750853185111
54,11.381,-6.900000095367432,209.94125,29065595000000,time,2020-03-04T15:39:58.584000-08:00,37.335984,-121.8860136,1.5214856,1583365198.584,1583365198.699,4.345557777815395,POINT (-121.8860136 37.335984),android,3.688113759355955,-0.24736016770040065,4.2853622780915614
55,12.005,-6.900000095367432,219.8438,29066089164073,time,2020-03-04T15:39:59-08:00,37.3359772,-121.8860287,1.8785033,1583365199.0,1583365199.196,4.345673333340221,POINT (-121.8860287 37.3359772),android,3.585211956957109,1.5353500659122556,-13.873216461699606
56,12.69,-6.900000095367432,220.69467,29066731000000,time,2020-03-04T15:39:59.720000-08:00,37.3359694,-121.8860562,0.5895309,1583365199.72,1583365199.823,4.345873333348168,POINT (-121.8860562 37.3359694),android,4.6906640483406505,-8.453366183427367,30.82315855466345
57,13.274,-6.900000095367432,221.27994,29067011368604,time,2020-03-04T15:40:00-08:00,37.3359662,-121.8860705,0.47332618,1583365200.0,1583365200.077,4.345951111117999,POINT (-121.8860705 37.3359662),android,2.3237217588337344,0.17711733002076002,0.14699106598805028
58,13.729,-6.900000095367432,218.28436,29068092106104,time,2020-03-04T15:40:01-08:00,37.33596,-121.8860956,0.8644104,1583365201.0,1583365201.219,4.3462288888957765,POINT (-121.8860956 37.33596),android,2.5008390888544945,0.3241083960088103,-3.5865843309098757
59,14.182,-6.900000095367432,215.76178,29068563000000,time,2020-03-04T15:40:01.552000-08:00,37.3359552,-121.88611,0.85594773,1583365201.552,1583365201.669,4.346382222241825,POINT (-121.88611 37.3359552),android,2.6797469382878627,-1.6556863188342423,8.051674266509371
60,14.692,-6.900000095367432,215.43988,29069099478135,time,2020-03-04T15:40:02-08:00,37.3359503,-121.8861221,0.8556443,1583365202.0,1583365202.202,4.346506666673554,POINT (-121.8861221 37.3359503),android,1.937999543241427,1.951463383985558,-0.3944784424996428
61,15.393,-6.900000095367432,218.80942,29070023000000,time,2020-03-04T15:40:03.011000-08:00,37.3359415,-121.8861413,1.5321686,1583365203.011,1583365203.121,4.346787499984106,POINT (-121.8861413 37.3359415),android,3.9109288643996223,1.5526457109719596,-15.926396050073302
62,14.546,-7.500000476837158,218.98813,29070710000000,time,2020-03-04T15:40:03.699000-08:00,37.3359296,-121.8861678,0.89238906,1583365203.699,1583365203.802,4.34697861108515,POINT (-121.8861678 37.3359296),android,4.979149057281034,-9.404714194311866,29.199172085036178
63,13.699,-7.500000476837158,218.15059,29071005717197,time,2020-03-04T15:40:04-08:00,37.335922,-121.8861818,0.82421076,1583365204.0,1583365204.076,4.34706222222911,POINT (-121.8861818 37.335922),android,2.148328972632899,-0.6157599437499182,6.527322197875963
64,12.715,-7.500000476837158,220.86317,29072082776623,time,2020-03-04T15:40:05-08:00,37.3359108,-121.8862016,1.1134454,1583365205.0,1583365205.178,4.347340000006888,POINT (-121.8862016 37.3359108),android,1.5325690288829807,5.911562254126045,-63.595996456525924
65,12.467,-7.500000476837158,223.29015,29072893000000,time,2020-03-04T15:40:05.882000-08:00,37.3359038,-121.8862141,0.8389142,1583365205.882,1583365205.956,4.347584999998411,POINT (-121.8862141 37.3359038),android,6.746566756615589,-50.18010467973403,451.8822526752728
66,12.221,-7.500000476837158,225.78304,29073078656675,time,2020-03-04T15:40:06-08:00,37.3358992,-121.886221,0.81108797,1583365206.0,1583365206.185,4.347617777784666,POINT (-121.886221 37.3358992),android,0.8253128730317092,3.1420149263001163,-16.210033822239616
67,12.029,-7.500000476837158,225.58537,29073791000000,time,2020-03-04T15:40:06.780000-08:00,37.3358957,-121.8862268,0.9639633,1583365206.78,1583365206.885,4.347834444443385,POINT (-121.8862268 37.3358957),android,3.2760844256520314,-9.501810991273997,75.13505154708626
68,11.687,-7.500000476837158,223.6458,29074081153289,time,2020-03-04T15:40:07-08:00,37.3358914,-121.8862329,0.97927713,1583365207.0,1583365207.186,4.3478955555624434,POINT (-121.8862329 37.3358914),android,1.185685735722759,7.027902498716046,-37.714145836965095
69,12.135,-7.500000476837158,242.47707,29074827000000,time,2020-03-04T15:40:07.816000-08:00,37.3358844,-121.8862394,1.7629052,1583365207.816,1583365207.932,4.348122222224871,POINT (-121.8862394 37.3358844),android,6.920454067437771,-23.746839928775273,128.3436697323115
70,12.338,-7.500000476837158,245.6976,29075002863080,time,2020-03-04T15:40:08-08:00,37.3358772,-121.8862506,1.8902732,1583365208.0,1583365208.095,4.348173333340221,POINT (-121.8862506 37.3358772),android,2.551035158195099,-0.13160273966097247,1.4868636593740705
71,13.764,-7.500000476837158,238.01976,29076100668549,time,2020-03-04T15:40:09-08:00,37.335864,-121.8862742,1.7061352,1583365209.0,1583365209.191,4.348451111117999,POINT (-121.8862742 37.335864),android,2.4194324185341265,1.355260919713098,3.301344578241183
72,14.283,-7.500000476837158,238.02222,29076636000000,time,2020-03-04T15:40:09.624000-08:00,37.3358545,-121.8862864,1.5971782,1583365209.624,1583365209.731,4.348624444471465,POINT (-121.8862864 37.3358545),android,3.265115330663392,3.415300175814569,-11.565143077161002
73,15.217,-7.500000476837158,243.74147,29077707000000,time,2020-03-04T15:40:10.695000-08:00,37.3358332,-121.8863155,2.6313267,1583365210.695,1583365210.776,4.348921944432789,POINT (-121.8863155 37.3358332),android,6.922901343426522,-8.970966449535396,23.09077892091929
74,15.305,-7.500000476837158,243.88109,29078005746517,time,2020-03-04T15:40:11-08:00,37.3358218,-121.8863346,2.8575273,1583365211.0,1583365211.114,4.349006666673555,POINT (-121.8863346 37.3358218),android,4.186755977441606,-1.9282773371792168,-0.2658682805943454
75,15.375,-7.500000476837158,242.66978,29078486000000,time,2020-03-04T15:40:11.475000-08:00,37.3358114,-121.8863529,3.1060832,1583365211.475,1583365211.58,4.349138611091508,POINT (-121.8863529 37.3358114),android,3.270824426176335,-2.054564745106356,12.849348553285127
76,15.436,-7.500000476837158,238.37292,29079082881673,time,2020-03-04T15:40:12-08:00,37.3358022,-121.8863685,3.1462598,1583365212.0,1583365212.161,4.349284444451332,POINT (-121.8863685 37.3358022),android,2.1921777390569352,4.691344470777706,-30.445676335753735
77,14.788,-7.500000476837158,235.98137,29079772000000,time,2020-03-04T15:40:12.761000-08:00,37.3357918,-121.8863821,3.0388372,1583365212.761,1583365212.872,4.349495833317439,POINT (-121.8863821 37.3357918),android,5.7622904965535025,-18.477812723698566,83.52107647551178
78,14.133,-7.500000476837158,238.11688,29080079081256,time,2020-03-04T15:40:13-08:00,37.335784,-121.8863942,3.0178654,1583365213.0,1583365213.184,4.3495622222291095,POINT (-121.8863942 37.335784),android,1.3460917401134194,1.4837314040126235,9.987893070371367
79,13.964,-7.500000476837158,240.74971,29080767000000,time,2020-03-04T15:40:13.756000-08:00,37.3357785,-121.8864034,1.8260713,1583365213.756,1583365213.863,4.349772222240766,POINT (-121.8864034 37.3357785),android,2.46779274380681,9.03457898432205,-88.56469630911404
80,13.213,-7.500000476837158,241.24828,29081079823391,time,2020-03-04T15:40:14-08:00,37.3357752,-121.8864088,1.67997,1583365214.0,1583365214.175,4.349840000006887,POINT (-121.8864088 37.3357752),android,4.672229636875369,-12.575203198779224,54.50362767485352
81,11.981,-7.500000476837158,241.73524,29081284000000,time,2020-03-04T15:40:14.273000-08:00,37.3357686,-121.8864206,2.843506,1583365214.273,1583365215.09,4.34991583334075,POINT (-121.8864206 37.3357686),android,1.2391991396233444,2.3042872604132065,-2.0965415621420047
82,11.931,-7.500000476837158,242.47427,29082983000000,time,2020-03-04T15:40:15.972000-08:00,37.3357582,-121.8864405,3.3392437,1583365215.972,1583365216.095,4.3503877777523465,POINT (-121.8864405 37.3357582),android,5.154182922570475,-1.2577366057382469,0.19465409979882187
83,11.841,-7.500000476837158,241.761,29083906000000,time,2020-03-04T15:40:16.895000-08:00,37.3357364,-121.8864868,3.767876,1583365216.895,1583365217.007,4.350644166668256,POINT (-121.8864868 37.3357364),android,3.993291913128021,-1.0780708526889995,-1.5900976971382617
84,11.757,-7.500000476837158,240.49825,29085008000000,time,2020-03-04T15:40:17.997000-08:00,37.3357158,-121.8865293,3.4876482,1583365217.997,1583365218.102,4.350950277778837,POINT (-121.8865293 37.3357158),android,2.8052578355210005,-2.830358511902493,6.377632019715167
85,11.734,-7.500000476837158,242.1525,29085510000000,time,2020-03-04T15:40:18.498000-08:00,37.335709,-121.8865427,1.4103463,1583365218.498,1583365218.606,4.351089444425371,POINT (-121.8865427 37.335709),android,1.3872484262001081,0.3648346677288323,4.1683603398237175
86,11.751,-7.500000476837158,240.12558,29085990000000,time,2020-03-04T15:40:18.978000-08:00,37.3357056,-121.8865489,1.1767074,1583365218.978,1583365219.094,4.3512227777640025,POINT (-121.8865489 37.3357056),android,1.5623690736686167,2.3656477103493807,-6.438272498239581
87,11.763,-7.500000476837158,242.03944,29086752000000,time,2020-03-04T15:40:19.741000-08:00,37.3356994,-121.8865599,1.4398298,1583365219.741,1583365219.835,4.351434722211626,POINT (-121.8865599 37.3356994),android,3.3673583037378836,-2.5467542794876,14.730535759250161
88,11.742,-7.200000286102295,242.16016,29087248000000,time,2020-03-04T15:40:20.237000-08:00,37.3356907,-121.8865753,1.4649162,1583365220.237,1583365220.329,4.351572500003709,POINT (-121.8865753 37.3356907),android,2.10416804995823,4.759592215699695,-11.943639085464211
89,11.758,-7.200000286102295,241.2158,29088001918596,time,2020-03-04T15:40:21-08:00,37.3356828,-121.8865905,1.6356432,1583365221.0,1583365221.098,4.351784444451332,POINT (-121.8865905 37.3356828),android,5.735736965006308,-4.3534045431936,11.322190620379786
90,11.756,-7.200000286102295,240.3866,29088441000000,time,2020-03-04T15:40:21.430000-08:00,37.3356711,-121.8866142,3.7947464,1583365221.43,1583365221.527,4.35190388891432,POINT (-121.8866142 37.3356711),android,3.8637727208119528,0.5151381794074761,-1.7348109245782788
91,11.771,-7.200000286102295,240.21625,29089081968544,time,2020-03-04T15:40:22-08:00,37.3356607,-121.8866354,4.0178514,1583365222.0,1583365222.191,4.35206222222911,POINT (-121.8866354 37.3356607),android,4.157401448685031,-0.4737039317910192,-2.8090324798405493
92,11.81,-7.200000286102295,241.1429,29089548000000,time,2020-03-04T15:40:22.537000-08:00,37.3356503,-121.886657,4.048285,1583365222.537,1583365222.649,4.352211388879352,POINT (-121.886657 37.3356503),android,3.903022465322328,-1.9821542073734622,5.80777184022616
93,11.83,-7.200000286102295,242.85579,29090011000000,time,2020-03-04T15:40:23-08:00,37.3356426,-121.886675,4.046823,1583365223.0,1583365223.075,4.352340000006888,POINT (-121.886675 37.3356426),android,2.9852849501079826,0.7068444980520664,-2.1247989474036015
94,11.875,-7.200000286102295,243.51945,29090571000000,time,2020-03-04T15:40:23.560000-08:00,37.3356357,-121.8866918,3.8042324,1583365223.56,1583365223.674,4.3524955555465485,POINT (-121.8866918 37.3356357),android,3.381117828571173,-0.48304279091197944,2.3743204966646916
95,11.889,-7.200000286102295,243.14568,29091037000000,time,2020-03-04T15:40:24.026000-08:00,37.3356293,-121.8867077,3.740782,1583365224.026,1583365224.155,4.352625000013245,POINT (-121.8867077 37.3356293),android,3.1560198493102884,0.623390750737359,1.4962037841971314
96,11.954,-7.200000286102295,242.8646,29091485000000,time,2020-03-04T15:40:24.474000-08:00,37.3356233,-121.8867218,3.7071548,1583365224.474,1583365224.565,4.352749444444974,POINT (-121.8867218 37.3356233),android,3.4352988771040613,1.2936899775669,-4.305602167196298
97,12.103,-7.000000476837158,242.91052,29092549000000,time,2020-03-04T15:40:25.537000-08:00,37.3356072,-121.8867578,3.2727525,1583365225.537,1583365225.639,4.353044722212686,POINT (-121.8867578 37.3356072),android,4.8104912763748375,-3.283164970129361,6.481491995121996
98,12.15,-7.000000476837158,240.29985,29093171476407,time,2020-03-04T15:40:26-08:00,37.3355973,-121.8867797,3.176831,1583365226.0,1583365226.269,4.353173333340221,POINT (-121.8867797 37.3355973),android,3.2903857010785966,-0.28223379315146513,-0.5415437685469886
99,12.276,-7.000000476837158,235.01308,29094003460469,time,2020-03-04T15:40:27-08:00,37.3355826,-121.886812,2.330349,1583365227.0,1583365227.084,4.353451111117999,POINT (-121.886812 37.3355826),android,3.0081519079271315,-0.8237775616984537,-0.8189538290916317
100,12.321,-7.000000476837158,233.57742,29094444000000,time,2020-03-04T15:40:27.433000-08:00,37.3355768,-121.8868248,2.1598036,1583365227.433,1583365227.523,4.353571388920148,POINT (-121.8868248 37.3355768),android,2.6514561514350747,-1.1783846415485317,2.9831482526878537
101,12.386,-7.000000476837158,235.04378,29094865000000,time,2020-03-04T15:40:27.854000-08:00,37.3355716,-121.8868356,2.1336193,1583365227.854,1583365227.941,4.353688333365652,POINT (-121.8868356 37.3355716),android,2.155356212847962,0.07752078421286215,1.6044164975799495
102,12.417,-7.000000476837158,242.36403,29095470000000,time,2020-03-04T15:40:28.459000-08:00,37.3355667,-121.886849,2.1637976,1583365228.459,1583365228.546,4.353856388926506,POINT (-121.886849 37.3355667),android,2.2022562887753354,1.0481927958505477,0.3710576500941707
103,12.452,-7.000000476837158,249.739,29096005592604,time,2020-03-04T15:40:29-08:00,37.3355629,-121.8868616,2.1690042,1583365229.0,1583365229.098,4.354006666673555,POINT (-121.8868616 37.3355629),android,2.769328475372874,1.2489349435027886,-2.6970339912965704
104,12.47,-7.000000476837158,252.88724,29096512000000,time,2020-03-04T15:40:29.501000-08:00,37.3355605,-121.886877,1.6523637,1583365229.501,1583365229.609,4.3541458333200875,POINT (-121.886877 37.3355605),android,3.3950447915459057,-0.10227889065779758,2.006608629909655
105,12.349,-6.599999904632568,243.60027,29097448000000,time,2020-03-04T15:40:30.437000-08:00,37.3355591,-121.8869129,1.8665408,1583365230.437,1583365230.549,4.354405833350287,POINT (-121.8869129 37.3355591),android,3.2993117387705615,1.7759070050938666,-5.504244057256413
106,12.257,-6.599999904632568,239.93828,29098006000000,time,2020-03-04T15:40:30.995000-08:00,37.3355573,-121.8869336,1.9129325,1583365230.995,1583365231.126,4.354560833308432,POINT (-121.8869336 37.3355573),android,4.290267580018309,-1.2954603494727341,10.6950737165541
107,12.095,-6.599999904632568,237.98277,29098522000000,time,2020-03-04T15:40:31.511000-08:00,37.3355552,-121.8869585,2.845636,1583365231.511,1583365231.61,4.354704166650772,POINT (-121.8869585 37.3355552),android,3.621809997685171,4.223198035056164,-31.324325108989573
108,12.033,-6.599999904632568,235.86385,29099089896925,time,2020-03-04T15:40:32-08:00,37.3355497,-121.8869773,3.068705,1583365232.0,1583365232.167,4.354840000006888,POINT (-121.8869773 37.3355497),android,5.686954183197408,-11.09439951233531,42.687420933178366
109,11.948,-6.599999904632568,236.81067,29099313000000,time,2020-03-04T15:40:32.302000-08:00,37.3355443,-121.8869955,3.4700842,1583365232.302,1583365232.396,4.354923888908492,POINT (-121.8869955 37.3355443),android,2.3364450226108393,1.7972035635596109,-4.157710654390135
110,11.826,-6.599999904632568,238.91931,29100092125988,time,2020-03-04T15:40:33-08:00,37.3355388,-121.8870126,3.5695202,1583365233.0,1583365233.173,4.355117777784665,POINT (-121.8870126 37.3355388),android,3.5908930277059974,-1.1048782828798138,0.019818195061857627
111,11.576,-6.599999904632568,239.98344,29100892000000,time,2020-03-04T15:40:33.881000-08:00,37.3355278,-121.8870456,3.9610233,1583365233.881,1583365233.976,4.355362500018543,POINT (-121.8870456 37.3355278),android,2.6174952141263437,-1.0874184521987127,19.21096434312401
112,11.515,-6.599999904632568,238.63794,29101446000000,time,2020-03-04T15:40:34.435000-08:00,37.3355243,-121.8870614,2.9821572,1583365234.435,1583365234.548,4.355516388879882,POINT (-121.8870614 37.3355243),android,2.015065499460734,9.555453888507648,-47.89928556476511
113,11.358,-6.599999904632568,239.27463,29102005209581,time,2020-03-04T15:40:35-08:00,37.3355202,-121.8870732,2.7933223,1583365235.0,1583365235.113,4.355673333340221,POINT (-121.8870732 37.3355202),android,7.413897493235012,-17.507645196403747,66.07055842915581
114,11.377,-6.700000286102295,239.16098,29102255000000,time,2020-03-04T15:40:35.244000-08:00,37.3355108,-121.8870899,2.7940278,1583365235.244,1583365235.363,4.355741111106343,POINT (-121.8870899 37.3355108),android,3.142032799962527,-1.3864317121206935,2.7164645450105445
115,11.375,-6.700000286102295,238.16722,29102788000000,time,2020-03-04T15:40:35.777000-08:00,37.3355014,-121.8871047,2.847573,1583365235.777,1583365235.865,4.355889166659779,POINT (-121.8871047 37.3355014),android,2.4030647079798317,0.06144386964494697,-0.06655796458152913
116,11.351,-6.700000286102295,229.70094,29104099490674,time,2020-03-04T15:40:37-08:00,37.3354838,-121.8871295,3.0708194,1583365237.0,1583365237.196,4.356228888895776,POINT (-121.8871295 37.3354838),android,2.478210563602669,-0.01995652433894346,-0.41766085387346463
117,11.366,-6.700000286102295,232.52962,29105091684892,time,2020-03-04T15:40:38-08:00,37.3354686,-121.88715,2.984745,1583365238.0,1583365238.196,4.356506666673554,POINT (-121.88715 37.3354686),android,2.4582540392637253,-0.4376173782124081,1.1118551205177012
118,11.373,-6.700000286102295,236.83746,29105885000000,time,2020-03-04T15:40:38.873000-08:00,37.335457,-121.8871694,3.669324,1583365238.873,1583365238.968,4.356749166647593,POINT (-121.8871694 37.335457),android,2.0762141089840496,0.5330320380854733,3.6583033464701513
119,11.424,-6.700000286102295,237.77652,29106451000000,time,2020-03-04T15:40:39.440000-08:00,37.3354514,-121.8871807,3.9272945,1583365239.44,1583365239.548,4.356906666689449,POINT (-121.8871807 37.3354514),android,2.3784433548960693,2.6072905867691802,-0.12384873160233931
120,11.422,-6.700000286102295,239.04364,29107064000000,time,2020-03-04T15:40:40.053000-08:00,37.3354446,-121.8871948,3.982084,1583365240.053,1583365240.138,4.357076944443914,POINT (-121.8871948 37.3354446),android,3.9767122657730427,2.5313713246907454,-8.19499827871174
121,11.463,-7.200000286102295,238.71657,29107585000000,time,2020-03-04T15:40:40.574000-08:00,37.3354299,-121.8872092,4.01885,1583365240.574,1583365240.67,4.357221666640705,POINT (-121.8872092 37.3354299),android,5.2955564941829545,-1.7382220282435705,-3.6832261884928164
122,11.437,-7.200000286102295,236.44482,29108091800464,time,2020-03-04T15:40:41-08:00,37.3354147,-121.8872261,4.0592313,1583365241.0,1583365241.176,4.357340000006888,POINT (-121.8872261 37.3354147),android,4.555073704596678,-3.3072768201036893,5.354146809454161
123,11.263,-7.200000286102295,238.80376,29108831000000,time,2020-03-04T15:40:41.820000-08:00,37.3353905,-121.8872554,3.54841,1583365241.82,1583365241.943,4.357567777766122,POINT (-121.8872554 37.3353905),android,1.8431069328962,1.0831232062208618,-3.0115388536385623
124,11.119,-7.200000286102295,240.76282,29109551000000,time,2020-03-04T15:40:42.540000-08:00,37.3353816,-121.8872654,3.687466,1583365242.54,1583365242.644,4.357767777774069,POINT (-121.8872654 37.3353816),android,2.622955672363624,-1.0851848545597207,2.8372940533244595
125,11.0,-7.200000286102295,239.36491,29110081392494,time,2020-03-04T15:40:43-08:00,37.3353754,-121.8872766,3.7061586,1583365243.0,1583365243.183,4.357895555562443,POINT (-121.8872766 37.3353754),android,2.1237705978696355,0.2199705182037094,1.001822745030105
126,10.963,-7.200000286102295,237.79553,29110549000000,time,2020-03-04T15:40:43.538000-08:00,37.3353693,-121.887287,3.9535398,1583365243.538,1583365243.665,4.358045000036557,POINT (-121.887287 37.3353693),android,2.2421147601586173,0.7589512620361194,-3.211588439493997
127,10.829,-7.200000286102295,236.02097,29111083000000,time,2020-03-04T15:40:44.072000-08:00,37.3353627,-121.8872977,4.0167603,1583365244.072,1583365244.17,4.358193333347638,POINT (-121.8872977 37.3353627),android,2.6473946732873497,-0.9560367073776845,15.833969919761957
128,10.425,-7.200000286102295,231.65935,29112089991295,time,2020-03-04T15:40:45-08:00,37.3353488,-121.8873193,3.665141,1583365245.0,1583365245.173,4.358451111117999,POINT (-121.8873193 37.3353488),android,1.7601926343697927,13.737886955348799,-97.58096331644838
129,10.508,-7.599999904632568,230.97533,29112863000000,time,2020-03-04T15:40:45.851000-08:00,37.3353377,-121.8873289,3.644975,1583365245.851,1583365245.94,4.358687500026491,POINT (-121.8873289 37.3353377),android,13.451135402880396,-69.3035197134227,465.0348276458762
130,10.534,-7.599999904632568,229.86633,29113101712858,time,2020-03-04T15:40:46-08:00,37.3353244,-121.8873442,3.68027,1583365246.0,1583365246.196,4.358728888895777,POINT (-121.8873442 37.3353244),android,3.124915856461436,-0.013363212578220667,-3.786143644292276
131,10.499,-7.599999904632568,224.98663,29113550000000,time,2020-03-04T15:40:46.539000-08:00,37.3353127,-121.8873563,3.5575757,1583365246.539,1583365246.674,4.358878611127536,POINT (-121.8873563 37.3353127),android,3.1177130844229857,-2.0540947668386837,8.743600391434866
132,10.514,-7.599999904632568,226.13092,29114100496243,time,2020-03-04T15:40:47-08:00,37.3353029,-121.8873669,3.5424845,1583365247.0,1583365247.198,4.3590066666735545,POINT (-121.8873669 37.3353029),android,2.1707754674320996,1.9767047134250928,-8.502347731411133
133,10.53,-7.599999904632568,226.16533,29114624000000,time,2020-03-04T15:40:47.613000-08:00,37.3352941,-121.8873771,3.3092911,1583365247.613,1583365247.756,4.35917694442802,POINT (-121.8873771 37.3352941),android,3.38249529087002,-3.235233732384513,14.231921905833632
134,10.561,-7.599999904632568,225.07751,29115111805409,time,2020-03-04T15:40:48-08:00,37.3352858,-121.8873876,3.249281,1583365248.0,1583365248.221,4.359284444451332,POINT (-121.8873876 37.3352858),android,2.1304595649255935,2.2725212395635213,-6.933543346621382
135,10.613,-7.599999904632568,224.75502,29115620000000,time,2020-03-04T15:40:48.609000-08:00,37.3352779,-121.8873984,3.2892523,1583365248.609,1583365248.697,4.359453611108992,POINT (-121.8873984 37.3352779),android,3.5144249261334433,-1.9500064337092653,6.443864074343673
136,10.617,-7.599999904632568,225.33693,29116108948898,time,2020-03-04T15:40:49-08:00,37.3352695,-121.8874098,3.2983181,1583365249.0,1583365249.192,4.35956222222911,POINT (-121.8874098 37.3352695),android,2.7519723473243047,0.5695446283009313,7.352745792033636
137,10.632,-7.599999904632568,222.99902,29117088855617,time,2020-03-04T15:40:50-08:00,37.335253,-121.887433,3.321561,1583365250.0,1583365250.169,4.359840000006888,POINT (-121.887433 37.335253),android,3.321516975625236,7.922290420334567,-2.46987626389965
138,10.92,-6.599999904632568,222.27425,29117974000000,time,2020-03-04T15:40:50.962000-08:00,37.3352295,-121.8874538,3.3371267,1583365250.962,1583365251.079,4.36010722219944,POINT (-121.8874538 37.3352295),android,10.942759513795181,5.546269718274351,-3.1011722144168874
139,11.59,-6.599999904632568,239.86502,29119078816032,time,2020-03-04T15:40:52-08:00,37.3351732,-121.887561,3.6618872,1583365252.0,1583365252.177,4.360395555562444,POINT (-121.887561 37.3351732),android,16.699788073769476,2.327252628468693,-25.982590207836544
140,12.453,-6.599999904632568,241.57767,29119831000000,time,2020-03-04T15:40:52.820000-08:00,37.335115,-121.8876975,3.3257964,1583365252.82,1583365252.923,4.360623333321677,POINT (-121.8876975 37.335115),android,18.60813507375293,-18.97846960743225,39.569263651862116
141,13.238,-6.599999904632568,241.33072,29120386000000,time,2020-03-04T15:40:53.375000-08:00,37.3350706,-121.8878001,2.9994004,1583365253.375,1583365253.469,4.360777500006888,POINT (-121.8878001 37.3350706),android,8.0750831746785,2.9824743608845607,-6.570000126564302
142,13.584,-6.599999904632568,241.1703,29121088716448,time,2020-03-04T15:40:54-08:00,37.3350487,-121.8878501,2.9053063,1583365254.0,1583365254.185,4.360951111117998,POINT (-121.8878501 37.3350487),android,9.93912965023135,-1.1237757182181283,-9.413340694964175
143,14.05,-6.599999904632568,240.79417,29121480000000,time,2020-03-04T15:40:54.469000-08:00,37.3350285,-121.8878963,2.7165082,1583365254.469,1583365254.566,4.361081388923857,POINT (-121.8878963 37.3350285),android,9.412078724785149,-5.538633455746019,8.30076149884794
144,14.088,-6.599999904632568,240.0716,29121905000000,time,2020-03-04T15:40:54.894000-08:00,37.3350111,-121.8879359,2.641558,1583365254.894,1583365255.015,4.361199444466167,POINT (-121.8879359 37.3350111),android,7.058159770195714,-2.010810214546796,-1.263732516190179
145,15.525,-6.599999904632568,239.61809,29123091320875,time,2020-03-04T15:40:56-08:00,37.3349747,-121.8880114,2.658933,1583365256.0,1583365256.198,4.361506666673554,POINT (-121.8880114 37.3349747),android,4.834203780295809,-3.4084983099625363,3.0165411351617077
146,14.995,-6.599999904632568,252.66287,29124089192281,time,2020-03-04T15:40:57-08:00,37.3349517,-121.8880578,0.5341229,1583365257.0,1583365257.197,4.361784444451332,POINT (-121.8880578 37.3349517),android,1.4257054703332723,-0.3919571748008286,0.02795596255168098
147,14.772,-6.599999904632568,267.25308,29125102847176,time,2020-03-04T15:40:58-08:00,37.3349452,-121.8880717,0.15179992,1583365258.0,1583365258.228,4.36206222222911,POINT (-121.8880717 37.3349452),android,1.0337482955324437,-0.3640012122491476,0.3733575968692383
148,14.122,-6.599999904632568,269.97623,29126099990405,time,2020-03-04T15:40:59-08:00,37.3349408,-121.888082,0.023932384,1583365259.0,1583365259.177,4.3623400000068875,POINT (-121.888082 37.3349408),android,0.6697470832832961,0.009356384620090696,-0.5014536985275794
149,13.652,-6.599999904632568,269.99866,29127078620509,time,2020-03-04T15:41:00-08:00,37.3349387,-121.8880891,0.0065635825,1583365260.0,1583365260.182,4.362617777784665,POINT (-121.8880891 37.3349387),android,0.6791034679033868,-0.4920973139074887,0.41349074498182264
150,12.605,-6.599999904632568,269.96664,29128083707852,time,2020-03-04T15:41:01-08:00,37.3349368,-121.8880964,0.010780407,1583365261.0,1583365261.176,4.362895555562443,POINT (-121.8880964 37.3349368),android,0.18700615399589812,-0.07860656892566605,0.011982907444326812
151,11.621,-6.599999904632568,250.41101,29129080640299,time,2020-03-04T15:41:02-08:00,37.3349357,-121.888098,0.029369308,1583365262.0,1583365262.157,4.363173333340221,POINT (-121.888098 37.3349357),android,0.10839958507023208,-0.06662366148133923,0.0833574162685042
152,11.229,-6.599999904632568,270.0749,29130093223632,time,2020-03-04T15:41:03-08:00,37.3349359,-121.8880992,0.004238461,1583365263.0,1583365263.181,4.363451111117999,POINT (-121.8880992 37.3349359),android,0.041775923588892844,0.01673375478716496,0.5355240156022445
153,10.943,-6.599999904632568,270.37915,29131101031705,time,2020-03-04T15:41:04-08:00,37.3349361,-121.8880996,0.00057872175,1583365264.0,1583365264.194,4.363728888895777,POINT (-121.8880996 37.3349361),android,0.058509678376057805,0.5522577703894095,-1.332010942007909
154,10.971,-6.599999904632568,276.94324,29131368000000,time,2020-03-04T15:41:04.357000-08:00,37.3349362,-121.8880994,7.8310615e-05,1583365264.357,1583365264.439,4.363828055593703,POINT (-121.8880994 37.3349362),android,0.2556657645526151,0.07672971419664035,3.6008486330276983
155,10.944,-6.599999904632568,268.96997,29131948000000,time,2020-03-04T15:41:04.937000-08:00,37.3349358,-121.888101,0.00092457235,1583365264.937,1583365265.024,4.363989166683621,POINT (-121.888101 37.3349358),android,0.30016899293265387,2.1652216466297567,-9.562603667437664
156,11.07,-7.599999904632568,89.972755,29133101298683,time,2020-03-04T15:41:06-08:00,37.3349351,-121.8880975,0.011920201,1583365266.0,1583365266.19,4.364284444451332,POINT (-121.8880975 37.3349351),android,2.601799524833267,-7.999825705311318,30.10997293738896
157,11.053,-7.599999904632568,88.86953,29133267000000,time,2020-03-04T15:41:06.255000-08:00,37.3349353,-121.88809,0.06299093,1583365266.255,1583365266.352,4.364355277816455,POINT (-121.88809 37.3349353),android,0.5618430544714833,-0.32177916046419064,0.12108768843134088
158,11.057,-7.599999904632568,86.00653,29133981000000,time,2020-03-04T15:41:06.970000-08:00,37.3349358,-121.8880855,0.12042837,1583365266.97,1583365267.068,4.364553888903724,POINT (-121.8880855 37.3349358),android,0.33177098235811386,-0.23520147362882157,0.2361976052710762
159,11.097,-7.599999904632568,89.85269,29135082274047,time,2020-03-04T15:41:08-08:00,37.3349374,-121.8880822,0.013038192,1583365268.0,1583365268.171,4.364840000006888,POINT (-121.8880822 37.3349374),android,0.08951347124959577,0.008082053042719209,0.3923033798040058
160,11.123,-7.599999904632568,89.99865,29136078848786,time,2020-03-04T15:41:09-08:00,37.3349381,-121.8880817,0.0019714658,1583365269.0,1583365269.186,4.365117777784666,POINT (-121.8880817 37.3349381),android,0.09759552429231498,0.400385432846725,-0.3946947064556425
161,11.15,-7.599999904632568,89.91107,29136887000000,time,2020-03-04T15:41:09.876000-08:00,37.3349388,-121.8880813,0.00039852166,1583365269.876,1583365269.972,4.365361111097866,POINT (-121.8880813 37.3349388),android,0.448333134446411,0.05463289859875778,0.3520440287685404
162,11.126,-7.599999904632568,135.20473,29138111253681,time,2020-03-04T15:41:11-08:00,37.3349345,-121.8880831,0.0013583724,1583365271.0,1583365271.221,4.365673333340221,POINT (-121.8880831 37.3349345),android,0.5097405164311661,0.45033041245048366,-1.3068294583506066
163,11.1,-7.599999904632568,164.24051,29139444968577,time,2020-03-04T15:41:12-08:00,37.33493,-121.888082,0.030463975,1583365272.0,1583365272.541,4.365951111117999,POINT (-121.888082 37.33493),android,0.9600709288816498,-0.8564990459001229,0.9336730440516717
164,11.043,-7.599999904632568,200.95045,29140126038003,time,2020-03-04T15:41:13-08:00,37.3349218,-121.8880854,0.2676728,1583365273.0,1583365273.253,4.366228888895776,POINT (-121.8880854 37.3349218),android,0.10357188298152681,0.07717399815154882,0.18547120092111966
165,10.98,-7.599999904632568,199.51137,29141082748836,time,2020-03-04T15:41:14-08:00,37.334921,-121.888086,0.013205093,1583365274.0,1583365274.185,4.366506666673554,POINT (-121.888086 37.334921),android,0.18074588113307563,0.2626451990726685,-0.47456116295588535
166,10.798,-7.599999904632568,202.60501,29142082133940,time,2020-03-04T15:41:15-08:00,37.3349204,-121.8880879,0.001454517,1583365275.0,1583365275.205,4.366784444451332,POINT (-121.8880879 37.3349204),android,0.4433910802057441,-0.2119159638832169,0.5575819177796358
167,10.641,-7.599999904632568,258.87094,29142461000000,time,2020-03-04T15:41:15.450000-08:00,37.3349208,-121.8880901,0.0005698563,1583365275.45,1583365275.539,4.366909444464578,POINT (-121.8880901 37.3349208),android,0.3480288863533559,0.038995925705196915,-0.10275087872676661
168,10.672,-6.200000286102295,240.52187,29144067000000,time,2020-03-04T15:41:17.056000-08:00,37.3349188,-121.8880959,0.0033329227,1583365277.056,1583365277.142,4.367355555560854,POINT (-121.8880959 37.3349188),android,0.410656340953295,-0.1260219800425013,0.16857005700212635
169,10.677,-6.200000286102295,236.20596,29145106956231,time,2020-03-04T15:41:18-08:00,37.3349167,-121.8880994,0.09720066,1583365278.0,1583365278.204,4.367617777784665,POINT (-121.8880994 37.3349167),android,0.2916915910720702,0.03310815473207157,0.3984374230776595
170,10.789,-6.200000286102295,228.95894,29146114623105,time,2020-03-04T15:41:19-08:00,37.3349149,-121.8881018,0.17914414,1583365279.0,1583365279.187,4.367895555562443,POINT (-121.8881018 37.3349149),android,0.3247997458041418,0.4315455778097311,-0.5855423875496903
171,10.914,-6.200000286102295,219.93558,29147161499980,time,2020-03-04T15:41:20-08:00,37.3349124,-121.8881037,0.23126453,1583365280.0,1583365280.23,4.368173333340221,POINT (-121.8881037 37.3349124),android,0.7563453236138729,-0.15399680973995922,-0.08098156670659112
172,11.252,-6.599999904632568,160.72885,29148076100500,time,2020-03-04T15:41:21-08:00,37.3349074,-121.8880979,0.33918822,1583365281.0,1583365281.15,4.368451111117999,POINT (-121.8880979 37.3349074),android,0.6023485138739136,-0.23497837644655034,0.0005037268312129695
173,11.509,-6.599999904632568,145.48798,29149093040865,time,2020-03-04T15:41:22-08:00,37.3349039,-121.8880927,0.4177655,1583365282.0,1583365282.176,4.3687288888957765,POINT (-121.8880927 37.3349039),android,0.3673701374273633,-0.23447464961533737,0.12929438213892114
174,11.638,-6.599999904632568,140.9769,29150097764302,time,2020-03-04T15:41:23-08:00,37.3349017,-121.8880896,0.39398116,1583365283.0,1583365283.243,4.369006666673554,POINT (-121.8880896 37.3349017),android,0.13289548781202593,-0.10518026747641625,0.9539639564042545
175,11.771,-6.599999904632568,137.96216,29151084185968,time,2020-03-04T15:41:24-08:00,37.3349011,-121.8880883,0.3005441,1583365284.0,1583365284.168,4.369284444451332,POINT (-121.8880883 37.3349011),android,0.02771522033560968,0.8487836889278382,2.491463449731508
176,11.885,-6.599999904632568,136.67838,29151649000000,time,2020-03-04T15:41:24.638000-08:00,37.3349011,-121.8880881,0.24761656,1583365284.638,1583365284.776,4.369461666676734,POINT (-121.8880881 37.3349011),android,0.5692392235851289,2.4383373983690766,-0.13805129863892743
177,12.034,-6.599999904632568,155.25182,29152113888936,time,2020-03-04T15:41:25-08:00,37.3349014,-121.8880904,0.14545335,1583365285.0,1583365285.196,4.36956222222911,POINT (-121.8880904 37.3349014),android,1.4519173338901776,2.3883628298416566,-6.622504805353738
178,12.099,-6.5,287.43185,29153106621228,time,2020-03-04T15:41:26-08:00,37.3349086,-121.8881041,0.5063613,1583365286.0,1583365286.198,4.369840000006888,POINT (-121.8881041 37.3349086),android,3.8402801637318342,-4.234141975512081,11.73172212401125
179,12.123,-6.5,233.80511,29153391000000,time,2020-03-04T15:41:26.380000-08:00,37.3349139,-121.8881192,1.4168532,1583365286.38,1583365286.478,4.369945555594232,POINT (-121.8881192 37.3349139),android,2.231305728478149,0.22391377420124303,-1.6757872267865237
180,12.228,-6.5,226.37245,29153945000000,time,2020-03-04T15:41:26.934000-08:00,37.3349151,-121.8881331,1.6351908,1583365286.934,1583365287.028,4.370099444455571,POINT (-121.8881331 37.3349151),android,2.3553539371773926,-0.7044721832303463,1.6060069286338867
181,12.56,-6.5,231.87448,29155136729716,time,2020-03-04T15:41:28-08:00,37.3349081,-121.8881601,2.048585,1583365288.0,1583365288.228,4.370395555562443,POINT (-121.8881601 37.3349081),android,1.604386600603236,1.0075311781876561,0.20541493112476183
182,12.967,-6.5,237.56892,29155946000000,time,2020-03-04T15:41:28.935000-08:00,37.3349069,-121.888177,2.2499654,1583365288.935,1583365289.045,4.370655277768771,POINT (-121.888177 37.3349069),android,2.546428194557298,1.1995941270353718,-3.660531274460908
183,13.354,-6.5,237.12262,29156577000000,time,2020-03-04T15:41:29.566000-08:00,37.3349044,-121.8881949,2.3019676,1583365289.566,1583365289.671,4.3708305555582045,POINT (-121.8881949 37.3349044),android,3.3033721390535904,-1.1102012607514662,11.501035578088295
184,13.564,-6.5,236.23906,29157013006747,time,2020-03-04T15:41:30-08:00,37.3348997,-121.88821,2.3097415,1583365290.0,1583365290.109,4.370951111117999,POINT (-121.88821 37.3348997),android,2.821544774947127,3.8812483556307296,-13.499960149766455
185,13.836,-6.5,235.21712,29157691000000,time,2020-03-04T15:41:30.680000-08:00,37.3348936,-121.8882303,2.716546,1583365290.68,1583365290.773,4.371140000025432,POINT (-121.8882303 37.3348936),android,5.4607939158773044,-5.298725447430029,15.551142544458994
186,14.213,-6.5,233.19214,29158003229611,time,2020-03-04T15:41:31-08:00,37.334886,-121.8882476,2.918922,1583365291.0,1583365291.102,4.371228888895777,POINT (-121.8882476 37.334886),android,3.765202126427781,-0.32236087135391783,4.806642361426008
187,14.68,-6.5,231.07208,29158547000000,time,2020-03-04T15:41:31.536000-08:00,37.3348777,-121.8882679,2.9722884,1583365291.536,1583365291.655,4.371377777788374,POINT (-121.8882679 37.3348777),android,3.592416695078099,2.253999498546022,-12.914346659674433
188,15.06,-6.5,227.2936,29159001530652,time,2020-03-04T15:41:32-08:00,37.3348694,-121.8882836,2.9708946,1583365292.0,1583365292.086,4.371506666673555,POINT (-121.8882836 37.3348694),android,4.638272432309313,-3.738257179117784,3.4444705282521952
189,15.884,-6.5,213.58932,29160375414610,time,2020-03-04T15:41:33-08:00,37.3348415,-121.8883226,2.5632913,1583365293.0,1583365293.519,4.3717844444513325,POINT (-121.8883226 37.3348415),android,0.9000152531915294,-0.2937866508655888,2.8064738424826143
190,16.223,-6.5,216.32895,29161068000000,time,2020-03-04T15:41:34.057000-08:00,37.3348341,-121.888328,2.0048392,1583365294.057,1583365294.149,4.372078055540721,POINT (-121.888328 37.3348341),android,0.5894827862010983,2.6726559811686488,-16.367457898397497
191,16.305,-6.5,216.56633,29161812000000,time,2020-03-04T15:41:34.801000-08:00,37.3348309,-121.8883309,1.8765981,1583365294.801,1583365294.908,4.372284722261958,POINT (-121.8883309 37.3348309),android,2.5779393612523065,-9.504735910739278,56.443546091673255
192,16.322,-6.5,215.27661,29162079583151,time,2020-03-04T15:41:35-08:00,37.334827,-121.888334,1.8575763,1583365295.0,1583365295.176,4.372340000006887,POINT (-121.888334 37.334827),android,0.686498039003583,1.7275230867374318,-1.4405382353713658
193,16.227,-6.5,212.72478,29162868000000,time,2020-03-04T15:41:35.857000-08:00,37.3348225,-121.8883375,1.9158123,1583365295.857,1583365295.975,4.372578055593703,POINT (-121.8883375 37.3348225),android,2.166985518741901,0.4929816569152619,-4.809208837481853
194,15.984,-6.5,206.80353,29163574000000,time,2020-03-04T15:41:36.563000-08:00,37.3348103,-121.8883455,2.392814,1583365296.563,1583365296.661,4.372774166663488,POINT (-121.8883455 37.3348103),android,2.5150304951816205,-2.90231906686557,15.763872091068379
195,15.482,-6.5,206.7671,29164082657109,time,2020-03-04T15:41:37-08:00,37.3348016,-121.8883514,2.5760667,1583365297.0,1583365297.185,4.372895555562443,POINT (-121.8883514 37.3348016),android,1.2467169577824146,3.9864936082081095,-15.441586407882472
196,15.178,-6.5,206.8079,29164684000000,time,2020-03-04T15:41:37.673000-08:00,37.334795,-121.888356,3.2111707,1583365297.673,1583365297.789,4.373082500033909,POINT (-121.888356 37.334795),android,3.9296275438917623,-6.405695546373719,16.324737245526755
197,15.04,-6.5,209.32799,29165104113098,time,2020-03-04T15:41:38-08:00,37.3347853,-121.8883639,3.51189,1583365298.0,1583365298.207,4.373173333340221,POINT (-121.8883639 37.3347853),android,1.8349657233401828,-1.0675080550716984,4.339708728325564
198,14.531,-6.5,213.49641,29165728000000,time,2020-03-04T15:41:38.717000-08:00,37.334776,-121.8883731,3.2611291,1583365298.717,1583365298.832,4.373372500009007,POINT (-121.8883731 37.334776),android,1.0695624397093348,2.044063136247081,-1.6150919213746717
199,14.004,-6.5,216.36993,29166512000000,time,2020-03-04T15:41:39.501000-08:00,37.334771,-121.8883802,3.126187,1583365299.501,1583365299.613,4.373590277764532,POINT (-121.8883802 37.334771),android,2.6721077747799233,0.77783119927216,-1.6705280421480877
200,13.424,-6.5,222.94937,29167389000000,time,2020-03-04T15:41:40.378000-08:00,37.3347569,-121.8883999,3.16371,1583365300.378,1583365300.507,4.373833888901604,POINT (-121.8883999 37.3347569),android,3.354265809237776,-0.6872220498194024,-2.174232924157283
201,13.337,-6.5,224.44876,29167828000000,time,2020-03-04T15:41:40.817000-08:00,37.3347478,-121.888412,3.213771,1583365300.817,1583365300.941,4.37395583331585,POINT (-121.888412 37.3347478),android,3.0525754040810646,-1.6417100671442986,6.491872640110545
202,13.21,-6.5,223.53915,29168991000000,time,2020-03-04T15:41:41.980000-08:00,37.3347258,-121.8884411,3.377674,1583365301.98,1583365302.089,4.374278888901075,POINT (-121.8884411 37.3347258),android,1.1432664206386922,5.908338506711072,-40.72621322808479
203,13.216,-6.5,222.89893,29169845000000,time,2020-03-04T15:41:42.834000-08:00,37.3347201,-121.8884495,3.2226474,1583365302.834,1583365302.923,4.374516111148728,POINT (-121.8884495 37.3347201),android,6.188988046294494,-28.871851318669517,173.73372860765141
204,13.212,-6.5,224.3483,29170102200231,time,2020-03-04T15:41:43-08:00,37.3347138,-121.888458,3.1829393,1583365303.0,1583365303.21,4.37456222222911,POINT (-121.888458 37.3347138),android,1.39626392137915,-0.03207158930518497,-2.832688450784257
205,13.243,-6.5,226.83157,29170612000000,time,2020-03-04T15:41:43.601000-08:00,37.3347095,-121.8884658,2.2541058,1583365303.601,1583365303.726,4.374729166693157,POINT (-121.8884658 37.3347095),android,1.3769888939433808,-1.7345175481347281,20.461154903081642
206,13.275,-6.5,229.79878,29171105884450,time,2020-03-04T15:41:44-08:00,37.3347072,-121.8884713,2.123418,1583365304.0,1583365304.203,4.374840000006888,POINT (-121.8884713 37.3347072),android,0.6849165146458221,6.4294818142122825,-15.131049925845383
207,13.374,-6.5,230.18076,29171731000000,time,2020-03-04T15:41:44.719000-08:00,37.3347065,-121.8884768,2.6565986,1583365304.719,1583365304.795,4.37503972225719,POINT (-121.8884768 37.3347065),android,5.307714589017411,-4.44974461206048,6.786380898085736
208,13.473,-6.200000286102295,230.32202,29172076276116,time,2020-03-04T15:41:45-08:00,37.3347018,-121.8884926,2.728919,1583365305.0,1583365305.159,4.3751177777846655,POINT (-121.8884926 37.3347018),android,4.057336802850774,-2.542772265730088,3.3705628265354095
209,13.61,-6.200000286102295,226.8359,29173381316011,time,2020-03-04T15:41:46-08:00,37.3346842,-121.8885328,3.037136,1583365306.0,1583365306.462,4.375395555562443,POINT (-121.8885328 37.3346842),android,1.5145645371206857,0.8277905608053217,-1.3257442534797776
210,13.624,-6.200000286102295,229.77832,29174102000000,time,2020-03-04T15:41:47.091000-08:00,37.3346792,-121.8885504,2.4250233,1583365307.091,1583365307.18,4.375698611140251,POINT (-121.8885504 37.3346792),android,2.41768410527247,-0.6185965259446884,12.800857221948522
211,13.745,-6.200000286102295,242.43103,29175074757781,time,2020-03-04T15:41:48-08:00,37.33467,-121.8885724,3.1563258,1583365308.0,1583365308.174,4.375951111117999,POINT (-121.8885724 37.33467),android,1.855379912743676,11.017381663347223,-66.76531899658423
212,13.789,-6.200000286102295,247.08775,29175870000000,time,2020-03-04T15:41:48.859000-08:00,37.3346669,-121.88859,3.3952217,1583365308.859,1583365308.967,4.376189722220103,POINT (-121.88859 37.3346669),android,11.319310404321147,-46.33402518985805,330.8612177079508
213,13.827,-6.200000286102295,247.80861,29176098233614,time,2020-03-04T15:41:49-08:00,37.3346628,-121.8886073,3.4234161,1583365309.0,1583365309.196,4.376228888895777,POINT (-121.8886073 37.3346628),android,4.786211350173788,0.3174172351137594,9.369790707443414
214,13.708,-6.400000095367432,245.72899,29177028204135,time,2020-03-04T15:41:50-08:00,37.3346463,-121.8886573,3.4403956,1583365310.0,1583365310.131,4.376506666673555,POINT (-121.8886573 37.3346463),android,5.103628585287548,9.687207942557174,-23.130910062007846
215,13.875,-6.400000095367432,223.88504,29177954000000,time,2020-03-04T15:41:50.943000-08:00,37.3346206,-121.8887011,4.1887875,1583365310.943,1583365311.062,4.376768611139721,POINT (-121.8887011 37.3346206),android,14.238666432671158,-12.125242054783323,12.13422974650565
216,14.356,-6.400000095367432,213.07037,29178509000000,time,2020-03-04T15:41:51.498000-08:00,37.3345714,-121.8887656,4.386235,1583365311.498,1583365311.606,4.376922777758704,POINT (-121.8887656 37.3345714),android,7.509159173702161,-5.390746628451274,10.046748836871831
217,14.565,-6.400000095367432,210.9626,29179135537988,time,2020-03-04T15:41:52-08:00,37.334547,-121.8887952,4.37814,1583365312.0,1583365312.205,4.37706222222911,POINT (-121.8887952 37.334547),android,4.8030038623999936,-0.34727777337163396,-1.5518877158175597
218,14.663,-6.400000095367432,209.10269,29179803000000,time,2020-03-04T15:41:52.792000-08:00,37.3345244,-121.8888275,4.0234933,1583365312.792,1583365312.896,4.3772822222444745,POINT (-121.8888275 37.3345244),android,4.527959846680646,-1.5763729301388776,3.398279692774767
219,14.781,-6.400000095367432,209.01561,29180807000000,time,2020-03-04T15:41:53.796000-08:00,37.3344938,-121.8888616,3.7921252,1583365313.796,1583365313.896,4.377561111119058,POINT (-121.8888616 37.3344938),android,2.945281506001917,1.835499706400977,-5.558501461661117
220,14.753,-6.400000095367432,209.1888,29181464000000,time,2020-03-04T15:41:54.452000-08:00,37.3344835,-121.8888792,3.3157291,1583365314.452,1583365314.544,4.3777433333132,POINT (-121.8888792 37.3344835),android,4.1493691278512514,-1.8108766905427072,2.9993226702272673
221,14.914,-6.200000286102295,205.61879,29182343000000,time,2020-03-04T15:41:55.332000-08:00,37.3344611,-121.8889094,2.3001766,1583365315.332,1583365315.432,4.377987777789434,POINT (-121.8889094 37.3344611),android,2.5557974329352784,0.828527602502528,-1.3205761629343638
222,14.598,-6.200000286102295,206.05186,29183084163039,time,2020-03-04T15:41:56-08:00,37.3344502,-121.888923,2.156495,1583365316.0,1583365316.157,4.378173333340221,POINT (-121.888923 37.3344502),android,3.109253857184348,-0.053617251668434625,-4.699531505875103
223,14.029,-6.200000286102295,204.68387,29183868000000,time,2020-03-04T15:41:56.857000-08:00,37.334435,-121.8889463,1.8894444,1583365316.857,1583365316.962,4.378411388927036,POINT (-121.8889463 37.334435),android,3.063303866470759,-4.081116281058453,14.686665811947801
224,13.592,-6.200000286102295,208.05559,29184308000000,time,2020-03-04T15:41:57.297000-08:00,37.3344288,-121.8889594,1.6221465,1583365317.297,1583365317.401,4.378533611098925,POINT (-121.8889594 37.3344288),android,1.267613442295638,2.3810140150023438,-1.576811474347141
225,13.375,-6.200000286102295,210.92693,29185056000000,time,2020-03-04T15:41:58.045000-08:00,37.3344234,-121.8889677,1.5848979,1583365318.045,1583365318.15,4.3787413889169695,POINT (-121.8889677 37.3344234),android,3.048612270665602,1.2015588036184623,-2.5550548190601328
226,13.23,-6.200000286102295,209.55293,29185669000000,time,2020-03-04T15:41:58.658000-08:00,37.3344127,-121.888984,1.7100258,1583365318.658,1583365318.77,4.378911666671435,POINT (-121.888984 37.3344127),android,3.7851677164448914,-0.3646895860366653,2.1288236435828916
227,13.603,-6.200000286102295,241.95192,29186229000000,time,2020-03-04T15:41:59.218000-08:00,37.3344104,-121.8890078,2.1712036,1583365319.218,1583365319.333,4.379067222211096,POINT (-121.8890078 37.3344104),android,3.5809415691320643,0.827451532557488,-1.5264748166128088
228,14.001,-6.200000286102295,249.72836,29186866000000,time,2020-03-04T15:41:59.855000-08:00,37.3344105,-121.8890336,2.2692652,1583365319.855,1583365319.97,4.379244166678853,POINT (-121.8890336 37.3344105),android,4.10802826481368,-0.14491305373173588,-1.5106039944975578
229,14.58,-6.200000286102295,250.50647,29188085490953,time,2020-03-04T15:42:01-08:00,37.334415,-121.8890865,1.6813911,1583365321.0,1583365321.192,4.37956222222911,POINT (-121.8890865 37.334415),android,3.94210282105484,-1.874554598618955,1.2393025686705
230,14.601,-6.200000286102295,255.80159,29188565000000,time,2020-03-04T15:42:01.554000-08:00,37.3344208,-121.8891101,0.57514465,1583365321.554,1583365321.649,4.379716111090448,POINT (-121.8891101 37.3344208),android,2.9035997593422547,-1.187981098492165,0.6012214289115074
231,14.802,-6.200000286102295,269.15613,29190086855640,time,2020-03-04T15:42:03-08:00,37.3344352,-121.889154,0.03436586,1583365323.0,1583365323.192,4.380117777784665,POINT (-121.889154 37.3344352),android,1.1857789730960897,-0.318614852655704,0.2038418783534488
232,14.734,-6.200000286102295,270.04816,29191084856681,time,2020-03-04T15:42:04-08:00,37.3344398,-121.8891661,0.0063531836,1583365324.0,1583365324.202,4.380395555562443,POINT (-121.8891661 37.3344398),android,0.8671641204403857,-0.11477297430225519,2.1458020843912022
233,12.555,-6.200000286102295,270.08435,29192087788504,time,2020-03-04T15:42:05-08:00,37.3344429,-121.8891751,0.0034155531,1583365325.0,1583365325.18,4.380673333340221,POINT (-121.8891751 37.3344429),android,0.7523911461381305,2.031029110088947,-7.404846190607948
234,11.96,-6.200000286102295,270.02625,29192830000000,time,2020-03-04T15:42:05.819000-08:00,37.3344449,-121.8891816,0.0024301065,1583365325.819,1583365325.955,4.38090083334181,POINT (-121.8891816 37.3344449),android,2.41580399892262,-4.033539962389832,9.131411875634335
235,10.865,-6.099999904632568,270.00378,29193270000000,time,2020-03-04T15:42:06.259000-08:00,37.3344471,-121.8891933,0.0011000236,1583365326.259,1583365327.087,4.381023055579927,POINT (-121.8891933 37.3344471),android,0.6410461846700859,-0.015718214607146324,0.003968495689764238
236,10.75,-6.099999904632568,270.00238,29195114879753,time,2020-03-04T15:42:08-08:00,37.3344485,-121.8892058,0.0022470658,1583365328.0,1583365328.194,4.3815066666735545,POINT (-121.8892058 37.3344485),android,0.6136807740283879,-0.008809063861053845,1.0043045853503152
237,10.7,-6.099999904632568,270.00055,29196128917773,time,2020-03-04T15:42:09-08:00,37.3344491,-121.8892127,0.0030751638,1583365329.0,1583365329.28,4.381784444451332,POINT (-121.8892127 37.3344491),android,0.6048717101673341,0.9954955214892613,-5.071707088771049
238,10.621,-6.099999904632568,262.33612,29196626000000,time,2020-03-04T15:42:09.615000-08:00,37.3344493,-121.8892169,0.1464567,1583365329.615,1583365329.704,4.3819552777873145,POINT (-121.8892169 37.3344493),android,1.217101465377015,-2.1236043864725014,10.072965407527237
239,10.535,-6.099999904632568,265.55743,29197105125741,time,2020-03-04T15:42:10-08:00,37.3344493,-121.8892222,0.16639468,1583365330.0,1583365330.194,4.38206222222911,POINT (-121.8892222 37.3344493),android,0.3995137968373714,1.7544871993622004,-8.403571579467934
240,10.446,-6.099999904632568,267.91757,29197711000000,time,2020-03-04T15:42:10.700000-08:00,37.3344488,-121.8892253,0.4974646,1583365330.7,1583365330.782,4.3822566666868,POINT (-121.8892253 37.3344488),android,1.6276549200513808,-4.128013306978873,18.6914090099455
241,10.304,-6.099999904632568,268.6035,29198105531366,time,2020-03-04T15:42:11-08:00,37.3344484,-121.8892308,0.5455112,1583365331.0,1583365331.25,4.382340000006888,POINT (-121.8892308 37.3344484),android,0.3892511247967323,1.479408504728942,-1.583801439576892
242,10.222,-6.099999904632568,264.87302,29198693000000,time,2020-03-04T15:42:11.682000-08:00,37.3344485,-121.8892338,0.78037906,1583365331.682,1583365331.766,4.3825294444296095,POINT (-121.8892338 37.3344485),android,1.3982076093302114,0.3992560467928236,-2.261457710698415
243,9.844,-5.700000286102295,260.07407,29199503000000,time,2020-03-04T15:42:12.492000-08:00,37.3344489,-121.8892466,1.0599023,1583365332.492,1583365332.578,4.382754444479942,POINT (-121.8892466 37.3344489),android,1.7216050795768436,-1.4325251086447781,5.6860098967590185
244,9.747,-5.700000286102295,268.05554,29199931000000,time,2020-03-04T15:42:12.920000-08:00,37.3344495,-121.8892549,1.0947396,1583365332.92,1583365333.008,4.382873333361414,POINT (-121.8892549 37.3344495),android,1.108484371329426,1.001086975335237,-4.662659204413447
245,9.635,-5.700000286102295,277.59268,29200651000000,time,2020-03-04T15:42:13.640000-08:00,37.3344511,-121.8892637,1.3410345,1583365333.64,1583365333.737,4.383073333369361,POINT (-121.8892637 37.3344511),android,1.8292670222121246,-2.3560277852421945,6.67636154184911
246,9.536,-5.700000286102295,283.0867,29201084000000,time,2020-03-04T15:42:14.073000-08:00,37.3344528,-121.8892724,1.3797873,1583365334.073,1583365334.169,4.383193611105283,POINT (-121.8892724 37.3344528),android,0.809107346209798,0.5348357563806944,-4.77650116736492
247,9.755,-5.700000286102295,255.1509,29201763000000,time,2020-03-04T15:42:14.751000-08:00,37.3344567,-121.8892762,1.573316,1583365334.751,1583365334.828,4.383381944431199,POINT (-121.8892762 37.3344567),android,1.1717259747542532,-2.7036319075463795,15.445938883104565
248,9.987,-5.700000286102295,242.96478,29202011410167,time,2020-03-04T15:42:15-08:00,37.3344567,-121.8892795,1.7054311,1583365335.0,1583365335.088,4.383451111117998,POINT (-121.8892795 37.3344567),android,0.4985214338179971,1.1424079938566931,-5.330907347341368
249,10.21,-5.700000286102295,244.84482,29202727000000,time,2020-03-04T15:42:15.716000-08:00,37.3344583,-121.889283,1.5757576,1583365335.716,1583365335.817,4.38365000002914,POINT (-121.889283 37.3344583),android,1.316485648936143,-2.6745220938914773,20.44625594884335
250,10.433,-5.700000286102295,247.9831,29203098478604,time,2020-03-04T15:42:16-08:00,37.3344596,-121.8892869,1.5378686,1583365336.0,1583365336.184,4.383728888895776,POINT (-121.8892869 37.3344596),android,0.5569215885232979,3.1322129576582247,-4.272440214671416
251,10.756,-5.700000286102295,251.47815,29203861000000,time,2020-03-04T15:42:16.849000-08:00,37.3344634,-121.8892893,1.3783622,1583365336.849,1583365336.954,4.3839647222227525,POINT (-121.8892893 37.3344634),android,3.216170317884466,-0.4950886868094122,-0.21773685872010315
252,10.977,-5.700000286102295,255.85115,29204027208447,time,2020-03-04T15:42:17-08:00,37.3344642,-121.8892947,1.3260639,1583365337.0,1583365337.113,4.384006666673554,POINT (-121.8892947 37.3344642),android,3.141411914844564,-0.527966957459749,2.6778039703549674
253,12.115,-6.200000286102295,303.5537,29205010884384,time,2020-03-04T15:42:18-08:00,37.334486,-121.8893173,1.9563223,1583365338.0,1583365338.085,4.384284444451332,POINT (-121.8893173 37.334486),android,2.613444957384815,2.1498370128952184,-0.056635239143682625
254,13.349,-6.200000286102295,324.04056,29206086794436,time,2020-03-04T15:42:19-08:00,37.3345027,-121.8893381,2.995366,1583365339.0,1583365339.186,4.38456222222911,POINT (-121.8893381 37.3345027),android,4.763281970280033,2.093201773751536,-8.588699845044777
255,14.041,-6.200000286102295,326.6431,29206606000000,time,2020-03-04T15:42:19.595000-08:00,37.3345246,-121.8893545,3.4362447,1583365339.595,1583365339.726,4.384727500014835,POINT (-121.8893545 37.3345246),android,6.00873708554918,-3.01707487977478,10.083054447935067
256,14.371,-6.200000286102295,327.0819,29207001785061,time,2020-03-04T15:42:20-08:00,37.3345433,-121.8893688,3.6004834,1583365340.0,1583365340.09,4.3848400000068875,POINT (-121.8893688 37.3345433),android,4.786821845559599,1.0665618831604204,-3.6029639060027376
257,15.105,-6.200000286102295,322.24896,29208027754487,time,2020-03-04T15:42:21-08:00,37.33458,-121.8893971,3.769413,1583365341.0,1583365341.129,4.385117777784665,POINT (-121.8893971 37.33458),android,5.853383728720019,-2.536402022842317,-2.72164413320582
258,15.757,-6.200000286102295,326.06677,29208430000000,time,2020-03-04T15:42:21.419000-08:00,37.3345989,-121.8894114,3.884372,1583365341.419,1583365341.515,4.385234166648653,POINT (-121.8894114 37.3345989),android,4.790631508525826,-3.6767706706727177,24.4830595378904
259,17.053,-6.200000286102295,327.8659,29209084492664,time,2020-03-04T15:42:22-08:00,37.3346212,-121.8894257,3.9195695,1583365342.0,1583365342.184,4.385395555562443,POINT (-121.8894257 37.3346212),android,2.654427419259452,10.547889115634922,-64.33012094614065
260,17.418,-6.200000286102295,328.40323,29209827000000,time,2020-03-04T15:42:22.816000-08:00,37.3346384,-121.8894372,3.8490262,1583365342.816,1583365342.913,4.385622222224871,POINT (-121.8894372 37.3346384),android,11.261504776669533,-41.945488594816105,218.2678972975731
261,17.777,-6.200000286102295,328.7045,29210007090684,time,2020-03-04T15:42:23-08:00,37.3346554,-121.8894468,3.825017,1583365343.0,1583365343.072,4.385673333340221,POINT (-121.8894468 37.3346554),android,3.543534235186007,-1.7841921615588512,5.519945965278353
262,17.416,-6.200000286102295,329.60703,29210963000000,time,2020-03-04T15:42:23.952000-08:00,37.3346826,-121.8894637,3.719652,1583365343.952,1583365344.048,4.385937777757644,POINT (-121.8894637 37.3346826),android,1.844983470938881,3.47079586043461,-15.732155585923588
263,17.037,-6.200000286102295,330.5703,29211650000000,time,2020-03-04T15:42:24.636000-08:00,37.3346932,-121.8894688,4.04215,1583365344.636,1583365344.751,4.3861277777618835,POINT (-121.8894688 37.3346932),android,4.219007892436296,-7.289998800390767,221.59449490581454
264,16.748,-6.200000286102295,330.39813,29212109959746,time,2020-03-04T15:42:25-08:00,37.3347055,-121.8894767,4.2103515,1583365345.0,1583365345.212,4.386228888895777,POINT (-121.8894767 37.3347055),android,1.5654477311975792,73.37041551961788,-606.3609407107878
265,16.397,-6.200000286102295,329.88947,29212888000000,time,2020-03-04T15:42:25.877000-08:00,37.3347166,-121.8894835,4.452156,1583365345.877,1583365345.987,4.386472500032848,POINT (-121.8894835 37.3347166),android,65.91130899910759,-458.4081861542869,3716.218102863934
266,15.969,-6.200000286102295,328.7543,29213104300215,time,2020-03-04T15:42:26-08:00,37.3347799,-121.889529,4.9016995,1583365346.0,1583365346.191,4.386506666673554,POINT (-121.889529 37.3347799),android,9.52714494499743,-1.313706820075435,-0.3677579093930827
267,14.47,-6.200000286102295,323.3543,29214247128079,time,2020-03-04T15:42:27-08:00,37.3348517,-121.8895878,5.211099,1583365347.0,1583365347.327,4.386784444451332,POINT (-121.8895878 37.3348517),android,8.213438124921995,-1.6814647294685177,-1.0852560062583079
268,12.712,-6.200000286102295,327.28372,29215197899224,time,2020-03-04T15:42:28-08:00,37.3349147,-121.8896363,5.202184,1583365348.0,1583365348.294,4.38706222222911,POINT (-121.8896363 37.3349147),android,6.531973395453477,-2.7667207357268255,4.780302406597568
269,12.143,-6.400000095367432,329.2255,29216130230578,time,2020-03-04T15:42:29-08:00,37.3349655,-121.8896734,4.8341246,1583365349.0,1583365349.239,4.387340000006888,POINT (-121.8896734 37.3349655),android,3.7652526597266514,2.0135816708707424,-4.475807895763149
270,12.921,-6.400000095367432,349.63092,29217128544744,time,2020-03-04T15:42:30-08:00,37.334996,-121.8896919,4.800767,1583365350.0,1583365350.231,4.387617777784666,POINT (-121.8896919 37.334996),android,5.778834330597394,-2.4622262248924063,5.078688632826887
271,12.651,-6.400000095367432,331.1488,29217844000000,time,2020-03-04T15:42:30.833000-08:00,37.3350375,-121.8897074,4.5064087,1583365350.833,1583365350.943,4.38784916665819,POINT (-121.8897074 37.3350375),android,3.72780002145541,1.7683211253343265,-4.427954187744397
272,13.595,-6.400000095367432,324.3549,29218549000000,time,2020-03-04T15:42:31.538000-08:00,37.335056,-121.8897259,4.432656,1583365351.538,1583365351.642,4.388045000036557,POINT (-121.8897259 37.335056),android,4.974466701504525,-1.3533872949059242,1.0550147849858773
273,13.752,-6.400000095367432,322.3059,29219109285577,time,2020-03-04T15:42:32-08:00,37.3350721,-121.8897422,4.4120502,1583365352.0,1583365352.201,4.388173333340221,POINT (-121.8897422 37.3350721),android,4.349201915815347,-0.8659705769301853,3.398343497542427
274,14.204,-6.400000095367432,327.16977,29220094536774,time,2020-03-04T15:42:33-08:00,37.3351034,-121.8897717,3.8877096,1583365353.0,1583365353.212,4.388451111117999,POINT (-121.8897717 37.3351034),android,3.4832313388851617,2.5323729206122416,-15.586319648831049
275,14.976,-6.400000095367432,331.418,29220622000000,time,2020-03-04T15:42:33.611000-08:00,37.3351203,-121.889783,3.8968916,1583365353.611,1583365353.714,4.388620833357175,POINT (-121.889783 37.3351203),android,5.030511347943018,-6.990869336136984,33.280979818214426
276,14.78,-6.400000095367432,334.0305,29221014398076,time,2020-03-04T15:42:34-08:00,37.335136,-121.889793,3.9041946,1583365354.0,1583365354.12,4.388728888895777,POINT (-121.889793 37.335136),android,2.3110636028745337,5.9554297818386255,-32.51123090609652
277,14.136,-6.400000095367432,329.32742,29221790000000,time,2020-03-04T15:42:34.778000-08:00,37.3351509,-121.8898009,3.7438827,1583365354.778,1583365354.855,4.3889450000392065,POINT (-121.8898009 37.3351509),android,6.944388666048916,-19.338311645729828,89.8972118649957
278,13.731,-6.400000095367432,328.16382,29222003732347,time,2020-03-04T15:42:35-08:00,37.3351633,-121.8898087,3.716002,1583365355.0,1583365355.057,4.389006666673554,POINT (-121.8898087 37.3351633),android,2.6512857306759328,0.6188589289144462,-1.1423911601746233
279,13.726,-6.400000095367432,329.0002,29222604000000,time,2020-03-04T15:42:35.593000-08:00,37.3351754,-121.8898179,3.0570455,1583365355.593,1583365355.708,4.389171388877763,POINT (-121.8898179 37.3351754),android,3.0182690353892885,-0.05857895498520604,3.5375455776191282
280,13.476,-6.400000095367432,328.9684,29223002932398,time,2020-03-04T15:42:36-08:00,37.3351848,-121.8898252,2.9361095,1583365356.0,1583365356.116,4.389284444451332,POINT (-121.8898252 37.3351848),android,2.994427396911473,1.3812023245150917,-0.7863518476301885
281,13.411,-6.400000095367432,328.23627,29224148386460,time,2020-03-04T15:42:37-08:00,37.3352072,-121.889844,3.4522605,1583365357.0,1583365357.254,4.3895622222291095,POINT (-121.889844 37.3352072),android,4.375629721426565,0.5948504768849032,2.648535804863339
282,14.178,-6.400000095367432,327.7821,29225085688387,time,2020-03-04T15:42:38-08:00,37.3352413,-121.8898687,4.105007,1583365358.0,1583365358.183,4.389840000006887,POINT (-121.8898687 37.3352413),android,4.970480198311468,3.243386281748242,-15.169501245773612
283,14.687,-6.400000095367432,330.43994,29225659000000,time,2020-03-04T15:42:38.648000-08:00,37.3352674,-121.8898845,3.9563835,1583365358.648,1583365358.739,4.390020000007418,POINT (-121.8898845 37.3352674),android,7.072194515070597,-6.586450554446586,16.20938689240431
284,15.113,-6.400000095367432,333.24872,29226004736928,time,2020-03-04T15:42:39-08:00,37.3352875,-121.8898969,3.9008262,1583365359.0,1583365359.097,4.390117777784665,POINT (-121.8898969 37.3352875),android,4.753763932468057,-0.8807463992372208,0.036079343687805646
285,15.868,-6.400000095367432,336.89987,29227038000000,time,2020-03-04T15:42:40.027000-08:00,37.3353283,-121.8899173,3.7705367,1583365360.027,1583365360.126,4.390403055548668,POINT (-121.8899173 37.3353283),android,3.8492374241285825,-0.8436929150590574,3.112336316422653
286,15.892,-6.400000095367432,333.37598,29227785000000,time,2020-03-04T15:42:40.774000-08:00,37.3353537,-121.8899234,3.0791829,1583365360.774,1583365360.882,4.39061055554284,POINT (-121.8899234 37.3353537),android,3.2189988342808484,1.4812222480092496,1.3759078186668172
287,15.709,-6.400000095367432,331.51245,29228572000000,time,2020-03-04T15:42:41.561000-08:00,37.3353756,-121.8899313,3.057888,1583365361.561,1583365361.671,4.390829166703754,POINT (-121.8899313 37.3353756),android,4.3847210090336075,2.564061947987609,-11.100941092673287
288,15.511,-6.400000095367432,329.02042,29229006315521,time,2020-03-04T15:42:42-08:00,37.3353917,-121.8899393,3.065134,1583365362.0,1583365362.069,4.390951111117999,POINT (-121.8899393 37.3353917),android,5.510343925438245,-2.3092499848141688,4.713683923467967
289,15.125,-6.400000095367432,325.92392,29229687000000,time,2020-03-04T15:42:42.676000-08:00,37.3354216,-121.8899583,3.2682834,1583365362.676,1583365362.766,4.391138888928626,POINT (-121.8899583 37.3354216),android,3.949290662622089,0.8772009048697693,-0.9786375517474581
290,14.984,-6.400000095367432,326.6641,29230348000000,time,2020-03-04T15:42:43.337000-08:00,37.3354426,-121.8899715,3.914613,1583365363.337,1583365363.452,4.391322499977218,POINT (-121.8899715 37.3354426),android,4.529120263311909,0.23032170342385308,1.0337346955669942
291,14.695,-6.400000095367432,327.3125,29230884000000,time,2020-03-04T15:42:43.873000-08:00,37.3354617,-121.8899848,4.119206,1583365363.873,1583365363.965,4.391471388869816,POINT (-121.8899848 37.3354617),android,4.652572699422221,0.7844035140496092,0.13546923252521542
292,14.419,-6.400000095367432,328.77725,29231483000000,time,2020-03-04T15:42:44.472000-08:00,37.3354832,-121.890001,4.0301304,1583365364.472,1583365364.571,4.391637777752346,POINT (-121.890001 37.3354832),android,5.122430386384365,0.8655495812315686,-7.190171429167951
293,14.452,-6.400000095367432,328.93396,29231913000000,time,2020-03-04T15:42:44.902000-08:00,37.3355,-121.8900142,3.9889956,1583365364.902,1583365365.017,4.391757222215334,POINT (-121.8900142 37.3355),android,5.494616764095608,-2.226224613306378,17.04411209135869
294,14.638,-6.400000095367432,335.0608,29232680000000,time,2020-03-04T15:42:45.669000-08:00,37.3355327,-121.8900383,4.563009,1583365365.669,1583365365.784,4.391970277759764,POINT (-121.8900383 37.3355327),android,3.787102574859532,10.846608678075397,-29.777544667575345
295,15.333,-6.400000095367432,330.16718,29233458000000,time,2020-03-04T15:42:46.447000-08:00,37.3355559,-121.8900544,4.8222466,1583365366.447,1583365366.543,4.392186388903194,POINT (-121.8900544 37.3355559),android,12.225765388386309,-12.320324537863927,15.600459645714318
296,14.901,-6.400000095367432,333.77335,29234087694634,time,2020-03-04T15:42:47-08:00,37.3356109,-121.890087,5.0291576,1583365367.0,1583365367.183,4.392340000006888,POINT (-121.890087 37.3356109),android,5.412626247935716,-3.6932707703611243,4.352461277507586
297,15.259,-6.400000095367432,320.32385,29235325586560,time,2020-03-04T15:42:48-08:00,37.3356519,-121.89012,4.9434385,1583365368.0,1583365368.426,4.3926177777846656,POINT (-121.89012 37.3356519),android,1.7193554775745918,0.6591905071464612,2.700379106770203
298,16.254,-6.400000095367432,300.72247,29236023683643,time,2020-03-04T15:42:49-08:00,37.3356538,-121.8901393,4.0559053,1583365369.0,1583365369.121,4.392895555562443,POINT (-121.8901393 37.3356538),android,2.378545984721053,3.3595696139166646,-25.54049369966511
299,16.142,-6.599999904632568,296.53812,29236776000000,time,2020-03-04T15:42:49.765000-08:00,37.3356385,-121.8901466,3.8897283,1583365369.765,1583365369.85,4.393108055591584,POINT (-121.8901466 37.3356385),android,4.9486170918001795,-16.17891074563156,66.73682077342356
300,15.933,-6.599999904632568,292.3828,29237003423434,time,2020-03-04T15:42:50-08:00,37.3356298,-121.8901539,3.5634167,1583365370.0,1583365370.105,4.393173333340221,POINT (-121.8901539 37.3356298),android,1.1465747638120445,-0.4957648648481332,2.5499340871127822
301,14.744,-6.599999904632568,312.69516,29238087402236,time,2020-03-04T15:42:51-08:00,37.3356223,-121.8901628,3.759744,1583365371.0,1583365371.18,4.393451111117999,POINT (-121.8901628 37.3356223),android,0.6508098989639113,2.0541692222646493,3.753292253109324
302,13.893,-6.599999904632568,320.09583,29239090946662,time,2020-03-04T15:42:52-08:00,37.3356258,-121.8901687,4.00152,1583365372.0,1583365372.187,4.393728888895777,POINT (-121.8901687 37.3356258),android,2.7049791212285603,5.807461475373973,-12.510121469447606
303,14.429,-6.599999904632568,326.07874,29239723000000,time,2020-03-04T15:42:52.712000-08:00,37.3356415,-121.8901779,4.098679,1583365372.712,1583365372.812,4.3939266666438845,POINT (-121.8901779 37.3356415),android,6.839891071391022,-3.099743674647589,4.421203096654693
304,13.652,-6.599999904632568,324.60254,29240599000000,time,2020-03-04T15:42:53.588000-08:00,37.335689,-121.8902099,3.0769863,1583365373.588,1583365373.7,4.394170000023312,POINT (-121.8902099 37.335689),android,4.124515098030342,0.7732309716734066,-2.686005195729984
305,12.992,-6.599999904632568,319.5016,29241789000000,time,2020-03-04T15:42:54.778000-08:00,37.3357277,-121.8902366,3.0896657,1583365374.778,1583365374.872,4.394500555594762,POINT (-121.8902366 37.3357277),android,5.044659998566327,-2.423115364939725,1.6158471519481978
306,13.695,-6.599999904632568,331.5511,29243364706348,time,2020-03-04T15:42:56-08:00,37.3357726,-121.8902775,3.374687,1583365376.0,1583365376.499,4.394840000006887,POINT (-121.8902775 37.3357726),android,2.0836133045352554,-0.44855033326004223,2.338776052150258
307,13.504,-6.599999904632568,336.50555,29243958000000,time,2020-03-04T15:42:56.947000-08:00,37.3357896,-121.8902839,2.5659878,1583365376.947,1583365377.089,4.3951030555698605,POINT (-121.8902839 37.3357896),android,1.6588361269604093,1.7662706505783106,3.1234617628206385
308,12.96,-6.599999904632568,333.94443,29244896000000,time,2020-03-04T15:42:57.884000-08:00,37.3358034,-121.8902867,2.4554694,1583365377.884,1583365377.985,4.395363333357705,POINT (-121.8902867 37.3358034),android,3.3138317905612706,4.692954435534329,-16.133698633060174
309,13.164,-6.599999904632568,326.09937,29245406000000,time,2020-03-04T15:42:58.395000-08:00,37.3358172,-121.8902948,3.3323963,1583365378.395,1583365378.495,4.3955052777793675,POINT (-121.8902948 37.3358172),android,5.711931122222003,-3.551364242738134,6.424683397192865
310,13.591,-6.599999904632568,319.8395,29246104995878,time,2020-03-04T15:42:59-08:00,37.3358425,-121.8903175,3.6422892,1583365379.0,1583365379.25,4.395673333340221,POINT (-121.8903175 37.3358425),android,3.5633556876285346,0.3355693351046605,1.545008479958334
311,13.704,-6.599999904632568,325.64133,29246717000000,time,2020-03-04T15:42:59.706000-08:00,37.3358611,-121.8903337,3.9507136,1583365379.706,1583365379.815,4.395869444476234,POINT (-121.8903337 37.3358611),android,3.8002676682946674,1.4263454604581254,-2.9712567037811275
312,13.958,-6.599999904632568,325.91083,29247475000000,time,2020-03-04T15:43:00.464000-08:00,37.3358838,-121.8903494,3.7770975,1583365380.464,1583365380.561,4.396080000003179,POINT (-121.8903494 37.3358838),android,4.881437380412871,-0.825866814977959,2.5833105260597677
313,14.646,-6.5,328.81543,29248816000000,time,2020-03-04T15:43:01.805000-08:00,37.3359347,-121.8903866,3.4048433,1583365381.805,1583365381.908,4.396452500025432,POINT (-121.8903866 37.3359347),android,3.7739499153683584,2.6383528074136895,-11.64252346591438
314,15.203,-6.5,331.33762,29249443000000,time,2020-03-04T15:43:02.432000-08:00,37.3359541,-121.8903976,3.3031256,1583365382.432,1583365382.548,4.396626666651832,POINT (-121.8903976 37.3359541),android,5.428196743165087,-4.661507718031935,8.331326799997006
315,15.595,-6.5,332.90112,29250094000000,time,2020-03-04T15:43:03.082000-08:00,37.3359825,-121.8904154,3.2779949,1583365383.082,1583365383.198,4.396807222233878,POINT (-121.8904154 37.3359825),android,2.3982162818883106,0.7538554965033579,-1.041485922916821
316,15.437,-6.5,336.5681,29250980000000,time,2020-03-04T15:43:03.969000-08:00,37.3359999,-121.8904254,2.9545693,1583365383.969,1583365384.042,4.397053611146079,POINT (-121.8904254 37.3359999),android,3.06688617055286,-0.16994260452883933,-1.601176376461474
317,15.047,-6.5,338.7052,29252086291917,time,2020-03-04T15:43:05-08:00,37.3360262,-121.890439,2.7044978,1583365385.0,1583365385.17,4.397340000006888,POINT (-121.890439 37.3360262),android,2.891675362463036,-1.8207552867985355,2.0272051968088083
318,14.148,-6.5,346.96176,29252892000000,time,2020-03-04T15:43:05.881000-08:00,37.3360489,-121.8904429,1.9628997,1583365385.881,1583365386.01,4.397584722240766,POINT (-121.8904429 37.3360489),android,1.2875898783915938,-0.034787423345059985,-0.48853040809667264
319,13.856,-6.5,333.34366,29253418000000,time,2020-03-04T15:43:06.407000-08:00,37.3360546,-121.8904456,1.6710182,1583365386.407,1583365386.511,4.397730833358235,POINT (-121.8904456 37.3360546),android,1.2692916929158713,-0.29175442918548344,0.36976291280177215
320,13.457,-6.5,330.4868,29253971000000,time,2020-03-04T15:43:06.960000-08:00,37.3360593,-121.8904509,1.6354107,1583365386.96,1583365387.112,4.397884444461928,POINT (-121.8904509 37.3360593),android,1.1079515013669827,-0.08727554827983847,-0.625246547249466
321,12.964,-6.5,329.97916,29254569000000,time,2020-03-04T15:43:07.558000-08:00,37.3360624,-121.8904573,1.3622738,1583365387.558,1583365387.651,4.398050555586815,POINT (-121.8904573 37.3360624),android,1.055760719167552,-0.461173014541661,0.23627835399503402
322,11.789,-6.900000095367432,326.91443,29256087413947,time,2020-03-04T15:43:09-08:00,37.3360719,-121.8904697,0.75264186,1583365389.0,1583365389.192,4.398451111117999,POINT (-121.8904697 37.3360719),android,0.3907492726608919,-0.12045964881142092,1.376892849348628
323,11.553,-6.900000095367432,323.82352,29256785000000,time,2020-03-04T15:43:09.774000-08:00,37.3360722,-121.8904731,0.79705673,1583365389.774,1583365389.91,4.398666111098396,POINT (-121.8904731 37.3360722),android,0.2975135129819183,0.9452553194144734,-3.566750352812319
324,11.235,-6.900000095367432,324.97784,29257740000000,time,2020-03-04T15:43:10.729000-08:00,37.3360699,-121.8904745,0.79960257,1583365390.729,1583365390.836,4.398931388921208,POINT (-121.8904745 37.3360699),android,1.2002324962719129,-2.4609918457793856,13.445878707521892
325,10.917,-6.900000095367432,326.65024,29258097947175,time,2020-03-04T15:43:11-08:00,37.3360717,-121.8904774,0.79957813,1583365391.0,1583365391.198,4.3990066666735546,POINT (-121.8904774 37.3360717),android,0.5333039313762321,1.1828400529520857,-3.9843103009397423
326,10.67,-6.900000095367432,334.35742,29258716000000,time,2020-03-04T15:43:11.705000-08:00,37.3360735,-121.890481,0.6457681,1583365391.705,1583365391.831,4.3992024999856945,POINT (-121.890481 37.3360735),android,1.3672060784639182,-1.62609840523168,3.00602338096285
327,10.312,-6.900000095367432,342.00702,29259073815456,time,2020-03-04T15:43:12-08:00,37.3360763,-121.8904839,0.6289352,1583365392.0,1583365392.159,4.399284444451332,POINT (-121.8904839 37.3360763),android,0.8875069248591098,-0.7393212785062558,2.0797769090140883
328,10.11,-6.900000095367432,345.53876,29259813000000,time,2020-03-04T15:43:12.802000-08:00,37.3360819,-121.8904878,0.58777267,1583365392.802,1583365392.888,4.399507222241826,POINT (-121.8904878 37.3360819),android,0.2945712256536503,0.9286598977276743,-4.730376487771958
329,10.047,-7.200000286102295,344.34152,29260753000000,time,2020-03-04T15:43:13.742000-08:00,37.3360834,-121.8904903,0.59296256,1583365393.742,1583365393.851,4.399768333368831,POINT (-121.8904903 37.3360834),android,1.1675115826560098,-3.51789427145228,16.263509202227016
330,9.988,-7.200000286102295,343.37045,29261084219205,time,2020-03-04T15:43:14-08:00,37.3360857,-121.8904921,0.5960677,1583365394.0,1583365394.176,4.399840000006888,POINT (-121.8904921 37.3360857),android,0.2598952229532664,0.6780894276324608,-1.892940722076886
331,9.941,-7.200000286102295,345.74786,29261634000000,time,2020-03-04T15:43:14.623000-08:00,37.3360868,-121.8904933,0.40957284,1583365394.623,1583365394.746,4.4000130555364825,POINT (-121.8904933 37.3360868),android,0.6823448729939953,-0.5012124653070421,0.20383303132950448
332,9.915,-7.200000286102295,343.86377,29262084532799,time,2020-03-04T15:43:15-08:00,37.336089,-121.8904942,0.35938933,1583365395.0,1583365395.181,4.400117777784666,POINT (-121.8904942 37.336089),android,0.4933877267298818,-0.4243673934455669,1.1810461958068643
333,9.787,-7.200000286102295,353.81396,29263088792746,time,2020-03-04T15:43:16-08:00,37.3360932,-121.890496,0.03647756,1583365396.0,1583365396.208,4.400395555562443,POINT (-121.890496 37.3360932),android,0.0690203332843149,0.7566788023612974,-3.6396393128596607
334,9.724,-7.200000286102295,331.84518,29263999127017,time,2020-03-04T15:43:17-08:00,37.3360938,-121.8904958,0.33545798,1583365397.0,1583365397.095,4.400673333340221,POINT (-121.8904958 37.3360938),android,0.8256991356456123,-2.8829605104983633,13.9906152321757
335,9.623,-6.900000095367432,351.57794,29264222000000,time,2020-03-04T15:43:17.211000-08:00,37.3360951,-121.8904969,0.03184188,1583365397.211,1583365398.002,4.400731944441795,POINT (-121.8904969 37.3360951),android,0.21739456690905182,0.06905882316105408,-0.11584268531340591
336,9.85,-6.900000095367432,358.78604,29266095725245,time,2020-03-04T15:43:19-08:00,37.3360975,-121.8904937,0.026019596,1583365399.0,1583365399.191,4.401228888895776,POINT (-121.8904937 37.3360975),android,0.3409408039151241,-0.13818374484177207,0.06896112095197196
337,10.105,-6.900000095367432,7.8765316,29267089205922,time,2020-03-04T15:43:20-08:00,37.3360999,-121.8904913,0.0076936022,1583365400.0,1583365400.166,4.401506666673554,POINT (-121.8904913 37.3360999),android,0.20275705907335204,-0.0692226238898001,0.06816740952727052
338,10.248,-6.900000095367432,1.8473165,29268074522901,time,2020-03-04T15:43:21-08:00,37.3361015,-121.8904902,0.0019203231,1583365401.0,1583365401.166,4.401784444451332,POINT (-121.8904902 37.3361015),android,0.13353443518355193,-0.0010552143625295884,-0.015463863533775185
339,10.368,-6.900000095367432,1.9082397,29269074604619,time,2020-03-04T15:43:22-08:00,37.3361024,-121.8904892,0.0007335787,1583365402.0,1583365402.17,4.40206222222911,POINT (-121.8904892 37.3361024),android,0.13247922082102234,-0.016519077896304774,-0.010517445688277144
340,10.686,-6.900000095367432,4.308281,29271124116754,time,2020-03-04T15:43:24-08:00,37.3361041,-121.8904871,0.00035472953,1583365404.0,1583365404.216,4.402617777784665,POINT (-121.8904871 37.3361041),android,0.0994410650284128,-0.03755396927285906,0.0701610020950088
341,10.84,-6.900000095367432,3.5741613,29272119750035,time,2020-03-04T15:43:25-08:00,37.3361048,-121.8904864,0.00022306983,1583365405.0,1583365405.215,4.402895555562443,POINT (-121.8904864 37.3361048),android,0.061887095755553734,0.032607032822149745,-0.06958195282040588
342,10.965,-6.900000095367432,22.511919,29273085364878,time,2020-03-04T15:43:26-08:00,37.3361048,-121.8904857,2.0084492e-05,1583365406.0,1583365406.183,4.403173333340221,POINT (-121.8904857 37.3361048),android,0.09449412857770348,-0.03697491999825613,0.3842312382041612
343,11.078,-6.900000095367432,173.8631,29274088584669,time,2020-03-04T15:43:27-08:00,37.3361045,-121.8904847,8.131867e-05,1583365407.0,1583365407.196,4.403451111117999,POINT (-121.8904847 37.3361045),android,0.057519208579447346,0.3472563182059051,-0.33771362884562084
344,11.272,-6.900000095367432,177.17978,29275054537690,time,2020-03-04T15:43:28-08:00,37.3361043,-121.8904841,9.171847e-05,1583365408.0,1583365408.222,4.403728888895777,POINT (-121.8904841 37.3361043),android,0.40477552678535245,0.00954268936028424,0.0703821508926204
345,11.32,-6.900000095367432,175.96994,29276075312273,time,2020-03-04T15:43:29-08:00,37.3361012,-121.8904817,0.009477013,1583365409.0,1583365409.165,4.4040066666735544,POINT (-121.8904817 37.3361012),android,0.4143182161456367,0.07992484025290464,-0.3109169563852768
346,11.304,-6.900000095367432,147.15831,29277077862741,time,2020-03-04T15:43:30-08:00,37.3360981,-121.8904791,0.17389826,1583365410.0,1583365410.164,4.404284444451332,POINT (-121.8904791 37.3360981),android,0.4942430563985413,-0.23099211613237214,0.8886210981738233
347,11.308,-6.900000095367432,148.21266,29278074337793,time,2020-03-04T15:43:31-08:00,37.3360943,-121.8904762,0.32940903,1583365411.0,1583365411.169,4.40456222222911,POINT (-121.8904762 37.3360943),android,0.2632509402661692,0.6576289820414511,0.8344695133042213
348,11.368,-6.900000095367432,151.9341,29279097244459,time,2020-03-04T15:43:32-08:00,37.3360921,-121.8904751,0.29644328,1583365412.0,1583365412.191,4.404840000006888,POINT (-121.8904751 37.3360921),android,0.9208799223076204,1.4920984953456724,-4.672030861296511
349,11.429,-6.700000286102295,31.26131,29280596000000,time,2020-03-04T15:43:33.585000-08:00,37.3361042,-121.8904687,0.68560195,1583365413.585,1583365413.7,4.405280277795262,POINT (-121.8904687 37.3361042),android,3.2858560943495516,-5.913070598033131,18.303120067487118
350,11.53,-6.700000286102295,22.088057,29281008260604,time,2020-03-04T15:43:34-08:00,37.336116,-121.8904645,1.2126201,1583365414.0,1583365414.122,4.4053955555624436,POINT (-121.8904645 37.336116),android,0.8319320217315447,1.6827235317654021,-3.4000700585294554
351,11.516,-6.700000286102295,312.21765,29281957000000,time,2020-03-04T15:43:34.945000-08:00,37.3361219,-121.8904694,1.1943195,1583365414.945,1583365415.049,4.405658055543899,POINT (-121.8904694 37.3361219),android,2.4221056469159348,-1.530342446565769,5.304453794314063
352,10.774,-6.700000286102295,316.53998,29283084857010,time,2020-03-04T15:43:36-08:00,37.3361117,-121.8904953,1.5899719,1583365416.0,1583365416.197,4.405951111117999,POINT (-121.8904953 37.3361117),android,0.8075942636276686,4.065856660546062,-19.045042606736093
353,11.23,-6.700000286102295,317.09476,29283759000000,time,2020-03-04T15:43:36.748000-08:00,37.3361165,-121.8904985,1.5397213,1583365416.748,1583365416.898,4.4061588888698155,POINT (-121.8904985 37.3361165),android,3.8488546657208222,-10.179833429341272,43.53855446363957
354,11.572,-6.700000286102295,330.2865,29284098332478,time,2020-03-04T15:43:37-08:00,37.3361216,-121.8905074,1.5842113,1583365417.0,1583365417.235,4.406228888895776,POINT (-121.8905074 37.3361216),android,1.2835356901187442,0.7918863646128143,0.4267480274604054
355,12.219,-6.700000286102295,330.44864,29285013000000,time,2020-03-04T15:43:38.002000-08:00,37.33613,-121.8905174,1.7904614,1583365418.002,1583365418.109,4.406507222255071,POINT (-121.8905174 37.33613),android,2.0770059014705495,1.2194879280120465,2.726308432694167
356,12.884,-6.700000286102295,329.79846,29285592000000,time,2020-03-04T15:43:38.581000-08:00,37.3361359,-121.8905288,2.3837938,1583365418.581,1583365418.671,4.406668055587344,POINT (-121.8905288 37.3361359),android,2.783089407137547,2.798020500141928,-2.6864359404245257
357,13.262,-6.700000286102295,331.0878,29286071000000,time,2020-03-04T15:43:39.060000-08:00,37.3361441,-121.8905398,2.6361685,1583365419.06,1583365419.166,4.406801111102104,POINT (-121.8905398 37.3361441),android,4.123340815771886,1.511218079224264,-9.195988560064185
358,13.556,-6.700000286102295,330.9913,29286618000000,time,2020-03-04T15:43:39.607000-08:00,37.3361532,-121.8905626,2.727395,1583365419.607,1583365419.714,4.406953055593703,POINT (-121.8905626 37.3361532),android,4.949977361642915,-3.518989224186948,15.536878375066149
359,13.746,-6.700000286102295,331.41867,29287174000000,time,2020-03-04T15:43:40.163000-08:00,37.3361721,-121.8905827,3.2383566,1583365420.163,1583365420.265,4.407107500036558,POINT (-121.8905827 37.3361721),android,2.99341937313079,5.119515063447099,-10.139208933224898
360,13.647,-6.700000286102295,331.98633,29287914000000,time,2020-03-04T15:43:40.903000-08:00,37.3361895,-121.8905949,3.393227,1583365420.903,1583365421.025,4.407313055594762,POINT (-121.8905949 37.3361895),android,6.781860568905143,-2.3834996438343583,2.1819585088699673
361,13.922,-6.700000286102295,327.59048,29289238203986,time,2020-03-04T15:43:42-08:00,37.3362472,-121.8906375,3.9087374,1583365422.0,1583365422.375,4.407617777784665,POINT (-121.8906375 37.3362472),android,4.167161736934904,0.010108586528905597,0.2058814953639048
362,13.629,-6.700000286102295,325.48126,29289996000000,time,2020-03-04T15:43:42.985000-08:00,37.336277,-121.8906649,4.119148,1583365422.985,1583365423.085,4.407891388866637,POINT (-121.8906649 37.336277),android,4.177118693605443,0.21290183786452344,-0.7776907170740603
363,13.298,-6.700000286102295,328.16336,29291113000000,time,2020-03-04T15:43:44.102000-08:00,37.3363119,-121.8906942,4.1170826,1583365424.102,1583365424.219,4.408201666673024,POINT (-121.8906942 37.3363119),android,4.41493006842833,-0.6557787732068776,7.623280970636172
364,13.067,-6.700000286102295,328.9331,29291596000000,time,2020-03-04T15:43:44.585000-08:00,37.3363288,-121.8907056,3.6263623,1583365424.585,1583365424.69,4.408335833350818,POINT (-121.8907056 37.3363288),android,4.098188894702634,3.0262662409557386,-13.178940956611548
365,13.333,-6.700000286102295,330.371,29292105885756,time,2020-03-04T15:43:45-08:00,37.3363421,-121.8907151,3.430878,1583365425.0,1583365425.195,4.408451111117999,POINT (-121.8907151 37.3363421),android,5.35408926925637,-2.442993753301353,4.558826867195276
366,14.109,-6.700000286102295,327.6457,29293246035131,time,2020-03-04T15:43:46-08:00,37.3363845,-121.8907438,4.0793447,1583365426.0,1583365426.351,4.4087288888957765,POINT (-121.8907438 37.3363845),android,2.9110955159550174,2.1158331138939235,-4.820924906629434
367,14.432,-6.700000286102295,326.75348,29293952000000,time,2020-03-04T15:43:46.941000-08:00,37.3364061,-121.8907587,4.2629304,1583365426.941,1583365427.045,4.408990277780427,POINT (-121.8907587 37.3364061),android,4.902094443844148,-2.420657149682898,0.6407938319334214
368,15.134,-6.700000286102295,327.30032,29294387000000,time,2020-03-04T15:43:47.376000-08:00,37.336423,-121.8907701,4.3028426,1583365427.376,1583365427.473,4.409111111097865,POINT (-121.8907701 37.336423),android,3.8491087222432006,-2.1419118694583767,7.05283613652457
369,15.624,-6.700000286102295,328.652,29294872000000,time,2020-03-04T15:43:47.861000-08:00,37.3364377,-121.8907803,4.3092184,1583365427.861,1583365427.974,4.409245833357176,POINT (-121.8907803 37.3364377),android,2.8102811795798006,1.2787145984112551,-4.918331357372858
370,15.501,-6.700000286102295,329.48572,29295433000000,time,2020-03-04T15:43:48.422000-08:00,37.3364506,-121.8907877,4.3863134,1583365428.422,1583365428.536,4.409401666654481,POINT (-121.8907877 37.3364506),android,3.527639903439606,-1.4804686551687822,-1.1370940689669435
371,15.472,-6.700000286102295,328.56268,29295896000000,time,2020-03-04T15:43:48.885000-08:00,37.3364636,-121.8907963,4.396115,1583365428.885,1583365429.005,4.409530277782016,POINT (-121.8907963 37.3364636),android,2.842182828559594,-2.0069432763343564,4.304274789968749
372,15.238,-6.700000286102295,325.45016,29296952000000,time,2020-03-04T15:43:49.941000-08:00,37.3364871,-121.890813,4.3595424,1583365429.941,1583365430.038,4.40982361111376,POINT (-121.890813 37.3364871),android,0.7228507402343354,2.5383708772433833,-4.733277230419052
373,14.983,-6.700000286102295,323.77597,29297695000000,time,2020-03-04T15:43:50.684000-08:00,37.3364913,-121.890816,3.4310753,1583365430.684,1583365430.802,4.410030000011126,POINT (-121.890816 37.3364913),android,2.6088603794911007,-0.97845424940613,-3.6391987820305305
374,14.877,-6.700000286102295,323.0486,29298002813514,time,2020-03-04T15:43:51-08:00,37.3364974,-121.8908213,3.2261114,1583365431.0,1583365431.099,4.410117777784666,POINT (-121.8908213 37.3364974),android,2.2996688516087906,-2.1284410089980113,7.572889908554387
375,14.246,-6.700000286102295,326.06924,29298873000000,time,2020-03-04T15:43:51.862000-08:00,37.3365122,-121.8908338,4.1157017,1583365431.862,1583365431.991,4.410357222225931,POINT (-121.8908338 37.3365122),android,0.46495272621057926,4.399390005511023,-18.278435345743272
376,13.814,-6.700000286102295,326.74127,29299730000000,time,2020-03-04T15:43:52.719000-08:00,37.3365124,-121.8908293,4.2148438,1583365432.719,1583365432.82,4.410595277812746,POINT (-121.8908293 37.3365124),android,4.235230456012586,-11.265231142728533,60.93991756933905
377,13.377,-6.700000286102295,325.60696,29300074713513,time,2020-03-04T15:43:53-08:00,37.3365219,-121.8908355,4.1889615,1583365433.0,1583365433.184,4.410673333340221,POINT (-121.8908355 37.3365219),android,1.0697016437021991,5.858879533871311,-31.67808298678001
378,13.031,-6.700000286102295,323.85828,29300775000000,time,2020-03-04T15:43:53.764000-08:00,37.3365286,-121.8908393,4.2654414,1583365433.764,1583365433.875,4.410885555545489,POINT (-121.8908393 37.3365286),android,5.545885249982253,-18.34317393455187,102.40497966503652
379,12.704,-6.700000286102295,322.76718,29301087384190,time,2020-03-04T15:43:54-08:00,37.3365384,-121.8908475,4.2843623,1583365434.0,1583365434.178,4.410951111117999,POINT (-121.8908475 37.3365384),android,1.2168950818495246,5.8244075167006795,-26.42531940746398
380,12.611,-6.700000286102295,322.46405,29301777000000,time,2020-03-04T15:43:54.766000-08:00,37.3365456,-121.8908529,4.2813663,1583365434.766,1583365434.846,4.411163888904784,POINT (-121.8908529 37.3365456),android,5.678391428498232,-14.417388006255775,63.439666682510364
381,12.398,-6.700000286102295,322.7584,29302095256273,time,2020-03-04T15:43:55-08:00,37.3365554,-121.8908615,4.271124,1583365435.0,1583365435.185,4.411228888895777,POINT (-121.8908615 37.3365554),android,2.304723102517131,0.4274919404251046,3.26443988475589
382,12.323,-6.700000286102295,324.30798,29302543000000,time,2020-03-04T15:43:55.531000-08:00,37.3365648,-121.8908687,4.479726,1583365435.531,1583365435.632,4.411376388867696,POINT (-121.8908687 37.3365648),android,2.5317212796679245,2.16090918922996,-2.7669893261151053
383,12.252,-6.700000286102295,325.45038,29303045324710,time,2020-03-04T15:43:56-08:00,37.3365741,-121.8908753,4.539406,1583365436.0,1583365436.146,4.411506666673555,POINT (-121.8908753 37.3365741),android,3.5451879078619566,0.8631909155684703,4.792869905392619
384,12.085,-6.700000286102295,324.59195,29304109866220,time,2020-03-04T15:43:57-08:00,37.3366033,-121.8908914,4.5015936,1583365437.0,1583365437.202,4.411784444451332,POINT (-121.8908914 37.3366033),android,4.408378823430427,5.656060820961089,-30.384886317008707
385,12.148,-6.700000286102295,322.7056,29304696000000,time,2020-03-04T15:43:57.685000-08:00,37.3366269,-121.8909083,4.5521774,1583365437.685,1583365437.784,4.411974722213215,POINT (-121.8909083 37.3366269),android,8.282780162146377,-15.157584567552734,67.49704272320331
386,12.255,-6.700000286102295,322.17276,29305000867939,time,2020-03-04T15:43:58-08:00,37.3366472,-121.8909231,4.5415635,1583365438.0,1583365438.087,4.4120622222291095,POINT (-121.8909231 37.3366472),android,3.5081401560433196,6.103987752468074,-35.90968288958485
387,12.31,-6.700000286102295,320.98474,29305762000000,time,2020-03-04T15:43:58.751000-08:00,37.3366682,-121.8909369,4.3167953,1583365438.751,1583365438.865,4.412270833320088,POINT (-121.8909369 37.3366682),android,8.0922345157344,-20.86418149490333,95.23053970830173
388,12.374,-6.700000286102295,320.1085,29306006549032,time,2020-03-04T15:43:59-08:00,37.3366833,-121.8909495,4.1974344,1583365439.0,1583365439.124,4.412340000006887,POINT (-121.8909495 37.3366833),android,2.897051811283285,2.8482297947017083,-13.946338774442022
389,12.391,-6.700000286102295,318.67505,29306669000000,time,2020-03-04T15:43:59.658000-08:00,37.3366977,-121.8909612,4.102223,1583365439.658,1583365439.785,4.412522777782546,POINT (-121.8909612 37.3366977),android,4.77118699446674,-6.328461012479021,24.882601596239798
390,12.409,-6.700000286102295,317.15677,29307114880334,time,2020-03-04T15:44:00-08:00,37.3367096,-121.890972,4.050488,1583365440.0,1583365440.211,4.412617777784665,POINT (-121.890972 37.3367096),android,2.606853279916589,2.1813889232741746,-3.0211526979456367
391,12.399,-6.700000286102295,316.25665,29307633000000,time,2020-03-04T15:44:00.622000-08:00,37.3367215,-121.8909826,4.217111,1583365440.622,1583365440.75,4.412790555556615,POINT (-121.8909826 37.3367215),android,3.963677144425765,0.30223200853829457,0.19551676362674683
392,12.386,-6.700000286102295,316.22037,29308045731792,time,2020-03-04T15:44:01-08:00,37.3367322,-121.8909929,4.3005233,1583365441.0,1583365441.137,4.412895555562443,POINT (-121.8909929 37.3367322),android,4.07792084999432,0.3761373492913098,-0.43616701742989805
393,12.241,2.0,317.3514,29308991000000,time,2020-03-04T15:44:01.980000-08:00,37.3367639,-121.8910142,4.42175,1583365441.98,1583365442.079,4.413167777789964,POINT (-121.8910142 37.3367639),android,4.446535459474054,-0.05130633610921592,-8.671936584106215
394,11.953,2.0,318.51245,29309576000000,time,2020-03-04T15:44:02.564000-08:00,37.3367858,-121.8910244,4.298949,1583365442.564,1583365442.678,4.413329999976688,POINT (-121.8910244 37.3367858),android,4.41657256574283,-5.115716193020018,16.91593611915099
395,11.77,2.0,316.9374,29310124029812,time,2020-03-04T15:44:03-08:00,37.3368007,-121.8910355,4.236487,1583365443.0,1583365443.202,4.413451111117999,POINT (-121.8910355 37.3368007),android,2.186119749411208,2.259633794011309,-5.052212226915539
396,11.547,2.0,315.1838,29310850000000,time,2020-03-04T15:44:03.839000-08:00,37.3368156,-121.8910444,4.1251025,1583365443.839,1583365443.947,4.413684166669846,POINT (-121.8910444 37.3368156),android,4.08195247241733,-1.9791721969165168,6.169605259680636
397,11.181,2.0,314.34982,29312074402259,time,2020-03-04T15:44:05-08:00,37.3368502,-121.8910757,3.714042,1583365445.0,1583365445.175,4.414006666673554,POINT (-121.8910757 37.3368502),android,1.7841335253724544,5.183739591945819,-14.4015902824175
398,11.053,2.0,312.7437,29312719000000,time,2020-03-04T15:44:05.707000-08:00,37.3368607,-121.8910811,4.1133475,1583365445.707,1583365445.837,4.414203055567212,POINT (-121.8910811 37.3368607),android,5.449037505862936,-4.998184984943034,15.675062235720116
399,10.795,2.0,312.36447,29313000944498,time,2020-03-04T15:44:06-08:00,37.3368719,-121.8910924,4.3882995,1583365446.0,1583365446.086,4.414284444451332,POINT (-121.8910924 37.3368719),android,3.984569391074159,-0.40539201895731614,2.64810203700097
400,10.618,-7.200000286102295,313.6826,29314086377987,time,2020-03-04T15:44:07-08:00,37.3369054,-121.8911084,4.597962,1583365447.0,1583365447.19,4.41456222222911,POINT (-121.8911084 37.3369054),android,3.5791773721168427,2.242710018043654,14.558686445017404
401,10.552,-7.200000286102295,314.24875,29314638000000,time,2020-03-04T15:44:07.627000-08:00,37.3369245,-121.8911166,4.707991,1583365447.627,1583365447.733,4.414736388921738,POINT (-121.8911166 37.3369245),android,4.985356763034078,11.37100777972561,17.711340054656056
402,10.473,-7.200000286102295,312.80338,29315006783924,time,2020-03-04T15:44:08-08:00,37.3369399,-121.8911248,4.743909,1583365448.0,1583365448.09,4.414840000006888,POINT (-121.8911248 37.3369399),android,9.2267416021364,17.977335964809008,-59.86448222191392
403,10.723,-7.200000286102295,320.859,29315709000000,time,2020-03-04T15:44:08.698000-08:00,37.3369931,-121.8911536,4.7240167,1583365448.698,1583365448.806,4.415033888883061,POINT (-121.8911536 37.3369931),android,21.774921282635955,-23.80806988570838,90.18246506822351
404,11.034,-7.200000286102295,325.6946,29316003307518,time,2020-03-04T15:44:09-08:00,37.3370466,-121.8911853,4.621114,1583365449.0,1583365449.095,4.4151177777846655,POINT (-121.8911853 37.3370466),android,14.584883087305075,3.427038693120755,-32.231555316376514
405,11.542,-7.200000286102295,327.64767,29316667000000,time,2020-03-04T15:44:09.656000-08:00,37.3371259,-121.8912273,4.60496,1583365449.656,1583365449.775,4.415299999978807,POINT (-121.8912273 37.3371259),android,16.83302012355474,-17.716858336151148,69.95953322570578
406,11.857,-7.200000286102295,327.79605,29316999605903,time,2020-03-04T15:44:10-08:00,37.3371732,-121.8912547,4.631654,1583365450.0,1583365450.07,4.415395555562443,POINT (-121.8912547 37.3371732),android,10.738419064930792,6.349228165664304,-40.954220337202855
407,12.314,-7.200000286102295,325.9413,29317719000000,time,2020-03-04T15:44:10.707000-08:00,37.3372347,-121.891292,4.5636272,1583365450.707,1583365450.787,4.4155919444561,POINT (-121.891292 37.3372347),android,15.22732348704718,-22.6054063157639,82.51298794674685
408,12.706,-7.200000286102295,324.6301,29318002320642,time,2020-03-04T15:44:11-08:00,37.3372696,-121.8913169,4.5264487,1583365451.0,1583365451.111,4.415673333340221,POINT (-121.8913169 37.3372696),android,8.603939824575875,1.570897736203614,-7.417835090742556
409,13.639,-7.200000286102295,327.73193,29319027875225,time,2020-03-04T15:44:12-08:00,37.3373365,-121.8913658,4.5261784,1583365452.0,1583365452.14,4.415951111117999,POINT (-121.8913658 37.3373365),android,10.174837560779489,-5.846937354538942,9.102054207378401
410,15.186,-6.900000095367432,330.60046,29320104701110,time,2020-03-04T15:44:13-08:00,37.3374176,-121.8914191,4.7048855,1583365453.0,1583365453.189,4.416228888895777,POINT (-121.8914191 37.3374176),android,4.327900206240547,3.2551168528394596,-11.555636240824594
411,15.552,-6.900000095367432,327.34592,29321116438714,time,2020-03-04T15:44:14-08:00,37.3374498,-121.8914466,4.8054824,1583365454.0,1583365454.245,4.416506666673555,POINT (-121.8914466 37.3374498),android,7.583017059080007,-8.300519387985135,38.95023568844858
412,15.793,-6.900000095367432,322.86276,29321415000000,time,2020-03-04T15:44:14.403000-08:00,37.3374726,-121.8914659,4.581113,1583365454.403,1583365454.505,4.416618611150318,POINT (-121.8914659 37.3374726),android,4.237906779970954,7.396430126252048,-21.063078920227078
413,16.027,-6.900000095367432,320.8303,29322060000000,time,2020-03-04T15:44:15.048000-08:00,37.3374927,-121.8914837,4.4733825,1583365455.048,1583365455.147,4.416797777811686,POINT (-121.8914837 37.3374927),android,9.008604070327817,-6.189255375548068,8.108347505135919
414,16.896,-6.900000095367432,317.7412,29323380014859,time,2020-03-04T15:44:16-08:00,37.3375538,-121.8915429,4.420357,1583365456.0,1583365456.513,4.41706222222911,POINT (-121.8915429 37.3375538),android,3.1164335548645123,1.5298906606036038,-1.5926452091365757
415,16.958,-6.900000095367432,316.71967,29324116466577,time,2020-03-04T15:44:17-08:00,37.3375766,-121.8915634,4.1907682,1583365457.0,1583365457.241,4.417340000006888,POINT (-121.8915634 37.3375766),android,4.646324215468116,-0.06275454853297191,-0.4195601911796961
416,17.385,-6.900000095367432,313.01654,29325056292931,time,2020-03-04T15:44:18-08:00,37.3376077,-121.8915985,3.923167,1583365458.0,1583365458.156,4.417617777784665,POINT (-121.8915985 37.3376077),android,4.583569666935144,-0.48231473971266803,-2.113815374493305
417,17.126,-6.900000095367432,315.36584,29325534000000,time,2020-03-04T15:44:18.523000-08:00,37.3376241,-121.8916161,3.484274,1583365458.523,1583365458.625,4.417763055562973,POINT (-121.8916161 37.3376241),android,4.3313190571454765,-1.5878401846044494,6.3214407511818544
418,16.905,-6.900000095367432,316.69687,29325999000000,time,2020-03-04T15:44:18.988000-08:00,37.3376382,-121.8916304,3.3306196,1583365458.988,1583365459.084,4.417892222205798,POINT (-121.8916304 37.3376382),android,3.5929735075898237,1.3516292221215012,-14.080805571031103
419,16.543,-6.900000095367432,318.7831,29326507000000,time,2020-03-04T15:44:19.496000-08:00,37.3376515,-121.8916425,2.9393713,1583365459.496,1583365459.607,4.4180333333545265,POINT (-121.8916425 37.3376515),android,4.279601335467545,-5.801421914809672,12.528528237860431
420,16.295,-6.900000095367432,319.57043,29327114201316,time,2020-03-04T15:44:20-08:00,37.3376671,-121.891657,2.7719603,1583365460.0,1583365460.211,4.418173333340221,POINT (-121.891657 37.3376671),android,1.3556849891674925,0.5129556718726636,-1.8466044184824386
421,16.355,-6.900000095367432,321.8214,29328108481107,time,2020-03-04T15:44:21-08:00,37.3376773,-121.8916654,2.531836,1583365461.0,1583365461.215,4.4184511111179985,POINT (-121.8916654 37.3376773),android,1.868640661040156,-1.333648746609775,1.3023717899939566
422,16.005,-6.900000095367432,324.35785,29329085482513,time,2020-03-04T15:44:22-08:00,37.3376914,-121.8916769,1.4654384,1583365462.0,1583365462.186,4.418728888895776,POINT (-121.8916769 37.3376914),android,0.5349919144303809,-0.0312769566158185,3.287696177816628
423,15.531,-6.900000095367432,322.15356,29329428000000,time,2020-03-04T15:44:22.417000-08:00,37.3376934,-121.8916771,1.3761209,1583365462.417,1583365462.507,4.418844722244475,POINT (-121.8916771 37.3376934),android,0.5219494217915588,1.339692531386417,-4.179784632122246
424,15.449,-6.900000095367432,321.13855,29330133964804,time,2020-03-04T15:44:23-08:00,37.3376959,-121.8916785,1.3540727,1583365463.0,1583365463.226,4.419006666673554,POINT (-121.8916785 37.3376959),android,1.3029900934872791,-1.0971216779439634,1.5859176463782405
425,15.162,-6.900000095367432,323.79166,29331329785376,time,2020-03-04T15:44:24-08:00,37.3377053,-121.8916873,1.3454278,1583365464.0,1583365464.398,4.419284444451332,POINT (-121.8916873 37.3377053),android,0.20586841554331564,0.48879596843427703,-0.017829864036221832
426,14.932,-6.900000095367432,339.99304,29332096985271,time,2020-03-04T15:44:25-08:00,37.3377045,-121.8916852,0.106863014,1583365465.0,1583365465.171,4.41956222222911,POINT (-121.8916852 37.3377045),android,0.6946643839775927,0.4709661043980552,-0.6381875332558937
427,13.884,-6.900000095367432,349.54755,29333090476417,time,2020-03-04T15:44:26-08:00,37.3377002,-121.8916795,0.0045232447,1583365466.0,1583365466.229,4.419840000006888,POINT (-121.8916795 37.3377002),android,1.1656304883756479,-0.16722142885783853,0.016041182782252195
428,12.296,-6.900000095367432,159.61702,29335005393760,time,2020-03-04T15:44:28-08:00,37.337686,-121.8916601,0.0008063325,1583365468.0,1583365468.083,4.420395555562443,POINT (-121.8916601 37.337686),android,0.8311876306599708,-0.13513906329333414,0.05696160093704694
429,11.987,-6.900000095367432,156.8219,29336088695686,time,2020-03-04T15:44:29-08:00,37.3376811,-121.891653,0.0011083261,1583365469.0,1583365469.18,4.420673333340221,POINT (-121.891653 37.3376811),android,0.6960485673666367,-0.0781774623562872,0.2133518094108734
430,11.148,-6.900000095367432,156.3668,29337004322821,time,2020-03-04T15:44:30-08:00,37.3376767,-121.8916474,0.0009881228,1583365470.0,1583365470.118,4.420951111117999,POINT (-121.8916474 37.3376767),android,0.6178711050103495,0.1351743470545862,-0.2807289393784466
431,10.611,-6.900000095367432,162.1398,29338109843863,time,2020-03-04T15:44:31-08:00,37.3376722,-121.8916433,0.00096370507,1583365471.0,1583365471.194,4.421228888895777,POINT (-121.8916433 37.3376722),android,0.7530454520649357,-0.14555459232386042,-0.002633904922340169
432,9.426,-6.900000095367432,168.89508,29340101971831,time,2020-03-04T15:44:33-08:00,37.33766,-121.8916359,0.00075332867,1583365473.0,1583365473.197,4.421784444451332,POINT (-121.8916359 37.33766),android,0.46193626741721483,-0.15082240216854076,0.034602412133411364
433,9.287,-6.900000095367432,169.96872,29341117575684,time,2020-03-04T15:44:34-08:00,37.3376561,-121.8916341,0.0009305617,1583365474.0,1583365474.219,4.42206222222911,POINT (-121.8916341 37.3376561),android,0.31111386524867407,-0.1162199900351294,0.5516146552979506
434,9.261,-6.900000095367432,169.3333,29342110869642,time,2020-03-04T15:44:35-08:00,37.3376535,-121.8916328,0.0006049987,1583365475.0,1583365475.188,4.422340000006888,POINT (-121.8916328 37.3376535),android,0.19489387521354468,0.4353946652628213,-1.889738460768637
435,9.357,-6.900000095367432,168.86317,29343108561830,time,2020-03-04T15:44:36-08:00,37.3376519,-121.8916319,0.0004420632,1583365476.0,1583365476.174,4.422617777784666,POINT (-121.8916319 37.3376519),android,0.630288540476366,-1.4543437955058156,5.823491266306526
436,9.63,-6.900000095367432,177.67928,29343276000000,time,2020-03-04T15:44:36.265000-08:00,37.3376504,-121.8916318,0.00043665752,1583365476.265,1583365477.165,4.422691388924917,POINT (-121.8916318 37.3376504),android,0.2448872821005891,0.08888200097395951,1.3008260014474091
437,9.985,-6.900000095367432,169.05818,29345003330423,time,2020-03-04T15:44:38-08:00,37.3376467,-121.8916306,0.007695997,1583365478.0,1583365478.111,4.423173333340221,POINT (-121.8916306 37.3376467),android,0.3990975444663159,2.345814977023136,-4.485676504824548
438,10.207,-6.900000095367432,166.36415,29346086959641,time,2020-03-04T15:44:39-08:00,37.3376432,-121.8916296,0.17645164,1583365479.0,1583365479.171,4.423451111117998,POINT (-121.8916296 37.3376432),android,2.744912521489452,-2.139861527801412,1.6677502239919115
439,9.421,-6.900000095367432,157.4206,29347160449380,time,2020-03-04T15:44:40-08:00,37.3376205,-121.8916174,1.3639843,1583365480.0,1583365480.254,4.423728888895776,POINT (-121.8916174 37.3376205),android,0.6050509936880395,-0.47211130380950056,0.42444980766243423
440,8.6,-6.900000095367432,157.15724,29348087928755,time,2020-03-04T15:44:41-08:00,37.3376155,-121.8916147,0.98233587,1583365481.0,1583365481.177,4.424006666673554,POINT (-121.8916147 37.3376155),android,0.13293968987853894,-0.04766149614706632,0.16907801319637045
441,8.263,-6.900000095367432,157.09108,29348295000000,time,2020-03-04T15:44:41.284000-08:00,37.3376152,-121.8916145,0.8589222,1583365481.284,1583365482.118,4.424085555540191,POINT (-121.8916145 37.3376152),android,0.11940382879086986,0.00035664605609275545,0.004446283630019318
442,7.198,-6.900000095367432,156.54411,29349136672140,time,2020-03-04T15:44:42-08:00,37.3376145,-121.8916141,0.45680946,1583365482.0,1583365482.23,4.424284444451332,POINT (-121.8916141 37.3376145),android,0.1196591873956027,0.003540185491372333,-0.059439390612750484
443,6.479,-6.900000095367432,156.86346,29350116260629,time,2020-03-04T15:44:43-08:00,37.3376155,-121.8916146,0.13522993,1583365483.0,1583365483.211,4.42456222222911,POINT (-121.8916146 37.3376155),android,0.12319937288697504,-0.05589920512137815,-0.00028147063990686255
444,5.707,-6.900000095367432,332.8345,29351369496253,time,2020-03-04T15:44:44-08:00,37.3376165,-121.8916152,0.008658088,1583365484.0,1583365484.458,4.4248400000068875,POINT (-121.8916152 37.3376165),android,0.06730016776559689,-0.056180675761285014,0.08151852920159272
445,5.606,-6.900000095367432,349.16428,29352115770471,time,2020-03-04T15:44:45-08:00,37.3376171,-121.8916153,0.03843013,1583365485.0,1583365485.197,4.425117777784665,POINT (-121.8916153 37.3376171),android,0.011119492004311874,0.0253378534403077,-0.10316314185257386
446,5.606,-6.900000095367432,350.4428,29353075595731,time,2020-03-04T15:44:46-08:00,37.3376172,-121.8916153,0.02868111,1583365486.0,1583365486.159,4.425395555562443,POINT (-121.8916153 37.3376172),android,0.03645734544461957,-0.07782528841226616,0.26217097068447553
447,5.74,-7.299999713897705,350.72412,29353316000000,time,2020-03-04T15:44:46.305000-08:00,37.3376173,-121.8916153,0.025059586,1583365486.305,1583365487.123,4.425480277803209,POINT (-121.8916153 37.3376173),android,0.012720627283479882,0.0021368751482993705,-0.007515306797837433
448,5.634,-7.299999713897705,9.89685,29354114339012,time,2020-03-04T15:44:47-08:00,37.3376173,-121.8916152,0.012730588,1583365487.0,1583365487.186,4.425673333340221,POINT (-121.8916152 37.3376173),android,0.014205755368896138,-0.0030862625744967898,0.006172525141668205
449,5.491,-7.299999713897705,339.22058,29355116006095,time,2020-03-04T15:44:48-08:00,37.3376172,-121.8916153,0.0038574666,1583365488.0,1583365488.205,4.425951111117999,POINT (-121.8916153 37.3376172),android,0.011119492794399348,0.003086262567171415,0.1575365869925695
450,5.491,-7.299999713897705,343.9876,29356123784688,time,2020-03-04T15:44:49-08:00,37.3376173,-121.8916153,0.0052723554,1583365489.0,1583365489.221,4.426228888895777,POINT (-121.8916153 37.3376173),android,0.014205755361570763,0.16062284955974093,0.23018398986936495
451,5.491,-7.299999713897705,38.6508,29357106232396,time,2020-03-04T15:44:50-08:00,37.3376174,-121.8916152,0.01022454,1583365490.0,1583365490.208,4.426506666673554,POINT (-121.8916152 37.3376174),android,0.1748286049213117,0.3908068394291059,4.288032327970942
452,5.68,-7.299999713897705,323.74844,29358022892083,time,2020-03-04T15:44:51-08:00,37.3376188,-121.8916161,1.0566111,1583365491.0,1583365491.09,4.426784444451332,POINT (-121.8916161 37.3376188),android,0.5656354443504176,4.6788391674000485,-14.809607158162867
453,6.28,-1.100000023841858,323.7089,29358328000000,time,2020-03-04T15:44:51.317000-08:00,37.3376201,-121.8916173,1.0504147,1583365491.317,1583365492.13,4.426872499982516,POINT (-121.8916173 37.3376201),android,2.0488270499040686,-0.015805002371718398,1.449642476675947
454,6.423,-1.100000023841858,323.89832,29359138323802,time,2020-03-04T15:44:52-08:00,37.3376293,-121.8916281,1.2725706,1583365492.0,1583365492.209,4.42706222222911,POINT (-121.8916281 37.3376293),android,2.038032231897485,0.9743009363867388,0.9538938807465409
455,6.329,-1.100000023841858,331.5899,29360111239530,time,2020-03-04T15:44:53-08:00,37.3376447,-121.8916406,1.9057909,1583365493.0,1583365493.223,4.427340000006888,POINT (-121.8916406 37.3376447),android,3.012333168284224,1.9281948171332797,-5.179658047419199
456,6.44,-1.100000023841858,329.3584,29361086226926,time,2020-03-04T15:44:54-08:00,37.3376678,-121.8916584,2.5573092,1583365494.0,1583365494.182,4.427617777784666,POINT (-121.8916584 37.3376678),android,4.9405279854175035,-3.25146323028592,5.833217542762622
457,6.269,-1.100000023841858,330.50226,29362078377030,time,2020-03-04T15:44:55-08:00,37.3377045,-121.8916899,3.6887534,1583365495.0,1583365495.181,4.4278955555624435,POINT (-121.8916899 37.3377045),android,1.6890647551315836,2.5817543124767024,11.026863945813593
458,6.978,-1.100000023841858,330.87155,29362315000000,time,2020-03-04T15:44:55.304000-08:00,37.3377083,-121.8916932,3.7823236,1583365495.304,1583365495.371,4.427979999979337,POINT (-121.8916932 37.3377083),android,2.473917810060612,5.933919858336194,2.080722737569113
459,7.522,-1.100000023841858,332.87482,29363105000000,time,2020-03-04T15:44:56.094000-08:00,37.3377235,-121.8917043,3.8601172,1583365496.094,1583365496.18,4.428199444479413,POINT (-121.8917043 37.3377235),android,7.161715686541868,7.577691237725478,-71.50345190138799
460,8.419,-1.100000023841858,330.84396,29363694000000,time,2020-03-04T15:44:56.683000-08:00,37.3377561,-121.8917287,4.206764,1583365496.683,1583365496.779,4.428363055586815,POINT (-121.8917287 37.3377561),android,11.624975724389081,-34.53784097751797,133.57610612569
461,9.375,-6.900000095367432,330.64743,29363962000000,time,2020-03-04T15:44:56.951000-08:00,37.3377786,-121.8917497,4.600728,1583365496.951,1583365497.766,4.4284375,POINT (-121.8917497 37.3377786),android,2.368838229080787,1.2605404323709422,1.5675940088826041
462,9.387,-6.900000095367432,330.5853,29364880000000,time,2020-03-04T15:44:57.869000-08:00,37.3377953,-121.8917625,4.589556,1583365497.869,1583365497.962,4.428692499995232,POINT (-121.8917625 37.3377953),android,3.526014324358701,2.699591705615638,7.328698078336753
463,9.709,-6.900000095367432,325.8978,29365614000000,time,2020-03-04T15:44:58.602000-08:00,37.3378131,-121.8917813,4.7698846,1583365498.602,1583365498.707,4.428896111117469,POINT (-121.8917813 37.3378131),android,5.5048151527052775,8.071527690582506,-28.341406624651448
464,9.738,-6.900000095367432,325.1556,29366034000000,time,2020-03-04T15:44:59.022000-08:00,37.3378289,-121.8917983,4.794205,1583365499.022,1583365499.151,4.429012777805329,POINT (-121.8917983 37.3378289),android,8.894857398558623,-3.831865254048829,0.9734759038023542
465,10.111,-6.900000095367432,326.9009,29367079980049,time,2020-03-04T15:45:00-08:00,37.3378943,-121.8918523,5.056586,1583365500.0,1583365500.188,4.429284444451332,POINT (-121.8918523 37.3378943),android,5.147293465138283,-2.8798058925436862,4.305428563168368
466,9.211,-6.900000095367432,328.9501,29368077404163,time,2020-03-04T15:45:01-08:00,37.3379326,-121.891885,4.9037232,1583365501.0,1583365501.196,4.42956222222911,POINT (-121.891885 37.3379326),android,2.2674875725945967,1.4256226706246822,-3.9568254114616996
467,8.638,-6.900000095367432,52.874344,29369079353433,time,2020-03-04T15:45:02-08:00,37.3379525,-121.8918906,3.503967,1583365502.0,1583365502.174,4.429840000006887,POINT (-121.8918906 37.3379525),android,3.693110243219279,-2.5312027408370175,21.08747864197115
468,8.681,-6.900000095367432,16.861376,29369400000000,time,2020-03-04T15:45:02.389000-08:00,37.3379654,-121.8918897,3.3080924,1583365502.389,1583365502.489,4.429948055545489,POINT (-121.8918897 37.3379654),android,2.708472531526034,5.671825163812207,-19.354272375169856
469,8.684,-6.900000095367432,353.77704,29370097523693,time,2020-03-04T15:45:03-08:00,37.3379787,-121.8918981,3.5492418,1583365503.0,1583365503.2,4.430117777784665,POINT (-121.8918981 37.3379787),android,6.173958052796027,-6.153636438707615,16.736390129546066
470,8.709,-6.900000095367432,340.93088,29370411000000,time,2020-03-04T15:45:03.400000-08:00,37.3379962,-121.8919153,3.9072456,1583365503.4,1583365503.511,4.430228888922268,POINT (-121.8919153 37.3379962),android,3.7125028904564785,0.5409212092173541,7.6824328857234
471,8.747,-6.900000095367432,335.3544,29371096354422,time,2020-03-04T15:45:04-08:00,37.3380112,-121.891932,4.165141,1583365504.0,1583365504.221,4.430395555562443,POINT (-121.891932 37.3380112),android,4.0370555644006245,5.1503802079975,-21.99560729844739
472,9.613,-6.900000095367432,330.36655,29371705000000,time,2020-03-04T15:45:04.694000-08:00,37.3380287,-121.8919548,4.31965,1583365504.694,1583365504.787,4.43058833334181,POINT (-121.8919548 37.3380287),android,7.611419458221602,-10.114571382984861,40.21436179150257
473,9.81,-6.900000095367432,328.29102,29372010517234,time,2020-03-04T15:45:05-08:00,37.3380449,-121.8919715,4.3522935,1583365505.0,1583365505.084,4.430673333340221,POINT (-121.8919715 37.3380449),android,4.516360672904276,2.191023095106499,-9.991826873814176
474,10.688,-6.900000095367432,327.495,29373096224265,time,2020-03-04T15:45:06-08:00,37.338077,-121.8920028,4.203442,1583365506.0,1583365506.178,4.430951111117999,POINT (-121.8920028 37.338077),android,6.707383768010775,-7.800803778707678,19.60332968785199
475,11.23,-6.900000095367432,326.49,29373393000000,time,2020-03-04T15:45:06.382000-08:00,37.3380944,-121.8920218,4.4368887,1583365506.382,1583365506.484,4.431057222220633,POINT (-121.8920218 37.3380944),android,3.727476962606081,-0.31233243619436285,15.956522573871398
476,11.566,-6.900000095367432,325.52118,29374110319786,time,2020-03-04T15:45:07-08:00,37.3381101,-121.8920388,4.531848,1583365507.0,1583365507.206,4.4312288888957765,POINT (-121.8920388 37.3381101),android,3.534455507506335,9.548799001412586,-25.793731067818708
477,11.931,-6.900000095367432,326.22067,29374795000000,time,2020-03-04T15:45:07.784000-08:00,37.3381286,-121.8920598,4.591393,1583365507.784,1583365507.896,4.4314466666513015,POINT (-121.8920598 37.3381286),android,11.020713159672477,-10.673484089456498,-9.763979645177603
478,12.15,-6.900000095367432,327.56314,29375002845879,time,2020-03-04T15:45:08-08:00,37.3381457,-121.892076,4.597953,1583365508.0,1583365508.097,4.431506666673554,POINT (-121.892076 37.3381457),android,8.715239741311551,-12.782504474994015,53.39935396882838
479,12.2,-6.900000095367432,327.85056,29375375000000,time,2020-03-04T15:45:08.364000-08:00,37.3381683,-121.8920979,4.7313776,1583365508.364,1583365508.477,4.431607777807447,POINT (-121.8920979 37.3381683),android,4.062407064043955,6.654864749260462,-26.04586884729909
480,12.416,-6.900000095367432,327.87006,29376076199472,time,2020-03-04T15:45:09-08:00,37.3381872,-121.8921149,4.7748275,1583365509.0,1583365509.171,4.431784444451332,POINT (-121.8921149 37.3381872),android,8.29490049876828,-9.91030570144401,24.40893982425574
481,12.204,-6.900000095367432,325.93774,29376429000000,time,2020-03-04T15:45:09.418000-08:00,37.3382118,-121.892139,4.8031816,1583365509.418,1583365509.522,4.431900555557675,POINT (-121.892139 37.3382118),android,4.152392885686356,0.2926307260876677,6.843397113074623
482,11.993,-6.900000095367432,324.3825,29377064000000,time,2020-03-04T15:45:10.053000-08:00,37.3382304,-121.8921575,4.787676,1583365510.053,1583365510.178,4.4320769444439145,POINT (-121.8921575 37.3382304),android,4.338213393961281,4.638187827626332,-23.921926323155866
483,11.841,-6.900000095367432,326.32248,29377689000000,time,2020-03-04T15:45:10.678000-08:00,37.3382502,-121.8921754,4.812976,1583365510.678,1583365510.786,4.432250555555026,POINT (-121.8921754 37.3382502),android,7.237080786227739,-10.313016124346083,28.921215279507823
484,11.793,-6.900000095367432,329.02332,29378005235461,time,2020-03-04T15:45:11-08:00,37.3382682,-121.8921889,4.8203,1583365511.0,1583365511.078,4.432340000006888,POINT (-121.8921889 37.3382682),android,3.916289318801059,-1.000384032064797,5.999665754796914
485,11.342,-6.900000095367432,329.50278,29379055000000,time,2020-03-04T15:45:12.044000-08:00,37.3382985,-121.8922151,4.4525,1583365512.044,1583365512.16,4.4326299999819865,POINT (-121.8922151 37.3382985),android,2.8718884790052233,5.26326647810083,-25.262074090606443
486,11.014,-6.900000095367432,330.38654,29379708000000,time,2020-03-04T15:45:12.697000-08:00,37.338309,-121.8922317,4.480691,1583365512.697,1583365512.826,4.432811388903194,POINT (-121.8922317 37.338309),android,6.308802101576997,-11.232870842263708,57.13479722318416
487,10.771,-6.900000095367432,330.9666,29380079780304,time,2020-03-04T15:45:13-08:00,37.3383223,-121.8922454,4.488965,1583365513.0,1583365513.184,4.432895555562443,POINT (-121.8922454 37.3383223),android,2.905242536321105,6.078971190697411,-18.632256099863003
488,10.638,-6.900000095367432,329.70908,29380735000000,time,2020-03-04T15:45:13.724000-08:00,37.3383363,-121.8922614,4.553184,1583365513.724,1583365513.846,4.433096666667197,POINT (-121.8922614 37.3383363),android,7.306417539249422,-7.410781799144905,7.235393625502884
489,10.554,-6.900000095367432,328.81168,29380999213012,time,2020-03-04T15:45:14-08:00,37.3383508,-121.8922751,4.569401,1583365514.0,1583365514.056,4.433173333340221,POINT (-121.8922751 37.3383508),android,5.261041593066094,-5.413812992901091,16.837582097288568
490,10.617,-6.900000095367432,328.3183,29381432000000,time,2020-03-04T15:45:14.421000-08:00,37.3383671,-121.8922895,4.57432,1583365514.421,1583365514.526,4.4332902777857255,POINT (-121.8922895 37.3383671),android,2.9818263024026765,1.674809134287674,2.401021182814309
491,10.765,-6.900000095367432,327.20078,29382077000000,time,2020-03-04T15:45:15.066000-08:00,37.3383812,-121.8923021,4.563169,1583365515.066,1583365515.15,4.433469444447094,POINT (-121.8923021 37.3383812),android,4.062078162073777,3.2234677514070587,-2.3318191468308593
492,10.186,-6.900000095367432,326.74487,29383106198272,time,2020-03-04T15:45:16-08:00,37.3384081,-121.8923285,4.5366225,1583365516.0,1583365516.209,4.433728888895777,POINT (-121.8923285 37.3384081),android,7.072797091074184,1.0455486326862995,-13.340911571205137
493,10.18,-6.900000095367432,330.5579,29383378000000,time,2020-03-04T15:45:16.367000-08:00,37.3384273,-121.8923452,4.534125,1583365516.367,1583365516.465,4.433830833368831,POINT (-121.8923452 37.3384273),android,7.456513546958247,-3.850567288017535,2.736973591918126
494,9.643,-6.900000095367432,324.78296,29384110349626,time,2020-03-04T15:45:17-08:00,37.3384585,-121.8923814,4.9118943,1583365517.0,1583365517.196,4.434006666673555,POINT (-121.8923814 37.3384585),android,5.019104850239357,-2.1180632862329545,3.3884753922135546
495,9.557,-6.900000095367432,326.38553,29385088216344,time,2020-03-04T15:45:18-08:00,37.338495,-121.8924148,4.5824413,1583365518.0,1583365518.21,4.4342844444513325,POINT (-121.8924148 37.338495),android,2.9010415640064022,1.2704121059806002,2.1154049618821937
496,9.614,-6.900000095367432,326.9882,29386091151604,time,2020-03-04T15:45:19-08:00,37.3385161,-121.8924341,4.683292,1583365519.0,1583365519.188,4.4345622222291095,POINT (-121.8924341 37.3385161),android,4.171453669987002,3.385817067862794,-19.106989891257136
497,9.592,-6.900000095367432,328.46954,29387084658322,time,2020-03-04T15:45:20-08:00,37.3385473,-121.8924603,4.6266212,1583365520.0,1583365520.163,4.434840000006887,POINT (-121.8924603 37.3385473),android,7.557270737849796,-15.72117282339434,55.00218526030473
498,9.443,-6.900000095367432,326.59366,29387330000000,time,2020-03-04T15:45:20.319000-08:00,37.3385653,-121.8924755,4.644634,1583365520.319,1583365520.43,4.434928611119588,POINT (-121.8924755 37.3385653),android,2.5422165172297295,1.824524589367898,8.211215829154241
499,9.489,-6.900000095367432,325.46924,29388114000000,time,2020-03-04T15:45:21.103000-08:00,37.33858,-121.8924884,4.639707,1583365521.103,1583365521.233,4.435146388875114,POINT (-121.8924884 37.33858),android,3.9726436491339734,8.26211714163547,-18.219772544701566
500,9.467,-6.900000095367432,328.6156,29388760000000,time,2020-03-04T15:45:21.748000-08:00,37.338599,-121.8925048,4.7034698,1583365521.748,1583365521.879,4.435325555536482,POINT (-121.8925048 37.338599),android,9.301709047901472,-3.4896358021824585,-40.60866185178765
501,9.377,-6.900000095367432,330.3192,29389002854936,time,2020-03-04T15:45:22-08:00,37.338617,-121.8925186,4.6984735,1583365522.0,1583365522.075,4.435395555562443,POINT (-121.8925186 37.338617),android,8.42232049960984,-13.723022384121855,50.027360162527316
502,9.683,-6.900000095367432,328.5104,29389356000000,time,2020-03-04T15:45:22.344000-08:00,37.338638,-121.892538,4.6713705,1583365522.344,1583365522.431,4.435491111146079,POINT (-121.892538 37.338638),android,3.7015994122187594,3.486394569027245,-13.858601299927743
503,9.515,-6.900000095367432,327.44855,29389954000000,time,2020-03-04T15:45:22.943000-08:00,37.3386538,-121.8925533,4.656205,1583365522.943,1583365523.032,4.4356575000286105,POINT (-121.8925533 37.3386538),android,5.78994967926884,-4.814907292431261,28.197525591194026
504,9.315,-6.900000095367432,328.7612,29390392000000,time,2020-03-04T15:45:23.381000-08:00,37.3386724,-121.8925699,4.617907,1583365523.381,1583365523.489,4.435779166685211,POINT (-121.8925699 37.3386724),android,3.681020459674378,7.535607894643997,-38.148289234770324
505,9.266,-6.900000095367432,329.4835,29391081811550,time,2020-03-04T15:45:24-08:00,37.33869,-121.8925831,4.5903053,1583365524.0,1583365524.172,4.435951111117999,POINT (-121.8925831 37.33869),android,8.345561430252321,-16.07818154091291,56.962634482945234
506,9.276,-6.900000095367432,329.85074,29391332000000,time,2020-03-04T15:45:24.321000-08:00,37.3387118,-121.892596,4.5704775,1583365524.321,1583365524.418,4.436040277812216,POINT (-121.892596 37.3387118),android,3.1844635609510017,2.206829777787862,-2.321853605736135
507,9.242,-6.900000095367432,330.1188,29392076181810,time,2020-03-04T15:45:25-08:00,37.3387294,-121.8926064,4.5510283,1583365525.0,1583365525.164,4.436228888895776,POINT (-121.8926064 37.3387294),android,4.682900761190885,0.6302914097794101,-1.827373818867377
508,9.172,-6.900000095367432,331.09564,29393079113007,time,2020-03-04T15:45:26-08:00,37.3387664,-121.8926317,4.721855,1583365526.0,1583365526.176,4.436506666673554,POINT (-121.8926317 37.3387664),android,5.313192170970295,-1.1970824090879668,-2.0240506151568147
509,9.191,-6.900000095367432,331.20255,29393510000000,time,2020-03-04T15:45:26.499000-08:00,37.338788,-121.8926444,4.540715,1583365526.499,1583365526.607,4.436645277804798,POINT (-121.8926444 37.338788),android,4.715847962071766,-2.207083812752884,8.665436265249859
510,9.163,-6.900000095367432,331.14417,29393964000000,time,2020-03-04T15:45:26.953000-08:00,37.3388055,-121.8926545,4.483104,1583365526.953,1583365527.074,4.43677138891485,POINT (-121.8926545 37.3388055),android,3.7138319195013136,1.727024218614536,-2.4204392413958904
511,9.509,-6.900000095367432,330.67374,29394575000000,time,2020-03-04T15:45:27.564000-08:00,37.3388239,-121.8926656,4.575258,1583365527.564,1583365527.691,4.436941111087799,POINT (-121.8926656 37.3388239),android,4.769043410729328,0.24813627146744432,-3.3905986489834
512,9.988,-6.900000095367432,329.7085,29395005534048,time,2020-03-04T15:45:28-08:00,37.3388403,-121.8926769,4.5962715,1583365528.0,1583365528.099,4.43706222222911,POINT (-121.8926769 37.3388403),android,4.877230852066229,-1.2301651081113787,1.803442024489254
513,10.038,-6.900000095367432,327.37903,29395913000000,time,2020-03-04T15:45:28.902000-08:00,37.3388746,-121.8927017,4.5732675,1583365528.902,1583365529.007,4.43731277777089,POINT (-121.8927017 37.3388746),android,3.7676219855549626,0.39653950854331876,-3.4537832349411652
514,10.122,-6.900000095367432,327.63593,29397076000000,time,2020-03-04T15:45:30.065000-08:00,37.3389089,-121.8927261,4.493719,1583365530.065,1583365530.164,4.437635833356116,POINT (-121.8927261 37.3389089),android,4.228797476345831,-3.6202107625971047,3.316321099360661
515,10.107,-6.900000095367432,325.46933,29397513000000,time,2020-03-04T15:45:30.502000-08:00,37.3389239,-121.8927351,3.323526,1583365530.502,1583365530.606,4.437757222255071,POINT (-121.8927351 37.3389239),android,2.6467652418958196,-2.170978321994266,14.864788124569793
516,10.167,-6.900000095367432,324.1171,29398088520922,time,2020-03-04T15:45:31-08:00,37.3389338,-121.8927433,3.084923,1583365531.0,1583365531.197,4.437895555562443,POINT (-121.8927433 37.3389338),android,1.5656182404424892,5.231684774777159,-26.45102749067858
517,10.214,-6.900000095367432,325.39008,29398799000000,time,2020-03-04T15:45:31.788000-08:00,37.3389437,-121.8927496,2.876582,1583365531.788,1583365531.907,4.438114444481002,POINT (-121.8927496 37.3389437),android,5.6881864017711115,-15.611727713152105,71.10603733411848
518,10.23,-6.900000095367432,327.17758,29399095221495,time,2020-03-04T15:45:32-08:00,37.3389534,-121.8927557,2.8367865,1583365532.0,1583365532.179,4.438173333340221,POINT (-121.8927557 37.3389534),android,2.378501794095286,-0.537255393263159,0.19731316959413148
519,10.099,-6.900000095367432,321.18912,29400099127484,time,2020-03-04T15:45:33-08:00,37.3389727,-121.8927673,2.4719653,1583365533.0,1583365533.178,4.438451111117999,POINT (-121.8927673 37.3389727),android,1.841246400832127,-0.3399422236690275,-0.4617915094142703
520,10.186,-6.900000095367432,324.4599,29401080108473,time,2020-03-04T15:45:34-08:00,37.3389857,-121.8927802,1.9979693,1583365534.0,1583365534.176,4.438728888895777,POINT (-121.8927802 37.3389857),android,1.5013041771630995,-0.8017337330832978,0.6639728239605546
521,10.269,-6.900000095367432,321.1793,29401915000000,time,2020-03-04T15:45:34.903000-08:00,37.3389959,-121.8927886,1.8331631,1583365534.903,1583365535.018,4.438979722261429,POINT (-121.8927886 37.3389959),android,0.7773385229085515,-0.2021661957948298,0.06414620525364988
522,9.852,-6.900000095367432,323.2593,29403090000868,time,2020-03-04T15:45:36-08:00,37.3390022,-121.8927941,1.4618993,1583365536.0,1583365536.192,4.439284444451332,POINT (-121.8927941 37.3390022),android,0.5555622296433097,-0.13179781609487567,0.1640578352071904
523,9.55,-6.900000095367432,332.77783,29404087491441,time,2020-03-04T15:45:37-08:00,37.3390065,-121.8927973,1.2503651,1583365537.0,1583365537.157,4.43956222222911,POINT (-121.8927973 37.3390065),android,0.423764413548434,0.03226001911231472,0.0025825660654834105
524,9.317,-6.900000095367432,337.50565,29404516000000,time,2020-03-04T15:45:37.505000-08:00,37.3390059,-121.892795,1.1752809,1583365537.505,1583365537.626,4.439702500038677,POINT (-121.892795 37.3390059),android,0.44005572689201916,0.033564215270935074,-0.6047503096618999
525,9.035,-6.900000095367432,338.20306,29405086751805,time,2020-03-04T15:45:38-08:00,37.3390078,-121.8927944,1.1696156,1583365538.0,1583365538.184,4.439840000006888,POINT (-121.8927944 37.3390078),android,0.4566700096100124,-0.2657871188035248,0.13863037220522711
526,8.654,-6.900000095367432,341.61057,29406092430086,time,2020-03-04T15:45:39-08:00,37.3390119,-121.8927947,0.76991403,1583365539.0,1583365539.192,4.440117777784665,POINT (-121.8927947 37.3390119),android,0.19088289080648763,-0.12715674659829768,4.03377597957113
527,8.23,-6.900000095367432,333.3769,29407095488367,time,2020-03-04T15:45:40-08:00,37.3390136,-121.8927944,0.44503644,1583365540.0,1583365540.178,4.440395555562443,POINT (-121.8927944 37.3390136),android,0.06372614420818995,3.9066192329728326,-29.865209506220886
528,8.167,-6.900000095367432,322.61545,29407881000000,time,2020-03-04T15:45:40.869000-08:00,37.3390139,-121.8927949,0.8420067,1583365540.869,1583365540.953,4.440636944439676,POINT (-121.8927949 37.3390139),android,3.4585780937333146,-22.046246574739055,181.10499191956086
529,8.102,-6.900000095367432,315.03802,29408095005606,time,2020-03-04T15:45:41-08:00,37.3390168,-121.8927985,0.8838654,1583365541.0,1583365541.171,4.440673333340221,POINT (-121.8927985 37.3390168),android,0.5705188673451764,1.6785149661913115,-6.410173982498921
530,8.102,-6.900000095367432,305.9426,29408703000000,time,2020-03-04T15:45:41.692000-08:00,37.3390195,-121.8928014,0.8837131,1583365541.692,1583365541.811,4.440865555538071,POINT (-121.8928014 37.3390195),android,1.7320510766799555,-2.7573248672818584,6.712991509628705
531,8.091,-6.900000095367432,295.96704,29409125993366,time,2020-03-04T15:45:42-08:00,37.3390223,-121.8928063,0.88197595,1583365542.0,1583365542.247,4.4409511111179985,POINT (-121.8928063 37.3390223),android,0.8827947756348715,-0.6897228933315191,0.6198499538676829
532,8.146,-6.900000095367432,286.42358,29410086242793,time,2020-03-04T15:45:43-08:00,37.3390259,-121.8928152,0.62267333,1583365543.0,1583365543.189,4.441228888895776,POINT (-121.8928152 37.3390259),android,0.1930718823033524,-0.06987293946383617,0.08471430988648612
533,8.26,-6.900000095367432,270.24686,29411089234615,time,2020-03-04T15:45:44-08:00,37.3390274,-121.8928163,0.0103247585,1583365544.0,1583365544.177,4.441506666673554,POINT (-121.8928163 37.3390274),android,0.12319894283951623,0.01484137042264995,0.04804865158019457
534,8.415,-6.900000095367432,271.3196,29412087061906,time,2020-03-04T15:45:45-08:00,37.3390284,-121.8928157,0.00073629996,1583365545.0,1583365545.203,4.441784444451332,POINT (-121.8928157 37.3390284),android,0.13804031326216618,0.06289002200284452,-0.061991379132649294
535,8.639,-6.900000095367432,83.13659,29413093366489,time,2020-03-04T15:45:46-08:00,37.3390296,-121.8928153,0.00017620048,1583365546.0,1583365546.19,4.44206222222911,POINT (-121.8928153 37.3390296),android,0.2009303352650107,0.0008986428701952265,0.8152870587908678
536,8.994,-6.900000095367432,76.7001,29414085936854,time,2020-03-04T15:45:47-08:00,37.3390314,-121.8928151,0.00012778916,1583365547.0,1583365547.19,4.442340000006888,POINT (-121.8928151 37.3390314),android,0.20182897813520592,0.8161857016610631,-0.9633369942232135
537,9.235,-6.900000095367432,83.998535,29415086052374,time,2020-03-04T15:45:48-08:00,37.3390331,-121.8928143,0.00040151985,1583365548.0,1583365548.173,4.442617777784665,POINT (-121.8928143 37.3390331),android,1.018014679796269,-0.14715129256215043,0.052092957632931314
538,9.522,-8.799999237060547,53.32811,29416080684822,time,2020-03-04T15:45:49-08:00,37.339042,-121.8928116,0.00488591,1583365549.0,1583365549.144,4.442895555562443,POINT (-121.8928116 37.339042),android,0.8708633872341186,-0.09505833492921911,-0.26592013557979494
539,9.808,-8.799999237060547,13.276257,29417075886853,time,2020-03-04T15:45:50-08:00,37.3390497,-121.8928098,0.12634128,1583365550.0,1583365550.163,4.443173333340221,POINT (-121.8928098 37.3390497),android,0.7758050523048995,-0.36097847050901405,0.235798875118849
540,9.891,-8.799999237060547,8.516429,29418002687373,time,2020-03-04T15:45:51-08:00,37.3390566,-121.8928085,0.016727531,1583365551.0,1583365551.09,4.443451111117999,POINT (-121.8928085 37.3390566),android,0.41482658179588544,-0.12517959539016504,0.15993109728966598
541,9.927,-8.799999237060547,7.24913,29419098219977,time,2020-03-04T15:45:52-08:00,37.3390603,-121.8928079,0.005033892,1583365552.0,1583365552.189,4.443728888895777,POINT (-121.8928079 37.3390603),android,0.2896469864057204,0.034751501899500936,-0.2424673890054091
542,10.068,-8.799999237060547,3.698372,29420096642893,time,2020-03-04T15:45:53-08:00,37.3390629,-121.8928077,0.0010133436,1583365553.0,1583365553.198,4.4440066666735545,POINT (-121.8928077 37.3390629),android,0.32439848830522133,-0.20771588710590816,0.17458183911642877
543,10.411,-8.799999237060547,3.882024,29421079038466,time,2020-03-04T15:45:54-08:00,37.3390658,-121.8928073,0.0006650182,1583365554.0,1583365554.161,4.444284444451332,POINT (-121.8928073 37.3390658),android,0.11668260119931317,-0.03313404798947937,-0.005066437792308871
544,10.498,-8.799999237060547,11.890125,29422076433882,time,2020-03-04T15:45:55-08:00,37.3390668,-121.8928069,0.000292591,1583365555.0,1583365555.174,4.44456222222911,POINT (-121.8928069 37.3390668),android,0.0835485532098338,-0.038200485781788245,0.029922092794010632
545,10.638,-8.799999237060547,43.756344,29423078726381,time,2020-03-04T15:45:56-08:00,37.3390672,-121.8928061,0.000105491505,1583365556.0,1583365556.164,4.444840000006888,POINT (-121.8928061 37.3390672),android,0.045348067428045556,-0.008278392987777612,0.1629849835519705
546,10.956,-8.799999237060547,15.278306,29424076808360,time,2020-03-04T15:45:57-08:00,37.3390676,-121.892806,5.8709742e-05,1583365557.0,1583365557.162,4.445117777784666,POINT (-121.892806 37.3390676),android,0.037069674440267944,0.1547065905641929,-0.08345381024611914
547,11.072,-8.799999237060547,100.99349,29425106379193,time,2020-03-04T15:45:58-08:00,37.3390675,-121.8928056,3.3847562e-05,1583365558.0,1583365558.198,4.445395555562444,POINT (-121.8928056 37.3390675),android,0.19177626500446082,0.07125278031807375,0.3314230453118162
548,11.376,-8.799999237060547,26.50765,29427086613151,time,2020-03-04T15:46:00-08:00,37.3390702,-121.8928029,0.00028711586,1583365560.0,1583365560.157,4.445951111117998,POINT (-121.8928029 37.3390702),android,0.3342818256406083,0.7340988709417062,-0.9596963314023597
549,11.497,-8.799999237060547,26.47316,29428086234921,time,2020-03-04T15:46:01-08:00,37.3390727,-121.8928008,0.00044500155,1583365561.0,1583365561.153,4.446228888895776,POINT (-121.8928008 37.3390727),android,1.0683806965823146,-0.22559746046065343,0.42130529871303146
550,11.11,-8.799999237060547,150.27588,29429078581015,time,2020-03-04T15:46:02-08:00,37.3390646,-121.8927943,0.042323254,1583365562.0,1583365562.183,4.446506666673554,POINT (-121.8927943 37.3390646),android,0.8427832361216612,0.19570783825237803,-0.9283393553445558
551,10.892,-8.799999237060547,146.31517,29430077588150,time,2020-03-04T15:46:03-08:00,37.3390583,-121.892789,0.3784795,1583365563.0,1583365563.166,4.446784444451332,POINT (-121.892789 37.3390583),android,1.0384910743740392,-0.7326315170921778,0.4753858098402991
552,10.369,-8.59999942779541,143.83507,29431099707733,time,2020-03-04T15:46:04-08:00,37.3390508,-121.892782,0.6086518,1583365564.0,1583365564.186,4.44706222222911,POINT (-121.892782 37.3390508),android,0.30585955728186137,-0.2572457072518787,0.253979925053823
553,10.125,-8.59999942779541,136.54196,29432306110336,time,2020-03-04T15:46:05-08:00,37.3390493,-121.8927791,0.40967745,1583365565.0,1583365565.412,4.4473400000068875,POINT (-121.8927791 37.3390493),android,0.0486138500299827,-0.003265782198055657,0.019517182117272353
554,9.833,-8.59999942779541,131.89217,29433098850284,time,2020-03-04T15:46:06-08:00,37.3390496,-121.8927787,0.26174498,1583365566.0,1583365566.207,4.447617777784665,POINT (-121.8927787 37.3390496),android,0.04534806783192704,0.016251399919216696,0.002180919682721473
555,9.857,-8.59999942779541,126.64863,29434075970231,time,2020-03-04T15:46:07-08:00,37.33905,-121.8927788,0.12648325,1583365567.0,1583365567.16,4.447895555562443,POINT (-121.8927788 37.33905),android,0.061599467751143736,0.01843231960193817,-0.07005280552189853
556,10.2,-8.59999942779541,111.67395,29435097931533,time,2020-03-04T15:46:08-08:00,37.3390505,-121.8927791,0.0466705,1583365568.0,1583365568.184,4.448173333340221,POINT (-121.8927791 37.3390505),android,0.0800317873530819,-0.051620485919960366,0.03204985080568967
557,10.285,-8.59999942779541,22.786514,29436099224762,time,2020-03-04T15:46:09-08:00,37.3390511,-121.8927796,0.016659291,1583365569.0,1583365569.17,4.448451111117999,POINT (-121.8927796 37.3390511),android,0.02841130143312154,-0.019570635114270693,0.03466174318910919
558,10.142,-8.59999942779541,351.11603,29437076570751,time,2020-03-04T15:46:10-08:00,37.3390513,-121.8927798,0.0190518,1583365570.0,1583365570.17,4.448728888895777,POINT (-121.8927798 37.3390513),android,0.008840666318850847,0.015091108074838494,-0.010611581094010508
559,10.0,-8.59999942779541,340.57333,29438080009761,time,2020-03-04T15:46:11-08:00,37.3390513,-121.8927799,0.014747191,1583365571.0,1583365571.167,4.449006666673554,POINT (-121.8927799 37.3390513),android,0.02393177439368934,0.004479526980827986,-0.018685178070005044
560,9.666,-8.59999942779541,7.8721156,29439076501844,time,2020-03-04T15:46:12-08:00,37.3390515,-121.8927798,0.015197656,1583365572.0,1583365572.143,4.449284444451332,POINT (-121.8927798 37.3390515),android,0.028411301374517327,-0.014205651089177058,0.034510078779181774
561,9.428,-8.59999942779541,19.620083,29440096673823,time,2020-03-04T15:46:13-08:00,37.3390517,-121.8927796,0.018814176,1583365573.0,1583365573.173,4.44956222222911,POINT (-121.8927796 37.3390517),android,0.014205650285340269,0.020304427690004716,-0.043695013661037826
562,8.333,-8.59999942779541,27.443642,29441099266739,time,2020-03-04T15:46:14-08:00,37.3390518,-121.8927795,0.018232916,1583365574.0,1583365574.181,4.449840000006888,POINT (-121.8927795 37.3390518),android,0.034510077975344985,-0.023390585971033113,0.034510079555519935
563,8.166,-8.59999942779541,22.910788,29442096491843,time,2020-03-04T15:46:15-08:00,37.3390521,-121.8927794,0.023305222,1583365575.0,1583365575.187,4.450117777784666,POINT (-121.8927794 37.3390521),android,0.011119492004311874,0.011119493584486823,-0.011119493584486823
564,8.285,-8.59999942779541,18.02468,29443079233249,time,2020-03-04T15:46:16-08:00,37.3390522,-121.8927794,0.020789485,1583365576.0,1583365576.154,4.4503955555624435,POINT (-121.8927794 37.3390522),android,0.022238985588798697,0.0,-0.011119492794399348
565,8.285,-8.59999942779541,9.801785,29444076386946,time,2020-03-04T15:46:17-08:00,37.3390524,-121.8927794,0.020256355,1583365577.0,1583365577.151,4.450673333340221,POINT (-121.8927794 37.3390524),android,0.022238985588798697,-0.011119492794399348,0.011119492004311874
566,8.571,-8.59999942779541,4.390722,29444998376009,time,2020-03-04T15:46:18-08:00,37.3390526,-121.8927794,0.02119273,1583365578.0,1583365578.071,4.450951111117999,POINT (-121.8927794 37.3390526),android,0.011119492794399348,-7.900874746114006e-10,-0.011119491214224399
567,9.0,-8.59999942779541,0.8830621,29446078970279,time,2020-03-04T15:46:19-08:00,37.3390527,-121.8927794,0.017851003,1583365579.0,1583365579.184,4.451228888895777,POINT (-121.8927794 37.3390527),android,0.011119492004311874,-0.011119492004311874,0.03335847759311057
568,9.333,-8.59999942779541,359.08044,29447344387726,time,2020-03-04T15:46:20-08:00,37.3390528,-121.8927794,0.009457577,1583365580.0,1583365580.427,4.451506666673554,POINT (-121.8927794 37.3390528),android,0.0,0.022238985588798697,-0.030272320987488957
569,9.285,-8.59999942779541,358.47452,29448077983247,time,2020-03-04T15:46:21-08:00,37.3390528,-121.8927794,0.008542871,1583365581.0,1583365581.181,4.451784444451332,POINT (-121.8927794 37.3390528),android,0.022238985588798697,-0.00803333539869026,0.004947178002981173
570,9.285,-8.59999942779541,359.15042,29449075717986,time,2020-03-04T15:46:22-08:00,37.339053,-121.8927794,0.012581829,1583365582.0,1583365582.156,4.4520622222291095,POINT (-121.8927794 37.339053),android,0.014205650190108436,-0.003086157395709088,0.003086157395709088
571,8.8,-8.59999942779541,11.989483,29449999796996,time,2020-03-04T15:46:23-08:00,37.3390531,-121.8927793,0.01416194,1583365583.0,1583365583.062,4.452340000006887,POINT (-121.8927793 37.3390531),android,0.011119492794399348,0.0,-7.900874746114006e-10
572,8.714,-8.799999237060547,12.046737,29451004716579,time,2020-03-04T15:46:24-08:00,37.3390532,-121.8927793,0.013591605,1583365584.0,1583365584.078,4.452617777784665,POINT (-121.8927793 37.3390532),android,0.011119492794399348,-7.900874746114006e-10,1.5801749492228012e-09
573,8.666,-8.799999237060547,7.0045223,29452391730328,time,2020-03-04T15:46:25-08:00,37.3390533,-121.8927793,0.010687169,1583365585.0,1583365585.473,4.452895555562443,POINT (-121.8927793 37.3390533),android,0.011119492004311874,7.900874746114006e-10,0.026635209814568912
574,8.666,-8.799999237060547,3.6602883,29453082947724,time,2020-03-04T15:46:26-08:00,37.3390534,-121.8927793,0.011081956,1583365586.0,1583365586.152,4.453173333340221,POINT (-121.8927793 37.3390534),android,0.011119492794399348,0.026635210604656387,-0.04045813971873166
575,8.666,-8.799999237060547,1.1416969,29454079935484,time,2020-03-04T15:46:27-08:00,37.3390535,-121.8927793,0.011286728,1583365587.0,1583365587.18,4.453451111117999,POINT (-121.8927793 37.3390535),android,0.037754703399055733,-0.013822929114075275,0.004096805727808175
576,9.0,-8.799999237060547,20.773525,29455007309025,time,2020-03-04T15:46:28-08:00,37.3390538,-121.8927791,0.0236826,1583365588.0,1583365588.093,4.4537288888957764,POINT (-121.8927791 37.3390538),android,0.02393177428498046,-0.0097261233862671,-0.0044795275124462595
577,9.0,-8.799999237060547,20.863277,29456079752618,time,2020-03-04T15:46:29-08:00,37.339054,-121.892779,0.023341522,1583365589.0,1583365589.171,4.454006666673554,POINT (-121.892779 37.339054),android,0.01420565089871336,-0.01420565089871336,0.025325143693112707
578,9.0,-8.799999237060547,29.524378,29457099012410,time,2020-03-04T15:46:30-08:00,37.3390541,-121.8927789,0.015741333,1583365590.0,1583365590.188,4.454284444451332,POINT (-121.8927789 37.3390541),android,0.0,0.011119492794399348,-0.022238985588798697
579,9.0,-8.799999237060547,36.98027,29458083130586,time,2020-03-04T15:46:31-08:00,37.3390541,-121.8927789,0.008626732,1583365591.0,1583365591.174,4.45456222222911,POINT (-121.8927789 37.3390541),android,0.011119492794399348,-0.011119492794399348,0.011119492794399348
580,8.833,-8.799999237060547,49.65563,29459080603763,time,2020-03-04T15:46:32-08:00,37.339054,-121.8927789,0.0033119721,1583365592.0,1583365592.166,4.454840000006888,POINT (-121.8927789 37.339054),android,0.0,0.0,0.0088406660010327
581,8.714,-8.799999237060547,81.64753,29460003382773,time,2020-03-04T15:46:33-08:00,37.339054,-121.8927789,0.000997981,1583365593.0,1583365593.088,4.4551177777846656,POINT (-121.8927789 37.339054),android,0.0,0.0088406660010327,-0.006561839207666053
582,8.35,-8.799999237060547,166.7972,29461082302148,time,2020-03-04T15:46:34-08:00,37.339054,-121.8927789,0.00055419817,1583365594.0,1583365594.154,4.455395555562443,POINT (-121.8927789 37.339054),android,0.0088406660010327,0.002278826793366648,-0.013398319587765996
583,8.443,-8.799999237060547,99.55771,29462084236678,time,2020-03-04T15:46:35-08:00,37.339054,-121.8927788,0.0027828105,1583365595.0,1583365595.195,4.455673333340221,POINT (-121.8927788 37.339054),android,0.011119492794399348,-0.011119492794399348,0.011119492794399348
584,8.35,-8.799999237060547,40.82332,29463089895897,time,2020-03-04T15:46:36-08:00,37.3390541,-121.8927788,0.0042667612,1583365596.0,1583365596.174,4.455951111117999,POINT (-121.8927788 37.3390541),android,0.0,0.0,0.011119492794399348
585,8.517,-8.799999237060547,29.456356,29464088674699,time,2020-03-04T15:46:37-08:00,37.3390541,-121.8927788,0.0039248634,1583365597.0,1583365597.149,4.456228888895777,POINT (-121.8927788 37.3390541),android,0.0,0.011119492794399348,-0.01339831835497381
586,8.6,-8.799999237060547,22.877647,29465040657563,time,2020-03-04T15:46:38-08:00,37.3390541,-121.8927788,0.0025877878,1583365598.0,1583365598.151,4.456506666673555,POINT (-121.8927788 37.3390541),android,0.011119492794399348,-0.002278825560574462,-0.006561841673250425
587,8.623,-8.799999237060547,4.186638,29466088923187,time,2020-03-04T15:46:39-08:00,37.3390542,-121.8927788,0.00503717,1583365599.0,1583365599.165,4.4567844444513325,POINT (-121.8927788 37.3390542),android,0.008840667233824887,-0.008840667233824887,0.008840667233824887
588,8.456,-8.799999237060547,36.251465,29467103021885,time,2020-03-04T15:46:40-08:00,37.3390542,-121.8927787,0.0053594634,1583365600.0,1583365600.188,4.45706222222911,POINT (-121.8927787 37.3390542),android,0.0,0.0,0.014205650891387834
589,8.456,-8.799999237060547,46.732594,29468100648187,time,2020-03-04T15:46:41-08:00,37.3390542,-121.8927787,0.0040330486,1583365601.0,1583365601.24,4.457340000006887,POINT (-121.8927787 37.3390542),android,0.0,0.014205650891387834,-0.004479527502143556
590,8.82,-8.799999237060547,192.48438,29469086981467,time,2020-03-04T15:46:42-08:00,37.3390542,-121.8927787,0.0015100912,1583365602.0,1583365602.179,4.457617777784665,POINT (-121.8927787 37.3390542),android,0.014205650891387834,0.009726123389244277,-0.02481723040073837
591,9.248,-8.799999237060547,214.01027,29470031269384,time,2020-03-04T15:46:43-08:00,37.3390541,-121.8927788,0.006853053,1583365603.0,1583365603.121,4.457895555562443,POINT (-121.8927788 37.3390541),android,0.02393177428063211,-0.01509110701149409,0.0271375809313282
592,10.428,-8.799999237060547,207.23125,29471007810113,time,2020-03-04T15:46:44-08:00,37.3390539,-121.8927789,0.009999944,1583365604.0,1583365604.103,4.458173333340221,POINT (-121.8927789 37.3390539),android,0.00884066726913802,0.01204647391983411,-0.018727964969976488
593,11.285,-8.799999237060547,224.06097,29472079183185,time,2020-03-04T15:46:45-08:00,37.3390539,-121.892779,0.010755917,1583365605.0,1583365605.17,4.4584511111179985,POINT (-121.892779 37.3390539),android,0.02088714118897213,-0.006681491050142376,-0.007524159088687379
594,12.666,-8.799999237060547,228.806,29473314566465,time,2020-03-04T15:46:46-08:00,37.3390538,-121.8927792,0.011513491,1583365606.0,1583365606.383,4.458728888895776,POINT (-121.8927792 37.3390538),android,0.014205650138829755,-0.014205650138829755,0.014205650138829755
595,13.166,-8.799999237060547,227.74947,29474140267611,time,2020-03-04T15:46:47-08:00,37.3390537,-121.8927793,0.012727426,1583365607.0,1583365607.219,4.459006666673554,POINT (-121.8927793 37.3390537),android,0.0,0.0,0.0
596,13.6,-8.799999237060547,227.17444,29475053235892,time,2020-03-04T15:46:48-08:00,37.3390537,-121.8927793,0.01056937,1583365608.0,1583365608.138,4.459284444451332,POINT (-121.8927793 37.3390537),android,0.0,0.0,0.0
597,13.439,-8.799999237060547,226.71391,29476005450683,time,2020-03-04T15:46:49-08:00,37.3390537,-121.8927793,0.0072141434,1583365609.0,1583365609.095,4.45956222222911,POINT (-121.8927793 37.3390537),android,0.0,0.0,0.008840666036345828
598,13.179,-8.799999237060547,226.26683,29477085355057,time,2020-03-04T15:46:50-08:00,37.3390537,-121.8927793,0.003487525,1583365610.0,1583365610.173,4.459840000006888,POINT (-121.8927793 37.3390537),android,0.0,0.008840666036345828,-0.0065618392782923075
599,13.153,-8.799999237060547,132.22154,29478098461724,time,2020-03-04T15:46:51-08:00,37.3390537,-121.8927793,0.0015016502,1583365611.0,1583365611.198,4.4601177777846654,POINT (-121.8927793 37.3390537),android,0.008840666036345828,0.0022788267580535204,-0.013398319552452869
600,12.868,-8.799999237060547,93.33922,29479096613025,time,2020-03-04T15:46:52-08:00,37.3390537,-121.8927792,0.0024127667,1583365612.0,1583365612.177,4.460395555562443,POINT (-121.8927792 37.3390537),android,0.011119492794399348,-0.011119492794399348,0.022238985588798697
601,12.4,-8.799999237060547,36.832516,29480081194223,time,2020-03-04T15:46:53-08:00,37.3390538,-121.8927792,0.0037952433,1583365613.0,1583365613.169,4.460673333340221,POINT (-121.8927792 37.3390538),android,0.0,0.011119492794399348,-0.011119493584486823
602,12.426,-8.799999237060547,15.588587,29481036080733,time,2020-03-04T15:46:54-08:00,37.3390538,-121.8927792,0.0064114006,1583365614.0,1583365614.118,4.460951111117999,POINT (-121.8927792 37.3390538),android,0.011119492794399348,-7.900874746114006e-10,1.5801749492228012e-09
603,12.759,-8.799999237060547,9.629482,29482136121826,time,2020-03-04T15:46:55-08:00,37.3390539,-121.8927792,0.0059689227,1583365615.0,1583365615.216,4.461228888895777,POINT (-121.8927792 37.3390539),android,0.011119492004311874,7.900874746114006e-10,-0.0022788263388908905
604,13.222,-8.799999237060547,4.423567,29483087782034,time,2020-03-04T15:46:56-08:00,37.339054,-121.8927792,0.006917619,1583365616.0,1583365616.177,4.4615066666735546,POINT (-121.8927792 37.339054),android,0.011119492794399348,-0.002278825548803416,-0.006561841696792517
605,13.793,-8.799999237060547,1.4606085,29484074834586,time,2020-03-04T15:46:57-08:00,37.3390541,-121.8927792,0.008224039,1583365617.0,1583365617.157,4.461784444451332,POINT (-121.8927792 37.3390541),android,0.008840667245595932,-0.008840667245595932,0.008840667245595932
606,15.259,-8.799999237060547,12.414509,29485107881200,time,2020-03-04T15:46:58-08:00,37.3390541,-121.8927791,0.0074660727,1583365618.0,1583365618.189,4.46206222222911,POINT (-121.8927791 37.3390541),android,0.0,0.0,0.03841780270445956
607,16.595,-8.799999237060547,17.136082,29485370000000,time,2020-03-04T15:46:58.359000-08:00,37.3390541,-121.8927791,0.007012313,1583365618.359,1583365618.899,4.462161944442325,POINT (-121.8927791 37.3390541),android,0.0,0.013791989925206544,-0.02151636188955665
608,16.938,-8.799999237060547,21.780703,29486001776096,time,2020-03-04T15:46:59-08:00,37.3390541,-121.8927791,0.006007105,1583365619.0,1583365619.077,4.462340000006888,POINT (-121.8927791 37.3390541),android,0.008840665989261658,1.256334274460369e-09,-0.008840668501930207
609,17.653,-8.799999237060547,44.437035,29487099717397,time,2020-03-04T15:47:00-08:00,37.3390541,-121.892779,0.005066201,1583365620.0,1583365620.218,4.462617777784666,POINT (-121.892779 37.3390541),android,0.008840667245595932,-0.008840667245595932,0.026522000480453525
610,18.428,-8.799999237060547,69.49783,29488096229168,time,2020-03-04T15:47:01-08:00,37.3390541,-121.8927789,0.0055776467,1583365621.0,1583365621.2,4.462895555562443,POINT (-121.8927789 37.3390541),android,0.0,0.017681333234857592,-0.01768133449119187
611,18.262,-8.799999237060547,80.97445,29489110191303,time,2020-03-04T15:47:02-08:00,37.3390541,-121.8927789,0.004982726,1583365622.0,1583365622.19,4.463173333340221,POINT (-121.8927789 37.3390541),android,0.017681333234857592,-1.2563342761950924e-09,-0.0034756798308012062
612,17.224,-8.799999237060547,90.32406,29490087855886,time,2020-03-04T15:47:03-08:00,37.3390541,-121.8927787,0.010487359,1583365623.0,1583365623.165,4.463451111117998,POINT (-121.8927787 37.3390541),android,0.017681331978523316,-0.0034756810871354824,-0.010729969804252351
613,14.182,-6.200000286102295,91.328636,29491004440625,time,2020-03-04T15:47:04-08:00,37.3390541,-121.8927785,0.0118048,1583365624.0,1583365624.094,4.463728888895776,POINT (-121.8927785 37.3390541),android,0.014205650891387834,-0.014205650891387834,1.2134865285193783
614,13.512,-6.200000286102295,70.31175,29492085046770,time,2020-03-04T15:47:05-08:00,37.3390542,-121.8927784,0.008895451,1583365625.0,1583365625.176,4.464006666673554,POINT (-121.8927784 37.3390542),android,0.0,1.1992808776279904,-1.8768731321354375
615,11.387,-6.200000286102295,62.779694,29493307172290,time,2020-03-04T15:47:06-08:00,37.3390542,-121.8927784,0.0069809514,1583365626.0,1583365626.401,4.464284444451332,POINT (-121.8927784 37.3390542),android,1.1992808776279904,-0.677592254507447,2.1805972682745627
616,9.788,-6.200000286102295,3.5102804,29494192324686,time,2020-03-04T15:47:07-08:00,37.3390437,-121.8927753,0.42297623,1583365627.0,1583365627.283,4.46456222222911,POINT (-121.8927753 37.3390437),android,0.5216886231205434,1.5030050137671158,-0.21802375667273477
617,8.841,-6.200000286102295,8.156823,29495076630102,time,2020-03-04T15:47:08-08:00,37.339042,-121.8927698,1.1617585,1583365628.0,1583365628.164,4.4648400000068875,POINT (-121.8927698 37.339042),android,2.024693636887659,1.284981257094381,-1.2451047666221213
618,7.151,-8.699999809265137,338.44986,29496011341977,time,2020-03-04T15:47:09-08:00,37.3390602,-121.8927705,1.7399563,1583365629.0,1583365629.093,4.465117777784665,POINT (-121.8927705 37.3390602),android,3.30967489398204,0.03987649047225972,-1.1676542645721835
619,5.951,-8.699999809265137,333.48947,29497269343539,time,2020-03-04T15:47:10-08:00,37.3390879,-121.8927842,2.0884185,1583365630.0,1583365630.481,4.465395555562443,POINT (-121.8927842 37.3390879),android,3.3495513844543,-1.1277777740999237,1.291077737508224
620,5.792,-8.699999809265137,332.38754,29498081045622,time,2020-03-04T15:47:11-08:00,37.3391149,-121.892801,2.906569,1583365631.0,1583365631.177,4.465673333340221,POINT (-121.892801 37.3391149),android,2.221773610354376,0.16329996340830033,5.317717583706204
621,6.238,-8.699999809265137,359.96872,29498712000000,time,2020-03-04T15:47:11.700000-08:00,37.3391284,-121.8928056,2.8693516,1583365631.7,1583365631.79,4.465867777797911,POINT (-121.8928056 37.3391284),android,2.3360835925269354,3.8857025255711775,-14.08956694729323
622,8.173,-8.699999809265137,340.39676,29500004599996,time,2020-03-04T15:47:13-08:00,37.3391557,-121.8928046,2.8311214,1583365633.0,1583365633.212,4.466228888895777,POINT (-121.8928046 37.3391557),android,7.387496690484731,-14.430733834067116,59.64240328819217
623,8.539,-8.699999809265137,334.94498,29500294000000,time,2020-03-04T15:47:13.283000-08:00,37.3391699,-121.8928201,2.9541016,1583365633.283,1583365633.383,4.466307500004769,POINT (-121.8928201 37.3391699),android,3.303599125541499,2.4480658414558443,-12.819886637719113
624,8.875,-8.699999809265137,333.0009,29500847000000,time,2020-03-04T15:47:13.836000-08:00,37.3391822,-121.8928338,3.0034075,1583365633.836,1583365633.949,4.466461111108462,POINT (-121.8928338 37.3391822),android,4.657379470496171,-4.6413311268749196,13.356496579163327
625,9.749,-8.699999809265137,330.6005,29501320000000,time,2020-03-04T15:47:14.309000-08:00,37.3391959,-121.8928518,3.1175303,1583365634.309,1583365634.465,4.466592500011126,POINT (-121.8928518 37.3391959),android,2.4620296173157827,1.6762924174322167,-6.340417567454923
626,9.743,-8.699999809265137,329.67905,29502077511401,time,2020-03-04T15:47:15-08:00,37.3392076,-121.8928642,3.1664667,1583365635.0,1583365635.155,4.466784444451332,POINT (-121.8928642 37.3392076),android,3.620347652183252,-2.7049360249320404,9.102692093968425
627,9.921,-8.699999809265137,328.51944,29502488000000,time,2020-03-04T15:47:15.477000-08:00,37.3392196,-121.8928766,3.0219498,1583365635.477,1583365635.56,4.466916944450802,POINT (-121.8928766 37.3392196),android,2.330093173449925,1.6370480865288903,-1.6709179570517787
628,10.928,-8.699999809265137,327.1702,29503145000000,time,2020-03-04T15:47:16.134000-08:00,37.3392301,-121.8928878,2.9640133,1583365636.134,1583365636.241,4.467099444468816,POINT (-121.8928878 37.3392301),android,3.4056338724617343,0.5392548803870869,-5.297957536227306
629,11.149,-8.699999809265137,322.75003,29504076799526,time,2020-03-04T15:47:17-08:00,37.3392509,-121.8929085,2.806319,1583365637.0,1583365637.152,4.467340000006888,POINT (-121.8929085 37.3392509),android,3.8726285649348986,-4.048776012519043,8.99127834053733
630,11.16,-8.699999809265137,324.60986,29504677000000,time,2020-03-04T15:47:17.666000-08:00,37.3392689,-121.8929269,2.1734936,1583365637.666,1583365637.769,4.467524999976158,POINT (-121.8929269 37.3392689),android,1.1761441884980048,1.9394143676076767,-5.543729472989573
631,11.922,-8.699999809265137,323.75842,29505655000000,time,2020-03-04T15:47:18.643000-08:00,37.3392762,-121.8929361,2.133287,1583365638.643,1583365638.743,4.467796388864517,POINT (-121.8929361 37.3392762),android,3.0709520219515656,-3.476809316929311,8.285291327643684
632,12.541,-8.699999809265137,324.19528,29506081786556,time,2020-03-04T15:47:19-08:00,37.3392838,-121.892944,2.1397243,1583365639.0,1583365639.163,4.4678955555624436,POINT (-121.892944 37.3392838),android,1.8297307045500393,-0.51895938058711,2.4208319573375987
633,13.375,-8.699999809265137,331.0368,29506973000000,time,2020-03-04T15:47:19.962000-08:00,37.3392972,-121.8929546,2.1627383,1583365639.962,1583365640.048,4.468162777754996,POINT (-121.8929546 37.3392972),android,1.3304918358560816,1.8098807037989104,-11.004208271212232
634,14.196,-8.699999809265137,331.02032,29508036978951,time,2020-03-04T15:47:21-08:00,37.3393086,-121.8929608,1.6850641,1583365641.0,1583365641.14,4.468451111117999,POINT (-121.8929608 37.3393086),android,3.209148199715466,-9.612488657095636,35.355997695002
635,14.36,-8.699999809265137,327.724,29508286000000,time,2020-03-04T15:47:21.275000-08:00,37.3393158,-121.892965,1.4353086,1583365641.275,1583365641.973,4.468527500033378,POINT (-121.892965 37.3393158),android,0.565712902295811,0.11041408084060755,-0.22224107232378193
636,14.552,-8.699999809265137,323.0566,29510010814211,time,2020-03-04T15:47:23-08:00,37.3393244,-121.8929628,1.0349425,1583365643.0,1583365643.108,4.469006666673554,POINT (-121.8929628 37.3393244),android,0.7561771812159517,-0.272951747723356,-0.09154434971280279
637,13.979,-8.699999809265137,319.07782,29511107627492,time,2020-03-04T15:47:24-08:00,37.3393312,-121.8929627,0.8586772,1583365644.0,1583365644.218,4.469284444451332,POINT (-121.8929627 37.3393312),android,0.48322543349259567,-0.3644960974361588,1.7377595403458244
638,13.625,-8.699999809265137,318.61868,29511412000000,time,2020-03-04T15:47:24.401000-08:00,37.3393323,-121.892961,0.80406797,1583365644.401,1583365644.499,4.469395833346579,POINT (-121.892961 37.3393323),android,0.3370624900780424,0.3323455180166762,-0.30189746582813
639,12.94,-8.699999809265137,321.95224,29512108460773,time,2020-03-04T15:47:25-08:00,37.3393341,-121.8929613,0.79834056,1583365645.0,1583365645.192,4.46956222222911,POINT (-121.8929613 37.3393341),android,0.5361374477632462,0.15150894289551098,2.7233510783351846
640,12.298,-8.699999809265137,344.06296,29513092462908,time,2020-03-04T15:47:26-08:00,37.3393375,-121.8929656,1.1250144,1583365646.0,1583365646.182,4.469840000006887,POINT (-121.8929656 37.3393375),android,0.6876463906587572,2.874860021230696,-3.265856733506783
641,11.5,-8.699999809265137,346.27603,29514029170824,time,2020-03-04T15:47:27-08:00,37.3393431,-121.8929689,1.2757734,1583365647.0,1583365647.136,4.470117777784665,POINT (-121.8929689 37.3393431),android,3.562506411889453,-0.39099671227608734,2.37960341278842
642,12.645,-8.699999809265137,335.31476,29515003756136,time,2020-03-04T15:47:28-08:00,37.3393616,-121.8930018,1.6716142,1583365648.0,1583365648.113,4.470395555562443,POINT (-121.8930018 37.3393616),android,3.171509699613366,1.9886067005123325,-7.843357921816874
643,13.193,-8.699999809265137,345.56293,29516098210511,time,2020-03-04T15:47:29-08:00,37.3393819,-121.893027,2.185952,1583365649.0,1583365649.181,4.470673333340221,POINT (-121.893027 37.3393819),android,5.160116400125698,-5.854751221304541,14.18817702119154
644,13.34,-8.699999809265137,346.63,29516369000000,time,2020-03-04T15:47:29.358000-08:00,37.3393933,-121.8930422,2.4938326,1583365649.358,1583365649.445,4.4707727777957915,POINT (-121.8930422 37.3393933),android,3.064115228390586,-0.7753832794201686,2.05213647073484
645,13.487,-8.699999809265137,340.01797,29516953000000,time,2020-03-04T15:47:29.942000-08:00,37.3394055,-121.8930554,2.528638,1583365649.942,1583365650.075,4.470934999982516,POINT (-121.8930554 37.3394055),android,2.6112914922972656,0.42306415724161855,1.547778486954035
646,13.535,-8.699999809265137,327.01163,29518089668218,time,2020-03-04T15:47:31-08:00,37.3394239,-121.8930764,2.502595,1583365651.0,1583365651.208,4.4712288888957765,POINT (-121.8930764 37.3394239),android,3.058893407777717,2.060613932238034,-13.496795751940798
647,13.365,-8.699999809265137,322.23157,29518631000000,time,2020-03-04T15:47:31.620000-08:00,37.3394328,-121.8930947,2.5053391,1583365651.62,1583365651.738,4.47140111108621,POINT (-121.8930947 37.3394328),android,4.336473809946748,-6.3073978893795655,28.43312044869383
648,13.729,-8.699999809265137,320.80002,29519087093374,time,2020-03-04T15:47:32-08:00,37.3394424,-121.8931089,2.5077686,1583365652.0,1583365652.173,4.471506666673554,POINT (-121.8931089 37.3394424),android,1.9396618901581084,4.497191135036495,-17.293570772972984
649,13.3,-8.699999809265137,323.9167,29519757000000,time,2020-03-04T15:47:32.746000-08:00,37.3394515,-121.8931206,2.5893846,1583365652.746,1583365652.851,4.471713888910082,POINT (-121.8931206 37.3394515),android,5.29456670849354,-8.403813552192803,31.416980343546598
650,12.869,-8.699999809265137,322.84555,29520081541290,time,2020-03-04T15:47:33-08:00,37.3394604,-121.8931309,2.6013687,1583365653.0,1583365653.191,4.471784444451332,POINT (-121.8931309 37.3394604),android,3.15999849901963,-0.4239021628565985,-4.919608711589488
651,12.873,-8.699999809265137,317.18906,29520480000000,time,2020-03-04T15:47:33.469000-08:00,37.3394691,-121.8931436,2.086817,1583365653.469,1583365653.581,4.47191472225719,POINT (-121.8931436 37.3394691),android,2.961188341787837,-2.7311991459127425,7.077733480602915
652,12.657,-8.699999809265137,319.39993,29521096775144,time,2020-03-04T15:47:34-08:00,37.339479,-121.8931563,2.0123823,1583365654.0,1583365654.211,4.47206222222911,POINT (-121.8931563 37.339479),android,1.5109218714036656,1.0270766168030256,-0.84039677563468
653,12.618,-8.699999809265137,327.48062,29521988000000,time,2020-03-04T15:47:34.977000-08:00,37.3394887,-121.8931677,2.3786721,1583365654.977,1583365655.051,4.4723336111174685,POINT (-121.8931677 37.3394887),android,2.5143757240612286,0.2060089686108729,1.7202127060031804
654,12.576,-8.699999809265137,327.76154,29522579000000,time,2020-03-04T15:47:35.568000-08:00,37.3394995,-121.8931776,2.3693805,1583365655.568,1583365655.672,4.472497777806388,POINT (-121.8931776 37.3394995),android,2.6361270410133533,1.2226548156626573,8.092352662699176
655,12.747,-8.799999237060547,329.66278,29523652000000,time,2020-03-04T15:47:36.641000-08:00,37.339521,-121.8931947,2.5226688,1583365656.641,1583365656.741,4.4727958333492275,POINT (-121.8931947 37.339521),android,3.948035602250689,9.905748852300366,-110.24803904334837
656,12.842,-8.799999237060547,329.62057,29524000067851,time,2020-03-04T15:47:37-08:00,37.339532,-121.8932028,2.5544279,1583365657.0,1583365657.105,4.4728955555624434,POINT (-121.8932028 37.339532),android,7.5041991190333395,-29.673293589477105,153.40767850769535
657,12.648,-8.799999237060547,331.22504,29524213000000,time,2020-03-04T15:47:37.202000-08:00,37.3395437,-121.8932116,2.4269502,1583365657.202,1583365657.296,4.472951666646534,POINT (-121.8932116 37.3395437),android,1.510196700422078,1.3150425463791353,-2.370081013701612
658,12.457,-8.799999237060547,329.22162,29525081006966,time,2020-03-04T15:47:38-08:00,37.339553,-121.8932186,2.4014812,1583365658.0,1583365658.148,4.473173333340221,POINT (-121.8932186 37.339553),android,2.5596007803531027,-0.5762823331038611,7.837984884857412
659,12.244,-8.799999237060547,325.41382,29525507000000,time,2020-03-04T15:47:38.495000-08:00,37.3395624,-121.8932267,2.4064384,1583365658.495,1583365658.601,4.473310833308432,POINT (-121.8932267 37.3395624),android,2.2743410914169706,3.303519287914373,-11.644704447797604
660,12.054,-8.799999237060547,322.8638,29526001588632,time,2020-03-04T15:47:39-08:00,37.3395706,-121.8932346,2.4077091,1583365659.0,1583365659.081,4.473451111117999,POINT (-121.8932346 37.3395706),android,3.9426187098715086,-2.5770577908540835,3.235545403422173
661,11.481,-8.799999237060547,326.42303,29527389011183,time,2020-03-04T15:47:40-08:00,37.339599,-121.8932613,2.3390374,1583365660.0,1583365660.519,4.473728888895777,POINT (-121.8932613 37.339599),android,1.365560919017425,0.6584876125680899,-0.9860357291498802
662,10.942,-8.799999237060547,330.75256,29528008768109,time,2020-03-04T15:47:41-08:00,37.3396096,-121.8932691,2.2552598,1583365661.0,1583365661.097,4.474006666673555,POINT (-121.8932691 37.3396096),android,2.024048531585515,-0.3275481165817904,2.1805091171473823
663,9.967,-8.799999237060547,331.54413,29529097642744,time,2020-03-04T15:47:42-08:00,37.3396271,-121.8932754,2.09252,1583365662.0,1583365662.197,4.474284444451332,POINT (-121.8932754 37.3396271),android,1.6965004150037244,1.8529610005655919,-9.843786801649145
664,9.886,-8.799999237060547,330.0306,29529671000000,time,2020-03-04T15:47:42.660000-08:00,37.3396368,-121.8932788,1.9559278,1583365662.66,1583365662.774,4.474467777808507,POINT (-121.8932788 37.3396368),android,2.9194548344179334,-4.643939133421843,12.424665003000818
665,9.795,-8.799999237060547,327.49698,29530118648942,time,2020-03-04T15:47:43-08:00,37.3396452,-121.8932826,1.9359541,1583365663.0,1583365663.208,4.4745622222291095,POINT (-121.8932826 37.3396452),android,1.340515927647,-0.41955409881911654,0.7432647591914741
666,9.4,-8.59999942779541,325.71536,29532099722118,time,2020-03-04T15:47:45-08:00,37.3396682,-121.8932917,1.3414626,1583365665.0,1583365665.183,4.475117777784665,POINT (-121.8932917 37.3396682),android,0.5014077300087669,1.0669754195638317,-1.730676808969581
667,9.152,-8.59999942779541,322.51462,29532716000000,time,2020-03-04T15:47:45.704000-08:00,37.3396709,-121.8932896,1.3479373,1583365665.704,1583365665.828,4.4753133333391615,POINT (-121.8932896 37.3396709),android,1.2525584213115162,-0.15142104734874515,3.5033398552729635
668,8.965,-8.59999942779541,317.36444,29533076619670,time,2020-03-04T15:47:46-08:00,37.3396742,-121.8932902,1.3484613,1583365666.0,1583365666.161,4.475395555562443,POINT (-121.8932902 37.3396742),android,1.2077377907186622,0.885567563176233,-2.15502742553851
669,9.176,-8.59999942779541,315.09503,29534076129305,time,2020-03-04T15:47:47-08:00,37.3396816,-121.8933002,1.5184611,1583365667.0,1583365667.175,4.475673333340221,POINT (-121.8933002 37.3396816),android,2.093305353894895,-1.2694598623622766,2.317881705484062
670,9.108,-8.59999942779541,322.54312,29535348160294,time,2020-03-04T15:47:48-08:00,37.3396959,-121.8933156,1.4530036,1583365668.0,1583365668.438,4.475951111117999,POINT (-121.8933156 37.3396959),android,0.8238454915326184,1.0484218431217855,-1.4450413632713388
671,9.259,-8.59999942779541,334.28198,29536086991596,time,2020-03-04T15:47:49-08:00,37.3397027,-121.8933193,1.4861768,1583365669.0,1583365669.169,4.476228888895776,POINT (-121.8933193 37.3397027),android,1.8722673346544039,-0.39661952014955326,3.2323830496851595
672,9.396,-8.799999237060547,335.30652,29537099405085,time,2020-03-04T15:47:50-08:00,37.3397188,-121.8933255,1.5034858,1583365670.0,1583365670.198,4.476506666673554,POINT (-121.8933255 37.3397188),android,1.4756478145048506,2.8357635295356065,-10.771502888520091
673,9.565,-8.799999237060547,326.49524,29537709000000,time,2020-03-04T15:47:50.698000-08:00,37.3397275,-121.8933295,2.0444105,1583365670.698,1583365670.825,4.476700555549727,POINT (-121.8933295 37.3397275),android,3.4550106283097515,-4.682744993571146,19.107655890718554
674,9.803,-8.799999237060547,325.76422,29538096816439,time,2020-03-04T15:47:51-08:00,37.339736,-121.8933345,2.0743902,1583365671.0,1583365671.174,4.476784444451332,POINT (-121.8933345 37.339736),android,2.040821425892211,1.0877679601049288,-2.7626173436118937
675,10.198,-8.799999237060547,327.75882,29538611000000,time,2020-03-04T15:47:51.600000-08:00,37.3397463,-121.8933394,1.94425,1583365671.6,1583365671.741,4.476951111091508,POINT (-121.8933394 37.3397463),android,2.693482098217532,-0.5698021825984867,5.244352534248654
676,10.236,-8.799999237060547,326.5999,29538999001126,time,2020-03-04T15:47:52-08:00,37.3397551,-121.8933445,1.9238586,1583365672.0,1583365672.084,4.47706222222911,POINT (-121.8933445 37.3397551),android,2.4655611708375664,1.527939331241407,-3.9103923293872698
677,10.246,-8.799999237060547,327.14316,29539552000000,time,2020-03-04T15:47:52.541000-08:00,37.339766,-121.8933508,2.5979412,1583365672.541,1583365672.65,4.477212499976158,POINT (-121.8933508 37.339766),android,3.292176180009014,-0.5875824863651808,6.130472275756142
678,10.288,-8.799999237060547,323.76993,29539998000000,time,2020-03-04T15:47:52.987000-08:00,37.3397777,-121.8933585,2.7264376,1583365672.987,1583365673.084,4.477336388892597,POINT (-121.8933585 37.3397777),android,3.0301143328124613,2.14660875665535,-7.54495670949205
679,10.375,-8.799999237060547,314.79294,29540612000000,time,2020-03-04T15:47:53.601000-08:00,37.3397915,-121.8933704,3.2174528,1583365673.601,1583365673.728,4.477506944470935,POINT (-121.8933704 37.3397915),android,4.348132285455091,-2.485995281779872,8.89139743171038
680,10.474,-8.799999237060547,304.81427,29541074995969,time,2020-03-04T15:47:54-08:00,37.3398021,-121.8933848,3.366718,1583365674.0,1583365674.187,4.4776177777846655,POINT (-121.8933848 37.3398021),android,3.3562203434663314,1.0616716659897645,-8.03164190595216
681,10.421,-8.799999237060547,289.52582,29541638000000,time,2020-03-04T15:47:54.627000-08:00,37.3398135,-121.8934038,3.377038,1583365674.627,1583365674.723,4.477791944477294,POINT (-121.8934038 37.3398135),android,4.021888577265836,-3.9741685596801597,13.491379029603033
682,10.491,-8.799999237060547,276.70535,29542068000000,time,2020-03-04T15:47:55.057000-08:00,37.3398194,-121.8934219,3.3402932,1583365675.057,1583365675.162,4.477911388874054,POINT (-121.8934219 37.3398194),android,2.312996778814614,1.8271221071004435,-4.1690706335653935
683,10.452,-8.799999237060547,282.01593,29542836000000,time,2020-03-04T15:47:55.825000-08:00,37.3398265,-121.8934399,3.3393881,1583365675.825,1583365675.928,4.478124722242355,POINT (-121.8934399 37.3398265),android,3.716226787075039,-1.374724664301276,6.176276228246186
684,10.313,-8.799999237060547,235.7686,29544076316801,time,2020-03-04T15:47:57-08:00,37.3398289,-121.8934892,2.2808254,1583365677.0,1583365677.175,4.478451111117999,POINT (-121.8934892 37.3398289),android,2.10092537207302,5.882399609380192,-43.170598617584155
685,10.249,-8.799999237060547,239.0043,29544829000000,time,2020-03-04T15:47:57.817000-08:00,37.3398151,-121.8934979,2.1852896,1583365677.817,1583365677.938,4.478678055538071,POINT (-121.8934979 37.3398151),android,6.906845336826442,-29.387975673482483,193.54015266415826
686,10.165,-8.799999237060547,238.61934,29545108868415,time,2020-03-04T15:47:58-08:00,37.3398073,-121.8935083,2.171943,1583365678.0,1583365678.217,4.478728888895777,POINT (-121.8935083 37.3398073),android,1.5288432101358471,6.029889244891573,-34.12211534590341
687,10.189,-8.799999237060547,237.72507,29545819000000,time,2020-03-04T15:47:58.807000-08:00,37.3398027,-121.893521,2.4411137,1583365678.807,1583365678.912,4.47895305554072,POINT (-121.893521 37.3398027),android,6.394963359218205,-21.506655170858902,119.49248582335767
688,10.211,-8.799999237060547,235.1116,29546106326488,time,2020-03-04T15:47:59-08:00,37.3397976,-121.8935334,2.4865742,1583365679.0,1583365679.207,4.479006666673555,POINT (-121.8935334 37.3397976),android,2.244177229394175,1.5554039375161344,-2.9467592268977314
689,10.361,-8.799999237060547,238.06126,29546633000000,time,2020-03-04T15:47:59.622000-08:00,37.3397915,-121.8935472,2.8000104,1583365679.622,1583365679.731,4.479179444445504,POINT (-121.8935472 37.3397915),android,3.211638445895537,-0.2774802397887854,3.701884613555375
690,11.091,-9.0,242.22884,29548097450289,time,2020-03-04T15:48:01-08:00,37.3397739,-121.8935921,2.9704475,1583365681.0,1583365681.214,4.47956222222911,POINT (-121.8935921 37.3397739),android,2.8292706696448238,4.823716835359152,-26.86657990955614
691,11.361,-9.0,242.61398,29548717000000,time,2020-03-04T15:48:01.706000-08:00,37.3397667,-121.8936128,3.2168283,1583365681.706,1583365681.817,4.4797583333651225,POINT (-121.8936128 37.3397667),android,6.234815187832341,-14.144090989252401,76.2024845618559
692,11.721,-9.0,243.20288,29549000916383,time,2020-03-04T15:48:02-08:00,37.3397601,-121.8936318,3.2715352,1583365682.0,1583365682.101,4.479840000006888,POINT (-121.8936318 37.3397601),android,2.076453704944628,8.259432640732108,-36.67677013297944
693,12.125,-9.0,243.65096,29549795000000,time,2020-03-04T15:48:02.784000-08:00,37.3397536,-121.8936483,3.0927396,1583365682.784,1583365682.877,4.480057777762413,POINT (-121.8936483 37.3397536),android,8.551848233626663,-20.495152205397506,83.43258563000401
694,12.61,-9.0,237.25096,29549999198986,time,2020-03-04T15:48:03-08:00,37.3397449,-121.8936661,3.0491126,1583365683.0,1583365683.097,4.480117777784665,POINT (-121.8936661 37.3397449),android,4.124893715421979,-2.4737070256454547,3.8478054430560267
695,13.417,-9.0,236.9516,29551288844090,time,2020-03-04T15:48:04-08:00,37.3397223,-121.8937031,3.2676048,1583365684.0,1583365684.387,4.480395555562443,POINT (-121.8937031 37.3397223),android,1.6511866897765237,1.3740984174105721,1.35376677875985
696,13.69,-9.0,234.03766,29551931000000,time,2020-03-04T15:48:04.920000-08:00,37.3397126,-121.8937152,3.3937008,1583365684.92,1583365685.03,4.480651111139191,POINT (-121.8937152 37.3397126),android,2.9153573386296396,2.6195639571538427,-7.295114450871861
697,14.278,-9.0,241.30759,29552591000000,time,2020-03-04T15:48:05.580000-08:00,37.3397021,-121.8937325,3.6455958,1583365685.58,1583365685.677,4.48083444443014,POINT (-121.8937325 37.3397021),android,4.644269150637437,-2.19521046727546,7.360321045354528
698,14.345,-9.0,248.09013,29553005987110,time,2020-03-04T15:48:06-08:00,37.3396942,-121.8937522,3.6985476,1583365686.0,1583365686.118,4.4809511111179985,POINT (-121.8937522 37.3396942),android,3.7222805869004767,0.8961249333213731,4.529886880827075
699,14.854,-9.0,244.5862,29553576000000,time,2020-03-04T15:48:06.564000-08:00,37.3396869,-121.8937741,3.4360454,1583365686.564,1583365686.674,4.481107777754466,POINT (-121.8937741 37.3396869),android,4.227694951868039,3.450980641623651,-15.520356024669638
700,15.283,-9.0,243.91174,29554077961849,time,2020-03-04T15:48:07-08:00,37.3396799,-121.893793,3.3904755,1583365687.0,1583365687.188,4.481228888895776,POINT (-121.893793 37.3396799),android,5.732322886802674,-3.3158962724879126,4.890495414231506
701,15.355,-9.0,234.66187,29555286212109,time,2020-03-04T15:48:08-08:00,37.3396575,-121.8938514,2.9534118,1583365688.0,1583365688.407,4.481506666673554,POINT (-121.8938514 37.3396575),android,2.4164266143147612,1.5745991417435934,0.3038973775978391
702,15.259,-9.0,230.93584,29556106874401,time,2020-03-04T15:48:09-08:00,37.3396471,-121.8938754,3.3997662,1583365689.0,1583365689.199,4.481784444451332,POINT (-121.8938754 37.3396471),android,3.9910257560583546,1.8784965193414325,-5.093698892259471
703,15.492,-9.0,233.25629,29556593000000,time,2020-03-04T15:48:09.582000-08:00,37.3396331,-121.8938949,3.502483,1583365689.582,1583365689.688,4.481946111122767,POINT (-121.8938949 37.3396331),android,5.084310762561598,-1.0860363233927162,0.5758846519865335
704,15.737,-9.0,233.77728,29557003816640,time,2020-03-04T15:48:10-08:00,37.3396208,-121.8939133,3.52141,1583365690.0,1583365690.082,4.48206222222911,POINT (-121.8939133 37.3396208),android,4.630347598026492,-0.8453165487480604,2.647232648411687
705,16.185,-9.0,231.31238,29557914000000,time,2020-03-04T15:48:10.903000-08:00,37.3395982,-121.8939511,3.7614412,1583365690.903,1583365691.013,4.482313055594762,POINT (-121.8939511 37.3395982),android,3.867026656155878,1.5451348407686225,-2.3998498397055674
706,16.217,-9.0,233.33952,29559001626743,time,2020-03-04T15:48:12-08:00,37.3395742,-121.8939884,3.741677,1583365692.0,1583365692.107,4.482617777784665,POINT (-121.8939884 37.3395742),android,5.562039396705297,-1.0875001541700158,0.14211031999465773
707,16.217,-5.5,245.80757,29560075140441,time,2020-03-04T15:48:13-08:00,37.3395562,-121.8940471,3.800609,1583365693.0,1583365693.195,4.482895555562443,POINT (-121.8940471 37.3395562),android,4.474539242535281,-0.945389834175358,2.694446065323714
708,16.348,-5.5,232.16951,29560515000000,time,2020-03-04T15:48:13.504000-08:00,37.3395458,-121.894069,3.5588083,1583365693.504,1583365693.604,4.483035555548138,POINT (-121.894069 37.3395458),android,3.9980628147969766,0.4126108439880975,-0.6313236898895841
709,16.347,-5.5,233.74472,29561084913045,time,2020-03-04T15:48:14-08:00,37.3395356,-121.8940874,3.543625,1583365694.0,1583365694.19,4.483173333340221,POINT (-121.8940874 37.3395356),android,4.202717814663877,0.09947426129069559,4.532985706739414
710,16.279,-5.5,235.35999,29562077675284,time,2020-03-04T15:48:15-08:00,37.3395153,-121.8941275,3.6648185,1583365695.0,1583365695.154,4.483451111117999,POINT (-121.8941275 37.3395153),android,4.302192075954572,4.632459968030109,-25.84963196374986
711,16.08,-5.5,241.84927,29562676000000,time,2020-03-04T15:48:15.665000-08:00,37.3395049,-121.8941571,4.2533455,1583365695.665,1583365695.759,4.4836358333296245,POINT (-121.8941571 37.3395049),android,7.382777777980271,-12.557544301778345,66.3529176290651
712,15.576,-5.5,238.50659,29562998749294,time,2020-03-04T15:48:16-08:00,37.3394963,-121.8941829,4.3598685,1583365696.0,1583365696.092,4.483728888895777,POINT (-121.8941829 37.3394963),android,3.175999957852227,9.670685635121401,-66.01031490087767
713,15.537,-5.5,238.10077,29563835000000,time,2020-03-04T15:48:16.824000-08:00,37.3394872,-121.8942102,3.7285898,1583365696.824,1583365696.934,4.483957777751817,POINT (-121.8942102 37.3394872),android,11.144643777579383,-44.721806037111406,250.95477957856127
714,15.279,-5.5,238.544,29564007691012,time,2020-03-04T15:48:17-08:00,37.3394794,-121.8942301,3.5703802,1583365697.0,1583365697.091,4.4840066666735545,POINT (-121.8942301 37.3394794),android,3.273600626443088,-0.5537351544727684,3.6078059982833293
715,15.192,-5.5,237.84389,29565075993981,time,2020-03-04T15:48:18-08:00,37.3394672,-121.8942638,3.4683497,1583365698.0,1583365698.156,4.484284444451332,POINT (-121.8942638 37.3394672),android,2.7198654719703197,3.054070843810561,-11.364018427769217
716,15.439,-5.5,237.30865,29565662000000,time,2020-03-04T15:48:18.651000-08:00,37.3394596,-121.8942814,3.4525518,1583365698.651,1583365698.77,4.484465277791023,POINT (-121.8942814 37.3394596),android,4.708065661193129,-4.34390541276894,14.135855837291178
717,15.767,-5.5,239.94475,29566087670386,time,2020-03-04T15:48:19-08:00,37.3394525,-121.8942977,3.4561737,1583365699.0,1583365699.229,4.48456222222911,POINT (-121.8942977 37.3394525),android,3.1920427715608737,0.5895079509016169,-0.1977860979957572
718,15.886,-5.5,232.91821,29566614000000,time,2020-03-04T15:48:19.602000-08:00,37.3394433,-121.8943161,3.3445282,1583365699.602,1583365699.738,4.484729444450802,POINT (-121.8943161 37.3394433),android,3.54692655687925,0.4704407202854181,-4.768796413124844
719,16.123,-5.5,231.98764,29567097000000,time,2020-03-04T15:48:20.086000-08:00,37.339434,-121.8943316,3.3283513,1583365700.086,1583365700.178,4.48486388888624,POINT (-121.8943316 37.339434),android,3.7746198502433863,-1.8376565890391319,8.073010452275467
720,16.31,-5.5,239.75636,29567551000000,time,2020-03-04T15:48:20.539000-08:00,37.3394241,-121.8943464,3.4392338,1583365700.539,1583365700.641,4.484989722238646,POINT (-121.8943464 37.3394241),android,2.9421612892267954,1.8194177001712903,-3.839326010083619
721,16.583,-5.5,243.13046,29568088000000,time,2020-03-04T15:48:21.076000-08:00,37.3394165,-121.8943615,3.453175,1583365701.076,1583365701.168,4.485138888888889,POINT (-121.8943615 37.3394165),android,3.9191884866405986,-0.24230014023268337,0.20202076681245662
722,16.484,-5.5,243.54335,29568536000000,time,2020-03-04T15:48:21.525000-08:00,37.3394084,-121.8943786,3.6414378,1583365701.525,1583365701.638,4.4852636111444895,POINT (-121.8943786 37.3394084),android,3.8103956945606208,-0.15159279165847625,-0.4767609112470045
723,16.46,-5.5,241.94206,29569099015802,time,2020-03-04T15:48:22-08:00,37.3394005,-121.8943965,3.6817086,1583365702.0,1583365702.201,4.485395555562444,POINT (-121.8943965 37.3394005),android,3.7383891329798598,-0.37805417903333977,0.2627919240153693
724,16.319,-5.5,229.73196,29570016000000,time,2020-03-04T15:48:23.005000-08:00,37.3393836,-121.8944333,3.4871404,1583365703.005,1583365703.11,4.485674722260899,POINT (-121.8944333 37.3393836),android,3.358444639786486,-0.11394826532374457,0.7317911777135656
725,16.138,-5.5,234.42581,29571088059551,time,2020-03-04T15:48:24-08:00,37.3393635,-121.8944614,3.415942,1583365704.0,1583365704.193,4.485951111117998,POINT (-121.8944614 37.3393635),android,3.2450661288297042,0.6141838727543991,-2.7294794329940637
726,16.492,-8.399999618530273,229.44426,29572534000000,time,2020-03-04T15:48:25.523000-08:00,37.3393332,-121.8945023,3.040001,1583365705.523,1583365705.617,4.486374166674084,POINT (-121.8945023 37.3393332),android,4.180468168206117,-3.542813308901629,14.402533065298275
727,16.694,-8.399999618530273,228.26071,29572956000000,time,2020-03-04T15:48:25.945000-08:00,37.3393223,-121.8945168,2.977407,1583365705.945,1583365706.062,4.486491388877233,POINT (-121.8945168 37.3393223),android,2.685401195115314,2.5350546557107796,-15.857725739121904
728,16.785,-8.399999618530273,228.71674,29573670000000,time,2020-03-04T15:48:26.659000-08:00,37.33931,-121.894532,3.0356407,1583365706.659,1583365706.77,4.486689722206857,POINT (-121.894532 37.33931),android,4.495430185446179,-8.78736131029878,34.18296120362481
729,16.813,-8.399999618530273,230.43155,29574076726321,time,2020-03-04T15:48:27-08:00,37.3393007,-121.8945448,3.0476902,1583365707.0,1583365707.174,4.486784444451332,POINT (-121.8945448 37.3393007),android,1.4989392746907089,2.869031198487902,-5.067016625424452
730,16.571,-8.399999618530273,232.45966,29575010000000,time,2020-03-04T15:48:27.999000-08:00,37.3392917,-121.8945574,3.1655061,1583365707.999,1583365708.111,4.487061944471465,POINT (-121.8945574 37.3392917),android,4.3651016499253465,-2.1929187775646812,3.9736151754322644
731,16.766,-8.399999618530273,237.55743,29575752000000,time,2020-03-04T15:48:28.741000-08:00,37.3392739,-121.8945864,3.080004,1583365708.741,1583365708.855,4.487268055544959,POINT (-121.8945864 37.3392739),android,2.737956213941258,0.7555031444921263,-0.40367728948010734
732,16.746,-8.399999618530273,245.23528,29577086195226,time,2020-03-04T15:48:30-08:00,37.3392604,-121.8946215,3.159533,1583365710.0,1583365710.181,4.487617777784665,POINT (-121.8946215 37.3392604),android,3.6891347204101055,0.24727341162821137,3.1986268342059954
733,16.646,-8.399999618530273,239.712,29577546000000,time,2020-03-04T15:48:30.535000-08:00,37.3392522,-121.8946413,3.064013,1583365710.535,1583365710.63,4.487766388919618,POINT (-121.8946413 37.3392522),android,3.8214260168548457,1.9585390424687623,-10.488952799359167
734,16.688,-8.399999618530273,238.50038,29578087806215,time,2020-03-04T15:48:31-08:00,37.3392442,-121.8946587,3.0527718,1583365711.0,1583365711.179,4.487895555562443,POINT (-121.8946587 37.3392442),android,4.732146503500066,-2.9188231089592103,2.003040586070461
735,16.694,-8.399999618530273,243.66911,29578682000000,time,2020-03-04T15:48:31.671000-08:00,37.3392335,-121.894692,2.1600559,1583365711.671,1583365711.793,4.488081944452392,POINT (-121.894692 37.3392335),android,2.773616186254009,-1.5747828680649376,1.4446757110394706
736,17.518,-8.399999618530273,243.93619,29580361691422,time,2020-03-04T15:48:33-08:00,37.3392263,-121.8947327,1.8486923,1583365713.0,1583365713.467,4.488451111117999,POINT (-121.8947327 37.3392263),android,0.680729760603027,0.3451911463955183,-0.9226556637416556
737,17.18,-8.399999618530273,234.89977,29581086337620,time,2020-03-04T15:48:34-08:00,37.3392263,-121.8947404,1.492139,1583365714.0,1583365714.209,4.488728888895777,POINT (-121.8947404 37.3392263),android,1.0259209069985453,-0.5774645173461374,0.4058868382949742
738,16.403,-8.59999942779541,234.42262,29582083130067,time,2020-03-04T15:48:35-08:00,37.3392242,-121.8947517,1.4641864,1583365715.0,1583365715.176,4.489006666673554,POINT (-121.8947517 37.3392242),android,0.44845638965240797,-0.17157767905116317,0.1591231230396305
739,15.183,-8.59999942779541,256.63626,29583087027983,time,2020-03-04T15:48:36-08:00,37.3392259,-121.8947563,0.035696756,1583365716.0,1583365716.206,4.489284444451332,POINT (-121.8947563 37.3392259),android,0.2768787106012448,-0.01245455601153267,-0.013718186764661872
740,13.816,-8.59999942779541,266.91922,29584084777202,time,2020-03-04T15:48:37-08:00,37.3392282,-121.8947551,0.0015839265,1583365717.0,1583365717.166,4.48956222222911,POINT (-121.8947551 37.3392282),android,0.26442415458971213,-0.02617274277619454,1.5196371258854289
741,13.528,-8.59999942779541,80.81545,29585013000000,time,2020-03-04T15:48:38.002000-08:00,37.3392299,-121.894753,0.0003020386,1583365718.002,1583365718.088,4.489840555588405,POINT (-121.894753 37.3392299),android,0.2381990638818585,1.496503799386417,-2.253735398579765
742,12.428,-8.59999942779541,245.78604,29585560000000,time,2020-03-04T15:48:38.548000-08:00,37.339231,-121.8947525,0.36900428,1583365718.548,1583365718.642,4.489992222256131,POINT (-121.8947525 37.339231),android,1.055290144055551,0.26596426316454713,-0.754499462773458
743,11.233,-8.59999942779541,250.90257,29586094192930,time,2020-03-04T15:48:39-08:00,37.3392296,-121.8947576,0.41600484,1583365719.0,1583365719.161,4.490117777784666,POINT (-121.8947576 37.3392296),android,1.1755059651343112,-0.0750694206152864,-1.6928606328827784
744,11.009,-8.59999942779541,251.22383,29586532000000,time,2020-03-04T15:48:39.521000-08:00,37.3392282,-121.8947643,0.42238683,1583365719.521,1583365719.624,4.490262499981457,POINT (-121.8947643 37.3392282),android,1.1363948038665577,-0.9570496553611941,0.7994101083609136
745,10.673,-8.59999942779541,251.96634,29587102680378,time,2020-03-04T15:48:40-08:00,37.3392268,-121.8947702,0.49306288,1583365720.0,1583365720.199,4.4903955555624435,POINT (-121.8947702 37.3392268),android,0.6779679313280328,-0.5741321402681352,0.6003530398165369
746,10.535,-8.59999942779541,253.48453,29588108010846,time,2020-03-04T15:48:41-08:00,37.3392252,-121.8947776,0.571571,1583365721.0,1583365721.195,4.490673333340221,POINT (-121.8947776 37.3392252),android,0.1038357910598976,0.026220899548401733,-0.11852290587546996
747,10.314,-8.59999942779541,263.44055,29589073422252,time,2020-03-04T15:48:42-08:00,37.3392258,-121.8947785,0.010413071,1583365722.0,1583365722.181,4.490951111117999,POINT (-121.8947785 37.3392258),android,0.13005669060829933,-0.09230200632706823,0.2612637024989911
748,9.991,-8.59999942779541,282.36386,29590077619595,time,2020-03-04T15:48:43-08:00,37.3392269,-121.894778,0.00036566632,1583365723.0,1583365723.164,4.491228888895776,POINT (-121.894778 37.3392269),android,0.0377546842812311,0.16896169617192291,0.006833437330005798
749,9.555,-8.59999942779541,26.847818,29591084522980,time,2020-03-04T15:48:44-08:00,37.3392272,-121.8947778,2.3960392e-05,1583365724.0,1583365724.19,4.491506666673554,POINT (-121.8947778 37.3392272),android,0.20671638045315402,0.1757951335019287,0.04062581909382639
750,9.474,-8.59999942779541,282.86768,29592052000000,time,2020-03-04T15:48:45.040000-08:00,37.3392285,-121.8947796,0.004840183,1583365725.04,1583365725.153,4.491795555551847,POINT (-121.8947796 37.3392285),android,0.38954331258910774,0.21804598380975615,-0.5068098273616247
751,9.348,-8.59999942779541,265.70474,29593390809333,time,2020-03-04T15:48:46-08:00,37.3392289,-121.8947838,0.120668866,1583365726.0,1583365726.486,4.49206222222911,POINT (-121.8947838 37.3392289),android,0.5988674653642678,-0.26849146979066424,0.427024292762328
752,9.296,-8.59999942779541,241.78575,29595077513655,time,2020-03-04T15:48:48-08:00,37.3392239,-121.8947958,0.39755782,1583365728.0,1583365728.175,4.492617777784665,POINT (-121.8947958 37.3392239),android,0.0618845257829393,0.5855571157339917,-1.0776432693315732
753,9.387,-8.59999942779541,238.651,29596079220895,time,2020-03-04T15:48:49-08:00,37.3392239,-121.8947951,0.18503073,1583365729.0,1583365729.192,4.492895555562443,POINT (-121.8947951 37.3392239),android,0.6474416415169311,-0.49208615359758145,0.4738091507471599
754,9.327,-8.5,88.37735,29597080118550,time,2020-03-04T15:48:50-08:00,37.339228,-121.8947899,0.00837005,1583365730.0,1583365730.173,4.493173333340221,POINT (-121.8947899 37.339228),android,0.1553554879193496,-0.018277002850421525,0.17288124101091384
755,9.489,-8.5,58.762215,29598080860633,time,2020-03-04T15:48:51-08:00,37.3392292,-121.894789,0.02141204,1583365731.0,1583365731.18,4.493451111117999,POINT (-121.894789 37.3392292),android,0.13707848506892809,0.15460423816049232,-0.37598417510184656
756,9.545,-8.5,35.023857,29599078019800,time,2020-03-04T15:48:52-08:00,37.3392303,-121.8947883,0.05846001,1583365732.0,1583365732.173,4.4937288888957765,POINT (-121.8947883 37.3392303),android,0.2916827232294204,-0.22137993694135427,0.55953794079758
757,9.473,-8.5,56.44473,29600081608133,time,2020-03-04T15:48:53-08:00,37.3392321,-121.8947859,0.0068338923,1583365733.0,1583365733.152,4.494006666673554,POINT (-121.8947859 37.3392321),android,0.07030278628806615,0.3381580038562258,-0.6130868004431225
758,9.394,-8.5,69.28464,29601106835789,time,2020-03-04T15:48:54-08:00,37.3392324,-121.8947852,0.00075260235,1583365734.0,1583365734.191,4.494284444451332,POINT (-121.8947852 37.3392324),android,0.40846079014429193,-0.27492879658689673,0.3089191725982593
759,9.302,-8.59999942779541,63.145214,29602100181726,time,2020-03-04T15:48:55-08:00,37.3392346,-121.8947815,0.004661261,1583365735.0,1583365735.196,4.49456222222911,POINT (-121.8947815 37.3392346),android,0.13353199355739523,0.03399037601136254,-0.10217954635957341
760,9.318,-8.59999942779541,48.210106,29603080603757,time,2020-03-04T15:48:56-08:00,37.3392355,-121.8947805,0.019354656,1583365736.0,1583365736.166,4.494840000006888,POINT (-121.8947805 37.3392355),android,0.16752236956875777,-0.06818917034821087,0.011472881867076151
761,9.265,-8.59999942779541,38.08285,29604078026725,time,2020-03-04T15:48:57-08:00,37.3392369,-121.8947798,0.0028476953,1583365737.0,1583365737.169,4.495117777784666,POINT (-121.8947798 37.3392369),android,0.0993331992205469,-0.05671628848113472,0.25081519528429275
762,9.352,-8.59999942779541,38.010674,29605270945943,time,2020-03-04T15:48:58-08:00,37.3392377,-121.8947793,0.00044647686,1583365738.0,1583365738.337,4.495395555562443,POINT (-121.8947793 37.3392377),android,0.04261691073941218,0.19409890680315806,1.6066405576497933
763,9.474,-8.59999942779541,42.75001,29606077768755,time,2020-03-04T15:48:59-08:00,37.339238,-121.894779,0.0001047206,1583365739.0,1583365739.153,4.495673333340221,POINT (-121.894779 37.339238),android,0.23671581754257023,1.8007394644529513,-2.9084303225108363
764,9.873,-8.59999942779541,306.3244,29607012571047,time,2020-03-04T15:49:00-08:00,37.3392395,-121.8947809,0.003840674,1583365740.0,1583365740.126,4.495951111117999,POINT (-121.8947809 37.3392395),android,2.0374552819955216,-1.107690858057885,0.468489609739386
765,8.979,-8.59999942779541,23.377972,29608100532817,time,2020-03-04T15:49:01-08:00,37.3392563,-121.8947717,0.29073894,1583365741.0,1583365741.199,4.496228888895777,POINT (-121.8947717 37.3392563),android,0.9297644239376367,-0.639201248318499,0.42043336972687384
766,8.082,-8.59999942779541,23.255213,29609260171463,time,2020-03-04T15:49:02-08:00,37.339264,-121.8947676,0.5998988,1583365742.0,1583365742.339,4.496506666673555,POINT (-121.8947676 37.339264),android,0.2905631756191377,-0.2187678785916252,0.19875773685443793
767,7.124,-8.59999942779541,23.218283,29610091571150,time,2020-03-04T15:49:03-08:00,37.3392664,-121.8947663,0.4860199,1583365743.0,1583365743.197,4.4967844444513325,POINT (-121.8947663 37.3392664),android,0.0717952970275125,-0.020010141737187265,-0.010887914752792275
768,6.074,-8.59999942779541,22.560265,29611097754170,time,2020-03-04T15:49:04-08:00,37.339267,-121.894766,0.27281567,1583365744.0,1583365744.193,4.4970622222291095,POINT (-121.894766 37.339267),android,0.051785155290325235,-0.03089805648997954,0.04462287682397687
769,4.166,-8.5,20.492146,29612098551253,time,2020-03-04T15:49:05-08:00,37.3392666,-121.8947663,0.12027078,1583365745.0,1583365745.19,4.497340000006887,POINT (-121.8947663 37.3392666),android,0.020887098800345696,0.013724820333997332,0.415855596871246
770,4.428,-8.5,13.224629,29613080266982,time,2020-03-04T15:49:06-08:00,37.3392665,-121.8947665,0.049639218,1583365746.0,1583365746.159,4.497617777784665,POINT (-121.8947665 37.3392665),android,0.03461191913434303,0.42958041720524337,0.30822433195627047
771,4.714,-8.5,339.33743,29614078959586,time,2020-03-04T15:49:07-08:00,37.3392663,-121.8947668,0.015665682,1583365747.0,1583365747.181,4.497895555562443,POINT (-121.8947668 37.3392663),android,0.4641923363395864,0.7378047491615138,-0.07561016265173048
772,5.125,-8.5,86.73579,29615081707971,time,2020-03-04T15:49:08-08:00,37.3392648,-121.8947717,0.63309854,1583365748.0,1583365748.21,4.498173333340221,POINT (-121.8947717 37.3392648),android,1.2019970855011002,0.6621945865097834,-0.8434894927205201
773,5.444,-8.5,86.893295,29616088004324,time,2020-03-04T15:49:09-08:00,37.3392563,-121.8947801,0.96072966,1583365749.0,1583365749.195,4.498451111117999,POINT (-121.8947801 37.3392563),android,1.8641916720108835,-0.18129490621073674,1.8548574148529238
774,5.777,-8.59999942779541,86.987,29617098376147,time,2020-03-04T15:49:10-08:00,37.3392431,-121.8947931,1.3732915,1583365750.0,1583365750.173,4.498728888895776,POINT (-121.8947931 37.3392431),android,1.6828967658001468,1.673562508642187,-3.1168022777171616
775,5.75,-8.59999942779541,226.32948,29618103373542,time,2020-03-04T15:49:11-08:00,37.3392311,-121.8948047,1.3983102,1583365751.0,1583365751.202,4.499006666673554,POINT (-121.8948047 37.3392311),android,3.356459274442334,-1.4432397690749745,1.4820059101060605
776,5.5,-8.59999942779541,232.45805,29619097214636,time,2020-03-04T15:49:12-08:00,37.3392126,-121.8948347,1.8083161,1583365752.0,1583365752.186,4.499284444451332,POINT (-121.8948347 37.3392126),android,1.9132195053673593,0.038766141031086,-1.6350411253553456
777,5.142,-8.59999942779541,233.91412,29620101953021,time,2020-03-04T15:49:13-08:00,37.3392027,-121.8948524,1.5346198,1583365753.0,1583365753.201,4.49956222222911,POINT (-121.8948524 37.3392027),android,1.9519856463984453,-1.5962749843242596,4.298316424490357
778,4.888,-8.59999942779541,233.14383,29621077552916,time,2020-03-04T15:49:14-08:00,37.3391921,-121.89487,1.439423,1583365754.0,1583365754.2,4.499840000006888,POINT (-121.89487 37.3391921),android,0.35571066207418567,2.7020414401660973,-5.288252830070864
779,5.069,-8.59999942779541,230.29018,29621421000000,time,2020-03-04T15:49:14.410000-08:00,37.3391912,-121.8948712,1.4274689,1583365754.41,1583365754.525,4.4999538889196184,POINT (-121.8948712 37.3391912),android,1.4635478844603627,0.5338573259426617,-0.2244721341874156
780,6.691,-8.5,228.99362,29623092000000,time,2020-03-04T15:49:16.081000-08:00,37.3391756,-121.8948907,1.8927336,1583365756.081,1583365756.171,4.500418055587344,POINT (-121.8948907 37.3391756),android,2.3556234781470544,0.15876438885919694,-0.7933229729855438
781,8.28,-8.5,227.63776,29623672000000,time,2020-03-04T15:49:16.661000-08:00,37.3391663,-121.8949008,2.2504385,1583365756.661,1583365756.77,4.500579166677263,POINT (-121.8949008 37.3391663),android,2.447706811572627,-0.30136287494667896,3.868607344511549
782,9.354,-8.5,223.53673,29624372000000,time,2020-03-04T15:49:17.361000-08:00,37.3391542,-121.8949128,2.2614207,1583365757.361,1583365757.463,4.500773611134953,POINT (-121.8949128 37.3391542),android,2.23675278473985,2.4066624506809786,-3.8687971223061535
783,9.646,-8.5,225.55171,29625079404529,time,2020-03-04T15:49:18-08:00,37.3391441,-121.8949228,2.2582738,1583365758.0,1583365758.164,4.500951111117999,POINT (-121.8949228 37.3391441),android,3.7746099438339766,-0.06549867434001674,-1.9725154473024136
784,11.225,-8.5,213.54344,29625969000000,time,2020-03-04T15:49:18.958000-08:00,37.3391183,-121.8949477,2.956039,1583365758.958,1583365759.078,4.501217222213745,POINT (-121.8949477 37.3391183),android,3.711862217439176,-1.9551683637497643,5.445999041164614
785,11.912,-8.5,225.8796,29626471000000,time,2020-03-04T15:49:19.460000-08:00,37.3391053,-121.894961,2.9606738,1583365759.46,1583365759.556,4.501356666684151,POINT (-121.894961 37.3391053),android,2.730367516106597,0.7787236638983946,-0.6663087742675351
786,12.171,-8.5,232.05263,29627112356977,time,2020-03-04T15:49:20-08:00,37.3390968,-121.8949738,2.9699953,1583365760.0,1583365760.219,4.501506666673555,POINT (-121.8949738 37.3390968),android,3.1508782649057796,0.4189169512115883,-0.995286865627178
787,12.655,-8.5,228.56508,29627936000000,time,2020-03-04T15:49:20.925000-08:00,37.3390799,-121.894999,2.9695287,1583365760.925,1583365761.033,4.501763611104753,POINT (-121.894999 37.3390799),android,3.538376424800982,-0.5017233520345753,1.2569908580418359
788,12.278,-8.5,237.38748,29628790000000,time,2020-03-04T15:49:21.778000-08:00,37.3390646,-121.8950272,3.0929503,1583365761.778,1583365761.875,4.502000555594762,POINT (-121.8950272 37.3390646),android,3.110406323216813,0.5704900560618131,5.404126143135156
789,12.151,-8.5,235.73155,29629390000000,time,2020-03-04T15:49:22.379000-08:00,37.3390587,-121.895047,3.1678636,1583365762.379,1583365762.494,4.5021674999925825,POINT (-121.895047 37.3390587),android,3.453270751155101,3.818368961021412,-12.990094677547185
790,12.172,-8.5,231.27534,29629871000000,time,2020-03-04T15:49:22.860000-08:00,37.339051,-121.8950631,3.1823094,1583365762.86,1583365762.964,4.502301111088859,POINT (-121.8950631 37.339051),android,5.2899060174834975,-2.4298658851328825,3.2355266068733113
791,11.807,-8.5,239.73701,29631365714943,time,2020-03-04T15:49:24-08:00,37.3390252,-121.8951231,3.4564922,1583365764.0,1583365764.441,4.502617777784665,POINT (-121.8951231 37.3390252),android,2.519858653528936,1.2586347861229412,-1.4296537161444132
792,11.446,-8.5,249.4305,29632003613276,time,2020-03-04T15:49:25-08:00,37.3390225,-121.8951514,3.4590735,1583365765.0,1583365765.077,4.502895555562443,POINT (-121.8951514 37.3390225),android,3.7784934396518772,-0.1710189300214719,-1.6730319142484107
793,11.173,-8.5,241.01009,29632990000000,time,2020-03-04T15:49:25.979000-08:00,37.339013,-121.8951915,3.493536,1583365765.979,1583365766.131,4.503167500032319,POINT (-121.8951915 37.339013),android,3.6110658915036056,-1.8089173272413124,4.941735072379331
794,11.187,-8.5,233.9433,29634099877859,time,2020-03-04T15:49:27-08:00,37.3389956,-121.895227,3.5579247,1583365767.0,1583365767.219,4.5034511111179985,POINT (-121.895227 37.3389956),android,1.7641614660015532,3.236593729228627,-5.167643199537892
795,10.907,-8.5,234.59555,29634998279264,time,2020-03-04T15:49:28-08:00,37.3389847,-121.8952415,3.555041,1583365768.0,1583365768.063,4.503728888895776,POINT (-121.8952415 37.3389847),android,5.00075519523018,-1.9310494703092655,2.8867394931023345
796,10.806,-7.799999713897705,234.95886,29636077306035,time,2020-03-04T15:49:29-08:00,37.3389544,-121.8952833,3.5614455,1583365769.0,1583365769.179,4.504006666673554,POINT (-121.8952833 37.3389544),android,3.0697057249209148,0.9556900227930689,-2.7508068961248977
797,10.879,-7.799999713897705,238.25296,29637084597962,time,2020-03-04T15:49:30-08:00,37.3389405,-121.8953133,3.3672447,1583365770.0,1583365770.199,4.504284444451332,POINT (-121.8953133 37.3389405),android,4.025395747713984,-1.7951168733318286,4.348023885440312
798,10.911,-7.799999713897705,238.6913,29637758000000,time,2020-03-04T15:49:30.747000-08:00,37.3389265,-121.8953424,3.3814425,1583365770.747,1583365770.867,4.504491944445504,POINT (-121.8953424 37.3389265),android,2.6844434809981585,1.452856877866913,-2.99525265338269
799,10.847,-7.799999713897705,237.76776,29638958000000,time,2020-03-04T15:49:31.946000-08:00,37.3389101,-121.8953724,3.4474168,1583365771.946,1583365772.061,4.5048250000344385,POINT (-121.8953724 37.3389101),android,4.426419052140176,-2.1384514134573687,5.075970903395688
800,10.874,-7.799999713897705,239.12442,29639778000000,time,2020-03-04T15:49:32.767000-08:00,37.3388915,-121.8954062,3.1947494,1583365772.767,1583365772.883,4.505053055551317,POINT (-121.8954062 37.3388915),android,2.67075073944206,2.028919991470321,-6.0939577903727535
801,10.456,-7.799999713897705,233.36687,29640589000000,time,2020-03-04T15:49:33.578000-08:00,37.3388794,-121.8954254,3.2396097,1583365773.578,1583365773.692,4.5052783333592945,POINT (-121.8954254 37.3388794),android,4.316205073106383,-2.9132804390501987,5.977553727120849
802,10.419,-7.799999713897705,229.99257,29641147682387,time,2020-03-04T15:49:34-08:00,37.3388687,-121.895441,3.2594397,1583365774.0,1583365774.26,4.505395555562443,POINT (-121.895441 37.3388687),android,3.086800927866292,-0.39075317665124176,0.09376941083293389
803,10.438,-7.799999713897705,233.92638,29642074892856,time,2020-03-04T15:49:35-08:00,37.3388518,-121.8954687,3.003313,1583365775.0,1583365775.184,4.505673333340221,POINT (-121.8954687 37.3388518),android,2.6960477512150502,-0.2969837658183079,-0.023375321062497623
804,10.315,-7.799999713897705,235.15604,29643104611813,time,2020-03-04T15:49:36-08:00,37.338839,-121.8954946,2.7739837,1583365776.0,1583365776.245,4.505951111117999,POINT (-121.8954946 37.338839),android,2.3990639853967424,-0.3203590868808055,-0.02635326837793306
805,10.373,-7.799999713897705,232.43356,29644098221448,time,2020-03-04T15:49:37-08:00,37.3388273,-121.8955174,2.2557955,1583365777.0,1583365777.205,4.506228888895777,POINT (-121.8955174 37.3388273),android,2.078704898515937,-0.34671235525873856,0.8965540328639388
806,10.267,-7.799999713897705,223.07936,29645076232021,time,2020-03-04T15:49:38-08:00,37.3388176,-121.8955375,1.8244432,1583365778.0,1583365778.184,4.5065066666735545,POINT (-121.8955375 37.3388176),android,1.7319925432571983,0.5498416776052002,7.656806355713685
807,10.423,-7.799999713897705,200.85,29646079066656,time,2020-03-04T15:49:39-08:00,37.3388085,-121.8955534,2.3580549,1583365779.0,1583365779.18,4.506784444451332,POINT (-121.8955534 37.3388085),android,2.2818342208623985,8.206648033318885,-66.85397271414267
808,10.383,-7.799999713897705,148.43584,29646994000000,time,2020-03-04T15:49:39.983000-08:00,37.3387889,-121.8955594,1.8660072,1583365779.983,1583365780.086,4.507057500018014,POINT (-121.8955594 37.3387889),android,10.348969566326579,-57.51080982247386,343.1452246451535
809,10.143,-6.599999904632568,106.56009,29647164000000,time,2020-03-04T15:49:40.153000-08:00,37.3387764,-121.8955472,1.3304678,1583365780.153,1583365781.023,4.507104722261428,POINT (-121.8955472 37.3387764),android,0.5721275087794432,0.823904547105243,1.7257542846890424
810,9.681,-6.599999904632568,78.43029,29649115976967,time,2020-03-04T15:49:42-08:00,37.3387725,-121.8955363,1.2502916,1583365782.0,1583365782.231,4.507617777784666,POINT (-121.8955363 37.3387725),android,2.093879111422961,4.0113725101373845,-11.79467538850544
811,9.756,-6.599999904632568,62.413193,29649997000000,time,2020-03-04T15:49:42.986000-08:00,37.3387785,-121.8955142,2.0233545,1583365782.986,1583365783.083,4.507891666690509,POINT (-121.8955142 37.3387785),android,6.0490926512531695,-7.618178142818835,15.089222987559866
812,9.841,-6.599999904632568,53.77252,29650418000000,time,2020-03-04T15:49:43.406000-08:00,37.3387884,-121.8954883,2.219559,1583365783.406,1583365783.528,4.508008333312141,POINT (-121.8954883 37.3387884),android,2.8494590663636004,-1.280706934378442,6.648594058378811
813,9.747,-6.599999904632568,56.38704,29651097410717,time,2020-03-04T15:49:44-08:00,37.3387957,-121.8954715,2.250987,1583365784.0,1583365784.182,4.508173333340221,POINT (-121.8954715 37.3387957),android,2.088719017876811,2.6685586084014714,-6.103287964825857
814,9.775,-6.599999904632568,60.588573,29651951000000,time,2020-03-04T15:49:44.940000-08:00,37.3388051,-121.8954527,2.412429,1583365784.94,1583365785.067,4.508434444467227,POINT (-121.8954527 37.3388051),android,4.597164262470343,-3.0685324277677735,3.226106768299468
815,9.841,-6.599999904632568,61.981514,29653330871340,time,2020-03-04T15:49:46-08:00,37.3388247,-121.8954034,2.2505012,1583365786.0,1583365786.417,4.508728888895776,POINT (-121.8954034 37.3388247),android,1.344520064619337,0.35114056203035315,5.695324361951002
816,9.953,-6.599999904632568,55.206093,29653999613111,time,2020-03-04T15:49:47-08:00,37.3388278,-121.8953887,2.2210503,1583365787.0,1583365787.092,4.509006666673554,POINT (-121.8953887 37.3388278),android,1.69566062664969,6.046464923981355,-27.539239794920913
817,9.75,-6.599999904632568,56.239124,29654810000000,time,2020-03-04T15:49:47.799000-08:00,37.3388345,-121.8953759,2.5318189,1583365787.799,1583365787.898,4.509228611124886,POINT (-121.8953759 37.3388345),android,6.526786250836109,-15.957388355010565,73.9612006755409
818,9.445,-6.599999904632568,55.72502,29654996069621,time,2020-03-04T15:49:48-08:00,37.3388411,-121.8953636,2.590837,1583365788.0,1583365788.057,4.509284444451332,POINT (-121.8953636 37.3388411),android,3.3193515871509223,-1.0911888531341785,8.051344371047472
819,9.467,-6.599999904632568,57.39702,29655456000000,time,2020-03-04T15:49:48.445000-08:00,37.3388477,-121.8953491,2.703727,1583365788.445,1583365788.562,4.5094080555439,POINT (-121.8953491 37.3388477),android,2.8337726203509277,2.4916588544967233,-7.6978213974992515
820,9.557,-6.599999904632568,57.11315,29656079839308,time,2020-03-04T15:49:49-08:00,37.3388542,-121.8953333,2.7235684,1583365789.0,1583365789.181,4.50956222222911,POINT (-121.8953333 37.3388542),android,4.216643450932783,-1.7806325350003807,6.028330469858239
821,9.627,-6.599999904632568,52.986423,29657247664255,time,2020-03-04T15:49:50-08:00,37.3388768,-121.895295,2.9674003,1583365790.0,1583365790.336,4.5098400000068875,POINT (-121.895295 37.3388768),android,2.4360109159324024,4.247697934857858,-13.641203115948848
822,10.024,-6.599999904632568,57.395844,29658120484568,time,2020-03-04T15:49:51-08:00,37.3388917,-121.8952748,3.530444,1583365791.0,1583365791.228,4.510117777784665,POINT (-121.8952748 37.3388917),android,6.683708850790261,-9.393505181090989,36.100183476139
823,10.36,-6.599999904632568,58.015343,29658355000000,time,2020-03-04T15:49:51.344000-08:00,37.3389026,-121.8952527,3.8191135,1583365791.344,1583365791.441,4.510213333368301,POINT (-121.8952527 37.3389026),android,3.4523421189104297,3.0249615840495148,-2.52804530533294
824,10.75,-6.599999904632568,60.22654,29659097810244,time,2020-03-04T15:49:52-08:00,37.3389129,-121.8952306,3.8923452,1583365792.0,1583365792.204,4.510395555562443,POINT (-121.8952306 37.3389129),android,5.436716612255125,1.3665641193098854,-15.449626208192287
825,11.255,-6.599999904632568,64.438515,29659472000000,time,2020-03-04T15:49:52.461000-08:00,37.3389217,-121.8952045,3.847472,1583365792.461,1583365792.562,4.510523611108462,POINT (-121.8952045 37.3389217),android,6.066702624339727,-5.7557130322459376,16.45816830228491
826,11.594,-6.599999904632568,62.20714,29659998036181,time,2020-03-04T15:49:53-08:00,37.3389345,-121.8951712,3.8111663,1583365793.0,1583365793.081,4.510673333340221,POINT (-121.8951712 37.3389345),android,2.964373102352442,3.115240247731997,0.7263993739730845
827,11.651,-6.599999904632568,58.664528,29660987000000,time,2020-03-04T15:49:53.976000-08:00,37.3389481,-121.8951433,3.5187168,1583365793.976,1583365794.077,4.510944444470935,POINT (-121.8951433 37.3389481),android,6.004847803987293,3.8242060879931112,-30.626360704245037
828,11.523,-6.599999904632568,53.848503,29661410000000,time,2020-03-04T15:49:54.399000-08:00,37.338962,-121.8951205,3.6789975,1583365794.399,1583365794.494,4.511061944431729,POINT (-121.8951205 37.338962),android,7.622486439445404,-9.130740167181646,18.90383412964407
829,11.267,-8.5,53.013638,29662088134879,time,2020-03-04T15:49:55-08:00,37.3389875,-121.8950798,3.744341,1583365795.0,1583365795.238,4.511228888895777,POINT (-121.8950798 37.3389875),android,2.134910954595558,2.2304654788139233,-4.26958553066267
830,10.95,-8.5,64.23776,29663054000000,time,2020-03-04T15:49:56.043000-08:00,37.3389978,-121.8950582,3.57011,1583365796.043,1583365796.151,4.511518611113231,POINT (-121.8950582 37.3389978),android,4.461286410710002,-2.2227121563749486,8.232161740410652
831,10.745,-8.5,62.26465,29663493000000,time,2020-03-04T15:49:56.482000-08:00,37.3390057,-121.8950384,3.6358685,1583365796.482,1583365796.619,4.5116405555937025,POINT (-121.8950384 37.3390057),android,3.4855154857762845,1.3912079153742938,-7.202549699480886
832,10.586,-8.5,60.07512,29664077173107,time,2020-03-04T15:49:57-08:00,37.3390138,-121.8950207,3.6564624,1583365797.0,1583365797.183,4.511784444451332,POINT (-121.8950207 37.3390138),android,4.206161029382576,-2.339712018428179,4.933836523799405
833,10.383,-8.5,57.85135,29664492000000,time,2020-03-04T15:49:57.481000-08:00,37.3390244,-121.8950021,3.296695,1583365797.481,1583365797.589,4.511918055547608,POINT (-121.8950021 37.3390244),android,3.0807596734727247,0.033463086024037005,-2.1092685833950235
834,10.018,-8.5,57.05247,29665109907169,time,2020-03-04T15:49:58-08:00,37.3390331,-121.8949877,3.2216823,1583365798.0,1583365798.178,4.51206222222911,POINT (-121.8949877 37.3390331),android,3.0981270169063215,-1.0612474214050756,-0.5867690891725038
835,9.92,-8.5,51.87743,29665949000000,time,2020-03-04T15:49:58.938000-08:00,37.3390507,-121.8949634,2.7938957,1583365798.938,1583365799.044,4.512322777774599,POINT (-121.8949634 37.3390507),android,2.102676974087568,-1.611636805784593,1.5114471685238948
836,9.975,-8.5,51.776394,29667077154043,time,2020-03-04T15:50:00-08:00,37.3390642,-121.8949447,2.2595806,1583365800.0,1583365800.186,4.512617777784666,POINT (-121.8949447 37.3390642),android,0.39111862793921875,-0.006479858037939525,-0.23779881717343634
837,9.69,-8.699999809265137,52.28031,29668432000000,time,2020-03-04T15:50:01.420000-08:00,37.3390684,-121.8949413,0.75059724,1583365801.42,1583365801.546,4.513012222250302,POINT (-121.8949413 37.3390684),android,0.3819172290309707,-0.3441541965668291,0.8170842919547875
838,9.388,-8.699999809265137,47.594685,29669348531386,time,2020-03-04T15:50:02-08:00,37.3390696,-121.8949393,0.67694354,1583365802.0,1583365802.448,4.513173333340221,POINT (-121.8949393 37.3390696),android,0.18230782127909126,0.12975463042836335,-0.2089220095866467
839,9.16,-8.699999809265137,45.52241,29670091413157,time,2020-03-04T15:50:03-08:00,37.3390688,-121.8949411,0.042806987,1583365803.0,1583365803.189,4.513451111117999,POINT (-121.8949411 37.3390688),android,0.3120624517074546,-0.07916737915828334,0.006187615164044119
840,8.697,-8.699999809265137,49.17405,29671088370240,time,2020-03-04T15:50:04-08:00,37.3390672,-121.894944,0.0012377091,1583365804.0,1583365804.198,4.513728888895777,POINT (-121.894944 37.3390672),android,0.23289507254917127,-0.07297976399423922,0.004225350111340426
841,8.459,-8.699999809265137,230.11299,29672078783677,time,2020-03-04T15:50:05-08:00,37.3390656,-121.8949457,0.00028774535,1583365805.0,1583365805.168,4.514006666673554,POINT (-121.8949457 37.3390656),android,0.15991530855493205,-0.0687544138828988,0.004115516054066071
842,8.248,-8.5,280.76392,29673054045395,time,2020-03-04T15:50:06-08:00,37.3390646,-121.894947,0.0012037545,1583365806.0,1583365806.149,4.514284444451332,POINT (-121.894947 37.3390646),android,0.09116089467203325,-0.06463889782883273,0.13536421855625377
843,8.277,-8.5,94.91131,29674097739353,time,2020-03-04T15:50:07-08:00,37.3390644,-121.894946,0.0010220589,1583365807.0,1583365807.193,4.5145622222291095,POINT (-121.894946 37.3390644),android,0.026521996843200522,0.07072532072742105,-0.13336066498445906
844,8.432,-8.5,91.23238,29675108780134,time,2020-03-04T15:50:08-08:00,37.3390644,-121.8949457,0.00026763006,1583365808.0,1583365808.175,4.514840000006887,POINT (-121.8949457 37.3390644),android,0.09724731757062156,-0.06263534425703801,0.16947401654397232
845,8.427,-8.5,89.80237,29676098679873,time,2020-03-04T15:50:09-08:00,37.3390644,-121.8949446,0.0005642263,1583365809.0,1583365809.191,4.515117777784665,POINT (-121.8949446 37.3390644),android,0.03461197331358355,0.10683867228693432,-0.10640229139296133
846,8.482,-8.5,92.60484,29677081759040,time,2020-03-04T15:50:10-08:00,37.3390642,-121.8949443,0.00021371605,1583365810.0,1583365810.176,4.515395555562443,POINT (-121.8949443 37.3390642),android,0.14145064560051787,0.00043638089397299296,-0.027394758548749176
847,8.674,-8.5,90.62381,29678062739508,time,2020-03-04T15:50:11-08:00,37.3390642,-121.8949427,0.0028823467,1583365811.0,1583365811.157,4.515673333340221,POINT (-121.8949427 37.3390642),android,0.14188702649449086,-0.026958377654776183,-0.061448275492132665
848,8.783,-8.5,91.885925,29679100940601,time,2020-03-04T15:50:12-08:00,37.3390641,-121.8949411,0.0019060065,1583365812.0,1583365812.193,4.515951111117999,POINT (-121.8949411 37.3390641),android,0.11492864883971468,-0.08840665314690885,0.08581643175530675
849,8.887,-8.5,89.4989,29680109221278,time,2020-03-04T15:50:13-08:00,37.3390641,-121.8949398,0.00068615546,1583365813.0,1583365813.187,4.5162288888957764,POINT (-121.8949398 37.3390641),android,0.026521995692805833,-0.002590221391602105,0.011894024951127596
850,9.072,-8.5,89.29667,29681077824975,time,2020-03-04T15:50:14-08:00,37.3390641,-121.8949395,0.00016205804,1583365814.0,1583365814.176,4.516506666673554,POINT (-121.8949395 37.3390641),android,0.023931774301203728,0.009303803559525491,0.001590679163340162
851,9.177,-8.5,79.03224,29682081307423,time,2020-03-04T15:50:15-08:00,37.3390643,-121.8949394,0.00010868492,1583365815.0,1583365815.171,4.516784444451332,POINT (-121.8949394 37.3390643),android,0.03323557786072922,0.010894482722865653,0.8740458597645085
852,9.418,-8.699999809265137,89.327515,29682277000000,time,2020-03-04T15:50:15.266000-08:00,37.3390643,-121.8949393,5.0240382e-05,1583365815.266,1583365816.034,4.516858333349228,POINT (-121.8949393 37.3390643),android,0.03613351061826429,0.24339070976109792,-0.44503329914071976
853,9.66,-8.699999809265137,269.87415,29683054666225,time,2020-03-04T15:50:16-08:00,37.3390643,-121.8949396,0.000614524,1583365816.0,1583365816.126,4.51706222222911,POINT (-121.8949396 37.3390643),android,0.2147822836909842,-0.0832637173780183,1.2560713470412033
854,9.812,-8.699999809265137,98.46587,29684024232683,time,2020-03-04T15:50:17-08:00,37.339064,-121.8949372,0.027897375,1583365817.0,1583365817.119,4.517340000006888,POINT (-121.8949372 37.339064),android,0.1315185663129659,1.172807629663185,-2.1410045634147776
855,9.966,-8.699999809265137,95.44718,29685078116589,time,2020-03-04T15:50:18-08:00,37.3390636,-121.8949358,0.0041631307,1583365818.0,1583365818.176,4.5176177777846656,POINT (-121.8949358 37.3390636),android,1.304326195976151,-0.9681969337515925,0.8397395192610416
856,9.034,-8.699999809265137,92.07246,29686081548619,time,2020-03-04T15:50:19-08:00,37.3390626,-121.8949211,0.07244836,1583365819.0,1583365819.193,4.517895555562443,POINT (-121.8949211 37.3390626),android,0.33612926222455847,-0.12845741449055095,0.0315415561231623
857,8.066,-8.699999809265137,91.395256,29687090493098,time,2020-03-04T15:50:20-08:00,37.3390625,-121.8949173,0.17788324,1583365820.0,1583365820.166,4.518173333340221,POINT (-121.8949173 37.3390625),android,0.20767184773400751,-0.09691585836738865,-0.013840130999230205
858,6.29,-8.699999809265137,117.527725,29688091528671,time,2020-03-04T15:50:21-08:00,37.3390613,-121.8949155,0.17047718,1583365821.0,1583365821.19,4.518451111117999,POINT (-121.8949155 37.3390613),android,0.11075598936661886,-0.11075598936661886,0.32322313661172564
859,5.5,-8.699999809265137,154.25609,29689107404347,time,2020-03-04T15:50:22-08:00,37.3390607,-121.8949165,0.076143205,1583365822.0,1583365822.199,4.518728888895777,POINT (-121.8949165 37.3390607),android,0.0,0.21246714724510676,-0.2014143964230766
860,4.646,-8.699999809265137,154.60419,29690108512212,time,2020-03-04T15:50:23-08:00,37.3390607,-121.8949165,0.04100183,1583365823.0,1583365823.23,4.519006666673555,POINT (-121.8949165 37.3390607),android,0.21246714724510676,0.011052750822030166,-0.11613915620672784
861,4.813,-8.699999809265137,101.62806,29691102175336,time,2020-03-04T15:50:24-08:00,37.3390606,-121.8949141,0.11593609,1583365824.0,1583365824.208,4.5192844444513325,POINT (-121.8949141 37.3390606),android,0.22351989806713693,-0.10508640538469767,0.3771703448659627
862,4.979,-8.699999809265137,100.84964,29692099030336,time,2020-03-04T15:50:25-08:00,37.3390603,-121.8949116,0.16803783,1583365825.0,1583365825.189,4.51956222222911,POINT (-121.8949116 37.3390603),android,0.11843349268243926,0.272083939481265,-1.3379827575066379
863,5.224,-8.59999942779541,100.76269,29692324000000,time,2020-03-04T15:50:25.313000-08:00,37.3390602,-121.8949112,0.16777124,1583365825.313,1583365826.059,4.519649166663488,POINT (-121.8949112 37.3390602),android,0.20359575587985554,-0.14670461513032057,0.10524924334607758
864,5.391,-8.59999942779541,104.91636,29693102508773,time,2020-03-04T15:50:26-08:00,37.3390598,-121.8949097,0.17173986,1583365826.0,1583365826.162,4.519840000006887,POINT (-121.8949097 37.3390598),android,0.10280967996880522,-0.07439838113737227,0.054827747683106706
865,5.478,-8.59999942779541,105.93088,29694089499814,time,2020-03-04T15:50:27-08:00,37.3390595,-121.8949086,0.14341246,1583365827.0,1583365827.186,4.520117777784665,POINT (-121.8949086 37.3390595),android,0.028411298831432952,-0.01957063345426556,0.06021235701634358
866,5.478,-8.59999942779541,108.54125,29695101210074,time,2020-03-04T15:50:28-08:00,37.3390593,-121.8949084,0.087040775,1583365828.0,1583365828.236,4.520395555562443,POINT (-121.8949084 37.3390593),android,0.008840665377167394,0.04064172356207802,-0.09012411250132343
867,5.478,-8.59999942779541,112.38861,29696098765178,time,2020-03-04T15:50:29-08:00,37.3390593,-121.8949085,0.03896601,1583365829.0,1583365829.175,4.520673333340221,POINT (-121.8949085 37.3390593),android,0.04948238893924541,-0.04948238893924541,0.18280969842128023
868,5.478,-8.59999942779541,114.64798,29697077030334,time,2020-03-04T15:50:30-08:00,37.3390591,-121.894908,0.044073675,1583365830.0,1583365830.175,4.5209511111179985,POINT (-121.894908 37.3390591),android,0.0,0.1333273094820348,-0.38110050636117043
869,5.656,-8.699999809265137,114.98405,29697285000000,time,2020-03-04T15:50:30.274000-08:00,37.3390591,-121.894908,0.042800628,1583365830.274,1583365831.094,4.521027222209507,POINT (-121.894908 37.3390591),android,0.03653167338891606,0.028905797634060697,-0.058153923426009335
870,5.374,-8.699999809265137,109.29092,29698113134656,time,2020-03-04T15:50:31-08:00,37.3390591,-121.8949077,0.037718683,1583365831.0,1583365831.182,4.521228888895776,POINT (-121.8949077 37.3390591),android,0.05751728451118117,-0.013313954877254917,0.02215462030150648
871,5.321,-8.699999809265137,107.943115,29699087143823,time,2020-03-04T15:50:32-08:00,37.3390589,-121.8949071,0.046204913,1583365832.0,1583365832.187,4.521506666673554,POINT (-121.8949071 37.3390589),android,0.04420332963392625,0.008840665424251562,-0.044203328377592034
872,5.178,-8.699999809265137,102.64644,29700090390802,time,2020-03-04T15:50:33-08:00,37.3390589,-121.8949066,0.044335473,1583365833.0,1583365833.186,4.521784444451332,POINT (-121.8949066 37.3390589),android,0.05304399505817781,-0.03536266295334047,0.01768133084850313
873,5.178,-8.699999809265137,96.081085,29701078107312,time,2020-03-04T15:50:34-08:00,37.3390589,-121.894906,0.047065545,1583365834.0,1583365834.187,4.52206222222911,POINT (-121.894906 37.3390589),android,0.01768133210483734,-0.01768133210483734,0.08667429787693394
874,5.207,-8.699999809265137,93.231705,29702080695228,time,2020-03-04T15:50:35-08:00,37.3390589,-121.8949058,0.03387006,1583365835.0,1583365835.186,4.522340000006888,POINT (-121.8949058 37.3390589),android,0.0,0.0689929657720966,-0.2921432977985188
875,5.22,-8.59999942779541,92.50906,29702301000000,time,2020-03-04T15:50:35.290000-08:00,37.3390589,-121.8949058,0.030030528,1583365835.29,1583365836.106,4.522420555551847,POINT (-121.8949058 37.3390589),android,0.020007957442035235,-0.01572857944509145,0.022152929375152754
876,5.053,-8.59999942779541,101.806366,29703126874394,time,2020-03-04T15:50:36-08:00,37.3390588,-121.8949057,0.02114138,1583365836.0,1583365836.196,4.5226177777846654,POINT (-121.8949057 37.3390588),android,0.008840665436022617,1.2563341963978125e-09,-0.00884066794869101
877,4.886,-8.59999942779541,102.46638,29704101233508,time,2020-03-04T15:50:37-08:00,37.3390588,-121.8949056,0.017488522,1583365837.0,1583365837.209,4.522895555562443,POINT (-121.8949056 37.3390588),android,0.008840666692356813,-0.008840666692356813,0.03536266425675886
878,4.76,-8.59999942779541,102.85084,29705088101529,time,2020-03-04T15:50:38-08:00,37.3390588,-121.8949055,0.010363696,1583365838.0,1583365838.199,4.523173333340221,POINT (-121.8949055 37.3390588),android,0.0,0.026521997564402044,-0.05304399512880409
879,4.553,-8.59999942779541,97.884125,29706078648195,time,2020-03-04T15:50:39-08:00,37.3390588,-121.8949055,0.007827881,1583365839.0,1583365839.17,4.523451111117999,POINT (-121.8949055 37.3390588),android,0.026521997564402044,-0.026521997564402044,0.026521997564402044
880,4.386,-8.59999942779541,91.42504,29707099917361,time,2020-03-04T15:50:40-08:00,37.3390588,-121.8949052,0.013918481,1583365840.0,1583365840.193,4.523728888895777,POINT (-121.8949052 37.3390588),android,0.0,0.0,0.10123713508321742
881,4.202,-8.5,90.73516,29707302000000,time,2020-03-04T15:50:40.291000-08:00,37.3390588,-121.8949052,0.014331769,1583365840.291,1583365841.144,4.52380972219838,POINT (-121.8949052 37.3390588),android,0.0,0.02945999510973462,-0.07101146268808835
882,4.202,-8.5,90.11358,29708141896319,time,2020-03-04T15:50:41-08:00,37.3390588,-121.8949052,0.010303138,1583365841.0,1583365841.189,4.5240066666735546,POINT (-121.8949052 37.3390588),android,0.020887139791849765,-0.020887139791849765,0.020887139791849765
883,4.173,-8.5,107.93389,29709081636371,time,2020-03-04T15:50:42-08:00,37.3390587,-121.894905,0.012396002,1583365842.0,1583365842.174,4.524284444451332,POINT (-121.894905 37.3390587),android,0.0,0.0,0.02088713872834072
884,4.173,-8.5,113.803154,29710078063819,time,2020-03-04T15:50:43-08:00,37.3390587,-121.894905,0.008859569,1583365843.0,1583365843.168,4.52456222222911,POINT (-121.894905 37.3390587),android,0.0,0.02088713872834072,-0.04177427745668144
885,4.202,-8.5,118.13891,29711101083766,time,2020-03-04T15:50:44-08:00,37.3390587,-121.894905,0.0046426067,1583365844.0,1583365844.207,4.524840000006888,POINT (-121.894905 37.3390587),android,0.02088713872834072,-0.02088713872834072,0.02088713872834072
886,4.202,-8.5,69.03277,29712108453766,time,2020-03-04T15:50:45-08:00,37.3390588,-121.8949048,0.008592721,1583365845.0,1583365845.2,4.525117777784666,POINT (-121.8949048 37.3390588),android,0.0,0.0,0.3593434225995346
887,4.339,-8.5,64.75616,29712302000000,time,2020-03-04T15:50:45.291000-08:00,37.3390588,-121.8949048,0.009237989,1583365845.291,1583365846.133,4.525198611087269,POINT (-121.8949048 37.3390588),android,0.0,0.1045688962236598,-0.059191673199736776
888,4.165,-8.5,41.23253,29713135374442,time,2020-03-04T15:50:46-08:00,37.3390588,-121.8949048,0.0044376305,1583365846.0,1583365846.185,4.525395555562443,POINT (-121.8949048 37.3390588),android,0.07413935899063659,0.06260199337689532,0.5297579513418066
889,4.165,-8.5,102.46969,29714098954650,time,2020-03-04T15:50:47-08:00,37.3390586,-121.894904,0.04403546,1583365847.0,1583365847.173,4.525673333340221,POINT (-121.894904 37.3390586),android,0.1367413523675319,0.5923599447187019,-0.4253141211024478
890,4.165,-8.5,105.14571,29715107583817,time,2020-03-04T15:50:48-08:00,37.3390583,-121.8949025,0.08599884,1583365848.0,1583365848.209,4.525951111117998,POINT (-121.8949025 37.3390583),android,0.7291012970862338,0.16704582361625409,0.2724863657137231
891,4.129,-8.5,59.151997,29716102009598,time,2020-03-04T15:50:49-08:00,37.339059,-121.8948943,0.4279691,1583365849.0,1583365849.197,4.526228888895776,POINT (-121.8948943 37.339059),android,0.8961471207024879,0.4395321893299772,-1.1943014790675623
892,4.105,-8.5,35.76571,29717077741056,time,2020-03-04T15:50:50-08:00,37.339063,-121.8948855,0.89922374,1583365850.0,1583365850.168,4.526506666673554,POINT (-121.8948855 37.339063),android,1.335679310032465,-0.7547692897375853,0.09930795857038123
893,5.919,-8.5,48.029835,29717322000000,time,2020-03-04T15:50:50.311000-08:00,37.339066,-121.8948827,0.88330466,1583365850.311,1583365851.124,4.526593055592643,POINT (-121.8948827 37.339066),android,1.1009459788664102,-0.7238845038255475,1.7775263992983197
894,6.413,-8.5,47.66443,29718120173816,time,2020-03-04T15:50:51-08:00,37.3390716,-121.8948778,0.88398653,1583365851.0,1583365851.189,4.526784444451332,POINT (-121.8948778 37.3390716),android,0.6021896344305148,0.5008309920403297,-1.9486954658598985
895,7.744,-8.5,38.665424,29719087345742,time,2020-03-04T15:50:52-08:00,37.3390769,-121.8948764,0.862746,1583365852.0,1583365852.211,4.52706222222911,POINT (-121.8948764 37.3390769),android,1.1030206264708444,-1.4478644738195687,0.914661695283907
896,8.428,-8.5,45.02663,29719351000000,time,2020-03-04T15:50:52.339000-08:00,37.3390801,-121.8948751,0.8593143,1583365852.339,1583365852.464,4.527156388892068,POINT (-121.8948751 37.3390801),android,0.6121945891770869,-1.1377941713303754,2.6179154155897644
897,8.743,-8.5,59.31301,29719808000000,time,2020-03-04T15:50:52.797000-08:00,37.3390824,-121.8948738,0.83678037,1583365852.797,1583365852.903,4.527283611098925,POINT (-121.8948738 37.3390824),android,0.0910849216427096,0.06121094420469241,0.2238354673944798
898,10.388,-8.5,68.13236,29720638000000,time,2020-03-04T15:50:53.626000-08:00,37.339083,-121.8948742,0.6585502,1583365853.626,1583365853.744,4.527513888875643,POINT (-121.8948742 37.339083),android,0.14182879415489838,0.24677054582085162,-0.8812010201327618
899,10.425,-8.5,73.09779,29721101449439,time,2020-03-04T15:50:54-08:00,37.339083,-121.8948736,0.6072521,1583365854.0,1583365854.206,4.527617777784665,POINT (-121.8948736 37.339083),android,0.23412099617764048,-0.08279869957758865,1.913348898331608
900,11.563,-8.5,66.858444,29722121511679,time,2020-03-04T15:50:55-08:00,37.3390834,-121.894871,0.59613615,1583365855.0,1583365855.214,4.527895555562443,POINT (-121.894871 37.3390834),android,0.15132229660005184,1.8305501987540194,-4.624194333097862
901,12.927,-8.5,84.53735,29722338000000,time,2020-03-04T15:50:55.327000-08:00,37.3390832,-121.8948715,0.5793168,1583365855.327,1583365855.45,4.527986388868756,POINT (-121.8948715 37.3390832),android,0.7499120335262478,0.31843910164850614,0.10715196682953983
902,11.52,-8.5,60.64673,29723292000000,time,2020-03-04T15:50:56.280000-08:00,37.3390895,-121.8948699,0.4951253,1583365856.28,1583365856.396,4.528251111110052,POINT (-121.8948699 37.3390895),android,1.053384519262752,0.42055493339459926,-1.5249363019527549
903,11.337,-8.5,55.843746,29724107503657,time,2020-03-04T15:50:57-08:00,37.339096,-121.8948673,0.49173042,1583365857.0,1583365857.2,4.528451111117999,POINT (-121.8948673 37.339096),android,1.3561840833390366,-0.6773992476401618,-0.8075791447351365
904,11.096,-8.5,57.573795,29724617000000,time,2020-03-04T15:50:57.606000-08:00,37.3391032,-121.8948652,0.48679492,1583365857.606,1583365857.72,4.528619444436497,POINT (-121.8948652 37.3391032),android,0.9456801754461214,-1.1667921662202752,2.6459274582988868
905,10.825,-8.5,56.725525,29725090207198,time,2020-03-04T15:50:58-08:00,37.3391063,-121.8948636,0.48760617,1583365858.0,1583365858.178,4.528728888895777,POINT (-121.8948636 37.3391063),android,0.48596399964190856,-0.12429660634274252,0.40632356777840617
906,10.852,-8.5,69.72209,29725936000000,time,2020-03-04T15:50:58.924000-08:00,37.3391093,-121.8948602,0.50287354,1583365858.924,1583365859.025,4.528985555569331,POINT (-121.8948602 37.3391093),android,0.37111393229921397,0.25114638035951387,0.1410777511057617
907,10.767,-8.5,95.203354,29726975000000,time,2020-03-04T15:50:59.964000-08:00,37.3391087,-121.8948559,0.7564842,1583365859.964,1583365860.074,4.529274444447624,POINT (-121.8948559 37.3391087),android,0.6323061582926343,0.39786723612781694,0.5213091945392009
908,10.634,-8.5,103.04141,29727730000000,time,2020-03-04T15:51:00.719000-08:00,37.3391055,-121.8948523,0.76167333,1583365860.719,1583365860.811,4.529484166701635,POINT (-121.8948523 37.3391055),android,0.9326959671014278,0.7914557376640163,1.6411093439322417
909,10.523,-8.5,53.39939,29729131045530,time,2020-03-04T15:51:02-08:00,37.339105,-121.8948388,1.1607991,1583365862.0,1583365862.264,4.529840000006888,POINT (-121.8948388 37.339105),android,1.9465506870411855,2.893716641342332,-12.018163500166802
910,10.467,-8.5,34.61356,29729691000000,time,2020-03-04T15:51:02.680000-08:00,37.3391129,-121.8948276,1.7411017,1583365862.68,1583365862.814,4.5300288889143205,POINT (-121.8948276 37.3391129),android,3.914278196330398,-5.278635341070064,21.946527620776678
911,10.419,-8.5,21.925125,29730031549332,time,2020-03-04T15:51:03-08:00,37.3391216,-121.8948186,1.9726356,1583365863.0,1583365863.124,4.530117777784666,POINT (-121.8948186 37.3391216),android,2.225115239574904,1.7442520324896926,-4.681427641887286
912,10.331,-8.5,11.405997,29731077764800,time,2020-03-04T15:51:04-08:00,37.3391394,-121.8948071,2.4231312,1583365864.0,1583365864.189,4.5303955555624436,POINT (-121.8948071 37.3391394),android,3.9693672720645967,-2.937175609397593,18.238487100479304
913,10.318,-8.5,5.7555847,29731449000000,time,2020-03-04T15:51:04.438000-08:00,37.3391548,-121.8948037,2.5920694,1583365864.438,1583365864.561,4.530517222219044,POINT (-121.8948037 37.3391548),android,2.6828844615905907,5.051281079656428,-22.58634196153409
914,10.311,-8.5,358.00592,29732081805216,time,2020-03-04T15:51:05-08:00,37.3391683,-121.8948021,2.6220076,1583365865.0,1583365865.184,4.530673333340221,POINT (-121.8948021 37.3391683),android,5.52170461141403,-7.642243921246273,26.89454002104606
915,10.306,-8.5,355.0987,29732376000000,time,2020-03-04T15:51:05.365000-08:00,37.3391864,-121.8948009,2.86733,1583365865.365,1583365865.479,4.530774722231759,POINT (-121.8948009 37.3391864),android,2.732285507277023,2.174263442921859,-3.461124443744316
916,10.23,-8.5,348.7472,29733078877351,time,2020-03-04T15:51:06-08:00,37.339202,-121.8948013,2.9183095,1583365866.0,1583365866.186,4.530951111117999,POINT (-121.8948013 37.339202),android,4.112942772797012,-0.023550545847926683,-1.1494339012825685
917,10.264,-8.5,341.91806,29733483000000,time,2020-03-04T15:51:06.472000-08:00,37.339219,-121.8948063,2.938915,1583365866.472,1583365866.594,4.531082222196791,POINT (-121.8948063 37.339219),android,4.101826917896855,-0.5660832135186571,0.8251502993167427
918,10.398,-8.5,324.2032,29734431000000,time,2020-03-04T15:51:07.420000-08:00,37.3392508,-121.8948246,3.5665731,1583365867.42,1583365867.552,4.531345555583636,POINT (-121.8948246 37.3392508),android,3.565179922429646,0.2161594291923937,0.919556889269069
919,10.323,-8.5,318.94107,29735077994278,time,2020-03-04T15:51:08-08:00,37.3392652,-121.8948394,3.8033664,1583365868.0,1583365868.19,4.531506666673554,POINT (-121.8948394 37.3392652),android,3.6905523748695788,0.7495023548118307,-0.9353849943688458
920,10.626,-8.5,320.40497,29736079652142,time,2020-03-04T15:51:09-08:00,37.3392916,-121.8948647,3.6827805,1583365869.0,1583365869.204,4.531784444451332,POINT (-121.8948647 37.3392916),android,4.4400547296814095,-0.18588263955701514,-2.4297902191771614
921,10.663,-8.5,329.20392,29736542000000,time,2020-03-04T15:51:09.531000-08:00,37.3393119,-121.8948724,3.818068,1583365869.531,1583365869.642,4.531931944423252,POINT (-121.8948724 37.3393119),android,4.341351066867413,-1.4761010003138642,3.465298511198402
922,10.692,-8.5,331.12585,29737128841412,time,2020-03-04T15:51:10-08:00,37.3393296,-121.8948783,3.8226025,1583365870.0,1583365870.218,4.53206222222911,POINT (-121.8948783 37.3393296),android,3.649059548501932,0.14912435174340244,-0.21317950381994777
923,11.093,-8.5,334.95413,29738077973495,time,2020-03-04T15:51:11-08:00,37.3393605,-121.8948922,3.5501025,1583365871.0,1583365871.22,4.532340000006887,POINT (-121.8948922 37.3393605),android,3.7981839002453346,-0.06405515207654533,-0.30768433577658794
924,11.734,-8.5,334.4028,29739100818651,time,2020-03-04T15:51:12-08:00,37.3393939,-121.8949012,3.788706,1583365872.0,1583365872.198,4.532617777784665,POINT (-121.8949012 37.3393939),android,3.7341287481687893,-0.37173948785313327,1.4978892754367559
925,12.383,-8.5,316.34943,29740099428286,time,2020-03-04T15:51:13-08:00,37.3394245,-121.8949186,3.6065662,1583365873.0,1583365873.204,4.532895555562443,POINT (-121.8949186 37.3394245),android,3.362389260315656,1.1261497875836226,-3.872536671782541
926,12.352,-8.5,321.86838,29741080859901,time,2020-03-04T15:51:14-08:00,37.3394484,-121.8949419,3.3422925,1583365874.0,1583365874.163,4.533173333340221,POINT (-121.8949419 37.3394484),android,4.488539047899279,-2.7463868841989183,5.9167259171679465
927,12.673,-8.5,328.52664,29741471000000,time,2020-03-04T15:51:14.460000-08:00,37.3394656,-121.8949507,3.1537027,1583365874.46,1583365874.584,4.533301111128595,POINT (-121.8949507 37.3394656),android,3.225200976401431,-0.024692736596481097,3.5517803744472265
928,13.003,-8.5,330.52667,29742077153442,time,2020-03-04T15:51:15-08:00,37.3394803,-121.8949575,3.1096797,1583365875.0,1583365875.192,4.533451111117999,POINT (-121.8949575 37.3394803),android,3.2118668995812842,1.8932685301153525,-4.215989774717976
929,12.841,-8.5,331.14682,29743067000000,time,2020-03-04T15:51:16.056000-08:00,37.3395094,-121.894969,3.0995188,1583365876.056,1583365876.149,4.533744444449742,POINT (-121.894969 37.3395094),android,5.211158456549727,-2.5588166478627445,13.776929216683216
930,13.019,-8.5,332.75168,29743496000000,time,2020-03-04T15:51:16.485000-08:00,37.339528,-121.8949786,3.6300342,1583365876.485,1583365876.586,4.533863611088859,POINT (-121.8949786 37.339528),android,4.113426368405492,3.351484619669186,-18.058116381386405
931,13.267,-8.5,331.76312,29744100140681,time,2020-03-04T15:51:17-08:00,37.3395448,-121.8949899,3.660475,1583365877.0,1583365877.2,4.534006666673554,POINT (-121.8949899 37.3395448),android,5.839441299119851,-5.948447211116611,17.13245627773098
932,13.459,-8.5,326.86688,29744408000000,time,2020-03-04T15:51:17.396000-08:00,37.3395628,-121.895003,3.4904387,1583365877.396,1583365877.497,4.534116666648123,POINT (-121.895003 37.3395628),android,3.483856748114281,0.8360039063416388,-3.9018546640313008
933,13.695,-8.5,325.0139,29745078039274,time,2020-03-04T15:51:18-08:00,37.3395786,-121.8950161,3.4559534,1583365878.0,1583365878.172,4.534284444451332,POINT (-121.8950161 37.3395786),android,3.9888031840830744,-1.5207166679587305,3.523932605193985
934,14.04,-8.5,327.11185,29746007000000,time,2020-03-04T15:51:18.996000-08:00,37.3396085,-121.8950407,3.47796,1583365878.996,1583365879.086,4.534561111132304,POINT (-121.8950407 37.3396085),android,2.4741693044816837,1.9891203882914157,-2.4903013246148373
935,14.338,-8.5,327.128,29747097402034,time,2020-03-04T15:51:20-08:00,37.3396287,-121.8950527,3.8689573,1583365880.0,1583365880.214,4.534840000006888,POINT (-121.8950527 37.3396287),android,4.471246071889722,-0.5111420133753146,4.054331917423004
936,14.779,-8.5,321.2558,29748096616512,time,2020-03-04T15:51:21-08:00,37.3396637,-121.8950776,3.6496778,1583365881.0,1583365881.175,4.535117777784666,POINT (-121.8950776 37.3396637),android,3.960104058514407,3.543189904047689,-21.430902777049628
937,15.036,-8.5,323.24344,29749082080106,time,2020-03-04T15:51:22-08:00,37.3396952,-121.8950985,3.4269605,1583365882.0,1583365882.191,4.5353955555624434,POINT (-121.8950985 37.3396952),android,7.503293962562096,-17.887712873001938,66.48917280807194
938,15.12,-8.5,327.91202,29749293000000,time,2020-03-04T15:51:22.282000-08:00,37.3397127,-121.8951079,2.893065,1583365882.282,1583365882.373,4.53547388891379,POINT (-121.8951079 37.3397127),android,2.45895777235999,0.8622381706874663,-1.5181595837265964
939,15.2,-8.5,328.5927,29750089150835,time,2020-03-04T15:51:23-08:00,37.3397276,-121.8951148,2.7966845,1583365883.0,1583365883.189,4.535673333340221,POINT (-121.8951148 37.3397276),android,3.078044722997572,-0.2278003119758032,-0.11615723823222535
940,15.089,-8.5,334.86142,29751093083803,time,2020-03-04T15:51:24-08:00,37.3397537,-121.8951264,2.7264593,1583365884.0,1583365884.185,4.535951111117999,POINT (-121.8951264 37.3397537),android,2.8502444110217686,-0.34395755020802854,-0.1578031037860721
941,15.057,-8.5,333.45047,29752087338803,time,2020-03-04T15:51:25-08:00,37.3397789,-121.8951323,2.5279887,1583365885.0,1583365885.188,4.536228888895777,POINT (-121.8951323 37.3397789),android,2.50628686081374,-0.5017606539941006,0.15743180709524474
942,15.022,-8.5,337.67496,29753107414167,time,2020-03-04T15:51:26-08:00,37.3398005,-121.8951404,1.8884658,1583365886.0,1583365886.201,4.536506666673555,POINT (-121.8951404 37.3398005),android,2.0045262068196394,-0.3443288468988559,-0.30652892184338776
943,15.486,-8.5,333.1215,29754110468385,time,2020-03-04T15:51:27-08:00,37.3398182,-121.8951447,1.6510118,1583365887.0,1583365887.201,4.536784444451332,POINT (-121.8951447 37.3398182),android,1.6601973599207835,-0.6508577687422437,0.3589138319052644
944,14.343,-7.500000476837158,336.03915,29755108170468,time,2020-03-04T15:51:28-08:00,37.3398331,-121.8951459,1.4213585,1583365888.0,1583365888.186,4.5370622222291095,POINT (-121.8951459 37.3398331),android,1.0093395911785399,-0.2919439368369793,-0.5214087631352022
945,13.658,-7.500000476837158,332.7901,29756100661197,time,2020-03-04T15:51:29-08:00,37.3398419,-121.8951487,0.9919576,1583365889.0,1583365889.205,4.537340000006887,POINT (-121.8951487 37.3398419),android,0.7173956543415606,-0.8133526999721815,3.075622518273917
946,13.167,-7.500000476837158,327.9507,29756316000000,time,2020-03-04T15:51:29.305000-08:00,37.3398437,-121.8951477,0.9023298,1583365889.305,1583365889.403,4.537424722247653,POINT (-121.8951477 37.3398437),android,0.46932302655289465,0.12471237342131751,0.2482672921485364
947,12.434,-7.500000476837158,322.19296,29757088706457,time,2020-03-04T15:51:30-08:00,37.3398465,-121.8951488,0.89279795,1583365890.0,1583365890.187,4.537617777784665,POINT (-121.8951488 37.3398465),android,0.5559981177552612,0.2972581248909205,-0.6850465809280066
948,11.797,-7.500000476837158,323.1514,29758077675832,time,2020-03-04T15:51:31-08:00,37.3398506,-121.8951524,0.8907403,1583365891.0,1583365891.153,4.537895555562443,POINT (-121.8951524 37.3398506),android,0.8532562426461817,-0.38778845603708606,0.33358303996156763
949,11.19,-7.500000476837158,325.44775,29758993000000,time,2020-03-04T15:51:31.982000-08:00,37.3398569,-121.8951576,0.89016783,1583365891.982,1583365892.086,4.53816833337148,POINT (-121.8951576 37.3398569),android,0.4724479351785441,-0.060209873255536485,-0.07816664432213315
950,10.699,-4.200000286102295,321.25504,29760098898591,time,2020-03-04T15:51:33-08:00,37.3398611,-121.8951589,0.8917706,1583365893.0,1583365893.183,4.538451111117999,POINT (-121.8951589 37.3398611),android,0.4111542909800399,-0.13978350837909653,0.13332798711709865
951,10.599,-4.200000286102295,330.48447,29761101709632,time,2020-03-04T15:51:34-08:00,37.3398646,-121.8951604,0.025090238,1583365894.0,1583365894.201,4.538728888895776,POINT (-121.8951604 37.3398646),android,0.2713707826009434,-0.0064555212619978874,-0.09323039404080391
952,10.589,-4.200000286102295,347.7799,29762097938226,time,2020-03-04T15:51:35-08:00,37.3398638,-121.8951575,0.0008003095,1583365895.0,1583365895.192,4.539006666673554,POINT (-121.8951575 37.3398638),android,0.2649152613389455,-0.0996859153028018,0.10492366186727561
953,10.421,-4.200000286102295,93.78179,29763078838798,time,2020-03-04T15:51:36-08:00,37.3398632,-121.8951546,0.00029880673,1583365896.0,1583365896.219,4.539284444451332,POINT (-121.8951546 37.3398632),android,0.1652293460361437,0.005237746564473816,0.046860662732786995
954,10.314,-4.200000286102295,101.43066,29763998548902,time,2020-03-04T15:51:37-08:00,37.3398628,-121.8951528,0.00025774998,1583365897.0,1583365897.094,4.53956222222911,POINT (-121.8951528 37.3398628),android,0.17046709260061751,0.05209840929726081,0.15266774611295272
955,9.709,-6.300000190734863,12.400348,29765098020829,time,2020-03-04T15:51:38-08:00,37.339864,-121.8951516,0.0024956185,1583365898.0,1583365898.22,4.539840000006888,POINT (-121.8951516 37.339864),android,0.22256550189787833,0.20476615541021354,-0.0705690703990601
956,9.631,-6.300000190734863,356.34,29766092894370,time,2020-03-04T15:51:39-08:00,37.339866,-121.8951517,0.061353426,1583365899.0,1583365899.19,4.5401177777846655,POINT (-121.8951517 37.339866),android,0.42733165730809186,0.13419708501115343,-0.9425815927855022
957,9.559,-6.300000190734863,3.360111,29766559000000,time,2020-03-04T15:51:39.548000-08:00,37.3398681,-121.8951515,0.004479033,1583365899.548,1583365899.664,4.5402700000339085,POINT (-121.8951515 37.3398681),android,0.5008716729481959,-0.38233771952471907,0.4285050656117513
958,9.442,-6.300000190734863,345.59793,29767248000000,time,2020-03-04T15:51:40.237000-08:00,37.3398711,-121.8951525,0.0009881154,1583365900.237,1583365900.331,4.540461388892598,POINT (-121.8951525 37.3398711),android,0.23744102576299012,-0.08709777590480985,0.8876466390710809
959,9.476,-6.300000190734863,350.6262,29768080958744,time,2020-03-04T15:51:41-08:00,37.3398726,-121.8951533,0.0011129198,1583365901.0,1583365901.186,4.540673333340221,POINT (-121.8951533 37.3398726),android,0.17098542175086526,0.5901766198647345,-0.7969445878565303
960,9.498,-6.300000190734863,355.98026,29769019266088,time,2020-03-04T15:51:42-08:00,37.339874,-121.8951541,0.00076664967,1583365902.0,1583365902.103,4.540951111117999,POINT (-121.8951541 37.339874),android,0.7611620416155997,-0.20676796799179586,0.27623426835539566
961,9.498,-4.300000190734863,8.546399,29770132813848,time,2020-03-04T15:51:43-08:00,37.3398805,-121.8951514,0.016157763,1583365903.0,1583365903.212,4.541228888895777,POINT (-121.8951514 37.3398805),android,0.5543940736238039,0.0694663003635998,0.07466130754634426
962,9.561,-4.300000190734863,19.109423,29771097206712,time,2020-03-04T15:51:44-08:00,37.339885,-121.8951487,0.08691892,1583365904.0,1583365904.169,4.541506666673555,POINT (-121.8951487 37.339885),android,0.6238603739874037,0.14412760790994406,-0.39263065754889837
963,9.761,-4.300000190734863,18.849089,29771901000000,time,2020-03-04T15:51:44.889000-08:00,37.3398897,-121.8951466,0.24695851,1583365904.889,1583365905.041,4.541753611101044,POINT (-121.8951466 37.3398897),android,0.7519898086224929,-0.20492102268675308,1.1154781775487919
964,9.932,-4.300000190734863,350.4175,29772942000000,time,2020-03-04T15:51:45.931000-08:00,37.3398966,-121.8951448,0.5369396,1583365905.931,1583365906.021,4.542043055560853,POINT (-121.8951448 37.3398966),android,0.538462091648077,0.9574073000196557,2.5168043524598604
965,9.876,-4.300000190734863,353.25452,29774011000000,time,2020-03-04T15:51:47-08:00,37.3399015,-121.8951427,0.82670105,1583365907.0,1583365907.102,4.542340000006888,POINT (-121.8951427 37.3399015),android,1.5619305008474174,3.6478711672005164,-9.459768595270537
966,9.853,-4.300000190734863,359.261,29774653000000,time,2020-03-04T15:51:47.642000-08:00,37.3399037,-121.8951317,1.3804702,1583365907.642,1583365907.734,4.542518333329094,POINT (-121.8951317 37.3399037),android,3.9038636440771453,-2.425299892058558,-4.790932252707425
967,9.916,-4.599999904632568,0.28891015,29775039876710,time,2020-03-04T15:51:48-08:00,37.3399079,-121.8951168,1.4882338,1583365908.0,1583365908.129,4.542617777784665,POINT (-121.8951168 37.3399079),android,3.0356061855764405,-4.140453830425356,16.152762944602895
968,9.947,-4.599999904632568,338.0362,29775349000000,time,2020-03-04T15:51:48.337000-08:00,37.3399169,-121.8951192,2.0139005,1583365908.337,1583365908.422,4.542711388866107,POINT (-121.8951192 37.3399169),android,1.6402736869712768,1.3030255566046014,-0.6264226782642544
969,10.002,-4.599999904632568,325.51694,29776127407543,time,2020-03-04T15:51:49-08:00,37.3399258,-121.8951243,2.147174,1583365909.0,1583365909.213,4.542895555562443,POINT (-121.8951243 37.3399258),android,2.5041797701782724,0.8877072540062402,2.2691462559229474
970,10.02,-4.599999904632568,323.69806,29776591000000,time,2020-03-04T15:51:49.580000-08:00,37.3399364,-121.8951339,2.539429,1583365909.58,1583365909.669,4.543056666652362,POINT (-121.8951339 37.3399364),android,3.019049909775203,2.2038119093194295,-6.163116982036348
971,10.022,-4.599999904632568,325.4054,29777055000000,time,2020-03-04T15:51:50.044000-08:00,37.3399466,-121.8951432,2.7050984,1583365910.044,1583365910.153,4.5431855555375416,POINT (-121.8951432 37.3399466),android,4.041618606275355,-0.6558742880589467,10.192404924843396
972,10.043,-4.599999904632568,324.429,29777538000000,time,2020-03-04T15:51:50.527000-08:00,37.3399597,-121.8951579,3.0970361,1583365910.527,1583365910.654,4.543319722215335,POINT (-121.8951579 37.3399597),android,3.7248312988722843,4.267057698890276,-11.935119602809644
973,10.095,-4.599999904632568,323.9136,29778097376657,time,2020-03-04T15:51:51-08:00,37.3399715,-121.8951712,3.2883887,1583365911.0,1583365911.212,4.5434511111179985,POINT (-121.8951712 37.3399715),android,5.743149802055318,-1.3782544651139714,-0.045787064816241285
974,10.118,-4.599999904632568,321.8219,29779116854886,time,2020-03-04T15:51:52-08:00,37.3400107,-121.8952135,3.714836,1583365912.0,1583365912.23,4.543728888895776,POINT (-121.8952135 37.3400107),android,4.364895336941347,-1.4240415299302127,3.5220574393058754
975,9.932,-4.599999904632568,321.29407,29779711000000,time,2020-03-04T15:51:52.700000-08:00,37.3400307,-121.8952372,3.98749,1583365912.7,1583365912.787,4.543923333353466,POINT (-121.8952372 37.3400307),android,3.368066198086606,1.0413988455286858,-2.085571946082715
976,9.953,-4.599999904632568,323.4937,29780476000000,time,2020-03-04T15:51:53.464000-08:00,37.3400485,-121.8952558,3.767816,1583365913.464,1583365913.57,4.544135555558735,POINT (-121.8952558 37.3400485),android,4.163694852508581,-0.5519779939852991,1.173450183875131
977,10.096,-3.0,323.30917,29781515000000,time,2020-03-04T15:51:54.504000-08:00,37.34008,-121.8952846,3.14604,1583365914.504,1583365914.621,4.544424444437027,POINT (-121.8952846 37.34008),android,3.589637759820159,0.6684101524812651,1.9124161997203757
978,10.122,-3.0,321.24796,29782011929260,time,2020-03-04T15:51:55-08:00,37.3400928,-121.8952967,3.0242121,1583365915.0,1583365915.093,4.54456222222911,POINT (-121.8952967 37.3400928),android,3.9211692298729286,1.616968686028971,0.09592898279341103
979,10.106,-3.0,324.7931,29782568000000,time,2020-03-04T15:51:55.557000-08:00,37.3401079,-121.8953125,3.9124415,1583365915.557,1583365915.669,4.544716944429609,POINT (-121.8953125 37.3401079),android,4.821820661542022,1.6704011219431303,-3.172408935973591
980,10.131,-3.0,326.5174,29783001419989,time,2020-03-04T15:51:56-08:00,37.3401235,-121.8953266,4.2167892,1583365916.0,1583365916.085,4.544840000006888,POINT (-121.8953266 37.3401235),android,5.561808489190358,0.2650237152203459,-6.633277664426969
981,10.136,-3.0,323.85083,29783794000000,time,2020-03-04T15:51:56.783000-08:00,37.3401561,-121.8953539,4.4192615,1583365916.783,1583365916.886,4.545057500004768,POINT (-121.8953539 37.3401561),android,5.769322056185918,-4.928832645418078,17.868921628129076
982,10.277,-3.0,317.53812,29784257000000,time,2020-03-04T15:51:57.245000-08:00,37.3401733,-121.8953749,4.534669,1583365917.245,1583365917.36,4.545185833308432,POINT (-121.8953749 37.3401733),android,3.49220190045889,3.3266072381708134,-15.009631206178545
983,10.404,-3.0,315.1198,29784919000000,time,2020-03-04T15:51:57.908000-08:00,37.3401872,-121.8953944,4.5624814,1583365917.908,1583365918.005,4.545370000004769,POINT (-121.8953944 37.3401872),android,5.697742854686126,-6.624779854727138,25.406157451239583
984,10.317,-3.0,315.79,29785354000000,time,2020-03-04T15:51:58.343000-08:00,37.3402016,-121.8954158,4.627393,1583365918.343,1583365918.45,4.545490833322207,POINT (-121.8954158 37.3402016),android,2.8159639969527652,4.426897182810089,-5.463951912380776
985,10.171,-3.0,315.91464,29786095000000,time,2020-03-04T15:51:59.084000-08:00,37.3402147,-121.8954327,4.636134,1583365919.084,1583365919.213,4.545696666704284,POINT (-121.8954327 37.3402147),android,6.09629558622958,0.37810785694310334,-5.38922195536872
986,10.029,-3.0,317.66034,29786793000000,time,2020-03-04T15:51:59.782000-08:00,37.340243,-121.8954651,4.5881324,1583365919.782,1583365919.88,4.545890555580457,POINT (-121.8954651 37.340243),android,6.360214853067462,-3.38356882120526,3.247420390569528
987,9.95,-3.0,321.63623,29788377243632,time,2020-03-04T15:52:01-08:00,37.3402973,-121.89552,4.5165176,1583365921.0,1583365921.459,4.546228888895777,POINT (-121.89552 37.3402973),android,2.239028248263398,0.571789003913688,9.369578488163006
988,9.84,-3.0,321.61005,29788998000000,time,2020-03-04T15:52:01.986000-08:00,37.3403143,-121.8955329,4.501498,1583365921.986,1583365922.093,4.54650277780162,POINT (-121.8955329 37.3403143),android,2.8028122410215257,9.810193965116099,-39.7179955727496
989,9.92,-3.0,319.32773,29789813000000,time,2020-03-04T15:52:02.802000-08:00,37.3403304,-121.895549,4.427041,1583365922.802,1583365922.898,4.546729444464048,POINT (-121.895549 37.3403304),android,10.807930366864582,-22.599689816199056,74.92315454133289
990,9.996,-3.0,319.53452,29790003544465,time,2020-03-04T15:52:03-08:00,37.3403447,-121.8955652,4.399117,1583365923.0,1583365923.107,4.546784444451332,POINT (-121.8955652 37.3403447),android,6.333192817788868,-7.764908646724978,22.502600872211485
991,10.012,-3.0,321.88174,29790412000000,time,2020-03-04T15:52:03.401000-08:00,37.3403619,-121.8955841,4.3169365,1583365923.401,1583365923.526,4.5468958333465785,POINT (-121.8955841 37.3403619),android,3.2194642727274974,1.2586348180754878,0.5152406725342698
992,10.061,-3.0,322.83582,29791077518006,time,2020-03-04T15:52:04-08:00,37.3403752,-121.8955981,4.273599,1583365924.0,1583365924.156,4.54706222222911,POINT (-121.8955981 37.3403752),android,3.97338649994685,1.5672639691305923,-4.419991101886855
993,10.092,-3.0,316.98624,29792078913318,time,2020-03-04T15:52:05-08:00,37.3404025,-121.8956271,4.32517,1583365925.0,1583365925.175,4.547340000006888,POINT (-121.8956271 37.3404025),android,5.540650469077442,-2.8527271327562627,4.226367874323656
994,10.385,-3.0,318.95874,29793096986235,time,2020-03-04T15:52:06-08:00,37.3404386,-121.8956703,4.420805,1583365926.0,1583365926.226,4.547617777784666,POINT (-121.8956703 37.3404386),android,2.6879233363211794,1.3736407415673932,0.3996285788049722
995,11.076,-3.0,320.82315,29793992000000,time,2020-03-04T15:52:06.981000-08:00,37.3404559,-121.8956907,4.231518,1583365926.981,1583365927.097,4.547890277769831,POINT (-121.8956907 37.3404559),android,4.035464830438462,1.7656763560326023,-2.0243961391069205
996,11.889,-3.0,320.81967,29795095429776,time,2020-03-04T15:52:08-08:00,37.3404834,-121.8957218,4.2470293,1583365928.0,1583365928.248,4.548173333340221,POINT (-121.8957218 37.3404834),android,5.834689131532975,-0.29718341783176755,-5.2772893264828244
997,11.872,-3.0,318.39474,29795922000000,time,2020-03-04T15:52:08.911000-08:00,37.3405164,-121.8957653,4.4356074,1583365928.911,1583365929.021,4.548426388899485,POINT (-121.8957653 37.3405164),android,5.563955033920408,-5.104794064717035,19.28848624498718
998,11.751,-3.0,318.31165,29796360000000,time,2020-03-04T15:52:09.348000-08:00,37.3405319,-121.8957847,4.478741,1583365929.348,1583365929.457,4.548547777798441,POINT (-121.8957847 37.3405319),android,3.3331598426432456,3.3242751233498504,-6.551870434186777
999,11.632,-3.0,318.50333,29797090336546,time,2020-03-04T15:52:10-08:00,37.3405466,-121.8958009,4.482868,1583365930.0,1583365930.218,4.548728888895776,POINT (-121.8958009 37.3405466),android,5.500587058213006,-0.9475440748256994,-2.5928454462386483
1000,11.634,-3.0,318.31845,29797494000000,time,2020-03-04T15:52:10.482000-08:00,37.3405637,-121.8958218,4.4875097,1583365930.482,1583365930.59,4.548862777815925,POINT (-121.8958218 37.3405637),android,5.043870707516502,-2.1972958716948807,5.993753648883335
1001,11.516,-3.0,318.728,29797932000000,time,2020-03-04T15:52:10.921000-08:00,37.3405781,-121.8958391,4.4766855,1583365930.921,1583365931.016,4.54898472223017,POINT (-121.8958391 37.3405781),android,4.0792580587299785,0.4339613285307673,-0.709877655915809
1002,10.607,-3.0,320.2791,29798961000000,time,2020-03-04T15:52:11.949000-08:00,37.3406048,-121.8958726,4.4864078,1583365931.949,1583365932.057,4.549270277751817,POINT (-121.8958726 37.3406048),android,4.525370251485812,-0.29579281509569694,12.345763502100137
1003,10.476,-3.0,318.32593,29799512000000,time,2020-03-04T15:52:12.501000-08:00,37.3406215,-121.8958915,4.5164795,1583365932.501,1583365932.614,4.549423611097866,POINT (-121.8958915 37.3406215),android,4.362092604012667,6.519069203207782,-22.379916903161458
1004,10.16,-3.0,317.09558,29800029000000,time,2020-03-04T15:52:13.018000-08:00,37.3406369,-121.8959081,4.517938,1583365933.018,1583365933.125,4.549567222197851,POINT (-121.8959081 37.3406369),android,7.732451120954198,-5.0513469393143104,7.2410114382919435
1005,9.957,-3.0,318.26257,29801331173627,time,2020-03-04T15:52:14-08:00,37.3406877,-121.8959655,4.5397787,1583365934.0,1583365934.437,4.5498400000068875,POINT (-121.8959655 37.3406877),android,2.7720278581014437,2.059327107945241,-3.7495611334840473
1006,9.823,-3.0,317.13153,29802093067272,time,2020-03-04T15:52:15-08:00,37.3407069,-121.8959855,4.5363374,1583365935.0,1583365935.19,4.550117777784665,POINT (-121.8959855 37.3407069),android,4.831354966046685,-1.6902340255388064,2.9707225963665063
1007,9.573,-3.0,320.36145,29802532000000,time,2020-03-04T15:52:15.521000-08:00,37.340725,-121.8960026,4.3084803,1583365935.521,1583365935.628,4.550262499981456,POINT (-121.8960026 37.340725),android,3.950743193486513,-0.14248782480963346,3.085370997265425
1008,9.257,-3.0,321.52182,29803109639563,time,2020-03-04T15:52:16-08:00,37.3407387,-121.8960153,4.2256823,1583365936.0,1583365936.2,4.550395555562443,POINT (-121.8960153 37.3407387),android,3.8824915123575487,1.3354051653546564,-3.2840963867468025
1009,9.264,-3.0,315.9694,29804083903000,time,2020-03-04T15:52:17-08:00,37.3407642,-121.8960453,4.1110153,1583365937.0,1583365937.163,4.550673333340221,POINT (-121.8960453 37.3407642),android,5.217896677712205,-1.948691221392146,4.718051223682302
1010,9.321,-3.0,302.1804,29804498000000,time,2020-03-04T15:52:17.487000-08:00,37.3407778,-121.8960684,4.464884,1583365937.487,1583365937.592,4.55080861111482,POINT (-121.8960684 37.3407778),android,4.268884075195231,0.34899967054732367,-0.1473605461426385
1011,9.327,-3.0,282.8161,29804996753886,time,2020-03-04T15:52:18-08:00,37.3407855,-121.8960912,4.501751,1583365938.0,1583365938.123,4.550951111117999,POINT (-121.8960912 37.3407855),android,4.447920910179993,0.2734037086897425,-1.4191595991781398
1012,9.523,-7.099999904632568,292.0209,29806090921593,time,2020-03-04T15:52:19-08:00,37.3408049,-121.8961352,4.0304413,1583365939.0,1583365939.172,4.551228888895777,POINT (-121.8961352 37.3408049),android,4.721324618869735,-1.1457558904883973,4.345244215823335
1013,9.658,-7.099999904632568,309.8349,29806937000000,time,2020-03-04T15:52:19.926000-08:00,37.3408278,-121.8961754,4.487732,1583365939.926,1583365940.038,4.551486111150847,POINT (-121.8961754 37.3408278),android,3.6603545287854113,2.8779407672135395,-4.9233952706967345
1014,9.985,-7.099999904632568,315.38257,29807829000000,time,2020-03-04T15:52:20.818000-08:00,37.3408509,-121.8961982,4.625599,1583365940.818,1583365940.915,4.551733888917499,POINT (-121.8961982 37.3408509),android,6.227477577865924,-1.5137276170446916,6.003804453109836
1015,10.174,-7.099999904632568,314.8734,29808354000000,time,2020-03-04T15:52:21.343000-08:00,37.3408702,-121.8962261,4.5212812,1583365941.343,1583365941.452,4.551879722211096,POINT (-121.8962261 37.3408702),android,5.432770795457934,1.638268861986856,-2.7374597219127694
1016,10.17,-7.099999904632568,313.05853,29808818000000,time,2020-03-04T15:52:21.807000-08:00,37.3408836,-121.8962491,4.473416,1583365941.807,1583365941.934,4.5520086110962765,POINT (-121.8962491 37.3408836),android,6.192927525546586,0.36808758756836146,-13.07363939046633
1017,10.085,-7.099999904632568,311.71606,29809249000000,time,2020-03-04T15:52:22.238000-08:00,37.3408967,-121.8962744,4.4475036,1583365942.238,1583365942.333,4.552128333316909,POINT (-121.8962744 37.3408967),android,6.351573273682336,-5.2666509149146625,8.902120302823633
1018,10.014,-7.099999904632568,310.90207,29810100383779,time,2020-03-04T15:52:23-08:00,37.3409226,-121.8963184,4.436589,1583365943.0,1583365943.214,4.552340000006888,POINT (-121.8963184 37.3409226),android,2.3383848345224285,1.5167655029326137,-0.5860120400533123
1019,9.941,-7.099999904632568,308.085,29810972000000,time,2020-03-04T15:52:23.961000-08:00,37.3409323,-121.8963407,4.547661,1583365943.961,1583365944.093,4.552606944441795,POINT (-121.8963407 37.3409323),android,3.7959964307666594,0.9536079525605073,-1.6819832902538383
1020,9.931,-7.099999904632568,305.975,29812034000000,time,2020-03-04T15:52:25.023000-08:00,37.3409521,-121.8963789,4.5912595,1583365945.023,1583365945.149,4.552901944451862,POINT (-121.8963789 37.3409521),android,4.808728110944312,-0.832658362643511,6.892123075914745
1021,9.874,-7.099999904632568,306.3071,29812509000000,time,2020-03-04T15:52:25.498000-08:00,37.340963,-121.8964008,4.5727277,1583365945.498,1583365945.611,4.553033888869815,POINT (-121.8964008 37.340963),android,4.413215468097134,2.4410994411319167,-10.411120658136017
1022,9.901,-7.099999904632568,305.80106,29812990000000,time,2020-03-04T15:52:25.979000-08:00,37.3409738,-121.8964206,4.5603275,1583365945.979,1583365946.107,4.553167500032319,POINT (-121.8964206 37.3409738),android,5.587384750916271,-2.5666515216222727,3.1356423913560025
1023,9.881,-7.099999904632568,309.34195,29813438000000,time,2020-03-04T15:52:26.427000-08:00,37.3409889,-121.8964416,4.533819,1583365946.427,1583365946.534,4.553291944464048,POINT (-121.8964416 37.3409889),android,4.437524986721475,-1.161883873833101,5.356178306988954
1024,9.82,-7.099999904632568,311.70743,29813929000000,time,2020-03-04T15:52:26.917000-08:00,37.3410028,-121.8964589,4.5198793,1583365946.917,1583365947.006,4.553428055577808,POINT (-121.8964589 37.3410028),android,3.8682018774626674,1.4626435476719832,-0.28643791567429266
1025,9.823,-7.099999904632568,309.04123,29814557000000,time,2020-03-04T15:52:27.546000-08:00,37.3410174,-121.8964794,4.523231,1583365947.546,1583365947.661,4.553602777785725,POINT (-121.8964794 37.3410174),android,4.788204593624523,1.2824741134639512,-4.861087681539086
1026,9.862,-7.099999904632568,308.2934,29815150149090,time,2020-03-04T15:52:28-08:00,37.3410291,-121.8964991,4.5066414,1583365948.0,1583365948.265,4.553728888895776,POINT (-121.8964991 37.3410291),android,5.370447836244907,-0.9244596754112159,1.648300980809852
1027,9.963,-7.099999904632568,307.22528,29815797000000,time,2020-03-04T15:52:28.786000-08:00,37.3410528,-121.8965364,4.5209193,1583365948.786,1583365948.875,4.553947222232819,POINT (-121.8965364 37.3410528),android,4.643822519028823,0.3711049175125201,-3.4906265581851468
1028,9.759,-7.099999904632568,306.46878,29816402000000,time,2020-03-04T15:52:29.391000-08:00,37.3410686,-121.8965612,4.587835,1583365949.391,1583365949.508,4.554115277793672,POINT (-121.8965612 37.3410686),android,4.868341001202162,-1.7407242167679118,4.2214198755275065
1029,9.529,-7.099999904632568,306.43314,29816867000000,time,2020-03-04T15:52:29.856000-08:00,37.3410808,-121.8965817,4.588236,1583365949.856,1583365949.962,4.554244444436497,POINT (-121.8965817 37.3410808),android,4.058904389812641,0.22223566302500442,1.9024547579924724
1030,9.381,-7.099999904632568,308.66995,29817491000000,time,2020-03-04T15:52:30.480000-08:00,37.3410951,-121.896604,4.4958067,1583365950.48,1583365950.57,4.554417777789964,POINT (-121.896604 37.3410951),android,4.197579459647717,1.4093675699007975,-3.765068442397193
1031,9.304,-7.099999904632568,311.02994,29818091332370,time,2020-03-04T15:52:31-08:00,37.3411081,-121.8966225,4.457853,1583365951.0,1583365951.188,4.55456222222911,POINT (-121.8966225 37.3411081),android,4.930450569114579,-0.5484679483327615,0.6777225500229098
1032,9.464,-7.099999904632568,304.92853,29819814000000,time,2020-03-04T15:52:32.803000-08:00,37.3411598,-121.8966992,4.508465,1583365952.803,1583365952.913,4.555063055555026,POINT (-121.8966992 37.3411598),android,3.9415628729162844,0.6734657912614005,-0.33165806011025967
1033,9.584,-7.099999904632568,305.29977,29820476000000,time,2020-03-04T15:52:33.465000-08:00,37.3411724,-121.8967241,4.5944433,1583365953.465,1583365953.567,4.55524694442749,POINT (-121.8967241 37.3411724),android,4.387397186910776,0.4539081750786226,-0.2513278608379804
1034,9.65,-7.099999904632568,306.65442,29821102500077,time,2020-03-04T15:52:34-08:00,37.3411841,-121.8967462,4.620986,1583365954.0,1583365954.202,4.555395555562443,POINT (-121.8967462 37.3411841),android,4.63023809953709,0.3194477479586597,1.3787985969112426
1035,10.222,-7.099999904632568,307.61572,29822069454817,time,2020-03-04T15:52:35-08:00,37.3412094,-121.8967878,4.5124097,1583365955.0,1583365955.13,4.555673333340221,POINT (-121.8967878 37.3412094),android,4.94968584749575,1.6982463448699023,-11.366584842042805
1036,10.227,-7.099999904632568,307.4724,29822611000000,time,2020-03-04T15:52:35.600000-08:00,37.3412266,-121.8968135,4.568837,1583365955.6,1583365955.704,4.555839999980397,POINT (-121.8968135 37.3412266),android,5.968633492460299,-5.121703476353778,14.037996612072419
1037,10.237,-7.099999904632568,305.91977,29822996213097,time,2020-03-04T15:52:36-08:00,37.3412401,-121.8968345,4.572632,1583365956.0,1583365956.081,4.555951111117999,POINT (-121.8968345 37.3412401),android,3.9199516134750816,0.4934965072428721,-0.44109388508380043
1038,10.145,-7.099999904632568,303.84213,29824071645076,time,2020-03-04T15:52:37-08:00,37.341258,-121.8968727,4.5878944,1583365957.0,1583365957.171,4.5562288888957765,POINT (-121.8968727 37.341258),android,4.413448120717954,0.052402622159071655,-0.023420576549696648
1039,10.148,-7.099999904632568,306.13092,29825079701170,time,2020-03-04T15:52:38-08:00,37.3412783,-121.8969156,4.5820036,1583365958.0,1583365958.176,4.556506666673554,POINT (-121.8969156 37.3412783),android,4.465850742877025,0.028982045609375007,-0.03841921078763514
1040,10.047,-7.099999904632568,307.27902,29826074877732,time,2020-03-04T15:52:39-08:00,37.3413012,-121.8969571,4.619287,1583365959.0,1583365959.212,4.556784444451332,POINT (-121.8969571 37.3413012),android,4.4948327884864,-0.009437165178260133,1.6083111880252337
1041,10.026,-7.099999904632568,302.9594,29826980000000,time,2020-03-04T15:52:39.969000-08:00,37.3413228,-121.8969982,4.558921,1583365959.969,1583365960.087,4.557053611146079,POINT (-121.8969982 37.3413228),android,4.485688174474668,1.549016538601529,-2.9036373387147023
1042,10.04,-7.099999904632568,302.65295,29827577000000,time,2020-03-04T15:52:40.566000-08:00,37.3413358,-121.8970237,4.5342884,1583365960.566,1583365960.682,4.557219444447093,POINT (-121.8970237 37.3413358),android,5.410450867794392,-0.18445461477797687,-5.1642511576402725
1043,10.068,-7.099999904632568,304.43613,29828089901689,time,2020-03-04T15:52:41-08:00,37.3413482,-121.8970452,4.5135484,1583365961.0,1583365961.215,4.557340000006888,POINT (-121.8970452 37.3413482),android,5.330397562166196,-2.425739695994074,6.138813453842418
1044,10.04,-7.099999904632568,303.83838,29828496000000,time,2020-03-04T15:52:41.484000-08:00,37.3413614,-121.8970692,4.515734,1583365961.484,1583365961.583,4.557474444442325,POINT (-121.8970692 37.3413614),android,4.156339627959496,0.5454458166150797,-0.4167643406466005
1045,10.074,-7.099999904632568,304.01892,29829072534866,time,2020-03-04T15:52:42-08:00,37.3413722,-121.8970893,4.5006204,1583365962.0,1583365962.179,4.557617777784666,POINT (-121.8970893 37.3413722),android,4.437789687018918,0.33039540332788064,-0.8246433075333988
1046,10.045,-7.099999904632568,305.87955,29830079585751,time,2020-03-04T15:52:43-08:00,37.3413943,-121.8971311,4.572041,1583365963.0,1583365963.156,4.557895555562443,POINT (-121.8971311 37.3413943),android,4.768185090346798,-0.4942479042055181,1.8667973287233979
1047,9.936,-8.59999942779541,307.5552,29831093427469,time,2020-03-04T15:52:44-08:00,37.3414214,-121.8971729,4.587442,1583365964.0,1583365964.203,4.558173333340221,POINT (-121.8971729 37.3414214),android,4.27393718614128,1.3725494245178798,-3.2371766723052597
1048,9.925,-8.59999942779541,310.49005,29832009000000,time,2020-03-04T15:52:44.998000-08:00,37.3414432,-121.8972126,4.4713087,1583365964.998,1583365965.171,4.558450555536482,POINT (-121.8972126 37.3414432),android,5.643741383531541,-1.8581525918959692,6.597640717479204
1049,9.887,-8.59999942779541,308.88678,29832474000000,time,2020-03-04T15:52:45.462000-08:00,37.3414562,-121.8972373,4.508021,1583365965.462,1583365965.579,4.558579444421662,POINT (-121.8972373 37.3414562),android,4.781558605700825,1.2031526129263748,-10.21873796263441
1050,9.854,-8.59999942779541,308.19925,29832954000000,time,2020-03-04T15:52:45.943000-08:00,37.3414683,-121.8972584,4.504689,1583365965.943,1583365966.059,4.558713055584166,POINT (-121.8972584 37.3414683),android,5.360275235117066,-3.712062237698278,20.9610236927429
1051,9.861,-8.59999942779541,309.95508,29833426000000,time,2020-03-04T15:52:46.415000-08:00,37.3414814,-121.8972818,4.5343513,1583365966.415,1583365966.531,4.558844166662958,POINT (-121.8972818 37.3414814),android,3.6081822908154857,6.181538506497597,-18.7668365869545
1052,9.848,-8.59999942779541,310.24695,29833999931166,time,2020-03-04T15:52:47-08:00,37.341493,-121.8973007,4.538753,1583365967.0,1583365967.076,4.559006666673555,POINT (-121.8973007 37.341493),android,7.224382552923561,-4.797061612768788,6.365582320032684
1053,9.876,-8.59999942779541,306.6218,29835383993821,time,2020-03-04T15:52:48-08:00,37.3415334,-121.8973647,4.6282654,1583365968.0,1583365968.48,4.5592844444513325,POINT (-121.8973647 37.3415334),android,2.427320940154772,1.5685207072638958,-1.5732736712976503
1054,10.018,-8.59999942779541,305.6524,29836020062935,time,2020-03-04T15:52:49-08:00,37.3415452,-121.8973878,4.627106,1583365969.0,1583365969.126,4.5595622222291095,POINT (-121.8973878 37.3415452),android,3.995841647418668,-0.00475296403375447,1.9349701380028554
1055,9.928,-8.59999942779541,304.32285,29837073111841,time,2020-03-04T15:52:50-08:00,37.3415635,-121.8974267,4.5284953,1583365970.0,1583365970.174,4.559840000006887,POINT (-121.8974267 37.3415635),android,3.9910886833849135,1.930217173969101,-0.22617575200681508
1056,9.776,-8.59999942779541,305.0096,29838046000000,time,2020-03-04T15:52:51.035000-08:00,37.3415842,-121.8974655,4.5397067,1583365971.035,1583365971.135,4.560127500030729,POINT (-121.8974655 37.3415842),android,5.988863624114802,1.6961252512292269,-23.07173807023552
1057,9.8,-8.59999942779541,307.4108,29838476000000,time,2020-03-04T15:52:51.465000-08:00,37.3415981,-121.8974888,4.538908,1583365971.465,1583365971.567,4.56024694442749,POINT (-121.8974888 37.3415981),android,6.718197190984173,-8.224718158445722,19.32966816877599
1058,9.75,-8.59999942779541,307.048,29839114432726,time,2020-03-04T15:52:52-08:00,37.3416192,-121.8975196,4.5541034,1583365972.0,1583365972.198,4.560395555562443,POINT (-121.8975196 37.3416192),android,2.3179722702824903,2.116655970928159,0.4964328210891532
1059,9.733,-8.59999942779541,305.8146,29839994000000,time,2020-03-04T15:52:52.983000-08:00,37.3416326,-121.8975391,4.630668,1583365972.983,1583365973.085,4.560668611129125,POINT (-121.8975391 37.3416326),android,4.398645174486089,2.6046494539430762,-2.900036823658417
1060,9.718,-8.59999942779541,307.14407,29840614000000,time,2020-03-04T15:52:53.603000-08:00,37.3416483,-121.8975628,4.596239,1583365973.603,1583365973.737,4.560840833319558,POINT (-121.8975628 37.3416483),android,6.013527537852322,0.806626955157734,-12.867539107473796
1061,9.656,-8.59999942779541,308.51413,29840995946475,time,2020-03-04T15:52:54-08:00,37.3416617,-121.8975839,4.571949,1583365974.0,1583365974.109,4.560951111117999,POINT (-121.8975839 37.3416617),android,6.333758499052176,-4.301787027681805,8.63380650960956
1062,9.565,-8.59999942779541,305.7731,29841719000000,time,2020-03-04T15:52:54.708000-08:00,37.3416871,-121.8976233,4.412467,1583365974.708,1583365974.801,4.561147777769301,POINT (-121.8976233 37.3416871),android,3.2880935213986784,1.8109475035590705,-4.073105674235265
1063,9.883,-8.59999942779541,305.73746,29842509000000,time,2020-03-04T15:52:55.498000-08:00,37.3417008,-121.8976471,4.3148046,1583365975.498,1583365975.58,4.561367222203149,POINT (-121.8976471 37.3417008),android,4.718741980128179,-1.406805823710138,2.6592813920306986
1064,9.896,-8.59999942779541,305.0785,29842975000000,time,2020-03-04T15:52:55.964000-08:00,37.341712,-121.8976676,4.2854342,1583365975.964,1583365976.064,4.5614966666698455,POINT (-121.8976676 37.341712),android,4.06317035358195,-0.16758048199240988,0.8220916117228387
1065,9.87,-8.59999942779541,305.8934,29844084017828,time,2020-03-04T15:52:57-08:00,37.3417346,-121.8977058,4.3109407,1583365977.0,1583365977.181,4.561784444451332,POINT (-121.8977058 37.3417346),android,3.8895569720003724,0.6841064387285583,0.2579476388952264
1066,10.051,-8.59999942779541,311.20972,29845049000000,time,2020-03-04T15:52:58.037000-08:00,37.3417587,-121.8977399,4.531736,1583365978.037,1583365978.169,4.562072499990463,POINT (-121.8977399 37.3417587),android,4.598975308512173,0.9515981250110297,-0.641716193798241
1067,10.176,-8.59999942779541,306.49814,29846084887307,time,2020-03-04T15:52:59-08:00,37.3417852,-121.8977773,4.631378,1583365979.0,1583365979.192,4.562340000006888,POINT (-121.8977773 37.3417852),android,5.515364359163706,0.33362539244005196,-7.556477423802801
1068,10.105,-8.59999942779541,307.54736,29846837000000,time,2020-03-04T15:52:59.826000-08:00,37.3418079,-121.8978202,4.4572525,1583365979.826,1583365979.931,4.562569444444445,POINT (-121.8978202 37.3418079),android,5.7909389250467695,-5.9080247722541825,15.73155923117447
1069,10.142,-8.59999942779541,305.95615,29847280000000,time,2020-03-04T15:53:00.269000-08:00,37.3418192,-121.8978455,4.5559587,1583365980.269,1583365980.378,4.562692500021723,POINT (-121.8978455 37.3418192),android,3.173683488922985,1.0610571973843956,0.8224104576286204
1070,10.205,-8.59999942779541,304.8363,29847987000000,time,2020-03-04T15:53:00.976000-08:00,37.3418294,-121.8978674,4.5822234,1583365980.976,1583365981.089,4.56288888891538,POINT (-121.8978674 37.3418294),android,3.9238509456880064,1.6425014050454414,-2.676349718863736
1071,10.34,-8.59999942779541,306.95486,29849093000000,time,2020-03-04T15:53:02.081000-08:00,37.3418508,-121.8979084,4.449246,1583365982.081,1583365982.181,4.563195833365122,POINT (-121.8979084 37.3418508),android,5.738815029591447,-1.3148650853463064,1.0290662332586982
1072,10.273,-8.59999942779541,308.28375,29849549000000,time,2020-03-04T15:53:02.538000-08:00,37.3418655,-121.8979316,4.5407324,1583365982.538,1583365982.633,4.563322777814335,POINT (-121.8979316 37.3418655),android,5.13792166301703,-0.8445817990819887,5.112962758008683
1073,10.179,-8.59999942779541,308.72488,29850091567826,time,2020-03-04T15:53:03-08:00,37.341879,-121.8979524,4.5692177,1583365983.0,1583365983.183,4.563451111117999,POINT (-121.8979524 37.341879),android,4.74772496205222,1.5176064489946812,-4.274545257711924
1074,10.179,-8.59999942779541,303.79813,29851104297253,time,2020-03-04T15:53:04-08:00,37.341905,-121.897995,4.711883,1583365984.0,1583365984.218,4.563728888895777,POINT (-121.897995 37.341905),android,6.265331411046901,-2.7569388087172424,2.2319521748559383
1075,10.218,-8.59999942779541,308.76367,29851756000000,time,2020-03-04T15:53:04.745000-08:00,37.3419298,-121.8980376,4.624632,1583365984.745,1583365984.839,4.563935833308432,POINT (-121.8980376 37.3419298),android,4.211412314059164,-1.094134693876224,6.328701422370342
1076,9.987,-8.59999942779541,310.22693,29852454000000,time,2020-03-04T15:53:05.442000-08:00,37.3419456,-121.8980642,4.442263,1583365985.442,1583365985.542,4.5641294444269604,POINT (-121.8980642 37.3419456),android,3.448800403210887,3.316970366510465,-7.304722000226626
1077,9.701,-8.59999942779541,309.52377,29853070940950,time,2020-03-04T15:53:06-08:00,37.341956,-121.8980816,4.3859477,1583365986.0,1583365986.175,4.564284444451332,POINT (-121.8980816 37.341956),android,5.299670158748196,-0.7590651505179625,0.5004441907959059
1078,9.685,-8.59999942779541,305.5513,29853535000000,time,2020-03-04T15:53:06.524000-08:00,37.3419723,-121.8981054,4.551292,1583365986.524,1583365986.642,4.564429999987285,POINT (-121.8981054 37.3419723),android,4.901920073445453,-0.49683242985820497,3.22367687676137
1079,9.609,-8.59999942779541,301.22025,29854000198397,time,2020-03-04T15:53:07-08:00,37.3419848,-121.8981266,4.593222,1583365987.0,1583365987.103,4.56456222222911,POINT (-121.8981266 37.3419848),android,4.665427801770539,1.0376379909812075,-2.54446226880133
1080,9.544,-8.59999942779541,301.94836,29855071135324,time,2020-03-04T15:53:08-08:00,37.3420089,-121.8981698,4.667644,1583365988.0,1583365988.167,4.564840000006888,POINT (-121.8981698 37.3420089),android,5.7030657927517465,-1.5068242778201224,4.564189519979099
1081,9.664,-8.59999942779541,303.8716,29856084300688,time,2020-03-04T15:53:09-08:00,37.3420429,-121.8982181,4.7895193,1583365989.0,1583365989.165,4.565117777784665,POINT (-121.8982181 37.3420429),android,4.196241514931624,3.0573652421589763,-18.08517119518829
1082,9.656,-8.59999942779541,304.84482,29856651000000,time,2020-03-04T15:53:09.640000-08:00,37.3420575,-121.8982423,4.7129283,1583365989.64,1583365989.743,4.565295555591583,POINT (-121.8982423 37.3420575),android,6.152955590643747,-8.51714621997149,42.65171329970391
1083,9.593,-8.59999942779541,304.7418,29856996579490,time,2020-03-04T15:53:10-08:00,37.3420695,-121.8982623,4.6801667,1583365990.0,1583365990.097,4.565395555562443,POINT (-121.8982623 37.3420695),android,3.086783844938206,6.837466093579128,-19.07609702887085
1084,9.759,-8.59999942779541,304.48648,29857866000000,time,2020-03-04T15:53:10.855000-08:00,37.3420851,-121.8982848,4.575722,1583365990.855,1583365990.953,4.565633055567742,POINT (-121.8982848 37.3420851),android,8.932817485362676,-9.472597229953127,12.694666549985712
1085,9.896,-8.59999942779541,301.77832,29858397000000,time,2020-03-04T15:53:11.386000-08:00,37.3421104,-121.898328,4.4058423,1583365991.386,1583365991.509,4.565780555539661,POINT (-121.898328 37.3421104),android,3.9028693138374706,-2.731730575207923,13.308529592828053
1086,9.848,-8.59999942779541,300.04187,29859073632041,time,2020-03-04T15:53:12-08:00,37.3421223,-121.8983506,4.3532186,1583365992.0,1583365992.194,4.5659511111179985,POINT (-121.8983506 37.3421223),android,2.2255865166142152,5.439707686300748,-13.119853420177652
1087,9.81,-8.59999942779541,302.73386,29859974000000,time,2020-03-04T15:53:12.962000-08:00,37.3421335,-121.8983703,4.2825418,1583365992.962,1583365993.064,4.566218333310551,POINT (-121.8983703 37.3421335),android,7.4585847298120695,-7.181589902558623,10.007311428255042
1088,9.728,-8.59999942779541,302.61105,29860512000000,time,2020-03-04T15:53:13.501000-08:00,37.3421536,-121.8984081,4.1308947,1583365993.501,1583365993.618,4.56636805554231,POINT (-121.8984081 37.3421536),android,3.5877075257726494,-1.7876486991553846,13.882351287787571
1089,9.653,-8.59999942779541,301.65002,29861030000000,time,2020-03-04T15:53:14.018000-08:00,37.3421619,-121.8984263,4.087432,1583365994.018,1583365994.129,4.566511666642295,POINT (-121.8984263 37.3421619),android,2.663493219912371,5.389526360582631,-11.000828332788705
1090,9.684,-8.59999942779541,300.71704,29861904000000,time,2020-03-04T15:53:14.893000-08:00,37.342172,-121.8984494,4.257156,1583365994.893,1583365994.999,4.56675472219785,POINT (-121.8984494 37.342172),android,7.379328785422174,-4.2361984306074865,6.0121757330631
1091,9.646,-8.59999942779541,300.02994,29863351634123,time,2020-03-04T15:53:16-08:00,37.3422105,-121.8985281,4.5025744,1583365996.0,1583365996.45,4.56706222222911,POINT (-121.8985281 37.3422105),android,2.689856646025156,2.4192807824649596,-3.3073068334133224
1092,9.767,-8.59999942779541,298.9472,29864077000000,time,2020-03-04T15:53:17.066000-08:00,37.3422243,-121.8985555,4.697699,1583365997.066,1583365997.162,4.567358333335982,POINT (-121.8985555 37.3422243),android,5.268809923217508,-1.106308251488145,-1.4028079210282596
1093,9.726,-8.59999942779541,293.72287,29864950000000,time,2020-03-04T15:53:17.939000-08:00,37.3422427,-121.8986021,4.681886,1583365997.939,1583365998.047,4.5676008333100215,POINT (-121.8986021 37.3422427),android,4.303002923064018,-2.330959435439271,5.85733429707569
1094,9.463,-8.59999942779541,297.48288,29866074110893,time,2020-03-04T15:53:19-08:00,37.342259,-121.8986495,3.9127052,1583365999.0,1583365999.17,4.567895555562443,POINT (-121.8986495 37.342259),android,1.8298547086436714,3.883672890560814,-5.312908417200766
1095,9.561,-8.59999942779541,297.97327,29867040000000,time,2020-03-04T15:53:20.029000-08:00,37.3422699,-121.8986658,3.803723,1583366000.029,1583366000.089,4.568181388907963,POINT (-121.8986658 37.3422699),android,5.8261542834036675,-1.5833101038108515,1.661380212833133
1096,9.535,-8.59999942779541,287.87326,29868576000000,time,2020-03-04T15:53:21.565000-08:00,37.3423058,-121.8987564,4.737991,1583366001.565,1583366001.748,4.568608055578338,POINT (-121.8987564 37.3423058),android,3.394189942810729,0.9685699252826596,11.167898452316951
1097,9.397,-8.59999942779541,286.47113,29870099000000,time,2020-03-04T15:53:23.088000-08:00,37.3423197,-121.8988122,4.690967,1583366003.088,1583366003.168,4.569031111134423,POINT (-121.8988122 37.3423197),android,4.86932194086362,17.97727928946245,-71.89945763967498
1098,9.746,-8.59999942779541,290.2711,29870631000000,time,2020-03-04T15:53:23.620000-08:00,37.3423273,-121.8988399,4.6512065,1583366003.62,1583366003.706,4.569178888863988,POINT (-121.8988399 37.3423273),android,14.43323140256419,-20.273219695347397,47.84447124635514
1099,9.296,-8.59999942779541,287.05975,29871003431099,time,2020-03-04T15:53:24-08:00,37.3423418,-121.8988992,5.0666947,1583366004.0,1583366004.096,4.569284444451332,POINT (-121.8988992 37.3423418),android,6.729405598246307,-2.092315146367233,2.8160312296086305
1100,8.456,-8.59999942779541,283.56958,29872319256984,time,2020-03-04T15:53:25-08:00,37.3423546,-121.8989736,5.203274,1583366005.0,1583366005.41,4.56956222222911,POINT (-121.8989736 37.3423546),android,4.637090451879073,0.7237160832413974,-0.5125935682174632
1101,7.533,-8.59999942779541,283.3696,29873120589744,time,2020-03-04T15:53:26-08:00,37.3423587,-121.8990258,5.0861588,1583366006.0,1583366006.199,4.569840000006888,POINT (-121.8990258 37.3423587),android,5.360806535120471,0.2111225150239342,-0.012541397398818432
1102,6.189,-8.59999942779541,281.28177,29874096873806,time,2020-03-04T15:53:27-08:00,37.3423667,-121.8990856,5.387108,1583366007.0,1583366007.184,4.570117777784666,POINT (-121.8990856 37.3423667),android,5.571929050144405,0.19858111762511577,-0.2696234210123398
1103,4.798,-8.59999942779541,279.6309,29875077335629,time,2020-03-04T15:53:28-08:00,37.3423748,-121.8991478,5.354555,1583366008.0,1583366008.176,4.570395555562444,POINT (-121.8991478 37.3423748),android,5.770510167769521,-0.07104230338722406,-0.20795705459079805
1104,3.72,-8.59999942779541,276.66367,29876078831931,time,2020-03-04T15:53:29-08:00,37.3423786,-121.8992129,5.312604,1583366009.0,1583366009.157,4.570673333340221,POINT (-121.8992129 37.3423786),android,5.699467864382297,-0.2789993579780221,-0.005257638729172065
1105,3.75,-8.59999942779541,274.78534,29877097366461,time,2020-03-04T15:53:30-08:00,37.3423833,-121.8992771,5.3629713,1583366010.0,1583366010.2,4.570951111117998,POINT (-121.8992771 37.3423833),android,5.420468506404275,-0.2842569967071942,0.5130472058289977
1106,3.75,-8.59999942779541,271.91922,29878100960628,time,2020-03-04T15:53:31-08:00,37.3423844,-121.8993384,5.2699924,1583366011.0,1583366011.193,4.571228888895776,POINT (-121.8993384 37.3423844),android,5.13621150969708,0.22879020912180348,-0.4841010019911449
1107,3.9,-8.59999942779541,270.45837,29879078536929,time,2020-03-04T15:53:32-08:00,37.3423845,-121.8993965,5.243407,1583366012.0,1583366012.17,4.571506666673554,POINT (-121.8993965 37.3423845),android,5.365001718818884,-0.25531079286934144,0.6089210016664364
1108,3.9,-8.59999942779541,269.73474,29880097657554,time,2020-03-04T15:53:33-08:00,37.3423819,-121.8994571,5.2409735,1583366013.0,1583366013.179,4.571784444451332,POINT (-121.8994571 37.3423819),android,5.109690925949542,0.3536102087970949,-0.3968988914140068
1109,3.9,-8.59999942779541,267.95642,29881052640106,time,2020-03-04T15:53:34-08:00,37.3423818,-121.8995149,5.2219405,1583366014.0,1583366014.257,4.57206222222911,POINT (-121.8995149 37.3423818),android,5.463301134746637,-0.04328868261691188,-0.005001402455532933
1110,3.978,-8.59999942779541,266.27765,29882094121668,time,2020-03-04T15:53:35-08:00,37.3423819,-121.8995767,5.151631,1583366015.0,1583366015.211,4.5723400000068875,POINT (-121.8995767 37.3423819),android,5.4200124521297255,-0.04829008507244481,-0.34984155166771647
1111,3.978,-8.59999942779541,263.75638,29883080211824,time,2020-03-04T15:53:36-08:00,37.342381,-121.899638,5.20059,1583366016.0,1583366016.157,4.572617777784665,POINT (-121.899638 37.342381),android,5.371722367057281,-0.3981316367401613,0.7436351004227681
1112,3.978,-8.59999942779541,262.6565,29884075516355,time,2020-03-04T15:53:37-08:00,37.3423765,-121.8996985,5.1504097,1583366017.0,1583366017.178,4.572895555562443,POINT (-121.8996985 37.3423765),android,4.973590730317119,0.34550346368260687,-0.8551279231837254
1113,3.978,-8.59999942779541,260.97482,29884999779583,time,2020-03-04T15:53:38-08:00,37.3423722,-121.8997545,5.060952,1583366018.0,1583366018.069,4.573173333340221,POINT (-121.8997545 37.3423722),android,5.319094193999726,-0.5096244595011186,0.17818724704553457
1114,3.991,-8.59999942779541,259.54135,29886094879010,time,2020-03-04T15:53:39-08:00,37.3423641,-121.8998138,4.960655,1583366019.0,1583366019.169,4.573451111117999,POINT (-121.8998138 37.3423641),android,4.809469734498608,-0.331437212455584,0.6269714780925462
1115,3.9,-8.59999942779541,256.76877,29887094663645,time,2020-03-04T15:53:40-08:00,37.342354,-121.8998667,4.88653,1583366020.0,1583366020.174,4.573728888895777,POINT (-121.8998667 37.342354),android,4.478032522043024,0.29553426563696217,-0.21689950409282766
1116,3.9,-8.59999942779541,253.57574,29887999709218,time,2020-03-04T15:53:41-08:00,37.3423409,-121.8999146,4.7076745,1583366021.0,1583366021.101,4.574006666673554,POINT (-121.8999146 37.3423409),android,4.773566787679986,0.07863476154413451,-0.5993492339894875
1117,3.9,-8.59999942779541,252.2505,29888995129738,time,2020-03-04T15:53:42-08:00,37.3423275,-121.8999659,4.5737557,1583366022.0,1583366022.051,4.574284444451332,POINT (-121.8999659 37.3423275),android,4.85220154922412,-0.520714472445353,0.6623499657983318
1118,3.9,-11.0,249.80981,29890077332186,time,2020-03-04T15:53:43-08:00,37.3423133,-121.9000178,4.5544834,1583366023.0,1583366023.189,4.57456222222911,POINT (-121.9000178 37.3423133),android,4.331487076778767,0.14163549335297887,-3.9935479048481706
1119,3.9,-11.0,246.63293,29891074200519,time,2020-03-04T15:53:44-08:00,37.342296,-121.9000617,4.50694,1583366024.0,1583366024.184,4.574840000006888,POINT (-121.9000617 37.342296),android,4.473122570131746,-3.8519124114951917,3.3733027723390845
1120,3.9,-11.0,247.52657,29892074274268,time,2020-03-04T15:53:45-08:00,37.3422773,-121.9001065,4.624626,1583366025.0,1583366025.158,4.575117777784666,POINT (-121.9001065 37.3422773),android,0.6212101586365545,-0.47860963915610716,5.4296771087920614
1121,4.391,-11.0,281.60388,29892262000000,time,2020-03-04T15:53:45.251000-08:00,37.3422787,-121.9001064,1.0957161,1583366025.251,1583366025.317,4.575187499986755,POINT (-121.9001064 37.3422787),android,0.5010791738976383,0.8842389216117864,11.053621095249312
1122,4.813,-11.0,63.66899,29892917000000,time,2020-03-04T15:53:45.906000-08:00,37.3422814,-121.9001049,2.1173067,1583366025.906,1583366025.985,4.575369444423251,POINT (-121.9001049 37.3422814),android,1.08025564225508,8.12436042275345,-11.584325135152069
1123,5.696,-11.0,275.92783,29893399000000,time,2020-03-04T15:53:46.388000-08:00,37.3422782,-121.9001092,1.288448,1583366026.388,1583366026.493,4.5755033333434,POINT (-121.9001092 37.3422782),android,4.99619828028552,2.5407144039846967,-7.175916762790599
1124,6.196,-12.0,255.01004,29894087933174,time,2020-03-04T15:53:47-08:00,37.3422672,-121.9001409,3.5065691,1583366027.0,1583366027.225,4.575673333340221,POINT (-121.9001409 37.3422672),android,6.551115466447985,-1.8509465727212993,2.719630301778884
1125,7.335,-12.0,249.19649,29895003147965,time,2020-03-04T15:53:48-08:00,37.3422436,-121.9002088,4.3717966,1583366028.0,1583366028.127,4.575951111117999,POINT (-121.9002088 37.3422436),android,4.700168893726686,0.8686837290575848,-3.0993618156575815
1126,8.43,-12.0,246.90662,29895633000000,time,2020-03-04T15:53:48.621000-08:00,37.3422315,-121.9002381,4.394971,1583366028.621,1583366028.731,4.576123611132304,POINT (-121.9002381 37.3422315),android,5.23962153420728,-1.0560201180779882,1.7076741830087816
1127,8.547,-12.0,246.73529,29896063000000,time,2020-03-04T15:53:49.052000-08:00,37.3422225,-121.900261,4.389662,1583366029.052,1583366029.151,4.576243333352936,POINT (-121.900261 37.3422225),android,4.784476869358262,-0.32001255497259334,5.120247336953851
1128,9.356,-12.0,246.68205,29896571000000,time,2020-03-04T15:53:49.560000-08:00,37.3422129,-121.9002857,4.373513,1583366029.56,1583366029.656,4.576384444435438,POINT (-121.9002857 37.3422129),android,4.6219105243924625,2.2810725648307377,-14.023910545102941
1129,9.394,-14.0,247.50764,29896997729058,time,2020-03-04T15:53:50-08:00,37.3422058,-121.9003069,4.365378,1583366030.0,1583366030.085,4.576506666673554,POINT (-121.9003069 37.3422058),android,5.625582583442006,-3.889448877469155,8.6428905165313
1130,9.631,-14.0,241.95801,29897419000000,time,2020-03-04T15:53:50.408000-08:00,37.3421955,-121.9003294,4.3376,1583366030.408,1583366030.532,4.576620000004769,POINT (-121.9003294 37.3421955),android,4.038687471108731,-0.3631496126644057,1.4100091035458977
1131,9.493,-14.0,237.18832,29897857000000,time,2020-03-04T15:53:50.846000-08:00,37.3421865,-121.9003459,4.3163586,1583366030.846,1583366030.95,4.576741666661368,POINT (-121.9003459 37.3421865),android,3.879627953922127,0.2544343235904977,-0.5863751851819785
1132,9.439,-14.0,239.29285,29898873000000,time,2020-03-04T15:53:51.862000-08:00,37.3421672,-121.9003833,4.4898314,1583366031.862,1583366031.939,4.577023888892597,POINT (-121.9003833 37.3421672),android,4.138133234940087,-0.3413228835675649,1.7783581805532416
1133,9.48,-14.0,231.97922,29899876000000,time,2020-03-04T15:53:52.865000-08:00,37.3421469,-121.9004227,4.5052648,1583366032.865,1583366032.962,4.577302500009536,POINT (-121.9004227 37.3421469),android,3.79578637556058,1.442370408838776,-4.306600535754178
1134,9.479,-15.0,231.84073,29900546000000,time,2020-03-04T15:53:53.535000-08:00,37.3421311,-121.9004435,4.5383687,1583366033.535,1583366033.639,4.577488611141841,POINT (-121.9004435 37.3421311),android,4.762174659526689,-1.443052278684069,8.233980805524117
1135,9.343,-13.0,232.38647,29900994786713,time,2020-03-04T15:53:54-08:00,37.3421186,-121.900463,4.524978,1583366034.0,1583366034.117,4.577617777784665,POINT (-121.900463 37.3421186),android,4.091155473796768,2.385748089156404,-14.575421951821673
1136,9.357,-13.0,232.85394,29901637000000,time,2020-03-04T15:53:54.626000-08:00,37.3421057,-121.900487,4.054524,1583366034.626,1583366034.739,4.577791666653421,POINT (-121.900487 37.3421057),android,5.584633604691449,-6.738464996268339,27.762904107872675
1137,9.363,-13.0,234.48576,29901997791712,time,2020-03-04T15:53:55-08:00,37.3420957,-121.900507,3.8241851,1583366035.0,1583366035.076,4.577895555562443,POINT (-121.900507 37.3420957),android,3.064447207688214,3.6448631523104553,-10.027248236091319
1138,9.545,-13.0,235.76006,29902698000000,time,2020-03-04T15:53:55.687000-08:00,37.3420853,-121.9005269,3.7292416,1583366035.687,1583366035.789,4.578086388905843,POINT (-121.9005269 37.3420853),android,5.568468325413967,-3.2438567492679864,-3.3474092268258637
1139,9.79,-12.0,237.77841,29902999644368,time,2020-03-04T15:53:56-08:00,37.3420766,-121.9005433,3.715497,1583366036.0,1583366036.108,4.578173333340221,POINT (-121.9005433 37.3420766),android,4.553141280449236,-4.29159571595563,20.184863360640602
1140,9.756,-12.0,244.46378,29903430000000,time,2020-03-04T15:53:56.419000-08:00,37.3420679,-121.9005619,3.5875363,1583366036.419,1583366036.529,4.578289722204208,POINT (-121.9005619 37.3420679),android,2.754963060185581,4.16586022267292,-10.771354591422721
1141,9.715,-12.0,247.86205,29904076654628,time,2020-03-04T15:53:57-08:00,37.3420618,-121.9005783,3.544313,1583366037.0,1583366037.177,4.578451111117999,POINT (-121.9005783 37.3420618),android,5.1753282230086946,-2.0922977605459185,2.5812057100503316
1142,9.652,-12.0,238.44954,29904742000000,time,2020-03-04T15:53:57.731000-08:00,37.342046,-121.9006162,3.6279812,1583366037.731,1583366037.842,4.578654166658719,POINT (-121.9006162 37.342046),android,3.645858671790384,-0.2054365243503832,1.210243073124904
1143,9.802,-11.0,238.63606,29905851000000,time,2020-03-04T15:53:58.840000-08:00,37.3420274,-121.9006555,3.7591233,1583366038.84,1583366038.941,4.578962222205268,POINT (-121.9006555 37.3420274),android,3.418029572947073,1.1367230045030923,1.1897625821777924
1144,10.089,-11.0,244.1811,29907031000000,time,2020-03-04T15:54:00.020000-08:00,37.3420101,-121.9006956,4.169925,1583366040.02,1583366040.128,4.579290000001589,POINT (-121.9006956 37.3420101),android,4.7593627941451695,2.5406429308981084,0.7307274177928035
1145,10.796,-11.0,241.28441,29907543000000,time,2020-03-04T15:54:00.532000-08:00,37.3420007,-121.9007205,4.4372134,1583366040.532,1583366040.622,4.5794322222471235,POINT (-121.9007205 37.3420007),android,6.060172187984241,2.9147754301331092,-9.736534532535364
1146,11.247,-11.0,238.97842,29907985000000,time,2020-03-04T15:54:00.974000-08:00,37.3419886,-121.9007467,4.5275154,1583366040.974,1583366041.104,4.579555000000529,POINT (-121.9007467 37.3419886),android,7.348502672366401,-1.388771978983094,1.2114766793960317
1147,11.91,-11.0,245.91878,29909076865303,time,2020-03-04T15:54:02-08:00,37.3419651,-121.9008267,5.0301185,1583366042.0,1583366042.165,4.579840000006888,POINT (-121.9008267 37.3419651),android,5.923622590143278,-0.14579687819426468,-3.292072216788659
1148,11.919,-11.0,237.26347,29910018986241,time,2020-03-04T15:54:03-08:00,37.3419397,-121.9008856,5.118172,1583366043.0,1583366043.107,4.5801177777846656,POINT (-121.9008856 37.3419397),android,5.7778257119490135,-3.437869094982924,4.827597290204305
1149,11.954,-11.0,237.64139,29911076805980,time,2020-03-04T15:54:04-08:00,37.3419109,-121.90094,4.518121,1583366044.0,1583366044.179,4.580395555562443,POINT (-121.90094 37.3419109),android,2.3399566169660897,1.3897281952213811,-3.2086005089821548
1150,12.44,-12.0,114.94637,29912075754990,time,2020-03-04T15:54:05-08:00,37.3418983,-121.9009612,3.9558105,1583366045.0,1583366045.16,4.580673333340221,POINT (-121.9009612 37.3418983),android,3.729684812187471,-1.8188723137607736,8.531732339526076
1151,12.765,-12.0,219.41435,29912415000000,time,2020-03-04T15:54:05.403000-08:00,37.3418882,-121.9009499,2.9163258,1583366045.403,1583366045.498,4.580785277816984,POINT (-121.9009499 37.3418882),android,2.996679058119238,1.6194168117205043,-2.4658236226648316
1152,12.965,-12.0,235.12567,29913083411031,time,2020-03-04T15:54:06-08:00,37.3418774,-121.9009649,4.2171445,1583366046.0,1583366046.181,4.580951111117999,POINT (-121.9009649 37.3418774),android,3.9634707063000403,0.1473203958839042,-7.547009189308956
1153,12.523,-12.0,237.56178,29913534000000,time,2020-03-04T15:54:06.523000-08:00,37.3418678,-121.900985,4.414466,1583366046.523,1583366046.623,4.581096388896307,POINT (-121.900985 37.3418678),android,4.0405192736283135,-3.7997654245194576,13.22796686857156
1154,12.85,-12.0,237.50337,29914077391239,time,2020-03-04T15:54:07-08:00,37.3418593,-121.901004,4.4538746,1583366047.0,1583366047.221,4.581228888895777,POINT (-121.901004 37.3418593),android,2.2280311733800096,2.5099747465588322,-0.8258374516339233
1155,13.919,-12.0,237.01724,29914731000000,time,2020-03-04T15:54:07.720000-08:00,37.3418528,-121.9010202,4.2607584,1583366047.72,1583366047.832,4.581428888903724,POINT (-121.9010202 37.3418528),android,4.035213062713322,1.9153717577550085,-6.271514200165124
1156,15.488,-11.0,242.96497,29915666000000,time,2020-03-04T15:54:08.655000-08:00,37.3418366,-121.9010577,4.471942,1583366048.655,1583366048.736,4.581688611110051,POINT (-121.9010577 37.3418366),android,5.826085546615804,-3.9484936605404615,31.81561264282913
1157,15.455,-11.0,245.76552,29916087000000,time,2020-03-04T15:54:09.076000-08:00,37.3418272,-121.9010828,4.531109,1583366049.076,1583366049.195,4.5818055555555555,POINT (-121.9010828 37.3418272),android,4.163769700465962,9.445879383457532,-32.318457579366154
1158,15.428,-11.0,245.41112,29916783000000,time,2020-03-04T15:54:09.772000-08:00,37.341816,-121.9011124,4.5288367,1583366049.772,1583366049.876,4.58199888891644,POINT (-121.9011124 37.341816),android,10.73810268821483,-13.047770297194738,4.769229889780486
1159,15.401,-11.0,244.87161,29917000859675,time,2020-03-04T15:54:10-08:00,37.3418062,-121.9011372,4.5296965,1583366050.0,1583366050.078,4.58206222222911,POINT (-121.9011372 37.3418062),android,7.763212031033657,-11.960386237091567,41.766415971084676
1160,15.075,-11.0,245.44637,29917361000000,time,2020-03-04T15:54:10.350000-08:00,37.3417963,-121.9011653,4.5331483,1583366050.35,1583366050.47,4.582159444424841,POINT (-121.9011653 37.3417963),android,3.5770779886829245,2.657855369632248,-4.2459097429300545
1161,14.75,-10.0,249.02472,29918076500300,time,2020-03-04T15:54:11-08:00,37.3417883,-121.9011896,4.549061,1583366051.0,1583366051.194,4.582340000006887,POINT (-121.9011896 37.3417883),android,5.304684232416726,-0.1019863681937949,3.347248967777992
1162,14.235,-10.0,263.3345,29918930000000,time,2020-03-04T15:54:11.919000-08:00,37.3417744,-121.9012419,4.6891794,1583366051.919,1583366052.0,4.582595277759764,POINT (-121.9012419 37.3417744),android,5.210958769189236,2.974135133128755,-12.522863174919891
1163,13.643,-10.0,263.86313,29919896000000,time,2020-03-04T15:54:12.885000-08:00,37.341765,-121.9012976,4.6245275,1583366052.885,1583366052.991,4.58286361111535,POINT (-121.9012976 37.341765),android,8.083973546045542,-9.12295169703343,30.268811694691436
1164,12.942,-9.0,252.37755,29920337000000,time,2020-03-04T15:54:13.326000-08:00,37.3417512,-121.901334,4.533227,1583366053.326,1583366053.426,4.582986111111111,POINT (-121.901334 37.3417512),android,4.060751986858994,4.225593798460081,-12.546386985636477
1165,12.261,-9.0,254.5346,29921075120872,time,2020-03-04T15:54:14-08:00,37.3417414,-121.9013624,4.633785,1583366054.0,1583366054.137,4.583173333340221,POINT (-121.9013624 37.3417414),android,6.908802311796936,-4.230671340953247,6.630382458383061
1166,11.694,-9.0,251.21863,29921437000000,time,2020-03-04T15:54:14.426000-08:00,37.3417284,-121.9013914,4.564689,1583366054.426,1583366054.517,4.583291666706403,POINT (-121.9013914 37.3417284),android,5.106535820250211,-1.4061276296021064,3.773761122402831
1167,11.242,-10.0,252.02747,29922079898892,time,2020-03-04T15:54:15-08:00,37.3417152,-121.9014201,4.5842485,1583366055.0,1583366055.181,4.5834511111179985,POINT (-121.9014201 37.3417152),android,4.29941872714109,0.7600108083886754,-3.3213146453399447
1168,10.658,-13.0,244.99873,29923076143527,time,2020-03-04T15:54:16-08:00,37.3416996,-121.9014646,4.639122,1583366056.0,1583366056.186,4.583728888895776,POINT (-121.9014646 37.3416996),android,5.059429535529765,-2.5613038369512693,7.015065699783907
1169,10.099,-15.0,246.0135,29924079212016,time,2020-03-04T15:54:17-08:00,37.3416757,-121.9015133,4.564359,1583366057.0,1583366057.181,4.584006666673554,POINT (-121.9015133 37.3416757),android,2.498125698578496,4.453761862832637,-8.884290877936065
1170,10.002,-15.0,248.03441,29925100801860,time,2020-03-04T15:54:18-08:00,37.3416641,-121.9015375,4.5392895,1583366058.0,1583366058.204,4.584284444451332,POINT (-121.9015375 37.3416641),android,6.951887561411133,-4.430529015103428,5.394805962992964
1171,9.933,-15.0,245.76169,29925693000000,time,2020-03-04T15:54:18.682000-08:00,37.3416459,-121.901586,4.577711,1583366058.682,1583366058.788,4.584473888874054,POINT (-121.901586 37.3416459),android,3.930267119583697,-0.7512717702230329,2.9124280286761635
1172,10.046,-14.0,249.66776,29926782000000,time,2020-03-04T15:54:19.771000-08:00,37.3416317,-121.901631,4.5887203,1583366059.771,1583366059.892,4.584776388870345,POINT (-121.901631 37.3416317),android,3.1121321718413744,2.4203623141201995,4.614431609383358
1173,10.05,-14.0,248.61363,29927573000000,time,2020-03-04T15:54:20.562000-08:00,37.3416249,-121.9016575,4.5913854,1583366060.562,1583366060.648,4.584996111128065,POINT (-121.9016575 37.3416249),android,5.026639071614261,6.070378306831533,-34.39423227247577
1174,10.046,-13.0,246.88419,29928076458734,time,2020-03-04T15:54:21-08:00,37.3416175,-121.9016806,4.5832515,1583366061.0,1583366061.167,4.5851177777846654,POINT (-121.9016806 37.3416175),android,7.685464550018245,-8.994294182078805,22.1348559714265
1175,10.02,-13.0,246.36623,29928360000000,time,2020-03-04T15:54:21.349000-08:00,37.3416086,-121.9017088,4.5356236,1583366061.349,1583366061.461,4.585214722222752,POINT (-121.9017088 37.3416086),android,4.546456086335798,-1.2692299546776047,1.5688597486479599
1176,10.094,-13.0,246.26274,29928856000000,time,2020-03-04T15:54:21.845000-08:00,37.3416011,-121.9017325,4.5065365,1583366061.845,1583366061.948,4.585352500014835,POINT (-121.9017325 37.3416011),android,3.9169179634523776,-0.49107543855442914,3.6883840036379207
1177,10.36,-13.0,245.81325,29929460000000,time,2020-03-04T15:54:22.449000-08:00,37.3415944,-121.9017579,4.527691,1583366062.449,1583366062.555,4.585520277751817,POINT (-121.9017579 37.3415944),android,3.6203084706877116,1.7367079579452427,-3.2140178011269276
1178,10.48,-13.0,245.44713,29930031000000,time,2020-03-04T15:54:23.020000-08:00,37.3415881,-121.9017799,4.5350723,1583366063.02,1583366063.14,4.585678888890478,POINT (-121.9017799 37.3415881),android,4.611968886924838,-0.09849652527136087,-0.9949449096869121
1179,10.508,-14.0,245.32199,29930514000000,time,2020-03-04T15:54:23.503000-08:00,37.3415828,-121.9018042,4.5241413,1583366063.503,1583366063.614,4.585813055568271,POINT (-121.9018042 37.3415828),android,4.564395061273559,-0.5790549565019825,0.26126892756043446
1180,10.539,-14.0,245.32466,29930944000000,time,2020-03-04T15:54:23.932000-08:00,37.3415772,-121.9018252,4.5037847,1583366063.932,1583366064.047,4.585932222207387,POINT (-121.9018252 37.3415772),android,4.315980542366112,-0.4669706124917645,0.8688371868469911
1181,10.374,-15.0,246.46532,29931899000000,time,2020-03-04T15:54:24.888000-08:00,37.3415646,-121.9018691,4.5549693,1583366064.888,1583366064.984,4.586197777787844,POINT (-121.9018691 37.3415646),android,3.869556594962224,0.3636378160212037,-0.7747486832942835
1182,10.309,-13.0,242.141,29933097222169,time,2020-03-04T15:54:26-08:00,37.3415515,-121.9019149,4.3557982,1583366066.0,1583366066.194,4.5865066666735546,POINT (-121.9019149 37.3415515),android,4.273921842216298,-0.4978827109357445,2.8704117949349657
1183,10.137,-13.0,239.38445,29934060000000,time,2020-03-04T15:54:27.048000-08:00,37.3415377,-121.9019625,3.9056516,1583366067.048,1583366067.152,4.586797777811686,POINT (-121.9019625 37.3415377),android,3.7521407127242066,2.510309129374776,10.986756504675878
1184,10.083,-13.0,242.24797,29934680000000,time,2020-03-04T15:54:27.668000-08:00,37.341534,-121.9019884,3.6493006,1583366067.668,1583366067.768,4.586970000002119,POINT (-121.9019884 37.341534),android,5.308532085654487,9.32209690493932,-69.37510764465367
1185,9.937,-13.0,243.31152,29935007828158,time,2020-03-04T15:54:28-08:00,37.3415292,-121.9020074,3.5482357,1583366068.0,1583366068.14,4.58706222222911,POINT (-121.9020074 37.3415292),android,8.40346841811874,-13.710440023988351,41.491953794797105
1186,9.757,-13.0,246.91599,29935320000000,time,2020-03-04T15:54:28.309000-08:00,37.3415224,-121.9020355,3.8253958,1583366068.309,1583366068.395,4.587148055566682,POINT (-121.9020355 37.3415224),android,4.166942241501627,-0.8894256682790744,4.446094005155306
1187,9.554,-13.0,248.30875,29935811000000,time,2020-03-04T15:54:28.800000-08:00,37.3415172,-121.9020577,3.9094183,1583366068.8,1583366068.904,4.587284444438087,POINT (-121.9020577 37.3415172),android,3.730234294359281,1.2936062084038873,-4.276223350543863
1188,9.323,-14.0,246.1397,29936874000000,time,2020-03-04T15:54:29.863000-08:00,37.3415058,-121.9021002,4.2956386,1583366069.863,1583366069.986,4.587579722205798,POINT (-121.9021002 37.3415058),android,5.105337647012811,-3.252019058255512,17.234051510120388
1189,9.361,-13.0,245.41158,29937374000000,time,2020-03-04T15:54:30.363000-08:00,37.3414988,-121.9021277,4.4788175,1583366070.363,1583366070.486,4.587718611094687,POINT (-121.9021277 37.3414988),android,3.479328117885055,5.365006696804681,-16.387350437656774
1190,9.307,-13.0,245.59666,29938086913313,time,2020-03-04T15:54:31-08:00,37.3414923,-121.9021514,4.528264,1583366071.0,1583366071.167,4.587895555562443,POINT (-121.9021514 37.3414923),android,6.896837833998917,-5.073736907263863,12.078155677261208
1191,9.402,-13.0,247.02306,29938409000000,time,2020-03-04T15:54:31.398000-08:00,37.3414851,-121.9021811,4.6364884,1583366071.398,1583366071.489,4.588006111118529,POINT (-121.9021811 37.3414851),android,4.877490535230514,-0.26663092467664906,-0.13152411862320262
1192,9.356,-13.0,248.0883,29938891000000,time,2020-03-04T15:54:31.880000-08:00,37.3414791,-121.9022066,4.6741023,1583366071.88,1583366071.988,4.588140000038677,POINT (-121.9022066 37.3414791),android,4.7489743995314395,-0.33002556465391125,4.762193296677979
1193,9.444,-13.0,246.76514,29939500000000,time,2020-03-04T15:54:32.489000-08:00,37.3414699,-121.9022372,4.6092935,1583366072.489,1583366072.593,4.5883091666963365,POINT (-121.9022372 37.3414699),android,4.547988841358262,2.570149998609209,-14.773512928284331
1194,9.917,-14.0,252.89249,29941091885552,time,2020-03-04T15:54:34-08:00,37.3414468,-121.9023093,4.262641,1583366074.0,1583366074.185,4.588728888895776,POINT (-121.9023093 37.3414468),android,8.431485278463377,-19.752626824364107,76.80915868406457
1195,9.941,-14.0,248.52682,29941294000000,time,2020-03-04T15:54:34.283000-08:00,37.34144,-121.9023349,4.260352,1583366074.283,1583366074.391,4.588807500004768,POINT (-121.9023349 37.34144),android,2.8414920378689175,1.9843644972187924,-1.4817129768677884
1196,10.023,-14.0,245.20158,29942097518260,time,2020-03-04T15:54:35-08:00,37.3414332,-121.9023563,4.2589855,1583366075.0,1583366075.199,4.589006666673554,POINT (-121.9023563 37.3414332),android,4.264281397514291,0.9219762815000152,-0.1920249973793573
1197,10.157,-13.0,243.09616,29943126057270,time,2020-03-04T15:54:36-08:00,37.3414163,-121.9023996,4.5929527,1583366076.0,1583366076.219,4.589284444451332,POINT (-121.9023996 37.3414163),android,5.1862576790143065,0.7299512841206579,-4.726874127885401
1198,10.116,-13.0,241.99098,29943584000000,time,2020-03-04T15:54:36.573000-08:00,37.3414032,-121.9024289,4.5052724,1583366076.573,1583366076.682,4.589443611105283,POINT (-121.9024289 37.3414032),android,5.604519731400925,-1.9785473747785516,7.2028559527854865
1199,10.022,-12.0,244.03891,29944108908728,time,2020-03-04T15:54:37-08:00,37.3413928,-121.9024526,4.4892983,1583366077.0,1583366077.218,4.58956222222911,POINT (-121.9024526 37.3413928),android,4.759679911799773,1.0970724467814301,-6.03181582767783
1200,10.073,-12.0,250.71988,29944600000000,time,2020-03-04T15:54:37.589000-08:00,37.3413844,-121.9024825,4.1016026,1583366077.589,1583366077.695,4.589725833336512,POINT (-121.9024825 37.3413844),android,5.405855568306538,-2.4556669951873826,2.6892385191303867
1201,10.147,-13.0,256.3806,29944997949196,time,2020-03-04T15:54:38-08:00,37.3413793,-121.9025068,4.013116,1583366078.0,1583366078.096,4.5898400000068875,POINT (-121.9025068 37.3413793),android,4.396576400497832,-1.350389927919586,2.609513872226982
1202,10.056,-13.0,254.548,29945833000000,time,2020-03-04T15:54:38.822000-08:00,37.3413755,-121.9025474,4.0216894,1583366078.822,1583366078.942,4.590068333347639,POINT (-121.9025474 37.3413755),android,3.286555843688631,0.7946305447325315,0.3497372010316447
1203,9.538,-13.0,251.25777,29947074873831,time,2020-03-04T15:54:40-08:00,37.3413689,-121.9025904,3.7266328,1583366080.0,1583366080.148,4.590395555562443,POINT (-121.9025904 37.3413689),android,4.222630604164628,1.206620958208818,-7.52112554728476
1204,9.596,-13.0,251.70976,29947601000000,time,2020-03-04T15:54:40.590000-08:00,37.3413615,-121.902617,3.9116545,1583366080.59,1583366080.696,4.59055944442749,POINT (-121.902617 37.3413615),android,4.934536865942723,-3.2308424691458066,24.278830411816916
1205,9.567,-13.0,251.99239,29948040000000,time,2020-03-04T15:54:41.029000-08:00,37.341355,-121.9026401,3.9498472,1583366081.029,1583366081.136,4.590681388907963,POINT (-121.9026401 37.341355),android,3.5161966029483924,7.427567230599011,-24.319747660824536
1206,9.649,-13.0,252.45027,29948756000000,time,2020-03-04T15:54:41.745000-08:00,37.3413478,-121.9026671,4.3975577,1583366081.745,1583366081.846,4.590880277752876,POINT (-121.9026671 37.3413478),android,8.834333564199587,-9.98536824449365,10.278686546596335
1207,9.702,-13.0,251.93452,29948999530601,time,2020-03-04T15:54:42-08:00,37.3413417,-121.9026914,4.4921107,1583366082.0,1583366082.079,4.590951111117999,POINT (-121.9026914 37.3413417),android,6.288063519118999,-7.36430199880926,23.251505486885744
1208,9.642,-13.0,250.33345,29949413000000,time,2020-03-04T15:54:42.402000-08:00,37.3413352,-121.9027188,4.6255445,1583366082.402,1583366082.496,4.59106277777089,POINT (-121.9027188 37.3413352),android,3.327614480801251,1.9828020538519011,-1.5358930242754647
1209,9.587,-13.0,249.46837,29950050000000,time,2020-03-04T15:54:43.039000-08:00,37.3413293,-121.9027416,4.654719,1583366083.039,1583366083.14,4.5912397222386465,POINT (-121.9027416 37.3413293),android,4.5906595555082825,1.0044380684911578,-2.1492037952101337
1210,9.984,-14.0,247.82785,29951119569610,time,2020-03-04T15:54:44-08:00,37.3413149,-121.9027881,4.6830096,1583366084.0,1583366084.214,4.5915066666735544,POINT (-121.9027881 37.3413149),android,5.555924504843641,-1.0609467049187238,2.0668963892737344
1211,10.076,-10.09999942779541,246.8735,29952054170391,time,2020-03-04T15:54:45-08:00,37.3412942,-121.9028453,4.6175466,1583366085.0,1583366085.256,4.591784444451332,POINT (-121.9028453 37.3412942),android,4.494977799924917,1.0059496843550106,-8.223968839238056
1212,10.077,-10.09999942779541,247.64919,29952584000000,time,2020-03-04T15:54:45.573000-08:00,37.3412859,-121.9028725,4.5675035,1583366085.573,1583366085.66,4.591943611105283,POINT (-121.9028725 37.3412859),android,5.071386923011616,-3.7063840840649784,22.554284101677627
1213,10.081,-10.09999942779541,248.33745,29952996049037,time,2020-03-04T15:54:46-08:00,37.3412792,-121.9028955,4.546397,1583366086.0,1583366086.078,4.59206222222911,POINT (-121.9028955 37.3412792),android,3.4887607494510715,5.924296259804559,-25.966168777883205
1214,10.075,-10.09999942779541,248.34047,29953720000000,time,2020-03-04T15:54:46.709000-08:00,37.3412697,-121.9029208,4.666801,1583366086.709,1583366086.812,4.592259166704284,POINT (-121.9029208 37.3412697),android,7.689087453035009,-12.485720276253753,45.22801951401432
1215,10.049,-10.09999942779541,247.84163,29954001608828,time,2020-03-04T15:54:47-08:00,37.3412608,-121.9029435,4.6906543,1583366087.0,1583366087.097,4.592340000006888,POINT (-121.9029435 37.3412608),android,4.055744233893214,0.6756283989195456,-1.3313213295636104
1216,10.166,-10.09999942779541,248.24445,29955062000000,time,2020-03-04T15:54:48.051000-08:00,37.3412446,-121.9029872,4.7421665,1583366088.051,1583366088.157,4.5926319444841806,POINT (-121.9029872 37.3412446),android,4.765829761054508,-0.7235904758880316,1.5935217266150807
1217,10.231,-10.09999942779541,249.7579,29955901000000,time,2020-03-04T15:54:48.890000-08:00,37.3412303,-121.9030287,4.7872944,1583366088.89,1583366088.998,4.592865000036028,POINT (-121.9030287 37.3412303),android,4.158737361445425,0.6133742314662107,-1.233349225881816
1218,10.197,-10.09999942779541,249.46474,29956954000000,time,2020-03-04T15:54:49.943000-08:00,37.3412163,-121.903075,4.736075,1583366089.943,1583366090.052,4.59315750002861,POINT (-121.903075 37.3412163),android,4.804620410800486,-0.6853424704533639,-1.4451802992706533
1219,10.218,-10.09999942779541,249.74155,29957540000000,time,2020-03-04T15:54:50.529000-08:00,37.3412078,-121.903105,4.609185,1583366090.529,1583366090.625,4.593320277796852,POINT (-121.903105 37.3412078),android,4.403009746644181,-1.5322180762096387,17.114917335655694
1220,10.229,-10.09999942779541,250.83998,29958064000000,time,2020-03-04T15:54:51.053000-08:00,37.3412011,-121.9031297,4.5782213,1583366091.053,1583366091.16,4.593465833332804,POINT (-121.9031297 37.3412011),android,3.6001275828418704,7.43599739984172,-39.25734088788246
1221,10.135,-10.09999942779541,252.1327,29958775000000,time,2020-03-04T15:54:51.763000-08:00,37.341194,-121.9031572,4.5510035,1583366091.763,1583366091.883,4.593663055565622,POINT (-121.9031572 37.341194),android,8.879686020390281,-20.436716128103534,83.46018510678246
1222,10.0,-10.09999942779541,252.43571,29958997091951,time,2020-03-04T15:54:52-08:00,37.3411883,-121.9031799,4.533871,1583366092.0,1583366092.066,4.593728888895776,POINT (-121.9031799 37.3411883),android,4.036184531909399,-0.6566532129221083,6.290828960911961
1223,9.78,-10.09999942779541,249.51492,29960076227888,time,2020-03-04T15:54:53-08:00,37.3411761,-121.9032229,4.5335836,1583366093.0,1583366093.169,4.594006666673554,POINT (-121.9032229 37.3411761),android,3.3795313189872904,5.634175747989853,-18.931861528398297
1224,9.65,-10.09999942779541,249.92467,29960699000000,time,2020-03-04T15:54:53.688000-08:00,37.3411681,-121.9032472,4.620962,1583366093.688,1583366093.791,4.594197777774599,POINT (-121.9032472 37.3411681),android,7.255844029423899,-7.390944297464631,29.73794880596019
1225,9.566,-10.09999942779541,249.96907,29961001402367,time,2020-03-04T15:54:54-08:00,37.341161,-121.9032712,4.6273174,1583366094.0,1583366094.115,4.594284444451332,POINT (-121.9032712 37.341161),android,4.949869140769891,1.887296807687032,-4.497839087065382
1226,9.654,-10.09999942779541,251.00111,29961588000000,time,2020-03-04T15:54:54.577000-08:00,37.341153,-121.9033019,4.744744,1583366094.577,1583366094.664,4.594444722202089,POINT (-121.9033019 37.341153),android,6.0388392152189265,-0.7079559080233845,-1.5964259112347001
1227,9.609,-10.09999942779541,251.99684,29962000276585,time,2020-03-04T15:54:55-08:00,37.3411462,-121.9033295,4.766614,1583366095.0,1583366095.095,4.59456222222911,POINT (-121.9033295 37.3411462),android,5.7393737972587795,-1.3832442237676423,-1.7149632927978409
1228,9.667,-10.09999942779541,250.89279,29962482000000,time,2020-03-04T15:54:55.471000-08:00,37.3411401,-121.9033591,4.3428745,1583366095.471,1583366095.573,4.594693055550257,POINT (-121.9033591 37.3411401),android,5.0878658285457865,-2.190991859441669,10.165438711270186
1229,9.631,-10.09999942779541,250.01726,29962941000000,time,2020-03-04T15:54:55.930000-08:00,37.3411338,-121.9033843,4.2488546,1583366095.93,1583366096.041,4.594820555580987,POINT (-121.9033843 37.3411338),android,4.082200322680912,2.474945633595413,-9.969771701960074
1230,9.851,-10.09999942779541,260.53632,29963535000000,time,2020-03-04T15:54:56.524000-08:00,37.3411328,-121.9034117,4.446126,1583366096.524,1583366096.665,4.59498555554284,POINT (-121.9034117 37.3411328),android,5.552317689154527,-3.4470973882290794,14.206551891859855
1231,10.103,-10.09999942779541,259.1333,29964079361012,time,2020-03-04T15:54:57-08:00,37.3411309,-121.9034415,4.44111,1583366097.0,1583366097.178,4.595117777784665,POINT (-121.9034415 37.3411309),android,3.9114990890892747,3.3152223148795628,-15.08726216957946
1232,10.543,-10.09999942779541,258.76755,29964796000000,time,2020-03-04T15:54:57.785000-08:00,37.3411297,-121.9034762,4.450471,1583366097.785,1583366097.892,4.595335833364063,POINT (-121.9034762 37.3411297),android,6.513948890817545,-8.528279783190413,24.6025866739697
1233,10.992,-10.09999942779541,255.85812,29965233000000,time,2020-03-04T15:54:58.222000-08:00,37.3411225,-121.9035071,4.6346593,1583366098.222,1583366098.303,4.595457222196791,POINT (-121.9035071 37.3411225),android,2.78709234980203,2.2230456192090795,1.5175053199017448
1234,11.028,-10.09999942779541,255.73434,29966029000000,time,2020-03-04T15:54:59.018000-08:00,37.3411155,-121.9035306,4.6574006,1583366099.018,1583366099.125,4.595678333308961,POINT (-121.9035306 37.3411155),android,4.556636671172703,3.4309798596396917,-13.785565767843265
1235,11.102,-10.09999942779541,253.15121,29967076536844,time,2020-03-04T15:55:00-08:00,37.3411016,-121.9035781,4.6383543,1583366100.0,1583366100.171,4.595951111117999,POINT (-121.9035781 37.3411016),android,7.92585927943929,-10.106447275721315,48.73032735306593
1236,11.147,-10.09999942779541,253.17505,29967395000000,time,2020-03-04T15:55:00.383000-08:00,37.3410913,-121.9036099,4.623441,1583366100.383,1583366100.49,4.5960574999782775,POINT (-121.9036099 37.3410913),android,4.05509101377002,8.557263081433883,-36.229525341779535
1237,11.137,-10.09999942779541,253.16457,29968086568406,time,2020-03-04T15:55:01-08:00,37.3410834,-121.9036364,4.6105747,1583366101.0,1583366101.202,4.5962288888957765,POINT (-121.9036364 37.3410834),android,9.334923216385663,-13.796357785970212,34.30390311033564
1238,11.128,-10.09999942779541,253.22696,29968314000000,time,2020-03-04T15:55:01.303000-08:00,37.341075,-121.9036666,4.726131,1583366101.303,1583366101.421,4.596313055555026,POINT (-121.9036666 37.341075),android,5.154627175639187,-3.40227605955155,7.367715635853349
1239,11.076,-10.09999942779541,253.67342,29968770000000,time,2020-03-04T15:55:01.759000-08:00,37.3410685,-121.9036919,4.744634,1583366101.759,1583366101.879,4.596439722246594,POINT (-121.9036919 37.3410685),android,3.6031889874853307,-0.04259706912071228,7.591506159267037
1240,10.567,-10.09999942779541,254.42993,29969442000000,time,2020-03-04T15:55:02.431000-08:00,37.3410627,-121.9037183,4.5787406,1583366102.431,1583366102.54,4.596626388894187,POINT (-121.9037183 37.3410627),android,3.5745637599611206,5.058894548639376,-11.983020704674203
1241,10.14,-10.09999942779541,254.37517,29970095556113,time,2020-03-04T15:55:03-08:00,37.3410582,-121.9037406,4.533443,1583366103.0,1583366103.172,4.596784444451332,POINT (-121.9037406 37.3410582),android,6.4530747870841525,-1.7594443008876397,-3.0055518586517014
1242,10.076,-10.09999942779541,253.5036,29970708000000,time,2020-03-04T15:55:03.697000-08:00,37.3410433,-121.9037879,4.5863605,1583366103.697,1583366103.803,4.596978055569861,POINT (-121.9037879 37.3410433),android,5.226742062383236,-3.8543140266247686,13.83078827442847
1243,10.127,-10.09999942779541,254.64769,29971256000000,time,2020-03-04T15:55:04.245000-08:00,37.3410315,-121.9038167,4.6082864,1583366104.245,1583366104.354,4.597130277752877,POINT (-121.9038167 37.3410315),android,3.1145785198053866,3.7249559956320346,-9.498836380676027
1244,10.16,-10.09999942779541,256.5413,29972089557311,time,2020-03-04T15:55:05-08:00,37.3410245,-121.9038418,4.609338,1583366105.0,1583366105.208,4.597340000006888,POINT (-121.9038418 37.3410245),android,5.926920722794956,-3.44666655883392,5.732555112662154
1245,10.139,-10.09999942779541,255.75636,29972822000000,time,2020-03-04T15:55:05.811000-08:00,37.3410093,-121.9038927,4.627265,1583366105.811,1583366105.921,4.597565277814865,POINT (-121.9038927 37.3410093),android,3.1316737688629463,1.2024362607720123,-4.844627466382621
1246,10.114,-10.09999942779541,257.20102,29973469000000,time,2020-03-04T15:55:06.458000-08:00,37.341002,-121.9039137,4.667416,1583366106.458,1583366106.565,4.597744999991523,POINT (-121.9039137 37.341002),android,3.9096498323444346,-1.9320369153036963,10.641500679039563
1247,10.097,-10.09999942779541,258.7787,29973972000000,time,2020-03-04T15:55:06.961000-08:00,37.3409969,-121.903935,4.669234,1583366106.961,1583366107.079,4.597884722219574,POINT (-121.903935 37.3409969),android,2.9378352234109277,3.4206381495207734,-1.8292382608416786
1248,10.114,-10.09999942779541,258.48477,29974642000000,time,2020-03-04T15:55:07.631000-08:00,37.3409933,-121.9039568,4.6635494,1583366107.631,1583366107.745,4.598070833351877,POINT (-121.9039568 37.3409933),android,5.229663044563826,2.195048375197045,-22.619246569474516
1249,10.153,-10.09999942779541,257.7947,29975002615226,time,2020-03-04T15:55:08-08:00,37.3409903,-121.9039783,4.6600113,1583366108.0,1583366108.093,4.598173333340221,POINT (-121.9039783 37.3409903),android,6.03963580290364,-6.151452659797692,20.63069697182561
1250,10.129,-10.09999942779541,257.69592,29975417000000,time,2020-03-04T15:55:08.406000-08:00,37.3409864,-121.9040056,4.626538,1583366108.406,1583366108.519,4.5982861110899185,POINT (-121.9040056 37.3409864),android,3.5421466448729126,2.224608225217128,-6.617144756361328
1251,10.043,-10.09999942779541,257.0011,29975999000000,time,2020-03-04T15:55:08.988000-08:00,37.3409829,-121.9040285,4.612333,1583366108.988,1583366109.09,4.598447777761353,POINT (-121.9040285 37.3409829),android,4.836868670137212,-1.6265701365759828,6.591843672614693
1252,9.904,-10.09999942779541,257.36703,29977077441371,time,2020-03-04T15:55:10-08:00,37.3409739,-121.9040827,4.631232,1583366110.0,1583366110.186,4.598728888895777,POINT (-121.9040827 37.3409739),android,3.1907795554151193,5.044376213319623,-23.093549374443626
1253,9.936,-10.09999942779541,259.00037,29977721000000,time,2020-03-04T15:55:10.710000-08:00,37.3409712,-121.9041081,4.7859097,1583366110.71,1583366110.815,4.598926111128595,POINT (-121.9041081 37.3409712),android,6.772286859299733,-11.352044723484346,55.058604763571395
1254,9.961,-10.09999942779541,259.97263,29977998503506,time,2020-03-04T15:55:11-08:00,37.3409694,-121.9041302,4.797487,1583366111.0,1583366111.083,4.599006666673555,POINT (-121.9041302 37.3409694),android,3.480194322535412,4.614948557632269,-1.6683696076039005
1255,10.021,-10.09999942779541,258.23413,29978677000000,time,2020-03-04T15:55:11.666000-08:00,37.3409649,-121.9041558,4.6450586,1583366111.666,1583366111.785,4.599191666642825,POINT (-121.9041558 37.3409649),android,6.553749551384186,3.503814583533496,-53.69625681038875
1256,10.051,-10.09999942779541,256.34216,29978998128870,time,2020-03-04T15:55:12-08:00,37.3409592,-121.9041795,4.6129303,1583366112.0,1583366112.101,4.599284444451332,POINT (-121.9041795 37.3409592),android,7.724024009898139,-14.430741131350302,48.238991147416606
1257,10.059,-10.09999942779541,256.9195,29979336000000,time,2020-03-04T15:55:12.325000-08:00,37.340955,-121.9042074,4.6228213,1583366112.325,1583366112.419,4.599374722242356,POINT (-121.9042074 37.340955),android,3.0340324540979315,1.2469332917744405,-2.6485795035764323
1258,10.061,-10.09999942779541,259.00226,29980091000000,time,2020-03-04T15:55:13.079000-08:00,37.3409515,-121.9042329,4.62559,1583366113.079,1583366113.174,4.599584166672495,POINT (-121.9042329 37.3409515),android,3.974220091880774,-0.7500955175245481,8.024599888067135
1259,10.118,-10.09999942779541,262.23636,29981007183974,time,2020-03-04T15:55:14-08:00,37.3409459,-121.9042737,4.5266004,1583366114.0,1583366114.07,4.599840000006887,POINT (-121.9042737 37.3409459),android,3.283382117379278,6.640561009996702,-28.41151079988229
1260,10.215,-10.09999942779541,263.22253,29981633000000,time,2020-03-04T15:55:14.622000-08:00,37.3409461,-121.9042968,4.5124183,1583366114.622,1583366114.697,4.600012777778837,POINT (-121.9042968 37.3409461),android,7.413810926272712,-11.031398111432864,46.16244302817962
1261,10.257,-10.09999942779541,263.4667,29981997247828,time,2020-03-04T15:55:15-08:00,37.3409461,-121.9043285,4.5194674,1583366115.0,1583366115.078,4.600117777784665,POINT (-121.9043285 37.3409461),android,3.243942208703146,6.418006321745631,-37.37272618051534
1262,10.21,-10.09999942779541,261.57367,29982780000000,time,2020-03-04T15:55:15.769000-08:00,37.3409453,-121.9043567,4.49915,1583366115.769,1583366115.888,4.600331388910612,POINT (-121.9043567 37.3409453),android,8.179389412884053,-22.32162210698958,128.99127859706869
1263,10.149,-10.09999942779541,261.51733,29983008593869,time,2020-03-04T15:55:16-08:00,37.3409439,-121.904378,4.5018644,1583366116.0,1583366116.108,4.600395555562443,POINT (-121.904378 37.3409439),android,3.023095898272692,7.475356360055798,-35.62743972684313
1264,10.103,-10.09999942779541,262.83008,29983759000000,time,2020-03-04T15:55:16.748000-08:00,37.3409415,-121.9044034,4.599873,1583366116.748,1583366116.854,4.60060333331426,POINT (-121.9044034 37.3409415),android,8.614661756947003,-19.173965225879385,106.23924005354986
1265,10.079,-10.09999942779541,264.9891,29984005735223,time,2020-03-04T15:55:17-08:00,37.3409393,-121.9044278,4.612638,1583366117.0,1583366117.105,4.600673333340221,POINT (-121.9044278 37.3409393),android,3.7828207280250163,7.598333196743376,-37.79879408331418
1266,10.024,-10.09999942779541,257.5473,29984680000000,time,2020-03-04T15:55:17.669000-08:00,37.3409305,-121.9044542,4.551652,1583366117.669,1583366117.785,4.600859166648653,POINT (-121.9044542 37.3409305),android,8.866104955490824,-17.689056656506335,59.47683565935638
1267,9.961,-10.09999942779541,252.68321,29984996798295,time,2020-03-04T15:55:18-08:00,37.3409178,-121.9044833,4.584729,1583366118.0,1583366118.124,4.600951111117999,POINT (-121.9044833 37.3409178),android,3.0110256164449196,1.9977812785645015,-2.3757878998012116
1268,9.987,-10.09999942779541,251.31956,29985835000000,time,2020-03-04T15:55:18.824000-08:00,37.3409065,-121.9045075,4.6047688,1583366118.824,1583366118.93,4.601179999974039,POINT (-121.9045075 37.3409065),android,4.657197153733215,0.040132330078562775,-0.6601197325606027
1269,10.027,-10.09999942779541,260.9181,29986733000000,time,2020-03-04T15:55:19.722000-08:00,37.3408954,-121.9045527,4.5460777,1583366119.722,1583366119.823,4.601429444419013,POINT (-121.9045527 37.3408954),android,4.69323598622031,-0.552655191019937,-0.4027482952209919
1270,10.086,-10.09999942779541,264.57263,29987928000000,time,2020-03-04T15:55:20.917000-08:00,37.3408936,-121.9046161,4.6043305,1583366120.917,1583366121.022,4.601761388911141,POINT (-121.9046161 37.3408936),android,4.032812938081935,-1.0339394729453493,4.14545442045094
1271,10.518,-10.09999942779541,264.6784,29989075689283,time,2020-03-04T15:55:22-08:00,37.3408931,-121.9046655,4.607945,1583366122.0,1583366122.162,4.60206222222911,POINT (-121.9046655 37.3408931),android,2.9130565460725295,3.4555874351050404,-7.1556341647256865
1272,10.707,-10.09999942779541,264.7265,29989896000000,time,2020-03-04T15:55:22.885000-08:00,37.3408869,-121.9046936,4.683586,1583366122.885,1583366123.0,4.602308055559794,POINT (-121.9046936 37.3408869),android,5.97125139318544,-2.877148732435747,4.606946460875211
1273,10.76,-10.09999942779541,261.98337,29991088625637,time,2020-03-04T15:55:24-08:00,37.3408762,-121.9047677,4.5976987,1583366124.0,1583366124.191,4.6026177777846655,POINT (-121.9047677 37.3408762),android,2.763230529080954,2.259596615375378,0.7698798691731563
1274,10.725,-10.09999942779541,260.99695,29991963000000,time,2020-03-04T15:55:24.952000-08:00,37.3408709,-121.9047967,4.604351,1583366124.952,1583366125.059,4.602882222202089,POINT (-121.9047967 37.3408709),android,4.914366287116549,2.9925221759383276,-8.163238769354324
1275,10.703,-10.09999942779541,263.34402,29992995000000,time,2020-03-04T15:55:25.983000-08:00,37.3408628,-121.9048531,4.608438,1583366125.983,1583366126.139,4.603168611129125,POINT (-121.9048531 37.3408628),android,7.999657061469347,-5.423778116316226,4.712868120770838
1276,10.904,-10.09999942779541,266.63156,29993575000000,time,2020-03-04T15:55:26.564000-08:00,37.3408594,-121.9049055,4.4752874,1583366126.564,1583366126.667,4.603329999976688,POINT (-121.9049055 37.3408594),android,4.84844278280241,-2.68560243929681,15.275349698729688
1277,10.711,-10.09999942779541,267.57516,29994126041469,time,2020-03-04T15:55:27-08:00,37.34086,-121.9049294,4.453542,1583366127.0,1583366127.23,4.603451111117999,POINT (-121.9049294 37.34086),android,3.6775198272933327,3.9744516900681233,-18.221429880739773
1278,11.212,-10.09999942779541,267.04584,29994658000000,time,2020-03-04T15:55:27.647000-08:00,37.3408593,-121.9049563,4.450077,1583366127.647,1583366127.752,4.603630833360884,POINT (-121.9049563 37.3408593),android,6.248990366413343,-7.814814798200666,26.09664121626905
1279,11.554,-10.09999942779541,267.11295,29995093000000,time,2020-03-04T15:55:28.082000-08:00,37.3408569,-121.9049869,4.494339,1583366128.082,1583366128.194,4.603751666678322,POINT (-121.9049869 37.3408569),android,2.8495463763633433,3.5372226376145814,-9.53466149850392
1280,11.441,-10.09999942779541,267.9288,29995854000000,time,2020-03-04T15:55:28.843000-08:00,37.3408549,-121.9050113,4.4999366,1583366128.843,1583366128.964,4.60396305554443,POINT (-121.9050113 37.3408549),android,5.541372513479219,-3.718653980752189,14.818263262895483
1281,11.49,-10.09999942779541,267.44727,29996318000000,time,2020-03-04T15:55:29.307000-08:00,37.3408523,-121.9050402,4.500267,1583366129.307,1583366129.418,4.60409194442961,POINT (-121.9050402 37.3408523),android,3.8159171160595906,3.1570199753861563,-4.053974021505077
1282,11.651,-10.09999942779541,266.66983,29996937000000,time,2020-03-04T15:55:29.926000-08:00,37.3408503,-121.9050668,4.499356,1583366129.926,1583366130.039,4.604263888928625,POINT (-121.9050668 37.3408503),android,5.770113101042008,0.6476092596433075,-2.106756574214981
1283,11.542,-10.09999942779541,264.89255,29998089634488,time,2020-03-04T15:55:31-08:00,37.3408461,-121.9051367,4.6068544,1583366131.0,1583366131.179,4.60456222222911,POINT (-121.9051367 37.3408461),android,6.465645369315489,-1.6150470519277875,-4.235696936200878
1284,11.308,-10.09999942779541,266.99155,29998774000000,time,2020-03-04T15:55:31.763000-08:00,37.3408466,-121.9051925,4.698382,1583366131.763,1583366131.878,4.604774166676734,POINT (-121.9051925 37.3408466),android,5.23336445021184,-4.846883862722762,13.602426407626531
1285,11.07,-10.09999942779541,265.91852,29999239000000,time,2020-03-04T15:55:32.228000-08:00,37.3408445,-121.9052199,4.6068926,1583366132.228,1583366132.348,4.604903333319558,POINT (-121.9052199 37.3408445),android,2.979563870057135,1.4782432493179523,1.2993627699924202
1286,10.404,-10.09999942779541,266.61615,29999971000000,time,2020-03-04T15:55:32.960000-08:00,37.3408416,-121.9052443,4.595901,1583366132.96,1583366133.072,4.605106666684151,POINT (-121.9052443 37.3408416),android,4.061638094909865,2.429376943174334,-1.18677750877273
1287,10.414,-10.399999618530273,266.6079,30000596000000,time,2020-03-04T15:55:33.585000-08:00,37.3408362,-121.9052722,4.6010957,1583366133.585,1583366133.701,4.605280277795262,POINT (-121.9052722 37.3408362),android,5.579998684393824,1.687641000191378,-23.901601980696434
1288,10.444,-10.399999618530273,265.6448,30000998993289,time,2020-03-04T15:55:34-08:00,37.3408326,-121.905298,4.599637,1583366134.0,1583366134.088,4.605395555562443,POINT (-121.905298 37.3408326),android,6.280369635094851,-8.231522910023884,30.113098782200595
1289,10.483,-10.399999618530273,262.35394,30001373000000,time,2020-03-04T15:55:34.362000-08:00,37.3408294,-121.9053234,4.4286065,1583366134.362,1583366134.463,4.60549611111482,POINT (-121.9053234 37.3408294),android,3.300558435868509,2.669418504515665,-7.774376936826585
1290,10.514,-10.399999618530273,261.64243,30001982000000,time,2020-03-04T15:55:34.971000-08:00,37.3408263,-121.9053458,4.4195566,1583366134.971,1583366135.08,4.60566527777248,POINT (-121.9053458 37.3408263),android,4.92623421856285,-2.0651767979281224,12.755833373708647
1291,10.738,-10.399999618530273,268.17355,30002473000000,time,2020-03-04T15:55:35.461000-08:00,37.3408267,-121.9053731,4.638773,1583366135.461,1583366135.589,4.60580138888624,POINT (-121.9053731 37.3408267),android,3.914297567883009,4.185181676838221,-14.875836045300872
1292,10.772,-10.399999618530273,271.4419,30003051000000,time,2020-03-04T15:55:36.040000-08:00,37.3408288,-121.9053986,4.67585,1583366136.04,1583366136.154,4.605962222218514,POINT (-121.9053986 37.3408288),android,6.337517742807138,-4.427927336644172,7.622256578643005
1293,10.98,-10.399999618530273,271.05087,30003470000000,time,2020-03-04T15:55:36.458000-08:00,37.3408313,-121.9054284,4.689999,1583366136.458,1583366136.59,4.606078333324856,POINT (-121.9054284 37.3408313),android,4.486644192100284,-1.2418242176161016,8.989503006395388
1294,11.283,-10.399999618530273,269.77362,30004086879694,time,2020-03-04T15:55:37-08:00,37.3408318,-121.9054559,4.689422,1583366137.0,1583366137.187,4.606228888895776,POINT (-121.9054559 37.3408318),android,3.813575397463197,3.6304869090875704,-6.471771026679598
1295,11.383,-10.399999618530273,271.42645,30004679000000,time,2020-03-04T15:55:37.668000-08:00,37.3408346,-121.9054845,4.6155367,1583366137.668,1583366137.77,4.606414444446564,POINT (-121.9054845 37.3408346),android,6.238740590412256,-0.6926560256390885,-13.47140046582695
1296,11.518,-10.399999618530273,274.4124,30005005308600,time,2020-03-04T15:55:38-08:00,37.3408372,-121.9055077,4.5955095,1583366138.0,1583366138.109,4.606506666673554,POINT (-121.9055077 37.3408372),android,6.00877877800985,-5.165161211545551,5.247555151165407
1297,11.534,-10.399999618530273,271.3082,30005396000000,time,2020-03-04T15:55:38.385000-08:00,37.3408387,-121.9055338,4.2606077,1583366138.385,1583366138.505,4.60661361111535,POINT (-121.9055338 37.3408387),android,4.020191760823629,-3.1448525283914552,13.29652993606113
1298,11.552,-10.399999618530273,269.78757,30005858000000,time,2020-03-04T15:55:38.847000-08:00,37.3408392,-121.9055548,4.211312,1583366138.847,1583366138.944,4.606741944419013,POINT (-121.9055548 37.3408392),android,2.567270228613266,2.998142881846168,25.01354093843125
1299,11.32,-10.399999618530273,268.4084,30006626000000,time,2020-03-04T15:55:39.615000-08:00,37.3408375,-121.905577,4.209517,1583366139.615,1583366139.756,4.606955277787314,POINT (-121.905577 37.3408375),android,4.869844339292369,22.208545471391215,-171.56460070155967
1300,11.042,-10.399999618530273,268.49924,30007004641099,time,2020-03-04T15:55:40-08:00,37.3408358,-121.9055981,4.2095556,1583366140.0,1583366140.095,4.60706222222911,POINT (-121.9055981 37.3408358),android,13.420134133980792,-43.84382416254173,203.43885415121557
1301,11.034,-10.399999618530273,270.66733,30007233000000,time,2020-03-04T15:55:40.222000-08:00,37.3408404,-121.9056313,4.4102097,1583366140.222,1583366140.36,4.607123888863457,POINT (-121.9056313 37.3408404),android,3.686810271049471,1.3195777892700824,-2.58717624119894
1302,10.98,-10.399999618530273,270.59793,30008125000000,time,2020-03-04T15:55:41.114000-08:00,37.3408465,-121.9056677,4.4387193,1583366141.114,1583366141.202,4.607371666696337,POINT (-121.9056677 37.3408465),android,4.863873920835453,-0.9881839310826668,2.891119593988007
1303,10.541,-10.399999618530273,270.22668,30009077370890,time,2020-03-04T15:55:42-08:00,37.3408495,-121.9057163,4.4392796,1583366142.0,1583366142.195,4.607617777784665,POINT (-121.9057163 37.3408495),android,3.988343038943095,1.5733477920726684,-6.377221257595133
1304,10.767,-10.399999618530273,285.97424,30010086384223,time,2020-03-04T15:55:43-08:00,37.3408606,-121.9057592,4.289806,1583366143.0,1583366143.179,4.607895555562443,POINT (-121.9057592 37.3408606),android,5.561690831015763,-4.803873465522465,17.181593747538294
1305,10.796,-10.399999618530273,289.09918,30010430000000,time,2020-03-04T15:55:43.419000-08:00,37.3408719,-121.9057814,4.5419426,1583366143.419,1583366143.548,4.608011944426431,POINT (-121.9057814 37.3408719),android,3.5488682796069404,2.395212774445481,-5.6038629158266495
1306,10.856,-10.399999618530273,292.41122,30011078566567,time,2020-03-04T15:55:44-08:00,37.3408817,-121.9058012,4.585067,1583366144.0,1583366144.17,4.608173333340221,POINT (-121.9058012 37.3408817),android,4.940487116279538,-0.8606320820102555,3.8862267113453717
1307,10.83,-10.399999618530273,283.73657,30011895000000,time,2020-03-04T15:55:44.884000-08:00,37.340897,-121.9058467,4.7196116,1583366144.884,1583366144.99,4.608418888913261,POINT (-121.9058467 37.340897),android,4.179688301612133,2.574792575427897,-9.709149490070155
1308,12.163,-10.399999618530273,279.8029,30013069168493,time,2020-03-04T15:55:46-08:00,37.3409003,-121.9058993,4.684347,1583366146.0,1583366146.153,4.608728888895777,POINT (-121.9058993 37.3409003),android,7.053156653725772,-8.260617644372207,24.682950803881656
1309,12.371,-10.399999618530273,271.3556,30013379000000,time,2020-03-04T15:55:46.368000-08:00,37.3408972,-121.9059284,4.531409,1583366146.368,1583366146.485,4.6088311111264755,POINT (-121.9059284 37.3408972),android,4.013249108502755,0.8227090047201234,0.3179135893531113
1310,12.564,-10.399999618530273,268.59152,30014086506149,time,2020-03-04T15:55:47-08:00,37.340893,-121.9059566,4.518419,1583366147.0,1583366147.195,4.6090066666735545,POINT (-121.9059566 37.340893),android,4.533201174378787,1.023630383489337,-0.7102488355119377
1311,12.748,-10.399999618530273,274.62515,30015058000000,time,2020-03-04T15:55:48.047000-08:00,37.3408867,-121.9060097,4.3643637,1583366148.047,1583366148.142,4.6092974999878145,POINT (-121.9060097 37.3408867),android,5.604942115605002,0.27999990147725534,4.733367967590231
1312,12.534,-10.399999618530273,275.31677,30015594000000,time,2020-03-04T15:55:48.583000-08:00,37.3408895,-121.9060435,4.5166664,1583366148.583,1583366148.689,4.609446388880412,POINT (-121.9060435 37.3408895),android,5.755022066535213,2.8170851953028997,-16.08496589799188
1313,12.653,-10.399999618530273,274.1422,30016088045419,time,2020-03-04T15:55:49-08:00,37.3408924,-121.9060704,4.540152,1583366149.0,1583366149.169,4.60956222222911,POINT (-121.9060704 37.3408924),android,6.929746748798267,-3.890346473869208,3.9718160533732294
1314,12.041,-10.399999618530273,274.7855,30017365547657,time,2020-03-04T15:55:50-08:00,37.3408967,-121.9061486,4.6780915,1583366150.0,1583366150.495,4.609840000006888,POINT (-121.9061486 37.3408967),android,3.0394002749290587,0.08146957950402137,-0.4770965569070673
1315,11.06,-10.399999618530273,276.624,30018533000000,time,2020-03-04T15:55:51.522000-08:00,37.3408996,-121.9062008,4.554087,1583366151.522,1583366151.616,4.610262777805328,POINT (-121.9062008 37.3408996),android,3.163396980994424,-0.6446714155981242,8.247244016592457
1316,10.98,-10.399999618530273,278.2859,30019125531615,time,2020-03-04T15:55:52-08:00,37.3409011,-121.9062178,4.536602,1583366152.0,1583366152.227,4.610395555562444,POINT (-121.9062178 37.3409011),android,2.8552440922934332,3.2975106108486565,-5.672266580627837
1317,10.121,-10.399999618530273,275.54297,30019872000000,time,2020-03-04T15:55:52.861000-08:00,37.3408984,-121.9062454,3.948772,1583366152.861,1583366152.975,4.610634722246064,POINT (-121.9062454 37.3408984),android,5.694400929498202,-1.5863112612795878,1.9573959022601695
1318,9.782,-10.399999618530273,275.29636,30021018000000,time,2020-03-04T15:55:54.007000-08:00,37.3408939,-121.906319,3.8650138,1583366154.007,1583366154.09,4.610953055553966,POINT (-121.906319 37.3408939),android,3.876488369302928,0.6568642635056194,-6.924138495841349
1319,9.671,-10.399999618530273,272.56622,30021596000000,time,2020-03-04T15:55:54.585000-08:00,37.3408927,-121.9063443,4.122475,1583366154.585,1583366154.689,4.611113611128595,POINT (-121.9063443 37.3408927),android,4.2561559587124655,-3.3452882625335403,19.725991137878566
1320,9.714,-10.399999618530273,269.71405,30022078000000,time,2020-03-04T15:55:55.067000-08:00,37.3408931,-121.9063675,4.155788,1583366155.067,1583366155.192,4.611247499982516,POINT (-121.9063675 37.3408931),android,2.6437274372929447,6.16263698271734,-15.336768288445981
1321,9.802,-10.399999618530273,271.7545,30023019000000,time,2020-03-04T15:55:56.008000-08:00,37.3408943,-121.9063956,4.326282,1583366156.008,1583366156.132,4.611508888867166,POINT (-121.9063956 37.3408943),android,8.442768743995584,-8.269261742689814,7.660985160073646
1322,9.849,-10.399999618530273,272.2246,30023565000000,time,2020-03-04T15:55:56.554000-08:00,37.340896,-121.9064477,3.4289184,1583366156.554,1583366156.695,4.611660555534892,POINT (-121.9064477 37.340896),android,3.9277518009422154,-4.086363816065264,10.785537850191862
1323,9.772,-10.399999618530273,270.00513,30024095599478,time,2020-03-04T15:55:57-08:00,37.3408932,-121.9064672,3.3041062,1583366157.0,1583366157.186,4.611784444451332,POINT (-121.9064672 37.3408932),android,2.105233133682845,0.7239871348529117,2.581522012940032
1324,9.747,-10.399999618530273,268.91092,30024740000000,time,2020-03-04T15:55:57.728000-08:00,37.3408895,-121.9064839,2.8128319,1583366157.728,1583366157.846,4.611986666652891,POINT (-121.9064839 37.3408895),android,2.6322957140008256,2.603334968242618,-7.777717608669624
1325,9.783,-10.399999618530273,275.91043,30025310000000,time,2020-03-04T15:55:58.299000-08:00,37.3408893,-121.9065009,3.9080572,1583366158.299,1583366158.386,4.612145277791553,POINT (-121.9065009 37.3408893),android,4.118800239071665,-1.8377425577183277,8.322582235695853
1326,9.849,-10.399999618530273,277.7412,30025795000000,time,2020-03-04T15:55:58.784000-08:00,37.3408934,-121.9065229,4.0204573,1583366158.784,1583366158.88,4.612279999984636,POINT (-121.9065229 37.3408934),android,3.2274952913651425,2.1987089535205393,0.22027345764471945
1327,10.095,-10.399999618530273,278.95837,30026553000000,time,2020-03-04T15:55:59.542000-08:00,37.340895,-121.9065505,4.535907,1583366159.542,1583366159.655,4.612490555577808,POINT (-121.9065505 37.340895),android,4.894116975886732,2.3656762642450544,-10.957506094344962
1328,10.157,-10.399999618530273,280.08167,30027038000000,time,2020-03-04T15:56:00.027000-08:00,37.3408963,-121.9065773,4.5754,1583366160.027,1583366160.132,4.61262527777089,POINT (-121.9065773 37.3408963),android,6.041469715876267,-2.948713042024117,14.58976737461529
1329,10.407,-10.399999618530273,279.8173,30027492000000,time,2020-03-04T15:56:00.480000-08:00,37.3408978,-121.9066082,4.594506,1583366160.48,1583366160.585,4.612751111123297,POINT (-121.9066082 37.3408978),android,4.705702505367285,3.6604525804764316,-7.436585530251835
1330,10.634,-10.399999618530273,280.59134,30028078419893,time,2020-03-04T15:56:01-08:00,37.3409003,-121.9066357,4.5867496,1583366161.0,1583366161.165,4.612895555562443,POINT (-121.9066357 37.3409003),android,6.609137777397438,-0.20657175341291,-3.888203303931669
1331,11.032,-10.399999618530273,281.08322,30028756000000,time,2020-03-04T15:56:01.744000-08:00,37.3409074,-121.9066906,4.5455756,1583366161.744,1583366161.839,4.613102222217454,POINT (-121.9066906 37.3409074),android,6.455448401526328,-3.0993948483825684,4.1222992298405225
1332,11.913,-10.399999618530273,282.41782,30030350445881,time,2020-03-04T15:56:03-08:00,37.3409206,-121.9067808,4.68644,1583366163.0,1583366163.444,4.613451111117999,POINT (-121.9067808 37.3409206),android,2.5626083419020387,2.0782131572756875,-2.7201358909321
1333,12.418,-10.399999618530273,283.14825,30031075000000,time,2020-03-04T15:56:04.063000-08:00,37.3409246,-121.9068112,4.0724936,1583366164.063,1583366164.173,4.61374638888571,POINT (-121.9068112 37.3409246),android,4.771748852772431,-0.8132911962084332,2.9763712935460376
1334,12.956,-10.399999618530273,283.04016,30031943000000,time,2020-03-04T15:56:04.932000-08:00,37.340933,-121.9068569,4.190881,1583366164.932,1583366165.025,4.613987777762943,POINT (-121.9068569 37.340933),android,4.064998837394359,1.7731753329895636,-4.203992488489068
1335,12.858,-10.399999618530273,281.75992,30032556000000,time,2020-03-04T15:56:05.544000-08:00,37.3409381,-121.9068843,4.5110846,1583366165.544,1583366165.647,4.614157777759764,POINT (-121.9068843 37.3409381),android,5.150182120891591,-0.7996680218548701,0.10682959200385249
1336,12.704,-10.399999618530273,280.4139,30032994000000,time,2020-03-04T15:56:05.983000-08:00,37.340942,-121.9069094,4.5676436,1583366165.983,1583366166.083,4.614279722240236,POINT (-121.9069094 37.340942),android,4.799127755580595,-0.752769817109412,9.99837036404351
1337,12.663,-10.399999618530273,293.3448,30034080431140,time,2020-03-04T15:56:07-08:00,37.340959,-121.9069603,4.728178,1583366167.0,1583366167.181,4.61456222222911,POINT (-121.9069603 37.340959),android,4.033560881732007,9.415572442644898,-60.75511662086735
1338,12.722,-10.399999618530273,285.63422,30034797000000,time,2020-03-04T15:56:07.786000-08:00,37.3409745,-121.9069904,4.462543,1583366167.786,1583366167.892,4.614780555566152,POINT (-121.9069904 37.3409745),android,11.434200947362351,-38.33795003252516,208.0390692293705
1339,12.776,-10.399999618530273,280.506,30034996734108,time,2020-03-04T15:56:08-08:00,37.3409803,-121.9070171,4.372355,1583366168.0,1583366168.091,4.614840000006888,POINT (-121.9070171 37.3409803),android,3.229880152268823,6.182408004938896,-13.034096983328535
1340,12.83,-10.399999618530273,281.27362,30035914000000,time,2020-03-04T15:56:08.903000-08:00,37.3409897,-121.9070479,4.6549196,1583366168.903,1583366169.037,4.61509083337254,POINT (-121.9070479 37.3409897),android,8.812595300041101,-5.587383087501361,6.905206343592336
1341,12.824,-10.399999618530273,282.95517,30036535000000,time,2020-03-04T15:56:09.523000-08:00,37.3410071,-121.9071057,4.7676163,1583366169.523,1583366169.63,4.6152630555629734,POINT (-121.9071057 37.3410071),android,5.348418425215507,-1.3061559447122653,8.061119732342522
1342,12.888,-10.399999618530273,282.61362,30037099180253,time,2020-03-04T15:56:10-08:00,37.3410152,-121.9071327,4.7867794,1583366170.0,1583366170.212,4.6153955555624435,POINT (-121.9071327 37.3410152),android,4.725382042079051,2.538998152239752,-5.620804572695254
1343,12.947,-10.399999618530273,279.59576,30037636000000,time,2020-03-04T15:56:10.625000-08:00,37.3410251,-121.9071637,4.398061,1583366170.625,1583366170.679,4.615569166673554,POINT (-121.9071637 37.3410251),android,6.312255887228896,-0.9740047056947816,-1.1536626173956013
1344,13.055,-10.399999618530273,277.0991,30037997388169,time,2020-03-04T15:56:11-08:00,37.3410305,-121.9071896,4.3250065,1583366171.0,1583366171.065,4.615673333340221,POINT (-121.9071896 37.3410305),android,5.947004122593353,-1.406628187218132,0.693568911898967
1345,12.675,-10.59999942779541,284.60522,30039069569106,time,2020-03-04T15:56:12-08:00,37.3410559,-121.9072488,4.3930635,1583366172.0,1583366172.173,4.615951111117999,POINT (-121.9072488 37.3410559),android,4.540375935375221,-0.7130592753191651,0.33804097818521495
1346,12.322,-10.59999942779541,285.40048,30040093495616,time,2020-03-04T15:56:13-08:00,37.34107,-121.907297,4.22108,1583366173.0,1583366173.198,4.616228888895776,POINT (-121.907297 37.34107),android,3.8273166600560558,-0.3750182971339502,4.192688959961538
1347,12.341,-10.59999942779541,283.56082,30041031541501,time,2020-03-04T15:56:14-08:00,37.341074,-121.90734,4.142618,1583366174.0,1583366174.112,4.616506666673554,POINT (-121.90734 37.341074),android,3.4522983629221056,3.8176706628275876,-12.547993787690205
1348,12.56,-10.59999942779541,282.842,30041658000000,time,2020-03-04T15:56:14.647000-08:00,37.3410763,-121.9073651,4.3560815,1583366174.647,1583366174.763,4.616686388916439,POINT (-121.9073651 37.3410763),android,5.922331565755083,-4.300882251210528,11.404471657895128
1349,12.762,-10.59999942779541,283.0263,30042013017543,time,2020-03-04T15:56:15-08:00,37.3410784,-121.9073886,4.387595,1583366175.0,1583366175.108,4.616784444451332,POINT (-121.9073886 37.3410784),android,4.40412045100576,-0.27510460431338135,-0.3097690612678665
1350,13.053,-10.59999942779541,284.07578,30043081663063,time,2020-03-04T15:56:16-08:00,37.3410851,-121.9074377,4.001309,1583366176.0,1583366176.182,4.61706222222911,POINT (-121.9074377 37.3410851),android,4.129015846692378,-0.5848736655812479,10.735938645263968
1351,13.799,-10.59999942779541,285.50214,30044068553011,time,2020-03-04T15:56:17-08:00,37.3410971,-121.9074819,4.670007,1583366177.0,1583366177.146,4.617340000006887,POINT (-121.9074819 37.3410971),android,3.5441421811111304,10.151064979682719,-53.392151235080696
1352,13.647,-10.59999942779541,282.29037,30044740000000,time,2020-03-04T15:56:17.729000-08:00,37.3411056,-121.9075091,4.5796676,1583366177.729,1583366177.852,4.617542500032319,POINT (-121.9075091 37.3411056),android,10.944269480657589,-28.771818158888543,148.43441545296184
1353,13.598,-10.59999942779541,283.63922,30044995963271,time,2020-03-04T15:56:18-08:00,37.3411119,-121.9075417,4.52906,1583366178.0,1583366178.071,4.617617777784665,POINT (-121.9075417 37.3411119),android,3.147109393737419,11.453894839287504,-51.26210935022278
1354,13.476,-10.59999942779541,285.59274,30045756000000,time,2020-03-04T15:56:18.744000-08:00,37.3411173,-121.9075673,4.508882,1583366178.744,1583366178.871,4.617824444439676,POINT (-121.9075673 37.3411173),android,11.668806673542766,-26.68511236623453,95.92651044495031
1355,13.455,-10.59999942779541,283.76633,30045998249156,time,2020-03-04T15:56:19-08:00,37.3411223,-121.9076005,4.5341887,1583366179.0,1583366179.078,4.617895555562443,POINT (-121.9076005 37.3411223),android,4.83741678803485,-2.1279216670906833,6.699787110024186
1356,12.457,-10.59999942779541,282.66156,30047078862541,time,2020-03-04T15:56:20-08:00,37.3411298,-121.9076544,4.270297,1583366180.0,1583366180.173,4.618173333340221,POINT (-121.9076544 37.3411298),android,2.7094951209441667,4.571865442933502,-8.901574577358284
1357,12.416,-10.59999942779541,284.93536,30047886000000,time,2020-03-04T15:56:20.875000-08:00,37.3411347,-121.9076805,4.284285,1583366180.875,1583366180.987,4.618416388895777,POINT (-121.9076805 37.3411347),android,6.709877383510982,-3.2170123122549965,3.6886832657845883
1358,12.394,-10.59999942779541,284.32162,30049098584988,time,2020-03-04T15:56:22-08:00,37.3411525,-121.9077629,4.4589806,1583366182.0,1583366182.222,4.6187288888957765,POINT (-121.9077629 37.3411525),android,3.0907385322241105,0.9327563617526656,22.742820134450113
1359,12.37,-10.59999942779541,282.3829,30049732000000,time,2020-03-04T15:56:22.721000-08:00,37.3411565,-121.9077876,4.593268,1583366182.721,1583366182.842,4.618929166661369,POINT (-121.9077876 37.3411565),android,3.7632558281286763,17.330328680986,-94.68785871702408
1360,12.971,-10.399999618530273,281.45743,30050813000000,time,2020-03-04T15:56:23.802000-08:00,37.3411664,-121.9078319,4.599007,1583366183.802,1583366183.915,4.619229444464048,POINT (-121.9078319 37.3411664),android,22.497342685858545,-85.02725508044665,405.87779397297965
1361,12.39,-10.399999618530273,282.89,30050998818685,time,2020-03-04T15:56:24-08:00,37.3411725,-121.9078817,5.0693483,1583366184.0,1583366184.066,4.619284444451332,POINT (-121.9078817 37.3411725),android,5.661950072168955,-4.663470453407607,5.07768084627531
1362,12.076,-10.399999618530273,280.97025,30052080068476,time,2020-03-04T15:56:25-08:00,37.3411785,-121.9079453,5.066775,1583366185.0,1583366185.236,4.61956222222911,POINT (-121.9079453 37.3411785),android,0.9984796187613487,0.414210392867703,6.4551734112274275
1363,11.736,-10.399999618530273,108.353516,30053082769934,time,2020-03-04T15:56:26-08:00,37.3411696,-121.9079468,3.8491795,1583366186.0,1583366186.167,4.619840000006888,POINT (-121.9079468 37.3411696),android,1.4126900116290517,6.869383804095131,-2.308365942239081
1364,11.351,-10.399999618530273,274.3338,30053781000000,time,2020-03-04T15:56:26.770000-08:00,37.3411639,-121.9079368,3.5652723,1583366186.77,1583366186.875,4.620053888890478,POINT (-121.9079368 37.3411639),android,6.702115409759204,5.0919420725996245,-15.836733068861774
1365,11.029,-10.399999618530273,291.80695,30054730000000,time,2020-03-04T15:56:27.719000-08:00,37.3411801,-121.9080058,4.4435596,1583366187.719,1583366187.84,4.620317500034968,POINT (-121.9080058 37.3411801),android,11.5343690485191,-9.937119512738981,2.0971343319413323
1366,10.708,-10.399999618530273,293.96503,30054996435819,time,2020-03-04T15:56:28-08:00,37.3411928,-121.9080388,4.6418686,1583366188.0,1583366188.073,4.620395555562443,POINT (-121.9080388 37.3411928),android,8.742039469977666,-9.34782497746168,17.998173257029812
1367,9.948,-10.399999618530273,291.87555,30055390000000,time,2020-03-04T15:56:28.379000-08:00,37.341206,-121.9080724,4.4606705,1583366188.379,1583366188.506,4.620500833325916,POINT (-121.9080724 37.341206),android,5.199214284917841,-2.526518239924742,27.13365216571195
1368,9.577,-10.399999618530273,291.16672,30056081804464,time,2020-03-04T15:56:29-08:00,37.3412181,-121.9081056,4.383219,1583366189.0,1583366189.167,4.620673333340221,POINT (-121.9081056 37.3412181),android,3.630246327812896,14.323481152322406,-70.08244810575569
1369,10.016,-10.399999618530273,290.007,30056768000000,time,2020-03-04T15:56:29.757000-08:00,37.341227,-121.9081346,4.5565124,1583366189.757,1583366189.868,4.620883611109521,POINT (-121.9081346 37.341227),android,14.473121123003002,-38.72892992498806,164.85259175959453
1370,10.051,-10.399999618530273,286.33713,30057000254152,time,2020-03-04T15:56:30-08:00,37.3412371,-121.9081723,4.6194057,1583366190.0,1583366190.103,4.620951111117999,POINT (-121.9081723 37.3412371),android,5.06198996931776,1.3302549034952595,-8.669186686598175
1371,10.207,-10.399999618530273,284.25992,30057802000000,time,2020-03-04T15:56:30.791000-08:00,37.3412474,-121.9082157,4.62775,1583366190.791,1583366190.892,4.621170833309492,POINT (-121.9082157 37.3412474),android,6.114221450821438,-5.527070806564538,12.167618929447158
1372,10.219,-10.399999618530273,281.6423,30058310000000,time,2020-03-04T15:56:31.299000-08:00,37.3412553,-121.9082494,4.292595,1583366191.299,1583366191.409,4.62131194445822,POINT (-121.9082494 37.3412553),android,3.306468732601035,0.6540812573549029,-1.3694554743178895
1373,10.306,-10.399999618530273,278.81628,30059033000000,time,2020-03-04T15:56:32.022000-08:00,37.3412603,-121.9082757,4.2236414,1583366192.022,1583366192.109,4.621512777805329,POINT (-121.9082757 37.3412603),android,3.7793695141052157,-0.3360351184896859,3.078398460452314
1374,10.142,-10.399999618530273,302.43683,30060038000000,time,2020-03-04T15:56:33.027000-08:00,37.3412682,-121.9083175,4.1694384,1583366193.027,1583366193.137,4.621791944437557,POINT (-121.9083175 37.3412682),android,3.4416542616839294,2.7577549526122485,-14.656669201277342
1375,10.308,-10.399999618530273,305.0482,30060632000000,time,2020-03-04T15:56:33.621000-08:00,37.3412804,-121.9083348,4.0960064,1583366193.621,1583366193.728,4.621956944465637,POINT (-121.9083348 37.3412804),android,5.079760982315612,-5.948308034581524,36.34195497746961
1376,10.344,-10.399999618530273,314.10416,30060994844671,time,2020-03-04T15:56:34-08:00,37.3412917,-121.9083513,4.0525517,1583366194.0,1583366194.077,4.6220622222291095,POINT (-121.9083513 37.3412917),android,2.825352543537639,7.825291030326448,-38.74081895266338
1377,10.553,-10.399999618530273,296.34933,30061751000000,time,2020-03-04T15:56:34.740000-08:00,37.3413005,-121.9083722,4.4973555,1583366194.74,1583366194.842,4.6222677777873145,POINT (-121.9083722 37.3413005),android,8.616067980607001,-20.842915364105696,93.71789627927791
1378,10.68,-10.399999618530273,293.09375,30061993804202,time,2020-03-04T15:56:35-08:00,37.341305,-121.9083969,4.490206,1583366195.0,1583366195.072,4.622340000006887,POINT (-121.9083969 37.341305),android,3.196910184713051,3.5237367747430524,-8.349579714312604
1379,10.994,-10.399999618530273,291.8411,30062849000000,time,2020-03-04T15:56:35.838000-08:00,37.3413046,-121.9084272,4.4775233,1583366195.838,1583366195.954,4.62257277780109,POINT (-121.9084272 37.3413046),android,6.149801810298559,-3.4732115195432525,10.464675914615544
1380,11.127,-10.399999618530273,288.80292,30063553000000,time,2020-03-04T15:56:36.542000-08:00,37.3413094,-121.9084758,4.0527263,1583366196.542,1583366196.658,4.622768333355586,POINT (-121.9084758 37.3413094),android,3.70466091378936,3.8939202844265197,-20.065704220807337
1381,11.247,-10.399999618530273,288.82635,30064078647847,time,2020-03-04T15:56:37-08:00,37.3413109,-121.9084949,4.0133677,1583366197.0,1583366197.175,4.622895555562443,POINT (-121.9084949 37.3413109),android,5.488076188671863,-5.296171138806728,15.238911662008798
1382,11.174,-10.399999618530273,283.0091,30064438000000,time,2020-03-04T15:56:37.427000-08:00,37.3413128,-121.9085213,4.1912227,1583366197.427,1583366197.537,4.62301416668627,POINT (-121.9085213 37.3413128),android,3.226610869961916,1.2108448384530446,-2.4539977312545176
1383,11.258,-10.399999618530273,281.6104,30065079371857,time,2020-03-04T15:56:38-08:00,37.3413134,-121.9085422,4.199527,1583366198.0,1583366198.16,4.623173333340221,POINT (-121.9085422 37.3413134),android,3.9204249069674324,-0.19529574922069282,4.576986043663144
1384,11.232,-10.399999618530273,280.30457,30066082422325,time,2020-03-04T15:56:39-08:00,37.3413178,-121.9085862,4.223399,1583366199.0,1583366199.198,4.623451111117999,POINT (-121.9085862 37.3413178),android,3.7251291577467396,4.381690294442452,-17.481796677481356
1385,11.014,-10.399999618530273,285.04068,30066671000000,time,2020-03-04T15:56:39.660000-08:00,37.3413231,-121.9086132,4.285099,1583366199.66,1583366199.773,4.623634444475174,POINT (-121.9086132 37.3413231),android,6.617045128162252,-7.156297013169889,28.743678623323394
1386,10.62,-10.399999618530273,287.4422,30066997592169,time,2020-03-04T15:56:40-08:00,37.3413296,-121.9086373,4.3181896,1583366200.0,1583366200.062,4.623728888895776,POINT (-121.9086373 37.3413296),android,4.18390475791439,2.616551251670338,-15.900600630210777
1387,10.462,-10.399999618530273,284.2053,30067635000000,time,2020-03-04T15:56:40.623000-08:00,37.3413359,-121.9086657,4.3384013,1583366200.623,1583366200.724,4.623901944425371,POINT (-121.9086657 37.3413359),android,5.814015943161913,-7.28952145487952,30.806605018267685
1388,10.312,-10.399999618530273,281.36725,30068142076074,time,2020-03-04T15:56:41-08:00,37.3413394,-121.9086901,4.3266845,1583366201.0,1583366201.231,4.624006666673554,POINT (-121.9086901 37.3413394),android,3.065865673393054,4.324571516195258,-9.556122112121098
1389,10.268,-10.399999618530273,283.48816,30068878000000,time,2020-03-04T15:56:41.867000-08:00,37.3413436,-121.9087197,4.44574,1583366201.867,1583366201.96,4.624247500035498,POINT (-121.9087197 37.3413436),android,6.815269623351483,-3.9605873392639834,9.05051203286039
1390,10.155,-10.399999618530273,284.38058,30070080054772,time,2020-03-04T15:56:43-08:00,37.3413578,-121.9088052,4.1776404,1583366203.0,1583366203.198,4.62456222222911,POINT (-121.9088052 37.3413578),android,2.3279245758933156,6.293641861792824,-27.896997240658763
1391,10.096,-10.399999618530273,285.729,30071082848521,time,2020-03-04T15:56:44-08:00,37.3413599,-121.9088314,3.8799982,1583366204.0,1583366204.193,4.624840000006888,POINT (-121.9088314 37.3413599),android,8.62156643768614,-21.60335537886594,89.8222098411003
1392,10.086,-10.399999618530273,283.81662,30071272000000,time,2020-03-04T15:56:44.260000-08:00,37.3413641,-121.9088562,4.1243553,1583366204.26,1583366204.369,4.6249122222264605,POINT (-121.9088562 37.3413641),android,3.0046942452066463,1.7504183232087946,-1.352510129717905
1393,10.053,-10.399999618530273,283.0964,30071935000000,time,2020-03-04T15:56:44.923000-08:00,37.3413676,-121.9088783,4.15926,1583366204.923,1583366205.031,4.625096388922797,POINT (-121.9088783 37.3413676),android,4.165221780458925,0.8537039627421562,2.0528548424044746
1394,9.944,-10.399999618530273,281.99463,30072995000000,time,2020-03-04T15:56:45.983000-08:00,37.3413777,-121.9089266,4.525994,1583366205.983,1583366206.103,4.625390833351347,POINT (-121.9089266 37.3413777),android,5.070147932116278,3.029729978225603,-1.8516442732546798
1395,9.994,-10.399999618530273,284.38474,30073971000000,time,2020-03-04T15:56:46.960000-08:00,37.3413893,-121.9089807,4.5240374,1583366206.96,1583366207.087,4.625662222239706,POINT (-121.9089807 37.3413893),android,8.03019411506394,1.2206735267875117,-21.574308367916373
1396,10.027,-10.399999618530273,286.5965,30074415000000,time,2020-03-04T15:56:47.404000-08:00,37.3414013,-121.9090181,4.52377,1583366207.404,1583366207.498,4.6257855555746294,POINT (-121.9090181 37.3414013),android,8.572173167942346,-8.358319512016541,18.731005417828143
1397,9.901,-10.299999237060547,287.4716,30074839000000,time,2020-03-04T15:56:47.828000-08:00,37.3414147,-121.9090556,4.555459,1583366207.828,1583366207.925,4.625903333359294,POINT (-121.9090556 37.3414147),android,5.028245487598351,-0.4163727504121604,3.430668249485911
1398,9.852,-10.299999237060547,289.85413,30075487000000,time,2020-03-04T15:56:48.476000-08:00,37.3414262,-121.9090895,4.6130342,1583366208.476,1583366208.574,4.626083333359825,POINT (-121.9090895 37.3414262),android,4.758435944537103,1.8067002817981903,-7.6610370711872875
1399,9.871,-10.299999237060547,290.65036,30076082370394,time,2020-03-04T15:56:49-08:00,37.3414347,-121.9091156,4.6052933,1583366209.0,1583366209.218,4.626228888895777,POINT (-121.9091156 37.3414347),android,5.705146764697084,-2.2076826028500114,4.711520660964976
1400,9.754,-10.299999237060547,284.7858,30076829000000,time,2020-03-04T15:56:49.818000-08:00,37.3414446,-121.9091669,4.3606772,1583366209.818,1583366209.916,4.6264561111397215,POINT (-121.9091669 37.3414446),android,3.8992622229221388,1.6463416662663517,-6.344537098308976
1401,9.732,-10.299999237060547,284.0082,30077901000000,time,2020-03-04T15:56:50.890000-08:00,37.3414526,-121.9092131,4.4155025,1583366210.89,1583366211.007,4.626753888924917,POINT (-121.9092131 37.3414526),android,5.664140533121733,-5.1550022725382885,25.312982499939515
1402,9.766,-10.299999237060547,286.05725,30078348000000,time,2020-03-04T15:56:51.337000-08:00,37.341457,-121.9092412,4.4135747,1583366211.337,1583366211.436,4.6268780555327735,POINT (-121.9092412 37.341457),android,3.359855608692024,6.159895545778911,-35.552769741381546
1403,9.636,-10.299999237060547,287.9148,30079079529299,time,2020-03-04T15:56:52-08:00,37.3414623,-121.9092655,4.412178,1583366212.0,1583366212.209,4.62706222222911,POINT (-121.9092655 37.3414623),android,7.443867013491269,-17.41159459020255,65.68624838842243
1404,9.703,-10.299999237060547,300.41904,30079308000000,time,2020-03-04T15:56:52.297000-08:00,37.3414719,-121.9092874,3.7435322,1583366212.297,1583366212.365,4.627144722210036,POINT (-121.9092874 37.3414719),android,2.2726246157604315,2.097216670842173,-3.939244103308397
1405,9.959,-10.299999237060547,303.75772,30080054000000,time,2020-03-04T15:56:53.043000-08:00,37.3414814,-121.9093024,3.6192715,1583366213.043,1583366213.126,4.627351944446564,POINT (-121.9093024 37.3414814),android,3.837148360212023,-0.8414596330907116,1.6778451933569998
1406,10.035,-10.299999237060547,303.60587,30080927000000,time,2020-03-04T15:56:53.916000-08:00,37.3414997,-121.9093325,3.7396533,1583366213.916,1583366214.035,4.627594444420603,POINT (-121.9093325 37.3414997),android,3.102554179166719,0.6232990638983983,-0.7548547882450793
1407,10.282,-10.299999237060547,303.12714,30082017405705,time,2020-03-04T15:56:55-08:00,37.3415187,-121.9093621,3.3980823,1583366215.0,1583366215.082,4.627895555562443,POINT (-121.9093621 37.3415187),android,3.7782104333858024,-0.1949636100660002,2.9300482108389914
1408,10.745,-10.299999237060547,304.1706,30082474000000,time,2020-03-04T15:56:55.462000-08:00,37.3415272,-121.9093787,3.5602865,1583366215.462,1583366215.581,4.628023888866107,POINT (-121.9093787 37.3415272),android,3.6881372663596705,1.1587183503787006,-7.3014244639207675
1409,11.315,-10.299999237060547,306.60367,30082930000000,time,2020-03-04T15:56:55.919000-08:00,37.3415358,-121.9093944,3.5942047,1583366215.919,1583366216.012,4.62815083331532,POINT (-121.9093944 37.3415358),android,4.2176715723734555,-2.178032754970348,5.602219971918576
1410,12.665,-10.299999237060547,301.59518,30083731000000,time,2020-03-04T15:56:56.719000-08:00,37.3415527,-121.9094261,3.6782818,1583366216.719,1583366216.822,4.628373055590524,POINT (-121.9094261 37.3415527),android,2.4752449529703973,2.3037442911031727,-2.639780320068765
1411,13.598,-10.299999237060547,293.20956,30084518000000,time,2020-03-04T15:56:57.506000-08:00,37.3415597,-121.9094463,4.370448,1583366217.506,1583366217.61,4.62859166668521,POINT (-121.9094463 37.3415597),android,4.288291573853245,0.22623733529347753,3.327592452525047
1412,14.387,-10.299999237060547,291.24048,30085018000000,time,2020-03-04T15:56:58.007000-08:00,37.3415666,-121.909469,4.5066743,1583366218.007,1583366218.118,4.628730833331744,POINT (-121.909469 37.3415666),android,4.401636462437765,1.8933609128271272,-3.6264714333534327
1413,15.501,-10.299999237060547,293.0104,30086082371641,time,2020-03-04T15:56:59-08:00,37.3415788,-121.909516,4.4033494,1583366219.0,1583366219.193,4.629006666673554,POINT (-121.909516 37.3415788),android,6.281743906655892,-1.7077253311639566,1.2294060839811474
1414,15.117,-10.399999618530273,295.22638,30087079307005,time,2020-03-04T15:57:00-08:00,37.3416083,-121.9095766,4.339491,1583366220.0,1583366220.182,4.629284444451332,POINT (-121.9095766 37.3416083),android,4.574018575491936,-0.47831924718280927,1.199953754639938
1415,14.319,-10.399999618530273,299.5666,30088082209713,time,2020-03-04T15:57:01-08:00,37.3416255,-121.9096236,4.2437387,1583366221.0,1583366221.165,4.62956222222911,POINT (-121.9096236 37.3416255),android,4.095699328309126,0.7216345074571286,-1.793313194387138
1416,13.966,-10.399999618530273,299.4577,30088558000000,time,2020-03-04T15:57:01.547000-08:00,37.3416322,-121.9096475,4.4272103,1583366221.547,1583366221.663,4.629714166654481,POINT (-121.9096475 37.3416322),android,4.490433354337466,-0.25930768673559096,2.521810835287985
1417,12.952,-10.399999618530273,299.40677,30088977000000,time,2020-03-04T15:57:01.966000-08:00,37.3416382,-121.9096674,4.468053,1583366221.966,1583366222.076,4.629830555584696,POINT (-121.9096674 37.3416382),android,4.381783395017221,0.7973314284279256,4.287749342916419
1418,12.553,-10.399999618530273,297.8188,30089512000000,time,2020-03-04T15:57:02.500000-08:00,37.3416469,-121.9096915,4.7486696,1583366222.5,1583366222.616,4.629978888895777,POINT (-121.9096915 37.3416469),android,4.807558313924595,3.086989234059514,-8.817861396508356
1419,12.078,-10.399999618530273,297.1903,30090098990962,time,2020-03-04T15:57:03-08:00,37.3416566,-121.9097158,4.820807,1583366223.0,1583366223.192,4.630117777784665,POINT (-121.9097158 37.3416566),android,6.351052930954352,-1.3219414641946639,1.4462156393730912
1420,12.355,-10.399999618530273,300.34277,30090915000000,time,2020-03-04T15:57:03.904000-08:00,37.3416812,-121.9097729,4.764902,1583366223.904,1583366224.016,4.630368888907962,POINT (-121.9097729 37.3416812),android,5.156017789330101,-0.014562462757328566,-2.2540087921019034
1421,12.455,-10.399999618530273,304.80496,30091529000000,time,2020-03-04T15:57:04.517000-08:00,37.3416959,-121.9098035,4.6224766,1583366224.517,1583366224.615,4.6305391666624285,POINT (-121.9098035 37.3416959),android,5.147091000881989,-1.3962696631518496,7.6617137157799435
1422,12.404,-10.399999618530273,306.6735,30092099880284,time,2020-03-04T15:57:05-08:00,37.3417083,-121.9098269,4.578788,1583366225.0,1583366225.192,4.630673333340221,POINT (-121.9098269 37.3417083),android,4.472692697653012,2.304338368454606,-10.940615473399836
1423,12.263,-10.399999618530273,305.84705,30092627000000,time,2020-03-04T15:57:05.616000-08:00,37.3417222,-121.9098527,4.517731,1583366225.616,1583366225.727,4.630844444433848,POINT (-121.9098527 37.3417222),android,5.8921649875802204,-4.43508007452995,13.039086751108377
1424,12.307,-10.399999618530273,306.59628,30093001878252,time,2020-03-04T15:57:06-08:00,37.3417336,-121.9098739,4.4821467,1583366226.0,1583366226.087,4.630951111117999,POINT (-121.9098739 37.3417336),android,4.18909395980567,0.5719300586084479,-0.6991170014852779
1425,12.601,-10.399999618530273,305.84665,30094080550127,time,2020-03-04T15:57:07-08:00,37.341756,-121.909912,4.3551354,1583366227.0,1583366227.166,4.631228888895777,POINT (-121.909912 37.341756),android,4.761024018414118,-0.12718694287683,-0.05044592361484832
1426,11.607,-10.399999618530273,303.1351,30095066000000,time,2020-03-04T15:57:08.055000-08:00,37.3417794,-121.9099606,4.327265,1583366228.055,1583366228.156,4.631521944469876,POINT (-121.9099606 37.3417794),android,4.626841785188418,-0.1804073956581237,-0.07590596990135606
1427,10.986,-10.399999618530273,315.4042,30095575000000,time,2020-03-04T15:57:08.564000-08:00,37.3417933,-121.9099807,4.127058,1583366228.564,1583366228.682,4.631663333310021,POINT (-121.9099807 37.3417933),android,4.535014452455615,-0.21904352101823232,3.3201309864354416
1428,10.185,-10.399999618530273,319.41064,30096014000000,time,2020-03-04T15:57:09.002000-08:00,37.3418066,-121.9099957,4.0855293,1583366229.002,1583366229.109,4.631785000032849,POINT (-121.9099957 37.3418066),android,4.439073345963639,1.2351745223011048,-2.206178388305428
1429,10.097,-10.399999618530273,310.86322,30096935000000,time,2020-03-04T15:57:09.924000-08:00,37.3418332,-121.9100277,4.57552,1583366229.924,1583366230.039,4.632041111124886,POINT (-121.9100277 37.3418332),android,5.577904170712554,-0.7989218002302519,3.25398974805572
1430,10.063,-10.399999618530273,309.72974,30097419000000,time,2020-03-04T15:57:10.408000-08:00,37.3418478,-121.9100521,4.2882776,1583366230.408,1583366230.514,4.632175555560324,POINT (-121.9100521 37.3418478),android,5.1912260453060926,0.7760091323183371,-9.114239499418659
1431,9.946,-10.399999618530273,309.2197,30097872000000,time,2020-03-04T15:57:10.860000-08:00,37.3418613,-121.9100725,4.1822577,1583366230.86,1583366230.969,4.632301111088859,POINT (-121.9100725 37.3418613),android,5.541982097627863,-3.343626234833252,2.8038502603153006
1432,9.846,-10.399999618530273,313.03604,30099359267417,time,2020-03-04T15:57:12-08:00,37.3418966,-121.9101285,3.7494612,1583366232.0,1583366232.454,4.632617777784666,POINT (-121.9101285 37.3418966),android,1.7302478391576048,-0.1472366439382118,1.6190257563055268
1433,10.064,-10.399999618530273,316.15463,30100109679187,time,2020-03-04T15:57:13-08:00,37.3419065,-121.9101436,3.2749028,1583366233.0,1583366233.22,4.632895555562444,POINT (-121.9101436 37.3419065),android,1.583011195219393,1.471789112367315,-14.112981077320535
1434,9.881,-10.399999618530273,313.73895,30100748000000,time,2020-03-04T15:57:13.736000-08:00,37.3419143,-121.9101524,2.0224206,1583366233.736,1583366233.847,4.633100000023842,POINT (-121.9101524 37.3419143),android,2.6662480717526154,-8.915365821928605,33.51531353596009
1435,9.665,-10.399999618530273,314.19818,30101005476426,time,2020-03-04T15:57:14-08:00,37.3419188,-121.910158,1.8649958,1583366234.0,1583366234.109,4.633173333340221,POINT (-121.910158 37.3419188),android,0.3125920389142098,-0.06732509404753956,0.24524532543477096
1436,9.068,-10.399999618530273,312.71002,30101997991374,time,2020-03-04T15:57:15-08:00,37.3419184,-121.9101615,0.94404554,1583366235.0,1583366235.066,4.633451111117998,POINT (-121.9101615 37.3419184),android,0.24526694486667022,0.1779202313872314,-0.2875760791157473
1437,8.403,-10.399999618530273,284.57056,30103092440124,time,2020-03-04T15:57:16-08:00,37.3419162,-121.9101613,0.020508204,1583366236.0,1583366236.174,4.633728888895776,POINT (-121.9101613 37.3419162),android,0.4231871762539016,-0.10965584772851589,-0.0020474524444906717
1438,8.271,-10.399999618530273,270.02234,30104088856477,time,2020-03-04T15:57:17-08:00,37.3419133,-121.9101582,0.0011182685,1583366237.0,1583366237.176,4.634006666673554,POINT (-121.9101582 37.3419133),android,0.31353132852538573,-0.11170330017300656,0.1007580205317114
1439,7.713,-10.399999618530273,90.04251,30105102224081,time,2020-03-04T15:57:18-08:00,37.3419113,-121.9101557,0.0010050569,1583366238.0,1583366238.176,4.634284444451332,POINT (-121.9101557 37.3419113),android,0.20182802835237917,-0.010945279641295158,0.04524616738431597
1440,7.391,-10.399999618530273,90.73747,30106090478508,time,2020-03-04T15:57:19-08:00,37.3419096,-121.9101549,0.0004168885,1583366239.0,1583366239.173,4.63456222222911,POINT (-121.9101549 37.3419096),android,0.19088274871108402,0.034300887743020814,-0.11356987572289495
1441,7.413,-10.399999618530273,93.586395,30106996493664,time,2020-03-04T15:57:20-08:00,37.3419079,-121.9101546,0.0002233297,1583366240.0,1583366240.072,4.6348400000068875,POINT (-121.9101546 37.3419079),android,0.22518363645410483,-0.07926898797987414,0.06120331304970553
1442,7.647,-10.399999618530273,263.46808,30108082366684,time,2020-03-04T15:57:21-08:00,37.3419059,-121.910155,0.0021661248,1583366241.0,1583366241.178,4.635117777784665,POINT (-121.910155 37.3419059),android,0.1459146484742307,-0.018065674930168613,-0.01559218883633684
1443,7.998,-10.399999618530273,225.57005,30109078961319,time,2020-03-04T15:57:22-08:00,37.3419048,-121.9101559,0.018853446,1583366242.0,1583366242.195,4.635395555562443,POINT (-121.9101559 37.3419048),android,0.12784897354406208,-0.03365786376650545,0.15766458198731004
1444,8.297,-10.399999618530273,220.35576,30110083258767,time,2020-03-04T15:57:23-08:00,37.3419039,-121.9101568,0.060355242,1583366243.0,1583366243.185,4.635673333340221,POINT (-121.9101568 37.3419039),android,0.09419110977755663,0.12400671822080458,-0.17891065656651883
1445,8.589,-10.399999618530273,217.78491,30111098535798,time,2020-03-04T15:57:24-08:00,37.3419032,-121.9101574,0.07166177,1583366244.0,1583366244.195,4.635951111117999,POINT (-121.9101574 37.3419032),android,0.2181978279983612,-0.05490393834571424,0.08845339129417364
1446,9.584,-10.899999618530273,287.68777,30113120770797,time,2020-03-04T15:57:26-08:00,37.3419044,-121.9101621,0.20494966,1583366246.0,1583366246.233,4.636506666673554,POINT (-121.9101621 37.3419044),android,0.10838995130693273,0.12200284424263304,1.23506718023056
1447,9.766,-10.899999618530273,274.1069,30114119370276,time,2020-03-04T15:57:27-08:00,37.3419046,-121.9101633,0.12303343,1583366247.0,1583366247.25,4.636784444451332,POINT (-121.9101633 37.3419046),android,0.23039279554956577,1.357070024473193,-4.710170138537345
1448,9.682,-10.899999618530273,290.20587,30114433000000,time,2020-03-04T15:57:27.422000-08:00,37.341904,-121.9101641,0.5263261,1583366247.422,1583366247.518,4.636901666654481,POINT (-121.9101641 37.341904),android,0.8030762526946496,-0.6306214505678497,6.808964484246113
1449,9.634,-10.899999618530273,290.75403,30115082266004,time,2020-03-04T15:57:28-08:00,37.3419055,-121.910169,0.65097964,1583366248.0,1583366248.172,4.63706222222911,POINT (-121.910169 37.3419055),android,0.4385770109650938,3.304960488860891,-13.472410159382857
1450,9.46,-10.899999618530273,276.53046,30115976000000,time,2020-03-04T15:57:28.965000-08:00,37.341907,-121.9101734,0.7748522,1583366248.965,1583366249.076,4.637330277760824,POINT (-121.9101734 37.341907),android,3.6278635990488195,-9.695914158597327,41.80531201683505
1451,9.337,-10.399999618530273,274.56998,30116222000000,time,2020-03-04T15:57:29.211000-08:00,37.3419081,-121.9101834,1.1831166,1583366249.211,1583366250.007,4.637398611108462,POINT (-121.9101834 37.3419081),android,1.2426682167096845,0.5881947504513247,0.32214690500701415
1452,9.245,-10.399999618530273,267.5165,30117685000000,time,2020-03-04T15:57:30.674000-08:00,37.3419094,-121.9102039,2.066736,1583366250.674,1583366250.8,4.637805000013775,POINT (-121.9102039 37.3419094),android,2.1031971713986386,1.0594956915244267,4.283119418556614
1453,9.293,-10.399999618530273,272.643,30118574000000,time,2020-03-04T15:57:31.563000-08:00,37.3419114,-121.9102249,2.0579727,1583366251.563,1583366251.726,4.638051944441266,POINT (-121.9102249 37.3419114),android,3.045088776497369,4.867188593200394,-14.636787409679961
1454,9.356,-10.399999618530273,269.8149,30119083423242,time,2020-03-04T15:57:32-08:00,37.3419131,-121.9102398,2.0366406,1583366252.0,1583366252.175,4.638173333340221,POINT (-121.9102398 37.3419131),android,5.172050368111026,-1.5290880352614213,-2.5701297687340743
1455,9.529,-10.399999618530273,281.56516,30119696000000,time,2020-03-04T15:57:32.684000-08:00,37.3419171,-121.9102795,2.5984437,1583366252.684,1583366252.786,4.63836333334446,POINT (-121.9102795 37.3419171),android,4.126154128660182,-3.2870568362925963,7.524943770290683
1456,9.8,-10.399999618530273,281.4189,30120240000000,time,2020-03-04T15:57:33.228000-08:00,37.3419224,-121.910304,2.7394319,1583366253.228,1583366253.357,4.638514444430669,POINT (-121.910304 37.3419224),android,2.3379955043864875,0.8065119001690482,3.2318527292074744
1457,10.003,-10.399999618530273,287.63956,30120970000000,time,2020-03-04T15:57:33.959000-08:00,37.3419263,-121.9103227,2.747841,1583366253.959,1583366254.07,4.638717500037617,POINT (-121.9103227 37.3419263),android,2.9275558526251007,3.1689968431538906,6.928417815668567
1458,10.262,-10.399999618530273,292.71527,30121934000000,time,2020-03-04T15:57:34.922000-08:00,37.3419349,-121.9103527,2.9654522,1583366254.922,1583366255.043,4.638984999987814,POINT (-121.9103527 37.3419349),android,5.9792992444104085,9.841061957441346,-34.83649563194905
1459,10.213,-10.399999618530273,299.45966,30122376000000,time,2020-03-04T15:57:35.365000-08:00,37.3419466,-121.9103788,3.453118,1583366255.365,1583366255.463,4.639108055565092,POINT (-121.9103788 37.3419466),android,10.338890461140704,-5.5915083317711165,6.064531584856394
1460,9.695,-10.399999618530273,309.61,30123098843814,time,2020-03-04T15:57:36-08:00,37.3419873,-121.9104326,4.6242776,1583366256.0,1583366256.185,4.639284444451332,POINT (-121.9104326 37.3419873),android,6.788282723790823,-1.7405308332231861,-1.36547492923019
1461,9.134,-10.399999618530273,314.81818,30124104763345,time,2020-03-04T15:57:37-08:00,37.3420289,-121.9104888,5.073903,1583366257.0,1583366257.184,4.6395622222291095,POINT (-121.9104888 37.3420289),android,5.047751890567637,-3.106005762453376,4.104205626244809
1462,8.699,-10.399999618530273,317.01257,30125079558657,time,2020-03-04T15:57:38-08:00,37.3420609,-121.9105293,4.2586207,1583366258.0,1583366258.177,4.639840000006887,POINT (-121.9105293 37.3420609),android,1.9417461281142612,0.9981998637914336,3.152032308011475
1463,8.71,-10.399999618530273,47.853695,30126079446052,time,2020-03-04T15:57:39-08:00,37.3420771,-121.9105375,3.537225,1583366259.0,1583366259.171,4.640117777784665,POINT (-121.9105375 37.3420771),android,2.9399459919056947,4.150232171802909,-5.181813430336473
1464,8.641,-10.399999618530273,21.923487,30126621000000,time,2020-03-04T15:57:39.610000-08:00,37.342093,-121.9105341,3.009477,1583366259.61,1583366259.7,4.64028722219997,POINT (-121.9105341 37.342093),android,5.471587181328788,0.9893265228915223,-9.365786086100963
1465,8.818,-10.399999618530273,346.68512,30127002864698,time,2020-03-04T15:57:40-08:00,37.34211,-121.9105453,3.209138,1583366260.0,1583366260.087,4.640395555562443,POINT (-121.9105453 37.34211),android,5.857424629040964,-2.663331033197914,10.175219542160248
1466,8.787,-10.399999618530273,325.49484,30127818000000,time,2020-03-04T15:57:40.807000-08:00,37.3421395,-121.9105838,4.182174,1583366260.807,1583366260.918,4.640619722207387,POINT (-121.9105838 37.3421395),android,3.7081166935261805,5.548070341610072,2.5172205042302522
1467,9.48,-10.399999618530273,322.3116,30128715000000,time,2020-03-04T15:57:41.704000-08:00,37.3421561,-121.9106151,4.542176,1583366261.704,1583366261.817,4.640868888894717,POINT (-121.9106151 37.3421561),android,8.684736202652486,7.8060173211520745,-137.25041813455962
1468,9.546,-10.399999618530273,319.89276,30129001373655,time,2020-03-04T15:57:42-08:00,37.3421714,-121.9106369,4.6538095,1583366262.0,1583366262.095,4.640951111117999,POINT (-121.9106369 37.3421714),android,10.995317359491093,-32.820106970246364,140.1287549262621
1469,10.275,-10.399999618530273,315.2392,30129256000000,time,2020-03-04T15:57:42.245000-08:00,37.3421872,-121.91066,4.395027,1583366262.245,1583366262.356,4.641019166641765,POINT (-121.91066 37.3421872),android,2.9543949077439047,1.5114219502245,-4.436290162480144
1470,10.482,-10.399999618530273,306.251,30130079231311,time,2020-03-04T15:57:43-08:00,37.3421982,-121.9106811,4.3071766,1583366263.0,1583366263.194,4.6412288888957764,POINT (-121.9106811 37.3421982),android,4.095518653131918,-1.8379776301411266,2.5292516895543735
1471,11.036,-10.399999618530273,310.76746,30130918000000,time,2020-03-04T15:57:43.907000-08:00,37.3422114,-121.9107197,3.59753,1583366263.907,1583366264.016,4.6414808333582345,POINT (-121.9107197 37.3422114),android,2.4284728234013357,0.4560538163062921,0.04102428537922398
1472,10.762,-10.899999618530273,321.48297,30132081977196,time,2020-03-04T15:57:45-08:00,37.3422245,-121.9107448,3.6712039,1583366265.0,1583366265.195,4.641784444451332,POINT (-121.9107448 37.3422245),android,2.92693961504909,0.500893357565365,-6.165608642461344
1473,10.717,-10.899999618530273,325.69226,30132571000000,time,2020-03-04T15:57:45.560000-08:00,37.3422356,-121.910757,3.5362487,1583366265.56,1583366265.681,4.641939999990993,POINT (-121.910757 37.3422356),android,3.2074398666243464,-2.9518471294140314,13.859513640517676
1474,10.762,-10.899999618530273,332.92877,30133080890060,time,2020-03-04T15:57:46-08:00,37.3422458,-121.9107665,3.5296187,1583366266.0,1583366266.148,4.64206222222911,POINT (-121.9107665 37.3422458),android,1.908626960776125,3.1463396654614777,-18.495774343728733
1475,10.717,-10.899999618530273,331.07355,30133758000000,time,2020-03-04T15:57:46.747000-08:00,37.3422556,-121.9107769,2.40679,1583366266.747,1583366266.866,4.642269722223282,POINT (-121.9107769 37.3422556),android,4.258942624863016,-10.670003381247097,38.60097830515343
1476,10.705,-10.899999618530273,342.20282,30134082478549,time,2020-03-04T15:57:47-08:00,37.3422633,-121.9107843,2.2224767,1583366267.0,1583366267.195,4.642340000006888,POINT (-121.9107843 37.3422633),android,1.5594315455419203,-0.9039550601625241,1.6642908462285153
1477,10.047,-10.899999618530273,324.8498,30135089041518,time,2020-03-04T15:57:48-08:00,37.3422755,-121.910793,1.7095113,1583366268.0,1583366268.15,4.6426177777846656,POINT (-121.910793 37.3422755),android,0.6554764853793962,0.7603357860659912,-2.13277568639399
1478,10.045,-10.899999618530273,330.569,30135653000000,time,2020-03-04T15:57:48.642000-08:00,37.3422761,-121.9107977,1.6785698,1583366268.642,1583366268.786,4.642796111106873,POINT (-121.9107977 37.3422761),android,1.1436120295790286,-0.6089061191720679,-0.5091736304953872
1479,10.068,-10.899999618530273,350.20126,30136078906517,time,2020-03-04T15:57:49-08:00,37.3422786,-121.9108011,1.6590394,1583366269.0,1583366269.148,4.642895555562443,POINT (-121.9108011 37.3422786),android,0.925623614526107,-0.7911902992840207,1.019702074050059
1480,10.243,-10.899999618530273,351.2771,30137091818444,time,2020-03-04T15:57:50-08:00,37.3422869,-121.9108019,1.6777481,1583366270.0,1583366270.179,4.643173333340221,POINT (-121.9108019 37.3422869),android,0.1344333152420863,0.22851177476603823,0.06307147555725715
1481,10.148,-11.199999809265137,355.6241,30138448000000,time,2020-03-04T15:57:51.437000-08:00,37.3422876,-121.9107999,0.041773234,1583366271.437,1583366271.533,4.643572500016954,POINT (-121.9107999 37.3422876),android,0.46280474386206405,0.3191454874275033,-1.0741066575387415
1482,10.14,-11.199999809265137,337.1642,30139527000000,time,2020-03-04T15:57:52.516000-08:00,37.3422918,-121.9108019,0.17434871,1583366272.516,1583366272.603,4.643872222238117,POINT (-121.9108019 37.3422918),android,0.8071627235788967,-0.8398155919594069,1.3310257176166884
1483,10.203,-11.199999809265137,332.28854,30140163664380,time,2020-03-04T15:57:53-08:00,37.3422948,-121.9108042,0.32229185,1583366273.0,1583366273.25,4.644006666673555,POINT (-121.9108042 37.3422948),android,0.40069200430150287,-0.19559918779134114,0.3108152217013311
1484,10.066,-11.199999809265137,201.20833,30141078365890,time,2020-03-04T15:57:54-08:00,37.3422912,-121.910804,0.0021328705,1583366274.0,1583366274.178,4.6442844444513325,POINT (-121.910804 37.3422912),android,0.20509281651016173,0.11521603390998994,-0.20953087805196266
1485,9.915,-11.199999809265137,179.72559,30142133960733,time,2020-03-04T15:57:55-08:00,37.3422895,-121.9108031,0.000780011,1583366275.0,1583366275.227,4.64456222222911,POINT (-121.9108031 37.3422895),android,0.32030885042015167,-0.09431484414197272,-0.020374553157808728
1486,9.812,-11.199999809265137,179.06454,30143073630681,time,2020-03-04T15:57:56-08:00,37.342287,-121.9108013,0.000990823,1583366276.0,1583366276.138,4.644840000006887,POINT (-121.9108013 37.342287),android,0.22599400627817895,-0.11468939729978145,0.23947678145514026
1487,9.598,-10.899999618530273,22.775839,30144078213805,time,2020-03-04T15:57:57-08:00,37.3422863,-121.9107989,0.0017610339,1583366277.0,1583366277.176,4.645117777784665,POINT (-121.9107989 37.3422863),android,0.1113046089783975,0.12478738415535881,-0.28908447400856896
1488,9.344,-10.899999618530273,42.312603,30145095298701,time,2020-03-04T15:57:58-08:00,37.342287,-121.910798,0.03603791,1583366278.0,1583366278.186,4.645395555562443,POINT (-121.910798 37.342287),android,0.2360919931337563,-0.16429708985321018,0.32989846774441095
1489,9.377,-10.899999618530273,171.48193,30146099397034,time,2020-03-04T15:57:59-08:00,37.3422853,-121.9107964,0.0035118996,1583366279.0,1583366279.186,4.645673333340221,POINT (-121.9107964 37.3422853),android,0.07179490328054614,0.16560137789120077,-0.08790944634854754
1490,9.398,-10.899999618530273,179.03548,30147076698179,time,2020-03-04T15:58:00-08:00,37.3422847,-121.9107961,0.0007906798,1583366280.0,1583366280.149,4.6459511111179985,POINT (-121.9107961 37.3422847),android,0.2373962811717469,0.07769193154265323,-0.11550713800645124
1491,9.792,-10.899999618530273,0.4910196,30149084524689,time,2020-03-04T15:58:02-08:00,37.3422888,-121.9107946,0.016818997,1583366282.0,1583366282.177,4.646506666673554,POINT (-121.9107946 37.3422888),android,0.3927801442570534,-0.15332234447024923,0.0697882493622457
1492,9.798,-10.899999618530273,1.394546,30150074395574,time,2020-03-04T15:58:03-08:00,37.3422923,-121.910794,0.008300574,1583366283.0,1583366283.158,4.646784444451332,POINT (-121.910794 37.3422923),android,0.23945779978680415,-0.08353409510800353,0.27812532835973036
1493,9.854,-10.899999618530273,1.4126724,30151089505365,time,2020-03-04T15:58:04-08:00,37.3422944,-121.9107934,0.001046854,1583366284.0,1583366284.182,4.64706222222911,POINT (-121.9107934 37.3422944),android,0.15592370467880062,0.19459123325172684,-0.11962107430338031
1494,10.095,-10.899999618530273,1.6165954,30152075501875,time,2020-03-04T15:58:05-08:00,37.3422958,-121.9107933,0.00031970977,1583366285.0,1583366285.192,4.647340000006888,POINT (-121.9107933 37.3422958),android,0.35051493793052746,0.07497015894834652,0.029223657866039227
1495,10.529,-11.199999809265137,359.28568,30154095268385,time,2020-03-04T15:58:07-08:00,37.3423021,-121.9107936,0.008695505,1583366287.0,1583366287.205,4.647895555562443,POINT (-121.9107936 37.3423021),android,0.5004552558272205,0.13341747468042497,3.91493907949106
1496,10.729,-11.199999809265137,359.7708,30155098337447,time,2020-03-04T15:58:08-08:00,37.3423066,-121.9107937,0.21739027,1583366288.0,1583366288.191,4.648173333340221,POINT (-121.9107937 37.3423066),android,0.6338727305076455,4.048356554171485,-7.835550135065651
1497,10.912,-11.199999809265137,358.8935,30156105259061,time,2020-03-04T15:58:09-08:00,37.3423123,-121.9107938,0.4186669,1583366289.0,1583366289.196,4.648451111117999,POINT (-121.9107938 37.3423123),android,4.6822292846791305,-3.787193580894166,2.9009981665374824
1498,9.801,-11.199999809265137,163.97289,30157084621925,time,2020-03-04T15:58:10-08:00,37.3422715,-121.9107807,1.5454489,1583366290.0,1583366290.19,4.648728888895777,POINT (-121.9107807 37.3422715),android,0.8950357037849648,-0.8861954143566836,1.0153950476251286
1499,7.648,-11.199999809265137,164.59889,30158096436612,time,2020-03-04T15:58:11-08:00,37.3422637,-121.9107782,1.089428,1583366291.0,1583366291.193,4.6490066666735546,POINT (-121.9107782 37.3422637),android,0.008840289428281238,0.12919963326844497,-0.15055741127473066
1500,6.487,-11.199999809265137,164.88904,30159084546195,time,2020-03-04T15:58:12-08:00,37.3422637,-121.9107783,0.53360397,1583366292.0,1583366292.17,4.649284444451332,POINT (-121.9107783 37.3422637),android,0.1380399226967262,-0.021357778006285688,-0.01698750788261978
1501,5.315,-11.199999809265137,165.25713,30160087863174,time,2020-03-04T15:58:13-08:00,37.3422649,-121.9107787,0.2060758,1583366293.0,1583366293.153,4.64956222222911,POINT (-121.9107787 37.3422649),android,0.11668214469044053,-0.03834528588890547,0.005356421094998044
1502,4.076,-11.199999809265137,166.32681,30161095248278,time,2020-03-04T15:58:14-08:00,37.3422659,-121.9107791,0.046894077,1583366294.0,1583366294.201,4.649840000006888,POINT (-121.9107791 37.3422659),android,0.07833685880153506,-0.032988864793907426,-0.001239636419320858
1503,4.092,-11.199999809265137,358.2954,30162108630048,time,2020-03-04T15:58:15-08:00,37.3422666,-121.9107792,0.015081799,1583366295.0,1583366295.212,4.650117777784666,POINT (-121.9107792 37.3422666),android,0.04534799400762763,-0.034228501213228284,0.023109008418828937
1504,4.105,-10.899999618530273,352.59143,30163102800256,time,2020-03-04T15:58:16-08:00,37.342267,-121.9107793,0.025880883,1583366296.0,1583366296.205,4.650395555562443,POINT (-121.9107793 37.342267),android,0.011119492794399348,-0.011119492794399348,0.02532490831102016
1505,4.105,-10.899999618530273,351.76385,30164099507287,time,2020-03-04T15:58:17-08:00,37.3422671,-121.9107793,0.016716909,1583366297.0,1583366297.196,4.650673333340221,POINT (-121.9107793 37.3422671),android,0.0,0.014205415516620813,-0.017291338238842276
1506,4.076,-10.899999618530273,351.05267,30165076463745,time,2020-03-04T15:58:18-08:00,37.3422671,-121.9107793,0.008355908,1583366298.0,1583366298.16,4.650951111117998,POINT (-121.9107793 37.3422671),android,0.014205415516620813,-0.0030859227222214645,-0.008033570072177884
1507,4.061,-10.899999618530273,13.540682,30166074653172,time,2020-03-04T15:58:19-08:00,37.3422672,-121.9107792,0.011370407,1583366299.0,1583366299.164,4.651228888895776,POINT (-121.9107792 37.3422672),android,0.011119492794399348,-0.011119492794399348,0.011119492794399348
1508,4.061,-10.899999618530273,13.031001,30167088464109,time,2020-03-04T15:58:20-08:00,37.3422673,-121.9107792,0.012069469,1583366300.0,1583366300.174,4.651506666673554,POINT (-121.9107792 37.3422673),android,0.0,0.0,0.07224107680103903
1509,4.091,-10.899999618530273,12.930197,30167280000000,time,2020-03-04T15:58:20.269000-08:00,37.3422673,-121.9107792,0.011545657,1583366300.269,1583366301.082,4.6515813889106115,POINT (-121.9107792 37.3422673),android,0.0,0.019432853517569234,-0.033923366922118545
1510,4.091,-10.899999618530273,12.830304,30168115945046,time,2020-03-04T15:58:21-08:00,37.3422673,-121.9107792,0.0077656275,1583366301.0,1583366301.201,4.651784444451332,POINT (-121.9107792 37.3422673),android,0.014205414883516764,-0.005365125890796171,0.007644329692474926
1511,4.091,-10.899999618530273,343.64056,30169117563952,time,2020-03-04T15:58:22-08:00,37.3422674,-121.9107793,0.007922654,1583366302.0,1583366302.213,4.65206222222911,POINT (-121.9107793 37.3422674),android,0.008840288992720593,0.002279203801678755,-0.013398696596078103
1512,4.091,-10.899999618530273,7.0097723,30170114442962,time,2020-03-04T15:58:23-08:00,37.3422674,-121.9107792,0.0049460777,1583366303.0,1583366303.222,4.6523400000068875,POINT (-121.9107792 37.3422674),android,0.011119492794399348,-0.011119492794399348,0.011119492794399348
1513,4.091,-10.899999618530273,10.106765,30171087362805,time,2020-03-04T15:58:24-08:00,37.3422675,-121.9107792,0.0065869545,1583366304.0,1583366304.174,4.652617777784665,POINT (-121.9107792 37.3422675),android,0.0,0.0,0.0
1514,4.064,-10.899999618530273,10.980469,30172078526555,time,2020-03-04T15:58:25-08:00,37.3422675,-121.9107792,0.0046473667,1583366305.0,1583366305.177,4.652895555562443,POINT (-121.9107792 37.3422675),android,0.0,0.0,0.0
1515,4.145,-11.199999809265137,11.275335,30172324000000,time,2020-03-04T15:58:25.313000-08:00,37.3422675,-121.9107792,0.003934776,1583366305.313,1583366306.169,4.6529824999968215,POINT (-121.9107792 37.3422675),android,0.0,0.0,0.0
1516,4.11,-11.199999809265137,11.645939,30173113199836,time,2020-03-04T15:58:26-08:00,37.3422675,-121.9107792,0.0023909938,1583366306.0,1583366306.2,4.653173333340221,POINT (-121.9107792 37.3422675),android,0.0,0.0,0.0
1517,4.11,-11.199999809265137,12.073756,30174075137492,time,2020-03-04T15:58:27-08:00,37.3422675,-121.9107792,0.0011085917,1583366307.0,1583366307.186,4.653451111117999,POINT (-121.9107792 37.3422675),android,0.0,0.0,0.0
1518,4.11,-11.199999809265137,12.958939,30175085843273,time,2020-03-04T15:58:28-08:00,37.3422675,-121.9107792,0.00033978687,1583366308.0,1583366308.223,4.653728888895777,POINT (-121.9107792 37.3422675),android,0.0,0.0,0.0
1519,4.145,-11.199999809265137,70.02148,30176088952960,time,2020-03-04T15:58:29-08:00,37.3422675,-121.9107792,5.6583117e-06,1583366309.0,1583366309.195,4.6540066666735544,POINT (-121.9107792 37.3422675),android,0.0,0.0,0.04648928724201361
1520,4.162,-11.199999809265137,190.15802,30177094646136,time,2020-03-04T15:58:30-08:00,37.3422675,-121.9107792,8.693257e-05,1583366310.0,1583366310.176,4.654284444451332,POINT (-121.9107792 37.3422675),android,0.0,0.04648928724201361,-0.1943662240924358
1521,4.245,-10.899999618530273,190.71016,30177407000000,time,2020-03-04T15:58:30.396000-08:00,37.3422675,-121.9107792,9.661125e-05,1583366310.396,1583366311.2,4.6543944444259004,POINT (-121.9107792 37.3422675),android,0.018409753491616023,-0.03047971970383169,0.07398199939749742
1522,4.262,-10.899999618530273,359.77225,30178155803480,time,2020-03-04T15:58:31-08:00,37.3422676,-121.9107792,0.0037913143,1583366311.0,1583366311.249,4.65456222222911,POINT (-121.9107792 37.3422676),android,0.0,0.014205414705511085,-0.02841082941102217
1523,4.262,-10.899999618530273,359.8576,30179084861865,time,2020-03-04T15:58:32-08:00,37.3422676,-121.9107792,0.003823168,1583366312.0,1583366312.175,4.654840000006888,POINT (-121.9107792 37.3422676),android,0.014205414705511085,-0.014205414705511085,0.025324907499910433
1524,4.21,-10.899999618530273,113.18255,30180078206760,time,2020-03-04T15:58:33-08:00,37.3422675,-121.9107791,0.0033038843,1583366313.0,1583366313.171,4.655117777784666,POINT (-121.9107791 37.3422675),android,0.0,0.011119492794399348,-0.022238985588798697
1525,4.262,-10.899999618530273,129.56718,30181145629989,time,2020-03-04T15:58:34-08:00,37.3422675,-121.9107791,0.0035602855,1583366314.0,1583366314.243,4.6553955555624436,POINT (-121.9107791 37.3422675),android,0.011119492794399348,-0.011119492794399348,0.011119492794399348
1526,4.21,-10.899999618530273,163.63866,30182075480353,time,2020-03-04T15:58:35-08:00,37.3422674,-121.9107791,0.0061094947,1583366315.0,1583366315.165,4.655673333340221,POINT (-121.9107791 37.3422674),android,0.0,0.0,0.0
1527,3.916,-10.899999618530273,170.04826,30183089938426,time,2020-03-04T15:58:36-08:00,37.3422674,-121.9107791,0.0047094105,1583366316.0,1583366316.179,4.655951111117999,POINT (-121.9107791 37.3422674),android,0.0,0.0,0.0
1528,3.9,-10.5,173.64684,30184085848477,time,2020-03-04T15:58:37-08:00,37.3422674,-121.9107791,0.0026268132,1583366317.0,1583366317.173,4.656228888895776,POINT (-121.9107791 37.3422674),android,0.0,0.0,0.0
1529,3.9,-10.5,176.77461,30185097748373,time,2020-03-04T15:58:38-08:00,37.3422674,-121.9107791,0.0010504215,1583366318.0,1583366318.21,4.656506666673554,POINT (-121.9107791 37.3422674),android,0.0,0.0,0.00884028773644007
1530,3.9,-10.5,184.46912,30186095710143,time,2020-03-04T15:58:39-08:00,37.3422674,-121.9107791,0.00027063242,1583366319.0,1583366319.187,4.656784444451332,POINT (-121.9107791 37.3422674),android,0.0,0.00884028773644007,-0.01768057547288014
1531,3.9,-10.5,309.6486,30187094858060,time,2020-03-04T15:58:40-08:00,37.3422674,-121.9107791,4.3985212e-05,1583366320.0,1583366320.183,4.65706222222911,POINT (-121.9107791 37.3422674),android,0.00884028773644007,-0.00884028773644007,0.00884028773644007
1532,3.9,-10.5,271.66837,30188020009518,time,2020-03-04T15:58:41-08:00,37.3422674,-121.9107792,0.003260395,1583366321.0,1583366321.128,4.657340000006887,POINT (-121.9107792 37.3422674),android,0.0,0.0,0.008840288992720593
1533,3.9,-10.899999618530273,271.53192,30188996027590,time,2020-03-04T15:58:42-08:00,37.3422674,-121.9107792,0.0029251324,1583366322.0,1583366322.085,4.657617777784665,POINT (-121.9107792 37.3422674),android,0.0,0.008840288992720593,-0.006561085191041838
1534,3.9,-10.899999618530273,271.47302,30190078779413,time,2020-03-04T15:58:43-08:00,37.3422674,-121.9107792,0.0014900274,1583366323.0,1583366323.163,4.657895555562443,POINT (-121.9107792 37.3422674),android,0.008840288992720593,0.002279203801678755,-0.013398696596078103
1535,3.9,-10.899999618530273,270.2084,30191074969725,time,2020-03-04T15:58:44-08:00,37.3422674,-121.9107793,0.0038673603,1583366324.0,1583366324.17,4.658173333340221,POINT (-121.9107793 37.3422674),android,0.011119492794399348,-0.011119492794399348,0.011119492794399348
1536,3.9,-10.899999618530273,323.54843,30192075154412,time,2020-03-04T15:58:45-08:00,37.3422675,-121.9107793,0.0051104473,1583366325.0,1583366325.188,4.658451111117999,POINT (-121.9107793 37.3422675),android,0.0,0.0,0.8029914711179854
1537,3.9,-10.899999618530273,334.42102,30193002265974,time,2020-03-04T15:58:46-08:00,37.3422675,-121.9107793,0.0041530463,1583366326.0,1583366326.106,4.6587288888957765,POINT (-121.9107793 37.3422675),android,0.0,0.8029914711179854,-1.031774567942366
1538,3.9,-11.199999809265137,340.51947,30194106165036,time,2020-03-04T15:58:47-08:00,37.3422675,-121.9107793,0.002257622,1583366327.0,1583366327.199,4.659006666673554,POINT (-121.9107793 37.3422675),android,0.8029914711179854,-0.22878309682438058,0.04435847172285523
1539,3.9,-11.199999809265137,355.29385,30195073594567,time,2020-03-04T15:58:48-08:00,37.3422747,-121.91078,0.4120363,1583366328.0,1583366328.139,4.659284444451332,POINT (-121.91078 37.3422747),android,0.5742083742936048,-0.18442462510152535,1.1886198583817251
1540,3.9,-11.199999809265137,339.9209,30196095778056,time,2020-03-04T15:58:49-08:00,37.3422791,-121.9107834,0.47403684,1583366329.0,1583366329.182,4.65956222222911,POINT (-121.9107834 37.3422791),android,0.3897837491920795,1.0041952332801998,-1.1585717320058933
1541,3.9,-11.199999809265137,287.87463,30197074378941,time,2020-03-04T15:58:50-08:00,37.3422759,-121.9107852,0.17071632,1583366330.0,1583366330.165,4.659840000006888,POINT (-121.9107852 37.3422759),android,1.3939789824722792,-0.15437649872569348,-0.043733371796202736
1542,3.9,-11.199999809265137,182.48384,30198078102170,time,2020-03-04T15:58:51-08:00,37.3422634,-121.910784,0.65436614,1583366331.0,1583366331.145,4.660117777784666,POINT (-121.910784 37.3422634),android,1.2396024837465858,-0.19810987052189621,-0.3133424409407777
1543,3.9,-10.899999618530273,177.79616,30199087169513,time,2020-03-04T15:58:52-08:00,37.3422523,-121.9107827,0.90297216,1583366332.0,1583366332.17,4.6603955555624434,POINT (-121.9107827 37.3422523),android,1.0414926132246896,-0.5114523114626739,0.5146923427673589
1544,3.9,-10.899999618530273,175.38159,30200088195034,time,2020-03-04T15:58:53-08:00,37.342243,-121.9107813,0.96989846,1583366333.0,1583366333.174,4.660673333340221,POINT (-121.9107813 37.342243),android,0.5300403017620157,0.003240031304684976,-0.10353390430124215
1545,3.9,-10.899999618530273,173.39807,30201094962742,time,2020-03-04T15:58:54-08:00,37.3422383,-121.9107803,0.7493901,1583366334.0,1583366334.188,4.660951111117999,POINT (-121.9107803 37.3422383),android,0.5332803330667006,-0.10029387299655718,-0.17733872766827907
1546,3.9,-10.899999618530273,166.4533,30202144814877,time,2020-03-04T15:58:55-08:00,37.3422339,-121.9107779,0.6222591,1583366335.0,1583366335.233,4.661228888895777,POINT (-121.9107779 37.3422339),android,0.43298646007014346,-0.27763260066483625,0.3337339755450687
1547,3.9,-10.899999618530273,159.25803,30203100213054,time,2020-03-04T15:58:56-08:00,37.3422306,-121.9107753,0.5300282,1583366336.0,1583366336.199,4.661506666673555,POINT (-121.9107753 37.3422306),android,0.15535385940530722,0.05610137488023245,0.003039558129775355
1548,3.9,-10.899999618530273,158.26485,30204058978053,time,2020-03-04T15:58:57-08:00,37.3422294,-121.9107744,0.3453645,1583366337.0,1583366337.155,4.661784444451332,POINT (-121.9107744 37.3422294),android,0.21145523428553967,0.05914093301000781,-0.0630969333478126
1549,3.9,-10.899999618530273,129.6737,30205077881751,time,2020-03-04T15:58:58-08:00,37.3422313,-121.9107745,0.08048747,1583366338.0,1583366338.166,4.6620622222291095,POINT (-121.9107745 37.3422313),android,0.2705961672955475,-0.003956000337804799,-0.11176732393950642
1550,3.9,-10.899999618530273,352.34436,30206074802948,time,2020-03-04T15:58:59-08:00,37.3422336,-121.9107755,0.098341994,1583366339.0,1583366339.167,4.662340000006887,POINT (-121.9107755 37.3422336),android,0.2666401669577427,-0.11572332427731122,0.020182983926311154
1551,3.9,-10.899999618530273,341.42227,30207095116281,time,2020-03-04T15:59:00-08:00,37.3422358,-121.9107767,0.17785193,1583366340.0,1583366340.213,4.662617777784665,POINT (-121.9107767 37.3422358),android,0.15091684268043146,-0.09554034035100006,0.040163838021568664
1552,3.9,-10.899999618530273,333.8759,30208116013520,time,2020-03-04T15:59:01-08:00,37.3422369,-121.9107777,0.1646458,1583366341.0,1583366341.217,4.662895555562443,POINT (-121.9107777 37.3422369),android,0.0553765023294314,-0.0553765023294314,0.06958191926200719
1553,3.9,-11.199999809265137,327.4832,30209105056645,time,2020-03-04T15:59:02-08:00,37.3422372,-121.9107782,0.103788346,1583366342.0,1583366342.185,4.663173333340221,POINT (-121.9107782 37.3422372),android,0.0,0.01420541693257579,-0.017291341070752232
1554,3.9,-11.199999809265137,324.83838,30210098202322,time,2020-03-04T15:59:03-08:00,37.3422372,-121.9107782,0.050766047,1583366343.0,1583366343.186,4.663451111117999,POINT (-121.9107782 37.3422372),android,0.01420541693257579,-0.003085924138176441,0.0030859233480889665
1555,3.9,-11.199999809265137,320.16672,30211342646383,time,2020-03-04T15:59:04-08:00,37.3422371,-121.9107781,0.014749261,1583366344.0,1583366344.419,4.663728888895776,POINT (-121.9107781 37.3422371),android,0.011119492794399348,-7.900874746114006e-10,1.3543056926841026
1556,3.771,-11.199999809265137,286.53378,30211998958466,time,2020-03-04T15:59:05-08:00,37.342237,-121.9107781,0.006271073,1583366345.0,1583366345.064,4.664006666673554,POINT (-121.9107781 37.342237),android,0.011119492004311874,1.354305691894015,-0.364604888830514
1557,3.771,-11.199999809265137,236.00624,30212996950914,time,2020-03-04T15:59:06-08:00,37.3422369,-121.9107781,0.0032903457,1583366346.0,1583366346.087,4.664284444451332,POINT (-121.9107781 37.3422369),android,1.365425183898327,0.9897008030635011,-0.2941400217026984
1558,3.787,-11.199999809265137,320.15225,30214071476382,time,2020-03-04T15:59:07-08:00,37.3422471,-121.9107867,1.2235233,1583366347.0,1583366347.211,4.66456222222911,POINT (-121.9107867 37.3422471),android,2.355125986961828,0.6955607813608027,-0.40804745710719326
1559,3.787,-11.199999809265137,304.88272,30215295378569,time,2020-03-04T15:59:08-08:00,37.342263,-121.9108043,2.2802324,1583366348.0,1583366348.39,4.664840000006888,POINT (-121.9108043 37.342263),android,3.0506867683226306,0.2875133242536094,0.018059795106134313
1560,3.736,-11.199999809265137,302.9774,30216112664559,time,2020-03-04T15:59:09-08:00,37.3422787,-121.9108326,2.8354013,1583366349.0,1583366349.209,4.6651177777846655,POINT (-121.9108326 37.3422787),android,3.33820009257624,0.30557311935974374,-1.494141169390542
1561,3.736,-11.199999809265137,299.25662,30217081725391,time,2020-03-04T15:59:10-08:00,37.3422964,-121.9108631,2.871576,1583366350.0,1583366350.2,4.665395555562443,POINT (-121.9108631 37.3422964),android,3.643773211935984,-1.1885680500307982,3.3612130568329714
1562,3.745,-11.199999809265137,294.52505,30218136525547,time,2020-03-04T15:59:11-08:00,37.3423125,-121.910899,3.4267328,1583366351.0,1583366351.235,4.665673333340221,POINT (-121.910899 37.3423125),android,2.4552051619051856,2.172645006802173,-3.6215617746173656
1563,9.399,-11.199999809265137,243.47838,30218933000000,time,2020-03-04T15:59:11.922000-08:00,37.3423046,-121.9109226,2.9685102,1583366351.922,1583366352.043,4.665929444432258,POINT (-121.9109226 37.3423046),android,4.458383708993096,-1.1664347007221254,1.6386469525341192
1564,12.697,-11.199999809265137,275.12393,30219704000000,time,2020-03-04T15:59:12.693000-08:00,37.3423076,-121.9109613,3.6845481,1583366352.693,1583366352.793,4.666143611139721,POINT (-121.9109613 37.3423076),android,3.5590623834269195,0.09696234034294926,1.4805990974292473
1565,14.404,-11.199999809265137,278.67273,30220953000000,time,2020-03-04T15:59:13.941000-08:00,37.3423242,-121.911007,3.3947322,1583366353.941,1583366354.036,4.666490277780427,POINT (-121.911007 37.3423242),android,3.680071375112812,1.9447498755577353,-7.9962240782364145
1566,15.516,-11.199999809265137,271.84668,30221615000000,time,2020-03-04T15:59:14.604000-08:00,37.3423324,-121.9110326,3.2162204,1583366354.604,1583366354.693,4.666674444476763,POINT (-121.9110326 37.3423324),android,4.969440750329287,-3.3567475424018833,12.721384117442092
1567,15.143,-11.199999809265137,266.45175,30222122038983,time,2020-03-04T15:59:15-08:00,37.3423351,-121.9110546,3.1612556,1583366355.0,1583366355.229,4.6667844444513324,POINT (-121.9110546 37.3423351),android,3.6401690308575576,1.6809194034276838,6.339589756557955
1568,17.684,-11.199999809265137,268.52942,30222582000000,time,2020-03-04T15:59:15.571000-08:00,37.3423357,-121.9110781,3.425447,1583366355.571,1583366355.667,4.666943055589994,POINT (-121.9110781 37.3423357),android,4.59997417693193,5.300825783196284,-20.2680494999355
1569,15.091,-11.199999809265137,268.52673,30223004437525,time,2020-03-04T15:59:16-08:00,37.3423365,-121.9111004,3.5063658,1583366356.0,1583366356.109,4.66706222222911,POINT (-121.9111004 37.3423365),android,6.87402791217595,-3.394165442047747,4.322603087387422
1570,10.699,-11.199999809265137,255.26567,30224345014398,time,2020-03-04T15:59:17-08:00,37.3423298,-121.9111777,4.339558,1583366357.0,1583366357.43,4.667340000006888,POINT (-121.9111777 37.3423298),android,3.479862470128203,0.9284376453396748,16.35743520264788
1571,10.468,-11.199999809265137,244.33496,30225109866169,time,2020-03-04T15:59:18-08:00,37.3423198,-121.911215,4.289896,1583366358.0,1583366358.194,4.667617777784665,POINT (-121.911215 37.3423198),android,4.408300115467878,17.285872847987555,-68.42869080829142
1572,10.387,-11.199999809265137,243.9496,30225619000000,time,2020-03-04T15:59:18.608000-08:00,37.3423118,-121.9112436,4.504046,1583366358.608,1583366358.711,4.66778666668468,POINT (-121.9112436 37.3423118),android,14.918111499418217,-24.318773904318395,56.422075086661096
1573,9.843,-11.199999809265137,250.60577,30226156870856,time,2020-03-04T15:59:19-08:00,37.3423039,-121.911309,5.3448963,1583366359.0,1583366359.252,4.667895555562443,POINT (-121.911309 37.3423039),android,5.38515310299739,-2.201322730295167,3.500710928627208
1574,9.985,-11.199999809265137,241.92516,30227097968824,time,2020-03-04T15:59:20-08:00,37.3422896,-121.9113672,4.794521,1583366360.0,1583366360.25,4.668173333340221,POINT (-121.9113672 37.3422896),android,3.1838303727022232,1.299388198332041,-2.12843630314403
1575,10.15,-11.199999809265137,207.27608,30228028440803,time,2020-03-04T15:59:21-08:00,37.3422795,-121.9114009,4.7279296,1583366361.0,1583366361.095,4.6684511111179985,POINT (-121.9114009 37.3422795),android,4.483218571034264,-0.829048104811989,2.7648372038167004
1576,9.786,-10.299999237060547,231.4625,30228971000000,time,2020-03-04T15:59:21.960000-08:00,37.3422638,-121.9114454,4.83297,1583366361.96,1583366362.057,4.668717777795262,POINT (-121.9114454 37.3422638),android,3.6873323587890794,1.8251957163222128,-2.0655216940799916
1577,9.696,-10.299999237060547,231.1542,30229567000000,time,2020-03-04T15:59:22.556000-08:00,37.3422563,-121.9114684,4.2992754,1583366362.556,1583366362.648,4.6688833333386315,POINT (-121.9114684 37.3422563),android,4.775148925647573,0.5941448772629472,1.6649299564215814
1578,9.747,-10.299999237060547,229.15811,30230015000000,time,2020-03-04T15:59:23.004000-08:00,37.3422448,-121.9114878,4.197865,1583366363.004,1583366363.111,4.669007777770361,POINT (-121.9114878 37.3422448),android,5.04132580346358,1.3400334215253706,-6.244618384945041
1579,9.737,-10.299999237060547,232.77711,30230840000000,time,2020-03-04T15:59:23.829000-08:00,37.3422212,-121.9115243,4.2401977,1583366363.829,1583366363.934,4.669236944450272,POINT (-121.9115243 37.3422212),android,6.146853440119783,-3.8117770438208973,14.164150659974524
1580,10.129,-10.299999237060547,232.65417,30231322000000,time,2020-03-04T15:59:24.310000-08:00,37.3422054,-121.9115512,4.3220353,1583366364.31,1583366364.418,4.669370555546549,POINT (-121.9115512 37.3422054),android,4.313388885612788,3.0011786671795937,-8.468454156972559
1581,10.057,-10.299999237060547,230.81714,30232090006166,time,2020-03-04T15:59:25-08:00,37.3421892,-121.911578,4.333856,1583366365.0,1583366365.197,4.66956222222911,POINT (-121.911578 37.3421892),android,6.384202337695529,-2.8420551857003065,6.479887370183308
1582,9.626,-10.299999237060547,235.49855,30233128695905,time,2020-03-04T15:59:26-08:00,37.3421551,-121.9116361,4.8135896,1583366366.0,1583366366.224,4.669840000006888,POINT (-121.9116361 37.3421551),android,3.542147151995222,3.6378321844830013,-6.412016560381596
1583,9.659,-10.299999237060547,234.21841,30234096821842,time,2020-03-04T15:59:27-08:00,37.3421389,-121.9116706,4.9396377,1583366367.0,1583366367.189,4.670117777784665,POINT (-121.9116706 37.3421389),android,7.179979336478223,-2.7741843758985945,-0.46786417833649374
1584,9.806,-10.299999237060547,226.802,30234768000000,time,2020-03-04T15:59:27.757000-08:00,37.3421098,-121.91172,4.716082,1583366367.757,1583366367.878,4.670328055553966,POINT (-121.91172 37.3421098),android,5.079921848584376,-3.1283575446212386,14.64928537535919
1585,9.734,-10.299999237060547,226.05879,30235314000000,time,2020-03-04T15:59:28.302000-08:00,37.3420939,-121.9117441,4.7962985,1583366368.302,1583366368.415,4.670479444464048,POINT (-121.9117441 37.3420939),android,3.3749667480910612,4.855504102601297,-11.840898648062328
1586,9.74,-10.299999237060547,226.22546,30236078687571,time,2020-03-04T15:59:29-08:00,37.3420799,-121.9117641,4.817856,1583366369.0,1583366369.155,4.670673333340221,POINT (-121.9117641 37.3420799),android,6.764108389439428,-3.409442611712885,7.226511373296777
1587,9.837,-10.299999237060547,229.71864,30236814000000,time,2020-03-04T15:59:29.803000-08:00,37.3420469,-121.9118094,4.8180017,1583366369.803,1583366369.904,4.670896388888359,POINT (-121.9118094 37.3420469),android,4.026326063275921,2.3934458280757545,-9.689452974938284
1588,9.974,-10.299999237060547,227.46065,30237590000000,time,2020-03-04T15:59:30.579000-08:00,37.3420262,-121.9118333,4.822094,1583366370.579,1583366370.685,4.6711119444502724,POINT (-121.9118333 37.3420262),android,5.883640080644334,-5.125569902250333,27.72627952836111
1589,10.045,-10.299999237060547,226.49881,30238100561372,time,2020-03-04T15:59:31-08:00,37.3420094,-121.9118517,4.815983,1583366371.0,1583366371.194,4.671228888895777,POINT (-121.9118517 37.3420094),android,3.725775132244446,6.547193884957059,-38.42098711665452
1590,10.183,-10.299999237060547,229.89389,30238755000000,time,2020-03-04T15:59:31.743000-08:00,37.3419913,-121.9118732,4.48412,1583366371.743,1583366371.839,4.671435277793143,POINT (-121.9118732 37.3419913),android,8.590340388572042,-21.999600715232727,147.03640489128205
1591,10.244,-10.299999237060547,232.11032,30238998658455,time,2020-03-04T15:59:32-08:00,37.3419787,-121.9118925,4.365031,1583366372.0,1583366372.089,4.6715066666735545,POINT (-121.9118925 37.3419787),android,2.936443676131765,15.788750854631783,-66.06980745479044
1592,10.099,-10.299999237060547,232.05965,30239760000000,time,2020-03-04T15:59:32.749000-08:00,37.3419653,-121.9119108,4.3931932,1583366372.749,1583366372.853,4.671714722249243,POINT (-121.9119108 37.3419653),android,14.762219210607759,-33.697539717696216,112.6748906165497
1593,9.656,-10.299999237060547,234.44016,30240003651528,time,2020-03-04T15:59:33-08:00,37.3419435,-121.9119425,4.9645886,1583366373.0,1583366373.089,4.671784444451332,POINT (-121.9119425 37.3419435),android,6.304139183838348,-5.416150339533588,8.958457294174409
1594,9.638,-10.299999237060547,229.32397,30241350168298,time,2020-03-04T15:59:34-08:00,37.3419085,-121.9119986,4.4910154,1583366374.0,1583366374.466,4.67206222222911,POINT (-121.9119986 37.3419085),android,0.8879888443047603,3.5423069546408206,-2.2593932287692486
1595,9.439,-10.299999237060547,328.44498,30242499000000,time,2020-03-04T15:59:35.488000-08:00,37.3419034,-121.9120121,3.4436982,1583366375.488,1583366375.581,4.6724755555391315,POINT (-121.9120121 37.3419034),android,6.158941295528071,0.18033001984800487,43.60834123327987
1596,9.114,-10.09999942779541,344.18954,30243080687620,time,2020-03-04T15:59:36-08:00,37.3419317,-121.9120144,3.807049,1583366376.0,1583366376.199,4.672617777784666,POINT (-121.9120144 37.3419317),android,6.251270280824147,22.50780439104494,-87.61816765527853
1597,9.106,-10.09999942779541,260.4106,30243574000000,time,2020-03-04T15:59:36.563000-08:00,37.3419101,-121.9120435,3.4463904,1583366376.563,1583366376.656,4.672774166663488,POINT (-121.9120435 37.3419101),android,18.92316333730808,-26.821220823627417,59.975814178087056
1598,8.431,-10.09999942779541,241.91179,30244079294651,time,2020-03-04T15:59:37-08:00,37.3418475,-121.912094,4.540605,1583366377.0,1583366377.163,4.672895555562444,POINT (-121.912094 37.3418475),android,7.20228886539194,-0.6117878543024169,0.22131634267728462
1599,8.511,-10.09999942779541,232.74323,30245090090536,time,2020-03-04T15:59:38-08:00,37.341799,-121.912148,5.1690636,1583366378.0,1583366378.165,4.673173333340221,POINT (-121.912148 37.341799),android,6.590501011089523,-0.3904715116251323,0.3357985281445357
1600,8.06,-10.09999942779541,228.61992,30246080222359,time,2020-03-04T15:59:39-08:00,37.3417554,-121.9121985,5.5521936,1583366379.0,1583366379.171,4.673451111117998,POINT (-121.9121985 37.3417554),android,6.2000294994643905,-0.05467298348059657,0.7486171740794623
1601,6.042,-10.09999942779541,227.70605,30247093845848,time,2020-03-04T15:59:40-08:00,37.3417152,-121.9122471,5.6707816,1583366380.0,1583366380.213,4.673728888895776,POINT (-121.9122471 37.3417152),android,6.145356515983794,0.6939441905988657,-2.597512167401737
1602,5.023,-10.09999942779541,226.82674,30248101712722,time,2020-03-04T15:59:41-08:00,37.3416753,-121.9122952,5.702085,1583366381.0,1583366381.188,4.674006666673554,POINT (-121.9122952 37.3416753),android,6.83930070658266,-1.9035679768028713,3.6570719417562643
1603,3.92,-10.09999942779541,227.40425,30249362048294,time,2020-03-04T15:59:42-08:00,37.3416311,-121.912349,5.7915134,1583366382.0,1583366382.451,4.674284444451332,POINT (-121.912349 37.3416311),android,4.935732729779788,1.753503964953393,-1.9490186448453564
1604,3.74,-10.09999942779541,227.66516,30250095939127,time,2020-03-04T15:59:43-08:00,37.341598,-121.9123862,5.9008846,1583366383.0,1583366383.24,4.67456222222911,POINT (-121.9123862 37.341598),android,6.689236694733181,-0.19551467989196336,0.7656208353761942
1605,3.72,-10.09999942779541,226.913,30251092786939,time,2020-03-04T15:59:44-08:00,37.3415553,-121.9124395,6.1466384,1583366384.0,1583366384.199,4.6748400000068875,POINT (-121.9124395 37.3415553),android,6.493722014841218,0.5701061554842308,-2.2208020541269278
1606,3.75,-10.09999942779541,226.83255,30252086285064,time,2020-03-04T15:59:45-08:00,37.3415147,-121.9124923,6.2051735,1583366385.0,1583366385.175,4.675117777784665,POINT (-121.9124923 37.3415147),android,7.063828170325449,-1.650695898642697,2.8734572815295945
1607,22.14,-10.09999942779541,219.82074,30253222362928,time,2020-03-04T15:59:46-08:00,37.3414697,-121.9125487,6.2639556,1583366386.0,1583366386.295,4.675395555562443,POINT (-121.9125487 37.3414697),android,5.413132271682752,1.2227613828868975,-2.0599507097766603
1608,19.45,-10.09999942779541,217.07993,30254073132407,time,2020-03-04T15:59:47-08:00,37.3414257,-121.9125749,6.235737,1583366387.0,1583366387.173,4.675673333340221,POINT (-121.9125749 37.3414257),android,6.635893654569649,-0.8371893268897628,1.6162181999784027
1609,41.16,-10.09999942779541,208.75945,30255145882458,time,2020-03-04T15:59:48-08:00,37.3413764,-121.9126172,6.2265697,1583366388.0,1583366388.244,4.675951111117999,POINT (-121.9126172 37.3413764),android,5.798704327679887,0.7790288730886399,-1.218551876282655
1610,50.3,-10.09999942779541,207.45645,30256073029541,time,2020-03-04T15:59:49-08:00,37.3413304,-121.9126481,6.3345075,1583366389.0,1583366389.182,4.676228888895777,POINT (-121.9126481 37.3413304),android,6.5777332007685265,-0.43952300319401516,-2.0926445243766865
1611,60.8,-10.09999942779541,207.28824,30257087420999,time,2020-03-04T15:59:50-08:00,37.3412734,-121.912668,6.097655,1583366390.0,1583366390.21,4.676506666673554,POINT (-121.912668 37.3412734),android,6.138210197574511,-2.5321675275707016,3.3576858930933415
1612,43.6,-10.09999942779541,223.49567,30258313333499,time,2020-03-04T15:59:51-08:00,37.3412362,-121.9127193,5.228114,1583366391.0,1583366391.402,4.676784444451332,POINT (-121.9127193 37.3412362),android,3.6060426700038097,0.8255183655226399,-1.2745859284336816
1613,38.0,-10.09999942779541,226.32648,30259071999332,time,2020-03-04T15:59:52-08:00,37.3412155,-121.9127507,4.747831,1583366392.0,1583366392.169,4.67706222222911,POINT (-121.9127507 37.3412155),android,4.43156103552645,-0.44906756291104166,0.5283062779655614
1614,34.571,-10.09999942779541,228.3118,30260074492300,time,2020-03-04T15:59:53-08:00,37.3411855,-121.9127837,4.6290436,1583366393.0,1583366393.168,4.677340000006888,POINT (-121.9127837 37.3411855),android,3.982493472615408,0.07923871505451974,-0.6984124994984948
1615,19.333,-10.09999942779541,229.05156,30261072728914,time,2020-03-04T15:59:54-08:00,37.3411653,-121.9128209,3.923761,1583366394.0,1583366394.165,4.677617777784666,POINT (-121.9128209 37.3411653),android,4.061732187669928,-0.6191737844439751,0.7060827714745006
1616,9.2,-10.09999942779541,232.0252,30262086021831,time,2020-03-04T15:59:55-08:00,37.3411624,-121.9128667,3.922929,1583366395.0,1583366395.19,4.6778955555624435,POINT (-121.9128667 37.3411624),android,3.4425584032259526,0.08690898703052552,0.2804389509128078
1617,8.25,-10.09999942779541,229.13928,30263000328393,time,2020-03-04T15:59:56-08:00,37.3411688,-121.9129048,3.8454156,1583366396.0,1583366396.122,4.678173333340221,POINT (-121.9129048 37.3411688),android,3.529467390256478,0.3673479379433333,-2.5401492125597014
1618,7.357,-10.09999942779541,230.07126,30264071699122,time,2020-03-04T15:59:57-08:00,37.341161,-121.9129435,4.1500626,1583366397.0,1583366397.166,4.678451111117999,POINT (-121.9129435 37.341161),android,3.8968153281998115,-2.172801274616368,3.8796541123153614
1619,6.333,-10.09999942779541,228.39749,30265050917455,time,2020-03-04T15:59:58-08:00,37.3411422,-121.9129807,4.081232,1583366398.0,1583366398.127,4.678728888895776,POINT (-121.9129807 37.3411422),android,1.7240140535834434,1.7068528376989933,-1.3632056511835704
1620,6.208,-8.799999237060547,150.53952,30266097726152,time,2020-03-04T15:59:59-08:00,37.3411275,-121.9129745,2.8189313,1583366399.0,1583366399.217,4.679006666673554,POINT (-121.9129745 37.3411275),android,3.4308668912824367,0.343647186515423,0.9574517484482553
1621,6.423,-8.799999237060547,225.83144,30266963000000,time,2020-03-04T15:59:59.951000-08:00,37.3411082,-121.9130023,3.884993,1583366399.951,1583366400.068,4.679270833333334,POINT (-121.9130023 37.3411082),android,3.757675357137689,1.254183775549188,-3.3343764448645965
1622,6.992,-8.799999237060547,223.20856,30268091810891,time,2020-03-04T16:00:01-08:00,37.3410883,-121.9130392,4.088557,1583366401.0,1583366401.174,4.67956222222911,POINT (-121.9130392 37.3410883),android,5.073314168786942,-2.2435771977914127,5.101591621172198
1623,7.904,-8.799999237060547,224.5268,30268812000000,time,2020-03-04T16:00:01.801000-08:00,37.3410664,-121.913076,4.094094,1583366401.801,1583366401.947,4.679784722261958,POINT (-121.913076 37.3410664),android,3.2762085680404183,1.8427982940593737,12.843498566921483
1624,9.228,-8.799999237060547,225.08113,30269562000000,time,2020-03-04T16:00:02.551000-08:00,37.3410546,-121.9130995,4.126991,1583366402.551,1583366402.654,4.6799930555952916,POINT (-121.9130995 37.3410546),android,4.658307288584949,11.475422219250486,-90.54112822083762
1625,9.305,-8.799999237060547,223.92325,30270074959328,time,2020-03-04T16:00:03-08:00,37.3410423,-121.9131174,4.1315436,1583366403.0,1583366403.157,4.680117777784665,POINT (-121.9131174 37.3410423),android,9.810770507995302,-29.177533644908785,128.2658069880729
1626,9.75,-8.799999237060547,225.57152,30270248000000,time,2020-03-04T16:00:03.237000-08:00,37.3410294,-121.9131381,4.0909867,1583366403.237,1583366403.31,4.68018361111482,POINT (-121.9131381 37.3410294),android,2.8956953680622943,1.2214611433788245,-1.6054936650755811
1627,9.646,-8.799999237060547,225.6231,30271092620473,time,2020-03-04T16:00:04-08:00,37.3410177,-121.9131583,4.0708685,1583366404.0,1583366404.187,4.680395555562443,POINT (-121.9131583 37.3410177),android,3.827670234438851,-0.0035305414472608333,0.5240536294012517
1628,9.627,-8.799999237060547,225.13231,30272035000000,time,2020-03-04T16:00:05.023000-08:00,37.3409943,-121.9131914,4.0038314,1583366405.023,1583366405.134,4.68067972222964,POINT (-121.9131914 37.3409943),android,3.824058490531569,0.5325763224297726,-2.300609296841732
1629,9.666,-8.799999237060547,225.18239,30272564000000,time,2020-03-04T16:00:05.553000-08:00,37.3409841,-121.9132104,4.008811,1583366405.553,1583366405.683,4.680826944443915,POINT (-121.9132104 37.3409841),android,4.106323926182218,-0.6867465390753855,0.6327730314971192
1630,9.672,-8.799999237060547,225.84346,30273013033858,time,2020-03-04T16:00:06-08:00,37.3409744,-121.9132272,4.005367,1583366406.0,1583366406.117,4.680951111117999,POINT (-121.9132272 37.3409744),android,3.7993482048774094,-0.4038969770993104,6.3058375473441854
1631,9.639,-8.799999237060547,226.17738,30274071724118,time,2020-03-04T16:00:07-08:00,37.3409528,-121.9132605,3.9248524,1583366407.0,1583366407.168,4.6812288888957765,POINT (-121.9132605 37.3409528),android,3.395451227778099,5.901940570244875,-23.946673683344045
1632,9.611,-8.799999237060547,230.23972,30274725000000,time,2020-03-04T16:00:07.714000-08:00,37.34094,-121.9132827,4.054446,1583366407.714,1583366407.817,4.681427222225401,POINT (-121.9132827 37.34094),android,7.609436716133532,-11.195984119940185,34.04849198406435
1633,9.576,-8.799999237060547,231.8824,30274997664951,time,2020-03-04T16:00:08-08:00,37.3409287,-121.9133028,4.0862956,1583366408.0,1583366408.156,4.681506666673554,POINT (-121.9133028 37.3409287),android,4.407385108348124,-1.4581149579013695,6.617995807650131
1634,9.709,-8.799999237060547,226.03395,30275501000000,time,2020-03-04T16:00:08.490000-08:00,37.3409146,-121.9133196,3.8622332,1583366408.49,1583366408.595,4.681642777787315,POINT (-121.9133196 37.3409146),android,3.692908765070785,1.784703050961321,-10.347766677914372
1635,9.837,-8.799999237060547,224.86261,30275984000000,time,2020-03-04T16:00:08.973000-08:00,37.3409024,-121.9133327,3.7983298,1583366408.973,1583366409.064,4.681776944465107,POINT (-121.9133327 37.3409024),android,4.554920410170173,-3.2132686689440915,16.180202432524993
1636,9.853,-8.799999237060547,236.89383,30276422000000,time,2020-03-04T16:00:09.411000-08:00,37.3408906,-121.9133497,3.9090755,1583366409.411,1583366409.515,4.681898611121707,POINT (-121.9133497 37.3408906),android,3.147508849620309,3.873659410137403,-8.907103610069646
1637,9.864,-8.799999237060547,244.236,30277074836721,time,2020-03-04T16:00:10-08:00,37.3408829,-121.9133683,3.9219975,1583366410.0,1583366410.17,4.68206222222911,POINT (-121.9133683 37.3408829),android,5.4290941904723065,-1.3726244972709547,0.5705076387245276
1638,9.817,-8.799999237060547,251.62361,30277771000000,time,2020-03-04T16:00:10.760000-08:00,37.3408703,-121.9134122,4.134589,1583366410.76,1583366410.875,4.682273333337572,POINT (-121.9134122 37.3408703),android,4.385899585636748,-0.9390386972810986,6.370623102146711
1639,9.742,-8.699999809265137,267.13516,30279082021981,time,2020-03-04T16:00:12-08:00,37.3408715,-121.9134737,4.126443,1583366412.0,1583366412.199,4.682617777784666,POINT (-121.9134737 37.3408715),android,3.221491592052815,6.960534010135819,-39.960698361266225
1640,9.731,-8.699999809265137,281.73892,30279781000000,time,2020-03-04T16:00:12.770000-08:00,37.3408786,-121.9135003,4.001408,1583366412.77,1583366412.869,4.682831666668256,POINT (-121.9135003 37.3408786),android,8.581102647095745,-23.80920296584934,132.24404000880304
1641,9.752,-8.699999809265137,288.20825,30280009094636,time,2020-03-04T16:00:13-08:00,37.3408868,-121.9135201,4.005356,1583366413.0,1583366413.093,4.682895555562443,POINT (-121.9135201 37.3408868),android,3.10498551082589,6.606928758530246,-28.518331766273153
1642,9.759,-8.699999809265137,290.03183,30280763000000,time,2020-03-04T16:00:13.752000-08:00,37.3408974,-121.9135429,3.9880538,1583366413.752,1583366413.858,4.683104444477293,POINT (-121.9135429 37.3408974),android,8.073396554724745,-14.83885939503282,53.39251920663977
1643,9.728,-8.699999809265137,297.28223,30280995644480,time,2020-03-04T16:00:14-08:00,37.3409072,-121.9135619,3.9509723,1583366414.0,1583366414.1,4.683173333340221,POINT (-121.9135619 37.3409072),android,4.393360811597637,-1.5975196218554346,-0.0020910678909746927
1644,9.724,-8.699999809265137,305.34195,30281504000000,time,2020-03-04T16:00:14.493000-08:00,37.3409205,-121.9135798,3.868081,1583366414.493,1583366414.594,4.683310277793143,POINT (-121.9135798 37.3409205),android,3.6057835892704775,-1.5985505183894995,9.06786700878994
1645,9.7,-8.699999809265137,311.04056,30282134091146,time,2020-03-04T16:00:15-08:00,37.3409326,-121.9135938,3.8540208,1583366415.0,1583366415.22,4.683451111117999,POINT (-121.9135938 37.3409326),android,2.7953185252308916,2.9988577783376593,-4.253870297409939
1646,9.713,-8.699999809265137,313.4946,30282871000000,time,2020-03-04T16:00:15.860000-08:00,37.3409496,-121.9136106,3.801792,1583366415.86,1583366415.963,4.683689999977748,POINT (-121.9136106 37.3409496),android,5.374335900008578,-0.6594702311861349,-0.5487760567390996
1647,9.659,-8.699999809265137,326.34216,30284086413072,time,2020-03-04T16:00:17-08:00,37.3409923,-121.9136544,4.5039186,1583366417.0,1583366417.177,4.684006666673555,POINT (-121.9136544 37.3409923),android,4.622539767275204,-1.2850749934376078,3.4133204214607704
1648,9.456,-8.699999809265137,316.76514,30285043000000,time,2020-03-04T16:00:18.032000-08:00,37.3410278,-121.9136847,4.797044,1583366418.032,1583366418.143,4.684293333358235,POINT (-121.9136847 37.3410278),android,3.2963422907106676,2.2374719028632364,3.9506879752553505
1649,9.532,-8.699999809265137,317.5796,30285873000000,time,2020-03-04T16:00:18.862000-08:00,37.3410458,-121.9137058,4.822684,1583366418.862,1583366418.963,4.684523888892597,POINT (-121.9137058 37.3410458),android,5.153443799381595,5.516542620911605,-37.56932888480246
1650,9.573,-8.699999809265137,302.74994,30286810000000,time,2020-03-04T16:00:19.799000-08:00,37.3410752,-121.913746,4.799252,1583366419.799,1583366419.902,4.684784166680442,POINT (-121.913746 37.3410752),android,10.3224444350932,-29.68591990564665,147.94427070879271
1651,9.522,-8.699999809265137,296.23486,30287001089061,time,2020-03-04T16:00:20-08:00,37.3410847,-121.9137662,4.77418,1583366420.0,1583366420.084,4.684840000006887,POINT (-121.9137662 37.3410847),android,4.3555752701364066,0.05087483846375194,2.770487262214874
1652,9.602,-8.699999809265137,322.0149,30288043000000,time,2020-03-04T16:00:21.032000-08:00,37.3411076,-121.9138081,4.640268,1583366421.032,1583366421.136,4.685126666691568,POINT (-121.9138081 37.3411076),android,4.408078106730224,2.910017872735195,-13.04844183541916
1653,9.699,-8.699999809265137,307.92892,30288650000000,time,2020-03-04T16:00:21.639000-08:00,37.3411274,-121.9138253,4.660544,1583366421.639,1583366421.751,4.685295277767711,POINT (-121.9138253 37.3411274),android,6.174458589152859,-5.010384678761007,11.564201688647822
1654,10.13,-8.699999809265137,296.88074,30288997133956,time,2020-03-04T16:00:22-08:00,37.341138,-121.9138467,4.633606,1583366422.0,1583366422.096,4.685395555562443,POINT (-121.9138467 37.341138),android,4.365709414310524,-0.8357071633362865,5.133031766602459
1655,10.174,-8.699999809265137,315.22214,30290007000000,time,2020-03-04T16:00:22.996000-08:00,37.3411561,-121.9138903,4.4847593,1583366422.996,1583366423.113,4.685672222243415,POINT (-121.9138903 37.3411561),android,3.5333450365899903,4.276792740542753,-19.331626474535437
1656,10.15,-8.799999237060547,318.59595,30290669000000,time,2020-03-04T16:00:23.658000-08:00,37.3411739,-121.9139044,4.492326,1583366423.658,1583366423.76,4.685856111115879,POINT (-121.9139044 37.3411739),android,6.364581577951914,-8.520742842563015,43.29644941252996
1657,10.091,-8.799999237060547,319.04816,30291005601872,time,2020-03-04T16:00:24-08:00,37.3411893,-121.9139196,4.4683757,1583366424.0,1583366424.124,4.685951111117999,POINT (-121.9139196 37.3411893),android,3.450487460787254,6.286643186847925,-29.714062848058436
1658,10.12,-8.799999237060547,312.01694,30291750000000,time,2020-03-04T16:00:24.739000-08:00,37.3412059,-121.9139395,4.322365,1583366424.739,1583366424.856,4.686156388918559,POINT (-121.9139395 37.3412059),android,8.096317291473143,-15.672051694895575,56.209267829731054
1659,10.161,-8.799999237060547,313.03625,30291997790048,time,2020-03-04T16:00:25-08:00,37.3412198,-121.9139558,4.2696514,1583366425.0,1583366425.089,4.686228888895776,POINT (-121.9139558 37.3412198),android,4.005913084464252,-1.0014374013945857,5.585708724269997
1660,10.173,-8.799999237060547,319.4731,30293071908746,time,2020-03-04T16:00:26-08:00,37.3412468,-121.9139858,4.2326674,1583366426.0,1583366426.189,4.686506666673554,POINT (-121.9139858 37.3412468),android,3.0044756830696664,4.584271322875412,-15.43897298043631
1661,10.173,-8.799999237060547,314.94128,30293741000000,time,2020-03-04T16:00:26.730000-08:00,37.3412634,-121.9139992,3.7355494,1583366426.73,1583366426.847,4.68670944445663,POINT (-121.9139992 37.3412634),android,6.3509938362067535,-6.686179247318135,47.25846638929177
1662,10.146,-8.799999237060547,311.99527,30293998797756,time,2020-03-04T16:00:27-08:00,37.3412757,-121.9140109,3.617707,1583366427.0,1583366427.083,4.686784444451332,POINT (-121.9140109 37.3412757),android,4.5457255669596055,6.07360577640693,-28.06208553605741
1663,10.15,-8.799999237060547,314.32648,30294572000000,time,2020-03-04T16:00:27.561000-08:00,37.3412944,-121.9140276,4.2263584,1583366427.561,1583366427.664,4.686940277814865,POINT (-121.9140276 37.3412944),android,7.953019067839462,-9.669227260199564,26.775645978242743
1664,10.11,-8.799999237060547,315.88986,30294997164839,time,2020-03-04T16:00:28-08:00,37.3413189,-121.9140523,4.4531193,1583366428.0,1583366428.106,4.68706222222911,POINT (-121.9140523 37.3413189),android,3.7082293518393343,2.0852784132309705,8.080911326969307
1665,10.18,-8.799999237060547,318.59027,30296071369787,time,2020-03-04T16:00:29-08:00,37.3413455,-121.9140776,4.7294927,1583366429.0,1583366429.164,4.687340000006888,POINT (-121.9140776 37.3413455),android,5.793507765070305,10.166189740200277,-52.44395111613132
1666,10.127,-8.799999237060547,316.8943,30296529000000,time,2020-03-04T16:00:29.518000-08:00,37.3413649,-121.9141012,4.7565994,1583366429.518,1583366429.623,4.687483888864517,POINT (-121.9141012 37.3413649),android,11.05959290645643,-16.99977103625074,38.67580738732514
1667,10.053,-8.799999237060547,319.66367,30297104270359,time,2020-03-04T16:00:30-08:00,37.3414002,-121.914142,4.7658296,1583366430.0,1583366430.203,4.6876177777846655,POINT (-121.914142 37.3414002),android,2.8657013539386607,1.6419724767666328,-3.109839226329825
1668,10.049,-8.799999237060547,321.21295,30298081493744,time,2020-03-04T16:00:31-08:00,37.3414199,-121.9141629,4.621349,1583366431.0,1583366431.182,4.687895555562443,POINT (-121.9141629 37.3414199),android,4.5076738307052935,-1.467866749563192,6.114645300501868
1669,10.037,-8.799999237060547,321.65155,30298547000000,time,2020-03-04T16:00:31.536000-08:00,37.3414374,-121.9141791,4.5615892,1583366431.536,1583366431.631,4.68804444445504,POINT (-121.9141791 37.3414374),android,3.720897233341287,1.809583213145132,-4.626746211647945
1670,10.03,-8.799999237060547,321.75876,30299093000000,time,2020-03-04T16:00:32.082000-08:00,37.3414523,-121.9141924,4.5319905,1583366432.082,1583366432.19,4.6881961111227675,POINT (-121.9141924 37.3414523),android,4.708929674621541,-0.7166202360642824,-1.2123287938943896
1671,9.989,-8.799999237060547,316.88483,30299565000000,time,2020-03-04T16:00:32.554000-08:00,37.3414684,-121.9142073,4.288594,1583366432.554,1583366432.639,4.6883272222015595,POINT (-121.9142073 37.3414684),android,4.370685006576722,-1.2888392857300806,17.577409831103665
1672,9.975,-8.799999237060547,311.98428,30300072382702,time,2020-03-04T16:00:33-08:00,37.3414811,-121.9142225,4.2121315,1583366433.0,1583366433.169,4.688451111117999,POINT (-121.9142225 37.3414811),android,3.795862557311282,6.550687242307082,-35.27649283804476
1673,9.921,-8.799999237060547,317.79434,30301073796347,time,2020-03-04T16:00:34-08:00,37.3415056,-121.9142524,4.1197824,1583366434.0,1583366434.162,4.688728888895777,POINT (-121.9142524 37.3415056),android,10.346549799618364,-28.725805595737675,109.81542752462029
1674,9.969,-8.799999237060547,317.20065,30301243000000,time,2020-03-04T16:00:34.232000-08:00,37.341524,-121.9142666,3.9758327,1583366434.232,1583366434.322,4.68879333337148,POINT (-121.9142666 37.341524),android,3.6821596687897875,-3.2486140521037394,9.646443695155355
1675,9.958,-8.799999237060547,316.45782,30301771000000,time,2020-03-04T16:00:34.759000-08:00,37.3415384,-121.914279,3.931023,1583366434.759,1583366434.899,4.688939722246594,POINT (-121.914279 37.3415384),android,1.9701402244333457,1.8350612968657218,8.639439613153428
1676,9.883,-8.799999237060547,316.23633,30302629000000,time,2020-03-04T16:00:35.618000-08:00,37.3415508,-121.9142901,3.9079561,1583366435.618,1583366435.76,4.689178333348698,POINT (-121.9142901 37.3415508),android,3.5464578189392726,9.25633964443132,-44.64141701723051
1677,9.829,-8.799999237060547,315.9473,30302997606346,time,2020-03-04T16:00:36-08:00,37.3415592,-121.9143012,3.731376,1583366436.0,1583366436.093,4.689284444451332,POINT (-121.9143012 37.3415592),android,7.082379280630969,-7.796680293802802,20.96479033257314
1678,9.837,-8.799999237060547,308.43942,30303441000000,time,2020-03-04T16:00:36.430000-08:00,37.3415793,-121.9143246,4.619001,1583366436.43,1583366436.533,4.68940388891432,POINT (-121.9143246 37.3415793),android,3.7298062338112015,1.218180948754395,5.106793045249761
1679,9.821,-8.799999237060547,302.6918,30304103000000,time,2020-03-04T16:00:37.092000-08:00,37.3415948,-121.9143446,4.7139597,1583366437.092,1583366437.191,4.689587777786785,POINT (-121.9143446 37.3415948),android,4.536241949858242,4.5988776427562605,-20.675199767531776
1680,9.841,-8.799999237060547,303.4753,30304713000000,time,2020-03-04T16:00:37.701000-08:00,37.3416109,-121.9143684,4.7168884,1583366437.701,1583366437.796,4.6897569444444445,POINT (-121.9143684 37.3416109),android,7.336958285178534,-7.992318345278752,19.641434793723224
1681,9.791,-8.799999237060547,298.6438,30304996728533,time,2020-03-04T16:00:38-08:00,37.3416219,-121.914389,4.754532,1583366438.0,1583366438.095,4.689840000006888,POINT (-121.914389 37.3416219),android,4.9472549017664,-2.1195288549356786,3.1732242343216663
1682,9.798,-8.799999237060547,284.00772,30305924000000,time,2020-03-04T16:00:38.913000-08:00,37.341642,-121.9144334,4.9075494,1583366438.913,1583366439.036,4.6900936111476685,POINT (-121.9144334 37.341642),android,3.01212483082002,0.7776252099369176,-3.8824421132514995
1683,9.872,-8.799999237060547,277.53146,30306604000000,time,2020-03-04T16:00:39.593000-08:00,37.3416448,-121.9144563,3.5559013,1583366439.593,1583366439.704,4.690282499988874,POINT (-121.9144563 37.3416448),android,3.5409098400889096,-1.8624347606087432,5.475929908633001
1684,9.918,-8.799999237060547,272.49908,30306997037439,time,2020-03-04T16:00:40-08:00,37.3416446,-121.9144726,3.341887,1583366440.0,1583366440.103,4.690395555562443,POINT (-121.9144726 37.3416446),android,2.7828987717425298,0.3662690673181407,13.716569483750254
1685,10.215,-8.799999237060547,265.86618,30307604000000,time,2020-03-04T16:00:40.593000-08:00,37.3416413,-121.9144908,3.0670967,1583366440.593,1583366440.706,4.690560277766652,POINT (-121.9144908 37.3416413),android,3.000096304909692,8.50019388166452,-14.09981091564058
1686,10.507,-8.799999237060547,262.66934,30308087000000,time,2020-03-04T16:00:41.076000-08:00,37.3416373,-121.9145064,3.0312994,1583366441.076,1583366441.164,4.6906944444444445,POINT (-121.9145064 37.3416373),android,7.105690290223152,1.689984644651764,-4.581100370475407
1687,10.697,-8.799999237060547,243.22273,30308587000000,time,2020-03-04T16:00:41.576000-08:00,37.341614,-121.9145339,4.130133,1583366441.576,1583366441.698,4.690833333333333,POINT (-121.9145339 37.341614),android,7.950682612549034,-0.6005655405859396,0.17365121808587441
1688,10.726,-8.799999237060547,235.40747,30308997685719,time,2020-03-04T16:00:42-08:00,37.3415922,-121.9145604,4.7047625,1583366442.0,1583366442.115,4.6909511111179985,POINT (-121.9145604 37.3415922),android,7.696042808449254,-0.5269374198117545,2.059612739869041
1689,10.689,-8.799999237060547,226.69202,30310072207698,time,2020-03-04T16:00:43-08:00,37.3415408,-121.9146187,4.2748404,1583366443.0,1583366443.173,4.691228888895776,POINT (-121.9146187 37.3415408),android,7.169105388637499,1.5326753200572867,-10.809623516836188
1690,10.395,-8.799999237060547,228.58781,30310626000000,time,2020-03-04T16:00:43.615000-08:00,37.341511,-121.9146516,4.3670917,1583366443.615,1583366443.728,4.691399722231759,POINT (-121.9146516 37.341511),android,8.111700725089461,-5.115243245885573,7.4549419886140535
1691,10.42,-8.799999237060547,229.9195,30310994514885,time,2020-03-04T16:00:44-08:00,37.3414919,-121.9146775,4.416009,1583366444.0,1583366444.082,4.691506666673554,POINT (-121.9146775 37.3414919),android,6.142332124206277,-2.2450906513650293,10.764186868530883
1692,10.475,-8.799999237060547,233.51889,30311954000000,time,2020-03-04T16:00:44.943000-08:00,37.3414591,-121.9147284,4.4184775,1583366444.943,1583366445.066,4.691768611139722,POINT (-121.9147284 37.3414591),android,4.02521146440006,7.905538407432935,-39.12538050544352
1693,10.309,-8.799999237060547,238.33925,30312784000000,time,2020-03-04T16:00:45.773000-08:00,37.3414425,-121.9147599,4.350847,1583366445.773,1583366445.859,4.691999166674084,POINT (-121.9147599 37.3414425),android,10.586807739424682,-24.56852442705555,123.66941382909388
1694,9.873,-8.799999237060547,240.77428,30312998877020,time,2020-03-04T16:00:46-08:00,37.3414315,-121.9147833,4.3133965,1583366446.0,1583366446.092,4.69206222222911,POINT (-121.9147833 37.3414315),android,5.009752741343814,3.504432276268073,-12.050412474992086
1695,9.942,-8.799999237060547,235.89136,30314074622748,time,2020-03-04T16:00:47-08:00,37.3414073,-121.9148311,4.266757,1583366447.0,1583366447.162,4.692340000006888,POINT (-121.9148311 37.3414073),android,8.514185017611887,-8.545980198724013,16.786805915818594
1696,9.995,-7.900000095367432,234.06943,30314445000000,time,2020-03-04T16:00:47.433000-08:00,37.3413817,-121.9148576,4.338328,1583366447.433,1583366447.574,4.692460277809037,POINT (-121.9148576 37.3413817),android,4.813774841756861,-1.2772917643331616,8.737283096823942
1697,10.418,-7.900000095367432,232.76117,30314995519050,time,2020-03-04T16:00:48-08:00,37.3413628,-121.9148773,4.408404,1583366448.0,1583366448.132,4.692617777784665,POINT (-121.9148773 37.3413628),android,4.089550523447031,3.676746984973945,-7.8599352066456705
1698,10.535,-7.900000095367432,230.18309,30315850000000,time,2020-03-04T16:00:48.839000-08:00,37.3413394,-121.9149026,4.7787213,1583366448.839,1583366448.956,4.692850833336513,POINT (-121.9149026 37.3413394),android,7.174341194750302,-2.9177385484603153,2.644600672620247
1699,11.122,-7.900000095367432,230.49945,30316947000000,time,2020-03-04T16:00:49.936000-08:00,37.3412902,-121.9149666,4.5592065,1583366449.936,1583366450.165,4.693155555592643,POINT (-121.9149666 37.3412902),android,3.97358165092008,-0.0166112877686736,-3.504878430016172
1700,11.319,-7.900000095367432,231.17401,30317576000000,time,2020-03-04T16:00:50.565000-08:00,37.3412723,-121.9149837,4.1452575,1583366450.565,1583366450.665,4.69333027780056,POINT (-121.9149837 37.3412723),android,3.963133151769039,-2.2211796397531685,17.96867090739288
1701,11.403,-7.900000095367432,231.0779,30318124159882,time,2020-03-04T16:00:51-08:00,37.3412604,-121.9149962,3.991547,1583366451.0,1583366451.224,4.693451111117999,POINT (-121.9149962 37.3412604),android,2.9969201355733293,5.595191176787138,-16.245973674260313
1702,11.217,-7.900000095367432,229.45181,30318814000000,time,2020-03-04T16:00:51.802000-08:00,37.3412431,-121.9150125,4.0945954,1583366451.802,1583366451.896,4.693673888908492,POINT (-121.9150125 37.3412431),android,7.484263715484139,-7.43408045365129,21.172872456083944
1703,11.044,-7.900000095367432,230.29001,30319260000000,time,2020-03-04T16:00:52.249000-08:00,37.3412217,-121.9150391,4.383625,1583366452.249,1583366452.335,4.693798055582576,POINT (-121.9150391 37.3412217),android,4.161229554190648,2.0301940995949233,-2.7225449323757736
1704,11.087,-7.900000095367432,230.96207,30319889000000,time,2020-03-04T16:00:52.878000-08:00,37.3412064,-121.9150616,4.516441,1583366452.878,1583366452.992,4.693972777790494,POINT (-121.9150616 37.3412064),android,5.43822153828408,0.31771347733730515,0.5368669176997009
1705,11.148,-7.900000095367432,229.58206,30320498000000,time,2020-03-04T16:00:53.486000-08:00,37.3411845,-121.9150869,4.639946,1583366453.486,1583366453.581,4.694141666690508,POINT (-121.9150869 37.3411845),android,5.631391345230959,0.6441285848025633,-6.123443890464948
1706,11.006,-7.900000095367432,229.42513,30320966000000,time,2020-03-04T16:00:53.955000-08:00,37.341167,-121.9151071,4.676654,1583366453.955,1583366454.063,4.694271944430139,POINT (-121.9151071 37.341167),android,5.9334875630457615,-2.2277657588984496,4.140337775791312
1707,10.605,-7.900000095367432,229.60957,30321895000000,time,2020-03-04T16:00:54.883000-08:00,37.3411308,-121.9151496,4.620736,1583366454.883,1583366455.002,4.6945297222005,POINT (-121.9151496 37.3411308),android,3.866120998275764,1.6144675864769416,-1.25685396921671
1708,10.039,-7.900000095367432,235.77663,30322998373005,time,2020-03-04T16:00:56-08:00,37.3411049,-121.915186,4.613935,1583366456.0,1583366456.083,4.694840000006888,POINT (-121.915186 37.3411049),android,5.669481458655545,0.21056157340990658,-6.03104321089325
1709,9.984,-7.900000095367432,230.37604,30323825000000,time,2020-03-04T16:00:56.813000-08:00,37.341081,-121.9152286,4.4680862,1583366456.813,1583366456.912,4.695065833330155,POINT (-121.9152286 37.341081),android,5.840668010207127,-4.692676338483567,15.088605378724912
1710,9.961,-7.900000095367432,227.37935,30324343000000,time,2020-03-04T16:00:57.332000-08:00,37.3410637,-121.9152551,4.642217,1583366457.332,1583366457.435,4.695210000011656,POINT (-121.9152551 37.3410637),android,3.405168739918201,3.138310658893126,-3.1324583986242307
1711,9.911,-7.900000095367432,226.09839,30325085000000,time,2020-03-04T16:00:58.074000-08:00,37.3410491,-121.915277,4.7384467,1583366458.074,1583366458.171,4.69541611108515,POINT (-121.915277 37.3410491),android,5.73379482382137,0.8140269513169544,-1.0241989616382634
1712,9.856,-7.900000095367432,227.33313,30325610000000,time,2020-03-04T16:00:58.599000-08:00,37.3410324,-121.9153038,4.821802,1583366458.599,1583366458.691,4.695561944444974,POINT (-121.9153038 37.3410324),android,6.1611590508944305,0.2763223987816415,-4.109204659053206
1713,9.814,-7.900000095367432,229.39609,30326096093056,time,2020-03-04T16:00:59-08:00,37.3410188,-121.9153259,4.829472,1583366459.0,1583366459.18,4.695673333340221,POINT (-121.9153259 37.3410188),android,6.2719643391303865,-1.3714687635509246,-2.2195885909631787
1714,9.814,-7.799999713897705,224.21715,30326906000000,time,2020-03-04T16:00:59.895000-08:00,37.3409789,-121.9153648,4.127069,1583366459.895,1583366459.989,4.695921944446034,POINT (-121.9153648 37.3409789),android,5.044499821911,-3.358000510127677,-1.2236354627257657
1715,9.845,-7.799999713897705,222.71227,30327339000000,time,2020-03-04T16:01:00.328000-08:00,37.3409625,-121.9153784,4.0300555,1583366460.328,1583366460.419,4.696042222248184,POINT (-121.9153784 37.3409625),android,3.5904853064013422,-3.8878347728473073,20.030102710962545
1716,9.957,-7.799999713897705,222.49509,30327782000000,time,2020-03-04T16:01:00.771000-08:00,37.340951,-121.9153891,4.007338,1583366460.771,1583366460.887,4.696165277759234,POINT (-121.9153891 37.340951),android,1.8681751249283176,4.985497518940422,-16.076426749159477
1717,10.064,-7.799999713897705,223.64676,30328694000000,time,2020-03-04T16:01:01.683000-08:00,37.3409381,-121.9153995,4.2978063,1583366461.683,1583366461.78,4.69641861114237,POINT (-121.9153995 37.3409381),android,6.4149497560556785,-9.676206558647976,43.4597178642636
1718,10.066,-7.799999713897705,223.23323,30329004453107,time,2020-03-04T16:01:02-08:00,37.3409241,-121.9154143,4.401004,1583366462.0,1583366462.093,4.696506666673554,POINT (-121.9154143 37.3409241),android,3.34759312593564,4.100520191253247,19.636190020109765
1719,10.064,-7.799999713897705,226.2719,30329702000000,time,2020-03-04T16:01:02.691000-08:00,37.3409105,-121.9154341,4.419453,1583366462.691,1583366462.793,4.69669861111376,POINT (-121.9154341 37.3409105),android,6.181052515522661,17.669127195524613,-191.1370075637408
1720,10.077,-7.799999713897705,227.9204,30329995207534,time,2020-03-04T16:01:03-08:00,37.3408999,-121.9154511,4.411462,1583366463.0,1583366463.079,4.696784444451332,POINT (-121.9154511 37.3408999),android,11.640813088549251,-41.392211058190576,204.60831121688398
1721,10.091,-7.799999713897705,225.81412,30330229000000,time,2020-03-04T16:01:03.217000-08:00,37.3408855,-121.9154732,4.467649,1583366463.217,1583366463.324,4.696844722231229,POINT (-121.9154732 37.3408855),android,2.658702973124388,3.007794036910779,-4.149341700231185
1722,10.105,-7.799999713897705,224.78764,30330944000000,time,2020-03-04T16:01:03.933000-08:00,37.3408745,-121.9154897,4.465247,1583366463.933,1583366464.03,4.69704361114237,POINT (-121.9154897 37.3408745),android,4.812283744502803,0.0368650471471191,-3.095655967313017
1723,10.044,-7.799999713897705,223.82162,30331443000000,time,2020-03-04T16:01:04.432000-08:00,37.3408609,-121.9155108,4.5821943,1583366464.432,1583366464.531,4.697182222207387,POINT (-121.9155108 37.3408609),android,4.830679396911854,-1.5078667668509962,0.9049448282404854
1724,10.097,-7.799999713897705,223.85435,30331901000000,time,2020-03-04T16:01:04.890000-08:00,37.3408475,-121.9155293,4.6111374,1583366464.89,1583366465.007,4.697309444480472,POINT (-121.9155293 37.3408475),android,4.140076141595447,-1.0934018698165069,3.8170402403739208
1725,9.974,-7.799999713897705,228.16228,30332507000000,time,2020-03-04T16:01:05.496000-08:00,37.3408325,-121.9155505,4.54857,1583366465.496,1583366465.596,4.69747777779897,POINT (-121.9155505 37.3408325),android,3.4774746668806036,1.2197243119981478,3.436650126478352
1726,9.748,-7.799999713897705,230.17015,30333120000000,time,2020-03-04T16:01:06.109000-08:00,37.3408203,-121.9155691,4.507564,1583366466.109,1583366466.204,4.697648055553437,POINT (-121.9155691 37.3408203),android,4.22516556777213,3.3263905511142213,-0.5963638936838032
1727,9.738,-7.799999713897705,228.4929,30333669000000,time,2020-03-04T16:01:06.658000-08:00,37.3408079,-121.9155902,4.492973,1583366466.658,1583366466.762,4.697800555560324,POINT (-121.9155902 37.3408079),android,6.051354062813462,2.9989867586946533,-37.331145151692525
1728,9.722,-7.799999713897705,226.73387,30333997800085,time,2020-03-04T16:01:07-08:00,37.340796,-121.9156082,4.4831157,1583366467.0,1583366467.133,4.697895555562443,POINT (-121.9156082 37.340796),android,7.077007557167486,-9.768265167998226,39.49112593870498
1729,9.593,-7.799999713897705,227.73373,30334391000000,time,2020-03-04T16:01:07.380000-08:00,37.3407799,-121.9156309,4.4685044,1583366467.38,1583366467.48,4.698001111149788,POINT (-121.9156309 37.3407799),android,3.365065675438928,5.238367208110373,-22.30316545824873
1730,9.478,-7.799999713897705,226.16196,30335072149563,time,2020-03-04T16:01:08-08:00,37.3407674,-121.9156485,4.4428554,1583366468.0,1583366468.198,4.698173333340221,POINT (-121.9156485 37.3407674),android,6.612852744983807,-8.589592823609113,27.08373147142275
1731,9.466,-7.799999713897705,229.69131,30335347000000,time,2020-03-04T16:01:08.336000-08:00,37.3407546,-121.9156678,4.199624,1583366468.336,1583366468.445,4.698266666664018,POINT (-121.9156678 37.3407546),android,3.7267498511514114,0.5105400209428036,-4.801536607717958
1732,9.39,-7.799999713897705,231.56367,30335828000000,time,2020-03-04T16:01:08.817000-08:00,37.3407448,-121.9156839,4.121901,1583366468.817,1583366468.928,4.698400277760293,POINT (-121.9156839 37.3407448),android,3.9723195739591213,-1.7989988309398144,3.8435588316292333
1733,9.47,-7.799999713897705,230.40526,30336321000000,time,2020-03-04T16:01:09.310000-08:00,37.3407338,-121.9157012,3.7465806,1583366469.31,1583366469.421,4.698537222213215,POINT (-121.9157012 37.3407338),android,3.0854130954047054,0.09587579034950433,-2.6941544670729995
1734,9.513,-7.799999713897705,226.0619,30336876000000,time,2020-03-04T16:01:09.865000-08:00,37.3407235,-121.9157156,3.6444762,1583366469.865,1583366469.987,4.698691388898426,POINT (-121.9157156 37.3407235),android,3.13862416544908,-1.3993801187302246,9.159189110952013
1735,9.612,-7.799999713897705,226.41212,30337376000000,time,2020-03-04T16:01:10.365000-08:00,37.3407131,-121.9157276,3.4154863,1583366470.365,1583366470.472,4.698830277787314,POINT (-121.9157276 37.3407131),android,2.4389341060839675,3.1802144367457816,-8.736964609911709
1736,9.82,-8.09999942779541,226.7187,30338687000000,time,2020-03-04T16:01:11.675000-08:00,37.340694,-121.9157546,3.927702,1583366471.675,1583366471.812,4.699194166660309,POINT (-121.9157546 37.340694),android,6.605014836247612,-8.265208702305431,39.56254966817934
1737,9.872,-8.09999942779541,224.97905,30339006688572,time,2020-03-04T16:01:12-08:00,37.3406807,-121.9157722,4.1392784,1583366472.0,1583366472.083,4.699284444451332,POINT (-121.9157722 37.3406807),android,3.9188216138824843,4.592621826342229,-20.16641808022676
1738,9.918,-8.09999942779541,227.27171,30339706000000,time,2020-03-04T16:01:12.695000-08:00,37.3406638,-121.9157945,4.4725504,1583366472.695,1583366472.803,4.699477499988344,POINT (-121.9157945 37.3406638),android,7.110693476599749,-9.42303739316172,41.091264108258166
1739,9.905,-8.09999942779541,229.86462,30339998192374,time,2020-03-04T16:01:13-08:00,37.3406509,-121.9158129,4.569747,1583366473.0,1583366473.092,4.69956222222911,POINT (-121.9158129 37.3406509),android,4.236666442629812,3.109800902994845,-15.968159824248954
1740,9.804,-8.09999942779541,233.7572,30340628000000,time,2020-03-04T16:01:13.616000-08:00,37.3406358,-121.9158355,4.7626014,1583366473.616,1583366473.723,4.699733333322737,POINT (-121.9158355 37.3406358),android,6.152303603135978,-6.726584543666533,74.53273183592712
1741,9.828,-8.09999942779541,239.14516,30340998683676,time,2020-03-04T16:01:14-08:00,37.3406234,-121.9158572,4.8355904,1583366474.0,1583366474.091,4.699840000006888,POINT (-121.9158572 37.3406234),android,3.569294714979949,21.89398917260632,-114.44916841444814
1742,9.833,-8.09999942779541,238.28976,30341787000000,time,2020-03-04T16:01:14.776000-08:00,37.3406109,-121.9158843,4.9143987,1583366474.776,1583366474.928,4.700055555568801,POINT (-121.9158843 37.3406109),android,20.5590308140361,-66.91856813653901,281.769356207151
1743,9.409,-8.09999942779541,234.16873,30341994500342,time,2020-03-04T16:01:15-08:00,37.3405864,-121.9159263,5.0869727,1583366475.0,1583366475.071,4.700117777784666,POINT (-121.9159263 37.3405864),android,5.569273083095833,-3.802238795325934,5.352057129023652
1744,9.067,-8.09999942779541,226.4964,30343135964300,time,2020-03-04T16:01:16-08:00,37.3405535,-121.9159738,4.979957,1583366476.0,1583366476.206,4.7003955555624435,POINT (-121.9159738 37.3405535),android,1.7670342877698995,1.5498183336977174,2.465254840415083
1745,9.026,-8.09999942779541,131.73114,30344092755081,time,2020-03-04T16:01:17-08:00,37.3405385,-121.9159804,3.3890667,1583366477.0,1583366477.184,4.700673333340221,POINT (-121.9159804 37.3405385),android,3.316852621467617,4.015073174112801,-7.425013311295021
1746,8.959,-8.09999942779541,221.68411,30344788000000,time,2020-03-04T16:01:17.777000-08:00,37.3405212,-121.915961,3.5170062,1583366477.777,1583366477.887,4.700889166659779,POINT (-121.915961 37.3405212),android,6.4365642786415105,-1.7541618005491164,2.214629517872883
1747,9.17,-8.09999942779541,231.93845,30345421000000,time,2020-03-04T16:01:18.410000-08:00,37.3405051,-121.9160024,4.323013,1583366478.41,1583366478.519,4.70106500003073,POINT (-121.9160024 37.3405051),android,5.326179621342254,-0.35230101582656975,-1.6175188626336803
1748,9.0,-8.09999942779541,236.1013,30345906000000,time,2020-03-04T16:01:18.895000-08:00,37.3404939,-121.916028,4.417968,1583366478.895,1583366478.984,4.701199722223811,POINT (-121.916028 37.3404939),android,5.155313665624215,-1.1367974945194232,1.125367354818403
1749,9.12,-8.09999942779541,228.17033,30346486000000,time,2020-03-04T16:01:19.475000-08:00,37.3404798,-121.9160568,4.4778175,1583366479.475,1583366479.597,4.70136083331373,POINT (-121.9160568 37.3404798),android,4.495971205533715,-0.48408451458346496,17.623538074693148
1750,9.211,-8.09999942779541,223.51497,30347082300496,time,2020-03-04T16:01:20-08:00,37.3404653,-121.9160763,4.499917,1583366480.0,1583366480.185,4.701506666673554,POINT (-121.9160763 37.3404653),android,4.241826789211499,8.768274655342001,-51.829667068176235
1751,9.75,-8.09999942779541,226.03151,30347762000000,time,2020-03-04T16:01:20.751000-08:00,37.3404449,-121.9161016,4.6789246,1583366480.751,1583366480.87,4.701715277764532,POINT (-121.9161016 37.3404449),android,10.826800419855388,-30.155801556283055,137.63614634287535
1752,9.778,-8.09999942779541,232.658,30347998256225,time,2020-03-04T16:01:21-08:00,37.3404288,-121.9161244,4.76132,1583366481.0,1583366481.1,4.701784444451332,POINT (-121.9161244 37.3404288),android,3.3180036466710865,4.1156088588573,-9.598985125009683
1753,9.849,-8.09999942779541,223.25635,30348869000000,time,2020-03-04T16:01:21.858000-08:00,37.3404108,-121.9161473,4.5219264,1583366481.858,1583366482.011,4.702022777795792,POINT (-121.9161473 37.3404108),android,6.849196212418569,-4.120320762881843,4.937894528725926
1754,9.905,-8.09999942779541,220.89714,30349530000000,time,2020-03-04T16:01:22.519000-08:00,37.3403798,-121.9161805,4.352797,1583366482.519,1583366482.646,4.702206388910612,POINT (-121.9161805 37.3403798),android,4.125664133141454,-0.8563724134660003,13.199627274546456
1755,9.926,-8.09999942779541,223.40775,30349996577474,time,2020-03-04T16:01:23-08:00,37.3403677,-121.916197,4.308817,1583366483.0,1583366483.089,4.702340000006887,POINT (-121.916197 37.3403677),android,3.7137490479995288,5.492647600654696,-24.40975203692836
1756,9.913,-8.09999942779541,224.7656,30350701000000,time,2020-03-04T16:01:23.690000-08:00,37.3403541,-121.9162204,4.318899,1583366483.69,1583366483.791,4.702531666689449,POINT (-121.9162204 37.3403541),android,7.503676206743085,-11.350082701563089,51.546443480658326
1757,9.895,-8.09999942779541,225.08936,30350997224349,time,2020-03-04T16:01:24-08:00,37.3403406,-121.9162405,4.335631,1583366484.0,1583366484.079,4.702617777784665,POINT (-121.9162405 37.3403406),android,3.9851512187154694,4.629311827929838,-17.73444873468478
1758,9.898,-8.09999942779541,228.2067,30351692000000,time,2020-03-04T16:01:24.681000-08:00,37.340326,-121.9162651,4.6532197,1583366484.681,1583366484.791,4.702806944449742,POINT (-121.9162651 37.340326),android,7.137712547046554,-7.447847658913168,18.82829370217036
1759,9.869,-8.09999942779541,227.57799,30351994748984,time,2020-03-04T16:01:25-08:00,37.3403135,-121.9162855,4.723449,1583366485.0,1583366485.092,4.702895555562443,POINT (-121.9162855 37.3403135),android,4.7618491012363275,-1.4416218601844624,3.6229308280921675
1760,9.879,-8.09999942779541,225.66461,30353076497317,time,2020-03-04T16:01:26-08:00,37.3402862,-121.916327,4.7502584,1583366486.0,1583366486.167,4.703173333340221,POINT (-121.916327 37.3402862),android,3.320227241051865,2.181308967907705,5.601196919156542
1761,9.916,-8.09999942779541,224.82095,30353871000000,time,2020-03-04T16:01:26.859000-08:00,37.3402697,-121.9163517,4.722136,1583366486.859,1583366486.967,4.703411944442325,POINT (-121.9163517 37.3402697),android,5.1939715737558005,6.992736939844775,-57.70577255429498
1762,9.945,-8.09999942779541,219.0402,30354828000000,time,2020-03-04T16:01:27.816000-08:00,37.3402375,-121.9163907,4.671202,1583366487.816,1583366487.94,4.703677777780427,POINT (-121.9163907 37.3402375),android,11.886020945225535,-48.23168838520076,319.82843218300536
1763,9.933,-8.09999942779541,216.97697,30354995543566,time,2020-03-04T16:01:28-08:00,37.3402223,-121.9164064,4.6337,1583366488.0,1583366488.07,4.7037288888957764,POINT (-121.9164064 37.3402223),android,3.011389546391437,10.616748016666806,-71.72371444160126
1764,10.051,-8.09999942779541,223.3261,30355828000000,time,2020-03-04T16:01:28.817000-08:00,37.3402076,-121.9164272,4.5870776,1583366488.817,1583366488.929,4.703955833315849,POINT (-121.9164272 37.3402076),android,11.685271744515585,-47.981520389223505,289.7887113359856
1765,10.148,-8.09999942779541,228.19194,30355996453722,time,2020-03-04T16:01:29-08:00,37.3401958,-121.9164463,4.5345144,1583366489.0,1583366489.069,4.704006666673554,POINT (-121.9164463 37.3401958),android,2.9046493034832683,5.0498392107545715,-9.613012902838783
1766,10.139,-8.09999942779541,228.72578,30356882000000,time,2020-03-04T16:01:29.870000-08:00,37.3401798,-121.9164666,4.6082077,1583366489.87,1583366490.015,4.704248333308432,POINT (-121.9164666 37.3401798),android,7.298008838931511,-3.313480914593147,3.9211681564787497
1767,10.059,-8.09999942779541,223.64917,30358096588982,time,2020-03-04T16:01:31-08:00,37.3401292,-121.9165348,4.7286944,1583366491.0,1583366491.213,4.70456222222911,POINT (-121.9165348 37.3401292),android,3.553775026243457,1.117439550969923,-6.073815185304516
1768,10.032,-8.09999942779541,223.04468,30358856000000,time,2020-03-04T16:01:31.845000-08:00,37.3401097,-121.9165583,4.417278,1583366491.845,1583366491.934,4.70479694445928,POINT (-121.9165583 37.3401097),android,4.498011478783244,-4.01493445438564,15.143453927860683
1769,9.747,-8.09999942779541,222.11914,30359329000000,time,2020-03-04T16:01:32.318000-08:00,37.340096,-121.9165751,4.1814885,1583366492.318,1583366492.439,4.704928333361943,POINT (-121.9165751 37.340096),android,2.5989472827539633,3.147920004472463,-7.397342744903892
1770,9.511,-8.09999942779541,221.3668,30359971000000,time,2020-03-04T16:01:32.960000-08:00,37.3400849,-121.9165878,4.0856805,1583366492.96,1583366493.088,4.70510666668415,POINT (-121.9165878 37.3400849),android,4.619911799537485,-1.6011737414602931,9.118543017100242
1771,9.218,-8.09999942779541,225.7547,30360446000000,time,2020-03-04T16:01:33.435000-08:00,37.3400722,-121.9166068,4.1953783,1583366493.435,1583366493.543,4.7052386111021045,POINT (-121.9166068 37.3400722),android,3.8593544250436733,2.7301333220502935,-8.165000994714237
1772,9.208,-8.09999942779541,229.55574,30361095680387,time,2020-03-04T16:01:34-08:00,37.3400604,-121.9166265,4.2671323,1583366494.0,1583366494.188,4.705395555562443,POINT (-121.9166265 37.3400604),android,5.401879908221571,-1.8830927071683554,3.127535704675803
1773,9.119,-8.09999942779541,234.14484,30361812000000,time,2020-03-04T16:01:34.801000-08:00,37.3400371,-121.9166657,4.558448,1583366494.801,1583366494.912,4.705618055595292,POINT (-121.9166657 37.3400371),android,3.8935224270934317,0.6220637621256215,0.1468777902735146
1774,9.265,-7.799999713897705,228.80083,30363074232313,time,2020-03-04T16:01:36-08:00,37.3400124,-121.9167084,4.3884187,1583366496.0,1583366496.188,4.705951111117999,POINT (-121.9167084 37.3400124),android,4.639376804319519,0.7981702152944421,-3.4314097675243524
1775,9.25,-7.799999713897705,228.39944,30363563000000,time,2020-03-04T16:01:36.552000-08:00,37.3399977,-121.9167307,4.4321218,1583366496.552,1583366496.726,4.706104444464048,POINT (-121.9167307 37.3399977),android,5.079966799699384,-1.095968133456474,1.4144319783925656
1776,9.22,-7.799999713897705,227.73254,30363991000000,time,2020-03-04T16:01:36.980000-08:00,37.339985,-121.9167494,4.428069,1583366496.98,1583366497.066,4.706223333345519,POINT (-121.9167494 37.339985),android,4.610892467845519,-0.4905912844738644,0.4350285496475875
1777,10.016,-7.799999713897705,230.34682,30364902000000,time,2020-03-04T16:01:37.891000-08:00,37.3399613,-121.9167864,4.2609067,1583366497.891,1583366498.0,4.706476388904783,POINT (-121.9167864 37.3399613),android,4.163963801139729,-0.09428026993665439,7.1199142361025185
1778,10.039,-7.799999713897705,230.37039,30365492000000,time,2020-03-04T16:01:38.481000-08:00,37.3399489,-121.9168094,4.2378817,1583366498.481,1583366498.59,4.70664027776983,POINT (-121.9168094 37.3399489),android,4.108338449969243,4.1064685182566905,-8.936025409296626
1779,10.006,-7.799999713897705,230.54623,30366072908145,time,2020-03-04T16:01:39-08:00,37.3399374,-121.9168287,4.229304,1583366499.0,1583366499.135,4.7067844444513325,POINT (-121.9168287 37.3399374),android,6.239595830253545,-0.5313291464035026,-3.6977998353848274
1780,9.983,-7.799999713897705,225.6702,30366752000000,time,2020-03-04T16:01:39.741000-08:00,37.3399122,-121.9168703,4.275672,1583366499.741,1583366499.868,4.706990277767181,POINT (-121.9168703 37.3399122),android,5.845880966211737,-3.2713985916748753,6.993472064468638
1781,9.952,-7.799999713897705,226.09183,30367350000000,time,2020-03-04T16:01:40.339000-08:00,37.339891,-121.9168995,4.360964,1583366500.339,1583366500.45,4.707156388892068,POINT (-121.9168995 37.339891),android,3.8895844461580227,0.9106980496910942,-4.699753914617871
1782,10.034,-7.799999713897705,225.29576,30367993000000,time,2020-03-04T16:01:40.982000-08:00,37.3398755,-121.91692,4.369394,1583366500.982,1583366501.089,4.707335000038147,POINT (-121.91692 37.3398755),android,4.475163406752629,-2.111244309036764,0.6305441054374965
1783,10.025,-7.799999713897705,225.27057,30368485000000,time,2020-03-04T16:01:41.474000-08:00,37.3398637,-121.91694,4.104584,1583366501.474,1583366501.585,4.707471666667196,POINT (-121.91694 37.3398637),android,3.4364314926149464,-1.8010166945509036,15.794533974197558
1784,10.023,-7.799999713897705,226.12946,30369074058977,time,2020-03-04T16:01:42-08:00,37.3398541,-121.9169565,3.9573686,1583366502.0,1583366502.155,4.707617777784665,POINT (-121.9169565 37.3398541),android,2.4890966700591703,6.506908537385205,-37.83279785864284
1785,10.023,-7.799999713897705,228.98697,30369787000000,time,2020-03-04T16:01:42.776000-08:00,37.3398437,-121.916974,3.6030989,1583366502.776,1583366502.855,4.707833333346579,POINT (-121.916974 37.3398437),android,7.538457844001406,-22.851343466845663,146.46543816258887
1786,9.949,-7.799999713897705,229.701,30369994584081,time,2020-03-04T16:01:43-08:00,37.3398341,-121.9169888,3.5126972,1583366503.0,1583366503.058,4.707895555562443,POINT (-121.9169888 37.3398341),android,2.4197574304537217,9.956911329246402,-56.47947679903096
1787,10.106,-8.699999809265137,230.53078,30370825000000,time,2020-03-04T16:01:43.814000-08:00,37.3398326,-121.917011,3.491491,1583366503.814,1583366503.912,4.708121666643355,POINT (-121.917011 37.3398326),android,10.524682169956124,-36.01737664477979,187.89393232115634
1788,10.295,-8.699999809265137,235.08731,30370995991477,time,2020-03-04T16:01:44-08:00,37.3398315,-121.9170331,3.4569535,1583366504.0,1583366504.053,4.708173333340221,POINT (-121.9170331 37.3398315),android,3.82544619825852,-1.069084805428317,2.735466154625866
1789,10.24,-8.699999809265137,227.98244,30371513000000,time,2020-03-04T16:01:44.502000-08:00,37.339817,-121.9170449,3.805301,1583366504.502,1583366504.603,4.708312777810627,POINT (-121.9170449 37.339817),android,3.2887655260167503,0.30411945985076144,-0.5021522263152283
1790,10.171,-8.699999809265137,225.59956,30372004000000,time,2020-03-04T16:01:44.993000-08:00,37.3398049,-121.917055,3.8433485,1583366504.993,1583366505.073,4.708449166682032,POINT (-121.917055 37.3398049),android,3.4380881616614336,0.057562748336703315,16.544676956986766
1791,10.194,-8.699999809265137,224.71655,30373105702570,time,2020-03-04T16:01:46-08:00,37.339781,-121.9170801,4.410285,1583366506.0,1583366506.194,4.708728888895776,POINT (-121.9170801 37.339781),android,3.496053847479818,16.718051939118904,-68.01490247826564
1792,10.192,-8.699999809265137,225.81963,30373728000000,time,2020-03-04T16:01:46.717000-08:00,37.3397651,-121.9171002,4.797172,1583366506.717,1583366506.817,4.708928055564562,POINT (-121.9171002 37.3397651),android,15.482897215376687,-32.04863365671008,108.33823317783416
1793,9.748,-8.699999809265137,226.63799,30374011940851,time,2020-03-04T16:01:47-08:00,37.3397381,-121.9171363,5.0365133,1583366507.0,1583366507.078,4.709006666673554,POINT (-121.9171363 37.3397381),android,6.413134135039406,-1.3889144939381373,-0.9226095773990268
1794,9.117,-8.699999809265137,227.71118,30375083041163,time,2020-03-04T16:01:48-08:00,37.3396995,-121.9171902,5.1171412,1583366508.0,1583366508.186,4.709284444451332,POINT (-121.9171902 37.3396995),android,5.0242196411012685,-2.311524071337164,5.152119435144345
1795,8.682,-8.699999809265137,232.32191,30376020896891,time,2020-03-04T16:01:49-08:00,37.339671,-121.9172343,5.0253253,1583366509.0,1583366509.122,4.70956222222911,POINT (-121.9172343 37.339671),android,2.7126955697641044,2.8405953638071813,-5.898807680969394
1796,8.812,-8.699999809265137,182.45636,30377000642985,time,2020-03-04T16:01:50-08:00,37.3396557,-121.9172582,4.2133355,1583366510.0,1583366510.11,4.709840000006888,POINT (-121.9172582 37.3396557),android,5.553290933571286,-3.058212317162213,6.368176145441752
1797,8.602,-8.699999809265137,217.60004,30377426000000,time,2020-03-04T16:01:50.415000-08:00,37.3396376,-121.9172709,4.399849,1583366510.415,1583366510.553,4.709955277774069,POINT (-121.9172709 37.3396376),android,4.284132938610509,-0.4154194597305272,1.539460483590218
1798,8.761,-8.699999809265137,225.89633,30377918000000,time,2020-03-04T16:01:50.907000-08:00,37.3396249,-121.9172886,4.59775,1583366510.907,1583366511.024,4.710091944469346,POINT (-121.9172886 37.3396249),android,4.079746521636204,0.34199525675540393,-1.8419092653790754
1799,8.871,-8.699999809265137,226.32268,30378509000000,time,2020-03-04T16:01:51.498000-08:00,37.3396135,-121.9173118,4.409689,1583366511.498,1583366511.596,4.710256111092038,POINT (-121.9173118 37.3396135),android,4.2818656642374,-0.7465728274910907,0.7405984916749334
1800,8.959,-8.699999809265137,223.3146,30378989000000,time,2020-03-04T16:01:51.978000-08:00,37.3396021,-121.9173301,4.3308024,1583366511.978,1583366512.08,4.710389444430669,POINT (-121.9173301 37.3396021),android,3.92351069280193,-0.3910855373613274,1.1415457211931375
1801,9.694,-8.699999809265137,221.93243,30380012000000,time,2020-03-04T16:01:53.001000-08:00,37.339578,-121.9173639,3.866138,1583366513.001,1583366513.107,4.7106736110978655,POINT (-121.9173639 37.339578),android,3.5234301873353555,0.7767157375965777,14.585994943961587
1802,10.216,-8.699999809265137,225.69125,30380552000000,time,2020-03-04T16:01:53.541000-08:00,37.3395685,-121.9173818,4.050162,1583366513.541,1583366513.629,4.710823611087269,POINT (-121.9173818 37.3395685),android,3.9428566560081535,8.653152450924285,-48.3392203311208
1803,10.213,-8.699999809265137,228.78185,30381094871525,time,2020-03-04T16:01:54-08:00,37.3395592,-121.9173986,4.119325,1583366514.0,1583366514.233,4.710951111117999,POINT (-121.9173986 37.3395592),android,7.914654588247953,-13.53455502864542,44.2385938846886
1804,10.488,-8.699999809265137,224.07349,30381301000000,time,2020-03-04T16:01:54.289000-08:00,37.3395455,-121.9174179,4.2772517,1583366514.289,1583366514.386,4.7110313889053135,POINT (-121.9174179 37.3395455),android,4.003167720297356,-0.7495998771588279,5.4477953225598865
1805,10.744,-8.699999809265137,222.80174,30381813000000,time,2020-03-04T16:01:54.802000-08:00,37.3395325,-121.9174344,4.3151712,1583366514.802,1583366514.902,4.711173888908492,POINT (-121.9174344 37.3395325),android,3.618622974736388,2.0451191856594635,-8.650791699614887
1806,10.965,-7.500000476837158,222.59529,30382565000000,time,2020-03-04T16:01:55.554000-08:00,37.3395158,-121.9174569,4.3539524,1583366515.554,1583366515.66,4.711382777757115,POINT (-121.9174569 37.3395158),android,5.156552305894903,-4.460274918445177,7.0801627601234385
1807,10.93,-7.500000476837158,222.86945,30382994975014,time,2020-03-04T16:01:56-08:00,37.3395011,-121.9174752,4.379053,1583366516.0,1583366516.056,4.7115066666735546,POINT (-121.9174752 37.3395011),android,3.167269249888792,-1.3025216252045078,3.014268371200194
1808,10.662,-7.500000476837158,223.61177,30384072925951,time,2020-03-04T16:01:57-08:00,37.3394796,-121.9174987,3.5843713,1583366517.0,1583366517.169,4.711784444451332,POINT (-121.9174987 37.3394796),android,1.8647476246842842,1.7117467459956863,0.8522824331404667
1809,10.498,-7.500000476837158,223.1595,30384589000000,time,2020-03-04T16:01:57.578000-08:00,37.3394725,-121.917507,3.1583273,1583366517.578,1583366517.697,4.7119450000259615,POINT (-121.917507 37.3394725),android,2.8541373614061123,2.2043660508724665,0.7197157232050339
1810,10.482,-7.500000476837158,223.24887,30385023000000,time,2020-03-04T16:01:58.011000-08:00,37.3394649,-121.9175172,3.066032,1583366518.011,1583366518.104,4.712065277761883,POINT (-121.9175172 37.3394649),android,3.808627529278819,2.516002850573091,-9.851395306117853
1811,10.427,-7.500000476837158,222.57979,30385807000000,time,2020-03-04T16:01:58.796000-08:00,37.3394462,-121.9175415,4.0005627,1583366518.796,1583366518.887,4.712283333341281,POINT (-121.9175415 37.3394462),android,5.783689982928952,-5.217343310281465,13.94231842453858
1812,10.265,-7.500000476837158,226.7706,30386262000000,time,2020-03-04T16:01:59.251000-08:00,37.33943,-121.9175632,3.9001153,1583366519.251,1583366519.359,4.712409722208977,POINT (-121.9175632 37.33943),android,3.409799174802591,1.1264105091691097,-1.2499340817580986
1813,9.672,-7.500000476837158,229.88658,30386921000000,time,2020-03-04T16:01:59.910000-08:00,37.3394164,-121.917582,3.8301623,1583366519.91,1583366520.024,4.712592777808507,POINT (-121.917582 37.3394164),android,4.152103878667011,0.3027037514135375,2.307500561731987
1814,10.076,-7.500000476837158,227.07425,30387447000000,time,2020-03-04T16:02:00.435000-08:00,37.3394041,-121.9176012,4.05357,1583366520.435,1583366520.529,4.712738611102104,POINT (-121.9176012 37.3394041),android,4.311023304856999,1.5141412162322274,-9.63719656191879
1815,10.499,-7.500000476837158,225.68579,30387925000000,time,2020-03-04T16:02:00.914000-08:00,37.3393918,-121.9176187,4.128481,1583366520.914,1583366521.073,4.712871666683091,POINT (-121.9176187 37.3393918),android,5.036297086056004,-3.1020768192385706,7.784302310392821
1816,10.62,-7.500000476837158,222.21559,30388425000000,time,2020-03-04T16:02:01.414000-08:00,37.3393765,-121.9176397,3.988287,1583366521.414,1583366521.52,4.71301055557198,POINT (-121.9176397 37.3393765),android,3.485258676436719,0.7900743359578398,5.240986226852438
1817,10.677,-7.500000476837158,220.00807,30389080521261,time,2020-03-04T16:02:02-08:00,37.3393631,-121.9176555,3.9359553,1583366522.0,1583366522.174,4.713173333340221,POINT (-121.9176555 37.3393631),android,3.9482422101829635,3.861292084958386,-15.646594505472876
1818,10.831,-7.500000476837158,218.41983,30389662000000,time,2020-03-04T16:02:02.651000-08:00,37.3393461,-121.9176752,3.8385537,1583366522.651,1583366522.762,4.713354166679912,POINT (-121.9176752 37.3393461),android,6.461943445868835,-6.324641296226585,14.407915797909766
1819,11.178,-7.500000476837158,216.6049,30390171225949,time,2020-03-04T16:02:03-08:00,37.3393307,-121.9176918,3.8123176,1583366523.0,1583366523.262,4.713451111117998,POINT (-121.9176918 37.3393307),android,4.254643778245308,-1.2962790125270989,11.83715434122404
1820,11.562,-7.500000476837158,225.67691,30391021000000,time,2020-03-04T16:02:04.010000-08:00,37.339301,-121.9177229,3.9599538,1583366524.01,1583366524.126,4.713731666670905,POINT (-121.9177229 37.339301),android,2.945401987955218,10.65924675922128,-41.732393791771216
1821,12.004,-7.500000476837158,224.67633,30391827000000,time,2020-03-04T16:02:04.816000-08:00,37.3392874,-121.9177436,4.225344,1583366524.816,1583366524.966,4.713955555558204,POINT (-121.9177436 37.3392874),android,11.53675481489487,-22.97706239815165,79.27331479671498
1822,12.404,-7.500000476837158,222.37944,30391994375219,time,2020-03-04T16:02:05-08:00,37.3392745,-121.9177613,4.309562,1583366525.0,1583366525.063,4.714006666673554,POINT (-121.9177613 37.3392745),android,7.308974983032818,-8.390771265941304,19.387474852406207
1823,12.592,-7.500000476837158,223.16408,30392396000000,time,2020-03-04T16:02:05.385000-08:00,37.3392566,-121.9177838,4.621631,1583366525.385,1583366525.484,4.71411361111535,POINT (-121.9177838 37.3392566),android,4.078528125666047,-0.9265936326582817,19.181054389250423
1824,12.758,-7.500000476837158,222.9255,30392997804385,time,2020-03-04T16:02:06-08:00,37.3392406,-121.9178038,4.7159925,1583366526.0,1583366526.116,4.714284444451332,POINT (-121.9178038 37.3392406),android,3.508673032744518,10.869754999655518,-45.27271615186712
1825,13.543,-7.500000476837158,223.58496,30393814000000,time,2020-03-04T16:02:06.802000-08:00,37.3392227,-121.9178263,4.5709457,1583366526.802,1583366526.88,4.714507222241825,POINT (-121.9178263 37.3392227),android,12.226217040046139,-25.438965426562394,111.2009407885958
1826,14.467,-7.500000476837158,223.58682,30393995988968,time,2020-03-04T16:02:07-08:00,37.3392071,-121.9178454,4.512484,1583366527.0,1583366527.061,4.71456222222911,POINT (-121.9178454 37.3392071),android,7.189303050090207,-3.421184240795523,5.04567198576396
1827,14.765,-7.500000476837158,225.44954,30394408000000,time,2020-03-04T16:02:07.397000-08:00,37.3391895,-121.9178689,4.471985,1583366527.397,1583366527.507,4.71467250002755,POINT (-121.9178689 37.3391895),android,5.831092652004132,-1.418052087116864,-0.40750090886827683
1828,15.079,-6.400000095367432,226.07713,30395072168290,time,2020-03-04T16:02:08-08:00,37.3391715,-121.9179016,4.4985476,1583366528.0,1583366528.18,4.7148400000068875,POINT (-121.9179016 37.3391715),android,4.976007348956732,-1.6637751048518292,10.078175141740193
1829,14.97,-6.400000095367432,234.2898,30396079212509,time,2020-03-04T16:02:09-08:00,37.339148,-121.9179495,4.4662447,1583366529.0,1583366529.154,4.715117777784665,POINT (-121.9179495 37.339148),android,3.312232244104903,8.414400036888363,-48.16468175426347
1830,14.631,-6.400000095367432,228.29051,30396784000000,time,2020-03-04T16:02:09.772000-08:00,37.339137,-121.9179749,4.4139495,1583366529.772,1583366529.882,4.715332222249772,POINT (-121.9179749 37.339137),android,9.808149698501301,-28.768737860209793,129.32915420165617
1831,14.458,-6.400000095367432,226.25668,30396993704175,time,2020-03-04T16:02:10-08:00,37.339124,-121.9179942,4.397975,1583366530.0,1583366530.069,4.715395555562443,POINT (-121.9179942 37.339124),android,3.248879606381969,0.7182996774121817,8.398287318036646
1832,14.282,-6.400000095367432,226.51205,30397660000000,time,2020-03-04T16:02:10.649000-08:00,37.3391107,-121.9180112,4.0951514,1583366530.649,1583366530.746,4.715575833320617,POINT (-121.9180112 37.3391107),android,3.7150560463307025,6.168787554134877,-23.84461112582669
1833,14.003,-6.400000095367432,226.24974,30398139000000,time,2020-03-04T16:02:11.128000-08:00,37.3390996,-121.9180257,4.010078,1583366531.128,1583366531.215,4.715708888901604,POINT (-121.9180257 37.3390996),android,6.669905849530677,-5.252783358175458,8.398789559758354
1834,13.034,-6.400000095367432,226.55234,30399349411101,time,2020-03-04T16:02:12-08:00,37.339063,-121.9180727,3.9252613,1583366532.0,1583366532.459,4.715951111117999,POINT (-121.9180727 37.339063),android,2.0894788714094585,2.0709609617202096,-3.318535298171625
1835,12.105,-6.400000095367432,219.66438,30400122000000,time,2020-03-04T16:02:13.111000-08:00,37.3390478,-121.9180907,3.6971757,1583366533.111,1583366533.212,4.716259722246064,POINT (-121.9180907 37.3390478),android,4.390316626282037,-1.6159319570957864,-2.9277425011288423
1836,11.791,-6.400000095367432,224.40239,30400561000000,time,2020-03-04T16:02:13.550000-08:00,37.339035,-121.9181054,3.3269308,1583366533.55,1583366533.656,4.7163816666603084,POINT (-121.9181054 37.339035),android,3.6809226727992868,-2.9012105967904858,24.281665469669562
1837,11.452,-6.400000095367432,225.96863,30401101635319,time,2020-03-04T16:02:14-08:00,37.3390251,-121.9181194,3.2427397,1583366534.0,1583366534.21,4.7165066666735544,POINT (-121.9181194 37.3390251),android,2.3753777659030666,8.025540022400852,-42.91834375809398
1838,11.113,-6.400000095367432,228.62132,30401830000000,time,2020-03-04T16:02:14.819000-08:00,37.3390138,-121.9181362,2.9444635,1583366534.819,1583366534.951,4.716734166675144,POINT (-121.9181362 37.3390138),android,8.948295090171873,-27.12458376105885,150.45215064844962
1839,10.871,-6.400000095367432,228.16219,30402043371308,time,2020-03-04T16:02:15-08:00,37.3390045,-121.9181503,2.879664,1583366535.0,1583366535.152,4.716784444451332,POINT (-121.9181503 37.3390045),android,4.038745584628335,0.1072546454164165,2.9654425150649404
1840,10.141,-6.400000095367432,228.435,30403082820578,time,2020-03-04T16:02:16-08:00,37.3389806,-121.9181847,3.1205516,1583366536.0,1583366536.18,4.71706222222911,POINT (-121.9181847 37.3389806),android,4.146000230044751,3.072697160481357,-15.786215582762079
1841,10.141,-6.400000095367432,225.21875,30403641000000,time,2020-03-04T16:02:16.630000-08:00,37.3389651,-121.9182069,3.7055519,1583366536.63,1583366536.731,4.717237222260899,POINT (-121.9182069 37.3389651),android,6.08179979279029,-6.872620463247755,19.51947352441892
1842,10.143,-6.400000095367432,231.8082,30404157075786,time,2020-03-04T16:02:17-08:00,37.3389539,-121.9182281,3.8743753,1583366537.0,1583366537.242,4.717340000006888,POINT (-121.9182281 37.3389539),android,3.538931007897615,0.34958250696077686,-1.391938302753382
1843,10.146,-6.400000095367432,235.73982,30404669000000,time,2020-03-04T16:02:17.658000-08:00,37.3389446,-121.9182517,4.017154,1583366537.658,1583366537.772,4.717522777782547,POINT (-121.9182517 37.3389446),android,3.768956294810703,-0.5663128856313021,2.8024634625477733
1844,10.145,-6.400000095367432,225.77661,30405749000000,time,2020-03-04T16:02:18.738000-08:00,37.3389226,-121.9182885,4.6212564,1583366538.738,1583366538.833,4.717822777761353,POINT (-121.9182885 37.3389226),android,3.157338421535141,2.460347440109299,-1.0468498954198593
1845,10.122,-6.400000095367432,223.29874,30406578000000,time,2020-03-04T16:02:19.566000-08:00,37.3389022,-121.9183032,4.7458487,1583366539.566,1583366539.636,4.718052777780427,POINT (-121.9183032 37.3389022),android,5.194506270884292,1.5935556548201775,-7.924375674925209
1846,10.157,-6.400000095367432,221.78816,30407089008337,time,2020-03-04T16:02:20-08:00,37.3388851,-121.9183169,4.7523985,1583366540.0,1583366540.184,4.718173333340221,POINT (-121.9183169 37.3388851),android,5.886109449391979,-1.8456235090137396,4.688463029358973
1847,10.05,-7.599999904632568,220.79282,30407983000000,time,2020-03-04T16:02:20.972000-08:00,37.3388441,-121.918356,4.8570223,1583366540.972,1583366541.103,4.718443333307902,POINT (-121.918356 37.3388441),android,4.09216361336572,2.711562010028635,-12.831381503306588
1848,9.959,-7.599999904632568,224.20891,30408656000000,time,2020-03-04T16:02:21.644000-08:00,37.3388255,-121.9183765,4.6865015,1583366541.644,1583366541.75,4.718630000021722,POINT (-121.9183765 37.3388255),android,5.914333744403537,-5.911128538372091,17.68749676915341
1849,9.961,-7.599999904632568,226.11966,30408994021930,time,2020-03-04T16:02:22-08:00,37.338812,-121.9183932,4.5911756,1583366542.0,1583366542.105,4.718728888895776,POINT (-121.9183932 37.338812),android,3.809972300431395,0.38561936683228515,1.7339863654511816
1850,9.91,-7.599999904632568,221.05226,30410078914221,time,2020-03-04T16:02:23-08:00,37.3387868,-121.9184224,3.9172773,1583366543.0,1583366543.169,4.719006666673554,POINT (-121.9184224 37.3387868),android,4.19559166726368,2.1196057322834667,-10.380489043228664
1851,9.891,-7.599999904632568,225.97403,30410822000000,time,2020-03-04T16:02:23.811000-08:00,37.3387632,-121.9184469,3.8615782,1583366543.811,1583366543.894,4.719231944481532,POINT (-121.9184469 37.3387632),android,5.914592146586716,-6.298972010330041,17.850799901488877
1852,9.88,-7.599999904632568,230.15714,30411243000000,time,2020-03-04T16:02:24.232000-08:00,37.3387511,-121.9184706,3.6353912,1583366544.232,1583366544.349,4.719348888927036,POINT (-121.9184706 37.3387511),android,3.2627249062090975,1.2162148162921733,2.224889417969923
1853,9.782,-7.599999904632568,230.52611,30412077159742,time,2020-03-04T16:02:25-08:00,37.3387395,-121.9184949,3.4813251,1583366545.0,1583366545.201,4.71956222222911,POINT (-121.9184949 37.3387395),android,4.196777748256492,2.9249296389183264,1.0075659828101033
1854,9.819,-7.599999904632568,230.20612,30412608000000,time,2020-03-04T16:02:25.597000-08:00,37.3387258,-121.9185174,3.9192564,1583366545.597,1583366545.709,4.719728055530124,POINT (-121.9185174 37.3387258),android,5.94296040238024,3.5264464134274025,-22.01325146671739
1855,10.034,-7.599999904632568,230.56001,30413001177710,time,2020-03-04T16:02:26-08:00,37.338712,-121.9185382,4.2257667,1583366546.0,1583366546.084,4.719840000006887,POINT (-121.9185382 37.338712),android,7.36411871728741,-5.344896488863355,19.063419729496843
1856,10.034,-7.599999904632568,229.92911,30413386000000,time,2020-03-04T16:02:26.375000-08:00,37.3386962,-121.9185623,4.3343735,1583366546.375,1583366546.476,4.719944166673554,POINT (-121.9185623 37.3386962),android,5.359782533963652,1.8038859096979603,-2.810148356156236
1857,10.008,-7.599999904632568,229.60887,30413869000000,time,2020-03-04T16:02:26.858000-08:00,37.3386813,-121.9185848,4.378413,1583366546.858,1583366547.0,4.720078333351347,POINT (-121.9185848 37.3386813),android,6.231059500601193,0.4465841411159134,-6.560128253693563
1858,10.036,-7.599999904632568,227.20042,30414372000000,time,2020-03-04T16:02:27.360000-08:00,37.3386636,-121.9186123,4.455138,1583366547.36,1583366547.476,4.720217777755526,POINT (-121.9186123 37.3386636),android,6.455244674705216,-2.8465992912919296,9.279525819927231
1859,9.989,-7.599999904632568,228.61234,30415088188647,time,2020-03-04T16:02:28-08:00,37.3386403,-121.9186487,4.509759,1583366548.0,1583366548.198,4.720395555562443,POINT (-121.9186487 37.3386403),android,4.633420829658231,3.092298206922498,-14.122755100332075
1860,9.983,-7.599999904632568,229.69652,30415709000000,time,2020-03-04T16:02:28.698000-08:00,37.3386231,-121.9186782,4.5725107,1583366548.698,1583366548.816,4.720589444438616,POINT (-121.9186782 37.3386231),android,6.791844836535956,-6.765384206620868,15.692017732057845
1861,9.929,-7.599999904632568,230.4381,30416168000000,time,2020-03-04T16:02:29.157000-08:00,37.3386067,-121.9187068,4.639071,1583366549.157,1583366549.268,4.720716944469346,POINT (-121.9187068 37.3386067),android,3.6865327372680916,0.4372536683423003,-0.8394263301514816
1862,9.965,-7.599999904632568,231.02919,30417049000000,time,2020-03-04T16:02:30.038000-08:00,37.3385894,-121.9187364,4.6471295,1583366550.038,1583366550.152,4.720961666703224,POINT (-121.9187364 37.3385894),android,4.071753237425552,-0.3022809637448855,1.3969889049978998
1863,10.004,-7.599999904632568,229.78561,30418085051250,time,2020-03-04T16:02:31-08:00,37.3385678,-121.9187714,4.2438083,1583366551.0,1583366551.168,4.7212288888957765,POINT (-121.9187714 37.3385678),android,3.7809589825900627,1.0416222136485809,-0.6475023921801295
1864,10.013,-7.599999904632568,226.33482,30419039000000,time,2020-03-04T16:02:32.028000-08:00,37.338544,-121.9188036,4.536128,1583366552.028,1583366552.123,4.721514444483651,POINT (-121.9188036 37.338544),android,4.851746739411743,0.3759896791516269,4.867464122771079
1865,9.991,-7.599999904632568,223.45486,30419665000000,time,2020-03-04T16:02:32.653000-08:00,37.3385225,-121.9188247,4.672509,1583366552.653,1583366552.764,4.721688055594762,POINT (-121.9188247 37.3385225),android,5.08674028888151,3.418154755883551,-8.625584711800524
1866,9.986,-4.800000190734863,222.6771,30420739000000,time,2020-03-04T16:02:33.728000-08:00,37.3384854,-121.9188653,4.6693726,1583366553.728,1583366553.831,4.721986666652891,POINT (-121.9188653 37.3384854),android,8.761255999495047,-5.854347164102291,-10.24849549283884
1867,9.97,-4.800000190734863,224.78696,30420997915415,time,2020-03-04T16:02:34-08:00,37.3384713,-121.9188856,4.636703,1583366554.0,1583366554.074,4.72206222222911,POINT (-121.9188856 37.3384713),android,7.1688731353742625,-8.641938700505156,23.4993810196301
1868,9.992,-4.800000190734863,225.6333,30421407000000,time,2020-03-04T16:02:34.396000-08:00,37.3384561,-121.9189114,4.598468,1583366554.396,1583366554.498,4.722172222203678,POINT (-121.9189114 37.3384561),android,3.7466662011673395,0.6638140318357747,5.653189621386592
1869,9.997,-4.800000190734863,224.68103,30422077566404,time,2020-03-04T16:02:35-08:00,37.3384436,-121.9189316,4.555136,1583366555.0,1583366555.175,4.722340000006888,POINT (-121.9189316 37.3384436),android,4.147609937170137,4.0783410807182445,-4.869288837127694
1870,9.991,-4.800000190734863,225.71443,30422667000000,time,2020-03-04T16:02:35.656000-08:00,37.3384299,-121.9189571,4.596058,1583366555.656,1583366555.754,4.72252222220103,POINT (-121.9189571 37.3384299),android,6.8230012738439365,0.884088095796342,-30.431022417992416
1871,9.985,-4.800000190734863,226.89279,30422996500206,time,2020-03-04T16:02:36-08:00,37.3384173,-121.9189784,4.613218,1583366556.0,1583366556.066,4.722617777784666,POINT (-121.9189784 37.3384173),android,7.127127668169882,-9.584186692249206,29.30083431238474
1872,10.027,-4.800000190734863,228.1302,30423381000000,time,2020-03-04T16:02:36.370000-08:00,37.3384029,-121.9190021,4.7261567,1583366556.37,1583366556.487,4.722720555530654,POINT (-121.9190021 37.3384029),android,3.5809796888607983,1.2571186501187706,-3.285790520894761
1873,10.032,-4.800000190734863,228.31494,30424077814008,time,2020-03-04T16:02:37-08:00,37.3383904,-121.9190222,4.765299,1583366557.0,1583366557.16,4.7228955555624434,POINT (-121.9190222 37.3383904),android,4.372964582301436,-0.8129297540738123,6.120182611389005
1874,10.129,-4.800000190734863,231.62209,30425078053382,time,2020-03-04T16:02:38-08:00,37.3383684,-121.9190632,4.648996,1583366558.0,1583366558.162,4.723173333340221,POINT (-121.9190632 37.3383684),android,3.5600348282276237,5.307252857315192,-28.090644795030865
1875,10.132,-4.800000190734863,225.64394,30425711000000,time,2020-03-04T16:02:38.700000-08:00,37.3383549,-121.9190857,4.4817677,1583366558.7,1583366558.796,4.723367777797911,POINT (-121.9190857 37.3383549),android,7.275112081417795,-14.356199838672735,62.37280012492917
1876,10.113,-4.800000190734863,221.6822,30426002326976,time,2020-03-04T16:02:39-08:00,37.3383403,-121.9191022,4.3722124,1583366559.0,1583366559.1,4.723451111117999,POINT (-121.9191022 37.3383403),android,2.9682528143729274,4.355637224639139,-18.966607632032733
1877,10.144,-4.800000190734863,219.17993,30426722000000,time,2020-03-04T16:02:39.711000-08:00,37.3383256,-121.9191173,4.266572,1583366559.711,1583366559.833,4.723648611108462,POINT (-121.9191173 37.3383256),android,6.065110731552418,-9.129620150569338,41.221132422516526
1878,10.213,-4.800000190734863,217.69122,30426994640205,time,2020-03-04T16:02:40-08:00,37.3383133,-121.9191297,4.2007446,1583366560.0,1583366560.069,4.723728888895777,POINT (-121.9191297 37.3383133),android,3.4266501945972467,2.7832885347532077,-11.58551901617471
1879,10.21,-4.800000190734863,217.24416,30427663000000,time,2020-03-04T16:02:40.652000-08:00,37.3382969,-121.9191443,3.9591985,1583366560.652,1583366560.799,4.723909999993112,POINT (-121.9191443 37.3382969),android,5.241354181230097,-4.770469289254482,35.888545297254105
1880,10.182,-4.800000190734863,216.60167,30427996593277,time,2020-03-04T16:02:41-08:00,37.3382835,-121.9191562,3.8436437,1583366561.0,1583366561.111,4.724006666673555,POINT (-121.9191562 37.3382835),android,3.5812306319968874,7.7187462539411085,-34.15464983104085
1881,10.128,-4.800000190734863,222.75305,30428750000000,time,2020-03-04T16:02:41.739000-08:00,37.3382696,-121.9191805,4.173191,1583366561.739,1583366561.847,4.724211944474114,POINT (-121.9191805 37.3382696),android,9.285384746719991,-17.521542772425537,61.30027189583047
1882,10.04,-4.800000190734863,225.14346,30428995519683,time,2020-03-04T16:02:42-08:00,37.3382575,-121.9192033,4.395286,1583366562.0,1583366562.09,4.724284444451332,POINT (-121.9192033 37.3382575),android,4.712263520163624,-1.5221768352163463,8.119517667487328
1883,9.986,-4.800000190734863,230.70987,30429973000000,time,2020-03-04T16:02:42.962000-08:00,37.338234,-121.9192452,4.4947305,1583366562.962,1583366563.079,4.724551666643884,POINT (-121.9192452 37.338234),android,3.247929567271526,6.288798293648411,-25.082802693278357
1884,10.028,-4.800000190734863,230.2389,30430741000000,time,2020-03-04T16:02:43.730000-08:00,37.3382226,-121.9192695,4.4484715,1583366563.73,1583366563.845,4.7247650000121855,POINT (-121.9192695 37.3382226),android,8.07772744845894,-12.974797332338229,40.64362844367747
1885,10.084,-4.800000190734863,229.38036,30430996390151,time,2020-03-04T16:02:44-08:00,37.3382109,-121.9192893,4.4121065,1583366564.0,1583366564.077,4.724840000006887,POINT (-121.9192893 37.3382109),android,4.5745324162022385,-2.0010184277610037,8.470253611078078
1886,9.978,-5.5,228.42145,30432077296661,time,2020-03-04T16:02:45-08:00,37.3381849,-121.9193294,4.015827,1583366565.0,1583366565.16,4.725117777784665,POINT (-121.9193294 37.3381849),android,2.573513988441235,6.469235183317076,-27.868570899971207
1887,9.991,-5.5,227.42996,30432788000000,time,2020-03-04T16:02:45.777000-08:00,37.3381726,-121.9193459,3.5158434,1583366565.777,1583366565.882,4.725333611104223,POINT (-121.9193459 37.3381726),android,7.6001094050623434,-15.184643023928457,60.68163378103701
1888,10.086,-5.5,227.25987,30433003841765,time,2020-03-04T16:02:46-08:00,37.3381617,-121.9193593,3.3590343,1583366566.0,1583366566.108,4.725395555562443,POINT (-121.9193593 37.3381617),android,4.213933257703687,-1.6526356814903926,7.9603315100465535
1889,10.314,-5.5,226.87418,30433501000000,time,2020-03-04T16:02:46.490000-08:00,37.3381488,-121.9193761,3.58576,1583366566.49,1583366566.592,4.725531666676203,POINT (-121.9193761 37.3381488),android,3.4041417580126323,2.2479268343480556,-1.5158980625207361
1890,10.553,-5.5,226.14807,30434067000000,time,2020-03-04T16:02:47.056000-08:00,37.3381367,-121.9193917,3.690695,1583366567.056,1583366567.149,4.7256888888941875,POINT (-121.9193917 37.3381367),android,4.67646831195299,1.3899285540920878,-12.886994894424655
1891,10.731,-5.5,227.83908,30434619000000,time,2020-03-04T16:02:47.607000-08:00,37.3381215,-121.9194137,3.8433404,1583366567.607,1583366567.717,4.725841944482592,POINT (-121.9194137 37.3381215),android,5.442319109624587,-5.710807156695407,27.432213101619084
1892,10.886,-5.5,228.53003,30434994670462,time,2020-03-04T16:02:48-08:00,37.3381092,-121.9194323,3.8990743,1583366568.0,1583366568.072,4.725951111117999,POINT (-121.9194323 37.3381092),android,3.1979725397008054,5.070049505196039,-21.695560808197268
1893,10.89,-5.5,224.9562,30435745000000,time,2020-03-04T16:02:48.734000-08:00,37.3380955,-121.9194525,3.695079,1583366568.734,1583366568.852,4.726154999997881,POINT (-121.9194525 37.3380955),android,6.919388712118714,-10.854491424543784,44.04146911527898
1894,10.923,-5.5,221.7739,30435996821503,time,2020-03-04T16:02:49-08:00,37.3380837,-121.9194671,3.577987,1583366569.0,1583366569.066,4.726228888895776,POINT (-121.9194671 37.3380837),android,4.032093641233978,0.8605407881618342,-5.710315120598188
1895,11.015,-5.5,224.58511,30436586000000,time,2020-03-04T16:02:49.575000-08:00,37.3380705,-121.9194874,3.60015,1583366569.575,1583366569.666,4.726388611131244,POINT (-121.9194874 37.3380705),android,4.526904635460815,-2.422890678471167,3.902357373520376
1896,11.297,-5.5,227.01213,30436995439315,time,2020-03-04T16:02:50-08:00,37.3380599,-121.9195046,3.600128,1583366570.0,1583366570.108,4.726506666673554,POINT (-121.9195046 37.3380599),android,3.4971762126429993,-0.7643889808039073,2.31982675627933
1897,11.026,-5.5,224.88919,30437958000000,time,2020-03-04T16:02:50.946000-08:00,37.3380418,-121.9195343,2.9267914,1583366570.946,1583366571.046,4.726769444478883,POINT (-121.9195343 37.3380418),android,2.7740641609887766,1.4301673607216956,-12.38807103018184
1898,10.775,-5.5,223.45035,30438422000000,time,2020-03-04T16:02:51.410000-08:00,37.338036,-121.9195469,2.469519,1583366571.41,1583366571.497,4.726898333364063,POINT (-121.9195469 37.338036),android,3.437661797268849,-4.317897431884085,8.044212781255602
1899,10.467,-5.5,213.45593,30439346568012,time,2020-03-04T16:02:52-08:00,37.3380227,-121.9195626,2.2878127,1583366572.0,1583366572.429,4.72706222222911,POINT (-121.9195626 37.3380227),android,0.8901026830653479,0.4281874186163984,5.330015241665475
1900,10.579,-5.5,193.58679,30440019313064,time,2020-03-04T16:02:53-08:00,37.3380155,-121.919567,2.072245,1583366573.0,1583366573.153,4.727340000006888,POINT (-121.919567 37.3380155),android,1.3182901016817463,5.758202660281873,-27.478233067970976
1901,10.777,-5.5,165.57063,30440826000000,time,2020-03-04T16:02:53.814000-08:00,37.3380073,-121.9195606,1.7128887,1583366573.814,1583366573.92,4.727566111087799,POINT (-121.9195606 37.3380073),android,6.0054664411258925,-16.609076069643994,94.83680731063914
1902,10.961,-5.5,151.89336,30441077834313,time,2020-03-04T16:02:54-08:00,37.3380005,-121.9195513,1.6748435,1583366574.0,1583366574.168,4.7276177777846655,POINT (-121.9195513 37.3380005),android,2.9161764864520934,1.0305804006856094,-1.9260269933486114
1903,11.134,-5.5,117.82741,30441666000000,time,2020-03-04T16:02:54.655000-08:00,37.3379942,-121.9195312,1.4462407,1583366574.655,1583366574.736,4.727799722221163,POINT (-121.9195312 37.3379942),android,3.5912066194160257,-0.23096722485365664,-0.21268344178723828
1904,11.317,-5.5,98.57449,30442059000000,time,2020-03-04T16:02:55.047000-08:00,37.3379913,-121.9195157,1.48522,1583366575.047,1583366575.153,4.7279086110989255,POINT (-121.9195157 37.3379913),android,3.5006674765246277,-0.31433912551536314,-4.660271643140982
1905,11.116,-5.5,86.44662,30442553000000,time,2020-03-04T16:02:55.542000-08:00,37.3379912,-121.9194961,1.3519858,1583366575.542,1583366575.627,4.728046111133364,POINT (-121.9194961 37.3379912),android,3.3450695704234934,-2.6211741666397277,3.226032398808844
1906,10.95,-6.300000190734863,85.23541,30443066942906,time,2020-03-04T16:02:56-08:00,37.337992,-121.9194788,1.3354042,1583366576.0,1583366576.183,4.728173333340221,POINT (-121.9194788 37.337992),android,2.144571947087794,-1.143651506427163,0.34967683365805485
1907,10.661,-6.300000190734863,78.27243,30443569000000,time,2020-03-04T16:02:56.558000-08:00,37.337994,-121.9194655,1.1548262,1583366576.558,1583366576.667,4.728328333364592,POINT (-121.9194655 37.337994),android,1.5064143061596986,-0.9485318025660094,5.431381018916088
1908,10.527,-6.300000190734863,71.31037,30444088384208,time,2020-03-04T16:02:57-08:00,37.3379964,-121.9194586,0.9893037,1583366577.0,1583366577.199,4.728451111117999,POINT (-121.9194586 37.3379964),android,1.087163332647841,1.4521381312561923,-7.483068454165493
1909,10.134,-6.300000190734863,60.98764,30444707000000,time,2020-03-04T16:02:57.696000-08:00,37.3380002,-121.9194515,0.87283623,1583366577.696,1583366577.795,4.728644444478883,POINT (-121.9194515 37.3380002),android,2.097851616028302,-3.756078255029651,10.657955496117818
1910,9.951,-6.300000190734863,58.841442,30445006213322,time,2020-03-04T16:02:58-08:00,37.3380035,-121.9194456,0.8753878,1583366578.0,1583366578.081,4.728728888895777,POINT (-121.9194456 37.3380035),android,0.9560041990351259,-0.5160608412885501,0.9746918557003704
1911,9.346,-6.300000190734863,62.043457,30446074953686,time,2020-03-04T16:02:59-08:00,37.3380073,-121.9194359,0.86062366,1583366579.0,1583366579.166,4.729006666673555,POINT (-121.9194359 37.3380073),android,0.4399433577465758,0.4586310144118203,-3.2431627553643723
1912,9.018,-6.300000190734863,66.98296,30447097746134,time,2020-03-04T16:03:00-08:00,37.3380086,-121.9194312,0.7252391,1583366580.0,1583366580.201,4.7292844444513324,POINT (-121.9194312 37.3380086),android,0.8985743721583961,-2.784531740952552,9.107887986095829
1913,8.988,-6.599999904632568,69.36871,30447313000000,time,2020-03-04T16:03:00.302000-08:00,37.3380096,-121.9194284,0.62013084,1583366580.302,1583366581.081,4.729368333352936,POINT (-121.9194284 37.3380096),android,0.05764565892497794,-0.03394915222558704,0.019993611979282663
1914,9.276,-6.599999904632568,71.10805,30449079360560,time,2020-03-04T16:03:02-08:00,37.3380095,-121.9194273,0.5370773,1583366582.0,1583366582.183,4.729840000006888,POINT (-121.9194273 37.3380095),android,0.0,0.0,0.0
