,filter,floor,longitude,sensed_speed,ts,bearing,latitude,vaccuracy,fmt_time,accuracy,altitude,write_ts,hr,geometry,source,speed,acceleration,jerk
0,distance,0,-122.39583120692744,0.27000001072883606,1575426214.9955425,249.9609375,37.77594782881231,4.0,2019-12-03T18:23:34.995543-08:00,10.0,7.626338958740234,1575426215.1103191,10.173290977080663,POINT (-122.39583120692744 37.77594782881231),ios,1.5772609916801352,-0.04405986681500664,-0.5883185666284946
1,distance,0,-122.39584704872443,0.6399999856948853,1575426215.9955144,249.9609375,37.775954492425335,4.0,2019-12-03T18:23:35.995514-08:00,10.0,6.693386077880859,1575426216.115766,10.17356874704361,POINT (-122.39584704872443 37.775954492425335),ios,1.5332023644186479,-0.6323618820464488,0.6823200117802646
2,distance,0,-122.3958612141408,0.6499999761581421,1575426216.9954872,246.4453125,37.77596253905238,4.0,2019-12-03T18:23:36.995487-08:00,10.0,7.000789642333984,1575426217.1282868,10.173846517271466,POINT (-122.3958612141408 37.77596253905238),ios,0.9008576697898382,0.04993958446829786,0.39508778474526973
3,distance,0,-122.39587638538553,0.6499999761581421,1575426218.9954333,247.5,37.7759734355265,4.0,2019-12-03T18:23:38.995433-08:00,10.0,6.440608978271484,1575426219.113194,10.174402057859632,POINT (-122.39587638538553 37.7759734355265),ios,1.000734147851836,0.8400938656022107,0.12245420549863259
4,distance,0,-122.39592642534747,0.5400000214576721,1575426223.9952965,227.109375,37.77595197785438,4.0,2019-12-03T18:23:43.995296-08:00,10.0,6.576473236083984,1575426224.108846,10.175790908734003,POINT (-122.39592642534747 37.77595197785438),ios,5.201088507115069,1.4523481349600653,-1.207790758472604
5,distance,0,-122.39596556883528,3.0999999046325684,1575426224.9952695,224.6484375,37.77591689958961,4.0,2019-12-03T18:23:44.995270-08:00,10.0,6.264339447021484,1575426225.105104,10.176068679028088,POINT (-122.39596556883528 37.77591689958961),ios,6.653397513929142,0.24458991593994428,-0.5333336993720491
6,distance,0,-122.39601627934947,4.25,1575426225.9952424,225.703125,37.7758724755028,4.0,2019-12-03T18:23:45.995242-08:00,10.0,6.307247161865234,1575426226.109513,10.176346449255943,POINT (-122.39601627934947 37.7758724755028),ios,6.897980781984141,-0.28872928757254673,-0.14677127873744075
7,distance,0,-122.39606489438786,4.389999866485596,1575426226.995215,223.59375,37.775823776645375,4.0,2019-12-03T18:23:46.995215-08:00,10.0,6.313747406005859,1575426227.105752,10.176624219417572,POINT (-122.39606489438786 37.775823776645375),ios,6.60925941083064,-0.4354965421150186,0.36974454212980334
8,distance,0,-122.3961144314356,4.389999866485596,1575426227.9951882,223.59375,37.775779059191954,4.0,2019-12-03T18:23:47.995188-08:00,10.0,6.179164886474609,1575426228.149508,10.176901989777884,POINT (-122.3961144314356 37.775779059191954),ios,6.1737744977279005,-0.06576187322967217,-1.0028661620115382
9,distance,0,-122.39616572868302,4.389999866485596,1575426228.9951596,225.3515625,37.7757411310801,4.0,2019-12-03T18:23:48.995160-08:00,10.0,5.962215423583984,1575426229.143161,10.177179759608375,POINT (-122.39616572868302 37.7757411310801),ios,6.108014505960513,-1.0685993430101652,1.3909011049171098
10,distance,0,-122.39621543336882,4.519999980926514,1575426229.9951324,226.0546875,37.77570274196358,4.0,2019-12-03T18:23:49.995132-08:00,10.0,5.992824554443359,1575426230.1563048,10.17745752983623,POINT (-122.39621543336882 37.77570274196358),ios,5.039444207179165,0.32226395760712256,-0.8553122404972069
11,distance,0,-122.39625683997049,4.429999828338623,1575426230.9951055,225.703125,37.775671393645716,4.0,2019-12-03T18:23:50.995106-08:00,10.0,6.055660247802734,1575426231.118027,10.177735300130314,POINT (-122.39625683997049 37.775671393645716),ios,5.361699482576507,-0.5330252396668997,0.1944853240142877
12,distance,0,-122.39629858184828,4.480000019073486,1575426231.9950783,223.9453125,37.77563623156191,4.0,2019-12-03T18:23:51.995078-08:00,10.0,5.964015960693359,1575426232.114928,10.17801307035817,POINT (-122.39629858184828 37.77563623156191),ios,4.828688730385318,-0.3385452017088773,0.7113091393655224
13,distance,0,-122.39633462403192,4.429999828338623,1575426232.9950519,220.78125,37.77560345832051,4.0,2019-12-03T18:23:52.995052-08:00,10.0,5.873897552490234,1575426233.112584,10.178290840784708,POINT (-122.39633462403192 37.77560345832051),ios,4.490152488093162,0.3727451132427568,-1.229238860171617
14,distance,0,-122.39636588853075,4.170000076293945,1575426233.9950244,222.5390625,37.77557152326943,4.0,2019-12-03T18:23:53.995024-08:00,10.0,5.984798431396484,1575426234.107471,10.178568610946337,POINT (-122.39636588853075 37.77557152326943),ios,4.862887381359488,-0.8564600434898823,0.41924201885105766
15,distance,0,-122.39640109252407,4.170000076293945,1575426234.9949975,220.78125,37.77553778610916,4.0,2019-12-03T18:23:54.994998-08:00,10.0,5.753200531005859,1575426235.1389508,10.17884638124042,POINT (-122.39640109252407 37.77553778610916),ios,4.006450412016094,-0.4372293195635916,0.8537543640047061
16,distance,0,-122.39643042918517,4.03000020980835,1575426235.9949703,222.5390625,37.77551020964773,4.0,2019-12-03T18:23:55.994970-08:00,10.0,5.782619476318359,1575426236.114882,10.179124151468278,POINT (-122.39643042918517 37.77551020964773),ios,3.5692329762221173,0.41650183963824455,0.7224916130021198
17,distance,0,-122.39645767037048,4.03000020980835,1575426236.994943,216.2109375,37.77548640504272,4.0,2019-12-03T18:23:56.994943-08:00,10.0,5.884304046630859,1575426237.111659,10.179401921629905,POINT (-122.39645767037048 37.77548640504272),ios,3.98572339615603,1.138973643266629,-2.6483726195821
18,distance,0,-122.39648885105028,4.0,1575426237.9949155,219.0234375,37.77546037923337,4.0,2019-12-03T18:23:57.994915-08:00,10.0,5.706630706787109,1575426238.113348,10.179679691791534,POINT (-122.39648885105028 37.77546037923337),ios,5.124665810887728,-1.5093263628732285,1.3349709430453143
19,distance,0,-122.39652799453809,4.0,1575426238.9948878,217.96875,37.77542622297795,4.0,2019-12-03T18:23:58.994888-08:00,10.0,5.759304046630859,1575426239.119627,10.179957461886936,POINT (-122.39652799453809 37.77542622297795),ios,3.6153811907823323,-0.1743923405254586,0.6798542057057007
20,distance,0,-122.39655221823826,4.0,1575426239.9948606,217.265625,37.775399945711506,4.0,2019-12-03T18:23:59.994861-08:00,10.0,5.616725921630859,1575426240.112311,10.180235232114791,POINT (-122.39655221823826 37.775399945711506),ios,3.4409935901915136,0.5054433869346379,-0.46262296211984505
21,distance,0,-122.39658121962323,4.050000190734863,1575426240.9948337,220.4296875,37.77537915859164,4.0,2019-12-03T18:24:00.994834-08:00,10.0,5.460628509521484,1575426241.121344,10.180513002408876,POINT (-122.39658121962323 37.77537915859164),ios,3.946423359824515,0.04283288847854237,0.4617800497673365
22,distance,0,-122.39661558542623,4.050000190734863,1575426241.9948065,221.484375,37.7753563179055,4.0,2019-12-03T18:24:01.994807-08:00,10.0,5.303188323974609,1575426242.1113591,10.180790772636731,POINT (-122.39661558542623 37.7753563179055),ios,3.9892550841172265,0.5046003871943401,-0.8230124530493139
23,distance,0,-122.3966498674102,4.019999980926514,1575426242.9947786,222.890625,37.7753328066671,4.0,2019-12-03T18:24:02.994779-08:00,10.0,5.304225921630859,1575426243.1325378,10.181068542665905,POINT (-122.3966498674102 37.7753328066671),ios,4.493841395497009,-0.3183891079441961,0.2506816326152863
24,distance,0,-122.396686328689,3.9800000190734863,1575426243.9947517,222.890625,37.77530447583438,4.0,2019-12-03T18:24:03.994752-08:00,10.0,5.178676605224609,1575426244.1111732,10.181346312959988,POINT (-122.396686328689 37.77530447583438),ios,4.175460865369108,-0.0677142290178378,0.22351663143817807
25,distance,0,-122.39672010775878,3.9700000286102295,1575426244.9947248,222.890625,37.77527807283939,4.0,2019-12-03T18:24:04.994725-08:00,10.0,5.027889251708984,1575426245.1099238,10.181624083254073,POINT (-122.39672010775878 37.77527807283939),ios,4.1077484606605905,0.15579638059184323,-0.25092318420359644
26,distance,0,-122.39675749104693,3.8399999141693115,1575426245.9946976,231.6796875,37.7752559027055,4.0,2019-12-03T18:24:05.994698-08:00,10.0,5.281093597412109,1575426246.0987601,10.181901853481929,POINT (-122.39675749104693 37.7752559027055),ios,4.263540606750741,-0.09511998359036246,0.01962634970785585
27,distance,0,-122.39679378468766,3.940000057220459,1575426246.9946709,232.734375,37.77523046362938,4.0,2019-12-03T18:24:06.994671-08:00,10.0,5.238552093505859,1575426247.1075501,10.18217962384224,POINT (-122.39679378468766 37.77523046362938),ios,4.168423163137968,-0.07549415796258456,-0.003918528477580508
28,distance,0,-122.39682781521454,3.9100000858306885,1575426247.9946432,231.328125,37.775204354001,4.0,2019-12-03T18:24:07.994643-08:00,10.0,5.283473968505859,1575426248.100559,10.182457393937641,POINT (-122.39682781521454 37.775204354001),ios,4.092931093083728,-0.07941257806716602,0.11754661079522644
29,distance,0,-122.3968610075511,3.9100000858306885,1575426248.9946165,230.9765625,37.77517853773923,4.0,2019-12-03T18:24:08.994617-08:00,10.0,5.304500579833984,1575426249.1000562,10.182735164297952,POINT (-122.3968610075511 37.77517853773923),ios,4.013520635561173,0.03813089389491693,0.10037809491326856
30,distance,0,-122.39689126622154,3.8399999141693115,1575426249.9945881,230.2734375,37.7751515061015,4.0,2019-12-03T18:24:09.994588-08:00,10.0,5.426143646240234,1575426250.130618,10.183012934194672,POINT (-122.39689126622154 37.7751515061015),ios,4.051650447613579,0.1385061408998568,-0.9794312600059427
31,distance,0,-122.39692303363456,3.819999933242798,1575426250.9945617,229.921875,37.77512510310651,4.0,2019-12-03T18:24:10.994562-08:00,10.0,5.712551116943359,1575426251.1331449,10.183290704621209,POINT (-122.39692303363456 37.77512510310651),ios,4.190152923022894,-0.8408991989844493,1.0101093714176586
32,distance,0,-122.39695488486662,3.940000057220459,1575426251.9945335,227.109375,37.7750970656404,4.0,2019-12-03T18:24:11.994534-08:00,10.0,5.883815765380859,1575426252.133846,10.183568474584156,POINT (-122.39695488486662 37.7750970656404),ios,3.349277381385523,0.16918175462996296,-0.00741990186497718
33,distance,0,-122.39698003057613,3.819999933242798,1575426252.9945066,228.1640625,37.77507443450184,4.0,2019-12-03T18:24:12.994507-08:00,10.0,5.985073089599609,1575426253.143347,10.18384624487824,POINT (-122.39698003057613 37.77507443450184),ios,3.518454578039175,0.16176205266678373,0.6666871838766592
34,distance,0,-122.39700383518114,3.549999952316284,1575426253.9944797,207.421875,37.77504899542571,4.0,2019-12-03T18:24:13.994480-08:00,10.0,5.788234710693359,1575426254.1122909,10.184124015172323,POINT (-122.39700383518114 37.77504899542571),ios,3.68021227262606,0.8284312751243903,-2.6454621864194525
35,distance,0,-122.3970251252152,3.5299999713897705,1575426254.9944525,209.1796875,37.77502049695493,4.0,2019-12-03T18:24:14.994452-08:00,10.0,5.796016693115234,1575426255.1022801,10.184401785400178,POINT (-122.3970251252152 37.77502049695493),ios,4.508621031221995,-1.8169590083788092,1.7016623971888594
36,distance,0,-122.39705412660017,4.25,1575426255.9944243,209.8828125,37.774987053161276,4.0,2019-12-03T18:24:15.994424-08:00,10.0,5.775508880615234,1575426256.1318932,10.184679555363125,POINT (-122.39705412660017 37.774987053161276),ios,2.6917131400638237,-0.11534448472578986,0.1558000867119943
37,distance,0,-122.397069549302,4.25,1575426256.994397,209.1796875,37.77496614031286,4.0,2019-12-03T18:24:16.994397-08:00,10.0,5.804500579833984,1575426257.1308398,10.184957325524755,POINT (-122.397069549302 37.77496614031286),ios,2.5763718178688717,0.04045133023814519,0.447709715286759
38,distance,0,-122.39708371471836,3.009999990463257,1575426257.9943705,207.7734375,37.77494585610719,4.0,2019-12-03T18:24:17.994370-08:00,10.0,5.640377044677734,1575426258.128695,10.185235095951292,POINT (-122.39708371471836 37.77494585610719),ios,2.6168220775843136,0.48814919712803145,-0.3040176357752185
39,distance,0,-122.39709662284925,2.950000047683716,1575426258.9943433,207.421875,37.774924649892164,4.0,2019-12-03T18:24:18.994343-08:00,10.0,5.592525482177734,1575426259.137588,10.185512866179149,POINT (-122.39709662284925 37.774924649892164),ios,3.1049580069548166,0.18413982446642568,-0.2972222504817315
40,distance,0,-122.3971131351985,2.950000047683716,1575426259.994316,207.421875,37.77489996518732,4.0,2019-12-03T18:24:19.994316-08:00,10.0,5.535213470458984,1575426260.0912828,10.185790636407004,POINT (-122.3971131351985 37.77489996518732),ios,3.2890928265527375,-0.11307434759834914,0.24544866660163728
41,distance,0,-122.39713258121385,3.6500000953674316,1575426260.994289,209.1796875,37.77487469374926,4.0,2019-12-03T18:24:20.994289-08:00,10.0,5.404659271240234,1575426261.104838,10.18606840663486,POINT (-122.39713258121385 37.77487469374926),ios,3.176021552283271,0.13236764777774213,-0.05703178405226603
42,distance,0,-122.3971546256192,3.680000066757202,1575426261.9942608,213.75,37.7748520626107,4.0,2019-12-03T18:24:21.994261-08:00,10.0,5.331874847412109,1575426262.133481,10.186346176597807,POINT (-122.3971546256192 37.7748520626107),ios,3.308385476110046,0.07533746822303235,0.47631664686371367
43,distance,0,-122.39716988068297,3.680000066757202,1575426262.994234,203.203125,37.774824863334906,4.0,2019-12-03T18:24:22.994234-08:00,10.0,5.354366302490234,1575426263.125673,10.186623946958118,POINT (-122.39716988068297 37.774824863334906),ios,3.38372093260564,0.5516413960600735,-0.44963862248466974
44,distance,0,-122.39718379464223,3.680000066757202,1575426263.994207,203.203125,37.77479649059267,4.0,2019-12-03T18:24:23.994207-08:00,10.0,5.331264495849609,1575426264.1332731,10.186901717185973,POINT (-122.39718379464223 37.77479649059267),ios,3.935347335208122,0.10201499462637266,-0.6558212807858822
45,distance,0,-122.39720374357178,3.7200000286102295,1575426264.9941792,202.5,37.77476480699868,4.0,2019-12-03T18:24:24.994179-08:00,10.0,5.252529144287109,1575426265.1212912,10.187179487281375,POINT (-122.39720374357178 37.77476480699868),ios,4.037359508451167,-0.553788148402072,0.603047445280064
46,distance,0,-122.39722645852937,3.950000047683716,1575426265.9941525,204.2578125,37.77473324913324,4.0,2019-12-03T18:24:25.994153-08:00,10.0,5.149288177490234,1575426266.129832,10.187457257641686,POINT (-122.39722645852937 37.77473324913324),ios,3.483586147788043,0.04924319377390822,0.11803264558099458
47,distance,0,-122.39724565308764,3.950000047683716,1575426266.9941247,204.609375,37.77470584030987,4.0,2019-12-03T18:24:26.994125-08:00,10.0,5.024898529052734,1575426267.133469,10.187735027670861,POINT (-122.39724565308764 37.77470584030987),ios,3.5328279679243533,0.1672725468373521,-0.4482996410133873
48,distance,0,-122.39726694312169,3.680000066757202,1575426267.9940977,210.5859375,37.774678892491174,4.0,2019-12-03T18:24:27.994098-08:00,10.0,4.971157073974609,1575426268.12275,10.188012797964944,POINT (-122.39726694312169 37.774678892491174),ios,3.700096008221933,-0.2810150164011685,1.8570168717564592
49,distance,0,-122.39729058008864,3.5899999141693115,1575426268.9940705,211.2890625,37.774651357939256,4.0,2019-12-03T18:24:28.994071-08:00,10.0,4.867153167724609,1575426269.1309109,10.1882905681928,POINT (-122.39729058008864 37.774651357939256),ios,3.419088629729669,1.5759513821603626,-1.221331455143393
50,distance,0,-122.39731195394172,3.4000000953674316,1575426269.9940438,212.6953125,37.774625667406035,4.0,2019-12-03T18:24:29.994044-08:00,10.0,4.906520843505859,1575426270.112784,10.188568338553111,POINT (-122.39731195394172 37.774625667406035),ios,4.994997929448034,0.35465254008530633,0.9737746853874972
51,distance,0,-122.39735076215341,4.150000095367432,1575426270.994016,212.6953125,37.77459285225512,4.0,2019-12-03T18:24:30.994016-08:00,10.0,4.880580902099609,1575426271.124539,10.188846108582284,POINT (-122.39735076215341 37.77459285225512),ios,5.349640576510042,1.3284000620535115,-0.8466218538300482
52,distance,0,-122.39739904191568,4.760000228881836,1575426271.9939888,233.0859375,37.774563557503534,4.0,2019-12-03T18:24:31.993989-08:00,10.0,4.845943450927734,1575426272.1240869,10.189123878810141,POINT (-122.39739904191568 37.774563557503534),ios,6.678004533024453,0.4818012191667179,-1.4925684620798536
53,distance,0,-122.3974654265888,4.75,1575426272.9939616,241.171875,37.77453434657098,4.0,2019-12-03T18:24:32.993962-08:00,10.0,4.830196380615234,1575426273.115989,10.189401649037997,POINT (-122.3974654265888 37.77453434657098),ios,7.159792656969893,-1.0107266753232143,4.482174577187699
54,distance,0,-122.39752653066292,4.760000228881836,1575426273.9939346,229.21875,37.77449176650287,4.0,2019-12-03T18:24:33.993935-08:00,10.0,4.876735687255859,1575426274.1114678,10.18967941933208,POINT (-122.39752653066292 37.77449176650287),ios,6.149093211936689,3.471327146257066,-6.0539828467433034
55,distance,0,-122.39758260559513,4.78000020980835,1575426274.993909,241.5234375,37.77445869989486,4.0,2019-12-03T18:24:34.993909-08:00,10.0,5.082180023193359,1575426275.098184,10.189957189957301,POINT (-122.39758260559513 37.77445869989486),ios,9.620330974274088,-2.582499815231509,1.0360712495007998
56,distance,0,-122.39766852010264,5.21999979019165,1575426275.9938793,233.0859375,37.774405097624076,4.0,2019-12-03T18:24:35.993879-08:00,10.0,5.119686126708984,1575426276.1348119,10.190234959522883,POINT (-122.39766852010264 37.774405097624076),ios,7.037907507818702,-1.5464591960414682,1.2721281668243611
57,distance,0,-122.39771671604588,5.309999942779541,1575426276.993853,228.8671875,37.77435455474795,4.0,2019-12-03T18:24:36.993853-08:00,10.0,4.955440521240234,1575426277.1120172,10.190512730015648,POINT (-122.39771671604588 37.77435455474795),ios,5.491488869283692,-0.2743643921060038,0.5048422696327796
58,distance,0,-122.39775460224821,5.21999979019165,1575426277.9938254,226.7578125,37.77431528553159,4.0,2019-12-03T18:24:37.993825-08:00,10.0,5.018550872802734,1575426278.1194649,10.19079050011105,POINT (-122.39775460224821 37.77431528553159),ios,5.217132065151636,0.2304639153286906,-0.2428018950064925
59,distance,0,-122.39780514512434,5.309999942779541,1575426278.9937983,224.6484375,37.774290684645784,4.0,2019-12-03T18:24:38.993798-08:00,10.0,4.793544769287109,1575426279.119968,10.191068270338906,POINT (-122.39780514512434 37.774290684645784),ios,5.447589716536095,-0.01233138039076149,-3.1500131271019938
60,distance,0,-122.3978534248866,5.309999942779541,1575426279.9937706,227.8125,37.77425996497066,4.0,2019-12-03T18:24:39.993771-08:00,10.0,4.753383636474609,1575426280.163702,10.191346040434308,POINT (-122.3978534248866 37.77425996497066),ios,5.435258677188836,-3.162257388980901,5.465488230580685
61,distance,0,-122.3978898861654,5.230000019073486,1575426280.993744,221.1328125,37.77422048620672,4.0,2019-12-03T18:24:40.993744-08:00,10.0,4.838466644287109,1575426281.1143122,10.191623810794619,POINT (-122.3978898861654 37.77422048620672),ios,2.2730857295902394,2.303084897318725,-2.124072111630963
62,distance,0,-122.39789709460213,3.5199999809265137,1575426282.9936888,209.1796875,37.774180001614404,4.0,2019-12-03T18:24:42.993689-08:00,10.0,4.921749114990234,1575426283.111664,10.192179351051648,POINT (-122.39789709460213 37.774180001614404),ios,6.879128682536843,-1.9449423433263506,0.20465105000136516
63,distance,0,-122.39797135826423,3.5199999809265137,1575426283.993663,229.5703125,37.774160471780014,4.0,2019-12-03T18:24:43.993663-08:00,10.0,4.916103363037109,1575426284.286604,10.192457121676869,POINT (-122.39797135826423 37.774160471780014),ios,4.9342364199326045,-1.7402965629271412,8.523483561156475
64,distance,0,-122.39801678817942,4.130000114440918,1575426284.993635,233.0859375,37.77413440406115,4.0,2019-12-03T18:24:44.993635-08:00,10.0,4.917079925537109,1575426285.11275,10.192734891639816,POINT (-122.39801678817942 37.77413440406115),ios,3.1939888174514457,6.782947203722257,-9.957554110916474
65,distance,0,-122.39804419700279,4.630000114440918,1575426285.9936075,226.40625,37.774115544779015,4.0,2019-12-03T18:24:45.993608-08:00,10.0,4.989650726318359,1575426286.107158,10.193012661801443,POINT (-122.39804419700279 37.774115544779015),ios,9.976750045400744,-3.1743338896154367,2.038473296761494
66,distance,0,-122.39813421864285,5.460000038146973,1575426286.9935808,228.1640625,37.77406089477034,4.0,2019-12-03T18:24:46.993581-08:00,10.0,4.905696868896484,1575426287.107924,10.193290432161755,POINT (-122.39813421864285 37.77406089477034),ios,6.802500919644969,-1.1359150259635216,0.4932536492923833
67,distance,0,-122.3981972505547,5.460000038146973,1575426287.9935534,233.7890625,37.774025397410405,4.0,2019-12-03T18:24:47.993553-08:00,10.0,4.875820159912109,1575426288.1039329,10.193568202323384,POINT (-122.3981972505547 37.774025397410405),ios,5.666617038354792,-0.6426749007670713,8.54873152190479
68,distance,0,-122.39824661996438,5.460000038146973,1575426288.9935267,231.6796875,37.773992624169004,4.0,2019-12-03T18:24:48.993527-08:00,10.0,4.840419769287109,1575426289.1031551,10.193845972683695,POINT (-122.39824661996438 37.773992624169004),ios,5.023959298859027,7.90582834537839,-17.10400584823803
69,distance,0,-122.39829590555503,5.489999771118164,1575426289.9934988,231.6796875,37.773969741573346,4.0,2019-12-03T18:24:49.993499-08:00,10.0,4.854488372802734,1575426290.110886,10.194123742712868,POINT (-122.39829590555503 37.773969741573346),ios,12.929567111363212,-9.197700387065401,9.286155660852618
70,distance,0,-122.39836153585686,5.789999961853027,1575426290.9934714,225.703125,37.77386568024547,4.0,2019-12-03T18:24:50.993471-08:00,10.0,4.902767181396484,1575426291.133689,10.194401512874498,POINT (-122.39836153585686 37.77386568024547),ios,3.732118908103398,0.08820066470284983,12.352486374439627
71,distance,0,-122.39840017643048,6.039999961853027,1575426291.993444,220.78125,37.77385176628621,4.0,2019-12-03T18:24:51.993444-08:00,10.0,4.998134613037109,1575426292.113493,10.194679283036127,POINT (-122.39840017643048 37.77385176628621),ios,3.820317154508375,12.440348356983753,-22.421086910371464
72,distance,0,-122.39842356194033,5.869999885559082,1575426292.9934173,220.78125,37.77382280681075,4.0,2019-12-03T18:24:52.993417-08:00,10.0,4.771938323974609,1575426293.125185,10.194957053396436,POINT (-122.39842356194033 37.77382280681075),ios,16.260333318352103,-9.98013984577521,10.796614164878584
73,distance,0,-122.39833188871812,5.869999885559082,1575426293.9933903,225.56175231933594,37.77369579445756,4.0,2019-12-03T18:24:53.993390-08:00,17.063328177769822,4.677120208740234,1575426294.119203,10.195234823690521,POINT (-122.39833188871812 37.77369579445756),ios,6.2804623505129165,0.8161834442882364,1.5739375875048345
74,distance,0,-122.39838280326673,5.320000171661377,1575426294.9933631,225.56175231933594,37.773656166749625,4.0,2019-12-03T18:24:54.993363-08:00,16.703607187236802,5.397090911865234,1575426295.120498,10.195512593918377,POINT (-122.39838280326673 37.773656166749625),ios,7.0966236111652865,2.3900782526132653,-6.677109239965625
75,distance,0,-122.39844033422618,5.420000076293945,1575426295.9933352,225.56175231933594,37.7736113893703,4.0,2019-12-03T18:24:55.993335-08:00,10.0,5.385555267333984,1575426296.123036,10.19579036394755,POINT (-122.39844033422618 37.7736113893703),ios,9.486635192608423,-4.2868447295653525,5.072110306045573
76,distance,0,-122.39851724064944,5.420000076293945,1575426296.993309,225.56175231933594,37.77355153171935,4.0,2019-12-03T18:24:56.993309-08:00,10.0,5.561397552490234,1575426297.12092,10.196068134440315,POINT (-122.39851724064944 37.77355153171935),ios,5.199902890020288,0.7851325550936775,-2.2492930055322753
77,distance,0,-122.39855939524115,5.420000076293945,1575426297.9932814,225.56175231933594,37.773518722043256,4.0,2019-12-03T18:24:57.993281-08:00,10.0,5.755733489990234,1575426298.122374,10.196345904535718,POINT (-122.39855939524115 37.773518722043256),ios,5.985013731052136,-1.464098242742484,-0.08392754148266184
78,distance,0,-122.39861032354322,5.289999961853027,1575426298.993254,274.21875,37.77348299530178,4.0,2019-12-03T18:24:58.993254-08:00,10.0,4.977108001708984,1575426299.098211,10.196623674697346,POINT (-122.39861032354322 37.77348299530178),ios,4.520955631155262,-1.5480234830883493,3.9802373132908664
79,distance,0,-122.39864441370007,5.289999961853027,1575426299.9932256,225.56175231933594,37.77345255064923,4.0,2019-12-03T18:24:59.993226-08:00,10.0,4.944087982177734,1575426300.102845,10.196901444594065,POINT (-122.39864441370007 37.77345255064923),ios,2.972976068296464,2.4321009036620755,-2.1177020311879438
80,distance,0,-122.39869260056419,5.159999847412109,1575426301.9931726,225.47787475585938,37.773415020929,4.0,2019-12-03T18:25:01.993173-08:00,10.0,4.823787689208984,1575426302.139034,10.197456985447142,POINT (-122.39869260056419 37.773415020929),ios,7.837049147135362,-1.8031910710227617,0.8535288287002858
81,distance,0,-122.39875604222637,5.159999847412109,1575426302.9931445,225.47787475585938,37.773365498325866,4.0,2019-12-03T18:25:02.993145-08:00,10.0,5.018825531005859,1575426303.115772,10.197734755410089,POINT (-122.39875604222637 37.773365498325866),ios,6.033908805994455,-0.949686254983882,0.7273517171472874
82,distance,0,-122.39880488733867,5.480000019073486,1575426303.9931176,225.47787475585938,37.773327369799176,4.0,2019-12-03T18:25:03.993118-08:00,10.0,4.626369476318359,1575426304.116774,10.198012525704172,POINT (-122.39880488733867 37.773327369799176),ios,5.084248136792341,-0.22235413363700338,-1.6058451665152824
83,distance,0,-122.39884604482064,5.480000019073486,1575426304.9930902,225.47787475585938,37.77329524224172,4.0,2019-12-03T18:25:04.993090-08:00,10.0,4.738979339599609,1575426305.1217341,10.198290295865801,POINT (-122.39884604482064 37.77329524224172),ios,4.861900099691346,-1.8281552708701572,2.9632376535069316
84,distance,0,-122.39888540235584,5.820000171661377,1575426305.9930625,225.4783172607422,37.773264519723924,4.0,2019-12-03T18:25:05.993062-08:00,10.0,4.795162200927734,1575426306.1179562,10.198568065961203,POINT (-122.39888540235584 37.773264519723924),ios,3.033795389298308,1.1350004296911114,0.7110549657933709
85,distance,0,-122.39890996123783,5.820000171661377,1575426306.993036,225.4783172607422,37.77324534904454,4.0,2019-12-03T18:25:06.993036-08:00,10.0,5.061336517333984,1575426307.153798,10.19884583638774,POINT (-122.39890996123783 37.77324534904454),ios,4.168765781813359,1.8460365777971608,-6.318377262644534
86,distance,0,-122.39894370776695,5.230000019073486,1575426307.9930081,225.4783172607422,37.77321900648176,4.0,2019-12-03T18:25:07.993008-08:00,10.0,5.196651458740234,1575426308.14113,10.199123606416915,POINT (-122.39894370776695 37.77321900648176),ios,6.014750864468632,-4.472164433879458,9.682702712083012
87,distance,0,-122.39899239775652,5.230000019073486,1575426308.9929814,225.4783172607422,37.77318099904395,4.0,2019-12-03T18:25:08.992981-08:00,10.0,5.149135589599609,1575426309.130968,10.199401376777224,POINT (-122.39899239775652 37.77318099904395),ios,1.5427058502632358,5.210279722146635,-5.171762563017322
88,distance,0,-122.39900488610148,5.590000152587891,1575426309.9929543,225.4783172607422,37.77317125063368,4.0,2019-12-03T18:25:09.992954-08:00,10.0,5.264522552490234,1575426310.1292892,10.199679147005082,POINT (-122.39900488610148 37.77317125063368),ios,6.752843958476229,0.038657726177429755,-0.026370950668595898
89,distance,0,-122.39921948901612,6.329999923706055,1575426313.992845,224.41195678710938,37.77299737799336,4.0,2019-12-03T18:25:13.992845-08:00,10.0,5.061305999755859,1575426314.143244,10.20079022778405,POINT (-122.39921948901612 37.77299737799336),ios,6.907470641928121,-0.06682319690229255,0.3891991748474193
90,distance,0,-122.39943693608468,5.980000019073486,1575426317.9927366,223.88722229003906,37.77281794273542,4.0,2019-12-03T18:25:17.992737-08:00,10.0,5.462673187255859,1575426318.135545,10.201901308761702,POINT (-122.39943693608468 37.77281794273542),ios,6.640185103329655,1.4899312819843988,-5.903589059567365
91,distance,0,-122.39948919427492,5.980000019073486,1575426318.9927094,223.88722229003906,37.772774819772636,4.0,2019-12-03T18:25:18.992709-08:00,10.0,5.562709808349609,1575426319.144032,10.202179078989559,POINT (-122.39948919427492 37.772774819772636),ios,8.130075889401944,-4.413497319697035,7.402562219755375
92,distance,0,-122.3995531778556,5.980000019073486,1575426319.992682,223.88722229003906,37.77272202112889,4.0,2019-12-03T18:25:19.992682-08:00,30.0,5.682216644287109,1575426320.25091,10.202456849151188,POINT (-122.3995531778556 37.77272202112889),ios,3.716699579577289,2.9888619355962343,1.1674672799409023
93,distance,0,-122.39958242822071,6.289999961853027,1575426320.9926546,223.88722229003906,37.772697884005105,4.0,2019-12-03T18:25:20.992655-08:00,30.0,5.724269866943359,1575426321.1106849,10.202734619312816,POINT (-122.39958242822071 37.772697884005105),ios,6.705479566148704,4.156297205759783,-5.905644082105569
94,distance,0,-122.39963520018632,6.289999961853027,1575426321.9926264,223.88722229003906,37.77265433707977,4.0,2019-12-03T18:25:21.992626-08:00,30.0,5.741085052490234,1575426322.304236,10.203012389275763,POINT (-122.39963520018632 37.77265433707977),ios,10.86165984116854,-1.7491807305438398,0.289844817471601
95,distance,0,-122.39972068134428,6.289999961853027,1575426322.9926004,223.88722229003906,37.77258379883924,4.0,2019-12-03T18:25:22.992600-08:00,30.0,5.752162933349609,1575426323.116425,10.203290159834756,POINT (-122.39972068134428 37.77258379883924),ios,9.112524567677797,-1.4593434454506988,-2.8648505665383452
96,distance,0,-122.39979239667473,7.25,1575426323.9925728,223.88722229003906,37.77252462002894,4.0,2019-12-03T18:25:23.992573-08:00,30.0,5.681941986083984,1575426324.112012,10.203567929930157,POINT (-122.39979239667473 37.77252462002894),ios,7.653221482639617,-4.32411478009128,8.165578745791917
97,distance,0,-122.3998522096973,7.360000133514404,1575426324.9925456,222.88754272460938,37.77247460412501,4.0,2019-12-03T18:25:24.992546-08:00,30.0,5.640834808349609,1575426325.1119251,10.203845700158013,POINT (-122.3998522096973 37.77247460412501),ios,3.329224230768735,3.8412420275728776,-5.067861377865553
98,distance,0,-122.39987792952358,7.690000057220459,1575426325.9925184,222.88754272460938,37.77245262543524,4.0,2019-12-03T18:25:25.992518-08:00,30.0,5.656642913818359,1575426326.112156,10.20412347038587,POINT (-122.39987792952358 37.77245262543524),ios,7.170361854466466,-1.226481607249473,6.105209830743946
99,distance,0,-122.39992250368137,7.690000057220459,1575426326.992491,213.08657836914062,37.772398619619956,4.0,2019-12-03T18:25:26.992491-08:00,30.0,5.435054779052734,1575426327.11204,10.204401240547497,POINT (-122.39992250368137 37.772398619619956),ios,5.943913875057234,4.878560830017381,-8.815081766200855
100,distance,0,-122.39995931231779,6.510000228881836,1575426327.9924645,213.08657836914062,37.772353778423984,4.0,2019-12-03T18:25:27.992465-08:00,30.0,5.293697357177734,1575426328.11732,10.204679010974036,POINT (-122.39995931231779 37.772353778423984),ios,10.822345596585548,-3.936287649784574,0.19885492481109623
101,distance,0,-122.40002633134124,7.269999980926514,1575426328.9924371,213.08657836914062,37.77227213418347,4.0,2019-12-03T18:25:28.992437-08:00,30.0,5.113430023193359,1575426329.111382,10.204956781135666,POINT (-122.40002633134124 37.77227213418347),ios,6.886165872473439,-3.737438177204969,7.184503639089686
102,distance,0,-122.3999836877331,6.070000171661377,1575426329.9924092,213.08657836914062,37.772324083687025,4.0,2019-12-03T18:25:29.992409-08:00,30.0,4.877223968505859,1575426330.2439442,10.205234551164839,POINT (-122.3999836877331 37.772324083687025),ios,3.1488319510083342,3.446865050344263,0.4001444429033635
103,distance,0,-122.40000318736845,5.690000057220459,1575426330.9923825,213.08657836914062,37.77230032874648,4.0,2019-12-03T18:25:30.992383-08:00,30.0,5.041530609130859,1575426331.113738,10.20551232152515,POINT (-122.40000318736845 37.77230032874648),ios,6.5956049601258195,3.846998808238241,-11.170521434242033
104,distance,0,-122.4000440316798,5.610000133514404,1575426331.9923558,213.08657836914062,37.772250571190945,4.0,2019-12-03T18:25:31.992356-08:00,30.0,4.923122406005859,1575426332.111565,10.205790091885461,POINT (-122.4000440316798 37.772250571190945),ios,10.442501042413218,-7.323224340900796,7.834482224863724
105,distance,0,-122.40010869841622,6.480000019073486,1575426332.9923282,213.08657836914062,37.772171792565,4.0,2019-12-03T18:25:32.992328-08:00,30.0,4.924251556396484,1575426333.10752,10.206067861980863,POINT (-122.40010869841622 37.772171792565),ios,3.1194792366704696,0.5110412091730022,-0.2037943866985261
106,distance,0,-122.40012801626388,6.019999980926514,1575426333.9923012,213.08657836914062,37.7721482590827,4.0,2019-12-03T18:25:33.992301-08:00,30.0,5.050807952880859,1575426334.102736,10.206345632274946,POINT (-122.40012801626388 37.7721482590827),ios,3.63050667772923,0.30725231296007205,0.6043202583259405
107,distance,0,-122.4001494492489,5.349999904632568,1575426334.992273,188.80862426757812,37.772120349684144,4.0,2019-12-03T18:25:34.992273-08:00,30.0,5.055110931396484,1575426335.110547,10.206623402237891,POINT (-122.4001494492489 37.772120349684144),ios,3.937750346639436,0.9115555697070897,-1.4405025330036647
108,distance,0,-122.40016311446554,5.349999904632568,1575426336.992219,188.80862426757812,37.77205035407787,4.0,2019-12-03T18:25:36.992219-08:00,30.0,5.109523773193359,1575426337.115484,10.207178942759832,POINT (-122.40016311446554 37.77205035407787),ios,5.760812151738715,-1.9693715348375056,1.403442683493354
109,distance,0,-122.4001731103702,5.449999809265137,1575426337.992192,188.80862426757812,37.771999153323115,4.0,2019-12-03T18:25:37.992192-08:00,30.0,4.999538421630859,1575426338.1129289,10.207456713053915,POINT (-122.4001731103702 37.771999153323115),ios,3.7914936743294354,-0.5659666619137323,1.2547207211319926
110,distance,0,-122.40016653154869,0.0,1575426338.9921637,188.80862426757812,37.77203285118627,4.0,2019-12-03T18:25:38.992164-08:00,10.0,4.890621185302734,1575426339.125871,10.207734482950634,POINT (-122.40016653154869 37.77203285118627),ios,3.225543069914818,0.6887184605192115,0.2530766302173856
111,distance,0,-122.40017772518327,4.559999942779541,1575426340.9921093,188.80862426757812,37.771975515451345,4.0,2019-12-03T18:25:40.992109-08:00,10.0,4.975429534912109,1575426341.1160278,10.208290023406347,POINT (-122.40017772518327 37.771975515451345),ios,4.60294255260614,1.1948579638510903,2.4654794319577173
112,distance,0,-122.40018571200018,4.559999942779541,1575426341.9920819,188.80862426757812,37.77193460559193,4.0,2019-12-03T18:25:41.992082-08:00,10.0,5.024745941162109,1575426342.1148539,10.208567793567976,POINT (-122.40018571200018 37.77193460559193),ios,5.797767755678364,3.6602697969569657,-4.764837983672418
113,distance,0,-122.400195772033,5.260000228881836,1575426342.9920554,188.80862426757812,37.771883076361696,4.0,2019-12-03T18:25:42.992055-08:00,10.0,4.873714447021484,1575426343.1153622,10.208845563994513,POINT (-122.400195772033 37.771883076361696),ios,9.457940685563353,-1.1044420878403625,-5.463364499433946
114,distance,0,-122.40021218303339,5.260000228881836,1575426343.9920287,188.80862426757812,37.77179901637567,4.0,2019-12-03T18:25:43.992029-08:00,10.0,4.934230804443359,1575426344.227652,10.209123334354825,POINT (-122.40021218303339 37.77179901637567),ios,8.353528089508478,-6.567660699702989,7.534548293751164
115,distance,0,-122.40022670294765,4.769999980926514,1575426344.9920015,188.82972717285156,37.77172477527294,4.0,2019-12-03T18:25:44.992002-08:00,10.0,5.072505950927734,1575426345.1028771,10.20940110458268,POINT (-122.40022670294765 37.77172477527294),ios,1.7860458969713422,0.966682807150161,0.27946369977680136
116,distance,0,-122.40023602223285,0.6700000166893005,1575426347.9919186,188.82972717285156,37.77167715613181,4.0,2019-12-03T18:25:47.991919-08:00,10.0,5.181575775146484,1575426348.127616,10.210234414868884,POINT (-122.40023602223285 37.77167715613181),ios,4.686014113072645,1.8050507194708676,4.629366698069
117,distance,0,-122.40024417252057,2.0299999713897705,1575426348.9918923,188.82972717285156,37.77163551026596,4.0,2019-12-03T18:25:48.991892-08:00,10.0,5.308803558349609,1575426349.1039538,10.210512185361651,POINT (-122.40024417252057 37.77163551026596),ios,6.491017493204461,6.434296007566535,-12.772099408100928
118,distance,0,-122.40025223467713,3.8399999141693115,1575426349.9918647,173.6685791015625,37.77157748566881,4.0,2019-12-03T18:25:49.991865-08:00,10.0,5.339778900146484,1575426350.1071792,10.210789955457052,POINT (-122.40025223467713 37.77157748566881),ios,12.925135550308445,-6.337450168262404,5.38447487375145
119,distance,0,-122.40023608463214,5.400000095367432,1575426350.9918373,173.6685791015625,37.77146195347931,4.0,2019-12-03T18:25:50.991837-08:00,10.0,5.428218841552734,1575426351.113538,10.21106772561868,POINT (-122.40023608463214 37.77146195347931),ios,6.587859143120429,-0.9531229267785434,3.2317308742213555
120,distance,0,-122.40022785305145,5.400000095367432,1575426351.9918106,173.6685791015625,37.771403067418,4.0,2019-12-03T18:25:51.991811-08:00,10.0,5.458003997802734,1575426352.244209,10.21134549597899,POINT (-122.40022785305145 37.771403067418),ios,5.634761667469844,2.278521650918308,-1.0550119093897028
121,distance,0,-122.40022081237682,5.400000095367432,1575426352.9917834,173.6685791015625,37.771352700712725,4.0,2019-12-03T18:25:52.991783-08:00,10.0,5.443996429443359,1575426353.113227,10.211623266206848,POINT (-122.40022081237682 37.771352700712725),ios,7.913221388812183,1.2235384164548078,-3.185367914692107
122,distance,0,-122.40021092475304,5.449999809265137,1575426353.991756,173.66812133789062,37.77128196785586,4.0,2019-12-03T18:25:53.991756-08:00,10.0,5.392330169677734,1575426354.119772,10.211901036368475,POINT (-122.40021092475304 37.77128196785586),ios,9.136726258123558,-1.9617421613847035,3.1020621464096236
123,distance,0,-122.40019843950195,7.099999904632568,1575426354.9917288,158.8139190673828,37.77120039638693,4.0,2019-12-03T18:25:54.991729-08:00,10.0,5.609096527099609,1575426355.118194,10.212178806596333,POINT (-122.40019843950195 37.77120039638693),ios,7.175037416337624,1.1402356718505076,-1.6086788325197974
124,distance,0,-122.40016904684036,7.829999923706055,1575426355.9917016,158.8139190673828,37.77114019959864,4.0,2019-12-03T18:25:55.991702-08:00,10.0,5.640956878662109,1575426356.117404,10.212456576824188,POINT (-122.40016904684036 37.77114019959864),ios,8.315242096904097,-0.46839943723224114,1.2730848088635578
125,distance,0,-122.40013498334751,7.210000038146973,1575426356.9916735,158.8139190673828,37.77107043684972,4.0,2019-12-03T18:25:56.991673-08:00,10.0,5.613491058349609,1575426357.137142,10.212734346787135,POINT (-122.40013498334751 37.77107043684972),ios,7.846855837336992,0.8046495554369144,-3.5122745067645593
126,distance,0,-122.40010283854731,7.829999923706055,1575426357.9916472,158.8139190673828,37.771004603623666,4.0,2019-12-03T18:25:57.991647-08:00,10.0,5.613704681396484,1575426358.121346,10.2130121172799,POINT (-122.40010283854731 37.771004603623666),ios,8.651484289999502,-2.70753283826294,13.377172058129148
127,distance,0,-122.40006766523864,7.760000228881836,1575426358.99162,150.88375854492188,37.77093193853919,4.0,2019-12-03T18:25:58.991620-08:00,10.0,5.547695159912109,1575426359.130465,10.213289887507756,POINT (-122.40006766523864 37.77093193853919),ios,5.944025041715629,10.669275632101794,-25.168246942471917
128,distance,0,-122.40003486629679,7.630000114440918,1575426359.9915926,150.88375854492188,37.770885192461314,4.0,2019-12-03T18:25:59.991593-08:00,10.0,5.575801849365234,1575426360.1226969,10.213567657669385,POINT (-122.40003486629679 37.770885192461314),ios,16.613008142160755,-14.498281243937555,28.73487041910596
129,distance,0,-122.39994343333059,9.430000305175781,1575426360.9915643,144.3482208251953,37.77075443788013,4.0,2019-12-03T18:26:00.991564-08:00,10.0,5.539180755615234,1575426361.1521401,10.213845427566104,POINT (-122.39994343333059 37.77075443788013),ios,2.115138240717217,14.23577391485826,-23.84535414456857
130,distance,0,-122.39992944674755,8.479999542236328,1575426361.991538,144.3482208251953,37.770738959520436,4.0,2019-12-03T18:26:01.991538-08:00,10.0,5.285213470458984,1575426362.164631,10.21412319805887,POINT (-122.39992944674755 37.770738959520436),ios,16.350538807546666,-9.608954860410446,13.882025065028254
131,distance,0,-122.39982320173623,8.800000190734863,1575426362.9915118,137.91351318359375,37.770618263286,4.0,2019-12-03T18:26:02.991512-08:00,10.0,5.360225677490234,1575426363.180994,10.214400968551637,POINT (-122.39982320173623 37.770618263286),ios,6.741835952006312,4.272706134021792,-6.2185299674656225
132,distance,0,-122.39977191259497,8.399999618530273,1575426363.991484,137.91351318359375,37.770573183434315,4.0,2019-12-03T18:26:03.991484-08:00,10.0,5.633571624755859,1575426364.126666,10.21467873858081,POINT (-122.39977191259497 37.770573183434315),ios,11.014422899002634,-1.945650367713594,2.9396558802371793
133,distance,0,-122.39968811934303,7.889999866485596,1575426364.9914565,137.91351318359375,37.77049953456289,4.0,2019-12-03T18:26:04.991457-08:00,10.0,5.818264007568359,1575426365.10565,10.21495650874244,POINT (-122.39968811934303 37.77049953456289),ios,9.068825877396591,0.9939249126371137,0.42597946000945974
134,distance,0,-122.39961912741389,9.420000076293945,1575426365.9914293,137.91351318359375,37.77043889510086,4.0,2019-12-03T18:26:05.991429-08:00,10.0,5.951137542724609,1575426366.108798,10.215234278970295,POINT (-122.39961912741389 37.77043889510086),ios,10.062723775434849,1.419892794644969,-1.534612715461794
135,distance,0,-122.39954257430794,9.279999732971191,1575426366.9914026,137.91351318359375,37.77037160985142,4.0,2019-12-03T18:26:06.991403-08:00,10.0,5.502162933349609,1575426367.112296,10.215512049330606,POINT (-122.39954257430794 37.77037160985142),ios,11.48257865485169,-0.11467894223631855,1.9118545294804332
136,distance,0,-122.39945521964545,9.760000228881836,1575426367.991375,137.91351318359375,37.77029483072952,4.0,2019-12-03T18:26:07.991375-08:00,10.0,5.432186126708984,1575426368.201668,10.215789819426007,POINT (-122.39945521964545 37.77029483072952),ios,11.367902884239864,1.797122711933832,0.008235770292789076
137,distance,0,-122.39936620397033,8.979999542236328,1575426368.9913473,136.34231567382812,37.770220668393634,4.0,2019-12-03T18:26:08.991347-08:00,10.0,5.411983489990234,1575426369.1079679,10.216067589521408,POINT (-122.39936620397033 37.770220668393634),ios,13.164975893950256,1.8053582544535856,-2.217242581532965
138,distance,0,-122.39926303559129,11.109999656677246,1575426369.9913197,136.34231567382812,37.77013484300075,4.0,2019-12-03T18:26:09.991320-08:00,10.0,5.551815032958984,1575426370.1232219,10.21634535961681,POINT (-122.39926303559129 37.77013484300075),ios,14.970284218413665,-0.4118230057875852,-1.1332098195087228
139,distance,0,-122.39914571975534,12.069999694824219,1575426370.9912927,136.34231567382812,37.77003724839077,4.0,2019-12-03T18:26:10.991293-08:00,10.0,6.391475677490234,1575426371.2175488,10.216623129910893,POINT (-122.39914571975534 37.77003724839077),ios,14.558472307672995,-1.5450022951512339,1.5213699389145272
140,distance,0,-122.39891250165233,11.8100004196167,1575426372.991238,135.1270294189453,37.76985129650509,4.0,2019-12-03T18:26:12.991238-08:00,10.0,7.232479095458984,1575426373.126433,10.217178670300378,POINT (-122.39891250165233 37.76985129650509),ios,11.468552071181216,1.4976545191430812,-2.070279887696439
141,distance,0,-122.39882064205945,12.180000305175781,1575426373.9912105,135.1270294189453,37.76977805405825,4.0,2019-12-03T18:26:13.991210-08:00,10.0,6.857875823974609,1575426374.156187,10.217456440395779,POINT (-122.39882064205945 37.76977805405825),ios,12.966165170359455,-0.5725681117434138,-4.654364112429273
142,distance,0,-122.39871678699917,12.609999656677246,1575426374.9911838,135.1270294189453,37.76969524726046,4.0,2019-12-03T18:26:14.991184-08:00,10.0,6.494136810302734,1575426375.2172399,10.21773421075609,POINT (-122.39871678699917 37.76969524726046),ios,12.393612347834113,-5.226807939242317,28.852220437405116
143,distance,0,-122.39861723944195,12.680000305175781,1575426375.991156,134.87986755371094,37.769616316078846,4.0,2019-12-03T18:26:15.991156-08:00,10.0,6.335628509521484,1575426376.2069058,10.218011980851491,POINT (-122.39861723944195 37.769616316078846),ios,7.166948964093961,23.62461454513633,-46.80026807122587
144,distance,0,-122.39855958521731,13.40999984741211,1575426376.9911284,134.87986755371094,37.76957074151233,4.0,2019-12-03T18:26:16.991128-08:00,17.76114045592749,6.413478851318359,1575426377.147262,10.218289750946893,POINT (-122.39855958521731 37.76957074151233),ios,30.790910133774616,-23.17435919189339,28.397261319550452
145,distance,0,-122.39831256071987,14.920000076293945,1575426377.9911025,134.87998962402344,37.76937441251297,4.0,2019-12-03T18:26:17.991102-08:00,10.0,6.390926361083984,1575426378.12878,10.218567521505886,POINT (-122.39831256071987 37.76937441251297),ios,7.617153188440346,5.222164150275396,-8.783976891019043
146,distance,0,-122.39825128507006,11.920000076293945,1575426378.991075,134.87998962402344,37.76932597506084,4.0,2019-12-03T18:26:18.991075-08:00,10.0,5.796535491943359,1575426379.123776,10.218845291667515,POINT (-122.39825128507006 37.76932597506084),ios,12.83917415670574,-3.561571900465387,5.778007964188672
147,distance,0,-122.3981480012629,12.399999618530273,1575426379.9910479,134.87998962402344,37.76924433081094,4.0,2019-12-03T18:26:19.991048-08:00,10.0,5.498683929443359,1575426380.108844,10.21912306189537,POINT (-122.3981480012629 37.76924433081094),ios,9.277699058760307,2.216279019096114,3.0205722538360757
148,distance,0,-122.39807336751987,12.470000267028809,1575426380.9910207,134.87998962402344,37.769185333992986,4.0,2019-12-03T18:26:20.991021-08:00,10.0,5.609218597412109,1575426381.105551,10.219400832123227,POINT (-122.39807336751987 37.769185333992986),ios,11.493917840017634,5.236769174630079,-7.188550819663599
149,distance,0,-122.39798090561503,11.84000015258789,1575426381.9909935,134.87998962402344,37.76911224428926,4.0,2019-12-03T18:26:21.990993-08:00,10.0,5.583522796630859,1575426382.108004,10.219678602351083,POINT (-122.39798090561503 37.76911224428926),ios,16.730544680738223,-1.951586262249287,-0.8934911010323484
150,distance,0,-122.39784631826139,14.300000190734863,1575426382.9909656,134.87985229492188,37.769005855070695,4.0,2019-12-03T18:26:22.990966-08:00,10.0,5.224544525146484,1575426383.112698,10.219956372380256,POINT (-122.39784631826139 37.769005855070695),ios,14.779012857936502,-2.845052439370822,7.700727089798428
151,distance,0,-122.39772742979615,14.609999656677246,1575426383.9909387,134.8778076171875,37.76891187558028,4.0,2019-12-03T18:26:23.990939-08:00,10.0,5.254970550537109,1575426384.1294289,10.22023414267434,POINT (-122.39772742979615 37.76891187558028),ios,11.934037067975368,4.855467182833185,-4.992128243482535
152,distance,0,-122.3976314276115,14.949999809265137,1575426384.990911,134.8778076171875,37.76883598734019,4.0,2019-12-03T18:26:24.990911-08:00,10.0,5.210170745849609,1575426385.128942,10.22051191276974,POINT (-122.3976314276115 37.76883598734019),ios,16.789369965312506,-0.13652299557913963,1.1640807801943371
153,distance,0,-122.3973633506781,14.770000457763672,1575426386.9908566,135.30972290039062,37.76862085761614,4.0,2019-12-03T18:26:26.990857-08:00,10.0,5.125820159912109,1575426387.134264,10.221067453225453,POINT (-122.3973633506781 37.76862085761614),ios,16.516331395467272,2.1915752860348237,-3.9187233828267254
154,distance,0,-122.39723149213295,15.470000267028809,1575426387.9908297,135.30972290039062,37.768515042124776,4.0,2019-12-03T18:26:27.990830-08:00,10.0,5.133449554443359,1575426388.117505,10.221345223519537,POINT (-122.39723149213295 37.768515042124776),ios,18.707847637616073,-1.7270425212918281,3.7332469935761954
155,distance,0,-122.39708213771085,16.469999313354492,1575426388.9908025,135.31173706054688,37.768395186323666,4.0,2019-12-03T18:26:28.990803-08:00,10.0,5.066005706787109,1575426389.1086268,10.221622993747394,POINT (-122.39708213771085 37.768395186323666),ios,16.980852056852978,2.006103003683792,-5.054477474009617
156,distance,0,-122.39694657098774,17.040000915527344,1575426389.9907746,135.30972290039062,37.76828639504736,4.0,2019-12-03T18:26:29.990775-08:00,10.0,4.868526458740234,1575426390.252579,10.221900763776567,POINT (-122.39694657098774 37.76828639504736),ios,18.986899100346132,-3.048233475809342,3.085018515327145
157,distance,0,-122.39679498876838,17.889999389648438,1575426390.990749,135.30972290039062,37.76816475145569,4.0,2019-12-03T18:26:30.990749-08:00,10.0,4.773281097412109,1575426391.1082768,10.222178534401788,POINT (-122.39679498876838 37.76816475145569),ios,15.93874411413015,0.03670560273886339,-0.9138819514094605
158,distance,0,-122.39666774194238,16.8700008392334,1575426391.9907207,135.30972290039062,37.76806263683427,4.0,2019-12-03T18:26:31.990721-08:00,10.0,4.905208587646484,1575426392.10926,10.222456304364734,POINT (-122.39666774194238 37.76806263683427),ios,15.975448684215891,-0.8771506380711112,1.3838259018802896
159,distance,0,-122.39654020205096,16.700000762939453,1575426392.9906936,135.30972290039062,37.76796028703006,4.0,2019-12-03T18:26:32.990694-08:00,10.0,4.817867279052734,1575426393.12109,10.22273407459259,POINT (-122.39654020205096 37.76796028703006),ios,15.098321886851782,0.50663765181138,-1.5630208829246452
160,distance,0,-122.39641966483303,16.559999465942383,1575426393.990666,135.30972290039062,37.767863556818696,4.0,2019-12-03T18:26:33.990666-08:00,30.0,4.687129974365234,1575426394.1113648,10.223011844687992,POINT (-122.39641966483303 37.767863556818696),ios,15.60494552681099,-1.0563400033399757,1.5830626062583801
161,distance,0,-122.39629508289654,16.510000228881836,1575426394.9906397,135.30972290039062,37.76776358075108,4.0,2019-12-03T18:26:34.990640-08:00,30.0,4.472805023193359,1575426395.116156,10.223289615180757,POINT (-122.39629508289654 37.76776358075108),ios,14.548633227090106,0.526681085449311,-4.622269014595719
162,distance,0,-122.39617893426028,16.770000457763672,1575426395.990612,135.30972290039062,37.7676703723435,4.0,2019-12-03T18:26:35.990612-08:00,30.0,3.9860496520996094,1575426396.109724,10.223567385276159,POINT (-122.39617893426028 37.7676703723435),ios,15.075299746354917,-4.095460093108368,6.88126874212789
163,distance,0,-122.39605858107156,17.540000915527344,1575426396.9905844,135.30972290039062,37.76757378981419,4.0,2019-12-03T18:26:36.990584-08:00,30.0,3.4342308044433594,1575426397.1089978,10.22384515537156,POINT (-122.39605858107156 37.76757378981419),ios,10.979952919564584,2.785618336830876,-5.493313779984458
164,distance,0,-122.39597120462692,17.09000015258789,1575426397.990557,135.53724670410156,37.76750322623912,4.0,2019-12-03T18:26:37.990557-08:00,30.0,3.1871604919433594,1575426398.112529,10.22412292553319,POINT (-122.39597120462692 37.76750322623912),ios,13.765494879931394,-2.7075448267259943,-0.11810691657583207
165,distance,0,-122.39586175217404,17.1299991607666,1575426398.9905295,135.53724670410156,37.76741469101967,4.0,2019-12-03T18:26:38.990530-08:00,30.0,3.1834373474121094,1575426399.132457,10.224400695694817,POINT (-122.39586175217404 37.76741469101967),ios,11.0580242890393,-2.8256485050302547,0.9889795290953752
166,distance,0,-122.39577382739397,16.809999465942383,1575426399.9905028,135.53724670410156,37.767343569363696,4.0,2019-12-03T18:26:39.990503-08:00,50.0,3.2663230895996094,1575426400.1170468,10.224678466055128,POINT (-122.39577382739397 37.767343569363696),ios,8.232451236964426,-1.8366953845374172,15.874682783158523
167,distance,0,-122.39570836945514,16.729999542236328,1575426400.9904752,135.53724670410156,37.767290620957084,4.0,2019-12-03T18:26:40.990475-08:00,50.0,3.3212242126464844,1575426401.103831,10.224956236150529,POINT (-122.39570836945514 37.767290620957084),ios,6.3958066490942524,14.037548359580814,5.428571047654437
168,distance,0,-122.39565751502825,16.670000076293945,1575426401.9904485,135.53724670410156,37.76724948521524,4.0,2019-12-03T18:26:41.990448-08:00,50.0,3.4719505310058594,1575426402.115514,10.22523400651084,POINT (-122.39565751502825 37.76724948521524),ios,20.432980165693664,19.46597444874933,-42.7893466288335
169,distance,0,-122.39549504820188,17.6200008392334,1575426402.9904213,135.53724670410156,37.767118067090294,4.0,2019-12-03T18:26:42.990421-08:00,50.0,3.7470970153808594,1575426403.109652,10.225511776738697,POINT (-122.39549504820188 37.767118067090294),ios,39.898425534746536,-23.322209177708643,42.48579534859951
170,distance,0,-122.39517780787254,19.59000015258789,1575426403.9903946,135.53724670410156,37.76686145390857,4.0,2019-12-03T18:26:43.990395-08:00,84.26147596461242,4.157863616943359,1575426404.099829,10.225789547099007,POINT (-122.39517780787254 37.76686145390857),ios,16.576839127210942,19.162451677759456,65.4342865664456
171,distance,0,-122.39504600234345,19.8700008392334,1575426404.9903674,135.53724670410156,37.76675483746337,4.0,2019-12-03T18:26:44.990367-08:00,96.65730702882536,4.607204437255859,1575426405.107599,10.226067317326864,POINT (-122.39504600234345 37.76675483746337),ios,35.73876997493727,84.59495975874749,-186.06960430560144
172,distance,0,-122.39476183746281,21.0,1575426405.9903388,135.53724670410156,37.76652497874928,4.0,2019-12-03T18:26:45.990339-08:00,108.21944283261179,5.024227142333984,1575426406.105561,10.226345087157355,POINT (-122.39476183746281 37.76652497874928),ios,120.33130945247218,-101.46932105277327,99.0024704153871
173,distance,0,-122.39348880026712,19.68000030517578,1575426406.9903126,118.828125,37.76692282411993,4.0,2019-12-03T18:26:46.990313-08:00,50.0,5.179470062255859,1575426407.1213741,10.22662285765012,POINT (-122.39348880026712 37.76692282411993),ios,18.86464953854717,-2.469447080501814,1.4449673303529558
174,distance,0,-122.39332208421304,19.739999771118164,1575426407.990285,107.2265625,37.76681599676401,4.0,2019-12-03T18:26:47.990285-08:00,50.0,5.229671478271484,1575426408.105482,10.226900627745522,POINT (-122.39332208421304 37.76681599676401),ios,16.39527075444479,-1.0245197129675572,2.0653382189332476
175,distance,0,-122.39317271869852,19.299999237060547,1575426408.9902573,107.9296875,37.7667276934141,4.0,2019-12-03T18:26:48.990257-08:00,50.0,5.227443695068359,1575426409.112609,10.227178397840923,POINT (-122.39317271869852 37.7667276934141),ios,15.370779376163204,1.0407613858252818,-3.3727821341384434
176,distance,0,-122.39303399820103,19.110000610351562,1575426409.990231,108.984375,37.766643539106255,4.0,2019-12-03T18:26:49.990231-08:00,50.0,5.228206634521484,1575426410.119018,10.22745616833369,POINT (-122.39303399820103 37.766643539106255),ios,16.4115134669349,-2.331932293581517,10.062230875188359
177,distance,0,-122.39297758799269,18.239999771118164,1575426410.9902034,111.4453125,37.76650284886152,4.0,2019-12-03T18:26:50.990203-08:00,50.0,5.258968353271484,1575426411.124072,10.227733938429092,POINT (-122.39297758799269 37.76650284886152),ios,14.079645666567526,7.73002029496345,-9.905224001419862
178,distance,0,-122.39291983667984,18.059999465942383,1575426411.9901757,115.3125,37.766384747845834,4.0,2019-12-03T18:26:51.990176-08:00,50.0,5.270534515380859,1575426412.1398249,10.228011708524493,POINT (-122.39291983667984 37.766384747845834),ios,21.809452175798178,-2.174929762082288,3.7711260528750663
179,distance,0,-122.39274524163677,18.510000228881836,1575426412.990149,118.4765625,37.76624539870561,4.0,2019-12-03T18:26:52.990149-08:00,50.0,5.279384613037109,1575426413.140346,10.228289478884802,POINT (-122.39274524163677 37.76624539870561),ios,19.634580490606204,1.5960955908630823,-1.2733350942001784
180,distance,0,-122.39255321223511,18.350000381469727,1575426413.9901214,122.34375,37.76615520942748,4.0,2019-12-03T18:26:53.990121-08:00,100.0,5.290554046630859,1575426414.111487,10.228567248980204,POINT (-122.39255321223511 37.76615520942748),ios,21.230631938963512,0.3227957127251938,-4.310904367417487
181,distance,0,-122.39235246565416,18.3700008392334,1575426414.9900947,126.2109375,37.76604905262381,4.0,2019-12-03T18:26:54.990095-08:00,100.0,5.300014495849609,1575426415.1205812,10.228845019340515,POINT (-122.39235246565416 37.76604905262381),ios,21.553419032113247,-3.987993541126574,-0.5882735400700375
182,distance,0,-122.39219840627386,18.5,1575426415.9900675,130.4296875,37.76589826218576,4.0,2019-12-03T18:26:55.990067-08:00,100.0,5.308681488037109,1575426416.105746,10.229122789568372,POINT (-122.39219840627386 37.76589826218576),ios,17.565533883526577,-4.576251092087675,10.061753883499582
183,distance,0,-122.3920497113116,18.170000076293945,1575426416.9900398,133.59375,37.76579273402483,4.0,2019-12-03T18:26:56.990040-08:00,100.0,5.310970306396484,1575426417.116383,10.229400559663773,POINT (-122.3920497113116 37.76579273402483),ios,12.989409354779728,5.485224517960462,-7.211942226056979
184,distance,0,-122.39196396444216,17.190000534057617,1575426417.9900124,137.109375,37.76569759942383,4.0,2019-12-03T18:26:57.990012-08:00,100.0,5.350704193115234,1575426418.1194592,10.2296783298254,POINT (-122.39196396444216 37.76569759942383),ios,18.474483478105093,-1.7265199700794356,-3.6566220290494793
185,distance,0,-122.39181971188857,17.0,1575426418.9899852,139.921875,37.76557677428961,4.0,2019-12-03T18:26:58.989985-08:00,100.0,5.512813568115234,1575426419.119923,10.229956100053258,POINT (-122.39181971188857 37.76557677428961),ios,16.748010434351595,-5.383042613173268,72.03312583283028
186,distance,0,-122.3917012596407,16.502948383722305,1575426419.9899576,142.35681448925723,37.765458806710896,10.0,2019-12-03T18:26:59.989958-08:00,200.0,5.512815952301025,1575426420.1168919,10.230233870148659,POINT (-122.3917012596407 37.765458806710896),ios,11.365116697593372,66.64809103153793,-116.09086428328087
187,distance,0,-122.39172549492805,12.713213530330842,1575426420.9899309,147.9554708248497,37.765358412190764,10.0,2019-12-03T18:27:00.989931-08:00,200.0,5.902097225189209,1575426421.353448,10.23051164050897,POINT (-122.39172549492805 37.765358412190764),ios,78.01142803309699,-49.43967329122512,37.19026643829633
188,distance,0,-122.3925592472054,10.079999923706055,1575426421.9899044,159.2578125,37.76511807463855,4.0,2019-12-03T18:27:01.989904-08:00,100.0,6.072841644287109,1575426422.121448,10.230789410935508,POINT (-122.3925592472054 37.76511807463855),ios,28.57306313624083,-12.25039107333214,8.17410938331136
189,distance,0,-122.39275010314061,10.850000381469727,1575426422.9898763,164.8828125,37.76491007771135,4.0,2019-12-03T18:27:02.989876-08:00,100.0,6.027980804443359,1575426423.1264892,10.231067180898455,POINT (-122.39275010314061 37.76491007771135),ios,16.323016707967,-4.076511655447042,3.9433740879760175
190,distance,0,-122.39278061326816,11.5600004196167,1575426423.989849,168.046875,37.76476528033406,4.0,2019-12-03T18:27:03.989849-08:00,100.0,6.016902923583984,1575426424.117992,10.23134495112631,POINT (-122.39278061326816 37.76476528033406),ios,12.246615850957248,-0.13324474726677382,0.7502416857547373
191,distance,0,-122.39275477629492,11.844715976209283,1575426424.9898221,169.49415676600617,37.76465705738076,10.0,2019-12-03T18:27:04.989822-08:00,200.0,6.016901016235352,1575426425.1027431,10.231622721420393,POINT (-122.39275477629492 37.76465705738076),ios,12.113374693477109,0.6169767260020563,-0.8156792811631857
192,distance,0,-122.39273307464487,11.826099810083212,1575426425.9897947,171.7181609406499,37.764549481568075,10.0,2019-12-03T18:27:05.989795-08:00,200.0,5.823785305023193,1575426426.1205192,10.231900491582023,POINT (-122.39273307464487 37.764549481568075),ios,12.730334503127015,-0.19868019075517934,-0.10217939995832828
193,distance,0,-122.39271247737405,12.104500657228535,1575426426.9897678,171.59474897850484,37.76443616186523,10.0,2019-12-03T18:27:06.989768-08:00,200.0,5.824362754821777,1575426427.106017,10.232178261876106,POINT (-122.39271247737405 37.76443616186523),ios,12.531659665074347,-0.3008568378676969,-1.7298749114128777
194,distance,0,-122.39269300059803,12.1024989322031,1575426427.9897408,172.10909027011834,37.76432452173862,10.0,2019-12-03T18:27:07.989741-08:00,200.0,5.901525497436523,1575426428.092255,10.23245603217019,POINT (-122.39269300059803 37.76432452173862),ios,12.230810932680807,-2.0306851442025953,1.9411830605098557
195,distance,0,-122.39267454888531,12.053368921799771,1575426428.9897132,172.22672371941192,37.76421550197558,10.0,2019-12-03T18:27:08.989713-08:00,200.0,6.158649444580078,1575426429.11203,10.23273380226559,POINT (-122.39267454888531 37.76421550197558),ios,10.200181950233947,-0.08955577012915905,0.001034857549345145
196,distance,0,-122.39232700245498,-1.0,1575426451.224887,-1.0,37.7621944049528,10.96777629852295,2019-12-03T18:27:31.224887-08:00,393.91851862215236,6.158649444580078,1575426451.378821,10.238910239405103,POINT (-122.39232700245498 37.7621944049528),ios,8.20889384537422,-0.06654553276239536,103.1960372418628
197,distance,0,-122.3922646954215,-1.0,1575426456.178516,-1.0,37.76183203902069,10.96777629852295,2019-12-03T18:27:36.178516-08:00,417.6707626608404,6.158649444580078,1575426456.298048,10.240286247465345,POINT (-122.3922646954215 37.76183203902069),ios,7.879251963338931,511.1283389751683,-2137.816556781236
198,distance,0,-122.39226154947843,-1.0,1575426456.43909,-1.0,37.7618137430542,10.96777629852295,2019-12-03T18:27:36.439090-08:00,417.7136279121666,6.158649444580078,1575426456.592638,10.240358629160458,POINT (-122.39226154947843 37.7618137430542),ios,141.06606010388234,-45.931291407666684,18.21372372371212
199,distance,0,-122.39256001247874,-1.0,1575426459.4351668,-1.0,37.75802013867442,10.97952651977539,2019-12-03T18:27:39.435167-08:00,65.0,5.942094802856445,1575426459.5155,10.241190872722202,POINT (-122.39256001247874 37.75802013867442),ios,3.4523824999430754,8.638424088374673,-4.943332688478791
200,distance,0,-122.39255870447806,-1.0,1575426460.623633,-1.0,37.75798325364732,10.804719924926758,2019-12-03T18:27:40.623633-08:00,65.0,5.751393795013428,1575426460.685563,10.24152100218667,POINT (-122.39255870447806 37.75798325364732),ios,13.718856445236742,2.763440905101163,-5.599183087662839
201,distance,0,-122.3924229336067,-1.0,1575426467.0322251,-1.0,37.75719990331595,12.41926097869873,2019-12-03T18:27:47.032225-08:00,161.82009013509943,5.71907377243042,1575426467.122642,10.243301166693369,POINT (-122.3924229336067 37.75719990331595),ios,31.428622341486214,-33.119440291925244,58.94430454970332
202,distance,0,-122.39232591079347,-1.0,1575426467.735639,-1.0,37.757016480969796,10.0,2019-12-03T18:27:47.735639-08:00,65.0,9.689993858337402,1575426467.833774,10.243496559460958,POINT (-122.39232591079347 37.757016480969796),ios,8.131945582873486,8.342806586397185,-18.02779597998527
203,distance,0,-122.39231568633181,-1.0,1575426468.2035398,-1.0,37.756983230808736,10.0,2019-12-03T18:27:48.203540-08:00,65.0,9.830591201782227,1575426468.267585,10.243626531892353,POINT (-122.39231568633181 37.756983230808736),ios,12.035551066959291,-0.09241272795121205,-0.31824839023657764
204,distance,0,-122.39211779801813,-1.0,1575426478.210349,-1.0,37.755911470024074,10.0,2019-12-03T18:27:58.210349-08:00,241.89467946287076,9.830591201782227,1575426478.472125,10.246406201124191,POINT (-122.39211779801813 37.755911470024074),ios,11.110794527500756,-3.2770636582732733,33.05365456882229
205,distance,0,-122.39211604086687,-1.0,1575426478.306607,-1.0,37.75590195262091,10.0,2019-12-03T18:27:58.306607-08:00,241.90218003084777,9.830591201782227,1575426478.525498,10.246432939436701,POINT (-122.39211604086687 37.75590195262091),ios,10.795351179552453,-0.09538745470208114,-0.06375389427494614
206,distance,0,-122.3920520637552,-1.0,1575426481.913725,-1.0,37.75555542812186,10.0,2019-12-03T18:28:01.913725-08:00,261.7036946298691,9.830591201782227,1575426482.084126,10.247434916628732,POINT (-122.3920520637552 37.75555542812186),ios,10.451277385089897,-0.32535526738203047,0.17310371185594484
207,distance,0,-122.39204309315133,-1.0,1575426482.436132,-1.0,37.75550684170407,10.0,2019-12-03T18:28:02.436132-08:00,262.01948135188076,9.830591201782227,1575426482.512813,10.247580029699538,POINT (-122.39204309315133 37.75550684170407),ios,10.281309498060283,-0.2349246670789137,0.029876134812878236
208,distance,0,-122.39201641515045,-1.0,1575426484.015421,-1.0,37.75536234880883,10.0,2019-12-03T18:28:04.015421-08:00,266.1234502606299,9.830591201782227,1575426484.093005,10.248018721077177,POINT (-122.39201641515045 37.75536234880883),ios,9.910295565027596,-0.1877416172163067,0.02774586381410868
209,distance,0,-122.39196537346606,-1.0,1575426487.150115,-1.0,37.75508589778115,10.0,2019-12-03T18:28:07.150115-08:00,282.3400852634896,9.830591201782227,1575426487.293054,10.24888946943813,POINT (-122.39196537346606 37.75508589778115),ios,9.321783025322894,-0.10076682163473537,106.44661392187336
210,distance,0,-122.39189311388353,-1.0,1575426491.867862,-1.0,37.75469454391187,10.0,2019-12-03T18:28:11.867862-08:00,316.9589003475188,9.830591201782227,1575426491.934184,10.250199954708417,POINT (-122.39189311388353 37.75469454391187),ios,8.84639065757299,502.0874237983981,-2456.987927980671
211,distance,0,-122.39186464830655,-1.0,1575426493.82622,-1.0,37.754540375934276,10.0,2019-12-03T18:28:13.826220-08:00,323.2135678896996,9.830591201782227,1575426493.893316,10.25074394305547,POINT (-122.39186464830655 37.754540375934276),ios,992.11333855201,-4309.574662223241,23960.57804741107
212,distance,0,-122.39221089026907,23.42101960936874,1575426493.998705,181.01635007876763,37.75302596000772,10.0,2019-12-03T18:28:13.998705-08:00,323.2630474109716,9.88585376739502,1575426494.14305,10.250791855520673,POINT (-122.39221089026907 37.75302596000772),ios,248.77689281892714,-176.7373593687679,131.46128869109162
213,distance,0,-122.39290326166281,24.329987274437833,1575426494.9987485,183.6109871439819,37.75085656358418,10.0,2019-12-03T18:28:14.998749-08:00,200.0,11.768095970153809,1575426495.129189,10.251069645418061,POINT (-122.39290326166281 37.75085656358418),ios,72.0318222931319,-45.27033494277711,47.809987489957535
214,distance,0,-122.39303383056297,24.6299991607666,1575426495.9987862,181.0546875,37.750217020546785,8.0,2019-12-03T18:28:15.998786-08:00,100.0,12.592769622802734,1575426496.1633,10.251347433659765,POINT (-122.39303383056297 37.750217020546785),ios,26.759782010703447,2.5414535558873323,-8.444820624536765
215,distance,0,-122.39309661101773,24.90999984741211,1575426496.9988198,181.7578125,37.74998153097718,8.0,2019-12-03T18:28:16.998820-08:00,50.0,11.889278411865234,1575426497.127516,10.251625220775605,POINT (-122.39309661101773 37.74998153097718),ios,29.301321002684915,-5.903650958350338,11.114042842343446
216,distance,0,-122.39321127545311,25.1200008392334,1575426497.9988508,185.2734375,37.74973409719556,8.0,2019-12-03T18:28:17.998851-08:00,50.0,11.155757904052734,1575426498.124491,10.251903007162943,POINT (-122.39321127545311 37.74973409719556),ios,23.397487064125087,5.210736357252439,-13.350966165617262
217,distance,0,-122.39318881195261,24.520000457763672,1575426498.9988775,184.921875,37.74952442388772,8.0,2019-12-03T18:28:18.998878-08:00,50.0,10.691585540771484,1575426499.14778,10.252180792358187,POINT (-122.39318881195261 37.74952442388772),ios,28.608362563049663,-8.140586317623702,7.749324552859696
218,distance,0,-122.39331495959534,24.940000534057617,1575426499.9989004,187.03125,37.74928725793748,8.0,2019-12-03T18:28:19.998900-08:00,50.0,10.72890853881836,1575426500.121021,10.252458576493794,POINT (-122.39331495959534 37.74928725793748),ios,20.467589922191763,-0.3910843968009126,12.850896429696126
219,distance,0,-122.39325339023823,24.75,1575426500.9989216,186.46360778808594,37.74910973895054,6.0,2019-12-03T18:28:20.998922-08:00,30.0,10.833675384521484,1575426501.127715,10.252736360165809,POINT (-122.39325339023823 37.74910973895054),ios,20.07649722687188,12.460084719324772,-17.34449499069952
220,distance,0,-122.39327899022386,24.729999542236328,1575426501.998938,186.46360778808594,37.74893032194328,6.0,2019-12-03T18:28:21.998938-08:00,30.0,10.60946273803711,1575426502.1106691,10.253014142513274,POINT (-122.39327899022386 37.74893032194328),ios,32.536786925579555,-4.88469560361446,6.222674156847902
221,distance,0,-122.39332068505776,26.729999542236328,1575426502.9989514,186.57574462890625,37.748639570841775,6.0,2019-12-03T18:28:22.998951-08:00,30.0,11.222042083740234,1575426503.1357188,10.253291923999786,POINT (-122.39332068505776 37.748639570841775),ios,27.652026104242726,1.3380616348967607,-4.054365386211657
222,distance,0,-122.39335655368727,27.5,1575426503.9989634,186.57574462890625,37.74839250979279,6.0,2019-12-03T18:28:23.998963-08:00,30.0,9.86837387084961,1575426504.098753,10.253569705088934,POINT (-122.39335655368727 37.74839250979279),ios,28.990103690077174,-2.716352083116624,5.06155707619421
223,distance,0,-122.39339415789438,27.260000228881836,1575426504.9989727,186.57574462890625,37.74813349418581,6.0,2019-12-03T18:28:24.998973-08:00,30.0,10.21108627319336,1575426505.110311,10.25384748544958,POINT (-122.39339415789438 37.74813349418581),ios,26.273726349437194,2.3452520570781856,-5.917430377807867
224,distance,0,-122.39342823849042,27.18000030517578,1575426505.9989793,186.57574462890625,37.74789874900835,6.0,2019-12-03T18:28:25.998979-08:00,30.0,9.86025619506836,1575426506.108319,10.254125265081724,POINT (-122.39342823849042 37.74789874900835),ios,28.618994062761946,-3.5722178238392743,1.269416855733573
225,distance,0,-122.39346773493052,27.1299991607666,1575426506.9989853,187.0098419189453,37.74764327245429,6.0,2019-12-03T18:28:26.998985-08:00,30.0,9.73623275756836,1575426507.11548,10.254403044515186,POINT (-122.39346773493052 37.74764327245429),ios,25.046754946845226,-2.3027934017916256,6.620606992282954
226,distance,0,-122.39350082414406,26.149999618530273,1575426507.9989884,186.36634826660156,37.74741954559137,6.0,2019-12-03T18:28:27.998988-08:00,30.0,9.52730941772461,1575426508.1121202,10.254680823153919,POINT (-122.39350082414406 37.74741954559137),ios,22.7439544076801,4.317834110675583,-7.07515759589402
227,distance,0,-122.39352939038595,25.06999969482422,1575426508.998989,186.36634826660156,37.74721625518151,8.0,2019-12-03T18:28:28.998989-08:00,30.0,9.58510971069336,1575426509.11742,10.25495860113038,POINT (-122.39352939038595 37.74721625518151),ios,27.061791606711303,-2.7573285457655006,-6.559387195104893
228,distance,0,-122.39356002257479,25.530000686645508,1575426509.9989877,186.01986694335938,37.74697409130724,8.0,2019-12-03T18:28:29.998988-08:00,30.0,9.431819915771484,1575426510.1314979,10.255236378510793,POINT (-122.39356002257479 37.74697409130724),ios,24.304467005335926,-9.316706357591745,26.415280119747738
229,distance,0,-122.39358889153748,25.600000381469727,1575426510.998986,186.01986694335938,37.74675671162965,6.0,2019-12-03T18:28:30.998986-08:00,30.0,9.725276947021484,1575426511.106643,10.25551415582498,POINT (-122.39358889153748 37.74675671162965),ios,14.987776196675423,17.098529676901123,-22.899648521935198
230,distance,0,-122.39360669403867,25.780000686645508,1575426511.9989815,186.01986694335938,37.74662266102278,8.0,2019-12-03T18:28:31.998981-08:00,10.0,9.18270492553711,1575426512.0964699,10.255791932344437,POINT (-122.39360669403867 37.74662266102278),ios,32.08622841804069,-5.801015110702486,10.356485741149461
231,distance,0,-122.39364480607647,26.229999542236328,1575426512.9989762,186.01986694335938,37.746335682145784,8.0,2019-12-03T18:28:32.998976-08:00,30.0,8.288509368896484,1575426513.098024,10.256069708665212,POINT (-122.39364480607647 37.746335682145784),ios,26.285243734873365,4.555416308517448,-17.489098267530732
232,distance,0,-122.39367602764106,26.84000015258789,1575426513.998969,186.01986694335938,37.74610058766997,8.0,2019-12-03T18:28:33.998969-08:00,30.0,7.924831390380859,1575426514.107769,10.256347484456168,POINT (-122.39367602764106 37.74610058766997),ios,30.84062746051431,-12.933556867234522,41.01482415827748
233,distance,0,-122.3937507658831,27.959999084472656,1575426515.9989514,185.8461151123047,37.74554903682346,8.0,2019-12-03T18:28:35.998951-08:00,30.0,8.789241790771484,1575426516.247778,10.256903035110897,POINT (-122.3937507658831 37.74554903682346),ios,4.973741912463839,69.09536782580919,-119.34280702567308
234,distance,0,-122.39375650373405,28.360000610351562,1575426516.998941,185.8461151123047,37.74550453806407,8.0,2019-12-03T18:28:36.998941-08:00,30.0,8.36092758178711,1575426517.117453,10.25718080997467,POINT (-122.39375650373405 37.74550453806407),ios,74.06838489901857,-50.246187243994896,66.56196824535056
235,distance,0,-122.39384457897255,29.149999618530273,1575426517.99893,186.02655029296875,37.74484208323937,8.0,2019-12-03T18:28:37.998930-08:00,30.0,8.257564544677734,1575426518.1359801,10.257458584705988,POINT (-122.39384457897255 37.74484208323937),ios,23.8227487177538,16.315050999300666,-25.06475019919056
236,distance,0,-122.39387303526782,30.440000534057617,1575426518.9989173,186.23463439941406,37.74462902777514,8.0,2019-12-03T18:28:38.998917-08:00,30.0,9.03225326538086,1575426519.177583,10.257736358973714,POINT (-122.39387303526782 37.74462902777514),ios,40.137593557056775,-8.749382477077106,9.281709589417735
237,distance,0,-122.39392240473875,30.110000610351562,1575426519.9989038,186.23463439941406,37.744270183914324,8.0,2019-12-03T18:28:39.998904-08:00,30.0,8.712947845458984,1575426520.165452,10.258014132976532,POINT (-122.39392240473875 37.744270183914324),ios,31.388329982853946,0.5322009752159492,-4.791360174751082
238,distance,0,-122.39396101251718,29.940000534057617,1575426520.998889,186.23463439941406,37.743989561821145,8.0,2019-12-03T18:28:40.998889-08:00,30.0,9.52651596069336,1575426521.154433,10.258291906648212,POINT (-122.39396101251718 37.743989561821145),ios,31.920523091100677,-4.259088373879473,6.010904814827431
239,distance,0,-122.3940002748749,29.989999771118164,1575426521.9988737,186.23463439941406,37.7437041818937,8.0,2019-12-03T18:28:41.998874-08:00,30.0,8.89071273803711,1575426522.10745,10.258569680187437,POINT (-122.3940002748749 37.7437041818937),ios,27.6614997057523,1.7517247218193137,2.4628196227760886
240,distance,0,-122.39403486479388,29.209999084472656,1575426522.9988587,186.34420776367188,37.74345692809773,8.0,2019-12-03T18:28:42.998859-08:00,30.0,9.89425277709961,1575426523.125214,10.25884745379289,POINT (-122.39403486479388 37.74345692809773),ios,29.413198116017305,4.214507352132235,-8.362272217712935
241,distance,0,-122.3940716763724,29.450000762939453,1575426523.9988418,186.34420776367188,37.743194019901836,8.0,2019-12-03T18:28:43.998842-08:00,30.0,10.024776458740234,1575426524.1202312,10.259125226868523,POINT (-122.3940716763724 37.743194019901836),ios,33.62763412615287,-4.147623311385424,13.963024337067498
242,distance,0,-122.3941137624433,29.729999542236328,1575426524.9988246,186.34420776367188,37.74289344129525,8.0,2019-12-03T18:28:44.998825-08:00,30.0,10.30526351928711,1575426525.118973,10.25940299987793,POINT (-122.3941137624433 37.74289344129525),ios,29.480082013440317,9.815161334483662,-28.926362598876217
243,distance,0,-122.3941506576818,30.260000228881836,1575426525.9988065,186.34420776367188,37.742629935599886,8.0,2019-12-03T18:28:45.998806-08:00,30.0,9.817012786865234,1575426526.114081,10.259680772622426,POINT (-122.3941506576818 37.742629935599886),ios,39.295065499045734,-19.110677124140082,21.12368516247522
244,distance,0,-122.39419983665114,31.34000015258789,1575426526.9987879,186.34420776367188,37.74227869953155,8.0,2019-12-03T18:28:46.998788-08:00,30.0,9.867977142333984,1575426527.1234488,10.259958545234468,POINT (-122.39419983665114 37.74227869953155),ios,20.18474376946353,2.012615208572997,-22.152103222135914
245,distance,0,-122.39422509847664,30.049999237060547,1575426527.9987695,186.34420776367188,37.742098279640814,8.0,2019-12-03T18:28:47.998770-08:00,10.0,11.216182708740234,1575426528.150281,10.260236317912737,POINT (-122.39422509847664 37.742098279640814),ios,22.197322029982438,-20.139081340143893,62.1730386243197
246,distance,0,-122.3942528790517,29.09000015258789,1575426528.9987493,186.34420776367188,37.74189987084761,8.0,2019-12-03T18:28:48.998749-08:00,10.0,12.89071273803711,1575426529.13021,10.260514090061188,POINT (-122.3942528790517 37.74189987084761),ios,2.058648819986936,42.032697311536,-69.20922952960794
247,distance,0,-122.39425545551059,26.729999542236328,1575426529.9987297,186.34420776367188,37.74188146978498,8.0,2019-12-03T18:28:49.998730-08:00,16.742411551274685,12.085445404052734,1575426530.133193,10.26079186240832,POINT (-122.39425545551059 37.74188146978498),ios,44.09052437869349,-27.1751791552464,53.61841924876475
248,distance,0,-122.3943116783825,29.139999389648438,1575426530.9987085,186.46511840820312,37.741487463082805,8.0,2019-12-03T18:28:50.998708-08:00,10.0,11.38735580444336,1575426531.134047,10.26106963429186,POINT (-122.3943116783825 37.741487463082805),ios,16.915921860463577,26.4421023506859,-38.66870355372469
249,distance,0,-122.39433324906715,29.459999084472656,1575426531.9986885,186.46511840820312,37.74133629694638,8.0,2019-12-03T18:28:51.998688-08:00,10.0,11.05154037475586,1575426532.1259642,10.261347406506538,POINT (-122.39433324906715 37.74133629694638),ios,43.35749465091792,-12.225826778700808,12.991791756833246
250,distance,0,-122.3943857323547,29.719999313354492,1575426532.9986665,186.13587951660156,37.74094859728398,8.0,2019-12-03T18:28:52.998667-08:00,10.0,11.056270599365234,1575426533.125589,10.261625178191396,POINT (-122.3943857323547 37.74094859728398),ios,31.131936039728014,0.765680009555619,-2.2149825379388894
251,distance,0,-122.39442438887967,30.610000610351562,1575426533.9986458,186.30609130859375,37.74067030074136,6.0,2019-12-03T18:28:53.998646-08:00,5.0,11.051937103271484,1575426534.115759,10.261902950207393,POINT (-122.39442438887967 37.74067030074136),ios,31.89760016723006,-1.4492565842931902,2.5860027052323917
252,distance,0,-122.39446406706956,31.059999465942383,1575426534.9986234,186.30609130859375,37.74038516638866,6.0,2019-12-03T18:28:54.998623-08:00,5.0,11.22762680053711,1575426535.123137,10.262180721759796,POINT (-122.39446406706956 37.74038516638866),ios,30.448376062728254,1.1366881651366914,-19.852988629477007
253,distance,0,-122.39450194251505,30.959999084472656,1575426535.9986005,186.30609130859375,37.74011298686974,6.0,2019-12-03T18:28:55.998600-08:00,10.0,11.14852523803711,1575426536.106773,10.262458493179745,POINT (-122.39450194251505 37.74011298686974),ios,31.585038211137533,-18.715846065491682,52.275811236179315
254,distance,0,-122.39454123189809,30.729999542236328,1575426536.998578,186.30609130859375,37.739830646550445,6.0,2019-12-03T18:28:56.998578-08:00,5.0,11.28365707397461,1575426537.115597,10.26273626473215,POINT (-122.39454123189809 37.739830646550445),ios,12.86961159295586,33.55879359937182,-48.06930183554004
255,distance,0,-122.39455724069559,30.829999923706055,1575426537.9985545,186.30609130859375,37.73971560455576,6.0,2019-12-03T18:28:57.998554-08:00,18.967632311663984,11.37520980834961,1575426538.132266,10.263014035953416,POINT (-122.39455724069559 37.73971560455576),ios,46.42761308937894,-14.509373635318658,10.085251205726863
256,distance,0,-122.39461319348841,30.639999389648438,1575426538.9985318,186.1088409423828,37.73930043166869,6.0,2019-12-03T18:28:58.998532-08:00,5.0,11.933223724365234,1575426539.1325321,10.263291807439591,POINT (-122.39461319348841 37.73930043166869),ios,31.918568087963628,-4.424350858161719,13.015982044739966
257,distance,0,-122.39465355235565,30.549999237060547,1575426539.998508,186.47860717773438,37.73901516780094,6.0,2019-12-03T18:28:59.998508-08:00,5.0,12.69259262084961,1575426540.2788281,10.263569578594632,POINT (-122.39465355235565 37.73901516780094),ios,27.494322714546414,8.591320861383776,-14.255470339188435
258,distance,0,-122.3946886849808,31.40999984741211,1575426540.9984844,186.47860717773438,37.73876947714957,6.0,2019-12-03T18:29:00.998484-08:00,5.0,12.56405258178711,1575426541.119205,10.263847349815899,POINT (-122.3946886849808 37.73876947714957),ios,36.085440791209464,-5.663812999675372,5.886469517502592
259,distance,0,-122.39473358719552,30.469999313354492,1575426541.998461,186.30816650390625,37.73844690915519,6.0,2019-12-03T18:29:01.998461-08:00,5.0,13.090694427490234,1575426542.117007,10.264125121103392,POINT (-122.39473358719552 37.73844690915519),ios,30.421760126642365,0.22251898034478734,0.08943178771324212
260,distance,0,-122.39477144189975,30.709999084472656,1575426542.9984372,186.30816650390625,37.73817496898256,6.0,2019-12-03T18:29:02.998437-08:00,5.0,13.56960678100586,1575426543.123578,10.264402892258433,POINT (-122.39477144189975 37.73817496898256),ios,30.64427380172124,0.31194863583805416,-0.8680849745734222
261,distance,0,-122.39480957342816,31.010000228881836,1575426543.998412,186.30816650390625,37.73790104016372,6.0,2019-12-03T18:29:03.998412-08:00,5.0,12.89822006225586,1575426544.111388,10.264680663016108,POINT (-122.39480957342816 37.73790104016372),ios,30.95621455387814,-0.5561144001712333,0.007270609030604882
262,distance,0,-122.39484809317575,31.010000228881836,1575426544.9983883,186.30816650390625,37.73762432246049,6.0,2019-12-03T18:29:04.998388-08:00,5.0,12.86037826538086,1575426545.1112041,10.264958434237375,POINT (-122.39484809317575 37.73762432246049),ios,30.400113279919413,-0.5488439627520075,3.343673598756809
263,distance,0,-122.39488525326887,30.940000534057617,1575426545.998363,186.19580078125,37.73735251861207,6.0,2019-12-03T18:29:05.998363-08:00,5.0,12.41537094116211,1575426546.122689,10.26523620499505,POINT (-122.39488525326887 37.73735251861207),ios,29.851283187754767,2.7947451334505113,-4.741794271026784
264,distance,0,-122.39492743072334,30.84000015258789,1575426546.9983382,187.18313598632812,37.737086146459596,6.0,2019-12-03T18:29:06.998338-08:00,10.0,12.405818939208984,1575426547.128011,10.26551397588518,POINT (-122.39492743072334 37.737086146459596),ios,32.64595902401226,-1.9469315622636132,1.7870088473416317
265,distance,0,-122.3949687672149,30.8799991607666,1575426547.9983134,186.41952514648438,37.736794387242135,6.0,2019-12-03T18:29:07.998313-08:00,10.0,13.177669525146484,1575426548.171027,10.265791746775308,POINT (-122.3949687672149 37.736794387242135),ios,30.69907573695294,-0.15996702475744495,-3.018430972889888
266,distance,0,-122.39500528632728,30.799999237060547,1575426548.9982882,185.84881591796875,37.73651982555473,6.0,2019-12-03T18:29:08.998288-08:00,10.0,13.411067962646484,1575426549.1278071,10.266069517532985,POINT (-122.39500528632728 37.73651982555473),ios,30.539112754941232,-3.1783217147448237,2.97214483732314
267,distance,0,-122.39502235327139,30.700000762939453,1575426549.998263,187.03125,37.73624551951674,6.0,2019-12-03T18:29:09.998263-08:00,10.0,13.904720306396484,1575426550.124542,10.26634728829066,POINT (-122.39502235327139 37.73624551951674),ios,27.360871363916807,-0.20625199056387739,-0.2522254520463035
268,distance,0,-122.39560150102287,-1.0,1575426565.26685,-1.0,37.732516520496425,14.465389251708984,2019-12-03T18:29:25.266850-08:00,226.07907230004298,13.904720306396484,1575426565.4075952,10.270588562488555,POINT (-122.39560150102287 37.732516520496425),ios,24.211694878880824,-4.05737827710408,48.32672231822619
269,distance,0,-122.39560418050334,-1.0,1575426565.346685,-1.0,37.73249926680852,14.465389251708984,2019-12-03T18:29:25.346685-08:00,226.08757019598582,13.904720306396484,1575426565.452924,10.270610738860237,POINT (-122.39560418050334 37.73249926680852),ios,23.887774335485577,-0.19921739470197586,55.22316775884481
270,distance,0,-122.3956587362016,-1.0,1575426566.99421,-1.0,37.732147972222066,14.465389251708984,2019-12-03T18:29:26.994210-08:00,229.7542888806812,13.904720306396484,1575426567.1599889,10.271068384713598,POINT (-122.3956587362016 37.732147972222066),ios,23.559558682916073,90.78233604865653,-713.2956875121213
271,distance,0,-122.39566265116753,-1.0,1575426567.114085,-1.0,37.73212276300684,14.465389251708984,2019-12-03T18:29:27.114085-08:00,229.77473369794197,13.904720306396484,1575426567.2036362,10.271101683311992,POINT (-122.39566265116753 37.73212276300684),ios,34.442087061063226,5.276048160226298,-2.2231202253069746
272,distance,0,-122.39595019802967,32.72305413084245,1575426574.9976044,185.6334731876575,37.72969149438895,15.245943069458008,2019-12-03T18:29:34.997604-08:00,310.1897169342009,13.887303352355957,1575426575.194824,10.273291549815072,POINT (-122.39595019802967 37.72969149438895),ios,76.0359151460373,-12.249963289161423,-7.442792674084947
273,distance,0,-122.39609211938357,32.92605696253989,1575426575.9975774,185.93692937421508,37.72901698124123,12.99066162109375,2019-12-03T18:29:35.997577-08:00,200.0,13.657979965209961,1575426576.1019912,10.273569320109155,POINT (-122.39609211938357 37.72901698124123),ios,63.78628188680496,-19.69255544474028,20.874059251533414
274,distance,0,-122.39633110647344,32.98285713217476,1575426576.9975505,186.58199182724462,37.72847538972977,10.0,2019-12-03T18:29:36.997550-08:00,200.0,12.909446716308594,1575426577.16326,10.273847090403239,POINT (-122.39633110647344 37.72847538972977),ios,44.09425698509762,1.1809414325123428,-9.042520905774168
275,distance,0,-122.39647301872438,33.50481766781989,1575426577.9975233,185.4425023931969,37.72809506807691,10.0,2019-12-03T18:29:37.997523-08:00,200.0,12.736584663391113,1575426578.1316528,10.274124860631096,POINT (-122.39647301872438 37.72809506807691),ios,45.275166319954835,-7.861333700093438,6.219475993799404
276,distance,0,-122.39656764094009,33.470001220703125,1575426578.9974966,185.2734375,37.72769484672484,8.0,2019-12-03T18:29:38.997497-08:00,100.0,12.49416732788086,1575426579.128856,10.274402630991405,POINT (-122.39656764094009 37.72769484672484),ios,37.41404254011859,-1.6420237842205037,2.3018373183873795
277,distance,0,-122.39663092430904,35.06999969482422,1575426579.9974694,183.515625,37.72736212707844,6.0,2019-12-03T18:29:39.997469-08:00,100.0,12.579219818115234,1575426580.119273,10.274680401219262,POINT (-122.39663092430904 37.72736212707844),ios,35.772063385641516,0.6597509708776398,-2.265485165190834
278,distance,0,-122.39666436810269,34.66999816894531,1575426580.9974422,184.21875,37.72704151928213,6.0,2019-12-03T18:29:40.997442-08:00,100.0,12.551570892333984,1575426581.146405,10.274958171447118,POINT (-122.39666436810269 37.72704151928213),ios,36.431796424673806,-1.6056726190652315,-0.5701353172149238
279,distance,0,-122.396736536289,34.959999084472656,1575426581.997415,184.21875,37.72671889982906,6.0,2019-12-03T18:29:41.997415-08:00,50.0,12.65499496459961,1575426582.149215,10.275235941674975,POINT (-122.396736536289 37.72671889982906),ios,34.82616744733759,-2.1757924401630016,-6.950072577168346
280,distance,0,-122.39673745829835,34.68000030517578,1575426582.9973876,184.5703125,37.726405710017055,6.0,2019-12-03T18:29:42.997388-08:00,100.0,12.494014739990234,1575426583.142951,10.275513711836602,POINT (-122.39673745829835 37.726405710017055),ios,32.65043466334892,-9.12567445929207,14.034276328399637
281,distance,0,-122.39673988905027,34.060001373291016,1575426583.9973602,184.921875,37.726112091948956,8.0,2019-12-03T18:29:43.997360-08:00,100.0,12.190792083740234,1575426584.130711,10.275791481998231,POINT (-122.39673988905027 37.726112091948956),ios,23.52501041304571,4.90821707540216,3.1556344128400893
282,distance,0,-122.396720694492,32.689998626708984,1575426584.9973335,185.9765625,37.72590107753661,8.0,2019-12-03T18:29:44.997334-08:00,100.0,11.83083724975586,1575426585.1297069,10.276069252358543,POINT (-122.396720694492 37.72590107753661),ios,28.433096424912073,8.063767223712487,20.796332184317645
283,distance,0,-122.39649689223099,33.040000915527344,1575426585.9973063,186.2572021484375,37.7257165596889,8.0,2019-12-03T18:29:45.997306-08:00,100.0,11.694087982177734,1575426586.113805,10.276347022586398,POINT (-122.39649689223099 37.7257165596889),ios,36.49664447770526,28.85953416958556,-61.61605368483744
284,distance,0,-122.39654193414488,33.290000915527344,1575426586.9972792,186.2572021484375,37.72539028563938,8.0,2019-12-03T18:29:46.997279-08:00,100.0,11.756038665771484,1575426587.102378,10.276624792814255,POINT (-122.39654193414488 37.72539028563938),ios,65.35539425328997,-32.754844808287366,44.59889654596757
285,distance,0,-122.39662259174698,33.18000030517578,1575426587.997252,186.2572021484375,37.724806019115654,6.0,2019-12-03T18:29:47.997252-08:00,50.0,13.322322845458984,1575426588.1230478,10.27690256304211,POINT (-122.39662259174698 37.724806019115654),ios,32.601439712448204,11.842839552248183,-18.23527662436264
286,distance,0,-122.396662826433,34.5099983215332,1575426588.9972248,186.2572021484375,37.72451456760289,6.0,2019-12-03T18:29:48.997225-08:00,50.0,13.901912689208984,1575426589.1059608,10.277180333269968,POINT (-122.396662826433 37.72451456760289),ios,44.44395737965683,-6.391941442437837,7.073730293456489
287,distance,0,-122.39678238275248,33.90999984741211,1575426589.9971976,196.19737243652344,37.72412623242536,6.0,2019-12-03T18:29:49.997198-08:00,50.0,13.82345199584961,1575426590.108086,10.277458103497823,POINT (-122.39678238275248 37.72412623242536),ios,38.05218966838498,0.6815965890239437,1.8634027447557293
288,distance,0,-122.39690259727466,33.56999969482422,1575426590.997171,196.19737243652344,37.72379750580747,6.0,2019-12-03T18:29:50.997171-08:00,30.0,13.786983489990234,1575426591.116754,10.277735873858134,POINT (-122.39690259727466 37.72379750580747),ios,38.733768056816416,2.544949575558187,-17.10723706165214
289,distance,0,-122.39702496488108,33.869998931884766,1575426591.9971433,196.19737243652344,37.72346289158061,6.0,2019-12-03T18:29:51.997143-08:00,30.0,13.558773040771484,1575426592.11674,10.278013643953535,POINT (-122.39702496488108 37.72346289158061),ios,41.27864724783625,-14.561814358848249,30.80318036734292
290,distance,0,-122.39715537224647,33.97999954223633,1575426592.9971159,196.19737243652344,37.72310629263233,6.0,2019-12-03T18:29:52.997116-08:00,30.0,13.449275970458984,1575426593.120367,10.278291414115165,POINT (-122.39715537224647 37.72310629263233),ios,26.717232146803184,16.240521442687747,-23.438228055880796
291,distance,0,-122.39723977729228,34.0,1575426593.9970894,196.19737243652344,37.722875487029704,6.0,2019-12-03T18:29:53.997089-08:00,30.0,13.402339935302734,1575426594.12325,10.278569184541702,POINT (-122.39723977729228 37.722875487029704),ios,42.9573237928238,-7.197086333090749,6.677340113213193
292,distance,0,-122.39750652444555,34.709999084472656,1575426595.9970345,195.9255828857422,37.7221322267311,6.0,2019-12-03T18:29:55.997035-08:00,30.0,13.08736801147461,1575426596.112615,10.27912472486496,POINT (-122.39750652444555 37.7221322267311),ios,28.56354578803466,6.157227732888984,-8.238598730516399
293,distance,0,-122.39759528668033,34.65999984741211,1575426596.9970074,195.9255828857422,37.72188513695133,6.0,2019-12-03T18:29:56.997007-08:00,30.0,12.95101547241211,1575426597.0992842,10.279402495092816,POINT (-122.39759528668033 37.72188513695133),ios,34.72060616921009,-2.0811470748370593,-15.346333812664867
294,distance,0,-122.39770454395223,34.58000183105469,1575426597.9969797,196.16441345214844,37.72158509374281,6.0,2019-12-03T18:29:57.996980-08:00,30.0,12.58388900756836,1575426598.108549,10.279680265188217,POINT (-122.39770454395223 37.72158509374281),ios,32.63951665173194,-17.42705646077409,43.92340056439025
295,distance,0,-122.39780745406388,34.45000076293945,1575426598.9969525,196.16441345214844,37.7213030804822,8.0,2019-12-03T18:29:58.996953-08:00,30.0,12.21364974975586,1575426599.109371,10.279958035416072,POINT (-122.39780745406388 37.7213030804822),ios,15.212933853438328,26.495150277974446,-28.233898932151572
296,distance,0,-122.39785541940365,34.2599983215332,1575426599.996926,196.16441345214844,37.72117163701529,8.0,2019-12-03T18:29:59.996926-08:00,30.0,12.00558090209961,1575426600.1146932,10.280235805842612,POINT (-122.39785541940365 37.72117163701529),ios,41.70738295150763,-1.73800145922381,-3.6616434329330123
297,distance,0,-122.39811877078871,33.939998626708984,1575426601.996871,196.18653869628906,37.7204509942783,8.0,2019-12-03T18:30:01.996871-08:00,30.0,13.32345199584961,1575426602.112739,10.280791346099642,POINT (-122.39811877078871 37.7204509942783),ios,38.23147575295468,-9.061086661206385,12.308430501615701
298,distance,0,-122.39823947261984,34.150001525878906,1575426602.9968443,196.18653869628906,37.720120702117825,8.0,2019-12-03T18:30:02.996844-08:00,30.0,14.63772201538086,1575426603.1021209,10.281069116459953,POINT (-122.39823947261984 37.720120702117825),ios,29.170631048865864,3.2470151698560654,-3.6335840964373363
299,distance,0,-122.39833156811461,33.560001373291016,1575426603.9968174,196.18653869628906,37.71986868920583,8.0,2019-12-03T18:30:03.996817-08:00,50.0,15.969600677490234,1575426604.0885649,10.281346886754037,POINT (-122.39833156811461 37.71986868920583),ios,32.41755873991396,-0.38647103310409414,-5.55948676471903
300,distance,0,-122.39843391453174,33.36000061035156,1575426604.9967902,196.18653869628906,37.71958862535827,8.0,2019-12-03T18:30:04.996790-08:00,50.0,17.44900131225586,1575426605.088544,10.281624656981892,POINT (-122.39843391453174 37.71958862535827),ios,32.031098210983565,-5.945806692540536,5.743236617751117
301,distance,0,-122.3985350408379,33.150001525878906,1575426605.9967632,196.18653869628906,37.719311900259456,8.0,2019-12-03T18:30:05.996763-08:00,50.0,19.154781341552734,1575426606.102456,10.281902427275975,POINT (-122.3985350408379 37.719311900259456),ios,26.085451706201535,-0.2027248050468835,0.0014865918957862373
302,distance,0,-122.40068715758309,-1.0,1575426638.3496032,-1.0,37.711915581137454,19.673534393310547,2019-12-03T18:30:38.349603-08:00,634.7607548142754,19.154781341552734,1575426638.509139,10.290889327261183,POINT (-122.40068715758309 37.711915581137454),ios,19.52672853528426,-0.15462933537638043,-0.3714942759496313
303,distance,0,-122.40086208736065,-1.0,1575426641.6057072,-1.0,37.711360781834436,19.673534393310547,2019-12-03T18:30:41.605707-08:00,643.116043540419,19.154781341552734,1575426641.963104,10.291793800592423,POINT (-122.40086208736065 37.711360781834436),ios,19.023239339013458,-1.3642533304728135,779.678451704105
304,distance,0,-122.40086595275855,-1.0,1575426641.6795611,-1.0,37.71134852251478,19.673534393310547,2019-12-03T18:30:41.679561-08:00,643.12053789291,19.154781341552734,1575426642.006331,10.29181431558397,POINT (-122.40086595275855 37.71134852251478),ios,18.922483815053525,56.21809531916579,-109.87875024713065
305,distance,0,-122.40089752109532,-1.0,1575426642.285931,-1.0,37.7112484018179,19.673534393310547,2019-12-03T18:30:42.285931-08:00,643.4133219302425,19.154781341552734,1575426642.339242,10.291982751687367,POINT (-122.40089752109532 37.7112484018179),ios,53.01144871250358,-10.409079416744481,0.1670280613472893
306,distance,0,-122.40116792952635,26.624306726309293,1575426643.995926,192.66553440112457,37.71046174101537,19.040281295776367,2019-12-03T18:30:43.995926-08:00,400.0,19.297147750854492,1575426644.133182,10.292457750240962,POINT (-122.40116792952635 37.71046174101537),ios,35.211977110589984,-10.123462301566049,10.5911322435007
307,distance,0,-122.40126356004811,26.548335294197727,1575426644.9960485,192.6581135396036,37.71015420213169,18.830659866333008,2019-12-03T18:30:44.996048-08:00,400.0,19.352537155151367,1575426645.089538,10.292735562059615,POINT (-122.40126356004811 37.71015420213169),ios,25.087274207574207,0.4689678550027458,0.3112512374810086
308,distance,0,-122.40128198241683,26.801918300435272,1575426645.9961615,190.52165000701044,37.70992903252766,18.634599685668945,2019-12-03T18:30:45.996161-08:00,400.0,19.40604591369629,1575426646.170217,10.293013371229172,POINT (-122.40128198241683 37.70992903252766),ios,25.55629506082488,0.7802542671126239,-0.03242502903173314
309,distance,0,-122.40134068752506,26.415018606030507,1575426646.9962661,189.3099208727883,37.70970391595622,18.451032638549805,2019-12-03T18:30:46.996266-08:00,200.0,19.433130264282227,1575426647.171174,10.293291178080771,POINT (-122.40134068752506 37.70970391595622),ios,26.33663099384042,0.7478258442907065,-0.8886353813123187
310,distance,0,-122.40139804447836,26.4858900926765,1575426647.9963622,188.86534003758402,37.709471429022734,18.279006958007812,2019-12-03T18:30:47.996362-08:00,200.0,19.43234634399414,1575426648.16973,10.293568982548184,POINT (-122.40139804447836 37.709471429022734),ios,27.084528691247936,-0.14089491949714775,1.8355265292591485
311,distance,0,-122.40145514080629,26.525277433560134,1575426648.996451,187.0106421577441,37.70923205497195,18.117656707763672,2019-12-03T18:30:48.996451-08:00,200.0,19.393863677978516,1575426649.15095,10.293846784962549,POINT (-122.40145514080629 37.70923205497195),ios,26.943621275539247,1.694794405751248,15.284195249975722
312,distance,0,-122.40149863075688,26.56999969482422,1575426649.996532,185.2734375,37.70899218044961,96.0,2019-12-03T18:30:49.996532-08:00,100.0,16.950557708740234,1575426650.1462831,10.294124585257636,POINT (-122.40149863075688 37.70899218044961),ios,28.638553065251685,16.9802286280058,12.354323349634585
313,distance,0,-122.40154003735854,26.729999542236328,1575426650.9966068,185.2734375,37.708736700040944,64.0,2019-12-03T18:30:50.996607-08:00,50.0,14.92208480834961,1575426651.132328,10.294402383830812,POINT (-122.40154003735854 37.708736700040944),ios,45.62005289147993,29.335476864709083,-88.50839033148729
314,distance,0,-122.40156241704001,27.1200008392334,1575426651.9966755,182.4609375,37.70832678306634,64.0,2019-12-03T18:30:51.996675-08:00,50.0,24.726070404052734,1575426652.1578069,10.294680180682077,POINT (-122.40156241704001 37.70832678306634),ios,74.95754406352988,-59.178990855640684,70.39951623500409
315,distance,0,-122.40197178919091,26.940000534057617,1575426652.996737,180.703125,37.70773552361662,64.0,2019-12-03T18:30:52.996737-08:00,50.0,96.78512191772461,1575426653.181195,10.294957975546518,POINT (-122.40197178919091 37.70773552361662),ios,15.774912990193776,11.224855793941986,-13.855423816709452
316,distance,0,-122.40191420551612,27.079999923706055,1575426653.9967928,180.703125,37.70760116170878,8.0,2019-12-03T18:30:53.996793-08:00,50.0,10.762752532958984,1575426654.143568,10.295235768821504,POINT (-122.40191420551612 37.70760116170878),ios,27.00039501825131,-2.6313410161349258,11.21132769873807
317,distance,0,-122.40191688772514,27.149999618530273,1575426654.9968448,180.703125,37.7073583379739,8.0,2019-12-03T18:30:54.996845-08:00,30.0,11.14016342163086,1575426655.163041,10.295513561036852,POINT (-122.40191688772514 37.7073583379739),ios,24.368917237508594,8.580569394165856,-11.660100792998383
318,distance,0,-122.40182059340567,27.030000686645508,1575426655.9968915,180.03309631347656,37.70715283968831,8.0,2019-12-03T18:30:55.996891-08:00,30.0,10.867916107177734,1575426656.1648688,10.295791351795197,POINT (-122.40182059340567 37.70715283968831),ios,32.949887602038366,-3.0800762758265243,1.4045747889698663
319,distance,0,-122.40182080882052,27.530000686645508,1575426656.9969337,180.03309631347656,37.70685650177403,8.0,2019-12-03T18:30:56.996934-08:00,30.0,10.92739486694336,1575426657.154066,10.296069141295222,POINT (-122.40182080882052 37.70685650177403),ios,29.869681346720412,-1.6754422136762572,-3.7715561685915806
320,distance,0,-122.40182100409721,28.3700008392334,1575426657.9969716,180.03309631347656,37.706587867137316,8.0,2019-12-03T18:30:57.996972-08:00,30.0,10.210506439208984,1575426658.184345,10.296346929603153,POINT (-122.40182100409721 37.706587867137316),ios,28.194175619452395,-5.44714135650881,0.7569559726806295
321,distance,0,-122.40182118841916,28.389999389648438,1575426658.9970045,180.03309631347656,37.70633430252384,8.0,2019-12-03T18:30:58.997005-08:00,30.0,9.92599105834961,1575426659.156481,10.29662471652031,POINT (-122.40182118841916 37.70633430252384),ios,22.746855042384656,-4.690160478641473,18.740517996968993
322,distance,0,-122.4018213371282,28.549999237060547,1575426659.9970336,180.03309631347656,37.706129729225346,8.0,2019-12-03T18:30:59.997034-08:00,30.0,9.46517562866211,1575426660.107871,10.296902502377828,POINT (-122.4018213371282 37.706129729225346),ios,18.05655814073274,14.050902625023562,-0.41652980805261774
323,distance,0,-122.4018214551739,30.920000076293945,1575426660.9970613,180.03309631347656,37.705967338232504,8.0,2019-12-03T18:31:00.997061-08:00,30.0,9.030025482177734,1575426661.1397429,10.297180287837982,POINT (-122.4018214551739 37.705967338232504),ios,32.10784936532002,13.634361297191326,-24.426037617880333
324,distance,0,-122.40182166507945,31.0,1575426661.9970827,180.03309631347656,37.70567857925776,8.0,2019-12-03T18:31:01.997083-08:00,30.0,8.890377044677734,1575426662.117513,10.297458071576225,POINT (-122.40182166507945 37.70567857925776),ios,45.74250322416562,-10.792200446595379,6.816145404402473
325,distance,0,-122.40182196412131,31.34000015258789,1575426662.9971027,180.03309631347656,37.70526719887259,8.0,2019-12-03T18:31:02.997103-08:00,30.0,8.667964935302734,1575426663.142776,10.297735854917102,POINT (-122.40182196412131 37.70526719887259),ios,34.95008664043819,-3.975918534153915,10.624947527643098
326,distance,0,-122.40182219260676,31.31999969482422,1575426663.9971187,180.03309631347656,37.70495288022327,8.0,2019-12-03T18:31:03.997119-08:00,30.0,8.70443344116211,1575426664.100019,10.298013637132115,POINT (-122.40182219260676 37.70495288022327),ios,30.974104594783487,6.649198716876985,-18.167792647428954
327,distance,0,-122.40182239509873,31.25,1575426664.9971318,180.03309631347656,37.704674319801754,8.0,2019-12-03T18:31:04.997132-08:00,30.0,8.661739349365234,1575426665.102612,10.298291418552399,POINT (-122.40182239509873 37.704674319801754),ios,37.623390502748535,-11.518832165213931,21.27265937009852
328,distance,0,-122.40182264105984,30.040000915527344,1575426665.9971437,180.03309631347656,37.70433596054453,8.0,2019-12-03T18:31:05.997144-08:00,30.0,8.31081771850586,1575426666.099391,10.298569199641546,POINT (-122.40182264105984 37.70433596054453),ios,26.104421022354718,9.754080794745624,-12.274953769936877
329,distance,0,-122.40182281171589,30.170000076293945,1575426666.9971535,180.03309631347656,37.70410119559016,8.0,2019-12-03T18:31:06.997154-08:00,30.0,8.37105941772461,1575426667.098774,10.298846980134647,POINT (-122.40182281171589 37.70410119559016),ios,35.858597164817766,-2.5209929648497442,-14.712840776897457
330,distance,0,-122.40182233743433,30.65999984741211,1575426667.9971595,179.88180541992188,37.70377870977444,8.0,2019-12-03T18:31:07.997159-08:00,30.0,8.22573471069336,1575426668.100344,10.299124759568109,POINT (-122.40182233743433 37.70377870977444),ios,33.33758917367901,-17.233921437112016,31.099709853592593
331,distance,0,-122.40182155903445,30.09000015258789,1575426668.9971638,179.88180541992188,37.703478896977984,8.0,2019-12-03T18:31:08.997164-08:00,30.0,8.25979232788086,1575426669.0848641,10.29940253853798,POINT (-122.40182155903445 37.703478896977984),ios,16.103593776599887,13.865921881955984,-16.33885949093071
332,distance,0,-122.40182171627548,29.420000076293945,1575426669.9971664,180.05384826660156,37.70333407355344,8.0,2019-12-03T18:31:09.997166-08:00,30.0,7.755001068115234,1575426670.1109052,10.299680317044258,POINT (-122.40182171627548 37.70333407355344),ios,29.969552023383194,-2.4729804593390274,11.694441421095746
333,distance,0,-122.40182203512718,29.670000076293945,1575426670.9971678,180.05384826660156,37.703064550629406,8.0,2019-12-03T18:31:10.997168-08:00,30.0,7.669948577880859,1575426671.099895,10.2999580952194,POINT (-122.40182203512718 37.703064550629406),ios,27.496568026417243,9.221477690789362,-15.145682545193146
334,distance,0,-122.4018223276674,29.350000381469727,1575426671.9971662,180.05384826660156,37.70281726857328,8.0,2019-12-03T18:31:11.997166-08:00,30.0,7.353511810302734,1575426672.164017,10.300235872533586,POINT (-122.4018223276674 37.70281726857328),ios,36.71803032720535,-5.924179577318999,7.708237352324403
335,distance,0,-122.40182271831567,31.709999084472656,1575426672.997163,180.05384826660156,37.7024870565614,8.0,2019-12-03T18:31:12.997163-08:00,30.0,7.410823822021484,1575426673.112811,10.300513649450409,POINT (-122.40182271831567 37.7024870565614),ios,30.79386911153455,1.7840338837744438,0.5720586426952962
336,distance,0,-122.40182304593564,31.739999771118164,1575426673.997159,180.05384826660156,37.70221012188695,8.0,2019-12-03T18:31:13.997159-08:00,30.0,7.719142913818359,1575426674.110667,10.30079142610232,POINT (-122.40182304593564 37.70221012188695),ios,32.57789576441299,2.356090207849791,-8.273086347870107
337,distance,0,-122.40182339253586,32.150001525878906,1575426674.9971542,180.05384826660156,37.701917143356965,8.0,2019-12-03T18:31:14.997154-08:00,10.0,7.918270111083984,1575426675.117631,10.301069202555551,POINT (-122.40182339253586 37.701917143356965),ios,34.93397473754919,-5.91695669087048,10.219572796945595
338,distance,0,-122.40182376420152,31.93000030517578,1575426675.9971464,180.05386352539062,37.70160297718379,8.0,2019-12-03T18:31:15.997146-08:00,10.0,7.716854095458984,1575426676.122098,10.301346978147825,POINT (-122.40182376420152 37.70160297718379),ios,29.01706460018814,4.302535700386282,-2.8101633766970857
339,distance,0,-122.40182407291657,32.33000183105469,1575426676.9971383,180.05386352539062,37.70134202268213,8.0,2019-12-03T18:31:16.997138-08:00,10.0,7.486049652099609,1575426677.1373901,10.301624753673872,POINT (-122.40182407291657 37.70134202268213),ios,33.31956542322318,1.4923951035246132,-4.175922974114453
340,distance,0,-122.40182423221997,32.29999923706055,1575426677.997128,180.0,37.7010423757298,8.0,2019-12-03T18:31:17.997128-08:00,10.0,7.351131439208984,1575426678.199067,10.301902528603872,POINT (-122.40182423221997 37.7010423757298),ios,34.81194522671483,-2.683485059032097,1.3329154260471492
341,distance,0,-122.40182423221997,32.16999816894531,1575426678.9971185,180.0,37.700729307370615,8.0,2019-12-03T18:31:18.997118-08:00,10.0,7.199642181396484,1575426679.129231,10.302180303732554,POINT (-122.40182423221997 37.700729307370615),ios,32.12848575939053,-1.3505823446570255,3.5406642022414343
342,distance,0,-122.40182423221997,32.52000045776367,1575426679.9971066,180.0,37.70044037240094,8.0,2019-12-03T18:31:19.997107-08:00,10.0,7.768306732177734,1575426680.1137571,10.302458078198963,POINT (-122.40182423221997 37.70044037240094),ios,30.777919514929682,2.1900396495780003,0.237297614848283
343,distance,0,-122.40182307496387,32.77000045776367,1575426680.9970932,179.61383056640625,37.700163585130994,8.0,2019-12-03T18:31:20.997093-08:00,10.0,8.188045501708984,1575426681.1208239,10.302735852268007,POINT (-122.40182307496387 37.700163585130994),ios,32.96792992432376,2.4273340961613146,-2.367798405205306
344,distance,0,-122.40182056004791,32.779998779296875,1575426681.9970796,179.6138153076172,37.69986710812097,8.0,2019-12-03T18:31:21.997080-08:00,10.0,8.36269760131836,1575426682.111459,10.303013626270824,POINT (-122.40182056004791 37.69986710812097),ios,35.39523103335694,0.0595678690024964,-0.6500607253032983
345,distance,0,-122.40183053339815,33.13999938964844,1575426682.9970665,181.6981201171875,37.699548893163694,8.0,2019-12-03T18:31:22.997066-08:00,10.0,8.20406723022461,1575426683.123019,10.303291400406096,POINT (-122.40183053339815 37.699548893163694),ios,35.45479812124467,-0.5904843320403067,0.876730555121865
346,distance,0,-122.4018462180915,32.81999969482422,1575426683.99705,180.2891082763672,37.69923028735614,8.0,2019-12-03T18:31:23.997050-08:00,10.0,7.909725189208984,1575426684.115738,10.303569173614184,POINT (-122.4018462180915 37.69923028735614),ios,34.86432350319241,0.2862318000906871,-11.729132826217853
347,distance,0,-122.40184763978148,32.709999084472656,1575426684.997034,180.14907836914062,37.69891675198856,8.0,2019-12-03T18:31:24.997034-08:00,10.0,7.965053558349609,1575426685.115423,10.303846946954728,POINT (-122.40184763978148 37.69891675198856),ios,35.1505507310035,-11.442713664433937,17.830055983330112
348,distance,0,-122.40184867491747,32.790000915527344,1575426685.9970176,180.14907836914062,37.69860064175269,8.0,2019-12-03T18:31:25.997018-08:00,10.0,7.325466156005859,1575426686.1181412,10.304124720162816,POINT (-122.40184867491747 37.69860064175269),ios,23.708025309301334,6.387048998749887,-5.435788651986923
349,distance,0,-122.40184937308594,32.529998779296875,1575426686.9970002,180.14907836914062,37.69838743478525,8.0,2019-12-03T18:31:26.997000-08:00,10.0,6.738918304443359,1575426687.1189342,10.304402493105995,POINT (-122.40184937308594 37.69838743478525),ios,30.094963144297495,0.9513549542524544,10.789630781667523
350,distance,0,-122.40185008957094,33.0099983215332,1575426687.9969826,180.1024627685547,37.69811678964823,12.0,2019-12-03T18:31:27.996983-08:00,10.0,6.976009368896484,1575426688.1116982,10.304680265982945,POINT (-122.40185008957094 37.69811678964823),ios,31.046301313818415,11.740795374735418,-20.535604773209098
351,distance,0,-122.40185071791943,33.0099983215332,1575426688.996964,180.1024627685547,37.69783758918764,8.0,2019-12-03T18:31:28.996964-08:00,10.0,6.295589447021484,1575426689.115634,10.304958038594988,POINT (-122.40185071791943 37.69783758918764),ios,42.78687834910127,-8.794427505036222,13.813084415452753
352,distance,0,-122.40185158388572,34.0099983215332,1575426689.9969447,180.1024627685547,37.69745280558728,8.0,2019-12-03T18:31:29.996945-08:00,10.0,5.594387054443359,1575426690.124891,10.305235811008348,POINT (-122.40185158388572 37.69745280558728),ios,33.99262068121274,5.018390153443825,-6.938902239326377
353,distance,0,-122.40185227186497,33.599998474121094,1575426690.996926,180.1024627685547,37.697147108774814,8.0,2019-12-03T18:31:30.996926-08:00,10.0,5.257961273193359,1575426691.12457,10.305513583620389,POINT (-122.40185227186497 37.697147108774814),ios,39.010917509415485,-1.9203830455519828,6.858484780391605
354,distance,0,-122.40185381199406,34.25,1575426691.9969053,180.218505859375,37.696796284558665,8.0,2019-12-03T18:31:31.996905-08:00,10.0,5.621242523193359,1575426692.123973,10.305791355636385,POINT (-122.40185381199406 37.696796284558665),ios,37.090574297248246,4.937959473292559,-15.093591275239277
355,distance,0,-122.40185541287615,34.77000045776367,1575426692.9968843,180.218505859375,37.696462730413934,8.0,2019-12-03T18:31:32.996884-08:00,10.0,5.574977874755859,1575426693.125798,10.306069127586152,POINT (-122.40185541287615 37.696462730413934),ios,42.02843016802805,-10.155315125799206,5.78686284400288
356,distance,0,-122.40185597593454,36.59000015258789,1575426693.9968636,179.87863159179688,37.696084767763416,8.0,2019-12-03T18:31:33.996864-08:00,10.0,5.599483489990234,1575426694.125237,10.306346899602149,POINT (-122.40185597593454 37.696084767763416),ios,31.873325688003675,-4.368572315314981,10.883686443779869
357,distance,0,-122.40185521178513,35.5099983215332,1575426694.996842,179.87863159179688,37.69579813091576,8.0,2019-12-03T18:31:34.996842-08:00,10.0,4.843959808349609,1575426695.119182,10.306624671353234,POINT (-122.40185521178513 37.69579813091576),ios,27.50484815362987,6.514877995016673,-6.535596650935736
358,distance,0,-122.40185140810117,33.599998474121094,1575426695.996821,179.15744018554688,37.695550797375105,8.0,2019-12-03T18:31:35.996821-08:00,10.0,3.9345970153808594,1575426696.104996,10.306902443303002,POINT (-122.40185140810117 37.695550797375105),ios,34.01958946106654,-0.02058153364435884,0.11068482142892117
359,distance,0,-122.40184574649162,33.650001525878906,1575426696.996799,179.15744018554688,37.69524489136889,8.0,2019-12-03T18:31:36.996799-08:00,10.0,4.077907562255859,1575426697.108179,10.307180214987861,POINT (-122.40184574649162 37.69524489136889),ios,33.99900837886802,0.09010085996731983,-0.04432907708403262
360,distance,0,-122.40182640923793,33.79999923706055,1575426697.9967754,175.9819793701172,37.69493952126168,8.0,2019-12-03T18:31:37.996775-08:00,10.0,4.380458831787109,1575426698.1166692,10.307457986209128,POINT (-122.40182640923793 37.69493952126168),ios,34.08910711214516,0.04577282920196876,-1.374297520287811
361,distance,0,-122.40179937528957,33.720001220703125,1575426698.9967532,175.9819793701172,37.694633704588405,8.0,2019-12-03T18:31:38.996753-08:00,5.0,4.193660736083984,1575426699.123403,10.307735757827759,POINT (-122.40179937528957 37.694633704588405),ios,34.13487892642949,-1.3284942188860716,5.20846537046283
362,distance,0,-122.40177158400549,34.380001068115234,1575426699.9967296,175.8442840576172,37.69432751818121,8.0,2019-12-03T18:31:39.996730-08:00,5.0,4.009090423583984,1575426700.119923,10.308013529049026,POINT (-122.40177158400549 37.69432751818121),ios,32.80641606457611,3.879848213880379,-4.237454027093767
363,distance,0,-122.40174467727282,34.58000183105469,1575426700.996707,175.8442840576172,37.694033258914494,8.0,2019-12-03T18:31:40.996707-08:00,5.0,3.7822837829589844,1575426701.1173692,10.308291300535203,POINT (-122.40174467727282 37.694033258914494),ios,36.686176400806154,-0.3575098358754136,-8.329723739421235
364,distance,0,-122.40171458851891,34.38999938964844,1575426701.9966834,175.8442840576172,37.69370420020801,8.0,2019-12-03T18:31:41.996683-08:00,10.0,4.013149261474609,1575426702.1149101,10.30856907175647,POINT (-122.40171458851891 37.69370420020801),ios,36.32867500339246,-8.68703696516772,17.405686912236686
365,distance,0,-122.40165135414274,33.93000030517578,1575426702.9966593,168.3915557861328,37.69338135093282,8.0,2019-12-03T18:31:42.996659-08:00,10.0,3.5861473083496094,1575426703.115979,10.30884684284528,POINT (-122.40165135414274 37.69338135093282),ios,27.641847224476734,8.718230813315632,-10.561852031044156
366,distance,0,-122.40151287999227,33.4900016784668,1575426703.9966357,170.859375,37.693158220534855,8.0,2019-12-03T18:31:43.996636-08:00,10.0,3.1397056579589844,1575426704.1382189,10.309124614066548,POINT (-122.40151287999227 37.693158220534855),ios,36.35987225756029,-1.8433719216948854,0.7912665940362462
367,distance,0,-122.40142780367508,34.91999816894531,1575426704.9966116,170.15625,37.69283824138128,8.0,2019-12-03T18:31:44.996612-08:00,10.0,3.0310325622558594,1575426705.2152982,10.30940238515536,POINT (-122.40142780367508 37.69283824138128),ios,34.51654472477095,-1.0521243815770003,4.587819151969934
368,distance,0,-122.40135446202233,34.79999923706055,1575426705.9965873,169.1015625,37.6925333077439,8.0,2019-12-03T18:31:45.996587-08:00,10.0,3.2643394470214844,1575426706.111799,10.309680156177945,POINT (-122.40135446202233 37.6925333077439),ios,33.46444592948596,3.5355832006179484,-4.486124878400469
369,distance,0,-122.40128849644437,35.099998474121094,1575426706.9965627,168.75,37.692236923647755,8.0,2019-12-03T18:31:46.996563-08:00,10.0,3.3920249938964844,1575426707.151398,10.309957927134302,POINT (-122.40128849644437 37.692236923647755),ios,36.99994230638544,-0.9504315115040451,1.838852963328905
370,distance,0,-122.40126954236668,34.529998779296875,1575426707.9965389,168.36952209472656,37.691904521312026,8.0,2019-12-03T18:31:47.996539-08:00,10.0,3.5938987731933594,1575426708.1088939,10.310235698289341,POINT (-122.40126954236668 37.691904521312026),ios,36.04953345493445,0.8883776101537907,-3.3458921098072567
371,distance,0,-122.40116833493097,34.66999816894531,1575426708.9965124,162.77459716796875,37.691590376414666,8.0,2019-12-03T18:31:48.996512-08:00,10.0,3.5990867614746094,1575426709.121029,10.310513468715879,POINT (-122.40116833493097 37.691590376414666),ios,36.937887554652484,-2.4574259524179323,3.0722023271453494
372,distance,0,-122.4010445037543,35.2400016784668,1575426709.996488,162.77459716796875,37.69127297578145,8.0,2019-12-03T18:31:49.996488-08:00,10.0,3.5208702087402344,1575426710.120517,10.310791239738464,POINT (-122.4010445037543 37.69127297578145),ios,34.48052136362694,0.6147016627758349,-1.5558404642017567
373,distance,0,-122.40092891095419,35.04999923706055,1575426710.9964619,162.77459716796875,37.690976691526366,8.0,2019-12-03T18:31:50.996462-08:00,10.0,3.4557762145996094,1575426711.125246,10.31106901023123,POINT (-122.40092891095419 37.690976691526366),ios,35.095206905210105,-0.9410979978859156,2.0893478855418723
374,distance,0,-122.4008111320069,35.16999816894531,1575426711.996438,162.7539520263672,37.69067515539961,8.0,2019-12-03T18:31:51.996438-08:00,10.0,3.5419273376464844,1575426712.1036859,10.31134678138627,POINT (-122.4008111320069 37.69067515539961),ios,34.154131344848935,1.1482000737205444,0.0059413674310573265
375,distance,0,-122.40069650027125,35.18000030517578,1575426712.9964116,162.7539520263672,37.69038170859517,8.0,2019-12-03T18:31:52.996412-08:00,10.0,3.3255271911621094,1575426713.1049252,10.311624551812807,POINT (-122.40069650027125 37.69038170859517),ios,35.30230103207194,1.1541412839165075,1.3724591664018972
376,distance,0,-122.40057801488295,35.20000076293945,1575426713.9963858,162.7539520263672,37.6900783967909,8.0,2019-12-03T18:31:53.996386-08:00,10.0,3.5579185485839844,1575426714.1196241,10.311902322438028,POINT (-122.40057801488295 37.6900783967909),ios,36.456412597766146,2.5265651105838574,-4.756854814896159
377,distance,0,-122.40045565589789,34.939998626708984,1575426714.9963608,162.7539520263672,37.68976516893155,8.0,2019-12-03T18:31:54.996361-08:00,10.0,3.7667808532714844,1575426715.116267,10.312180093261931,POINT (-122.40045565589789 37.68976516893155),ios,38.98291445844332,-2.2301706214428756,1.5125929934734235
378,distance,0,-122.40026171320831,35.04999923706055,1575426715.996335,153.60256958007812,37.68944997514143,8.0,2019-12-03T18:31:55.996335-08:00,10.0,3.6424217224121094,1575426716.122797,10.31245786388715,POINT (-122.40026171320831 37.68944997514143),ios,36.7528012621244,-0.7176165760388564,-0.11328256955647294
379,distance,0,-122.40007664703997,34.779998779296875,1575426716.9963086,153.60256958007812,37.68915367458093,8.0,2019-12-03T18:31:56.996309-08:00,10.0,3.0845603942871094,1575426717.104875,10.31273563431369,POINT (-122.40007664703997 37.68915367458093),ios,36.03520367742235,-0.8308961476330403,1.0553152983002465
380,distance,0,-122.39989519416561,35.279998779296875,1575426717.9962835,153.60256958007812,37.688863159092,8.0,2019-12-03T18:31:57.996284-08:00,10.0,3.3374900817871094,1575426718.109116,10.313013405137593,POINT (-122.39989519416561 37.688863159092),ios,35.204328330402596,0.2243927319559439,0.8901123782418737
381,distance,0,-122.39971792562402,35.560001373291016,1575426718.9962564,153.60256958007812,37.68857934293746,6.0,2019-12-03T18:31:58.996256-08:00,10.0,2.9327659606933594,1575426719.122374,10.313291175365448,POINT (-122.39971792562402 37.68857934293746),ios,35.42871496342736,1.114480917194373,-23.22995924514826
382,distance,0,-122.39952596150887,35.689998626708984,1575426719.9962306,149.8096466064453,37.68829927946815,6.0,2019-12-03T18:31:59.996231-08:00,10.0,2.7938194274902344,1575426720.112961,10.313568945990669,POINT (-122.39952596150887 37.68829927946815),ios,36.54316718362241,-22.1148801749353,63.64367351245358
383,distance,0,-122.39931778250512,35.7400016784668,1575426720.9962044,149.8096466064453,37.68801492246197,6.0,2019-12-03T18:32:00.996204-08:00,10.0,3.0950584411621094,1575426721.123683,10.313846716483434,POINT (-122.39931778250512 37.68801492246197),ios,14.42886699450102,41.52712421575544,-55.79428846986535
384,distance,0,-122.39923558423472,35.58000183105469,1575426721.9961782,149.8096466064453,37.68790264574979,6.0,2019-12-03T18:32:01.996178-08:00,21.74281231116197,2.4773216247558594,1575426722.161936,10.3141244869762,POINT (-122.39923558423472 37.68790264574979),ios,55.954902118081996,-14.26570099066222,10.751954557795571
385,distance,0,-122.39891294399406,35.529998779296875,1575426722.9961529,148.7582550048828,37.68746903042533,6.0,2019-12-03T18:32:02.996153-08:00,10.0,3.2415122985839844,1575426723.119403,10.314402257733875,POINT (-122.39891294399406 37.68746903042533),ios,41.689561655484745,-3.5140181602338396,-4.433201557150483
386,distance,0,-122.398667993845,36.2400016784668,1575426723.9961257,148.79100036621094,37.68714811845973,8.0,2019-12-03T18:32:03.996126-08:00,10.0,3.6195335388183594,1575426724.156573,10.314680027961732,POINT (-122.398667993845 37.68714811845973),ios,38.17563900527361,-7.947099224216084,17.043788858590702
387,distance,0,-122.39843441874832,37.91999816894531,1575426724.9960997,146.42733764648438,37.68685881419364,8.0,2019-12-03T18:32:04.996100-08:00,17.79945448114444,3.7908897399902344,1575426725.1394958,10.314957798520725,POINT (-122.39843441874832 37.68685881419364),ios,30.228746307292973,9.0962467067791,-12.578878116739633
388,distance,0,-122.398245007699,38.029998779296875,1575426725.9960728,146.42733764648438,37.686632027001835,8.0,2019-12-03T18:32:05.996073-08:00,30.0,3.3109703063964844,1575426726.089289,10.315235568814808,POINT (-122.398245007699 37.686632027001835),ios,39.32474794936578,-3.4822925186385896,-3.633768445596329
389,distance,0,-122.39799860187527,36.59000015258789,1575426726.9960465,146.42733764648438,37.686336998359025,8.0,2019-12-03T18:32:06.996047-08:00,30.0,2.6508140563964844,1575426727.093719,10.315513339307573,POINT (-122.39799860187527 37.686336998359025),ios,35.842546757482964,-7.115965664864865,8.782405271618284
390,distance,0,-122.3977740156211,36.2400016784668,1575426727.9960198,146.42733764648438,37.68606809490226,8.0,2019-12-03T18:32:07.996020-08:00,30.0,2.9316368103027344,1575426728.09262,10.315791109667884,POINT (-122.3977740156211 37.68606809490226),ios,28.726771109401447,1.6662050912317932,2.484559470702251
391,distance,0,-122.39759347237118,34.86000061035156,1575426728.9959927,146.301025390625,37.68585286203395,8.0,2019-12-03T18:32:08.995993-08:00,30.0,2.6083946228027344,1575426729.092657,10.31606887989574,POINT (-122.39759347237118 37.68585286203395),ios,30.3929309136487,4.150697032308233,-2.826321396810944
392,distance,0,-122.39740239938511,34.52000045776367,1575426729.995967,146.301025390625,37.685625176009,8.0,2019-12-03T18:32:09.995967-08:00,10.0,2.0086021423339844,1575426730.096622,10.316346650520961,POINT (-122.39740239938511 37.685625176009),ios,34.54352106880175,1.3244484110306913,0.681691606067743
393,distance,0,-122.39718523317397,34.630001068115234,1575426730.9959397,146.301025390625,37.6853663968252,8.0,2019-12-03T18:32:10.995940-08:00,10.0,2.1973838806152344,1575426731.0978742,10.316624420748816,POINT (-122.39718523317397 37.6853663968252),ios,35.8679334816981,2.0061214889128065,-4.264802230466146
394,distance,0,-122.3969597408613,35.459999084472656,1575426731.995913,146.301025390625,37.685097696108315,8.0,2019-12-03T18:32:11.995913-08:00,10.0,2.5209312438964844,1575426732.106215,10.316902191109127,POINT (-122.3969597408613 37.685097696108315),ios,37.8740014013878,-2.258566859047491,2.11293958155028
395,distance,0,-122.39672163719594,35.91999816894531,1575426732.9958863,146.301025390625,37.68481396747549,8.0,2019-12-03T18:32:12.995886-08:00,30.0,2.7568016052246094,1575426733.139614,10.317179961469439,POINT (-122.39672163719594 37.68481396747549),ios,35.61549485258206,-0.1456836990711204,-0.07404948120075118
396,distance,0,-122.39649773235503,35.04999923706055,1575426733.9958599,146.29916381835938,37.68454715841865,8.0,2019-12-03T18:32:13.995860-08:00,10.0,2.6125755310058594,1575426734.089748,10.317457731895976,POINT (-122.39649773235503 37.68454715841865),ios,35.4698150089517,-0.21973122059216946,1.7786076047958677
397,distance,0,-122.396274743821,34.720001220703125,1575426734.9958324,146.29916381835938,37.684281441249624,8.0,2019-12-03T18:32:14.995832-08:00,10.0,2.4815635681152344,1575426735.0991778,10.317735502057605,POINT (-122.396274743821 37.684281441249624),ios,35.25008981298015,1.5588276180974379,-4.588389040089509
398,distance,0,-122.39605313671983,34.560001373291016,1575426735.9958057,146.29896545410156,37.68401737022101,8.0,2019-12-03T18:32:15.995806-08:00,10.0,1.9202537536621094,1575426736.101721,10.318013272417916,POINT (-122.39605313671983 37.68401737022101),ios,36.80887580588942,-3.029438898786197,3.9294030518769363
399,distance,0,-122.39582171959184,34.2599983215332,1575426736.995779,146.2911834716797,37.68374162767324,8.0,2019-12-03T18:32:16.995779-08:00,10.0,1.5957908630371094,1575426737.1470351,10.318291042778228,POINT (-122.39582171959184 37.68374162767324),ios,33.77951780184921,0.8998592267091965,-2.43066749704285
400,distance,0,-122.39560932378195,35.540000915527344,1575426737.9957523,146.2911834716797,37.68348859178036,8.0,2019-12-03T18:32:17.995752-08:00,10.0,1.3926658630371094,1575426738.146642,10.318568813138539,POINT (-122.39560932378195 37.68348859178036),ios,34.679352999724685,-1.5307433645090716,3.114519844083204
401,distance,0,-122.39539127071605,35.27000045776367,1575426738.9957237,146.2918243408203,37.68322881616493,8.0,2019-12-03T18:32:18.995724-08:00,10.0,1.4674034118652344,1575426739.108362,10.31884658296903,POINT (-122.39539127071605 37.68322881616493),ios,33.148653430134566,1.583687372446635,0.4401013613798027
402,distance,0,-122.39518284193811,35.4900016784668,1575426739.9956975,146.2918243408203,37.6829805063609,8.0,2019-12-03T18:32:19.995697-08:00,10.0,1.7779197692871094,1575426740.2050328,10.319124353461795,POINT (-122.39518284193811 37.6829805063609),ios,34.73229926872696,2.023777191708901,-6.729600485703878
403,distance,0,-122.3949640308639,35.099998474121094,1575426740.9956713,146.19769287109375,37.68272055782966,8.0,2019-12-03T18:32:20.995671-08:00,10.0,1.6299095153808594,1575426741.0990992,10.31940212395456,POINT (-122.3949640308639 37.68272055782966),ios,36.75602338476679,-4.705646803198547,3.505273282693236
404,distance,0,-122.39472997563685,34.83000183105469,1575426741.995644,145.19113159179688,37.682446789451085,8.0,2019-12-03T18:32:21.995644-08:00,10.0,1.0703697204589844,1575426742.090375,10.319679894182418,POINT (-122.39472997563685 37.682446789451085),ios,32.05050447972145,-1.2004687928447089,4.12003392920045
405,distance,0,-122.39452230018956,33.709999084472656,1575426742.9956162,145.09613037109375,37.682210013567655,8.0,2019-12-03T18:32:22.995616-08:00,10.0,0.7283287048339844,1575426743.100173,10.319957664211591,POINT (-122.39452230018956 37.682210013567655),ios,30.850069173922208,2.9194502081174174,-1.9318694426911043
406,distance,0,-122.39432228340401,33.290000915527344,1575426743.9955897,145.09613037109375,37.6819821716613,8.0,2019-12-03T18:32:23.995590-08:00,10.0,1.2786216735839844,1575426744.0935678,10.32023543463813,POINT (-122.39432228340401 37.6819821716613),ios,33.76944212035971,0.9876318913123096,-1.341143094856403
407,distance,0,-122.39410333921559,33.86000061035156,1575426744.9955626,145.09613037109375,37.68173276928671,8.0,2019-12-03T18:32:24.995563-08:00,10.0,1.1346702575683594,1575426745.132829,10.320513204865986,POINT (-122.39410333921559 37.68173276928671),ios,34.75704716811571,-0.35347475165295417,-2.2362944299001772
408,distance,0,-122.39387799224725,33.45000076293945,1575426745.995535,145.09613037109375,37.681476073416334,8.0,2019-12-03T18:32:25.995535-08:00,10.0,0.7051048278808594,1575426746.0934072,10.320790974961387,POINT (-122.39387799224725 37.681476073416334),ios,34.40358219235673,-2.5897073333528415,0.639236762205311
409,distance,0,-122.39365493700284,33.790000915527344,1575426746.9955082,145.09613037109375,37.681221988080594,8.0,2019-12-03T18:32:26.995508-08:00,10.0,0.6836509704589844,1575426747.133212,10.321068745321698,POINT (-122.39365493700284 37.681221988080594),ios,31.81394401165027,-1.9504876406106326,3.0380942998345746
410,distance,0,-122.39344867167354,33.43000030517578,1575426747.9954824,145.09613037109375,37.68098702837102,8.0,2019-12-03T18:32:27.995482-08:00,30.0,1.0059776306152344,1575426748.096613,10.321346515946917,POINT (-122.39344867167354 37.68098702837102),ios,29.863506594548756,1.0875284307063187,-4.746082559493193
411,distance,0,-122.39325864040886,32.93000030517578,1575426748.9954538,146.1085968017578,37.68076452846209,8.0,2019-12-03T18:32:28.995454-08:00,30.0,1.6952781677246094,1575426749.0950952,10.32162428577741,POINT (-122.39325864040886 37.68076452846209),ios,30.951003910817093,-3.6584183422756578,9.403048001146633
412,distance,0,-122.3930630976583,32.459999084472656,1575426749.9954264,146.1085968017578,37.68053317637107,8.0,2019-12-03T18:32:29.995426-08:00,30.0,2.0079307556152344,1575426750.090878,10.321902055939038,POINT (-122.3930630976583 37.68053317637107),ios,27.29268587555527,5.744371844816454,-10.869256710786603
413,distance,0,-122.3928906675625,31.200000762939453,1575426750.9953995,146.1085968017578,37.68032916950756,8.0,2019-12-03T18:32:30.995399-08:00,30.0,2.4359397888183594,1575426751.088903,10.322179826233121,POINT (-122.3928906675625 37.68032916950756),ios,33.03690295952977,-5.12459203407043,5.689257933453172
414,distance,0,-122.39268280593502,31.229999542236328,1575426751.9953728,146.28643798828125,37.68008177251978,8.0,2019-12-03T18:32:31.995373-08:00,30.0,2.7804832458496094,1575426752.131414,10.322457596593432,POINT (-122.39268280593502 37.68008177251978),ios,27.912447766829878,0.5645139798059668,0.5712061800092254
415,distance,0,-122.39250727847677,31.68000030517578,1575426752.9953456,146.28643798828125,37.67987270200459,8.0,2019-12-03T18:32:32.995346-08:00,30.0,3.0564537048339844,1575426753.100181,10.32273536682129,POINT (-122.39250727847677 37.67987270200459),ios,28.476946403305057,1.1357046345922897,2.1441013492861427
416,distance,0,-122.39232820132436,31.739999771118164,1575426753.9953184,146.28643798828125,37.67965940345355,8.0,2019-12-03T18:32:33.995318-08:00,30.0,3.1472740173339844,1575426754.091824,10.323013137049145,POINT (-122.39232820132436 37.67965940345355),ios,29.612620169765627,3.2797477078083577,-0.15538816926781657
417,distance,0,-122.3921419827041,31.790000915527344,1575426754.995291,146.28643798828125,37.67943759870995,8.0,2019-12-03T18:32:34.995291-08:00,30.0,2.8073997497558594,1575426755.100755,10.323290907210774,POINT (-122.3921419827041 37.67943759870995),ios,32.89227795300333,3.1243637989945916,-8.578719652629875
418,distance,0,-122.39193513999636,31.8700008392334,1575426755.9952645,146.28643798828125,37.67919122864398,8.0,2019-12-03T18:32:35.995265-08:00,30.0,2.3453636169433594,1575426756.131877,10.323568677637311,POINT (-122.39193513999636 37.67919122864398),ios,36.01655906739001,-5.454128822432622,7.391796748909028
419,distance,0,-122.39170814873388,32.06999969482422,1575426756.995236,146.04754638671875,37.678921722488255,8.0,2019-12-03T18:32:36.995236-08:00,30.0,1.9048728942871094,1575426757.099821,10.323846447467805,POINT (-122.39170814873388 37.678921722488255),ios,30.56258628883468,1.937456445475061,-10.146886430526664
420,distance,0,-122.39151475445762,32.150001525878906,1575426757.9952085,146.04754638671875,37.67869343819062,8.0,2019-12-03T18:32:37.995209-08:00,10.0,1.6850547790527344,1575426758.108769,10.324124217629432,POINT (-122.39151475445762 37.67869343819062),ios,32.49998961286427,-8.20915177633342,17.482665293772953
421,distance,0,-122.39131393025257,32.060001373291016,1575426758.9951806,147.1618194580078,37.67844816345052,6.0,2019-12-03T18:32:38.995181-08:00,10.0,1.2875938415527344,1575426759.184232,10.324401987658607,POINT (-122.39131393025257 37.67844816345052),ios,24.2910668306042,9.27302583895,-9.471944726639634
422,distance,0,-122.39116470069929,28.790000915527344,1575426759.9951549,147.1618194580078,37.67826439606084,6.0,2019-12-03T18:32:39.995155-08:00,10.0,0.6329307556152344,1575426760.0918741,10.324679758283827,POINT (-122.39116470069929 37.67826439606084),ios,33.563853896496596,-0.19867499262850458,1.0856014072957652
423,distance,0,-122.39096100017277,30.479999542236328,1575426760.995127,148.0059356689453,37.67800922047733,6.0,2019-12-03T18:32:40.995127-08:00,10.0,0.7519798278808594,1575426761.107586,10.324957528313002,POINT (-122.39096100017277 37.67800922047733),ios,33.3651844459018,0.8868961318444958,-9.619870238847646
424,distance,0,-122.39076066201979,31.350000381469727,1575426761.9951007,147.98446655273438,37.67775448465361,6.0,2019-12-03T18:32:41.995101-08:00,10.0,0.8316001892089844,1575426762.110204,10.325235298805767,POINT (-122.39076066201979 37.67775448465361),ios,34.25205731796958,-8.732721815865867,11.389623326972218
425,distance,0,-122.39057894365472,31.56999969482422,1575426762.995072,153.4287567138672,37.67748209583155,8.0,2019-12-03T18:32:42.995072-08:00,10.0,0.8363914489746094,1575426763.126495,10.32551306857003,POINT (-122.39057894365472 37.67748209583155),ios,25.519587429322083,2.6565729358713277,-1.4362834032096337
426,distance,0,-122.39044967160523,31.110000610351562,1575426763.9950447,153.4287567138672,37.67727666792478,6.0,2019-12-03T18:32:43.995045-08:00,10.0,1.8556480407714844,1575426764.118022,10.325790838797888,POINT (-122.39044967160523 37.67727666792478),ios,28.17608816029012,1.2203285704395865,-1.287654589964439
427,distance,0,-122.39031479741634,31.440000534057617,1575426764.995018,157.2209930419922,37.67704686437873,6.0,2019-12-03T18:32:44.995018-08:00,10.0,2.8527488708496094,1575426765.11806,10.326068609158199,POINT (-122.39031479741634 37.67704686437873),ios,29.39638414444128,-0.06729163543774866,5.841841647917818
428,distance,0,-122.39018373358012,31.299999237060547,1575426765.9949906,156.7731170654297,37.676803705836114,6.0,2019-12-03T18:32:45.994991-08:00,10.0,3.2533836364746094,1575426766.116743,10.326346379319826,POINT (-122.39018373358012 37.676803705836114),ios,29.329094354014785,5.774389840067791,-10.455417888519305
429,distance,0,-122.39006625354251,31.190000534057617,1575426766.9949636,163.87509155273438,37.67655688318837,6.0,2019-12-03T18:32:46.994964-08:00,10.0,3.6043663024902344,1575426767.116015,10.32662414961391,POINT (-122.39006625354251 37.67655688318837),ios,35.10332862451682,-4.6807463659074235,2.0279759431001576
430,distance,0,-122.38995590297147,31.579999923706055,1575426767.9949365,163.87509155273438,37.67625352255341,6.0,2019-12-03T18:32:47.994936-08:00,10.0,3.3074607849121094,1575426768.121498,10.326901919841767,POINT (-122.38995590297147 37.67625352255341),ios,30.422709479975733,-2.652825542621546,6.215022237634311
431,distance,0,-122.38985998649822,31.6200008392334,1575426768.9949086,163.75119018554688,37.67599067567948,6.0,2019-12-03T18:32:48.994909-08:00,10.0,3.4094200134277344,1575426769.117787,10.32717968987094,POINT (-122.38985998649822 37.67599067567948),ios,27.769957937853075,3.56202332713056,-2.290971644147215
432,distance,0,-122.3897374795027,30.81999969482422,1575426769.994882,160.3125,37.675760532764414,6.0,2019-12-03T18:32:49.994882-08:00,10.0,3.4935264587402344,1575426770.138741,10.32745746029748,POINT (-122.3897374795027 37.675760532764414),ios,31.331886997951653,1.2711123123160066,-2.030026990483452
433,distance,0,-122.38974032934978,30.420000076293945,1575426770.9948547,167.34375,37.6754787750893,6.0,2019-12-03T18:32:50.994855-08:00,10.0,3.5533409118652344,1575426771.22103,10.327735230459107,POINT (-122.38974032934978 37.6754787750893),ios,32.60296445873665,-0.7588590186101253,1.3795802169016123
434,distance,0,-122.38966254528835,31.600000381469727,1575426771.9948277,166.9921875,37.675192114000836,6.0,2019-12-03T18:32:51.994828-08:00,10.0,3.6260337829589844,1575426772.106998,10.328013000753192,POINT (-122.38966254528835 37.675192114000836),ios,31.844125884774577,0.620684030607764,-1.619271045045143
435,distance,0,-122.3895788938947,31.739999771118164,1575426772.9948006,166.640625,37.674913499539414,6.0,2019-12-03T18:32:52.994801-08:00,10.0,3.6059226989746094,1575426773.162966,10.328290770981047,POINT (-122.3895788938947 37.674913499539414),ios,32.46479304536541,-0.9985430031069806,1.0910009840780337
436,distance,0,-122.38951745454445,32.04999923706055,1575426773.994773,168.75,37.67462562307499,6.0,2019-12-03T18:32:53.994773-08:00,10.0,3.7240867614746094,1575426774.135499,10.328568541076448,POINT (-122.38951745454445 37.67462562307499),ios,31.46627765851809,0.09242780764214005,-1.4855409622130116
437,distance,0,-122.38949205737784,31.65999984741211,1575426774.9947462,171.5625,37.674343362485686,6.0,2019-12-03T18:32:54.994746-08:00,10.0,3.8827476501464844,1575426775.141371,10.32884631143676,POINT (-122.38949205737784 37.674343362485686),ios,31.558702998071496,-1.3930734863475458,-2.2527122460027824
438,distance,0,-122.3894406763114,31.59000015258789,1575426775.9947188,171.5625,37.67406248491041,6.0,2019-12-03T18:32:55.994719-08:00,10.0,4.216274261474609,1575426776.142492,10.329124081598389,POINT (-122.3894406763114 37.67406248491041),ios,30.165667707203088,-3.6457239671782546,5.741250142252612
439,distance,0,-122.38962405652275,31.360000610351562,1575426776.9946907,181.42396545410156,37.673833301853065,8.0,2019-12-03T18:32:56.994691-08:00,30.0,4.554531097412109,1575426777.13395,10.329401851561334,POINT (-122.38962405652275 37.673833301853065),ios,26.520046306607544,2.095364654231618,-0.985736894453357
440,distance,0,-122.38964809376962,30.389999389648438,1575426778.994636,182.1949920654297,37.67335669345001,8.0,2019-12-03T18:32:58.994636-08:00,30.0,4.323177337646484,1575426779.1259708,10.329957391950819,POINT (-122.38964809376962 37.67335669345001),ios,30.710661212656024,0.12394468444455546,0.8245522826649385
441,distance,0,-122.38970818234488,30.270000457763672,1575426779.9946094,190.01905822753906,37.673084639215865,8.0,2019-12-03T18:32:59.994609-08:00,30.0,4.339199066162109,1575426780.119956,10.33023516231113,POINT (-122.38970818234488 37.673084639215865),ios,30.834602587420438,0.9484749491881276,-0.8003588171703271
442,distance,0,-122.38976888338819,31.469999313354492,1575426780.994582,190.01905822753906,37.672811538618454,8.0,2019-12-03T18:33:00.994582-08:00,30.0,4.172206878662109,1575426781.113093,10.33051293247276,POINT (-122.38976888338819 37.672811538618454),ios,31.78305153119285,0.14813807636517604,-1.299393555245109
443,distance,0,-122.38984268275091,31.1299991607666,1575426781.9945545,192.06065368652344,37.672531747176265,8.0,2019-12-03T18:33:01.994555-08:00,30.0,4.184108734130859,1575426782.1201692,10.330790702634388,POINT (-122.38984268275091 37.672531747176265),ios,31.931185545888013,-1.1512198519299424,2.341868911000513
444,distance,0,-122.39005321332014,31.200000762939453,1575426783.9944997,197.72735595703125,37.67198214176896,8.0,2019-12-03T18:33:03.994500-08:00,30.0,4.933864593505859,1575426784.1275392,10.331346242957645,POINT (-122.39005321332014 37.67198214176896),ios,29.628808970634434,3.5323895507076974,-5.372197557762721
445,distance,0,-122.39015531618652,31.149999618530273,1575426784.994473,197.72613525390625,37.67172824245821,8.0,2019-12-03T18:33:04.994473-08:00,30.0,4.917507171630859,1575426785.116812,10.331624013317956,POINT (-122.39015531618652 37.67172824245821),ios,33.16110419636481,-1.8396645539036858,2.656832038228756
446,distance,0,-122.39030748422273,30.760000228881836,1575426785.9944458,204.13006591796875,37.67145543063684,8.0,2019-12-03T18:33:05.994446-08:00,30.0,4.677242279052734,1575426786.119159,10.331901783545812,POINT (-122.39030748422273 37.67145543063684),ios,31.321489644024947,0.817095272379451,-2.124006531654402
447,distance,0,-122.3904525629659,30.719999313354492,1575426786.9944177,204.1984405517578,37.67119822875545,8.0,2019-12-03T18:33:06.994418-08:00,10.0,4.702175140380859,1575426787.113999,10.332179553508759,POINT (-122.3904525629659 37.67119822875545),ios,32.138561928742526,-1.3068515037658757,1.9423256497368087
448,distance,0,-122.39061038504765,30.549999237060547,1575426787.9943912,209.97628784179688,37.670937598678194,8.0,2019-12-03T18:33:07.994391-08:00,10.0,4.554073333740234,1575426788.110592,10.332457323935296,POINT (-122.39061038504765 37.670937598678194),ios,30.831745010098977,0.6354227433670395,-1.6368252327455854
449,distance,0,-122.39078491139462,31.1200008392334,1575426788.9943628,210.02981567382812,37.67069719435391,8.0,2019-12-03T18:33:08.994363-08:00,10.0,4.646907806396484,1575426789.13902,10.332735093832015,POINT (-122.39078491139462 37.67069719435391),ios,31.467149725372092,-1.0013560496825447,1.1617423910236753
450,distance,0,-122.39096326478484,31.309999465942383,1575426789.9943357,210.02981567382812,37.670451940291095,8.0,2019-12-03T18:33:09.994336-08:00,10.0,4.763851165771484,1575426790.1356049,10.333012864059873,POINT (-122.39096326478484 37.670451940291095),ios,30.465820892264613,0.1603547655105336,-4.072657686309739
451,distance,0,-122.39114582473864,31.200000762939453,1575426790.9943085,217.4051971435547,37.67021916824984,8.0,2019-12-03T18:33:10.994308-08:00,10.0,4.754207611083984,1575426791.119897,10.333290634287728,POINT (-122.39114582473864 37.67021916824984),ios,30.626171299377837,-3.912192227111709,7.101860888417897
452,distance,0,-122.3913566289447,31.229999542236328,1575426791.994281,217.4051971435547,37.67000004755101,8.0,2019-12-03T18:33:11.994281-08:00,10.0,4.773860931396484,1575426792.133727,10.333568404449357,POINT (-122.3913566289447 37.67000004755101),ios,26.714086337287004,3.189473941514258,-2.8938109950888817
453,distance,0,-122.39154050571348,30.079999923706055,1575426792.9942546,217.4051971435547,37.66980891661095,8.0,2019-12-03T18:33:12.994255-08:00,10.0,4.967342376708984,1575426793.092392,10.333846174875895,POINT (-122.39154050571348 37.66980891661095),ios,29.903475871088443,0.2957395295773024,-1.1494438054587384
454,distance,0,-122.39174633528746,30.649999618530273,1575426793.9942281,217.4051971435547,37.66959496679972,8.0,2019-12-03T18:33:13.994228-08:00,10.0,5.121364593505859,1575426794.095652,10.334123945302434,POINT (-122.39174633528746 37.66959496679972),ios,30.19920757407812,-0.8536738564692031,1.5307321912937872
455,distance,0,-122.39195419970521,30.520000457763672,1575426794.9941993,217.4051971435547,37.669378901867624,8.0,2019-12-03T18:33:14.994199-08:00,10.0,5.361415863037109,1575426795.105372,10.334401715066697,POINT (-122.39195419970521 37.669378901867624),ios,29.34555834494557,0.6770141752703063,-2.603604746599434
456,distance,0,-122.3921561884871,30.139999389648438,1575426795.994172,217.4051971435547,37.66916894437259,8.0,2019-12-03T18:33:15.994172-08:00,10.0,5.387508392333984,1575426796.117866,10.334679485294554,POINT (-122.3921561884871 37.66916894437259),ios,30.022554119161498,-1.926519806086286,3.9786857794357746
457,distance,0,-122.3923628368408,29.920000076293945,1575426796.9941447,217.4051971435547,37.66895414347975,8.0,2019-12-03T18:33:16.994145-08:00,10.0,5.403469085693359,1575426797.120714,10.334957255456183,POINT (-122.3923628368408 37.66895414347975),ios,28.09608713465841,2.052056885199313,1.960784888297965
458,distance,0,-122.39255622619619,29.6200008392334,1575426797.9941175,217.74758911132812,37.66875312668367,8.0,2019-12-03T18:33:17.994117-08:00,10.0,5.591945648193359,1575426798.099524,10.335235025684039,POINT (-122.39255622619619 37.66875312668367),ios,30.14808824553023,4.012788479916921,-4.427365547559792
459,distance,0,-122.39276536123351,28.780000686645508,1575426798.9940903,217.74758911132812,37.66853841241777,8.0,2019-12-03T18:33:18.994090-08:00,10.0,5.546871185302734,1575426799.108975,10.335512795911894,POINT (-122.39276536123351 37.66853841241777),ios,34.1607676589878,-0.41445673309572756,-1.3562165928136234
460,distance,0,-122.39300233171225,29.260000228881836,1575426799.9940634,217.74758911132812,37.66829512012667,8.0,2019-12-03T18:33:19.994063-08:00,10.0,5.513454437255859,1575426800.1147509,10.33579056620598,POINT (-122.39300233171225 37.66829512012667),ios,33.746322091895024,-1.7706367876720206,0.8246399582166974
461,distance,0,-122.39323523008399,30.399999618530273,1575426800.9940357,217.3678436279297,37.668054052617364,8.0,2019-12-03T18:33:20.994036-08:00,10.0,6.002162933349609,1575426801.107986,10.33606833630138,POINT (-122.39323523008399 37.668054052617364),ios,31.975734273937018,-0.9460196361558277,1.13780503794149
462,distance,0,-122.3934551238775,31.239999771118164,1575426801.9940085,217.3678436279297,37.66782515975016,8.0,2019-12-03T18:33:21.994009-08:00,10.0,5.817287445068359,1575426802.114876,10.336346106529236,POINT (-122.3934551238775 37.66782515975016),ios,31.02974035032814,0.1917544765655718,0.012168984933030662
463,distance,0,-122.39366851183003,31.299999237060547,1575426802.993981,217.3678436279297,37.667603038973105,8.0,2019-12-03T18:33:22.993981-08:00,10.0,5.694332122802734,1575426803.117004,10.336623876624637,POINT (-122.39366851183003 37.667603038973105),ios,31.22148952362545,0.20392312494639922,7.402049466199931
464,distance,0,-122.39388113018812,31.260000228881836,1575426803.9939551,215.6521453857422,37.667378297897095,8.0,2019-12-03T18:33:23.993955-08:00,10.0,5.343959808349609,1575426804.113981,10.336901647249858,POINT (-122.39388113018812 37.667378297897095),ios,31.425407397713187,7.605781994245784,-14.955793074520475
465,distance,0,-122.39408864376541,30.90999984741211,1575426804.993926,215.6521453857422,37.66714833089263,8.0,2019-12-03T18:33:24.993926-08:00,10.0,5.278224945068359,1575426805.12038,10.337179416947894,POINT (-122.39408864376541 37.66714833089263),ios,39.030968162071176,-7.349576060124723,7.20299721517294
466,distance,0,-122.39435217012,31.579999923706055,1575426805.993899,217.6333770751953,37.666866037151976,8.0,2019-12-03T18:33:25.993899-08:00,20.652984267782283,5.887874603271484,1575426806.1138148,10.337457187241979,POINT (-122.39435217012 37.666866037151976),ios,31.681590109075835,-0.14677290305661142,0.32235649810573086
467,distance,0,-122.39457136385842,31.899999618530273,1575426806.993872,217.6333770751953,37.66664005203853,8.0,2019-12-03T18:33:26.993872-08:00,18.88816787954929,5.802150726318359,1575426807.127646,10.337734957469834,POINT (-122.39457136385842 37.66664005203853),ios,31.53482119526534,0.17557483349039982,1.960428413788344
468,distance,0,-122.39478951956418,31.959999084472656,1575426807.9938445,217.56158447265625,37.66641510058873,8.0,2019-12-03T18:33:27.993845-08:00,19.259746613042033,5.756496429443359,1575426808.191678,10.338012727631464,POINT (-122.39478951956418 37.66641510058873),ios,31.710391214820973,2.1359494959847067,-4.509468444047566
469,distance,0,-122.39500855429945,32.47999954223633,1575426808.9938176,217.56158447265625,37.666188693297634,8.0,2019-12-03T18:33:28.993818-08:00,20.956553995898535,5.777919769287109,1575426809.157526,10.338290497925547,POINT (-122.39500855429945 37.666188693297634),ios,33.84628316555072,-2.3733974571232,9.86281457464275
470,distance,0,-122.39524234183439,32.56999969482422,1575426809.9937894,217.56158447265625,37.66594703663797,8.0,2019-12-03T18:33:29.993789-08:00,21.80666716640196,5.677852630615234,1575426810.116437,10.338568267888492,POINT (-122.39524234183439 37.66594703663797),ios,31.47295248014935,7.489139643087605,-11.232147025355818
471,distance,0,-122.39545973588794,32.90999984741211,1575426810.993762,217.56158447265625,37.66572232525278,8.0,2019-12-03T18:33:30.993762-08:00,21.5972673985641,5.566310882568359,1575426811.1139479,10.338846038050121,POINT (-122.39545973588794 37.66572232525278),ios,38.96188678498323,-3.7426994177267976,4.019665762476413
472,distance,0,-122.39572885839807,32.5,1575426811.9937356,217.56158447265625,37.665444144267376,8.0,2019-12-03T18:33:31.993736-08:00,20.85192715429188,5.487087249755859,1575426812.1155481,10.33912380847666,POINT (-122.39572885839807 37.665444144267376),ios,35.219286415784,0.2768599664566651,-3.9401963930622883
473,distance,0,-122.39597212887308,32.560001373291016,1575426812.9937077,217.56158447265625,37.665192685478516,8.0,2019-12-03T18:33:32.993708-08:00,30.0,5.464626312255859,1575426813.120944,10.339401578505834,POINT (-122.39597212887308 37.665192685478516),ios,35.496138659239165,-3.6632265149306495,4.077511483347132
474,distance,0,-122.39621731163597,32.33000183105469,1575426813.993681,217.56158447265625,37.66493925003552,8.0,2019-12-03T18:33:33.993681-08:00,23.374582486016457,5.480648040771484,1575426814.105371,10.339679348866145,POINT (-122.39621731163597 37.66493925003552),ios,31.833009963009705,0.41417608711314047,-4.457176624674369
475,distance,0,-122.39643719146288,31.93000030517578,1575426814.9936528,217.56158447265625,37.66471196920757,8.0,2019-12-03T18:33:34.993653-08:00,30.0,5.585964202880859,1575426815.1131182,10.33995711882909,POINT (-122.39643719146288 37.66471196920757),ios,32.24717439794449,-4.042875142062544,10.90240790073583
476,distance,0,-122.39665993200227,31.709999084472656,1575426815.9936256,217.56158447265625,37.66448173137759,8.0,2019-12-03T18:33:35.993626-08:00,30.0,5.650661468505859,1575426816.111381,10.340234889056948,POINT (-122.39665993200227 37.66448173137759),ios,28.204409140088288,6.859236434300831,-11.256432326441532
477,distance,0,-122.39685474797177,31.530000686645508,1575426816.9935994,217.56158447265625,37.66428035803896,8.0,2019-12-03T18:33:36.993599-08:00,30.0,5.767147064208984,1575426817.113833,10.340512659549713,POINT (-122.39685474797177 37.66428035803896),ios,35.063465683754636,-4.396900680454589,10.15558818319543
478,distance,0,-122.3970969407418,31.489999771118164,1575426817.9935715,217.56158447265625,37.66403001322985,8.0,2019-12-03T18:33:37.993572-08:00,30.0,5.801387786865234,1575426818.117388,10.340790429578886,POINT (-122.3970969407418 37.66403001322985),ios,30.66668765472913,5.758404212875005,-11.012649150222845
479,distance,0,-122.39730876363917,31.540000915527344,1575426818.993544,217.56158447265625,37.66381106052206,8.0,2019-12-03T18:33:38.993544-08:00,30.0,5.897151947021484,1575426819.106226,10.341068199740516,POINT (-122.39730876363917 37.66381106052206),ios,36.42493398289085,-5.253942991029149,6.859699658879631
480,distance,0,-122.39756036002207,31.389999389648438,1575426819.993517,217.56158447265625,37.66355099558108,8.0,2019-12-03T18:33:39.993517-08:00,30.0,6.071620941162109,1575426820.1053991,10.341345969968373,POINT (-122.39756036002207 37.66355099558108),ios,31.171133792550677,1.6055702231480682,-5.372466092648141
481,distance,0,-122.39777482943647,30.950000762939453,1575426820.9934897,217.27183532714844,37.66332793564608,8.0,2019-12-03T18:33:40.993490-08:00,30.0,6.184993743896484,1575426821.1130052,10.341623740196228,POINT (-122.39777482943647 37.66332793564608),ios,32.77666037675282,-3.766749847386616,1.128184427119463
482,distance,0,-122.39799972939933,30.920000076293945,1575426821.993462,217.27183532714844,37.66309301678345,8.0,2019-12-03T18:33:41.993462-08:00,50.0,6.305019378662109,1575426822.10552,10.34190151029163,POINT (-122.39799972939933 37.66309301678345),ios,29.010014704691194,-2.63859662196201,4.846105919638231
483,distance,0,-122.39819878406708,31.489999771118164,1575426822.993435,217.27183532714844,37.662885094578606,8.0,2019-12-03T18:33:42.993435-08:00,50.0,6.402736663818359,1575426823.142537,10.342179280519485,POINT (-122.39819878406708 37.662885094578606),ios,26.37148979904133,2.207377581883842,-0.7167938599532527
484,distance,0,-122.39890770066752,31.100000381469727,1575426825.9933527,217.265625,37.66244776550462,8.0,2019-12-03T18:33:45.993353-08:00,50.0,7.087154388427734,1575426826.137044,10.343012591004372,POINT (-122.39890770066752 37.66244776550462),ios,32.99344097815268,0.05705496147997542,-5.574727821403273
485,distance,0,-122.3990950362034,31.43000030517578,1575426826.993325,217.265625,37.662190776353384,8.0,2019-12-03T18:33:46.993325-08:00,50.0,7.161403656005859,1575426827.23834,10.343290361099774,POINT (-122.3990950362034 37.662190776353384),ios,33.05049436168896,-5.517518682155715,9.899098311598124
486,distance,0,-122.39931363623812,31.110000610351562,1575426827.9932985,216.9140625,37.66194912608495,8.0,2019-12-03T18:33:47.993299-08:00,50.0,7.108821868896484,1575426828.108055,10.343568131526311,POINT (-122.39931363623812 37.66194912608495),ios,27.53312169769829,4.381317655128534,4.591166050749942
487,distance,0,-122.39949300896599,30.719999313354492,1575426828.9932714,217.6171875,37.6617462840282,8.0,2019-12-03T18:33:48.993271-08:00,50.0,7.017299652099609,1575426829.14486,10.343845901754168,POINT (-122.39949300896599 37.6617462840282),ios,31.914320269848414,8.972358919279845,-16.117278867950578
488,distance,0,-122.39973943691923,31.639999389648438,1575426829.9932432,219.7265625,37.661535772530044,8.0,2019-12-03T18:33:49.993243-08:00,50.0,6.974147796630859,1575426830.114141,10.344123671717114,POINT (-122.39973943691923 37.661535772530044),ios,40.88642676623462,-7.144466514940984,17.743260213357658
489,distance,0,-122.40001243550553,33.9900016784668,1575426830.9932168,217.96875,37.661238298786486,8.0,2019-12-03T18:33:50.993217-08:00,50.0,6.803035736083984,1575426831.112365,10.344401442143653,POINT (-122.40001243550553 37.661238298786486),ios,33.742149325758234,10.598324132576026,-21.449368935974682
490,distance,0,-122.40024696115627,34.029998779296875,1575426831.9931889,218.671875,37.66099828298917,8.0,2019-12-03T18:33:51.993189-08:00,50.0,6.712368011474609,1575426832.1323218,10.344679212172826,POINT (-122.40024696115627 37.66099828298917),ios,44.340177818360736,-10.850446473815127,21.754099487145997
491,distance,0,-122.4005356339015,35.2400016784668,1575426832.9931614,217.96875,37.66067151449403,8.0,2019-12-03T18:33:52.993161-08:00,50.0,6.757961273193359,1575426833.131228,10.344956982334455,POINT (-122.4005356339015 37.66067151449403),ios,33.49002884356916,10.903056556459592,-36.275511063700485
492,distance,0,-122.40077795472219,34.2599983215332,1575426833.993135,217.96875,37.660439335776175,8.0,2019-12-03T18:33:53.993135-08:00,30.0,6.763118743896484,1575426834.104094,10.345234752760993,POINT (-122.40077795472219 37.660439335776175),ios,44.39279685649978,-25.371494495346653,45.15713931030004
493,distance,0,-122.40095982110334,33.540000915527344,1575426834.9931066,217.5644073486328,37.66006697812777,8.0,2019-12-03T18:33:54.993107-08:00,30.0,6.744777679443359,1575426835.1081529,10.345512522657712,POINT (-122.40095982110334 37.66006697812777),ios,19.02202219639753,19.7843636251355,-28.63898040377354
494,distance,0,-122.40109120956812,32.75,1575426835.9930797,217.5644073486328,37.65993116860553,8.0,2019-12-03T18:33:55.993080-08:00,30.0,6.707241058349609,1575426836.1143441,10.345790292951795,POINT (-122.40109120956812 37.65993116860553),ios,38.805852805068405,-8.853845207291368,17.70443796985226
495,distance,0,-122.40135924835899,33.58000183105469,1575426836.9930534,217.5644073486328,37.659654110644645,8.0,2019-12-03T18:33:56.993053-08:00,30.0,6.560634613037109,1575426837.098093,10.346068063444562,POINT (-122.40135924835899 37.659654110644645),ios,29.952239799108366,8.850128445196992,-13.457579756267345
496,distance,0,-122.40156613315243,33.7599983215332,1575426837.9930258,217.5644073486328,37.65944026443673,12.0,2019-12-03T18:33:57.993026-08:00,30.0,6.586116790771484,1575426838.082618,10.346345833539964,POINT (-122.40156613315243 37.65944026443673),ios,38.8021234802397,-4.60707912077329,1.8107285298188287
497,distance,0,-122.40183414533733,34.75,1575426838.9929988,217.5644073486328,37.659163233977104,12.0,2019-12-03T18:33:58.992999-08:00,30.0,6.373500823974609,1575426839.086818,10.346623603834047,POINT (-122.40183414533733 37.659163233977104),ios,34.19516848016454,-2.7963993743339848,10.705944180359815
498,distance,0,-122.40207033604965,34.68000030517578,1575426839.992971,217.5644073486328,37.6589190957428,8.0,2019-12-03T18:33:59.992971-08:00,30.0,6.275142669677734,1575426840.092764,10.34690137386322,POINT (-122.40207033604965 37.6589190957428),ios,31.39884711131771,7.909246163993898,-7.13375856038036
499,distance,0,-122.40228721198606,34.06999969482422,1575426840.9929433,217.5644073486328,37.65869492220242,8.0,2019-12-03T18:34:00.992943-08:00,30.0,6.472225189208984,1575426841.094903,10.347179143958622,POINT (-122.40228721198606 37.65869492220242),ios,39.307874532808675,0.7756848988007738,3.134340212097943
500,distance,0,-122.40255739620541,34.099998474121094,1575426841.992916,216.9350128173828,37.65841348461501,8.0,2019-12-03T18:34:01.992916-08:00,30.0,6.722377777099609,1575426842.108603,10.347456914186477,POINT (-122.40255739620541 37.65841348461501),ios,40.08353834871263,3.909939920415581,-16.51718607407487
501,distance,0,-122.40283027476009,35.11000061035156,1575426842.992889,216.9350128173828,37.65812491919663,8.0,2019-12-03T18:34:02.992889-08:00,30.0,6.823360443115234,1575426843.1197472,10.347734684414334,POINT (-122.40283027476009 37.65812491919663),ios,43.99337199806371,-12.606797221199354,21.166328520199407
502,distance,0,-122.40312976974575,35.689998626708984,1575426843.9928608,216.9350128173828,37.65780820725886,8.0,2019-12-03T18:34:03.992861-08:00,30.0,6.904811859130859,1575426844.148201,10.34801245437728,POINT (-122.40312976974575 37.65780820725886),ios,31.386929448836653,8.558935818375524,-10.23980335144501
503,distance,0,-122.40334373305467,35.560001373291016,1575426844.9928346,217.02273559570312,37.65758242174507,8.0,2019-12-03T18:34:04.992835-08:00,30.0,6.720699310302734,1575426845.2456331,10.348290224870047,POINT (-122.40334373305467 37.65758242174507),ios,39.94564080018737,-1.6805989835392996,0.4788816849332906
504,distance,0,-122.40361622688133,35.5099983215332,1575426845.992807,217.02273559570312,37.65729517997818,8.0,2019-12-03T18:34:05.992807-08:00,30.0,6.542018890380859,1575426846.113756,10.348567994965448,POINT (-122.40361622688133 37.65729517997818),ios,38.26508829622659,-1.201730542823751,-1.0557193577600472
505,distance,0,-122.40387725626744,35.900001525878906,1575426846.9927793,217.02273559570312,37.65702002313154,8.0,2019-12-03T18:34:06.992779-08:00,30.0,6.624233245849609,1575426847.1211,10.34884576506085,POINT (-122.40387725626744 37.65702002313154),ios,37.0633909891299,-2.25742070302313,1.3177856128309746
506,distance,0,-122.4041274944,35.75,1575426847.992752,216.4544219970703,37.65675197791148,8.0,2019-12-03T18:34:07.992752-08:00,30.0,6.439723968505859,1575426848.10765,10.349123535288705,POINT (-122.4041274944 37.65675197791148),ios,34.806031642164925,-0.9396709072335198,5.871242147555604
507,distance,0,-122.40436178303725,35.7599983215332,1575426848.992724,216.4544219970703,37.656499845247936,8.0,2019-12-03T18:34:08.992724-08:00,30.0,6.195003509521484,1575426849.111412,10.349401305251652,POINT (-122.40436178303725 37.656499845247936),ios,33.8663871710617,4.9314060623632585,-9.778011190243813
508,distance,0,-122.4045930782222,35.540000915527344,1575426849.9926972,217.26475524902344,37.65625648157218,8.0,2019-12-03T18:34:09.992697-08:00,30.0,6.039577484130859,1575426850.140425,10.349679075611963,POINT (-122.4045930782222 37.65625648157218),ios,38.79766155067641,-4.8463440268127,-26.25593974710597
509,distance,0,-122.4048592239921,34.970001220703125,1575426850.9926705,217.26475524902344,37.655978382776055,8.0,2019-12-03T18:34:10.992671-08:00,30.0,6.048732757568359,1575426851.1020188,10.349956845972272,POINT (-122.4048592239921 37.655978382776055),ios,33.95144693521086,-31.101582664687754,77.22866329898844
510,distance,0,-122.40509212487126,34.81999969482422,1575426851.9926424,217.2667999267578,37.6557350219511,8.0,2019-12-03T18:34:11.992642-08:00,30.0,5.858730316162109,1575426852.113514,10.35023461593522,POINT (-122.40509212487126 37.6557350219511),ios,2.8507392635504205,46.12490793001666,-54.32255472774073
511,distance,0,-122.40511168045487,34.65999984741211,1575426852.992616,217.2667999267578,37.655714588095414,8.0,2019-12-03T18:34:12.992616-08:00,30.0,5.831203460693359,1575426853.113473,10.350512386361759,POINT (-122.40511168045487 37.655714588095414),ios,48.97442652268099,-8.196209180523507,3.1067749583354223
512,distance,0,-122.40578500017779,34.22999954223633,1575426854.9925609,217.38308715820312,37.655013347815775,8.0,2019-12-03T18:34:14.992561-08:00,50.0,5.873592376708984,1575426855.1099238,10.351067926618787,POINT (-122.40578500017779 37.655013347815775),ios,32.5824595653283,-1.9828303685258994,10.72354628422618
513,distance,0,-122.40600880064375,34.02000045776367,1575426855.9925346,216.98590087890625,37.6547799752929,8.0,2019-12-03T18:34:15.992535-08:00,50.0,5.933345794677734,1575426856.101262,10.351345697111555,POINT (-122.40600880064375 37.6547799752929),ios,30.599681198598297,8.740434679506798,-12.896881495460768
514,distance,0,-122.40621734874213,33.720001220703125,1575426856.992507,216.98590087890625,37.65455982963368,8.0,2019-12-03T18:34:16.992507-08:00,50.0,6.652126312255859,1575426857.089483,10.351623467206956,POINT (-122.40621734874213 37.65455982963368),ios,39.33987414779112,-4.156090132639296,-24.731469295221707
515,distance,0,-122.40648546401991,34.279998779296875,1575426857.9924788,216.98590087890625,37.65427680420677,8.0,2019-12-03T18:34:17.992479-08:00,50.0,6.920040130615234,1575426858.093334,10.351901237169901,POINT (-122.40648546401991 37.65427680420677),ios,35.1839009400661,-28.886863647732326,89.75420931156684
516,distance,0,-122.40672070637152,34.47999954223633,1575426858.9924521,216.1421661376953,37.65402101709004,8.0,2019-12-03T18:34:18.992452-08:00,50.0,6.943691253662109,1575426859.091785,10.352179007530212,POINT (-122.40672070637152 37.65402101709004),ios,6.297808654812162,60.86494896787664,-79.13872750268631
517,distance,0,-122.40676278179308,34.279998779296875,1575426859.9924245,216.1421661376953,37.65397521354249,8.0,2019-12-03T18:34:19.992424-08:00,50.0,7.192440032958984,1575426860.126902,10.352456777625614,POINT (-122.40676278179308 37.65397521354249),ios,67.1610743078694,-18.271589830225945,14.691711153236112
518,distance,0,-122.40765950895195,36.84000015258789,1575426861.9923697,215.01852416992188,37.652997912715655,8.0,2019-12-03T18:34:21.992370-08:00,50.0,7.435329437255859,1575426862.102432,10.35301231794887,POINT (-122.40765950895195 37.652997912715655),ios,30.618896593309117,11.1110268375598,-21.53428865379447
519,distance,0,-122.40785413295555,35.97999954223633,1575426862.9923427,213.25521850585938,37.652769708975825,8.0,2019-12-03T18:34:22.992343-08:00,50.0,7.442470550537109,1575426863.1076531,10.353290088242955,POINT (-122.40785413295555 37.652769708975825),ios,41.72962408536782,-10.422681654515852,10.809711843438304
520,distance,0,-122.40811329422746,36.45000076293945,1575426863.9923148,213.25521850585938,37.652455497619776,8.0,2019-12-03T18:34:23.992315-08:00,50.0,7.263820648193359,1575426864.1126661,10.353567858272129,POINT (-122.40811329422746 37.652455497619776),ios,31.307233171283173,0.3867286522942825,-21.00133292561948
521,distance,0,-122.40830850507086,34.939998626708984,1575426864.992288,213.46067810058594,37.65222016689119,8.0,2019-12-03T18:34:24.992288-08:00,50.0,7.202022552490234,1575426865.092938,10.35384562863244,POINT (-122.40830850507086 37.65222016689119),ios,31.693951496808328,-20.614043477234194,43.80780129087053
522,distance,0,-122.40850641746286,34.119998931884766,1575426865.992261,213.46067810058594,37.651982080835815,8.0,2019-12-03T18:34:25.992261-08:00,50.0,7.215358734130859,1575426866.104168,10.354123398860295,POINT (-122.40850641746286 37.651982080835815),ios,11.080468303463046,23.19256712995028,-49.91896008940902
523,distance,0,-122.4085758493369,32.689998626708984,1575426866.9922338,213.7603759765625,37.65189896945519,8.0,2019-12-03T18:34:26.992234-08:00,50.0,6.410488128662109,1575426867.125829,10.354401169088153,POINT (-122.4085758493369 37.65189896945519),ios,34.27240506597863,-26.725036176199776,46.607776215474146
524,distance,0,-122.4087915577046,33.959999084472656,1575426867.992206,213.7603759765625,37.65164240282525,8.0,2019-12-03T18:34:27.992206-08:00,30.0,6.460994720458984,1575426868.1179,10.354678939183554,POINT (-122.4087915577046 37.65164240282525),ios,7.5481080122164395,19.881451028739846,-5.7112423039001445
525,distance,0,-122.40883906499221,33.79999923706055,1575426868.9921784,213.7603759765625,37.65158589697519,8.0,2019-12-03T18:34:28.992178-08:00,30.0,4.372798919677734,1575426869.126297,10.354956709278955,POINT (-122.40883906499221 37.65158589697519),ios,27.429009188508935,14.170366678127602,-15.974177387119129
526,distance,0,-122.40918377092385,33.720001220703125,1575426870.992124,213.6977081298828,37.65117492660277,8.0,2019-12-03T18:34:30.992124-08:00,30.0,4.599880218505859,1575426871.116943,10.355512249734666,POINT (-122.40918377092385 37.65117492660277),ios,55.768972251623104,-17.777119748836764,2.9444628353968216
527,distance,0,-122.40952741720196,33.9900016784668,1575426871.992097,212.9630889892578,37.65075361534745,8.0,2019-12-03T18:34:31.992097-08:00,30.0,6.850917816162109,1575426872.1216002,10.355790019962523,POINT (-122.40952741720196 37.65075361534745),ios,37.99233567988828,-14.832736943109522,30.82977283769702
528,distance,0,-122.40976150887886,34.689998626708984,1575426872.9920692,212.95706176757812,37.65046659191043,8.0,2019-12-03T18:34:32.992069-08:00,30.0,6.951930999755859,1575426873.19272,10.356067790057924,POINT (-122.40976150887886 37.65046659191043),ios,23.16000895918643,15.996183249273958,-33.23323764094148
529,distance,0,-122.40990419644459,34.52000045776367,1575426873.992042,212.95706176757812,37.65029161627883,8.0,2019-12-03T18:34:33.992042-08:00,30.0,6.700954437255859,1575426874.136744,10.35634556028578,POINT (-122.40990419644459 37.65029161627883),ios,39.15575743671032,-17.23615112163963,32.996804378148354
530,distance,0,-122.41014411358498,34.25,1575426874.9920144,212.33987426757812,37.649995120285595,8.0,2019-12-03T18:34:34.992014-08:00,30.0,6.357326507568359,1575426875.114042,10.356623330381181,POINT (-122.41014411358498 37.649995120285595),ios,21.920083007635203,15.759740678567818,-19.86431947786681
531,distance,0,-122.4102769048477,34.209999084472656,1575426875.9919872,212.33987426757812,37.64982837250922,8.0,2019-12-03T18:34:35.991987-08:00,30.0,6.317317962646484,1575426876.119361,10.356901100609038,POINT (-122.4102769048477 37.64982837250922),ios,37.67939534089535,-4.104038892696973,4.9165397557935915
532,distance,0,-122.41078158851937,34.16999816894531,1575426877.991932,211.640625,37.64928101099809,8.0,2019-12-03T18:34:37.991932-08:00,30.0,4.956295013427734,1575426878.169063,10.35745664079984,POINT (-122.41078158851937 37.64928101099809),ios,29.47154456265756,5.7287686697841504,-10.9221677658604
533,distance,0,-122.41091812972203,33.650001525878906,1575426878.9919047,210.234375,37.649039025453526,8.0,2019-12-03T18:34:38.991905-08:00,30.0,4.952297210693359,1575426879.239345,10.357734411027696,POINT (-122.41091812972203 37.649039025453526),ios,35.20015752612468,-5.193102234636233,9.156017558100194
534,distance,0,-122.41107420075909,33.849998474121094,1575426879.9918785,208.828125,37.648747586680244,8.0,2019-12-03T18:34:39.991879-08:00,30.0,4.895595550537109,1575426880.114297,10.358012181520461,POINT (-122.41107420075909 37.648747586680244),ios,30.007191486014595,3.9626751973473553,-3.5557484790058718
535,distance,0,-122.41123630676643,33.349998474121094,1575426880.9918513,209.1796875,37.648510211182426,8.0,2019-12-03T18:34:40.991851-08:00,30.0,4.713832855224609,1575426881.125268,10.358289951748318,POINT (-122.41123630676643 37.648510211182426),ios,33.96975897896749,0.40702336258248434,-1.3149836068065952
536,distance,0,-122.41141031089876,33.439998626708984,1575426881.9918234,208.94436645507812,37.64823755329563,8.0,2019-12-03T18:34:41.991823-08:00,30.0,4.676845550537109,1575426882.09178,10.358567721777492,POINT (-122.41141031089876 37.64823755329563),ios,34.37677098764396,-0.9079235627909108,-22.103343039562187
537,distance,0,-122.41159866387966,33.45000076293945,1575426882.9917965,208.94436645507812,37.647966753505465,8.0,2019-12-03T18:34:42.991796-08:00,30.0,4.668117523193359,1575426883.0980392,10.358845492071575,POINT (-122.41159866387966 37.647966753505465),ios,33.46887188549362,-23.010671109569675,70.2753002621669
538,distance,0,-122.41178204212665,33.36000061035156,1575426883.9917688,208.94436645507812,37.64770310601469,8.0,2019-12-03T18:34:43.991769-08:00,30.0,4.734920501708984,1575426884.0961819,10.359123262166976,POINT (-122.41178204212665 37.64770310601469),ios,10.45883717181912,47.26268557987802,-71.95236212018258
539,distance,0,-122.41183934680987,33.22999954223633,1575426884.9917417,208.94436645507812,37.64762071763882,8.0,2019-12-03T18:34:44.991742-08:00,50.0,4.784328460693359,1575426885.096564,10.359401032394834,POINT (-122.41183934680987 37.64762071763882),ios,57.72023816523032,-24.68772089539145,23.557396099588576
540,distance,0,-122.4120149643681,34.93000030517578,1575426885.991715,195.59487915039062,37.64712061229099,8.0,2019-12-03T18:34:45.991715-08:00,50.0,4.663539886474609,1575426886.091288,10.359678802755145,POINT (-122.4120149643681 37.64712061229099),ios,33.03317650310863,-1.13095384614428,25.055343353382113
541,distance,0,-122.41211543424339,34.900001525878906,1575426886.9916878,195.59487915039062,37.646834395409705,8.0,2019-12-03T18:34:46.991688-08:00,50.0,4.600032806396484,1575426887.098253,10.359956572983,POINT (-122.41211543424339 37.646834395409705),ios,31.902253395970977,23.923708510070654,-45.5810621934321
542,distance,0,-122.41221246429217,35.22999954223633,1575426887.9916594,195.59487915039062,37.64655797784789,8.0,2019-12-03T18:34:47.991659-08:00,50.0,4.584896087646484,1575426888.114211,10.36023434287972,POINT (-122.41221246429217 37.64655797784789),ios,55.82528314710744,-21.65606046608368,17.687147477039062
543,distance,0,-122.41238225584448,36.41999816894531,1575426888.991632,195.59487915039062,37.6460742785456,8.0,2019-12-03T18:34:48.991632-08:00,50.0,3.9246788024902344,1575426889.100184,10.360512113041349,POINT (-122.41238225584448 37.6460742785456),ios,34.169816449847765,-3.9693979376701476,10.494591575052338
544,distance,0,-122.41248618068232,35.369998931884766,1575426889.9916058,195.59136962890625,37.645778212771,8.0,2019-12-03T18:34:49.991606-08:00,50.0,3.8807334899902344,1575426890.091888,10.360789883534114,POINT (-122.41248618068232 37.645778212771),ios,30.2005226137814,6.524918405764917,-9.767017604189457
545,distance,0,-122.41257801455552,34.220001220703125,1575426890.9915755,195.59136962890625,37.645516536216405,8.0,2019-12-03T18:34:50.991575-08:00,30.0,4.000911712646484,1575426891.3741078,10.361067652901014,POINT (-122.41257801455552 37.645516536216405),ios,36.725243450500884,-3.2418034613402136,1.8693766598822397
546,distance,0,-122.41268638590566,34.779998779296875,1575426891.9915507,189.8955535888672,37.64519760836567,8.0,2019-12-03T18:34:51.991551-08:00,30.0,3.9746971130371094,1575426892.113064,10.361345423791144,POINT (-122.41268638590566 37.64519760836567),ios,33.48352037140287,-1.3724731536471877,3.2137958459599854
547,distance,0,-122.41275147539454,34.59000015258789,1575426892.9915228,189.8955535888672,37.64490093563332,8.0,2019-12-03T18:34:52.991523-08:00,30.0,4.193782806396484,1575426893.118603,10.361623193820318,POINT (-122.41275147539454 37.64490093563332),ios,32.11108550285828,1.841233043562021,2.2936152397254235
548,distance,0,-122.41281389702388,34.75,1575426893.9914958,189.8955535888672,37.6446164227935,8.0,2019-12-03T18:34:53.991496-08:00,30.0,4.262538909912109,1575426894.128724,10.361900964114401,POINT (-122.41281389702388 37.6446164227935),ios,33.95226894120954,4.134786490312474,-18.459054699581316
549,distance,0,-122.4128800494106,34.650001525878906,1575426894.9955366,189.86643981933594,37.64431435686011,8.0,2019-12-03T18:34:54.995537-08:00,30.0,4.246547698974609,1575426895.172796,10.362179864313868,POINT (-122.4128800494106 37.64431435686011),ios,38.103762938044625,-14.398856045307552,23.675211344152803
550,distance,0,-122.41295392364583,34.61000061035156,1575426895.9957685,189.86643981933594,37.64397663030125,8.0,2019-12-03T18:34:55.995769-08:00,30.0,4.225368499755859,1575426896.112956,10.362457706530888,POINT (-122.41295392364583 37.64397663030125),ios,23.701566627717636,9.281847504617144,-15.53212221794481
551,distance,0,-122.41299987662038,32.650001525878906,1575426896.996027,189.86643981933594,37.64376654975148,8.0,2019-12-03T18:34:56.996027-08:00,30.0,4.015438079833984,1575426897.1048641,10.36273555609915,POINT (-122.41299987662038 37.64376654975148),ios,32.98581298627932,-6.2542889241441095,2.2913111314413617
552,distance,0,-122.4130559851285,30.68000030517578,1575426897.9962711,182.4669189453125,37.6434731737556,8.0,2019-12-03T18:34:57.996271-08:00,30.0,4.002468109130859,1575426898.095492,10.363013401693769,POINT (-122.4130559851285 37.6434731737556),ios,26.72999713612834,-3.9624183905710484,10.782304022674191
553,distance,0,-122.41306900130382,30.600000381469727,1575426898.996505,182.4669952392578,37.64323294988687,8.0,2019-12-03T18:34:58.996505-08:00,15.910071231275184,4.008052825927734,1575426899.130717,10.363291244440608,POINT (-122.41306900130382 37.64323294988687),ios,22.766651980963893,6.822407490377184,-5.3112127375528155
554,distance,0,-122.41308008730837,29.639999389648438,1575426899.9967191,182.4669952392578,37.64302834885539,8.0,2019-12-03T18:34:59.996719-08:00,10.0,3.7714195251464844,1575426900.1164908,10.363569081690576,POINT (-122.41308008730837 37.64302834885539),ios,29.590520147993594,1.5100576227931832,-5.015904953669338
555,distance,0,-122.41309449591756,29.8700008392334,1575426900.9969184,182.4669952392578,37.64276242651249,8.0,2019-12-03T18:35:00.996918-08:00,10.0,4.167995452880859,1575426901.265953,10.363846914834447,POINT (-122.41309449591756 37.64276242651249),ios,31.100878752349548,-3.5068470906792752,4.684094895944451
556,distance,0,-122.41310963983693,29.479999542236328,1575426901.997109,182.4669952392578,37.64248293343484,8.0,2019-12-03T18:35:01.997109-08:00,10.0,4.104701995849609,1575426902.107873,10.364124745527903,POINT (-122.41310963983693 37.64248293343484),ios,27.593363619767384,1.1781401086895011,0.09846544655007117
557,distance,0,-122.41312307567568,29.270000457763672,1575426902.9972868,182.4669952392578,37.642234964343736,8.0,2019-12-03T18:35:02.997287-08:00,10.0,4.101161956787109,1575426903.123827,10.36440257271131,POINT (-122.41312307567568 37.642234964343736),ios,28.771713272762945,1.2766230683294977,-0.5383882343996003
558,distance,0,-122.41313172436179,29.219999313354492,1575426904.997592,180.76129150390625,37.64171743022128,8.0,2019-12-03T18:35:04.997592-08:00,10.0,4.062496185302734,1575426905.126281,10.364958213037914,POINT (-122.41313172436179 37.64171743022128),ios,31.32534900386418,0.19968229648024854,-3.997376894203005
559,distance,0,-122.41312841913731,29.540000915527344,1575426905.997723,179.2237548828125,37.64143568980426,8.0,2019-12-03T18:35:05.997723-08:00,30.0,4.612697601318359,1575426906.115938,10.365236027240753,POINT (-122.41312841913731 37.64143568980426),ios,31.525057484727597,-3.7982187746283436,4.657966929558024
560,distance,0,-122.4131235883928,29.360000610351562,1575426906.9978426,179.2237548828125,37.641152170089825,8.0,2019-12-03T18:35:06.997843-08:00,30.0,4.774135589599609,1575426907.120214,10.36551383819845,POINT (-122.4131235883928 37.641152170089825),ios,27.726385021571648,0.8603045384039611,-0.8017917779069971
561,distance,0,-122.41311933977255,29.270000457763672,1575426907.997954,179.2237548828125,37.6409028156502,8.0,2019-12-03T18:35:07.997954-08:00,30.0,5.278774261474609,1575426908.120203,10.365791646904416,POINT (-122.41311933977255 37.6409028156502),ios,28.586785347553104,0.05842348781661405,-2.3406423683620656
562,distance,0,-122.41311495934852,28.90999984741211,1575426908.9980564,179.2237548828125,37.6406457255551,8.0,2019-12-03T18:35:08.998056-08:00,30.0,5.364803314208984,1575426909.124902,10.366069453159968,POINT (-122.41311495934852 37.6406457255551),ios,28.645214824945047,-2.2824588431753408,2.5799539284063426
563,distance,0,-122.41311057000047,28.75,1575426909.9981523,179.2237548828125,37.6403881117048,8.0,2019-12-03T18:35:09.998152-08:00,30.0,5.684383392333984,1575426910.1549659,10.366347257561154,POINT (-122.41311057000047 37.6403881117048),ios,26.362537221170818,0.29774235902880464,-3.5212358302464013
564,distance,0,-122.41310758992364,28.219999313354492,1575426910.9982386,179.48626708984375,37.64015101899296,8.0,2019-12-03T18:35:10.998239-08:00,30.0,5.893550872802734,1575426911.198872,10.366625059313245,POINT (-122.41310758992364 37.64015101899296),ios,26.660305277605907,-3.223797380369282,5.487354772412323
565,distance,0,-122.41310489982556,27.690000534057617,1575426911.9983182,179.49549865722656,37.6399112474771,8.0,2019-12-03T18:35:11.998318-08:00,30.0,5.916469573974609,1575426912.1206698,10.366902859210969,POINT (-122.41310489982556 37.6399112474771),ios,23.43625118043092,2.2639943600105483,-4.780554653421294
566,distance,0,-122.41310256587639,27.25,1575426912.9983912,179.49549865722656,37.63970047293255,8.0,2019-12-03T18:35:12.998391-08:00,30.0,5.580471038818359,1575426913.112642,10.367180657254325,POINT (-122.41310256587639 37.63970047293255),ios,25.7004107126069,-2.5169090639633684,11.652235288539867
567,distance,0,-122.41310000646001,26.969999313354492,1575426913.9984586,179.49549865722656,37.63946933687683,8.0,2019-12-03T18:35:13.998459-08:00,30.0,5.912441253662109,1575426914.11355,10.367458453774452,POINT (-122.41310000646001 37.63946933687683),ios,23.18333182660271,9.136112429531279,-13.543891485592836
568,distance,0,-122.41309769772477,26.209999084472656,1575426914.9985201,179.49549865722656,37.63926083935519,8.0,2019-12-03T18:35:14.998520-08:00,30.0,5.690334320068359,1575426915.1192188,10.367736248638895,POINT (-122.41309769772477 37.63926083935519),ios,32.32000623662153,-4.408612167825341,-1.3899136889622326
569,distance,0,-122.4130944791269,26.40999984741211,1575426915.9985747,179.49549865722656,37.63897017386071,8.0,2019-12-03T18:35:15.998575-08:00,30.0,6.048854827880859,1575426916.116749,10.368014041582743,POINT (-122.4130944791269 37.63897017386071),ios,27.91115336803,-5.79860174309309,2.6292634393460546
570,distance,0,-122.41309169959595,26.40999984741211,1575426916.9986258,179.49549865722656,37.638719159670885,8.0,2019-12-03T18:35:16.998626-08:00,30.0,6.359767913818359,1575426917.112856,10.368291833533181,POINT (-122.41309169959595 37.638719159670885),ios,22.1122557711378,-3.1692041545828307,7.135837939913805
571,distance,0,-122.41308949755899,25.6299991607666,1575426917.9986718,179.49549865722656,37.63852029787164,8.0,2019-12-03T18:35:17.998672-08:00,30.0,6.595821380615234,1575426918.115659,10.368569624092844,POINT (-122.41308949755899 37.63852029787164),ios,18.942905786304745,3.966962139385044,-1.7057263286972468
572,distance,0,-122.41308761114993,24.239999771118164,1575426918.9987125,179.49549865722656,37.63834993983093,8.0,2019-12-03T18:35:18.998713-08:00,30.0,7.490077972412109,1575426919.115816,10.368847413195503,POINT (-122.41308761114993 37.63834993983093),ios,22.910029657058292,2.2611662689468535,-3.207940027966584
573,distance,0,-122.41308532968884,24.0,1575426919.998749,179.49549865722656,37.638143905389356,8.0,2019-12-03T18:35:19.998749-08:00,30.0,7.659206390380859,1575426920.104516,10.36912520110607,POINT (-122.41308532968884 37.638143905389356),ios,25.171278408924636,-0.946890778392737,0.632652350806012
574,distance,0,-122.41308282305425,24.100000381469727,1575426920.9987817,179.49549865722656,37.637917535952724,8.0,2019-12-03T18:35:20.998782-08:00,30.0,7.833736419677734,1575426921.10182,10.369402987957,POINT (-122.41308282305425 37.637917535952724),ios,24.224356701911407,-0.31421776304451243,-3.7597417848061627
575,distance,0,-122.41308041072568,24.06999969482422,1575426921.9988108,179.49549865722656,37.637699683117496,8.0,2019-12-03T18:35:21.998811-08:00,30.0,7.988155364990234,1575426922.116327,10.369680773814519,POINT (-122.41308041072568 37.637699683117496),ios,23.91012979919388,-4.074068907710558,-3.0648474458187405
576,distance,0,-122.41307802969555,23.93000030517578,1575426922.998837,179.49549865722656,37.63748465678148,8.0,2019-12-03T18:35:22.998837-08:00,30.0,8.133419036865234,1575426923.121471,10.36995855887731,POINT (-122.41307802969555 37.63748465678148),ios,19.835954044774105,-7.13899673235235,23.51147922492101
577,distance,0,-122.41307605438948,23.139999389648438,1575426923.9988594,179.4954833984375,37.637306270621124,8.0,2019-12-03T18:35:23.998859-08:00,30.0,8.208003997802734,1575426924.115063,10.37023634288046,POINT (-122.41307605438948 37.637306270621124),ios,12.696797317892784,16.373009416474783,-23.499738531326425
578,distance,0,-122.41307479001989,22.530000686645508,1575426924.9988785,179.4954833984375,37.63719208779145,8.0,2019-12-03T18:35:24.998878-08:00,30.0,8.310176849365234,1575426925.125548,10.37051412595643,POINT (-122.41307479001989 37.63719208779145),ios,29.070119024738823,-7.127177336793235,9.198363868187519
579,distance,0,-122.41307213053491,22.260000228881836,1575426925.9988952,179.5364990234375,37.63693065804982,8.0,2019-12-03T18:35:25.998895-08:00,30.0,8.26113510131836,1575426926.128979,10.370791908370125,POINT (-122.41307213053491 37.63693065804982),ios,21.942822740341033,2.0713400456533293,-7.381726084232276
580,distance,0,-122.41307012309812,22.18000030517578,1575426926.9989088,179.5364990234375,37.636733325225215,8.0,2019-12-03T18:35:26.998909-08:00,30.0,8.040523529052734,1575426927.117656,10.371069689922862,POINT (-122.41307012309812 37.636733325225215),ios,24.01419093521354,-5.310486355195673,8.702879939890973
581,distance,0,-122.41306792616768,22.040000915527344,1575426927.99892,179.5364990234375,37.6365173650051,8.0,2019-12-03T18:35:27.998920-08:00,30.0,8.20040512084961,1575426928.111814,10.371347470813328,POINT (-122.41306792616768 37.6365173650051),ios,18.703645072443145,3.3924911063239604,-6.256756965849205
582,distance,0,-122.41306621507567,21.440000534057617,1575426928.9989283,179.5364990234375,37.63634916313809,8.0,2019-12-03T18:35:28.998928-08:00,30.0,8.46584701538086,1575426929.120727,10.371625250909064,POINT (-122.41306621507567 37.63634916313809),ios,22.096164487918927,-2.86431806997394,5.797180602240616
583,distance,0,-122.41306419362297,21.3799991607666,1575426929.9989357,179.5364990234375,37.6361504525359,4.0,2019-12-03T18:35:29.998936-08:00,30.0,8.78017807006836,1575426930.1187901,10.37190303073989,POINT (-122.41306419362297 37.6361504525359),ios,19.231825247839012,2.9329053790890973,-4.393609393885456
584,distance,0,-122.41306243421616,20.729999542236328,1575426930.998941,179.5364990234375,37.635977501281054,4.0,2019-12-03T18:35:30.998941-08:00,10.0,8.90139389038086,1575426931.121204,10.37218080997467,POINT (-122.41306243421616 37.635977501281054),ios,22.164746010629038,-1.4607270601947535,5.683428793201956
585,distance,0,-122.41306040650142,20.239999771118164,1575426931.9989424,179.5364990234375,37.635778175114005,4.0,2019-12-03T18:35:31.998942-08:00,10.0,9.25649642944336,1575426932.1205301,10.372458588149813,POINT (-122.41306040650142 37.635778175114005),ios,20.704016860847464,4.222709863217306,-9.54084892662863
586,distance,0,-122.41305851242015,20.149999618530273,1575426932.9989436,179.5364990234375,37.635591985236765,4.0,2019-12-03T18:35:32.998944-08:00,10.0,9.57546615600586,1575426933.126024,10.372736366258728,POINT (-122.41305851242015 37.635591985236765),ios,24.926731757927197,-5.318150436989548,4.185191044208089
587,distance,0,-122.41305623203445,19.770000457763672,1575426933.9989424,179.5364990234375,37.63536782129355,4.0,2019-12-03T18:35:33.998942-08:00,10.0,9.91476058959961,1575426934.119832,10.373014143705369,POINT (-122.41305623203445 37.63536782129355),ios,19.608587660667002,-1.1329643819179682,-3.014481381793879
588,distance,0,-122.41305457489426,19.770000457763672,1575426934.9989398,179.8088836669922,37.63519148237362,4.0,2019-12-03T18:35:34.998940-08:00,10.0,10.021175384521484,1575426935.1263819,10.373291920754644,POINT (-122.41305457489426 37.63519148237362),ios,18.475626250066373,-4.147437857919802,9.772899331996927
589,distance,0,-122.41305387792994,19.579999923706055,1575426935.9989357,179.8088836669922,37.635025328665094,4.0,2019-12-03T18:35:35.998936-08:00,10.0,10.06289291381836,1575426936.113025,10.373569697406557,POINT (-122.41305387792994 37.635025328665094),ios,14.328205202192668,5.625421863383995,-9.777695180380118
590,distance,0,-122.41305333742156,19.299999237060547,1575426936.99893,179.8088836669922,37.63489647346823,4.0,2019-12-03T18:35:36.998930-08:00,10.0,10.12075424194336,1575426937.134109,10.373847473594877,POINT (-122.41305333742156 37.63489647346823),ios,19.953594876654563,-4.15221736857552,9.01183448982138
591,distance,0,-122.41305258470476,19.3799991607666,1575426937.9989238,179.8088836669922,37.63471702858078,4.0,2019-12-03T18:35:37.998924-08:00,10.0,9.975521087646484,1575426938.098405,10.374125249650744,POINT (-122.41305258470476 37.63471702858078),ios,15.801403247188937,4.859561257937733,-6.882969104900554
592,distance,0,-122.41305198862392,19.270000457763672,1575426938.9989154,179.8088836669922,37.6345749251172,4.0,2019-12-03T18:35:38.998915-08:00,10.0,9.863704681396484,1575426939.112205,10.374403025110563,POINT (-122.41305198862392 37.6345749251172),ios,20.660923953787513,-2.023350410992832,-0.2202737296698273
593,distance,0,-122.41302925289125,19.200000762939453,1575426940.9988952,177.21112060546875,37.634203749010815,4.0,2019-12-03T18:35:40.998895-08:00,10.0,9.82027816772461,1575426941.132217,10.374958575036791,POINT (-122.41302925289125 37.634203749010815),ios,16.6142641361699,-2.463893406357767,0.39046075582255857
594,distance,0,-122.41296961106141,17.739999771118164,1575426944.9988444,173.3053741455078,37.633607963204106,8.0,2019-12-03T18:35:44.998844-08:00,10.0,8.04384994506836,1575426945.1153688,10.376069672041469,POINT (-122.41296961106141 37.633607963204106),ios,6.758815635025377,-0.9020702118975342,8.581074914971493
595,distance,0,-122.41296070064965,15.579999923706055,1575426945.998829,173.3053741455078,37.63354759164855,4.0,2019-12-03T18:35:45.998829-08:00,10.0,9.01424789428711,1575426946.1707659,10.376347445514467,POINT (-122.41296070064965 37.63354759164855),ios,5.856759402697224,7.678871720374213,-3.3827338933369604
596,distance,0,-122.41295297945038,14.329999923706055,1575426946.9988139,173.3053741455078,37.633495277476996,4.0,2019-12-03T18:35:46.998814-08:00,10.0,8.856380462646484,1575426947.117132,10.37662521911992,POINT (-122.41295297945038 37.633495277476996),ios,13.535515783573302,4.296188636953577,-19.83294483544713
597,distance,0,-122.41293418721958,14.470000267028809,1575426947.9987974,172.15208435058594,37.63337446483543,4.0,2019-12-03T18:35:47.998797-08:00,10.0,8.64767074584961,1575426948.096027,10.376902992328008,POINT (-122.41293418721958 37.63337446483543),ios,17.831633744434743,-15.536429929059183,31.120746840974675
598,distance,0,-122.41290665225938,15.449999809265137,1575426948.9987805,172.15208435058594,37.633215593315974,4.0,2019-12-03T18:35:48.998780-08:00,10.0,8.774776458740234,1575426949.110763,10.377180765403642,POINT (-122.41290665225938 37.633215593315974),ios,2.295466811697468,15.58379010865428,-24.97394281951784
599,distance,0,-122.41290310768818,13.670000076293945,1575426949.9987621,172.15208435058594,37.633195141809644,4.0,2019-12-03T18:35:49.998762-08:00,10.0,8.818477630615234,1575426950.134049,10.37745853808191,POINT (-122.41290310768818 37.633195141809644),ios,17.878970829539455,-9.389694233462516,13.16057489516006
600,distance,0,-122.41287671374516,13.170000076293945,1575426950.9987447,172.23414611816406,37.63303571960647,4.0,2019-12-03T18:35:50.998745-08:00,10.0,9.19747543334961,1575426951.1126971,10.377736311025089,POINT (-122.41287671374516 37.63303571960647),ios,8.489440019538625,3.770651607731178,-6.59809533561846
601,distance,0,-122.41286374093431,12.430000305175781,1575426951.9987261,172.23414611816406,37.63296006806521,4.0,2019-12-03T18:35:51.998726-08:00,10.0,9.288265228271484,1575426952.1011782,10.378014083637131,POINT (-122.41286374093431 37.63296006806521),ios,12.260021505784712,-2.827321025423135,6.5352626673320575
602,distance,0,-122.41284500626833,12.739999771118164,1575426952.9987068,172.23414611816406,37.632850816001906,4.0,2019-12-03T18:35:52.998707-08:00,10.0,9.14529037475586,1575426953.098915,10.378291856050492,POINT (-122.41284500626833 37.632850816001906),ios,9.432755081316362,3.707815433537747,-4.749132880601751
603,distance,0,-122.4128224990846,11.8100004196167,1575426953.998687,162.90512084960938,37.63276788064505,4.0,2019-12-03T18:35:53.998687-08:00,10.0,9.082637786865234,1575426954.105832,10.378569628331396,POINT (-122.4128224990846 37.63276788064505),ios,13.140497141850869,-1.0412234676983954,-2.021536764216131
604,distance,0,-122.41277880374662,10.989999771118164,1575426954.998667,162.90512084960938,37.632654887711944,4.0,2019-12-03T18:35:54.998667-08:00,10.0,9.162837982177734,1575426955.110116,10.378847400546073,POINT (-122.41277880374662 37.632654887711944),ios,12.099294526902128,-3.0627197462730007,5.908472340086496
605,distance,0,-122.41273857071269,10.539999961853027,1575426955.9986458,162.90512084960938,37.63255084804272,4.0,2019-12-03T18:35:55.998646-08:00,30.0,9.198604583740234,1575426956.114851,10.379125172429614,POINT (-122.41273857071269 37.63255084804272),ios,9.036639769255945,2.845627220440876,-3.482518864336206
606,distance,0,-122.41270852174506,10.520000457763672,1575426956.9986243,162.90512084960938,37.63247314362056,4.0,2019-12-03T18:35:56.998624-08:00,30.0,9.16933822631836,1575426957.12991,10.379402944246928,POINT (-122.41270852174506 37.63247314362056),ios,11.882205929160952,-0.6368169171473903,3.421648804444197
607,distance,0,-122.41266897347015,10.489999771118164,1575426957.9986033,162.88742065429688,37.63237097965963,4.0,2019-12-03T18:35:57.998603-08:00,30.0,9.19735336303711,1575426958.117976,10.379680716196695,POINT (-122.41266897347015 37.63237097965963),ios,11.2454023729642,2.784760098247946,-6.7351622346369515
608,distance,0,-122.41263154228449,11.0,1575426958.9985816,162.88742065429688,37.63227429165224,4.0,2019-12-03T18:35:58.998582-08:00,30.0,9.19863510131836,1575426959.20829,10.379958487947782,POINT (-122.41263154228449 37.63227429165224),ios,14.030102052804482,-3.950256009698295,4.514474108150137
609,distance,0,-122.41258484199562,12.319999694824219,1575426959.9985604,162.88742065429688,37.63215366074527,4.0,2019-12-03T18:35:59.998560-08:00,30.0,9.24575424194336,1575426960.105012,10.380236259831323,POINT (-122.41258484199562 37.63215366074527),ios,10.079929864590005,0.5641223046811411,4.765677156724785
610,distance,0,-122.41254691369505,12.170000076293945,1575426960.998538,155.93577575683594,37.63206813298237,4.0,2019-12-03T18:36:00.998538-08:00,10.0,9.35628890991211,1575426961.115991,10.380514031383726,POINT (-122.41254691369505 37.63206813298237),ios,10.644039526530744,5.329692656164167,-10.109810887212415
611,distance,0,-122.41249780057925,11.0,1575426961.9985147,155.93577575683594,37.63198066951205,4.0,2019-12-03T18:36:01.998515-08:00,10.0,9.357295989990234,1575426962.134128,10.38079180267122,POINT (-122.41249780057925 37.63198066951205),ios,15.973607654315398,-4.77988201510707,3.6484108572309886
612,distance,0,-122.41242409605906,10.680000305175781,1575426962.9984918,155.93577575683594,37.631849412249984,4.0,2019-12-03T18:36:02.998492-08:00,10.0,9.38113021850586,1575426963.1330972,10.38106957409117,POINT (-122.41242409605906 37.631849412249984),ios,11.193835042025446,-1.131554663373607,-0.5075610784794
613,distance,0,-122.41237244609675,11.210000038146973,1575426963.998469,155.93577575683594,37.63175743101711,4.0,2019-12-03T18:36:03.998469-08:00,30.0,9.290889739990234,1575426964.138897,10.381347345577346,POINT (-122.41237244609675 37.63175743101711),ios,10.062306008099066,-1.639104245713849,2.2976833387102453
614,distance,0,-122.41232601720307,10.979999542236328,1575426964.998446,155.93577575683594,37.631674747764414,4.0,2019-12-03T18:36:04.998446-08:00,30.0,9.122676849365234,1575426965.158977,10.381625116931067,POINT (-122.41232601720307 37.631674747764414),ios,8.423239669297027,0.6585259553879033,-2.2327556589182223
615,distance,0,-122.41228712205401,9.890000343322754,1575426965.9984221,155.89035034179688,37.63160554326876,4.0,2019-12-03T18:36:05.998422-08:00,30.0,8.864986419677734,1575426966.21708,10.381902888086106,POINT (-122.41228712205401 37.63160554326876),ios,9.081749924202672,-1.5741764704871506,14.761441249519054
616,distance,0,-122.41224514311887,9.550000190734863,1575426966.9983988,155.89035034179688,37.63153094367457,4.0,2019-12-03T18:36:06.998399-08:00,30.0,8.63833236694336,1575426967.1392589,10.382180659373601,POINT (-122.41224514311887 37.63153094367457),ios,7.5076102343814215,13.186919877650778,-29.11790227359639
617,distance,0,-122.4122104403977,9.8100004196167,1575426967.9983754,155.89035034179688,37.63146927443721,4.0,2019-12-03T18:36:07.998375-08:00,30.0,8.552974700927734,1575426968.127001,10.382458430661096,POINT (-122.4122104403977 37.63146927443721),ios,20.694221999375603,-15.930302055554733,18.022843634910167
618,distance,0,-122.4121147998249,9.640000343322754,1575426968.9983504,155.89520263671875,37.63129928238699,4.0,2019-12-03T18:36:08.998350-08:00,10.0,8.477352142333984,1575426969.133527,10.382736201484999,POINT (-122.4121147998249 37.63129928238699),ios,4.7643187422188475,2.0920903963744992,-4.439491901042772
619,distance,0,-122.412092781745,8.880000114440918,1575426969.9983258,155.89520263671875,37.631260145767605,4.0,2019-12-03T18:36:09.998326-08:00,10.0,8.49776840209961,1575426970.1225939,10.383013972441356,POINT (-122.412092781745 37.631260145767605),ios,6.856357762891722,-2.3472924835611217,9.231397971377747
620,distance,0,-122.41206109536864,8.680000305175781,1575426970.9983025,155.89520263671875,37.631203823978474,4.0,2019-12-03T18:36:10.998302-08:00,10.0,8.49465560913086,1575426971.1224818,10.383291743728849,POINT (-122.41206109536864 37.631203823978474),ios,4.50912012386819,6.883889796011456,-7.59094059138196
621,distance,0,-122.41204025670663,8.619999885559082,1575426971.9982767,155.89520263671875,37.631166783746686,4.0,2019-12-03T18:36:11.998277-08:00,10.0,8.41219711303711,1575426972.124792,10.38356951435407,POINT (-122.41204025670663 37.631166783746686),ios,11.39283266517947,-0.7068553346733609,-1.9736934046752188
622,distance,0,-122.41198760523568,8.630000114440918,1575426972.9982529,155.89520263671875,37.631073196994805,4.0,2019-12-03T18:36:12.998253-08:00,10.0,8.072505950927734,1575426973.111679,10.383847285509109,POINT (-122.41198760523568 37.631073196994805),ios,10.68599418325056,-2.6805016828308674,-4.6434449209280295
623,distance,0,-122.41193822043272,8.130000114440918,1575426973.9982283,155.89520263671875,37.630985416668516,4.0,2019-12-03T18:36:13.998228-08:00,10.0,7.887142181396484,1575426974.105259,10.384125056465466,POINT (-122.41193822043272 37.630985416668516),ios,8.00555832580415,-7.323832574154259,8.128369809880043
624,distance,0,-122.41190122317548,8.130000114440918,1575426974.9982028,155.89520263671875,37.6309196549135,4.0,2019-12-03T18:36:14.998203-08:00,10.0,7.800594329833984,1575426975.112555,10.384402827156915,POINT (-122.41190122317548 37.6309196549135),ios,0.6819125883897739,0.8043298746070738,-0.9060424024819861
625,distance,0,-122.4118886174858,10.399999618530273,1575426978.9981012,155.89520263671875,37.63089724859644,4.0,2019-12-03T18:36:18.998101-08:00,30.0,7.659511566162109,1575426979.123528,10.38551391005516,POINT (-122.4118886174858 37.63089724859644),ios,3.8991503939969046,-2.8197477119330907,10.633812079068171
626,distance,0,-122.41187059776621,8.850000381469727,1575426979.9980762,155.89520263671875,37.63086521896852,4.0,2019-12-03T18:36:19.998076-08:00,30.0,7.529323577880859,1575426980.1281672,10.385791680879063,POINT (-122.41187059776621 37.63086521896852),ios,1.0794732714893185,7.813798160806617,-10.213945628134535
627,distance,0,-122.41186560903839,9.779999732971191,1575426980.998051,155.89520263671875,37.630856351622064,4.0,2019-12-03T18:36:20.998051-08:00,30.0,7.342189788818359,1575426981.119,10.386069451636738,POINT (-122.41186560903839 37.630856351622064),ios,8.893073959102518,-2.399889336721128,2.8792953858386534
628,distance,0,-122.41182451020711,6.659999847412109,1575426981.998025,155.89520263671875,37.63078329941567,4.0,2019-12-03T18:36:21.998025-08:00,10.0,7.256862640380859,1575426982.1143188,10.386347222195731,POINT (-122.41182451020711 37.63078329941567),ios,6.493246989805807,0.4793312230684226,0.9084226860799243
629,distance,0,-122.4117945020285,6.610000133514404,1575426982.9979994,155.89520263671875,37.630729960583565,4.0,2019-12-03T18:36:22.997999-08:00,10.0,7.137691497802734,1575426983.101435,10.38662499288718,POINT (-122.4117945020285 37.630729960583565),ios,6.972565984757034,1.3877307345698207,-1.9525908462073118
630,distance,0,-122.41176227871551,6.460000038146973,1575426983.9979737,155.89520263671875,37.63067268440227,4.0,2019-12-03T18:36:23.997974-08:00,30.0,7.114467620849609,1575426984.112516,10.3869027635124,POINT (-122.41176227871551 37.63067268440227),ios,8.360260986361544,-0.5648098339724984,-2.299888642346475
631,distance,0,-122.41172364219076,7.039999961853027,1575426984.9979496,155.89520263671875,37.63060400888784,4.0,2019-12-03T18:36:24.997950-08:00,30.0,7.034786224365234,1575426985.11602,10.387180534601212,POINT (-122.41172364219076 37.63060400888784),ios,7.795464753166011,-2.8646430943645713,-0.8112428461384619
632,distance,0,-122.41168761599471,7.159999847412109,1575426985.9979215,155.89520263671875,37.63053997317126,4.0,2019-12-03T18:36:25.997921-08:00,10.0,7.020137786865234,1575426986.1128778,10.387458304564158,POINT (-122.41168761599471 37.63053997317126),ios,4.930902250929511,-3.6758631174897647,6.904697869997458
633,distance,0,-122.41166482812255,6.369999885559082,1575426986.9978957,155.89520263671875,37.63049946826423,4.0,2019-12-03T18:36:26.997896-08:00,30.0,7.105922698974609,1575426987.130416,10.387736075189379,POINT (-122.41166482812255 37.63049946826423),ios,1.255133783998382,3.228656962016121,-5.4600105951480815
634,distance,0,-122.41165902759658,4.650000095367432,1575426987.99787,155.89520263671875,37.63048915796568,4.0,2019-12-03T18:36:27.997870-08:00,30.0,7.188564300537109,1575426988.119627,10.3880138458146,POINT (-122.41165902759658 37.63048915796568),ios,4.483707610659532,-2.2312130421914196,1.8326329535736718
635,distance,0,-122.41167974878468,1.7899999618530273,1575426988.9978442,155.89520263671875,37.630525989390385,4.0,2019-12-03T18:36:28.997844-08:00,30.0,7.213039398193359,1575426989.122812,10.388291616439819,POINT (-122.41167974878468 37.630525989390385),ios,2.2525520204335767,-0.3986272774621868,0.39915879280224403
636,distance,0,-122.41166933876167,1.409999966621399,1575426989.9978173,155.89520263671875,37.6305074858192,4.0,2019-12-03T18:36:29.997817-08:00,30.0,7.312953948974609,1575426990.1219249,10.388569386733902,POINT (-122.41166933876167 37.6305074858192),ios,1.8539354825082364,0.0005207614834968432,0.5329566680460801
637,distance,0,-122.41165220305913,0.7799999713897705,1575426991.9977655,155.89520263671875,37.630477027510764,4.0,2019-12-03T18:36:31.997766-08:00,30.0,7.238765716552734,1575426992.1228619,10.389124927918116,POINT (-122.41165220305913 37.630477027510764),ios,1.8549769785326808,1.0664065240862375,-2.0446551809354667
638,distance,0,-122.41164363039815,0.8299999833106995,1575426992.9977393,155.89520263671875,37.630461789807406,4.0,2019-12-03T18:36:32.997739-08:00,30.0,7.447200775146484,1575426993.1233091,10.389402698410882,POINT (-122.41164363039815 37.630461789807406),ios,2.9213555349948144,-0.9781950336330999,1.001105600774687
639,distance,0,-122.41163012953544,1.340000033378601,1575426993.997713,155.89520263671875,37.63043779234133,4.0,2019-12-03T18:36:33.997713-08:00,30.0,7.537746429443359,1575426994.118437,10.389680468903647,POINT (-122.41163012953544 37.63043779234133),ios,1.9431861555474148,0.022884312102351863,-1.274425183498438
640,distance,0,-122.41162114922628,1.0399999618530273,1575426994.9976864,155.89520263671875,37.63042183005295,4.0,2019-12-03T18:36:34.997686-08:00,10.0,7.587093353271484,1575426995.120635,10.389958239263958,POINT (-122.41162114922628 37.63042183005295),ios,1.966069856572707,-1.251506840572247,2.413601379880053
641,distance,0,-122.41161206315977,0.75,1575426995.99766,155.89520263671875,37.630405679783294,4.0,2019-12-03T18:36:35.997660-08:00,10.0,7.957302093505859,1575426996.125875,10.390236009690497,POINT (-122.41161206315977 37.630405679783294),ios,0.7145961364560359,1.1620306646451288,-1.7698788435784765
642,distance,0,-122.41160215577787,0.3799999952316284,1575426998.9975808,155.89520263671875,37.63038806964486,4.0,2019-12-03T18:36:38.997581-08:00,10.0,8.096065521240234,1575426999.133183,10.391069321036339,POINT (-122.41160215577787 37.63038806964486),ios,4.200596149891044,-4.14746577138661,4.1516324022817575
643,distance,0,-122.41158274300159,0.3799999952316284,1575426999.9975538,155.89520263671875,37.63035356389145,4.0,2019-12-03T18:36:39.997554-08:00,10.0,7.957424163818359,1575427000.1279402,10.391347091330422,POINT (-122.41158274300159 37.63035356389145),ios,0.05324211662169132,0.004054780523439202,-0.0005642796948782981
644,distance,0,-122.41156994814406,0.5400000214576721,1575427051.9961658,155.89520263671875,37.63033082133295,4.0,2019-12-03T18:37:31.996166-08:00,10.0,7.575710296630859,1575427052.1262379,10.405791150199043,POINT (-122.41156994814406 37.63033082133295),ios,0.26408507550929594,-0.025286980348841713,0.010162672272895006
645,distance,0,-122.41157727085454,0.1599999964237213,1575427057.996005,155.89520263671875,37.6303438372787,4.0,2019-12-03T18:37:37.996005-08:00,10.0,7.493740081787109,1575427058.121453,10.407457772228453,POINT (-122.41157727085454 37.6303438372787),ios,0.11236725688535881,0.03568742020682707,0.09826786612629085
646,distance,0,-122.41154559368783,3.440000057220459,1575427118.9943688,155.89520263671875,37.6302875318595,4.0,2019-12-03T18:38:38.994369-08:00,10.0,7.518398284912109,1575427119.130509,10.424401762154368,POINT (-122.41154559368783 37.6302875318595),ios,2.2892414953642177,6.029866461472723,-6.23241855155672
647,distance,0,-122.41153501410736,3.440000057220459,1575427119.9943423,155.89520263671875,37.63026872690395,4.0,2019-12-03T18:38:39.994342-08:00,30.0,7.532009124755859,1575427120.117745,10.424679532580905,POINT (-122.41153501410736 37.63026872690395),ios,8.318948379663416,-0.20238715247832378,7.556732779816708
648,distance,0,-122.41134109351543,6.880000114440918,1575427124.9942086,155.66949462890625,37.62992764815469,4.0,2019-12-03T18:38:44.994209-08:00,30.0,7.351711273193359,1575427125.115238,10.426068384316233,POINT (-122.41134109351543 37.62992764815469),ios,7.307039687124755,37.5802660122642,-66.93255519235163
649,distance,0,-122.41130702704851,6.880000114440918,1575427125.9941826,155.66949462890625,37.62986773008305,4.0,2019-12-03T18:38:45.994183-08:00,50.0,6.362026214599609,1575427126.118639,10.426346154875226,POINT (-122.41130702704851 37.62986773008305),ios,44.88632907752384,-29.350549761934634,27.36399841843977
650,distance,0,-122.4110977609962,7.0,1575427126.994155,155.66949462890625,37.62949966085079,4.0,2019-12-03T18:38:46.994155-08:00,30.0,5.941585540771484,1575427127.112334,10.426623924970627,POINT (-122.4110977609962 37.62949966085079),ios,15.536591050688138,-1.9873081374269543,0.7810120558654879
651,distance,0,-122.41094628324177,11.8100004196167,1575427128.9941008,154.4817657470703,37.62924728251955,4.0,2019-12-03T18:38:48.994101-08:00,50.0,5.843288421630859,1575427129.114952,10.427179465492566,POINT (-122.41094628324177 37.62924728251955),ios,11.562082330972625,-0.4253262948630873,0.6058714316904737
652,distance,0,-122.41088991951872,11.8100004196167,1575427129.9940753,154.4817657470703,37.62915337445747,4.0,2019-12-03T18:38:49.994075-08:00,50.0,5.851222991943359,1575427130.113295,10.427457236184015,POINT (-122.41088991951872 37.62915337445747),ios,11.136766886518462,0.18052968056975918,-10.27903759278741
653,distance,0,-122.41083562928483,11.680000305175781,1575427130.9940476,154.4817657470703,37.62906292105272,4.0,2019-12-03T18:38:50.994048-08:00,50.0,5.858089447021484,1575427131.107291,10.427735006279416,POINT (-122.41083562928483 37.62906292105272),ios,11.31729157425915,-10.098223629447311,59.24091011606766
654,distance,0,-122.4107804589905,11.609999656677246,1575427131.9940207,154.4817657470703,37.62897100137202,4.0,2019-12-03T18:38:51.994021-08:00,50.0,5.864070892333984,1575427132.117272,10.4280127765735,POINT (-122.4107804589905 37.62897100137202),ios,1.219340004078436,49.141090459521905,-66.59325387601152
655,distance,0,-122.4107745148649,11.529999732971191,1575427132.9939947,154.4817657470703,37.62896109781552,4.0,2019-12-03T18:38:52.993995-08:00,50.0,5.869289398193359,1575427133.115992,10.428290547132493,POINT (-122.4107745148649 37.62896109781552),ios,50.359153403363386,-17.45043281597222,16.51744725148977
656,distance,0,-122.41028893526374,15.699999809265137,1575427134.993941,155.60171508789062,37.62814103655129,4.0,2019-12-03T18:38:54.993941-08:00,50.0,5.825771331787109,1575427135.1152291,10.428846087786887,POINT (-122.41028893526374 37.62814103655129),ios,15.4592238855832,15.5835756220889,39.729696344829
657,distance,0,-122.41021667832769,15.460000038146973,1575427135.9939144,155.60171508789062,37.628014336575866,4.0,2019-12-03T18:38:55.993914-08:00,50.0,6.828945159912109,1575427136.1098828,10.429123858147197,POINT (-122.41021667832769 37.628014336575866),ios,31.0423833813089,55.31221106956983,-110.4611250371809
658,distance,0,-122.41007158523928,16.489999771118164,1575427136.9938877,155.60171508789062,37.627759920989966,4.0,2019-12-03T18:38:56.993888-08:00,50.0,6.772731781005859,1575427137.1470551,10.429401628507508,POINT (-122.41007158523928 37.627759920989966),ios,86.35311745549646,-55.145964337349625,45.491041301514926
659,distance,0,-122.40966796875,18.760000228881836,1575427137.9938602,155.60171508789062,37.62705219378698,4.0,2019-12-03T18:38:57.993860-08:00,30.0,5.745693206787109,1575427138.138088,10.429679398669137,POINT (-122.40966796875 37.62705219378698),ios,31.20866511772979,-9.656170315419033,9.55284321869218
660,distance,0,-122.40952198918242,18.719999313354492,1575427138.993833,155.5821990966797,37.62679645532859,4.0,2019-12-03T18:38:58.993833-08:00,30.0,5.746517181396484,1575427139.175489,10.429957168896992,POINT (-122.40952198918242 37.62679645532859),ios,21.55275725429706,-0.10358674031180277,-1.2653383398834845
661,distance,0,-122.40942117539817,18.420000076293945,1575427139.9938068,155.5821990966797,37.626619841832635,4.0,2019-12-03T18:38:59.993807-08:00,30.0,5.687648773193359,1575427140.121861,10.43023493938976,POINT (-122.40942117539817 37.626619841832635),ios,21.449173230655635,-1.3688918953766886,0.6118444014081841
662,distance,0,-122.40921607885929,18.969999313354492,1575427141.9937534,155.0063934326172,37.6262699232635,4.0,2019-12-03T18:39:01.993753-08:00,30.0,5.715847015380859,1575427142.180437,10.43079048011038,POINT (-122.40921607885929 37.6262699232635),ios,18.71146254661664,-0.14523576857663098,0.3538700808610579
663,distance,0,-122.4091266196092,18.899999618530273,1575427142.9937267,155.0063934326172,37.62611729536949,4.0,2019-12-03T18:39:02.993727-08:00,30.0,5.721462249755859,1575427143.1314979,10.431068250470691,POINT (-122.4091266196092 37.62611729536949),ios,18.566230656253435,0.20862486293381802,-2.642065726935839
664,distance,0,-122.40903785482763,18.81999969482422,1575427143.993699,155.0063934326172,37.62596585231968,4.0,2019-12-03T18:39:03.993699-08:00,30.0,5.728603363037109,1575427144.1176062,10.431346020566092,POINT (-122.40903785482763 37.62596585231968),ios,18.77484974934222,-2.433367793565466,12.1104942984105
665,distance,0,-122.40894809258933,18.729999542236328,1575427144.9936724,155.0063934326172,37.62581270749253,4.0,2019-12-03T18:39:04.993672-08:00,30.0,5.642116546630859,1575427145.110571,10.431623790926404,POINT (-122.40894809258933 37.62581270749253),ios,16.341546933707033,9.676803119758636,-7.4513887822190705
666,distance,0,-122.40886996401309,18.540000915527344,1575427145.993645,155.0063934326172,37.625679411047074,4.0,2019-12-03T18:39:05.993645-08:00,30.0,5.684566497802734,1575427146.118754,10.431901561088033,POINT (-122.40886996401309 37.625679411047074),ios,26.018084733555913,2.2256186407350325,-4.085181975924688
667,distance,0,-122.40874557187726,19.280000686645508,1575427146.99362,155.0063934326172,37.62546718358377,4.0,2019-12-03T18:39:06.993620-08:00,30.0,5.723659515380859,1575427147.116024,10.432179331911934,POINT (-122.40874557187726 37.62546718358377),ios,28.24364765826338,-1.8594610669450382,-0.5758481359315925
668,distance,0,-122.40861053977852,19.860000610351562,1575427147.9935923,155.0063934326172,37.625236803105196,4.0,2019-12-03T18:39:07.993592-08:00,30.0,5.578060150146484,1575427148.1255279,10.432457102007335,POINT (-122.40861053977852 37.625236803105196),ios,26.384238017605938,-2.4352932769008864,-2.048626519947592
669,distance,0,-122.40848439753293,20.1200008392334,1575427148.9935646,155.0063934326172,37.62502158975085,4.0,2019-12-03T18:39:08.993565-08:00,50.0,5.652919769287109,1575427149.174824,10.432734872102737,POINT (-122.40848439753293 37.62502158975085),ios,23.949012092527934,-4.483863138896095,4.336618497701198
670,distance,0,-122.40836953493115,19.600000381469727,1575427149.993538,154.3941192626953,37.624826373919426,4.0,2019-12-03T18:39:09.993538-08:00,30.0,5.438808441162109,1575427150.1172462,10.433012642463048,POINT (-122.40836953493115 37.624826373919426),ios,19.465268685695026,-0.14736044140197355,6.485569046759411
671,distance,0,-122.40827434078739,19.549999237060547,1575427150.993512,154.3941192626953,37.62466839228839,4.0,2019-12-03T18:39:10.993512-08:00,30.0,5.281642913818359,1575427151.106711,10.433290413022041,POINT (-122.40827434078739 37.62466839228839),ios,19.31791207384096,6.338040060820347,-11.629145930087507
672,distance,0,-122.40817986736761,19.489999771118164,1575427151.9934855,154.3941192626953,37.62451160675139,4.0,2019-12-03T18:39:11.993485-08:00,30.0,5.277156829833984,1575427152.102859,10.43356818344858,POINT (-122.40817986736761 37.62451160675139),ios,25.65578440183919,-5.290798110173342,0.2252946157220157
673,distance,0,-122.40805439900214,20.3799991607666,1575427152.9934583,154.3941192626953,37.62430338283931,4.0,2019-12-03T18:39:12.993458-08:00,30.0,5.351955413818359,1575427153.109971,10.433845953676435,POINT (-122.40805439900214 37.62430338283931),ios,20.36513009406657,-5.065509617895453,9.832783512415402
674,distance,0,-122.40795480441807,20.31999969482422,1575427153.9934306,154.3941192626953,37.624138098356354,4.0,2019-12-03T18:39:13.993431-08:00,30.0,5.403194427490234,1575427154.123259,10.434123723771837,POINT (-122.40795480441807 37.624138098356354),ios,15.299760570717357,4.767001953600207,-18.861823650383272
675,distance,0,-122.40787998167389,19.959999084472656,1575427154.9934044,154.3941192626953,37.62401392455005,4.0,2019-12-03T18:39:14.993404-08:00,30.0,5.250087738037109,1575427155.118165,10.434401494264602,POINT (-122.40787998167389 37.62401392455005),ios,20.066637504716006,-14.094327025771724,65.93777826433968
676,distance,0,-122.40778184680553,19.8799991607666,1575427155.993378,154.3941192626953,37.62385106257189,4.0,2019-12-03T18:39:15.993378-08:00,30.0,5.200923919677734,1575427156.125764,10.434679264691141,POINT (-122.40778184680553 37.62385106257189),ios,5.972683477730222,51.84170623072224,-82.42978228309609
677,distance,0,-122.40775263773685,21.06999969482422,1575427156.9933505,154.3941192626953,37.62380258799005,4.0,2019-12-03T18:39:16.993351-08:00,30.0,5.324520111083984,1575427157.122225,10.43495703485277,POINT (-122.40775263773685 37.62380258799005),ios,57.81296830546962,-30.585815981343565,24.969628537874915
678,distance,0,-122.40747983727994,22.950000762939453,1575427157.9933243,155.35336303710938,37.62332970140002,4.0,2019-12-03T18:39:17.993324-08:00,30.0,5.430416107177734,1575427158.115937,10.435234805345535,POINT (-122.40747983727994 37.62332970140002),ios,27.227954469072614,-5.61684229803789,4.9987573788897945
679,distance,0,-122.40734700137284,22.940000534057617,1575427158.9932976,154.1497802734375,37.62310859714367,6.0,2019-12-03T18:39:18.993298-08:00,30.0,5.342525482177734,1575427159.134335,10.435512575705847,POINT (-122.40734700137284 37.62310859714367),ios,21.611262156905415,-0.6182184003708291,4.572328334316299
680,distance,0,-122.40724027327815,22.440000534057617,1575427159.99327,154.1004638671875,37.622933594900864,8.0,2019-12-03T18:39:19.993270-08:00,30.0,5.226192474365234,1575427160.1797981,10.435790345801248,POINT (-122.40724027327815 37.622933594900864),ios,20.993060854325886,3.95398347909461,-6.858566509198865
681,distance,0,-122.40713683087165,22.8799991607666,1575427160.993243,154.18479919433594,37.622763509732714,8.0,2019-12-03T18:39:20.993243-08:00,30.0,5.259365081787109,1575427161.178216,10.436068116095331,POINT (-122.40713683087165 37.622763509732714),ios,24.94693780796761,-2.904398251410212,-4.7012061413685355
682,distance,0,-122.40701346401863,22.479999542236328,1575427161.9932165,153.338134765625,37.62256155933677,8.0,2019-12-03T18:39:21.993217-08:00,30.0,5.544277191162109,1575427162.1351361,10.436345886521869,POINT (-122.40701346401863 37.62256155933677),ios,22.04261641989537,-7.605479977886148,17.50863954462586
683,distance,0,-122.40690153865921,22.6200008392334,1575427162.9931896,153.338134765625,37.62238425820016,8.0,2019-12-03T18:39:22.993190-08:00,30.0,5.416652679443359,1575427163.119546,10.436623656815954,POINT (-122.40690153865921 37.62238425820016),ios,14.43734134352268,9.90268786123898,-12.441399568312871
684,distance,0,-122.40682823048428,22.56999969482422,1575427163.9931626,153.338134765625,37.622268130605725,8.0,2019-12-03T18:39:23.993163-08:00,30.0,5.435817718505859,1575427164.121235,10.436901427110037,POINT (-122.40682823048428 37.622268130605725),ios,24.339762413482745,-2.5383765196026853,-0.7760197314791226
685,distance,0,-122.40670030931872,21.780000686645508,1575427164.9931364,152.30697631835938,37.62207410562016,8.0,2019-12-03T18:39:24.993136-08:00,30.0,5.922054290771484,1575427165.117598,10.437179197602802,POINT (-122.40670030931872 37.62207410562016),ios,21.801452465453593,-3.314375899154417,8.723419187952096
686,distance,0,-122.40658388547695,22.149999618530273,1575427165.9931095,150.9439697265625,37.6219010852934,4.0,2019-12-03T18:39:25.993109-08:00,30.0,5.951564788818359,1575427166.1111221,10.437456967896885,POINT (-122.40658388547695 37.6219010852934),ios,18.487165859892727,5.40880826854921,-3.3871015907119872
687,distance,0,-122.40648227121861,21.780000686645508,1575427166.9930823,150.9439697265625,37.621755610705286,6.0,2019-12-03T18:39:26.993082-08:00,30.0,6.026576995849609,1575427167.111681,10.43773473812474,POINT (-122.40648227121861 37.621755610705286),ios,23.895827118558387,2.0217987383033553,2.231143139553268
688,distance,0,-122.40634937201781,22.260000228881836,1575427167.9930558,148.78057861328125,37.62156826289682,4.0,2019-12-03T18:39:27.993056-08:00,30.0,5.940181732177734,1575427168.113692,10.43801250855128,POINT (-122.40634937201781 37.62156826289682),ios,25.917572351045294,4.252882831853165,29.92213992308301
689,distance,0,-122.40619731844225,23.030000686645508,1575427168.9930282,148.78057861328125,37.62136871438596,6.0,2019-12-03T18:39:28.993028-08:00,30.0,6.185573577880859,1575427169.128834,10.438290278646681,POINT (-122.40619731844225 37.62136871438596),ios,30.170337562809763,34.17419521162241,-64.56993052145559
690,distance,0,-122.40602031452613,23.780000686645508,1575427169.9930022,148.78057861328125,37.6211364221315,8.0,2019-12-03T18:39:29.993002-08:00,30.0,5.932094573974609,1575427170.121688,10.438568049205674,POINT (-122.40602031452613 37.6211364221315),ios,64.34364466825816,-30.394057290684625,18.901947684801023
691,distance,0,-122.4056428226686,24.610000610351562,1575427170.9929757,148.78057861328125,37.62064101820734,8.0,2019-12-03T18:39:30.992976-08:00,30.0,5.790218353271484,1575427171.139971,10.438845819632212,POINT (-122.4056428226686 37.62064101820734),ios,33.95039173995625,-11.49260983576513,8.45597021203061
692,distance,0,-122.40543650469436,24.709999084472656,1575427171.992949,147.5307159423828,37.620383119639556,8.0,2019-12-03T18:39:31.992949-08:00,10.0,6.815822601318359,1575427172.127471,10.439123589992523,POINT (-122.40543650469436 37.620383119639556),ios,22.45808878998233,-3.036865422499642,13.836278058442865
693,distance,0,-122.4053000261116,24.709999084472656,1575427172.9929218,147.5307159423828,37.62021252068344,8.0,2019-12-03T18:39:32.992922-08:00,10.0,7.449855804443359,1575427173.117745,10.43940136022038,POINT (-122.4053000261116 37.62021252068344),ios,19.42130590862853,10.79903656980718,-7.94324176207963
694,distance,0,-122.40518200223582,24.540000915527344,1575427173.9928946,147.5307159423828,37.620064990209485,8.0,2019-12-03T18:39:33.992895-08:00,10.0,4.752285003662109,1575427174.1296802,10.439679130448235,POINT (-122.40518200223582 37.620064990209485),ios,30.22004896366688,2.8560107027987898,-13.929947319075094
695,distance,0,-122.40499835441739,26.100000381469727,1575427174.9928663,147.5307159423828,37.61983542945731,8.0,2019-12-03T18:39:34.992866-08:00,10.0,1.7874107360839844,1575427175.182477,10.439956900344955,POINT (-122.40499835441739 37.61983542945731),ios,33.075978636270044,-11.073541398444938,11.340073876698689
696,distance,0,-122.40479735095809,27.200000762939453,1575427175.9928393,147.5307159423828,37.61958417406154,8.0,2019-12-03T18:39:35.992839-08:00,10.0,0.7615623474121094,1575427176.1893492,10.440234670639038,POINT (-122.40479735095809 37.61958417406154),ios,22.002735573419766,0.26622696192778533,-3.4431980815581165
697,distance,0,-122.40466363960078,26.329999923706055,1575427176.992815,147.5307159423828,37.61941703415201,8.0,2019-12-03T18:39:36.992815-08:00,10.0,0.22558212280273438,1575427177.119621,10.440512441661623,POINT (-122.40466363960078 37.61941703415201),ios,22.268956061055245,-3.1768873855461255,14.211979040443182
698,distance,0,-122.40452831091983,25.760000228881836,1575427177.9927876,147.5307159423828,37.619247872579315,8.0,2019-12-03T18:39:37.992788-08:00,10.0,-1.3190345764160156,1575427178.121196,10.440790211823252,POINT (-122.40452831091983 37.619247872579315),ios,19.09215577984141,11.034701988914417,-14.475505936856848
699,distance,0,-122.40441228764729,24.43000030517578,1575427178.9927611,147.5307159423828,37.61910284287006,8.0,2019-12-03T18:39:38.992761-08:00,10.0,0.4775657653808594,1575427179.108738,10.44106798224979,POINT (-122.40441228764729 37.61910284287006),ios,30.126565741301267,-3.4404208614615777,15.448513819253094
700,distance,0,-122.40422920847578,25.510000228881836,1575427179.9927335,147.5307159423828,37.61887399292956,6.0,2019-12-03T18:39:39.992733-08:00,10.0,1.4032249450683594,1575427180.110935,10.44134575234519,POINT (-122.40422920847578 37.61887399292956),ios,26.686240030029072,12.007665705116692,-23.1074255566552
701,distance,0,-122.4040670361087,25.649999618530273,1575427180.992707,147.5307159423828,37.618671276606115,6.0,2019-12-03T18:39:40.992707-08:00,10.0,2.4013633728027344,1575427181.123364,10.44162352277173,POINT (-122.4040670361087 37.618671276606115),ios,38.69358795872964,-11.099148325946471,14.130926817554236
702,distance,0,-122.40383189544261,28.020000457763672,1575427181.9926798,147.5307159423828,37.61837734951981,6.0,2019-12-03T18:39:41.992680-08:00,30.0,2.2111167907714844,1575427182.117835,10.441901292999585,POINT (-122.40383189544261 37.61837734951981),ios,27.5947413045049,3.0313944170015374,-2.8693124985898604
703,distance,0,-122.4036642024335,27.739999771118164,1575427182.9926534,147.5307159423828,37.618167732364384,8.0,2019-12-03T18:39:42.992653-08:00,30.0,3.1217002868652344,1575427183.1104321,10.442179063426124,POINT (-122.4036642024335 37.618167732364384),ios,30.626055497283232,0.16215785322406615,-1.727246740046773
704,distance,0,-122.40347808840107,28.1299991607666,1575427183.9926264,147.5307159423828,37.61793508883158,8.0,2019-12-03T18:39:43.992626-08:00,30.0,3.0829429626464844,1575427184.106625,10.442456833720207,POINT (-122.40347808840107 37.61793508883158),ios,30.78820898176402,-1.565042352551079,-24.3142886318904
705,distance,0,-122.4032909891328,28.18000030517578,1575427184.9925995,147.5283203125,37.61770121374867,8.0,2019-12-03T18:39:44.992599-08:00,10.0,2.8616600036621094,1575427185.111664,10.44273460401429,POINT (-122.4032909891328 37.61770121374867),ios,29.223208793487593,-25.878675925910812,74.40768335277556
706,distance,0,-122.40311340053451,27.739999771118164,1575427185.9925723,147.5283203125,37.61747922705399,8.0,2019-12-03T18:39:45.992572-08:00,30.0,2.9713096618652344,1575427186.122789,10.443012374242146,POINT (-122.40311340053451 37.61747922705399),ios,3.3452362426911146,48.526985047012886,-72.95702336994778
707,distance,0,-122.40309307162535,28.170000076293945,1575427186.9925458,147.5283203125,37.61745381580915,8.0,2019-12-03T18:39:46.992546-08:00,30.0,2.9862022399902344,1575427187.123889,10.443290144668685,POINT (-122.40309307162535 37.61745381580915),ios,51.87093704913865,-24.428107554541846,18.914023560876483
708,distance,0,-122.40279229242192,27.709999084472656,1575427187.992519,149.17974853515625,37.61705277292276,8.0,2019-12-03T18:39:47.992519-08:00,10.0,3.0110435485839844,1575427188.121962,10.443567914962768,POINT (-122.40279229242192 37.61705277292276),ios,27.443487619557143,-5.514593562037701,14.072889389320947
709,distance,0,-122.40263315854266,27.8700008392334,1575427188.9924922,149.17974853515625,37.616840592328025,8.0,2019-12-03T18:39:48.992492-08:00,30.0,3.0022239685058594,1575427189.115911,10.44384568532308,POINT (-122.40263315854266 37.616840592328025),ios,21.929041313054316,8.557920040594535,-9.382402457786599
710,distance,0,-122.40250600077071,27.34000015258789,1575427189.992466,149.17974853515625,37.61667104696282,8.0,2019-12-03T18:39:49.992466-08:00,30.0,3.0246543884277344,1575427190.111227,10.444123455815845,POINT (-122.40250600077071 37.61667104696282),ios,30.486736913263876,-0.8242363538951843,-1.0579851784415766
711,distance,0,-122.40232922062644,27.65999984741211,1575427190.9924388,149.17974853515625,37.616435337783116,8.0,2019-12-03T18:39:50.992439-08:00,30.0,3.1352500915527344,1575427191.1169791,10.444401226043702,POINT (-122.40232922062644 37.616435337783116),ios,29.66252296188037,-1.8821927765979443,6.217140624221604
712,distance,0,-122.40215721973875,28.729999542236328,1575427191.9924126,149.17974853515625,37.61620600100825,8.0,2019-12-03T18:39:51.992413-08:00,30.0,2.9868125915527344,1575427192.103517,10.444678996536467,POINT (-122.40215721973875 37.61620600100825),ios,27.78037954775244,4.334784796621952,-5.638634939548579
713,distance,0,-122.40199613279795,28.450000762939453,1575427192.992386,149.17974853515625,37.61599121630582,8.0,2019-12-03T18:39:52.992386-08:00,30.0,2.9705162048339844,1575427193.0807018,10.444956766963005,POINT (-122.40199613279795 37.61599121630582),ios,32.11504962662565,-1.303700919484957,-1.8435179007276195
714,distance,0,-122.4018099111811,29.979999542236328,1575427193.992359,149.17974853515625,37.61574291837208,8.0,2019-12-03T18:39:53.992359-08:00,30.0,2.8767967224121094,1575427194.090322,10.445234537190862,POINT (-122.4018099111811 37.61574291837208),ios,30.811384141364062,-3.147168713915874,1.8767799313108855
715,distance,0,-122.40163124916519,29.889999389648438,1575427194.9923315,149.17974853515625,37.61550470000549,8.0,2019-12-03T18:39:54.992332-08:00,30.0,2.7712669372558594,1575427195.1011949,10.44551230735249,POINT (-122.40163124916519 37.61550470000549),ios,27.66430171694988,-1.2704402404135073,1.6725809314141
716,distance,0,-122.40147083574443,29.639999389648438,1575427195.9923048,149.17974853515625,37.61529081333862,8.0,2019-12-03T18:39:55.992305-08:00,30.0,2.4189414978027344,1575427196.0932589,10.4457900777128,POINT (-122.40147083574443 37.61529081333862),ios,26.39389540095075,0.40209602827125357,-9.398238089361367
717,distance,0,-122.40131778890425,29.06999969482422,1575427196.9922786,149.17974853515625,37.61508674887591,8.0,2019-12-03T18:39:56.992279-08:00,10.0,1.9726829528808594,1575427197.087749,10.446067848205566,POINT (-122.40131778890425 37.61508674887591),ios,26.795980883833995,-8.995895582487268,31.178692526984076
718,distance,0,-122.40116241072958,28.719999313354492,1575427197.9922519,149.17974853515625,37.614879575936605,8.0,2019-12-03T18:39:57.992252-08:00,10.0,1.7000389099121094,1575427198.08716,10.446345618565877,POINT (-122.40116241072958 37.614879575936605),ios,17.80032551767469,22.18196438358491,-32.094805554385836
719,distance,0,-122.40105908553384,27.6200008392334,1575427198.9922252,148.9128875732422,37.61474200423808,8.0,2019-12-03T18:39:58.992225-08:00,30.0,2.0254478454589844,1575427199.095084,10.446623388926188,POINT (-122.40105908553384 37.61474200423808),ios,39.981697578907436,-9.911984147032008,10.649751620150251
720,distance,0,-122.40099797968044,28.889999389648438,1575427199.9921975,150.1171875,37.614385723171395,8.0,2019-12-03T18:39:59.992198-08:00,30.0,2.3850364685058594,1575427200.1283379,10.44690115902159,POINT (-122.40099797968044 37.614385723171395),ios,30.069987563211892,0.737472937674951,-2.3533511246094667
721,distance,0,-122.40083377819731,29.649999618530273,1575427200.9921703,149.765625,37.61414864104019,8.0,2019-12-03T18:40:00.992170-08:00,30.0,2.0429039001464844,1575427201.207148,10.447178929249446,POINT (-122.40083377819731 37.61414864104019),ios,30.807440456580352,-1.6158142235145523,5.05903910473936
722,distance,0,-122.40065717149749,29.639999389648438,1575427201.9921443,149.4140625,37.613909505342704,8.0,2019-12-03T18:40:01.992144-08:00,30.0,2.6149253845214844,1575427202.118495,10.44745669980844,POINT (-122.40065717149749 37.613909505342704),ios,29.191668224240107,3.443093408813076,-7.971571438981891
723,distance,0,-122.40051124256327,29.459999084472656,1575427202.992117,151.171875,37.61367380622552,8.0,2019-12-03T18:40:02.992117-08:00,30.0,3.3072776794433594,1575427203.12852,10.447734469970067,POINT (-122.40051124256327 37.61367380622552),ios,32.634667229847786,-4.5282594645342105,13.515910219837844
724,distance,0,-122.40025752235427,30.139999389648438,1575427203.9920905,148.7109375,37.6134599419661,8.0,2019-12-03T18:40:03.992090-08:00,30.0,2.7010765075683594,1575427204.129184,10.448012240396606,POINT (-122.40025752235427 37.6134599419661),ios,28.10652760326537,8.987293064007437,-23.101950556218735
725,distance,0,-122.40012198697998,29.450000762939453,1575427204.9920642,149.4140625,37.613231116009516,8.0,2019-12-03T18:40:04.992064-08:00,30.0,2.8497581481933594,1575427205.109703,10.448290010889371,POINT (-122.40012198697998 37.613231116009516),ios,37.093584966132156,-14.114051619446432,14.630360953469571
726,distance,0,-122.3999642395623,30.329999923706055,1575427205.9920368,150.8203125,37.612921823782486,8.0,2019-12-03T18:40:05.992037-08:00,30.0,3.2678184509277344,1575427206.101355,10.448567781051,POINT (-122.3999642395623 37.612921823782486),ios,22.979920327680958,0.5159081967880598,6.491947564202263
727,distance,0,-122.39982333976998,29.540000915527344,1575427206.9920099,150.8203125,37.612747899291676,8.0,2019-12-03T18:40:06.992010-08:00,30.0,3.2703208923339844,1575427207.118532,10.448845551345084,POINT (-122.39982333976998 37.612747899291676),ios,23.495814625231805,7.007680859487057,-5.971897203535146
728,distance,0,-122.39959912386014,29.06999969482422,1575427207.991983,148.359375,37.61263344440387,8.0,2019-12-03T18:40:07.991983-08:00,30.0,3.6296043395996094,1575427208.133236,10.449123321639167,POINT (-122.39959912386014 37.61263344440387),ios,30.503306688690458,1.0359445466226873,-0.8323503027314351
729,distance,0,-122.39940181385948,29.899999618530273,1575427208.9919567,146.953125,37.61240801311807,8.0,2019-12-03T18:40:08.991957-08:00,30.0,3.8758201599121094,1575427209.116039,10.449401092131932,POINT (-122.39940181385948 37.61240801311807),ios,31.539224066586193,0.2036160731466664,-5.092724788202067
730,distance,0,-122.39918924879505,30.079999923706055,1575427209.9919295,146.6015625,37.61217977389471,8.0,2019-12-03T18:40:09.991930-08:00,30.0,3.8383445739746094,1575427210.110126,10.44967886235979,POINT (-122.39918924879505 37.61217977389471),ios,31.742834605505408,-4.888970296231715,10.790403103946813
731,distance,0,-122.39887860382488,29.6299991607666,1575427210.9919024,144.96351623535156,37.61203509127661,8.0,2019-12-03T18:40:10.991902-08:00,30.0,3.8238182067871094,1575427211.121454,10.449956632587645,POINT (-122.39887860382488 37.61203509127661),ios,26.85399719010774,5.901139527601438,-2.458859917812887
732,distance,0,-122.3987040825571,29.510000228881836,1575427211.9918761,144.96351623535156,37.61183708071523,8.0,2019-12-03T18:40:11.991876-08:00,30.0,3.7068748474121094,1575427212.1551971,10.45023440308041,POINT (-122.3987040825571 37.61183708071523),ios,32.75498195416604,3.4423440959562104,-0.9463131063959029
733,distance,0,-122.39848399828539,30.06999969482422,1575427212.991849,143.4997100830078,37.611599651087275,8.0,2019-12-03T18:40:12.991849-08:00,30.0,3.6598777770996094,1575427213.1803951,10.450512173308267,POINT (-122.39848399828539 37.611599651087275),ios,36.197232488180404,2.4960567100836957,-8.385238473631007
734,distance,0,-122.39824320343878,30.90999984741211,1575427213.9918222,145.3968963623047,37.611335874077845,8.0,2019-12-03T18:40:13.991822-08:00,30.0,3.8828392028808594,1575427214.119605,10.450789943668578,POINT (-122.39824320343878 37.611335874077845),ios,38.69322254635915,-5.888957853523372,7.533384060186229
735,distance,0,-122.39799446849817,31.09000015258789,1575427214.9917958,145.3968963623047,37.611049070491504,8.0,2019-12-03T18:40:14.991796-08:00,30.0,4.306789398193359,1575427215.117573,10.451067714095116,POINT (-122.39799446849817 37.611049070491504),ios,32.804420540938764,1.6442268397045523,-13.657057899439948
736,distance,0,-122.39778594394242,31.049999237060547,1575427215.991768,145.97422790527344,37.61080464589981,8.0,2019-12-03T18:40:15.991768-08:00,30.0,4.165004730224609,1575427216.1114712,10.451345484124289,POINT (-122.39778594394242 37.61080464589981),ios,34.448601514978776,-12.012450096463722,34.701385147406334
737,distance,0,-122.39757503880752,31.290000915527344,1575427216.9917417,147.84866333007812,37.61054376356144,8.0,2019-12-03T18:40:16.991742-08:00,30.0,4.095607757568359,1575427217.120502,10.451623254617056,POINT (-122.39757503880752 37.61054376356144),ios,22.436466457556243,22.688024970899242,-29.73274820960792
738,distance,0,-122.39743426118368,31.469999313354492,1575427217.9917154,145.56629943847656,37.610375613367005,8.0,2019-12-03T18:40:17.991715-08:00,30.0,3.9313926696777344,1575427218.133078,10.451901025109821,POINT (-122.39743426118368 37.610375613367005),ios,45.123896411321105,-7.043943466354776,4.3571863210193476
739,distance,0,-122.397118555441,31.75,1575427218.9916885,141.12049865722656,37.610056044906855,8.0,2019-12-03T18:40:18.991688-08:00,30.0,4.390254974365234,1575427219.131864,10.452178795403904,POINT (-122.397118555441 37.610056044906855),ios,38.080142717956484,-2.6868745335968116,2.44653951035973
740,distance,0,-122.39684790620488,32.470001220703125,1575427219.9916613,141.12049865722656,37.60978901414329,8.0,2019-12-03T18:40:19.991661-08:00,30.0,4.562465667724609,1575427220.116939,10.45245656563176,POINT (-122.39684790620488 37.60978901414329),ios,35.393341212851844,-0.24040151949109165,-7.657400265144989
741,distance,0,-122.3965963531926,32.91999816894531,1575427220.9916348,141.12049865722656,37.60954082429464,8.0,2019-12-03T18:40:20.991635-08:00,30.0,5.115230560302734,1575427221.148407,10.452734336058299,POINT (-122.3965963531926 37.60954082429464),ios,35.1529460554577,-7.897599135655598,7.552331696896011
742,distance,0,-122.39634596012651,32.88999938964844,1575427221.9916077,141.016845703125,37.60929467059117,8.0,2019-12-03T18:40:21.991608-08:00,30.0,5.559841156005859,1575427222.128372,10.453012106286154,POINT (-122.39634596012651 37.60929467059117),ios,27.25556157431962,-0.3454727090054841,8.874780284709946
743,distance,0,-122.39615180984028,32.68000030517578,1575427222.9915814,141.016845703125,37.609103823680506,8.0,2019-12-03T18:40:22.991581-08:00,30.0,4.823543548583984,1575427223.1244922,10.453289876778921,POINT (-122.39615180984028 37.609103823680506),ios,26.9100979256965,8.529074825328877,-10.529522655756029
744,distance,0,-122.39596012077995,32.33000183105469,1575427223.9915543,141.016845703125,37.60891539611915,8.0,2019-12-03T18:40:23.991554-08:00,10.0,4.442195892333984,1575427224.1296349,10.453567647006777,POINT (-122.39596012077995 37.60891539611915),ios,35.438940933176674,-2.0001616409705094,6.67852384914441
745,distance,0,-122.39570767814918,32.709999084472656,1575427224.991528,141.016845703125,37.608667248680696,6.0,2019-12-03T18:40:24.991528-08:00,10.0,3.9569053649902344,1575427225.108526,10.453845417499542,POINT (-122.39570767814918 37.608667248680696),ios,33.43883174853277,4.678187056915574,-17.135049227021447
746,distance,0,-122.39546948350808,32.66999816894531,1575427225.9915006,141.016845703125,37.60843310680907,8.0,2019-12-03T18:40:25.991501-08:00,10.0,4.114223480224609,1575427226.111927,10.454123187661171,POINT (-122.39546948350808 37.60843310680907),ios,38.11689053827659,-12.456392358985578,15.891919557903167
747,distance,0,-122.39519823095459,33.099998474121094,1575427226.9914732,141.1263885498047,37.60816604008101,8.0,2019-12-03T18:40:26.991473-08:00,30.0,4.113643646240234,1575427227.1244888,10.4544009578228,POINT (-122.39519823095459 37.60816604008101),ios,25.660839710358214,3.4350914720963672,-3.957023337580581
748,distance,0,-122.39501587517968,32.06999969482422,1575427227.9914465,141.1263885498047,37.60798608447164,6.0,2019-12-03T18:40:27.991446-08:00,10.0,5.357082366943359,1575427228.117351,10.45467872818311,POINT (-122.39501587517968 37.60798608447164),ios,29.09583945561626,-0.5218262015614725,4.71799417990867
749,distance,0,-122.3948091090396,31.010000228881836,1575427228.9914205,141.1263885498047,37.607782039786166,6.0,2019-12-03T18:40:28.991421-08:00,10.0,5.689296722412109,1575427229.1106591,10.454956498742103,POINT (-122.3948091090396 37.607782039786166),ios,28.574026815078494,4.196045368883122,-5.091449313647893
750,distance,0,-122.39460605141248,31.209999084472656,1575427229.991394,141.1263885498047,37.60758165480222,6.0,2019-12-03T18:40:29.991394-08:00,10.0,6.262966156005859,1575427230.1051111,10.455234269168642,POINT (-122.39460605141248 37.60758165480222),ios,32.769961137877225,-0.8952692022964587,0.3517790280737004
751,distance,0,-122.39437317646214,31.739999771118164,1575427230.9913664,141.1263885498047,37.607351844950465,6.0,2019-12-03T18:40:30.991366-08:00,10.0,6.794765472412109,1575427231.1102262,10.455512039264043,POINT (-122.39437317646214 37.607351844950465),ios,31.874716695642856,-0.5434999032188579,-0.01078743191841029
752,distance,0,-122.39414666338236,31.670000076293945,1575427231.9913402,141.1263885498047,37.607128313234384,6.0,2019-12-03T18:40:31.991340-08:00,10.0,7.019985198974609,1575427232.115936,10.455789809756808,POINT (-122.39414666338236 37.607128313234384),ios,31.331231046276212,-0.5542870522256073,1.5603161201538855
753,distance,0,-122.39392401308352,31.75,1575427232.9913125,141.1263885498047,37.60690859345733,6.0,2019-12-03T18:40:32.991313-08:00,10.0,7.298030853271484,1575427233.1163812,10.45606757985221,POINT (-122.39392401308352 37.60690859345733),ios,30.776959323721048,1.0059859149594095,-3.1978745959097634
754,distance,0,-122.3937053016689,31.469999313354492,1575427233.9912858,141.1263885498047,37.60669276072095,6.0,2019-12-03T18:40:33.991286-08:00,10.0,7.197383880615234,1575427234.112684,10.456345350212521,POINT (-122.3937053016689 37.60669276072095),ios,31.782918375958424,-2.191803288486016,3.8001977084221346
755,distance,0,-122.39347944161689,31.479999542236328,1575427234.99126,141.1263885498047,37.60646987343746,6.0,2019-12-03T18:40:34.991260-08:00,10.0,7.201503753662109,1575427235.1050348,10.456623120837742,POINT (-122.39347944161689 37.60646987343746),ios,29.591171524667985,1.6082965678604202,-0.5112544941868168
756,distance,0,-122.39326886163393,31.280000686645508,1575427235.9912324,140.9933319091797,37.60626254544836,6.0,2019-12-03T18:40:35.991232-08:00,10.0,7.206417083740234,1575427236.111814,10.456900890933143,POINT (-122.39326886163393 37.60626254544836),ios,31.199423612585637,1.0970562132117307,-3.363046518862566
757,distance,0,-122.39304650843935,31.239999771118164,1575427236.9912062,140.9933319091797,37.60604415886106,6.0,2019-12-03T18:40:36.991206-08:00,10.0,7.259883880615234,1575427237.1110601,10.457178661425909,POINT (-122.39304650843935 37.60604415886106),ios,32.29645105435318,-2.2659021062458624,3.6036592789751016
758,distance,0,-122.39281633740002,31.079999923706055,1575427237.991179,140.99143981933594,37.60581809389322,6.0,2019-12-03T18:40:37.991179-08:00,10.0,7.492885589599609,1575427238.10731,10.457456431653764,POINT (-122.39281633740002 37.60581809389322),ios,30.030610534687618,1.337659226286205,-1.9312377377361374
759,distance,0,-122.39260231474675,30.889999389648438,1575427238.9911523,140.99143981933594,37.60560788923691,6.0,2019-12-03T18:40:38.991152-08:00,10.0,7.692226409912109,1575427239.1937032,10.457734202014075,POINT (-122.39260231474675 37.60560788923691),ios,31.368234041618873,-0.5935269418387104,3.4909320306479543
760,distance,0,-122.39237873211637,30.889999389648438,1575427239.9911256,140.98260498046875,37.6053883392997,6.0,2019-12-03T18:40:39.991126-08:00,10.0,7.862148284912109,1575427240.173996,10.458011972374386,POINT (-122.39237873211637 37.6053883392997),ios,30.774722948659377,2.8973118708671413,-6.706129054092164
761,distance,0,-122.39215936493058,30.84000015258789,1575427240.9910986,140.98260498046875,37.605172953441524,6.0,2019-12-03T18:40:40.991099-08:00,10.0,7.906734466552734,1575427241.099838,10.45828974266847,POINT (-122.39215936493058 37.605172953441524),ios,33.67195676217984,-3.808636511394104,11.325158653117361
762,distance,0,-122.3919193460821,31.3700008392334,1575427241.9910717,140.98260498046875,37.60493729073075,6.0,2019-12-03T18:40:41.991072-08:00,10.0,8.039852142333984,1575427242.111815,10.458567512962553,POINT (-122.3919193460821 37.60493729073075),ios,29.86342286040244,7.516217027232795,-15.962370767282783
763,distance,0,-122.39170647544786,30.729999542236328,1575427242.991044,140.98260498046875,37.604728283517275,6.0,2019-12-03T18:40:42.991044-08:00,10.0,9.280635833740234,1575427243.117449,10.458845283057954,POINT (-122.39170647544786 37.604728283517275),ios,37.37943201496431,-8.445712275862126,7.853786722431169
764,distance,0,-122.39144002960559,31.809999465942383,1575427243.9910178,140.98260498046875,37.60446667344012,6.0,2019-12-03T18:40:43.991018-08:00,10.0,8.02468490600586,1575427244.1132731,10.45912305355072,POINT (-122.39144002960559 37.60446667344012),ios,28.933941236721417,-0.5921315271847604,7.6182187551792815
765,distance,0,-122.39123378485836,30.709999084472656,1575427244.9909906,140.98260498046875,37.60426417185942,6.0,2019-12-03T18:40:44.990991-08:00,10.0,6.971096038818359,1575427245.112138,10.459400823778576,POINT (-122.39123378485836 37.60426417185942),ios,28.341825803504594,7.025880166956959,-9.813080899384005
766,distance,0,-122.39103176085403,30.56999969482422,1575427245.9909642,140.98260498046875,37.60406581441874,6.0,2019-12-03T18:40:45.990964-08:00,10.0,6.213344573974609,1575427246.11355,10.459678594205114,POINT (-122.39103176085403 37.60406581441874),ios,35.36752003432089,-2.7869410345177292,-2.42976794004658
767,distance,0,-122.39077965725922,31.780000686645508,1575427246.9909372,140.98260498046875,37.60381828628947,6.0,2019-12-03T18:40:46.990937-08:00,10.0,4.860195159912109,1575427247.1241422,10.459956364499199,POINT (-122.39077965725922 37.60381828628947),ios,32.58065408361609,-5.216643513458671,19.150069180938967
768,distance,0,-122.39054741887973,32.119998931884766,1575427247.990911,140.98260498046875,37.60359026283883,6.0,2019-12-03T18:40:47.990911-08:00,10.0,5.177883148193359,1575427248.1171908,10.460234134991964,POINT (-122.39054741887973 37.60359026283883),ios,27.364147382078176,13.932923436929077,-27.884544344181183
769,distance,0,-122.39035236467318,32.720001220703125,1575427248.990884,140.98260498046875,37.603398748700016,6.0,2019-12-03T18:40:48.990884-08:00,10.0,5.274257659912109,1575427249.124223,10.460511905286047,POINT (-122.39035236467318 37.603398748700016),ios,41.296695447944884,-13.950869661393225,20.804835323076357
770,distance,0,-122.39006011641972,32.939998626708984,1575427249.9908566,141.3562774658203,37.603108379063166,6.0,2019-12-03T18:40:49.990857-08:00,10.0,4.396877288818359,1575427250.122898,10.460789675447677,POINT (-122.39006011641972 37.603108379063166),ios,27.346208293401677,6.853395231866372,-8.081908294403586
771,distance,0,-122.38986676868437,32.130001068115234,1575427250.9908304,141.3562774658203,37.60291598860728,6.0,2019-12-03T18:40:50.990830-08:00,10.0,5.270870208740234,1575427251.118225,10.461067445940442,POINT (-122.38986676868437 37.60291598860728),ios,34.1994237878252,-1.2283011060570952,0.047574453498113206
772,distance,0,-122.38962496675994,32.61000061035156,1575427251.990803,141.3562774658203,37.602675383862746,6.0,2019-12-03T18:40:51.990803-08:00,10.0,6.492580413818359,1575427252.114718,10.461345216102071,POINT (-122.38962496675994 37.602675383862746),ios,32.97115635949561,-1.1807279569618465,-0.7966033319646761
773,distance,0,-122.3893918491821,32.619998931884766,1575427252.9907765,141.3562774658203,37.602443420467914,6.0,2019-12-03T18:40:52.990777-08:00,10.0,6.477870941162109,1575427253.114438,10.461622986528608,POINT (-122.3893918491821 37.602443420467914),ios,31.790459649864243,-1.9773102072476916,6.193717229304677
774,distance,0,-122.38916707996971,31.760000228881836,1575427253.9907494,141.3562774658203,37.60221976410515,6.0,2019-12-03T18:40:53.990749-08:00,10.0,7.121913909912109,1575427254.115799,10.461900756756465,POINT (-122.38916707996971 37.60221976410515),ios,29.813203185350417,4.216238678569212,-5.162862796267033
775,distance,0,-122.38895629081169,31.440000534057617,1575427254.9907224,141.3562774658203,37.6020100185804,6.0,2019-12-03T18:40:54.990722-08:00,10.0,7.444210052490234,1575427255.112675,10.462178527050549,POINT (-122.38895629081169 37.6020100185804),ios,34.029328272970886,-0.9464850234652673,4.697253834622644
776,distance,0,-122.38871569219937,32.349998474121094,1575427255.990697,141.3562774658203,37.60177061119027,6.0,2019-12-03T18:40:55.990697-08:00,10.0,7.767421722412109,1575427256.120604,10.462456297741996,POINT (-122.38871569219937 37.60177061119027),ios,33.082867395084364,3.750648980510789,-11.038386326686394
777,distance,0,-122.38848178616855,32.900001525878906,1575427256.9906693,141.3562774658203,37.60153786324619,6.0,2019-12-03T18:40:56.990669-08:00,10.0,6.663112640380859,1575427257.1145248,10.462734067837397,POINT (-122.38848178616855 37.60153786324619),ios,36.83341264556468,-7.28743206243511,-20.2458793216074
778,distance,0,-122.38822136222014,33.33000183105469,1575427257.9906445,141.3562774658203,37.60127872867673,6.0,2019-12-03T18:40:57.990644-08:00,10.0,6.498073577880859,1575427258.112208,10.463011838727526,POINT (-122.38822136222014 37.60127872867673),ios,29.54616127888612,-27.532809376689336,71.18005719997011
779,distance,0,-122.3880124624095,33.13999938964844,1575427258.9906163,141.3562774658203,37.601070863145075,6.0,2019-12-03T18:40:58.990616-08:00,10.0,7.411708831787109,1575427259.1387482,10.463289608690474,POINT (-122.3880124624095 37.601070863145075),ios,2.014126493525036,43.64524528680522,-50.17139101216873
780,distance,0,-122.38798511517075,32.70000076293945,1575427260.9905622,141.3562774658203,37.60104183078141,6.0,2019-12-03T18:41:00.990562-08:00,67.26733352515492,7.001491546630859,1575427261.145216,10.463845149212414,POINT (-122.38798511517075 37.60104183078141),ios,89.30225494205344,-56.694821410803485,54.801337393785815
781,distance,0,-122.38734377559496,32.810001373291016,1575427261.9905355,140.625,37.60041992183551,8.0,2019-12-03T18:41:01.990535-08:00,10.0,7.946346282958984,1575427262.1451511,10.464122919572723,POINT (-122.38734377559496 37.60041992183551),ios,32.608947446311426,-1.8949473706010276,5.374976936990863
782,distance,0,-122.38711117778195,32.619998931884766,1575427262.9905086,140.9765625,37.600191808340696,8.0,2019-12-03T18:41:02.990509-08:00,10.0,7.546657562255859,1575427263.177247,10.464400689866808,POINT (-122.38711117778195 37.600191808340696),ios,30.71405112805493,3.479884757526701,-1.90308012973718
783,distance,0,-122.38688251946343,32.59000015258789,1575427263.9904819,140.9765625,37.599983308499304,8.0,2019-12-03T18:41:03.990482-08:00,10.0,7.307369232177734,1575427264.198905,10.464678460227118,POINT (-122.38688251946343 37.599983308499304),ios,34.193842962633546,1.5768554455114914,-17.694036608946494
784,distance,0,-122.38664229411853,32.91999816894531,1575427264.9904554,141.6796875,37.599741783959416,8.0,2019-12-03T18:41:04.990455-08:00,30.0,7.347805023193359,1575427265.160258,10.464956230653657,POINT (-122.38664229411853 37.599741783959416),ios,35.77065667751358,-16.11671290027058,46.16354845217273
785,distance,0,-122.38638245512021,33.68000030517578,1575427265.990429,140.9765625,37.59949460163489,8.0,2019-12-03T18:41:05.990429-08:00,30.0,7.271236419677734,1575427266.145937,10.465234001080194,POINT (-122.38638245512021 37.59949460163489),ios,19.65437029738363,30.045613858415418,-48.2188618105274
786,distance,0,-122.38622394126651,34.25,1575427266.9904017,139.84869384765625,37.59937023051229,8.0,2019-12-03T18:41:06.990402-08:00,30.0,7.274227142333984,1575427267.14078,10.465511771308051,POINT (-122.38622394126651 37.59937023051229),ios,49.69916752448671,-18.17193737704485,20.361120868422198
787,distance,0,-122.3858680605224,33.779998779296875,1575427267.9903748,141.54676818847656,37.599023452758956,8.0,2019-12-03T18:41:07.990375-08:00,30.0,7.152400970458984,1575427268.103806,10.465789541602135,POINT (-122.3858680605224 37.599023452758956),ios,31.527719723048115,2.1886349363231297,-4.846802587740495
788,distance,0,-122.38564609464032,33.599998474121094,1575427268.9903474,141.54676818847656,37.598801056861944,8.0,2019-12-03T18:41:08.990347-08:00,30.0,7.010097503662109,1575427269.125307,10.466067311763764,POINT (-122.38564609464032 37.598801056861944),ios,33.7162946510796,-2.6580347611219572,6.2698443623042435
789,distance,0,-122.38540872044501,33.66999816894531,1575427269.9903212,141.54676818847656,37.59856322280115,8.0,2019-12-03T18:41:09.990321-08:00,30.0,6.998561859130859,1575427270.103821,10.46634508225653,POINT (-122.38540872044501 37.59856322280115),ios,31.058329599693447,3.611645167970041,0.3501264687356893
790,distance,0,-122.38519005953921,32.040000915527344,1575427270.9902947,141.54676818847656,37.598344138283124,8.0,2019-12-03T18:41:10.990295-08:00,30.0,7.456722259521484,1575427271.0955548,10.466622852683066,POINT (-122.38519005953921 37.598344138283124),ios,34.66987918741617,3.9617623707970053,-8.835504359988198
791,distance,0,-122.384945972656,32.279998779296875,1575427271.9902673,141.54676818847656,37.5980995785299,12.0,2019-12-03T18:41:11.990267-08:00,30.0,7.236904144287109,1575427272.098215,10.466900622844696,POINT (-122.384945972656 37.5980995785299),ios,38.63153293407133,-4.8734997361257495,2.9892044025745634
792,distance,0,-122.38467399439071,33.310001373291016,1575427272.9902415,141.54676818847656,37.59782707336055,12.0,2019-12-03T18:41:12.990242-08:00,30.0,7.997859954833984,1575427273.097911,10.467178393469917,POINT (-122.38467399439071 37.59782707336055),ios,33.75815868669687,-1.884372303192747,0.3103936774784602
793,distance,0,-122.38443632688217,32.619998931884766,1575427273.9902143,141.54676818847656,37.59758894541827,12.0,2019-12-03T18:41:13.990214-08:00,10.0,8.60976791381836,1575427274.089713,10.467456163697772,POINT (-122.38443632688217 37.59758894541827),ios,31.873837600211967,-1.5739870621269152,5.755653448464571
794,distance,0,-122.3842119490993,32.40999984741211,1575427274.9901876,141.5528106689453,37.59736409487268,12.0,2019-12-03T18:41:14.990188-08:00,10.0,8.59939193725586,1575427275.101346,10.467733934058083,POINT (-122.3842119490993 37.59736409487268),ios,30.299892568074046,4.181512693809354,-9.08722710678517
795,distance,0,-122.38398694199748,31.760000228881836,1575427275.99016,135.8907470703125,37.5971580226207,12.0,2019-12-03T18:41:15.990160-08:00,10.0,8.196651458740234,1575427276.102254,10.468011704153485,POINT (-122.38398694199748 37.5971580226207),ios,34.481289615646865,-4.905463091577942,6.91834155029874
796,distance,0,-122.38371512621634,32.95000076293945,1575427276.9901338,135.89012145996094,37.59693492334607,12.0,2019-12-03T18:41:16.990134-08:00,10.0,8.10128402709961,1575427277.1339731,10.46828947464625,POINT (-122.38371512621634 37.59693492334607),ios,29.575955174958338,2.01269701799296,-2.6182547079682834
797,distance,0,-122.38347722747781,32.90999984741211,1575427277.9901068,133.84886169433594,37.59674727042446,12.0,2019-12-03T18:41:17.990107-08:00,10.0,10.253902435302734,1575427278.21087,10.468567244940333,POINT (-122.38347722747781 37.59674727042446),ios,31.588597968278258,-0.6054871507912298,0.8740863188860174
798,distance,0,-122.38321448156881,32.38999938964844,1575427278.9900784,130.81239318847656,37.59655398407981,12.0,2019-12-03T18:41:18.990078-08:00,10.0,10.197811126708984,1575427279.150358,10.468845014837052,POINT (-122.38321448156881 37.59655398407981),ios,30.98312799625398,0.2685743686830264,1.929394120531341
799,distance,0,-122.38294838593964,32.560001373291016,1575427279.9900522,129.42453002929688,37.596371820099414,12.0,2019-12-03T18:41:19.990052-08:00,10.0,10.097347259521484,1575427280.1268392,10.46912278532982,POINT (-122.38294838593964 37.596371820099414),ios,31.251695321293877,2.1979178888398456,-5.454294190943025
800,distance,0,-122.38267485140562,32.560001373291016,1575427280.9900262,129.42453002929688,37.59619289221738,12.0,2019-12-03T18:41:20.990026-08:00,10.0,9.73958969116211,1575427281.110406,10.469400555888813,POINT (-122.38267485140562 37.59619289221738),ios,33.44955609146758,-3.2562345579504393,5.047044127443498
801,distance,0,-122.38237568772226,33.06999969482422,1575427281.9900002,125.82807922363281,37.59600768688221,12.0,2019-12-03T18:41:21.990000-08:00,10.0,9.76443099975586,1575427282.1152601,10.469678326447804,POINT (-122.38237568772226 37.59600768688221),ios,30.19340615532014,1.7906784088023004,-4.466038572805823
802,distance,0,-122.38209863042908,33.0,1575427282.9899724,125.98696899414062,37.59584788124619,12.0,2019-12-03T18:41:22.989972-08:00,10.0,10.163082122802734,1575427283.116646,10.46995609647698,POINT (-122.38209863042908 37.59584788124619),ios,31.984034613195224,-2.6752355839747466,5.905940633736608
803,distance,0,-122.38179786745042,32.88999938964844,1575427283.9899454,120.81930541992188,37.59568681393226,12.0,2019-12-03T18:41:23.989945-08:00,10.0,9.911739349365234,1575427284.1131148,10.470233866771062,POINT (-122.38179786745042 37.59568681393226),ios,29.308871103543414,3.230545936046782,-4.06852535663856
804,distance,0,-122.38151250283806,32.18000030517578,1575427284.989919,120.81930541992188,37.595551359442936,12.0,2019-12-03T18:41:24.989919-08:00,10.0,8.45168685913086,1575427285.1390681,10.4705116371976,POINT (-122.38151250283806 37.595551359442936),ios,32.53933154492913,-0.8378717492559399,3.0391404448430444
805,distance,0,-122.38119568550445,32.689998626708984,1575427285.9898922,120.81930541992188,37.595400975238725,12.0,2019-12-03T18:41:25.989892-08:00,10.0,8.26284408569336,1575427286.097275,10.47078940755791,POINT (-122.38119568550445 37.595400975238725),ios,31.701482169262682,2.201187541781891,-0.8651561421324789
806,distance,0,-122.38088298554601,32.38999938964844,1575427286.9898653,118.37838745117188,37.595259945427,12.0,2019-12-03T18:41:26.989865-08:00,10.0,7.882198333740234,1575427287.095519,10.471067177851994,POINT (-122.38088298554601 37.595259945427),ios,33.90261040819189,1.3360547080800982,-4.972339595512524
807,distance,0,-122.38054475669199,32.25,1575427287.9898381,118.37838745117188,37.59511456666112,12.0,2019-12-03T18:41:27.989838-08:00,10.0,7.292781829833984,1575427288.103657,10.471344948079851,POINT (-122.38054475669199 37.59511456666112),ios,35.23862880268177,-3.6361497406443317,3.2808594521438037
808,distance,0,-122.38019319927753,32.540000915527344,1575427288.989812,118.37838745117188,37.59496345896452,12.0,2019-12-03T18:41:28.989812-08:00,10.0,6.819545745849609,1575427289.093748,10.471622718572617,POINT (-122.38019319927753 37.59496345896452),ios,31.602574423859437,-0.35537633246389755,3.8186764564855102
809,distance,0,-122.37987791765039,33.189998626708984,1575427289.9897847,118.37838745117188,37.5948279434598,12.0,2019-12-03T18:41:29.989785-08:00,10.0,5.780818939208984,1575427290.108345,10.471900488800472,POINT (-122.37987791765039 37.5948279434598),ios,31.247207750424046,3.4631963334723253,-5.604830798196716
810,distance,0,-122.37956618153567,32.560001373291016,1575427290.9897583,118.37838745117188,37.59469395190023,12.0,2019-12-03T18:41:30.989758-08:00,10.0,6.553279876708984,1575427291.1052032,10.472178259227011,POINT (-122.37956618153567 37.59469395190023),ios,34.710312432267635,-2.1414861358911446,3.81637997545666
811,distance,0,-122.37921989694416,33.08000183105469,1575427291.9897304,118.37838745117188,37.594545110587724,12.0,2019-12-03T18:41:31.989730-08:00,30.0,6.689174652099609,1575427292.101367,10.472456029256184,POINT (-122.37921989694416 37.594545110587724),ios,32.56888603307605,1.6747873817462613,-4.101948069987379
812,distance,0,-122.37889497582984,32.65999984741211,1575427292.9897048,118.37666320800781,37.5944054518033,12.0,2019-12-03T18:41:32.989705-08:00,30.0,4.999141693115234,1575427293.112387,10.472733799947633,POINT (-122.37889497582984 37.5944054518033),ios,34.24363068967653,-2.427056044313665,0.7102199991856284
813,distance,0,-122.37855334790743,33.11000061035156,1575427293.9896774,118.37666320800781,37.59425861203736,12.0,2019-12-03T18:41:33.989677-08:00,10.0,3.8131370544433594,1575427294.1023111,10.47301157010926,POINT (-122.37855334790743 37.59425861203736),ios,31.816641190717014,-1.716855518036988,4.4670299108480735
814,distance,0,-122.37823593267478,32.869998931884766,1575427294.9896512,118.37666320800781,37.594122179458516,12.0,2019-12-03T18:41:34.989651-08:00,30.0,5.017391204833984,1575427295.1020188,10.473289340602028,POINT (-122.37823593267478 37.594122179458516),ios,30.09983069900787,2.750057240289429,-8.120263461239349
815,distance,0,-122.37793544508952,32.540000915527344,1575427295.9896245,117.94403076171875,37.59399340221846,12.0,2019-12-03T18:41:35.989625-08:00,30.0,5.782009124755859,1575427296.179121,10.473567110962337,POINT (-122.37793544508952 37.59399340221846),ios,32.84981450484646,-5.369989386522167,11.727922340323643
816,distance,0,-122.37760620250788,32.65999984741211,1575427296.9895976,117.85932922363281,37.59385478471516,12.0,2019-12-03T18:41:36.989598-08:00,30.0,6.803768157958984,1575427297.087739,10.473844881256422,POINT (-122.37760620250788 37.59385478471516),ios,27.479969792816334,6.357616988333914,-5.034511564629396
817,distance,0,-122.37733071815478,31.899999618530273,1575427297.9895709,117.85932922363281,37.59373891947568,12.0,2019-12-03T18:41:37.989571-08:00,30.0,5.562526702880859,1575427298.091532,10.474122651616732,POINT (-122.37733071815478 37.59373891947568),ios,33.83741701446126,1.3232398596670139,-2.4754037350300417
818,distance,0,-122.3769915017997,32.72999954223633,1575427298.989543,117.85932922363281,37.59359624936111,12.0,2019-12-03T18:41:38.989543-08:00,30.0,4.719081878662109,1575427299.1091108,10.474400421645907,POINT (-122.3769915017997 37.59359624936111),ios,35.160619962387116,-1.1520948240408067,-0.36622536305888426
819,distance,0,-122.37663900504407,33.63999938964844,1575427299.989516,117.83525085449219,37.593448023602804,12.0,2019-12-03T18:41:39.989516-08:00,30.0,5.425075531005859,1575427300.173533,10.47467819193999,POINT (-122.37663900504407 37.593448023602804),ios,34.008556177277946,-1.5183103205125228,2.864678080595066
820,distance,0,-122.37629799732582,33.529998779296875,1575427300.9894898,117.83525085449219,37.593304745887274,12.0,2019-12-03T18:41:40.989490-08:00,30.0,5.574672698974609,1575427301.144959,10.474955962432755,POINT (-122.37629799732582 37.593304745887274),ios,32.49028567603824,1.3462926309100114,-1.5355221661483849
821,distance,0,-122.37597221434817,33.38999938964844,1575427301.9894624,117.83525085449219,37.59316786499483,12.0,2019-12-03T18:41:41.989462-08:00,30.0,5.265834808349609,1575427302.1052,10.475233732594385,POINT (-122.37597221434817 37.59316786499483),ios,33.836541394113,-0.18918743408187486,3.7259341071493637
822,distance,0,-122.37563293235678,32.810001373291016,1575427302.9894364,117.83525085449219,37.593025312360254,12.0,2019-12-03T18:41:42.989436-08:00,30.0,6.329128265380859,1575427303.117327,10.475511503153378,POINT (-122.37563293235678 37.593025312360254),ios,33.64735887656324,3.5366498448886827,-7.6113242692670156
823,distance,0,-122.37529554805957,32.91999816894531,1575427303.9894097,117.83525085449219,37.592883557060375,8.0,2019-12-03T18:41:43.989410-08:00,30.0,6.238246917724609,1575427304.096636,10.475789273513689,POINT (-122.37529554805957 37.592883557060375),ios,37.18391428271247,-4.074471180093188,4.378006922833426
824,distance,0,-122.37492271346417,33.529998779296875,1575427304.989383,117.8389663696289,37.5927268870749,12.0,2019-12-03T18:41:44.989383-08:00,30.0,6.415340423583984,1575427305.097573,10.476067043873998,POINT (-122.37492271346417 37.5927268870749),ios,33.10955190273777,0.30341883734297553,-0.4387855684437742
825,distance,0,-122.37459073466914,33.45000076293945,1575427305.989355,117.8389663696289,37.59258738103967,12.0,2019-12-03T18:41:45.989355-08:00,30.0,6.275356292724609,1575427306.110516,10.476344813903173,POINT (-122.37459073466914 37.59258738103967),ios,33.41296227622024,-0.1353544911888829,0.39876315438712684
826,distance,0,-122.37425571360944,33.38999938964844,1575427306.9893289,117.8389663696289,37.59244659656652,12.0,2019-12-03T18:41:46.989329-08:00,30.0,6.272396087646484,1575427307.104821,10.476622584395939,POINT (-122.37425571360944 37.59244659656652),ios,33.27761133484416,0.2633982052183305,-1.9710807145053777
827,distance,0,-122.37392205008234,33.29999923706055,1575427307.9893029,117.8389663696289,37.592306382563486,12.0,2019-12-03T18:41:47.989303-08:00,30.0,6.236019134521484,1575427308.106108,10.476900354954932,POINT (-122.37392205008234 37.592306382563486),ios,33.541002694968675,-1.7076312855803533,1.1714266205208534
828,distance,0,-122.37358574651518,33.209999084472656,1575427308.9892757,117.8389663696289,37.59216505914768,16.0,2019-12-03T18:41:48.989276-08:00,50.0,6.225460052490234,1575427309.088015,10.477178125182787,POINT (-122.37358574651518 37.59216505914768),ios,31.833417822325142,-0.5362365041047238,2.7044213307911606
829,distance,0,-122.37326656467212,33.099998474121094,1575427309.9892488,117.8389663696289,37.59203093072108,16.0,2019-12-03T18:41:49.989249-08:00,50.0,6.051753997802734,1575427310.094205,10.47745589547687,POINT (-122.37326656467212 37.59203093072108),ios,31.297195765128645,2.168111966061556,-0.3157364269129777
830,distance,0,-122.37153525475632,32.779998779296875,1575427314.9891145,113.5546875,37.59171715941056,32.0,2019-12-03T18:41:54.989115-08:00,100.0,7.819423675537109,1575427315.099011,10.478844747079743,POINT (-122.37153525475632 37.59171715941056),ios,42.13746457050431,0.5894722126899125,-5.795951019442298
831,distance,0,-122.37119553622078,34.40999984741211,1575427315.9890878,117.421875,37.59145044725164,24.0,2019-12-03T18:41:55.989088-08:00,50.0,5.382534027099609,1575427316.11969,10.479122517440054,POINT (-122.37119553622078 37.59145044725164),ios,42.72692104258795,-5.206324038162847,8.348010334096
832,distance,0,-122.3709201907016,34.369998931884766,1575427316.9890614,119.1796875,37.59113415613546,24.0,2019-12-03T18:41:56.989061-08:00,50.0,6.009883880615234,1575427317.123808,10.479400287866593,POINT (-122.3709201907016 37.59113415613546),ios,37.520734786991234,3.1414653703285516,-8.325920120908492
833,distance,0,-122.37052515160512,34.279998779296875,1575427317.9890347,118.4765625,37.59100817613079,24.0,2019-12-03T18:41:57.989035-08:00,50.0,6.721035003662109,1575427318.1187658,10.479678058226904,POINT (-122.37052515160512 37.59100817613079),ios,40.66211627114428,-5.1842324245269085,7.807988690224641
834,distance,0,-122.37017286021482,34.7599983215332,1575427318.9890065,117.421875,37.59077197409942,16.0,2019-12-03T18:41:58.989007-08:00,30.0,8.97768783569336,1575427319.1143289,10.47995582818985,POINT (-122.37017286021482 37.59077197409942),ios,35.47802969666212,2.6235366004885714,-0.2835159798655456
835,distance,0,-122.36984091903945,35.150001525878906,1575427319.98898,117.8389663696289,37.590591386245706,16.0,2019-12-03T18:41:59.988980-08:00,30.0,9.41994857788086,1575427320.130087,10.480233598616389,POINT (-122.36984091903945 37.590591386245706),ios,38.101496866665286,2.340028123720981,-7.5393986715951415
836,distance,0,-122.36945889549189,35.459999084472656,1575427320.988954,117.8389663696289,37.590430850117244,12.0,2019-12-03T18:42:00.988954-08:00,10.0,11.41866683959961,1575427321.148001,10.480511369175382,POINT (-122.36945889549189 37.590430850117244),ios,40.44146417861261,-5.199174616807837,6.789190426228043
837,distance,0,-122.36905341180731,34.709999084472656,1575427321.9889262,117.8389663696289,37.59026045543531,12.0,2019-12-03T18:42:01.988926-08:00,10.0,11.32528305053711,1575427322.1256819,10.480789139204555,POINT (-122.36905341180731 37.59026045543531),ios,35.24243459264426,1.5898264251314493,-3.4555912132912083
838,distance,0,-122.36870005559977,34.65999984741211,1575427322.9889007,117.8389663696289,37.59011196606105,12.0,2019-12-03T18:42:02.988901-08:00,10.0,11.003414154052734,1575427323.1225,10.481066909896002,POINT (-122.36870005559977 37.59011196606105),ios,36.83222046005088,-1.865676633305027,2.2890749316589005
839,distance,0,-122.36833076070165,34.849998474121094,1575427323.9888735,117.8389663696289,37.58995677883874,12.0,2019-12-03T18:42:03.988873-08:00,10.0,10.68020248413086,1575427324.130961,10.48134468012386,POINT (-122.36833076070165 37.58995677883874),ios,34.966594535310655,0.4233360819427099,-0.2898880811369442
840,distance,0,-122.36798017188777,35.439998626708984,1575427324.9888463,117.8389663696289,37.589809452394526,12.0,2019-12-03T18:42:04.988846-08:00,10.0,10.460689544677734,1575427325.137455,10.481622450351715,POINT (-122.36798017188777 37.589809452394526),ios,35.38991911109803,0.13345587988206764,0.5448618733918107
841,distance,0,-122.3676239675719,35.33000183105469,1575427325.9926846,117.8389663696289,37.58965976617184,12.0,2019-12-03T18:42:05.992685-08:00,10.0,10.02517318725586,1575427326.1371331,10.481901294324134,POINT (-122.3676239675719 37.58965976617184),ios,35.52388723477793,0.6804090969866218,-2.283641185070818
842,distance,0,-122.36726760129294,35.400001525878906,1575427326.9930801,117.77008819580078,37.58951008920434,12.0,2019-12-03T18:42:06.993080-08:00,10.0,9.96364974975586,1575427327.127578,10.48217918197314,POINT (-122.36726760129294 37.58951008920434),ios,36.20456545834477,-1.6041353513493366,2.8203675748831363
843,distance,0,-122.36688396904837,35.47999954223633,1575427327.993515,117.7734375,37.58939306720867,12.0,2019-12-03T18:42:07.993515-08:00,10.0,10.08633041381836,1575427328.150445,10.482457080549665,POINT (-122.36688396904837 37.58939306720867),ios,34.59973250785124,1.2174587322600596,-4.179605520200035
844,distance,0,-122.3665439152367,35.439998626708984,1575427328.9939232,118.125,37.58923720571919,12.0,2019-12-03T18:42:08.993923-08:00,10.0,9.15560531616211,1575427329.2173781,10.482734971708721,POINT (-122.3665439152367 37.58923720571919),ios,35.81768817341648,-2.96385278842315,4.32528180782681
845,distance,0,-122.36619221057963,35.349998474121094,1575427329.9943109,118.828125,37.58907543498798,12.0,2019-12-03T18:42:09.994311-08:00,30.0,9.81435775756836,1575427330.099337,10.483012857172223,POINT (-122.36619221057963 37.58907543498798),ios,32.852686392303724,1.3631057953883117,-2.94484428887079
846,distance,0,-122.36587319534492,34.959999084472656,1575427330.9946675,119.8828125,37.58892229761704,12.0,2019-12-03T18:42:10.994668-08:00,30.0,11.268489837646484,1575427331.1311631,10.483290734026166,POINT (-122.36587319534492 37.58892229761704),ios,34.2162783723534,-1.5827888434466566,6.051811643536241
847,distance,0,-122.36552795215361,34.43000030517578,1575427331.9950037,117.76244354248047,37.58878119726833,12.0,2019-12-03T18:42:11.995004-08:00,30.0,11.74599838256836,1575427332.159164,10.483568605184555,POINT (-122.36552795215361 37.58878119726833),ios,32.63295744247017,4.471057238799174,-11.6300477744858
848,distance,0,-122.3652004196526,34.599998474121094,1575427332.9953237,117.76092529296875,37.58864400455536,12.0,2019-12-03T18:42:12.995324-08:00,30.0,11.85146713256836,1575427333.112235,10.483846471839481,POINT (-122.3652004196526 37.58864400455536),ios,37.105445230608275,-7.162711659409025,8.319388155527442
849,distance,0,-122.3648294994055,34.54999923706055,1575427333.9956264,118.50875854492188,37.588485791046374,12.0,2019-12-03T18:42:13.995626-08:00,30.0,13.270015716552734,1575427334.1018438,10.484124333726035,POINT (-122.3648294994055 37.588485791046374),ios,29.940564762308085,1.159195536931272,-1.5164309753620615
850,distance,0,-122.36453111083942,34.29999923706055,1575427334.9958935,118.50875854492188,37.588356819852116,12.0,2019-12-03T18:42:14.995893-08:00,30.0,12.586116790771484,1575427335.110413,10.484402185678482,POINT (-122.36453111083942 37.588356819852116),ios,31.10006983784251,-0.3576403691874551,3.244885883856417
851,distance,0,-122.36422117227816,34.060001373291016,1575427335.9961436,118.50875854492188,37.588222856453584,12.0,2019-12-03T18:42:15.996144-08:00,10.0,13.10311508178711,1575427336.1304998,10.484680032928784,POINT (-122.36422117227816 37.588222856453584),ios,30.74234002240908,2.8880570641637444,-21.250897190973983
852,distance,0,-122.3639148243099,34.470001220703125,1575427336.9963715,118.53801727294922,37.588090410513246,12.0,2019-12-03T18:42:16.996372-08:00,10.0,14.09566879272461,1575427337.186606,10.48495787401994,POINT (-122.3639148243099 37.588090410513246),ios,33.63105535611012,-18.367683804739777,61.555760737891866
853,distance,0,-122.36357976885948,35.119998931884766,1575427337.9965858,118.53801727294922,37.58794541459741,12.0,2019-12-03T18:42:17.996586-08:00,17.101246822972094,15.91378402709961,1575427338.1344981,10.485235711336136,POINT (-122.36357976885948 37.58794541459741),ios,15.259434653200712,43.20127069042466,-70.57687840743803
854,distance,0,-122.36342774633157,36.2400016784668,1575427338.9967859,118.53801727294922,37.5878796265446,12.0,2019-12-03T18:42:18.996786-08:00,33.37024736039391,15.63882064819336,1575427339.1151838,10.485513544678689,POINT (-122.36342774633157 37.5878796265446),ios,58.469347031521444,-27.38972543499086,27.726291518206033
855,distance,0,-122.36284295322547,33.70000076293945,1575427339.9969697,117.9015884399414,37.58763091990305,12.0,2019-12-03T18:42:19.996970-08:00,10.0,17.573299407958984,1575427340.106999,10.485791373517777,POINT (-122.36284295322547 37.58763091990305),ios,31.074586797357615,0.3416627502093962,-12.523285560723002
856,distance,0,-122.36253132861172,34.720001220703125,1575427340.997144,117.83619689941406,37.58749997373039,12.0,2019-12-03T18:42:20.997144-08:00,10.0,18.214534759521484,1575427341.112472,10.486069199707773,POINT (-122.36253132861172 37.58749997373039),ios,31.416309093911387,-12.183805418580377,43.83510772429231
857,distance,0,-122.36221628137672,32.95000076293945,1575427341.997306,117.83619689941406,37.58736758935568,12.0,2019-12-03T18:42:21.997306-08:00,16.082631402198736,18.31789779663086,1575427342.216687,10.486347022520171,POINT (-122.36221628137672 37.58736758935568),ios,19.230528380339365,31.658409056498833,-48.26496661229342
858,distance,0,-122.3620234385089,32.13999938964844,1575427342.9974506,117.83619689941406,37.587286555848216,12.0,2019-12-03T18:42:22.997451-08:00,22.11599261706133,17.68264389038086,1575427343.1674562,10.486624840431743,POINT (-122.3620234385089 37.587286555848216),ios,50.89351149629794,-16.6135309582392,-4.987523606802824
859,distance,0,-122.3615127495889,32.61000061035156,1575427343.9975889,117.76535034179688,37.58707260410456,12.0,2019-12-03T18:42:23.997589-08:00,10.0,17.64712142944336,1575427344.116832,10.486902656621403,POINT (-122.3615127495889 37.58707260410456),ios,34.277683172880685,-21.601744253651134,64.92452859145406
860,distance,0,-122.36116879530069,33.779998779296875,1575427344.997718,117.76535034179688,37.58692850538455,12.0,2019-12-03T18:42:24.997718-08:00,10.0,19.141902923583984,1575427345.1287808,10.487180470294422,POINT (-122.36116879530069 37.58692850538455),ios,12.673147479842832,43.331174071712674,-70.57890578644869
861,distance,0,-122.36104163017443,32.709999084472656,1575427345.9978352,117.76535034179688,37.586875229898375,12.0,2019-12-03T18:42:25.997835-08:00,25.657925785978343,18.773433685302734,1575427346.125495,10.487458280589845,POINT (-122.36104163017443 37.586875229898375),ios,56.00939405141942,-27.2559939300502,28.192044971603654
862,distance,0,-122.3604798874387,32.119998931884766,1575427346.9979427,117.81562042236328,37.5866393881481,12.0,2019-12-03T18:42:26.997943-08:00,10.0,19.115474700927734,1575427347.1125631,10.487736088236174,POINT (-122.3604798874387 37.5866393881481),ios,28.750469372128716,0.9390824413476002,-1.3301202919658353
863,distance,0,-122.36019139832841,30.56999969482422,1575427347.9980414,117.57279205322266,37.58651853965333,12.0,2019-12-03T18:42:27.998041-08:00,10.0,19.20693588256836,1575427348.101536,10.488013893432088,POINT (-122.36019139832841 37.58651853965333),ios,29.689644505882665,-0.3911691405297136,-4.291194723698763
864,distance,0,-122.35989296543725,30.729999542236328,1575427348.998135,117.57279205322266,37.58639452953145,12.0,2019-12-03T18:42:28.998135-08:00,10.0,20.621089935302734,1575427349.104434,10.488291697237226,POINT (-122.35989296543725 37.58639452953145),ios,29.298438713390617,-4.682765942744105,10.247878263054082
865,distance,0,-122.35959846740774,29.860000610351562,1575427349.9982214,117.57279205322266,37.586272154492974,12.0,2019-12-03T18:42:29.998221-08:00,10.0,19.71432113647461,1575427350.1437678,10.488569498989317,POINT (-122.35959846740774 37.586272154492974),ios,24.615268612704867,5.565996789325867,-6.929138872931663
866,distance,0,-122.35935104532443,29.030000686645508,1575427350.9982996,117.57279205322266,37.586169341285654,12.0,2019-12-03T18:42:30.998300-08:00,10.0,19.740108489990234,1575427351.132461,10.488847298489677,POINT (-122.35935104532443 37.586169341285654),ios,30.181700670181755,-1.3636839512315855,3.3120264777739656
867,distance,0,-122.35904767403632,29.229999542236328,1575427351.9983718,117.57279205322266,37.586043279073586,12.0,2019-12-03T18:42:31.998372-08:00,10.0,19.81167221069336,1575427352.14011,10.489125096334352,POINT (-122.35904767403632 37.586043279073586),ios,28.8179182052904,1.9485817900823539,-6.176419948623564
868,distance,0,-122.35875801359724,29.389999389648438,1575427352.9984357,117.57279205322266,37.58592291423639,12.0,2019-12-03T18:42:32.998436-08:00,10.0,19.628597259521484,1575427353.11256,10.489402891861069,POINT (-122.35875801359724 37.58592291423639),ios,30.766624502303998,-4.228232808177056,5.53488400873448
869,distance,0,-122.35844876729449,28.950000762939453,1575427353.9984965,117.57279205322266,37.58579441073416,12.0,2019-12-03T18:42:33.998497-08:00,10.0,20.088558197021484,1575427354.1166859,10.489680686526828,POINT (-122.35844876729449 37.58579441073416),ios,26.53813463136609,1.3069877034485415,-2.2154045296088145
870,distance,0,-122.35818202548465,28.770000457763672,1575427354.9985495,117.57279205322266,37.58568356945181,12.0,2019-12-03T18:42:34.998549-08:00,10.0,20.693904876708984,1575427355.101048,10.489958479007084,POINT (-122.35818202548465 37.58568356945181),ios,27.84519151226819,-0.9085340851394919,-0.7732549058742378
871,distance,0,-122.35790214723603,28.290000915527344,1575427355.9985995,117.57279205322266,37.585567269483704,12.0,2019-12-03T18:42:35.998600-08:00,30.0,20.94424057006836,1575427356.104107,10.490236270692613,POINT (-122.35790214723603 37.585567269483704),ios,26.936611938733513,-1.6818277062642775,4.271883242033537
872,distance,0,-122.35763140307036,27.8700008392334,1575427356.9986444,117.57279205322266,37.58545476507155,12.0,2019-12-03T18:42:36.998644-08:00,30.0,20.10830307006836,1575427357.1288319,10.49051406092114,POINT (-122.35763140307036 37.58545476507155),ios,25.254708848422496,2.590247013079798,-1.5510593706379532
873,distance,0,-122.35737756536065,28.06999969482422,1575427357.998685,117.57279205322266,37.58534928592948,12.0,2019-12-03T18:42:37.998685-08:00,30.0,20.716487884521484,1575427358.1026669,10.490791849957573,POINT (-122.35737756536065 37.58534928592948),ios,27.8450608472144,1.0391247762087323,-4.737961781706458
874,distance,0,-122.35709769328116,27.639999389648438,1575427358.9987211,117.57279205322266,37.58523298852488,12.0,2019-12-03T18:42:38.998721-08:00,30.0,19.385616302490234,1575427359.109686,10.491069637801912,POINT (-122.35709769328116 37.58523298852488),ios,28.884223280914334,-3.6990087074513323,4.072541565494043
875,distance,0,-122.35680737799862,26.989999771118164,1575427359.9987535,117.57279205322266,37.585112351575546,12.0,2019-12-03T18:42:39.998754-08:00,10.0,21.50783920288086,1575427360.117535,10.491347424586614,POINT (-122.35680737799862 37.585112351575546),ios,25.185094633376586,0.3736649099046903,-0.44520787245999394
876,distance,0,-122.35655424367764,26.399999618530273,1575427360.998783,117.57279205322266,37.58500716471802,12.0,2019-12-03T18:42:40.998783-08:00,10.0,22.13314437866211,1575427361.1218228,10.491625210576586,POINT (-122.35655424367764 37.58500716471802),ios,25.55877059027473,-0.07155612463801986,-0.26523153251514814
877,distance,0,-122.35629735482215,26.510000228881836,1575427361.9988089,117.57279205322266,37.58490041770983,12.0,2019-12-03T18:42:41.998809-08:00,10.0,22.495113372802734,1575427362.164322,10.491902995506923,POINT (-122.35629735482215 37.58490041770983),ios,25.487212623123277,-0.3367944866546804,0.09327730073015746
878,distance,0,-122.3560411865152,25.770000457763672,1575427362.9988306,117.57279205322266,37.58479397011671,12.0,2019-12-03T18:42:42.998831-08:00,30.0,22.500667572021484,1575427363.116468,10.492180779311392,POINT (-122.3560411865152 37.58479397011671),ios,25.150410829344867,-0.24351516217174624,2.259678586381684
879,distance,0,-122.35578840435946,25.6200008392334,1575427363.9988494,117.57279205322266,37.58468892959714,12.0,2019-12-03T18:42:43.998849-08:00,30.0,22.887569427490234,1575427364.115322,10.492458562321133,POINT (-122.35578840435946 37.58468892959714),ios,24.906891080548544,2.0162059854092034,-3.805368562824398
880,distance,0,-122.35553807052912,25.440000534057617,1575427364.9988663,117.57279205322266,37.58458490644912,12.0,2019-12-03T18:42:44.998866-08:00,30.0,22.850032806396484,1575427365.115372,10.492736344801054,POINT (-122.35553807052912 37.58458490644912),ios,26.92313119572635,-1.7892269936253595,3.3340537899983143
881,distance,0,-122.3552674731128,26.270000457763672,1575427365.99888,117.57279205322266,37.584472463016866,12.0,2019-12-03T18:42:45.998880-08:00,30.0,22.595821380615234,1575427366.112002,10.493014126353794,POINT (-122.3552674731128 37.584472463016866),ios,25.13387988675841,1.5448721056938883,-2.278561620934525
882,distance,0,-122.3550149776047,25.860000610351562,1575427366.9988904,117.89812469482422,37.5843673153365,12.0,2019-12-03T18:42:46.998890-08:00,30.0,23.12008285522461,1575427367.129428,10.493291907045576,POINT (-122.3550149776047 37.5843673153365),ios,26.678768198805642,-0.7337134183032953,-3.1699588343657967
883,distance,0,-122.35474764250975,25.6299991607666,1575427367.9989,117.89812469482422,37.58425468560297,12.0,2019-12-03T18:42:47.998900-08:00,30.0,21.032100677490234,1575427368.1658359,10.49356968747245,POINT (-122.35474764250975 37.58425468560297),ios,25.94504778326592,-3.903702483752336,6.160775015054927
884,distance,0,-122.35448756271245,25.209999084472656,1575427368.9989066,117.85572052001953,37.584145300070226,12.0,2019-12-03T18:42:48.998907-08:00,30.0,21.15749740600586,1575427369.1464682,10.493847467104594,POINT (-122.35448756271245 37.584145300070226),ios,22.041319239488,2.257113658912898,-2.8264558911328557
885,distance,0,-122.35426661165346,24.719999313354492,1575427369.9989119,117.85572052001953,37.58405237872358,16.0,2019-12-03T18:42:49.998912-08:00,30.0,22.012325286865234,1575427370.122879,10.494125246339374,POINT (-122.35426661165346 37.58405237872358),ios,24.29844473743319,-0.569357057571102,-1.2091965660325839
886,distance,0,-122.3540230352059,24.889999389648438,1575427370.9989142,117.85572052001953,37.583949942230966,16.0,2019-12-03T18:42:50.998914-08:00,30.0,24.439083099365234,1575427371.116652,10.494403024779425,POINT (-122.3540230352059 37.583949942230966),ios,23.72908632240908,-1.7785565065529572,4.179372605161469
887,distance,0,-122.35378516658,24.290000915527344,1575427371.9989161,117.85572052001953,37.58384990617253,12.0,2019-12-03T18:42:51.998916-08:00,30.0,24.88735580444336,1575427372.118412,10.494680803087023,POINT (-122.35378516658 37.58384990617253),ios,21.950526423528803,2.4008240701291363,-3.168825373168478
888,distance,0,-122.35356512770957,24.079999923706055,1575427372.9989152,117.85572052001953,37.58375736844834,12.0,2019-12-03T18:42:52.998915-08:00,30.0,24.124507904052734,1575427373.124973,10.49495858059989,POINT (-122.35356512770957 37.58375736844834),ios,24.351348204053686,-0.7679982810119701,-2.988489594370942
889,distance,0,-122.35332102291568,23.15999984741211,1575427373.9989126,117.85572052001953,37.583654709758775,12.0,2019-12-03T18:42:53.998913-08:00,30.0,23.913448333740234,1575427374.117598,10.495236357649167,POINT (-122.35332102291568 37.583654709758775),ios,23.583351937197364,-3.756480037757042,3.965833812159116
890,distance,0,-122.35308461704005,23.329999923706055,1575427374.9989097,117.85572052001953,37.583555288862485,12.0,2019-12-03T18:42:54.998910-08:00,30.0,23.421932220458984,1575427375.118345,10.495514134632216,POINT (-122.35308461704005 37.583555288862485),ios,19.826882646815918,0.20934242806052442,2.6627127200879714
891,distance,0,-122.35288586773683,22.520000457763672,1575427375.9989042,117.85572052001953,37.58347170450228,12.0,2019-12-03T18:42:55.998904-08:00,30.0,23.486507415771484,1575427376.1165671,10.495791910886764,POINT (-122.35288586773683 37.58347170450228),ios,20.036223926920584,2.8720405468242802,-2.828420702465788
892,distance,0,-122.35268502017249,22.889999389648438,1575427376.9988985,117.85572052001953,37.58338723771475,12.0,2019-12-03T18:42:56.998899-08:00,30.0,25.86294174194336,1575427377.112989,10.496069687075085,POINT (-122.35268502017249 37.58338723771475),ios,22.908248039797034,0.04363602871157156,-2.1966473339032464
893,distance,0,-122.3524553834556,22.0,1575427377.9988909,117.85572052001953,37.58329066359979,12.0,2019-12-03T18:42:57.998891-08:00,10.0,26.770015716552734,1575427378.11919,10.496347462733587,POINT (-122.3524553834556 37.58329066359979),ios,22.951883735592126,-2.1529945461025184,4.55902358509686
894,distance,0,-122.35222530977859,21.950000762939453,1575427378.9988823,117.85572052001953,37.583193905720464,8.0,2019-12-03T18:42:58.998882-08:00,30.0,19.001399993896484,1575427379.1166492,10.496625238127178,POINT (-122.35222530977859 37.583193905720464),ios,20.798907668790026,2.4059899085810326,-3.8833648206432194
895,distance,0,-122.35201681840812,21.940000534057617,1575427379.9988723,117.85572052001953,37.583106224317184,8.0,2019-12-03T18:42:59.998872-08:00,10.0,19.776668548583984,1575427380.119444,10.496903013123406,POINT (-122.35201681840812 37.583106224317184),ios,23.204873484797854,-1.4773360256766348,-0.13197911795502873
896,distance,0,-122.35178420961245,21.770000457763672,1575427380.9988618,117.85430145263672,37.58300840028937,8.0,2019-12-03T18:43:00.998862-08:00,10.0,19.530941009521484,1575427381.120432,10.49718078798718,POINT (-122.35178420961245 37.58300840028937),ios,21.727552956992888,-1.6093137591156175,2.9747656630410853
897,distance,0,-122.35156641020566,21.520000457763672,1575427381.9988499,117.85430145263672,37.58291680437545,8.0,2019-12-03T18:43:01.998850-08:00,10.0,19.53475570678711,1575427382.120912,10.497458562453588,POINT (-122.35156641020566 37.58291680437545),ios,20.11825838239226,1.3654164419553407,-1.5696535310024076
898,distance,0,-122.35136474273307,21.059999465942383,1575427382.998838,117.85430145263672,37.58283199277411,8.0,2019-12-03T18:43:02.998838-08:00,10.0,20.00777816772461,1575427383.12832,10.497736336919996,POINT (-122.35136474273307 37.58283199277411),ios,21.4836585473152,-0.20421837731883966,0.0667373834484159
899,distance,0,-122.35114938885604,20.920000076293945,1575427383.9988246,117.85430145263672,37.582741425331925,8.0,2019-12-03T18:43:03.998825-08:00,10.0,19.81551742553711,1575427384.125205,10.498014110989041,POINT (-122.35114938885604 37.582741425331925),ios,21.27944289660586,-0.1374818849106233,-1.013139677958539
900,distance,0,-122.35093608235593,21.170000076293945,1575427384.9988108,117.85430145263672,37.58265171891762,8.0,2019-12-03T18:43:04.998811-08:00,30.0,19.135982513427734,1575427385.123982,10.49829188492563,POINT (-122.35093608235593 37.58265171891762),ios,21.141962912832906,-1.1506075528924604,0.53172748551308
901,distance,0,-122.35072415446578,20.829999923706055,1575427385.9987955,117.85430145263672,37.58256259228007,8.0,2019-12-03T18:43:05.998796-08:00,10.0,18.86275863647461,1575427386.1405292,10.498569658464856,POINT (-122.35072415446578 37.58256259228007),ios,19.99137291681839,-0.6188881808969205,-1.9501914672542697
902,distance,0,-122.3503227188454,19.8799991607666,1575427387.9987643,117.6757583618164,37.582395010925744,8.0,2019-12-03T18:43:07.998764-08:00,10.0,18.69454574584961,1575427388.12553,10.499125205344624,POINT (-122.3503227188454 37.582395010925744),ios,18.75361588465628,-4.5192102053993635,6.362927561821715
903,distance,0,-122.35013442196373,19.3799991607666,1575427388.9987473,117.6757583618164,37.582316418722606,8.0,2019-12-03T18:43:08.998747-08:00,10.0,18.179927825927734,1575427389.116016,10.499402978420257,POINT (-122.35013442196373 37.582316418722606),ios,14.2344821791779,1.8436096465718292,-2.682058670065884
904,distance,0,-122.34999149983742,18.5,1575427389.9987304,117.6757583618164,37.58225676523984,8.0,2019-12-03T18:43:09.998730-08:00,10.0,19.28188705444336,1575427390.108216,10.499680751495891,POINT (-122.34999149983742 37.58225676523984),ios,16.078060617643473,-0.8384036223582347,2.465553929038422
905,distance,0,-122.34983006730346,17.530000686645508,1575427390.9987133,117.6757583618164,37.582189385799495,8.0,2019-12-03T18:43:10.998713-08:00,10.0,19.82986068725586,1575427391.098844,10.499958524505297,POINT (-122.34983006730346 37.582189385799495),ios,15.239671387437264,1.627107982641946,-1.9743662407849665
906,distance,0,-122.34967705294451,17.329999923706055,1575427391.998695,117.6757583618164,37.58212551997509,8.0,2019-12-03T18:43:11.998695-08:00,10.0,20.33059310913086,1575427392.1024342,10.500236297183566,POINT (-122.34967705294451 37.58212551997509),ios,16.86674949925567,-0.34722201227230143,2.9633661080516043
907,distance,0,-122.34950770206154,17.229999542236328,1575427392.998676,117.6757583618164,37.58205483553847,8.0,2019-12-03T18:43:12.998676-08:00,30.0,19.199092864990234,1575427393.097097,10.50051406972938,POINT (-122.34950770206154 37.58205483553847),ios,16.519534026933492,2.6160882805778924,-2.5221298959779523
908,distance,0,-122.34934183748385,16.979999542236328,1575427393.9986575,117.6757583618164,37.581985606231704,8.0,2019-12-03T18:43:13.998657-08:00,30.0,18.637447357177734,1575427394.109044,10.500791842341423,POINT (-122.34934183748385 37.581985606231704),ios,19.135573657035433,0.09400528776477644,-1.6126858355490166
909,distance,0,-122.34914970690915,17.969999313354492,1575427394.9986377,117.6757583618164,37.58190541390444,8.0,2019-12-03T18:43:14.998638-08:00,30.0,17.883968353271484,1575427395.112339,10.501069614622327,POINT (-122.34914970690915 37.58190541390444),ios,19.229577084553817,-1.518648634760208,-1.545444503206829
910,distance,0,-122.3489565881658,18.360000610351562,1575427395.9986167,117.47605895996094,37.581824895123844,8.0,2019-12-03T18:43:15.998617-08:00,30.0,17.78145980834961,1575427396.109045,10.501347386572096,POINT (-122.3489565881658 37.581824895123844),ios,17.71096031230998,-3.064060713250974,7.114943680629339
911,distance,0,-122.34877843552152,18.06999969482422,1575427396.9985971,117.47605895996094,37.58175116591773,12.0,2019-12-03T18:43:16.998597-08:00,30.0,17.432735443115234,1575427397.151829,10.501625158919229,POINT (-122.34877843552152 37.58175116591773),ios,14.64695950243713,4.050743867927822,-6.313259137848216
912,distance,0,-122.34863110364722,17.450000762939453,1575427397.9985762,117.47605895996094,37.581690192014314,12.0,2019-12-03T18:43:17.998576-08:00,30.0,17.235469818115234,1575427398.1126451,10.501902930868997,POINT (-122.34863110364722 37.581690192014314),ios,18.69761838237639,-2.262382812472357,-1.6733897902090076
913,distance,0,-122.34844348502708,17.299999237060547,1575427398.9985552,117.76008605957031,37.58161166429348,12.0,2019-12-03T18:43:18.998555-08:00,30.0,17.16244125366211,1575427399.1011782,10.502180702818764,POINT (-122.34844348502708 37.58161166429348),ios,16.43528303658444,-3.935737493566351,6.61492490164023
914,distance,0,-122.34827859605195,16.520000457763672,1575427399.9985335,117.76008605957031,37.58154259574068,12.0,2019-12-03T18:43:19.998533-08:00,30.0,17.56917953491211,1575427400.1322598,10.50245847456985,POINT (-122.34827859605195 37.58154259574068),ios,12.499630933135714,2.6790438900632516,-2.9229744138600133
915,distance,0,-122.34815319194547,15.760000228881836,1575427400.9985127,117.76008605957031,37.58149006657587,8.0,2019-12-03T18:43:20.998513-08:00,30.0,18.095699310302734,1575427401.105455,10.502736246585846,POINT (-122.34815319194547 37.58149006657587),ios,15.178619253355093,-0.24386989424439595,-2.0085739484314984
916,distance,0,-122.34800091075641,15.600000381469727,1575427401.9984913,117.76008605957031,37.58142627916169,8.0,2019-12-03T18:43:21.998491-08:00,30.0,18.246700286865234,1575427402.128814,10.503014018403158,POINT (-122.34800091075641 37.58142627916169),ios,14.934754591990927,-2.252400743354682,4.877672255270532
917,distance,0,-122.34785107637344,16.299999237060547,1575427402.998469,117.76008605957031,37.581363516663565,8.0,2019-12-03T18:43:22.998469-08:00,30.0,16.96883773803711,1575427403.116672,10.503291790021791,POINT (-122.34785107637344 37.581363516663565),ios,12.682403790955432,2.6251633596408266,-1.9624691471739037
918,distance,0,-122.34772383905789,16.1299991607666,1575427403.9984465,117.76008605957031,37.581310219605705,12.0,2019-12-03T18:43:23.998446-08:00,30.0,16.181819915771484,1575427404.108542,10.503569561507966,POINT (-122.34772383905789 37.581310219605705),ios,15.307507691263037,0.6627386619319549,-1.6570977103912379
919,distance,0,-122.34757026507162,16.100000381469727,1575427404.998425,117.76008605957031,37.58124589066574,12.0,2019-12-03T18:43:24.998425-08:00,50.0,16.300594329833984,1575427405.105994,10.50384733332528,POINT (-122.34757026507162 37.58124589066574),ios,15.970232132366084,-0.9943234909999441,-3.3634519827676925
920,distance,0,-122.34741004273369,14.699999809265137,1575427405.9984012,117.76008605957031,37.58117877686992,12.0,2019-12-03T18:43:25.998401-08:00,30.0,16.26852035522461,1575427406.1165361,10.50412510448032,POINT (-122.34741004273369 37.58117877686992),ios,14.975932347885529,-4.357695282823376,11.343563447466412
921,distance,0,-122.34725979565724,14.680000305175781,1575427406.9983788,117.76008605957031,37.58111584150309,12.0,2019-12-03T18:43:26.998379-08:00,30.0,16.57821273803711,1575427407.1135569,10.504402876032723,POINT (-122.34725979565724 37.58111584150309),ios,10.618334726880796,6.985613940112802,-13.906061414859323
922,distance,0,-122.34715326664187,13.75,1575427407.9983554,117.76008605957031,37.58107121872029,12.0,2019-12-03T18:43:27.998355-08:00,30.0,16.840694427490234,1575427408.107192,10.504680647320217,POINT (-122.34715326664187 37.58107121872029),ios,17.60378544797892,-6.920122559332986,10.823852169037657
923,distance,0,-122.34697665565722,14.829999923706055,1575427408.998333,117.76008605957031,37.58099724006216,12.0,2019-12-03T18:43:28.998333-08:00,30.0,15.718257904052734,1575427409.104953,10.504958418872622,POINT (-122.34697665565722 37.58099724006216),ios,10.683817977909989,3.903487032603942,-5.98467266360353
924,distance,0,-122.34686946983678,12.829999923706055,1575427409.9983094,117.76008605957031,37.58095234215741,12.0,2019-12-03T18:43:29.998309-08:00,30.0,15.956050872802734,1575427410.1138701,10.505236190093887,POINT (-122.34686946983678 37.58095234215741),ios,14.587212874794577,-2.0810443721414567,-2.410696007974624
925,distance,0,-122.34672312310153,12.829999923706055,1575427410.998286,117.76008605957031,37.58089104056217,12.0,2019-12-03T18:43:30.998286-08:00,30.0,15.73592758178711,1575427411.133367,10.505513961381382,POINT (-122.34672312310153 37.58089104056217),ios,12.506217126298061,-4.491684054153827,7.813217527743187
926,distance,0,-122.34659765419534,13.140000343322754,1575427411.998262,117.76008605957031,37.58083848425411,12.0,2019-12-03T18:43:31.998262-08:00,30.0,16.18246078491211,1575427412.1357431,10.505791732470195,POINT (-122.34659765419534 37.58083848425411),ios,8.01464123313816,3.3213453291510207,-3.209541689590584
927,distance,0,-122.34651724710477,12.5,1575427412.9982386,117.76008605957031,37.58080480340082,12.0,2019-12-03T18:43:32.998239-08:00,30.0,16.651058197021484,1575427413.121202,10.506069503757688,POINT (-122.34651724710477 37.58080480340082),ios,11.335908958986641,0.11187863056861798,1.2782745661784651
928,distance,0,-122.34640351941465,12.010000228881836,1575427413.9982147,117.76008605957031,37.5807571652433,12.0,2019-12-03T18:43:33.998215-08:00,30.0,16.71621322631836,1575427414.1051989,10.506347274912729,POINT (-122.34640351941465 37.5807571652433),ios,11.447784922160846,1.390122720306506,-1.8986480853054353
929,distance,0,-122.34628866938485,11.880000114440918,1575427414.9981909,117.76008605957031,37.58070905696108,12.0,2019-12-03T18:43:34.998191-08:00,30.0,16.77553939819336,1575427415.105962,10.506625046067768,POINT (-122.34628866938485 37.58070905696108),ios,12.837874499358977,-0.508480097701058,1.196886901917717
930,distance,0,-122.34615987327345,12.289999961853027,1575427415.9981675,117.76008605957031,37.58065510695615,12.0,2019-12-03T18:43:35.998168-08:00,30.0,16.744869232177734,1575427416.098171,10.506902817355263,POINT (-122.34615987327345 37.58065510695615),ios,12.329406282305953,0.6883788389293581,-2.265136932819299
931,distance,0,-122.34603617867941,13.039999961853027,1575427416.9981422,117.76008605957031,37.580603293870446,12.0,2019-12-03T18:43:36.998142-08:00,30.0,16.61697006225586,1575427417.105771,10.507180588112938,POINT (-122.34603617867941 37.580603293870446),ios,13.017767724271017,-1.576700848512668,2.6754862354679263
932,distance,0,-122.34590557805743,12.819999694824219,1575427417.998118,117.76008605957031,37.580548587993654,12.0,2019-12-03T18:43:37.998118-08:00,30.0,15.98226547241211,1575427418.110729,10.507458359135521,POINT (-122.34590557805743 37.580548587993654),ios,11.441105219065498,1.0987203226213385,-0.1746729869070001
933,distance,0,-122.34579079532051,13.300000190734863,1575427418.9980938,117.76008605957031,37.58050050789903,12.0,2019-12-03T18:43:38.998094-08:00,30.0,15.083431243896484,1575427419.1118112,10.507736130224334,POINT (-122.34579079532051 37.58050050789903),ios,12.539799084197684,0.9240515418881583,-4.624150456211798
934,distance,0,-122.34566499001846,13.119999885559082,1575427419.9980698,117.76008605957031,37.58044781068176,12.0,2019-12-03T18:43:39.998070-08:00,30.0,14.33156967163086,1575427420.110519,10.508013901313147,POINT (-122.34566499001846 37.58044781068176),ios,13.463828374669223,-3.6999875635021264,-4.457627840703051
935,distance,0,-122.34552991458378,12.869999885559082,1575427420.998045,117.76008605957031,37.58039123039925,12.0,2019-12-03T18:43:40.998045-08:00,30.0,13.459163665771484,1575427421.1088018,10.508291672203276,POINT (-122.34552991458378 37.58039123039925),ios,9.763932554327965,-8.1575048749504,7.742084172747408
936,distance,0,-122.34543195821766,12.170000076293945,1575427421.998021,117.76008605957031,37.58035019852043,12.0,2019-12-03T18:43:41.998021-08:00,50.0,12.76485824584961,1575427422.106632,10.508569443292089,POINT (-122.34543195821766 37.58035019852043),ios,1.6066241143504176,-0.415607133730474,7.371051489037316
937,distance,0,-122.34544807662007,10.920000076293945,1575427422.9979966,117.76008605957031,37.58035695018305,12.0,2019-12-03T18:43:42.997997-08:00,30.0,13.70486068725586,1575427423.108249,10.508847214314672,POINT (-122.34544807662007 37.58035695018305),ios,1.191027087643097,6.955265100953347,-5.338094824321239
938,distance,0,-122.34546002555149,6.130000114440918,1575427423.9979715,117.76008605957031,37.58036195534121,12.0,2019-12-03T18:43:43.997972-08:00,30.0,15.041744232177734,1575427424.105622,10.509124985138575,POINT (-122.34546002555149 37.58036195534121),ios,8.146118070832067,1.6173039102353357,-1.9079561687635185
939,distance,0,-122.34537829994224,7.840000152587891,1575427424.9979467,117.76008605957031,37.58032772218794,12.0,2019-12-03T18:43:44.997947-08:00,10.0,14.542110443115234,1575427425.146435,10.509402756028706,POINT (-122.34537829994224 37.58032772218794),ios,9.763381879156176,-0.29060494973951323,-0.48724331051562203
940,distance,0,-122.34508457576763,6.849999904632568,1575427427.9978724,117.80709075927734,37.580204442262655,12.0,2019-12-03T18:43:47.997872-08:00,10.0,12.51168441772461,1575427428.125834,10.510236068699095,POINT (-122.34508457576763 37.580204442262655),ios,8.891588647050826,-1.752298636914755,2.145591822097965
941,distance,0,-122.34499541024684,6.639999866485596,1575427428.997847,117.80709075927734,37.58016701831294,12.0,2019-12-03T18:43:48.997847-08:00,10.0,11.857173919677734,1575427429.113869,10.51051383945677,POINT (-122.34499541024684 37.58016701831294),ios,7.139334294874495,0.3932389609941328,-2.2423308086757405
942,distance,0,-122.34492381645589,6.340000152587891,1575427429.9978223,117.80709075927734,37.58013696945091,12.0,2019-12-03T18:43:49.997822-08:00,10.0,13.39895248413086,1575427430.116613,10.5107916103469,POINT (-122.34492381645589 37.58013696945091),ios,7.532563505299298,-1.8490362478957787,2.5328198208798844
943,distance,0,-122.34484827942882,6.400000095367432,1575427430.9977965,117.80709075927734,37.58010526556046,8.0,2019-12-03T18:43:50.997797-08:00,10.0,16.490291595458984,1575427431.119915,10.51106938097212,POINT (-122.34484827942882 37.58010526556046),ios,5.683574868619772,0.6837183548834019,-1.4961733715108072
944,distance,0,-122.34479128413994,5.869999885559082,1575427431.9977717,117.80709075927734,37.58008134388305,8.0,2019-12-03T18:43:51.997772-08:00,10.0,15.00356674194336,1575427432.112905,10.51134715186225,POINT (-122.34479128413994 37.58008134388305),ios,6.367276270342671,-0.8124179182123554,1.4444749195330542
945,distance,0,-122.3447274326775,5.710000038146973,1575427432.9977467,117.80709075927734,37.5800545445788,8.0,2019-12-03T18:43:52.997747-08:00,10.0,14.325801849365234,1575427433.102175,10.511624922686153,POINT (-122.3447274326775 37.5800545445788),ios,5.554878690160514,0.6320208404066233,-1.4465985343528622
946,distance,0,-122.34467172800572,6.010000228881836,1575427433.9977217,117.80709075927734,37.58003116459048,8.0,2019-12-03T18:43:53.997722-08:00,10.0,14.352413177490234,1575427434.112282,10.511902693510056,POINT (-122.34467172800572 37.58003116459048),ios,6.1868837085885104,-0.8145414798696943,2.372338170649237
947,distance,0,-122.34460968556408,5.829999923706055,1575427434.9976966,117.80709075927734,37.580005124556216,6.0,2019-12-03T18:43:54.997697-08:00,10.0,15.067317962646484,1575427435.1142159,10.512180464333959,POINT (-122.34460968556408 37.580005124556216),ios,5.372362619910152,1.5577373017824843,-3.952529358337047
948,distance,0,-122.344555811254,5.150000095367432,1575427435.9976707,117.80709075927734,37.57998251279491,6.0,2019-12-03T18:43:55.997671-08:00,10.0,15.80221176147461,1575427436.1379151,10.512458234892952,POINT (-122.344555811254 37.57998251279491),ios,6.930059439799599,-2.394689339703314,3.780866519893066
949,distance,0,-122.34448631615521,5.380000114440918,1575427436.9976468,117.80709075927734,37.57995334478178,6.0,2019-12-03T18:43:56.997647-08:00,10.0,16.23311996459961,1575427437.1265159,10.51273600604799,POINT (-122.34448631615521 37.57995334478178),ios,4.535427193939261,1.3860870373074072,-2.3622385846246226
950,distance,0,-122.34444083471928,5.260000228881836,1575427437.9976203,117.80709075927734,37.57993425562089,6.0,2019-12-03T18:43:57.997620-08:00,10.0,15.40871810913086,1575427438.120724,10.513013776474528,POINT (-122.34444083471928 37.57993425562089),ios,5.921477549198553,-0.9760890319432958,1.3684835321638282
951,distance,0,-122.34438145381824,5.179999828338623,1575427438.9975958,117.80709075927734,37.579909332670475,6.0,2019-12-03T18:43:58.997596-08:00,10.0,15.944942474365234,1575427439.1144319,10.513291547430887,POINT (-122.34438145381824 37.579909332670475),ios,4.945412487184544,0.39236089421490833,-3.64195818704805
952,distance,0,-122.34433186102211,4.179999828338623,1575427439.99757,117.80709075927734,37.57988851791727,6.0,2019-12-03T18:43:59.997570-08:00,10.0,14.461910247802734,1575427440.1193461,10.513569318056106,POINT (-122.34433186102211 37.57988851791727),ios,5.337763278417748,-3.249503515299563,4.903459642183861
953,distance,0,-122.34427833370302,4.289999961853027,1575427440.9975448,117.80709075927734,37.5798660517927,6.0,2019-12-03T18:44:00.997545-08:00,10.0,14.045162200927734,1575427441.119628,10.513847088813781,POINT (-122.34427833370302 37.5798660517927),ios,2.088341885771341,1.6538322048409582,-2.547424805861038
954,distance,0,-122.34425739172445,3.4000000953674316,1575427441.9975195,117.80709075927734,37.579857262166996,6.0,2019-12-03T18:44:01.997519-08:00,10.0,12.950191497802734,1575427442.119477,10.514124859571456,POINT (-122.34425739172445 37.579857262166996),ios,3.742132294353918,-0.893528221559406,-0.7095167310706486
955,distance,0,-122.34421986545439,3.1700000762939453,1575427442.9974947,117.80709075927734,37.57984151189457,6.0,2019-12-03T18:44:02.997495-08:00,10.0,12.73586654663086,1575427443.1382089,10.514402630461587,POINT (-122.34421986545439 37.57984151189457),ios,2.848626228302325,-1.6030273597850841,1.640255701889545
956,distance,0,-122.3441912993141,2.859999895095825,1575427443.9974697,117.80709075927734,37.57982952230724,6.0,2019-12-03T18:44:03.997470-08:00,10.0,12.764461517333984,1575427444.121805,10.514680401285489,POINT (-122.3441912993141 37.57982952230724),ios,1.2456389986253058,0.03718728002391107,-0.7775494229487694
957,distance,0,-122.34417880800834,2.0399999618530273,1575427444.9974437,117.80709075927734,37.579824279540816,6.0,2019-12-03T18:44:04.997444-08:00,10.0,12.06057357788086,1575427445.1326509,10.514958171844482,POINT (-122.34417880800834 37.579824279540816),ios,1.2828253122401243,-0.7403419362619409,0.52450459533383
958,distance,0,-122.34416594379474,1.2300000190734863,1575427445.997418,117.80709075927734,37.579818880260035,6.0,2019-12-03T18:44:05.997418-08:00,10.0,12.704952239990234,1575427446.1301088,10.515235942469703,POINT (-122.34416594379474 37.579818880260035),ios,0.5425024391956127,-0.21585084650526884,0.10701516521701943
959,distance,0,-122.3441550633288,0.7699999809265137,1575427447.997367,117.80709075927734,37.579814313584414,6.0,2019-12-03T18:44:07.997367-08:00,10.0,13.029537200927734,1575427448.156513,10.515791483852599,POINT (-122.3441550633288 37.579814313584414),ios,0.11081175923542906,-0.0018259761536075305,0.000294856762989835
960,distance,0,-122.34419506739877,0.0,1575427483.9964483,117.80709075927734,37.57983110382227,8.0,2019-12-03T18:44:43.996448-08:00,10.0,12.319087982177734,1575427484.144829,10.525791228678491,POINT (-122.34419506739877 37.57983110382227),ios,0.045078295096161944,0.008788596450706227,0.00942004087017613
961,distance,0,-122.34418467032441,0.18000000715255737,1575427506.99586,117.80709075927734,37.579826740032495,6.0,2019-12-03T18:45:06.995860-08:00,10.0,13.264522552490234,1575427507.122633,10.532179954184427,POINT (-122.34418467032441 37.579826740032495),ios,0.24721084419774433,0.2254439957979799,0.03354049862462732
962,distance,0,-122.34416235897825,1.2599999904632568,1575427515.9956288,117.80709075927734,37.579817375665094,6.0,2019-12-03T18:45:15.995629-08:00,10.0,12.466732025146484,1575427516.116582,10.534679889943865,POINT (-122.34416235897825 37.579817375665094),ios,2.276154668843533,0.527300726641942,0.044862413924215916
963,distance,0,-122.34395749085854,5.0,1575427524.9953978,118.11067199707031,37.579730322001936,6.0,2019-12-03T18:45:24.995398-08:00,10.0,11.59334945678711,1575427525.1300259,10.537179825769531,POINT (-122.34395749085854 37.579730322001936),ios,7.021739387597996,0.9310520875039249,-0.7162077077391951
964,distance,0,-122.3438872757319,6.21999979019165,1575427525.9953723,118.11067199707031,37.57970047229873,6.0,2019-12-03T18:45:25.995372-08:00,10.0,11.409664154052734,1575427526.120486,10.537457596460978,POINT (-122.3438872757319 37.57970047229873),ios,7.952767723229533,0.21486265078770003,1.691039578221693
965,distance,0,-122.34380775059205,6.21999979019165,1575427526.9953475,118.11067199707031,37.579666664742774,6.0,2019-12-03T18:45:26.995347-08:00,10.0,10.56667709350586,1575427527.129147,10.537735367351107,POINT (-122.34380775059205 37.579666664742774),ios,8.167625046383451,1.9058602987830349,-1.385947707945262
966,distance,0,-122.34372603315336,6.920000076293945,1575427527.9953218,117.91493225097656,37.57963200880216,6.0,2019-12-03T18:45:27.995322-08:00,10.0,10.44649887084961,1575427528.1686258,10.538013137976328,POINT (-122.34372603315336 37.57963200880216),ios,10.07343627077601,0.5199482778915624,-2.4443319243190196
967,distance,0,-122.34362511776749,6.929999828338623,1575427528.9952958,117.91493225097656,37.57958945988202,6.0,2019-12-03T18:45:28.995296-08:00,10.0,10.422542572021484,1575427529.2054949,10.538290908535322,POINT (-122.34362511776749 37.57958945988202),ios,10.593371036446644,-1.9243201240457342,1.9545150776484643
968,distance,0,-122.34351899378964,8.670000076293945,1575427529.9952693,117.91493225097656,37.57954471486501,6.0,2019-12-03T18:45:29.995269-08:00,10.0,9.685848236083984,1575427530.144318,10.53856867896186,POINT (-122.34351899378964 37.57954471486501),ios,8.669101838498248,0.03014322841218137,-0.3322100048422734
969,distance,0,-122.3434321469162,8.670000076293945,1575427530.995245,117.91493225097656,37.579508097647015,8.0,2019-12-03T18:45:30.995245-08:00,10.0,9.702144622802734,1575427531.1333752,10.538846449984444,POINT (-122.3434321469162 37.579508097647015),ios,8.69924433386645,-0.3020586975162856,-0.3691451550510577
970,distance,0,-122.34334499823402,8.600000381469727,1575427531.9952192,117.91493225097656,37.579471353177524,8.0,2019-12-03T18:45:31.995219-08:00,10.0,9.449214935302734,1575427532.113885,10.539124220609665,POINT (-122.34334499823402 37.579471353177524),ios,8.397193414121954,-0.6711943473725016,0.6048386040094191
971,distance,0,-122.34326087547757,7.889999866485596,1575427532.995194,117.91493225097656,37.57943588452807,8.0,2019-12-03T18:45:32.995194-08:00,10.0,9.66195297241211,1575427533.130567,10.53940199136734,POINT (-122.34326087547757 37.57943588452807),ios,7.726016029420928,-0.06637102906770125,11.393574804323764
972,distance,0,-122.3431834990565,7.510000228881836,1575427533.9951682,118.02464294433594,37.57940321746334,8.0,2019-12-03T18:45:33.995168-08:00,10.0,9.59493637084961,1575427534.190716,10.539679761992561,POINT (-122.3431834990565 37.57940321746334),ios,7.659646709354563,11.326910399745163,-20.28589099791932
973,distance,0,-122.34310684357487,8.020000457763672,1575427534.9951427,118.02464294433594,37.579370747496235,8.0,2019-12-03T18:45:34.995143-08:00,10.0,9.442012786865234,1575427535.158863,10.539957532684008,POINT (-122.34310684357487 37.579370747496235),ios,18.986268150690233,-8.958463089110252,18.85487213972158
974,distance,0,-122.34291683490505,11.579999923706055,1575427535.9951162,118.02464294433594,37.57929026303343,8.0,2019-12-03T18:45:35.995116-08:00,10.0,10.04488754272461,1575427536.124902,10.540235303110547,POINT (-122.34291683490505 37.57929026303343),ios,10.028042142488491,9.895910066558788,-12.08170041231163
975,distance,0,-122.34281647732132,14.260000228881836,1575427536.995091,118.02464294433594,37.57924775325625,8.0,2019-12-03T18:45:36.995091-08:00,16.384982031441677,10.69527816772461,1575427537.133064,10.540513073868222,POINT (-122.34281647732132 37.57924775325625),ios,19.92370211595268,-2.1854850125572263,-3.028357917915357
976,distance,0,-122.3426170439038,11.720000267028809,1575427537.9950643,118.00129699707031,37.57916335960214,8.0,2019-12-03T18:45:37.995064-08:00,10.0,9.65554428100586,1575427538.192369,10.540790844228532,POINT (-122.3426170439038 37.57916335960214),ios,17.738275462141363,-5.213762064591902,6.647091851880822
977,distance,0,-122.34243948602017,12.720000267028809,1575427538.99504,118.00129699707031,37.57908822295352,8.0,2019-12-03T18:45:38.995040-08:00,10.0,9.23244857788086,1575427539.127267,10.541068615251117,POINT (-122.34243948602017 37.57908822295352),ios,12.52464018943927,1.4331681386890835,-0.19326724723778418
978,distance,0,-122.34231411622652,12.40999984741211,1575427539.9950142,118.00129699707031,37.57903517058582,8.0,2019-12-03T18:45:39.995014-08:00,10.0,9.08932113647461,1575427540.1250439,10.541346385876338,POINT (-122.34231411622652 37.57903517058582),ios,13.957771425185939,1.2399058679295665,-1.5586790413136533
979,distance,0,-122.34217440101669,12.300000190734863,1575427540.994989,118.00129699707031,37.57897604771044,8.0,2019-12-03T18:45:40.994989-08:00,10.0,9.098628997802734,1575427541.1152139,10.541624156634013,POINT (-122.34217440101669 37.57897604771044),ios,15.197645957756409,-0.3187337818716025,0.9199501777800289
980,distance,0,-122.3420222749822,12.5600004196167,1575427541.9949634,118.00129699707031,37.5789116729828,8.0,2019-12-03T18:45:41.994963-08:00,10.0,9.95443344116211,1575427542.1083012,10.54190192732546,POINT (-122.3420222749822 37.5789116729828),ios,14.878920307034733,0.6011929272545037,-0.2189034508575494
981,distance,0,-122.34187333944026,13.770000457763672,1575427542.994938,118.00129699707031,37.578848648366524,8.0,2019-12-03T18:45:42.994938-08:00,10.0,10.52401351928711,1575427543.109822,10.54217969801691,POINT (-122.34187333944026 37.578848648366524),ios,15.480097897383944,0.3822950607964737,-1.8045323078433946
982,distance,0,-122.34171838627681,13.539999961853027,1575427543.9949126,118.00129699707031,37.57878307729103,8.0,2019-12-03T18:45:43.994913-08:00,10.0,10.23989486694336,1575427544.102827,10.542457468774584,POINT (-122.34171838627681 37.57878307729103),ios,15.862383296678427,-1.4221916422398704,2.469528533353739
983,distance,0,-122.34155960683843,13.75,1575427544.994886,117.99960327148438,37.57871588706199,8.0,2019-12-03T18:45:44.994886-08:00,10.0,9.99966049194336,1575427545.107256,10.542735239134894,POINT (-122.34155960683843 37.57871588706199),ios,14.440229631052539,1.0472709475876636,-2.1570689175054043
984,distance,0,-122.34141506257102,14.050000190734863,1575427545.994862,117.99960327148438,37.57865472068848,8.0,2019-12-03T18:45:45.994862-08:00,10.0,9.75716781616211,1575427546.1303,10.543013010289934,POINT (-122.34141506257102 37.57865472068848),ios,15.487475609755077,-1.1097465413871073,0.8339219066650987
985,distance,0,-122.34126003624176,14.479999542236328,1575427546.9948344,117.99960327148438,37.57858911865162,8.0,2019-12-03T18:45:46.994834-08:00,10.0,11.30550765991211,1575427547.115778,10.543290780385336,POINT (-122.34126003624176 37.57858911865162),ios,14.377759760134422,-0.27584769812923254,2.083876860503469
986,distance,0,-122.3411161176836,14.079999923706055,1575427547.9948092,117.99960327148438,37.57852821705765,8.0,2019-12-03T18:45:47.994809-08:00,10.0,11.22738265991211,1575427548.122733,10.54356855114301,POINT (-122.3411161176836 37.57852821705765),ios,14.10191903333011,1.8079764978684656,-16.338596564616317
987,distance,0,-122.340974960427,13.699999809265137,1575427548.9947832,117.99960327148438,37.578468483955575,8.0,2019-12-03T18:45:48.994783-08:00,10.0,10.383724212646484,1575427549.132525,10.543846321702004,POINT (-122.340974960427 37.578468483955575),ios,15.90984854618312,-14.530195465425308,44.01794775673534
988,distance,0,-122.34081570612848,14.3100004196167,1575427549.9947581,117.99960327148438,37.578401092781355,8.0,2019-12-03T18:45:49.994758-08:00,10.0,11.29061508178711,1575427550.133739,10.544124092525905,POINT (-122.34081570612848 37.578401092781355),ios,1.3800168289562895,29.48665034817132,-42.2709274866699
989,distance,0,-122.34080189246016,14.8100004196167,1575427550.9947324,117.99960327148438,37.57839524729187,8.0,2019-12-03T18:45:50.994732-08:00,10.0,10.61495590209961,1575427551.13204,10.544401863151126,POINT (-122.34080189246016 37.57839524729187),ios,30.865907919277536,-12.783188695655964,11.037382764080123
990,distance,0,-122.3404923982191,15.239999771118164,1575427551.994707,117.81426239013672,37.57826529982575,8.0,2019-12-03T18:45:51.994707-08:00,10.0,10.86867904663086,1575427552.129894,10.544679633908801,POINT (-122.3404923982191 37.57826529982575),ios,18.083042285088204,-1.7460848723900957,2.379485955805902
991,distance,0,-122.34031107892197,15.970000267028809,1575427552.9946806,117.81426239013672,37.57818916922269,8.0,2019-12-03T18:45:52.994681-08:00,10.0,10.92660140991211,1575427553.125321,10.54495740433534,POINT (-122.34031107892197 37.57818916922269),ios,16.337003621895352,0.6333381115994823,0.6396632342385842
992,distance,0,-122.34014726718381,16.260000228881836,1575427553.9946551,117.81426239013672,37.578120389525125,8.0,2019-12-03T18:45:53.994655-08:00,10.0,10.77151107788086,1575427554.129887,10.545235175026788,POINT (-122.34014726718381 37.578120389525125),ios,16.97032557654056,1.2729850275249295,-2.5045695069435037
993,distance,0,-122.33997710526872,16.709999084472656,1575427554.9946294,117.81426239013672,37.57804894357634,8.0,2019-12-03T18:45:54.994629-08:00,10.0,10.86593246459961,1575427555.133182,10.545512945652009,POINT (-122.33997710526872 37.57804894357634),ios,18.24327782571109,-1.2315199887410389,1.5111374506359287
994,distance,0,-122.33979417956907,17.059999465942383,1575427555.9946036,117.81426239013672,37.57797213849243,8.0,2019-12-03T18:45:55.994604-08:00,10.0,10.185726165771484,1575427556.129702,10.545790716277228,POINT (-122.33979417956907 37.57797213849243),ios,17.011789547632603,0.2795785513045585,0.8844091073543217
995,distance,0,-122.33962360207762,17.239999771118164,1575427556.9945784,117.81426239013672,37.577900518055436,8.0,2019-12-03T18:45:56.994578-08:00,10.0,10.12173080444336,1575427557.1290011,10.546068487034903,POINT (-122.33962360207762 37.577900518055436),ios,17.29136103332474,1.1639653075452319,-2.047619683128634
996,distance,0,-122.33945022153229,17.389999389648438,1575427557.9945526,117.81426239013672,37.57782772069914,8.0,2019-12-03T18:45:57.994553-08:00,10.0,10.19308090209961,1575427558.138771,10.546346257660124,POINT (-122.33945022153229 37.57782772069914),ios,18.45529636968686,-0.8836016510012601,2.8219041768063016
997,distance,0,-122.33926517026053,17.510000228881836,1575427558.9945273,117.81426239013672,37.577750023150436,8.0,2019-12-03T18:45:58.994527-08:00,10.0,10.11635971069336,1575427559.126862,10.5466240284178,POINT (-122.33926517026053 37.577750023150436),ios,17.571717049392912,1.9382312096003167,-2.9799728178383433
998,distance,0,-122.33908897886347,17.5,1575427559.9945016,117.81426239013672,37.57767604560075,8.0,2019-12-03T18:45:59.994502-08:00,10.0,10.29580307006836,1575427560.1193,10.54690179904302,POINT (-122.33908897886347 37.57767604560075),ios,19.509898351077485,-1.0416648763024479,2.648500125514005
999,distance,0,-122.33889335350578,17.739999771118164,1575427560.9944758,117.81426239013672,37.57759390830651,8.0,2019-12-03T18:46:00.994476-08:00,10.0,10.908931732177734,1575427561.1204638,10.54717956966824,POINT (-122.33889335350578 37.57759390830651),ios,18.468260296819086,1.606767052434796,-5.558110059440807
1000,distance,0,-122.33870817261051,17.649999618530273,1575427561.994451,117.81426239013672,37.57751615633274,8.0,2019-12-03T18:46:01.994451-08:00,10.0,11.35433578491211,1575427562.16311,10.54745734055837,POINT (-122.33870817261051 37.57751615633274),ios,20.074987508609652,-3.9512051907089134,3.052023659848757
1001,distance,0,-122.33850698082041,17.260000228881836,1575427562.9944246,117.86740112304688,37.57743149193583,8.0,2019-12-03T18:46:02.994425-08:00,10.0,12.01082992553711,1575427563.142606,10.547735110984908,POINT (-122.33850698082041 37.57743149193583),ios,16.12388688442147,-0.8992623010251812,2.537752666740076
1002,distance,0,-122.33834538687252,16.75,1575427563.9943998,117.86740112304688,37.57736349088003,8.0,2019-12-03T18:46:03.994400-08:00,10.0,10.722347259521484,1575427564.12885,10.548012881875039,POINT (-122.33834538687252 37.57736349088003),ios,15.224646881083654,1.6384274407868633,-1.2057500940531365
1003,distance,0,-122.33819280548796,16.6200008392334,1575427564.9943733,117.86740112304688,37.57729928244044,8.0,2019-12-03T18:46:04.994373-08:00,10.0,10.808650970458984,1575427565.128766,10.548290652301576,POINT (-122.33819280548796 37.57729928244044),ios,16.86303096176931,0.43270925626161033,-1.1576895251896662
1004,distance,0,-122.33802380421993,16.690000534057617,1575427565.9943476,117.86740112304688,37.57722816427787,8.0,2019-12-03T18:46:05.994348-08:00,10.0,9.71615219116211,1575427566.117796,10.548568422926797,POINT (-122.33802380421993 37.57722816427787),ios,17.29572907611091,-0.724950459341359,0.14653424645822075
1005,distance,0,-122.3378504664176,16.049999237060547,1575427566.9943228,117.86740112304688,37.577155221239344,8.0,2019-12-03T18:46:06.994323-08:00,10.0,9.791378021240234,1575427567.1361861,10.548846193816926,POINT (-122.3378504664176 37.577155221239344),ios,16.570796592302028,-0.5784198462777687,1.7045081854562643
1006,distance,0,-122.3376843940923,16.260000228881836,1575427567.9942975,117.86740112304688,37.57708533561797,12.0,2019-12-03T18:46:07.994298-08:00,10.0,9.373409271240234,1575427568.100188,10.549123964574601,POINT (-122.3376843940923 37.57708533561797),ios,15.992391364064273,1.1260452622180133,-1.175660645550999
1007,distance,0,-122.33752411888186,15.640000343322754,1575427568.9942708,117.86740112304688,37.57701788950586,12.0,2019-12-03T18:46:08.994271-08:00,10.0,9.483394622802734,1575427569.149292,10.549401734934913,POINT (-122.33752411888186 37.57701788950586),ios,17.118406557629807,-0.049583989806836704,-0.7648842673810027
1008,distance,0,-122.33735255858313,15.829999923706055,1575427569.994246,117.86740112304688,37.57694569446638,12.0,2019-12-03T18:46:09.994246-08:00,10.0,9.749568939208984,1575427570.104183,10.549679505825043,POINT (-122.33735255858313 37.57694569446638),ios,17.068823797284388,-0.814449291475338,-3.2453651441297713
1009,distance,0,-122.33718149557565,16.34000015258789,1575427570.9942198,117.86740112304688,37.57687370869423,12.0,2019-12-03T18:46:10.994220-08:00,10.0,9.860286712646484,1575427571.118474,10.549957276317809,POINT (-122.33718149557565 37.57687370869423),ios,16.25439586559176,-4.059729322517013,8.195933497148138
1010,distance,0,-122.33701859469393,16.489999771118164,1575427571.9941945,117.86740112304688,37.5768051576619,12.0,2019-12-03T18:46:11.994195-08:00,10.0,9.632930755615234,1575427572.117887,10.550235047075484,POINT (-122.33701859469393 37.5768051576619),ios,12.194769142053788,4.135997043972331,-2.999993952479077
1011,distance,0,-122.3368963792998,14.65999984741211,1575427572.9941692,117.86740112304688,37.576753727667494,12.0,2019-12-03T18:46:12.994169-08:00,10.0,9.18404769897461,1575427573.1234422,10.550512817833159,POINT (-122.3368963792998 37.576753727667494),ios,16.33066165958105,1.1360789084485734,-3.8357752933566256
1012,distance,0,-122.33673271436949,15.140000343322754,1575427573.9941435,117.86740112304688,37.57668485511254,12.0,2019-12-03T18:46:13.994143-08:00,10.0,9.16097640991211,1575427574.107414,10.55079058845838,POINT (-122.33673271436949 37.57668485511254),ios,17.46671131489916,-2.6995976167377713,3.1983538128818934
1013,distance,0,-122.33655766414707,15.9399995803833,1575427574.9941177,117.86740112304688,37.57661119146303,12.0,2019-12-03T18:46:14.994118-08:00,10.0,9.00631332397461,1575427575.113306,10.5510683590836,POINT (-122.33655766414707 37.57661119146303),ios,14.767183210658006,0.49867384107119683,-1.15182630676343
1014,distance,0,-122.33640966838051,15.25,1575427575.994093,117.86740112304688,37.57654891271739,12.0,2019-12-03T18:46:15.994093-08:00,10.0,9.05361557006836,1575427576.095855,10.55134612997373,POINT (-122.33640966838051 37.57654891271739),ios,15.265844686845906,-0.6531239055459245,-0.300956485562412
1015,distance,0,-122.33625667538088,15.119999885559082,1575427576.9940667,117.86740112304688,37.57648453106424,8.0,2019-12-03T18:46:16.994067-08:00,10.0,8.72744369506836,1575427577.1048589,10.551623900466495,POINT (-122.33625667538088 37.57648453106424),ios,14.61273791015607,-0.954072498210394,1.5183313618749943
1016,distance,0,-122.33611022771892,14.609999656677246,1575427577.9940414,117.86740112304688,37.576422903783254,8.0,2019-12-03T18:46:17.994041-08:00,10.0,8.62472152709961,1575427578.120992,10.55190167122417,POINT (-122.33611022771892 37.576422903783254),ios,13.658689523618271,0.5642204918335746,4.72626438068369
1017,distance,0,-122.33597334160247,15.220000267028809,1575427578.9940157,117.86740112304688,37.57636530013806,8.0,2019-12-03T18:46:18.994016-08:00,10.0,8.70895004272461,1575427579.145825,10.552179441849391,POINT (-122.33597334160247 37.57636530013806),ios,14.222895487221866,5.29036317495955,-9.321583239142633
1018,distance,0,-122.3358308011541,14.550000190734863,1575427579.99399,117.86740112304688,37.57630531706872,8.0,2019-12-03T18:46:19.993990-08:00,10.0,8.61324691772461,1575427580.120143,10.55245721247461,POINT (-122.3358308011541 37.57630531706872),ios,19.513122439527336,-4.03098004081095,2.2180913633620873
1019,distance,0,-122.3356352427215,16.59000015258789,1575427580.9939642,117.86740112304688,37.576223023269606,8.0,2019-12-03T18:46:20.993964-08:00,10.0,8.286800384521484,1575427581.117425,10.552734983099832,POINT (-122.3356352427215 37.576223023269606),ios,15.482246193254028,-1.812945791541509,4.888089806505732
1020,distance,0,-122.3354800814948,17.59000015258789,1575427581.993938,117.86740112304688,37.576157729195344,8.0,2019-12-03T18:46:21.993938-08:00,10.0,8.83602523803711,1575427582.142256,10.553012753592597,POINT (-122.3354800814948 37.576157729195344),ios,13.669347948108076,3.0750158197073425,-2.8780236583137637
1021,distance,0,-122.33534308881055,16.850000381469727,1575427582.9939132,117.86740112304688,37.57610008070488,8.0,2019-12-03T18:46:22.993913-08:00,10.0,9.008419036865234,1575427583.127702,10.553290524482726,POINT (-122.33534308881055 37.57610008070488),ios,16.744287521161564,0.1970635235219473,5.044761488886526
1022,distance,0,-122.33517527977683,17.450000762939453,1575427583.993887,117.86740112304688,37.57602946425164,8.0,2019-12-03T18:46:23.993887-08:00,10.0,7.818355560302734,1575427584.113182,10.553568294975493,POINT (-122.33517527977683 37.57602946425164),ios,16.94134587648693,5.241692708273204,-15.022501147045645
1023,distance,0,-122.33500549581477,17.770000457763672,1575427584.9938617,117.86740112304688,37.57595801672018,8.0,2019-12-03T18:46:24.993862-08:00,10.0,7.616817474365234,1575427585.120889,10.553846065733168,POINT (-122.33500549581477 37.57595801672018),ios,22.18290611476581,-9.78042878457437,19.518121240500246
1024,distance,0,-122.33478318191676,18.190000534057617,1575427585.993836,117.86740112304688,37.57586446383669,8.0,2019-12-03T18:46:25.993836-08:00,10.0,7.752803802490234,1575427586.128162,10.554123836358388,POINT (-122.33478318191676 37.57586446383669),ios,12.402729168472293,9.737189879790723,-11.850478862981495
1025,distance,0,-122.33465888370121,17.850000381469727,1575427586.9938097,117.86740112304688,37.57581215736109,8.0,2019-12-03T18:46:26.993810-08:00,10.0,7.247188568115234,1575427587.161757,10.554401606851155,POINT (-122.33465888370121 37.57581215736109),ios,22.1396636802957,-2.112978192014232,2.3570365427902153
1026,distance,0,-122.33443672678744,17.540000915527344,1575427587.9937844,117.7328872680664,37.57571920101467,8.0,2019-12-03T18:46:27.993784-08:00,10.0,7.419216156005859,1575427588.137358,10.55467937760883,POINT (-122.33443672678744 37.57571920101467),ios,20.02673888824684,0.24399878287782023,-1.135855276321701
1027,distance,0,-122.33423577201008,18.40999984741211,1575427588.9937584,117.7328872680664,37.5756351162046,8.0,2019-12-03T18:46:28.993758-08:00,10.0,7.147823333740234,1575427589.124058,10.554957148167823,POINT (-122.33423577201008 37.5756351162046),ios,20.27073133017576,-0.8918269752627667,-0.53487832358064
1028,distance,0,-122.33403236882334,18.549999237060547,1575427589.993734,117.7328872680664,37.57555000691508,8.0,2019-12-03T18:46:29.993734-08:00,10.0,8.441219329833984,1575427590.112465,10.55523491912418,POINT (-122.33403236882334 37.57555000691508),ios,19.37892625560938,-1.426692163775627,0.004245575073853605
1029,distance,0,-122.33383791470389,19.280000686645508,1575427590.9937081,117.7328872680664,37.57546864215275,8.0,2019-12-03T18:46:30.993708-08:00,10.0,8.91653060913086,1575427591.1190062,10.5555126897494,POINT (-122.33383791470389 37.57546864215275),ios,17.95227082802495,-1.4224466980219628,2.7128858448901365
1030,distance,0,-122.33365868694027,18.809999465942383,1575427591.9936829,118.444580078125,37.57539191570761,8.0,2019-12-03T18:46:31.993683-08:00,10.0,8.879940032958984,1575427592.109445,10.555790460507074,POINT (-122.33365868694027 37.57539191570761),ios,16.52986007860137,1.2903705858150027,-0.09538818618231608
1031,distance,0,-122.33349392480035,18.6299991607666,1575427592.9936557,118.444580078125,37.57532088206446,8.0,2019-12-03T18:46:32.993656-08:00,10.0,9.696468353271484,1575427593.187974,10.556068230734931,POINT (-122.33349392480035 37.57532088206446),ios,17.820195592507712,1.1949849922566893,-2.0353313106516744
1032,distance,0,-122.33331643382128,18.760000228881836,1575427593.993631,118.65269470214844,37.57524410999482,8.0,2019-12-03T18:46:33.993631-08:00,10.0,9.81081771850586,1575427594.143491,10.55634600162506,POINT (-122.33331643382128 37.57524410999482),ios,19.015150954475516,-0.84029585127188,2.4296994606840197
1033,distance,0,-122.33312727601937,18.850000381469727,1575427594.9936054,118.65269470214844,37.57516184999411,8.0,2019-12-03T18:46:34.993605-08:00,10.0,9.58205795288086,1575427595.122273,10.55662377231651,POINT (-122.33312727601937 37.57516184999411),ios,18.174876539812924,1.589341625864382,-1.5655827086162417
1034,distance,0,-122.33294683060008,18.610000610351562,1575427595.9935806,120.1983642578125,37.57508271654902,8.0,2019-12-03T18:46:35.993581-08:00,10.0,10.37276840209961,1575427596.120738,10.556901543206639,POINT (-122.33294683060008 37.57508271654902),ios,19.764178757105803,0.02379773670464504,1.0882226612643273
1035,distance,0,-122.33275322004427,19.229999542236328,1575427596.9935546,120.2912368774414,37.574993022006204,8.0,2019-12-03T18:46:36.993555-08:00,10.0,10.30801010131836,1575427597.1675658,10.557179313765632,POINT (-122.33275322004427 37.574993022006204),ios,19.787975875363788,1.1119921176464023,-14.70711254373279
1036,distance,0,-122.33255955091381,19.280000686645508,1575427597.9935284,120.2912368774414,37.574902983623794,8.0,2019-12-03T18:46:37.993528-08:00,10.0,10.37423324584961,1575427598.163923,10.557457084258397,POINT (-122.33255955091381 37.574902983623794),ios,20.899938829856318,-13.594734716710098,37.72862890219298
1037,distance,0,-122.33235499880819,19.920000076293945,1575427598.9935029,120.2912368774414,37.57480788565611,8.0,2019-12-03T18:46:38.993503-08:00,10.0,9.964595794677734,1575427599.122906,10.557734854949846,POINT (-122.33235499880819 37.57480788565611),ios,7.305550925541002,24.13293169843079,-37.167728683483695
1038,distance,0,-122.33228349785351,18.760000228881836,1575427599.9934778,120.2912368774414,37.57477464427021,8.0,2019-12-03T18:46:39.993478-08:00,10.0,9.64687728881836,1575427600.151341,10.558012625773747,POINT (-122.33228349785351 37.57477464427021),ios,31.43787848134686,-13.03386652996148,21.793777856966365
1039,distance,0,-122.33198453139788,19.329999923706055,1575427600.993451,122.95038604736328,37.574620417079814,8.0,2019-12-03T18:46:40.993451-08:00,10.0,9.89138412475586,1575427601.126289,10.558290396134058,POINT (-122.33198453139788 37.574620417079814),ios,18.404359993170466,8.759329370351294,-16.138951239895285
1040,distance,0,-122.33180951035031,19.079999923706055,1575427601.9934263,122.95038604736328,37.574530129343785,8.0,2019-12-03T18:46:41.993426-08:00,10.0,9.85213851928711,1575427602.100368,10.55856816702419,POINT (-122.33180951035031 37.574530129343785),ios,27.163472171288074,-7.379221695658418,6.128609602813049
1041,distance,0,-122.33155219972953,21.639999389648438,1575427602.9934003,124.63497161865234,37.574395653523815,8.0,2019-12-03T18:46:42.993400-08:00,10.0,8.594356536865234,1575427603.110538,10.558845937583182,POINT (-122.33155219972953 37.574395653523815),ios,19.784442244076775,-1.2507713608542463,5.213532003928328
1042,distance,0,-122.3313677960091,20.969999313354492,1575427603.9933758,125.8388900756836,37.57429418552402,8.0,2019-12-03T18:46:43.993376-08:00,10.0,8.182735443115234,1575427604.095675,10.55912370853954,POINT (-122.3313677960091 37.57429418552402),ios,18.533701598556984,3.9626326137761567,-5.148634547026311
1043,distance,0,-122.33119755998344,21.1299991607666,1575427604.9933496,125.8388900756836,37.57419632968001,8.0,2019-12-03T18:46:44.993350-08:00,10.0,9.15261459350586,1575427605.1087708,10.559401479032305,POINT (-122.33119755998344 37.57419632968001),ios,22.49623028815704,-1.1858669049355228,-13.681995418540646
1044,distance,0,-122.33099174641082,22.399999618530273,1575427605.9933233,126.31082916259766,37.574076662438095,8.0,2019-12-03T18:46:45.993323-08:00,10.0,8.963314056396484,1575427606.1111422,10.55967924952507,POINT (-122.33099174641082 37.574076662438095),ios,21.31039448381879,-14.867503498866403,49.82365472977664
1045,distance,0,-122.33079718358924,21.530000686645508,1575427606.9932978,126.3088150024414,37.57396287048341,8.0,2019-12-03T18:46:46.993298-08:00,10.0,8.78322982788086,1575427607.1276178,10.559957020216517,POINT (-122.33079718358924 37.57396287048341),ios,6.443270266681699,34.95488019021884,-58.144108404631844
1046,distance,0,-122.33073835686811,21.600000381469727,1575427607.9932728,126.3088150024414,37.57392846510457,8.0,2019-12-03T18:46:47.993273-08:00,19.917032038980793,8.155147552490234,1575427608.124147,10.56023479104042,POINT (-122.33073835686811 37.57392846510457),ios,41.39727539814944,-23.18777263766356,26.666188429633113
1047,distance,0,-122.33036811963389,21.729999542236328,1575427608.9932475,128.05291748046875,37.57369935762726,8.0,2019-12-03T18:46:48.993248-08:00,10.0,7.254970550537109,1575427609.118041,10.560512561798095,POINT (-122.33036811963389 37.57369935762726),ios,18.21008877044119,3.477741874205476,-4.764321933438625
1048,distance,0,-122.33020630009908,20.440000534057617,1575427609.993222,128.38888549804688,37.573597527232046,8.0,2019-12-03T18:46:49.993222-08:00,10.0,6.496913909912109,1575427610.1052818,10.560790332489544,POINT (-122.33020630009908 37.573597527232046),ios,21.68774192471112,-1.2864585176265138,2.2450303621402474
1049,distance,0,-122.3300137329913,20.670000076293945,1575427610.9931965,128.38888549804688,37.57347609485903,8.0,2019-12-03T18:46:50.993196-08:00,10.0,6.230861663818359,1575427611.102635,10.561068103180991,POINT (-122.3300137329913 37.57347609485903),ios,20.401316225655073,0.9585145720201926,-2.180837959936546
1050,distance,0,-122.32983258846009,20.579999923706055,1575427611.9931703,128.38888549804688,37.5733618655364,8.0,2019-12-03T18:46:51.993170-08:00,10.0,6.989101409912109,1575427612.101129,10.561345873673757,POINT (-122.32983258846009 37.5733618655364),ios,21.35980565963021,-1.2222661931647112,2.9581793694672096
1051,distance,0,-122.3296445103103,20.290000915527344,1575427612.993145,133.72801208496094,37.573240715348454,8.0,2019-12-03T18:46:52.993145-08:00,10.0,6.591518402099609,1575427613.101685,10.561623644431432,POINT (-122.3296445103103 37.573240715348454),ios,20.13757035602822,1.735838416100767,-1.3978982890456033
1052,distance,0,-122.32947972941675,20.3799991607666,1575427613.9931197,133.72801208496094,37.573115258513496,8.0,2019-12-03T18:46:53.993120-08:00,10.0,6.253566741943359,1575427614.240219,10.561901415189107,POINT (-122.32947972941675 37.573115258513496),ios,21.873364903379343,0.3379754552570867,-2.8423882314808417
1053,distance,0,-122.32930074526827,20.229999542236328,1575427614.9930935,133.72801208496094,37.572978987952695,8.0,2019-12-03T18:46:54.993093-08:00,10.0,6.304897308349609,1575427615.101649,10.562179185681872,POINT (-122.32930074526827 37.572978987952695),ios,22.21133149487737,-2.5043382316257805,-1.363184615749096
1054,distance,0,-122.32911899571327,19.670000076293945,1575427615.9930677,133.72801208496094,37.57284061193452,8.0,2019-12-03T18:46:55.993068-08:00,10.0,6.793361663818359,1575427616.117464,10.562456956307093,POINT (-122.32911899571327 37.57284061193452),ios,19.70705774797397,-3.8674877464526496,-5.9400440517957085
1055,distance,0,-122.32895773804988,19.790000915527344,1575427616.9930425,133.72801208496094,37.57271783753013,8.0,2019-12-03T18:46:56.993042-08:00,10.0,6.171169281005859,1575427617.116241,10.562734727064768,POINT (-122.32895773804988 37.57271783753013),ios,15.83966774210024,-9.807381679260919,37.37042760025365
1056,distance,0,-122.3288281264751,19.489999771118164,1575427617.993016,133.72801208496094,37.57261915704847,8.0,2019-12-03T18:46:57.993016-08:00,10.0,4.807552337646484,1575427618.120255,10.563012497491307,POINT (-122.3288281264751 37.57261915704847),ios,6.032545609921841,27.562056932721106,-42.53946469028428
1057,distance,0,-122.3287787638401,18.809999465942383,1575427618.99299,133.72801208496094,37.572581574536215,8.0,2019-12-03T18:46:58.992990-08:00,10.0,4.192134857177734,1575427619.1380959,10.5632902680503,POINT (-122.3287787638401 37.572581574536215),ios,33.593886270239786,-14.976302257901907,14.692640770759034
1058,distance,0,-122.32851348495193,18.079999923706055,1575427619.9929655,135.95733642578125,37.572364634706425,8.0,2019-12-03T18:46:59.992965-08:00,10.0,3.6689720153808594,1575427620.124632,10.563568039006658,POINT (-122.32851348495193 37.572364634706425),ios,18.617951787094444,-0.2840222959920605,0.27565769697735215
1059,distance,0,-122.3283669476345,17.940000534057617,1575427620.9929402,135.95733642578125,37.57224403658669,8.0,2019-12-03T18:47:00.992940-08:00,10.0,4.087978363037109,1575427621.119833,10.563845809764333,POINT (-122.3283669476345 37.57224403658669),ios,18.33393666901876,-0.008371565537850142,-1.0372350193861481
1060,distance,0,-122.3282226460138,17.889999389648438,1575427621.9929137,135.95733642578125,37.57212527841343,8.0,2019-12-03T18:47:01.992914-08:00,10.0,4.764980316162109,1575427622.116259,10.56412358019087,POINT (-122.3282226460138 37.57212527841343),ios,18.325565325029892,-1.045579135056952,0.33871481263097647
1061,distance,0,-122.32808179270866,17.670000076293945,1575427622.9928885,137.89263916015625,37.57200404965017,8.0,2019-12-03T18:47:02.992888-08:00,10.0,4.855464935302734,1575427623.209827,10.564401350948545,POINT (-122.32808179270866 37.57200404965017),ios,17.280012614235062,-0.7068728825518366,-3.029947240766669
1062,distance,0,-122.32795184261143,17.700000762939453,1575427623.992864,138.58094787597656,37.57188768597745,8.0,2019-12-03T18:47:03.992864-08:00,10.0,4.135250091552734,1575427624.093441,10.564679121904902,POINT (-122.32795184261143 37.57188768597745),ios,16.573157090440937,-3.7367457165597684,8.356121164044666
1063,distance,0,-122.3278277344916,16.850000381469727,1575427624.9928367,138.58094787597656,37.571775715128005,8.0,2019-12-03T18:47:04.992837-08:00,10.0,6.600887298583984,1575427625.1051579,10.56495689213276,POINT (-122.3278277344916 37.571775715128005),ios,12.836512937576048,4.6191483304679375,-5.125964197616984
1064,distance,0,-122.3277316080427,15.270000457763672,1575427625.9928122,138.58094787597656,37.57168898945564,8.0,2019-12-03T18:47:05.992812-08:00,10.0,7.005458831787109,1575427626.126814,10.565234663089116,POINT (-122.3277316080427 37.57168898945564),ios,17.45554783509348,-0.5066899882636925,-2.1896098887038713
1065,distance,0,-122.32760089222988,15.710000038146973,1575427626.9927855,138.58094787597656,37.57157105711876,8.0,2019-12-03T18:47:06.992785-08:00,10.0,8.41195297241211,1575427627.123765,10.565512433449427,POINT (-122.32760089222988 37.57157105711876),ios,16.948871376912177,-2.696241408075577,-5.72368504067754
1066,distance,0,-122.32747355453951,15.9399995803833,1575427627.9927604,138.24681091308594,37.571456838353015,8.0,2019-12-03T18:47:07.992760-08:00,10.0,10.783199310302734,1575427628.122137,10.56579020427333,POINT (-122.32747355453951 37.571456838353015),ios,14.25269746641137,-8.419783162303382,30.7674434877999
1067,distance,0,-122.32736611700479,15.109999656677246,1575427628.9927344,138.24681091308594,37.571361039723996,8.0,2019-12-03T18:47:08.992734-08:00,10.0,11.090633392333984,1575427629.133829,10.566067974832324,POINT (-122.32736611700479 37.571361039723996),ios,5.833133114276418,22.34686075270919,-33.77209335122064
1068,distance,0,-122.327322146557,15.3100004196167,1575427629.992709,138.24681091308594,37.57132183267569,8.0,2019-12-03T18:47:09.992709-08:00,10.0,10.787471771240234,1575427630.122263,10.56634574552377,POINT (-122.327322146557 37.57132183267569),ios,28.179423780959286,-11.42437104579887,9.225742052297889
1069,distance,0,-122.32711540863558,14.720000267028809,1575427630.9926825,139.0658721923828,37.571128519037295,8.0,2019-12-03T18:47:10.992682-08:00,10.0,10.797115325927734,1575427631.141306,10.566623515950308,POINT (-122.32711540863558 37.571128519037295),ios,16.755355074997034,-2.1988731478035306,1.3738246127700366
1070,distance,0,-122.32699114903298,14.399999618530273,1575427631.9926572,139.0658721923828,37.5710144803586,6.0,2019-12-03T18:47:11.992657-08:00,10.0,11.804195404052734,1575427632.120847,10.566901286707983,POINT (-122.32699114903298 37.5710144803586),ios,14.556537497927925,-0.8250832548365779,0.7539074676699458
1071,distance,0,-122.32688319612399,14.149999618530273,1575427632.9926324,139.0658721923828,37.57091540707294,6.0,2019-12-03T18:47:12.992632-08:00,10.0,11.272518157958984,1575427633.168631,10.567179057598114,POINT (-122.32688319612399 37.57091540707294),ios,13.731474701469782,-0.07119448070354249,0.7785368857128485
1072,distance,0,-122.326781362102,14.180000305175781,1575427633.9926069,139.0658721923828,37.57082194936765,6.0,2019-12-03T18:47:13.992607-08:00,10.0,11.51864242553711,1575427634.120151,10.567456828289561,POINT (-122.326781362102 37.57082194936765),ios,13.660282036993541,0.7073225439198926,0.0648058719955708
1073,distance,0,-122.32668005610623,14.109999656677246,1575427634.9925814,139.0658721923828,37.57072897625605,6.0,2019-12-03T18:47:14.992581-08:00,10.0,11.340328216552734,1575427635.158643,10.56773459898101,POINT (-122.32668005610623 37.57072897625605),ios,14.367586536557994,0.7721267626666041,-0.9959588745769661
1074,distance,0,-122.32657355268287,14.020000457763672,1575427635.992556,139.09530639648438,37.570631156366424,6.0,2019-12-03T18:47:15.992556-08:00,10.0,11.092159271240234,1575427636.155504,10.568012369738685,POINT (-122.32657355268287 37.570631156366424),ios,15.13969378575184,-0.22380694166979162,2.363247319201953
1075,distance,0,-122.32646134208815,14.329999923706055,1575427636.9925308,139.09530639648438,37.5705280686578,6.0,2019-12-03T18:47:16.992531-08:00,10.0,10.735103607177734,1575427637.112659,10.56829014049636,POINT (-122.32646134208815 37.5705280686578),ios,14.915892500213749,2.1393806526729633,-8.31954212346272
1076,distance,0,-122.32635025799735,13.90999984741211,1575427637.9925048,138.70358276367188,37.57042687055414,6.0,2019-12-03T18:47:17.992505-08:00,10.0,10.35317611694336,1575427638.10448,10.568567911055354,POINT (-122.32635025799735 37.57042687055414),ios,17.055217555464317,-6.1799452656478655,6.241252352021981
1077,distance,0,-122.32622285230141,14.15999984741211,1575427638.9924781,138.70358276367188,37.5703114274599,6.0,2019-12-03T18:47:18.992478-08:00,10.0,10.61141586303711,1575427639.135669,10.568845681415663,POINT (-122.32622285230141 37.5703114274599),ios,10.875437312158597,0.06114042695614558,1.9586742266695372
1078,distance,0,-122.32614161062065,13.100000381469727,1575427639.9924533,138.70358276367188,37.5702378138672,6.0,2019-12-03T18:47:19.992453-08:00,10.0,9.45992660522461,1575427640.1067061,10.569123452305794,POINT (-122.32614161062065 37.5702378138672),ios,10.936576223105316,2.019766087255774,-1.979916944711977
1079,distance,0,-122.32605991231361,11.210000038146973,1575427640.9924278,138.70358276367188,37.57016378652257,6.0,2019-12-03T18:47:20.992428-08:00,10.0,8.80514144897461,1575427641.1111279,10.569401222997241,POINT (-122.32605991231361 37.57016378652257),ios,12.956290784536701,0.03989965178515921,-11.711113349912933
1080,distance,0,-122.32596312642278,11.279999732971191,1575427641.992402,138.70358276367188,37.57007608822438,6.0,2019-12-03T18:47:21.992402-08:00,10.0,8.48800277709961,1575427642.111948,10.569678993622462,POINT (-122.32596312642278 37.57007608822438),ios,12.996189408937486,-11.670912146251279,26.042204931255203
1081,distance,0,-122.32586604248519,12.720000267028809,1575427642.9923768,138.70358276367188,37.56998811986414,6.0,2019-12-03T18:47:22.992377-08:00,10.0,8.64266586303711,1575427643.1152282,10.569956764380137,POINT (-122.32586604248519 37.56998811986414),ios,1.3255722142890227,14.37063463678131,-10.393756564645527
1082,distance,0,-122.32585614023264,12.640000343322754,1575427643.99235,138.70358276367188,37.569979147371455,6.0,2019-12-03T18:47:23.992350-08:00,10.0,8.204219818115234,1575427644.111751,10.570234534740448,POINT (-122.32585614023264 37.569979147371455),ios,15.695823113725753,3.9771556153790097,-9.940974181169766
1083,distance,0,-122.32574213259795,12.699999809265137,1575427644.9923246,140.07644653320312,37.56987071119236,6.0,2019-12-03T18:47:24.992325-08:00,10.0,7.825099945068359,1575427645.129376,10.570512305431896,POINT (-122.32574213259795 37.56987071119236),ios,19.67287726873116,-5.963564963706267,4.516461978642378
1084,distance,0,-122.32559803139793,13.0600004196167,1575427645.9922993,139.67198181152344,37.56973560152071,6.0,2019-12-03T18:47:25.992299-08:00,10.0,6.905330657958984,1575427646.255914,10.57079007618957,POINT (-122.32559803139793 37.56973560152071),ios,13.709463018441506,-1.4472171267593246,4.481997749902736
1085,distance,0,-122.32549761154752,12.65999984741211,1575427646.9922733,139.67198181152344,37.569641447599636,8.0,2019-12-03T18:47:26.992273-08:00,10.0,7.391384124755859,1575427647.126401,10.571067846748564,POINT (-122.32549761154752 37.569641447599636),ios,12.262283501418342,3.0346641466660884,-6.504496611692739
1086,distance,0,-122.3254077920601,12.680000305175781,1575427647.992248,139.67198181152344,37.56955723260732,8.0,2019-12-03T18:47:27.992248-08:00,10.0,8.13821029663086,1575427648.125936,10.571345617506239,POINT (-122.3254077920601 37.56955723260732),ios,15.296870954931157,-3.4696680809856177,3.2546152383155516
1087,distance,0,-122.32529579088617,12.140000343322754,1575427648.9922225,140.0186309814453,37.56945214582397,8.0,2019-12-03T18:47:28.992223-08:00,10.0,7.356136322021484,1575427649.164156,10.571623388197686,POINT (-122.32529579088617 37.56945214582397),ios,11.827291387912258,-0.21513587046931498,-2.1114523959076603
1088,distance,0,-122.32520977897144,11.569999694824219,1575427649.9921966,140.0186309814453,37.56937050475258,8.0,2019-12-03T18:47:29.992197-08:00,10.0,8.283809661865234,1575427650.12552,10.57190115875668,POINT (-122.32520977897144 37.56937050475258),ios,11.612161108313295,-2.3265333947436475,3.2492862334453685
1089,distance,0,-122.32512533155156,11.3100004196167,1575427650.992171,140.0186309814453,37.56929034867356,8.0,2019-12-03T18:47:30.992171-08:00,10.0,8.71340560913086,1575427651.133184,10.572178929448128,POINT (-122.32512533155156 37.56929034867356),ios,9.285687065269771,0.9226699468495858,-1.219941462921027
1090,distance,0,-122.32505780303597,10.109999656677246,1575427651.9921455,140.0186309814453,37.56922625173561,8.0,2019-12-03T18:47:31.992146-08:00,10.0,8.08224105834961,1575427652.1192021,10.572456700139576,POINT (-122.32505780303597 37.56922625173561),ios,10.208333474081982,-0.29724039440345235,-1.318236308383963
1091,distance,0,-122.32498356478294,10.25,1575427652.9921198,140.0186309814453,37.56915578602705,8.0,2019-12-03T18:47:32.992120-08:00,10.0,7.673274993896484,1575427653.128079,10.572734470764797,POINT (-122.32498356478294 37.56915578602705),ios,9.911100733382838,-1.6154427592484382,1.7829756894166957
1092,distance,0,-122.3249114881115,10.319999694824219,1575427653.9920943,140.01675415039062,37.56908737205562,8.0,2019-12-03T18:47:33.992094-08:00,10.0,7.206508636474609,1575427654.118332,10.573012241456244,POINT (-122.3249114881115 37.56908737205562),ios,8.295699185352099,0.16748744505350008,-0.6942900716641165
1093,distance,0,-122.32485095921828,9.510000228881836,1575427654.992069,139.4347381591797,37.56903024153317,6.0,2019-12-03T18:47:34.992069-08:00,10.0,8.26119613647461,1575427655.1162481,10.573290012213919,POINT (-122.32485095921828 37.56903024153317),ios,8.46318239760102,-0.5267850802554651,1.254634889664675
1094,distance,0,-122.32478866735462,8.609999656677246,1575427655.992043,139.4347381591797,37.56897232046344,8.0,2019-12-03T18:47:35.992043-08:00,10.0,7.920986175537109,1575427656.114356,10.573567782772912,POINT (-122.32478866735462 37.56897232046344),ios,7.936411007238741,0.7278172044280322,-0.4333129788026853
1095,distance,0,-122.324730252682,8.720000267028809,1575427656.9920177,139.4347381591797,37.56891800453629,8.0,2019-12-03T18:47:36.992018-08:00,10.0,8.255489349365234,1575427657.115038,10.573845553530587,POINT (-122.324730252682 37.56891800453629),ios,8.664209818001538,0.2945151764710064,-5.900062015847415
1096,distance,0,-122.32466648121454,8.609999656677246,1575427657.991992,139.4347381591797,37.568858707681166,8.0,2019-12-03T18:47:37.991992-08:00,10.0,7.999996185302734,1575427658.130997,10.574123324155808,POINT (-122.32466648121454 37.568858707681166),ios,8.958717410940435,-5.605394917460947,9.071280114882885
1097,distance,0,-122.32460054212709,8.6899995803833,1575427658.9919658,139.4347381591797,37.56879739530009,8.0,2019-12-03T18:47:38.991966-08:00,10.0,7.428859710693359,1575427659.132597,10.574401094648573,POINT (-122.32460054212709 37.56879739530009),ios,3.3534695008115567,3.46564729363322,-7.867782102480086
1098,distance,0,-122.32457585947813,6.130000114440918,1575427659.9919405,139.4347381591797,37.568774444543,8.0,2019-12-03T18:47:39.991940-08:00,10.0,7.415828704833984,1575427660.1375818,10.574678865406248,POINT (-122.32457585947813 37.568774444543),ios,6.819029209326215,-4.401935971351333,3.1763571008542195
1099,distance,0,-122.32452566918093,5.730000019073486,1575427660.991915,139.4347381591797,37.56872777591672,8.0,2019-12-03T18:47:40.991915-08:00,10.0,7.029262542724609,1575427661.1416678,10.574956636097696,POINT (-122.32452566918093 37.56872777591672),ios,2.417205534830078,-1.2256599018696106,2.5879139791669625
1100,distance,0,-122.3245078777523,5.460000038146973,1575427661.9918897,139.4347381591797,37.56871123284805,8.0,2019-12-03T18:47:41.991890-08:00,10.0,7.033779144287109,1575427662.1108952,10.57523440685537,POINT (-122.3245078777523 37.56871123284805),ios,1.1915766082902477,1.3621886745793346,-2.1194696699431397
1101,distance,0,-122.32449910735883,3.4800000190734863,1575427662.9918642,139.4347381591797,37.56870307784124,8.0,2019-12-03T18:47:42.991864-08:00,10.0,8.22854232788086,1575427663.114413,10.57551217754682,POINT (-122.32449910735883 37.56870307784124),ios,2.5537305323631383,-0.7572269260224596,2.0088914757936895
1102,distance,0,-122.32446151477092,3.4100000858306885,1575427664.9918137,139.4347381591797,37.56866812298873,8.0,2019-12-03T18:47:44.991814-08:00,10.0,9.68374252319336,1575427665.1052818,10.57606771906217,POINT (-122.32446151477092 37.56866812298873),ios,1.0393149541553843,3.2604544866700595,-3.5441780650387567
1103,distance,0,-122.32445386508579,3.0799999237060547,1575427665.9917867,139.4347381591797,37.56866101005424,8.0,2019-12-03T18:47:45.991787-08:00,10.0,9.247615814208984,1575427666.124582,10.576345489356253,POINT (-122.32445386508579 37.56866101005424),ios,4.299681599944813,-0.2836280936061834,0.5026857212162862
1104,distance,0,-122.32442221804922,3.3499999046325684,1575427666.9917607,139.4347381591797,37.56863158357534,8.0,2019-12-03T18:47:46.991761-08:00,10.0,9.106807708740234,1575427667.161298,10.576623259915246,POINT (-122.32442221804922 37.56863158357534),ios,4.0160608771592,0.21904456400202554,-1.5757861640961441
1105,distance,0,-122.32439265853583,3.5399999618530273,1575427667.9917355,139.4347381591797,37.56860409814566,8.0,2019-12-03T18:47:47.991735-08:00,10.0,8.969905853271484,1575427668.117255,10.576901030672921,POINT (-122.32439265853583 37.56860409814566),ios,4.235099905386092,-1.3567017762441083,2.149460725288294
1106,distance,0,-122.32436148682893,3.4100000858306885,1575427668.9917102,139.4347381591797,37.5685751136443,8.0,2019-12-03T18:47:48.991710-08:00,10.0,8.505855560302734,1575427669.122585,10.577178801430597,POINT (-122.32436148682893 37.5685751136443),ios,2.8784324162104182,0.792704627078758,-1.982765278814517
1107,distance,0,-122.32434030064718,2.8499999046325684,1575427669.9916844,139.4347381591797,37.568555414019976,8.0,2019-12-03T18:47:49.991684-08:00,10.0,8.560543060302734,1575427670.121012,10.577456572055816,POINT (-122.32434030064718 37.568555414019976),ios,3.671116631774006,-1.1900095971030686,-0.489192994807802
1108,distance,0,-122.32431328004054,3.130000114440918,1575427670.9916594,139.4347381591797,37.56853028935121,8.0,2019-12-03T18:47:50.991659-08:00,10.0,7.763637542724609,1575427671.112026,10.577734342879719,POINT (-122.32431328004054 37.56853028935121),ios,2.4811368253126496,-1.6791903454775041,1.363272444825918
1109,distance,0,-122.32429501809003,2.380000114440918,1575427671.9916334,139.4347381591797,37.568513308775465,6.0,2019-12-03T18:47:51.991633-08:00,10.0,8.85543441772461,1575427672.111536,10.578012113438712,POINT (-122.32429501809003 37.568513308775465),ios,0.8019901180043523,-0.3159533288648216,0.1485938134477134
1110,distance,0,-122.3242832122857,0.6399999856948853,1575427673.9915822,139.4347381591797,37.56850233134157,6.0,2019-12-03T18:47:53.991582-08:00,10.0,10.13003158569336,1575427674.108303,10.57856765475538,POINT (-122.3242832122857 37.56850233134157),ios,0.1700996560406111,-0.01877331888745583,0.002545446266474927
1111,distance,0,-122.32429322818649,1.1100000143051147,1575427681.9913776,139.4347381591797,37.56851164446297,8.0,2019-12-03T18:48:01.991378-08:00,10.0,8.86794662475586,1575427682.106756,10.580789820154507,POINT (-122.32429322818649 37.56851164446297),ios,0.019916945270040627,0.001589730539860402,0.004471753611798261
1112,distance,0,-122.32428472567364,0.0,1575427739.989892,139.4347381591797,37.56850373854054,8.0,2019-12-03T18:48:59.989892-08:00,10.0,12.057857513427734,1575427740.132369,10.596900518602794,POINT (-122.32428472567364 37.56850373854054),ios,0.11211895490024565,0.26094479684885435,0.18465921596334695
1113,distance,0,-122.32427317243884,0.5400000214576721,1575427753.9895325,139.4347381591797,37.56849299595431,6.0,2019-12-03T18:49:13.989532-08:00,10.0,16.22176742553711,1575427754.1318579,10.60078930762079,POINT (-122.32427317243884 37.56849299595431),ios,3.765252291939972,2.8461074288443764,-9.205292905270744
1114,distance,0,-122.3242454589797,2.7100000381469727,1575427754.9895072,139.4347381591797,37.56846722704799,6.0,2019-12-03T18:49:14.989507-08:00,10.0,14.48336410522461,1575427755.12643,10.601067078378465,POINT (-122.3242454589797 37.56846722704799),ios,6.611287792906098,-6.358952836863771,7.245919585277449
1115,distance,0,-122.32419679780031,0.0,1575427755.989482,139.4347381591797,37.56842198024686,6.0,2019-12-03T18:49:15.989482-08:00,10.0,13.912654876708984,1575427756.138838,10.60134484913614,POINT (-122.32419679780031 37.56842198024686),ios,0.25249566184732036,0.8867836268573878,-0.0006263993050525092
1116,distance,0,-122.32418935483994,0.7099999785423279,1575427759.994314,139.4347381591797,37.568415059532,8.0,2019-12-03T18:49:19.994314-08:00,10.0,8.587703704833984,1575427760.123847,10.602457302477625,POINT (-122.32418935483994 37.568415059532),ios,3.803915133782429,0.8842750028573555,0.3346615720302748
1117,distance,0,-122.32416134606154,0.7099999785423279,1575427760.994673,139.4347381591797,37.56838901602787,8.0,2019-12-03T18:49:20.994673-08:00,10.0,8.15340805053711,1575427761.1248121,10.602735179993841,POINT (-122.32416134606154 37.56838901602787),ios,4.688507642989897,1.2190567379295743,-5.25590509609474
1118,distance,0,-122.32412682451479,2.450000047683716,1575427761.9950144,139.4347381591797,37.56835691673275,8.0,2019-12-03T18:49:21.995014-08:00,10.0,8.21780014038086,1575427762.120565,10.603013052609231,POINT (-122.32412682451479 37.56835691673275),ios,5.907980585669703,-4.038642805133628,9.373939730146724
1119,distance,0,-122.32408332448884,4.079999923706055,1575427762.9953442,139.4347381591797,37.56831646894567,8.0,2019-12-03T18:49:22.995344-08:00,10.0,7.892696380615234,1575427763.174469,10.60329092197948,POINT (-122.32408332448884 37.56831646894567),ios,1.8680061071524823,5.338387821296912,26.608900807335477
1120,distance,0,-122.32406957096828,4.590000152587891,1575427763.9956398,139.4347381591797,37.568303680459714,8.0,2019-12-03T18:49:23.995640-08:00,10.0,7.533870697021484,1575427764.165388,10.603568781879213,POINT (-122.32406957096828 37.568303680459714),ios,7.207972164289813,31.955155258471596,-25.365124438929104
1121,distance,0,-122.3239623129954,9.739999771118164,1575427765.996163,138.9162139892578,37.56820575628279,8.0,2019-12-03T18:49:25.996163-08:00,10.0,4.668300628662109,1575427766.140435,10.604124482737648,POINT (-122.3239623129954 37.56820575628279),ios,71.13499811498247,-18.78836187152547,3.4103695988212284
1122,distance,0,-122.32343306975906,21.989999771118164,1575427766.9963927,138.9162139892578,37.567722568814936,8.0,2019-12-03T18:49:26.996393-08:00,10.0,-0.4032020568847656,1575427767.125169,10.604402324358622,POINT (-122.32343306975906 37.567722568814936),ios,52.34231801071942,-15.377208448667343,1.9164723257803977
1123,distance,0,-122.32304407749703,27.850000381469727,1575427767.9966063,138.9986572265625,37.567366744835795,8.0,2019-12-03T18:49:27.996606-08:00,10.0,-3.8069801330566406,1575427768.1778889,10.604680161476136,POINT (-122.32304407749703 37.567366744835795),ios,36.96182463593084,-13.46032672022946,10.118286220060668
1124,distance,0,-122.32276954768128,29.270000457763672,1575427768.9968047,138.9986572265625,37.56711537585121,8.0,2019-12-03T18:49:28.996805-08:00,10.0,-5.298069000244141,1575427769.1103191,10.604957994355095,POINT (-122.32276954768128 37.56711537585121),ios,23.498827867981607,-3.340033393832415,6.374798932434562
1125,distance,0,-122.32259501542825,26.68000030517578,1575427769.996989,138.9986572265625,37.566955568090066,8.0,2019-12-03T18:49:29.996989-08:00,10.0,-7.153751373291016,1575427770.1164942,10.605235823326641,POINT (-122.32259501542825 37.566955568090066),ios,20.158178914138894,3.0359403985013746,-4.268651983866507
1126,distance,0,-122.32244529564923,25.440000534057617,1575427770.9971704,138.9986572265625,37.56681847948744,8.0,2019-12-03T18:49:30.997170-08:00,10.0,-7.865238189697266,1575427771.2239451,10.605513651503458,POINT (-122.32244529564923 37.56681847948744),ios,23.19467014315786,-1.2334860748059837,-3.7159335470573582
1127,distance,0,-122.32227315337587,24.149999618530273,1575427771.9973207,139.0345916748047,37.566660660301096,8.0,2019-12-03T18:49:31.997321-08:00,10.0,-8.355533599853516,1575427772.1135302,10.605791471004487,POINT (-122.32227315337587 37.566660660301096),ios,21.96099879417358,-4.949977768849027,-8.943067571279668
1128,distance,0,-122.32211016741013,23.420000076293945,1575427772.997469,139.0345916748047,37.566511235572385,8.0,2019-12-03T18:49:32.997469-08:00,10.0,-9.009281158447266,1575427773.1212292,10.606069289975697,POINT (-122.32211016741013 37.566511235572385),ios,17.010286961658156,-13.894371564462775,24.764337571882475
1129,distance,0,-122.32198392496605,21.959999084472656,1575427773.997608,139.0345916748047,37.56639549712294,8.0,2019-12-03T18:49:33.997608-08:00,30.0,-9.334354400634766,1575427774.12443,10.606347106364039,POINT (-122.32198392496605 37.56639549712294),ios,3.113984106897377,10.87340820159647,-6.28718298283774
1130,distance,0,-122.32200703521056,16.799999237060547,1575427774.9977343,139.0345916748047,37.56641668448101,6.0,2019-12-03T18:49:34.997734-08:00,10.0,-5.960330963134766,1575427775.135158,10.606624919242329,POINT (-122.32200703521056 37.56641668448101),ios,13.988766292436557,4.585430758705072,-6.099733165833588
1131,distance,0,-122.3219032193415,16.459999084472656,1575427775.997852,139.0345916748047,37.56632150660478,6.0,2019-12-03T18:49:35.997852-08:00,10.0,-4.980808258056641,1575427776.141183,10.606902729736435,POINT (-122.3219032193415 37.56632150660478),ios,18.574737117573342,-1.5150208262473788,-12.674917037821707
1132,distance,0,-122.3217653883662,16.6200008392334,1575427776.9979625,139.10906982421875,37.56619511502198,8.0,2019-12-03T18:49:36.997962-08:00,15.839155047476789,-3.2649574279785156,1575427777.2891932,10.60718053817749,POINT (-122.3217653883662 37.56619511502198),ios,17.05954905150678,-14.191337020302994,39.591553004108
1133,distance,0,-122.32163897600054,16.610000610351562,1575427777.9980612,139.10906982421875,37.56607891600169,8.0,2019-12-03T18:49:37.998061-08:00,30.0,0.4942283630371094,1575427778.1824741,10.607458343373404,POINT (-122.32163897600054 37.56607891600169),ios,2.866811271142903,25.404123879595037,-43.51087233427835
1134,distance,0,-122.32161773283224,16.100000381469727,1575427778.998156,139.10906982421875,37.56605938915137,12.0,2019-12-03T18:49:38.998156-08:00,30.0,3.2948265075683594,1575427779.130244,10.60773614750968,POINT (-122.32161773283224 37.56605938915137),ios,28.27334576315518,-18.11087722722556,21.293301271242573
1135,distance,0,-122.32140807237883,16.1200008392334,1575427779.998241,139.07220458984375,37.56586691844558,12.0,2019-12-03T18:49:39.998241-08:00,30.0,5.530666351318359,1575427780.159399,10.608013948864407,POINT (-122.32140807237883 37.56586691844558),ios,10.160931338746753,3.1842313558505286,-4.57127535010868
1136,distance,0,-122.32148342005871,13.470000267028809,1575427780.9983194,139.07220458984375,37.56593608848167,12.0,2019-12-03T18:49:40.998319-08:00,30.0,0.6057090759277344,1575427781.118238,10.608291748430993,POINT (-122.32148342005871 37.56593608848167),ios,13.345412464789446,-1.387402563782484,-1.0222787233078618
1137,distance,0,-122.32138445879437,13.3100004196167,1575427781.9983907,139.07220458984375,37.56584524090366,12.0,2019-12-03T18:49:41.998391-08:00,30.0,0.5627708435058594,1575427782.098476,10.60856954601076,POINT (-122.32138445879437 37.56584524090366),ios,11.95791099702514,-2.4097541624323022,12.287571371719967
1138,distance,0,-122.3212957868219,13.119999885559082,1575427782.9984574,139.07220458984375,37.565763839013854,12.0,2019-12-03T18:49:42.998457-08:00,30.0,0.15859603881835938,1575427783.108387,10.608847342332204,POINT (-122.3212957868219 37.565763839013854),ios,9.547995966147088,9.87863749317364,-8.933177753994507
1139,distance,0,-122.32122498569044,14.430000305175781,1575427783.9985175,139.07220458984375,37.56569884276148,12.0,2019-12-03T18:49:43.998518-08:00,30.0,-0.2912940979003906,1575427784.106462,10.609125136799282,POINT (-122.32122498569044 37.56569884276148),ios,19.4272269825008,0.9449230206212972,-8.964048574110079
1140,distance,0,-122.32108092799285,16.110000610351562,1575427784.9985728,139.07220458984375,37.565566596139476,12.0,2019-12-03T18:49:44.998573-08:00,30.0,-1.0856666564941406,1575427785.113546,10.609402929941814,POINT (-122.32108092799285 37.565566596139476),ios,20.372202269753412,-8.019621382896757,3.7821509140748226
1141,distance,0,-122.32092986383515,17.06999969482422,1575427785.9986238,139.07220458984375,37.56542791750659,12.0,2019-12-03T18:49:45.998624-08:00,30.0,1.1648521423339844,1575427786.1246672,10.609680721892252,POINT (-122.32092986383515 37.56542791750659),ios,12.352171713135355,-4.237277497521902,28.64094979286526
1142,distance,0,-122.32083827033966,16.309999465942383,1575427786.9986706,139.07220458984375,37.56534383362509,12.0,2019-12-03T18:49:46.998671-08:00,22.281220364417383,-0.045597076416015625,1575427787.1468081,10.609958512650596,POINT (-122.32083827033966 37.56534383362509),ios,8.114696207460131,24.40501068811589,-43.27437231433892
1143,distance,0,-122.32077809892871,17.43000030517578,1575427787.99871,139.07220458984375,37.565288595578295,12.0,2019-12-03T18:49:47.998710-08:00,24.94683605575489,0.07757186889648438,1575427788.115699,10.610236301355892,POINT (-122.32077809892871 37.565288595578295),ios,32.52066696589127,-18.871063999592216,21.751415608513476
1144,distance,0,-122.32053623747942,16.770000457763672,1575427788.9987462,138.92466735839844,37.565067715625894,12.0,2019-12-03T18:49:48.998746-08:00,18.029853947516195,-0.5798683166503906,1575427789.118895,10.610514089200231,POINT (-122.32053623747942 37.565067715625894),ios,13.648919086034786,2.881139872044892,2.5625628127250315
1145,distance,0,-122.32043472862316,16.510000228881836,1575427789.9987798,138.92466735839844,37.564975012669684,12.0,2019-12-03T18:49:49.998780-08:00,10.0,2.2276573181152344,1575427790.105919,10.610791876316071,POINT (-122.32043472862316 37.564975012669684),ios,16.53015581341538,5.443788830494362,-23.179100029091256
1146,distance,0,-122.32031179222011,16.479999542236328,1575427790.998809,138.92257690429688,37.564862741007815,12.0,2019-12-03T18:49:50.998809-08:00,10.0,2.4130210876464844,1575427791.107899,10.611069662239817,POINT (-122.32031179222011 37.564862741007815),ios,21.974104285658683,-17.73599093695243,51.54581089912701
1147,distance,0,-122.32014836914692,17.600000381469727,1575427791.998836,138.92257690429688,37.564713494897155,12.0,2019-12-03T18:49:51.998836-08:00,10.0,2.8438377380371094,1575427792.1420112,10.611347447501288,POINT (-122.32014836914692 37.564713494897155),ios,4.237635518063582,33.81120867330082,-51.667306389641944
1148,distance,0,-122.32011685369798,17.75,1575427792.9988582,138.92257690429688,37.56468471341551,12.0,2019-12-03T18:49:52.998858-08:00,21.86562290301699,2.8566551208496094,1575427793.1108298,10.611625231438213,POINT (-122.32011685369798 37.56468471341551),ios,38.04959388485506,-17.857243331798237,13.435326929569
1149,distance,0,-122.31983507522136,18.270000457763672,1575427793.9988785,139.13272094726562,37.56442546565016,12.0,2019-12-03T18:49:53.998878-08:00,10.0,2.3470420837402344,1575427794.121344,10.611903014845318,POINT (-122.31983507522136 37.56442546565016),ios,20.191988665677364,-4.421644127546952,7.139759446392705
1150,distance,0,-122.3196855429814,18.329999923706055,1575427794.9988952,139.13272094726562,37.5642878898512,12.0,2019-12-03T18:49:54.998895-08:00,10.0,1.6243553161621094,1575427795.1197271,10.612180797259013,POINT (-122.3196855429814 37.5642878898512),ios,15.7702707439827,2.7182344764369164,-1.6719859654367393
1151,distance,0,-122.3195687560692,18.420000076293945,1575427795.998911,139.13272094726562,37.56418044109791,12.0,2019-12-03T18:49:55.998911-08:00,10.0,0.7904930114746094,1575427796.122563,10.612458579407798,POINT (-122.3195687560692 37.56418044109791),ios,18.488547993541317,1.0462222012539788,2.6016088222466753
1152,distance,0,-122.31943183960408,19.059999465942383,1575427796.9989223,139.13272094726562,37.564054472329666,12.0,2019-12-03T18:49:56.998922-08:00,10.0,-0.4827613830566406,1575427797.115323,10.61273636036449,POINT (-122.31943183960408 37.564054472329666),ios,19.534782167858207,3.6478607965508356,-6.509771952896419
1153,distance,0,-122.31928717566188,19.93000030517578,1575427797.998932,139.13272094726562,37.56392137556445,12.0,2019-12-03T18:49:57.998932-08:00,10.0,1.6257286071777344,1575427798.1203408,10.613014140791364,POINT (-122.31928717566188 37.56392137556445),ios,23.182677753120558,-2.861973238368755,1.5216081626181404
1154,distance,0,-122.31911466331661,19.639999389648438,1575427798.99894,138.8411102294922,37.563763997180615,12.0,2019-12-03T18:49:58.998940-08:00,10.0,1.3661460876464844,1575427799.139902,10.613291920820872,POINT (-122.31911466331661 37.563763997180615),ios,20.320681314933644,-1.3403527412423077,1.5383092210404103
1155,distance,0,-122.31896329395255,19.790000915527344,1575427799.9989448,138.8411102294922,37.56362615523903,12.0,2019-12-03T18:49:59.998945-08:00,10.0,1.7332115173339844,1575427800.1181731,10.613569699923197,POINT (-122.31896329395255 37.56362615523903),ios,18.980322182391415,0.19796381502807658,-0.7111210080898046
1156,distance,0,-122.31882190903917,19.8799991607666,1575427800.9989498,138.8411102294922,37.563497405467956,12.0,2019-12-03T18:50:00.998950-08:00,10.0,1.3961143493652344,1575427801.115248,10.613847479091751,POINT (-122.31882190903917 37.563497405467956),ios,19.178286988582773,-0.5131607534953947,2.92563263523726
1157,distance,0,-122.3186801285288,19.6299991607666,1575427801.998951,139.26239013671875,37.56336657424228,12.0,2019-12-03T18:50:01.998951-08:00,10.0,1.6363182067871094,1575427802.112999,10.614125257200666,POINT (-122.3186801285288 37.56336657424228),ios,18.66512562335209,2.4124753693677445,-2.2678385399658043
1158,distance,0,-122.31854226979866,20.09000015258789,1575427802.9989514,139.26239013671875,37.56323915688594,12.0,2019-12-03T18:50:02.998951-08:00,10.0,0.2796287536621094,1575427803.126738,10.614403035110897,POINT (-122.31854226979866 37.56323915688594),ios,21.077602143077733,0.14463574801225557,-0.8790134801351738
1159,distance,0,-122.31838659325223,20.290000915527344,1575427803.9989495,139.26239013671875,37.56309527122872,8.0,2019-12-03T18:50:03.998950-08:00,10.0,0.7997093200683594,1575427804.1161962,10.614680812358856,POINT (-122.31838659325223 37.56309527122872),ios,21.222237615219193,-0.7343760555377586,1.128108520846137
1160,distance,0,-122.3182298487244,21.170000076293945,1575427804.9989467,139.26239013671875,37.56295039847869,8.0,2019-12-03T18:50:04.998947-08:00,10.0,0.7554588317871094,1575427805.121242,10.614958589341905,POINT (-122.3182298487244 37.56295039847869),ios,20.487863660748182,0.393729237764011,1.0621543511147247
1161,distance,0,-122.31807809694226,21.030000686645508,1575427805.9990737,138.9522705078125,37.56281080139469,8.0,2019-12-03T18:50:05.999074-08:00,10.0,0.06716537475585938,1575427806.113246,10.615236402418878,POINT (-122.31807809694226 37.56281080139469),ios,20.88164293248296,1.4560185643762542,-2.827175183948263
1162,distance,0,-122.31792291829038,20.90999984741211,1575427806.9989386,138.9522705078125,37.56266893610729,8.0,2019-12-03T18:50:06.998939-08:00,10.0,1.2837181091308594,1575427807.114139,10.61551414264573,POINT (-122.31792291829038 37.56266893610729),ios,22.337464667414807,-1.3707744326038493,3.872763000142409
1163,distance,0,-122.31775689981257,21.520000457763672,1575427807.9989314,138.9522705078125,37.562517160983674,8.0,2019-12-03T18:50:07.998931-08:00,10.0,2.3501853942871094,1575427808.113718,10.615791918436686,POINT (-122.31775689981257 37.562517160983674),ios,20.966700039353732,2.501960867379009,-21.22840291607904
1164,distance,0,-122.31760106949622,21.8799991607666,1575427808.9989235,138.9522705078125,37.56237469994054,8.0,2019-12-03T18:50:08.998924-08:00,10.0,2.1281394958496094,1575427809.117207,10.61606969402896,POINT (-122.31760106949622 37.56237469994054),ios,23.468641221772227,-18.726275027593257,55.41490337612763
1165,distance,0,-122.31742664437871,23.040000915527344,1575427809.9989147,138.9520721435547,37.56221523941471,8.0,2019-12-03T18:50:09.998915-08:00,10.0,1.2376976013183594,1575427810.1295109,10.616347469356326,POINT (-122.31742664437871 37.56221523941471),ios,4.742531387778677,36.688139506660995,-53.848909338491275
1166,distance,0,-122.31739139668207,22.1200008392334,1575427810.9989052,138.9519500732422,37.56218301575152,8.0,2019-12-03T18:50:10.998905-08:00,17.914347819689567,0.3820457458496094,1575427811.142988,10.616625244485007,POINT (-122.31739139668207 37.56218301575152),ios,41.43032100907603,-17.16025628861225,15.455556564796266
1167,distance,0,-122.31708209898068,22.399999618530273,1575427811.9988942,138.7511749267578,37.5619024641329,8.0,2019-12-03T18:50:11.998894-08:00,10.0,-0.5023536682128906,1575427812.1430302,10.616903019216325,POINT (-122.31708209898068 37.5619024641329),ios,24.270252921364165,-1.7048692288404128,3.5027916276609563
1168,distance,0,-122.31690099606561,22.600000381469727,1575427812.9988818,138.75291442871094,37.56173805541129,8.0,2019-12-03T18:50:12.998882-08:00,10.0,-0.22980117797851562,1575427813.125558,10.617180793550279,POINT (-122.31690099606561 37.56173805541129),ios,22.565404829093705,1.7978789720292,-2.470271403870845
1169,distance,0,-122.31673261460122,22.5,1575427813.9988704,138.75291442871094,37.56158519546818,8.0,2019-12-03T18:50:13.998870-08:00,10.0,-0.11944961547851562,1575427814.1147208,10.617458568149143,POINT (-122.31673261460122 37.56158519546818),ios,24.36326322603091,-0.672364161828936,-0.7753759079158269
1170,distance,0,-122.31655081824513,22.729999542236328,1575427814.9988565,138.75291442871094,37.56142015722744,8.0,2019-12-03T18:50:14.998857-08:00,10.0,-1.2553749084472656,1575427815.120829,10.617736342085733,POINT (-122.31655081824513 37.56142015722744),ios,23.690908361840243,-1.4477293476314732,1.6125553157341677
1171,distance,0,-122.31637140515315,22.719999313354492,1575427815.9988427,137.9521942138672,37.56126152109568,8.0,2019-12-03T18:50:15.998843-08:00,10.0,0.040248870849609375,1575427816.106885,10.618014116022321,POINT (-122.31637140515315 37.56126152109568),ios,22.24319903381206,0.16480366924016265,1.0216292015888015
1172,distance,0,-122.31620279067235,23.139999389648438,1575427816.9988294,137.9521942138672,37.56111269642364,8.0,2019-12-03T18:50:16.998829-08:00,10.0,0.7641868591308594,1575427817.106052,10.618291890091367,POINT (-122.31620279067235 37.56111269642364),ios,22.40800050268585,1.186419230607538,-0.2968216566418364
1173,distance,0,-122.31603292751223,23.479999542236328,1575427817.9988134,137.9521942138672,37.560962769626265,8.0,2019-12-03T18:50:17.998813-08:00,10.0,0.5092430114746094,1575427818.106843,10.61856966343191,POINT (-122.31603292751223 37.560962769626265),ios,23.59440078137945,0.8896023154081424,-0.114775846468685
1174,distance,0,-122.31585445135181,24.360000610351562,1575427818.9987974,138.36685180664062,37.560804634806075,8.0,2019-12-03T18:50:18.998797-08:00,10.0,-1.1269569396972656,1575427819.141479,10.618847436772452,POINT (-122.31585445135181 37.560804634806075),ios,24.48398888624035,0.7748283023739708,-3.2595919455919775
1175,distance,0,-122.3156703513794,24.809999465942383,1575427819.998781,138.36685180664062,37.560639758463516,8.0,2019-12-03T18:50:19.998781-08:00,10.0,-1.8019752502441406,1575427820.107578,10.61912520998054,POINT (-122.3156703513794 37.560639758463516),ios,25.25880444200538,-2.484710020055678,4.20560383806739
1176,distance,0,-122.31548042551202,24.8799991607666,1575427820.998765,138.36685180664062,37.5604696645631,8.0,2019-12-03T18:50:20.998765-08:00,10.0,-1.5517921447753906,1575427821.103242,10.619402983321084,POINT (-122.31548042551202 37.5604696645631),ios,22.774134112818878,1.7208266375075922,-1.5175272819191934
1177,distance,0,-122.31530918281359,23.65999984741211,1575427821.9987473,138.36685180664062,37.560316302944194,8.0,2019-12-03T18:50:21.998747-08:00,10.0,-1.9913673400878906,1575427822.1147919,10.619680756198035,POINT (-122.31530918281359 37.560316302944194),ios,24.494930389825377,0.2033261292840734,-0.6650107127420014
1178,distance,0,-122.31512591751496,24.459999084472656,1575427822.9987292,138.99874877929688,37.560150713715174,8.0,2019-12-03T18:50:22.998729-08:00,10.0,-1.9581031799316406,1575427823.1308641,10.619958528942533,POINT (-122.31512591751496 37.560150713715174),ios,24.69825283487821,-0.4616725335888273,1.8131136398129888
1179,distance,0,-122.31494253137541,25.219999313354492,1575427823.9987109,138.99874877929688,37.55998278292336,8.0,2019-12-03T18:50:23.998711-08:00,10.0,-2.3358497619628906,1575427824.121018,10.620236301620801,POINT (-122.31494253137541 37.55998278292336),ios,24.236588776780213,1.3514078206658746,0.13182784988716464
1180,distance,0,-122.31476257320793,24.959999084472656,1575427824.998693,138.99874877929688,37.5598179912023,8.0,2019-12-03T18:50:24.998693-08:00,10.0,-1.6806373596191406,1575427825.1426082,10.620514074431526,POINT (-122.31476257320793 37.5598179912023),ios,25.587972432391158,1.48323331328739,-5.067343563347483
1181,distance,0,-122.31457250527916,25.010000228881836,1575427825.9986732,138.9749755859375,37.55964406383683,8.0,2019-12-03T18:50:25.998673-08:00,10.0,-1.0644874572753906,1575427826.116037,10.62079184671243,POINT (-122.31457250527916 37.55964406383683),ios,27.07117639435709,-3.584009973705361,5.136730714577105
1182,distance,0,-122.31437140434122,25.559999465942383,1575427826.9986548,138.9749755859375,37.5594600654737,8.0,2019-12-03T18:50:26.998655-08:00,10.0,-0.3357276916503906,1575427827.112261,10.621069619390699,POINT (-122.31437140434122 37.5594600654737),ios,23.487232216733265,1.552626439584803,-2.4367011507872687
1183,distance,0,-122.31419692767912,23.850000381469727,1575427827.998634,138.9749755859375,37.559300427132065,8.0,2019-12-03T18:50:27.998634-08:00,10.0,-0.23532485961914062,1575427828.1012201,10.621347391406696,POINT (-122.31419692767912 37.559300427132065),ios,25.039826451093973,-0.8840241681325982,4.934854108935837
1184,distance,0,-122.31401091754239,23.5,1575427828.9986138,138.9749755859375,37.55913023617705,8.0,2019-12-03T18:50:28.998614-08:00,10.0,-1.1358375549316406,1575427829.1587071,10.621625163555144,POINT (-122.31401091754239 37.55913023617705),ios,24.15582019822319,4.050729933126337,-7.234191612342676
1185,distance,0,-122.31383147431069,24.829999923706055,1575427829.9985945,138.9749755859375,37.55896605364637,8.0,2019-12-03T18:50:29.998595-08:00,10.0,-0.9110450744628906,1575427830.1072311,10.621902935968505,POINT (-122.31383147431069 37.55896605364637),ios,28.206471904038253,-3.1833219731958415,3.7823030424937
1186,distance,0,-122.31362194103843,26.110000610351562,1575427830.9985738,138.9749755859375,37.55877434007453,8.0,2019-12-03T18:50:30.998574-08:00,10.0,-1.9707069396972656,1575427831.119549,10.6221807079845,POINT (-122.31362194103843 37.55877434007453),ios,25.023215960632257,0.5989026151932686,-0.5757677592933537
1187,distance,0,-122.31343605494527,26.200000762939453,1575427831.998553,138.9749755859375,37.55860426261382,8.0,2019-12-03T18:50:31.998553-08:00,10.0,-1.0818824768066406,1575427832.123139,10.622458480000496,POINT (-122.31343605494527 37.55860426261382),ios,25.62210615313811,0.0231467987145174,0.029754052027035963
1188,distance,0,-122.31324572029385,26.18000030517578,1575427832.9985316,138.9749755859375,37.55843011492128,8.0,2019-12-03T18:50:32.998532-08:00,10.0,-1.6562538146972656,1575427833.125368,10.622736251817809,POINT (-122.31324572029385 37.55843011492128),ios,25.64525245517621,0.05290021228886075,0.7599183961258291
1189,distance,0,-122.3130552139358,25.950000762939453,1575427833.99851,138.9749755859375,37.55825581012485,8.0,2019-12-03T18:50:33.998510-08:00,10.0,-1.5629920959472656,1575427834.1150541,10.623014023568896,POINT (-122.3130552139358 37.55825581012485),ios,25.698151519737266,0.8128021211562443,-0.1106007872385442
1190,distance,0,-122.31286429680816,25.829999923706055,1575427834.9984894,138.95974731445312,37.55808115796033,8.0,2019-12-03T18:50:34.998489-08:00,10.0,-1.7576637268066406,1575427835.122151,10.623291795651118,POINT (-122.31286429680816 37.55808115796033),ios,26.510936975200604,0.7022036016759986,-0.8307569026848702
1191,distance,0,-122.31266729982195,26.280000686645508,1575427835.9984672,138.95974731445312,37.55790101123021,8.0,2019-12-03T18:50:35.998467-08:00,10.0,-1.6636695861816406,1575427836.118112,10.62356956726975,POINT (-122.31266729982195 37.55790101123021),ios,27.213125006966802,-0.1285348806960022,3.5053090397816424
1192,distance,0,-122.31246508519408,26.489999771118164,1575427836.9984453,138.95974731445312,37.557716093152536,8.0,2019-12-03T18:50:36.998445-08:00,10.0,-2.1590919494628906,1575427837.122371,10.623847338954608,POINT (-122.31246508519408 37.557716093152536),ios,27.084592945620333,3.376697271851987,-5.618487336612044
1193,distance,0,-122.31226382582491,26.799999237060547,1575427837.9984236,138.95974731445312,37.557532048624964,8.0,2019-12-03T18:50:37.998424-08:00,10.0,-2.0748023986816406,1575427838.118191,10.624125110705693,POINT (-122.31226382582491 37.557532048624964),ios,30.46121695634205,-2.2416681655492154,0.27242345241215765
1194,distance,0,-122.31206371772527,26.760000228881836,1575427838.9984004,145.6992950439453,37.55730871662783,8.0,2019-12-03T18:50:38.998400-08:00,10.0,-2.0433692932128906,1575427839.11405,10.624402882059416,POINT (-122.31206371772527 37.55730871662783),ios,28.219600632960702,-1.9692510133658643,2.261117431721873
1195,distance,0,-122.31188382803964,27.079999923706055,1575427839.998379,145.6992950439453,37.55709879430842,12.0,2019-12-03T18:50:39.998379-08:00,10.0,-1.4859962463378906,1575427840.1196609,10.624680653876728,POINT (-122.31188382803964 37.55709879430842),ios,26.250391875137403,0.29181790003953556,3.4947031031185207
1196,distance,0,-122.31171649168643,27.68000030517578,1575427840.9983563,145.6992950439453,37.556903521103855,12.0,2019-12-03T18:50:40.998356-08:00,10.0,-1.2706642150878906,1575427841.1152759,10.624958425362905,POINT (-122.31171649168643 37.556903521103855),ios,26.542203165570076,3.7864418489539746,-3.222688499642548
1197,distance,0,-122.31154736102114,27.350000381469727,1575427841.9983335,145.7327117919922,37.55670604199614,12.0,2019-12-03T18:50:41.998333-08:00,10.0,-1.6846961975097656,1575427842.1182451,10.625236196782854,POINT (-122.31154736102114 37.55670604199614),ios,30.328558349747844,0.563827110797472,-3.855526557295584
1198,distance,0,-122.31135419413299,27.06999969482422,1575427842.9983099,145.7327117919922,37.55648034326194,12.0,2019-12-03T18:50:42.998310-08:00,10.0,-1.5662269592285156,1575427843.1234941,10.625513968004121,POINT (-122.31135419413299 37.55648034326194),ios,30.892372152286313,-3.291608442810928,4.196038756683658
1199,distance,0,-122.31117286063922,27.1299991607666,1575427843.9982877,152.95616149902344,37.556242611000336,12.0,2019-12-03T18:50:43.998288-08:00,10.0,-1.7157325744628906,1575427844.117665,10.625791739622752,POINT (-122.31117286063922 37.556242611000336),ios,27.60083669407192,0.904337275408095,-1.5305149337863186
1200,distance,0,-122.3110309706472,27.209999084472656,1575427844.9982648,152.9545440673828,37.556021346926045,12.0,2019-12-03T18:50:44.998265-08:00,10.0,-1.0426673889160156,1575427845.1243892,10.6260695110427,POINT (-122.3110309706472 37.556021346926045),ios,28.505153270842424,-0.6261426276714261,-0.7783008205225656
1201,distance,0,-122.31088443191798,28.3799991607666,1575427845.9982414,152.9545440673828,37.55579283358406,12.0,2019-12-03T18:50:45.998241-08:00,10.0,-0.8154335021972656,1575427846.135013,10.626347282330196,POINT (-122.31088443191798 37.55579283358406),ios,27.879025273006487,-1.404425263179169,10.85500754338279
1202,distance,0,-122.31074153288874,28.40999984741211,1575427846.998218,153.20069885253906,37.555569170488376,12.0,2019-12-03T18:50:46.998218-08:00,10.0,-0.9957313537597656,1575427847.193645,10.626625053617689,POINT (-122.31074153288874 37.555569170488376),ios,26.474632824252737,9.450328652727107,-17.521554566183855
1203,distance,0,-122.31061517047776,28.200000762939453,1575427847.9981954,156.63095092773438,37.55535318405458,12.0,2019-12-03T18:50:47.998195-08:00,10.0,0.7177696228027344,1575427848.134303,10.626902825103866,POINT (-122.31061517047776 37.55535318405458),ios,35.92474742925655,-8.070829054363132,7.34381484631504
1204,distance,0,-122.31045703410784,28.780000686645508,1575427848.9981723,157.54354858398438,37.555055427799275,12.0,2019-12-03T18:50:48.998172-08:00,10.0,3.3698692321777344,1575427849.1056762,10.627180596457587,POINT (-122.31045703410784 37.555055427799275),ios,27.85410502574616,-0.7271840455324738,6.289434057049622
1205,distance,0,-122.31033766677665,28.709999084472656,1575427849.9981482,158.89364624023438,37.55482349841448,12.0,2019-12-03T18:50:49.998148-08:00,10.0,1.9216575622558594,1575427850.126677,10.6274583675464,POINT (-122.31033766677665 37.55482349841448),ios,27.126938491006563,5.562098560206093,-10.208389934655143
1206,distance,0,-122.31022726170617,28.469999313354492,1575427850.9981246,158.89364624023438,37.554595787858396,12.0,2019-12-03T18:50:50.998125-08:00,10.0,1.7286033630371094,1575427851.128463,10.627736138767666,POINT (-122.31022726170617 37.554595787858396),ios,32.688905766556736,-4.646050421336561,5.2886715401496955
1207,distance,0,-122.31009421990349,29.079999923706055,1575427851.9981003,158.89364624023438,37.55432138902197,12.0,2019-12-03T18:50:51.998100-08:00,10.0,1.3877525329589844,1575427852.1179929,10.628013909790251,POINT (-122.31009421990349 37.55432138902197),ios,28.042968331103644,0.6424925052226335,-1.7131295217613152
1208,distance,0,-122.30998150041206,28.200000762939453,1575427852.9980774,159.62989807128906,37.55408556136339,8.0,2019-12-03T18:50:52.998077-08:00,10.0,1.1777915954589844,1575427853.12457,10.6282916812102,POINT (-122.30998150041206 37.55408556136339),ios,28.68544613083986,-1.0705978061156676,2.327011125114805
1209,distance,0,-122.30986865267245,28.649999618530273,1575427853.9980536,159.62989807128906,37.55384360283902,8.0,2019-12-03T18:50:53.998054-08:00,10.0,0.5107994079589844,1575427854.120213,10.62856945236524,POINT (-122.30986865267245 37.55384360283902),ios,27.614873849764965,1.2563578387305374,-1.446065084702059
1210,distance,0,-122.3097357341296,28.549999237060547,1575427854.9980292,159.2578125,37.55361872728686,8.0,2019-12-03T18:50:54.998029-08:00,10.0,-0.014072418212890625,1575427855.135644,10.628847223387824,POINT (-122.3097357341296 37.55361872728686),ios,28.871201135512326,-0.18967207955567797,-0.9821248402379217
1211,distance,0,-122.30960388679271,29.139999389648438,1575427855.9980054,158.90625,37.55338105842243,8.0,2019-12-03T18:50:55.998005-08:00,10.0,-0.9774513244628906,1575427856.241308,10.629124994542863,POINT (-122.30960388679271 37.55338105842243),ios,28.68153357809142,-1.1717735041127086,2.1886488008226386
1212,distance,0,-122.3095031363166,28.649999618530273,1575427856.9979823,159.9609375,37.55313580393563,8.0,2019-12-03T18:50:56.997982-08:00,10.0,0.23968124389648438,1575427857.107548,10.629402765896586,POINT (-122.3095031363166 37.55313580393563),ios,27.509787173118376,1.0168246806998174,9.628945584681164
1213,distance,0,-122.3093850353009,29.049999237060547,1575427857.997958,160.3125,37.552906810340986,8.0,2019-12-03T18:50:57.997958-08:00,10.0,-0.4706153869628906,1575427858.182524,10.62968053691917,POINT (-122.3093850353009 37.552906810340986),ios,28.526587125968845,10.645536101989478,-8.36018549591633
1214,distance,0,-122.30930978637251,28.899999618530273,1575427858.9979348,159.18609619140625,37.55265730331877,8.0,2019-12-03T18:50:58.997935-08:00,10.0,-1.0010719299316406,1575427859.12156,10.629958308272892,POINT (-122.30930978637251 37.55265730331877),ios,39.171877032879976,2.2855439487572027,-10.75106801113503
1215,distance,0,-122.30915247244921,31.579999923706055,1575427859.99791,159.18609619140625,37.5523278471862,8.0,2019-12-03T18:50:59.997910-08:00,10.0,-0.054233551025390625,1575427860.108786,10.630236079163021,POINT (-122.30915247244921 37.5523278471862),ios,41.45736431035854,-8.465257483924487,12.962628823720179
1216,distance,0,-122.30898036889572,34.709999084472656,1575427860.9978862,157.68324279785156,37.551980885365644,8.0,2019-12-03T18:51:00.997886-08:00,10.0,-0.09418106079101562,1575427861.1167722,10.630513850318062,POINT (-122.30898036889572 37.551980885365644),ios,32.99230865390016,4.497062286641133,-7.718495658324826
1217,distance,0,-122.30883928312413,34.290000915527344,1575427861.9978619,157.8148956298828,37.55170607703128,8.0,2019-12-03T18:51:01.997862-08:00,30.0,-0.2588844299316406,1575427862.10148,10.630791621340645,POINT (-122.30883928312413 37.55170607703128),ios,37.48926157785484,-3.221245667941391,-3.505800476878431
1218,distance,0,-122.3086793023409,34.529998779296875,1575427862.9978383,157.81826782226562,37.55139370331859,12.0,2019-12-03T18:51:02.997838-08:00,30.0,2.0861778259277344,1575427863.107452,10.631069392561912,POINT (-122.3086793023409 37.55139370331859),ios,34.26809194239014,-6.72696339587096,14.57966983358391
1219,distance,0,-122.30852924029027,34.459999084472656,1575427863.9978137,152.44960021972656,37.55110942089805,12.0,2019-12-03T18:51:03.997814-08:00,30.0,2.4952659606933594,1575427864.095443,10.631347163518269,POINT (-122.30852924029027 37.55110942089805),ios,27.5412937413238,7.852348403103905,-24.51541336125813
1220,distance,0,-122.30838522465471,32.34000015258789,1575427864.9977894,152.44960021972656,37.55088962930314,12.0,2019-12-03T18:51:04.997789-08:00,30.0,0.23171615600585938,1575427865.106941,10.631624934540854,POINT (-122.30838522465471 37.55088962930314),ios,35.39345118556132,-16.662468775292215,28.17088544811607
1221,distance,0,-122.30820014967837,33.68000030517578,1575427865.9977646,152.44960021972656,37.550607174387316,12.0,2019-12-03T18:51:05.997765-08:00,30.0,2.3451499938964844,1575427866.123948,10.631902705430985,POINT (-122.30820014967837 37.550607174387316),ios,18.731395565050594,11.507718160725876,-10.924160581859468
1222,distance,0,-122.30810220438853,31.600000381469727,1575427866.9977407,152.45068359375,37.55045768869919,12.0,2019-12-03T18:51:06.997741-08:00,30.0,3.4426231384277344,1575427867.111836,10.632180476586024,POINT (-122.30810220438853 37.55045768869919),ios,30.23883936039521,0.5838180311507868,2.550020852450033
1223,distance,0,-122.30794408914856,31.6200008392334,1575427867.997716,152.45068359375,37.55021636772967,12.0,2019-12-03T18:51:07.997716-08:00,30.0,2.6777305603027344,1575427868.117651,10.632458247476153,POINT (-122.30794408914856 37.55021636772967),ios,30.822642915467192,3.1337756544765947,2.3354681941240263
1224,distance,0,-122.30778292122854,31.68000030517578,1575427868.997692,152.45068359375,37.54997038765386,12.0,2019-12-03T18:51:08.997692-08:00,30.0,3.0357322692871094,1575427869.104537,10.632736018631194,POINT (-122.30778292122854 37.54997038765386),ios,33.95634385490991,5.469188166699783,-21.56987559884454
1225,distance,0,-122.30758365116695,31.739999771118164,1575427869.9976678,146.08412170410156,37.549709062485555,12.0,2019-12-03T18:51:09.997668-08:00,30.0,2.3680381774902344,1575427870.1096768,10.633013789653779,POINT (-122.30758365116695 37.549709062485555),ios,39.425399018090395,-16.100162880917406,15.01193637050645
1226,distance,0,-122.3073348490294,32.2400016784668,1575427870.997644,146.08412170410156,37.54941444865289,12.0,2019-12-03T18:51:10.997644-08:00,10.0,3.0323753356933594,1575427871.113258,10.633291560808818,POINT (-122.3073348490294 37.54941444865289),ios,23.325619994968726,-1.0885844228648573,6.538725329264446
1227,distance,0,-122.3071876481621,30.100000381469727,1575427871.9976192,146.08412170410156,37.54924014383335,12.0,2019-12-03T18:51:11.997619-08:00,10.0,6.275142669677734,1575427872.1063042,10.633569331698947,POINT (-122.3071876481621 37.54924014383335),ios,22.237062564134007,5.449978775224966,-7.70911309289814
1228,distance,0,-122.30704731694765,29.809999465942383,1575427872.9975944,146.08412170410156,37.54907397356916,12.0,2019-12-03T18:51:12.997594-08:00,10.0,6.303279876708984,1575427873.12285,10.633847102589078,POINT (-122.30704731694765 37.54907397356916),ios,27.686906204234617,-2.258943166111041,5.393807731789047
1229,distance,0,-122.3068725935933,28.809999465942383,1575427873.9975696,146.08412170410156,37.54886707857384,12.0,2019-12-03T18:51:13.997570-08:00,10.0,6.706447601318359,1575427874.115127,10.634124873479207,POINT (-122.3068725935933 37.54886707857384),ios,25.42801904982165,3.1347308233445688,-3.1019626935428137
1230,distance,0,-122.3067121253443,28.6299991607666,1575427874.9975457,146.08412170410156,37.54867706346255,12.0,2019-12-03T18:51:14.997546-08:00,10.0,7.795925140380859,1575427875.1173081,10.634402644634246,POINT (-122.3067121253443 37.54867706346255),ios,28.562675135359342,0.032842086355536884,0.2922344825268618
1231,distance,0,-122.30653187558731,28.709999084472656,1575427875.997521,146.08412170410156,37.54846362449345,12.0,2019-12-03T18:51:15.997521-08:00,10.0,11.68203353881836,1575427876.143146,10.634680415524377,POINT (-122.30653187558731 37.54846362449345),ios,28.59551640737787,0.32506932277286943,-1.867156522851102
1232,distance,0,-122.30635141873977,28.290000915527344,1575427876.9974961,146.08412170410156,37.54824994030242,12.0,2019-12-03T18:51:16.997496-08:00,10.0,11.468746185302734,1575427877.1015859,10.634958186414506,POINT (-122.30635141873977 37.54824994030242),ios,28.92057766988387,-1.5420409029384983,0.04167183210685579
1233,distance,0,-122.30616864894385,28.34000015258789,1575427877.9974723,145.96713256835938,37.54803396603629,12.0,2019-12-03T18:51:17.997472-08:00,10.0,11.56869125366211,1575427878.097336,10.635235957569547,POINT (-122.30616864894385 37.54803396603629),ios,27.37857353206547,-1.5003700643655424,4.403537385427437
1234,distance,0,-122.30599534627261,27.950000762939453,1575427878.9974482,145.96713256835938,37.54782965554604,12.0,2019-12-03T18:51:18.997448-08:00,10.0,10.94143295288086,1575427879.105622,10.635513728658358,POINT (-122.30599534627261 37.54782965554604),ios,25.878239597025914,2.9030612826641224,-7.789151312532422
1235,distance,0,-122.30583154064844,27.950000762939453,1575427879.9974241,145.96713256835938,37.54763654134222,12.0,2019-12-03T18:51:19.997424-08:00,10.0,12.908931732177734,1575427880.0952802,10.635791499747171,POINT (-122.30583154064844 37.54763654134222),ios,28.781230973171684,-4.8859024649510765,7.863623065821643
1236,distance,0,-122.30564935973847,28.079999923706055,1575427880.9973996,145.96713256835938,37.54742176409289,12.0,2019-12-03T18:51:20.997400-08:00,10.0,13.12911605834961,1575427881.106853,10.636069270703528,POINT (-122.30564935973847 37.54742176409289),ios,23.89544849188271,2.9775274929852578,-5.9938035622033805
1237,distance,0,-122.30549810537313,26.5,1575427881.997374,145.96713256835938,37.54724344685572,12.0,2019-12-03T18:51:21.997374-08:00,10.0,12.198909759521484,1575427882.1118522,10.636347041394975,POINT (-122.30549810537313 37.54724344685572),ios,26.87290002579544,-3.01612316256635,3.0252871889827024
1238,distance,0,-122.3053280041073,27.030000686645508,1575427882.99735,145.96713256835938,37.5470429105757,12.0,2019-12-03T18:51:22.997350-08:00,30.0,12.34182357788086,1575427883.1201348,10.636624812483788,POINT (-122.3053280041073 37.5470429105757),ios,23.85684949230877,0.009091176664382247,0.1602216097441622
1239,distance,0,-122.30517699416238,25.59000015258789,1575427883.9973254,145.96713256835938,37.54686488149133,12.0,2019-12-03T18:51:23.997325-08:00,30.0,11.973812103271484,1575427884.1090698,10.636902583440145,POINT (-122.30517699416238 37.54686488149133),ios,23.865940445720092,0.16930885182826516,-1.2712243859428023
1240,distance,0,-122.30502592671355,25.110000610351562,1575427884.9973013,145.96713256835938,37.54668678461431,12.0,2019-12-03T18:51:24.997301-08:00,30.0,11.969661712646484,1575427885.097729,10.637180354528956,POINT (-122.30502592671355 37.54668678461431),ios,24.035245220544393,-1.101884922679844,4.213248726307479
1241,distance,0,-122.30487378785226,25.40999984741211,1575427885.9972763,145.96713256835938,37.546507424624565,12.0,2019-12-03T18:51:25.997276-08:00,30.0,12.35946273803711,1575427886.1065168,10.63745812535286,POINT (-122.30487378785226 37.546507424624565),ios,22.933387882397497,3.111258329366289,-2.9684923966772367
1242,distance,0,-122.30472862362517,23.459999084472656,1575427886.9972515,145.96713256835938,37.546336287190904,12.0,2019-12-03T18:51:26.997252-08:00,30.0,9.626155853271484,1575427887.101687,10.63773589624299,POINT (-122.30472862362517 37.546336287190904),ios,26.044569066457615,0.14283953803793847,-2.0473315636466642
1243,distance,0,-122.30456376626641,23.559999465942383,1575427887.997227,145.96713256835938,37.54614193307309,12.0,2019-12-03T18:51:27.997227-08:00,10.0,8.396907806396484,1575427888.101688,10.638013667199347,POINT (-122.30456376626641 37.54614193307309),ios,26.187405096768785,-1.9044417490548433,-7.54414372953717
1244,distance,0,-122.30439800499572,24.940000534057617,1575427888.997202,145.96713256835938,37.54594651331277,12.0,2019-12-03T18:51:28.997202-08:00,30.0,6.700191497802734,1575427889.1081262,10.638291438023249,POINT (-122.30439800499572 37.54594651331277),ios,24.283011023415,-9.448396618869017,28.01449787087057
1245,distance,0,-122.30424429796675,24.170000076293945,1575427889.997179,145.96713256835938,37.545765304574225,12.0,2019-12-03T18:51:29.997179-08:00,10.0,6.582424163818359,1575427890.0963511,10.6385692094432,POINT (-122.30424429796675 37.545765304574225),ios,14.834830661182462,18.565460051031,-30.83339100908849
1246,distance,0,-122.30415039652142,24.049999237060547,1575427890.9971533,145.96713256835938,37.545654602008646,12.0,2019-12-03T18:51:30.997153-08:00,10.0,6.152187347412109,1575427891.116813,10.638846980068418,POINT (-122.30415039652142 37.545654602008646),ios,33.39981266634804,-12.267137022703977,11.948663924773845
1247,distance,0,-122.30393990057489,24.06999969482422,1575427891.9971282,146.13455200195312,37.545404873240315,12.0,2019-12-03T18:51:31.997128-08:00,30.0,5.739192962646484,1575427892.116715,10.639124750892321,POINT (-122.30393990057489 37.545404873240315),ios,21.132982738548815,-0.31877222019501844,9.160047789315083
1248,distance,0,-122.30380671403238,23.84000015258789,1575427892.9971037,146.1327362060547,37.545246863018406,12.0,2019-12-03T18:51:32.997104-08:00,30.0,5.472469329833984,1575427893.106135,10.639402521848679,POINT (-122.30380671403238 37.545246863018406),ios,20.814218346479436,8.841050624785487,-11.766752424221814
1249,distance,0,-122.30367553646353,22.90999984741211,1575427893.9970796,146.1327362060547,37.54509123620828,12.0,2019-12-03T18:51:33.997080-08:00,30.0,5.385311126708984,1575427894.211925,10.639680292937491,POINT (-122.30367553646353 37.54509123620828),ios,29.655056076321422,-2.925418452784571,-4.018296839847364
1250,distance,0,-122.30348864146701,24.18000030517578,1575427894.997055,146.1327362060547,37.54486950720086,12.0,2019-12-03T18:51:34.997055-08:00,30.0,5.196743011474609,1575427895.124464,10.639958063893848,POINT (-122.30348864146701 37.54486950720086),ios,26.729709463370263,-6.94361661485977,14.134402789794168
1251,distance,0,-122.30332018298309,24.709999084472656,1575427895.9970307,146.1327362060547,37.54466965095471,12.0,2019-12-03T18:51:35.997031-08:00,30.0,5.496822357177734,1575427896.125164,10.640235834916433,POINT (-122.30332018298309 37.54466965095471),ios,19.786261708205622,7.19044244470298,-14.985453834593063
1252,distance,0,-122.30319537521642,23.389999389648438,1575427896.997006,146.04347229003906,37.544521768416686,12.0,2019-12-03T18:51:36.997006-08:00,30.0,4.622524261474609,1575427897.186532,10.640513605806563,POINT (-122.30319537521642 37.544521768416686),ios,26.97652586206124,-7.794639817586598,8.421384221471525
1253,distance,0,-122.30302496603944,23.56999969482422,1575427897.9969811,146.04347229003906,37.54432027706078,16.0,2019-12-03T18:51:37.996981-08:00,30.0,3.5877952575683594,1575427898.158204,10.640791376696692,POINT (-122.30302496603944 37.54432027706078),ios,19.182079316717434,0.6265355911810732,3.2066776688834158
1254,distance,0,-122.30290379408193,23.260000228881836,1575427898.9969559,146.04347229003906,37.5441770036617,16.0,2019-12-03T18:51:38.996956-08:00,30.0,3.1398277282714844,1575427899.12026,10.641069147454369,POINT (-122.30290379408193 37.5441770036617),ios,19.808599073859614,3.833132219721943,-8.251240530041608
1255,distance,0,-122.30277866445566,22.6299991607666,1575427899.996931,146.04347229003906,37.544029050725676,16.0,2019-12-03T18:51:39.996931-08:00,30.0,3.1014671325683594,1575427900.164392,10.641346918344498,POINT (-122.30277866445566 37.544029050725676),ios,23.641636249028075,-4.417903716419193,7.257484528489881
1256,distance,0,-122.30262932174237,22.690000534057617,1575427900.9969072,146.04347229003906,37.543852468300194,16.0,2019-12-03T18:51:40.996907-08:00,30.0,3.8891868591308594,1575427901.108498,10.641624689499537,POINT (-122.30262932174237 37.543852468300194),ios,19.22383786364155,2.8394077801557747,1.771463139256346
1257,distance,0,-122.30250762210197,22.75,1575427901.9968824,145.8109130859375,37.54370902384056,16.0,2019-12-03T18:51:41.996882-08:00,30.0,3.3976402282714844,1575427902.116144,10.641902460389668,POINT (-122.30250762210197 37.54370902384056),ios,22.063175239170207,4.610826995040763,-10.87405495352715
1258,distance,0,-122.30236740962913,22.420000076293945,1575427902.9968576,145.8109130859375,37.543544680692285,16.0,2019-12-03T18:51:42.996858-08:00,30.0,4.092006683349609,1575427903.122013,10.642180231279797,POINT (-122.30236740962913 37.543544680692285),ios,26.673887906301623,-6.262958330506353,5.667811493644913
1259,distance,0,-122.3021978959183,23.190000534057617,1575427903.9968333,145.8109130859375,37.54334599354015,12.0,2019-12-03T18:51:43.996833-08:00,30.0,3.9216880798339844,1575427904.111462,10.642458002302382,POINT (-122.3021978959183 37.54334599354015),ios,20.411081882769135,-0.5952846706408591,1.4199839385388382
1260,distance,0,-122.30206829844273,22.030000686645508,1575427904.9968085,146.02796936035156,37.54319389465204,12.0,2019-12-03T18:51:44.996809-08:00,25.295430345993353,4.458217620849609,1575427905.1158,10.642735773192511,POINT (-122.30206829844273 37.54319389465204),ios,19.81581197252851,0.8246640586404699,1.8937307333329516
1261,distance,0,-122.30194307332282,21.690000534057617,1575427905.9967837,146.02796936035156,37.54304591527545,12.0,2019-12-03T18:51:45.996784-08:00,25.008793530391188,4.180995941162109,1575427906.119753,10.643013544082642,POINT (-122.30194307332282 37.54304591527545),ios,20.64045558318474,2.718347835911995,-7.632534393021558
1262,distance,0,-122.30181263704945,20.93000030517578,1575427906.9967585,146.02796936035156,37.54289177784337,12.0,2019-12-03T18:51:46.996758-08:00,24.143710653585973,4.608272552490234,1575427907.160046,10.643291314840317,POINT (-122.30181263704945 37.54289177784337),ios,23.358734720006108,-4.9139936648810405,6.130797615635432
1263,distance,0,-122.30166502274948,21.690000534057617,1575427907.996734,146.02796936035156,37.5427173410203,12.0,2019-12-03T18:51:47.996734-08:00,23.448983239183736,3.9660301208496094,1575427908.152314,10.643569085796674,POINT (-122.30166502274948 37.5427173410203),ios,18.44486172862596,1.2166533960605947,-1.3697254043512985
1264,distance,0,-122.30154846143255,21.469999313354492,1575427908.9967098,146.02796936035156,37.54257959971866,12.0,2019-12-03T18:51:48.996710-08:00,30.0,3.7585105895996094,1575427909.1259189,10.643846856885487,POINT (-122.30154846143255 37.54257959971866),ios,19.661485827336385,-0.1530390249242525,3.8459052284992326
1265,distance,0,-122.30142421188718,20.90999984741211,1575427909.996685,146.02796936035156,37.54243277318517,12.0,2019-12-03T18:51:49.996685-08:00,27.792237225542166,3.5918846130371094,1575427910.1081672,10.644124627775616,POINT (-122.30142421188718 37.54243277318517),ios,19.508450597096207,3.6927708423079464,-8.999888597008873
1266,distance,0,-122.3013009293666,20.170000076293945,1575427910.9966614,146.02796936035156,37.54228708939147,12.0,2019-12-03T18:51:50.996661-08:00,25.102656888089058,3.4091148376464844,1575427911.101492,10.644402398996883,POINT (-122.3013009293666 37.54228708939147),ios,23.201134277311613,-5.30690532637644,9.063589866136628
1267,distance,0,-122.30115431148805,20.649999618530273,1575427911.9966362,146.02796936035156,37.54211383004638,12.0,2019-12-03T18:51:51.996636-08:00,30.0,3.8601036071777344,1575427912.085849,10.644680169754558,POINT (-122.30115431148805 37.54211383004638),ios,17.89436306900687,3.7564554813691378,-5.626050001689905
1268,distance,0,-122.30104122930116,20.440000534057617,1575427912.996612,146.02796936035156,37.541980200056386,12.0,2019-12-03T18:51:52.996612-08:00,17.56756101406055,3.8009300231933594,1575427913.098522,10.644957940843371,POINT (-122.30104122930116 37.541980200056386),ios,21.6507280938894,-1.8694590434811846,0.608706422614034
1269,distance,0,-122.30090440914263,19.719999313354492,1575427913.9965878,146.02796936035156,37.54181851874375,12.0,2019-12-03T18:51:53.996588-08:00,10.0,4.087947845458984,1575427914.103094,10.645235711865954,POINT (-122.30090440914263 37.54181851874375),ios,19.781314513212635,-1.2607674238130284,2.692390852448592
1270,distance,0,-122.3007794027735,19.940000534057617,1575427914.9965627,146.02796936035156,37.541670797866445,12.0,2019-12-03T18:51:54.996563-08:00,10.0,4.740077972412109,1575427915.096613,10.645513482689857,POINT (-122.3007794027735 37.541670797866445),ios,18.520578651389272,1.4315560274554135,-4.1003392258006
1271,distance,0,-122.30066236353348,19.90999984741211,1575427915.9965382,146.02796936035156,37.541532491799884,12.0,2019-12-03T18:51:55.996538-08:00,10.0,5.339199066162109,1575427916.101223,10.645791253646214,POINT (-122.30066236353348 37.541532491799884),ios,19.952099523960626,-2.668682505848825,1.6573475468196055
1272,distance,0,-122.30053627814338,19.690000534057617,1575427916.9965124,146.02796936035156,37.541383495836165,8.0,2019-12-03T18:51:56.996512-08:00,10.0,5.423244476318359,1575427917.106378,10.646069024271435,POINT (-122.30053627814338 37.541383495836165),ios,17.283485734568842,-1.0113776344135161,2.5810713229530804
1273,distance,0,-122.30042705660644,19.18000030517578,1575427917.996489,146.02796936035156,37.54125442800251,8.0,2019-12-03T18:51:57.996489-08:00,10.0,5.739070892333984,1575427918.165854,10.64634679555893,POINT (-122.30042705660644 37.54125442800251),ios,16.272131731014742,1.5696333817545414,-0.8996070905413133
1274,distance,0,-122.30032422653504,18.34000015258789,1575427918.9964633,146.0260772705078,37.54113291300717,8.0,2019-12-03T18:51:58.996463-08:00,10.0,6.089473724365234,1575427919.125984,10.64662456618415,POINT (-122.30032422653504 37.54113291300717),ios,17.84172469595514,0.67004945538201,-4.552285369148984
1275,distance,0,-122.30021147747998,17.860000610351562,1575427919.996439,146.0260772705078,37.54099967668138,8.0,2019-12-03T18:51:59.996439-08:00,10.0,6.744106292724609,1575427920.122635,10.646902337206734,POINT (-122.30021147747998 37.54099967668138),ios,18.511757856608764,-3.8821252081272175,6.723038534333904
1276,distance,0,-122.30009449428125,18.1200008392334,1575427920.9964147,146.0260772705078,37.54086143683916,8.0,2019-12-03T18:52:00.996415-08:00,10.0,10.33974838256836,1575427921.099773,10.64718010822932,POINT (-122.30009449428125 37.54086143683916),ios,14.6297270567007,2.840749830682637,-1.3295149686200736
1277,distance,0,-122.30000195465037,17.969999313354492,1575427921.9963899,144.65721130371094,37.540752234047496,8.0,2019-12-03T18:52:01.996390-08:00,10.0,11.227169036865234,1575427922.119245,10.647457879119449,POINT (-122.30000195465037 37.540752234047496),ios,17.470406449479363,1.5112678280938137,-2.9726375652668766
1278,distance,0,-122.29988765911425,17.280000686645508,1575427922.996365,144.65721130371094,37.54062389608207,8.0,2019-12-03T18:52:02.996365-08:00,10.0,12.058956146240234,1575427923.163024,10.64773565000958,POINT (-122.29988765911425 37.54062389608207),ios,18.981636804883042,-1.4612960290425154,-0.3205641586653553
1279,distance,0,-122.29976341940436,17.3799991607666,1575427923.9963405,144.6007843017578,37.54048448878387,8.0,2019-12-03T18:52:03.996341-08:00,10.0,12.91268539428711,1575427924.199582,10.648013420965937,POINT (-122.29976341940436 37.54048448878387),ios,17.520376661053184,-1.781852315577395,1.2996572594414453
1280,distance,0,-122.29964863749846,17.139999389648438,1575427924.9963157,144.6007843017578,37.54035587334319,8.0,2019-12-03T18:52:04.996316-08:00,10.0,12.752437591552734,1575427925.272603,10.648291191856066,POINT (-122.29964863749846 37.54035587334319),ios,15.738568527452303,-0.48222728182940977,-0.2035829050577084
1281,distance,0,-122.29954552885128,16.709999084472656,1575427925.9962912,144.6007843017578,37.54024033802436,8.0,2019-12-03T18:52:05.996291-08:00,10.0,13.393795013427734,1575427926.1075559,10.648568962812424,POINT (-122.29954552885128 37.54024033802436),ios,15.256353087733057,-0.685805187478582,2.4187467032142806
1282,distance,0,-122.2994455794341,15.579999923706055,1575427926.9962664,144.6007843017578,37.54012834268644,8.0,2019-12-03T18:52:06.996266-08:00,10.0,13.24544906616211,1575427927.111238,10.648846733702554,POINT (-122.2994455794341 37.54012834268644),ios,14.570564905159102,1.732881541623871,-1.352217622240758
1283,distance,0,-122.29935012293451,15.40999984741211,1575427927.996241,144.6007843017578,37.54002138175329,8.0,2019-12-03T18:52:07.996241-08:00,10.0,14.758724212646484,1575427928.123609,10.649124504460229,POINT (-122.29935012293451 37.54002138175329),ios,16.303402652760553,0.38069809312635094,-2.716653096540286
1284,distance,0,-122.29924331400473,15.600000381469727,1575427928.9962168,144.6007843017578,37.53990170019316,8.0,2019-12-03T18:52:08.996217-08:00,10.0,14.856929779052734,1575427929.119364,10.649402275482814,POINT (-122.29924331400473 37.53990170019316),ios,16.684091487806064,-2.3358889379556738,2.183557356132803
1285,distance,0,-122.2991323631987,15.850000381469727,1575427929.9961925,143.92440795898438,37.53978015931071,8.0,2019-12-03T18:52:09.996192-08:00,10.0,15.497493743896484,1575427930.1599379,10.649680046505399,POINT (-122.2991323631987 37.53978015931071),ios,14.348259355621186,-0.15238468308837888,-2.0576073360617797
1286,distance,0,-122.29903680382749,15.25,1575427930.9961672,143.92440795898438,37.53967571645508,8.0,2019-12-03T18:52:10.996167-08:00,10.0,15.877681732177734,1575427931.137861,10.649957817263074,POINT (-122.29903680382749 37.53967571645508),ios,14.195878523654807,-2.209940018537513,3.2668988035251836
1287,distance,0,-122.29894225929003,15.329999923706055,1575427931.9961426,143.92440795898438,37.53957238277519,8.0,2019-12-03T18:52:11.996143-08:00,10.0,15.167659759521484,1575427932.1014528,10.65023558821943,POINT (-122.29894225929003 37.53957238277519),ios,11.985992774865483,1.0568785593824779,-2.928500551704877
1288,distance,0,-122.29886243258669,14.6899995803833,1575427932.9961185,143.92440795898438,37.53948513514318,8.0,2019-12-03T18:52:12.996119-08:00,10.0,16.234432220458984,1575427933.137758,10.650513359308242,POINT (-122.29886243258669 37.53948513514318),ios,13.042845884320036,-1.871551473219415,-2.61306527891947
1289,distance,0,-122.29877556738252,12.390000343322754,1575427933.9960933,143.92440795898438,37.53939019469033,8.0,2019-12-03T18:52:13.996093-08:00,10.0,16.644710540771484,1575427934.111185,10.650791130065919,POINT (-122.29877556738252 37.53939019469033),ios,11.171341709640775,-4.48455071378793,10.587307852235712
1290,distance,0,-122.29870116633408,11.579999923706055,1575427934.996069,143.92440795898438,37.53930887709833,8.0,2019-12-03T18:52:14.996069-08:00,10.0,16.67715072631836,1575427935.106092,10.651068901088502,POINT (-122.29870116633408 37.53930887709833),ios,6.686900054274172,6.10249966893653,-11.357920580395527
1291,distance,0,-122.29865663168788,10.119999885559082,1575427935.9960437,143.92440795898438,37.53926020237845,8.0,2019-12-03T18:52:15.996044-08:00,10.0,18.275569915771484,1575427936.107667,10.651346671846177,POINT (-122.29865663168788 37.53926020237845),ios,12.789245498584899,-5.255133869894646,5.307083506605189
1292,distance,0,-122.29857145546639,10.510000228881836,1575427936.9960194,143.92440795898438,37.53916710792114,8.0,2019-12-03T18:52:16.996019-08:00,10.0,18.165157318115234,1575427937.138517,10.651624442868762,POINT (-122.29857145546639 37.53916710792114),ios,7.534239426688378,0.05182057536504376,-2.911568335370341
1293,distance,0,-122.29852127756332,8.369999885559082,1575427937.9959946,143.92440795898438,37.539112265330445,8.0,2019-12-03T18:52:17.995995-08:00,10.0,17.78853988647461,1575427938.121711,10.651902213758893,POINT (-122.29852127756332 37.539112265330445),ios,7.586058717134676,-2.859675566118808,16.9428673627993
1294,distance,0,-122.29847075454553,8.289999961853027,1575427938.99597,143.92440795898438,37.53905704554208,8.0,2019-12-03T18:52:18.995970-08:00,10.0,17.45510482788086,1575427939.151716,10.65217998471525,POINT (-122.29847075454553 37.53905704554208),ios,4.7264533763937395,14.082775728761153,-23.91305277738629
1295,distance,0,-122.2984392764556,8.670000076293945,1575427939.9959455,143.92440795898438,37.53902264115493,8.0,2019-12-03T18:52:19.995945-08:00,10.0,18.253719329833984,1575427940.144662,10.652457755671607,POINT (-122.2984392764556 37.53902264115493),ios,18.808883272830847,-9.829689813070427,2.771278185627275
1296,distance,0,-122.29831363172109,8.989999771118164,1575427940.9959211,143.79873657226562,37.53888594711885,8.0,2019-12-03T18:52:20.995921-08:00,10.0,19.22652816772461,1575427941.119539,10.652735526694192,POINT (-122.29831363172109 37.53888594711885),ios,8.979432504989601,-7.058479021312298,11.148182139718694
1297,distance,0,-122.29825364850312,9.210000038146973,1575427941.9958963,143.79873657226562,37.538820688927224,4.0,2019-12-03T18:52:21.995896-08:00,10.0,11.775630950927734,1575427942.11134,10.653013297584321,POINT (-122.29825364850312 37.538820688927224),ios,1.921128502421347,4.089426693296883,2.2659596872554366
1298,distance,0,-122.29822798197135,8.90999984741211,1575427943.9958467,143.79873657226562,37.53879276525952,4.0,2019-12-03T18:52:23.995847-08:00,10.0,11.28945541381836,1575427944.117418,10.653568839364581,POINT (-122.29822798197135 37.53879276525952),ios,10.099779089992388,8.621233696454857,-18.82314587450832
1299,distance,0,-122.29816051477668,9.130000114440918,1575427944.9958222,143.79873657226562,37.5387193649441,4.0,2019-12-03T18:52:24.995822-08:00,10.0,11.418636322021484,1575427945.1256561,10.653846610320938,POINT (-122.29816051477668 37.5387193649441),ios,18.72080107383158,-10.20144993592102,4.950821621038548
1300,distance,0,-122.29803545858424,10.59000015258789,1575427945.995798,143.79873657226562,37.53858331120698,4.0,2019-12-03T18:52:25.995798-08:00,10.0,11.34823226928711,1575427946.104202,10.654124381409751,POINT (-122.29803545858424 37.53858331120698),ios,8.51959679164561,-5.2507475320359545,6.942171878623313
1301,distance,0,-122.29809237000516,4.340000152587891,1575427946.9957733,143.79873657226562,37.538645227465196,4.0,2019-12-03T18:52:26.995773-08:00,10.0,11.049373626708984,1575427947.104948,10.65440215229988,POINT (-122.29809237000516 37.538645227465196),ios,3.2689794546893,1.6912522117408202,-5.415690305112521
1302,distance,0,-122.29807053302311,4.150000095367432,1575427947.9957485,143.79873657226562,37.53862147012093,4.0,2019-12-03T18:52:27.995749-08:00,10.0,11.04391098022461,1575427948.1113338,10.654679923190011,POINT (-122.29807053302311 37.53862147012093),ios,4.9601897309314005,-3.7243038084482114,4.043064864754314
1303,distance,0,-122.29803739867371,5.190000057220459,1575427948.9957232,143.79873657226562,37.53858542190952,4.0,2019-12-03T18:52:28.995723-08:00,10.0,11.15603256225586,1575427949.118082,10.654957693947686,POINT (-122.29803739867371 37.53858542190952),ios,1.2359800444647373,0.3186588784773936,-0.4998888705578152
1304,distance,0,-122.29802088582217,2.75,1575427950.995675,143.79873657226562,37.5385674569042,4.0,2019-12-03T18:52:30.995675-08:00,10.0,11.091670989990234,1575427951.109,10.65551323612531,POINT (-122.29802088582217 37.5385674569042),ios,1.8732824546317255,-0.6810947877138029,0.41697219922640383
1305,distance,0,-122.29799585854941,2.490000009536743,1575427952.9956255,143.79873657226562,37.53854022871244,4.0,2019-12-03T18:52:32.995625-08:00,10.0,10.84609603881836,1575427953.116057,10.65606877790557,POINT (-122.29799585854941 37.53854022871244),ios,0.5111266554196359,0.15282893264379774,-0.02408735367734539
1306,distance,0,-122.29798561548084,0.7699999809265137,1575427955.9955516,143.79873657226562,37.53852908485995,4.0,2019-12-03T18:52:35.995552-08:00,10.0,10.99654769897461,1575427956.0971742,10.656902090708416,POINT (-122.29798561548084 37.53852908485995),ios,0.9696021578013695,0.08056865190227937,-0.5714003552359566
1307,distance,0,-122.29797266148141,0.5400000214576721,1575427957.9955025,143.79873657226562,37.53851499167512,4.0,2019-12-03T18:52:37.995502-08:00,10.0,11.067440032958984,1575427958.105129,10.65745763262113,POINT (-122.29797266148141 37.53851499167512),ios,1.1307355045388459,-1.0622039946827102,1.0740490578475046
1308,distance,0,-122.29796510810719,0.4099999964237213,1575427958.9954772,143.79873657226562,37.53850677405097,4.0,2019-12-03T18:52:38.995477-08:00,10.0,11.271846771240234,1575427959.113076,10.657735403378805,POINT (-122.29796510810719 37.53850677405097),ios,0.06855835426785108,0.011817919400267241,0.02746216983466
1309,distance,0,-122.2979403775252,0.8700000047683716,1575428012.9941444,143.79873657226562,37.53847986864122,4.0,2019-12-03T18:53:32.994144-08:00,10.0,12.49300765991211,1575428013.1403542,10.672735033167733,POINT (-122.2979403775252 37.53847986864122),ios,0.70671025143371,1.4947384899943605,-0.5600139044102914
1310,distance,0,-122.29793093580155,2.0,1575428014.994094,143.79873657226562,37.538469596604585,4.0,2019-12-03T18:53:34.994094-08:00,10.0,12.086299896240234,1575428015.1502829,10.673290574683083,POINT (-122.29793093580155 37.538469596604585),ios,3.6961116802559255,0.37473898693028346,-0.09592484641562415
1311,distance,0,-122.29783232246994,3.359999895095825,1575428018.9939966,143.8612060546875,37.53836206531422,4.0,2019-12-03T18:53:38.993997-08:00,10.0,11.634578704833984,1575428019.126655,10.674401658773423,POINT (-122.29783232246994 37.53836206531422),ios,5.195031175324446,-0.008951067663855315,5.113928203224361
1312,distance,0,-122.29779767126352,4.519999980926514,1575428019.9939718,143.8612060546875,37.538324280474406,4.0,2019-12-03T18:53:39.993972-08:00,10.0,11.828426361083984,1575428020.113484,10.674679429663552,POINT (-122.29779767126352 37.538324280474406),ios,5.186080329607077,5.1048503329889385,-7.218591976856604
1313,distance,0,-122.29776307973292,4.559999942779541,1575428020.993948,143.8612060546875,37.5382865607071,4.0,2019-12-03T18:53:40.993948-08:00,10.0,11.93319320678711,1575428021.282418,10.674957200818591,POINT (-122.29776307973292 37.5382865607071),ios,10.290808953479724,-2.1135695392234406,-1.0843475288047255
1314,distance,0,-122.29769443944234,4.559999942779541,1575428021.9939222,143.8612060546875,37.53821171302777,4.0,2019-12-03T18:53:41.993922-08:00,10.0,11.59084701538086,1575428022.138582,10.675234971443812,POINT (-122.29769443944234 37.53821171302777),ios,8.177293836994892,-3.1978891469396826,6.47783664652951
1315,distance,0,-122.2976398964107,5.21999979019165,1575428022.993897,143.8612060546875,37.53815223747336,4.0,2019-12-03T18:53:42.993897-08:00,10.0,11.10708236694336,1575428023.161862,10.675512742201487,POINT (-122.2976398964107 37.53815223747336),ios,4.979485508290982,3.2797837893092816,-4.628912055260083
1316,distance,0,-122.29760668293265,5.260000228881836,1575428023.9938724,143.8612060546875,37.53811602038083,4.0,2019-12-03T18:53:43.993872-08:00,10.0,11.172054290771484,1575428024.125751,10.675790513157844,POINT (-122.29760668293265 37.53811602038083),ios,8.25918875557701,-1.3490145932313964,3.3702082645977183
1317,distance,0,-122.29755159362911,6.269999980926514,1575428024.993848,143.8612060546875,37.538055949153126,4.0,2019-12-03T18:53:44.993848-08:00,10.0,10.93496322631836,1575428025.161283,10.67606828418043,POINT (-122.29755159362911 37.538055949153126),ios,6.91020696862015,2.021111712299218,-3.805183489558009
1318,distance,0,-122.29750550214088,6.309999942779541,1575428025.9938235,143.8612060546875,37.53800568944563,4.0,2019-12-03T18:53:45.993824-08:00,10.0,10.96053695678711,1575428026.108789,10.676346055136786,POINT (-122.29750550214088 37.53800568944563),ios,8.931269048249355,-1.7839783329353878,2.756004360438313
1319,distance,0,-122.29744593007949,6.309999942779541,1575428026.9937987,143.8612060546875,37.53794073006813,4.0,2019-12-03T18:53:46.993799-08:00,10.0,10.99477767944336,1575428027.107949,10.676623826026917,POINT (-122.29744593007949 37.53794073006813),ios,7.147334950006213,0.9719576909079892,1.15750930354885
1320,distance,0,-122.29739825697068,7.050000190734863,1575428027.993774,143.8612060546875,37.53788874570839,4.0,2019-12-03T18:53:47.993774-08:00,10.0,10.986629486083984,1575428028.121305,10.676901596917046,POINT (-122.29739825697068 37.53788874570839),ios,8.119268540705955,2.1294382933976004,0.0563908346333322
1321,distance,0,-122.29734410102647,7.519999980926514,1575428028.9937491,143.8612060546875,37.53782969224708,4.0,2019-12-03T18:53:48.993749-08:00,10.0,10.96535873413086,1575428029.1187,10.677179367807176,POINT (-122.29734410102647 37.53782969224708),ios,10.248654033547727,2.185827729790175,-0.5817147658047558
1322,distance,0,-122.29727574192604,8.720000267028809,1575428029.9937253,143.8612060546875,37.537755151187,4.0,2019-12-03T18:53:49.993725-08:00,10.0,11.212886810302734,1575428030.123086,10.677457138962216,POINT (-122.29727574192604 37.537755151187),ios,12.434429649143752,1.60412683314621,-5.649355626749645
1323,distance,0,-122.29719280372937,9.819999694824219,1575428030.9937,143.8612060546875,37.537664712590484,4.0,2019-12-03T18:53:50.993700-08:00,10.0,11.60683822631836,1575428031.11555,10.677734909719891,POINT (-122.29719280372937 37.537664712590484),ios,14.038515942204095,-4.04508602100125,6.120122143280774
1324,distance,0,-122.29709916624789,9.640000343322754,1575428031.9936748,143.8612060546875,37.53756260713427,4.0,2019-12-03T18:53:51.993675-08:00,10.0,10.68551254272461,1575428032.121643,10.678012680477567,POINT (-122.29709916624789 37.53756260713427),ios,9.99353215011096,2.074881452292039,-3.8575086650700383
1325,distance,0,-122.29703250890712,9.859999656677246,1575428032.993651,143.8612060546875,37.537489921730085,4.0,2019-12-03T18:53:52.993651-08:00,10.0,9.507442474365234,1575428033.119501,10.678290451632606,POINT (-122.29703250890712 37.537489921730085),ios,12.068364133374233,-1.78253524260452,4.480172799149555
1326,distance,0,-122.29695201244384,10.350000381469727,1575428033.993626,143.8612060546875,37.53740214568166,4.0,2019-12-03T18:53:53.993626-08:00,10.0,8.932247161865234,1575428034.130454,10.678568222522735,POINT (-122.29695201244384 37.53740214568166),ios,10.285873089679766,2.6975264682760134,-2.761915565161597
1327,distance,0,-122.29688340532446,11.270000457763672,1575428034.9936008,143.8612060546875,37.53732733417338,4.0,2019-12-03T18:53:54.993601-08:00,10.0,9.00088119506836,1575428035.133193,10.678845993280412,POINT (-122.29688340532446 37.53732733417338),ios,12.983331385070448,-0.0643192967352113,1.076450644955723
1328,distance,0,-122.29670954610593,11.890000343322754,1575428036.9935524,143.70191955566406,37.537138854658814,4.0,2019-12-03T18:53:56.993552-08:00,10.0,10.99740219116211,1575428037.1356769,10.679401535391808,POINT (-122.29670954610593 37.537138854658814),ios,12.854695904587839,2.088529894072086,-3.440244000581293
1329,distance,0,-122.2966234779012,11.760000228881836,1575428037.9935274,143.70191955566406,37.537045548743905,4.0,2019-12-03T18:53:57.993527-08:00,10.0,11.26345443725586,1575428038.116509,10.67967930621571,POINT (-122.2966234779012 37.537045548743905),ios,14.9431735145053,-1.3516279836101368,2.991932015686812
1330,distance,0,-122.29652342638484,13.15999984741211,1575428038.9935026,143.70191955566406,37.536937083622554,3.0,2019-12-03T18:53:58.993503-08:00,10.0,11.47323226928711,1575428039.1169472,10.67995707710584,POINT (-122.29652342638484 37.536937083622554),ios,13.59157904523039,1.6402298455299604,-2.7030039863645103
1331,distance,0,-122.2964324244245,13.3100004196167,1575428039.9934783,143.70191955566406,37.53683842905909,3.0,2019-12-03T18:53:59.993478-08:00,10.0,11.731990814208984,1575428040.1230412,10.680234848128425,POINT (-122.2964324244245 37.53683842905909),ios,15.231769002510894,-1.0627084073048365,-2.1553897026084328
1332,distance,0,-122.29633044072597,13.75,1575428040.9934535,143.70191955566406,37.53672786927309,3.0,2019-12-03T18:54:00.993454-08:00,10.0,11.658748626708984,1575428041.123749,10.680512619018554,POINT (-122.29633044072597 37.53672786927309),ios,14.169086945626619,-3.2180446658784376,7.541195813230701
1333,distance,0,-122.29623557224247,13.569999694824219,1575428041.9934285,143.70191955566406,37.536625023039974,3.0,2019-12-03T18:54:01.993428-08:00,10.0,11.68337631225586,1575428042.1275811,10.680790389842457,POINT (-122.29623557224247 37.536625023039974),ios,10.951122840120037,4.322962361427258,-6.437825692540735
1334,distance,0,-122.29616224948899,14.109999656677246,1575428042.993404,143.70191955566406,37.536545534376096,3.0,2019-12-03T18:54:02.993404-08:00,10.0,11.293087005615234,1575428043.1356401,10.681068160798814,POINT (-122.29616224948899 37.536545534376096),ios,15.273979042069293,-2.1147052366963024,5.170651028167346
1335,distance,0,-122.29605998321736,14.949999809265137,1575428043.99338,143.70191955566406,37.536434668254685,3.0,2019-12-03T18:54:03.993380-08:00,10.0,11.24959945678711,1575428044.124301,10.681345931953855,POINT (-122.29605998321736 37.536434668254685),ios,13.159324223874766,3.0558225135439274,-4.162987411586379
1336,distance,0,-122.29597187571594,14.989999771118164,1575428044.9933546,143.69979858398438,37.53633915155307,3.0,2019-12-03T18:54:04.993355-08:00,10.0,11.085811614990234,1575428045.1273298,10.681623702645302,POINT (-122.29597187571594 37.53633915155307),ios,16.215068780978495,-1.107058696953299,1.8241722114995667
1337,distance,0,-122.29586296596062,15.479999542236328,1575428045.99333,143.52259826660156,37.53622165395679,4.0,2019-12-03T18:54:05.993330-08:00,10.0,10.818050384521484,1575428046.131328,10.681901473601659,POINT (-122.29586296596062 37.53622165395679),ios,15.108037270191431,0.7170687181419573,0.46801316095654005
1338,distance,0,-122.29576138434194,15.470000267028809,1575428046.993305,143.52259826660156,37.53611224090505,3.0,2019-12-03T18:54:06.993305-08:00,10.0,10.716243743896484,1575428047.1330662,10.682179244425562,POINT (-122.29576138434194 37.53611224090505),ios,15.825088037270374,1.1850701628800495,-1.6628556708893054
1339,distance,0,-122.29565498140681,15.729999542236328,1575428047.9932814,143.52259826660156,37.535997634837564,3.0,2019-12-03T18:54:07.993281-08:00,10.0,10.92104721069336,1575428048.1245608,10.682457015646829,POINT (-122.29565498140681 37.535997634837564),ios,17.01013022841873,-0.4777462588963116,0.19362662745387577
1340,distance,0,-122.29554061081961,16.1200008392334,1575428048.9932566,143.52259826660156,37.53587444685202,3.0,2019-12-03T18:54:08.993257-08:00,10.0,10.691097259521484,1575428049.153305,10.682734786536958,POINT (-122.29554061081961 37.53587444685202),ios,16.53239581549518,-0.2841244325177168,1.0089659820554977
1341,distance,0,-122.29542834064279,16.31999969482422,1575428049.9932318,141.73243713378906,37.535755372794505,3.0,2019-12-03T18:54:09.993232-08:00,10.0,10.84255599975586,1575428050.201009,10.683012557427089,POINT (-122.29542834064279 37.535755372794505),ios,16.248278427993984,0.7248165316892573,-1.337816326009933
1342,distance,0,-122.29531451540498,16.389999389648438,1575428050.9932072,141.73243713378906,37.53564046279252,3.0,2019-12-03T18:54:10.993207-08:00,10.0,10.92721176147461,1575428051.117348,10.683290328383446,POINT (-122.29531451540498 37.53564046279252),ios,16.9730771602813,-0.6129669414131184,1.1175536770435768
1343,distance,0,-122.29519561286713,16.489999771118164,1575428051.9931817,141.73243713378906,37.53552042710344,3.0,2019-12-03T18:54:11.993182-08:00,10.0,10.59536361694336,1575428052.123932,10.683568099074893,POINT (-122.29519561286713 37.53552042710344),ios,16.360125856137852,0.504558225955565,0.6942546214493098
1344,distance,0,-122.29507921973692,16.579999923706055,1575428052.9931579,140.2196502685547,37.53540585175401,3.0,2019-12-03T18:54:12.993158-08:00,10.0,10.504451751708984,1575428053.101705,10.683845870229932,POINT (-122.29507921973692 37.53540585175401),ios,16.864672052487887,1.1987962950848368,-2.363402558284658
1345,distance,0,-122.2949571505082,16.729999542236328,1575428053.9931335,140.2196502685547,37.535289095302765,3.0,2019-12-03T18:54:13.993134-08:00,10.0,10.607479095458984,1575428054.11263,10.684123641252517,POINT (-122.2949571505082 37.535289095302765),ios,18.063439194411174,-1.164548788333682,7.639194625270691
1346,distance,0,-122.294825094131,17.079999923706055,1575428054.9931078,138.9114532470703,37.535164908812924,3.0,2019-12-03T18:54:14.993108-08:00,10.0,10.44808578491211,1575428055.122577,10.684401411877738,POINT (-122.294825094131 37.535164908812924),ios,16.898920392284772,6.4744491337367815,-10.575466461557657
1347,distance,0,-122.29469944294436,17.239999771118164,1575428055.9930837,138.9114532470703,37.535050158766936,3.0,2019-12-03T18:54:15.993084-08:00,10.0,10.551998138427734,1575428056.115977,10.68467918296655,POINT (-122.29469944294436 37.535050158766936),ios,23.373213619496298,-4.100762667664478,3.9813633568552778
1348,distance,0,-122.29452377438611,18.760000228881836,1575428056.9930592,137.47894287109375,37.53489275167942,3.0,2019-12-03T18:54:16.993059-08:00,10.0,10.12234115600586,1575428057.109623,10.684956953922908,POINT (-122.29452377438611 37.53489275167942),ios,19.27255165472669,-0.11949708160162638,0.8780735636021838
1349,distance,0,-122.29437639558472,18.989999771118164,1575428057.993034,137.47894287109375,37.53476476444185,3.0,2019-12-03T18:54:17.993034-08:00,10.0,10.121150970458984,1575428058.1179,10.685234724680583,POINT (-122.29437639558472 37.53476476444185),ios,19.15305759309945,0.758554291001111,0.384561911615987
1350,distance,0,-122.29422993050369,19.06999969482422,1575428058.9930098,137.47894287109375,37.534637570700625,3.0,2019-12-03T18:54:18.993010-08:00,10.0,9.90597152709961,1575428059.123038,10.685512495769395,POINT (-122.29422993050369 37.534637570700625),ios,19.911593617903502,1.1431069422599391,-1.7183416928530724
1351,distance,0,-122.29407766502536,19.3700008392334,1575428059.9929852,137.47894287109375,37.53450533975719,3.0,2019-12-03T18:54:19.992985-08:00,10.0,9.628292083740234,1575428060.097122,10.685790266725752,POINT (-122.29407766502536 37.53450533975719),ios,21.05467248875635,-0.5751925530808966,0.4003454703156755
1352,distance,0,-122.29391301723905,19.760000228881836,1575428060.9929605,134.6618194580078,37.53436821027942,3.0,2019-12-03T18:54:20.992960-08:00,10.0,10.19961166381836,1575428061.1285682,10.686068037615883,POINT (-122.29391301723905 37.53436821027942),ios,20.47949419788094,-0.174857009544232,0.6794397326414688
1353,distance,0,-122.29374817073406,20.360000610351562,1575428061.9929354,134.6618194580078,37.53423847516085,3.0,2019-12-03T18:54:21.992935-08:00,10.0,9.651607513427734,1575428062.107017,10.686345808439784,POINT (-122.29374817073406 37.53423847516085),ios,20.304641565698482,0.5045657140363945,-0.1266567246527846
1354,distance,0,-122.29358473182077,20.68000030517578,1575428062.9929104,134.6618194580078,37.53410984782481,3.0,2019-12-03T18:54:22.992910-08:00,10.0,9.154964447021484,1575428063.103977,10.686623579263687,POINT (-122.29358473182077 37.53410984782481),ios,20.809194648461613,0.37791216010182405,0.7192005472386288
1355,distance,0,-122.29341723153709,20.8799991607666,1575428063.9928865,134.6618194580078,37.533978024167624,3.0,2019-12-03T18:54:23.992887-08:00,10.0,8.937252044677734,1575428064.10986,10.686901350418726,POINT (-122.29341723153709 37.533978024167624),ios,21.187097798435413,1.0970955602631967,-2.839602735178618
1356,distance,0,-122.29324615336341,20.899999618530273,1575428064.9928622,133.5288543701172,37.53384423656767,3.0,2019-12-03T18:54:24.992862-08:00,10.0,8.824825286865234,1575428065.103804,10.68717912144131,POINT (-122.29324615336341 37.53384423656767),ios,22.28416667876622,-1.7424381194823892,3.82201067369037
1357,distance,0,-122.29306329603585,21.489999771118164,1575428065.992836,133.5288543701172,37.53370591018208,3.0,2019-12-03T18:54:25.992836-08:00,10.0,8.482967376708984,1575428066.1287398,10.687456891934078,POINT (-122.29306329603585 37.53370591018208),ios,20.541774256542098,2.079472317989026,-2.9894712791239715
1358,distance,0,-122.29289473602421,21.360000610351562,1575428066.9928122,133.5288543701172,37.53357839931077,3.0,2019-12-03T18:54:26.992812-08:00,10.0,8.50765609741211,1575428067.109103,10.687734663089117,POINT (-122.29289473602421 37.53357839931077),ios,22.62119699604759,-0.909927686585482,1.4647733305711024
1359,distance,0,-122.29270911311858,21.65999984741211,1575428067.9927878,133.5288543701172,37.533437980843736,3.0,2019-12-03T18:54:27.992788-08:00,10.0,8.303340911865234,1575428068.107302,10.688012434111702,POINT (-122.29270911311858 37.533437980843736),ios,21.711291437716053,0.5548100226096498,-1.2032089760082438
1360,distance,0,-122.29253095688802,21.84000015258789,1575428068.992763,133.5288543701172,37.5333032107048,3.0,2019-12-03T18:54:28.992763-08:00,10.0,8.043941497802734,1575428069.106343,10.688290205001831,POINT (-122.29253095688802 37.5333032107048),ios,22.266087703515907,-0.6483691191916541,0.16743782789494294
1361,distance,0,-122.29234824838727,22.09000015258789,1575428069.992738,133.5288543701172,37.5331649969025,3.0,2019-12-03T18:54:29.992738-08:00,10.0,7.628658294677734,1575428070.105425,10.688567975825734,POINT (-122.29234824838727 37.5331649969025),ios,21.617734815564887,-0.4809354829270577,2.2644216217364947
1362,distance,0,-122.29217086002421,22.030000686645508,1575428070.9927142,133.5288543701172,37.53303080763355,4.0,2019-12-03T18:54:30.992714-08:00,10.0,6.807430267333984,1575428071.126519,10.688845746980773,POINT (-122.29217086002421 37.53303080763355),ios,21.136810799033277,1.7834321507908832,-3.0810959103835702
1363,distance,0,-122.2919968882452,22.030000686645508,1575428071.992689,133.34136962890625,37.53290004606812,6.0,2019-12-03T18:54:31.992689-08:00,10.0,7.107723236083984,1575428072.1151628,10.689123517738448,POINT (-122.2919968882452 37.53290004606812),ios,22.920197878268073,-1.2975858929987298,3.4884849441711627
1364,distance,0,-122.29180822667516,22.149999618530273,1575428072.9926639,133.34136962890625,37.532758261260916,6.0,2019-12-03T18:54:32.992664-08:00,10.0,8.13912582397461,1575428073.118345,10.689401288562351,POINT (-122.29180822667516 37.532758261260916),ios,21.622644468970755,2.190811720611954,-2.9559785981123263
1365,distance,0,-122.29163024570494,22.299999237060547,1575428073.992639,133.34136962890625,37.53262450324359,6.0,2019-12-03T18:54:33.992639-08:00,10.0,8.233516693115234,1575428074.12205,10.68967905945248,POINT (-122.29163024570494 37.53262450324359),ios,23.81340186724009,-0.7650935824377817,-0.15729984567157887
1366,distance,0,-122.29143322283647,22.899999618530273,1575428074.992614,132.6773223876953,37.53247804270312,6.0,2019-12-03T18:54:34.992614-08:00,10.0,7.949672698974609,1575428075.135421,10.689956830276383,POINT (-122.29143322283647 37.53247804270312),ios,23.04832743811741,-0.9223894902727623,2.2128809583824283
1367,distance,0,-122.29124143541728,23.020000457763672,1575428075.99259,132.6773223876953,37.53233721926286,6.0,2019-12-03T18:54:35.992590-08:00,10.0,8.20791244506836,1575428076.1166239,10.690234601365196,POINT (-122.29124143541728 37.53233721926286),ios,22.125960159238605,1.2904381813243502,-0.9145478083268284
1368,distance,0,-122.29105732342282,23.139999389648438,1575428076.9925652,132.6773223876953,37.5322020316444,6.0,2019-12-03T18:54:36.992565-08:00,10.0,8.45431137084961,1575428077.123435,10.690512372255325,POINT (-122.29105732342282 37.5322020316444),ios,23.416366343461444,0.37591304969717587,0.24805058508590733
1369,distance,0,-122.29085943309553,23.260000228881836,1575428077.9925408,131.6942901611328,37.532061609038365,6.0,2019-12-03T18:54:37.992541-08:00,10.0,9.08950424194336,1575428078.118671,10.69079014327791,POINT (-122.29085943309553 37.532061609038365),ios,23.792270251443792,0.623957602516543,-0.5991344676851686
1370,distance,0,-122.29065833884508,23.6200008392334,1575428078.9925165,131.6942901611328,37.53191895665339,6.0,2019-12-03T18:54:38.992517-08:00,10.0,9.169857025146484,1575428079.1118531,10.691067914300495,POINT (-122.29065833884508 37.53191895665339),ios,24.416212680125664,0.024837704999798847,-1.1689136126877844
1371,distance,0,-122.29045197135099,23.889999389648438,1575428079.9924915,131.6942901611328,37.53177256353101,6.0,2019-12-03T18:54:39.992491-08:00,10.0,9.654048919677734,1575428080.118891,10.691345685124396,POINT (-122.29045197135099 37.53177256353101),ios,24.441049763339578,-1.1440466451621094,1.6406405608200307
1372,distance,0,-122.29024311599267,24.06999969482422,1575428080.9924667,130.19573974609375,37.53162806659754,6.0,2019-12-03T18:54:40.992467-08:00,10.0,9.09872055053711,1575428081.1222491,10.691623456014527,POINT (-122.29024311599267 37.53162806659754),ios,23.297031485422927,0.49655323510202326,-0.892714387168006
1373,distance,0,-122.29004166655963,24.209999084472656,1575428081.9924421,130.19573974609375,37.53149251787505,6.0,2019-12-03T18:54:41.992442-08:00,10.0,8.83584213256836,1575428082.1253,10.691901226970884,POINT (-122.29004166655963 37.53149251787505),ios,23.793572526610724,-0.39613922957732234,1.5747994622080173
1374,distance,0,-122.28983592380496,24.290000915527344,1575428082.9924173,130.19573974609375,37.531354080317094,6.0,2019-12-03T18:54:42.992417-08:00,10.0,8.798885345458984,1575428083.1237931,10.692178997861015,POINT (-122.28983592380496 37.531354080317094),ios,23.397443119516435,1.1786211846398795,-0.9232254289983013
1375,distance,0,-122.28963360659333,24.260000228881836,1575428083.9923925,130.19573974609375,37.53121794769483,6.0,2019-12-03T18:54:43.992393-08:00,10.0,9.49831771850586,1575428084.126267,10.692456768751144,POINT (-122.28963360659333 37.53121794769483),ios,24.576035079616748,0.25541864750745535,0.27869440383735633
1376,distance,0,-122.28942109840301,24.3799991607666,1575428084.9923675,130.19573974609375,37.531074957896934,6.0,2019-12-03T18:54:44.992368-08:00,10.0,9.121150970458984,1575428085.150346,10.692734539575047,POINT (-122.28942109840301 37.531074957896934),ios,24.831447332986347,0.5341060745228162,-24.075559179241818
1377,distance,0,-122.28920638170692,24.719999313354492,1575428085.9923434,130.19573974609375,37.530930482067845,6.0,2019-12-03T18:54:45.992343-08:00,10.0,8.41421127319336,1575428086.108067,10.693012310663859,POINT (-122.28920638170692 37.530930482067845),ios,25.365540546087214,-23.54087335859733,51.249837147090105
1378,distance,0,-122.28898704692202,25.079999923706055,1575428086.9923196,130.19573974609375,37.53078289887814,6.0,2019-12-03T18:54:46.992320-08:00,10.0,7.928279876708984,1575428087.109099,10.6932900818189,POINT (-122.28898704692202 37.53078289887814),ios,1.8252284456475778,27.707741897157597,-20.679099357419922
1379,distance,0,-122.2889712642791,23.579999923706055,1575428087.9922943,130.19573974609375,37.53077227925487,6.0,2019-12-03T18:54:47.992294-08:00,16.739715196072435,7.315120697021484,1575428088.119411,10.693567852576574,POINT (-122.2889712642791 37.53077227925487),ios,29.53227010251713,7.029165149575177,-17.99880388860811
1380,distance,0,-122.28871642299055,24.030000686645508,1575428088.9922695,130.4207763671875,37.53059996624388,6.0,2019-12-03T18:54:48.992270-08:00,10.0,6.435268402099609,1575428089.150079,10.693845623466704,POINT (-122.28871642299055 37.53059996624388),ios,36.56126096020132,-10.969192449111071,11.233051450482316
1381,distance,0,-122.28840054751714,24.1200008392334,1575428089.9922442,130.25267028808594,37.53038699519693,6.0,2019-12-03T18:54:49.992244-08:00,10.0,6.587947845458984,1575428090.128628,10.694123394224379,POINT (-122.28840054751714 37.53038699519693),ios,25.592345728573672,0.26357511554566954,1.070077014405336
1382,distance,0,-122.28817943963622,24.280000686645508,1575428090.992219,130.25267028808594,37.5302379188018,6.0,2019-12-03T18:54:50.992219-08:00,10.0,6.709682464599609,1575428091.125787,10.694401164982054,POINT (-122.28817943963622 37.5302379188018),ios,25.85591418295166,1.3336250865694275,-4.603824985784433
1383,distance,0,-122.28795605456764,24.469999313354492,1575428091.9921951,130.25267028808594,37.53008730707048,6.0,2019-12-03T18:54:51.992195-08:00,10.0,6.526210784912109,1575428092.1245599,10.694678936137093,POINT (-122.28795605456764 37.53008730707048),ios,27.18950747342127,-3.2700901354738514,6.787386801184697
1384,distance,0,-122.28772114816479,25.030000686645508,1575428092.9921708,130.25267028808594,37.529928927371,6.0,2019-12-03T18:54:52.992171-08:00,10.0,6.309230804443359,1575428093.1258202,10.694956707159678,POINT (-122.28772114816479 37.529928927371),ios,23.91949686227227,3.5171316053209165,0.2233943121849616
1385,distance,0,-122.28751449382344,24.81999969482422,1575428093.9921453,130.25267028808594,37.529789595909264,6.0,2019-12-03T18:54:53.992145-08:00,10.0,6.204982757568359,1575428094.128981,10.695234477851127,POINT (-122.28751449382344 37.529789595909264),ios,27.43653874279456,3.7405202185409476,-10.456069825293111
1386,distance,0,-122.28727745383335,25.1200008392334,1575428094.9921205,130.25267028808594,37.52962977769258,6.0,2019-12-03T18:54:54.992121-08:00,10.0,5.733180999755859,1575428095.1222382,10.695512248741256,POINT (-122.28727745383335 37.52962977769258),ios,31.176966213145885,-6.715290342935848,7.36829377735086
1387,distance,0,-122.28700809818235,26.610000610351562,1575428095.992097,130.25071716308594,37.52944817145903,6.0,2019-12-03T18:54:55.992097-08:00,10.0,5.532924652099609,1575428096.112809,10.695790019962523,POINT (-122.28700809818235 37.52944817145903),ios,24.461834374158236,0.6528295173398646,5.227076582306293
1388,distance,0,-122.28679675901702,26.06999969482422,1575428096.9920716,130.25071716308594,37.52930568137326,6.0,2019-12-03T18:54:56.992072-08:00,10.0,4.822994232177734,1575428097.1225228,10.696067790720198,POINT (-122.28679675901702 37.52930568137326),ios,25.114647392949394,5.879773999035968,-7.530779676817558
1389,distance,0,-122.28657977998336,25.790000915527344,1575428097.9920468,130.25071716308594,37.52915938874891,6.0,2019-12-03T18:54:57.992047-08:00,10.0,4.403835296630859,1575428098.122886,10.696345561610327,POINT (-122.28657977998336 37.52915938874891),ios,30.994275599859684,-1.6508189480914222,-0.767556124359988
1390,distance,0,-122.2863120039994,27.219999313354492,1575428098.992022,130.25071716308594,37.528978847565924,6.0,2019-12-03T18:54:58.992022-08:00,10.0,3.1638145446777344,1575428099.125564,10.696623332500458,POINT (-122.2863120039994 37.528978847565924),ios,29.34349758470269,-2.418356040488793,-4.3610712356755705
1391,distance,0,-122.28605849042975,27.6200008392334,1575428099.9919968,130.25071716308594,37.52880792245495,6.0,2019-12-03T18:54:59.991997-08:00,10.0,2.5869407653808594,1575428100.1250582,10.696901103258133,POINT (-122.28605849042975 37.52880792245495),ios,26.925202661801055,-6.779317061561183,9.425115018498673
1392,distance,0,-122.28582586971777,27.530000686645508,1575428100.991973,130.25071716308594,37.52865108382473,6.0,2019-12-03T18:55:00.991973-08:00,10.0,2.4067649841308594,1575428101.1186461,10.697178874413172,POINT (-122.28582586971777 37.52865108382473),ios,20.146047231753982,2.6455732446844324,-1.9774245115454168
1393,distance,0,-122.28565181797745,25.860000610351562,1575428101.9919481,130.25071716308594,37.52853373384197,6.0,2019-12-03T18:55:01.991948-08:00,10.0,2.9339256286621094,1575428102.119563,10.697456645303303,POINT (-122.28565181797745 37.52853373384197),ios,22.79155487804177,0.6681977644322172,-0.6001692143105274
1394,distance,0,-122.28545491042917,25.31999969482422,1575428102.991924,130.25071716308594,37.52840097390889,6.0,2019-12-03T18:55:02.991924-08:00,10.0,3.4143943786621094,1575428103.137216,10.697734416392114,POINT (-122.28545491042917 37.52840097390889),ios,23.45973655208707,0.06804300236231077,-1.0572086804607383
1395,distance,0,-122.28525223048538,25.25,1575428103.9918993,130.25071716308594,37.52826432208416,6.0,2019-12-03T18:55:03.991899-08:00,10.0,3.5396690368652344,1575428104.109417,10.698012187282245,POINT (-122.28525223048538 37.52826432208416),ios,23.52777786728692,-0.9891394640465211,5.721761319725246
1396,distance,0,-122.28504896286796,24.969999313354492,1575428104.9918747,130.25071716308594,37.528127274035356,6.0,2019-12-03T18:55:04.991875-08:00,10.0,2.8873558044433594,1575428105.092969,10.698289958238602,POINT (-122.28504896286796 37.528127274035356),ios,22.538662693650632,4.732481345735733,-7.849360004829912
1397,distance,0,-122.28485424093475,24.639999389648438,1575428105.99185,130.25071716308594,37.52799598769796,6.0,2019-12-03T18:55:05.991850-08:00,10.0,3.3057212829589844,1575428106.109247,10.698567729128731,POINT (-122.28485424093475 37.52799598769796),ios,27.271026694992646,-3.1166840300352217,0.6727129177510002
1398,distance,0,-122.28461863429811,25.34000015258789,1575428106.9918246,130.25071716308594,37.52783713588356,6.0,2019-12-03T18:55:06.991825-08:00,10.0,3.1737937927246094,1575428107.1173081,10.698845499886406,POINT (-122.28461863429811 37.52783713588356),ios,24.154421430947487,-2.443988113333569,11.268742983105541
1399,distance,0,-122.28440995345701,25.190000534057617,1575428107.9918003,130.25071716308594,37.52769643810565,6.0,2019-12-03T18:55:07.991800-08:00,10.0,3.5712242126464844,1575428108.12078,10.699123270908991,POINT (-122.28440995345701 37.52769643810565),ios,21.710492752215597,8.824480828647562,-16.28258160733736
1400,distance,0,-122.28422238718179,24.540000915527344,1575428108.991775,130.25071716308594,37.52756997628963,6.0,2019-12-03T18:55:08.991775-08:00,10.0,4.390621185302734,1575428109.1199532,10.699401041666667,POINT (-122.28422238718179 37.52756997628963),ios,30.53475056532403,-7.457689279272877,12.7421098617069
1401,distance,0,-122.28395858441257,26.559999465942383,1575428109.9917507,130.25071716308594,37.52739211394614,6.0,2019-12-03T18:55:09.991751-08:00,10.0,4.186000823974609,1575428110.118402,10.699678812689251,POINT (-122.28395858441257 37.52739211394614),ios,23.07724264732265,5.284110710949769,-3.0013151746609474
1402,distance,0,-122.28375921048593,26.420000076293945,1575428110.9917264,130.25071716308594,37.52725769111985,6.0,2019-12-03T18:55:10.991726-08:00,10.0,5.291500091552734,1575428111.134171,10.699956583711836,POINT (-122.28375921048593 37.52725769111985),ios,28.36122485559533,2.2828685243573585,-3.7630719796354235
1403,distance,0,-122.28351410876601,26.549999237060547,1575428111.9917011,130.1929168701172,37.52709256252097,6.0,2019-12-03T18:55:11.991701-08:00,10.0,5.374660491943359,1575428112.1889849,10.700234354469512,POINT (-122.28351410876601 37.52709256252097),ios,30.644035686456085,-1.480108353532974,2.7603823254307387
1404,distance,0,-122.2832491356362,27.18000030517578,1575428112.9916773,130.1929168701172,37.526914276207705,6.0,2019-12-03T18:55:12.991677-08:00,10.0,5.118495941162109,1575428113.12105,10.70051212562455,POINT (-122.2832491356362 37.526914276207705),ios,29.163962621456168,1.2802081592545842,0.9485611920059566
1405,distance,0,-122.28299807288874,27.479999542236328,1575428113.9916527,131.45428466796875,37.526743567303164,6.0,2019-12-03T18:55:13.991653-08:00,10.0,4.578823089599609,1575428114.124582,10.700789896580908,POINT (-122.28299807288874 37.526743567303164),ios,30.444139342493493,2.228746057335547,-9.054336466235814
1406,distance,0,-122.28273981247514,28.09000015258789,1575428114.9916277,131.45428466796875,37.526561889164924,6.0,2019-12-03T18:55:14.991628-08:00,10.0,4.712520599365234,1575428115.2321482,10.70106766740481,POINT (-122.28273981247514 37.526561889164924),ios,32.67282960550988,-6.825363743086592,8.30334095629609
1407,distance,0,-122.28246394165251,27.479999542236328,1575428115.991603,133.792236328125,37.52636575921338,6.0,2019-12-03T18:55:15.991603-08:00,10.0,4.411708831787109,1575428116.104291,10.70134543829494,POINT (-122.28246394165251 37.52636575921338),ios,25.84763510094994,1.4777713274512292,-2.915080903758436
1408,distance,0,-122.28225279392501,26.709999084472656,1575428116.9915774,133.792236328125,37.52620454390227,6.0,2019-12-03T18:55:16.991577-08:00,10.0,4.874202728271484,1575428117.11665,10.701623208986389,POINT (-122.28225279392501 37.52620454390227),ios,27.325368729290176,-1.437235210296374,2.4675125382551966
1409,distance,0,-122.28203035005453,26.950000762939453,1575428117.9915533,135.04232788085938,37.52603347522797,6.0,2019-12-03T18:55:17.991553-08:00,10.0,4.806453704833984,1575428118.115639,10.7019009800752,POINT (-122.28203035005453 37.52603347522797),ios,25.888168128015046,1.0302179095746606,-1.573151388450348
1410,distance,0,-122.28182336405479,27.34000015258789,1575428118.9915283,135.04232788085938,37.52586838652115,6.0,2019-12-03T18:55:18.991528-08:00,10.0,7.070003509521484,1575428119.141691,10.702178750899103,POINT (-122.28182336405479 37.52586838652115),ios,26.91836024716524,-0.542894096681219,1.7309540230681169
1411,distance,0,-122.28160814161143,26.950000762939453,1575428119.9915028,135.04232788085938,37.525696728559296,6.0,2019-12-03T18:55:19.991503-08:00,10.0,7.308162689208984,1575428120.1611161,10.70245652159055,POINT (-122.28160814161143 37.525696728559296),ios,26.375480000140207,1.18801576838584,-0.5289884746146004
1412,distance,0,-122.28140141422475,27.260000228881836,1575428120.9914792,136.23240661621094,37.52552531897866,6.0,2019-12-03T18:55:20.991479-08:00,10.0,8.269649505615234,1575428121.1077418,10.702734292811817,POINT (-122.28140141422475 37.52552531897866),ios,27.563467727267934,0.659039779718607,-1.3348162599377396
1413,distance,0,-122.2811856841778,27.639999389648438,1575428121.9914553,136.23240661621094,37.52534595554656,6.0,2019-12-03T18:55:21.991455-08:00,10.0,8.272457122802734,1575428122.1158528,10.703012063966858,POINT (-122.2811856841778 37.52534595554656),ios,28.222491794253756,-0.675744655719527,-0.08526912341338036
1414,distance,0,-122.28096431923048,27.6299991607666,1575428122.99143,135.97718811035156,37.525162666120586,6.0,2019-12-03T18:55:22.991430-08:00,10.0,8.29482650756836,1575428123.113964,10.703289834724533,POINT (-122.28096431923048 37.525162666120586),ios,27.546764216202778,-0.7610116241801234,0.38759484469950256
1415,distance,0,-122.280747716085,27.6200008392334,1575428123.9914055,135.97718811035156,37.524984175229925,6.0,2019-12-03T18:55:23.991405-08:00,10.0,8.91604232788086,1575428124.117475,10.70356760568089,POINT (-122.280747716085 37.524984175229925),ios,26.785771280271597,-0.3734262976912713,1.0301574241882483
1416,distance,0,-122.28053709699732,27.420000076293945,1575428124.9913807,135.97718811035156,37.5248106154764,6.0,2019-12-03T18:55:24.991381-08:00,10.0,8.227474212646484,1575428125.104982,10.703845376571019,POINT (-122.28053709699732 37.5248106154764),ios,26.412354241884124,0.6567055831953672,-0.9500139023202409
1417,distance,0,-122.2803295384107,27.18000030517578,1575428125.991356,136.40061950683594,37.52463938085003,6.0,2019-12-03T18:55:25.991356-08:00,10.0,8.380489349365234,1575428126.13884,10.70412314746115,POINT (-122.2803295384107 37.52463938085003),ios,27.06904354171504,-0.29328476302454304,0.5492849817441791
1418,distance,0,-122.28011833210009,27.139999389648438,1575428126.991332,136.40061950683594,37.524462743326986,6.0,2019-12-03T18:55:26.991332-08:00,10.0,8.705318450927734,1575428127.114305,10.704400918616189,POINT (-122.28011833210009 37.524462743326986),ios,26.775765771144144,0.255987122745149,0.6297043857703799
1419,distance,0,-122.27990941472176,27.6299991607666,1575428127.9913063,136.3986053466797,37.524288020099654,6.0,2019-12-03T18:55:27.991306-08:00,10.0,8.28780746459961,1575428128.113863,10.70467868924141,POINT (-122.27990941472176 37.524288020099654),ios,27.031746302423997,0.8856752941272387,-0.04620758693480368
1420,distance,0,-122.27969849999373,27.6299991607666,1575428128.991282,136.3986053466797,37.52411162643499,6.0,2019-12-03T18:55:28.991282-08:00,10.0,8.47164535522461,1575428129.118676,10.704956460263993,POINT (-122.27969849999373 37.52411162643499),ios,27.917400058083828,0.8394688309006515,-4.596101123677116
1421,distance,0,-122.27947988948979,27.8799991607666,1575428129.9912581,136.11602783203125,37.52393004652137,6.0,2019-12-03T18:55:29.991258-08:00,10.0,8.45742416381836,1575428130.1147761,10.705234231419034,POINT (-122.27947988948979 37.52393004652137),ios,28.756848874487893,-3.7565227131865324,6.331395952555759
1422,distance,0,-122.27925435148866,27.940000534057617,1575428130.9912329,136.11602783203125,37.523743276165334,6.0,2019-12-03T18:55:30.991233-08:00,10.0,7.512996673583984,1575428131.1171699,10.70551200217671,POINT (-122.27925435148866 37.523743276165334),ios,25.00042109753097,2.5747132299919926,3.1052882466284384
1423,distance,0,-122.2790582750667,27.309999465942383,1575428131.9912078,136.11602783203125,37.52358090324833,6.0,2019-12-03T18:55:31.991208-08:00,10.0,8.56319808959961,1575428132.117539,10.70578977300061,POINT (-122.2790582750667 37.52358090324833),ios,27.575069872278625,5.6799237389872275,-9.104049510399946
1424,distance,0,-122.27884200605332,28.350000381469727,1575428132.991183,136.11602783203125,37.52340180863708,6.0,2019-12-03T18:55:32.991183-08:00,10.0,8.81777572631836,1575428133.127794,10.706067543890741,POINT (-122.27884200605332 37.52340180863708),ios,33.25485277453374,-3.423900031659692,2.302622211327498
1425,distance,0,-122.27858526832627,28.56999969482422,1575428133.9911585,136.96798706054688,37.523182774065006,6.0,2019-12-03T18:55:33.991158-08:00,10.0,9.11355209350586,1575428134.123771,10.706345314847098,POINT (-122.27858526832627 37.523182774065006),ios,29.83103682397624,-1.1213343660875246,1.819437577435694
1426,distance,0,-122.27835496375748,28.729999542236328,1575428134.9911342,136.96798706054688,37.52298629081629,6.0,2019-12-03T18:55:34.991134-08:00,10.0,9.75893783569336,1575428135.117525,10.706623085869683,POINT (-122.27835496375748 37.52298629081629),ios,28.709729727277235,0.6980589650005279,-3.462584873212804
1427,distance,0,-122.27815515373113,28.5,1575428135.9911094,137.109375,37.522782459890024,6.0,2019-12-03T18:55:35.991109-08:00,10.0,10.09579086303711,1575428136.1341028,10.706900856759813,POINT (-122.27815515373113 37.522782459890024),ios,29.4077713835342,-2.764440051577465,4.9555156575617545
1428,distance,0,-122.27792666305068,28.729999542236328,1575428136.991085,137.4609375,37.52258984375514,6.0,2019-12-03T18:55:36.991085-08:00,10.0,10.06441879272461,1575428137.227923,10.707178627782397,POINT (-122.27792666305068 37.52258984375514),ios,26.643398559531384,2.190955094310106,-0.9328739939654868
1429,distance,0,-122.27772926923099,27.360000610351562,1575428137.9910603,137.4609375,37.52240845937051,6.0,2019-12-03T18:55:37.991060-08:00,10.0,10.696590423583984,1575428138.145903,10.707456398672528,POINT (-122.27772926923099 37.52240845937051),ios,28.834299327943842,1.2581042314518,-0.2267765068183621
1430,distance,0,-122.27751167502466,27.950000762939453,1575428138.991036,138.515625,37.52221492122628,6.0,2019-12-03T18:55:38.991036-08:00,10.0,10.51229476928711,1575428139.148789,10.707734169695112,POINT (-122.27751167502466 37.52221492122628),ios,30.092372963942474,1.031333239542156,-3.019226949045111
1431,distance,0,-122.2773003672457,28.950000762939453,1575428139.9910107,138.1640625,37.52200243998088,6.0,2019-12-03T18:55:39.991011-08:00,10.0,8.458187103271484,1575428140.1184158,10.708011940452788,POINT (-122.2773003672457 37.52200243998088),ios,31.12368013925004,-1.9878174064842427,2.3442621554649774
1432,distance,0,-122.2770310566968,30.030000686645508,1575428140.9909859,131.8359375,37.52182155851044,6.0,2019-12-03T18:55:40.990986-08:00,10.0,8.99374008178711,1575428141.150755,10.708289711342918,POINT (-122.2770310566968 37.52182155851044),ios,29.13591202175636,0.35638662175291125,-0.6895334424946445
1433,distance,0,-122.27679351356092,29.389999389648438,1575428141.990962,135.0,37.52163946166404,6.0,2019-12-03T18:55:41.990962-08:00,10.0,8.38375473022461,1575428142.1017861,10.708567482497957,POINT (-122.27679351356092 37.52163946166404),ios,29.492290146590076,-0.33313038098337305,-5.712709477832775
1434,distance,0,-122.27654763599666,29.459999084472656,1575428142.9909372,136.34054565429688,37.52145969995111,6.0,2019-12-03T18:55:42.990937-08:00,10.0,8.614376068115234,1575428143.113824,10.708845253388088,POINT (-122.27654763599666 37.52145969995111),ios,29.1591680257518,-6.045698209144191,19.728028671458947
1435,distance,0,-122.27631988350181,29.65999984741211,1575428143.990912,136.34054565429688,37.521269610447625,6.0,2019-12-03T18:55:43.990912-08:00,10.0,9.37313461303711,1575428144.120452,10.709123024145763,POINT (-122.27631988350181 37.521269610447625),ios,23.11362260572594,13.681831888286936,-21.094992176210816
1436,distance,0,-122.2761393507608,29.440000534057617,1575428144.9908876,136.34054565429688,37.52111893205823,6.0,2019-12-03T18:55:44.990888-08:00,10.0,9.58797836303711,1575428145.116681,10.709400795168348,POINT (-122.2761393507608 37.52111893205823),ios,36.79512176971521,-7.412647285241676,8.820299669078537
1437,distance,0,-122.2758538515251,29.600000381469727,1575428145.990863,136.69851684570312,37.52087764483275,6.0,2019-12-03T18:55:45.990863-08:00,10.0,9.978206634521484,1575428146.119461,10.709678566124705,POINT (-122.2758538515251 37.52087764483275),ios,29.382656517695345,1.4074357827354826,-1.0090270637702161
1438,distance,0,-122.27562586721221,29.459999084472656,1575428146.990838,136.69851684570312,37.520684965849995,4.0,2019-12-03T18:55:46.990838-08:00,10.0,9.84139633178711,1575428147.1507301,10.709956336948606,POINT (-122.27562586721221 37.520684965849995),ios,30.79005706675268,0.3984339788991424,-1.378859094595974
1439,distance,0,-122.27538656960424,29.780000686645508,1575428147.9908133,135.37840270996094,37.520483351137756,6.0,2019-12-03T18:55:47.990813-08:00,10.0,9.78756332397461,1575428148.112077,10.710234107838737,POINT (-122.27538656960424 37.520483351137756),ios,31.18848116626926,-0.9803909261517157,3.0452870650759714
1440,distance,0,-122.2751386985049,29.84000015258789,1575428148.990789,135.37840270996094,37.52028330611587,6.0,2019-12-03T18:55:48.990789-08:00,10.0,9.182491302490234,1575428149.1132379,10.710511878861322,POINT (-122.2751386985049 37.52028330611587),ios,30.208114081945524,2.0648220815167244,-4.744022431025768
1441,distance,0,-122.27489861931899,30.059999465942383,1575428149.9907641,135.37840270996094,37.5200895495782,6.0,2019-12-03T18:55:49.990764-08:00,10.0,8.83877182006836,1575428150.1135058,10.710789649751451,POINT (-122.27489861931899 37.5200895495782),ios,32.272884965099784,-2.679082718947972,5.191163849265711
1442,distance,0,-122.27464219013781,30.34000015258789,1575428150.9907393,135.4008331298828,37.5198825034313,6.0,2019-12-03T18:55:50.990739-08:00,10.0,8.902584075927734,1575428151.117434,10.711067420641582,POINT (-122.27464219013781 37.5198825034313),ios,29.593868675433708,2.5119524126472204,-0.80315332905328
1443,distance,0,-122.27440708675427,29.940000534057617,1575428151.9907155,135.4008331298828,37.5196926140157,6.0,2019-12-03T18:55:51.990716-08:00,10.0,9.42910385131836,1575428152.111466,10.711345191796621,POINT (-122.27440708675427 37.5196926140157),ios,32.10576119846843,1.7088182322614918,-2.941722171445154
1444,distance,0,-122.27415202889263,30.43000030517578,1575428152.9906898,135.4008331298828,37.519486607672654,6.0,2019-12-03T18:55:52.990690-08:00,10.0,9.36495590209961,1575428153.1162229,10.711622962421842,POINT (-122.27415202889263 37.519486607672654),ios,33.81453543001631,-1.2328281921718776,-3.016582907495176
1445,distance,0,-122.27388339600203,30.979999542236328,1575428153.9906654,135.4008331298828,37.519269636985804,6.0,2019-12-03T18:55:53.990665-08:00,10.0,9.642147064208984,1575428154.115519,10.711900733444425,POINT (-122.27388339600203 37.519269636985804),ios,32.58173721861731,-4.249337740307178,5.6652198831863805
1446,distance,0,-122.27362455744266,31.559999465942383,1575428154.9906402,135.4008331298828,37.519060577030864,6.0,2019-12-03T18:55:54.990640-08:00,10.0,9.713680267333984,1575428155.114908,10.7121785042021,POINT (-122.27362455744266 37.519060577030864),ios,28.33250686914315,1.4157389693496691,-1.48560120342244
1447,distance,0,-122.2734003607144,30.799999237060547,1575428155.9906156,136.0633087158203,37.51887809591047,6.0,2019-12-03T18:55:55.990616-08:00,10.0,9.855098724365234,1575428156.116221,10.712456275158459,POINT (-122.2734003607144 37.51887809591047),ios,29.748211072030053,-0.06982575199518354,0.5685889149656187
1448,distance,0,-122.27316683913087,30.729999542236328,1575428156.9905915,136.0633087158203,37.518685056866964,6.0,2019-12-03T18:55:56.990592-08:00,10.0,9.658870697021484,1575428157.120071,10.71273404624727,POINT (-122.27316683913087 37.518685056866964),ios,29.678387001458283,0.49874947119215396,-0.5075159344766224
1449,distance,0,-122.27293386606154,30.65999984741211,1575428157.990567,136.0633087158203,37.518492471249026,6.0,2019-12-03T18:55:57.990567-08:00,10.0,9.54384994506836,1575428158.15343,10.713011817203627,POINT (-122.27293386606154 37.518492471249026),ios,30.17712422480299,-0.008754000157987548,2.0450842482338056
1450,distance,0,-122.27269722824668,30.709999084472656,1575428158.9905424,136.1424102783203,37.518296459455975,6.0,2019-12-03T18:55:58.990542-08:00,10.0,9.605281829833984,1575428159.2011209,10.713289588159984,POINT (-122.27269722824668 37.518296459455975),ios,30.16837043961798,2.0362800267095156,-4.473923626638872
1451,distance,0,-122.27246075063171,30.59000015258789,1575428159.9905167,136.1424102783203,37.51810043593124,6.0,2019-12-03T18:55:59.990517-08:00,10.0,9.15908432006836,1575428160.120245,10.713567358785205,POINT (-122.27246075063171 37.51810043593124),ios,32.20459803373251,-2.437528399945837,3.09758997110116
1452,distance,0,-122.2722083115806,31.020000457763672,1575428160.9904933,136.1424102783203,37.51789118148412,6.0,2019-12-03T18:56:00.990493-08:00,10.0,9.35360336303711,1575428161.113581,10.7138451300727,POINT (-122.2722083115806 37.51789118148412),ios,29.76712658668832,0.6599891959013677,0.11117551983304212
1453,distance,0,-122.27197221375722,30.790000915527344,1575428161.990468,135.42193603515625,37.517699888749526,6.0,2019-12-03T18:56:01.990468-08:00,10.0,9.64193344116211,1575428162.1145968,10.714122900830375,POINT (-122.27197221375722 37.517699888749526),ios,30.42709910309894,0.7711619060656061,1.0648606455990863
1454,distance,0,-122.27173059364624,30.799999237060547,1575428162.9904437,135.42193603515625,37.51750457861306,6.0,2019-12-03T18:56:02.990444-08:00,10.0,9.684688568115234,1575428163.159167,10.71440067185296,POINT (-122.27173059364624 37.51750457861306),ios,31.198242255513303,1.8359966556433618,-7.922903195984944
1455,distance,0,-122.27147785733725,30.93000030517578,1575428163.9904194,134.09024047851562,37.51730828310592,6.0,2019-12-03T18:56:03.990419-08:00,10.0,9.367977142333984,1575428164.102236,10.714678442875543,POINT (-122.27147785733725 37.51730828310592),ios,33.03419426211385,-6.086713865674703,10.345501546501946
1456,distance,0,-122.27120939294464,30.969999313354492,1575428164.9903944,134.09024047851562,37.51710113179425,6.0,2019-12-03T18:56:04.990394-08:00,10.0,9.34688949584961,1575428165.09019,10.714956213699447,POINT (-122.27120939294464 37.51710113179425),ios,26.94763277093463,4.2585286920504695,-0.7236227592840109
1457,distance,0,-122.27098410358256,29.690000534057617,1575428165.9903703,132.31361389160156,37.51693743269296,6.0,2019-12-03T18:56:05.990370-08:00,10.0,9.45095443725586,1575428166.093696,10.71523398478826,POINT (-122.27098410358256 37.51693743269296),ios,31.206058916436756,3.534923357802576,-7.673316891940154
1458,distance,0,-122.27072296811185,30.06999969482422,1575428166.9903448,132.31361389160156,37.51674807795402,6.0,2019-12-03T18:56:06.990345-08:00,10.0,9.417293548583984,1575428167.097227,10.715511755479707,POINT (-122.27072296811185 37.51674807795402),ios,34.74089209555908,-4.138197781777369,-6.419650322191986
1459,distance,0,-122.27043225322267,30.06999969482422,1575428167.9903193,132.31361389160156,37.51653727456601,6.0,2019-12-03T18:56:07.990319-08:00,10.0,9.52358627319336,1575428168.099966,10.715789526171154,POINT (-122.27043225322267 37.51653727456601),ios,30.602799882467878,-10.557684333631183,19.81165093784769
1460,distance,0,-122.27017616607993,30.18000030517578,1575428168.990296,132.31361389160156,37.51635158047424,6.0,2019-12-03T18:56:08.990296-08:00,10.0,9.714656829833984,1575428169.1023932,10.716067297458649,POINT (-122.27017616607993 37.51635158047424),ios,20.045362229350243,9.253503704581213,-9.299856471580354
1461,distance,0,-122.27000842500864,28.920000076293945,1575428169.990271,132.31361389160156,37.51622994794887,6.0,2019-12-03T18:56:09.990271-08:00,10.0,9.50002670288086,1575428170.11268,10.716345068348778,POINT (-122.27000842500864 37.51622994794887),ios,29.29863648838214,-0.046122172108295764,-3.196319020783035
1462,distance,0,-122.2697629403121,28.93000030517578,1575428170.990246,132.15817260742188,37.5160524390192,6.0,2019-12-03T18:56:10.990246-08:00,10.0,9.489498138427734,1575428171.1143699,10.71662283917268,POINT (-122.2697629403121 37.5160524390192),ios,29.252515470894032,-3.242361176398205,6.5588971617102425
1463,distance,0,-122.26951754710781,29.010000228881836,1575428171.9902217,132.15817260742188,37.51587546670583,6.0,2019-12-03T18:56:11.990222-08:00,10.0,9.484004974365234,1575428172.118785,10.716900610195266,POINT (-122.26951754710781 37.51587546670583),ios,26.010233144488577,3.316376481491977,-5.987331980401742
1464,distance,0,-122.2692993529961,28.209999084472656,1575428172.9901974,132.15817260742188,37.515718109794385,6.0,2019-12-03T18:56:12.990197-08:00,10.0,9.245174407958984,1575428173.1131802,10.71717838121785,POINT (-122.2692993529961 37.515718109794385),ios,29.32652897603217,-2.6708098948090613,2.373619296001992
1465,distance,0,-122.2690533396878,28.260000228881836,1575428173.9901724,132.15817260742188,37.51554069027531,6.0,2019-12-03T18:56:13.990172-08:00,10.0,9.24825668334961,1575428174.113178,10.717456152041754,POINT (-122.2690533396878 37.51554069027531),ios,26.655785942146625,-0.29725001987575644,1.0985683305853968
1466,distance,0,-122.26883174565769,27.760000228881836,1575428174.9901474,133.43374633789062,37.51537768805448,6.0,2019-12-03T18:56:14.990147-08:00,10.0,9.43142318725586,1575428175.109853,10.717733922865655,POINT (-122.26883174565769 37.51537768805448),ios,26.358543363613244,0.801290809204096,-1.7944056961627044
1467,distance,0,-122.26861516224885,26.959999084472656,1575428175.9901223,133.43374633789062,37.51521435864143,6.0,2019-12-03T18:56:15.990122-08:00,10.0,9.07052230834961,1575428176.1175308,10.718011693689558,POINT (-122.26861516224885 37.51521435864143),ios,27.15981411334264,-0.9930699658946853,2.234720077964378
1468,distance,0,-122.26839199514963,27.350000381469727,1575428176.9900975,133.43374633789062,37.51504606435,6.0,2019-12-03T18:56:16.990098-08:00,10.0,9.04244613647461,1575428177.114505,10.718289464579689,POINT (-122.26839199514963 37.51504606435),ios,26.166768771146298,1.2415947009959825,-1.1052338553892618
1469,distance,0,-122.26818224100363,27.309999465942383,1575428177.9900732,134.94187927246094,37.514879650694525,6.0,2019-12-03T18:56:17.990073-08:00,10.0,8.955501556396484,1575428178.111624,10.718567235602272,POINT (-122.26818224100363 37.514879650694525),ios,27.40833327817935,0.13638772345182912,-1.069319482446665
1470,distance,0,-122.26796274620109,26.790000915527344,1575428178.9900486,134.94187927246094,37.51470517371167,6.0,2019-12-03T18:56:18.990049-08:00,10.0,9.29757308959961,1575428179.113912,10.718845006558631,POINT (-122.26796274620109 37.51470517371167),ios,27.544717652342353,-0.93290549959478,0.5779287159330879
1471,distance,0,-122.26774259335072,26.809999465942383,1575428179.990024,136.29689025878906,37.51452948597225,6.0,2019-12-03T18:56:19.990024-08:00,10.0,9.06454086303711,1575428180.1358562,10.719122777514988,POINT (-122.26774259335072 37.51452948597225),ios,26.61183506221395,-0.35499097592284934,-0.49235145086348453
1472,distance,0,-122.26753458725706,26.829999923706055,1575428180.989999,136.29689025878906,37.514356130197854,6.0,2019-12-03T18:56:20.989999-08:00,10.0,9.27480697631836,1575428181.11209,10.71940054833889,POINT (-122.26753458725706 37.514356130197854),ios,26.256852973117727,-0.8473301012843338,1.7113146658382605
1473,distance,0,-122.26732935603509,26.709999084472656,1575428181.989974,136.29498291015625,37.51418508704813,6.0,2019-12-03T18:56:21.989974-08:00,10.0,8.94381332397461,1575428182.11721,10.719678319162792,POINT (-122.26732935603509 37.51418508704813),ios,25.409544083853465,0.8639417235867691,-2.3703761445382043
1474,distance,0,-122.26713074764997,26.360000610351562,1575428182.98995,136.29498291015625,37.514019563482,6.0,2019-12-03T18:56:22.989950-08:00,10.0,9.01754379272461,1575428183.114512,10.719956090251605,POINT (-122.26713074764997 37.514019563482),ios,26.27346500348466,-1.506377341638491,-1.6050899537927408
1475,distance,0,-122.2669267264475,26.40999984741211,1575428183.9899263,137.36868286132812,37.513847407093245,6.0,2019-12-03T18:56:23.989926-08:00,10.0,9.080257415771484,1575428184.1414561,10.720233861472872,POINT (-122.2669267264475 37.513847407093245),ios,24.76712321753236,-3.1114294097878865,7.853247347946943
1476,distance,0,-122.26673712390608,25.709999084472656,1575428184.9899006,137.43603515625,37.513683119439314,6.0,2019-12-03T18:56:24.989901-08:00,10.0,9.32442855834961,1575428185.198526,10.720511632098091,POINT (-122.26673712390608 37.513683119439314),ios,21.65577392458299,4.741615723271061,-5.921400738980237
1477,distance,0,-122.26657143091337,25.079999923706055,1575428185.9898758,137.43603515625,37.51353940431972,6.0,2019-12-03T18:56:25.989876-08:00,10.0,7.920253753662109,1575428186.11523,10.720789402988222,POINT (-122.26657143091337 37.51353940431972),ios,26.39727207696858,-1.1796381914263263,0.6769510622621199
1478,distance,0,-122.26636945994126,25.100000381469727,1575428186.9898508,137.43603515625,37.513364223209564,6.0,2019-12-03T18:56:26.989851-08:00,10.0,7.785152435302734,1575428187.1745272,10.721067173812125,POINT (-122.26636945994126 37.513364223209564),ios,25.217663416546706,-0.502704075923797,-1.076534447299279
1479,distance,0,-122.2661756121246,25.0,1575428187.9934194,137.22877502441406,37.51319642093755,6.0,2019-12-03T18:56:27.993419-08:00,10.0,7.369930267333984,1575428188.09428,10.721345942881372,POINT (-122.2661756121246 37.51319642093755),ios,24.713165366078282,-1.5830802971162357,4.422605396189124
1480,distance,0,-122.2659857076921,24.579999923706055,1575428188.9937782,137.22877502441406,37.51303289714625,6.0,2019-12-03T18:56:28.993778-08:00,10.0,7.426174163818359,1575428189.102988,10.721623820331361,POINT (-122.2659857076921 37.51303289714625),ios,23.12951702815071,2.8411120181710903,-4.151551980849922
1481,distance,0,-122.26580796573981,23.950000762939453,1575428189.9941764,137.22877502441406,37.51287984627992,6.0,2019-12-03T18:56:29.994176-08:00,10.0,6.958217620849609,1575428190.115028,10.721901708708868,POINT (-122.26580796573981 37.51287984627992),ios,25.971760260718835,-1.3120929405764807,0.9353835556161755
1482,distance,0,-122.26560838646884,24.579999923706055,1575428190.994554,137.22877502441406,37.51270799163373,6.0,2019-12-03T18:56:30.994554-08:00,10.0,7.647792816162109,1575428191.1086779,10.722179591390821,POINT (-122.26560838646884 37.51270799163373),ios,24.65917180164444,-0.37635613265620527,-0.7919120329039162
1483,distance,0,-122.26541912012254,24.75,1575428191.9949017,137.4315948486328,37.51254466648955,6.0,2019-12-03T18:56:31.994902-08:00,10.0,7.405788421630859,1575428192.1134381,10.722457465728125,POINT (-122.26541912012254 37.51254466648955),ios,24.282684842219023,-1.1685434454978594,3.6346050546524697
1484,distance,0,-122.26523324852252,24.229999542236328,1575428192.9952273,137.4315948486328,37.512383474351246,6.0,2019-12-03T18:56:32.995227-08:00,10.0,6.414180755615234,1575428193.1143498,10.722735333972507,POINT (-122.26523324852252 37.512383474351246),ios,23.11376082575002,2.4672453265257532,-5.10458308370201
1485,distance,0,-122.26505632882791,23.3799991607666,1575428193.9955292,137.4315948486328,37.512230045511764,6.0,2019-12-03T18:56:33.995529-08:00,10.0,6.643154144287109,1575428194.10409,10.723013195594152,POINT (-122.26505632882791 37.512230045511764),ios,25.58175086047608,-2.6388785139225415,1.3956207874051973
1486,distance,0,-122.26486052288027,23.510000228881836,1575428194.995809,137.4315948486328,37.51206023807809,6.0,2019-12-03T18:56:34.995809-08:00,10.0,6.756221771240234,1575428195.086516,10.723291051122878,POINT (-122.26486052288027 37.51206023807809),ios,22.942133715453995,-1.2428670874972794,2.9341216915382424
1487,distance,0,-122.2646849228257,22.8799991607666,1575428195.996079,137.4315948486328,37.511907953660895,6.0,2019-12-03T18:56:35.996079-08:00,10.0,7.335872650146484,1575428196.1038098,10.723568903870053,POINT (-122.2646849228257 37.511907953660895),ios,21.69893119076784,1.6920464936500188,-3.514862074088826
1488,distance,0,-122.26451884078125,22.1299991607666,1575428196.9963348,137.4315948486328,37.51176392348158,6.0,2019-12-03T18:56:36.996335-08:00,10.0,7.657985687255859,1575428197.1128058,10.723846752709813,POINT (-122.26451884078125 37.51176392348158),ios,23.391410549057067,-1.823714763475015,1.0002685405155285
1489,distance,0,-122.26433981046185,22.350000381469727,1575428197.996559,137.4315948486328,37.51160866425963,6.0,2019-12-03T18:56:37.996559-08:00,10.0,8.60445785522461,1575428198.11765,10.724124592741331,POINT (-122.26433981046185 37.51160866425963),ios,21.567287066548413,-0.8232220493115859,-0.1983264049440876
1490,distance,0,-122.26417721473393,21.799999237060547,1575428198.9967647,138.4818878173828,37.51146374741768,6.0,2019-12-03T18:56:38.996765-08:00,10.0,9.23373031616211,1575428199.118732,10.72440242767334,POINT (-122.26417721473393 37.51146374741768),ios,20.74389563499163,-1.0215892609514845,0.8202455228484461
1491,distance,0,-122.26402166001859,21.420000076293945,1575428199.9969554,138.4818878173828,37.5113237815157,4.0,2019-12-03T18:56:39.996955-08:00,10.0,9.629878997802734,1575428200.1011062,10.724680258433024,POINT (-122.26402166001859 37.5113237815157),ios,19.72211152135213,-0.20118728868538086,1.7227179725060546
1492,distance,0,-122.26387308605325,20.850000381469727,1575428200.9971337,137.94186401367188,37.51119119153697,4.0,2019-12-03T18:56:40.997134-08:00,10.0,9.58163070678711,1575428201.100937,10.724958085748884,POINT (-122.26387308605325 37.51119119153697),ios,19.520888353509697,1.5218379083431295,-2.0326516127370473
1493,distance,0,-122.26372514838036,20.389999389648438,1575428201.997301,137.94186401367188,37.51106058065348,4.0,2019-12-03T18:56:41.997301-08:00,10.0,10.01980209350586,1575428202.1145449,10.725235910018284,POINT (-122.26372514838036 37.51106058065348),ios,21.0429809716239,-0.5111539089742586,0.28531770393631417
1494,distance,0,-122.26356567785643,20.290000915527344,1575428202.9974554,137.94186401367188,37.510919787672144,4.0,2019-12-03T18:56:42.997455-08:00,10.0,10.06997299194336,1575428203.118744,10.72551373064518,POINT (-122.26356567785643 37.510919787672144),ios,20.531748213672767,-0.22579219283605192,-1.3915978291040163
1495,distance,0,-122.2634100834556,20.149999618530273,1575428203.9975986,137.94186401367188,37.51078241683374,4.0,2019-12-03T18:56:43.997599-08:00,10.0,9.97036361694336,1575428204.121695,10.725791548225615,POINT (-122.2634100834556 37.51078241683374),ios,20.30592366717139,-1.6175894233891028,2.4997780060779156
1496,distance,0,-122.26325536500056,19.920000076293945,1575428204.997735,137.12066650390625,37.510647157144504,4.0,2019-12-03T18:56:44.997735-08:00,10.0,9.92330551147461,1575428205.155116,10.726069363885456,POINT (-122.26325536500056 37.510647157144504),ios,18.688113644333562,0.882529490982412,-0.5204007194903338
1497,distance,0,-122.26311150190222,19.450000762939453,1575428205.9978552,137.12066650390625,37.51052374680008,4.0,2019-12-03T18:56:45.997855-08:00,10.0,9.85207748413086,1575428206.1315851,10.726347175041834,POINT (-122.26311150190222 37.51052374680008),ios,19.57074918267531,0.36206623859922554,-2.2999623050562867
1498,distance,0,-122.26296084609436,19.639999389648438,1575428206.9979634,137.12066650390625,37.51039450945324,4.0,2019-12-03T18:56:46.997963-08:00,10.0,9.95620346069336,1575428207.097043,10.726624982886845,POINT (-122.26296084609436 37.51039450945324),ios,19.932854612060975,-1.9381450190571818,2.000552637706728
1499,distance,0,-122.26280740332152,19.25,1575428207.998069,137.12066650390625,37.51026288135917,4.0,2019-12-03T18:56:47.998069-08:00,10.0,10.209835052490234,1575428208.1093678,10.726902790003352,POINT (-122.26280740332152 37.51026288135917),ios,17.994504887230573,0.06261891587991061,-1.3921232783840938
1500,distance,0,-122.26266868802543,18.3799991607666,1575428208.9981666,137.02890014648438,37.51014419768082,4.0,2019-12-03T18:56:48.998167-08:00,10.0,10.633358001708984,1575428209.105744,10.72718059486813,POINT (-122.26266868802543 37.51014419768082),ios,18.05712990928128,-1.3296401128982553,3.2327793151627477
1501,distance,0,-122.262519719193,18.0,1575428209.998257,134.296875,37.5100327888853,4.0,2019-12-03T18:56:49.998257-08:00,10.0,10.50411605834961,1575428210.124186,10.727458397746085,POINT (-122.262519719193 37.5100327888853),ios,16.727369649249486,1.9034313182771725,-3.4499124559539567
1502,distance,0,-122.26239558320702,18.020000457763672,1575428210.9983397,137.8125,37.50991904645926,4.0,2019-12-03T18:56:50.998340-08:00,10.0,10.518550872802734,1575428211.2125502,10.727736198504767,POINT (-122.26239558320702 37.50991904645926),ios,18.6309584407731,-1.5467665532361274,2.7306251815061717
1503,distance,0,-122.26226348441304,17.6200008392334,1575428211.998414,137.8125,37.50978828876978,4.0,2019-12-03T18:56:51.998414-08:00,10.0,10.450618743896484,1575428212.107415,10.728013996945487,POINT (-122.26226348441304 37.50978828876978),ios,17.08407682883722,1.1840617501841044,0.8726418624921757
1504,distance,0,-122.26213390019001,16.729999542236328,1575428212.9984832,138.1640625,37.50967408533907,4.0,2019-12-03T18:56:52.998483-08:00,10.0,10.533687591552734,1575428213.204864,10.728291793929206,POINT (-122.26213390019001 37.50967408533907),ios,18.268220446694137,2.056763948345827,-6.157780753492003
1505,distance,0,-122.26200615998567,17.309999465942383,1575428213.9985485,140.2734375,37.509544752573134,4.0,2019-12-03T18:56:53.998549-08:00,10.0,10.633235931396484,1575428214.170407,10.728569589853286,POINT (-122.26200615998567 37.509544752573134),ios,20.325118756622206,-4.101419072584696,2.4807670134413162
1506,distance,0,-122.26185947668017,18.65999984741211,1575428214.9986053,141.328125,37.50940376896179,4.0,2019-12-03T18:56:54.998605-08:00,10.0,10.820674896240234,1575428215.146002,10.728847383393182,POINT (-122.26185947668017 37.50940376896179),ios,16.223466954664705,-1.6205112914381306,-1.5315723937318382
1507,distance,0,-122.26173550833226,17.860000610351562,1575428215.9986582,140.625,37.509295977687,4.0,2019-12-03T18:56:55.998658-08:00,10.0,10.974300384521484,1575428216.128798,10.729125175873438,POINT (-122.26173550833226 37.509295977687),ios,14.60286989130668,-3.1521647496496557,5.9985362849452715
1508,distance,0,-122.26166484888853,17.040000915527344,1575428216.9987068,144.140625,37.50917720611906,4.0,2019-12-03T18:56:56.998707-08:00,10.0,10.860774993896484,1575428217.1329641,10.729402967161603,POINT (-122.26166484888853 37.50917720611906),ios,11.45055182859032,2.8466632884451557,-1.6867531497111579
1509,distance,0,-122.26155261520506,15.470000267028809,1575428217.9987514,139.921875,37.50912544786698,4.0,2019-12-03T18:56:57.998751-08:00,10.0,10.811336517333984,1575428218.158674,10.729680757323901,POINT (-122.26155261520506 37.50912544786698),ios,14.297342033452345,1.1598349360689082,-2.7325723426841666
1510,distance,0,-122.26145077508153,14.960000038146973,1575428218.9987907,141.6796875,37.509025409852626,4.0,2019-12-03T18:56:58.998791-08:00,10.0,10.82644271850586,1575428219.134824,10.729958546029197,POINT (-122.26145077508153 37.509025409852626),ios,15.457222596343833,-1.572844903457772,2.249483747479396
1511,distance,0,-122.26134700712026,15.4399995803833,1575428219.9988246,140.9765625,37.50891338571674,4.0,2019-12-03T18:56:59.998825-08:00,10.0,10.531307220458984,1575428220.108838,10.730236333211263,POINT (-122.26134700712026 37.50891338571674),ios,13.884324443532583,0.6767150012796914,0.3087849124599491
1512,distance,0,-122.26119933228767,14.720000267028809,1575428220.998857,137.61077880859375,37.508870149058275,4.0,2019-12-03T18:57:00.998857-08:00,10.0,10.10946273803711,1575428221.1210032,10.730514119995965,POINT (-122.26119933228767 37.508870149058275),ios,14.561061387246626,0.985509926067811,-7.947160060909358
1513,distance,0,-122.26108829594477,14.630000114440918,1575428221.998886,137.61077880859375,37.508773242391825,4.0,2019-12-03T18:57:01.998886-08:00,10.0,10.08395004272461,1575428222.1200461,10.730791905853483,POINT (-122.26108829594477 37.508773242391825),ios,15.546599978907341,-6.961881294415919,9.646286480329964
1514,distance,0,-122.260969744949,14.649999618530273,1575428222.9989104,137.61077880859375,37.508669777332514,4.0,2019-12-03T18:57:02.998910-08:00,30.0,10.276851654052734,1575428223.1267428,10.731069690386454,POINT (-122.260969744949 37.508669777332514),ios,8.584549380623121,2.6846397710135026,-0.9246109068350274
1515,distance,0,-122.26090428343605,13.649999618530273,1575428223.9989324,137.61077880859375,37.508612645975035,4.0,2019-12-03T18:57:03.998932-08:00,30.0,10.58767318725586,1575428224.15416,10.73134747425715,POINT (-122.26090428343605 37.508612645975035),ios,11.269248037892588,1.7600085832919612,-7.171292301626726
1516,distance,0,-122.26081835000338,13.020000457763672,1575428224.9989517,137.61077880859375,37.50853764780525,4.0,2019-12-03T18:57:04.998952-08:00,30.0,10.84432601928711,1575428225.118764,10.731625257399347,POINT (-122.26081835000338 37.50853764780525),ios,13.029290610302946,-5.411422209649755,6.156720299347776
1517,distance,0,-122.26071899575675,12.979999542236328,1575428225.998968,137.61077880859375,37.50845093665661,4.0,2019-12-03T18:57:05.998968-08:00,30.0,10.965816497802734,1575428226.1260881,10.731903039680587,POINT (-122.26071899575675 37.50845093665661),ios,7.6177806681687885,0.7453979053004074,-1.6268381797578257
1518,distance,0,-122.26077708468392,10.420000076293945,1575428226.9989824,137.61077880859375,37.508501633609896,4.0,2019-12-03T18:57:06.998982-08:00,30.0,10.98519515991211,1575428227.1505508,10.732180821498234,POINT (-122.26077708468392 37.508501633609896),ios,8.363189414188472,-0.8814639344327004,2.3657168578581906
1519,distance,0,-122.26071331190113,9.829999923706055,1575428227.9989936,137.61077880859375,37.50844597608705,4.0,2019-12-03T18:57:07.998994-08:00,30.0,11.064510345458984,1575428228.1059232,10.7324586023887,POINT (-122.26071331190113 37.50844597608705),ios,7.481715602358969,1.484279432875525,-1.0578761426801744
1520,distance,0,-122.26065626084824,9.289999961853027,1575428228.999003,137.61077880859375,37.50839618493573,4.0,2019-12-03T18:57:08.999003-08:00,30.0,11.165096282958984,1575428229.10164,10.732736382749346,POINT (-122.26065626084824 37.50839618493573),ios,8.966008836546436,0.4263934537196054,-2.4437885713558476
1521,distance,0,-122.26058789163932,9.199999809265137,1575428229.99901,137.61077880859375,37.50833651589449,4.0,2019-12-03T18:57:09.999010-08:00,30.0,11.28017807006836,1575428230.102552,10.733014162513944,POINT (-122.26058789163932 37.50833651589449),ios,9.392405340069683,-2.0174125969742063,3.545400940938619
1522,distance,0,-122.26051627119304,8.359999656677246,1575428230.9990149,137.61077880859375,37.50827400934469,4.0,2019-12-03T18:57:10.999015-08:00,30.0,11.153194427490234,1575428231.102494,10.73329194161627,POINT (-122.26051627119304 37.50827400934469),ios,7.37498312332258,1.5280052497535064,-4.6151319040589724
1523,distance,0,-122.26046003439797,6.710000038146973,1575428231.9990184,137.61077880859375,37.508224928834665,4.0,2019-12-03T18:57:11.999018-08:00,10.0,11.15456771850586,1575428232.1080909,10.73356972038746,POINT (-122.26046003439797 37.508224928834665),ios,8.902993837648694,-3.0871431593033294,1.6479227068184472
1524,distance,0,-122.26039214612871,6.900000095367432,1575428232.9990203,137.61077880859375,37.50816567953222,4.0,2019-12-03T18:57:12.999020-08:00,10.0,11.493587493896484,1575428233.1098108,10.733847498695056,POINT (-122.26039214612871 37.50816567953222),ios,5.81584479008708,-1.4392173093217604,1.2751735486125992
1525,distance,0,-122.2603477984886,5.800000190734863,1575428233.9990203,137.61077880859375,37.50812697524984,4.0,2019-12-03T18:57:13.999020-08:00,10.0,11.50899887084961,1575428234.128557,10.734125276472833,POINT (-122.2603477984886 37.50812697524984),ios,4.37662748076532,-0.16404376070916116,-1.978221642174977
1526,distance,0,-122.26031442538633,4.559999942779541,1575428234.999019,137.61077880859375,37.508097848965555,4.0,2019-12-03T18:57:14.999019-08:00,10.0,11.59511947631836,1575428235.121306,10.734403053853248,POINT (-122.26031442538633 37.508097848965555),ios,4.212583954722641,-2.1422625730153797,2.179656092782344
1527,distance,0,-122.26028230320154,3.619999885559082,1575428235.9990165,137.61077880859375,37.508069814416096,4.0,2019-12-03T18:57:15.999017-08:00,10.0,11.714900970458984,1575428236.222519,10.73468083096875,POINT (-122.26028230320154 37.508069814416096),ios,2.0703264892592483,0.037388323061878385,-0.9281383551532848
1528,distance,0,-122.26025072959959,1.5,1575428237.9990065,137.61077880859375,37.50804225864084,4.0,2019-12-03T18:57:17.999007-08:00,10.0,11.44167709350586,1575428238.128039,10.735236383742757,POINT (-122.26025072959959 37.50804225864084),ios,2.145102760992029,-1.8188790932567218,1.8374180345509374
1529,distance,0,-122.26023437262694,1.059999942779541,1575428238.9990005,137.61077880859375,37.50802798313743,4.0,2019-12-03T18:57:18.999001-08:00,10.0,11.41671371459961,1575428239.124249,10.735514159864849,POINT (-122.26023437262694 37.50802798313743),ios,0.3262345090995315,0.01852798942929027,0.09612493867648225
1530,distance,0,-122.26024432309043,0.27000001072883606,1575428242.9989638,137.61077880859375,37.50803666737739,4.0,2019-12-03T18:57:22.998964-08:00,10.0,11.178035736083984,1575428243.117646,10.736625260776943,POINT (-122.26024432309043 37.50803666737739),ios,0.40034578653448794,0.4030242147676398,-0.25019918413268
1531,distance,0,-122.26026874483821,1.0700000524520874,1575428250.9988542,137.61077880859375,37.50805798139137,4.0,2019-12-03T18:57:30.998854-08:00,30.0,10.735774993896484,1575428251.130403,10.73884745253457,POINT (-122.26026874483821 37.50805798139137),ios,3.624495303983717,-1.5985418183121725,0.9675298179514957
1532,distance,0,-122.26032401972054,0.0,1575428252.9988208,137.61077880859375,37.50810622239467,4.0,2019-12-03T18:57:32.998821-08:00,30.0,11.109615325927734,1575428253.116497,10.739402998818292,POINT (-122.26032401972054 37.50810622239467),ios,0.42746502444902557,0.33648552279899824,-0.058264620136298045
1533,distance,0,-122.26034683617831,1.0399999618530273,1575428259.9986913,137.61077880859375,37.50812613539617,4.0,2019-12-03T18:57:39.998691-08:00,50.0,11.22866439819336,1575428260.121141,10.741347407301268,POINT (-122.26034683617831 37.50812613539617),ios,2.7828201221926863,-0.07135927514229405,-0.28779760510803815
1534,distance,0,-122.26038927507489,0.0,1575428261.998651,137.61077880859375,37.508163173827796,4.0,2019-12-03T18:57:41.998651-08:00,50.0,11.125057220458984,1575428262.1187959,10.741902951664395,POINT (-122.26038927507489 37.508163173827796),ios,2.6401044471688087,-0.646942889204333,0.1700006494923856
1535,distance,0,-122.26034901262815,0.0,1575428263.9986112,137.61077880859375,37.50812803488685,4.0,2019-12-03T18:57:43.998611-08:00,50.0,10.97500228881836,1575428264.107644,10.742458496159978,POINT (-122.26034901262815 37.50812803488685),ios,1.3462444273752783,-0.30694835894888256,0.04950995971420561
1536,distance,0,-122.26030795136495,0.0,1575428267.9985263,137.61077880859375,37.508092198780986,4.0,2019-12-03T18:57:47.998526-08:00,50.0,11.10122299194336,1575428268.1239429,10.743569583694141,POINT (-122.26030795136495 37.508092198780986),ios,0.11847704443995688,-0.10891272234961187,0.41886618074123577
1537,distance,0,-122.26030885477053,0.0,1575428268.9985056,137.61077880859375,37.50809298722575,4.0,2019-12-03T18:57:48.998506-08:00,30.0,11.234371185302734,1575428269.124652,10.743847355710136,POINT (-122.26030885477053 37.50809298722575),ios,0.009566581203381264,0.3099447700948947,-0.13750171230507763
1538,distance,0,-122.26030856298428,0.30000001192092896,1575428272.998418,137.61077880859375,37.5080927325701,4.0,2019-12-03T18:57:52.998418-08:00,10.0,10.96865463256836,1575428273.121357,10.744958442515797,POINT (-122.26030856298428 37.5080927325701),ios,1.249318541533811,-0.24005004777804193,0.10020075212638335
1539,distance,0,-122.26028951052038,0.36000001430511475,1575428274.998374,137.61077880859375,37.508076104584035,4.0,2019-12-03T18:57:54.998374-08:00,10.0,10.92031478881836,1575428275.119872,10.745513985819287,POINT (-122.26028951052038 37.508076104584035),ios,0.7692290339701185,-0.039652963123650374,-0.12081380454235537
1540,distance,0,-122.26027777956767,1.2200000286102295,1575428276.9983284,137.61077880859375,37.50806586642696,4.0,2019-12-03T18:57:56.998328-08:00,10.0,10.83565902709961,1575428277.116466,10.746069528725412,POINT (-122.26027777956767 37.50806586642696),ios,0.6899249134374147,-0.2812750705955387,0.1504445727489936
1541,distance,0,-122.26026725801756,0.36000001430511475,1575428278.9982843,137.61077880859375,37.50805668377268,4.0,2019-12-03T18:57:58.998284-08:00,10.0,10.91073226928711,1575428279.1121979,10.746625072028902,POINT (-122.26026725801756 37.50805668377268),ios,0.12738717856883092,0.019607439177913882,0.00834991721104613
1542,distance,0,-122.26022646158276,0.0,1575428320.9972959,137.61077880859375,37.508021078795096,4.0,2019-12-03T18:58:40.997296-08:00,10.0,11.57162094116211,1575428321.127907,10.758291464116839,POINT (-122.26022646158276 37.508021078795096),ios,0.9508802424125025,0.37029570828705505,8.794060697576644
1543,distance,0,-122.26020470983565,0.15000000596046448,1575428323.9972248,137.61077880859375,37.50800209501696,4.0,2019-12-03T18:58:43.997225-08:00,10.0,12.09206771850586,1575428324.121305,10.759124777714412,POINT (-122.26020470983565 37.50800209501696),ios,2.0617410582314357,26.751852994115087,-43.71971198439005
1544,distance,0,-122.26018898880284,3.7200000286102295,1575428324.997201,137.61077880859375,37.507988374528296,4.0,2019-12-03T18:58:44.997201-08:00,15.851037316388554,12.30129623413086,1575428325.145165,10.759402548869451,POINT (-122.26018898880284 37.507988374528296),ios,28.812956238468605,-16.96681663111396,27.807367477714568
1545,distance,0,-122.25996895548582,7.039999961853027,1575428325.997177,137.53221130371094,37.50779686910866,4.0,2019-12-03T18:58:45.997177-08:00,27.855273674732885,12.505855560302734,1575428326.130993,10.759680319958264,POINT (-122.25996895548582 37.50779686910866),ios,11.846548172990266,10.839881237503306,-27.585883898077284
1546,distance,0,-122.25987848804573,7.039999961853027,1575428326.9971533,137.53221130371094,37.50771813100979,4.0,2019-12-03T18:58:46.997153-08:00,31.965134766774533,12.342281341552734,1575428327.1176682,10.759958091179529,POINT (-122.25987848804573 37.50771813100979),ios,22.686173552014427,-16.745351538836996,33.89837289896144
1547,distance,0,-122.25970524288465,8.130000114440918,1575428327.997129,137.53221130371094,37.5075673475388,4.0,2019-12-03T18:58:47.997129-08:00,40.235548221755835,12.69051742553711,1575428328.1225781,10.760235862202114,POINT (-122.25970524288465 37.5075673475388),ios,5.941229238275315,17.1521969959306,-20.996140762657642
1548,distance,0,-122.25965987213851,9.4399995803833,1575428328.9971046,137.53221130371094,37.50752785922904,4.0,2019-12-03T18:58:48.997105-08:00,46.16190873887936,11.912410736083984,1575428329.120467,10.760513633224699,POINT (-122.25965987213851 37.50752785922904),ios,23.093009115157418,-3.8434331679822242,-0.24657166375385411
1549,distance,0,-122.25948352025958,11.529999732971191,1575428329.9970808,137.53221130371094,37.507374371834345,4.0,2019-12-03T18:58:49.997081-08:00,42.72327603420418,11.358150482177734,1575428330.1171079,10.760791404379738,POINT (-122.25948352025958 37.507374371834345),ios,19.249667581762672,-4.089998953009506,4.676313272383365
1550,distance,0,-122.25933651857102,13.5,1575428330.9970567,137.53221130371094,37.507246429300764,4.0,2019-12-03T18:58:50.997057-08:00,39.95841393800713,11.05904769897461,1575428331.12365,10.76106917546855,POINT (-122.25933651857102 37.507246429300764),ios,15.159767117058795,0.5862017124573092,0.08261418509940244
1551,distance,0,-122.25922051031938,13.489999771118164,1575428331.9970326,137.35565185546875,37.50714584378024,4.0,2019-12-03T18:58:51.997033-08:00,39.06714204053829,11.10921859741211,1575428332.120919,10.761346946557364,POINT (-122.25922051031938 37.50714584378024),ios,15.74595471361679,0.6688139081842925,-1.0025343745395114
1552,distance,0,-122.25909985935081,14.550000190734863,1575428332.9970088,137.35565185546875,37.507041483036794,4.0,2019-12-03T18:58:52.997009-08:00,42.18934341848411,11.68410873413086,1575428333.122426,10.761624717712403,POINT (-122.25909985935081 37.507041483036794),ios,16.414752676034915,-0.33369656407311116,1.2065045344757226
1553,distance,0,-122.25897408384225,14.859999656677246,1575428333.9969854,137.35565185546875,37.50693268966583,4.0,2019-12-03T18:58:53.996985-08:00,43.202521867816735,12.02517318725586,1575428334.12039,10.761902488999896,POINT (-122.25897408384225 37.50693268966583),ios,16.08106390878895,0.8727797803991261,5.381032179893842
1554,distance,0,-122.2588508653123,15.130000114440918,1575428334.9969616,137.35565185546875,37.50682610803171,4.0,2019-12-03T18:58:54.996962-08:00,44.79148002885974,12.76980209350586,1575428335.1258888,10.762180260154937,POINT (-122.2588508653123 37.50682610803171),ios,16.953822880496563,6.2536836664883255,2.038764501722714
1555,distance,0,-122.25872095949609,15.270000457763672,1575428335.9969378,137.35565185546875,37.50671374202489,4.0,2019-12-03T18:58:55.996938-08:00,44.50907331527962,12.082332611083984,1575428336.1259089,10.762458031309976,POINT (-122.25872095949609 37.50671374202489),ios,23.207357447547498,8.292399560277477,-19.51240162899228
1556,distance,0,-122.25854313725273,16.06999969482422,1575428336.9969134,137.35565185546875,37.50655992923964,4.0,2019-12-03T18:58:56.996913-08:00,43.60968137320199,11.87856674194336,1575428337.156781,10.76273580233256,POINT (-122.25854313725273 37.50655992923964),ios,31.499555347488684,-11.219527552569536,7.303578933622291
1557,distance,0,-122.25830177772997,16.34000015258789,1575428337.9968894,137.35565185546875,37.50635115794232,4.0,2019-12-03T18:58:57.996889-08:00,37.903225781949416,12.35586166381836,1575428338.120753,10.763013573421372,POINT (-122.25830177772997 37.50635115794232),ios,20.280297964244692,-3.916124491147327,12.454738336882732
1558,distance,0,-122.25814638378304,17.149999618530273,1575428338.9968657,137.35565185546875,37.506216745197676,4.0,2019-12-03T18:58:58.996866-08:00,37.2112068442338,12.40884017944336,1575428339.099899,10.763291344642639,POINT (-122.25814638378304 37.506216745197676),ios,16.364265907104205,8.538319871074686,-6.571201832871803
1559,distance,0,-122.25802194210402,17.34000015258789,1575428339.9968426,137.79385375976562,37.50610760319105,4.0,2019-12-03T18:58:59.996843-08:00,38.41145490196798,12.088314056396484,1575428340.095197,10.763569115996361,POINT (-122.25802194210402 37.50610760319105),ios,24.902388315852008,1.9672700077734693,-8.823129279444265
1560,distance,0,-122.25783272878266,18.030000686645508,1575428340.9968188,137.79385375976562,37.505941404291285,4.0,2019-12-03T18:59:00.996819-08:00,36.00643019910942,11.959651947021484,1575428341.1008701,10.7638468871514,POINT (-122.25783272878266 37.505941404291285),ios,26.86961142025348,-6.855648911876192,11.394346044305285
1561,distance,0,-122.25762879797878,17.799999237060547,1575428341.9967942,138.07095336914062,37.505761912162654,4.0,2019-12-03T18:59:01.996794-08:00,32.92785535858069,11.68325424194336,1575428342.104121,10.764124658107757,POINT (-122.25762879797878 37.505761912162654),ios,20.014130863326745,4.538417320178344,-9.030987363570032
1562,distance,0,-122.25747754267871,18.260000228881836,1575428342.9967701,138.07095336914062,37.50562775626059,4.0,2019-12-03T18:59:02.996770-08:00,33.273413218722894,11.80892562866211,1575428343.117249,10.76440242919657,POINT (-122.25747754267871 37.50562775626059),ios,24.552438897161196,-4.4923525747190025,6.181535515962432
1563,distance,0,-122.25729198953098,20.200000762939453,1575428343.9967465,138.07095336914062,37.505463179879385,4.0,2019-12-03T18:59:03.996747-08:00,33.15236462076111,11.78139877319336,1575428344.1190128,10.764680200417837,POINT (-122.25729198953098 37.505463179879385),ios,20.060192357413644,1.6890370357449052,0.7291906119882646
1564,distance,0,-122.25714038657509,19.059999465942383,1575428344.9967213,138.07095336914062,37.50532871562396,4.0,2019-12-03T18:59:04.996721-08:00,32.70390596657557,11.29922103881836,1575428345.121624,10.764957971175512,POINT (-122.25714038657509 37.50532871562396),ios,21.749186707190677,2.4182092193586717,-3.9828546670806735
1565,distance,0,-122.25697601887526,17.799999237060547,1575428345.9966989,138.07095336914062,37.505182929677716,4.0,2019-12-03T18:59:05.996699-08:00,30.693151515897437,11.202816009521484,1575428346.130032,10.765235742727915,POINT (-122.25697601887526 37.505182929677716),ios,24.16734173122478,-1.5645561865862552,2.0597048292713813
1566,distance,0,-122.25679337663877,17.440000534057617,1575428346.9966748,138.07095336914062,37.5050209351295,4.0,2019-12-03T18:59:06.996675-08:00,29.017556578635016,11.15749740600586,1575428347.102026,10.765513513816728,POINT (-122.25679337663877 37.5050209351295),ios,22.60282321958408,0.4950990444233514,-3.060985555049223
1567,distance,0,-122.25662255821106,18.3799991607666,1575428347.996651,138.07095336914062,37.50486942770959,4.0,2019-12-03T18:59:07.996651-08:00,28.305350815075712,11.581966400146484,1575428348.097333,10.765791284971767,POINT (-122.25662255821106 37.50486942770959),ios,23.097910459926364,-2.565813531043203,5.1522735095749415
1568,distance,0,-122.256447435187,18.15999984741211,1575428348.9966261,137.62310791015625,37.504715002880005,4.0,2019-12-03T18:59:08.996626-08:00,25.9188262432397,11.967281341552734,1575428349.134777,10.766069055861896,POINT (-122.256447435187 37.504715002880005),ios,20.532160549595257,2.586332225167891,-0.38022354754597243
1569,distance,0,-122.2562909151084,18.190000534057617,1575428349.9966025,137.62310791015625,37.504578341332675,4.0,2019-12-03T18:59:09.996603-08:00,25.782552384006475,12.15273666381836,1575428350.113924,10.766346827083163,POINT (-122.2562909151084 37.504578341332675),ios,23.11843172842738,2.2061176522053554,-4.027075549252597
1570,distance,0,-122.25611467960903,18.649999618530273,1575428350.996579,137.62310791015625,37.50442446576444,4.0,2019-12-03T18:59:10.996579-08:00,23.843618670328055,12.484798431396484,1575428351.114202,10.76662459830443,POINT (-122.25611467960903 37.50442446576444),ios,25.324497308668576,-1.8208628442138328,1.1337591701930134
1571,distance,0,-122.25592162729185,19.700000762939453,1575428351.9965544,137.62120056152344,37.50425590701712,4.0,2019-12-03T18:59:11.996554-08:00,22.18649466793822,12.77737045288086,1575428352.1411428,10.766902369260787,POINT (-122.25592162729185 37.50425590701712),ios,23.503679179590545,-0.6871315158736108,0.16258984603322862
1572,distance,0,-122.25574238277994,20.100000381469727,1575428352.9965303,137.58883666992188,37.50409952001719,4.0,2019-12-03T18:59:12.996530-08:00,21.011693406336043,13.135372161865234,1575428353.2176042,10.7671801403496,POINT (-122.25574238277994 37.50409952001719),ios,22.81656421003382,-0.524545585048829,-1.968482903171723
1573,distance,0,-122.25556834078216,20.670000076293945,1575428353.9965074,137.58883666992188,37.50394773193496,4.0,2019-12-03T18:59:13.996507-08:00,21.335603114867602,12.398860931396484,1575428354.098367,10.767457911769549,POINT (-122.25556834078216 37.50394773193496),ios,22.292030630880646,-2.492983433222463,5.177737098555962
1574,distance,0,-122.25539830030175,19.579999923706055,1575428354.9964828,137.58883666992188,37.50379943371523,4.0,2019-12-03T18:59:14.996483-08:00,19.943948715220596,13.044429779052734,1575428355.0952358,10.767735682725906,POINT (-122.25539830030175 37.50379943371523),ios,19.799108418135674,2.6846265150551334,-1.0101549139238573
1575,distance,0,-122.25524727546622,20.1200008392334,1575428355.9964592,137.58883666992188,37.5036677197011,4.0,2019-12-03T18:59:15.996459-08:00,20.45289688425145,12.74032211303711,1575428356.097011,10.768013453947173,POINT (-122.25524727546622 37.5036677197011),ios,22.483671566771733,1.6744954442615019,-1.386177399889823
1576,distance,0,-122.25507577342665,20.170000076293945,1575428356.996435,137.58883666992188,37.50351814680479,4.0,2019-12-03T18:59:16.996435-08:00,19.602079962020007,12.50045394897461,1575428357.125588,10.768291224969758,POINT (-122.25507577342665 37.50351814680479),ios,24.158126289489132,0.2883517543971775,1.6630096775626932
1577,distance,0,-122.25489149894179,20.780000686645508,1575428357.9964113,137.58883666992188,37.503357434614486,4.0,2019-12-03T18:59:17.996411-08:00,17.52470827022595,12.512813568115234,1575428358.103459,10.768568996191025,POINT (-122.25489149894179 37.503357434614486),ios,24.44647123779317,1.9513221792118394,-0.05728847085586041
1578,distance,0,-122.25470502532204,21.200000762939453,1575428358.996387,137.58883666992188,37.50319480448216,4.0,2019-12-03T18:59:18.996387-08:00,10.0,12.36837387084961,1575428359.122497,10.76884676721361,POINT (-122.25470502532204 37.50319480448216),ios,26.397745963395952,1.8940351015368326,-7.902247572151526
1579,distance,0,-122.25450366771747,22.309999465942383,1575428359.9963636,137.58883666992188,37.503019193508756,4.0,2019-12-03T18:59:19.996364-08:00,10.0,12.69039535522461,1575428360.1058269,10.769124538501103,POINT (-122.25450366771747 37.503019193508756),ios,28.291736810763332,-6.008027834436183,14.784089750171134
1580,distance,0,-122.25428786356187,22.079999923706055,1575428360.996339,137.58883666992188,37.50283098319551,6.0,2019-12-03T18:59:20.996339-08:00,10.0,14.473873138427734,1575428361.131706,10.769402309457462,POINT (-122.25428786356187 37.50283098319551),ios,22.283856516149477,8.775698861162782,-14.74004972477794
1581,distance,0,-122.25411788642151,21.149999618530273,1575428361.9963155,137.58883666992188,37.50268274021684,6.0,2019-12-03T18:59:21.996315-08:00,10.0,16.44454574584961,1575428362.117933,10.769680080678729,POINT (-122.25411788642151 37.50268274021684),ios,31.059348240636602,-5.964002947745742,6.477124477299124
1582,distance,0,-122.25388097198896,21.989999771118164,1575428362.9962907,137.58883666992188,37.50247611889653,4.0,2019-12-03T18:59:22.996291-08:00,10.0,11.91311264038086,1575428363.118578,10.769957851568858,POINT (-122.25388097198896 37.50247611889653),ios,25.09549317351815,0.5129609258046689,-1.9202900696212493
1583,distance,0,-122.2536895486721,22.110000610351562,1575428363.9962668,137.58883666992188,37.5023091719611,4.0,2019-12-03T18:59:23.996267-08:00,10.0,11.897212982177734,1575428364.123077,10.770235622723897,POINT (-122.2536895486721 37.5023091719611),ios,25.608441869381313,-1.4072833605335942,4.357986879799125
1584,distance,0,-122.25349421288672,22.40999984741211,1575428364.996243,137.58883666992188,37.502138812825734,6.0,2019-12-03T18:59:24.996243-08:00,10.0,14.01436996459961,1575428365.1216478,10.770513393878936,POINT (-122.25349421288672 37.502138812825734),ios,24.20119206109764,2.9505996167615685,-6.708990082394177
1585,distance,0,-122.25330961149109,22.420000076293945,1575428365.9962192,137.58883666992188,37.50197781552521,6.0,2019-12-03T18:59:25.996219-08:00,10.0,15.777095794677734,1575428366.118915,10.770791165033977,POINT (-122.25330961149109 37.50197781552521),ios,27.151721330082395,-3.758230510844343,5.709501968440494
1586,distance,0,-122.25310250431858,22.3700008392334,1575428366.9961953,137.58883666992188,37.501797190153546,6.0,2019-12-03T18:59:26.996195-08:00,10.0,17.39486312866211,1575428367.117332,10.771068936189016,POINT (-122.25310250431858 37.501797190153546),ios,23.393580422435885,1.9511353324614824,-0.9258560502389581
1587,distance,0,-122.25292406348944,22.700000762939453,1575428367.996172,137.58883666992188,37.501641565697405,6.0,2019-12-03T18:59:27.996172-08:00,10.0,17.179317474365234,1575428368.12008,10.77134670747651,POINT (-122.25292406348944 37.501641565697405),ios,25.344670166579835,1.0253009148683514,-2.7183533122626518
1588,distance,0,-122.25273074048056,22.600000381469727,1575428368.996148,137.58883666992188,37.50147296197446,6.0,2019-12-03T18:59:28.996148-08:00,10.0,18.64553451538086,1575428369.1184359,10.77162447863155,POINT (-122.25273074048056 37.50147296197446),ios,26.36994663636946,-1.69298758680088,1.4348778965304185
1589,distance,0,-122.25252959716872,23.100000381469727,1575428369.996124,137.58883666992188,37.5012975378932,6.0,2019-12-03T18:59:29.996124-08:00,10.0,17.474605560302734,1575428370.117055,10.77190224972036,POINT (-122.25252959716872 37.5012975378932),ios,24.676999817177762,-0.25814424252693824,2.3053182292900924
1590,distance,0,-122.2523413675573,23.530000686645508,1575428370.9960992,137.58883666992188,37.501133376299435,6.0,2019-12-03T18:59:30.996099-08:00,10.0,17.50039291381836,1575428371.13746,10.772180020610492,POINT (-122.2523413675573 37.501133376299435),ios,24.41886197547471,2.0471168251707073,-2.895454743941765
1591,distance,0,-122.25215509697739,23.049999237060547,1575428371.9960752,137.57728576660156,37.50097093922621,6.0,2019-12-03T18:59:31.996075-08:00,10.0,17.192806243896484,1575428372.207778,10.772457791699303,POINT (-122.25215509697739 37.50097093922621),ios,26.46592950550626,-0.8482681954202613,1.5500676468666013
1592,distance,0,-122.25195317735955,23.43000030517578,1575428372.9960515,137.57728576660156,37.50079490933765,6.0,2019-12-03T18:59:32.996052-08:00,10.0,16.99752426147461,1575428373.1786451,10.77273556292057,POINT (-122.25195317735955 37.50079490933765),ios,25.617681332132886,0.7017628645186781,-1.5606640594873724
1593,distance,0,-122.25175772967953,23.969999313354492,1575428373.9960275,137.57728576660156,37.50062452156796,6.0,2019-12-03T18:59:33.996027-08:00,10.0,17.76345443725586,1575428374.117113,10.773013334009383,POINT (-122.25175772967953 37.50062452156796),ios,26.319427298007756,-0.858863613746635,-0.889184773609381
1594,distance,0,-122.25155692825746,24.309999465942383,1575428374.9960036,137.57728576660156,37.50044946650234,6.0,2019-12-03T18:59:34.996004-08:00,10.0,17.388118743896484,1575428375.1165462,10.773291105164422,POINT (-122.25155692825746 37.50044946650234),ios,25.460584161165364,-1.7480271875389877,1.1097171825942278
1595,distance,0,-122.25136267940297,23.8700008392334,1575428375.9959803,137.57728576660156,37.50028012384722,6.0,2019-12-03T18:59:35.995980-08:00,10.0,17.96755599975586,1575428376.114145,10.773568876451916,POINT (-122.25136267940297 37.50028012384722),ios,23.71259781631789,-0.6383359335097599,3.7242494879369543
1596,distance,0,-122.25118176697887,23.8700008392334,1575428376.995956,137.57728576660156,37.50012240765204,6.0,2019-12-03T18:59:36.995956-08:00,10.0,18.12557601928711,1575428377.116057,10.773846647474501,POINT (-122.25118176697887 37.50012240765204),ios,23.074277406305047,3.0858229855395387,-4.836837149740221
1597,distance,0,-122.25100572475202,23.6299991607666,1575428377.9959314,137.57728576660156,37.499968937207164,6.0,2019-12-03T18:59:37.995931-08:00,10.0,18.47323226928711,1575428378.114752,10.774124418430858,POINT (-122.25100572475202 37.499968937207164),ios,26.160024612938834,-1.7508953854411025,3.538796884427323
1598,distance,0,-122.25080614017469,24.229999542236328,1575428378.995908,137.57728576660156,37.4997949429649,6.0,2019-12-03T18:59:38.995908-08:00,10.0,18.63924789428711,1575428379.143837,10.774402189718353,POINT (-122.25080614017469 37.4997949429649),ios,24.409170137204747,1.787818814923579,0.31353040987703906
1599,distance,0,-122.25061991375308,24.34000015258789,1575428379.9958844,137.57728576660156,37.49963259412235,6.0,2019-12-03T18:59:39.995884-08:00,10.0,18.805721282958984,1575428380.120959,10.774679960939618,POINT (-122.25061991375308 37.49963259412235),ios,26.196946753455393,2.10134182440461,-2.8589511172983113
1600,distance,0,-122.25042004817688,25.889999389648438,1575428380.9958596,137.57728576660156,37.499458354910324,6.0,2019-12-03T18:59:40.995860-08:00,10.0,18.797786712646484,1575428381.102048,10.77495773182975,POINT (-122.25042004817688 37.499458354910324),ios,28.298236473971077,-0.757538403679138,-1.7295943845423165
1601,distance,0,-122.2502041509595,27.56999969482422,1575428381.9958367,137.57728576660156,37.499270139602054,6.0,2019-12-03T18:59:41.995837-08:00,10.0,18.918087005615234,1575428382.099173,10.775235503249698,POINT (-122.2502041509595 37.499270139602054),ios,27.54071540897,-2.4870932009476383,3.4887131784890655
1602,distance,0,-122.24999403352426,26.68000030517578,1575428382.9958131,137.57728576660156,37.49908696300382,6.0,2019-12-03T18:59:42.995813-08:00,10.0,19.137508392333984,1575428383.098496,10.775513274470965,POINT (-122.24999403352426 37.49908696300382),ios,25.053680911975842,1.0015376319115754,-2.605062932652899
1603,distance,0,-122.2498028909017,25.190000534057617,1575428383.9957886,137.57728576660156,37.498920328305765,6.0,2019-12-03T18:59:43.995789-08:00,10.0,18.192684173583984,1575428384.104826,10.775791045427322,POINT (-122.2498028909017 37.498920328305765),ios,26.05519394901397,-1.6034613279148282,3.7459555883145526
1604,distance,0,-122.24960410757033,26.309999465942383,1575428384.9957643,137.57534790039062,37.49874703257529,6.0,2019-12-03T18:59:44.995764-08:00,10.0,18.04116439819336,1575428385.112907,10.776068816449907,POINT (-122.24960410757033 37.49874703257529),ios,24.451771615186228,2.1424031636480327,-2.0407082423765304
1605,distance,0,-122.24941755740166,25.760000228881836,1575428385.9957402,137.57534790039062,37.4985844014959,6.0,2019-12-03T18:59:45.995740-08:00,10.0,17.87075424194336,1575428386.101619,10.776346587538718,POINT (-122.24941755740166 37.4985844014959),ios,26.59412318917373,0.10174406209021263,0.009373456908318274
1606,distance,0,-122.24921466267891,26.139999389648438,1575428386.9957166,137.57534790039062,37.4984075215284,6.0,2019-12-03T18:59:46.995717-08:00,10.0,17.261104583740234,1575428387.0937839,10.776624358759985,POINT (-122.24921466267891 37.4984075215284),ios,26.695864849754145,0.11111729775270944,1.1275171487339446
1607,distance,0,-122.2490109920539,26.59000015258789,1575428387.9956925,137.57534790039062,37.4982299651433,6.0,2019-12-03T18:59:47.995692-08:00,10.0,18.06112289428711,1575428388.086039,10.776902129848798,POINT (-122.2490109920539 37.4982299651433),ios,26.8069794717716,1.2386072955619662,-2.8427304959279196
1608,distance,0,-122.24880647372838,27.0,1575428388.9956694,137.57534790039062,37.49805166974816,6.0,2019-12-03T18:59:48.995669-08:00,10.0,19.443599700927734,1575428389.10129,10.77717990120252,POINT (-122.24880647372838 37.49805166974816),ios,28.045558122555395,-1.6040574576686892,1.622329742331776
1609,distance,0,-122.24859250656719,26.549999237060547,1575428389.9956443,137.57534790039062,37.49786513702814,6.0,2019-12-03T18:59:49.995644-08:00,10.0,19.74203109741211,1575428390.1182299,10.777457672026422,POINT (-122.24859250656719 37.49786513702814),ios,26.44154082078219,0.018231671340126685,0.2527514080457801
1610,distance,0,-122.24839077682175,26.969999313354492,1575428390.9956207,137.57534790039062,37.497689272666896,8.0,2019-12-03T18:59:50.995621-08:00,10.0,19.321956634521484,1575428391.171821,10.777735443247689,POINT (-122.24839077682175 37.497689272666896),ios,26.45977206179217,0.27097711358338117,0.40010064894026
1611,distance,0,-122.24818934039381,26.719999313354492,1575428391.9955971,137.70672607421875,37.49751297579122,8.0,2019-12-03T18:59:51.995597-08:00,10.0,19.495174407958984,1575428392.1045508,10.778013214468956,POINT (-122.24818934039381 37.49751297579122),ios,26.73074277938369,0.6710683187722476,-3.584121666669399
1612,distance,0,-122.24798591898629,27.110000610351562,1575428392.995573,137.70672607421875,37.49733481797811,8.0,2019-12-03T18:59:52.995573-08:00,10.0,19.41195297241211,1575428393.102332,10.778290985557769,POINT (-122.24798591898629 37.49733481797811),ios,27.401794938645278,-2.912967041256447,6.882513774684106
1613,distance,0,-122.24777739123662,27.15999984741211,1575428393.9955482,137.70672607421875,37.4971521879968,8.0,2019-12-03T18:59:53.995548-08:00,10.0,18.638362884521484,1575428394.1140652,10.778568756447898,POINT (-122.24777739123662 37.4971521879968),ios,24.488900125956977,3.96937607783556,-4.594671106666894
1614,distance,0,-122.24759103064285,26.639999389648438,1575428394.9955244,137.70672607421875,37.49698897215712,8.0,2019-12-03T18:59:54.995524-08:00,10.0,19.67074203491211,1575428395.118236,10.778846527602937,POINT (-122.24759103064285 37.49698897215712),ios,28.458181566492097,-0.6251854833356647,1.570269744796183
1615,distance,0,-122.24737446393435,28.010000228881836,1575428395.995501,137.70672607421875,37.49679930160252,8.0,2019-12-03T18:59:55.995501-08:00,10.0,19.438655853271484,1575428396.112391,10.779124298890432,POINT (-122.24737446393435 37.49679930160252),ios,27.833010690628225,0.9450475720753451,-1.2566508729004535
1616,distance,0,-122.24716265526736,27.690000534057617,1575428396.9954765,137.70672607421875,37.496613798172135,8.0,2019-12-03T18:59:56.995476-08:00,10.0,19.934871673583984,1575428397.113019,10.779402069846789,POINT (-122.24716265526736 37.496613798172135),ios,28.77803505506294,-0.3115724411068076,1.7682492566870756
1617,distance,0,-122.24694365491952,27.690000534057617,1575428397.9954534,137.70672607421875,37.49642199622013,8.0,2019-12-03T18:59:57.995453-08:00,10.0,20.572872161865234,1575428398.1153169,10.77967984120051,POINT (-122.24694365491952 37.49642199622013),ios,28.466469819568026,1.456635921983166,-3.550948385647139
1618,distance,0,-122.24672704882774,27.709999084472656,1575428398.9954286,137.7327117919922,37.49623225507611,8.0,2019-12-03T18:59:58.995429-08:00,10.0,21.264034271240234,1575428399.113543,10.77995761209064,POINT (-122.24672704882774 37.49623225507611),ios,29.923069623488246,-2.094224416008842,-0.7969529575107814
1619,distance,0,-122.2464994494084,27.540000915527344,1575428399.9954047,137.7327117919922,37.49603274037274,8.0,2019-12-03T18:59:59.995405-08:00,10.0,20.361202239990234,1575428400.115083,10.78023538324568,POINT (-122.2464994494084 37.49603274037274),ios,27.828895137680362,-2.8911583726804495,7.977537911371845
1620,distance,0,-122.24628777904637,28.350000381469727,1575428400.99538,137.7327117919922,37.49584718915465,8.0,2019-12-03T19:00:00.995380-08:00,10.0,20.94802474975586,1575428401.114686,10.78051315413581,POINT (-122.24628777904637 37.49584718915465),ios,24.937808452810515,5.086181731393025,-5.557634243615517
1621,distance,0,-122.24609751678246,27.920000076293945,1575428401.995357,137.48953247070312,37.49568133323968,8.0,2019-12-03T19:00:01.995357-08:00,10.0,20.15334701538086,1575428402.114429,10.78079092555576,POINT (-122.24609751678246 37.49568133323968),ios,30.02387377074228,-0.4713253080695768,0.567967250804588
1622,distance,0,-122.24586808312976,28.559999465942383,1575428402.9953327,137.48953247070312,37.495481917642245,8.0,2019-12-03T19:00:02.995333-08:00,10.0,19.815120697021484,1575428404.179525,10.781068696578343,POINT (-122.24586808312976 37.495481917642245),ios,29.55255992468915,0.09662813051263007,-1.1735042404327263
1623,distance,0,-122.24564225117605,28.780000686645508,1575428403.9953094,137.48953247070312,37.49528563251388,8.0,2019-12-03T19:00:03.995309-08:00,10.0,20.464290618896484,1575428404.9700708,10.781346467865838,POINT (-122.24564225117605 37.49528563251388),ios,29.649185797483504,-1.0768486909691661,1.287336761170508
1624,distance,0,-122.24542315129399,29.239999771118164,1575428404.9952853,140.2734375,37.49508345503126,8.0,2019-12-03T19:00:04.995285-08:00,10.0,20.30135726928711,1575428405.156876,10.78162423895465,POINT (-122.24542315129399 37.49508345503126),ios,28.572363037328554,0.21045707077619807,1.2456367513243116
1625,distance,0,-122.24519105639517,29.290000915527344,1575428405.9952621,137.109375,37.494904249941456,8.0,2019-12-03T19:00:05.995262-08:00,10.0,20.637996673583984,1575428406.1975899,10.781902010308372,POINT (-122.24519105639517 37.494904249941456),ios,28.7828152409478,1.45606501475491,-0.8532369430918328
1626,distance,0,-122.24497597675979,29.309999465942383,1575428406.9952374,137.8125,37.49470962214981,8.0,2019-12-03T19:00:06.995237-08:00,10.0,19.92953109741211,1575428407.1886148,10.7821797811985,POINT (-122.24497597675979 37.49470962214981),ios,30.238844151795714,0.6028492281271964,0.25508674197006054
1627,distance,0,-122.24474287603259,30.0,1575428407.995214,137.4609375,37.49451025858288,8.0,2019-12-03T19:00:07.995214-08:00,10.0,19.34939193725586,1575428408.187948,10.782457552485996,POINT (-122.24474287603259 37.49451025858288),ios,30.841679294338185,0.8579300099902373,-6.177538167912423
1628,distance,0,-122.24448932346165,30.059999465942383,1575428408.9951897,134.296875,37.49431931882863,8.0,2019-12-03T19:00:08.995190-08:00,10.0,19.712703704833984,1575428409.112935,10.78273532350858,POINT (-122.24448932346165 37.49431931882863),ios,31.69958844059012,-5.319457928255207,9.435982654320018
1629,distance,0,-122.24423317250073,30.219999313354492,1575428409.9951656,134.6484375,37.49411941043799,8.0,2019-12-03T19:00:09.995166-08:00,10.0,19.10201644897461,1575428410.112145,10.783013094597393,POINT (-122.24423317250073 37.49411941043799),ios,26.380258606352598,4.116297504993547,-3.9917651036888495
1630,distance,0,-122.244027732054,29.75,1575428410.9951415,135.0,37.493947036599266,8.0,2019-12-03T19:00:10.995142-08:00,10.0,18.899227142333984,1575428411.102979,10.783290865686205,POINT (-122.244027732054 37.493947036599266),ios,30.496456989764113,0.1246285241120742,1.884642962877136
1631,distance,0,-122.24378298048138,29.950000762939453,1575428411.9951177,133.9453125,37.49375337272649,8.0,2019-12-03T19:00:11.995118-08:00,10.0,18.89107894897461,1575428412.1116328,10.783568636841244,POINT (-122.24378298048138 37.49375337272649),ios,30.621082542500623,2.0092265535994778,-3.8413067811378467
1632,distance,0,-122.24352884117722,29.84000015258789,1575428412.9950936,134.296875,37.493565827643025,8.0,2019-12-03T19:00:12.995094-08:00,10.0,17.82961654663086,1575428413.1245089,10.783846407930056,POINT (-122.24352884117722 37.493565827643025),ios,32.63026071336916,-1.8319877278089993,-0.3702905282954915
1633,distance,0,-122.24324368883133,30.549999237060547,1575428413.9950705,132.890625,37.493378953111815,8.0,2019-12-03T19:00:13.995070-08:00,10.0,16.80416488647461,1575428414.122031,10.784124179283777,POINT (-122.24324368883133 37.493378953111815),ios,30.798315353211528,-2.2022696925427545,2.7449554656384185
1634,distance,0,-122.24298393365204,30.610000610351562,1575428414.9950461,132.1875,37.4931939225993,8.0,2019-12-03T19:00:14.995046-08:00,10.0,16.60103988647461,1575428415.1124249,10.784401950306362,POINT (-122.24298393365204 37.4931939225993),ios,28.596099216993885,0.5426190193607191,-3.166154789798135
1635,distance,0,-122.24274043936491,30.049999237060547,1575428415.9950223,131.484375,37.49302418906008,8.0,2019-12-03T19:00:15.995022-08:00,10.0,16.792171478271484,1575428416.115646,10.784679721461401,POINT (-122.24274043936491 37.49302418906008),ios,29.138705299309045,-2.623460283424796,12.4849448881792
1636,distance,0,-122.24247624177694,30.0,1575428416.9949975,129.375,37.49286694455658,8.0,2019-12-03T19:00:16.994998-08:00,10.0,16.840938568115234,1575428417.115627,10.784957492351532,POINT (-122.24247624177694 37.49286694455658),ios,26.51531006597825,9.861175033901082,-14.518377049224604
1637,distance,0,-122.24226024013221,29.06999969482422,1575428417.9949741,128.671875,37.49270115051185,8.0,2019-12-03T19:00:17.994974-08:00,10.0,17.015865325927734,1575428418.1210542,10.785235263639025,POINT (-122.24226024013221 37.49270115051185),ios,36.37625469332003,-4.656862793142483,4.046880623686246
1638,distance,0,-122.24197416577697,31.290000915527344,1575428418.9949496,130.78125,37.49246557712321,8.0,2019-12-03T19:00:18.994950-08:00,10.0,16.79342269897461,1575428419.112736,10.785513034595384,POINT (-122.24197416577697 37.49246557712321),ios,31.719506259286398,-0.6100815491636307,1.8863292596577668
1639,distance,0,-122.24169915553391,31.270000457763672,1575428419.9949255,130.078125,37.49228184580569,8.0,2019-12-03T19:00:19.994925-08:00,10.0,16.856014251708984,1575428420.174549,10.785790805684195,POINT (-122.24169915553391 37.49228184580569),ios,31.109439401055152,1.2762022871640137,-3.1040030056930092
1640,distance,0,-122.24142598930955,31.260000228881836,1575428420.9949026,129.0234375,37.49210494573926,8.0,2019-12-03T19:00:20.994903-08:00,10.0,16.02993392944336,1575428421.160533,10.786068577104144,POINT (-122.24142598930955 37.49210494573926),ios,32.385612478266914,-1.8277296735383253,3.4995757696226453
1641,distance,0,-122.24113614309788,30.93000030517578,1575428421.9948788,127.265625,37.49192624356364,8.0,2019-12-03T19:00:21.994879-08:00,10.0,15.54110336303711,1575428422.097651,10.786346348259183,POINT (-122.24113614309788 37.49192624356364),ios,30.557926381199763,1.6717626596960748,1.6268393722033787
1642,distance,0,-122.24086012702644,31.139999389648438,1575428422.994855,127.96875,37.49176023997133,8.0,2019-12-03T19:00:22.994855-08:00,10.0,16.13662338256836,1575428423.1213942,10.786624119414224,POINT (-122.24086012702644 37.49176023997133),ios,32.229649182968046,3.298563245026299,-4.879538329546832
1643,distance,0,-122.24055519338906,31.639999389648438,1575428423.9948301,126.9140625,37.49160064853494,8.0,2019-12-03T19:00:23.994830-08:00,10.0,15.97744369506836,1575428424.115257,10.786901890304353,POINT (-122.24055519338906 37.49160064853494),ios,35.5281306383631,-1.580854093770632,0.15319814117080754
1644,distance,0,-122.2402318195647,32.619998931884766,1575428424.9948053,126.5625,37.4914102536044,8.0,2019-12-03T19:00:24.994805-08:00,10.0,16.27236557006836,1575428425.123547,10.787179661194484,POINT (-122.2402318195647 37.4914102536044),ios,33.9473157427111,-1.4276597512292708,-6.349662670515231
1645,distance,0,-122.23997255493104,31.81999969482422,1575428425.9947827,128.442626953125,37.49118467979708,8.0,2019-12-03T19:00:25.994783-08:00,10.0,15.970943450927734,1575428426.152547,10.78745743268066,POINT (-122.23997255493104 37.49118467979708),ios,32.51968832763971,-7.777178603377092,22.40190212719187
1646,distance,0,-122.23968434140532,32.08000183105469,1575428426.9947581,128.442626953125,37.49100238608728,8.0,2019-12-03T19:00:26.994758-08:00,10.0,15.908016204833984,1575428427.124949,10.787735203637018,POINT (-122.23968434140532 37.49100238608728),ios,24.74270070932144,14.624173397758321,-20.84463817028754
1647,distance,0,-122.23946505342609,32.290000915527344,1575428427.9947343,128.442626953125,37.49086368746393,8.0,2019-12-03T19:00:27.994734-08:00,10.0,16.416378021240234,1575428428.126046,10.788012974792057,POINT (-122.23946505342609 37.49086368746393),ios,39.36652543961556,-6.219967797627772,8.298291880797192
1648,distance,0,-122.23911562156717,32.36000061035156,1575428428.9947095,128.5065460205078,37.49064354973438,8.0,2019-12-03T19:00:28.994709-08:00,10.0,16.524593353271484,1575428429.131441,10.788290745682186,POINT (-122.23911562156717 37.49064354973438),ios,33.14671186939976,2.078118322605665,-4.514649449375737
1649,distance,0,-122.23882211350296,32.72999954223633,1575428429.9946864,128.5065460205078,37.49045748150266,8.0,2019-12-03T19:00:29.994686-08:00,10.0,15.52267074584961,1575428430.158321,10.788568517035909,POINT (-122.23882211350296 37.49045748150266),ios,35.22478213218971,-2.4364267182683066,1.2311498833796772
1650,distance,0,-122.2385100548418,33.47999954223633,1575428430.994663,128.25489807128906,37.49025989771736,8.0,2019-12-03T19:00:30.994663-08:00,10.0,14.99288558959961,1575428431.108649,10.788846288323402,POINT (-122.2385100548418 37.49025989771736),ios,32.788412341082235,-1.2053056007312033,3.377168818787211
1651,distance,0,-122.23821870379801,32.43000030517578,1575428431.9946384,128.25489807128906,37.490076856160854,8.0,2019-12-03T19:00:31.994638-08:00,10.0,15.334041595458984,1575428432.113302,10.789124059279759,POINT (-122.23821870379801 37.490076856160854),ios,31.58313633917765,2.171780284537518,-2.3669345677252935
1652,distance,0,-122.23793809438975,32.04999923706055,1575428432.994615,128.2694549560547,37.48990051133269,8.0,2019-12-03T19:00:32.994615-08:00,10.0,15.48440170288086,1575428433.120194,10.789401830567254,POINT (-122.23793809438975 37.48990051133269),ios,33.75486588002375,-0.19509897971248197,-0.6791952501244172
1653,distance,0,-122.23763821671223,32.91999816894531,1575428433.9945912,128.2694549560547,37.48971201446359,8.0,2019-12-03T19:00:33.994591-08:00,10.0,14.944087982177734,1575428434.1087198,10.789679601722293,POINT (-122.23763821671223 37.48971201446359),ios,33.55977155183342,-0.8742780365602524,0.757065552367223
1654,distance,0,-122.23734007285263,32.91999816894531,1575428434.994567,128.2694549560547,37.48952460743636,8.0,2019-12-03T19:00:34.994567-08:00,10.0,16.06826400756836,1575428435.1045198,10.789957372744878,POINT (-122.23734007285263 37.48952460743636),ios,32.685514776574145,-0.11723089503934431,0.7009352104022181
1655,distance,0,-122.2370496960251,32.959999084472656,1575428435.9945436,128.2694549560547,37.48934208260388,8.0,2019-12-03T19:00:35.994544-08:00,10.0,15.527278900146484,1575428436.082452,10.790235144032373,POINT (-122.2370496960251 37.48934208260388),ios,32.568286620637096,0.5836879379971369,-2.3148286138493583
1656,distance,0,-122.23676036121945,32.709999084472656,1575428436.9945197,128.2694549560547,37.4891602127647,8.0,2019-12-03T19:00:36.994520-08:00,10.0,14.688655853271484,1575428437.084372,10.790512915187412,POINT (-122.23676036121945 37.4891602127647),ios,33.15196064242935,-1.7310854860373237,5.3187036461408965
1657,distance,0,-122.23646618304319,32.88999938964844,1575428437.994495,128.4318389892578,37.48897474272459,8.0,2019-12-03T19:00:37.994495-08:00,10.0,16.109493255615234,1575428438.1052198,10.790790686077543,POINT (-122.23646618304319 37.48897474272459),ios,31.420918079577984,3.5874862800159115,-5.187978931639096
1658,distance,0,-122.23618767073587,31.84000015258789,1575428438.9944708,128.4318389892578,37.48879865303501,8.0,2019-12-03T19:00:38.994471-08:00,10.0,15.63320541381836,1575428439.1116471,10.791068457166354,POINT (-122.23618767073587 37.48879865303501),ios,35.00831797193237,-1.6003677236560898,0.3797586226496494
1659,distance,0,-122.23587736064631,33.45000076293945,1575428439.9944463,128.4318389892578,37.48860245916527,12.0,2019-12-03T19:00:39.994446-08:00,10.0,15.51003646850586,1575428440.111402,10.79134622812271,POINT (-122.23587736064631 37.48860245916527),ios,33.40798954868835,-1.2206184267820954,5.694595518900922
1660,distance,0,-122.23558123567209,33.290000915527344,1575428440.9944234,128.42999267578125,37.48841523384911,12.0,2019-12-03T19:00:40.994423-08:00,10.0,15.00747299194336,1575428441.096084,10.79162399954266,POINT (-122.23558123567209 37.48841523384911),ios,32.1873990596449,4.473846753171098,-5.46943219799129
1661,distance,0,-122.23529593065558,33.0099983215332,1575428441.9943993,128.42999267578125,37.48823484946224,8.0,2019-12-03T19:00:41.994399-08:00,10.0,14.28853988647461,1575428442.088867,10.791901770631473,POINT (-122.23529593065558 37.48823484946224),ios,36.661138081349215,-0.9954537393806258,1.2047112861339222
1662,distance,0,-122.234970971498,33.849998474121094,1575428442.9943752,128.42999267578125,37.488029393704345,8.0,2019-12-03T19:00:42.994375-08:00,10.0,14.19344711303711,1575428443.171787,10.792179541720284,POINT (-122.234970971498 37.488029393704345),ios,35.665708312769866,0.20922853697243673,-5.249351101925828
1663,distance,0,-122.23465391055143,34.959999084472656,1575428443.9943514,128.19146728515625,37.48783044201601,12.0,2019-12-03T19:00:43.994351-08:00,10.0,13.666866302490234,1575428444.1034632,10.792457312875325,POINT (-122.23465391055143 37.48783044201601),ios,35.87493186134525,-5.039997410670298,7.126129234721136
1664,distance,0,-122.2343348679832,34.369998931884766,1575428444.994328,128.19146728515625,37.48763044597643,8.0,2019-12-03T19:00:44.994328-08:00,10.0,13.174861907958984,1575428445.094551,10.792735084162818,POINT (-122.2343348679832 37.48763044597643),ios,30.835052210319045,2.085965321893387,0.03343657614679687
1665,distance,0,-122.2340606469632,33.97999954223633,1575428445.9943027,128.19146728515625,37.487458546915214,8.0,2019-12-03T19:00:45.994303-08:00,10.0,14.40200424194336,1575428446.131823,10.793012854920493,POINT (-122.2340606469632 37.487458546915214),ios,32.92096481492629,2.1194010530186804,-0.1921336734746397
1666,distance,0,-122.23376810093083,34.880001068115234,1575428446.994279,128.32875061035156,37.48727479323243,8.0,2019-12-03T19:00:46.994279-08:00,10.0,15.44686508178711,1575428447.195432,10.793290626075533,POINT (-122.23376810093083 37.48727479323243),ios,35.04031533748621,1.9272719603677835,-7.288719143646789
1667,distance,0,-122.23345707355423,34.790000915527344,1575428447.9942555,128.32875061035156,37.48707885840466,8.0,2019-12-03T19:00:47.994256-08:00,10.0,15.21389389038086,1575428448.1105208,10.793568397363027,POINT (-122.23345707355423 37.48707885840466),ios,36.96754226710465,-5.361276882204959,5.618236406196317
1668,distance,0,-122.23312894020748,35.2599983215332,1575428448.994232,128.32875061035156,37.48687214749875,8.0,2019-12-03T19:00:48.994232-08:00,10.0,15.53585433959961,1575428449.100054,10.793846168584293,POINT (-122.23312894020748 37.48687214749875),ios,31.606391929473315,0.25682691428919635,6.323163326546861
1669,distance,0,-122.23284839444267,34.31999969482422,1575428449.9942076,128.32875061035156,37.486695414869274,8.0,2019-12-03T19:00:49.994208-08:00,10.0,15.337886810302734,1575428450.1178808,10.794123939606878,POINT (-122.23284839444267 37.486695414869274),ios,31.863212598067097,6.579836469755252,-9.684517145883154
1670,distance,0,-122.23256556955675,34.2599983215332,1575428450.994183,128.32875061035156,37.48651724648449,8.0,2019-12-03T19:00:50.994183-08:00,10.0,16.28005599975586,1575428451.1110911,10.794401710563235,POINT (-122.23256556955675 37.48651724648449),ios,38.44288748603038,-3.1044428523397296,0.6920129631910987
1671,distance,0,-122.232223446761,33.86000061035156,1575428451.99416,128.13919067382812,37.48630318472754,8.0,2019-12-03T19:00:51.994160-08:00,10.0,15.84524154663086,1575428452.1308022,10.794679481916958,POINT (-122.232223446761 37.48630318472754),ios,35.338516428905464,-2.412445893057129,5.244397408227926
1672,distance,0,-122.23190895247427,34.36000061035156,1575428452.994135,128.13919067382812,37.48610640976721,8.0,2019-12-03T19:00:52.994135-08:00,10.0,15.74367904663086,1575428453.099474,10.79495725274086,POINT (-122.23190895247427 37.48610640976721),ios,32.92613092890014,2.8318202271840742,-1.8052856461556204
1673,distance,0,-122.23161592698585,34.150001525878906,1575428453.994112,128.13919067382812,37.48592306755305,8.0,2019-12-03T19:00:53.994112-08:00,10.0,15.07223129272461,1575428454.1127372,10.795235024160808,POINT (-122.23161592698585 37.48592306755305),ios,35.75788634086295,1.0265759007377622,-2.7366399264304464
1674,distance,0,-122.23098269806462,34.81999969482422,1575428455.9940639,128.5098876953125,37.48552162725187,8.0,2019-12-03T19:00:55.994064-08:00,10.0,13.101802825927734,1575428456.111558,10.795790566338432,POINT (-122.23098269806462 37.48552162725187),ios,37.810988701875424,-4.446572154030971,5.415326203077078
1675,distance,0,-122.23064792738012,36.220001220703125,1575428456.9940395,128.5098876953125,37.48530936129433,8.0,2019-12-03T19:00:56.994040-08:00,10.0,12.81747055053711,1575428457.114869,10.796068337361017,POINT (-122.23064792738012 37.48530936129433),ios,33.364524682676766,0.968622355379479,-3.8558044947216024
1676,distance,0,-122.23035252544017,35.90999984741211,1575428457.9940162,128.51019287109375,37.48512205686591,8.0,2019-12-03T19:00:57.994016-08:00,10.0,11.86648178100586,1575428458.0953832,10.796346108648512,POINT (-122.23035252544017 37.48512205686591),ios,34.33312440617481,-2.887092048390089,4.492637098995078
1677,distance,0,-122.23004854934817,35.29999923706055,1575428458.9939919,128.51019287109375,37.48492931447546,8.0,2019-12-03T19:00:58.993992-08:00,10.0,11.529598236083984,1575428459.0938501,10.796623879671097,POINT (-122.23004854934817 37.48492931447546),ios,31.44610256809588,1.6054357955333256,0.8585348078498436
1678,distance,0,-122.22977013444498,33.189998626708984,1575428459.993968,128.51019287109375,37.484752779690695,8.0,2019-12-03T19:00:59.993968-08:00,10.0,10.94979476928711,1575428460.083904,10.796901650826136,POINT (-122.22977013444498 37.484752779690695),ios,33.051500087057086,2.4639501343182695,-22.343611820384744
1679,distance,0,-122.22947750623874,34.150001525878906,1575428460.9939442,128.51019287109375,37.48456723266424,8.0,2019-12-03T19:01:00.993944-08:00,18.418895715957113,10.53811264038086,1575428461.1014152,10.797179421981175,POINT (-122.22947750623874 37.48456723266424),ios,35.515391476226355,-19.879128972848253,43.31751926384792
1680,distance,0,-122.22916306403621,34.41999816894531,1575428461.99392,128.51019287109375,37.48436785401781,8.0,2019-12-03T19:01:01.993920-08:00,21.87451124872507,11.322628021240234,1575428462.11252,10.797457193069988,POINT (-122.22916306403621 37.48436785401781),ios,15.636741198300133,23.437347193158963,-13.872257229005529
1681,distance,0,-122.2290246213015,33.84000015258789,1575428462.9938965,128.51019287109375,37.48428007151014,8.0,2019-12-03T19:01:02.993896-08:00,31.773238277918193,10.866085052490234,1575428463.128555,10.797734964291255,POINT (-122.2290246213015 37.48428007151014),ios,39.07353518945654,9.565417397135324,-14.967395100418399
1682,distance,0,-122.22867857410165,33.70000076293945,1575428463.9938726,128.4888458251953,37.48406082078629,8.0,2019-12-03T19:01:03.993873-08:00,25.70769399586446,12.339168548583984,1575428464.099856,10.798012735446294,POINT (-122.22867857410165 37.48406082078629),ios,48.63872452926943,-5.401620852775805,-3.105209953148046
1683,distance,0,-122.22824689593011,35.04999923706055,1575428464.9938478,128.33547973632812,37.48378881520613,8.0,2019-12-03T19:01:04.993848-08:00,18.64076726090596,13.13540267944336,1575428465.133267,10.798290506336425,POINT (-122.22824689593011 37.48378881520613),ios,43.23723761255756,-8.506753810590387,6.026899616252142
1684,distance,0,-122.22777354542373,35.380001068115234,1575428465.993824,127.6171875,37.483688299579065,8.0,2019-12-03T19:01:05.993824-08:00,10.0,13.304927825927734,1575428466.1189451,10.798568277491464,POINT (-122.22777354542373 37.483688299579065),ios,34.7306866187828,-2.479997886822534,4.784675529449873
1685,distance,0,-122.22747397620438,35.220001220703125,1575428466.9938006,127.265625,37.48348570897941,8.0,2019-12-03T19:01:06.993801-08:00,10.0,15.42873764038086,1575428467.204989,10.798846048778957,POINT (-122.22747397620438 37.48348570897941),ios,32.250746677162354,2.304565848584302,-2.0343287122273246
1686,distance,0,-122.22719226043878,34.56999969482422,1575428467.9937758,128.3203125,37.48330092992399,8.0,2019-12-03T19:01:07.993776-08:00,10.0,16.46047592163086,1575428468.11869,10.799123819669088,POINT (-122.22719226043878 37.48330092992399),ios,34.55525538280989,0.270287578620121,-1.506963887774799
1687,distance,0,-122.22689503815232,34.4900016784668,1575428468.9937515,129.0234375,37.48309859078143,8.0,2019-12-03T19:01:08.993752-08:00,10.0,16.471126556396484,1575428469.148024,10.799401590691673,POINT (-122.22689503815232 37.48309859078143),ios,34.825536388388805,-1.2366396617594122,2.421415356883625
1688,distance,0,-122.22659043979107,34.619998931884766,1575428469.9937282,129.0234375,37.482899436762075,8.0,2019-12-03T19:01:09.993728-08:00,10.0,16.558895111083984,1575428470.1365209,10.799679361979166,POINT (-122.22659043979107 37.482899436762075),ios,33.58892562074075,1.1847191187041501,2.8591407946725105
1689,distance,0,-122.22629782755135,34.290000915527344,1575428470.9937043,128.671875,37.48270623389397,8.0,2019-12-03T19:01:10.993704-08:00,10.0,16.746883392333984,1575428471.1420522,10.799957133134207,POINT (-122.22629782755135 37.48270623389397),ios,34.77361649354001,4.043791746148089,-13.426768453897088
1690,distance,0,-122.22598836768626,34.43000030517578,1575428471.99368,127.6171875,37.48251261193071,8.0,2019-12-03T19:01:11.993680-08:00,30.0,17.08962631225586,1575428472.176827,10.80023490415679,POINT (-122.22598836768626 37.48251261193071),ios,38.817309899949706,-9.382650186261216,15.405162535227987
1691,distance,0,-122.22566675406156,35.61000061035156,1575428472.993656,129.375,37.48227444015209,12.0,2019-12-03T19:01:12.993656-08:00,10.0,17.04806137084961,1575428473.166364,10.800512675245603,POINT (-122.22566675406156 37.48227444015209),ios,29.434885650499176,6.0221413883935595,-3.3167317189516976
1692,distance,0,-122.22538981598078,34.52000045776367,1575428473.9936323,128.671875,37.482126876746754,12.0,2019-12-03T19:01:13.993632-08:00,10.0,20.217159271240234,1575428474.1819959,10.80079044646687,POINT (-122.22538981598078 37.482126876746754),ios,35.45688489564383,2.7054879557177673,-3.8645187471761813
1693,distance,0,-122.22510600473939,34.77000045776367,1575428474.993609,128.671875,37.481901152094345,12.0,2019-12-03T19:01:14.993609-08:00,10.0,18.54330062866211,1575428475.195584,10.801068217754365,POINT (-122.22510600473939 37.481901152094345),ios,38.16230963757937,-1.1589404968976902,0.23352423937289296
1694,distance,0,-122.22477458428799,34.70000076293945,1575428475.9935846,127.6171875,37.48168066613142,12.0,2019-12-03T19:01:15.993585-08:00,10.0,19.313167572021484,1575428476.17865,10.801345988776948,POINT (-122.22477458428799 37.48168066613142),ios,37.003397324602226,-0.9254219365295656,-3.3825020012511176
1695,distance,0,-122.2244598438239,35.150001525878906,1575428476.9935598,128.3203125,37.48146076690171,12.0,2019-12-03T19:01:16.993560-08:00,10.0,18.720272064208984,1575428477.184863,10.801623759667079,POINT (-122.2244598438239 37.48146076690171),ios,36.07799833440211,-4.307840066843305,8.872327948352682
1696,distance,0,-122.22414108004628,34.779998779296875,1575428477.993536,126.9140625,37.481257589568834,12.0,2019-12-03T19:01:17.993536-08:00,10.0,18.901241302490234,1575428478.219914,10.801901530822118,POINT (-122.22414108004628 37.481257589568834),ios,31.77026097446958,4.5642763487271,-9.533605792106023
1697,distance,0,-122.22385785553811,34.540000915527344,1575428478.9935122,127.265625,37.48108119241659,12.0,2019-12-03T19:01:18.993512-08:00,10.0,18.64107894897461,1575428479.123276,10.802179301977157,POINT (-122.22385785553811 37.48108119241659),ios,36.33442850236851,-4.969102144504258,9.291480776946084
1698,distance,0,-122.22354244452177,34.84000015258789,1575428479.993489,127.96875,37.4808711419231,12.0,2019-12-03T19:01:19.993489-08:00,10.0,17.872188568115234,1575428480.143461,10.80245707333088,POINT (-122.22354244452177 37.4808711419231),ios,31.365441276312705,4.322163752062301,-5.247511102607353
1699,distance,0,-122.22327489417253,34.4900016784668,1575428480.9934654,128.3203125,37.48068544085834,12.0,2019-12-03T19:01:20.993465-08:00,10.0,16.593868255615234,1575428481.14007,10.802734844552146,POINT (-122.22327489417253 37.48068544085834),ios,35.687503010445106,-0.9252234912351027,2.82691652748964
1700,distance,0,-122.22295629803298,34.83000183105469,1575428481.99344,128.3203125,37.48048775367204,8.0,2019-12-03T19:01:21.993440-08:00,10.0,16.59780502319336,1575428482.219887,10.803012615243594,POINT (-122.22295629803298 37.48048775367204),ios,34.76230312239031,1.901620919386413,-4.1021076113259225
1701,distance,0,-122.22264465887307,35.060001373291016,1575428482.9934168,127.96875,37.48029652055118,8.0,2019-12-03T19:01:22.993417-08:00,10.0,16.19808578491211,1575428483.26518,10.803290386597315,POINT (-122.22264465887307 37.48029652055118),ios,36.663880063746234,-2.2003918241287126,2.426005693354742
1702,distance,0,-122.22234674172878,35.209999084472656,1575428483.993393,128.2920379638672,37.48006669121786,8.0,2019-12-03T19:01:23.993393-08:00,10.0,15.75814437866211,1575428484.159519,10.803568157752355,POINT (-122.22234674172878 37.48006669121786),ios,34.46354070104674,0.2255560287429991,-1.7272532384646584
1703,distance,0,-122.22204089461218,35.11000061035156,1575428484.993369,128.46282958984375,37.47987395064798,8.0,2019-12-03T19:01:24.993369-08:00,10.0,15.38393783569336,1575428485.154965,10.803845928907394,POINT (-122.22204089461218 37.47987395064798),ios,34.68909135211495,-1.5016560287953729,1.3388350141281127
1704,distance,0,-122.22173358506043,35.09000015258789,1575428485.9933445,128.46282958984375,37.4796794121905,8.0,2019-12-03T19:01:25.993345-08:00,10.0,15.674373626708984,1575428486.174313,10.804123699863752,POINT (-122.22173358506043 37.4796794121905),ios,33.187472199657336,-0.16285389259085734,0.8129581784938962
1705,distance,0,-122.22143957848203,34.529998779296875,1575428486.993321,128.46282958984375,37.479493295013434,8.0,2019-12-03T19:01:26.993321-08:00,10.0,17.94704818725586,1575428487.1430159,10.804401471085018,POINT (-122.22143957848203 37.479493295013434),ios,33.02462215097845,0.650085097293994,0.15104165358493166
1706,distance,0,-122.22114129288977,34.619998931884766,1575428487.9932976,126.92522430419922,37.47931393149807,8.0,2019-12-03T19:01:27.993298-08:00,10.0,17.744564056396484,1575428488.174465,10.804679242372513,POINT (-122.22114129288977 37.47931393149807),ios,33.67469205902066,0.8011232217875552,-0.7537493295449637
1707,distance,0,-122.2208361071925,34.86000061035156,1575428488.9932737,125.65669250488281,37.47913212054357,8.0,2019-12-03T19:01:28.993274-08:00,10.0,16.924800872802734,1575428489.1709719,10.804957013527552,POINT (-122.2208361071925 37.47913212054357),ios,34.47579618054219,0.04739186302700645,1.480986525489543
1708,distance,0,-122.2205265372533,34.779998779296875,1575428489.9932494,127.82482147216797,37.478942983419586,8.0,2019-12-03T19:01:29.993249-08:00,10.0,17.331539154052734,1575428490.1866388,10.805234784550137,POINT (-122.2205265372533 37.478942983419586),ios,34.52318689106093,1.5283423728568357,-2.533379709019111
1709,distance,0,-122.22021799927548,34.599998474121094,1575428490.9932256,127.82292175292969,37.4787520939431,8.0,2019-12-03T19:01:30.993226-08:00,10.0,17.009578704833984,1575428491.2004318,10.805512555705176,POINT (-122.22021799927548 37.4787520939431),ios,36.051492825396075,-1.0049769356832208,0.943600838589047
1710,distance,0,-122.21989580331594,35.029998779296875,1575428491.9932013,127.82292175292969,37.47855275440485,8.0,2019-12-03T19:01:31.993201-08:00,10.0,16.41842269897461,1575428492.182765,10.805790326727761,POINT (-122.21989580331594 37.47855275440485),ios,35.046540329440504,-0.06139904423523366,-23.329985234540814
1711,distance,0,-122.21958258908496,34.970001220703125,1575428492.9931774,127.8229751586914,37.478358971775585,8.0,2019-12-03T19:01:32.993177-08:00,10.0,17.203426361083984,1575428493.1935081,10.8060680978828,POINT (-122.21958258908496 37.478358971775585),ios,34.98514274907256,-23.39082804858304,67.7985034529551
1712,distance,0,-122.2192699240738,35.29999923706055,1575428493.9931536,127.82305908203125,37.47816552894332,12.0,2019-12-03T19:01:33.993154-08:00,10.0,17.75100326538086,1575428494.1509938,10.80634586903784,POINT (-122.2192699240738 37.47816552894332),ios,11.594872381288257,44.406058962086206,-63.265352510156994
1713,distance,0,-122.2191662999103,35.4900016784668,1575428494.9931295,127.82305908203125,37.478101417670985,12.0,2019-12-03T19:01:34.993129-08:00,21.749725938798417,18.777584075927734,1575428495.113164,10.806623640126652,POINT (-122.2191662999103 37.478101417670985),ios,55.999862033196855,-18.857770100890153,16.916204984502585
1714,distance,0,-122.21867284740843,35.5,1575428495.9931054,128.84153747558594,37.47778476186384,12.0,2019-12-03T19:01:35.993105-08:00,10.0,18.17446517944336,1575428496.1053371,10.806901411215465,POINT (-122.21867284740843 37.47778476186384),ios,37.1425460326247,-1.9419724632807458,5.36697733758675
1715,distance,0,-122.21834821850554,34.869998931884766,1575428496.9930823,129.4204864501953,37.47757215374868,12.0,2019-12-03T19:01:36.993082-08:00,10.0,18.535823822021484,1575428497.099094,10.807179182569186,POINT (-122.21834821850554 37.47757215374868),ios,35.200618480568544,3.424880754356247,-7.066613170547869
1716,distance,0,-122.21804158228538,35.0,1575428497.993057,129.8947296142578,37.47736968639574,12.0,2019-12-03T19:01:37.993057-08:00,10.0,17.88796615600586,1575428498.108,10.807456953326861,POINT (-122.21804158228538 37.47736968639574),ios,38.62541268007327,-3.641553826133277,2.4663778231964906
1717,distance,0,-122.2177063495274,35.310001373291016,1575428498.9930344,129.8947296142578,37.47714634497394,12.0,2019-12-03T19:01:38.993034-08:00,10.0,18.005916595458984,1575428499.1058369,10.807734724813038,POINT (-122.2177063495274 37.47714634497394),ios,34.98394133427844,-1.175231865814919,0.6539704234158141
1718,distance,0,-122.21739957435538,34.869998931884766,1575428499.9930105,128.23025512695312,37.47694707360299,12.0,2019-12-03T19:01:39.993011-08:00,10.0,17.46010971069336,1575428500.104,10.808012495968077,POINT (-122.21739957435538 37.47694707360299),ios,33.80873748817468,-0.5212770342690174,2.0518388142499178
1719,distance,0,-122.21709911035232,34.40999984741211,1575428500.9929852,128.23025512695312,37.476758436793936,12.0,2019-12-03T19:01:40.992985-08:00,10.0,17.61367416381836,1575428501.114842,10.808290266725752,POINT (-122.21709911035232 37.476758436793936),ios,33.28747362781142,1.5305099251524685,-3.553139393202776
1720,distance,0,-122.21680336612498,34.59000015258789,1575428501.992962,128.40611267089844,37.47657262075734,12.0,2019-12-03T19:01:41.992962-08:00,10.0,17.21236801147461,1575428502.1121578,10.808568038013247,POINT (-122.21680336612498 37.47657262075734),ios,34.81794779256773,-2.0225464488746505,1.566794923366426
1721,distance,0,-122.21649468727715,34.650001525878906,1575428502.9929376,128.40611267089844,37.47637759993304,12.0,2019-12-03T19:01:42.992938-08:00,10.0,16.873592376708984,1575428503.1111999,10.80884580903583,POINT (-122.21649468727715 37.47637759993304),ios,32.79545052938343,-0.4557896279162005,-0.10967717959765486
1722,distance,0,-122.21620393914101,34.75,1575428503.992914,128.40611267089844,37.476193907588815,12.0,2019-12-03T19:01:43.992914-08:00,10.0,17.81808090209961,1575428504.1159759,10.809123580257097,POINT (-122.21620393914101 37.476193907588815),ios,32.33967165967006,-0.5654642187552007,4.143896245594099
1723,distance,0,-122.21591723241518,34.7599983215332,1575428504.9928894,128.40611267089844,37.476012768575266,12.0,2019-12-03T19:01:44.992889-08:00,10.0,16.062557220458984,1575428505.1155992,10.809401351213456,POINT (-122.21591723241518 37.476012768575266),ios,31.774221327083943,3.5783302647078514,-4.370449056615542
1724,distance,0,-122.21563553875664,34.619998931884766,1575428505.992866,128.40611267089844,37.475834796777484,12.0,2019-12-03T19:01:45.992866-08:00,10.0,15.61953353881836,1575428506.107569,10.809679122500949,POINT (-122.21563553875664 37.475834796777484),ios,35.3524679840309,-0.7920166762747877,2.3807529478006524
1725,distance,0,-122.21532212316218,34.880001068115234,1575428506.9928412,128.40611267089844,37.475636783314606,12.0,2019-12-03T19:01:46.992841-08:00,10.0,14.251644134521484,1575428507.111977,10.80995689339108,POINT (-122.21532212316218 37.475636783314606),ios,34.560470946231135,1.588677239489424,-1.8306968547844826
1726,distance,0,-122.21501572903215,34.939998626708984,1575428507.9928179,128.40611267089844,37.475443205956736,12.0,2019-12-03T19:01:47.992818-08:00,10.0,13.583614349365234,1575428508.1190472,10.810234664678573,POINT (-122.21501572903215 37.475443205956736),ios,36.14911106624389,-0.2419768410250559,3.4132544204481317
1727,distance,0,-122.21469525141221,35.02000045776367,1575428508.9927945,128.40611267089844,37.475240730762685,12.0,2019-12-03T19:01:48.992795-08:00,10.0,12.406307220458984,1575428509.1032891,10.810512435966068,POINT (-122.21469525141221 37.475240730762685),ios,35.907139879012746,3.1711978286627103,-5.541689447689496
1728,distance,0,-122.21437691995375,34.97999954223633,1575428509.9927697,128.40432739257812,37.47503961149631,12.0,2019-12-03T19:01:49.992770-08:00,10.0,11.965267181396484,1575428510.119235,10.810790206856197,POINT (-122.21437691995375 37.47503961149631),ios,39.0782590761375,-2.370354209887496,0.49272050696290676
1729,distance,0,-122.2140304303323,35.33000183105469,1575428510.9927459,128.3494110107422,37.474820775689984,12.0,2019-12-03T19:01:50.992746-08:00,10.0,11.219173431396484,1575428511.183741,10.811067978011238,POINT (-122.2140304303323 37.474820775689984),ios,36.70796137989827,-1.8776454502969058,3.1343528846015722
1730,distance,0,-122.21370475178195,35.70000076293945,1575428511.9927216,128.3494110107422,37.474615419486476,12.0,2019-12-03T19:01:51.992722-08:00,10.0,12.58785629272461,1575428512.151459,10.811345749033823,POINT (-122.21370475178195 37.474615419486476),ios,34.83036159148852,1.2566312109326292,-1.7394378304811857
1731,distance,0,-122.21339565414821,34.83000183105469,1575428512.9926977,128.3308563232422,37.47442064513841,12.0,2019-12-03T19:01:52.992698-08:00,10.0,13.610958099365234,1575428513.117691,10.811623520188862,POINT (-122.21339565414821 37.47442064513841),ios,36.08696284199837,-0.48276514811895854,2.64793949798768
1732,distance,0,-122.21307540382593,35.220001220703125,1575428513.9926734,128.3308563232422,37.4742188460066,12.0,2019-12-03T19:01:53.992673-08:00,10.0,14.229793548583984,1575428514.113759,10.811901291211447,POINT (-122.21307540382593 37.4742188460066),ios,35.60420943409784,2.1651099554355104,-4.226331719694604
1733,distance,0,-122.21275943779598,35.150001525878906,1575428514.9926503,128.3308563232422,37.47401974653317,12.0,2019-12-03T19:01:54.992650-08:00,10.0,13.408382415771484,1575428515.109199,10.812179062565168,POINT (-122.21275943779598 37.47401974653317),ios,37.76926931789675,-2.0611240235667623,0.36417004871555614
1734,distance,0,-122.2124242591204,35.33000183105469,1575428515.992626,128.3308563232422,37.473808540607614,12.0,2019-12-03T19:01:55.992626-08:00,10.0,13.44198226928711,1575428516.112361,10.812456833587753,POINT (-122.2124242591204 37.473808540607614),ios,35.708195418176615,-1.6969628309915739,1.912457209896694
1735,distance,0,-122.2121167370325,35.0099983215332,1575428516.9926026,128.3203125,37.47359984092179,12.0,2019-12-03T19:01:56.992603-08:00,10.0,13.090206146240234,1575428517.130337,10.812734604875248,POINT (-122.2121167370325 37.47359984092179),ios,34.0112722367568,0.21544969430272384,-0.11376877012080716
1736,distance,0,-122.21181046229061,34.810001373291016,1575428517.992579,127.96875,37.47341418176654,12.0,2019-12-03T19:01:57.992579-08:00,10.0,12.422664642333984,1575428518.210587,10.813012376096513,POINT (-122.21181046229061 37.47341418176654),ios,34.22671684570574,0.10168360951618,-0.10280152183035775
1737,distance,0,-122.21150477428195,34.70000076293945,1575428518.9925551,127.265625,37.47322475075486,12.0,2019-12-03T19:01:58.992555-08:00,10.0,12.533626556396484,1575428519.101681,10.813290147251553,POINT (-122.21150477428195 37.47322475075486),ios,34.32839803089575,-0.0011154613349013266,1.8504048849687045
1738,distance,0,-122.21120822254774,35.13999938964844,1575428519.9925308,129.0234375,37.473024968092766,12.0,2019-12-03T19:01:59.992531-08:00,10.0,12.72927474975586,1575428520.138888,10.813567918274138,POINT (-122.21120822254774 37.473024968092766),ios,34.32728259668741,1.8492444242016526,-3.6051629702960595
1739,distance,0,-122.21090421091971,35.25,1575428520.992507,129.7265625,37.4728323938674,12.0,2019-12-03T19:02:00.992507-08:00,10.0,11.963008880615234,1575428521.139429,10.813845689429177,POINT (-122.21090421091971 37.4728323938674),ios,36.17648293146626,-1.7558325923111262,1.0154520688255373
1740,distance,0,-122.2105849442279,36.189998626708984,1575428521.9924822,129.0234375,37.47262833643469,12.0,2019-12-03T19:02:01.992482-08:00,10.0,12.448970794677734,1575428522.123248,10.814123460319307,POINT (-122.2105849442279 37.47262833643469),ios,34.42069387595876,-0.7404057021600859,1.6074964187196006
1741,distance,0,-122.2102810164189,35.38999938964844,1575428522.9924583,129.0234375,37.47243433728578,12.0,2019-12-03T19:02:02.992458-08:00,10.0,12.50814437866211,1575428523.121704,10.814401231474347,POINT (-122.2102810164189 37.47243433728578),ios,33.68030582644622,0.8670523908583084,-2.593424499950011
1742,distance,0,-122.20996879052576,34.58000183105469,1575428523.9924352,127.265625,37.47226016133788,12.0,2019-12-03T19:02:03.992435-08:00,10.0,13.739070892333984,1575428524.107568,10.814679002828068,POINT (-122.20996879052576 37.47226016133788),ios,34.547338165328824,-1.7263121319950265,4.236414888068434
1743,distance,0,-122.20965405006167,34.849998474121094,1575428524.9924107,127.96875,37.47207542419198,12.0,2019-12-03T19:02:04.992411-08:00,10.0,13.26772689819336,1575428525.1057448,10.814956773784425,POINT (-122.20965405006167 37.47207542419198),ios,32.821068426577014,2.509998721951544,-4.249449254009805
1744,distance,0,-122.20937190058284,34.0,1575428525.9923868,128.4389190673828,37.471883133946385,12.0,2019-12-03T19:02:05.992387-08:00,10.0,17.761470794677734,1575428526.1018472,10.815234544939464,POINT (-122.20937190058284 37.471883133946385),ios,35.331007305495675,-1.7393492172929508,4.179214258676949
1745,distance,0,-122.20905883561674,34.720001220703125,1575428526.9923635,128.4389190673828,37.47168509667523,12.0,2019-12-03T19:02:06.992363-08:00,10.0,17.343624114990234,1575428527.0944629,10.81551231622696,POINT (-122.20905883561674 37.47168509667523),ios,33.59169872813328,2.439767393956118,-1.2513500363921237
1746,distance,0,-122.20876118340804,33.5099983215332,1575428527.9923387,128.4389190673828,37.47149680913895,12.0,2019-12-03T19:02:07.992339-08:00,10.0,17.211360931396484,1575428528.1032128,10.815790087117088,POINT (-122.20876118340804 37.47149680913895),ios,36.03140562675836,1.1884483854541485,0.08157219806569546
1747,distance,0,-122.20844191359238,34.95000076293945,1575428528.9923143,128.4389190673828,37.471294846831114,12.0,2019-12-03T19:02:08.992314-08:00,10.0,17.78542709350586,1575428529.119431,10.816067858139673,POINT (-122.20844191359238 37.471294846831114),ios,37.219825110698615,1.2700185997904332,-1.7472830038037541
1748,distance,0,-122.20811211357848,35.529998779296875,1575428529.992291,128.4389190673828,37.47108622337639,12.0,2019-12-03T19:02:09.992291-08:00,10.0,16.93349838256836,1575428530.113353,10.816345629427168,POINT (-122.20811211357848 37.47108622337639),ios,38.48981403647811,-0.4772235787096774,-3.009560079586964
1749,distance,0,-122.20777106119438,36.349998474121094,1575428530.992267,128.4389190673828,37.47087048194641,12.0,2019-12-03T19:02:10.992267-08:00,10.0,16.680843353271484,1575428531.1182299,10.81662340051598,POINT (-122.20777106119438 37.47087048194641),ios,38.012601949444154,-3.4867111872578143,0.5921448108783232
1750,distance,0,-122.20743423798508,36.439998626708984,1575428531.9922426,128.4389190673828,37.47065741578937,8.0,2019-12-03T19:02:11.992243-08:00,10.0,16.201229095458984,1575428532.1170468,10.816901171538564,POINT (-122.20743423798508 37.47065741578937),ios,34.525975554452494,-2.894580776568583,5.340899582356833
1751,distance,0,-122.20712830947004,34.5,1575428532.992219,128.4389190673828,37.470463892863314,12.0,2019-12-03T19:02:12.992219-08:00,10.0,15.92184066772461,1575428533.247853,10.817178942759831,POINT (-122.20712830947004 37.470463892863314),ios,31.63146309994566,2.446192742188985,-4.610844389788276
1752,distance,0,-122.20684802907222,34.2599983215332,1575428533.9921956,128.4389190673828,37.47028659431141,12.0,2019-12-03T19:02:13.992196-08:00,10.0,13.755001068115234,1575428534.103446,10.817456714047326,POINT (-122.20684802907222 37.47028659431141),ios,34.07759868679046,-2.164543915124439,13.386115381495483
1753,distance,0,-122.2065460746736,35.220001220703125,1575428534.9921713,128.4389190673828,37.47009558531458,12.0,2019-12-03T19:02:14.992171-08:00,10.0,12.219356536865234,1575428535.127451,10.817734485069911,POINT (-122.2065460746736 37.47009558531458),ios,31.913107410549454,11.22124593351293,-19.77998633949251
1754,distance,0,-122.20626329966764,35.06999969482422,1575428535.9921474,128.4389190673828,37.46991670873434,12.0,2019-12-03T19:02:15.992147-08:00,10.0,13.290279388427734,1575428536.11594,10.81801225622495,POINT (-122.20626329966764 37.46991670873434),ios,43.13408580871126,-8.558268814355806,6.49498246592365
1755,distance,0,-122.20588064986121,35.869998931884766,1575428536.9921238,128.35450744628906,37.46967538520094,12.0,2019-12-03T19:02:16.992124-08:00,10.0,15.372676849365234,1575428537.141447,10.818290027446217,POINT (-122.20588064986121 37.46967538520094),ios,34.576018998934195,-2.063439652356746,5.1661188308047095
1756,distance,0,-122.20557377050831,35.630001068115234,1575428537.9920993,128.3172607421875,37.46948209263292,12.0,2019-12-03T19:02:17.992099-08:00,10.0,15.714839935302734,1575428538.117213,10.818567798402574,POINT (-122.20557377050831 37.46948209263292),ios,32.5126300186995,3.102552313480719,-3.4666874307044955
1757,distance,0,-122.2052851972257,34.47999954223633,1575428538.992076,128.3172607421875,37.46930034285917,12.0,2019-12-03T19:02:18.992076-08:00,10.0,16.314571380615234,1575428539.117281,10.818845569690069,POINT (-122.2052851972257 37.46930034285917),ios,35.61510984098103,-0.3640541180000175,-0.522866522738626
1758,distance,0,-122.2049690878188,35.0,1575428539.992052,128.3152618408203,37.46910125023126,12.0,2019-12-03T19:02:19.992052-08:00,10.0,16.771785736083984,1575428540.102236,10.819123340845108,POINT (-122.2049690878188 37.46910125023126),ios,35.25106440270756,-0.8869081746293024,2.153398940794984
1759,distance,0,-122.20465621023175,35.560001373291016,1575428540.9920278,128.3152618408203,37.46890419307426,12.0,2019-12-03T19:02:20.992028-08:00,10.0,17.325435638427734,1575428541.092043,10.819401111867693,POINT (-122.20465621023175 37.46890419307426),ios,34.36417779652771,1.2664383983134797,-2.935878510233071
1760,distance,0,-122.20435120457324,34.720001220703125,1575428541.9920044,128.3152618408203,37.468712093830256,12.0,2019-12-03T19:02:21.992004-08:00,10.0,18.175472259521484,1575428542.093234,10.819678883155188,POINT (-122.20435120457324 37.468712093830256),ios,35.630586604481735,-1.6693715150572748,0.970935608687206
1761,distance,0,-122.20403495940161,35.529998779296875,1575428542.9919803,128.3152618408203,37.468512915694724,12.0,2019-12-03T19:02:22.991980-08:00,10.0,19.355159759521484,1575428543.104743,10.819956654243999,POINT (-122.20403495940161 37.468512915694724),ios,33.961255288352106,-0.6984592867679793,0.9672205360839675
1762,distance,0,-122.2037335312815,34.93000030517578,1575428543.9919558,128.3152618408203,37.46832306966278,12.0,2019-12-03T19:02:23.991956-08:00,10.0,19.40444564819336,1575428544.1067882,10.820234425200356,POINT (-122.2037335312815 37.46832306966278),ios,33.26281315372821,0.2687374971713614,-1.1284242180046424
1763,distance,0,-122.20343830253154,33.95000076293945,1575428544.991932,128.3152618408203,37.468137128129904,12.0,2019-12-03T19:02:24.991932-08:00,10.0,19.070552825927734,1575428545.097625,10.820512196355395,POINT (-122.20343830253154 37.468137128129904),ios,33.53154424369835,-0.859659817103413,2.7977706350348193
1764,distance,0,-122.20314068886438,34.5099983215332,1575428545.9919088,128.3152618408203,37.46794968452397,8.0,2019-12-03T19:02:25.991909-08:00,10.0,19.30709457397461,1575428546.0893888,10.820789967709118,POINT (-122.20314068886438 37.46794968452397),ios,32.67190430760553,1.9380461150029589,-2.6536446792670083
1765,distance,0,-122.20285070590074,33.849998474121094,1575428546.9918842,128.3152618408203,37.46776704690224,8.0,2019-12-03T19:02:26.991884-08:00,10.0,18.80385971069336,1575428547.1057692,10.821067738665475,POINT (-122.20285070590074 37.46776704690224),ios,34.60990282978979,-0.7155333984100811,1.2706407781284497
1766,distance,0,-122.20254352227943,34.0099983215332,1575428547.9918604,128.3152618408203,37.46757357592956,8.0,2019-12-03T19:02:27.991860-08:00,10.0,18.39822006225586,1575428548.114059,10.821345509820514,POINT (-122.20254352227943 37.46757357592956),ios,33.89438649102532,0.5550770852814815,-3.364528193848419
1767,distance,0,-122.20224268991052,34.119998931884766,1575428548.991836,128.3152618408203,37.46738410511474,8.0,2019-12-03T19:02:28.991836-08:00,10.0,18.351070404052734,1575428549.1148682,10.821623280843099,POINT (-122.20224268991052 37.46738410511474),ios,34.44945007755643,-2.8093692876317427,2.7343364830994723
1768,distance,0,-122.20193693136343,34.52000045776367,1575428549.9918122,128.3152618408203,37.467191531685046,8.0,2019-12-03T19:02:29.991812-08:00,10.0,17.94655990600586,1575428550.189762,10.821901051998138,POINT (-122.20193693136343 37.467191531685046),ios,31.640147770508058,-0.07509799619417926,3.2368881504568794
1769,distance,0,-122.20165610747176,33.84000015258789,1575428550.9917881,128.3152618408203,37.46701466264743,12.0,2019-12-03T19:02:30.991788-08:00,10.0,18.786067962646484,1575428551.0992808,10.82217882308695,POINT (-122.20165610747176 37.46701466264743),ios,31.56505158269439,3.1617122091010725,-4.6269161191247274
1770,distance,0,-122.20137595037312,33.54999923706055,1575428551.9917645,128.3152618408203,37.466838213570675,12.0,2019-12-03T19:02:31.991765-08:00,10.0,18.581783294677734,1575428552.102875,10.822456594308218,POINT (-122.20137595037312 37.466838213570675),ios,34.726689164513154,-1.4650946988897469,8.63067813468066
1771,distance,0,-122.20106773284772,34.349998474121094,1575428552.9917397,128.3152618408203,37.46664409142257,12.0,2019-12-03T19:02:32.991740-08:00,10.0,18.909236907958984,1575428553.1389241,10.822734365198347,POINT (-122.20106773284772 37.46664409142257),ios,33.26163079342623,7.165369433533087,-20.29371068114626
1772,distance,0,-122.20077264089429,34.380001068115234,1575428553.9917154,128.37197875976562,37.4664580370933,12.0,2019-12-03T19:02:33.991715-08:00,30.0,18.550838470458984,1575428554.1806831,10.823012136220932,POINT (-122.20077264089429 37.4664580370933),ios,40.42682597452501,-13.127847731051313,20.24515823073903
1773,distance,0,-122.20041411465002,35.2599983215332,1575428554.991692,128.37197875976562,37.46623176949484,12.0,2019-12-03T19:02:34.991692-08:00,30.0,18.51400375366211,1575428555.123637,10.823289907508427,POINT (-122.20041411465002 37.46623176949484),ios,27.29928497590836,7.1168374711455265,-6.400150514385242
1774,distance,0,-122.20017191693756,33.13999938964844,1575428555.9916675,128.30030822753906,37.466079070639736,12.0,2019-12-03T19:02:35.991668-08:00,10.0,17.85787582397461,1575428556.182026,10.823567678464784,POINT (-122.20017191693756 37.466079070639736),ios,34.4159476780673,0.7168441259838266,-0.552589567058859
1775,distance,0,-122.19986639542847,33.400001525878906,1575428556.9916446,128.30030822753906,37.46588674969496,12.0,2019-12-03T19:02:36.991645-08:00,10.0,17.80923080444336,1575428557.1199489,10.823845449884733,POINT (-122.19986639542847 37.46588674969496),ios,35.13277539679116,0.1642672066964305,1.9015235550801857
1776,distance,0,-122.19955451142584,34.040000915527344,1575428557.99162,128.30030822753906,37.46569042366139,12.0,2019-12-03T19:02:37.991620-08:00,10.0,17.591609954833984,1575428558.118036,10.82412322084109,POINT (-122.19955451142584 37.46569042366139),ios,35.29703856955913,2.065744065846571,-2.934023512393314
1777,distance,0,-122.19924116949278,34.5099983215332,1575428558.9915962,128.30030822753906,37.465493179883765,12.0,2019-12-03T19:02:38.991596-08:00,10.0,16.997310638427734,1575428559.11609,10.824400991996129,POINT (-122.19924116949278 37.465493179883765),ios,37.3627333842292,-0.8682094939750555,-0.9519439649519597
1778,distance,0,-122.19890949050557,34.880001068115234,1575428559.991572,128.30030822753906,37.46528439322133,12.0,2019-12-03T19:02:39.991572-08:00,10.0,18.391109466552734,1575428560.1056361,10.824678763018714,POINT (-122.19890949050557 37.46528439322133),ios,36.494545003976086,-1.8201303088920093,-25.416413689848472
1779,distance,0,-122.19858551889902,35.0,1575428560.9915485,128.30030822753906,37.465080458232805,12.0,2019-12-03T19:02:40.991549-08:00,10.0,19.42831039428711,1575428561.1074328,10.824956534306208,POINT (-122.19858551889902 37.465080458232805),ios,34.674457222466515,-27.235950143707175,77.67467874407653
1780,distance,0,-122.19827770548318,34.7400016784668,1575428561.9915242,128.30030822753906,37.46488669456907,12.0,2019-12-03T19:02:41.991524-08:00,10.0,19.259456634521484,1575428562.103158,10.825234305328793,POINT (-122.19827770548318 37.46488669456907),ios,7.439169421525785,50.43683965354245,-75.17740838057428
1781,distance,0,-122.1982116662366,34.349998474121094,1575428562.9915004,128.30030822753906,37.464845123910656,8.0,2019-12-03T19:02:42.991500-08:00,27.000769700923165,16.97603988647461,1575428563.1158519,10.825512076483832,POINT (-122.1982116662366 37.464845123910656),ios,57.874806567103775,-24.73877635794317,9.11636233040903
1782,distance,0,-122.19769809901729,34.349998474121094,1575428563.9914765,128.32843017578125,37.46452151519996,8.0,2019-12-03T19:02:43.991477-08:00,10.0,17.607784271240234,1575428564.11643,10.825789847638871,POINT (-122.19769809901729 37.46452151519996),ios,33.1366200275514,-15.622631378549478,50.48843457598405
1783,distance,0,-122.19740405296409,34.2400016784668,1575428564.9914534,128.32843017578125,37.464336231052954,8.0,2019-12-03T19:02:44.991453-08:00,10.0,17.822017669677734,1575428565.106289,10.826067618992594,POINT (-122.19740405296409 37.464336231052954),ios,17.51434994738271,34.86463557149381,-51.66368982693628
1784,distance,0,-122.19724863549345,34.119998931884766,1575428565.9914284,128.3265380859375,37.464238299476726,8.0,2019-12-03T19:02:45.991428-08:00,16.00181959174552,18.194942474365234,1575428566.112812,10.826345389816495,POINT (-122.19724863549345 37.464238299476726),ios,52.37811271930476,-16.7977609091729,16.987062084488706
1785,distance,0,-122.1967834993838,34.2400016784668,1575428566.9914055,128.2726593017578,37.4639457741643,8.0,2019-12-03T19:02:46.991405-08:00,10.0,18.74959945678711,1575428567.113056,10.826623161236444,POINT (-122.1967834993838 37.4639457741643),ios,35.58073628036751,0.18891237232009742,-2.067732015411068
1786,distance,0,-122.19646753083876,34.38999938964844,1575428567.9913816,128.2726593017578,37.46374706072228,8.0,2019-12-03T19:02:47.991382-08:00,10.0,19.125179290771484,1575428568.104197,10.826900932391485,POINT (-122.19646753083876 37.46374706072228),ios,35.76964414866567,-1.8787703445180626,2.3663859253629282
1787,distance,0,-122.19615017934291,33.900001525878906,1575428568.9913573,128.35455322265625,37.463546998567345,8.0,2019-12-03T19:02:48.991357-08:00,10.0,18.818904876708984,1575428569.106203,10.82717870341407,POINT (-122.19615017934291 37.463546998567345),ios,33.89091949339072,0.487558033427133,-0.49915158374812496
1788,distance,0,-122.1958495594343,33.9900016784668,1575428569.9913332,128.35455322265625,37.46335738160133,8.0,2019-12-03T19:02:49.991333-08:00,10.0,18.651424407958984,1575428570.104052,10.827456474502881,POINT (-122.1958495594343 37.46335738160133),ios,34.3784657862856,-0.01158153061284526,-1.508936232877296
1789,distance,0,-122.1955446155057,33.95000076293945,1575428570.9913087,128.35455322265625,37.46316503724591,8.0,2019-12-03T19:02:50.991309-08:00,10.0,19.00283432006836,1575428571.094141,10.827734245459238,POINT (-122.1955446155057 37.46316503724591),ios,34.36688454008172,-1.5204807083715837,2.0888500659674247
1790,distance,0,-122.19523977456765,34.08000183105469,1575428571.9912848,128.35455322265625,37.462972757852086,8.0,2019-12-03T19:02:51.991285-08:00,10.0,18.86404037475586,1575428572.096085,10.828012016614279,POINT (-122.19523977456765 37.462972757852086),ios,32.84644008279514,0.5683195555293726,10.99781257475475
1791,distance,0,-122.19494842057728,33.43000030517578,1575428572.9912615,128.35455322265625,37.462788985393544,8.0,2019-12-03T19:02:52.991261-08:00,10.0,18.809627532958984,1575428573.1049628,10.828289787901772,POINT (-122.19494842057728 37.462788985393544),ios,33.414746359526305,11.565875166165087,-24.81097449598684
1792,distance,0,-122.19465202655033,33.13999938964844,1575428573.9912364,128.35455322265625,37.46260203391584,8.0,2019-12-03T19:02:53.991236-08:00,30.0,18.61336898803711,1575428574.118785,10.828567558725675,POINT (-122.19465202655033 37.46260203391584),ios,44.98033198614146,-13.244478213106781,-10.52080851382489
1793,distance,0,-122.19425304392604,35.95000076293945,1575428574.9912133,128.35455322265625,37.46235037435324,8.0,2019-12-03T19:02:54.991213-08:00,10.0,18.92000961303711,1575428575.0969548,10.828845330079396,POINT (-122.19425304392604 37.46235037435324),ios,31.7361600728133,-23.765043416378635,72.90901018826447
1794,distance,0,-122.193971540022,35.4900016784668,1575428575.991189,128.35455322265625,37.462172814868055,8.0,2019-12-03T19:02:55.991189-08:00,30.0,19.27248764038086,1575428576.104876,10.829123101101981,POINT (-122.193971540022 37.462172814868055),ios,7.971694591278795,49.14219371989934,-71.57917831739911
1795,distance,0,-122.19390083002509,34.959999084472656,1575428576.9911659,128.35455322265625,37.462128214312,8.0,2019-12-03T19:02:56.991166-08:00,30.0,19.22329330444336,1575428577.1254911,10.829400872455702,POINT (-122.19390083002509 37.462128214312),ios,57.112751819214076,-22.435329214318973,22.87457063884238
1796,distance,0,-122.19339349192393,34.650001525878906,1575428577.9911413,128.2489471435547,37.461809419515646,8.0,2019-12-03T19:02:57.991141-08:00,10.0,19.804073333740234,1575428578.106567,10.82967864341206,POINT (-122.19339349192393 37.461809419515646),ios,34.67797355182434,0.43867969109259036,-0.15936430368727672
1797,distance,0,-122.19308544463104,34.619998931884766,1575428578.9911172,128.2489471435547,37.46161585259492,8.0,2019-12-03T19:02:58.991117-08:00,10.0,19.94161605834961,1575428579.0883188,10.829956414500872,POINT (-122.19308544463104 37.46161585259492),ios,35.116642679388676,0.27931922494180894,-0.6870136223212133
1798,distance,0,-122.19277350088063,33.939998626708984,1575428579.9910939,128.2489471435547,37.46141983726675,8.0,2019-12-03T19:02:59.991094-08:00,30.0,19.64297103881836,1575428580.0863109,10.830234185788367,POINT (-122.19277350088063 37.46141983726675),ios,35.395955378031,-0.407678345291862,-2.794549589238981
1799,distance,0,-122.19245907670836,34.56999969482422,1575428580.9910698,128.2489471435547,37.46122226332199,8.0,2019-12-03T19:03:00.991070-08:00,30.0,19.46383285522461,1575428581.102973,10.830511956877178,POINT (-122.19245907670836 37.46122226332199),ios,34.98828684974641,-3.2021606410040713,4.854342097608675
1800,distance,0,-122.19214885757509,34.529998779296875,1575428581.9910457,128.7422332763672,37.46102638187626,8.0,2019-12-03T19:03:01.991046-08:00,30.0,19.506465911865234,1575428582.112636,10.83078972796599,POINT (-122.19214885757509 37.46102638187626),ios,31.786203317655936,1.6520645627047192,0.2379303045745954
1801,distance,0,-122.19186843673612,33.709999084472656,1575428582.9910212,128.7422332763672,37.46084703274735,8.0,2019-12-03T19:03:02.991021-08:00,30.0,20.048030853271484,1575428583.1215482,10.831067498922348,POINT (-122.19186843673612 37.46084703274735),ios,33.438227310423436,1.889989024397785,-3.104898200795158
1802,distance,0,-122.19157344181716,34.27000045776367,1575428583.9909973,128.7422332763672,37.46065836245472,8.0,2019-12-03T19:03:03.990997-08:00,30.0,20.08590316772461,1575428584.101274,10.831345270077387,POINT (-122.19157344181716 37.46065836245472),ios,35.32817127397145,-1.214835149855644,1.0150987315490665
1803,distance,0,-122.19126177399158,34.099998474121094,1575428584.990974,128.7422332763672,37.46045902864904,8.0,2019-12-03T19:03:04.990974-08:00,30.0,19.97738265991211,1575428585.0936542,10.831623041364882,POINT (-122.19126177399158 37.46045902864904),ios,34.11336450876429,-0.19976013610950533,1.2218785124870077
1804,distance,0,-122.19096082397743,34.5,1575428585.9909499,128.7422332763672,37.46026654964827,8.0,2019-12-03T19:03:05.990950-08:00,30.0,20.17873764038086,1575428586.083494,10.831900812453695,POINT (-122.19096082397743 37.46026654964827),ios,33.913609182934096,1.0220889532050854,-1.4456212380690807
1805,distance,0,-122.19066163668157,34.209999084472656,1575428586.9909258,128.7422332763672,37.46007519803157,8.0,2019-12-03T19:03:06.990926-08:00,30.0,20.523128509521484,1575428587.099772,10.832178583542506,POINT (-122.19066163668157 37.46007519803157),ios,34.93567352395459,-0.42349747390488385,0.8838592294265948
1806,distance,0,-122.19050634663756,33.9900016784668,1575428587.9909015,131.8359375,37.45978621303799,8.0,2019-12-03T19:03:07.990901-08:00,30.0,20.830379486083984,1575428588.1467361,10.83245635456509,POINT (-122.19050634663756 37.45978621303799),ios,34.51218634895564,0.4603402612186272,-1.6316020394272757
1807,distance,0,-122.19019772496279,33.86000061035156,1575428588.9908776,129.375,37.45959565046938,8.0,2019-12-03T19:03:08.990878-08:00,30.0,20.87484359741211,1575428589.215291,10.83273412572013,POINT (-122.19019772496279 37.45959565046938),ios,34.972515634807166,-1.1712228777846585,5.646575626008251
1808,distance,0,-122.18990067031439,33.790000915527344,1575428589.9908543,129.375,37.45938752781363,8.0,2019-12-03T19:03:09.990854-08:00,30.0,21.03536605834961,1575428590.100898,10.833011897007625,POINT (-122.18990067031439 37.45938752781363),ios,33.80132012266935,4.475220815866913,-14.983728213588815
1809,distance,0,-122.1895886120593,33.79999923706055,1575428590.9908304,129.375,37.45921134020897,8.0,2019-12-03T19:03:10.990830-08:00,30.0,20.895137786865234,1575428591.141173,10.833289668162664,POINT (-122.1895886120593 37.45921134020897),ios,38.27643424095746,-10.508150157802868,12.435244097332669
1810,distance,0,-122.18919977557117,34.7599983215332,1575428591.990807,126.9140625,37.45905895720931,8.0,2019-12-03T19:03:11.990807-08:00,30.0,21.27724838256836,1575428592.101708,10.833567439450158,POINT (-122.18919977557117 37.45905895720931),ios,27.76852960630109,1.9268033897934107,2.6452918984611196
1811,distance,0,-122.18896508228237,34.11000061035156,1575428592.9907827,128.671875,37.458892660250385,8.0,2019-12-03T19:03:12.990783-08:00,30.0,21.500484466552734,1575428593.104398,10.833845210472743,POINT (-122.18896508228237 37.458892660250385),ios,29.695286138750408,4.572030958207485,-1.596995275179121
1812,distance,0,-122.18865202770677,32.880001068115234,1575428593.990758,128.4501495361328,37.45879486799622,8.0,2019-12-03T19:03:13.990758-08:00,30.0,21.630184173583984,1575428594.110097,10.834122981362873,POINT (-122.18865202770677 37.45879486799622),ios,34.26720373101693,2.975075281376175,-3.1270413444187724
1813,distance,0,-122.18834849363417,33.650001525878906,1575428594.9907339,128.4501495361328,37.458602742645056,8.0,2019-12-03T19:03:14.990734-08:00,30.0,21.728694915771484,1575428595.1117148,10.834400752451685,POINT (-122.18834849363417 37.458602742645056),ios,37.24220737175775,-0.15189076302243057,-3.2557016761780253
1814,distance,0,-122.18801860793819,34.5,1575428595.9907098,128.4501495361328,37.458393937733526,8.0,2019-12-03T19:03:15.990710-08:00,30.0,21.554500579833984,1575428596.114058,10.834678523540497,POINT (-122.18801860793819 37.458393937733526),ios,37.09032026630689,-3.407514041003927,2.394029473023404
1815,distance,0,-122.18769006811594,34.599998474121094,1575428596.990686,128.4501495361328,37.458185984708116,8.0,2019-12-03T19:03:16.990686-08:00,30.0,21.973201751708984,1575428597.100891,10.834956294695536,POINT (-122.18769006811594 37.458185984708116),ios,33.682887466768555,-1.0135416460910511,1.2479986721643657
1816,distance,0,-122.18739171124456,34.459999084472656,1575428597.990662,128.4501495361328,37.45799713632549,8.0,2019-12-03T19:03:17.990662-08:00,30.0,21.97024154663086,1575428598.101112,10.835234065850576,POINT (-122.18739171124456 37.45799713632549),ios,32.669369985393416,0.23442727146630074,2.5894524435682187
1817,distance,0,-122.1871023325041,33.939998626708984,1575428598.9906378,128.4501495361328,37.457813970753165,8.0,2019-12-03T19:03:18.990638-08:00,30.0,22.39291000366211,1575428599.120627,10.835511836873161,POINT (-122.1871023325041 37.457813970753165),ios,32.90379155589439,2.82381674293015,-19.306911246035284
1818,distance,0,-122.18681087753377,33.70000076293945,1575428599.9906142,128.4501495361328,37.45762949100748,8.0,2019-12-03T19:03:19.990614-08:00,30.0,22.487361907958984,1575428600.112461,10.835789608094426,POINT (-122.18681087753377 37.45762949100748),ios,35.72754164703736,-16.482638793596866,51.041069452911245
1819,distance,0,-122.18649441086772,33.41999816894531,1575428600.9905906,128.4501495361328,37.457429179823905,8.0,2019-12-03T19:03:20.990591-08:00,30.0,23.15487289428711,1575428601.169146,10.836067379315693,POINT (-122.18649441086772 37.457429179823905),ios,19.245291900405277,34.55722591452816,-55.4339141692783
1820,distance,0,-122.1863240057064,33.77000045776367,1575428601.9905658,128.48062133789062,37.457321214176716,8.0,2019-12-03T19:03:21.990566-08:00,30.0,22.92483139038086,1575428602.168929,10.836345150205824,POINT (-122.1863240057064 37.457321214176716),ios,53.801660950124614,-20.875313741344915,24.142721189352475
1821,distance,0,-122.18584749802376,33.560001373291016,1575428602.9905424,128.4583282470703,37.45701951486651,8.0,2019-12-03T19:03:22.990542-08:00,30.0,23.58034896850586,1575428603.1284409,10.83662292149332,POINT (-122.18584749802376 37.45701951486651),ios,32.92683496091847,3.2668433528259633,-3.584430125935197
1822,distance,0,-122.18555587410576,33.63999938964844,1575428603.9905186,128.4583282470703,37.456834874118606,8.0,2019-12-03T19:03:23.990519-08:00,10.0,23.791866302490234,1575428604.112364,10.836900692648358,POINT (-122.18555587410576 37.456834874118606),ios,36.1936004261294,-0.31750131363548256,2.567084856875192
1823,distance,0,-122.18523531792896,33.310001373291016,1575428604.9904945,128.4583282470703,37.45663191500388,8.0,2019-12-03T19:03:24.990494-08:00,10.0,24.305416107177734,1575428605.114304,10.83717846373717,POINT (-122.18523531792896 37.45663191500388),ios,35.876106758013336,2.249521727126585,-2.8529582398393343
1824,distance,0,-122.18491759123337,33.540000915527344,1575428605.9904714,128.46266174316406,37.45643071917877,8.0,2019-12-03T19:03:25.990471-08:00,10.0,24.357234954833984,1575428606.1102529,10.837456235090892,POINT (-122.18491759123337 37.45643071917877),ios,38.12557646134586,-0.603370533482521,-2.136332888118462
1825,distance,0,-122.18457994596382,33.83000183105469,1575428606.9904463,128.46266174316406,37.45621690693541,8.0,2019-12-03T19:03:26.990446-08:00,10.0,25.282588958740234,1575428607.1080399,10.837734005914793,POINT (-122.18457994596382 37.45621690693541),ios,37.52222103261159,-2.739649940748557,2.442029612630061
1826,distance,0,-122.18424764427151,34.0099983215332,1575428607.9904225,128.46266174316406,37.45600647848664,8.0,2019-12-03T19:03:27.990422-08:00,10.0,24.94997787475586,1575428608.106817,10.838011777069834,POINT (-122.18424764427151 37.45600647848664),ios,34.782636410207644,-0.2976785506415321,-12.290654923438343
1827,distance,0,-122.18393960520892,33.869998931884766,1575428608.9903986,128.46266174316406,37.45581141423146,8.0,2019-12-03T19:03:28.990399-08:00,10.0,26.19845199584961,1575428609.1366239,10.838289548224873,POINT (-122.18393960520892 37.45581141423146),ios,34.48496495677582,-12.588040442031566,36.94938198495105
1828,distance,0,-122.18363420277113,33.79999923706055,1575428609.990375,128.46266174316406,37.45561801960627,8.0,2019-12-03T19:03:29.990375-08:00,10.0,26.13186264038086,1575428610.112787,10.83856731944614,POINT (-122.18363420277113 37.45561801960627),ios,21.897221635793123,24.360469410423487,-39.38046351544847
1829,distance,0,-122.18344027904094,34.060001373291016,1575428610.990351,128.46266174316406,37.4554952183366,8.0,2019-12-03T19:03:30.990351-08:00,10.0,26.76491928100586,1575428611.139447,10.838845090534951,POINT (-122.18344027904094 37.4554952183366),ios,46.2571044393778,-15.019045812575255,15.543260628440132
1830,distance,0,-122.18303065524525,33.560001373291016,1575428611.990327,128.46836853027344,37.45523577300491,6.0,2019-12-03T19:03:31.990327-08:00,10.0,26.96688461303711,1575428612.127573,10.839122861623764,POINT (-122.18303065524525 37.45523577300491),ios,31.238420289578315,0.5238405298514002,-13.40591038263774
1831,distance,0,-122.18275402788656,32.84000015258789,1575428612.990303,128.46836853027344,37.455060564246075,6.0,2019-12-03T19:03:32.990303-08:00,10.0,27.79922103881836,1575428613.0980859,10.839400632778803,POINT (-122.18275402788656 37.455060564246075),ios,31.762248330098235,-12.881750230975841,37.58224901963689
1832,distance,0,-122.18247276204845,32.45000076293945,1575428613.99028,128.46836853027344,37.45488241759193,6.0,2019-12-03T19:03:33.990280-08:00,10.0,26.982601165771484,1575428614.100702,10.839678404132526,POINT (-122.18247276204845 37.45488241759193),ios,18.880796010235276,24.69962963893921,-38.52772360784038
1833,distance,0,-122.1823055664572,32.33000183105469,1575428614.990255,128.46836853027344,37.454776520141415,6.0,2019-12-03T19:03:34.990255-08:00,10.0,26.005550384521484,1575428615.108674,10.839956175022655,POINT (-122.1823055664572 37.454776520141415),ios,43.57981320871179,-13.827138653488838,15.036843208949312
1834,distance,0,-122.18191928428085,31.8700008392334,1575428615.990231,128.3997039794922,37.454532460147924,6.0,2019-12-03T19:03:35.990231-08:00,10.0,25.870540618896484,1575428616.118094,10.840233946111468,POINT (-122.18191928428085 37.454532460147924),ios,29.753007516544784,1.2093424641184767,-1.513143273087545
1835,distance,0,-122.18165556015508,31.489999771118164,1575428616.990208,128.3997039794922,37.45436583452458,6.0,2019-12-03T19:03:36.990208-08:00,10.0,25.978939056396484,1575428617.108043,10.840511717465189,POINT (-122.18165556015508 37.45436583452458),ios,30.962322012681202,-0.30376581510656103,0.6143904066231971
1836,distance,0,-122.18138111770567,31.469999313354492,1575428617.9901834,128.3997039794922,37.45419243687248,6.0,2019-12-03T19:03:37.990183-08:00,10.0,25.96181869506836,1575428618.106108,10.840789488421546,POINT (-122.18138111770567 37.45419243687248),ios,30.658563657186285,0.3106095038615968,-12.672367548953938
1837,distance,0,-122.18110840469195,31.0,1575428618.9937038,128.3997039794922,37.454020131908834,6.0,2019-12-03T19:03:38.993704-08:00,10.0,26.03335189819336,1575428619.110434,10.841068244112863,POINT (-122.18110840469195 37.454020131908834),ios,30.970266658308457,-12.406370972345075,34.30477664543311
1838,distance,0,-122.1808337946208,30.989999771118164,1575428619.9940362,128.3997039794922,37.453846628350334,6.0,2019-12-03T19:03:39.994036-08:00,10.0,25.948848724365234,1575428620.1581302,10.841346114211612,POINT (-122.1808337946208 37.453846628350334),ios,18.55977236034477,21.909807054257293,-33.60817640348117
1839,distance,0,-122.18066921923308,30.700000762939453,1575428620.9944174,128.3977813720703,37.45374264667446,6.0,2019-12-03T19:03:40.994417-08:00,10.0,26.11489486694336,1575428621.113811,10.841623997886975,POINT (-122.18066921923308 37.45374264667446),ios,40.47793211900302,-11.711181838273115,12.197023391114127
1840,distance,0,-122.18031053518483,29.93000030517578,1575428621.994783,128.37989807128906,37.45351563207681,6.0,2019-12-03T19:03:41.994783-08:00,10.0,27.168636322021484,1575428622.130094,10.841901877191331,POINT (-122.18031053518483 37.45351563207681),ios,28.76246989433968,0.49029951222082346,-1.1364613378647193
1841,distance,0,-122.18005543892447,29.690000534057617,1575428622.9951158,128.37989807128906,37.45335456102033,6.0,2019-12-03T19:03:42.995116-08:00,10.0,27.89138412475586,1575428623.117919,10.842179747422536,POINT (-122.18005543892447 37.45335456102033),ios,29.252932594092705,-0.6465400767262349,0.2042528701226141
1842,distance,0,-122.17979599912285,29.200000762939453,1575428623.9954252,128.37989807128906,37.45319074739609,6.0,2019-12-03T19:03:43.995425-08:00,10.0,27.21371078491211,1575428624.10412,10.842457611163457,POINT (-122.17979599912285 37.45319074739609),ios,28.60619243434445,-0.4422239970161853,0.8117892527739499
1843,distance,0,-122.17954230136321,28.790000915527344,1575428624.9957116,128.37989807128906,37.45303055937094,6.0,2019-12-03T19:03:44.995712-08:00,10.0,27.31484603881836,1575428625.101241,10.842735468480322,POINT (-122.17954230136321 37.45303055937094),ios,28.163841810593432,0.3697977040716163,-2.807094900618498
1844,distance,0,-122.17929253042603,28.549999237060547,1575428625.995984,128.37989807128906,37.452872850791934,6.0,2019-12-03T19:03:45.995984-08:00,10.0,26.46596908569336,1575428626.103928,10.843013321955999,POINT (-122.17929253042603 37.452872850791934),ios,28.53374028913818,-2.4380621648160887,4.10396418807779
1845,distance,0,-122.17903948407898,28.600000381469727,1575428626.996238,128.37989807128906,37.45271307407707,6.0,2019-12-03T19:03:46.996238-08:00,10.0,26.64876937866211,1575428627.1490211,10.843291170265939,POINT (-122.17903948407898 37.45271307407707),ios,26.095059061849383,1.6669440845572832,-3.1067400843438513
1846,distance,0,-122.17880811377283,27.510000228881836,1575428627.996475,128.40184020996094,37.452566910855936,6.0,2019-12-03T19:03:47.996475-08:00,10.0,26.05556869506836,1575428628.213026,10.843569013873736,POINT (-122.17880811377283 37.452566910855936),ios,27.762398192264108,-1.4405322601157757,4.276686498660135
1847,distance,0,-122.1785619945425,27.649999618530273,1575428628.9966846,128.40184020996094,37.45241138569752,6.0,2019-12-03T19:03:48.996685-08:00,10.0,25.617855072021484,1575428629.120929,10.843846849865384,POINT (-122.1785619945425 37.45241138569752),ios,26.321564039901933,2.8370505034389217,-3.999469446967405
1848,distance,0,-122.17832865222267,27.6200008392334,1575428629.9968798,128.40184020996094,37.4522639343943,6.0,2019-12-03T19:03:49.996880-08:00,10.0,25.811397552490234,1575428630.119551,10.844124681883388,POINT (-122.17832865222267 37.4522639343943),ios,29.159168519486197,-1.1631998991952788,-0.11541258867406715
1849,distance,0,-122.1780701583866,27.700000762939453,1575428630.9970608,128.40184020996094,37.45210058960102,6.0,2019-12-03T19:03:50.997061-08:00,10.0,25.524349212646484,1575428631.109878,10.84440250992775,POINT (-122.1780701583866 37.45210058960102),ios,27.99575812798433,-1.2786333728969461,-1.9266223218277325
1850,distance,0,-122.17782197948621,26.799999237060547,1575428631.9972374,128.40184020996094,37.451943762916834,6.0,2019-12-03T19:03:51.997237-08:00,10.0,25.37466049194336,1575428632.149756,10.844680336780018,POINT (-122.17782197948621 37.451943762916834),ios,26.716898861272984,-3.2055960675589974,1.4560436787971283
1851,distance,0,-122.17758514402088,26.770000457763672,1575428632.997388,128.40184020996094,37.45179410426068,6.0,2019-12-03T19:03:52.997388-08:00,10.0,25.18917465209961,1575428633.116334,10.844958156347275,POINT (-122.17758514402088 37.45179410426068),ios,23.51082053703478,-1.7493333384590486,5.813817806991438
1852,distance,0,-122.17737673034325,26.200000762939453,1575428633.9975343,128.40184020996094,37.45166240561126,6.0,2019-12-03T19:03:53.997534-08:00,10.0,25.06167221069336,1575428634.1165771,10.845235974788666,POINT (-122.17737673034325 37.45166240561126),ios,21.761231115404406,4.065335547551339,-4.097105920257741
1853,distance,0,-122.17718382836604,25.020000457763672,1575428634.9976697,128.40184020996094,37.45154050895766,6.0,2019-12-03T19:03:54.997670-08:00,10.0,25.869503021240234,1575428635.1135411,10.845513790183597,POINT (-122.17718382836604 37.45154050895766),ios,25.827117197821842,-0.032325209972062056,1.2148682503856718
1854,distance,0,-122.17695488707797,25.3799991607666,1575428635.9977946,128.40184020996094,37.45139583870964,6.0,2019-12-03T19:03:55.997795-08:00,10.0,25.39205551147461,1575428636.1133819,10.845791602664523,POINT (-122.17695488707797 37.45139583870964),ios,25.79478794941813,1.1826948155265253,-4.240449712891803
1855,distance,0,-122.17672623514646,25.540000915527344,1575428636.9979086,128.40184020996094,37.45125135130887,6.0,2019-12-03T19:03:56.997909-08:00,10.0,25.12319564819336,1575428637.147174,10.846069412098991,POINT (-122.17672623514646 37.45125135130887),ios,26.977617549672186,-3.0582381563190304,4.419886502617397
1856,distance,0,-122.17648710018103,25.690000534057617,1575428637.9980159,128.40184020996094,37.45110023957601,8.0,2019-12-03T19:03:57.998016-08:00,10.0,24.68600082397461,1575428638.100815,10.84634721967909,POINT (-122.17648710018103 37.45110023957601),ios,23.919051279995053,1.362122548675251,-9.439825219342472
1857,distance,0,-122.17627507861768,25.440000534057617,1575428638.9981165,128.40184020996094,37.450966261068174,8.0,2019-12-03T19:03:58.998116-08:00,30.0,25.18661117553711,1575428639.110814,10.846625025404824,POINT (-122.17627507861768 37.450966261068174),ios,25.281310875416448,-8.078652436407273,13.041868076092927
1858,distance,0,-122.17605098419877,25.15999984741211,1575428639.9982076,128.40184020996094,37.45082465360436,8.0,2019-12-03T19:03:59.998208-08:00,30.0,24.93874740600586,1575428640.11412,10.846902828481463,POINT (-122.17605098419877 37.45082465360436),ios,17.201922668490226,4.9644034395220675,-0.5480787884852162
1859,distance,0,-122.17589850692421,23.809999465942383,1575428640.998292,128.40184020996094,37.4507283017173,8.0,2019-12-03T19:04:00.998292-08:00,30.0,24.858211517333984,1575428641.1201959,10.847180629703734,POINT (-122.17589850692421 37.4507283017173),ios,22.1667451045413,4.416278393090092,-5.988836980792999
1860,distance,0,-122.17570202321004,23.450000762939453,1575428641.9983692,128.40184020996094,37.450604141728945,8.0,2019-12-03T19:04:01.998369-08:00,30.0,24.89730453491211,1575428642.1163821,10.847458428939184,POINT (-122.17570202321004 37.450604141728945),ios,26.583364644624876,-1.5730212111040185,-0.9312980717032724
1861,distance,0,-122.17546639276522,23.3700008392334,1575428642.9984403,128.40184020996094,37.45045524453708,8.0,2019-12-03T19:04:02.998440-08:00,30.0,24.31881332397461,1575428643.128604,10.84773622645272,POINT (-122.17546639276522 37.45045524453708),ios,25.010231672351207,-2.5043854503586576,2.0943649714647683
1862,distance,0,-122.17524470783535,24.049999237060547,1575428643.9985056,128.40184020996094,37.450315159653044,8.0,2019-12-03T19:04:03.998506-08:00,30.0,23.891292572021484,1575428644.112392,10.848014022376802,POINT (-122.17524470783535 37.450315159653044),ios,22.505682618778906,-0.4098836609612401,0.236234987727625
1863,distance,0,-122.17504522424751,23.149999618530273,1575428644.998564,128.40184020996094,37.45018910401506,8.0,2019-12-03T19:04:04.998564-08:00,30.0,23.75515365600586,1575428645.1128712,10.84829181638029,POINT (-122.17504522424751 37.45018910401506),ios,22.095775015467055,-0.17363487414513865,-0.22659525668811345
1864,distance,0,-122.17484937490438,23.020000457763672,1575428645.9986186,128.40184020996094,37.450065344892,8.0,2019-12-03T19:04:05.998619-08:00,30.0,23.780513763427734,1575428646.101194,10.848569609324137,POINT (-122.17484937490438 37.450065344892),ios,21.9221306612303,-0.40024250244813303,-1.2347147439162036
1865,distance,0,-122.17465506585388,22.389999389648438,1575428646.9986682,128.40184020996094,37.44994255909496,8.0,2019-12-03T19:04:06.998668-08:00,30.0,23.64028549194336,1575428647.108561,10.848847400877212,POINT (-122.17465506585388 37.44994255909496),ios,21.521868310330433,-1.6350184771827834,8.666113399788085
1866,distance,0,-122.17446430576018,21.59000015258789,1575428647.9987125,128.40184020996094,37.44982201591857,8.0,2019-12-03T19:04:07.998713-08:00,30.0,23.67007064819336,1575428648.101682,10.849125190973282,POINT (-122.17446430576018 37.44982201591857),ios,19.886777326854173,7.031479228819719,-13.237748339434544
1867,distance,0,-122.17428803912804,21.520000457763672,1575428648.9987535,128.40184020996094,37.44971063130287,4.0,2019-12-03T19:04:08.998754-08:00,30.0,22.26455307006836,1575428649.1032438,10.84940298014217,POINT (-122.17428803912804 37.44971063130287),ios,26.918544902543207,-6.206811964140555,5.344656589165209
1868,distance,0,-122.17404944775348,22.530000686645508,1575428649.9987898,128.40184020996094,37.44955986307042,4.0,2019-12-03T19:04:09.998790-08:00,30.0,22.44045639038086,1575428650.10467,10.84968076798651,POINT (-122.17404944775348 37.44955986307042),ios,20.711508005870687,-0.8619616866300203,1.1007367501867071
1869,distance,0,-122.1736822990311,21.8799991607666,1575428651.9988523,128.40184020996094,37.449327858187516,8.0,2019-12-03T19:04:11.998852-08:00,30.0,23.32632064819336,1575428652.1035628,10.85023634089364,POINT (-122.1736822990311 37.449327858187516),ios,18.98753078959834,1.339580571999483,0.34195014087627684
1870,distance,0,-122.17351400588308,22.059999465942383,1575428652.9988794,128.40184020996094,37.449221512094724,4.0,2019-12-03T19:04:12.998879-08:00,30.0,22.609004974365234,1575428653.0999851,10.85051412622134,POINT (-122.17351400588308 37.449221512094724),ios,20.32714777102003,1.681540006984165,-1.115120434184357
1871,distance,0,-122.173333840347,21.56999969482422,1575428653.9989014,128.40184020996094,37.449107663723325,6.0,2019-12-03T19:04:13.998901-08:00,30.0,23.15938949584961,1575428654.107345,10.850791910092036,POINT (-122.173333840347 37.449107663723325),ios,22.00872466175908,0.5663951131802992,-3.6054077549220658
1872,distance,0,-122.17312957171552,21.389999389648438,1575428654.998921,130.78125,37.44899417742849,4.0,2019-12-03T19:04:14.998921-08:00,30.0,22.715755462646484,1575428655.13687,10.85106969330046,POINT (-122.17312957171552 37.44899417742849),ios,22.57513084814706,-3.039083128629675,3.492487841376945
1873,distance,0,-122.17292102996461,20.899999618530273,1575428655.998939,130.078125,37.448876663146024,4.0,2019-12-03T19:04:15.998939-08:00,30.0,22.63656234741211,1575428656.25371,10.851347476111519,POINT (-122.17292102996461 37.448876663146024),ios,19.535992651902408,0.45346799597040927,0.5222304520746864
1874,distance,0,-122.17273294005744,20.739999771118164,1575428656.9989533,128.3203125,37.448784085025494,4.0,2019-12-03T19:04:16.998953-08:00,30.0,22.96548080444336,1575428657.131833,10.851625257862938,POINT (-122.17273294005744 37.448784085025494),ios,19.989467134784533,0.9757059186116365,-1.4923595889944727
1875,distance,0,-122.17257150460236,20.610000610351562,1575428657.9989657,132.1875,37.448658021201794,4.0,2019-12-03T19:04:17.998966-08:00,30.0,23.12179183959961,1575428658.185338,10.85190303908454,POINT (-122.17257150460236 37.448658021201794),ios,20.965185149969944,-0.5166721723079777,3.406655704248596
1876,distance,0,-122.17238165449552,21.31999969482422,1575428658.9989762,131.8359375,37.44854473978043,4.0,2019-12-03T19:04:18.998976-08:00,30.0,23.200374603271484,1575428659.104776,10.852180819776324,POINT (-122.17238165449552 37.44854473978043),ios,20.44850755755518,2.890019269181168,-5.092864054342002
1877,distance,0,-122.1722273721611,21.010000228881836,1575428659.998983,128.7651824951172,37.44840756711742,4.0,2019-12-03T19:04:19.998983-08:00,30.0,23.315792083740234,1575428660.113622,10.852458599408468,POINT (-122.1722273721611 37.44840756711742),ios,23.338546119696403,-2.202878783696353,1.1957191374283989
1878,distance,0,-122.17202157270893,20.040000915527344,1575428660.9989886,128.7651824951172,37.44827581278183,4.0,2019-12-03T19:04:20.998989-08:00,30.0,23.394710540771484,1575428661.094798,10.852736378775703,POINT (-122.17202157270893 37.44827581278183),ios,21.13565473102654,-1.007152804308168,1.112659545574181
1879,distance,0,-122.1718351986458,20.5,1575428661.9989939,128.7651824951172,37.44815649472437,4.0,2019-12-03T19:04:21.998994-08:00,30.0,23.30532455444336,1575428662.0973601,10.853014158010483,POINT (-122.1718351986458 37.44815649472437),ios,20.12849664399168,0.10551257739758656,0.5685177316567852
1880,distance,0,-122.17165770658283,20.239999771118164,1575428662.998995,128.7651824951172,37.448042862989304,4.0,2019-12-03T19:04:22.998995-08:00,30.0,23.30697250366211,1575428663.094017,10.853291936119398,POINT (-122.17165770658283 37.448042862989304),ios,20.234009347170062,0.6740309867803207,-3.725979253720438
1881,distance,0,-122.1714792841938,20.059999465942383,1575428663.9989967,128.7651824951172,37.44792863565256,4.0,2019-12-03T19:04:23.998997-08:00,30.0,23.489253997802734,1575428664.096317,10.853569714360766,POINT (-122.1714792841938 37.44792863565256),ios,20.908041458860954,-3.0519544853388734,4.017672355450952
1882,distance,0,-122.17129388324688,20.25,1575428664.9989955,128.2828369140625,37.447811630605706,4.0,2019-12-03T19:04:24.998996-08:00,30.0,23.52621078491211,1575428665.093565,10.853847491807407,POINT (-122.17129388324688 37.447811630605706),ios,17.85609061173534,0.9657130806734072,-0.7021539393629155
1883,distance,0,-122.17113536579984,19.860000610351562,1575428665.9989934,128.2828369140625,37.44771188483111,4.0,2019-12-03T19:04:25.998993-08:00,30.0,23.574275970458984,1575428666.093559,10.854125268989138,POINT (-122.17113536579984 37.44771188483111),ios,18.821801620213282,0.2635606479693925,-1.3244351263145115
1884,distance,0,-122.17096827551325,19.719999313354492,1575428666.9989905,128.2828369140625,37.44760674466906,4.0,2019-12-03T19:04:26.998991-08:00,30.0,23.77871322631836,1575428667.104381,10.85440304597219,POINT (-122.17096827551325 37.44760674466906),ios,19.085361514129612,-1.060870689105828,2.6907826124506813
1885,distance,0,-122.1707988460285,18.780000686645508,1575428667.9989853,128.2828369140625,37.447500132586214,4.0,2019-12-03T19:04:27.998985-08:00,30.0,23.931697845458984,1575428668.202423,10.854680822292964,POINT (-122.1707988460285 37.447500132586214),ios,18.024496389511995,1.6298978096283767,-1.3083388092628967
1886,distance,0,-122.17063883454122,18.469999313354492,1575428668.9989796,128.2828369140625,37.447399446699315,4.0,2019-12-03T19:04:28.998980-08:00,30.0,23.796871185302734,1575428669.122968,10.854958598481284,POINT (-122.17063883454122 37.447399446699315),ios,19.654384872790295,0.32156648674019733,-3.111274769918076
1887,distance,0,-122.17046435412465,18.690000534057617,1575428669.998973,128.2828369140625,37.44728965635995,4.0,2019-12-03T19:04:29.998973-08:00,30.0,23.56496810913086,1575428670.1097941,10.855236374404695,POINT (-122.17046435412465 37.44728965635995),ios,19.975949212842597,-2.789687513178003,2.9940252275364854
1888,distance,0,-122.17028701954268,18.59000015258789,1575428670.9989643,128.2828369140625,37.44717807006096,4.0,2019-12-03T19:04:30.998964-08:00,30.0,23.359004974365234,1575428671.104913,10.855514149798287,POINT (-122.17028701954268 37.44717807006096),ios,17.186285643744583,0.2043120164338224,-0.42976555342940964
1889,distance,0,-122.17013445013549,18.520000457763672,1575428671.9989552,128.2828369140625,37.44708206704054,4.0,2019-12-03T19:04:31.998955-08:00,30.0,22.86001205444336,1575428672.3427649,10.855791925059425,POINT (-122.17013445013549 37.44708206704054),ios,17.39059580913074,-0.22544964336006865,-0.9196448018860779
1890,distance,0,-122.16998006732996,18.459999084472656,1575428672.9989448,128.2828369140625,37.44698492295444,4.0,2019-12-03T19:04:32.998945-08:00,30.0,22.07101058959961,1575428673.139409,10.856069699923198,POINT (-122.16998006732996 37.44698492295444),ios,17.16514853083155,-1.145084797788241,1.4891849080756192
1891,distance,0,-122.16982768602475,17.860000610351562,1575428673.9989343,128.2828369140625,37.44688903829564,4.0,2019-12-03T19:04:33.998934-08:00,50.0,21.621089935302734,1575428674.112105,10.85634747478697,POINT (-122.16982768602475 37.44688903829564),ios,16.02007574546089,0.3440844881159867,-11.62966735533376
1892,distance,0,-122.16968547039698,17.6299991607666,1575428674.9989214,128.2828369140625,37.44679955030414,4.0,2019-12-03T19:04:34.998921-08:00,50.0,21.384944915771484,1575428675.11711,10.85662524898847,POINT (-122.16968547039698 37.44679955030414),ios,16.3641558036256,-11.285433139864393,6.206583331454608
1893,distance,0,-122.16954020029283,17.770000457763672,1575428675.998909,128.2828369140625,37.44670814030899,4.0,2019-12-03T19:04:35.998909-08:00,50.0,21.380001068115234,1575428676.118229,10.856903023322424,POINT (-122.16954020029283 37.44670814030899),ios,5.078862577921761,-5.078926756178292,38.20570368352192
1894,distance,0,-122.16949511355779,17.030000686645508,1575428676.9988964,128.2828369140625,37.446679769858946,4.0,2019-12-03T19:04:36.998896-08:00,50.0,21.676631927490234,1575428677.11204,10.85718079759015,POINT (-122.16949511355779 37.446679769858946),ios,0.0,33.12629415301558,-40.89505048586169
1895,distance,0,-122.16949511355779,16.440000534057617,1575428677.9988828,128.2828369140625,37.446679769858946,4.0,2019-12-03T19:04:37.998883-08:00,30.0,22.47909164428711,1575428678.114404,10.857458571592966,POINT (-122.16949511355779 37.446679769858946),ios,33.12584397134856,-7.768200574875847,6.314362878020093
1896,distance,0,-122.16892765121935,18.1200008392334,1575428679.9988527,130.75531005859375,37.44628987637973,4.0,2019-12-03T19:04:39.998853-08:00,30.0,23.18093490600586,1575428680.111711,10.858014118803872,POINT (-122.16892765121935 37.44628987637973),ios,17.589676184098114,4.86033549302475,-12.470691832241105
1897,distance,0,-122.16878049838635,18.079999923706055,1575428680.9988375,132.38763427734375,37.44618322847634,4.0,2019-12-03T19:04:40.998837-08:00,30.0,23.14541244506836,1575428681.120368,10.858291892343097,POINT (-122.16878049838635 37.44618322847634),ios,22.449937514288802,-7.610166051560224,7.069233339724815
1898,distance,0,-122.16859303060784,16.780000686645508,1575428681.998821,132.38763427734375,37.446046813221805,4.0,2019-12-03T19:04:41.998821-08:00,30.0,23.43777084350586,1575428682.153716,10.858569665551185,POINT (-122.16859303060784 37.446046813221805),ios,14.839896656671973,-0.5410490069586145,7.563490668902046
1899,distance,0,-122.16846911043353,16.75,1575428682.9988046,132.3855438232422,37.44595663984771,4.0,2019-12-03T19:04:42.998805-08:00,30.0,23.511714935302734,1575428683.109435,10.858847438759273,POINT (-122.16846911043353 37.44595663984771),ios,14.298856550446706,7.022317235851247,-11.495078677321402
1900,distance,0,-122.1683497083344,16.1299991607666,1575428683.9987876,132.3855438232422,37.44586975415526,4.0,2019-12-03T19:04:43.998788-08:00,30.0,23.656246185302734,1575428684.120219,10.859125211834908,POINT (-122.1683497083344 37.44586975415526),ios,21.32105491448424,-4.472566856007086,5.38490412799598
1901,distance,0,-122.16817166783946,16.280000686645508,1575428684.9987702,132.3855438232422,37.445740198881126,4.0,2019-12-03T19:04:44.998770-08:00,30.0,23.837581634521484,1575428685.12588,10.859402984778086,POINT (-122.16817166783946 37.445740198881126),ios,16.84856590151869,0.9122435501219659,-3.396518783225642
1902,distance,0,-122.1680309748453,16.780000686645508,1575428685.9987524,132.3855438232422,37.44563782037765,4.0,2019-12-03T19:04:45.998752-08:00,30.0,23.973323822021484,1575428686.1574101,10.85968075758881,POINT (-122.1680309748453 37.44563782037765),ios,17.76079313945483,-2.484214498615012,1.9269512332970384
1903,distance,0,-122.16788193402954,16.8799991607666,1575428686.9987342,131.853759765625,37.44553053511219,4.0,2019-12-03T19:04:46.998734-08:00,30.0,24.102657318115234,1575428687.2169418,10.859958530333307,POINT (-122.16788193402954 37.44553053511219),ios,15.276623654339529,-0.5572981813120766,1.6930240158129903
1904,distance,0,-122.16775328764132,15.890000343322754,1575428687.9987154,131.853759765625,37.44543865296487,4.0,2019-12-03T19:04:47.998715-08:00,30.0,24.220272064208984,1575428688.151598,10.860236302879121,POINT (-122.16775328764132 37.44543865296487),ios,14.719335969776454,1.1356939462788753,-4.344378182735501
1905,distance,0,-122.16762933435564,15.8100004196167,1575428688.9986963,131.853759765625,37.44535012273705,4.0,2019-12-03T19:04:48.998696-08:00,30.0,23.981258392333984,1575428689.122016,10.860514075358708,POINT (-122.16762933435564 37.44535012273705),ios,15.855008254412372,-3.208601374018753,4.691571917136252
1906,distance,0,-122.1674958174969,15.960000038146973,1575428689.9986775,131.853759765625,37.44525476199001,4.0,2019-12-03T19:04:49.998677-08:00,30.0,24.061031341552734,1575428690.123201,10.860791847904522,POINT (-122.1674958174969 37.44525476199001),ios,12.646467314617878,1.4828821770425897,1.0558578466244264
1907,distance,0,-122.16738932030162,15.859999656677246,1575428690.9986577,131.853759765625,37.445178699295006,4.0,2019-12-03T19:04:50.998658-08:00,30.0,23.998470306396484,1575428691.12345,10.861069620185429,POINT (-122.16738932030162 37.445178699295006),ios,14.129320147287553,2.5387191295684315,-4.57348839501532
1908,distance,0,-122.1672703358933,15.579999923706055,1575428691.9986382,131.853759765625,37.44509371795129,4.0,2019-12-03T19:04:51.998638-08:00,30.0,23.844051361083984,1575428692.149199,10.861347392532561,POINT (-122.1672703358933 37.44509371795129),ios,16.66798964407576,-2.034679852269305,6.174189369988498
1909,distance,0,-122.16712997325999,15.329999923706055,1575428692.9986181,131.853759765625,37.44499346779786,4.0,2019-12-03T19:04:52.998618-08:00,30.0,23.92739486694336,1575428693.11956,10.861625164747238,POINT (-122.16712997325999 37.44499346779786),ios,14.633350540666717,4.13938586623683,-9.65635332991881
1910,distance,0,-122.16700674459042,14.789999961853027,1575428693.998598,131.853759765625,37.4449054551072,4.0,2019-12-03T19:04:53.998598-08:00,30.0,23.979854583740234,1575428694.119516,10.861902936961915,POINT (-122.16700674459042 37.4449054551072),ios,18.772653506757834,-5.516774074342603,5.807389607594443
1911,distance,0,-122.16684775130204,14.670000076293945,1575428694.9985774,131.36314392089844,37.44479335266104,4.0,2019-12-03T19:04:54.998577-08:00,30.0,23.94912338256836,1575428695.120548,10.862180708977911,POINT (-122.16684775130204 37.44479335266104),ios,13.255993863640166,0.29049507395850804,3.107720162497286
1912,distance,0,-122.1667352654741,14.270000457763672,1575428695.9985569,131.36314392089844,37.44471438646583,4.0,2019-12-03T19:04:55.998557-08:00,30.0,23.832027435302734,1575428696.1244168,10.862458481060134,POINT (-122.1667352654741 37.44471438646583),ios,13.546482981288316,3.3981515157684106,-6.126191386009092
1913,distance,0,-122.16662031477856,14.210000038146973,1575428696.9985359,131.36314392089844,37.44463368990851,4.0,2019-12-03T19:04:56.998536-08:00,10.0,23.586177825927734,1575428697.147325,10.862736253009903,POINT (-122.16662031477856 37.44463368990851),ios,16.9445632010006,-2.727911337630272,3.140282270557109
1914,distance,0,-122.16647263992263,14.0600004196167,1575428697.9985156,128.989990234375,37.444536354698805,4.0,2019-12-03T19:04:57.998516-08:00,10.0,23.484676361083984,1575428698.121954,10.863014025158352,POINT (-122.16647263992263 37.444536354698805),ios,14.216707146073658,0.4123072932876986,2.2086041693887806
1915,distance,0,-122.16634768585897,13.920000076293945,1575428698.9984937,128.989990234375,37.444455707290146,4.0,2019-12-03T19:04:58.998494-08:00,30.0,23.307125091552734,1575428699.1111789,10.86329179684321,POINT (-122.16634768585897 37.444455707290146),ios,14.629005395603206,2.620863018027836,-6.224263143861785
1916,distance,0,-122.16621910790741,14.029999732971191,1575428699.9984732,128.989990234375,37.44437272096459,4.0,2019-12-03T19:04:59.998473-08:00,30.0,23.16610336303711,1575428700.113389,10.863569568925433,POINT (-122.16621910790741 37.44437272096459),ios,17.24981467546148,-3.6032725035561235,-0.5800242777437539
1917,distance,0,-122.16606642699998,14.84000015258789,1575428700.9984503,128.3736572265625,37.44427592069341,4.0,2019-12-03T19:05:00.998450-08:00,30.0,23.337276458740234,1575428701.127874,10.863847340345382,POINT (-122.16606642699998 37.44427592069341),ios,13.646624644267956,-4.1832835055977196,7.373358384993844
1918,distance,0,-122.16594544077194,14.550000190734863,1575428701.9984295,128.3736572265625,37.44419953706717,4.0,2019-12-03T19:05:01.998430-08:00,10.0,23.192928314208984,1575428702.1380792,10.864125112361378,POINT (-122.16594544077194 37.44419953706717),ios,9.463427910078552,3.1899219381263713,-14.108855082361343
1919,distance,0,-122.16586154147575,13.220000267028809,1575428702.9984074,128.3736572265625,37.44414656795998,4.0,2019-12-03T19:05:02.998407-08:00,30.0,22.916011810302734,1575428703.183652,10.86440288398001,POINT (-122.16586154147575 37.44414656795998),ios,12.653279118295922,-10.918620309609093,21.636369477933545
1920,distance,0,-122.16574936215366,0.0,1575428703.9983854,128.3736572265625,37.44407574449893,4.0,2019-12-03T19:05:03.998385-08:00,30.0,23.34292221069336,1575428704.137476,10.864680655664868,POINT (-122.16574936215366 37.44407574449893),ios,1.7348983032653058,10.717274585177408,-4.280468339178442
1921,distance,0,-122.16573398118803,10.600000381469727,1575428704.9983635,128.3736572265625,37.44406603385706,4.0,2019-12-03T19:05:04.998363-08:00,30.0,23.05605697631836,1575428705.123434,10.864958427349727,POINT (-122.16573398118803 37.44406603385706),ios,12.451937810283898,6.436900135971464,-17.84465983157939
1922,distance,0,-122.16562358695626,11.140000343322754,1575428705.9983416,128.3736572265625,37.44399633739761,4.0,2019-12-03T19:05:05.998342-08:00,30.0,22.801143646240234,1575428706.159749,10.865236199034586,POINT (-122.16562358695626 37.44399633739761),ios,18.88869675600961,-11.4073682817513,14.870197751537418
1923,distance,0,-122.16545612702294,12.029999732971191,1575428706.9983191,128.3736572265625,37.443890612992725,4.0,2019-12-03T19:05:06.998319-08:00,30.0,22.52151107788086,1575428707.131676,10.865513970586989,POINT (-122.16545612702294 37.443890612992725),ios,7.481584128740793,3.462496208632745,-6.959850673607703
1924,distance,0,-122.16538979819478,11.579999923706055,1575428707.998297,128.3736572265625,37.44384873685112,4.0,2019-12-03T19:05:07.998297-08:00,10.0,22.55056381225586,1575428708.1243238,10.86579174220562,POINT (-122.16538979819478 37.44384873685112),ios,10.944003563694901,-3.4972001447080814,-2.805938579381377
1925,distance,0,-122.16529277298375,10.510000228881836,1575428708.9982743,128.3736572265625,37.443787480809206,4.0,2019-12-03T19:05:08.998274-08:00,10.0,23.015377044677734,1575428709.109702,10.866069513691796,POINT (-122.16529277298375 37.443787480809206),ios,7.446882629748306,-6.30307517023999,12.464350010164098
1926,distance,0,-122.16522675184561,9.34000015258789,1575428709.9982524,128.3736572265625,37.44374579892507,4.0,2019-12-03T19:05:09.998252-08:00,10.0,23.26174545288086,1575428710.10604,10.866347285376655,POINT (-122.16522675184561 37.44374579892507),ios,1.1439457143691134,6.161001440523175,-6.213199799114428
1927,distance,0,-122.16523689360812,7.71999979019165,1575428710.9982295,128.3736572265625,37.44375220184059,4.0,2019-12-03T19:05:10.998230-08:00,10.0,23.773555755615234,1575428711.1189141,10.866625056796604,POINT (-122.16523689360812 37.44375220184059),ios,7.3048061407601965,-0.05205614973354675,-0.1265605335361924
1928,distance,0,-122.16517213214462,7.96999979019165,1575428711.9982066,128.3736572265625,37.44371131524133,4.0,2019-12-03T19:05:11.998207-08:00,10.0,24.032772064208984,1575428712.1426501,10.866902828216553,POINT (-122.16517213214462 37.44371131524133),ios,7.252751182497362,-0.17861378652901186,-2.2793015210157717
1929,distance,0,-122.16510783221617,7.579999923706055,1575428712.9981835,128.3736572265625,37.44367072002827,4.0,2019-12-03T19:05:12.998183-08:00,10.0,23.80746078491211,1575428713.125773,10.867180599570274,POINT (-122.16510783221617 37.44367072002827),ios,7.074141526698334,-2.4578625950452753,2.870643997112956
1930,distance,0,-122.16504511574365,7.21999979019165,1575428713.998161,128.3736572265625,37.443631124516685,4.0,2019-12-03T19:05:13.998161-08:00,10.0,23.42031478881836,1575428714.122654,10.867458371122678,POINT (-122.16504511574365 37.443631124516685),ios,4.616334015663167,0.41271706707056854,-3.543149839685722
1931,distance,0,-122.1650041891979,7.230000019073486,1575428714.998139,128.3736572265625,37.44360528589005,4.0,2019-12-03T19:05:14.998139-08:00,10.0,23.49483871459961,1575428715.1176438,10.86773614274131,POINT (-122.1650041891979 37.44360528589005),ios,5.029041931587982,-3.1303542106093736,5.955758012807624
1932,distance,0,-122.16495960387789,6.400000095367432,1575428715.998114,128.3736572265625,37.44357713732739,4.0,2019-12-03T19:05:15.998114-08:00,10.0,23.691646575927734,1575428716.162015,10.868013913631438,POINT (-122.16495960387789 37.44357713732739),ios,1.8987653397773185,2.82525612600851,-3.604988570717026
1933,distance,0,-122.16494277018856,4.539999961853027,1575428716.9980927,128.3736572265625,37.44356650952079,4.0,2019-12-03T19:05:16.998093-08:00,10.0,23.85366439819336,1575428717.114664,10.868291685448753,POINT (-122.16494277018856 37.44356650952079),ios,4.723960842366224,-0.7796550900457727,3.8055975708227527
1934,distance,0,-122.16490088953918,4.429999828338623,1575428717.9980693,128.3736572265625,37.443540068528954,4.0,2019-12-03T19:05:17.998069-08:00,10.0,24.11843490600586,1575428718.123015,10.868569456736246,POINT (-122.16490088953918 37.443540068528954),ios,3.9443239689778093,3.0258535629107643,-5.792388961902055
1935,distance,0,-122.16486592081259,4.0,1575428718.9980464,128.3736572265625,37.44351799132079,4.0,2019-12-03T19:05:18.998046-08:00,10.0,24.002864837646484,1575428719.111489,10.868847228156195,POINT (-122.16486592081259 37.44351799132079),ios,6.970108275596698,-2.7664028217292844,0.6682739111173452
1936,distance,0,-122.1648041267486,4.349999904632568,1575428719.9980237,128.3736572265625,37.44347897816395,4.0,2019-12-03T19:05:19.998024-08:00,10.0,24.066585540771484,1575428720.112905,10.869124999642372,POINT (-122.1648041267486 37.44347897816395),ios,4.203768112241262,-2.0981440468589914,0.5068118648008921
1937,distance,0,-122.16476685791761,4.199999809265137,1575428720.9980009,128.3736572265625,37.443455448804436,4.0,2019-12-03T19:05:20.998001-08:00,10.0,24.067073822021484,1575428721.123667,10.86940277106232,POINT (-122.16476685791761 37.443455448804436),ios,2.105672088088421,-1.5913437820611083,2.236247858942521
1938,distance,0,-122.16474818992617,2.6600000858306885,1575428721.9979777,128.3736572265625,37.443443662926796,4.0,2019-12-03T19:05:21.997978-08:00,10.0,23.90096664428711,1575428722.1221008,10.869680542416043,POINT (-122.16474818992617 37.443443662926796),ios,0.5143651084018809,0.6448523600668193,-0.6160947734430676
1939,distance,0,-122.16473906964745,1.3799999952316284,1575428723.9979305,128.3736572265625,37.44343790491638,4.0,2019-12-03T19:05:23.997931-08:00,10.0,24.11404037475586,1575428724.117563,10.870236084858577,POINT (-122.16473906964745 37.44343790491638),ios,1.804039387068403,-0.5873081029081016,0.7805355952755114
1940,distance,0,-122.16472307580901,1.7000000476837158,1575428724.9979072,128.3736572265625,37.44342780734249,4.0,2019-12-03T19:05:24.997907-08:00,10.0,23.84347152709961,1575428725.131052,10.87051385614607,POINT (-122.16472307580901 37.44342780734249),ios,1.2167450066263137,0.19320925513702844,-1.2283085102184885
1941,distance,0,-122.16471228867107,1.3700000047683716,1575428725.9978838,128.3736572265625,37.44342099697468,4.0,2019-12-03T19:05:25.997884-08:00,10.0,24.02798080444336,1575428726.130159,10.870791627433565,POINT (-122.16471228867107 37.44342099697468),ios,1.4099497474250864,-1.0350705556276292,1.0617795198026583
1942,distance,0,-122.16469978866971,1.6399999856948853,1575428726.99786,128.3736572265625,37.44341310520511,4.0,2019-12-03T19:05:26.997860-08:00,10.0,24.08260726928711,1575428727.174813,10.871069398588604,POINT (-122.16469978866971 37.44341310520511),ios,0.37490386980257157,0.02668364937858608,0.11728828105231276
1943,distance,0,-122.16471308361562,0.18000000715255737,1575428730.9977667,128.3736572265625,37.443421498856154,4.0,2019-12-03T19:05:30.997767-08:00,10.0,23.77053451538086,1575428731.1270099,10.872180483804808,POINT (-122.16471308361562 37.443421498856154),ios,0.4816359798227078,0.4958258397790594,1.856641243286327
1944,distance,0,-122.16472589354913,0.5099999904632568,1575428733.9976969,128.3736572265625,37.44342958629875,4.0,2019-12-03T19:05:33.997697-08:00,30.0,23.30703353881836,1575428734.1198711,10.873013797733519,POINT (-122.16472589354913 37.44342958629875),ios,1.9690788624308708,6.065619870912273,-13.21508358225007
1945,distance,0,-122.16474335055284,0.8299999833106995,1575428734.9976733,128.3736572265625,37.4434406076296,4.0,2019-12-03T19:05:34.997673-08:00,30.0,23.40835189819336,1575428735.125684,10.873291568954786,POINT (-122.16474335055284 37.4434406076296),ios,8.034555563852516,-7.149151789914209,6.88925264353264
1946,distance,0,-122.16481458152356,0.0,1575428735.9976504,128.3736572265625,37.44348557869722,4.0,2019-12-03T19:05:35.997650-08:00,30.0,23.75948715209961,1575428736.1251569,10.873569340374734,POINT (-122.16481458152356 37.44348557869722),ios,0.885567405037014,-0.2600568288608979,0.1916158780049358
1947,distance,0,-122.16482243258179,0.0,1575428736.9976263,128.3736572265625,37.44349053539607,4.0,2019-12-03T19:05:36.997626-08:00,10.0,24.18929672241211,1575428737.1222339,10.873847111463547,POINT (-122.16482243258179 37.44349053539607),ios,0.625516838416458,-0.06844556501928423,0.014114346998865825
1948,distance,0,-122.16486679710914,0.0,1575428744.997438,128.3736572265625,37.44351854456314,4.0,2019-12-03T19:05:44.997438-08:00,10.0,25.67885971069336,1575428745.108152,10.876069281366137,POINT (-122.16486679710914 37.44351854456314),ios,0.07796521003072679,0.0444665525248228,-0.014742926619631395
1949,distance,0,-122.16483361920925,1.2899999618530273,1575428792.9962993,128.3736572265625,37.44349759797819,4.0,2019-12-03T19:06:32.996299-08:00,10.0,24.072933197021484,1575428793.1052,10.889402298397489,POINT (-122.16483361920925 37.44349759797819),ios,2.2123090977309774,-0.663177137636628,0.24414496819827983
1950,distance,0,-122.16481400582683,1.2899999618530273,1575428793.9962754,128.3736572265625,37.443485215235995,4.0,2019-12-03T19:06:33.996275-08:00,10.0,24.01296615600586,1575428794.10272,10.889680069552528,POINT (-122.16481400582683 37.443485215235995),ios,1.5491477714694342,-0.41903799030798944,0.5202388816371326
1951,distance,0,-122.16480027174259,1.2100000381469727,1575428794.996252,128.3736572265625,37.44347654433869,4.0,2019-12-03T19:06:34.996252-08:00,10.0,23.860836029052734,1575428795.115083,10.889957840840022,POINT (-122.16480027174259 37.44347654433869),ios,1.1301195719927841,0.10118873593687779,0.23180804463576865
1952,distance,0,-122.16479025258926,1.190000057220459,1575428795.9962282,128.3736572265625,37.443470218831436,4.0,2019-12-03T19:06:35.996228-08:00,10.0,24.090511322021484,1575428796.116673,10.890235611995061,POINT (-122.16479025258926 37.443470218831436),ios,1.2313058954021976,0.3329912538381838,1.248179420463943
1953,distance,0,-122.16477933635696,1.1699999570846558,1575428796.9962049,128.3736572265625,37.443463326960995,4.0,2019-12-03T19:06:36.996205-08:00,10.0,24.087825775146484,1575428797.143208,10.890513383282556,POINT (-122.16477933635696 37.443463326960995),ios,1.5642893688928252,1.5811415105640654,-2.2961634513591465
1954,distance,0,-122.16476546805609,1.3600000143051147,1575428797.99618,128.3736572265625,37.44345457132717,4.0,2019-12-03T19:06:37.996180-08:00,10.0,24.17269515991211,1575428798.117429,10.890791154172685,POINT (-122.16476546805609 37.44345457132717),ios,3.1453916742116106,-0.7149650062002254,0.4429727712276488
1955,distance,0,-122.16473758236137,1.809999942779541,1575428798.9961567,128.3736572265625,37.44343696593096,4.0,2019-12-03T19:06:38.996157-08:00,10.0,24.419368743896484,1575428799.1341128,10.89106892546018,POINT (-122.16473758236137 37.44343696593096),ios,2.430443373183592,-0.2720025850405689,-0.42968224617505135
1956,distance,0,-122.16471603509467,1.809999942779541,1575428799.9961333,128.3736572265625,37.443423362247366,4.0,2019-12-03T19:06:39.996133-08:00,10.0,24.41897201538086,1575428800.114999,10.891346696747673,POINT (-122.16471603509467 37.443423362247366),ios,2.158447143489067,-0.7016747916810216,5.562741911462142
1957,distance,0,-122.16469689924082,1.8700000047683716,1575428800.9961095,128.3736572265625,37.44341128098876,4.0,2019-12-03T19:06:40.996109-08:00,10.0,24.68227767944336,1575428801.120644,10.891624467902714,POINT (-122.16469689924082 37.44341128098876),ios,1.4567890810387278,4.860934493678877,-5.8305545940133525
1958,distance,0,-122.1646839839741,1.8700000047683716,1575428801.9960864,128.3736572265625,37.44340312704494,4.0,2019-12-03T19:06:41.996086-08:00,10.0,24.72329330444336,1575428802.128502,10.891902239256435,POINT (-122.1646839839741 37.44340312704494),ios,6.317611157819382,-0.9694852594179334,3.1056007587507404
1959,distance,0,-122.16457242298435,3.6500000953674316,1575428803.9960382,128.66659545898438,37.44333195100841,4.0,2019-12-03T19:06:43.996038-08:00,10.0,24.36495590209961,1575428804.125318,10.892457781434059,POINT (-122.16457242298435 37.44333195100841),ios,4.378687329929713,5.241566690633676,-5.242651994361046
1960,distance,0,-122.16453376193385,3.6500000953674316,1575428804.996015,128.66464233398438,37.443307285214836,4.0,2019-12-03T19:06:44.996015-08:00,10.0,24.22616195678711,1575428805.115422,10.89273555278778,POINT (-122.16453376193385 37.443307285214836),ios,9.620132800935773,-0.0009640590003662197,-0.6518918385484755
1961,distance,0,-122.1643629782807,4.960000038146973,1575428806.9959679,128.28382873535156,37.443199801753,4.0,2019-12-03T19:06:46.995968-08:00,10.0,24.15035629272461,1575428807.123084,10.893291095230314,POINT (-122.1643629782807 37.443199801753),ios,9.618204728445257,-1.304716962318394,0.9349681731975497
1962,distance,0,-122.16427760370632,6.760000228881836,1575428807.9959433,128.28382873535156,37.44314607087982,4.0,2019-12-03T19:06:47.995943-08:00,10.0,24.097530364990234,1575428808.1075978,10.893568866186671,POINT (-122.16427760370632 37.44314607087982),ios,8.313519806209584,-0.3697717492405304,0.515837927730395
1963,distance,0,-122.1642038099526,7.480000019073486,1575428808.9959195,128.28382873535156,37.44309962844832,4.0,2019-12-03T19:06:48.995919-08:00,10.0,24.068172454833984,1575428809.119947,10.893846637341712,POINT (-122.1642038099526 37.44309962844832),ios,7.943756873014558,0.14605387995528707,0.44205566202608637
1964,distance,0,-122.16399319651515,7.650000095367432,1575428811.9958472,128.5972137451172,37.442965580695656,4.0,2019-12-03T19:06:51.995847-08:00,10.0,23.12649154663086,1575428812.220947,10.894679950608147,POINT (-122.16399319651515 37.442965580695656),ios,8.381907961826984,1.4721889315658505,16.22544374822509
1965,distance,0,-122.16391911972246,8.569999694824219,1575428812.9958248,128.5972137451172,37.442918433525435,4.0,2019-12-03T19:06:52.995825-08:00,10.0,23.110530853271484,1575428813.1103249,10.894957722160552,POINT (-122.16391911972246 37.442918433525435),ios,9.854063899656671,17.697269045750026,-29.73037603648238
1966,distance,0,-122.16383203261734,9.229999542236328,1575428813.995801,128.5972137451172,37.44286300576703,4.0,2019-12-03T19:06:53.995801-08:00,10.0,23.240230560302734,1575428814.120178,10.89523549331559,POINT (-122.16383203261734 37.44286300576703),ios,27.550911009632713,-12.032398163331276,9.624895935291487
1967,distance,0,-122.16358854669011,11.34000015258789,1575428814.9957767,128.5972137451172,37.442708035876464,4.0,2019-12-03T19:06:54.995777-08:00,10.0,23.31429672241211,1575428815.11886,10.895513264338176,POINT (-122.16358854669011 37.442708035876464),ios,15.518805458523312,-2.407736292949102,2.4365434189362674
1968,distance,0,-122.163451396575,11.319999694824219,1575428815.9957533,128.5972137451172,37.442620744842564,4.0,2019-12-03T19:06:55.995753-08:00,10.0,22.795711517333984,1575428816.123558,10.89579103562567,POINT (-122.163451396575 37.442620744842564),ios,13.11112542238266,0.028750196099618826,-0.3865216411494219
1969,distance,0,-122.16333552482266,11.619999885559082,1575428816.99573,128.5972137451172,37.44254699670859,4.0,2019-12-03T19:06:56.995730-08:00,10.0,22.87282943725586,1575428817.1386151,10.896068806913163,POINT (-122.16333552482266 37.44254699670859),ios,13.13987494673335,-0.35776241396363656,1.6361236806518868
1970,distance,0,-122.1632193991721,12.050000190734863,1575428817.9957056,128.5972137451172,37.44247308697771,4.0,2019-12-03T19:06:57.995706-08:00,10.0,22.415401458740234,1575428818.163563,10.896346577935748,POINT (-122.1632193991721 37.44247308697771),ios,12.782121233084766,1.2783214782953662,-0.7775874294393439
1971,distance,0,-122.1631042187766,12.020000457763672,1575428818.9956822,127.138427734375,37.44240344155435,4.0,2019-12-03T19:06:58.995682-08:00,10.0,22.128414154052734,1575428819.1107821,10.896624349223243,POINT (-122.1631042187766 37.44240344155435),ios,14.060412843372264,0.5007522172024477,-3.9941404816211037
1972,distance,0,-122.16297745959105,13.0,1575428819.9956589,127.138427734375,37.44232689391267,4.0,2019-12-03T19:06:59.995659-08:00,10.0,22.45437240600586,1575428820.0980592,10.896902120510736,POINT (-122.16297745959105 37.44232689391267),ios,14.561153360488765,-3.493294941243417,5.088502836475731
1973,distance,0,-122.16284618631028,13.460000038146973,1575428820.9956343,127.138427734375,37.44224762028835,4.0,2019-12-03T19:07:00.995634-08:00,10.0,22.691097259521484,1575428821.112474,10.897179891467095,POINT (-122.16284618631028 37.44224762028835),ios,11.067944204486224,1.5950829362898638,1.8276288527260836
1974,distance,0,-122.16274640534937,12.020000457763672,1575428821.9956107,127.138427734375,37.4421873643218,4.0,2019-12-03T19:07:01.995611-08:00,10.0,23.328365325927734,1575428822.122592,10.897457662688362,POINT (-122.16274640534937 37.4421873643218),ios,12.662989491332773,3.4226686506892023,-8.882173954853888
1975,distance,0,-122.16263224467573,12.989999771118164,1575428822.9955866,127.138427734375,37.44211842469981,4.0,2019-12-03T19:07:02.995587-08:00,10.0,23.527950286865234,1575428823.14786,10.897735433777173,POINT (-122.16263224467573 37.44211842469981),ios,16.085575723214536,-5.459291418960028,8.642743012601647
1976,distance,0,-122.16248720428109,13.220000267028809,1575428823.9955635,125.49468231201172,37.4420308769601,4.0,2019-12-03T19:07:03.995564-08:00,10.0,24.09957504272461,1575428824.118856,10.898013205130894,POINT (-122.16248720428109 37.4420308769601),ios,10.6264105591153,3.1832517163622858,-3.801243804968566
1977,distance,0,-122.16238935092218,13.069999694824219,1575428824.995539,125.49468231201172,37.441975233411014,4.0,2019-12-03T19:07:04.995539-08:00,10.0,24.088680267333984,1575428825.112534,10.898290976087253,POINT (-122.16238935092218 37.441975233411014),ios,13.809584104003418,-0.6178987410301597,-1.4164038409489286
1978,distance,0,-122.16226218512185,13.069999694824219,1575428825.9955163,125.49468231201172,37.4419029215708,4.0,2019-12-03T19:07:05.995516-08:00,10.0,23.694149017333984,1575428826.116671,10.898568747573428,POINT (-122.16226218512185 37.4419029215708),ios,13.191699358234546,-2.034270500764925,4.745971102189585
1979,distance,0,-122.16214070940276,12.84000015258789,1575428826.995492,125.49468231201172,37.441833845350885,4.0,2019-12-03T19:07:06.995492-08:00,10.0,23.488948822021484,1575428827.113622,10.898846518596013,POINT (-122.16214070940276 37.441833845350885),ios,11.157478328273616,2.7115851856006223,-0.8816018231617694
1980,distance,0,-122.16203796578554,12.010000228881836,1575428827.9954684,125.49468231201172,37.44177542099455,4.0,2019-12-03T19:07:07.995468-08:00,10.0,23.205135345458984,1575428828.146525,10.89912428981728,POINT (-122.16203796578554 37.44177542099455),ios,13.868999511137819,1.830004171274,-2.5223655645710985
1981,distance,0,-122.16191025326566,12.65999984741211,1575428828.9954443,125.49468231201172,37.44170279826654,4.0,2019-12-03T19:07:08.995444-08:00,10.0,23.165889739990234,1575428829.117292,10.899402060906093,POINT (-122.16191025326566 37.44170279826654),ios,15.698959615405398,-0.6923006540368966,3.099649554242748
1982,distance,0,-122.16176568964394,13.399999618530273,1575428829.9954205,125.49468231201172,37.44162059329093,4.0,2019-12-03T19:07:09.995420-08:00,10.0,23.03591537475586,1575428830.112958,10.899679832061132,POINT (-122.16176568964394 37.44162059329093),ios,15.006675467102326,2.407274998801608,0.1984505474237497
1983,distance,0,-122.16162750090916,13.510000228881836,1575428830.9953973,125.49468231201172,37.441542013345035,4.0,2019-12-03T19:07:10.995397-08:00,10.0,22.60268783569336,1575428831.1291208,10.899957603414853,POINT (-122.16162750090916 37.441542013345035),ios,17.413894793812716,2.6057209567384962,-11.329382938681817
1984,distance,0,-122.1614671455298,15.40999984741211,1575428831.9953737,125.49468231201172,37.44145082850966,4.0,2019-12-03T19:07:11.995374-08:00,17.89255569518912,22.29818344116211,1575428832.0985432,10.90023537463612,POINT (-122.1614671455298 37.44145082850966),ios,20.019554246574696,-8.723394569540469,10.079085675366406
1985,distance,0,-122.1612827963852,17.15999984741211,1575428832.995349,125.49468231201172,37.44134599980685,4.0,2019-12-03T19:07:12.995349-08:00,21.76246024292354,22.34432601928711,1575428833.1159248,10.90051314552625,POINT (-122.1612827963852 37.44134599980685),ios,11.2963759782454,1.3554411895322585,12.36349097156574
1986,distance,0,-122.1613868186221,16.34000015258789,1575428833.995325,125.49468231201172,37.441405151240296,4.0,2019-12-03T19:07:13.995325-08:00,19.688957092753963,21.890316009521484,1575428834.150031,10.90079091668129,POINT (-122.1613868186221 37.441405151240296),ios,12.651784851541413,13.718637392502982,-17.747005575539863
1987,distance,0,-122.16127031510362,16.149999618530273,1575428834.9953017,125.49468231201172,37.441338902423475,4.0,2019-12-03T19:07:14.995302-08:00,20.55836825254727,21.787776947021484,1575428835.123903,10.901068687968785,POINT (-122.16127031510362 37.441338902423475),ios,26.37010170779703,-4.027953523883325,1.8041225029848842
1988,distance,0,-122.16102748716312,18.09000015258789,1575428835.9952784,125.49468231201172,37.441200820209644,4.0,2019-12-03T19:07:15.995278-08:00,18.01924777931983,21.93026351928711,1575428836.104216,10.901346459256278,POINT (-122.16102748716312 37.441200820209644),ios,22.342242297131378,-2.2238731742581623,15.548080020833742
1989,distance,0,-122.16082174972539,18.920000076293945,1575428836.9952555,125.49468231201172,37.44108382922083,4.0,2019-12-03T19:07:16.995255-08:00,20.614356988592,21.96285629272461,1575428837.094994,10.901624230676227,POINT (-122.16082174972539 37.44108382922083),ios,20.118420023290717,13.323850979265533,-21.20671802132176
1990,distance,0,-122.16063649069247,20.09000015258789,1575428837.9952312,125.49468231201172,37.440978483117135,4.0,2019-12-03T19:07:17.995231-08:00,22.66687178421653,21.81844711303711,1575428838.1058679,10.901902001698812,POINT (-122.16063649069247 37.440978483117135),ios,33.44194698388715,-7.882351322347264,7.161815234275831
1991,distance,0,-122.16032953667599,20.0,1575428838.9952066,125.80469512939453,37.44080227528601,4.0,2019-12-03T19:07:18.995207-08:00,16.877349931966602,21.28145980834961,1575428839.1208348,10.902179772655169,POINT (-122.16032953667599 37.44080227528601),ios,25.559789229337117,-0.7207119615820634,-0.029914896034773333
1992,distance,0,-122.16009508927499,20.260000228881836,1575428839.9951792,125.80469512939453,37.44066742677128,4.0,2019-12-03T19:07:19.995179-08:00,10.0,21.19747543334961,1575428840.299588,10.902457542816798,POINT (-122.16009508927499 37.44066742677128),ios,24.839097028334063,-0.750626037406131,0.1516755275408397
1993,distance,0,-122.15986725095698,19.889999389648438,1575428840.9951594,125.80469512939453,37.44053637964237,4.0,2019-12-03T19:07:20.995159-08:00,10.0,20.778072357177734,1575428841.114274,10.902735315097702,POINT (-122.15986725095698 37.44053637964237),ios,24.088485844872974,-0.5989535113331834,-0.34204964969987645
1994,distance,0,-122.15964629881694,19.360000610351562,1575428841.9951355,125.80469512939453,37.44040929327765,4.0,2019-12-03T19:07:21.995136-08:00,10.0,20.54995346069336,1575428842.1301699,10.903013086252741,POINT (-122.15964629881694 37.44040929327765),ios,23.489546613704302,-0.9409950059339135,1.2792257757107341
1995,distance,0,-122.15943084064514,20.25,1575428842.995112,125.80469512939453,37.44028536691154,4.0,2019-12-03T19:07:22.995112-08:00,10.0,20.56612777709961,1575428843.1880112,10.903290857474008,POINT (-122.15943084064514 37.44028536691154),ios,22.548573818488922,0.338200575648833,-4.203540080459151
1996,distance,0,-122.15922401372939,21.31999969482422,1575428843.9950886,125.80469512939453,37.4401664050366,4.0,2019-12-03T19:07:23.995089-08:00,10.0,20.47079086303711,1575428844.109209,10.903568628761503,POINT (-122.15922401372939 37.4401664050366),ios,22.886766492074287,-3.865241289009106,3.339850277307937
1997,distance,0,-122.15901613367454,20.899999618530273,1575428844.995065,127.92915344238281,37.44004344491036,4.0,2019-12-03T19:07:24.995065-08:00,10.0,20.60988998413086,1575428845.125926,10.90384639998277,POINT (-122.15901613367454 37.44004344491036),ios,19.021616436053446,-0.5254698436545647,0.18997599450785452
1998,distance,0,-122.15884647989124,19.799999237060547,1575428845.995041,127.94237518310547,37.43993800787952,4.0,2019-12-03T19:07:25.995041-08:00,17.199094027594374,19.885372161865234,1575428846.2095308,10.904124171071583,POINT (-122.15884647989124 37.43993800787952),ios,18.496159245858003,-0.3354984238211843,0.457042837081173
1999,distance,0,-122.15868153239872,19.290000915527344,1575428846.995017,127.94237518310547,37.439835463612646,4.0,2019-12-03T19:07:26.995017-08:00,20.67467196181795,19.79391098022461,1575428847.136331,10.904401942226622,POINT (-122.15868153239872 37.439835463612646),ios,18.16066882094257,0.12153351650960818,0.6817126905760639
2000,distance,0,-122.15851957692338,19.020000457763672,1575428847.9949932,127.94237518310547,37.439734779417726,4.0,2019-12-03T19:07:27.994993-08:00,20.856759237669422,19.336116790771484,1575428848.115989,10.904679713381661,POINT (-122.15851957692338 37.439734779417726),ios,18.282199439867345,0.8032299537885678,-0.6597349412158904
2001,distance,0,-122.15835653786134,18.93000030517578,1575428848.994969,127.94237518310547,37.43963342158054,4.0,2019-12-03T19:07:28.994969-08:00,21.816194357001805,19.11404037475586,1575428849.1362882,10.904957484404246,POINT (-122.15835653786134 37.43963342158054),ios,19.085409860151596,0.1435110564655388,4.6620231409337105
2002,distance,0,-122.15818633578188,19.079999923706055,1575428849.9949458,127.94237518310547,37.439527610651304,4.0,2019-12-03T19:07:29.994946-08:00,24.437007648583553,19.143001556396484,1575428850.128053,10.905235255757967,POINT (-122.15818633578188 37.439527610651304),ios,19.228917597694025,4.805426380644748,1.4145813528797944
2003,distance,0,-122.15801485422692,19.170000076293945,1575428850.9949217,127.94237518310547,37.43942100429998,4.0,2019-12-03T19:07:30.994922-08:00,26.862520106634648,19.250728607177734,1575428851.128941,10.90551302684678,POINT (-122.15801485422692 37.43942100429998),ios,24.03422826234288,6.219973670014449,-14.768397641995785
2004,distance,0,-122.15780051955615,20.68000030517578,1575428851.9948978,127.94237518310547,37.43928775709903,4.0,2019-12-03T19:07:31.994898-08:00,31.894575237563014,19.416744232177734,1575428852.163024,10.905790798001819,POINT (-122.15780051955615 37.43928775709903),ios,30.254053636628882,-8.548071865943195,9.69073350631376
2005,distance,0,-122.15753071748593,22.889999389648438,1575428852.994874,127.94237518310547,37.43912002702279,4.0,2019-12-03T19:07:32.994874-08:00,26.036193777170304,19.156795501708984,1575428853.182246,10.906068569156858,POINT (-122.15753071748593 37.43912002702279),ios,21.70618557260052,1.142430595279263,-3.849820316813077
2006,distance,0,-122.1573371443841,22.81999969482422,1575428853.9948509,127.94237518310547,37.43899968683749,6.0,2019-12-03T19:07:33.994851-08:00,21.255244105396397,20.282894134521484,1575428854.132347,10.90634634051058,POINT (-122.1573371443841 37.43899968683749),ios,22.848589747341897,-2.70730068827091,-2.1702177892462355
2007,distance,0,-122.15713338386472,23.43000030517578,1575428854.9948268,127.94237518310547,37.43887301335636,6.0,2019-12-03T19:07:34.994827-08:00,22.097636166841934,21.804439544677734,1575428855.17066,10.906624111599392,POINT (-122.15713338386472 37.43887301335636),ios,20.1413542516201,-4.877466218072739,23.816058318717335
2008,distance,0,-122.15695373158799,21.549999237060547,1575428855.9948037,127.85432434082031,37.43876138390425,8.0,2019-12-03T19:07:35.994804-08:00,21.156140555019217,22.784542083740234,1575428856.19134,10.906901882953115,POINT (-122.15695373158799 37.43876138390425),ios,15.264000832768199,18.93804131613853,-28.421636789497256
2009,distance,0,-122.15681744588439,23.360000610351562,1575428856.994779,127.85432434082031,37.43867692624228,4.0,2019-12-03T19:07:36.994779-08:00,21.822749019277783,19.58871078491211,1575428857.189049,10.907179653909472,POINT (-122.15681744588439 37.43867692624228),ios,34.20157708527387,-9.482897519994038,8.466325189814143
2010,distance,0,-122.15651237383604,23.420000076293945,1575428857.9947555,127.92609405517578,37.438487380725796,6.0,2019-12-03T19:07:37.994756-08:00,18.841391297428174,21.78158187866211,1575428858.1572351,10.907457425130739,POINT (-122.15651237383604 37.438487380725796),ios,24.718903394276126,-1.0167721645728707,4.1860313791033645
2011,distance,0,-122.15629188597161,23.8799991607666,1575428858.9947314,127.92609405517578,37.438350388541934,6.0,2019-12-03T19:07:38.994731-08:00,17.507917912644412,23.82845687866211,1575428859.1226978,10.90773519621955,POINT (-122.15629188597161 37.438350388541934),ios,23.702155713858104,3.1691584137374926,-6.476191394909379
2012,distance,0,-122.15608131842471,23.520000457763672,1575428859.9947078,128.29188537597656,37.438218172303195,6.0,2019-12-03T19:07:39.994708-08:00,16.977326244576616,24.059383392333984,1575428860.131937,10.908012967440817,POINT (-122.15608131842471 37.438218172303195),ios,26.871239324557248,-3.3068801207812006,5.150591311163636
2013,distance,0,-122.15584280120636,24.360000610351562,1575428860.9946842,128.28042602539062,37.43806807387017,6.0,2019-12-03T19:07:40.994684-08:00,17.377248226692735,24.42977523803711,1575428861.130393,10.908290738662084,POINT (-122.15584280120636 37.43806807387017),ios,23.564437257520353,1.8435896187129026,-0.6788126830991498
2014,distance,0,-122.15563363370755,24.479999542236328,1575428861.9946609,128.28042602539062,37.437936449472915,6.0,2019-12-03T19:07:41.994661-08:00,18.049011731307356,23.885738372802734,1575428862.128639,10.908568509949578,POINT (-122.15563363370755 37.437936449472915),ios,25.407983800723557,1.1647927960861801,-0.32985621735659015
2015,distance,0,-122.15540810255668,25.040000915527344,1575428862.9946368,128.28042602539062,37.43779452779788,8.0,2019-12-03T19:07:42.994637-08:00,18.888315718733082,23.04232406616211,1575428863.124129,10.90884628103839,POINT (-122.15540810255668 37.43779452779788),ios,26.572748548277154,0.8349445217585056,2.536302341013248
2016,distance,0,-122.15517223278171,25.219999313354492,1575428863.9946127,128.28042602539062,37.43764610025949,8.0,2019-12-03T19:07:43.994613-08:00,17.828955795192986,23.150875091552734,1575428864.1228352,10.909124052127202,POINT (-122.15517223278171 37.43764610025949),ios,27.407672964340723,3.3711857879101212,-6.069916858850967
2017,distance,0,-122.15492895202858,25.049999237060547,1575428864.9945893,128.28042602539062,37.43749300915941,8.0,2019-12-03T19:07:44.994589-08:00,17.63377164194276,23.22945785522461,1575428865.127464,10.909401823414697,POINT (-122.15492895202858 37.43749300915941),ios,30.77877998442495,-2.698589247207477,-0.21507607189023736
2018,distance,0,-122.15465574856371,25.040000915527344,1575428865.9945655,128.28042602539062,37.43732108837061,8.0,2019-12-03T19:07:45.994565-08:00,10.0,21.096004486083984,1575428866.129253,10.909679594569736,POINT (-122.15465574856371 37.43732108837061),ios,28.080255076598863,-2.9136601912845683,4.047180291044259
2019,distance,0,-122.15440649844841,25.040000915527344,1575428866.994542,128.28042602539062,37.437164240885316,8.0,2019-12-03T19:07:46.994542-08:00,10.0,20.72414779663086,1575428867.131861,10.909957365791003,POINT (-122.15440649844841 37.437164240885316),ios,25.16666365771585,1.1334245723852296,-2.9537628503526805
2020,distance,0,-122.15418311076355,25.479999542236328,1575428867.9945178,128.28042602539062,37.437023668045185,8.0,2019-12-03T19:07:47.994518-08:00,10.0,20.92574691772461,1575428868.125708,10.910235136879814,POINT (-122.15418311076355 37.437023668045185),ios,26.300060936923998,-1.8202671505413308,2.333794478144802
2021,distance,0,-122.15394966299819,26.329999923706055,1575428868.9944935,128.28042602539062,37.4368767646229,8.0,2019-12-03T19:07:48.994493-08:00,10.0,21.09597396850586,1575428869.142624,10.9105129079024,POINT (-122.15394966299819 37.4368767646229),ios,24.479838052904444,0.5134705727672051,-0.9015261547392579
2022,distance,0,-122.15373237205627,24.829999923706055,1575428869.9944706,128.28042602539062,37.43674002832581,8.0,2019-12-03T19:07:49.994471-08:00,10.0,21.111324310302734,1575428870.1234112,10.910790679322348,POINT (-122.15373237205627 37.43674002832581),ios,24.99329687326291,-0.3880349476759087,-4.521733387303366
2023,distance,0,-122.15351052384553,24.489999771118164,1575428870.9944472,128.28042602539062,37.436600424242066,8.0,2019-12-03T19:07:50.994447-08:00,10.0,20.873348236083984,1575428871.1112819,10.911068450609843,POINT (-122.15351052384553 37.436600424242066),ios,24.605270992031606,-4.909662684584845,4.5018503891880135
2024,distance,0,-122.15329212027667,24.229999542236328,1575428871.9944232,128.28042602539062,37.43646298779391,8.0,2019-12-03T19:07:51.994423-08:00,30.0,20.785701751708984,1575428872.1118531,10.911346221698656,POINT (-122.15329212027667 37.43646298779391),ios,19.695726533481675,-0.40792070119891666,6.492371831620566
2025,distance,0,-122.15311729551867,23.6200008392334,1575428872.9943986,128.28042602539062,37.436352974510164,8.0,2019-12-03T19:07:52.994399-08:00,30.0,20.977046966552734,1575428873.116374,10.911623992655013,POINT (-122.15311729551867 37.436352974510164),ios,19.287815849637777,6.084291696508738,-3.880894185476307
2026,distance,0,-122.15294609127518,22.530000686645508,1575428873.9943762,128.28042602539062,37.436245239534685,8.0,2019-12-03T19:07:53.994376-08:00,30.0,21.28658676147461,1575428874.105318,10.911901764207416,POINT (-122.15294609127518 37.436245239534685),ios,25.37197118897749,2.203484487096502,-2.145281626739924
2027,distance,0,-122.15272088296568,23.709999084472656,1575428874.9943519,128.28042602539062,37.436103521016456,8.0,2019-12-03T19:07:54.994352-08:00,30.0,21.63296127319336,1575428875.106604,10.91217953523,POINT (-122.15272088296568 37.436103521016456),ios,27.575402090206662,0.058255030806293996,-0.77525904037357
2028,distance,0,-122.15247611642748,24.770000457763672,1575428875.9943287,128.28042602539062,37.43594949494529,8.0,2019-12-03T19:07:55.994329-08:00,30.0,21.27596664428711,1575428876.092846,10.912457306583722,POINT (-122.15247611642748 37.43594949494529),ios,27.633655773772034,-0.7169860804598683,-9.662648381866482
2029,distance,0,-122.15223083324157,25.030000686645508,1575428876.9943051,128.28042602539062,37.43579514375936,8.0,2019-12-03T19:07:56.994305-08:00,30.0,20.449947357177734,1575428877.0913482,10.912735077804989,POINT (-122.15223083324157 37.43579514375936),ios,26.916686616649617,-10.379406390591493,6.572385687271691
2030,distance,0,-122.15199191452145,25.31999969482422,1575428877.9942808,128.2792205810547,37.43564479758842,8.0,2019-12-03T19:07:57.994281-08:00,30.0,19.801998138427734,1575428878.11538,10.913012848827574,POINT (-122.15199191452145 37.43564479758842),ios,16.537532639677128,-3.8071805351632024,12.565277958763042
2031,distance,0,-122.1518451235727,24.700000762939453,1575428878.9942575,128.2792205810547,37.43555242534962,8.0,2019-12-03T19:07:58.994257-08:00,30.0,19.942073822021484,1575428879.1094341,10.913290620115069,POINT (-122.1518451235727 37.43555242534962),ios,12.730441059366136,8.75780383561958,-7.924102582295788
2032,distance,0,-122.15173212540232,22.959999084472656,1575428879.9942334,128.2792205810547,37.43548131814535,8.0,2019-12-03T19:07:59.994233-08:00,30.0,20.32656478881836,1575428880.115185,10.91356839120388,POINT (-122.15173212540232 37.43548131814535),ios,21.488034004647915,0.8338920679049027,-4.6174114233012205
2033,distance,0,-122.1513507642757,22.899999618530273,1575428881.9941854,128.29917907714844,37.43524116757459,8.0,2019-12-03T19:08:01.994185-08:00,30.0,20.83962631225586,1575428882.1214418,10.914123933447732,POINT (-122.1513507642757 37.43524116757459),ios,23.155778178569967,-8.400709502486732,14.262748327267495
2034,distance,0,-122.15114528592996,22.829999923706055,1575428882.9941614,128.29917907714844,37.43511177201962,8.0,2019-12-03T19:08:02.994161-08:00,30.0,21.11800765991211,1575428883.348754,10.914401704536544,POINT (-122.15114528592996 37.43511177201962),ios,14.75527096749076,5.861695373857544,1.646829118983158
2035,distance,0,-122.15101435154902,22.209999084472656,1575428883.9941378,128.29917907714844,37.43502931891816,8.0,2019-12-03T19:08:03.994138-08:00,30.0,20.99917221069336,1575428884.1067948,10.914679475757811,POINT (-122.15101435154902 37.43502931891816),ios,20.61682798517717,7.508485622009504,-12.109157337856804
2036,distance,0,-122.15083140336255,22.790000915527344,1575428884.9941144,128.29917907714844,37.43491411124488,8.0,2019-12-03T19:08:04.994114-08:00,30.0,20.55611801147461,1575428885.1151319,10.914957247045304,POINT (-122.15083140336255 37.43491411124488),ios,28.1251381712643,-4.600388785134814,11.64790163289493
2037,distance,0,-122.15058182884867,23.18000030517578,1575428885.9940906,128.29917907714844,37.43475694707942,8.0,2019-12-03T19:08:05.994091-08:00,30.0,19.96480941772461,1575428886.113766,10.915235018200345,POINT (-122.15058182884867 37.43475694707942),ios,23.524859067945233,7.047235140144435,-25.81919883126365
2038,distance,0,-122.15037307615633,23.520000457763672,1575428886.9940667,128.29917907714844,37.434625489575296,8.0,2019-12-03T19:08:06.994067-08:00,30.0,20.05599594116211,1575428887.111055,10.915512789355384,POINT (-122.15037307615633 37.434625489575296),ios,30.571926188910798,-18.77134811344932,27.618232449808392
2039,distance,0,-122.15010178993698,24.200000762939453,1575428887.9940438,128.29917907714844,37.43445465293175,8.0,2019-12-03T19:08:07.994044-08:00,30.0,20.10464096069336,1575428888.107448,10.915790560775333,POINT (-122.15010178993698 37.43445465293175),ios,11.801007717523401,8.846252205184225,0.9131403875945099
2040,distance,0,-122.14999707154077,22.75,1575428888.9940195,128.29917907714844,37.43438870878107,8.0,2019-12-03T19:08:08.994020-08:00,30.0,20.734798431396484,1575428889.10885,10.916068331797918,POINT (-122.14999707154077 37.43438870878107),ios,20.64704479339775,9.759370386396094,-16.685054313490852
2041,distance,0,-122.14981385626864,22.68000030517578,1575428889.9939957,128.29917907714844,37.434273332916355,8.0,2019-12-03T19:08:09.993996-08:00,30.0,20.70022201538086,1575428890.12087,10.916346102952957,POINT (-122.14981385626864 37.434273332916355),ios,30.4061824982718,-6.925286124400593,5.017542486814849
2042,distance,0,-122.14954404210268,23.020000457763672,1575428890.9939709,128.29917907714844,37.434103423266656,8.0,2019-12-03T19:08:10.993971-08:00,30.0,21.188472747802734,1575428891.157335,10.916623873843086,POINT (-122.14954404210268 37.434103423266656),ios,23.481068090026483,-1.9078680502221743,-1.8906926548237106
2043,distance,0,-122.14933583926366,23.350000381469727,1575428891.9939475,128.40673828125,37.433972050818596,8.0,2019-12-03T19:08:11.993948-08:00,30.0,21.306575775146484,1575428892.133484,10.916901645130581,POINT (-122.14933583926366 37.433972050818596),ios,21.573244617180894,-3.7985165289727694,3.081355251040903
2044,distance,0,-122.14914469135375,22.690000534057617,1575428892.9939241,128.40673828125,37.433851214293064,8.0,2019-12-03T19:08:12.993924-08:00,30.0,21.29793930053711,1575428893.115179,10.917179416418076,POINT (-122.14914469135375 37.433851214293064),ios,17.77481684062565,-0.7172332738612512,5.076534922500253
2045,distance,0,-122.14898719915884,22.1200008392334,1575428893.9939013,128.40673828125,37.43375165364579,8.0,2019-12-03T19:08:13.993901-08:00,30.0,21.501827239990234,1575428894.092736,10.917457187838025,POINT (-122.14898719915884 37.43375165364579),ios,17.05759998293125,4.359185455975675,-1.8830178222918057
2046,distance,0,-122.14883606206526,20.799999237060547,1575428894.9938774,128.40673828125,37.43365611045477,8.0,2019-12-03T19:08:14.993877-08:00,30.0,21.37466049194336,1575428895.0860329,10.917734958993064,POINT (-122.14883606206526 37.43365611045477),ios,21.41668150782668,2.4762125283272307,-7.876322695547692
2047,distance,0,-122.14864630194963,20.81999969482422,1575428895.9938536,128.40673828125,37.43353615124061,4.0,2019-12-03T19:08:15.993854-08:00,30.0,16.931819915771484,1575428896.1207762,10.918012730148103,POINT (-122.14864630194963 37.43353615124061),ios,23.892834998646656,-5.3999223810539005,1.9177185486079023
2048,distance,0,-122.14843460227114,20.979999542236328,1575428896.9938302,128.40673828125,37.433402322659276,4.0,2019-12-03T19:08:16.993830-08:00,30.0,16.79305648803711,1575428897.091559,10.918290501435598,POINT (-122.14843460227114 37.433402322659276),ios,18.493038786891248,-3.482248639979683,7.377410519149837
2049,distance,0,-122.14827074717267,19.920000076293945,1575428897.993806,128.40673828125,37.43329873962348,4.0,2019-12-03T19:08:17.993806-08:00,30.0,16.809505462646484,1575428898.408005,10.918568272458183,POINT (-122.14827074717267 37.43329873962348),ios,15.010874830654393,3.894982470173345,-3.4722872137878
2050,distance,0,-122.14813774542456,18.950000762939453,1575428898.9937816,128.40673828125,37.433214660916384,4.0,2019-12-03T19:08:18.993782-08:00,30.0,16.63808822631836,1575428899.120441,10.918846043480768,POINT (-122.14813774542456 37.433214660916384),ios,18.90576257993675,0.4227796978794867,-10.19289859219761
2051,distance,0,-122.14797023362085,18.899999618530273,1575428899.9937577,128.40673828125,37.43310876624896,4.0,2019-12-03T19:08:19.993758-08:00,30.0,16.31484603881836,1575428900.118947,10.919123814635807,POINT (-122.14797023362085 37.43310876624896),ios,19.32853219796275,-9.769875876678196,15.156304334348786
2052,distance,0,-122.14779897599574,18.920000076293945,1575428900.9937344,128.40673828125,37.433000503614,4.0,2019-12-03T19:08:20.993734-08:00,30.0,16.14339828491211,1575428901.1083632,10.919401585923302,POINT (-122.14779897599574 37.433000503614),ios,9.558884594637158,5.386074330305294,-5.476159543555364
2053,distance,0,-122.14771428099696,18.530000686645508,1575428901.9937105,128.40673828125,37.4329469626185,4.0,2019-12-03T19:08:21.993711-08:00,50.0,15.896907806396484,1575428902.1013,10.91967935707834,POINT (-122.14771428099696 37.4329469626185),ios,14.944830510923575,-0.08995465143233985,5.607770369526997
2054,distance,0,-122.14758186461655,18.40999984741211,1575428902.9936876,128.40673828125,37.432863253958864,4.0,2019-12-03T19:08:22.993688-08:00,50.0,15.64553451538086,1575428903.167587,10.91995712849829,POINT (-122.14758186461655 37.432863253958864),ios,14.854877918389812,5.5176873664168875,-9.497338977735897
2055,distance,0,-122.14745024546268,17.690000534057617,1575428903.9936638,128.40673828125,37.43278004927584,4.0,2019-12-03T19:08:23.993664-08:00,50.0,15.50613021850586,1575428904.103675,10.920234899653328,POINT (-122.14745024546268 37.43278004927584),ios,20.372433732888517,-3.9794251771125775,3.868462479064412
2056,distance,0,-122.14726973916275,19.020000457763672,1575428904.9936395,128.40673828125,37.43266593997624,4.0,2019-12-03T19:08:24.993639-08:00,50.0,15.49276351928711,1575428905.10996,10.920512670675913,POINT (-122.14726973916275 37.43266593997624),ios,16.39310533020337,-0.11105677400757698,-6.329776453842613
2057,distance,0,-122.14712449104239,17.31999969482422,1575428905.9936156,128.40673828125,37.432574119572784,4.0,2019-12-03T19:08:25.993616-08:00,50.0,15.287166595458984,1575428906.1153631,10.920790441830952,POINT (-122.14712449104239 37.432574119572784),ios,16.282051203995618,-6.440682314219374,20.539260341981333
2058,distance,0,-122.14698022700482,17.15999984741211,1575428906.9935918,128.40673828125,37.43248292126948,4.0,2019-12-03T19:08:26.993592-08:00,50.0,14.86123275756836,1575428907.125557,10.921068212985993,POINT (-122.14698022700482 37.43248292126948),ios,9.841522447608824,14.098088333635307,-22.214849927472972
2059,distance,0,-122.14689302812805,16.600000381469727,1575428907.9935677,128.40673828125,37.43242779741643,4.0,2019-12-03T19:08:27.993568-08:00,50.0,14.706172943115234,1575428908.1158109,10.921345984074804,POINT (-122.14689302812805 37.43242779741643),ios,23.939271295379086,-8.116226654109246,2.364533894241743
2060,distance,0,-122.14668091897938,15.4399995803833,1575428908.993544,128.40673828125,37.43229370998344,4.0,2019-12-03T19:08:28.993544-08:00,30.0,14.632320404052734,1575428909.1087809,10.921623755296071,POINT (-122.14668091897938 37.43229370998344),ios,15.823236212133267,-5.751748570999822,10.119875235266306
2061,distance,0,-122.14654072030477,15.34000015258789,1575428909.9935217,128.40472412109375,37.43220508164983,4.0,2019-12-03T19:08:29.993522-08:00,30.0,14.718379974365234,1575428910.097303,10.921901526848474,POINT (-122.14654072030477 37.43220508164983),ios,10.07161654556328,4.367899864236703,-0.69095920932011
2062,distance,0,-122.14645148294893,15.979999542236328,1575428910.9934974,128.40472412109375,37.432148669146905,4.0,2019-12-03T19:08:30.993497-08:00,30.0,14.97890853881836,1575428911.1044679,10.92217929787106,POINT (-122.14645148294893 37.432148669146905),ios,14.439410188175096,3.676957458142909,2.997591612032163
2063,distance,0,-122.14632354578454,16.190000534057617,1575428911.993473,128.40472412109375,37.43206779207929,4.0,2019-12-03T19:08:31.993473-08:00,30.0,14.862178802490234,1575428912.1179109,10.922457068893644,POINT (-122.14632354578454 37.43206779207929),ios,18.1162782275108,6.67447617265872,-15.793383738778477
2064,distance,0,-122.14616303055813,14.949999809265137,1575428912.9934494,128.40472412109375,37.4319663203851,4.0,2019-12-03T19:08:32.993449-08:00,30.0,14.73330307006836,1575428913.142092,10.922734840114911,POINT (-122.14616303055813 37.4319663203851),ios,24.790596859576112,-9.118534787944848,10.74091216927561
2065,distance,0,-122.14594337192035,14.59000015258789,1575428913.9934258,128.3947296142578,37.43182747238045,4.0,2019-12-03T19:08:33.993426-08:00,30.0,14.379940032958984,1575428914.1743798,10.923012611336178,POINT (-122.14594337192035 37.43182747238045),ios,15.67227730041392,1.6221238588620153,0.26527635837792213
2066,distance,0,-122.14580449242904,13.149999618530273,1575428914.9934006,128.3947296142578,37.431739709415204,4.0,2019-12-03T19:08:34.993401-08:00,30.0,13.899471282958984,1575428915.1552238,10.923290382093853,POINT (-122.14580449242904 37.431739709415204),ios,17.294360164362587,1.8873935130778194,-7.996621680243223
2067,distance,0,-122.14565111041027,11.300000190734863,1575428915.993378,128.29067993164062,37.431642990843784,4.0,2019-12-03T19:08:35.993378-08:00,10.0,13.83175277709961,1575428916.120965,10.92356815358003,POINT (-122.14565111041027 37.431642990843784),ios,19.181710928420845,-6.109047045563434,6.677414333305574
2068,distance,0,-122.14548088656899,12.859999656677246,1575428916.993354,128.29067993164062,37.431535821010186,4.0,2019-12-03T19:08:36.993354-08:00,10.0,13.569026947021484,1575428917.116346,10.923845924735069,POINT (-122.14548088656899 37.431535821010186),ios,13.072809533889037,0.5682080857783982,0.7946418317798537
2069,distance,0,-122.14536487487693,13.100000381469727,1575428917.9933305,128.29067993164062,37.43146278215949,4.0,2019-12-03T19:08:37.993330-08:00,10.0,13.23958969116211,1575428918.122058,10.924123695956336,POINT (-122.14536487487693 37.43146278215949),ios,13.641004208002355,1.3628311612779855,-5.302258129132741
2070,distance,0,-122.14524382100156,13.90999984741211,1575428918.9933064,128.29067993164062,37.43138656884191,4.0,2019-12-03T19:08:38.993306-08:00,10.0,13.190914154052734,1575428919.1845279,10.924401467045149,POINT (-122.14524382100156 37.43138656884191),ios,15.00380255192917,-3.9392992880129887,3.655692464136273
2071,distance,0,-122.1451106732223,13.989999771118164,1575428919.9932835,128.29067993164062,37.43130274142244,4.0,2019-12-03T19:08:39.993284-08:00,10.0,12.959407806396484,1575428920.1506991,10.924679238465098,POINT (-122.1451106732223 37.43130274142244),ios,11.064593427321515,-0.2836904960369969,0.10842078524970386
2072,distance,0,-122.1450124776918,12.869999885559082,1575428920.9932597,128.26455688476562,37.43124092828246,4.0,2019-12-03T19:08:40.993260-08:00,10.0,12.71444320678711,1575428921.186662,10.924957009620137,POINT (-122.1450124776918 37.43124092828246),ios,10.780909694993015,-0.1752722957402495,1.3661559361823892
2073,distance,0,-122.14491677061245,11.720000267028809,1575428921.9932356,128.26455688476562,37.43118072931058,4.0,2019-12-03T19:08:41.993236-08:00,10.0,12.374996185302734,1575428922.168061,10.92523478070895,POINT (-122.14491677061245 37.43118072931058),ios,10.605641619858108,1.190850743029469,-3.8948591345652486
2074,distance,0,-122.144822619447,12.020000457763672,1575428922.9932122,128.26455688476562,37.43112150899584,4.0,2019-12-03T19:08:42.993212-08:00,10.0,12.380489349365234,1575428923.1272612,10.925512551996443,POINT (-122.144822619447 37.43112150899584),ios,11.796464538635254,-2.703917388071275,7.956426096404119
2075,distance,0,-122.14471789690172,11.880000114440918,1575428923.9931884,128.26455688476562,37.43105563936945,4.0,2019-12-03T19:08:43.993188-08:00,10.0,12.05385971069336,1575428924.119845,10.925790323151482,POINT (-122.14471789690172 37.43105563936945),ios,9.092611616978147,5.25231901235238,-7.559379314293805
2076,distance,0,-122.14463717779604,11.720000267028809,1575428924.9931636,128.26455688476562,37.43100486771068,4.0,2019-12-03T19:08:44.993164-08:00,10.0,11.626766204833984,1575428925.12429,10.926068094041613,POINT (-122.14463717779604 37.43100486771068),ios,14.344800395285192,-2.306872863108025,4.800527818273103
2077,distance,0,-122.14450983252995,11.6899995803833,1575428925.9931407,128.26455688476562,37.43092476857754,4.0,2019-12-03T19:08:45.993141-08:00,10.0,11.64999008178711,1575428926.1222959,10.926345865461562,POINT (-122.14450983252995 37.43092476857754),ios,12.037980332306786,2.493545079803027,-1.8648840055196638
2078,distance,0,-122.14440296611305,11.789999961853027,1575428926.9931169,128.26455688476562,37.43085755047338,4.0,2019-12-03T19:08:46.993117-08:00,10.0,11.59231185913086,1575428927.132061,10.9266236366166,POINT (-122.14440296611305 37.43085755047338),ios,14.531465961362327,0.6287055365828417,-3.9055055703227652
2079,distance,0,-122.14427396395057,12.380000114440918,1575428927.9930935,128.26455688476562,37.430776409165915,4.0,2019-12-03T19:08:47.993093-08:00,10.0,11.50967025756836,1575428928.115604,10.926901407904095,POINT (-122.14427396395057 37.430776409165915),ios,15.16015680822726,-3.276708781521226,0.6903941963922884
2080,distance,0,-122.14413938084512,12.779999732971191,1575428928.9930692,128.26455688476562,37.43069175749086,4.0,2019-12-03T19:08:48.993069-08:00,10.0,11.76613998413086,1575428929.119309,10.92717917892668,POINT (-122.14413938084512 37.43069175749086),ios,11.88352771198772,-2.586331374614877,2.9402800739420774
2081,distance,0,-122.14403388574793,12.489999771118164,1575428929.9930456,128.26455688476562,37.43062540193563,4.0,2019-12-03T19:08:49.993046-08:00,10.0,11.509029388427734,1575428930.117931,10.927456950147947,POINT (-122.14403388574793 37.43062540193563),ios,9.297257383688533,0.353879298604859,1.800570102096788
2082,distance,0,-122.14395135014476,10.289999961853027,1575428930.9930215,128.26455688476562,37.430573487714774,4.0,2019-12-03T19:08:50.993021-08:00,10.0,11.71584701538086,1575428931.121331,10.927734721236758,POINT (-122.14395135014476 37.430573487714774),ios,9.651128160782038,2.1544060424757503,-3.7126358801898527
2083,distance,0,-122.1438656729784,9.970000267028809,1575428931.992999,128.26455688476562,37.43051959747632,4.0,2019-12-03T19:08:51.992999-08:00,10.0,11.81075668334961,1575428932.119344,10.928012492789163,POINT (-122.1438656729784 37.43051959747632),ios,11.805485920117608,-1.5581466325452022,1.387853331952394
2084,distance,0,-122.14376087096403,10.949999809265137,1575428932.9929743,128.26455688476562,37.43045367786452,4.0,2019-12-03T19:08:52.992974-08:00,10.0,11.54397201538086,1575428933.11692,10.928290263679292,POINT (-122.14376087096403 37.43045367786452),ios,10.247377922647447,-0.17032771315482648,1.8473795774189903
2085,distance,0,-122.1436699008126,10.579999923706055,1575428933.992951,128.26455688476562,37.430396458381644,4.0,2019-12-03T19:08:53.992951-08:00,10.0,11.570003509521484,1575428934.199821,10.928568034966787,POINT (-122.1436699008126 37.430396458381644),ios,10.077054189203173,1.6770087002020007,-0.42245672740729495
2086,distance,0,-122.14358044280004,10.260000228881836,1575428934.9929268,128.26455688476562,37.430340190021774,4.0,2019-12-03T19:08:54.992927-08:00,10.0,11.20620346069336,1575428935.1129599,10.928845806055598,POINT (-122.14358044280004 37.430340190021774),ios,11.754022506571998,1.2545621456695064,-2.863146238677454
2087,distance,0,-122.14347609767611,10.630000114440918,1575428935.9929032,128.26455688476562,37.43027455779033,4.0,2019-12-03T19:08:55.992903-08:00,10.0,10.965267181396484,1575428936.109154,10.929123577276865,POINT (-122.14347609767611 37.43027455779033),ios,13.008555040260012,-1.6085165129094074,2.281287786194285
2088,distance,0,-122.14336061555179,11.84000015258789,1575428936.9928803,128.26455688476562,37.43020192047652,4.0,2019-12-03T19:08:56.992880-08:00,10.0,10.73562240600586,1575428937.120679,10.929401348696814,POINT (-122.14336061555179 37.43020192047652),ios,11.400075343371865,0.6727190587511968,-3.1406534094140492
2089,distance,0,-122.14325941274376,11.9399995803833,1575428937.992856,128.26455688476562,37.430138264736144,4.0,2019-12-03T19:08:57.992856-08:00,10.0,10.526241302490234,1575428938.105362,10.929679119719399,POINT (-122.14325941274376 37.430138264736144),ios,12.072778042473406,-2.4678579740702737,4.438199241357925
2090,distance,0,-122.14315223812991,11.699999809265137,1575428938.992832,128.26455688476562,37.430070852778655,4.0,2019-12-03T19:08:58.992832-08:00,10.0,10.47762680053711,1575428939.1345038,10.929956890808212,POINT (-122.14315223812991 37.430070852778655),ios,9.604979495105484,1.970234394222805,2.428555169874206
2091,distance,0,-122.14306697105758,10.720000267028809,1575428939.9928088,128.26455688476562,37.430017220485986,4.0,2019-12-03T19:08:59.992809-08:00,30.0,10.342708587646484,1575428940.103252,10.930234662161933,POINT (-122.14306697105758 37.430017220485986),ios,11.575168324501266,4.3987333998677425,-12.629483438820165
2092,distance,0,-122.14296421403873,11.34000015258789,1575428940.9927845,128.26455688476562,37.42995258715967,4.0,2019-12-03T19:09:00.992785-08:00,30.0,10.203975677490234,1575428941.097156,10.930512433184518,POINT (-122.14296421403873 37.42995258715967),ios,15.97379475291277,-8.230442906395803,2.9918420862120847
2093,distance,0,-122.14282238271892,11.300000190734863,1575428941.9929447,128.26455688476562,37.42986337641694,4.0,2019-12-03T19:09:01.992945-08:00,10.0,10.05404281616211,1575428942.10385,10.930790255467096,POINT (-122.14282238271892 37.42986337641694),ios,7.742033187298871,-5.238121475367049,6.627757012887318
2094,distance,0,-122.14275366653001,10.819999694824219,1575428942.992737,128.26455688476562,37.42982015449488,4.0,2019-12-03T19:09:02.992737-08:00,10.0,10.13412094116211,1575428943.109024,10.931067975560824,POINT (-122.14275366653001 37.42982015449488),ios,2.504999473764307,1.3882592003834695,3.587175105581102
2095,distance,0,-122.14270919098996,8.350000381469727,1575428944.9926887,128.26455688476562,37.42979217974313,4.0,2019-12-03T19:09:04.992689-08:00,10.0,10.074092864990234,1575428945.111559,10.931623517672222,POINT (-122.14270919098996 37.42979217974313),ios,5.281450684213692,8.562435795959766,-13.333454382097505
2096,distance,0,-122.142662305626,7.849999904632568,1575428945.9926658,128.26455688476562,37.42976268923182,4.0,2019-12-03T19:09:05.992666-08:00,10.0,10.265926361083984,1575428946.1087909,10.93190128909217,POINT (-122.142662305626 37.42976268923182),ios,13.84369050157095,-4.770713407585904,5.971158101518113
2097,distance,0,-122.14253941036608,9.59000015258789,1575428946.9926414,128.26455688476562,37.42968538911622,4.0,2019-12-03T19:09:06.992641-08:00,10.0,10.25167465209961,1575428947.108501,10.932179060114754,POINT (-122.14253941036608 37.42968538911622),ios,9.073093111509664,1.200299483159133,-3.829439631870182
2098,distance,0,-122.14245886528704,10.130000114440918,1575428947.9926186,128.26455688476562,37.42963472691879,4.0,2019-12-03T19:09:07.992619-08:00,10.0,10.191951751708984,1575428948.120057,10.932456831534704,POINT (-122.14245886528704 37.42963472691879),ios,10.273365121993859,-2.6290524997936937,1.9706016449290638
2099,distance,0,-122.14236766518025,10.3100004196167,1575428948.9925938,128.26455688476562,37.429577362795875,4.0,2019-12-03T19:09:08.992594-08:00,10.0,10.271541595458984,1575428949.121719,10.932734602424834,POINT (-122.14236766518025 37.429577362795875),ios,7.644377810956149,-0.6584997169812226,0.6431242648579237
2100,distance,0,-122.1422998034061,8.869999885559082,1575428949.9925704,128.26455688476562,37.429534678293706,4.0,2019-12-03T19:09:09.992570-08:00,10.0,10.99355697631836,1575428950.12484,10.933012373712328,POINT (-122.1422998034061 37.429534678293706),ios,6.985893479834479,-0.01539047873509338,0.26854893858105044
2101,distance,0,-122.14223778721532,8.520000457763672,1575428950.9925475,128.26455688476562,37.42949567061579,4.0,2019-12-03T19:09:10.992548-08:00,10.0,11.089534759521484,1575428951.1287541,10.933290145132277,POINT (-122.14223778721532 37.42949567061579),ios,6.970503353359488,0.2531523132485469,0.7435478409755617
2102,distance,0,-122.14217590775633,8.149999618530273,1575428951.9925232,128.26455688476562,37.42945674894106,4.0,2019-12-03T19:09:11.992523-08:00,10.0,11.258846282958984,1575428952.1211119,10.933567916154862,POINT (-122.14217590775633 37.42945674894106),ios,7.223649510274123,0.9966820721108952,-1.4687774838158674
2103,distance,0,-122.14211178099504,8.600000381469727,1575428952.9924998,128.26455688476562,37.42941641373152,4.0,2019-12-03T19:09:12.992500-08:00,10.0,11.08712387084961,1575428953.135273,10.933845687442355,POINT (-122.14211178099504 37.42941641373152),ios,8.22030829488772,-0.4720610936885829,-0.04352959885075946
2104,distance,0,-122.14189242115256,7.829999923706055,1575428955.9924278,128.28890991210938,37.429279152033295,4.0,2019-12-03T19:09:15.992428-08:00,10.0,10.99612045288086,1575428956.119209,10.93467900077502,POINT (-122.14189242115256 37.429279152033295),ios,6.804159003358804,-0.602646756004799,1.8562573481266913
2105,distance,0,-122.14183203881407,7.519999980926514,1575428956.9924042,128.28890991210938,37.42924113882097,4.0,2019-12-03T19:09:16.992404-08:00,10.0,11.252986907958984,1575428957.11736,10.934956771996287,POINT (-122.14183203881407 37.42924113882097),ios,6.201526471890149,1.253566778064193,-1.6889434495366262
2106,distance,0,-122.14177700447695,6.869999885559082,1575428957.9923801,128.28890991210938,37.42920649239961,4.0,2019-12-03T19:09:17.992380-08:00,10.0,11.370662689208984,1575428958.1212301,10.935234543085098,POINT (-122.14177700447695 37.42920649239961),ios,7.455063063719728,-0.4353360012471937,-2.984967532948891
2107,distance,0,-122.14171084585854,7.050000190734863,1575428958.9923563,128.28890991210938,37.42916484277704,4.0,2019-12-03T19:09:18.992356-08:00,10.0,11.39901351928711,1575428959.131649,10.935512314240137,POINT (-122.14171084585854 37.42916484277704),ios,7.019737441691619,-3.420232367024298,6.041050640563968
2108,distance,0,-122.14164855045016,6.639999866485596,1575428959.992333,128.28890991210938,37.42912562520705,4.0,2019-12-03T19:09:19.992333-08:00,10.0,11.64907455444336,1575428960.133453,10.935790085527632,POINT (-122.14164855045016 37.42912562520705),ios,3.5995849884675533,2.62067712426609,-3.2497092663621836
2109,distance,0,-122.1416166065751,5.800000190734863,1575428960.9923098,128.28890991210938,37.42910551519913,4.0,2019-12-03T19:09:20.992310-08:00,10.0,11.579341888427734,1575428961.107967,10.936067856881353,POINT (-122.1416166065751 37.42910551519913),ios,6.220201505376367,-0.628956987362713,-0.6317919067047455
2110,distance,0,-122.14156140654484,5.119999885559082,1575428961.9922862,128.28890991210938,37.429070764467006,4.0,2019-12-03T19:09:21.992286-08:00,10.0,11.757137298583984,1575428962.099509,10.93634562810262,POINT (-122.14156140654484 37.429070764467006),ios,5.591259363561747,-1.2607339816055187,1.258770863414487
2111,distance,0,-122.14151178802996,5.239999771118164,1575428962.9922612,128.28890991210938,37.42903952753268,4.0,2019-12-03T19:09:22.992261-08:00,10.0,11.37112045288086,1575428963.116209,10.936623398926523,POINT (-122.14151178802996 37.42903952753268),ios,4.330556943108703,-0.0019946301989021047,0.4823520659548549
2112,distance,0,-122.1414733572841,4.070000171661377,1575428963.9922385,128.28890991210938,37.42901533376778,4.0,2019-12-03T19:09:23.992239-08:00,10.0,11.44802474975586,1575428964.116216,10.9369011704127,POINT (-122.1414733572841 37.42901533376778),ios,4.328562358087706,0.4803465105950046,-4.365326872290185
2113,distance,0,-122.14143494431056,3.640000104904175,1575428964.9922142,128.28890991210938,37.42899115119129,4.0,2019-12-03T19:09:24.992214-08:00,10.0,11.95077133178711,1575428965.097066,10.937178941435285,POINT (-122.14143494431056 37.42899115119129),ios,4.808897187282392,-3.8848742026420995,3.679666889549995
2114,distance,0,-122.14139226866848,3.890000104904175,1575428965.9921908,128.28890991210938,37.42896428508634,4.0,2019-12-03T19:09:25.992191-08:00,10.0,12.20211410522461,1575428966.1132731,10.937456712722778,POINT (-122.14139226866848 37.42896428508634),ios,0.9241137548066561,-0.20529328858533905,0.059404076356230746
2115,distance,0,-122.14137586693192,2.3499999046325684,1575428967.9921436,128.28890991210938,37.42895395950587,4.0,2019-12-03T19:09:27.992144-08:00,10.0,12.186275482177734,1575428968.0976791,10.938012255165312,POINT (-122.14137586693192 37.42895395950587),ios,0.5135368688913424,-0.08648794015390214,-0.004111362898446473
2116,distance,0,-122.1413667523691,0.5,1575428969.9920957,128.28890991210938,37.428948221506644,4.0,2019-12-03T19:09:29.992096-08:00,10.0,12.01699447631836,1575428970.104642,10.938567797409164,POINT (-122.1413667523691 37.428948221506644),ios,0.34056513327023014,-0.0947104689255097,0.044853036067907054
2117,distance,0,-122.14135768553462,0.1899999976158142,1575428972.9920242,128.28890991210938,37.428942513554404,4.0,2019-12-03T19:09:32.992024-08:00,10.0,11.793636322021484,1575428973.1245809,10.939401110874282,POINT (-122.14135768553462 37.428942513554404),ios,0.056440500714329184,0.03984543113907314,0.002810959431085171
2118,distance,0,-122.14133264202951,0.949999988079071,1575429022.9908366,128.28890991210938,37.42892674761852,4.0,2019-12-03T19:10:22.990837-08:00,10.0,10.93197250366211,1575429023.120837,10.953289669884576,POINT (-122.14133264202951 37.42892674761852),ios,2.0486647387105372,0.18039006450207848,0.05266862980218906
2119,distance,0,-122.14131446154863,1.2000000476837158,1575429023.9908135,128.28890991210938,37.42891530224399,4.0,2019-12-03T19:10:23.990813-08:00,10.0,10.711055755615234,1575429024.108299,10.953567441238297,POINT (-122.14131446154863 37.42891530224399),ios,2.229050631403358,0.2330574762578191,-0.33098287167093443
2120,distance,0,-122.14129468029813,1.3700000047683716,1575429024.990789,128.28890991210938,37.428902849117875,4.0,2019-12-03T19:10:24.990789-08:00,10.0,10.403072357177734,1575429025.114291,10.953845212194654,POINT (-122.14129468029813 37.428902849117875),ios,2.4621023844422463,-0.09791726742912037,-1.360479306543152
2121,distance,0,-122.14127283087498,1.5399999618530273,1575429025.9907646,128.28890991210938,37.428889093990456,4.0,2019-12-03T19:10:25.990765-08:00,10.0,10.21389389038086,1575429026.120583,10.954122983217239,POINT (-122.14127283087498 37.428889093990456),ios,2.3641874982332944,-1.4583634888908699,1.6705581658474646
2122,distance,0,-122.14125185035977,1.7100000381469727,1575429026.9907413,128.28890991210938,37.42887588587695,4.0,2019-12-03T19:10:26.990741-08:00,10.0,10.66128158569336,1575429027.11356,10.954400754504734,POINT (-122.14125185035977 37.42887588587695),ios,0.9058580840356063,0.21215564433038236,0.4282084547476498
2123,distance,0,-122.14123577264382,1.7100000381469727,1575429028.9906945,128.28890991210938,37.428865764281056,4.0,2019-12-03T19:10:28.990695-08:00,10.0,10.536495208740234,1575429029.11641,10.954956297079722,POINT (-122.14123577264382 37.428865764281056),ios,1.3301594586543062,1.0685525436268193,-0.7765907143105925
2124,distance,0,-122.14118855572849,3.2899999618530273,1575429032.9905992,128.28890991210938,37.42883603925428,4.0,2019-12-03T19:10:32.990599-08:00,10.0,10.62539291381836,1575429033.142078,10.95606738169988,POINT (-122.14118855572849 37.42883603925428),ios,5.6042677280499245,-2.0377362521536906,4.862336854962648
2125,distance,0,-122.14113882178623,3.869999885559082,1575429033.9905758,128.28890991210938,37.428804729653606,4.0,2019-12-03T19:10:33.990576-08:00,10.0,10.74142074584961,1575429034.107631,10.956345152987375,POINT (-122.14113882178623 37.428804729653606),ios,3.5665790876460526,2.824486994207438,-2.11891658607073
2126,distance,0,-122.14110717093718,4.570000171661377,1575429034.9905515,128.28890991210938,37.42878480411783,4.0,2019-12-03T19:10:34.990551-08:00,10.0,10.531795501708984,1575429035.122067,10.95662292400996,POINT (-122.14110717093718 37.42878480411783),ios,6.390997394015554,0.7056219374230397,-0.42756057083314075
2127,distance,0,-122.14093703638335,5.019999980926514,1575429037.9904804,128.29405212402344,37.42867767752546,4.0,2019-12-03T19:10:37.990480-08:00,10.0,9.944454193115234,1575429038.1313791,10.957456237607532,POINT (-122.14093703638335 37.42867767752546),ios,8.507813072737521,-0.5770293974380167,-0.42176340892710634
2128,distance,0,-122.1408615410653,5.289999961853027,1575429038.990456,128.29405212402344,37.42863014129026,4.0,2019-12-03T19:10:38.990456-08:00,10.0,9.35616683959961,1575429039.117978,10.957734008630117,POINT (-122.1408615410653 37.42863014129026),ios,7.930797707901466,-0.9987825496293904,3.351092359166224
2129,distance,0,-122.14079116593649,6.179999828338623,1575429039.9904327,128.29405212402344,37.42858582902349,4.0,2019-12-03T19:10:39.990433-08:00,10.0,9.69552230834961,1575429040.117014,10.95801177991761,POINT (-122.14079116593649 37.42858582902349),ios,6.932038494847075,2.35223151119432,-1.1752588344141286
2130,distance,0,-122.14072965341038,6.369999885559082,1575429040.9904103,128.29405212402344,37.4285470971659,4.0,2019-12-03T19:10:40.990410-08:00,10.0,9.43691635131836,1575429041.136869,10.958289551470015,POINT (-122.14072965341038 37.4285470971659),ios,9.2842172893661,1.1769990159130808,-0.7248674086158359
2131,distance,0,-122.14064726874437,7.710000038146973,1575429041.9903848,128.29405212402344,37.42849522299727,4.0,2019-12-03T19:10:41.990385-08:00,10.0,9.11092758178711,1575429042.1227531,10.958567322161462,POINT (-122.14064726874437 37.42849522299727),ios,10.461186279106853,0.452150099236008,-3.4415548571286227
2132,distance,0,-122.14055443989503,8.050000190734863,1575429042.990362,128.29405212402344,37.428436772564474,4.0,2019-12-03T19:10:42.990362-08:00,10.0,9.21065902709961,1575429043.119334,10.958845093581411,POINT (-122.14055443989503 37.428436772564474),ios,10.913326029448378,-2.989325986953197,4.041036878969297
2133,distance,0,-122.14045759908109,7.920000076293945,1575429043.9903378,128.29405212402344,37.428375795965856,4.0,2019-12-03T19:10:43.990338-08:00,10.0,9.41921615600586,1575429044.1321568,10.959122864670224,POINT (-122.14045759908109 37.428375795965856),ios,7.924072026291463,1.0516135827307518,1.6790477889326363
2134,distance,0,-122.14038728378029,7.949999809265137,1575429044.9903145,128.29405212402344,37.42833152137028,4.0,2019-12-03T19:10:44.990314-08:00,10.0,9.779354095458984,1575429045.1121411,10.959400635957717,POINT (-122.14038728378029 37.42833152137028),ios,8.975661038049031,2.730622140676956,-9.683378465731174
2135,distance,0,-122.14030763713419,7.949999809265137,1575429045.9902906,128.29405212402344,37.42828137121795,4.0,2019-12-03T19:10:45.990291-08:00,10.0,10.036678314208984,1575429046.117614,10.959678407112758,POINT (-122.14030763713419 37.42828137121795),ios,11.706218075620903,-6.952525455320749,19.869713494702577
2136,distance,0,-122.14020376064889,9.130000114440918,1575429046.9902663,128.29405212402344,37.42821596455218,4.0,2019-12-03T19:10:46.990266-08:00,10.0,10.136531829833984,1575429047.114349,10.959956178135343,POINT (-122.14020376064889 37.42821596455218),ios,4.753861696646657,12.916704833878253,-20.309897937562997
2137,distance,0,-122.14016157668084,9.149999618530273,1575429047.990243,128.29405212402344,37.428189403076864,4.0,2019-12-03T19:10:47.990243-08:00,10.0,8.91335678100586,1575429048.139944,10.960233949422836,POINT (-122.14016157668084 37.428189403076864),ios,17.67026473144842,-7.392718562497966,0.3406390612712701
2138,distance,0,-122.14000502291259,9.970000267028809,1575429048.9902186,128.40682983398438,37.42809042820344,4.0,2019-12-03T19:10:48.990219-08:00,10.0,7.592555999755859,1575429049.165837,10.960511720445421,POINT (-122.14000502291259 37.42809042820344),ios,10.277725950218901,-7.052087785124155,25.142688884221634
2139,distance,0,-122.13991364860343,9.600000381469727,1575429049.99367,128.40682983398438,37.42803266044232,4.0,2019-12-03T19:10:49.993670-08:00,10.0,6.352169036865234,1575429050.103572,10.960790456930797,POINT (-122.13991364860343 37.42803266044232),ios,3.2012989605980153,18.17737725177692,-26.707306233503896
2140,distance,0,-122.13988527575566,10.0,1575429050.9940064,128.40682983398438,37.428014722841404,4.0,2019-12-03T19:10:50.994006-08:00,10.0,7.508876800537109,1575429051.120686,10.961068328155411,POINT (-122.13988527575566 37.428014722841404),ios,21.38479123868258,-8.538913549630369,5.652745333416405
2141,distance,0,-122.1396957157861,11.270000457763672,1575429051.9943824,128.3988800048828,37.42789491524723,4.0,2019-12-03T19:10:51.994382-08:00,10.0,8.567745208740234,1575429052.110942,10.961346210373772,POINT (-122.1396957157861 37.42789491524723),ios,12.842667176254912,-2.8840428625460373,7.892182745065527
2142,distance,0,-122.13958187758743,11.510000228881836,1575429052.9947388,128.3988800048828,37.42782296608654,4.0,2019-12-03T19:10:52.994739-08:00,10.0,9.386226654052734,1575429053.108235,10.961624087161487,POINT (-122.13958187758743 37.42782296608654),ios,9.957596337653847,5.010952938798641,-7.837741242990277
2143,distance,0,-122.1394936146909,11.920000076293945,1575429053.9950747,128.3988800048828,37.42776718128496,4.0,2019-12-03T19:10:53.995075-08:00,10.0,9.578731536865234,1575429054.103411,10.961901958253648,POINT (-122.1394936146909 37.42776718128496),ios,14.970232614782462,-2.829421250542538,0.7375709052647086
2144,distance,0,-122.13936092304681,12.239999771118164,1575429054.9953914,128.3988800048828,37.42768331618052,4.0,2019-12-03T19:10:54.995391-08:00,10.0,10.235836029052734,1575429055.114764,10.96217982398139,POINT (-122.13936092304681 37.42768331618052),ios,12.139915513242782,-2.091616815671441,10.778280498283559
2145,distance,0,-122.13925332034523,12.289999961853027,1575429055.9956913,128.3988800048828,37.42761530804128,4.0,2019-12-03T19:10:55.995691-08:00,10.0,10.379695892333984,1575429056.139775,10.962457685073216,POINT (-122.13925332034523 37.42761530804128),ios,10.047671357742345,8.689896418452639,-14.314822890772293
2146,distance,0,-122.13916426536332,11.970000267028809,1575429056.9959579,128.3988800048828,37.42755902261794,4.0,2019-12-03T19:10:56.995958-08:00,10.0,10.205562591552734,1575429057.117951,10.96273553689321,POINT (-122.13916426536332 37.42755902261794),ios,18.739884085216893,-5.62874211658194,2.2244430395750165
2147,distance,0,-122.13899817164753,13.199999809265137,1575429057.99621,128.3988800048828,37.427454046400946,4.0,2019-12-03T19:10:57.996210-08:00,10.0,10.012630462646484,1575429058.110251,10.963013384739558,POINT (-122.13899817164753 37.427454046400946),ios,13.10972213612893,-3.4037379682423055,14.5210194533938
2148,distance,0,-122.13888197983215,13.100000381469727,1575429058.9964533,128.3988800048828,37.42738060968382,4.0,2019-12-03T19:10:58.996453-08:00,30.0,9.94015121459961,1575429059.1195579,10.963291230069267,POINT (-122.13888197983215 37.42738060968382),ios,9.705156423229202,11.120812807593182,-14.03573122998459
2149,distance,0,-122.13879596540141,12.020000457763672,1575429059.9966664,128.3988800048828,37.42732624598017,4.0,2019-12-03T19:10:59.996666-08:00,10.0,9.906063079833984,1575429060.107049,10.963569067054324,POINT (-122.13879596540141 37.42732624598017),ios,20.828339589921292,-2.917910085303682,-1.047352834258124
2150,distance,0,-122.13861137221252,13.5,1575429060.9968624,128.3988800048828,37.427209577540545,4.0,2019-12-03T19:11:00.996862-08:00,10.0,9.63918685913086,1575429061.1108952,10.963846899271012,POINT (-122.13861137221252 37.427209577540545),ios,17.90985765238894,-3.9654681798456957,4.054343090590681
2151,distance,0,-122.13845264657596,14.59000015258789,1575429061.9970453,128.39695739746094,37.42710925817093,4.0,2019-12-03T19:11:01.997045-08:00,10.0,9.592525482177734,1575429062.1004791,10.964124727845192,POINT (-122.13845264657596 37.42710925817093),ios,13.94366431907465,0.08961631650634315,3.307651211020063
2152,distance,0,-122.13832907296197,14.729999542236328,1575429062.9972148,128.39695739746094,37.42703115593535,4.0,2019-12-03T19:11:02.997215-08:00,10.0,9.31686019897461,1575429063.101138,10.96440255271064,POINT (-122.13832907296197 37.42703115593535),ios,14.033295826945528,3.3978282260382535,-5.967526478217282
2153,distance,0,-122.13820470635679,14.5600004196167,1575429063.997374,128.39695739746094,37.42695255250554,4.0,2019-12-03T19:11:03.997374-08:00,30.0,9.28725814819336,1575429064.11221,10.964680374728308,POINT (-122.13820470635679 37.42695255250554),ios,17.431665203376074,-2.570648661993732,5.702711477571399
2154,distance,0,-122.13805022442449,16.030000686645508,1575429064.9975219,128.39695739746094,37.42685491528447,4.0,2019-12-03T19:11:04.997522-08:00,10.0,9.02468490600586,1575429065.124185,10.964958193567064,POINT (-122.13805022442449 37.42685491528447),ios,14.860636549333497,3.1329057876455226,-1.6381806456518346
2155,distance,0,-122.13791852886064,16.649999618530273,1575429065.9976587,128.39695739746094,37.42677167973265,4.0,2019-12-03T19:11:05.997659-08:00,10.0,9.623348236083984,1575429066.125154,10.96523600935936,POINT (-122.13791852886064 37.42677167973265),ios,17.993971082230225,1.4945009532628273,-2.5007711724559747
2156,distance,0,-122.13775906757974,16.700000762939453,1575429066.9977837,128.39695739746094,37.426670895413714,4.0,2019-12-03T19:11:06.997784-08:00,10.0,9.85964584350586,1575429067.1139588,10.965513821840286,POINT (-122.13775906757974 37.426670895413714),ios,19.488658745492973,-1.006582643875375,-1.1922337435942365
2157,distance,0,-122.13758636227908,17.139999389648438,1575429067.997899,128.39695739746094,37.42656174047652,4.0,2019-12-03T19:11:07.997899-08:00,10.0,9.61086654663086,1575429068.124834,10.965791631672117,POINT (-122.13758636227908 37.42656174047652),ios,18.481959947423807,-2.1989539647963623,1.952959216639982
2158,distance,0,-122.13742257925773,16.149999618530273,1575429068.9980087,128.39695739746094,37.426458224687806,4.0,2019-12-03T19:11:08.998009-08:00,10.0,9.683834075927734,1575429069.109765,10.966069439914492,POINT (-122.13742257925773 37.426458224687806),ios,16.282764817746738,-0.24578056214610192,-0.11773518507789289
2159,distance,0,-122.13727828671205,15.880000114440918,1575429069.9981074,128.39695739746094,37.42636702746511,4.0,2019-12-03T19:11:09.998107-08:00,10.0,9.714534759521484,1575429070.104841,10.966347245110406,POINT (-122.13727828671205 37.42636702746511),ios,16.036959995758544,-0.36352736830978694,0.5464274549906512
2160,distance,0,-122.1371361733606,15.630000114440918,1575429070.9982002,128.39695739746094,37.426277207558634,4.0,2019-12-03T19:11:10.998200-08:00,10.0,9.72445297241211,1575429071.11321,10.966625048650636,POINT (-122.1371361733606 37.426277207558634),ios,15.673398912165775,0.18295076500079321,0.23008198920244444
2161,distance,0,-122.13699728297382,15.800000190734863,1575429071.9982848,128.39695739746094,37.426189424662645,4.0,2019-12-03T19:11:11.998285-08:00,10.0,9.709835052490234,1575429072.103564,10.966902849939135,POINT (-122.13699728297382 37.426189424662645),ios,15.856365161862378,0.41305222801967223,-0.6162332052017564
2162,distance,0,-122.13685677229796,16.020000457763672,1575429072.9983625,128.39695739746094,37.42610061769526,4.0,2019-12-03T19:11:12.998363-08:00,30.0,9.79513168334961,1575429073.097958,10.96718064930704,POINT (-122.13685677229796 37.42610061769526),ios,16.269449494142098,-0.20322887357321268,16.452033229651754
2163,distance,0,-122.1367126018475,15.899999618530273,1575429073.9984357,128.39695739746094,37.42600949764043,4.0,2019-12-03T19:11:13.998436-08:00,30.0,9.831478118896484,1575429074.113059,10.967458447416623,POINT (-122.1367126018475 37.42600949764043),ios,16.06620574533233,16.250008554487025,-27.02466276020392
2164,distance,0,-122.1365702335153,16.040000915527344,1575429074.998502,128.39695739746094,37.425919516578446,4.0,2019-12-03T19:11:14.998502-08:00,30.0,10.025325775146484,1575429075.1157541,10.967736243605614,POINT (-122.1365702335153 37.425919516578446),ios,32.31729135631744,-10.77644541022838,11.827083167891018
2165,distance,0,-122.13628386072563,18.270000457763672,1575429075.9985619,128.39695739746094,37.42573852037419,4.0,2019-12-03T19:11:15.998562-08:00,30.0,10.41897201538086,1575429076.112241,10.968014038006464,POINT (-122.13628386072563 37.42573852037419),ios,21.54020105058364,1.0513455265499527,8.17694266927043
2166,distance,0,-122.13609287825756,19.010000228881836,1575429076.9991918,128.39695739746094,37.42561781371822,4.0,2019-12-03T19:11:16.999192-08:00,30.0,10.21230697631836,1575429077.099801,10.968291990756988,POINT (-122.13609287825756 37.42561781371822),ios,22.59220882166359,9.233438867429358,-19.901250152028556
2167,distance,0,-122.13589279983432,19.399999618530273,1575429077.9986663,128.39695739746094,37.425491358145415,4.0,2019-12-03T19:11:17.998666-08:00,30.0,10.122798919677734,1575429078.0968618,10.968569622569614,POINT (-122.13589279983432 37.425491358145415),ios,31.82079575197446,-10.65735368416416,11.19062115474586
2168,distance,0,-122.13561083158481,21.81999969482422,1575429078.998712,128.39695739746094,37.42531314574283,4.0,2019-12-03T19:11:18.998712-08:00,30.0,9.99148178100586,1575429079.1020331,10.968847413063049,POINT (-122.13561083158481 37.42531314574283),ios,21.16295421287481,0.5337797365647345,-2.742232211279861
2169,distance,0,-122.13542330494562,21.700000762939453,1575429079.9987533,128.39695739746094,37.42519462327449,4.0,2019-12-03T19:11:19.998753-08:00,30.0,10.01693344116211,1575429080.103158,10.969125202298164,POINT (-122.13542330494562 37.42519462327449),ios,21.69675596593964,-2.2085655819607033,-9.765474679956379
2170,distance,0,-122.13523104925986,21.610000610351562,1575429080.9987903,128.39695739746094,37.42507311190673,4.0,2019-12-03T19:11:20.998790-08:00,30.0,10.00533676147461,1575429081.11148,10.969402990341187,POINT (-122.13523104925986 37.42507311190673),ios,19.488108766703412,-11.974401143859687,22.51370455412725
2171,distance,0,-122.13505836479891,21.469999313354492,1575429081.9988263,128.39695739746094,37.424963970140816,4.0,2019-12-03T19:11:21.998826-08:00,30.0,10.170894622802734,1575429082.242756,10.969680778119299,POINT (-122.13505836479891 37.424963970140816),ios,7.513276529968072,10.540113930770532,-9.148693441235046
2172,distance,0,-122.13499178912116,18.600000381469727,1575429082.9988542,128.39300537109375,37.42492189392375,4.0,2019-12-03T19:11:22.998854-08:00,30.0,9.98739242553711,1575429083.170686,10.969958563645681,POINT (-122.13499178912116 37.42492189392375),ios,18.053684476940077,1.3911652869720499,2.347058091568158
2173,distance,0,-122.13483180785022,18.389999389648438,1575429083.9988818,128.39300537109375,37.424820795291396,4.0,2019-12-03T19:11:23.998882-08:00,30.0,10.023372650146484,1575429084.1818109,10.970236349105836,POINT (-122.13483180785022 37.424820795291396),ios,19.444888238751645,3.738288290081818,-4.938002597768097
2174,distance,0,-122.13465949942659,18.5,1575429084.9989052,128.39300537109375,37.42471190663293,4.0,2019-12-03T19:11:24.998905-08:00,30.0,9.878780364990234,1575429085.1085591,10.970514133373896,POINT (-122.13465949942659 37.42471190663293),ios,23.183263874016937,-1.1998296842194494,-3.1165677972974177
2175,distance,0,-122.13445406464723,20.34000015258789,1575429085.9989257,128.39300537109375,37.424582084091135,4.0,2019-12-03T19:11:25.998926-08:00,30.0,9.907344818115234,1575429086.111737,10.97079191684723,POINT (-122.13445406464723 37.424582084091135),ios,21.98340958849228,-4.316461383616135,10.129566687716304
2176,distance,0,-122.13425926275744,20.739999771118164,1575429086.9989443,128.39300537109375,37.424458980902095,4.0,2019-12-03T19:11:26.998944-08:00,30.0,9.825191497802734,1575429087.135007,10.971069699790743,POINT (-122.13425926275744 37.424458980902095),ios,17.666867933158137,5.813293680098105,-13.354015694681157
2177,distance,0,-122.1341027119862,20.530000686645508,1575429087.998958,128.39300537109375,37.42436005014118,4.0,2019-12-03T19:11:27.998958-08:00,30.0,9.81869125366211,1575429088.120209,10.971347481409708,POINT (-122.1341027119862 37.42436005014118),ios,23.48024200109495,-7.540906677618993,11.902579110915251
2178,distance,0,-122.13389464767101,21.15999984741211,1575429088.9989715,128.39300537109375,37.42422856588939,4.0,2019-12-03T19:11:28.998971-08:00,30.0,9.590328216552734,1575429089.119091,10.97162526289622,POINT (-122.13389464767101 37.42422856588939),ios,15.939234641509666,4.361831349872219,-12.265288658487163
2179,distance,0,-122.1337534066792,20.559999465942383,1575429089.9989817,128.39300537109375,37.42413930999698,4.0,2019-12-03T19:11:29.998982-08:00,30.0,9.625179290771484,1575429090.115943,10.971903043521776,POINT (-122.1337534066792 37.42413930999698),ios,20.30111070887209,-7.903583052340797,13.807487795024404
2180,distance,0,-122.13357351448474,20.469999313354492,1575429090.998991,128.39300537109375,37.42402562884715,4.0,2019-12-03T19:11:30.998991-08:00,30.0,9.53048324584961,1575429091.125972,10.972180823882422,POINT (-122.13357351448474 37.42402562884715),ios,12.39745416645069,5.904033129186828,2.1820259853873827
2181,distance,0,-122.13346365853897,20.540000915527344,1575429091.9989977,128.39300537109375,37.42395620643407,4.0,2019-12-03T19:11:31.998998-08:00,30.0,10.00570297241211,1575429092.118112,10.972458603514566,POINT (-122.13346365853897 37.42395620643407),ios,18.301526709310828,8.086073681169191,-2.366938917605755
2182,distance,0,-122.13330148610484,20.469999313354492,1575429092.999002,128.39300537109375,37.42385372311712,4.0,2019-12-03T19:11:32.999002-08:00,30.0,9.798519134521484,1575429093.115128,10.972736382484436,POINT (-122.13330148610484 37.42385372311712),ios,26.387635092143576,5.719124605763592,-18.66772697623868
2183,distance,0,-122.13306766197519,19.709999084472656,1575429093.9990053,128.39300537109375,37.423705960197246,4.0,2019-12-03T19:11:33.999005-08:00,10.0,10.28023910522461,1575429094.116819,10.973014161189397,POINT (-122.13306766197519 37.423705960197246),ios,32.10677878754504,-12.948664680736258,13.896401004775125
2184,distance,0,-122.13278316092627,20.93000030517578,1575429094.999006,128.39300537109375,37.42352617248344,4.0,2019-12-03T19:11:34.999006-08:00,10.0,9.749385833740234,1575429095.1164951,10.973291939165858,POINT (-122.13278316092627 37.42352617248344),ios,19.15810484520208,0.947746263519414,1.0822906145865623
2185,distance,0,-122.13261339968159,20.6200008392334,1575429095.9990053,128.39300537109375,37.42341889349032,4.0,2019-12-03T19:11:35.999005-08:00,10.0,9.753047943115234,1575429096.1112618,10.973569716744953,POINT (-122.13261339968159 37.42341889349032),ios,20.10585043084054,2.0300361039914048,-3.18071253326434
2186,distance,0,-122.13243524077262,20.979999542236328,1575429096.9990034,128.39300537109375,37.42330630767365,4.0,2019-12-03T19:11:36.999003-08:00,10.0,9.976741790771484,1575429097.107163,10.973847493992912,POINT (-122.13243524077262 37.42330630767365),ios,22.135882662845358,-1.150670362545234,3.000206994428969
2187,distance,0,-122.13223909388674,20.90999984741211,1575429097.9990013,128.39300537109375,37.42318235452721,4.0,2019-12-03T19:11:37.999001-08:00,30.0,10.01241683959961,1575429098.118577,10.974125271174643,POINT (-122.13223909388674 37.42318235452721),ios,20.98521476937086,1.8495301941379374,-5.654257678531894
2188,distance,0,-122.13205314373911,21.459999084472656,1575429098.9989967,128.39300537109375,37.42306484511188,4.0,2019-12-03T19:11:38.998997-08:00,30.0,10.404537200927734,1575429099.122384,10.9744030476941,POINT (-122.13205314373911 37.42306484511188),ios,22.83473658522394,-3.8047018708724063,-0.09896483009753616
2189,distance,0,-122.13185080540882,21.600000381469727,1575429099.998991,128.39300537109375,37.422936979341436,4.0,2019-12-03T19:11:39.998991-08:00,30.0,10.46212387084961,1575429100.119791,10.974680823882421,POINT (-122.13185080540882 37.422936979341436),ios,19.03005648503027,-3.9036661346886423,16.659465798689432
2190,distance,0,-122.13168218054585,21.200000762939453,1575429100.9989848,128.39300537109375,37.42283041847384,4.0,2019-12-03T19:11:40.998985-08:00,30.0,10.52773666381836,1575429101.123074,10.974958599938287,POINT (-122.13168218054585 37.42283041847384),ios,15.126414548711487,12.755696393920516,-12.56637523415991
2191,distance,0,-122.1315480752832,20.530000686645508,1575429101.9989772,128.31683349609375,37.42274578734243,4.0,2019-12-03T19:11:41.998977-08:00,30.0,10.58077621459961,1575429102.128273,10.975236375596788,POINT (-122.1315480752832 37.42274578734243),ios,27.882013624391693,0.18941703359509562,1.6233560240509595
2192,distance,0,-122.13130075310366,21.329999923706055,1575429102.9989686,128.31683349609375,37.42258992084321,4.0,2019-12-03T19:11:42.998969-08:00,30.0,10.508785247802734,1575429103.160481,10.97551415099038,POINT (-122.13130075310366 37.42258992084321),ios,28.071429032207348,1.8127591242695362,-6.534513377768443
2193,distance,0,-122.13105163909447,21.889999389648438,1575429103.9989593,128.261962890625,37.42243310809121,4.0,2019-12-03T19:11:43.998959-08:00,30.0,10.393917083740234,1575429104.203588,10.97579192618529,POINT (-122.13105163909447 37.42243310809121),ios,29.884171300854153,-4.721693493472515,1.812392077929723
2194,distance,0,-122.13078635680154,22.739999771118164,1575429104.9989488,128.261962890625,37.42226625175547,4.0,2019-12-03T19:11:44.998949-08:00,30.0,10.25155258178711,1575429105.114218,10.976069701049063,POINT (-122.13078635680154 37.42226625175547),ios,25.1625273399176,-2.9093204282923284,9.371883049397074
2195,distance,0,-122.13056298900995,22.780000686645508,1575429105.9989378,128.261962890625,37.42212575865729,6.0,2019-12-03T19:11:45.998938-08:00,30.0,9.95400619506836,1575429106.122472,10.976347475780381,POINT (-122.13056298900995 37.42212575865729),ios,22.253238818883233,6.4624598372768975,-16.027388709692783
2196,distance,0,-122.13036544742687,22.739999771118164,1575429106.9989257,128.261962890625,37.42200150963807,6.0,2019-12-03T19:11:46.998926-08:00,30.0,9.143611907958984,1575429107.1177201,10.976625250180563,POINT (-122.13036544742687 37.42200150963807),ios,28.715620076865044,-9.5647339898265,12.494462969229197
2197,distance,0,-122.13011054000827,23.6299991607666,1575429107.9989123,128.261962890625,37.42184117885477,6.0,2019-12-03T19:11:47.998912-08:00,30.0,9.853328704833984,1575429108.116916,10.976903024249607,POINT (-122.13011054000827 37.42184117885477),ios,19.151013790014634,2.929562160324662,-7.718885542153641
2198,distance,0,-122.12994053740613,22.860000610351562,1575429108.998899,128.261962890625,37.421734251208214,6.0,2019-12-03T19:11:48.998899-08:00,30.0,9.37716293334961,1575429109.119708,10.977180798318651,POINT (-122.12994053740613 37.421734251208214),ios,22.080536836464628,-4.789220323588479,28.32330204684528
2199,distance,0,-122.12974452966452,22.670000076293945,1575429109.998886,128.261962890625,37.42161096693928,8.0,2019-12-03T19:11:49.998886-08:00,30.0,9.255245208740234,1575429110.115989,10.97745857252015,POINT (-122.12974452966452 37.42161096693928),ios,17.291378172187795,23.53371707197961,-38.602089381503774
2200,distance,0,-122.12959103545882,22.40999984741211,1575429110.9988713,128.261962890625,37.4215144226866,8.0,2019-12-03T19:11:50.998871-08:00,30.0,9.546810150146484,1575429111.116689,10.977736346191831,POINT (-122.12959103545882 37.4215144226866),ios,40.824747369893515,-15.067801695295524,20.9415629667449
2201,distance,0,-122.12922863786596,24.520000457763672,1575429111.9988565,128.26028442382812,37.42128648310661,6.0,2019-12-03T19:11:51.998857-08:00,30.0,9.06020736694336,1575429112.125293,10.97801411986351,POINT (-122.12922863786596 37.42128648310661),ios,25.757168406117955,5.8734517142728,-17.735455030585648
2202,distance,0,-122.12899999437667,25.280000686645508,1575429112.9988408,128.26028442382812,37.4211426717184,6.0,2019-12-03T19:11:52.998841-08:00,30.0,8.21523666381836,1575429113.1682692,10.978291893270281,POINT (-122.12899999437667 37.4211426717184),ios,31.630527697949955,-11.861724237821633,17.099071545981108
2203,distance,0,-122.12871921410618,25.68000030517578,1575429113.998825,128.26028442382812,37.42096606751851,6.0,2019-12-03T19:11:53.998825-08:00,30.0,8.413082122802734,1575429114.114413,10.978569666677052,POINT (-122.12871921410618 37.42096606751851),ios,19.76899011178726,5.237078243560906,-5.196057044572952
2204,distance,0,-122.12854372760738,25.149999618530273,1575429114.9988084,128.26028442382812,37.420855690629665,6.0,2019-12-03T19:11:54.998808-08:00,30.0,8.418392181396484,1575429115.126766,10.978847439818912,POINT (-122.12854372760738 37.420855690629665),ios,25.005980952175424,0.04110791754557877,-1.649125704743628
2205,distance,0,-122.12832175331734,24.75,1575429115.9987917,128.26028442382812,37.42071607401125,8.0,2019-12-03T19:11:55.998792-08:00,30.0,8.720699310302734,1575429116.1091828,10.979125212960772,POINT (-122.12832175331734 37.42071607401125),ios,25.047088183658612,-1.6079902644435393,2.90997733661428
2206,distance,0,-122.12809941453865,25.729999542236328,1575429116.9987743,128.26028442382812,37.42057622813803,8.0,2019-12-03T19:11:56.998774-08:00,30.0,8.93630599975586,1575429117.107367,10.979402985903953,POINT (-122.12809941453865 37.42057622813803),ios,23.43912590557212,1.3019364253064285,-1.9285839465324208
2207,distance,0,-122.12789134979955,25.979999542236328,1575429117.998756,128.26028442382812,37.420445360300675,8.0,2019-12-03T19:11:57.998756-08:00,30.0,9.19271469116211,1575429118.094986,10.979680758582221,POINT (-122.12789134979955 37.420445360300675),ios,24.741038429629437,-0.6266121158371882,2.0031051886879343
2208,distance,0,-122.12767172831168,25.18000030517578,1575429118.9987383,128.26028442382812,37.420307223539595,8.0,2019-12-03T19:11:58.998738-08:00,30.0,9.171321868896484,1575429119.096539,10.979958531459173,POINT (-122.12767172831168 37.420307223539595),ios,24.114437369094052,1.3764577321162728,-5.440787427953483
2209,distance,0,-122.12745766928172,24.90999984741211,1575429119.9987206,128.26028442382812,37.42017258543398,8.0,2019-12-03T19:11:59.998721-08:00,30.0,9.35665512084961,1575429120.100775,10.980236304336124,POINT (-122.12745766928172 37.42017258543398),ios,25.49087081640117,-4.064233704161436,29.35497539250371
2210,distance,0,-122.12723139250862,24.790000915527344,1575429120.9987016,128.26028442382812,37.42003026265471,8.0,2019-12-03T19:12:00.998702-08:00,30.0,9.490901947021484,1575429121.113412,10.98051407681571,POINT (-122.12723139250862 37.42003026265471),ios,21.426714631345725,25.290181786620465,-56.899695368524405
2211,distance,0,-122.12704119250235,24.399999618530273,1575429121.9986827,128.26028442382812,37.419910631314984,8.0,2019-12-03T19:12:01.998683-08:00,30.0,9.602657318115234,1575429122.097427,10.980791849361525,POINT (-122.12704119250235 37.419910631314984),ios,46.716420075678855,-31.60844187228677,44.69381696622424
2212,distance,0,-122.12662650235713,27.690000534057617,1575429122.9986637,128.26028442382812,37.41964980094694,8.0,2019-12-03T19:12:02.998664-08:00,30.0,9.406612396240234,1575429123.099609,10.981069621841113,POINT (-122.12662650235713 37.41964980094694),ios,15.108581086575988,13.084522627030609,-15.45452173041563
2213,distance,0,-122.12649238749303,26.93000030517578,1575429123.9986439,128.26028442382812,37.41956544584528,8.0,2019-12-03T19:12:03.998644-08:00,30.0,10.30532455444336,1575429124.100874,10.981347394122018,POINT (-122.12649238749303 37.41956544584528),ios,28.19284478736328,-2.369693277840753,8.393664081706675
2214,distance,0,-122.12624212740091,26.360000610351562,1575429124.9986238,128.26028442382812,37.41940803812124,8.0,2019-12-03T19:12:04.998624-08:00,30.0,10.24502182006836,1575429125.121517,10.981625166336695,POINT (-122.12624212740091 37.41940803812124),ios,25.823198967750482,6.023802702606961,-13.251426729582427
2215,distance,0,-122.12601290228353,26.610000610351562,1575429125.9986038,128.26028442382812,37.41926386090262,8.0,2019-12-03T19:12:05.998604-08:00,30.0,10.232357025146484,1575429126.11337,10.981902938551373,POINT (-122.12601290228353 37.41926386090262),ios,31.846881030693027,-7.227358638523583,7.099415763910752
2216,distance,0,-122.12573020704478,27.110000610351562,1575429126.9985838,128.26028442382812,37.41908605223265,8.0,2019-12-03T19:12:06.998584-08:00,30.0,10.05141830444336,1575429127.1106339,10.98218071076605,POINT (-122.12573020704478 37.41908605223265),ios,24.619667135641933,-0.12808505575281662,6.671172482246463
2217,distance,0,-122.12551166580089,26.93000030517578,1575429127.9985642,128.26028442382812,37.418948594919684,8.0,2019-12-03T19:12:07.998564-08:00,30.0,10.133419036865234,1575429128.111991,10.982458483113183,POINT (-122.12551166580089 37.418948594919684),ios,24.49158458399339,6.542957002913584,-10.918819179762846
2218,distance,0,-122.12529426206218,26.639999389648438,1575429128.9985433,128.26028442382812,37.418811853070764,8.0,2019-12-03T19:12:08.998543-08:00,30.0,10.06917953491211,1575429129.107322,10.982736255062951,POINT (-122.12529426206218 37.418811853070764),ios,31.03440431020594,-4.375633090906081,8.628085673226742
2219,distance,0,-122.12501878028142,27.780000686645508,1575429129.998522,128.26028442382812,37.41863858149658,8.0,2019-12-03T19:12:09.998522-08:00,30.0,9.87063217163086,1575429130.117276,10.983014026946492,POINT (-122.12501878028142 37.41863858149658),ios,26.658864066967812,4.252269500783196,-5.067868151677828
2220,distance,0,-122.12478213887313,27.75,1575429130.9985013,128.26028442382812,37.41848973960503,8.0,2019-12-03T19:12:10.998501-08:00,30.0,9.88509750366211,1575429131.123752,10.983291798962487,POINT (-122.12478213887313 37.41848973960503),ios,30.911045365406455,-0.8154935310632617,-1.8710476443368913
2221,distance,0,-122.12450775289743,28.100000381469727,1575429131.9984798,128.26028442382812,37.4183171572665,8.0,2019-12-03T19:12:11.998480-08:00,10.0,10.009151458740234,1575429132.117105,10.9835695707798,POINT (-122.12450775289743 37.4183171572665),ios,30.095569332935998,-2.6865010270732816,6.072187831840191
2222,distance,0,-122.12424060584839,28.229999542236328,1575429132.9984589,128.26028442382812,37.41814912804291,8.0,2019-12-03T19:12:12.998459-08:00,30.0,10.11220932006836,1575429133.131666,10.983847342729568,POINT (-122.12424060584839 37.41814912804291),ios,27.409124670897388,3.3855594051961577,-5.987437469523011
2223,distance,0,-122.12399731646086,28.059999465942383,1575429133.9984374,128.28977966308594,37.41799608732335,8.0,2019-12-03T19:12:13.998437-08:00,30.0,10.03481674194336,1575429134.1850219,10.984125114546881,POINT (-122.12399731646086 37.41799608732335),ios,30.79461142986989,-2.6017495878567987,-8.010987645094579
2224,distance,0,-122.12372407660881,28.639999389648438,1575429134.9984164,128.28977966308594,37.417824043803,8.0,2019-12-03T19:12:14.998416-08:00,30.0,10.852291107177734,1575429135.1466851,10.98440288649665,POINT (-122.12372407660881 37.417824043803),ios,28.192916428891802,-10.612569155741722,24.85511207790927
2225,distance,0,-122.12347392199165,28.329999923706055,1575429135.998395,128.28977966308594,37.41766653573585,8.0,2019-12-03T19:12:15.998395-08:00,30.0,10.93996810913086,1575429136.1252198,10.984680658313962,POINT (-122.12347392199165 37.41766653573585),ios,17.580574994179365,14.242009589322093,-7.111889057592982
2226,distance,0,-122.12331793041811,28.15999984741211,1575429136.9983735,128.28977966308594,37.41756831675624,8.0,2019-12-03T19:12:16.998374-08:00,30.0,10.940303802490234,1575429137.1240501,10.984958430131277,POINT (-122.12331793041811 37.41756831675624),ios,31.822278983129372,7.130273136312657,-16.434118209386575
2227,distance,0,-122.12303571420613,27.170000076293945,1575429137.9983516,128.32577514648438,37.41739039164298,8.0,2019-12-03T19:12:17.998352-08:00,30.0,11.12807846069336,1575429138.122285,10.985236201816136,POINT (-122.12303571420613 37.41739039164298),ios,38.95239572039977,-9.30348459875559,20.456544017502818
2228,distance,0,-122.12269026471016,28.979999542236328,1575429138.9983306,128.32577514648438,37.41717260067956,8.0,2019-12-03T19:12:18.998331-08:00,30.0,11.113033294677734,1575429139.122112,10.985513973765903,POINT (-122.12269026471016 37.41717260067956),ios,29.64910631651911,11.152630223373325,-18.006992678725815
2229,distance,0,-122.12242732201638,29.079999923706055,1575429139.9983091,128.3238983154297,37.41700682668578,8.0,2019-12-03T19:12:19.998309-08:00,30.0,11.12166976928711,1575429140.116215,10.985791745583215,POINT (-122.12242732201638 37.41700682668578),ios,40.80149723040984,-6.853976067207738,3.2596724185624772
2230,distance,0,-122.12206547577027,30.360000610351562,1575429140.9982858,128.3238983154297,37.41677869828072,8.0,2019-12-03T19:12:20.998286-08:00,30.0,10.732540130615234,1575429141.122721,10.98606951687071,POINT (-122.12206547577027 37.41677869828072),ios,33.94768130649514,-3.5943798109589653,-1.1116247883020307
2231,distance,0,-122.12176441222401,30.860000610351562,1575429141.9982643,128.3238983154297,37.41658889073851,8.0,2019-12-03T19:12:21.998264-08:00,30.0,10.851802825927734,1575429142.127878,10.986347288688023,POINT (-122.12176441222401 37.41658889073851),ios,30.35337862255963,-4.705980746380769,1.8229992768831886
2232,distance,0,-122.1214952249923,30.799999237060547,1575429142.9982429,128.3238983154297,37.41641917983368,8.0,2019-12-03T19:12:22.998243-08:00,30.0,10.857051849365234,1575429143.120444,10.986625060505338,POINT (-122.1214952249923 37.41641917983368),ios,25.647498855570717,-2.883020586818337,12.533215000923573
2233,distance,0,-122.12126777199084,29.8799991607666,1575429143.998221,128.3238983154297,37.41627578055566,8.0,2019-12-03T19:12:23.998221-08:00,30.0,11.000972747802734,1575429144.1024098,10.986902832190196,POINT (-122.12126777199084 37.41627578055566),ios,22.76454150639419,9.649919504184522,-18.118374867205844
2234,distance,0,-122.12106588665777,29.0,1575429144.9981983,128.3238983154297,37.416148500586516,8.0,2019-12-03T19:12:24.998198-08:00,30.0,11.07503890991211,1575429145.108989,10.987180603676372,POINT (-122.12106588665777 37.416148500586516),ios,32.41424244216953,-8.468044986088135,14.056720570211748
2235,distance,0,-122.1207784243014,29.90999984741211,1575429145.9981751,128.3238983154297,37.41596726800617,8.0,2019-12-03T19:12:25.998175-08:00,30.0,11.256587982177734,1575429146.1173968,10.987458375030094,POINT (-122.1207784243014 37.41596726800617),ios,23.946393293188972,5.588350499939131,-5.004386800943584
2236,distance,0,-122.1205660582609,29.489999771118164,1575429146.998153,128.3238983154297,37.41583338040436,8.0,2019-12-03T19:12:26.998153-08:00,30.0,11.832576751708984,1575429147.130954,10.987736146648725,POINT (-122.1205660582609 37.41583338040436),ios,29.53461988303563,0.5840746609030508,-1.0177487982391644
2237,distance,0,-122.12030413407324,29.459999084472656,1575429147.9981303,128.3238983154297,37.415668248534615,8.0,2019-12-03T19:12:27.998130-08:00,30.0,11.924190521240234,1575429148.117598,10.988013918134902,POINT (-122.12030413407324 37.415668248534615),ios,30.11868131478486,-0.4336510855649895,0.07682945736059188
2238,distance,0,-122.1200370305089,29.56999969482422,1575429148.998108,128.3238983154297,37.415499851291926,8.0,2019-12-03T19:12:28.998108-08:00,30.0,12.11654281616211,1575429149.107638,10.988291689687305,POINT (-122.1200370305089 37.415499851291926),ios,29.685039947924583,-0.356823350055983,-10.951035191225904
2239,distance,0,-122.11977377299648,30.149999618530273,1575429149.9980855,128.3238983154297,37.41533387881861,8.0,2019-12-03T19:12:29.998085-08:00,30.0,12.07815170288086,1575429150.103298,10.98856946123971,POINT (-122.11977377299648 37.41533387881861),ios,29.328224594760314,-11.307613113838388,19.14547925603396
2240,distance,0,-122.11951368020122,29.90999984741211,1575429150.998063,128.3238983154297,37.41516990156255,8.0,2019-12-03T19:12:30.998063-08:00,30.0,12.096065521240234,1575429151.119492,10.988847232792113,POINT (-122.11951368020122 37.41516990156255),ios,18.02086489975678,7.837437066227291,-10.602578410924734
2241,distance,0,-122.11935386521505,28.75,1575429151.9980402,128.3238983154297,37.415069145127205,8.0,2019-12-03T19:12:31.998040-08:00,30.0,12.28145980834961,1575429152.1176429,10.989125004212061,POINT (-122.11935386521505 37.415069145127205),ios,25.858122581285595,-2.7648986709362053,11.495707433846496
2242,distance,0,-122.11912454684908,28.43000030517578,1575429152.9980183,128.3238983154297,37.41492456981756,8.0,2019-12-03T19:12:32.998018-08:00,30.0,12.31032943725586,1575429153.120236,10.98940277589692,POINT (-122.11912454684908 37.41492456981756),ios,23.09328455704494,8.730556610208934,7.427871493274509
2243,distance,0,-122.11891974850182,27.56999969482422,1575429153.997995,128.3238983154297,37.41479545331898,8.0,2019-12-03T19:12:33.997995-08:00,30.0,12.56863021850586,1575429154.119308,10.989680547184415,POINT (-122.11891974850182 37.41479545331898),ios,31.8236371776175,16.15825455111186,-41.113473331382316
2244,distance,0,-122.11863752678919,28.149999618530273,1575429154.9979725,128.3238983154297,37.41461752473779,8.0,2019-12-03T19:12:34.997972-08:00,30.0,12.48543930053711,1575429155.121879,10.989958318736818,POINT (-122.11863752678919 37.41461752473779),ios,47.98152960048882,-24.954297371976462,43.616822661625676
2245,distance,0,-122.11821216219165,30.8700008392334,1575429155.997949,128.3505096435547,37.414349107887354,6.0,2019-12-03T19:12:35.997949-08:00,30.0,15.58626937866211,1575429156.128231,10.990236089958085,POINT (-122.11821216219165 37.414349107887354),ios,23.027821235756427,18.661495782621706,-20.91293374089283
2246,distance,0,-122.11800802050867,30.360000610351562,1575429156.9979267,128.3505096435547,37.414220282444866,6.0,2019-12-03T19:12:36.997927-08:00,30.0,15.06234359741211,1575429157.116877,10.990513861576716,POINT (-122.11800802050867 37.414220282444866),ios,41.68890323837845,-2.2509742573000184,-7.614466259515415
2247,distance,0,-122.11767515178967,31.329999923706055,1575429157.9979038,128.671875,37.41395446941016,6.0,2019-12-03T19:12:37.997904-08:00,10.0,13.64687728881836,1575429158.147591,10.990791632996665,POINT (-122.11767515178967 37.41395446941016),ios,39.4379805017905,-9.865266235513717,2.351137751730235
2248,distance,0,-122.11731221538234,32.220001220703125,1575429158.9978812,128.671875,37.41374785549698,6.0,2019-12-03T19:12:38.997881-08:00,10.0,14.123897552490234,1575429159.216516,10.991069404482841,POINT (-122.11731221538234 37.41374785549698),ios,29.572937712238822,-7.514181736501076,16.83311365728368
2249,distance,0,-122.11708028812158,31.940000534057617,1575429159.997858,130.4296875,37.4135560356429,6.0,2019-12-03T19:12:39.997858-08:00,10.0,14.361080169677734,1575429160.104994,10.991347175836562,POINT (-122.11708028812158 37.4135560356429),ios,22.05892975322942,9.31854262805972,-9.27846683121122
2250,distance,0,-122.11685506638337,31.149999618530273,1575429160.9978356,129.375,37.41347028877345,6.0,2019-12-03T19:12:40.997836-08:00,10.0,10.06368637084961,1575429161.152525,10.991624947388967,POINT (-122.11685506638337 37.41347028877345),ios,31.37726354020203,0.04028373978304374,0.16330272714651836
2251,distance,0,-122.11660545330692,31.350000381469727,1575429161.9978132,131.8359375,37.41326950028298,6.0,2019-12-03T19:12:41.997813-08:00,10.0,11.00515365600586,1575429162.111631,10.99190271894137,POINT (-122.11660545330692 37.41326950028298),ios,31.417546377172226,0.20358280709557017,-2.4032549967681205
2252,distance,0,-122.1162910763288,31.389999389648438,1575429162.9977899,128.32904052734375,37.41313730003688,6.0,2019-12-03T19:12:42.997790-08:00,10.0,11.44301986694336,1575429163.105679,10.992180490228865,POINT (-122.1162910763288 37.41313730003688),ios,31.621124427551283,-2.1996160375696783,2.584310106350512
2253,distance,0,-122.11601067454994,31.459999084472656,1575429163.997767,128.32904052734375,37.41296048614614,6.0,2019-12-03T19:12:43.997767-08:00,10.0,11.33877182006836,1575429164.1038961,10.992458261648814,POINT (-122.11601067454994 37.41296048614614),ios,29.42155873519731,0.3846349186166564,-1.8270375194399824
2254,distance,0,-122.11574977801031,30.719999313354492,1575429164.9977436,128.32904052734375,37.41279597173955,6.0,2019-12-03T19:12:44.997744-08:00,10.0,11.52755355834961,1575429165.253905,10.992736032936309,POINT (-122.11574977801031 37.41279597173955),ios,29.80618466681111,-1.4423599120537696,3.4811161353651467
2255,distance,0,-122.11548567355031,30.649999618530273,1575429165.9977212,128.3925018310547,37.412629104162335,6.0,2019-12-03T19:12:45.997721-08:00,10.0,11.610774993896484,1575429166.097965,10.993013804488712,POINT (-122.11548567355031 37.412629104162335),ios,28.363857079985014,2.038678206811685,-0.5369136404222762
2256,distance,0,-122.11523437837535,30.3700008392334,1575429166.9976978,128.39059448242188,37.412470283112256,6.0,2019-12-03T19:12:46.997698-08:00,10.0,11.533687591552734,1575429167.110009,10.993291575776206,POINT (-122.11523437837535 37.412470283112256),ios,30.40248765303809,1.5017771113877594,-4.885361842564456
2257,distance,0,-122.11496502191379,30.350000381469727,1575429167.9976745,128.39059448242188,37.41230004714943,6.0,2019-12-03T19:12:47.997674-08:00,30.0,11.55770492553711,1575429168.117548,10.9935693470637,POINT (-122.11496502191379 37.41230004714943),ios,31.904229675372477,-3.3834705845958637,3.168073381422701
2258,distance,0,-122.11468236089415,30.670000076293945,1575429168.997651,128.39059448242188,37.41212140257354,6.0,2019-12-03T19:12:48.997651-08:00,30.0,11.65859603881836,1575429169.1224961,10.993847118351194,POINT (-122.11468236089415 37.41212140257354),ios,28.520838145637036,-0.21547122527346355,1.1996712764584825
2259,distance,0,-122.11442967584365,30.219999313354492,1575429169.9976282,128.39059448242188,37.41196170310828,8.0,2019-12-03T19:12:49.997628-08:00,30.0,11.74428939819336,1575429170.117978,10.994124889771143,POINT (-122.11442967584365 37.41196170310828),ios,28.305371852108536,0.9841725928885912,-5.015564394984639
2260,distance,0,-122.1141789000783,29.8700008392334,1575429170.9976053,128.39059448242188,37.41180321033025,8.0,2019-12-03T19:12:50.997605-08:00,30.0,11.92672348022461,1575429171.123646,10.994402661191092,POINT (-122.1141789000783 37.41180321033025),ios,29.289521919074133,-4.031277004937349,10.602653829830217
2261,distance,0,-122.1139194053034,30.030000686645508,1575429171.997583,128.39059448242188,37.411639207051465,8.0,2019-12-03T19:12:51.997583-08:00,30.0,12.116817474365234,1575429172.11678,10.994680432743497,POINT (-122.1139194053034 37.411639207051465),ios,25.25833526048232,6.5711392051447515,-9.353273983856838
2262,distance,0,-122.11369562585183,29.399999618530273,1575429172.9975598,128.39059448242188,37.411497776212244,8.0,2019-12-03T19:12:52.997560-08:00,30.0,12.84371566772461,1575429173.119123,10.994958204097218,POINT (-122.11369562585183 37.411497776212244),ios,31.82932249750485,-2.7819184692656482,-0.6097136256082328
2263,distance,0,-122.11341363040133,29.59000015258789,1575429173.9975362,128.39059448242188,37.411319552282684,8.0,2019-12-03T19:12:53.997536-08:00,30.0,13.10598373413086,1575429174.121743,10.995235975318485,POINT (-122.11341363040133 37.411319552282684),ios,29.047469691083016,-3.3916177035353097,36.53466085861346
2264,distance,0,-122.11315628126206,29.350000381469727,1575429174.9975133,128.39059448242188,37.41115690506694,8.0,2019-12-03T19:12:54.997513-08:00,30.0,13.067928314208984,1575429175.142469,10.995513746738434,POINT (-122.11315628126206 37.41115690506694),ios,25.655929615516385,33.14220694305288,-73.4067462289431
2265,distance,0,-122.11292903949166,28.81999969482422,1575429175.99749,128.43002319335938,37.411013189407065,8.0,2019-12-03T19:12:55.997490-08:00,50.0,13.092403411865234,1575429176.1960192,10.995791518025928,POINT (-122.11292903949166 37.411013189407065),ios,58.79736219021627,-40.26282413574127,54.72160040235855
2266,distance,0,-122.11240840551727,32.709999084472656,1575429176.9974666,128.43002319335938,37.41068367817624,8.0,2019-12-03T19:12:56.997467-08:00,30.0,13.289241790771484,1575429177.1297522,10.996069289313422,POINT (-122.11240840551727 37.41068367817624),ios,18.535478796196468,14.457497695288296,-12.568297557059097
2267,distance,0,-122.11224427931907,31.809999465942383,1575429177.9974437,128.43002319335938,37.41057980207857,8.0,2019-12-03T19:12:57.997444-08:00,30.0,13.35689926147461,1575429178.104196,10.99634706073337,POINT (-122.11224427931907 37.41057980207857),ios,32.99264558562321,1.8894878037311456,2.6112648070053646
2268,distance,0,-122.11195168160594,31.729999542236328,1575429178.9974213,128.2252960205078,37.41039536285157,8.0,2019-12-03T19:12:58.997421-08:00,30.0,13.39870834350586,1575429179.0987492,10.996624832285775,POINT (-122.11195168160594 37.41039536285157),ios,34.8820910433886,4.500694088776285,-9.725231802114035
2269,distance,0,-122.11164193375569,31.6200008392334,1575429179.997398,128.2252960205078,37.41020075675551,8.0,2019-12-03T19:12:59.997398-08:00,30.0,13.45534896850586,1575429180.111679,10.99690260357327,POINT (-122.11164193375569 37.41020075675551),ios,39.3826799733541,-5.224310483094874,3.7766830933400684
2270,distance,0,-122.11129228884761,34.5,1575429180.9973752,128.48553466796875,37.409980974797755,8.0,2019-12-03T19:13:00.997375-08:00,30.0,13.52022933959961,1575429181.1090012,10.997180375059445,POINT (-122.11129228884761 37.409980974797755),ios,34.15848781966403,-1.4477129307394045,2.5717334928042352
2271,distance,0,-122.1109900612957,34.04999923706055,1575429181.9973521,128.48553466796875,37.409789312904344,8.0,2019-12-03T19:13:01.997352-08:00,30.0,13.53066635131836,1575429182.104042,10.997458146413168,POINT (-122.1109900612957 37.409789312904344),ios,32.71080836960564,1.1239610866074483,-1.5550869356267085
2272,distance,0,-122.1107006429682,33.47999954223633,1575429182.997329,128.48553466796875,37.40960577416246,8.0,2019-12-03T19:13:02.997329-08:00,30.0,13.57766342163086,1575429183.1057491,10.997735917766889,POINT (-122.1107006429682 37.40960577416246),ios,33.83474346281218,-0.43108988514235574,5.667488340098207
2273,distance,0,-122.11040128075587,33.380001068115234,1575429183.9973059,128.48553466796875,37.40941592936481,8.0,2019-12-03T19:13:03.997306-08:00,30.0,13.662410736083984,1575429184.119427,10.99801368912061,POINT (-122.11040128075587 37.40941592936481),ios,33.403663547314096,5.23626738520769,-5.439728662634676
2274,distance,0,-122.1101057333077,33.04999923706055,1575429184.997282,128.48553466796875,37.40922850375405,8.0,2019-12-03T19:13:04.997282-08:00,30.0,13.668025970458984,1575429185.104676,10.99829146027565,POINT (-122.1101057333077 37.40922850375405),ios,38.63980609017881,-0.20333158418914096,-1.7364571552605563
2275,distance,0,-122.10976385782476,33.5,1575429185.9972596,128.48553466796875,37.4090116985622,8.0,2019-12-03T19:13:05.997260-08:00,30.0,13.642147064208984,1575429186.1207418,10.998569231828053,POINT (-122.10976385782476 37.4090116985622),ios,38.43647906292424,-1.9397498231068202,-0.9287710767852565
2276,distance,0,-122.10942378241523,34.279998779296875,1575429186.9972358,128.48553466796875,37.408796034912456,8.0,2019-12-03T19:13:06.997236-08:00,30.0,13.59243392944336,1575429187.106643,10.998847002983092,POINT (-122.10942378241523 37.408796034912456),ios,36.496775487057086,-2.868498756264033,3.114939132659074
2277,distance,0,-122.10910086906162,34.38999938964844,1575429187.9972134,128.48553466796875,37.40859125482417,8.0,2019-12-03T19:13:07.997213-08:00,30.0,13.586788177490234,1575429188.11179,10.999124774535497,POINT (-122.10910086906162 37.40859125482417),ios,33.62834101771243,0.24637056641501334,-3.537230451580612
2278,distance,0,-122.10880333551114,33.34000015258789,1575429188.9971902,128.48553466796875,37.4084025696984,8.0,2019-12-03T19:13:08.997190-08:00,30.0,13.66543197631836,1575429189.111897,10.999402545889218,POINT (-122.10880333551114 37.4084025696984),ios,33.874705886413366,-3.2907780810441514,13.235700038811888
2279,distance,0,-122.10850362280325,33.630001068115234,1575429189.9971666,128.48553466796875,37.408212502629034,8.0,2019-12-03T19:13:09.997167-08:00,30.0,13.66036605834961,1575429190.0990329,10.999680317110485,POINT (-122.10850362280325 37.408212502629034),ios,30.584005479050003,9.944609549724868,-6.895287493445156
2280,distance,0,-122.10823402772803,33.560001373291016,1575429190.9971437,128.75035095214844,37.408039906869426,8.0,2019-12-03T19:13:10.997144-08:00,30.0,13.926265716552734,1575429191.1257071,10.999958088530434,POINT (-122.10823402772803 37.408039906869426),ios,40.52838741472573,3.0494798768857936,-13.29385635680418
2281,distance,0,-122.10787463240618,32.95000076293945,1575429191.99712,128.32244873046875,37.40781331991751,8.0,2019-12-03T19:13:11.997120-08:00,30.0,13.84499740600586,1575429192.10506,11.000235859685475,POINT (-122.10787463240618 37.40781331991751),ios,43.5777945863456,-10.24405952968405,-10.755970531435807
2282,distance,0,-122.10748819600872,33.95000076293945,1575429192.9970973,128.32244873046875,37.40756968445513,8.0,2019-12-03T19:13:12.997097-08:00,30.0,13.764705657958984,1575429193.095821,11.00051363117165,POINT (-122.10748819600872 37.40756968445513),ios,33.33396708220269,-20.999786440914814,43.460885464167994
2283,distance,0,-122.10719259990566,33.88999938964844,1575429193.997074,128.32244873046875,37.407383320816216,8.0,2019-12-03T19:13:13.997074-08:00,30.0,13.779781341552734,1575429194.112961,11.000791402459145,POINT (-122.10719259990566 37.407383320816216),ios,12.334671301733854,22.460083558762406,-27.795531385412804
2284,distance,0,-122.10708321959828,32.11000061035156,1575429194.9970512,128.32244873046875,37.40731436012324,8.0,2019-12-03T19:13:14.997051-08:00,30.0,13.89474105834961,1575429195.11356,11.001069173945321,POINT (-122.10708321959828 37.40731436012324),ios,34.79424614488145,-5.334818264396063,16.735812377252344
2285,distance,0,-122.10677342913371,32.08000183105469,1575429195.9970274,128.0303192138672,37.407121086236245,8.0,2019-12-03T19:13:15.997027-08:00,30.0,13.86031723022461,1575429196.1092172,11.00134694510036,POINT (-122.10677342913371 37.407121086236245),ios,29.459555072464422,11.400595099995574,-49.96614921112555
2286,distance,0,-122.10651113621111,31.8700008392334,1575429196.9970045,128.02835083007812,37.40695744539355,8.0,2019-12-03T19:13:16.997005-08:00,30.0,13.715999603271484,1575429197.109219,11.00162471652031,POINT (-122.10651113621111 37.40695744539355),ios,40.85988923354627,-38.56441047673335,92.45240990827715
2287,distance,0,-122.10614734143422,32.869998931884766,1575429197.9969807,128.02835083007812,37.40673047898035,8.0,2019-12-03T19:13:17.996981-08:00,30.0,14.22579574584961,1575429198.126931,11.001902487675348,POINT (-122.10614734143422 37.40673047898035),ios,2.2963982040078927,53.885795194323315,-78.33826809123002
2288,distance,0,-122.10612689552363,31.469999313354492,1575429198.9969578,128.02835083007812,37.40671772306605,8.0,2019-12-03T19:13:18.996958-08:00,30.0,14.30904769897461,1575429199.140166,11.002180259095297,POINT (-122.10612689552363 37.40671772306605),ios,56.180960050357704,-24.450679876244216,25.503747026150382
2289,distance,0,-122.10561617548882,32.540000915527344,1575429199.9969344,125.01593780517578,37.40641659112979,8.0,2019-12-03T19:13:19.996934-08:00,30.0,14.02407455444336,1575429200.161103,11.002458030382792,POINT (-122.10561617548882 37.40641659112979),ios,31.730851464756196,1.0524712543276509,-2.0852957734875406
2290,distance,0,-122.10532238442443,32.529998779296875,1575429200.996912,125.03252410888672,37.40625237945782,8.0,2019-12-03T19:13:20.996912-08:00,30.0,14.83645248413086,1575429201.099123,11.002735801935195,POINT (-122.10532238442443 37.40625237945782),ios,32.78329913178595,-1.0327777848738895,-6.6113694436295365
2291,distance,0,-122.10501890485313,32.47999954223633,1575429201.9968886,125.03252410888672,37.406082659333386,8.0,2019-12-03T19:13:21.996889-08:00,30.0,14.883235931396484,1575429202.107748,11.00301357322269,POINT (-122.10501890485313 37.406082659333386),ios,31.75054547778644,-7.643992753719177,15.122179308975385
2292,distance,0,-122.10472498613461,32.439998626708984,1575429202.996865,125.03252410888672,37.40591828608988,8.0,2019-12-03T19:13:22.996865-08:00,30.0,15.031856536865234,1575429203.113504,11.003291344443957,POINT (-122.10472498613461 37.40591828608988),ios,24.10673314858647,7.477829619814334,-8.698211162769498
2293,distance,0,-122.10450182741826,30.809999465942383,1575429203.9968414,125.03252410888672,37.405793485185015,8.0,2019-12-03T19:13:23.996841-08:00,30.0,15.411190032958984,1575429204.133009,11.003569115665224,POINT (-122.10450182741826 37.405793485185015),ios,31.584386265903046,-1.2201762352556949,1.1559962032035658
2294,distance,0,-122.1042012120422,31.079999923706055,1575429204.9968188,116.44801330566406,37.40563968349664,8.0,2019-12-03T19:13:24.996819-08:00,30.0,15.291805267333984,1575429205.1097221,11.0038468871514,POINT (-122.1042012120422 37.40563968349664),ios,30.364237667352356,-0.0642062150944896,9.35603274696081
2295,distance,0,-122.10389369179342,31.030000686645508,1575429205.9967947,116.44801330566406,37.4055176511376,8.0,2019-12-03T19:13:25.996795-08:00,50.0,15.29842758178711,1575429206.1178079,11.004124658240212,POINT (-122.10389369179342 37.4055176511376),ios,30.300032998361278,9.291601236010932,-17.50432973644148
2296,distance,0,-122.1035868217516,30.84000015258789,1575429206.996772,116.44801330566406,37.405395876798266,8.0,2019-12-03T19:13:26.996772-08:00,50.0,15.418087005615234,1575429207.128469,11.004402429726388,POINT (-122.1035868217516 37.405395876798266),ios,39.591423781787604,-8.21233203147528,16.00991618073356
2297,distance,0,-122.10318585205772,31.84000015258789,1575429207.9967487,116.44801330566406,37.4052367611698,8.0,2019-12-03T19:13:27.996749-08:00,50.0,15.68862533569336,1575429208.114742,11.004680201013883,POINT (-122.10318585205772 37.4052367611698),ios,31.379283631620662,7.797210077234478,-16.277926865646833
2298,distance,0,-122.10286805263593,31.809999465942383,1575429208.996726,116.44801330566406,37.40511064975666,8.0,2019-12-03T19:13:28.996726-08:00,50.0,15.819271087646484,1575429209.158833,11.00495797250006,POINT (-122.10286805263593 37.40511064975666),ios,39.17631710387912,-8.48034809719392,7.839859634928458
2299,distance,0,-122.1025076789056,33.0,1575429209.9967027,117.421875,37.404905282927125,8.0,2019-12-03T19:13:29.996703-08:00,50.0,15.86843490600586,1575429210.126787,11.005235743787553,POINT (-122.1025076789056 37.404905282927125),ios,30.696167150194476,-0.6406716407485248,2.987776650707245
2300,distance,0,-122.10218003031062,32.88999938964844,1575429210.9966784,115.3125,37.40481329153982,8.0,2019-12-03T19:13:30.996678-08:00,50.0,15.73348617553711,1575429211.316832,11.005513514810138,POINT (-122.10218003031062 37.40481329153982),ios,30.055511089744222,2.3470323511294198,-8.784039663177907
2301,distance,0,-122.10189261485087,32.70000076293945,1575429211.9966562,117.7734375,37.404668619891076,8.0,2019-12-03T19:13:31.996656-08:00,50.0,15.753414154052734,1575429212.10611,11.005791286428769,POINT (-122.10189261485087 37.404668619891076),ios,32.40249140029464,-6.436812544170746,12.261866728867174
2302,distance,0,-122.10156421188461,32.4900016784668,1575429212.996633,118.125,37.40453878421094,8.0,2019-12-03T19:13:32.996633-08:00,50.0,15.777217864990234,1575429213.148104,11.006069057782492,POINT (-122.10156421188461 37.40453878421094),ios,25.965827717726867,5.824770609382692,-7.146028749442325
2303,distance,0,-122.10129163239347,31.969999313354492,1575429213.9966092,116.015625,37.40445136096086,8.0,2019-12-03T19:13:33.996609-08:00,30.0,15.96383285522461,1575429214.14601,11.00634682893753,POINT (-122.10129163239347 37.40445136096086),ios,31.79045945375633,-1.3210877654575672,4.460919542956371
2304,distance,0,-122.10097647283422,32.310001373291016,1575429214.9965868,117.0703125,37.40431331101563,8.0,2019-12-03T19:13:34.996587-08:00,30.0,16.176692962646484,1575429215.127417,11.006624600489934,POINT (-122.10097647283422 37.40431331101563),ios,30.469401295654347,3.1397318022855054,4.709791949235919
2305,distance,0,-122.10067053336846,31.829999923706055,1575429215.996563,116.71875,37.40418674427774,8.0,2019-12-03T19:13:35.996563-08:00,30.0,16.389034271240234,1575429216.121016,11.006902371644975,POINT (-122.10067053336846 37.40418674427774),ios,33.609058240900346,7.849411461330985,-11.631765722010105
2306,distance,0,-122.10032419312941,31.969999313354492,1575429216.9965396,115.3125,37.404061602463386,8.0,2019-12-03T19:13:36.996540-08:00,30.0,16.61227035522461,1575429217.130392,11.007180142932468,POINT (-122.10032419312941 37.404061602463386),ios,41.45828630056965,-3.7820824842316427,19.286948313698428
2307,distance,0,-122.09990082320022,33.290000915527344,1575429217.9965174,116.015625,37.40390066992249,8.0,2019-12-03T19:13:37.996517-08:00,30.0,16.47701644897461,1575429218.114819,11.007457914551098,POINT (-122.09990082320022 37.40390066992249),ios,37.676287676180074,15.504438181353255,-34.86558677491382
2308,distance,0,-122.09951525565432,33.36000061035156,1575429218.9964936,115.6640625,37.40375578872617,8.0,2019-12-03T19:13:38.996494-08:00,30.0,16.60165023803711,1575429219.1109428,11.00773568570614,POINT (-122.09951525565432 37.40375578872617),ios,53.18035620292123,-19.360317333194722,20.382221412075094
2309,distance,0,-122.09896547723224,34.970001220703125,1575429219.996471,116.47854614257812,37.403560876197005,8.0,2019-12-03T19:13:39.996471-08:00,30.0,16.72835922241211,1575429220.112489,11.008013457192314,POINT (-122.09896547723224 37.403560876197005),ios,33.820477376364714,1.0214424263549142,-4.37958246774427
2310,distance,0,-122.09862305217675,34.630001068115234,1575429220.996447,116.47854614257812,37.403424811061015,8.0,2019-12-03T19:13:40.996447-08:00,30.0,16.54726791381836,1575429221.116925,11.008291228347355,POINT (-122.09862305217675 37.403424811061015),ios,34.841895449634436,-3.358035624006454,-0.06969427193703581
2311,distance,0,-122.09827028566676,34.70000076293945,1575429221.9964242,116.47854614257812,37.40328463667135,12.0,2019-12-03T19:13:41.996424-08:00,30.0,16.82625961303711,1575429222.108989,11.008568999767304,POINT (-122.09827028566676 37.40328463667135),ios,31.483936684963858,-3.4277283007681985,13.577958293483194
2312,distance,0,-122.09795151843095,33.7400016784668,1575429222.9964006,116.47854614257812,37.40315797214549,8.0,2019-12-03T19:13:42.996401-08:00,30.0,16.83419418334961,1575429223.1140242,11.008846770988571,POINT (-122.09795151843095 37.40315797214549),ios,28.05628929037265,10.149909506200176,-14.642862543538216
2313,distance,0,-122.09766745545507,31.93000030517578,1575429223.9963777,116.47854614257812,37.40304509761477,8.0,2019-12-03T19:13:43.996378-08:00,10.0,16.80282211303711,1575429224.122328,11.00912454240852,POINT (-122.09766745545507 37.40304509761477),ios,38.20596648358059,-4.492617888811806,3.973810889932888
2314,distance,0,-122.0972809233897,32.58000183105469,1575429224.996354,116.49810791015625,37.40289092527277,8.0,2019-12-03T19:13:44.996354-08:00,10.0,17.04055404663086,1575429225.1183538,11.009402313629787,POINT (-122.0972809233897 37.40289092527277),ios,33.71345463600256,-0.5189007944831714,0.12940677731106034
2315,distance,0,-122.09693964234573,32.459999084472656,1575429225.9963317,116.49810791015625,37.40275519865357,8.0,2019-12-03T19:13:45.996332-08:00,10.0,17.169918060302734,1575429226.118246,11.00968008518219,POINT (-122.09693964234573 37.40275519865357),ios,33.19456547078486,-0.38949691735222847,-0.9311559439529158
2316,distance,0,-122.09660361513669,32.45000076293945,1575429226.9963074,116.49810791015625,37.402621561471406,8.0,2019-12-03T19:13:46.996307-08:00,10.0,17.20382308959961,1575429227.123945,11.009957856204775,POINT (-122.09660361513669 37.402621561471406),ios,32.805078025489394,-1.3206302168076822,-2.051842438713326
2317,distance,0,-122.09627153068861,32.349998474121094,1575429227.9962845,116.49649047851562,37.40248949231543,8.0,2019-12-03T19:13:47.996284-08:00,10.0,17.52120590209961,1575429228.114635,11.010235627624724,POINT (-122.09627153068861 37.40248949231543),ios,31.484478035508573,-3.3724256925745655,7.36152902642594
2318,distance,0,-122.09595281505973,32.619998931884766,1575429228.9962616,116.49649047851562,37.402362739905485,8.0,2019-12-03T19:13:48.996262-08:00,10.0,17.71877670288086,1575429229.152672,11.010513399044672,POINT (-122.09595281505973 37.402362739905485),ios,28.112129531632416,3.9889348418234865,-4.4789807722777
2319,distance,0,-122.09566823796028,32.29999923706055,1575429229.9962385,116.49649047851562,37.40224956430346,8.0,2019-12-03T19:13:49.996238-08:00,10.0,18.995113372802734,1575429230.1074638,11.010791170398393,POINT (-122.09566823796028 37.40224956430346),ios,32.10097212294672,-0.4899423468477536,-1.9436960975630364
2320,distance,0,-122.09534328258708,32.02000045776367,1575429230.996215,116.49649047851562,37.40212033036278,8.0,2019-12-03T19:13:50.996215-08:00,10.0,19.111141204833984,1575429231.090571,11.011068941685888,POINT (-122.09534328258708 37.40212033036278),ios,31.61104122361207,-2.433593029911135,6.059031947536097
2321,distance,0,-122.09502328710376,31.8799991607666,1575429231.996192,116.49649047851562,37.4019930689579,8.0,2019-12-03T19:13:51.996192-08:00,10.0,19.066829681396484,1575429232.103854,11.011346713039611,POINT (-122.09502328710376 37.4019930689579),ios,29.177504474438788,3.6252987928035587,-5.239329400483081
2322,distance,0,-122.09472792639052,31.1200008392334,1575429232.996169,116.49649047851562,37.4018756047396,8.0,2019-12-03T19:13:52.996169-08:00,10.0,19.685787200927734,1575429233.099708,11.01162448445956,POINT (-122.09472792639052 37.4018756047396),ios,32.802720290737994,-1.6139106889462964,-0.5772646589244541
2323,distance,0,-122.09439586845282,31.459999084472656,1575429233.9961462,116.49649047851562,37.401743546126745,8.0,2019-12-03T19:13:53.996146-08:00,30.0,19.647212982177734,1575429234.1021829,11.011902255879509,POINT (-122.09439586845282 37.401743546126745),ios,31.18884654127585,-2.191162135331255,3.7283845045510504
2324,distance,0,-122.09408014829735,31.420000076293945,1575429234.9961224,116.49649047851562,37.401617985009096,8.0,2019-12-03T19:13:54.996122-08:00,30.0,19.783016204833984,1575429235.107542,11.012180027034548,POINT (-122.09408014829735 37.401617985009096),ios,28.997736647320885,1.5371334776062038,-5.263155899427602
2325,distance,0,-122.09378660866803,30.780000686645508,1575429235.996099,116.49649047851562,37.40150124503131,8.0,2019-12-03T19:13:55.996099-08:00,30.0,19.785152435302734,1575429236.104642,11.012457798322043,POINT (-122.09378660866803 37.40150124503131),ios,30.534834209771486,-3.7258994480745873,6.694798538012991
2326,distance,0,-122.09347750970535,30.81999969482422,1575429236.9960754,116.49649047851562,37.401378317145515,8.0,2019-12-03T19:13:56.996075-08:00,30.0,19.65999984741211,1575429237.11276,11.01273556954331,POINT (-122.09347750970535 37.401378317145515),ios,26.809022705738474,2.9687410696672782,-31.542271879607735
2327,distance,0,-122.09320612657787,29.739999771118164,1575429237.9960527,116.49649047851562,37.401270388753204,8.0,2019-12-03T19:13:57.996053-08:00,30.0,19.52920150756836,1575429238.1067119,11.013013341029485,POINT (-122.09320612657787 37.401270388753204),ios,29.777696534118135,-28.572816384894356,59.87273749351266
2328,distance,0,-122.09290469251387,29.719999313354492,1575429238.9960299,116.49649047851562,37.40115050917846,8.0,2019-12-03T19:13:58.996030-08:00,30.0,19.460506439208984,1575429239.1037831,11.013291112449433,POINT (-122.09290469251387 37.40115050917846),ios,1.2055341290909891,31.29855073041029,-38.99185213109318
2329,distance,0,-122.09289248914247,26.530000686645508,1575429239.9960055,116.49649047851562,37.40114565592812,8.0,2019-12-03T19:13:59.996006-08:00,30.0,22.58034896850586,1575429240.11971,11.013568883472018,POINT (-122.09289248914247 37.40114565592812),ios,32.503323719589986,-7.692353169720765,6.543667871864366
2330,distance,0,-122.09256346444194,27.149999618530273,1575429240.995983,116.49649047851562,37.401014803626104,8.0,2019-12-03T19:14:00.995983-08:00,10.0,22.17220687866211,1575429241.117961,11.013846654958195,POINT (-122.09256346444194 37.401014803626104),ios,24.811144779860925,-1.148833510396031,4.379742404779615
2331,distance,0,-122.09231230669214,26.489999771118164,1575429241.9959593,116.49649047851562,37.40091491881602,8.0,2019-12-03T19:14:01.995959-08:00,10.0,21.729610443115234,1575429242.11263,11.014124426179462,POINT (-122.09231230669214 37.40091491881602),ios,23.662338385886958,3.2308055173994483,-2.705035783494599
2332,distance,0,-122.09207277824852,26.510000228881836,1575429242.995936,116.49649047851562,37.40081965895196,8.0,2019-12-03T19:14:02.995936-08:00,10.0,21.493038177490234,1575429243.162763,11.014402197466957,POINT (-122.09207277824852 37.40081965895196),ios,26.893068415448447,0.5258329371220657,-4.2792241972603104
2333,distance,0,-122.09180054615878,25.8799991607666,1575429243.9959126,116.49649047851562,37.40071139292947,8.0,2019-12-03T19:14:03.995913-08:00,10.0,20.575069427490234,1575429244.1195102,11.01467996875445,POINT (-122.09180054615878 37.40071139292947),ios,27.418889066473024,-3.753291275976074,9.399689397337431
2334,distance,0,-122.09152299157013,26.420000076293945,1575429244.9958894,116.49649047851562,37.40060101016247,8.0,2019-12-03T19:14:04.995889-08:00,10.0,20.69454574584961,1575429245.120619,11.014957740108173,POINT (-122.09152299157013 37.40060101016247),ios,23.66568459137113,5.646180738484117,-9.46469863464922
2335,distance,0,-122.09128342988471,25.600000381469727,1575429245.9958668,116.49649047851562,37.40050573707823,8.0,2019-12-03T19:14:05.995867-08:00,10.0,20.986934661865234,1575429246.134863,11.015235511594348,POINT (-122.09128342988471 37.40050573707823),ios,29.31173744518829,-3.818303522965094,0.45478516668470925
2336,distance,0,-122.09098672148447,25.979999542236328,1575429246.9958434,116.50572204589844,37.400387724410976,8.0,2019-12-03T19:14:06.995843-08:00,10.0,20.425228118896484,1575429247.180865,11.015513282881843,POINT (-122.09098672148447 37.400387724410976),ios,25.493523136964246,-3.363528982345242,5.135627117402923
2337,distance,0,-122.09072867871258,25.920000076293945,1575429247.99582,116.50572204589844,37.40028506002472,8.0,2019-12-03T19:14:07.995820-08:00,10.0,21.092769622802734,1575429248.140013,11.015791054169338,POINT (-122.09072867871258 37.40028506002472),ios,22.130072743543476,1.771978141023509,0.9333839371786319
2338,distance,0,-122.09050468076937,24.329999923706055,1575429248.9957962,116.50572204589844,37.40019594064658,8.0,2019-12-03T19:14:08.995796-08:00,10.0,21.179561614990234,1575429249.1218882,11.016068825324377,POINT (-122.09050468076937 37.40019594064658),ios,23.902008637315927,2.705339824594935,-5.824460366130043
2339,distance,0,-122.09026274762734,24.149999618530273,1575429249.9957728,116.50572204589844,37.40009968560576,8.0,2019-12-03T19:14:09.995773-08:00,10.0,20.309810638427734,1575429250.116919,11.016346596611871,POINT (-122.09026274762734 37.40009968560576),ios,26.60728525158972,-3.1189844528977844,2.5376252933439964
2340,distance,0,-122.08999301449184,24.360000610351562,1575429250.9957504,116.31768798828125,37.39999320115906,8.0,2019-12-03T19:14:10.995750-08:00,10.0,20.14352035522461,1575429251.126277,11.016624368164274,POINT (-122.08999301449184 37.39999320115906),ios,23.488370699333036,-0.5814160311533606,1.4229288692322735
2341,distance,0,-122.08975487829385,23.920000076293945,1575429251.9957266,116.31768798828125,37.39989923404834,8.0,2019-12-03T19:14:11.995727-08:00,10.0,19.60909652709961,1575429252.1184812,11.016902139319313,POINT (-122.08975487829385 37.39989923404834),ios,22.906968530218077,0.8414789128109964,-1.3454936305579717
2342,distance,0,-122.08952263652414,23.770000457763672,1575429252.9957042,116.31768798828125,37.39980759284358,8.0,2019-12-03T19:14:12.995704-08:00,10.0,20.567806243896484,1575429253.116925,11.017179910871718,POINT (-122.08952263652414 37.39980759284358),ios,23.74842858435364,-0.503984563423094,0.3554138135817706
2343,distance,0,-122.08928186421612,23.600000381469727,1575429253.9956803,116.31768798828125,37.3997125855397,6.0,2019-12-03T19:14:13.995680-08:00,10.0,20.697017669677734,1575429254.128927,11.017457682026757,POINT (-122.08928186421612 37.3997125855397),ios,23.244456036858896,-0.14857922356696607,-4.005595976307938
2344,distance,0,-122.08904620142202,23.530000686645508,1575429254.9956574,116.31768798828125,37.39961959441929,6.0,2019-12-03T19:14:14.995657-08:00,10.0,20.77120590209961,1575429255.121529,11.017735453446706,POINT (-122.08904620142202 37.39961959441929),ios,23.095880214000477,-4.154083519058797,5.732901386388012
2345,distance,0,-122.08881204524486,23.100000381469727,1575429255.9956343,116.31768798828125,37.39952719780086,6.0,2019-12-03T19:14:15.995634-08:00,10.0,21.48794174194336,1575429256.1102772,11.018013224800427,POINT (-122.08881204524486 37.39952719780086),ios,18.94189276477862,1.5786852847995563,1.372072889312605
2346,distance,0,-122.0886200041897,22.239999771118164,1575429256.9956112,116.31768798828125,37.39945141955613,6.0,2019-12-03T19:14:16.995611-08:00,10.0,22.424861907958984,1575429257.1106648,11.01829099615415,POINT (-122.0886200041897 37.39945141955613),ios,20.520541539951637,2.950726442728298,-3.85986128802391
2347,distance,0,-122.08841195824051,21.510000228881836,1575429257.9955883,116.31768798828125,37.39936932587651,6.0,2019-12-03T19:14:17.995588-08:00,10.0,23.487300872802734,1575429258.117718,11.018568767574099,POINT (-122.08841195824051 37.39936932587651),ios,23.47120044591138,-0.9090465000818051,1.2665771009517688
2348,distance,0,-122.0881739976548,21.760000228881836,1575429258.9955647,116.31768798828125,37.39927542806136,4.0,2019-12-03T19:14:18.995565-08:00,10.0,21.570247650146484,1575429259.1292171,11.018846538795366,POINT (-122.0881739976548 37.39927542806136),ios,22.562175402453487,0.3575007052942032,-6.637505773653152
2349,distance,0,-122.0879452533605,21.920000076293945,1575429259.995541,116.31768798828125,37.39918516693934,4.0,2019-12-03T19:14:19.995541-08:00,10.0,21.500118255615234,1575429260.122932,11.019124310016633,POINT (-122.0879452533605 37.39918516693934),ios,22.919667669501482,-6.279848400394111,11.741192198651788
2350,distance,0,-122.0877128848385,22.110000610351562,1575429260.9955177,116.31768798828125,37.39909347571886,4.0,2019-12-03T19:14:20.995518-08:00,10.0,21.57979965209961,1575429261.1226602,11.019402081304126,POINT (-122.0877128848385 37.39909347571886),ios,16.639965997895565,5.461069465058303,-6.623287080937877
2351,distance,0,-122.08754418252194,20.760000228881836,1575429261.9954944,116.31768798828125,37.39902690679994,6.0,2019-12-03T19:14:21.995494-08:00,10.0,22.657466888427734,1575429262.120121,11.01967985259162,POINT (-122.08754418252194 37.39902690679994),ios,22.10090786495249,-1.1620628626394827,0.33339743732988947
2352,distance,0,-122.08732011528149,21.100000381469727,1575429262.995471,116.31768798828125,37.39893849121521,4.0,2019-12-03T19:14:22.995471-08:00,10.0,21.908138275146484,1575429263.1225638,11.019957623879115,POINT (-122.08732011528149 37.39893849121521),ios,20.938872153935908,-0.828673215147635,1.6532596486591622
2353,distance,0,-122.08710782918529,20.329999923706055,1575429263.9954486,116.31768798828125,37.398854724399115,4.0,2019-12-03T19:14:23.995449-08:00,10.0,22.48989486694336,1575429264.12942,11.020235395431518,POINT (-122.08710782918529 37.398854724399115),ios,20.11021751047078,0.8245493817367932,-4.529066640025364
2354,distance,0,-122.08690394486702,20.459999084472656,1575429264.9954243,116.31768798828125,37.39877427287403,4.0,2019-12-03T19:14:24.995424-08:00,10.0,22.243892669677734,1575429265.1654959,11.020513166454103,POINT (-122.08690394486702 37.39877427287403),ios,20.93474684024259,-3.7044071172980075,7.3883896965055165
2355,distance,0,-122.08669170086661,20.5,1575429265.9954023,116.31768798828125,37.398690522668666,4.0,2019-12-03T19:14:25.995402-08:00,10.0,22.141963958740234,1575429266.144887,11.020790938138962,POINT (-122.08669170086661 37.398690522668666),ios,17.230420977296863,3.6838205185051667,-4.077026188093745
2356,distance,0,-122.0865170130897,19.549999237060547,1575429266.9953787,116.31768798828125,37.39862159192312,4.0,2019-12-03T19:14:26.995379-08:00,10.0,22.359310150146484,1575429267.1205049,11.021068709360229,POINT (-122.0865170130897 37.39862159192312),ios,20.914154544967914,-0.39310943774829604,-3.20691121456879
2357,distance,0,-122.08630497856167,19.770000457763672,1575429267.9953551,116.31768798828125,37.3985379243743,4.0,2019-12-03T19:14:27.995355-08:00,10.0,22.129756927490234,1575429268.097519,11.021346480581496,POINT (-122.08630497856167 37.3985379243743),ios,20.521054385954383,-3.5999449581827934,3.991035869903542
2358,distance,0,-122.08609692944715,19.709999084472656,1575429268.9953322,116.31768798828125,37.39845582944568,4.0,2019-12-03T19:14:28.995332-08:00,10.0,22.722652435302734,1575429269.097754,11.021624252001445,POINT (-122.08609692944715 37.39845582944568),ios,16.92119182397272,0.39099956415902914,-0.5831973447396299
2359,distance,0,-122.0859253946423,19.010000228881836,1575429269.9953089,116.35999298095703,37.3983881079271,4.0,2019-12-03T19:14:29.995309-08:00,10.0,22.64834213256836,1575429270.1117458,11.02190202328894,POINT (-122.0859253946423 37.3983881079271),ios,17.31218225241882,-0.19218415416253837,1.0708813479918622
2360,distance,0,-122.08574994284602,18.440000534057617,1575429270.9952867,116.35999298095703,37.3983187470137,6.0,2019-12-03T19:14:30.995287-08:00,10.0,24.28518295288086,1575429271.107841,11.02217979490757,POINT (-122.08574994284602 37.3983187470137),ios,17.120002359541665,0.878673449254452,4.578827200526834
2361,distance,0,-122.08557643913092,17.889999389648438,1575429271.9952629,116.35999298095703,37.39825015623028,4.0,2019-12-03T19:14:31.995263-08:00,10.0,22.84457015991211,1575429272.108035,11.02245756606261,POINT (-122.08557643913092 37.39825015623028),ios,17.99865485958859,5.457391482033776,-10.076473665435275
2362,distance,0,-122.08539403075186,17.799999237060547,1575429272.9952393,116.35999298095703,37.39817804518866,4.0,2019-12-03T19:14:32.995239-08:00,10.0,22.720455169677734,1575429273.145753,11.022735337283876,POINT (-122.08539403075186 37.39817804518866),ios,23.455917528413615,-4.618844343966665,0.6746903417568832
2363,distance,0,-122.08515631536535,19.260000228881836,1575429273.9952168,116.35999298095703,37.39808406976814,4.0,2019-12-03T19:14:33.995217-08:00,10.0,22.09218978881836,1575429274.133143,11.02301310883628,POINT (-122.08515631536535 37.39808406976814),ios,18.837176698967674,-3.9441691229287676,5.760248914758376
2364,distance,0,-122.0849654092366,18.959999084472656,1575429274.9951935,116.35999298095703,37.3980085993327,4.0,2019-12-03T19:14:34.995193-08:00,10.0,21.98177719116211,1575429275.101733,11.023290880123774,POINT (-122.0849654092366 37.3980085993327),ios,14.893099731632313,1.8159452034941799,0.15303448635745412
2365,distance,0,-122.08481447469636,17.65999984741211,1575429275.9951696,116.35999298095703,37.39794893076392,4.0,2019-12-03T19:14:35.995170-08:00,10.0,22.150753021240234,1575429276.096231,11.023568651278813,POINT (-122.08481447469636 37.39794893076392),ios,16.70900163961898,1.968976041225155,1.181938381998703
2366,distance,0,-122.08464513675968,17.559999465942383,1575429276.995147,116.35999298095703,37.397881986827116,4.0,2019-12-03T19:14:36.995147-08:00,10.0,22.34261703491211,1575429277.10764,11.02384642276499,POINT (-122.08464513675968 37.397881986827116),ios,18.67793308399948,3.150887652597244,-10.34939068192267
2367,distance,0,-122.08445584494537,17.670000076293945,1575429277.9951234,116.35999298095703,37.39780715457451,4.0,2019-12-03T19:14:37.995123-08:00,10.0,22.146541595458984,1575429278.1288939,11.024124193986257,POINT (-122.08445584494537 37.39780715457451),ios,21.828746364811177,-7.1982587481103515,5.827532050593305
2368,distance,0,-122.08423462119676,18.719999313354492,1575429278.9951005,116.35999298095703,37.39771969875134,4.0,2019-12-03T19:14:38.995100-08:00,10.0,22.43807601928711,1575429279.116879,11.024401965406206,POINT (-122.08423462119676 37.39771969875134),ios,14.630652371768608,-1.370860079140519,4.966648330144145
2369,distance,0,-122.0840863469647,16.989999771118164,1575429279.9950762,116.35999298095703,37.39766108187544,4.0,2019-12-03T19:14:39.995076-08:00,10.0,22.448909759521484,1575429280.129157,11.02467973642879,POINT (-122.0840863469647 37.39766108187544),ios,13.259825630156335,3.5956674685973735,-6.664403625635645
2370,distance,0,-122.08395196518951,16.079999923706055,1575429280.9950538,116.35999298095703,37.397607957069255,4.0,2019-12-03T19:14:40.995054-08:00,10.0,22.01284408569336,1575429281.127901,11.024957507981194,POINT (-122.08395196518951 37.397607957069255),ios,16.855412515004403,-3.068586798779831,5.366015799209816
2371,distance,0,-122.08378114419254,15.819999694824219,1575429281.9950304,116.35999298095703,37.397540426838006,4.0,2019-12-03T19:14:41.995030-08:00,10.0,22.24734115600586,1575429282.1310549,11.025235279268689,POINT (-122.08378114419254 37.397540426838006),ios,13.786897413818805,2.2973036233594817,-3.2231648631078005
2372,distance,0,-122.08364142115393,15.739999771118164,1575429282.9950068,116.35999298095703,37.39748519048371,4.0,2019-12-03T19:14:42.995007-08:00,10.0,22.437740325927734,1575429283.142309,11.025513050489955,POINT (-122.08364142115393 37.39748519048371),ios,16.084146812911587,-0.9257851619720182,-0.2440208768534451
2373,distance,0,-122.08347841671339,15.4399995803833,1575429283.9949837,116.35999298095703,37.39742075035186,4.0,2019-12-03T19:14:43.994984-08:00,10.0,22.439693450927734,1575429284.1260839,11.025790821843676,POINT (-122.08347841671339 37.39742075035186),ios,15.158383061204708,-1.1698003954517224,2.756495028116643
2374,distance,0,-122.08332479454516,15.260000228881836,1575429284.9949603,116.35999298095703,37.397360019289934,4.0,2019-12-03T19:14:44.994960-08:00,10.0,22.29061508178711,1575429285.12871,11.026068593131171,POINT (-122.08332479454516 37.397360019289934),ios,13.9886099981635,1.5866302271013857,-0.7675706085099772
2375,distance,0,-122.0831830274271,14.819999694824219,1575429285.9949374,116.35999298095703,37.397303974854886,4.0,2019-12-03T19:14:45.994937-08:00,10.0,22.23049545288086,1575429286.1262221,11.02634636455112,POINT (-122.0831830274271 37.397303974854886),ios,15.575203910180953,0.8190771868884172,-1.8484862708205043
2376,distance,0,-122.08302518112403,15.59000015258789,1575429286.9949145,116.35999298095703,37.39724157387645,4.0,2019-12-03T19:14:46.994915-08:00,10.0,22.04568099975586,1575429287.127115,11.026624135971069,POINT (-122.08302518112403 37.39724157387645),ios,16.39426234988034,-1.02936677543895,-1.5308918778614768
2377,distance,0,-122.08285903429783,15.260000228881836,1575429287.9948912,116.35999298095703,37.39717589147327,4.0,2019-12-03T19:14:47.994891-08:00,10.0,21.85769271850586,1575429288.111452,11.026901907258564,POINT (-122.08285903429783 37.39717589147327),ios,15.364919625617459,-2.5602228839799315,6.393301451981105
2378,distance,0,-122.08270331932533,15.210000038146973,1575429288.9948683,116.35999298095703,37.397114333068316,4.0,2019-12-03T19:14:48.994868-08:00,10.0,21.893489837646484,1575429289.117821,11.027179678678513,POINT (-122.08270331932533 37.397114333068316),ios,12.804755340488937,3.832932236943771,-11.36738304798645
2379,distance,0,-122.08257355040564,14.90999984741211,1575429289.9948444,116.35999298095703,37.39706303185061,4.0,2019-12-03T19:14:49.994844-08:00,10.0,21.641963958740234,1575429290.14292,11.027457449833552,POINT (-122.08257355040564 37.39706303185061),ios,16.637596193206935,-7.534179791511239,15.919745755157418
2380,distance,0,-122.08240493772709,15.289999961853027,1575429290.9948218,116.35999298095703,37.39699637462826,4.0,2019-12-03T19:14:50.994822-08:00,10.0,21.602657318115234,1575429291.122396,11.027735221319729,POINT (-122.08240493772709 37.39699637462826),ios,9.103587049097552,8.385205385145731,-9.383362123928674
2381,distance,0,-122.0823126781761,15.390000343322754,1575429291.9947977,116.35999298095703,37.39695990189408,4.0,2019-12-03T19:14:51.994798-08:00,10.0,21.374141693115234,1575429292.1139832,11.02801299240854,POINT (-122.0823126781761 37.39695990189408),ios,17.48859051617919,-0.9979307848285985,0.3842473527339756
2382,distance,0,-122.08196126557596,15.210000038146973,1575429293.9947524,117.33512115478516,37.39681498473649,4.0,2019-12-03T19:14:53.994752-08:00,10.0,21.320491790771484,1575429294.113943,11.028568535380893,POINT (-122.08196126557596 37.39681498473649),ios,15.492774152317548,-0.22945348558514125,-0.06489205682692013
2383,distance,0,-122.08164726167112,15.289999961853027,1575429295.9947045,116.36579132080078,37.39669081878984,4.0,2019-12-03T19:14:55.994704-08:00,10.0,20.863094329833984,1575429296.144335,11.029124077624745,POINT (-122.08164726167112 37.39669081878984),ios,15.03387817704804,-0.3592344894731128,-1.6626704230009801
2384,distance,0,-122.08149491013967,15.079999923706055,1575429296.9946814,116.36427307128906,37.39663057472333,4.0,2019-12-03T19:14:56.994681-08:00,10.0,20.730159759521484,1575429297.136409,11.029401848978466,POINT (-122.08149491013967 37.39663057472333),ios,14.674651995448052,-2.0218664605566756,4.564871665990718
2385,distance,0,-122.08134619895185,14.630000114440918,1575429297.994659,116.36427307128906,37.39657177015076,4.0,2019-12-03T19:14:57.994659-08:00,10.0,20.59127426147461,1575429298.122884,11.029679620530871,POINT (-122.08134619895185 37.39657177015076),ios,12.65283084764107,2.542902900513701,-2.949264986792781
2386,distance,0,-122.08121797691894,14.609999656677246,1575429298.994635,116.36427307128906,37.39652106756441,4.0,2019-12-03T19:14:58.994635-08:00,10.0,20.777828216552734,1575429299.1269522,11.02995739168591,POINT (-122.08121797691894 37.39652106756441),ios,15.195673120625138,-0.40629177032232544,0.34662906558535067
2387,distance,0,-122.08106398602013,14.729999542236328,1575429299.9946122,116.36427307128906,37.39646017524609,4.0,2019-12-03T19:14:59.994612-08:00,10.0,20.533382415771484,1575429300.139611,11.030235163105859,POINT (-122.08106398602013 37.39646017524609),ios,14.789390649583444,-0.05967063844666679,-0.1095817073954546
2388,distance,0,-122.08091411250075,14.729999542236328,1575429300.9945889,116.36427307128906,37.396400911055025,4.0,2019-12-03T19:15:00.994589-08:00,10.0,20.67623519897461,1575429301.1342669,11.030512934393354,POINT (-122.08091411250075 37.396400911055025),ios,14.729721405342483,-0.16924978546325406,1.9357118189786169
2389,distance,0,-122.0807648450783,14.279999732971191,1575429301.9945664,116.37993621826172,37.396341883613104,4.0,2019-12-03T19:15:01.994566-08:00,10.0,20.02944564819336,1575429302.1662621,11.030790705945757,POINT (-122.0807648450783 37.396341883613104),ios,14.560475412994805,1.7664186516071885,-3.1622637658007684
2390,distance,0,-122.08061731174621,14.649999618530273,1575429302.9945426,116.37993621826172,37.39628350470365,4.0,2019-12-03T19:15:02.994543-08:00,10.0,19.90353012084961,1575429303.1852732,11.031068477100796,POINT (-122.08061731174621 37.39628350470365),ios,16.326851949899492,-1.395769719950201,-0.6709568933964402
2391,distance,0,-122.08045188067814,14.979999542236328,1575429303.9945195,116.37993621826172,37.39621804366371,4.0,2019-12-03T19:15:03.994519-08:00,10.0,19.757747650146484,1575429304.108665,11.031346248454518,POINT (-122.08045188067814 37.39621804366371),ios,14.931114509360329,-2.0667110963934925,3.494359947928501
2392,distance,0,-122.08030059202827,14.300000190734863,1575429304.9944959,116.37993621826172,37.39615817877576,4.0,2019-12-03T19:15:04.994496-08:00,10.0,19.74990463256836,1575429305.143446,11.031624019675785,POINT (-122.08030059202827 37.39615817877576),ios,12.864452194456815,1.4275663726219765,-1.3635915922052784
2393,distance,0,-122.08017024376073,14.220000267028809,1575429305.9944725,116.37993621826172,37.39610659999284,4.0,2019-12-03T19:15:05.994473-08:00,10.0,19.599300384521484,1575429306.1619349,11.031901790963278,POINT (-122.08017024376073 37.39610659999284),ios,14.29198521196087,0.06400664076254722,-1.524537706138427
2394,distance,0,-122.08002541005996,14.039999961853027,1575429306.99445,116.33422088623047,37.39604933112344,4.0,2019-12-03T19:15:06.994450-08:00,10.0,19.088130950927734,1575429307.230356,11.032179562515683,POINT (-122.08002541005996 37.39604933112344),ios,14.355990418248417,-1.4604968984331934,3.2579284701433306
2395,distance,0,-122.07987989120588,14.0,1575429307.9944263,116.33422088623047,37.39599186472117,4.0,2019-12-03T19:15:07.994426-08:00,10.0,19.17330551147461,1575429308.172992,11.032457333670722,POINT (-122.07987989120588 37.39599186472117),ios,12.895528340774755,1.7973538966424705,-1.7962500253576714
2396,distance,0,-122.07974917614953,13.319999694824219,1575429308.9944038,116.33422088623047,37.39594024444104,4.0,2019-12-03T19:15:08.994404-08:00,10.0,19.23031234741211,1575429309.1128402,11.032735105223125,POINT (-122.07974917614953 37.39594024444104),ios,14.69284195629638,0.001144127666402214,-0.9560786993015881
2397,distance,0,-122.07960024291879,13.9399995803833,1575429309.9943805,116.33422088623047,37.39588142967781,4.0,2019-12-03T19:15:09.994380-08:00,10.0,19.55239486694336,1575429310.106061,11.03301287651062,POINT (-122.07960024291879 37.39588142967781),ios,14.693986057230216,-0.9549122328365361,1.9673555863761565
2398,distance,0,-122.07945129814914,13.949999809265137,1575429310.9943573,116.33422088623047,37.39582261035777,4.0,2019-12-03T19:15:10.994357-08:00,10.0,19.593929290771484,1575429311.09866,11.03329064786434,POINT (-122.07945129814914 37.39582261035777),ios,13.739095908268999,1.0123978552896418,-1.4326890100037222
2399,distance,0,-122.07931203258858,13.75,1575429311.9943347,116.33422088623047,37.39576761342437,4.0,2019-12-03T19:15:11.994335-08:00,10.0,19.607112884521484,1575429312.104844,11.033568419350518,POINT (-122.07931203258858 37.39576761342437),ios,14.751470832985117,-0.42025870464466475,-0.6582882069316206
2400,distance,0,-122.07916250534561,13.699999809265137,1575429312.9943113,116.33422088623047,37.3957085640816,4.0,2019-12-03T19:15:12.994311-08:00,10.0,19.622127532958984,1575429313.097224,11.033846190638013,POINT (-122.07916250534561 37.3957085640816),ios,14.331221947693807,-1.0785315306586696,2.6109560722436096
2401,distance,0,-122.07901723815482,14.0,1575429313.994287,116.33422088623047,37.3956511970629,4.0,2019-12-03T19:15:13.994287-08:00,10.0,19.486873626708984,1575429314.104008,11.034123961660598,POINT (-122.07901723815482 37.3956511970629),ios,13.252716645514553,1.5323610465403823,-1.31546490619093
2402,distance,0,-122.07888290289873,13.270000457763672,1575429314.994265,116.33422088623047,37.395598147140845,4.0,2019-12-03T19:15:14.994265-08:00,10.0,19.67184066772461,1575429315.099185,11.034401733345456,POINT (-122.07888290289873 37.395598147140845),ios,14.785044080467344,0.2169249944266412,-4.530611002220788
2403,distance,0,-122.07873303561473,13.460000038146973,1575429315.9942417,116.33422088623047,37.395538963513516,4.0,2019-12-03T19:15:15.994242-08:00,10.0,19.52352523803711,1575429316.1232529,11.03467950463295,POINT (-122.07873303561473 37.395538963513516),ios,15.001964006436989,-4.313580149974062,5.652691430185612
2404,distance,0,-122.07858096978322,13.479999542236328,1575429316.9942174,116.33422088623047,37.39547891166457,4.0,2019-12-03T19:15:16.994217-08:00,10.0,19.42208480834961,1575429317.116795,11.034957275655534,POINT (-122.07858096978322 37.39547891166457),ios,10.688488757103247,1.3389738141323444,-1.1162690202348735
2405,distance,0,-122.07847262694486,12.630000114440918,1575429317.9941945,116.33422088623047,37.39543612632811,4.0,2019-12-03T19:15:17.994195-08:00,10.0,19.50124740600586,1575429318.114781,11.035235047075483,POINT (-122.07847262694486 37.39543612632811),ios,12.027431924557106,0.222730343267746,-0.20711471531563602
2406,distance,0,-122.07822989452353,11.5600004196167,1575429319.994148,116.77350616455078,37.395338102402555,4.0,2019-12-03T19:15:19.994148-08:00,10.0,19.863094329833984,1575429320.124047,11.035790589716699,POINT (-122.07822989452353 37.395338102402555),ios,12.472882255997465,-0.19148945826427943,-0.08628637443474203
2407,distance,0,-122.07810395138847,11.729999542236328,1575429320.9941247,116.77350616455078,37.39528740378502,4.0,2019-12-03T19:15:20.994125-08:00,10.0,20.318416595458984,1575429321.1153111,11.036068361004194,POINT (-122.07810395138847 37.39528740378502),ios,12.281397271888352,-0.2777738166160922,-0.3362450918237901
2408,distance,0,-122.07797993598706,11.84000015258789,1575429321.9941483,116.77350616455078,37.39523748117986,4.0,2019-12-03T19:15:21.994148-08:00,10.0,20.411251068115234,1575429322.127623,11.036346145338483,POINT (-122.07797993598706 37.39523748117986),ios,12.003616898854832,-0.6140268449805075,-0.7874587594349911
2409,distance,0,-122.07787686970278,11.470000267028809,1575429322.9940782,114.2578125,37.3951671459129,4.0,2019-12-03T19:15:22.994078-08:00,10.0,20.015804290771484,1575429323.145098,11.03662390364541,POINT (-122.07787686970278 37.3951671459129),ios,11.38963309412425,-1.4014304074447321,1.956178660272252
2410,distance,0,-122.0777548291926,11.229999542236328,1575429323.9940548,111.4453125,37.395134121214404,4.0,2019-12-03T19:15:23.994055-08:00,10.0,19.90047836303711,1575429324.136594,11.036901674932905,POINT (-122.0777548291926 37.395134121214404),ios,9.98823543113007,0.5547025466725278,-1.3405161613644612
2411,distance,0,-122.0776491333936,11.010000228881836,1575429324.9940333,111.09375,37.39510222807284,4.0,2019-12-03T19:15:24.994033-08:00,10.0,19.91732406616211,1575429325.1238089,11.037179446750217,POINT (-122.0776491333936 37.39510222807284),ios,10.542926075177228,-0.7857848503356725,0.8981191319654741
2412,distance,0,-122.07754192885204,10.729999542236328,1575429325.9940083,111.4453125,37.395060570014074,4.0,2019-12-03T19:15:25.994008-08:00,10.0,19.59249496459961,1575429326.126451,11.03745721757412,POINT (-122.07754192885204 37.395060570014074),ios,9.757160896140842,0.11231179815963448,0.13449854809341533
2413,distance,0,-122.0774419327472,10.329999923706055,1575429326.9939861,112.5,37.39502331245448,4.0,2019-12-03T19:15:26.993986-08:00,10.0,19.80660629272461,1575429327.12234,11.037734989192751,POINT (-122.0774419327472 37.39502331245448),ios,9.869470204019079,0.24680736402644612,-2.472676260965234
2414,distance,0,-122.07733715895756,10.289999961853027,1575429327.9939618,111.09375,37.39499250896032,4.0,2019-12-03T19:15:27.993962-08:00,10.0,19.757808685302734,1575429328.178323,11.038012760215336,POINT (-122.07733715895756 37.39499250896032),ios,10.116271566012498,-2.2258087646787947,4.291602725709505
2415,distance,0,-122.0772333909963,10.199999809265137,1575429328.9939382,110.0390625,37.394954036024764,4.0,2019-12-03T19:15:28.993938-08:00,10.0,19.828426361083984,1575429329.1258469,11.038290531436603,POINT (-122.0772333909963 37.394954036024764),ios,7.8905153380758435,2.065692664446141,-0.9248772096963704
2416,distance,0,-122.0771556907539,9.270000457763672,1575429329.9939156,112.8515625,37.39491904157902,4.0,2019-12-03T19:15:29.993916-08:00,10.0,20.223201751708984,1575429330.131866,11.038568302922778,POINT (-122.0771556907539 37.39491904157902),ios,9.956161215068542,1.1408364030012377,-2.2441175491826866
2417,distance,0,-122.0770639927332,8.6899995803833,1575429330.9938927,116.3671875,37.39486698996033,4.0,2019-12-03T19:15:30.993893-08:00,10.0,20.28499984741211,1575429331.127655,11.038846074342727,POINT (-122.0770639927332 37.39486698996033),ios,11.096971506396738,-1.1032297824069772,1.2053095769523947
2418,distance,0,-122.07695159141167,9.010000228881836,1575429331.9938693,111.796875,37.39482244014497,4.0,2019-12-03T19:15:31.993869-08:00,10.0,20.008785247802734,1575429332.120173,11.039123845630222,POINT (-122.07695159141167 37.39482244014497),ios,9.99376750097652,0.1020516324621395,-2.4464275832162143
2419,distance,0,-122.07684455450817,9.029999732971191,1575429332.993846,126.9140625,37.394793354940965,4.0,2019-12-03T19:15:32.993846-08:00,10.0,20.07033920288086,1575429333.1118522,11.039401616917717,POINT (-122.07684455450817 37.394793354940965),ios,10.09581674900015,-2.344318789922825,4.3272111290222215
2420,distance,0,-122.07675118010684,9.1899995803833,1575429333.9938226,129.375,37.39474100995566,4.0,2019-12-03T19:15:33.993823-08:00,10.0,20.05086898803711,1575429334.123838,11.03967938820521,POINT (-122.07675118010684 37.39474100995566),ios,7.751552734134501,1.9827912337215696,-8.128565578154348
2421,distance,0,-122.076685549805,8.59000015258789,1575429334.9938,127.96875,37.39469474185015,4.0,2019-12-03T19:15:34.993800-08:00,10.0,20.305477142333984,1575429335.123106,11.039957159691387,POINT (-122.076685549805 37.39469474185015),ios,9.734299058100554,-6.145590234332527,9.853893993749876
2422,distance,0,-122.07659536052688,8.65999984741211,1575429335.9937758,116.3671875,37.39464445043112,4.0,2019-12-03T19:15:35.993776-08:00,10.0,20.47878646850586,1575429336.125521,11.0402349307802,POINT (-122.07659536052688 37.39464445043112),ios,3.588856811280059,3.7080664749254835,-4.242653271583526
2423,distance,0,-122.07655596558197,6.710000038146973,1575429336.9937537,137.8125,37.394652329420104,4.0,2019-12-03T19:15:36.993754-08:00,10.0,20.916378021240234,1575429337.109956,11.04051270239883,POINT (-122.07655596558197 37.394652329420104),ios,7.296841067515107,-0.5344927246131326,1.627954863225554
2424,distance,0,-122.07649469386979,5.900000095367432,1575429337.9937296,138.515625,37.394608324428454,4.0,2019-12-03T19:15:37.993730-08:00,10.0,20.98550033569336,1575429338.1240501,11.040790473487641,POINT (-122.07649469386979 37.394608324428454),ios,6.7623612136345645,1.093422937009203,-1.9116045901290633
2425,distance,0,-122.07643358979567,6.079999923706055,1575429338.9937067,119.53125,37.394571695511594,4.0,2019-12-03T19:15:38.993707-08:00,10.0,21.00851058959961,1575429339.129387,11.04106824490759,POINT (-122.07643358979567 37.394571695511594),ios,7.85575912417884,-0.8181378999630426,0.7056416209081213
2426,distance,0,-122.07634700473591,6.619999885559082,1575429339.9936829,112.8515625,37.394555602257505,4.0,2019-12-03T19:15:39.993683-08:00,10.0,21.106929779052734,1575429340.142922,11.041346016062631,POINT (-122.07634700473591 37.394555602257505),ios,7.037640730143359,-0.1125131028621825,-1.073260776278561
2427,distance,0,-122.07628346990987,6.159999847412109,1575429340.9936604,115.6640625,37.39451742268856,4.0,2019-12-03T19:15:40.993660-08:00,10.0,21.400569915771484,1575429341.1284928,11.041623787615034,POINT (-122.07628346990987 37.39451742268856),ios,6.925130148851303,-1.1857498259216706,2.638092114478311
2428,distance,0,-122.0762129781042,5.739999771118164,1575429341.9936364,116.015625,37.39449018150325,4.0,2019-12-03T19:15:41.993636-08:00,10.0,21.19857406616211,1575429342.121655,11.041901558703847,POINT (-122.0762129781042 37.39449018150325),ios,5.739408876113288,1.45227876256912,-5.175597589691742
2429,distance,0,-122.07615715462907,5.639999866485596,1575429342.9936135,117.0703125,37.39446377850826,4.0,2019-12-03T19:15:42.993613-08:00,10.0,21.059139251708984,1575429343.1212711,11.042179330123796,POINT (-122.07615715462907 37.39446377850826),ios,7.191654398659461,-3.723200367094782,5.016127458794151
2430,distance,0,-122.07607974666777,5.309999942779541,1575429343.9935913,116.505126953125,37.394483797022794,4.0,2019-12-03T19:15:43.993591-08:00,10.0,20.872249603271484,1575429344.0929751,11.042457101742427,POINT (-122.07607974666777 37.394483797022794),ios,3.4685365858178137,1.2928158694671072,0.4173171422583667
2431,distance,0,-122.07604464098497,4.070000171661377,1575429344.993568,116.505126953125,37.39446982937599,4.0,2019-12-03T19:15:44.993568-08:00,10.0,21.19820785522461,1575429345.102401,11.042734873029922,POINT (-122.07604464098497 37.39446982937599),ios,4.761322248615302,1.710123261101785,-2.7034849460465846
2432,distance,0,-122.0759964508174,3.9800000190734863,1575429345.993544,116.505126953125,37.39445065574978,4.0,2019-12-03T19:15:45.993544-08:00,10.0,20.15670394897461,1575429346.141067,11.04301264418496,POINT (-122.0759964508174 37.39445065574978),ios,6.471404737201287,-0.9932972288408538,-2.5060369351430807
2433,distance,0,-122.07597258512124,4.190000057220459,1575429346.9935215,116.71875,37.394395633635476,4.0,2019-12-03T19:15:46.993521-08:00,10.0,20.22207260131836,1575429347.106641,11.043290415671137,POINT (-122.07597258512124 37.394395633635476),ios,5.478130006309256,-3.4992774028362357,5.283122841323681
2434,distance,0,-122.07591474998935,4.309999942779541,1575429347.993498,117.421875,37.39437786400075,4.0,2019-12-03T19:15:47.993498-08:00,10.0,20.830318450927734,1575429348.104306,11.04356818695863,POINT (-122.07591474998935 37.39437786400075),ios,1.9789343641621548,1.783721998212623,-4.441905388684291
2435,distance,0,-122.07589262176498,3.140000104904175,1575429348.993475,116.3671875,37.394375097972706,4.0,2019-12-03T19:15:48.993475-08:00,10.0,20.38210678100586,1575429349.103198,11.043845958312353,POINT (-122.07589262176498 37.394375097972706),ios,3.762615110945738,-2.658080664292855,2.33616589947575
2436,distance,0,-122.07585054461106,3.2899999618530273,1575429349.993451,114.609375,37.39436985928322,4.0,2019-12-03T19:15:49.993451-08:00,10.0,21.19381332397461,1575429350.113758,11.044123729467392,POINT (-122.07585054461106 37.39436985928322),ios,1.1045978202343951,-0.32197046335253454,0.11491962017875386
2437,distance,0,-122.0758274105583,1.149999976158142,1575429351.9934053,117.0703125,37.39436231557037,4.0,2019-12-03T19:15:51.993405-08:00,10.0,20.61037826538086,1575429352.091658,11.04467927230729,POINT (-122.0758274105583 37.39436231557037),ios,0.46067163216747997,-0.09213648359775717,0.018427728162504913
2438,distance,0,-122.07580905419036,0.25999999046325684,1575429356.9932883,117.7734375,37.3943476053303,4.0,2019-12-03T19:15:56.993288-08:00,10.0,20.64345932006836,1575429357.073,11.046068128678534,POINT (-122.07580905419036 37.3943476053303),ios,0.0,0.0,0.0
