,filter,floor,longitude,sensed_speed,ts,bearing,latitude,vaccuracy,fmt_time,accuracy,altitude,write_ts,hr,geometry,source,speed,acceleration,jerk
0,distance,0,-122.07604684878334,0.15000000596046448,1564195278.9872563,114.2578125,37.39437182903047,3.0,2019-07-26T19:41:18.987256-07:00,10.0,19.830806732177734,1564195279.097265,11.542833911511632,POINT (-122.07604684878334 37.39437182903047),ios,0.6675268676546918,0.0731061101334479,0.021003255868433404
1,distance,0,-122.07606084656163,1.0499999523162842,1564195281.9871902,114.2578125,37.39438599444683,3.0,2019-07-26T19:41:21.987190-07:00,10.0,19.23733139038086,1564195282.426763,11.54366722649998,POINT (-122.07606084656163 37.39438599444683),ios,0.8868403699852277,0.13611449064284958,-0.056926467441526636
2,distance,0,-122.07607333559736,0.6700000166893005,1564195283.9871469,336.796875,37.394398483482554,3.0,2019-07-26T19:41:23.987147-07:00,10.0,19.51436996459961,1564195284.109451,11.544222770002154,POINT (-122.07607333559736 37.394398483482554),ios,1.1590634449662582,0.022264025923397802,0.059792572449191145
3,distance,0,-122.07608515408083,0.6700000166893005,1564195284.9871254,296.3671875,37.39440300971027,3.0,2019-07-26T19:41:24.987125-07:00,10.0,19.445858001708984,1564195285.100411,11.544500541819467,POINT (-122.07608515408083 37.39440300971027),ios,1.1813269931554877,0.08205531536317417,0.04006139032402632
4,distance,0,-122.07609831366881,0.7300000190734863,1564195285.9871025,276.328125,37.39440489563848,3.0,2019-07-26T19:41:25.987103-07:00,10.0,19.26119613647461,1564195286.119107,11.544778313239416,POINT (-122.07609831366881 37.39440489563848),ios,1.263380430421539,0.12211578875474374,-0.06428042760104102
5,distance,0,-122.0761125629042,0.9200000166893005,1564195286.987081,278.4375,37.394403931719616,3.0,2019-07-26T19:41:26.987081-07:00,10.0,19.16946029663086,1564195287.124259,11.545056085056729,POINT (-122.0761125629042 37.394403931719616),ios,1.385493598855727,0.05783674046204186,-0.1126354762426419
6,distance,0,-122.07612823706313,0.9200000166893005,1564195287.9870584,291.4453125,37.394404350814774,3.0,2019-07-26T19:41:27.987058-07:00,10.0,19.307247161865234,1564195288.125575,11.545333856542905,POINT (-122.07612823706313 37.394404350814774),ios,1.4433290293291883,-0.054796184613530835,0.05254911846588283
7,distance,0,-122.07614449795528,1.0700000524520874,1564195288.987037,291.09375,37.39440560810025,3.0,2019-07-26T19:41:28.987037-07:00,10.0,19.438472747802734,1564195289.118326,11.545611628360218,POINT (-122.07614449795528 37.39440560810025),ios,1.3885340205142203,-0.002248193729402191,-0.11629247688517957
8,distance,0,-122.07615983683809,1.190000057220459,1564195289.9870143,297.7734375,37.39440833221878,3.0,2019-07-26T19:41:29.987014-07:00,10.0,19.675106048583984,1564195290.1123052,11.545889399846395,POINT (-122.07615983683809 37.39440833221878),ios,1.3862858777058777,-0.11853803661730734,-0.03899046217647443
9,distance,0,-122.07617500808283,1.1699999570846558,1564195290.9869928,297.421875,37.394411517341986,3.0,2019-07-26T19:41:30.986993-07:00,10.0,19.67794418334961,1564195291.0961862,11.546167171663708,POINT (-122.07617500808283 37.394411517341986),ios,1.2677503846388938,-0.15752766214922861,0.12822126837969663
10,distance,0,-122.07618858676597,1.1699999570846558,1564195291.986971,295.6640625,37.39441520537938,3.0,2019-07-26T19:41:31.986971-07:00,10.0,19.76479721069336,1564195292.119255,11.546444943348567,POINT (-122.07618858676597 37.39441520537938),ios,1.110226177781632,-0.02930920624013281,-0.013073074581700246
11,distance,0,-122.07620040524944,0.9599999785423279,1564195292.9869494,295.6640625,37.394418600050166,3.0,2019-07-26T19:41:32.986949-07:00,10.0,19.805965423583984,1564195293.125938,11.54672271516588,POINT (-122.07620040524944 37.394418600050166),ios,1.0809176004488368,-0.04238200030408509,0.1348308001534273
12,distance,0,-122.07621163699969,0.9399999976158142,1564195293.9869266,296.3671875,37.394422455725625,3.0,2019-07-26T19:41:33.986927-07:00,10.0,19.794307708740234,1564195294.1255221,11.547000486585828,POINT (-122.07621163699969 37.394422455725625),ios,1.0385365701917557,0.09244571381723421,-0.4351055026654132
13,distance,0,-122.07622110855027,0.9399999976158142,1564195294.9869046,296.3671875,37.39442798778172,3.0,2019-07-26T19:41:34.986905-07:00,10.0,19.689693450927734,1564195295.107142,11.547278258270687,POINT (-122.07622110855027 37.39442798778172),ios,1.1309802562576226,-0.34265024502249414,0.1898777648743242
14,distance,0,-122.07623091537698,0.9700000286102295,1564195295.9868827,296.3671875,37.39443452566619,3.0,2019-07-26T19:41:35.986883-07:00,10.0,19.81173324584961,1564195296.115902,11.547556029955546,POINT (-122.07623091537698 37.39443452566619),ios,0.7883375271001067,-0.15277664502376515,0.16073703713938048
15,distance,0,-122.0762454998885,0.6600000262260437,1564195297.9868398,296.3671875,37.394442698021784,3.0,2019-07-26T19:41:37.986840-07:00,10.0,19.90224838256836,1564195298.1070762,11.548111573590173,POINT (-122.0762454998885 37.394442698021784),ios,0.48279079351488924,0.1686905311697151,-0.07962591483609874
16,distance,0,-122.07626645464643,1.2799999713897705,1564195301.9867516,296.3671875,37.39443775269891,3.0,2019-07-26T19:41:41.986752-07:00,10.0,18.71017074584961,1564195302.108169,11.549222660197152,POINT (-122.07626645464643 37.39443775269891),ios,1.1575380371797523,-0.14980610398461416,0.13645238591422668
17,distance,0,-122.07627919513925,1.2799999713897705,1564195302.9867296,296.3671875,37.39444018345083,3.0,2019-07-26T19:41:42.986730-07:00,10.0,18.631404876708984,1564195303.101664,11.549500431882011,POINT (-122.07627919513925 37.39444018345083),ios,1.0077352191185158,-0.013356711086512233,0.0855374186507534
18,distance,0,-122.07628925342306,1.2799999713897705,1564195303.9867077,312.1875,37.39444445822145,3.0,2019-07-26T19:41:43.986708-07:00,10.0,18.731258392333984,1564195304.10044,11.54977820356687,POINT (-122.07628925342306 37.39444445822145),ios,0.9943788010049068,0.0721788313429382,-0.035260189808599386
19,distance,0,-122.07630702305778,1.1399999856948853,1564195305.9866633,305.5078125,37.394455438514605,3.0,2019-07-26T19:41:45.986663-07:00,10.0,18.72933578491211,1564195306.120394,11.550333746804132,POINT (-122.07630702305778 37.394455438514605),ios,1.138733262858743,0.0016600153690290928,-0.0016011226087974755
20,distance,0,-122.0763165784274,1.1399999856948853,1564195306.986642,305.859375,37.394462311675206,3.0,2019-07-26T19:41:46.986642-07:00,10.0,18.808223724365234,1564195307.1262589,11.550611518621444,POINT (-122.0763165784274 37.394462311675206),ios,1.1403932426077066,5.892711659557938e-05,0.14110672012691106
21,distance,0,-122.07632554706379,1.1200000047683716,1564195307.9866204,315.3515625,37.39446968775,3.0,2019-07-26T19:41:47.986620-07:00,10.0,18.74331283569336,1564195308.136709,11.550889290438757,POINT (-122.07632554706379 37.39446968775),ios,1.1404521684598634,0.14116261942177236,-0.1669022832710094
22,distance,0,-122.07634298142239,1.0299999713897705,1564195309.9865756,315.703125,37.39448481708522,3.0,2019-07-26T19:41:49.986576-07:00,10.0,19.01418685913086,1564195310.121522,11.551444833543565,POINT (-122.07634298142239 37.39448481708522),ios,1.422771080014673,-0.1926344661104639,0.27733042243932887
23,distance,0,-122.07635614101036,0.9300000071525574,1564195310.9865537,286.875,37.39449219316001,3.0,2019-07-26T19:41:50.986554-07:00,10.0,19.23684310913086,1564195311.123363,11.551722605228424,POINT (-122.07635614101036 37.39449219316001),ios,1.230140839246693,0.0846898732221411,-0.2090437759751759
24,distance,0,-122.07636904914125,1.0800000429153442,1564195311.9865317,278.0859375,37.39449634220208,3.0,2019-07-26T19:41:51.986532-07:00,10.0,19.17367172241211,1564195312.130153,11.552000376913282,POINT (-122.07636904914125 37.39449634220208),ios,1.3148288548380243,-0.12434931748039132,0.19224339158851003
25,distance,0,-122.07638338219567,1.0,1564195312.9865108,280.546875,37.39449952732529,3.0,2019-07-26T19:41:52.986511-07:00,10.0,19.365596771240234,1564195313.119032,11.552278148863051,POINT (-122.07638338219567 37.39449952732529),ios,1.1904821463101405,0.06789004068124745,-0.10538626581898328
26,distance,0,-122.07639654178365,1.0,1564195313.9864879,280.8984375,37.39450183234866,3.0,2019-07-26T19:41:53.986488-07:00,10.0,19.435176849365234,1564195314.120125,11.552555920283,POINT (-122.07639654178365 37.39450183234866),ios,1.2583706331116726,-0.03749381303753551,-0.1491124578703475
27,distance,0,-122.07641053956195,1.0,1564195314.9864664,280.8984375,37.39450392782445,3.0,2019-07-26T19:41:54.986466-07:00,10.0,19.365352630615234,1564195315.135017,11.552833692100313,POINT (-122.07641053956195 37.39450392782445),ios,1.2208776246040838,-0.18660307130165316,0.2285602132068901
28,distance,0,-122.07642369914993,1.0499999523162842,1564195315.9864445,287.9296875,37.39450728058572,3.0,2019-07-26T19:41:55.986444-07:00,10.0,19.12093734741211,1564195316.1310349,11.553111463785172,POINT (-122.07642369914993 37.39450728058572),ios,1.0342786463492293,0.04195212854911993,-0.25536436475135615
29,distance,0,-122.07644565973624,1.0499999523162842,1564195317.9864008,288.28125,37.39451373465116,3.0,2019-07-26T19:41:57.986401-07:00,10.0,18.909969329833984,1564195318.132729,11.553667007221115,POINT (-122.07644565973624 37.39451373465116),ios,1.1181810730509303,-0.4687654592531459,0.6156258867224147
30,distance,0,-122.07645781349584,1.0800000429153442,1564195318.986379,285.1171875,37.394516542588725,3.0,2019-07-26T19:41:58.986379-07:00,10.0,18.857173919677734,1564195319.125468,11.553944778905974,POINT (-122.07645781349584 37.394516542588725),ios,0.6494258959380993,0.14684692401754507,0.0006200809257757027
31,distance,0,-122.07647231418832,0.5099999904632568,1564195320.9863343,285.1171875,37.394518470426455,3.0,2019-07-26T19:42:00.986334-07:00,10.0,18.854000091552734,1564195321.1117702,11.55450032207701,POINT (-122.07647231418832 37.394518470426455),ios,0.9431131969096501,0.1480870582232384,-0.03346183146786854
32,distance,0,-122.07649335276528,0.8199999928474426,1564195322.9862916,284.0625,37.39452136218305,3.0,2019-07-26T19:42:02.986292-07:00,10.0,18.74050521850586,1564195323.118586,11.555055865777863,POINT (-122.07649335276528 37.39452136218305),ios,1.239280993455752,0.08116482333559528,-0.268633919890459
33,distance,0,-122.07650667999133,1.159999966621399,1564195323.986269,284.0625,37.394524840672865,3.0,2019-07-26T19:42:03.986269-07:00,10.0,18.700557708740234,1564195324.120192,11.55533363726404,POINT (-122.07650667999133 37.394524840672865),ios,1.3204439784271713,-0.1874630120597032,0.06269867545813247
34,distance,0,-122.07652076158865,1.159999966621399,1564195324.9862475,284.0625,37.39452882207687,3.0,2019-07-26T19:42:04.986248-07:00,10.0,18.765621185302734,1564195325.115252,11.555611409081353,POINT (-122.07652076158865 37.39452882207687),ios,1.1329849888873154,-0.12476568196919101,0.1773737677095648
35,distance,0,-122.07653232861503,0.9100000262260437,1564195325.9862251,284.4140625,37.39453322257604,3.0,2019-07-26T19:42:05.986225-07:00,10.0,18.78866195678711,1564195326.118835,11.555889180633757,POINT (-122.07653232861503 37.39453322257604),ios,1.0082221030850462,0.0526041105554171,0.06632615593997612
36,distance,0,-122.07655361864909,0.9399999976158142,1564195327.9861813,291.4453125,37.39453976046051,3.0,2019-07-26T19:42:07.986181-07:00,10.0,18.826107025146484,1564195328.117034,11.556444724003473,POINT (-122.07655361864909 37.39453976046051),ios,1.1134280165051784,0.18525351277200375,-0.1566060527692742
37,distance,0,-122.07656543713256,0.9599999785423279,1564195328.9861598,291.4453125,37.39454323895033,3.0,2019-07-26T19:42:08.986160-07:00,10.0,18.86031723022461,1564195329.124836,11.556722495820788,POINT (-122.07656543713256 37.39454323895033),ios,1.2986775541680462,0.028650820404061757,-0.035961519206120736
38,distance,0,-122.07657951872989,1.090000033378601,1564195329.986138,279.4921875,37.394546591711595,3.0,2019-07-26T19:42:09.986138-07:00,10.0,18.94845199584961,1564195330.128628,11.557000267571873,POINT (-122.07657951872989 37.394546591711595),ios,1.32732775296131,-0.007309918577676633,0.012483703592863203
39,distance,0,-122.07659427087947,1.1399999856948853,1564195330.9861155,279.4921875,37.39454885482545,3.0,2019-07-26T19:42:10.986115-07:00,10.0,19.05184555053711,1564195331.1253572,11.55727803905805,POINT (-122.07659427087947 37.39454885482545),ios,1.3200179999515713,0.00517350226223368,-0.130164010569254
40,distance,0,-122.07660902302905,1.190000057220459,1564195331.986093,279.4921875,37.394550740753665,3.0,2019-07-26T19:42:11.986093-07:00,10.0,19.02218246459961,1564195332.129743,11.557555810610454,POINT (-122.07660902302905 37.394550740753665),ios,1.3251913862686535,-0.12498759115628602,0.20808735935085815
41,distance,0,-122.07662385899766,1.1699999570846558,1564195332.9860713,285.1171875,37.39455250095333,3.0,2019-07-26T19:42:12.986071-07:00,10.0,18.992488861083984,1564195333.1564531,11.557833582361539,POINT (-122.07662385899766 37.39455250095333),ios,1.2002065068544814,0.08309525351235052,-0.04240665827713428
42,distance,0,-122.0766371862237,1.1699999570846558,1564195333.9860492,285.1171875,37.394554596429124,3.0,2019-07-26T19:42:13.986049-07:00,10.0,19.07363510131836,1564195334.1290212,11.55811135398017,POINT (-122.0766371862237 37.394554596429124),ios,1.2832999179017706,0.04068953551499085,-0.19723544482211344
43,distance,0,-122.07665135164007,1.1699999570846558,1564195334.9860277,285.46875,37.39455715290959,3.0,2019-07-26T19:42:14.986028-07:00,10.0,18.85476303100586,1564195335.1276631,11.558389125797484,POINT (-122.07665135164007 37.39455715290959),ios,1.3239885803140496,-0.15654167709361733,0.13227180431308305
44,distance,0,-122.07666568469449,1.2000000476837158,1564195335.9860063,296.71875,37.39456063139941,3.0,2019-07-26T19:42:15.986006-07:00,10.0,18.78139877319336,1564195336.134531,11.558666897614797,POINT (-122.07666568469449 37.39456063139941),ios,1.1674502622404124,-0.024272711025541828,0.0031159661842733648
45,distance,0,-122.07667775463506,1.2000000476837158,1564195336.9859848,297.421875,37.394564906170025,3.0,2019-07-26T19:42:16.985985-07:00,10.0,18.73269271850586,1564195337.125121,11.55894466943211,POINT (-122.07667775463506 37.394564906170025),ios,1.1431780720507452,-0.02115681170264918,0.10610110134480792
46,distance,0,-122.07668907020434,1.1299999952316284,1564195337.9859614,297.421875,37.39456989340241,3.0,2019-07-26T19:42:17.985961-07:00,10.0,18.742916107177734,1564195338.130964,11.559222440719605,POINT (-122.07668907020434 37.39456989340241),ios,1.1220217546774405,0.08494181058772403,-0.057808338630741855
47,distance,0,-122.0767000504975,1.090000033378601,1564195338.9859407,290.390625,37.39457496445383,3.0,2019-07-26T19:42:18.985941-07:00,10.0,18.864437103271484,1564195339.119437,11.5595002127356,POINT (-122.0767000504975 37.39457496445383),ios,1.206961803366761,0.02713467104161239,-0.15491443447470493
48,distance,0,-122.07671253953322,1.1299999952316284,1564195339.9859185,290.390625,37.394579364952996,3.0,2019-07-26T19:42:19.985919-07:00,10.0,18.921749114990234,1564195340.13322,11.55977798435423,POINT (-122.07671253953322 37.394579364952996),ios,1.23409587275327,-0.12777632852651302,0.19322270341348954
49,distance,0,-122.07672536384507,1.1100000143051147,1564195340.9858966,290.7421875,37.39458376545216,3.0,2019-07-26T19:42:20.985897-07:00,10.0,19.085201263427734,1564195341.1256208,11.56005575603909,POINT (-122.07672536384507 37.39458376545216),ios,1.1063223469378205,0.0654421366417959,-0.039936772595630804
50,distance,0,-122.0767362603192,1.1100000143051147,1564195341.9858747,308.671875,37.39458866886552,3.0,2019-07-26T19:42:21.985875-07:00,10.0,19.13247299194336,1564195342.127192,11.560333527723948,POINT (-122.0767362603192 37.39458866886552),ios,1.171763048138463,0.025506240039674107,0.03535250958554909
51,distance,0,-122.07674690533622,1.1100000143051147,1564195342.9858527,308.3203125,37.394594955292895,3.0,2019-07-26T19:42:22.985853-07:00,10.0,19.21816635131836,1564195343.133426,11.560611299408807,POINT (-122.07674690533622 37.394594955292895),ios,1.1972687287112784,0.06085797418527372,-0.17101474082841311
52,distance,0,-122.07675746653422,1.0499999523162842,1564195343.9858308,307.96875,37.39460170272495,3.0,2019-07-26T19:42:23.985831-07:00,10.0,19.20949935913086,1564195344.130692,11.560889071093666,POINT (-122.07675746653422 37.39460170272495),ios,1.2581253680067528,-0.11015301551872012,0.036830984686522836
53,distance,0,-122.07676861446544,1.1699999570846558,1564195344.9858084,302.34375,37.39460874352361,3.0,2019-07-26T19:42:24.985808-07:00,10.0,19.20797348022461,1564195345.124004,11.561166842646069,POINT (-122.07676861446544 37.39460874352361),ios,1.1479748211654244,-0.07332285626415465,0.2683726077718534
54,distance,0,-122.07677875656827,0.8799999952316284,1564195345.985787,302.34375,37.394615197589054,3.0,2019-07-26T19:42:25.985787-07:00,10.0,19.19228744506836,1564195346.130344,11.561444614463383,POINT (-122.07677875656827 37.394615197589054),ios,1.0746535382390783,0.19504399285627544,-0.17060271240600539
55,distance,0,-122.07678873103305,1.1200000047683716,1564195346.985765,301.9921875,37.39462072964515,3.0,2019-07-26T19:42:26.985765-07:00,10.0,19.13509750366211,1564195347.123217,11.56172238614824,POINT (-122.07678873103305 37.39462072964515),ios,1.269693252901083,0.02444502253704805,0.0037197462665293345
56,distance,0,-122.0768013038878,1.1200000047683716,1564195347.985743,292.5,37.39462626170124,3.0,2019-07-26T19:42:27.985743-07:00,10.0,19.171382904052734,1564195348.1349812,11.562000157833099,POINT (-122.0768013038878 37.39462626170124),ios,1.2941377392485574,0.02816468721276839,-0.14307655664597305
57,distance,0,-122.07681446347578,1.2200000286102295,1564195348.9857206,292.5,37.394631374662175,3.0,2019-07-26T19:42:28.985721-07:00,10.0,19.113704681396484,1564195349.129219,11.562277929385504,POINT (-122.07681446347578 37.394631374662175),ios,1.3223017952527634,-0.11490866289492686,-0.5155083615469934
58,distance,0,-122.07682787452086,1.2300000190734863,1564195349.985698,298.125,37.39463665526117,3.0,2019-07-26T19:42:29.985698-07:00,10.0,19.138423919677734,1564195350.131054,11.56255570087168,POINT (-122.07682787452086 37.39463665526117),ios,1.2073957350120492,-0.6304053482986681,0.7459888049712351
59,distance,0,-122.07683944154724,1.0499999523162842,1564195350.9856763,298.4765625,37.39464243877436,3.0,2019-07-26T19:42:30.985676-07:00,10.0,18.94381332397461,1564195351.126841,11.562833472622765,POINT (-122.07683944154724 37.39464243877436),ios,0.5770040640449945,0.11556727163179449,0.0795003088168963
60,distance,0,-122.07684949983104,0.6299999952316284,1564195352.9856334,298.828125,37.39464906047787,3.0,2019-07-26T19:42:32.985633-07:00,10.0,18.79384994506836,1564195353.120741,11.563389016257393,POINT (-122.07684949983104 37.39464906047787),ios,0.8081336476993387,0.27456447748246715,-0.17305663165615556
61,distance,0,-122.07683835189982,0.7900000214576721,1564195354.985589,140.625,37.39463753536101,3.0,2019-07-26T19:42:34.985589-07:00,10.0,18.91634750366211,1564195355.1306229,11.563944559494654,POINT (-122.07683835189982 37.39463753536101),ios,1.3572504268675707,-0.07154111148542638,0.1032958090477425
62,distance,0,-122.0768277068828,1.2000000476837158,1564195355.9855676,140.2734375,37.394628734362676,3.0,2019-07-26T19:42:35.985568-07:00,10.0,19.052730560302734,1564195356.1316671,11.564222331311967,POINT (-122.0768277068828 37.394628734362676),ios,1.2857108504878576,0.03175248107471429,0.027144128567718737
63,distance,0,-122.07681588839932,1.2000000476837158,1564195356.9855456,119.1796875,37.39462198693062,3.0,2019-07-26T19:42:36.985546-07:00,10.0,18.96395492553711,1564195357.124129,11.564500102996826,POINT (-122.07681588839932 37.39462198693062),ios,1.3174626350874812,0.05889601424929313,-0.06386213634102884
64,distance,0,-122.07680272881134,1.2000000476837158,1564195357.9855242,119.1796875,37.394616412965014,3.0,2019-07-26T19:42:37.985524-07:00,10.0,19.12929916381836,1564195358.125665,11.564777874814139,POINT (-122.07680272881134 37.394616412965014),ios,1.3763573855654114,-0.0049647517589532925,-0.060648798354885874
65,distance,0,-122.07678898249014,1.2799999713897705,1564195358.9855022,135.0,37.39461058754231,3.0,2019-07-26T19:42:38.985502-07:00,10.0,18.97042465209961,1564195359.117259,11.565055646498998,POINT (-122.07678898249014 37.39461058754231),ios,1.3713927427058517,-0.065612219812209,-0.0488716684908579
66,distance,0,-122.07677666109248,1.2899999618530273,1564195359.9854794,135.3515625,37.39460308573897,3.0,2019-07-26T19:42:39.985479-07:00,10.0,18.89413070678711,1564195360.1207361,11.565333417918946,POINT (-122.07677666109248 37.39460308573897),ios,1.3057820246381757,-0.11448276971934594,0.1826529629203706
67,distance,0,-122.07676744099899,1.25,1564195360.9854574,146.953125,37.394593907555,3.0,2019-07-26T19:42:40.985457-07:00,10.0,18.97231674194336,1564195361.131192,11.565611189603805,POINT (-122.07676744099899 37.394593907555),ios,1.1913017660422043,0.06816618679791492,-0.1044157257696887
68,distance,0,-122.0767600649242,1.25,1564195361.985436,146.953125,37.394584938918605,3.0,2019-07-26T19:42:41.985436-07:00,10.0,18.860897064208984,1564195362.121388,11.565888961421118,POINT (-122.0767600649242 37.394584938918605),ios,1.2594664901524333,-0.03624729845336613,0.05823992039801436
69,distance,0,-122.07675302412554,1.25,1564195362.9854133,151.875,37.39457509018238,3.0,2019-07-26T19:42:42.985413-07:00,10.0,18.890316009521484,1564195363.125829,11.566166732907295,POINT (-122.07675302412554 37.39457509018238),ios,1.2232200126918595,0.021991302824136746,-0.08731305290533913
70,distance,0,-122.07674707297429,1.2400000095367432,1564195363.985392,152.578125,37.39456515762712,3.0,2019-07-26T19:42:43.985392-07:00,10.0,18.831783294677734,1564195364.127341,11.566444504790836,POINT (-122.07674707297429 37.39456515762712),ios,1.245210848876966,-0.06531989736339543,-0.07299497376733209
71,distance,0,-122.07674196001335,1.340000033378601,1564195364.98537,160.6640625,37.39455472215767,3.0,2019-07-26T19:42:44.985370-07:00,10.0,18.767818450927734,1564195365.119667,11.566722276409466,POINT (-122.07674196001335 37.39455472215767),ios,1.1798923998469424,-0.1383132526184403,0.3424018825984275
72,distance,0,-122.07673902634724,1.059999942779541,1564195365.9853477,161.71875,37.394544370507255,3.0,2019-07-26T19:42:45.985348-07:00,10.0,18.69387435913086,1564195366.1336598,11.567000048028099,POINT (-122.07673902634724 37.394544370507255),ios,1.041582214038274,0.20408103792774646,-0.2408352496768785
73,distance,0,-122.07673726614757,1.1100000143051147,1564195366.985327,167.34375,37.39453510850425,3.0,2019-07-26T19:42:46.985327-07:00,10.0,18.669246673583984,1564195367.11988,11.567277820044094,POINT (-122.07673726614757 37.39453510850425),ios,1.2456590188321561,-0.03674921624410381,0.056899730638125506
74,distance,0,-122.07673542212888,1.1100000143051147,1564195367.9853048,166.9921875,37.39452400248255,3.0,2019-07-26T19:42:47.985305-07:00,10.0,18.71108627319336,1564195368.1100411,11.567555591662725,POINT (-122.07673542212888 37.39452400248255),ios,1.2089106174257729,0.020149252760399212,0.010447134970261536
75,distance,0,-122.07673399720534,1.1399999856948853,1564195368.985283,169.453125,37.39451318982746,3.0,2019-07-26T19:42:48.985283-07:00,10.0,18.769405364990234,1564195369.1200628,11.567833363347583,POINT (-122.07673399720534 37.39451318982746),ios,1.2290594282222005,0.03059615857788182,-0.02594094614971104
76,distance,0,-122.07673240464374,1.340000033378601,1564195369.9852605,173.671875,37.3945022095343,3.0,2019-07-26T19:42:49.985260-07:00,10.0,18.768062591552734,1564195370.1303039,11.568111134899986,POINT (-122.07673240464374 37.3945022095343),ios,1.2596549010989728,0.0046557937997018075,0.08230804606978437
77,distance,0,-122.07673173409148,1.1699999570846558,1564195370.9852388,174.0234375,37.39449089396502,3.0,2019-07-26T19:42:50.985239-07:00,10.0,18.81014633178711,1564195371.130296,11.568388906651073,POINT (-122.07673173409148 37.39449089396502),ios,1.26431059388615,0.08696205410665345,-0.13425686620431623
78,distance,0,-122.07673240464374,1.2400000095367432,1564195371.9852166,182.109375,37.39447953648622,3.0,2019-07-26T19:42:51.985217-07:00,10.0,18.74380111694336,1564195372.1270862,11.568666678269704,POINT (-122.07673240464374 37.39447953648622),ios,1.3512707197894516,-0.04729183522985419,0.038352872041081426
79,distance,0,-122.07673458393856,1.2400000095367432,1564195372.985195,182.109375,37.39446750845517,3.0,2019-07-26T19:42:52.985195-07:00,10.0,18.769405364990234,1564195373.123248,11.56894445002079,POINT (-122.07673458393856 37.39446750845517),ios,1.3039799106075438,-0.008939795296163105,0.05898511791249108
80,distance,0,-122.0767362603192,1.2400000095367432,1564195373.9851735,174.7265625,37.39445585760976,3.0,2019-07-26T19:42:53.985173-07:00,10.0,18.77090072631836,1564195374.1373758,11.569222221838103,POINT (-122.0767362603192 37.39445585760976),ios,1.295040307138577,0.050044056933007904,-0.10810381515081591
81,distance,0,-122.07673743378564,1.340000033378601,1564195374.9851506,175.4296875,37.39444424867387,3.0,2019-07-26T19:42:54.985151-07:00,10.0,18.702999114990234,1564195375.126914,11.569499993258052,POINT (-122.07673743378564 37.39444424867387),ios,1.345083218654022,-0.05805728391783965,0.07964362904960591
82,distance,0,-122.07673843961402,1.3200000524520874,1564195375.985129,182.8125,37.394432178733304,3.0,2019-07-26T19:42:55.985129-07:00,10.0,18.65963363647461,1564195376.123147,11.569777765075365,POINT (-122.07673843961402 37.394432178733304),ios,1.2870271805103448,0.02158463616488774,-0.07017344611843634
83,distance,0,-122.07673978071853,1.3200000524520874,1564195376.9851074,182.8125,37.39442065361644,3.0,2019-07-26T19:42:56.985107-07:00,10.0,18.65444564819336,1564195377.119626,11.570055536826452,POINT (-122.07673978071853 37.39442065361644),ios,1.3086113483730086,-0.04858728746409702,0.027865612317617923
84,distance,0,-122.07674145709916,1.3200000524520874,1564195377.985085,181.0546875,37.39440896086152,3.0,2019-07-26T19:42:57.985085-07:00,10.0,18.711727142333984,1564195378.148429,11.570333308378855,POINT (-122.07674145709916 37.39440896086152),ios,1.2600251498154433,-0.020722299652370383,-0.10450525554919478
85,distance,0,-122.07674221147045,1.2100000381469727,1564195378.985063,181.0546875,37.39439764529224,3.0,2019-07-26T19:42:58.985063-07:00,10.0,18.647579193115234,1564195379.124844,11.570611080063713,POINT (-122.07674221147045 37.39439764529224),ios,1.239303304696547,-0.12522526293006778,0.019836076082401215
86,distance,0,-122.07674338493689,1.350000023841858,1564195379.9850416,185.2734375,37.394386539270535,3.0,2019-07-26T19:42:59.985042-07:00,10.0,18.51156234741211,1564195380.128211,11.570888851881028,POINT (-122.07674338493689 37.394386539270535),ios,1.1140807288091121,-0.10538961248368327,0.2691310595060495
87,distance,0,-122.07674539659365,1.0800000429153442,1564195380.9850187,185.625,37.39437664862479,3.0,2019-07-26T19:43:00.985019-07:00,10.0,18.519161224365234,1564195381.130439,11.571166623300977,POINT (-122.07674539659365 37.39437664862479),ios,1.0086935285022283,0.16373528710126545,-0.2131756079639895
88,distance,0,-122.0767481626217,1.159999966621399,1564195381.9849973,190.546875,37.39436784762646,3.0,2019-07-26T19:43:01.984997-07:00,10.0,18.46902084350586,1564195382.1242461,11.57144439511829,POINT (-122.0767481626217 37.39436784762646),ios,1.1724253022253888,-0.04943574661042455,0.04889963532588158
89,distance,0,-122.076751599202,1.159999966621399,1564195382.9849758,190.8984375,37.39435766361411,3.0,2019-07-26T19:43:02.984976-07:00,10.0,18.542049407958984,1564195383.118557,11.571722166935603,POINT (-122.076751599202 37.39435766361411),ios,1.122990616391006,-0.0005371605568845351,0.02960882280817597
90,distance,0,-122.0767550357823,1.159999966621399,1564195383.9849536,193.7109375,37.39434794060643,3.0,2019-07-26T19:43:03.984954-07:00,10.0,18.547176361083984,1564195384.124354,11.571999938554233,POINT (-122.0767550357823 37.39434794060643),ios,1.1224534677445437,0.029071005736999396,-0.18410854983793637
91,distance,0,-122.07675880763873,1.3600000143051147,1564195384.984932,191.953125,37.39433830141778,3.0,2019-07-26T19:43:04.984932-07:00,10.0,18.61599349975586,1564195385.1201038,11.57227771030532,POINT (-122.07675880763873 37.39433830141778),ios,1.151523842754366,-0.15503354966514138,0.14307436799758488
92,distance,0,-122.0767619089429,1.1200000047683716,1564195385.9849095,191.953125,37.39432824313398,3.0,2019-07-26T19:43:05.984910-07:00,10.0,18.791561126708984,1564195386.120812,11.572555481857723,POINT (-122.0767619089429 37.39432824313398),ios,0.9964937675998152,-0.011962388156783757,0.02971095361295564
93,distance,0,-122.07676735717996,1.1200000047683716,1564195387.984866,212.34375,37.394310850684896,3.0,2019-07-26T19:43:07.984866-07:00,10.0,18.685054779052734,1564195388.131104,11.573111025293668,POINT (-122.07676735717996 37.394310850684896),ios,0.9725695132124201,0.047458222762395544,-0.02930813057783591
94,distance,0,-122.07677858893021,1.3200000524520874,1564195389.9848223,217.96875,37.3942958051687,3.0,2019-07-26T19:43:09.984822-07:00,10.0,18.38460922241211,1564195390.1182919,11.573666568729612,POINT (-122.07677858893021 37.3942958051687),ios,1.0674838881064783,-0.011156759661954998,0.10222663450360424
95,distance,0,-122.07678353425308,1.0099999904632568,1564195390.9848006,217.96875,37.39428704607989,3.0,2019-07-26T19:43:10.984801-07:00,10.0,18.48879623413086,1564195391.117715,11.573944340480699,POINT (-122.07678353425308 37.39428704607989),ios,1.0563273705025928,0.09106765692331528,-0.375749732708848
96,distance,0,-122.07678445626243,1.100000023841858,1564195392.984756,217.96875,37.394268061069205,3.0,2019-07-26T19:43:12.984756-07:00,10.0,18.651912689208984,1564195393.1313272,11.574499883651733,POINT (-122.07678445626243 37.394268061069205),ios,1.238458624163828,-0.6604150559652324,0.8806500542311191
97,distance,0,-122.07678680319532,1.2100000381469727,1564195393.984734,217.96875,37.39425708077605,3.0,2019-07-26T19:43:13.984734-07:00,10.0,18.76559066772461,1564195394.125005,11.574777655336591,POINT (-122.07678680319532 37.39425708077605),ios,0.5780580540787675,0.22021568163910196,-0.0590484132422586
98,distance,0,-122.07678713847145,0.4099999964237213,1564195395.98469,217.96875,37.39424668721612,3.0,2019-07-26T19:43:15.984690-07:00,10.0,18.636959075927734,1564195396.127451,11.575333198640081,POINT (-122.07678713847145 37.39424668721612),ios,1.0184797042076377,0.1021214596287597,-0.2342966161653106
99,distance,0,-122.07677833747312,0.9800000190734863,1564195397.9846463,149.4140625,37.39422975577171,3.0,2019-07-26T19:43:17.984646-07:00,10.0,18.616634368896484,1564195398.106036,11.575888742076026,POINT (-122.07677833747312 37.39422975577171),ios,1.222718167844603,-0.366461550199926,0.4399031295893234
100,distance,0,-122.07677087757929,0.9800000190734863,1564195398.9846249,149.765625,37.39422049376871,3.0,2019-07-26T19:43:18.984625-07:00,10.0,18.53683090209961,1564195399.115416,11.57616651389334,POINT (-122.07677087757929 37.39422049376871),ios,0.8562644810564656,0.07343214009227855,-0.005182534798680855
101,distance,0,-122.0767600649242,1.059999942779541,1564195400.9845805,149.765625,37.39420771136637,3.0,2019-07-26T19:43:20.984581-07:00,10.0,18.57802963256836,1564195401.1146588,11.5767220571306,POINT (-122.0767600649242 37.39420771136637),ios,1.0031255048299335,0.06306730031885725,-0.044602938443435734
102,distance,0,-122.07674464222237,1.059999942779541,1564195402.9845371,119.8828125,37.39419446795936,3.0,2019-07-26T19:43:22.984537-07:00,10.0,18.75905990600586,1564195403.116053,11.577277600632774,POINT (-122.07674464222237 37.39419446795936),ios,1.1292573688399123,-0.026136641149218463,0.24379802611114962
103,distance,0,-122.07673240464374,1.0199999809265137,1564195403.9845147,119.8828125,37.39419153429325,3.0,2019-07-26T19:43:23.984515-07:00,10.0,18.710079193115234,1564195404.124587,11.577555372185177,POINT (-122.07673240464374 37.39419153429325),ios,1.1031213134480133,0.21765592111990767,-0.23657068777944115
104,distance,0,-122.07671999942704,1.0499999523162842,1564195404.9844933,119.8828125,37.39419040273632,3.0,2019-07-26T19:43:24.984493-07:00,10.0,18.789730072021484,1564195405.119421,11.57783314400249,POINT (-122.07671999942704 37.39419040273632),ios,1.3207725641785308,-0.0189096904032821,0.08889625702336154
105,distance,0,-122.07670524727746,1.2100000381469727,1564195405.9844708,117.0703125,37.39418847489859,3.0,2019-07-26T19:43:25.984471-07:00,10.0,18.736690521240234,1564195406.129065,11.578110915554895,POINT (-122.07670524727746 37.39418847489859),ios,1.3018632975668714,0.06998457433526648,-0.23782249926774082
106,distance,0,-122.07669066276594,1.2100000381469727,1564195406.9844494,116.71875,37.39418679851796,3.0,2019-07-26T19:43:26.984449-07:00,10.0,18.757625579833984,1564195407.1239018,11.578388687372207,POINT (-122.07669066276594 37.39418679851796),ios,1.3718463701960883,-0.16783282181526252,0.14178516212297915
107,distance,0,-122.07667540770217,1.2100000381469727,1564195407.9844267,113.5546875,37.394184493494585,3.0,2019-07-26T19:43:27.984427-07:00,10.0,18.842830657958984,1564195408.1181011,11.578666458858384,POINT (-122.07667540770217 37.394184493494585),ios,1.2040173497548017,-0.026050871092888013,0.1597562548257096
108,distance,0,-122.0766619966571,1.100000023841858,1564195408.9844058,113.5546875,37.394182565656855,3.0,2019-07-26T19:43:28.984406-07:00,10.0,18.95571517944336,1564195409.152664,11.578944230808153,POINT (-122.0766619966571 37.394182565656855),ios,1.1779670252309407,0.13370203191320512,-0.21333868133932316
109,distance,0,-122.07664866943105,1.1699999570846558,1564195409.984383,94.921875,37.39418223038073,3.0,2019-07-26T19:43:29.984383-07:00,10.0,19.014400482177734,1564195410.1236029,11.579222002294328,POINT (-122.07664866943105 37.39418223038073),ios,1.311666028824541,-0.07963181735511715,0.18201452720966743
110,distance,0,-122.07663383346244,1.1200000047683716,1564195410.9843612,95.625,37.394181769376054,3.0,2019-07-26T19:43:30.984361-07:00,10.0,19.008968353271484,1564195411.122237,11.579499773979187,POINT (-122.07663383346244 37.394181769376054),ios,1.2320359581542604,0.1023787174552146,-0.06275344507245419
111,distance,0,-122.0766200033222,1.1200000047683716,1564195411.9843397,95.625,37.394180344452515,3.0,2019-07-26T19:43:31.984340-07:00,10.0,18.996212005615234,1564195412.13253,11.5797775457965,POINT (-122.0766200033222 37.394180344452515),ios,1.3344124788005238,0.039626618925609126,-0.17854227162418357
112,distance,0,-122.07660575408681,1.1200000047683716,1564195412.9843173,127.96875,37.39417636304851,3.0,2019-07-26T19:43:32.984317-07:00,10.0,19.003170013427734,1564195413.122429,11.580055317348904,POINT (-122.07660575408681 37.39417636304851),ios,1.3740382096402481,-0.1389116513258717,0.0941293164392574
113,distance,0,-122.07659242686077,1.2000000476837158,1564195413.9842954,127.96875,37.3941699928021,3.0,2019-07-26T19:43:33.984295-07:00,10.0,18.99215316772461,1564195414.126059,11.580333089033763,POINT (-122.07659242686077 37.3941699928021),ios,1.2351296052732812,-0.044784399566978994,-0.12434308692827133
114,distance,0,-122.07658027310117,1.2000000476837158,1564195414.984274,113.5546875,37.39416450265552,3.0,2019-07-26T19:43:34.984274-07:00,10.0,19.114986419677734,1564195415.128526,11.580610860851076,POINT (-122.07658027310117 37.39416450265552),ios,1.1903461666752642,-0.16912481838206073,0.37018977149006355
115,distance,0,-122.0765687060748,1.059999942779541,1564195415.984252,113.5546875,37.39415901250894,3.0,2019-07-26T19:43:35.984252-07:00,10.0,19.14187240600586,1564195416.1331549,11.580888632535935,POINT (-122.0765687060748 37.39415901250894),ios,1.0212250579631013,0.20105683317702572,-0.28969146458264955
116,distance,0,-122.07655864779099,1.059999942779541,1564195416.98423,118.4765625,37.39415448628123,3.0,2019-07-26T19:43:36.984230-07:00,10.0,19.15694808959961,1564195417.129406,11.581166404220793,POINT (-122.07655864779099 37.39415448628123),ios,1.2222774810571544,-0.08862827716550634,-0.037486286862129924
117,distance,0,-122.07654666166945,1.059999942779541,1564195417.9842086,118.828125,37.39414899613465,3.0,2019-07-26T19:43:37.984209-07:00,10.0,19.19161605834961,1564195418.128192,11.581444176038106,POINT (-122.07654666166945 37.39414899613465),ios,1.13365110564816,-0.1261137596591838,0.351157552576206
118,distance,0,-122.07653584901436,0.8799999952316284,1564195418.9841857,118.828125,37.394143505988076,3.0,2019-07-26T19:43:38.984186-07:00,10.0,19.22127914428711,1564195419.12233,11.581721947458055,POINT (-122.07653584901436 37.394143505988076),ios,1.007540232503861,0.22503575555848848,-0.0507627372030676
119,distance,0,-122.07652612600668,0.9100000262260437,1564195419.9841638,117.7734375,37.394138770212784,3.0,2019-07-26T19:43:39.984164-07:00,10.0,19.245479583740234,1564195420.1264029,11.581999719142914,POINT (-122.07652612600668 37.394138770212784),ios,1.2325710520134814,0.174274131811151,-0.07947568147509589
120,distance,0,-122.07651422370418,1.2000000476837158,1564195420.9841418,117.7734375,37.394132986699596,3.0,2019-07-26T19:43:40.984142-07:00,10.0,19.42977523803711,1564195421.122754,11.582277490827773,POINT (-122.07651422370418 37.394132986699596),ios,1.4068413612070714,0.09480019359612776,-0.22520889739656455
121,distance,0,-122.0765010641162,1.2899999618530273,1564195421.9841204,117.7734375,37.3941258620819,3.0,2019-07-26T19:43:41.984120-07:00,10.0,19.529598236083984,1564195422.124692,11.582555262645085,POINT (-122.0765010641162 37.3941258620819),ios,1.5016395206117281,-0.13040387134175813,-0.07335538090951134
122,distance,0,-122.07648773689016,1.2899999618530273,1564195422.9840994,117.7734375,37.39411748017873,3.0,2019-07-26T19:43:42.984099-07:00,10.0,19.57662582397461,1564195423.1128411,11.582833034594854,POINT (-122.07648773689016 37.39411748017873),ios,1.3712383852520729,-0.2037577131941291,0.3204566608206519
123,distance,0,-122.07647566694959,1.2899999618530273,1564195423.984077,117.7734375,37.394109726918295,3.0,2019-07-26T19:43:43.984077-07:00,10.0,19.61770248413086,1564195424.12186,11.583110806147257,POINT (-122.07647566694959 37.394109726918295),ios,1.167485238542643,0.11669176576127954,-0.14661454507864405
124,distance,0,-122.0764646028374,1.1100000143051147,1564195424.984054,115.3125,37.39410398531462,3.0,2019-07-26T19:43:44.984054-07:00,10.0,19.65285873413086,1564195425.1230922,11.583388577567206,POINT (-122.0764646028374 37.39410398531462),ios,1.284174333441364,-0.02991942357673924,0.09976877578326494
125,distance,0,-122.07645211380168,1.2200000286102295,1564195425.9840322,115.6640625,37.394098076072886,3.0,2019-07-26T19:43:45.984032-07:00,10.0,19.737667083740234,1564195426.123702,11.583666349252065,POINT (-122.07645211380168 37.394098076072886),ios,1.2542555661324988,0.06984716382738769,-0.22210918527864815
126,distance,0,-122.07643962476595,1.2200000286102295,1564195426.9840102,115.6640625,37.39409271165486,3.0,2019-07-26T19:43:46.984010-07:00,10.0,19.79140853881836,1564195427.126287,11.583944120936923,POINT (-122.07643962476595 37.39409271165486),ios,1.3241011978966235,-0.1522571495952754,0.10045780826250385
127,distance,0,-122.07642629753991,1.2200000286102295,1564195427.9839892,115.6640625,37.394087263417795,3.0,2019-07-26T19:43:47.983989-07:00,10.0,19.946163177490234,1564195428.129733,11.584221892886692,POINT (-122.07642629753991 37.394087263417795),ios,1.1718472427834754,-0.05180144902146725,0.30475593635347836
128,distance,0,-122.0764143952374,1.0299999713897705,1564195428.9839668,115.6640625,37.394082611461535,3.0,2019-07-26T19:43:48.983967-07:00,10.0,20.023738861083984,1564195429.1293712,11.584499664439095,POINT (-122.0764143952374 37.394082611461535),ios,1.120046954702228,0.25294765734114316,-0.44599753151512805
129,distance,0,-122.07640257675394,1.0800000429153442,1564195429.9839447,110.0390625,37.394078965333655,3.0,2019-07-26T19:43:49.983945-07:00,10.0,20.083003997802734,1564195430.126272,11.584777436057726,POINT (-122.07640257675394 37.394078965333655),ios,1.3729890034532135,-0.19303998510289444,0.284905690918464
130,distance,0,-122.07638807606145,1.159999966621399,1564195430.983923,110.0390625,37.394074522924974,3.0,2019-07-26T19:43:50.983923-07:00,10.0,20.17922592163086,1564195431.120899,11.585055207808812,POINT (-122.07638807606145 37.394074522924974),ios,1.1799532065633442,0.09185952447585896,0.06285973001691617
131,distance,0,-122.07637592230185,1.159999966621399,1564195431.983901,110.0390625,37.39407012242581,3.0,2019-07-26T19:43:51.983901-07:00,10.0,20.43520736694336,1564195432.121475,11.585332979493671,POINT (-122.07637592230185 37.39407012242581),ios,1.2718107161456114,0.1547178756954439,-0.31692934543224793
132,distance,0,-122.07636309799,1.159999966621399,1564195432.9838796,111.796875,37.39406492564584,3.0,2019-07-26T19:43:52.983880-07:00,10.0,20.34206771850586,1564195433.1214461,11.585610751310984,POINT (-122.07636309799 37.39406492564584),ios,1.4265252719556076,-0.16220466917082477,0.2378021863269185
133,distance,0,-122.07634926784976,1.2200000286102295,1564195433.9838576,112.1484375,37.39405830394234,3.0,2019-07-26T19:43:53.983858-07:00,10.0,20.574520111083984,1564195434.127702,11.585888522995843,POINT (-122.07634926784976 37.39405830394234),ios,1.2643241606646036,0.07559230108183156,-0.06538803847332399
134,distance,0,-122.07633744936629,1.2200000286102295,1564195434.9838352,112.1484375,37.39405189178641,3.0,2019-07-26T19:43:54.983835-07:00,10.0,20.74923324584961,1564195435.129787,11.586166294548246,POINT (-122.07633744936629 37.39405189178641),ios,1.3399147676211878,0.010205728042490538,0.11084336952137179
135,distance,0,-122.07632470887347,1.2300000190734863,1564195435.9838133,112.1484375,37.39404535390194,3.0,2019-07-26T19:43:55.983813-07:00,10.0,20.846187591552734,1564195436.1343331,11.586444066233105,POINT (-122.07632470887347 37.39404535390194),ios,1.3501202718060419,0.12104666626894522,-0.2094304670167715
136,distance,0,-122.07631196838065,1.2300000190734863,1564195436.9837909,112.1484375,37.3940386483794,3.0,2019-07-26T19:43:56.983791-07:00,10.0,21.09804916381836,1564195437.128152,11.58672183778551,POINT (-122.07631196838065 37.3940386483794),ios,1.4711642252562145,-0.08837910712907582,-0.119859860583596
137,distance,0,-122.0762975515072,1.2300000190734863,1564195437.9837692,119.1796875,37.394032026675895,3.0,2019-07-26T19:43:57.983769-07:00,10.0,21.240718841552734,1564195438.126945,11.586999609536594,POINT (-122.0762975515072 37.394032026675895),ios,1.3827870356082628,-0.20823636722226552,0.17555477139021908
138,distance,0,-122.07628414046212,1.1100000143051147,1564195438.9837477,124.8046875,37.39402561451997,3.0,2019-07-26T19:43:58.983748-07:00,10.0,21.22726058959961,1564195439.144009,11.587277381353909,POINT (-122.07628414046212 37.39402561451997),ios,1.1745551366536884,-0.032685362828769875,0.08686188924314628
139,distance,0,-122.0762734954451,1.1100000143051147,1564195439.9837255,133.59375,37.394019286183074,3.0,2019-07-26T19:43:59.983726-07:00,10.0,21.32815170288086,1564195440.120716,11.58755515297254,POINT (-122.0762734954451 37.394019286183074),ios,1.1418704985551105,0.054174600431972746,0.110524634385198
140,distance,0,-122.07626394007548,1.0299999713897705,1564195440.9837036,137.109375,37.39401237111296,3.0,2019-07-26T19:44:00.983704-07:00,10.0,21.452877044677734,1564195441.1239638,11.587832924657398,POINT (-122.07626394007548 37.39401237111296),ios,1.1960439106938074,0.16469681051355245,-0.33359461728226686
141,distance,0,-122.07625539053424,1.1100000143051147,1564195441.9836817,150.1171875,37.3940040311193,3.0,2019-07-26T19:44:01.983682-07:00,10.0,21.50619125366211,1564195442.129976,11.588110696342257,POINT (-122.07625539053424 37.3940040311193),ios,1.3607371086636417,-0.16889048953448677,-0.012832382124022901
142,distance,0,-122.07624726008817,1.1100000143051147,1564195442.9836707,152.578125,37.39399363755937,3.0,2019-07-26T19:44:02.983671-07:00,10.0,21.49898910522461,1564195443.118854,11.588388471073575,POINT (-122.07624726008817 37.39399363755937),ios,1.1918484713941597,-0.1817227309225073,0.2208208861806721
143,distance,0,-122.0762404707466,1.1100000143051147,1564195443.9836378,152.578125,37.393984375556364,3.0,2019-07-26T19:44:03.983638-07:00,10.0,21.566280364990234,1564195444.122055,11.588666239711973,POINT (-122.0762404707466 37.393984375556364),ios,1.0101317194700434,0.039090889861499965,-0.029456278788544385
144,distance,0,-122.07623410050019,0.9100000262260437,1564195444.9836164,152.2265625,37.39397683184351,3.0,2019-07-26T19:44:04.983616-07:00,10.0,21.535396575927734,1564195445.114856,11.588944011529287,POINT (-122.07623410050019 37.39397683184351),ios,1.049221770532046,0.009635243136127675,0.06771187508831968
145,distance,0,-122.07622789789184,0.8999999761581421,1564195445.983594,152.2265625,37.393968785216465,3.0,2019-07-26T19:44:05.983594-07:00,10.0,21.62081527709961,1564195446.1264958,11.58922178308169,POINT (-122.07622789789184 37.393968785216465),ios,1.0588567977294017,0.07734560071015695,-0.08812874150957836
146,distance,0,-122.07621767196997,0.8999999761581421,1564195447.9835494,171.5625,37.39395156040545,3.0,2019-07-26T19:44:07.983549-07:00,10.0,21.783626556396484,1564195448.127001,11.589777326252726,POINT (-122.07621767196997 37.39395156040545),ios,1.2135445507522382,-0.09890795315301533,0.1933438610010366
147,distance,0,-122.07621624704643,1.1200000047683716,1564195448.9835284,172.96875,37.39394070584084,3.0,2019-07-26T19:44:08.983528-07:00,10.0,21.836544036865234,1564195449.121911,11.590055098202493,POINT (-122.07621624704643 37.39394070584084),ios,1.1146386727706643,0.0944318513323829,-0.1895692639269643
148,distance,0,-122.07621909689351,1.1200000047683716,1564195449.9835067,173.3203125,37.393930940923646,3.0,2019-07-26T19:44:09.983507-07:00,10.0,21.773006439208984,1564195450.124383,11.59033286995358,POINT (-122.07621909689351 37.393930940923646),ios,1.209068475301036,-0.09513329968263765,0.1293420236019841
149,distance,0,-122.07622454513057,1.2300000190734863,1564195450.9834847,201.09375,37.39392096645887,3.0,2019-07-26T19:44:10.983485-07:00,10.0,21.87655258178711,1564195451.1199021,11.590610641638438,POINT (-122.07622454513057 37.39392096645887),ios,1.1139372623206427,0.03420588686552979,0.0048517358751596785
150,distance,0,-122.07623066391989,1.2300000190734863,1564195451.9834623,201.09375,37.39391220737006,3.0,2019-07-26T19:44:11.983462-07:00,10.0,21.860469818115234,1564195452.1354032,11.590888413190841,POINT (-122.07623066391989 37.39391220737006),ios,1.1481423825861918,0.03905751400675596,-0.08803058528714448
151,distance,0,-122.07623787235661,1.2300000190734863,1564195452.98344,216.5625,37.39390361591931,3.0,2019-07-26T19:44:12.983440-07:00,10.0,21.78377914428711,1564195453.134994,11.591166184743246,POINT (-122.07623787235661 37.39390361591931),ios,1.1871990212614705,-0.04897109839644473,0.04370573633713988
152,distance,0,-122.07624508079334,1.0700000524520874,1564195453.983419,216.5625,37.3938946053734,3.0,2019-07-26T19:44:13.983419-07:00,10.0,22.06454086303711,1564195454.128952,11.591443956693013,POINT (-122.07624508079334 37.3938946053734),ios,1.138228950319559,-0.005266279042145782,0.05057040767580905
153,distance,0,-122.0762526245062,1.159999966621399,1564195454.9833975,214.8046875,37.39388630728926,3.0,2019-07-26T19:44:14.983397-07:00,10.0,22.101863861083984,1564195455.112642,11.591721728510327,POINT (-122.0762526245062 37.39388630728926),ios,1.1329627842795023,0.04530304351043643,0.015029829129300978
154,distance,0,-122.07626100640937,1.0399999618530273,1564195455.9833746,214.8046875,37.39387859593834,3.0,2019-07-26T19:44:15.983375-07:00,10.0,21.91457748413086,1564195456.1183681,11.591999499930276,POINT (-122.07626100640937 37.39387859593834),ios,1.1782647908855615,0.060332528634248914,-0.09368625150335272
155,distance,0,-122.07626888539835,1.2000000476837158,1564195456.9833522,214.8046875,37.393870046397105,3.0,2019-07-26T19:44:16.983352-07:00,10.0,21.854976654052734,1564195457.131489,11.59227727148268,POINT (-122.07626888539835 37.393870046397105),ios,1.2385959673866098,-0.03335162323406511,-0.07481433026833326
156,distance,0,-122.07627617765411,1.2000000476837158,1564195457.9833307,206.3671875,37.393860532937005,3.0,2019-07-26T19:44:17.983331-07:00,10.0,21.94314193725586,1564195458.128625,11.592555043299994,POINT (-122.07627617765411 37.393860532937005),ios,1.2052450598007407,-0.10816434816102966,0.1752209182081944
157,distance,0,-122.07628414046212,1.2000000476837158,1564195458.9833093,206.71875,37.393851731938675,3.0,2019-07-26T19:44:18.983309-07:00,10.0,21.83950424194336,1564195459.129868,11.592832815117307,POINT (-122.07628414046212 37.393851731938675),ios,1.0970830325948289,0.06705281021415342,-0.16063243297205257
158,distance,0,-122.07629168417498,1.1399999856948853,1564195459.9832878,206.71875,37.39384389485921,3.0,2019-07-26T19:44:19.983288-07:00,10.0,21.80965805053711,1564195460.129204,11.59311058693462,POINT (-122.07629168417498 37.39384389485921),ios,1.164134404011766,-0.09357617595982073,0.19599815723693054
159,distance,0,-122.07629906024977,1.2300000190734863,1564195460.9832654,206.71875,37.39383521958943,3.0,2019-07-26T19:44:20.983265-07:00,10.0,21.90316390991211,1564195461.124593,11.593388358487024,POINT (-122.07629906024977 37.39383521958943),ios,1.0705603252200429,0.10241758869450723,-0.11406943426841944
160,distance,0,-122.07630492758199,1.2300000190734863,1564195461.983243,206.71875,37.39382679577674,3.0,2019-07-26T19:44:21.983243-07:00,10.0,22.02145004272461,1564195462.1274738,11.593666130039427,POINT (-122.07630492758199 37.39382679577674),ios,1.1729756185984888,-0.011649289124303106,-0.12664369329551456
161,distance,0,-122.07631087873324,1.2300000190734863,1564195462.983221,206.71875,37.39381736613567,3.0,2019-07-26T19:44:22.983221-07:00,10.0,22.173213958740234,1564195463.121616,11.593943901724286,POINT (-122.07631087873324 37.39381736613567),ios,1.161326584995626,-0.13829020455255214,0.21343764980960275
162,distance,0,-122.07631674606546,0.9399999976158142,1564195463.9831998,206.71875,37.393808020313635,3.0,2019-07-26T19:44:23.983200-07:00,10.0,22.124446868896484,1564195464.134275,11.594221673607827,POINT (-122.07631674606546 37.393808020313635),ios,1.0230393148579864,0.0751429162694443,0.021993830688959458
163,distance,0,-122.07632060174092,0.9200000166893005,1564195464.9831777,206.71875,37.39379934504385,3.0,2019-07-26T19:44:24.983178-07:00,10.0,22.194881439208984,1564195465.1229858,11.594499445226457,POINT (-122.07632060174092 37.39379934504385),ios,1.0981805649889693,0.09713625929078261,0.05989936746832576
164,distance,0,-122.07632278103574,0.9399999976158142,1564195465.9831562,182.4609375,37.393789622036174,3.0,2019-07-26T19:44:25.983156-07:00,10.0,22.16592025756836,1564195466.122871,11.59477721704377,POINT (-122.07632278103574 37.393789622036174),ios,1.1953147399617492,0.1570343414581211,-0.1950128027008818
165,distance,0,-122.07632361922606,1.0499999523162842,1564195466.9831338,182.109375,37.393778893200114,3.0,2019-07-26T19:44:26.983134-07:00,10.0,22.24746322631836,1564195467.1272712,11.595054988596175,POINT (-122.07632361922606 37.393778893200114),ios,1.3523455620688416,-0.03797409074328003,-0.19034679566142046
166,distance,0,-122.07632588233992,1.0499999523162842,1564195467.9831123,182.109375,37.39376686516906,3.0,2019-07-26T19:44:27.983112-07:00,10.0,22.28634262084961,1564195468.1257138,11.595332760413488,POINT (-122.07632588233992 37.39376686516906),ios,1.3143722861611498,-0.22831680200557025,-0.1530807538998858
167,distance,0,-122.07632613379701,1.0499999523162842,1564195468.9830902,181.7578125,37.39375504668559,3.0,2019-07-26T19:44:28.983090-07:00,10.0,22.34395980834961,1564195469.1223469,11.595610532032119,POINT (-122.07632613379701 37.39375504668559),ios,1.0860605466075588,-0.3813941616569436,0.4913806076016453
168,distance,0,-122.0763263852541,0.9800000190734863,1564195469.983068,181.7578125,37.393745281768396,3.0,2019-07-26T19:44:29.983068-07:00,10.0,22.27676010131836,1564195470.1287909,11.59588830365075,POINT (-122.0763263852541 37.393745281768396),ios,0.7046748415758465,0.10997555059793931,-0.15444070187148837
169,distance,0,-122.07633141439601,0.800000011920929,1564195471.9830236,182.109375,37.393733253737345,3.0,2019-07-26T19:44:31.983024-07:00,10.0,22.24831771850586,1564195472.125061,11.596443846888013,POINT (-122.07633141439601 37.393733253737345),ios,0.9246210658118263,-0.19889900433995603,0.1301903883100278
170,distance,0,-122.07634147267981,0.7300000190734863,1564195473.98298,204.2578125,37.39371866922583,3.0,2019-07-26T19:44:33.982980-07:00,10.0,22.432125091552734,1564195474.1233559,11.596999390323957,POINT (-122.07634147267981 37.39371866922583),ios,0.5268317352148082,0.061476091995346566,0.04015626695644122
171,distance,0,-122.07634264614626,0.23000000417232513,1564195475.9829364,204.609375,37.39370923958476,3.0,2019-07-26T19:44:35.982936-07:00,10.0,22.35348129272461,1564195476.1417642,11.597554933759902,POINT (-122.07634264614626 37.39370923958476),ios,0.6497812369667234,0.14178687386620892,-0.03371414666926724
172,distance,0,-122.0763491002117,0.7099999785423279,1564195478.9828703,204.9609375,37.393692475778415,3.0,2019-07-26T19:44:38.982870-07:00,10.0,22.10952377319336,1564195479.119812,11.59838824874825,POINT (-122.0763491002117 37.393692475778415),ios,1.0751324946842244,0.040646660406274834,0.10701008254587749
173,distance,0,-122.07636385236128,1.0299999713897705,1564195480.9828277,205.6640625,37.393677094986096,3.0,2019-07-26T19:44:40.982828-07:00,10.0,21.734798431396484,1564195481.1231651,11.598943792449104,POINT (-122.07636385236128 37.393677094986096),ios,1.1564240808222697,0.25466225863669223,-0.26263821789915
174,distance,0,-122.07637122843607,1.0299999713897705,1564195481.9828048,206.015625,37.393668503535345,3.0,2019-07-26T19:44:41.982805-07:00,10.0,21.619991302490234,1564195482.133453,11.599221563869053,POINT (-122.07637122843607 37.393668503535345),ios,1.4110805107024318,-0.007969947950707785,-0.0614248370135923
175,distance,0,-122.07638103526278,1.0299999713897705,1564195482.9827826,206.015625,37.393658487161055,3.0,2019-07-26T19:44:42.982783-07:00,10.0,21.402095794677734,1564195483.127764,11.599499335487684,POINT (-122.07638103526278 37.393658487161055),ios,1.403110739468805,-0.06939342299582038,-0.10163766037615182
176,distance,0,-122.07639176409884,0.8700000047683716,1564195483.982761,206.3671875,37.393649183248534,3.0,2019-07-26T19:44:43.982761-07:00,10.0,21.24209213256836,1564195484.134835,11.59977710723877,POINT (-122.07639176409884 37.393649183248534),ios,1.3337188220389837,-0.17102887823207433,0.18321457330850538
177,distance,0,-122.07640375022038,0.8399999737739563,1564195484.9827392,206.3671875,37.393641890992775,3.0,2019-07-26T19:44:44.982739-07:00,10.0,21.425228118896484,1564195485.107778,11.600054878989855,POINT (-122.07640375022038 37.393641890992775),ios,1.1626936544649635,0.012181720036431322,0.3467176070950414
178,distance,0,-122.07641389232322,0.6100000143051147,1564195485.9827173,206.015625,37.393635227379754,3.0,2019-07-26T19:44:45.982717-07:00,10.0,21.54775619506836,1564195486.1109638,11.600332650674714,POINT (-122.07641389232322 37.393635227379754),ios,1.1748751073013437,0.35889172205090325,-0.5760839042882641
179,distance,0,-122.0764236153309,0.9100000262260437,1564195486.982695,206.015625,37.393628018943026,3.0,2019-07-26T19:44:46.982695-07:00,10.0,21.585567474365234,1564195487.1153479,11.600610422293345,POINT (-122.0764236153309 37.393628018943026),ios,1.5337588716719857,-0.21717940877051184,-0.18021481885931337
180,distance,0,-122.0764352661763,0.9100000262260437,1564195487.9826732,206.015625,37.39361779302116,3.0,2019-07-26T19:44:47.982673-07:00,10.0,21.598567962646484,1564195488.123673,11.600888193978204,POINT (-122.0764352661763 37.39361779302116),ios,1.3165842266252303,-0.397390274706209,0.5846598351264364
181,distance,0,-122.07644540827914,0.9100000262260437,1564195488.9826512,206.015625,37.393609117751375,3.0,2019-07-26T19:44:48.982651-07:00,10.0,21.68166732788086,1564195489.127575,11.601165965663062,POINT (-122.07644540827914 37.393609117751375),ios,0.9192026684796886,0.18725673619364971,-0.10850209540286287
182,distance,0,-122.07646032806679,1.2300000190734863,1564195490.9826076,206.015625,37.393597592634514,3.0,2019-07-26T19:44:50.982608-07:00,10.0,21.590145111083984,1564195491.1243901,11.601721509099006,POINT (-122.07646032806679 37.393597592634514),ios,1.2937079707432384,-0.029742720600554988,-0.059378819580376614
183,distance,0,-122.07646820705577,1.2300000190734863,1564195491.982586,206.015625,37.3935877858078,3.0,2019-07-26T19:44:51.982586-07:00,10.0,21.63265609741211,1564195492.133535,11.601999280850093,POINT (-122.07646820705577 37.3935877858078),ios,1.2639658954434472,-0.08912025189267643,0.003506634430158527
184,distance,0,-122.0764751640354,1.2300000190734863,1564195492.9825635,203.90625,37.393577853252545,3.0,2019-07-26T19:44:52.982563-07:00,10.0,21.472713470458984,1564195493.127964,11.602277052402496,POINT (-122.0764751640354 37.393577853252545),ios,1.1748476408556103,-0.08561369605091694,0.10863254543659753
185,distance,0,-122.07648136664375,0.8500000238418579,1564195493.9825416,206.015625,37.39356850743051,3.0,2019-07-26T19:44:53.982542-07:00,10.0,21.302181243896484,1564195494.1310391,11.602554824087354,POINT (-122.07648136664375 37.39356850743051),ios,1.0892358226991037,0.023016466584104892,0.056302935696621745
186,distance,0,-122.0764875692521,0.9599999785423279,1564195494.9825203,206.015625,37.393560041708305,3.0,2019-07-26T19:44:54.982520-07:00,10.0,21.24001693725586,1564195495.130849,11.602832595970895,POINT (-122.0764875692521 37.393560041708305),ios,1.1122518008909685,0.07931820757445904,0.13784906629051152
187,distance,0,-122.07649427477463,0.7799999713897705,1564195495.9824977,206.015625,37.3935515759861,3.0,2019-07-26T19:44:55.982498-07:00,10.0,21.31734848022461,1564195496.134398,11.603110367457072,POINT (-122.07649427477463 37.3935515759861),ios,1.1915682119266646,0.2171641516160116,-0.08744269290697705
188,distance,0,-122.07650114793523,1.0099999904632568,1564195496.9824762,206.71875,37.39354235589261,3.0,2019-07-26T19:44:56.982476-07:00,10.0,21.326351165771484,1564195497.121529,11.603388139274385,POINT (-122.07650114793523 37.39354235589261),ios,1.4087277037055148,0.12972333502566816,-0.7312710231945792
189,distance,0,-122.07650810491486,1.0099999904632568,1564195497.9824533,207.0703125,37.3935309565043,3.0,2019-07-26T19:44:57.982453-07:00,10.0,21.40249252319336,1564195498.123199,11.603665910694334,POINT (-122.07650810491486 37.3935309565043),ios,1.5384480695996745,-0.6015309507034754,0.7411599603830744
190,distance,0,-122.07651489425643,1.2899999618530273,1564195498.9824321,206.71875,37.39351821601148,3.0,2019-07-26T19:44:58.982432-07:00,10.0,21.259700775146484,1564195499.126333,11.603943682577874,POINT (-122.07651489425643 37.39351821601148),ios,0.9369298829339543,0.139613282818486,0.012250378352417737
191,distance,0,-122.07652151595994,0.8799999952316284,1564195500.9823885,206.71875,37.39350220657642,3.0,2019-07-26T19:45:00.982388-07:00,10.0,21.23232650756836,1564195501.133772,11.60449922601382,POINT (-122.07652151595994 37.39350220657642),ios,1.2161503571596324,0.16411350503196404,-0.3639065211325414
192,distance,0,-122.07652679655894,1.1799999475479126,1564195501.982366,207.0703125,37.3934921063831,3.0,2019-07-26T19:45:01.982366-07:00,10.0,21.329219818115234,1564195502.1384969,11.604776997566223,POINT (-122.07652679655894 37.3934921063831),ios,1.3802601841869804,-0.1997848604654621,0.14327998531822683
193,distance,0,-122.07653333444341,1.1799999475479126,1564195502.982345,206.71875,37.393480832723334,3.0,2019-07-26T19:45:02.982345-07:00,10.0,21.37087631225586,1564195503.129496,11.605054769515991,POINT (-122.07653333444341 37.393480832723334),ios,1.1804795153747034,-0.05650788128096042,0.09842639780008283
194,distance,0,-122.07653869886144,1.1799999475479126,1564195503.9823232,206.71875,37.393471109715655,3.0,2019-07-26T19:45:03.982323-07:00,10.0,21.37862777709961,1564195504.124886,11.60533254120085,POINT (-122.07653869886144 37.393471109715655),ios,1.1239728735663892,0.041916357584386735,-0.0518679977417511
195,distance,0,-122.07654900860234,1.190000057220459,1564195505.9822788,202.8515625,37.39345262761916,3.0,2019-07-26T19:45:05.982279-07:00,10.0,21.10232162475586,1564195506.1284962,11.605888084438112,POINT (-122.07654900860234 37.39345262761916),ios,1.2078037299184172,-0.0618173377683715,-0.08613346019485828
196,distance,0,-122.07655403774424,1.190000057220459,1564195506.982256,202.8515625,37.39344252742584,3.0,2019-07-26T19:45:06.982256-07:00,10.0,21.11654281616211,1564195507.133895,11.60616585585806,POINT (-122.07655403774424 37.39344252742584),ios,1.1459878070366218,-0.14794882652477928,0.3315406732395935
197,distance,0,-122.07655915070518,1.190000057220459,1564195507.9822345,211.2890625,37.393433055875256,3.0,2019-07-26T19:45:07.982234-07:00,10.0,21.108089447021484,1564195508.1295729,11.606443627675374,POINT (-122.07655915070518 37.393433055875256),ios,0.9980421551492525,0.18358473262375374,-0.10273126815871461
198,distance,0,-122.07656568858965,1.2000000476837158,1564195509.9821913,210.5859375,37.393415872973755,3.0,2019-07-26T19:45:09.982191-07:00,10.0,20.838008880615234,1564195510.117752,11.606999171243773,POINT (-122.07656568858965 37.393415872973755),ios,1.3652036980247515,-0.021873370452895412,0.06690877070500943
199,distance,0,-122.07657071773156,1.2699999809265137,1564195510.982169,210.5859375,37.39340426403786,3.0,2019-07-26T19:45:10.982169-07:00,10.0,20.858943939208984,1564195511.132485,11.607276942796178,POINT (-122.07657071773156 37.39340426403786),ios,1.343330817783539,0.04503390073647417,-0.3438372163570234
200,distance,0,-122.076577171797,1.2699999809265137,1564195511.9821477,210.5859375,37.39339332565422,3.0,2019-07-26T19:45:11.982148-07:00,10.0,20.760616302490234,1564195512.1585999,11.607554714679718,POINT (-122.076577171797 37.39339332565422),ios,1.3883637629342556,-0.29879601965147884,0.2953281147073443
201,distance,0,-122.07658546988114,1.2699999809265137,1564195512.9821253,210.5859375,37.39338272254671,3.0,2019-07-26T19:45:12.982125-07:00,10.0,20.68563461303711,1564195513.13149,11.607832486232121,POINT (-122.07658546988114 37.39338272254671),ios,1.0895744397038867,-0.003474523644825342,0.1621320546722329
202,distance,0,-122.07659158867045,1.159999966621399,1564195513.9821036,210.5859375,37.39337421491499,3.0,2019-07-26T19:45:13.982104-07:00,10.0,20.457637786865234,1564195514.13116,11.608110257983208,POINT (-122.07659158867045 37.39337421491499),ios,1.0860999914426415,0.1586540133956443,-0.07039614092925227
203,distance,0,-122.07660055730685,1.3200000524520874,1564195515.9820595,210.5859375,37.39335602618511,3.0,2019-07-26T19:45:15.982059-07:00,10.0,20.66036605834961,1564195516.126411,11.608665801286698,POINT (-122.07660055730685 37.39335602618511),ios,1.4034010204120082,0.017864836530500278,-0.23909970165512584
204,distance,0,-122.07660726282938,1.3200000524520874,1564195516.9820375,211.2890625,37.39334458488728,3.0,2019-07-26T19:45:16.982038-07:00,10.0,20.628902435302734,1564195517.124525,11.608943572971556,POINT (-122.07660726282938 37.39334458488728),ios,1.4212654650860859,-0.2212296205900014,0.12437111035291892
205,distance,0,-122.0766152256374,1.3200000524520874,1564195517.9820166,211.2890625,37.39333347886558,3.0,2019-07-26T19:45:17.982017-07:00,10.0,20.61056137084961,1564195518.128207,11.609221344921323,POINT (-122.0766152256374 37.39333347886558),ios,1.2000404860782425,-0.0968611196468227,0.08065157017032516
206,distance,0,-122.07662100915059,1.1399999856948853,1564195518.9819942,205.6640625,37.393323713948384,3.0,2019-07-26T19:45:18.981994-07:00,10.0,20.573604583740234,1564195519.11208,11.609499116473728,POINT (-122.07662100915059 37.393323713948384),ios,1.1031815372195284,-0.0162113569867772,-0.1735937201623561
207,distance,0,-122.07663022924407,1.309999942779541,1564195520.98195,204.9609375,37.393305273761406,3.0,2019-07-26T19:45:20.981950-07:00,10.0,20.44411849975586,1564195521.128838,11.610054659777218,POINT (-122.07663022924407 37.393305273761406),ios,1.0707595382873831,-0.3633911405373906,0.6057911991171334
208,distance,0,-122.07663450401469,1.309999942779541,1564195521.9819272,205.6640625,37.3932962632155,3.0,2019-07-26T19:45:21.981927-07:00,10.0,20.526912689208984,1564195522.129164,11.610332431197167,POINT (-122.07663450401469 37.3932962632155),ios,0.7073767151131335,0.242386193119558,-0.14799243597718617
209,distance,0,-122.07663869496628,0.5600000023841858,1564195523.981884,185.625,37.39328398372735,3.0,2019-07-26T19:45:23.981884-07:00,10.0,20.384212493896484,1564195524.137126,11.610887974765566,POINT (-122.07663869496628 37.39328398372735),ios,1.1921386414759614,-0.05359229240433338,-0.15044476332863704
210,distance,0,-122.07665017817362,1.350000023841858,1564195525.9818401,186.328125,37.39326457962151,3.0,2019-07-26T19:45:25.981840-07:00,10.0,20.280391693115234,1564195526.114822,11.611443518135284,POINT (-122.07665017817362 37.39326457962151),ios,1.0849564077085645,-0.35447521919749353,0.566118713885627
211,distance,0,-122.07665696751519,1.350000023841858,1564195526.9818187,225.0,37.39325644917543,3.0,2019-07-26T19:45:26.981819-07:00,10.0,20.22921371459961,1564195527.123516,11.611721289952596,POINT (-122.07665696751519 37.39325644917543),ios,0.7304887947240989,0.2116313470983903,-0.09133336011139742
212,distance,0,-122.07666803162738,0.6000000238418579,1564195528.9817743,225.0,37.39324668425824,3.0,2019-07-26T19:45:28.981774-07:00,10.0,20.048091888427734,1564195529.1141949,11.612276833189858,POINT (-122.07666803162738 37.39324668425824),ios,1.1537421039476967,0.02896867713160472,-0.05916628076250788
213,distance,0,-122.07668219704374,1.340000033378601,1564195530.981731,224.6484375,37.39322924989964,3.0,2019-07-26T19:45:30.981731-07:00,10.0,21.18026351928711,1564195531.1341271,11.61283237669203,POINT (-122.07668219704374 37.39322924989964),ios,1.2116782011968132,-0.08936131703942364,0.1477859047399634
214,distance,0,-122.07668907020434,1.340000033378601,1564195531.981708,224.296875,37.39321982025857,3.0,2019-07-26T19:45:31.981708-07:00,10.0,21.16830062866211,1564195532.167356,11.613110148111979,POINT (-122.07668907020434 37.39321982025857),ios,1.1223189294756202,0.0584212051496195,0.015230991344350816
215,distance,0,-122.0766977035646,0.8299999833106995,1564195533.981665,202.1484375,37.39320083524789,3.0,2019-07-26T19:45:33.981665-07:00,10.0,21.41079330444336,1564195534.124342,11.613665691680378,POINT (-122.0766977035646 37.39320083524789),ios,1.2391588186800286,0.08888253056373319,-0.2516198020581865
216,distance,0,-122.07670248124941,0.8600000143051147,1564195534.9816422,202.1484375,37.393190357868924,3.0,2019-07-26T19:45:34.981642-07:00,10.0,21.57448959350586,1564195535.126349,11.613943463166555,POINT (-122.07670248124941 37.393190357868924),ios,1.3280393360753306,-0.1627315723650637,0.05172089016029971
217,distance,0,-122.0767085162197,1.309999942779541,1564195535.981621,213.3984375,37.393179419485286,3.0,2019-07-26T19:45:35.981621-07:00,10.0,21.526424407958984,1564195536.131815,11.614221235050096,POINT (-122.0767085162197 37.393179419485286),ios,1.16531121675276,-0.11101177968344561,0.27591946613738083
218,distance,0,-122.07671404827579,1.309999942779541,1564195536.9815984,213.046875,37.393169906025186,3.0,2019-07-26T19:45:36.981598-07:00,10.0,21.521053314208984,1564195537.1324182,11.614499006536272,POINT (-122.07671404827579 37.393169906025186),ios,1.054301951460038,0.16490143694286424,-0.06325850307974999
219,distance,0,-122.07671874214157,0.9300000071525574,1564195537.9815772,213.046875,37.39316118884589,3.0,2019-07-26T19:45:37.981577-07:00,10.0,21.536373138427734,1564195538.1226568,11.614776778419813,POINT (-122.07671874214157 37.39316118884589),ios,1.2191998893175027,0.10164427616132966,0.11834477251002994
220,distance,0,-122.0767238551025,0.8999999761581421,1564195538.9815545,212.6953125,37.393151004833534,3.0,2019-07-26T19:45:38.981555-07:00,10.0,21.572200775146484,1564195539.1460118,11.615054549905988,POINT (-122.0767238551025 37.393151004833534),ios,1.3208418632598622,0.21998636819007153,-0.27874103939328737
221,distance,0,-122.0767288842444,1.090000033378601,1564195539.988471,205.6640625,37.39313973117377,3.0,2019-07-26T19:45:39.988471-07:00,10.0,21.816341400146484,1564195540.1257281,11.61533424894015,POINT (-122.0767288842444 37.39313973117377),ios,1.542349772220749,-0.06068259000757511,-0.1463686963867553
222,distance,0,-122.07673517067178,1.340000033378601,1564195540.9891272,205.6640625,37.39312678113337,3.0,2019-07-26T19:45:40.989127-07:00,10.0,21.968563079833984,1564195541.125937,11.615612208975685,POINT (-122.07673517067178 37.39312678113337),ios,1.4816273666710242,-0.20714732298406172,0.10563384483124783
223,distance,0,-122.07674145709916,1.1200000047683716,1564195541.989835,206.015625,37.39311441782619,3.0,2019-07-26T19:45:41.989835-07:00,10.0,21.982112884521484,1564195542.130852,11.615890183382565,POINT (-122.07674145709916 37.39311441782619),ios,1.2743334113966136,-0.10143870367645166,0.2539632746636058
224,distance,0,-122.07674732443138,1.1200000047683716,1564195542.990465,208.125,37.393103940447226,3.0,2019-07-26T19:45:42.990465-07:00,10.0,22.06875228881836,1564195543.129947,11.616168136133089,POINT (-122.07674732443138 37.393103940447226),ios,1.1728308112894041,0.15268454293283595,-0.11106078553701768
225,distance,0,-122.07675369467779,0.8600000143051147,1564195543.9911346,208.4765625,37.39309467844422,3.0,2019-07-26T19:45:43.991135-07:00,10.0,22.093196868896484,1564195544.151236,11.616446099943586,POINT (-122.07675369467779 37.39309467844422),ios,1.3256176097767012,0.04154937801211755,-0.05187942342913402
226,distance,0,-122.07676861446544,1.1100000143051147,1564195545.992259,208.4765625,37.39307397514339,3.0,2019-07-26T19:45:45.992259-07:00,10.0,22.029293060302734,1564195546.11023,11.617001967827479,POINT (-122.07676861446544 37.39307397514339),ios,1.4087630831744755,-0.06226780113701253,-0.060486591398623266
227,distance,0,-122.07677649345442,1.2300000190734863,1564195546.992764,208.4765625,37.39306295294072,3.0,2019-07-26T19:45:46.992764-07:00,10.0,21.947139739990234,1564195547.102803,11.617279885874854,POINT (-122.07677649345442 37.39306295294072),ios,1.346463838631642,-0.12278493648299448,0.0406979045841812
228,distance,0,-122.07678386952921,1.2200000286102295,1564195547.993238,202.1484375,37.393052349833205,3.0,2019-07-26T19:45:47.993238-07:00,10.0,22.077083587646484,1564195548.140864,11.617557795312669,POINT (-122.07678386952921 37.393052349833205),ios,1.223620705018986,-0.08206774206328553,0.2728811064029917
229,distance,0,-122.07679065887078,1.2200000286102295,1564195548.993689,202.1484375,37.393042752554074,3.0,2019-07-26T19:45:48.993689-07:00,10.0,21.898006439208984,1564195549.115561,11.617835698392657,POINT (-122.07679065887078 37.393042752554074),ios,1.1415159431860358,0.19093645771904025,-0.24919847779319962
230,distance,0,-122.07679686147912,1.1200000047683716,1564195549.9940944,202.5,37.393033742008164,3.0,2019-07-26T19:45:49.994094-07:00,10.0,22.08199691772461,1564195550.1299272,11.618113588756986,POINT (-122.07679686147912 37.393033742008164),ios,1.3325297896632877,-0.05836302310404189,-0.008932249930261857
231,distance,0,-122.07680390227779,1.1200000047683716,1564195550.9944673,204.9609375,37.39302313890065,3.0,2019-07-26T19:45:50.994467-07:00,10.0,22.063472747802734,1564195551.129383,11.61839147011439,POINT (-122.07680390227779 37.39302313890065),ios,1.2741450037666264,-0.06729860375112612,0.1631394105466455
232,distance,0,-122.0768105239813,0.9700000286102295,1564195551.9948096,204.9609375,37.3930129548883,3.0,2019-07-26T19:45:51.994810-07:00,10.0,22.15230941772461,1564195552.1243649,11.61866934299469,POINT (-122.0768105239813 37.3930129548883),ios,1.2068233590544764,0.09589666068535305,-0.13928154129449785
233,distance,0,-122.07681806769415,1.1699999570846558,1564195552.995129,204.9609375,37.39300390243287,3.0,2019-07-26T19:45:52.995129-07:00,10.0,22.20510482788086,1564195553.0963569,11.618947209517161,POINT (-122.07681806769415 37.39300390243287),ios,1.3027506568909082,-0.04342937840075328,0.09574020915141787
234,distance,0,-122.07682737160667,1.1699999570846558,1564195553.995436,221.1328125,37.39299480806793,3.0,2019-07-26T19:45:53.995436-07:00,10.0,22.255916595458984,1564195554.1032739,11.61922507252958,POINT (-122.07682737160667 37.39299480806793),ios,1.2593079524150774,0.05234020812750182,-0.12052698114715693
235,distance,0,-122.0768375137095,1.1699999570846558,1564195554.9957223,221.484375,37.39298684525992,3.0,2019-07-26T19:45:54.995722-07:00,10.0,22.28896713256836,1564195555.113626,11.619502929846446,POINT (-122.0768375137095 37.39298684525992),ios,1.3116631476751193,-0.06822128480143291,-0.021186607728894125
236,distance,0,-122.0768483263646,1.340000033378601,1564195555.9959898,221.484375,37.39297875672336,3.0,2019-07-26T19:45:55.995990-07:00,10.0,22.294246673583984,1564195556.1303658,11.619780781931347,POINT (-122.0768483263646 37.39297875672336),ios,1.2434236132948415,-0.08941356006750885,-0.013581174159637674
237,distance,0,-122.07685788173421,1.340000033378601,1564195556.9962358,218.3203125,37.39297054245825,3.0,2019-07-26T19:45:56.996236-07:00,10.0,22.260250091552734,1564195557.129331,11.620058628055784,POINT (-122.07685788173421 37.39297054245825),ios,1.1539880532020628,-0.10299807584752806,0.11326421520565808
238,distance,0,-122.07686626363738,1.100000023841858,1564195557.9964623,218.3203125,37.39296257965024,3.0,2019-07-26T19:45:57.996462-07:00,10.0,22.44137191772461,1564195558.1364431,11.620336468749576,POINT (-122.07686626363738 37.39296257965024),ios,1.0509666485323856,0.010291793436719794,0.0795894678232533
239,distance,0,-122.07687322061702,1.0800000429153442,1564195558.9966784,208.4765625,37.392954910208836,3.0,2019-07-26T19:45:58.996678-07:00,10.0,22.30599594116211,1564195559.135713,11.620614306529363,POINT (-122.07687322061702 37.392954910208836),ios,1.0612606650709249,0.08989845316066696,-0.0917565183337756
240,distance,0,-122.07688537437662,1.3300000429153442,1564195560.997094,207.421875,37.392938439769104,3.0,2019-07-26T19:46:00.997094-07:00,10.0,22.076534271240234,1564195561.152092,11.621169977519248,POINT (-122.07688537437662 37.392938439769104),ios,1.241094929915594,-0.09365271417444095,0.12940830044632387
241,distance,0,-122.07689157698496,1.059999942779541,1564195561.997232,207.421875,37.392928423394814,3.0,2019-07-26T19:46:01.997232-07:00,10.0,22.032833099365234,1564195562.127293,11.62144779364268,POINT (-122.07689157698496 37.392928423394814),ios,1.1474292875124155,0.03577345035754729,-0.1051110777992419
242,distance,0,-122.07689685758396,1.100000023841858,1564195562.9974008,196.171875,37.392918993753746,3.0,2019-07-26T19:46:02.997401-07:00,10.0,22.016048431396484,1564195563.130717,11.621725618309444,POINT (-122.07689685758396 37.392918993753746),ios,1.183208776441047,-0.06935537022883687,0.24906493506307653
243,distance,0,-122.07690138381167,1.1299999952316284,1564195563.99754,196.171875,37.392908977379456,3.0,2019-07-26T19:46:03.997540-07:00,10.0,22.213924407958984,1564195564.137237,11.622003434764014,POINT (-122.07690138381167 37.392908977379456),ios,1.1138437494166575,0.17974424375166598,-0.22162674044821648
244,distance,0,-122.07690482039197,1.1299999952316284,1564195564.9976776,196.171875,37.39289933819081,3.0,2019-07-26T19:46:04.997678-07:00,10.0,22.069210052490234,1564195565.1297312,11.622281250754993,POINT (-122.07690482039197 37.39289933819081),ios,1.2936127201381962,-0.04191298533763101,-0.13822565225214478
245,distance,0,-122.07690775405808,1.1299999952316284,1564195565.9978056,196.875,37.392887938802495,3.0,2019-07-26T19:46:05.997806-07:00,10.0,22.127986907958984,1564195566.1362638,11.622559064096874,POINT (-122.07690775405808 37.392887938802495),ios,1.251694368648487,-0.18015633472743187,0.17766753398353385
246,distance,0,-122.07691110681935,1.090000033378601,1564195566.9979205,196.875,37.392877000418856,3.0,2019-07-26T19:46:06.997921-07:00,10.0,22.09048080444336,1564195567.111645,11.62283687379625,POINT (-122.07691110681935 37.392877000418856),ios,1.0715173307594963,-0.0024683835897336753,0.09662220004903088
247,distance,0,-122.07691445958062,1.0199999809265137,1564195567.9980295,197.2265625,37.39286773841585,3.0,2019-07-26T19:46:07.998029-07:00,10.0,22.09139633178711,1564195568.1091762,11.623114681839944,POINT (-122.07691445958062 37.39286773841585),ios,1.0690486782213744,0.09416434415243113,0.015958132944137747
248,distance,0,-122.07691823143705,1.0199999809265137,1564195568.9981332,204.609375,37.392858602141395,3.0,2019-07-26T19:46:08.998133-07:00,10.0,22.00918197631836,1564195569.132433,11.623392488426632,POINT (-122.07691823143705 37.392858602141395),ios,1.1632227883539792,0.1101241321477599,-0.15296098285357623
249,distance,0,-122.07692309294089,1.0199999809265137,1564195569.9982257,204.609375,37.392848879133716,3.0,2019-07-26T19:46:09.998226-07:00,10.0,22.12893295288086,1564195570.13677,11.623670291900634,POINT (-122.07692309294089 37.392848879133716),ios,1.2733571076897143,-0.04285100057701003,-0.11881629805423553
250,distance,0,-122.07692879263504,1.159999966621399,1564195570.9983127,204.9609375,37.392838359845236,3.0,2019-07-26T19:46:10.998313-07:00,10.0,22.140377044677734,1564195571.14144,11.623948093851407,POINT (-122.07692879263504 37.392838359845236),ios,1.2305023780994495,-0.16167763835597457,0.17649180910667828
251,distance,0,-122.07693482760533,1.0800000429153442,1564195571.998391,213.3984375,37.39282838538046,3.0,2019-07-26T19:46:11.998391-07:00,10.0,22.06960678100586,1564195572.133654,11.624225893351767,POINT (-122.07693482760533 37.39282838538046),ios,1.0688120963429535,0.014827972638546585,-0.059728918511703234
252,distance,0,-122.0769413654898,1.0800000429153442,1564195572.9984634,213.75,37.3928202968439,3.0,2019-07-26T19:46:12.998463-07:00,10.0,22.06106185913086,1564195573.129077,11.62450369126267,POINT (-122.0769413654898 37.3928202968439),ios,1.083641143701807,-0.04490527498025703,0.18540883163195446
253,distance,0,-122.07694865774556,1.0299999713897705,1564195573.9985306,214.1015625,37.392812459764436,3.0,2019-07-26T19:46:13.998531-07:00,10.0,22.169002532958984,1564195574.134108,11.624781487716568,POINT (-122.07694865774556 37.392812459764436),ios,1.0387328495585268,0.14051602243637115,-0.082747243629715
254,distance,0,-122.07695544708713,0.9900000095367432,1564195574.998592,207.7734375,37.39280483223255,3.0,2019-07-26T19:46:14.998592-07:00,10.0,22.170833587646484,1564195575.129189,11.625059282514783,POINT (-122.07695544708713 37.39280483223255),ios,1.1792574819139134,0.0577637085872317,-0.15065206878020274
255,distance,0,-122.07696265552386,1.3300000429153442,1564195575.9986482,207.7734375,37.39279590550567,3.0,2019-07-26T19:46:15.998648-07:00,10.0,22.11056137084961,1564195576.143077,11.625337075922225,POINT (-122.07696265552386 37.39279590550567),ios,1.2370244406792978,-0.09289683690048486,0.17908089388649703
256,distance,0,-122.0769688581322,1.3300000429153442,1564195576.9986987,207.421875,37.3927859310409,3.0,2019-07-26T19:46:16.998699-07:00,10.0,22.44057846069336,1564195577.137988,11.625614867740207,POINT (-122.0769688581322 37.3927859310409),ios,1.1441229083324593,0.08619310858301227,-0.12743082514415247
257,distance,0,-122.0769743901883,1.1100000143051147,1564195577.9987445,203.90625,37.39277662712838,3.0,2019-07-26T19:46:17.998744-07:00,10.0,22.46993637084961,1564195578.133088,11.625892658233642,POINT (-122.0769743901883 37.39277662712838),ios,1.2303199625228591,-0.041243549881383006,0.08628792972906263
258,distance,0,-122.0769791678731,1.1100000143051147,1564195578.9987874,203.5546875,37.392766233568445,3.0,2019-07-26T19:46:18.998787-07:00,10.0,22.67300033569336,1564195579.134112,11.626170447932349,POINT (-122.0769791678731 37.392766233568445),ios,1.1890746426603354,0.04504808292388756,0.0033196863385361263
259,distance,0,-122.07698327500566,1.0099999904632568,1564195579.998825,203.5546875,37.39275604955609,3.0,2019-07-26T19:46:19.998825-07:00,10.0,22.80074691772461,1564195580.134039,11.626448236174054,POINT (-122.07698327500566 37.39275604955609),ios,1.2341244225516106,0.04836789431545787,-0.15701246537469327
260,distance,0,-122.07698704686209,1.3300000429153442,1564195580.9988594,197.578125,37.39274536262955,3.0,2019-07-26T19:46:20.998859-07:00,10.0,22.81264877319336,1564195581.135449,11.626726023488574,POINT (-122.07698704686209 37.39274536262955),ios,1.2824939774469362,-0.1086499616544364,0.016860303538857
261,distance,0,-122.07699056726142,1.159999966621399,1564195581.9988897,197.578125,37.39273417278881,3.0,2019-07-26T19:46:21.998890-07:00,10.0,22.764095306396484,1564195582.138855,11.62700380967723,POINT (-122.07699056726142 37.39273417278881),ios,1.1738407259629762,-0.09178914759975855,0.08133603350029743
262,distance,0,-122.07699425529881,1.1699999570846558,1564195582.9989164,202.5,37.392724030685976,3.0,2019-07-26T19:46:22.998916-07:00,10.0,22.72414779663086,1564195583.1182141,11.627281594872475,POINT (-122.07699425529881 37.392724030685976),ios,1.082049127328545,-0.010450942193048979,0.1114230848334046
263,distance,0,-122.07699861388846,1.0099999904632568,1564195583.9989405,202.8515625,37.392714936321035,3.0,2019-07-26T19:46:23.998940-07:00,10.0,22.65279769897461,1564195584.138417,11.627559379339218,POINT (-122.07699861388846 37.392714936321035),ios,1.0715979334739185,0.10097482573904569,-0.0782467570250232
264,distance,0,-122.07700707961067,1.0099999904632568,1564195585.99898,198.984375,37.3926968733197,3.0,2019-07-26T19:46:25.998980-07:00,10.0,22.52566146850586,1564195586.133729,11.62811494588852,POINT (-122.07700707961067 37.3926968733197),ios,1.2735515812815732,-0.05552178512078515,-0.03497124350713649
265,distance,0,-122.07701135438128,1.2200000286102295,1564195586.9989963,198.984375,37.39268593493606,3.0,2019-07-26T19:46:26.998996-07:00,10.0,22.544857025146484,1564195587.133177,11.628392728169759,POINT (-122.07701135438128 37.39268593493606),ios,1.21802889601588,-0.09049359559792632,0.1008763285449896
266,distance,0,-122.0770153776948,1.149999976158142,1564195587.9990087,199.3359375,37.3926754575571,3.0,2019-07-26T19:46:27.999009-07:00,10.0,22.571468353271484,1564195588.132506,11.62867050939136,POINT (-122.0770153776948 37.3926754575571),ios,1.1275341784995208,0.010383983588190954,0.1216940471727576
267,distance,0,-122.07702007156058,1.149999976158142,1564195588.999021,200.0390625,37.39266602791603,3.0,2019-07-26T19:46:28.999021-07:00,10.0,22.55416488647461,1564195589.130209,11.628948290612962,POINT (-122.07702007156058 37.39266602791603),ios,1.1379182908259116,0.13207953949528278,-0.1557526845130184
268,distance,0,-122.07702543597861,1.1399999856948853,1564195589.99903,200.390625,37.39265672400351,3.0,2019-07-26T19:46:29.999030-07:00,10.0,22.547481536865234,1564195590.13351,11.62922607090738,POINT (-122.07702543597861 37.39265672400351),ios,1.2699990269494075,-0.023674556122417475,-0.20190162560613104
269,distance,0,-122.07703314732953,1.1399999856948853,1564195590.9990358,200.390625,37.39264708481486,3.0,2019-07-26T19:46:30.999036-07:00,10.0,22.43813705444336,1564195591.136034,11.629503850274617,POINT (-122.07703314732953 37.39264708481486),ios,1.2463243353600932,-0.2255773370189172,0.2633951113079916
270,distance,0,-122.07704069104238,1.0700000524520874,1564195591.9990427,208.828125,37.39263761326428,3.0,2019-07-26T19:46:31.999043-07:00,10.0,22.455562591552734,1564195592.137491,11.629781629972987,POINT (-122.07704069104238 37.39263761326428),ios,1.0207454386681591,0.03781959543943165,-0.08795227707596687
271,distance,0,-122.07704605546041,1.0700000524520874,1564195592.9990444,208.828125,37.3926294828182,3.0,2019-07-26T19:46:32.999044-07:00,10.0,22.476924896240234,1564195593.132031,11.630059408214358,POINT (-122.07704605546041 37.3926294828182),ios,1.0585650972258502,-0.05013282842273371,0.20637263070637865
272,distance,0,-122.07705074932619,1.0700000524520874,1564195593.999046,209.1796875,37.39262072372939,3.0,2019-07-26T19:46:33.999046-07:00,10.0,22.623836517333984,1564195594.1348948,11.630337186455726,POINT (-122.07705074932619 37.39262072372939),ios,1.0084321851349325,0.15624014670513056,-0.06664020732467132
273,distance,0,-122.07705510791584,0.9200000166893005,1564195594.9990468,208.828125,37.392612341826215,3.0,2019-07-26T19:46:34.999047-07:00,10.0,22.529842376708984,1564195595.139564,11.630614964432187,POINT (-122.07705510791584 37.392612341826215),ios,1.1646724435917244,0.08959989171566861,-0.1975979987835435
274,distance,0,-122.07705913122936,1.340000033378601,1564195595.9990454,208.828125,37.39260236736144,3.0,2019-07-26T19:46:35.999045-07:00,10.0,22.66360092163086,1564195596.142579,11.6308927418126,POINT (-122.07705913122936 37.39260236736144),ios,1.2542722071337198,-0.10799782440167029,0.19306484606366076
275,distance,0,-122.0770621487145,1.340000033378601,1564195596.9990425,195.1171875,37.39259134515877,3.0,2019-07-26T19:46:36.999043-07:00,10.0,22.66872787475586,1564195597.137572,11.63117051879565,POINT (-122.0770621487145 37.39259134515877),ios,1.1462746917163036,0.0850664692990352,-0.08134409863133989
276,distance,0,-122.07706416037126,1.0399999618530273,1564195597.9990392,195.46875,37.39258116114642,3.0,2019-07-26T19:46:37.999039-07:00,10.0,22.652034759521484,1564195598.1406078,11.631448295646244,POINT (-122.07706416037126 37.39258116114642),ios,1.2313408770753644,0.0037226421829171107,0.05341547160693102
277,distance,0,-122.07706835132285,1.0399999618530273,1564195598.9990332,195.46875,37.39257059994842,3.0,2019-07-26T19:46:38.999033-07:00,10.0,22.829158782958984,1564195599.143281,11.631726071768338,POINT (-122.07706835132285 37.39257059994842),ios,1.235063497069605,0.05713779540882707,-0.19318565624998046
278,distance,0,-122.07707405101701,1.1699999570846558,1564195599.9990277,195.46875,37.39256045784558,3.0,2019-07-26T19:46:39.999028-07:00,10.0,22.904598236083984,1564195600.143183,11.632003848022885,POINT (-122.07707405101701 37.39256045784558),ios,1.2922009791560563,-0.13604680148301107,-0.18033406620038975
279,distance,0,-122.07707991834923,1.350000023841858,1564195600.9990199,195.46875,37.392549812828555,3.0,2019-07-26T19:46:40.999020-07:00,10.0,22.82680892944336,1564195601.142613,11.632281623615158,POINT (-122.07707991834923 37.392549812828555),ios,1.1561552480638535,-0.31637944884867053,0.4098724268373576
280,distance,0,-122.07708519894823,1.350000023841858,1564195601.9990115,195.46875,37.392540299368456,3.0,2019-07-26T19:46:41.999012-07:00,10.0,22.81978988647461,1564195602.130248,11.632559399074978,POINT (-122.07708519894823 37.392540299368456),ios,0.8397784392910358,0.09348955774663034,0.06863648552887942
281,distance,0,-122.0770901442711,0.9399999976158142,1564195603.998993,195.46875,37.39252571485694,3.0,2019-07-26T19:46:43.998993-07:00,10.0,22.78097152709961,1564195604.140805,11.633114949464797,POINT (-122.0770901442711 37.39252571485694),ios,1.02675581619179,0.23076125239574755,-0.1751172913084167
282,distance,0,-122.07709215592786,0.9399999976158142,1564195604.998982,195.46875,37.392516620491996,3.0,2019-07-26T19:46:44.998982-07:00,10.0,22.84450912475586,1564195605.1397882,11.633392724196115,POINT (-122.07709215592786 37.392516620491996),ios,1.2575145377701218,0.055645881643256276,-0.2656486642010447
283,distance,0,-122.07709534105106,1.350000023841858,1564195605.99897,195.46875,37.392505598289326,3.0,2019-07-26T19:46:45.998970-07:00,10.0,22.788448333740234,1564195606.142982,11.633670498662525,POINT (-122.07709534105106 37.392505598289326),ios,1.3131597560627764,-0.2099996157789355,0.08722923541735014
284,distance,0,-122.07710053783103,1.350000023841858,1564195606.998958,202.8515625,37.39249453417714,3.0,2019-07-26T19:46:46.998958-07:00,10.0,22.674739837646484,1564195607.126818,11.633948273128933,POINT (-122.07710053783103 37.39249453417714),ios,1.1031626436743411,-0.12277142021510358,0.0996134538100955
285,distance,0,-122.07710598606809,1.0499999523162842,1564195607.9989445,203.203125,37.39248560745026,3.0,2019-07-26T19:46:47.998945-07:00,10.0,22.66164779663086,1564195608.12647,11.634226047131751,POINT (-122.07710598606809 37.39248560745026),ios,0.9803928919055286,-0.023159320137800733,0.00024041270781832182
286,distance,0,-122.07711562525674,0.9300000071525574,1564195609.9989173,203.203125,37.39246972374375,3.0,2019-07-26T19:46:49.998917-07:00,10.0,22.58565902709961,1564195610.133342,11.634781595137385,POINT (-122.07711562525674 37.39246972374375),ios,0.934074881093718,-0.022678501256513696,0.05952062887531341
287,distance,0,-122.0771226660554,0.8100000023841858,1564195611.9988866,215.15625,37.39245388194676,3.0,2019-07-26T19:46:51.998887-07:00,10.0,22.730892181396484,1564195612.1268969,11.635337142149607,POINT (-122.0771226660554 37.39245388194676),ios,0.8887185760806005,0.0963609258778476,0.009328066566788393
288,distance,0,-122.07713188614889,0.8100000023841858,1564195613.9988556,214.8046875,37.39243967462088,3.0,2019-07-26T19:46:53.998856-07:00,10.0,22.745479583740234,1564195614.11967,11.635892689095604,POINT (-122.07713188614889 37.39243967462088),ios,1.081437441185742,0.11501676989345543,-0.18947061594657041
289,distance,0,-122.07714714121266,1.3600000143051147,1564195615.998821,213.3984375,37.392424461466625,3.0,2019-07-26T19:46:55.998821-07:00,10.0,22.48196029663086,1564195616.127703,11.636448235048189,POINT (-122.07714714121266 37.392424461466625),ios,1.3114670047630994,-0.26391791186900526,0.2815072343110545
290,distance,0,-122.07715652894422,1.3600000143051147,1564195616.9988036,213.3984375,37.39241532519217,3.0,2019-07-26T19:46:56.998804-07:00,10.0,22.52578353881836,1564195617.137924,11.636726007991367,POINT (-122.07715652894422 37.39241532519217),ios,1.047553686268243,0.01758442293354801,0.2109677622950869
291,distance,0,-122.0771644079332,0.9800000190734863,1564195617.9988332,220.4296875,37.392408284393504,3.0,2019-07-26T19:46:57.998833-07:00,10.0,22.457393646240234,1564195618.134671,11.63700379398134,POINT (-122.0771644079332 37.392408284393504),ios,1.0651386290659792,0.22855842225926612,-0.029282040145393786
292,distance,0,-122.07717170018896,0.8999999761581421,1564195618.9987683,219.7265625,37.39240065686162,3.0,2019-07-26T19:46:58.998768-07:00,10.0,22.386959075927734,1564195619.127602,11.63728155374527,POINT (-122.07717170018896 37.39240065686162),ios,1.293682229345042,0.1992782810498864,-0.1571099220847146
293,distance,0,-122.0771794953589,0.8999999761581421,1564195619.9987507,204.9609375,37.39239080812539,3.0,2019-07-26T19:46:59.998751-07:00,10.0,22.57955551147461,1564195620.134618,11.63755932662222,POINT (-122.0771794953589 37.39239080812539),ios,1.492956994533227,0.04217113085157637,-0.4217205248324216
294,distance,0,-122.07718678761466,1.3600000143051147,1564195620.9987311,204.9609375,37.39237869627531,3.0,2019-07-26T19:47:00.998731-07:00,10.0,22.46609115600586,1564195621.127053,11.637837098969353,POINT (-122.07718678761466 37.39237869627531),ios,1.5351273009255535,-0.37954114920816395,0.1872091315919143
295,distance,0,-122.07719407987042,1.3600000143051147,1564195621.9987125,207.0703125,37.39236616533007,3.0,2019-07-26T19:47:01.998713-07:00,10.0,22.565364837646484,1564195622.174841,11.638114871581395,POINT (-122.07719407987042 37.39236616533007),ios,1.155593209910987,-0.19233549907879127,0.3655869858178611
296,distance,0,-122.0772001148407,1.159999966621399,1564195622.998693,207.0703125,37.39235694523658,3.0,2019-07-26T19:47:02.998693-07:00,10.0,22.523372650146484,1564195623.135318,11.638392643928528,POINT (-122.0772001148407 37.39235694523658),ios,0.9632614710534205,0.17324433939523468,-0.04933304557812136
297,distance,0,-122.0772109274958,0.7699999809265137,1564195624.9986544,207.0703125,37.392341899720385,3.0,2019-07-26T19:47:04.998654-07:00,10.0,22.547725677490234,1564195625.125524,11.638948188755247,POINT (-122.0772109274958 37.392341899720385),ios,1.3097434584874736,0.07458015366916193,-0.15499930822012914
298,distance,0,-122.07721855502768,1.3600000143051147,1564195625.9986463,207.421875,37.392331799527064,3.0,2019-07-26T19:47:05.998646-07:00,10.0,22.69448471069336,1564195626.133597,11.639225964281295,POINT (-122.07721855502768 37.392331799527064),ios,1.3843230075926305,-0.08041789809066309,0.21687945751953877
299,distance,0,-122.07722542818829,1.3600000143051147,1564195626.9987795,200.7421875,37.39232060968633,3.0,2019-07-26T19:47:06.998780-07:00,10.0,22.76754379272461,1564195627.133939,11.63950377908018,POINT (-122.07722542818829 37.39232060968633),ios,1.30389439172733,0.13649046425235856,-0.3368994724730406
300,distance,0,-122.07723204989179,1.1799999475479126,1564195627.9985936,201.09375,37.392310132307365,3.0,2019-07-26T19:47:07.998594-07:00,10.0,22.90340805053711,1564195628.126363,11.639781505200599,POINT (-122.07723204989179 37.392310132307365),ios,1.4403594733269012,-0.2003463562077309,0.20229308549613673
301,distance,0,-122.07723959360465,1.1799999475479126,1564195628.9985735,201.09375,37.39229864910002,3.0,2019-07-26T19:47:08.998574-07:00,10.0,22.96957015991211,1564195629.1395888,11.640059277415276,POINT (-122.07723959360465 37.39229864910002),ios,1.2400171294878306,0.0019426779322853278,0.12774631952032606
302,distance,0,-122.07724646676525,1.1799999475479126,1564195629.9985526,201.09375,37.39228892609234,3.0,2019-07-26T19:47:09.998553-07:00,10.0,22.89272689819336,1564195630.139431,11.640337049365044,POINT (-122.07724646676525 37.39228892609234),ios,1.2419597666611109,0.12968631722816468,-0.3317036628840573
303,distance,0,-122.07725199882134,1.3600000143051147,1564195630.9985318,201.09375,37.392278658260956,3.0,2019-07-26T19:47:10.998532-07:00,10.0,22.76491928100586,1564195631.129675,11.640614821381039,POINT (-122.07725199882134 37.392278658260956),ios,1.3716433938816845,-0.20201046532040168,0.16635346400086787
304,distance,0,-122.07725694414421,1.3600000143051147,1564195631.998511,201.09375,37.39226696550603,3.0,2019-07-26T19:47:11.998511-07:00,10.0,22.83016586303711,1564195632.135828,11.640892593397034,POINT (-122.07725694414421 37.39226696550603),ios,1.169637118746468,-0.03566045189235069,-0.1646519670535156
305,distance,0,-122.07726004544838,1.190000057220459,1564195632.9984908,201.09375,37.39225673958416,3.0,2019-07-26T19:47:12.998491-07:00,10.0,22.838741302490234,1564195633.1241112,11.641170365545484,POINT (-122.07726004544838 37.39225673958416),ios,1.1339773895338303,-0.20030908217838364,0.3502873341064041
306,distance,0,-122.07726356584772,1.190000057220459,1564195633.9984689,201.09375,37.39224693275745,3.0,2019-07-26T19:47:13.998469-07:00,10.0,22.92013168334961,1564195634.13165,11.641448137230343,POINT (-122.07726356584772 37.39224693275745),ios,0.9336727010368681,0.1499705685472408,-0.17185533645820938
307,distance,0,-122.07727027137025,1.3700000047683716,1564195635.9984264,198.6328125,37.392231007141426,3.0,2019-07-26T19:47:15.998426-07:00,10.0,22.88454818725586,1564195636.1348782,11.642003680997425,POINT (-122.07727027137025 37.392231007141426),ios,1.2336074736043146,-0.19373281108526494,0.08836827489296341
308,distance,0,-122.0772743785028,1.3700000047683716,1564195636.998405,198.984375,37.392220404033914,3.0,2019-07-26T19:47:16.998405-07:00,10.0,22.84951400756836,1564195637.1336498,11.642281452814737,POINT (-122.0772743785028 37.392220404033914),ios,1.0398788195741886,-0.10536643236976992,0.06659272982102904
309,distance,0,-122.07728007819696,0.949999988079071,1564195638.998361,199.3359375,37.39220225721355,3.0,2019-07-26T19:47:18.998361-07:00,10.0,22.62838363647461,1564195639.129925,11.642836996184455,POINT (-122.07728007819696 37.39220225721355),ios,0.8291505771566254,0.02781610591458801,0.03553365600660668
310,distance,0,-122.077285442615,0.6499999761581421,1564195640.9983175,199.3359375,37.39218796606864,3.0,2019-07-26T19:47:20.998317-07:00,10.0,22.601924896240234,1564195641.136323,11.6433925396204,POINT (-122.077285442615 37.39218796606864),ios,0.8847815753524114,0.09888186757307046,0.01981183299142742
311,distance,0,-122.07729700964137,0.6499999761581421,1564195642.9982738,205.6640625,37.392174974118724,3.0,2019-07-26T19:47:22.998274-07:00,10.0,22.210567474365234,1564195643.133181,11.643948083056344,POINT (-122.07729700964137 37.392174974118724),ios,1.0825409962233434,0.13850466915376528,-0.006312906351805072
312,distance,0,-122.07730622973486,0.8600000143051147,1564195643.9982524,206.71875,37.3921685619628,3.0,2019-07-26T19:47:23.998252-07:00,10.0,22.05843734741211,1564195644.130457,11.644225854873657,POINT (-122.07730622973486 37.3921685619628),ios,1.221042693389331,0.13219189826223482,-0.2733979967664597
313,distance,0,-122.0773163718377,0.8700000047683716,1564195644.998231,206.3671875,37.392161102068975,3.0,2019-07-26T19:47:24.998231-07:00,10.0,22.05276107788086,1564195645.132146,11.644503626690971,POINT (-122.0773163718377 37.392161102068975),ios,1.3532317551211561,-0.14120023201965226,0.11590135069872883
314,distance,0,-122.0773264301215,1.3799999952316284,1564195645.9982076,206.3671875,37.392151923885,3.0,2019-07-26T19:47:25.998208-07:00,10.0,21.691524505615234,1564195646.139103,11.644781397978464,POINT (-122.0773264301215 37.392151923885),ios,1.2120348222478552,-0.02530158935838769,0.40588176747657323
315,distance,0,-122.07733321946307,1.3799999952316284,1564195646.9981856,198.984375,37.39214245233442,3.0,2019-07-26T19:47:26.998186-07:00,10.0,21.70528793334961,1564195647.131758,11.645059169663323,POINT (-122.07733321946307 37.39214245233442),ios,1.186733787867414,0.3805712753007913,-0.5517183601870519
316,distance,0,-122.07733799714788,1.190000057220459,1564195647.9981642,198.6328125,37.392132477869644,3.0,2019-07-26T19:47:27.998164-07:00,10.0,21.752071380615234,1564195648.120986,11.645336941480636,POINT (-122.07733799714788 37.392132477869644),ios,1.567296896994562,-0.17113524629458557,-0.11746991004434106
317,distance,0,-122.07734512176557,1.190000057220459,1564195648.9981413,198.984375,37.39211956973876,3.0,2019-07-26T19:47:28.998141-07:00,10.0,21.904476165771484,1564195649.132781,11.645614712900585,POINT (-122.07734512176557 37.39211956973876),ios,1.396165567674913,-0.2886024676660588,0.28026080695596484
318,distance,0,-122.07735207874521,1.190000057220459,1564195649.9981189,198.984375,37.392108296078995,3.0,2019-07-26T19:47:29.998119-07:00,10.0,21.899837493896484,1564195650.134587,11.64589248445299,POINT (-122.07735207874521 37.392108296078995),ios,1.1075695679787392,-0.008347941732130933,0.2581613805234614
319,distance,0,-122.07735719170614,0.7900000214576721,1564195650.998096,198.984375,37.39209920171405,3.0,2019-07-26T19:47:30.998096-07:00,10.0,22.19234848022461,1564195651.130523,11.646170255872939,POINT (-122.07735719170614 37.39209920171405),ios,1.0992218173158312,0.2498075299462562,-0.07455936355303844
320,distance,0,-122.07736305903836,0.800000011920929,1564195651.998074,198.984375,37.392090484534755,3.0,2019-07-26T19:47:31.998074-07:00,10.0,22.24093246459961,1564195652.151332,11.646448027557797,POINT (-122.07736305903836 37.392090484534755),ios,1.3490238678565043,0.17524980181626934,-0.4214780745083537
321,distance,0,-122.07737102184637,0.800000011920929,1564195652.9980521,198.984375,37.39208013288434,3.0,2019-07-26T19:47:32.998052-07:00,10.0,22.217891693115234,1564195653.1379662,11.646725799242656,POINT (-122.07737102184637 37.39208013288434),ios,1.5242698256543699,-0.24621902777734883,0.09151670514239008
322,distance,0,-122.07737948756858,1.2100000381469727,1564195653.99803,198.6328125,37.39206818867232,3.0,2019-07-26T19:47:33.998030-07:00,10.0,22.07052230834961,1564195654.116888,11.647003570861287,POINT (-122.07737948756858 37.39206818867232),ios,1.2780562572737608,-0.15470435182825953,0.363676905769721
323,distance,0,-122.07738577399596,1.2100000381469727,1564195654.9980073,198.6328125,37.3920578370219,3.0,2019-07-26T19:47:34.998007-07:00,10.0,21.776424407958984,1564195655.113851,11.647281342347464,POINT (-122.07738577399596 37.3920578370219),ios,1.123355409462717,0.20896431674500457,-0.2931343338824002
324,distance,0,-122.07739097077592,0.8899999856948853,1564195655.9979844,198.6328125,37.39204861692841,3.0,2019-07-26T19:47:35.997984-07:00,10.0,22.033748626708984,1564195656.135068,11.647559113767413,POINT (-122.07739097077592 37.39204861692841),ios,1.3323149433940753,-0.08416330782494406,0.1311750391646731
325,distance,0,-122.0773970057462,1.1699999570846558,1564195656.997961,198.6328125,37.39203763663526,3.0,2019-07-26T19:47:36.997961-07:00,10.0,22.08193588256836,1564195657.1317558,11.647836885054906,POINT (-122.0773970057462 37.39203763663526),ios,1.2481536020465651,0.047008666432216795,-0.07209141430356826
326,distance,0,-122.07740387890681,1.0099999904632568,1564195657.9979396,210.5859375,37.39202782980855,3.0,2019-07-26T19:47:37.997940-07:00,10.0,21.947750091552734,1564195658.14029,11.64811465687222,POINT (-122.07740387890681 37.39202782980855),ios,1.2951612597822308,-0.025081200957420738,-0.10883495347687637
327,distance,0,-122.07741108734353,1.1699999570846558,1564195658.9979167,210.9375,37.39201768770571,3.0,2019-07-26T19:47:38.997917-07:00,10.0,21.93313217163086,1564195659.132341,11.64839242829217,POINT (-122.07741108734353 37.39201768770571),ios,1.2700806328879424,-0.13391366339990052,0.25254266142414594
328,distance,0,-122.07741863105639,1.0099999904632568,1564195659.9978938,215.859375,37.39200796469803,3.0,2019-07-26T19:47:39.997894-07:00,10.0,21.93081283569336,1564195660.1313028,11.648670199712118,POINT (-122.07741863105639 37.39200796469803),ios,1.1361700345285555,0.11862321778144547,-0.35031427371292334
329,distance,0,-122.0774252527599,1.0800000429153442,1564195660.997871,215.15625,37.39199920560922,3.0,2019-07-26T19:47:40.997871-07:00,10.0,21.807552337646484,1564195661.1314821,11.648947971132067,POINT (-122.0774252527599 37.39199920560922),ios,1.2547905372400139,-0.23168303787406566,0.35823951430393336
330,distance,0,-122.07743246119662,1.1299999952316284,1564195661.9978485,215.15625,37.39198948260154,3.0,2019-07-26T19:47:41.997849-07:00,10.0,21.917537689208984,1564195662.133142,11.64922574268447,POINT (-122.07743246119662 37.39198948260154),ios,1.0231126916947733,0.12654844780000574,-0.0750085113455061
331,distance,0,-122.07743807707175,1.0800000429153442,1564195662.997826,215.15625,37.39198143597449,3.0,2019-07-26T19:47:42.997826-07:00,10.0,21.969844818115234,1564195663.13091,11.649503514236875,POINT (-122.07743807707175 37.39198143597449),ios,1.1496583033736745,0.051541617496233025,-0.2785276456596401
332,distance,0,-122.07744436349913,1.1299999952316284,1564195663.9978032,209.1796875,37.39197238351907,3.0,2019-07-26T19:47:43.997803-07:00,10.0,21.92202377319336,1564195664.14028,11.649781285656823,POINT (-122.07744436349913 37.39197238351907),ios,1.2011987411759035,-0.22697965317151733,0.26642420238325026
333,distance,0,-122.0774509013836,0.8899999856948853,1564195664.9977796,208.828125,37.391962911968484,3.0,2019-07-26T19:47:44.997780-07:00,10.0,21.80080795288086,1564195665.134663,11.65005905687809,POINT (-122.0774509013836 37.391962911968484),ios,0.9742244455048592,0.03943826068423563,0.10685072963757641
334,distance,0,-122.07746255222901,0.8999999761581421,1564195666.9977357,208.828125,37.391948034090355,3.0,2019-07-26T19:47:46.997736-07:00,10.0,21.59939193725586,1564195667.1307712,11.650614600247806,POINT (-122.07746255222901 37.391948034090355),ios,1.0530992367555407,0.2531350325227474,-0.17596868987202552
335,distance,0,-122.07746892247542,0.8999999761581421,1564195667.9977121,208.828125,37.391940029372826,3.0,2019-07-26T19:47:47.997712-07:00,10.0,21.47414779663086,1564195668.137463,11.650892371469073,POINT (-122.07746892247542 37.391940029372826),ios,1.3062282944209054,0.07717049611701741,-0.20671617113443183
336,distance,0,-122.07747638236924,0.9399999976158142,1564195668.9976892,208.4765625,37.39192988726999,3.0,2019-07-26T19:47:48.997689-07:00,10.0,21.50417709350586,1564195669.131009,11.651170142889022,POINT (-122.07747638236924 37.39192988726999),ios,1.3833970242454396,-0.12954094365973767,0.1128019473373175
337,distance,0,-122.07748384226306,1.149999976158142,1564195669.9976668,208.4765625,37.39191894888635,3.0,2019-07-26T19:47:49.997667-07:00,10.0,21.56466293334961,1564195670.14075,11.651447914441427,POINT (-122.07748384226306 37.39191894888635),ios,1.253858983772668,-0.016741524365940546,0.005107088409025787
338,distance,0,-122.07749004487141,1.1299999952316284,1564195670.997643,208.4765625,37.39190880678351,3.0,2019-07-26T19:47:50.997643-07:00,10.0,21.59597396850586,1564195671.1376,11.651725685596466,POINT (-122.07749004487141 37.39190880678351),ios,1.2371178585557725,-0.011634557719390941,0.15910278043180573
339,distance,0,-122.07749624747976,1.1299999952316284,1564195671.9976203,203.203125,37.39189883231874,3.0,2019-07-26T19:47:51.997620-07:00,10.0,21.680721282958984,1564195672.1372309,11.652003457082643,POINT (-122.07749624747976 37.39189883231874),ios,1.22548356435638,0.14746461907182482,-0.23671401877555698
340,distance,0,-122.07750236626907,1.1299999952316284,1564195672.9975982,203.203125,37.391888941672995,3.0,2019-07-26T19:47:52.997598-07:00,10.0,21.74422836303711,1564195673.139472,11.652281228701273,POINT (-122.07750236626907 37.391888941672995),ios,1.3729449137058447,-0.08924415106087125,-0.009706182510193796
341,distance,0,-122.07750882033451,1.2000000476837158,1564195673.9975753,203.203125,37.391877709922746,3.0,2019-07-26T19:47:53.997575-07:00,10.0,21.97060775756836,1564195674.128405,11.652559000121222,POINT (-122.07750882033451 37.391877709922746),ios,1.2837028052814876,-0.09895011141417775,0.13132430095786432
342,distance,0,-122.07751535821899,1.2000000476837158,1564195674.9975524,207.421875,37.391867400181845,3.0,2019-07-26T19:47:54.997552-07:00,10.0,22.00368881225586,1564195675.135998,11.652836771541171,POINT (-122.07751535821899 37.391867400181845),ios,1.1847549586556265,0.0323711837689759,0.008556703847657323
343,distance,0,-122.07752072263702,1.100000023841858,1564195675.997529,207.0703125,37.39185763526465,3.0,2019-07-26T19:47:55.997529-07:00,10.0,21.861324310302734,1564195676.151171,11.653114542828666,POINT (-122.07752072263702 37.39185763526465),ios,1.217125386071222,0.040927687689070257,0.02139014118461984
344,distance,0,-122.07752684142633,1.1100000143051147,1564195676.9975073,207.0703125,37.39184782843794,3.0,2019-07-26T19:47:56.997507-07:00,10.0,22.03853988647461,1564195677.135751,11.65339231457975,POINT (-122.07752684142633 37.39184782843794),ios,1.258052185789468,0.06231736479124691,-0.14042867961137803
345,distance,0,-122.07753304403468,1.1100000143051147,1564195677.9974837,207.0703125,37.391837644425586,3.0,2019-07-26T19:47:57.997484-07:00,10.0,22.025508880615234,1564195678.136548,11.653670085801018,POINT (-122.07753304403468 37.391837644425586),ios,1.3203680796765758,-0.07810800022031157,-0.22613109959463087
346,distance,0,-122.07753966573819,1.2400000095367432,1564195678.9974613,210.234375,37.39182699940856,3.0,2019-07-26T19:47:58.997461-07:00,10.0,21.855281829833984,1564195679.123273,11.653947857353423,POINT (-122.07753966573819 37.39182699940856),ios,1.2422618299617165,-0.30423403191252957,0.3464185906732041
347,distance,0,-122.07754620362266,1.2400000095367432,1564195679.9974382,210.5859375,37.391817108762815,3.0,2019-07-26T19:47:59.997438-07:00,10.0,21.75039291381836,1564195680.121152,11.654225628707144,POINT (-122.07754620362266 37.391817108762815),ios,0.9380348339486104,0.042176547275742715,-0.006938634197056422
348,distance,0,-122.07755844120129,0.8999999761581421,1564195681.9973912,217.96875,37.3918033205321,3.0,2019-07-26T19:48:01.997391-07:00,10.0,21.78664779663086,1564195682.141035,11.654781171215905,POINT (-122.07755844120129 37.3918033205321),ios,1.0223859475326187,0.028299604778593185,-0.21732895693402957
349,distance,0,-122.07757218752249,0.8999999761581421,1564195683.997346,217.265625,37.391788526473,3.0,2019-07-26T19:48:03.997346-07:00,10.0,21.612545013427734,1564195684.1334028,11.655336714188257,POINT (-122.07757218752249 37.391788526473),ios,1.0789838751310086,-0.4063484641898551,0.6117542242362957
350,distance,0,-122.07757755194052,0.8600000143051147,1564195684.9973226,216.9140625,37.3917798092937,3.0,2019-07-26T19:48:04.997323-07:00,10.0,21.637508392333984,1564195685.136351,11.655614485475752,POINT (-122.07757755194052 37.3917798092937),ios,0.6726449052814518,0.20539146639629616,-0.0009139967549026168
351,distance,0,-122.07758962188109,1.0700000524520874,1564195686.9972777,285.8203125,37.39177243321891,3.0,2019-07-26T19:48:06.997278-07:00,10.0,21.871150970458984,1564195687.132503,11.65617002858056,POINT (-122.07758962188109 37.39177243321891),ios,1.0834186318754275,0.20356351385428675,-0.1315571969013228
352,distance,0,-122.07760177564069,1.0,1564195687.9972546,286.5234375,37.3917737324139,3.0,2019-07-26T19:48:07.997255-07:00,10.0,22.073787689208984,1564195688.12035,11.65644779993428,POINT (-122.07760177564069 37.3917737324139),ios,1.2869774379973125,0.07200935942391964,-0.19604459905617785
353,distance,0,-122.07761468377157,1.0700000524520874,1564195688.997232,287.2265625,37.39177909683193,3.0,2019-07-26T19:48:08.997232-07:00,10.0,22.32967758178711,1564195689.119227,11.656725571420457,POINT (-122.07761468377157 37.39177909683193),ios,1.3589851664261623,-0.12403079926815719,0.1394503977457785
354,distance,0,-122.07762784335955,1.1799999475479126,1564195689.9972079,297.7734375,37.39178542516883,3.0,2019-07-26T19:48:09.997208-07:00,10.0,22.477596282958984,1564195690.1263719,11.65700334250927,POINT (-122.07762784335955 37.39178542516883),ios,1.2349573538539447,0.015416240473487042,0.03412615007312056
355,distance,0,-122.07763957802399,1.1100000143051147,1564195690.997186,298.125,37.39179146013911,3.0,2019-07-26T19:48:10.997186-07:00,10.0,22.421321868896484,1564195691.121661,11.657281114194129,POINT (-122.07763957802399 37.39179146013911),ios,1.250373256179762,0.049541642006252225,0.04846476258263409
356,distance,0,-122.07765131268843,1.149999976158142,1564195691.9971628,298.125,37.39179774656649,3.0,2019-07-26T19:48:11.997163-07:00,10.0,22.390316009521484,1564195692.129708,11.65755888554785,POINT (-122.07765131268843 37.39179774656649),ios,1.2999137524561686,0.09800528376360267,-0.18786459836588512
357,distance,0,-122.07766371790512,1.149999976158142,1564195692.9971395,297.7734375,37.39180403299387,3.0,2019-07-26T19:48:12.997139-07:00,10.0,22.440364837646484,1564195693.127705,11.657836656835345,POINT (-122.07766371790512 37.39180403299387),ios,1.3979167463242823,-0.08985492514204309,0.0373798815952056
358,distance,0,-122.07767729658826,1.2000000476837158,1564195693.9971163,297.7734375,37.39181048705931,3.0,2019-07-26T19:48:13.997116-07:00,10.0,22.42281723022461,1564195694.13305,11.658114428189066,POINT (-122.07767729658826 37.39181048705931),ios,1.3080638992213462,-0.05247590801648841,0.07713868079085803
359,distance,0,-122.07769003708108,1.2000000476837158,1564195694.9970942,298.125,37.39181648012008,3.0,2019-07-26T19:48:14.997094-07:00,10.0,22.652462005615234,1564195695.1256561,11.658392199807697,POINT (-122.07769003708108 37.39181648012008),ios,1.2555891547493805,0.024661062383965503,-0.12265755226883916
360,distance,0,-122.07770227465971,1.1799999475479126,1564195695.9970703,301.640625,37.39182222172375,3.0,2019-07-26T19:48:15.997070-07:00,10.0,22.819149017333984,1564195696.121803,11.658669970962736,POINT (-122.07770227465971 37.39182222172375),ios,1.2802496291678007,-0.09799356550094086,0.24997927913144427
361,distance,0,-122.07771467987641,1.1799999475479126,1564195696.997048,301.2890625,37.391828172875,3.0,2019-07-26T19:48:16.997048-07:00,10.0,22.78194808959961,1564195697.130873,11.65894774251514,POINT (-122.07771467987641 37.391828172875),ios,1.1822582598346048,0.15198011125827707,-0.28644368098446493
362,distance,0,-122.07772649835988,1.149999976158142,1564195697.9970255,300.9375,37.39183316010739,3.0,2019-07-26T19:48:17.997025-07:00,10.0,22.71255111694336,1564195698.131047,11.659225514067543,POINT (-122.07772649835988 37.39183316010739),ios,1.334234965013957,-0.13445715013761902,-0.02204809102873305
363,distance,0,-122.07774016086205,1.149999976158142,1564195698.9970016,295.6640625,37.39183827306832,3.0,2019-07-26T19:48:18.997002-07:00,10.0,22.76528549194336,1564195699.1227698,11.659503285222584,POINT (-122.07774016086205 37.39183827306832),ios,1.1997810205846067,-0.15650471549889858,0.2541601323090282
364,distance,0,-122.07775223080262,1.0399999618530273,1564195699.9969783,296.015625,37.391843218391195,3.0,2019-07-26T19:48:19.996978-07:00,10.0,22.77138900756836,1564195700.136652,11.659781056510077,POINT (-122.07775223080262 37.391843218391195),ios,1.0432799618216335,0.0976494783533639,-0.29611770791463216
365,distance,0,-122.07776304345771,1.0099999904632568,1564195700.9969568,295.6640625,37.39184699024762,3.0,2019-07-26T19:48:20.996957-07:00,10.0,22.67434310913086,1564195701.134069,11.66005882832739,POINT (-122.07776304345771 37.39184699024762),ios,1.1409273448445083,-0.19846187556458314,0.3960390288885929
366,distance,0,-122.07777494576021,1.0399999618530273,1564195701.9969325,295.6640625,37.39185097165163,3.0,2019-07-26T19:48:21.996933-07:00,10.0,22.696529388427734,1564195702.139344,11.660336599349975,POINT (-122.07777494576021 37.39185097165163),ios,0.9424702956137597,0.19756752217163098,-0.15759426244766134
367,distance,0,-122.07779305067106,1.0399999618530273,1564195703.9968877,307.265625,37.39185994028802,3.0,2019-07-26T19:48:23.996888-07:00,10.0,22.963497161865234,1564195704.137557,11.660892142454783,POINT (-122.07779305067106 37.39185994028802),ios,1.337596484448654,-0.11761393892446774,0.13812681396495888
368,distance,0,-122.07780528824969,1.1299999952316284,1564195704.9968636,307.265625,37.3918670229962,3.0,2019-07-26T19:48:24.996864-07:00,10.0,23.02285385131836,1564195705.134881,11.661169913543596,POINT (-122.07780528824969 37.3918670229962),ios,1.2199853777003546,0.020509548908620286,-0.040552987636838386
369,distance,0,-122.07781727437123,1.1299999952316284,1564195705.9968414,306.5625,37.39187247123326,3.0,2019-07-26T19:48:25.996841-07:00,10.0,23.01125717163086,1564195706.130641,11.661447685162226,POINT (-122.07781727437123 37.39187247123326),ios,1.2404944718522266,-0.020042539549748866,0.10253946657890456
370,distance,0,-122.07783035014018,1.149999976158142,1564195706.996818,283.0078125,37.3918765364563,3.0,2019-07-26T19:48:26.996818-07:00,10.0,22.97677230834961,1564195707.134376,11.661725456449721,POINT (-122.07783035014018 37.3918765364563),ios,1.2204524005968302,0.08249453119239118,-0.08042271489804492
371,distance,0,-122.07784384500428,1.1399999856948853,1564195707.9967952,283.0078125,37.39187888338919,3.0,2019-07-26T19:48:27.996795-07:00,10.0,23.10885238647461,1564195708.136771,11.66200322786967,POINT (-122.07784384500428 37.39187888338919),ios,1.302945043639246,0.0020736570242099574,-0.04807232019314784
372,distance,0,-122.07785834569677,1.149999976158142,1564195708.9967725,283.0078125,37.3918810207745,3.0,2019-07-26T19:48:28.996773-07:00,10.0,23.06350326538086,1564195709.129795,11.662280999355845,POINT (-122.07785834569677 37.3918810207745),ios,1.3050186536956117,-0.045997574342181796,-0.03199762898439996
373,distance,0,-122.07787276257022,1.1799999475479126,1564195709.9967492,286.875,37.391883577254966,3.0,2019-07-26T19:48:29.996749-07:00,10.0,23.070308685302734,1564195710.1320128,11.66255877064334,POINT (-122.07787276257022 37.391883577254966),ios,1.259022154087709,-0.07799445570131652,0.03282701355431061
374,distance,0,-122.07788634125336,1.2100000381469727,1564195710.996727,287.2265625,37.391887013835266,3.0,2019-07-26T19:48:30.996727-07:00,10.0,23.22011947631836,1564195711.116691,11.66283654226197,POINT (-122.07788634125336 37.391887013835266),ios,1.1810294277518318,-0.04516817001800919,0.2052102988313332
375,distance,0,-122.07789857883199,1.2100000381469727,1564195711.9967039,287.9296875,37.39189128860588,3.0,2019-07-26T19:48:31.996704-07:00,10.0,23.15023422241211,1564195712.1362638,11.663114313615694,POINT (-122.07789857883199 37.39189128860588),ios,1.1358623023201215,0.16003738299638118,-0.14017121433371155
376,distance,0,-122.07790914002999,1.0800000429153442,1564195712.99668,306.5625,37.39189711402859,3.0,2019-07-26T19:48:32.996680-07:00,10.0,23.42177963256836,1564195713.130085,11.663392084770733,POINT (-122.07790914002999 37.39189711402859),ios,1.295895869727957,0.019869510604844882,-0.05060064817840504
377,distance,0,-122.0779205394183,1.0800000429153442,1564195713.9966576,306.9140625,37.39190444819386,3.0,2019-07-26T19:48:33.996658-07:00,10.0,23.38589096069336,1564195714.1265259,11.663669856323136,POINT (-122.0779205394183 37.39190444819386),ios,1.3157649350303162,-0.03073000354490397,-0.012226062465256989
378,distance,0,-122.07793160353049,1.1200000047683716,1564195714.9966347,306.5625,37.39191236909236,3.0,2019-07-26T19:48:34.996635-07:00,10.0,23.453426361083984,1564195715.1334882,11.663947627743084,POINT (-122.07793160353049 37.39191236909236),ios,1.2850356348393752,-0.042955786177798626,-0.1148164479633684
379,distance,0,-122.07794266764267,1.2599999904632568,1564195715.9966116,301.640625,37.3919198708957,3.0,2019-07-26T19:48:35.996612-07:00,10.0,23.496334075927734,1564195716.124074,11.664225399096807,POINT (-122.07794266764267 37.3919198708957),ios,1.2420808420829546,-0.15776957882685208,0.35173123506260046
380,distance,0,-122.07795406703099,1.2599999904632568,1564195716.9965885,301.2890625,37.39192640878017,3.0,2019-07-26T19:48:36.996588-07:00,10.0,23.51052474975586,1564195717.126127,11.664503170450528,POINT (-122.07795406703099 37.39192640878017),ios,1.084314911930387,0.19395352188740334,-0.18955728139336098
381,distance,0,-122.07796479586705,1.159999966621399,1564195717.9965668,300.9375,37.391931144555464,3.0,2019-07-26T19:48:37.996567-07:00,10.0,23.47286605834961,1564195718.1356559,11.664780942201615,POINT (-122.07796479586705 37.391931144555464),ios,1.2782642257845882,0.004400353146011987,-0.0856191985219005
382,distance,0,-122.07797753635987,1.159999966621399,1564195718.996542,300.234375,37.391936592792526,3.0,2019-07-26T19:48:38.996542-07:00,10.0,23.700130462646484,1564195719.132699,11.665058713091744,POINT (-122.07797753635987 37.391936592792526),ios,1.282664469821502,-0.08121672240229236,0.1271861315097997
383,distance,0,-122.07798994157656,1.1100000143051147,1564195719.9965186,300.234375,37.39194258585329,3.0,2019-07-26T19:48:39.996519-07:00,10.0,23.706356048583984,1564195720.140897,11.665336484379239,POINT (-122.07798994157656 37.39194258585329),ios,1.201449645049614,0.04596643740090524,-0.05655758010850586
384,distance,0,-122.07800125714584,1.2100000381469727,1564195720.9964974,300.234375,37.39194857891406,3.0,2019-07-26T19:48:40.996497-07:00,10.0,23.80721664428711,1564195721.125925,11.66561425626278,POINT (-122.07800125714584 37.39194857891406),ios,1.2474151070770296,-0.010589942597968685,0.043297943785499775
385,distance,0,-122.07801315944835,1.2100000381469727,1564195721.9964747,297.7734375,37.391954613884344,3.0,2019-07-26T19:48:41.996475-07:00,10.0,23.94283676147461,1564195722.1297112,11.665892027748956,POINT (-122.07801315944835 37.391954613884344),ios,1.2368254043387723,0.032707020499278726,0.002213853577331741
386,distance,0,-122.07802548084601,1.2100000381469727,1564195722.996451,297.7734375,37.39195989448334,3.0,2019-07-26T19:48:42.996451-07:00,10.0,23.709468841552734,1564195723.129651,11.666169798903995,POINT (-122.07802548084601 37.39195989448334),ios,1.2695316450419156,0.03492082129422804,-0.10864537904945054
387,distance,0,-122.0780381375198,1.2100000381469727,1564195723.9964285,297.7734375,37.39196530081089,3.0,2019-07-26T19:48:43.996428-07:00,10.0,23.78060531616211,1564195724.135041,11.666447570456398,POINT (-122.0780381375198 37.39196530081089),ios,1.3044516837135198,-0.073722122865994,0.10619064351167479
388,distance,0,-122.07805112946971,1.2300000190734863,1564195724.9964046,297.7734375,37.3919708747765,3.0,2019-07-26T19:48:44.996405-07:00,10.0,23.848873138427734,1564195725.136829,11.66672534161144,POINT (-122.07805112946971 37.3919708747765),ios,1.230731318519904,0.03246598886344679,-0.11095317456949381
389,distance,0,-122.07806361850544,1.2100000381469727,1564195725.9963818,297.421875,37.39197577818985,3.0,2019-07-26T19:48:45.996382-07:00,10.0,23.77267074584961,1564195726.126416,11.667003113031388,POINT (-122.07806361850544 37.39197577818985),ios,1.2631965642958372,-0.07848464618941717,0.13487116210109132
390,distance,0,-122.07807677809342,1.2300000190734863,1564195726.9963582,296.71875,37.39198022059853,3.0,2019-07-26T19:48:46.996358-07:00,10.0,23.71218490600586,1564195727.1309319,11.667280884252655,POINT (-122.07807677809342 37.39198022059853),ios,1.1847137706140047,0.056383332488381975,-0.03999103849775595
391,distance,0,-122.07808943476721,1.2100000381469727,1564195727.9963353,287.9296875,37.391983740997865,3.0,2019-07-26T19:48:47.996335-07:00,10.0,23.714595794677734,1564195728.13708,11.667558655672604,POINT (-122.07808943476721 37.391983740997865),ios,1.241095812590321,0.016393209312857267,-0.11649136589315924
392,distance,0,-122.07810292963131,1.2300000190734863,1564195728.9963126,288.28125,37.39198684230204,3.0,2019-07-26T19:48:48.996313-07:00,10.0,23.703548431396484,1564195729.128639,11.667836427158779,POINT (-122.07810292963131 37.39198684230204),ios,1.2574886506008396,-0.10009551807823826,0.0816690582668416
393,distance,0,-122.07811667595251,1.1299999952316284,1564195729.9962888,288.28125,37.39198977596815,3.0,2019-07-26T19:48:49.996289-07:00,10.0,23.73702621459961,1564195730.1331491,11.66811419831382,POINT (-122.07811667595251 37.39198977596815),ios,1.1573955189857208,-0.018428406953479515,-0.08503372855348458
394,distance,0,-122.07812916498824,1.159999966621399,1564195730.9962668,293.5546875,37.39199291918184,3.0,2019-07-26T19:48:50.996267-07:00,10.0,23.81069564819336,1564195731.1216202,11.668391969998678,POINT (-122.07812916498824 37.39199291918184),ios,1.1389675162503046,-0.10346027033385626,0.2472022946492383
395,distance,0,-122.07814115110978,1.159999966621399,1564195731.9962437,294.2578125,37.391996691038266,3.0,2019-07-26T19:48:51.996244-07:00,10.0,23.73806381225586,1564195732.1336641,11.6686697413524,POINT (-122.07814115110978 37.391996691038266),ios,1.035509638600961,0.14373630736625745,-0.14926675938519562
396,distance,0,-122.0781517961268,1.059999942779541,1564195732.9962206,294.2578125,37.39200058862324,3.0,2019-07-26T19:48:52.996221-07:00,10.0,23.67641830444336,1564195733.131906,11.66894751270612,POINT (-122.0781517961268 37.39200058862324),ios,1.1792426218348202,-0.005526999985976252,-0.11868929541305924
397,distance,0,-122.07816327933415,1.059999942779541,1564195733.996198,303.75,37.392005994950786,3.0,2019-07-26T19:48:53.996198-07:00,10.0,23.678157806396484,1564195734.12843,11.669225284192297,POINT (-122.07816327933415 37.392005994950786),ios,1.1737157470340949,-0.12421360711438463,0.19230060777055086
398,distance,0,-122.07817442726537,1.0199999809265137,1564195734.9961743,303.75,37.39201173655446,3.0,2019-07-26T19:48:54.996174-07:00,10.0,23.55080795288086,1564195735.129231,11.669503055413564,POINT (-122.07817442726537 37.39201173655446),ios,1.0495050717880499,0.0680824617004374,-0.012777149237512407
399,distance,0,-122.07819596875652,1.2100000381469727,1564195736.9961286,285.1171875,37.39201969936247,3.0,2019-07-26T19:48:56.996129-07:00,10.0,23.38582992553711,1564195737.131463,11.670058598253462,POINT (-122.07819596875652 37.39201969936247),ios,1.1856668786211588,0.04252874811688769,-0.06533706074079519
400,distance,0,-122.07820879306837,1.1799999475479126,1564195737.9961061,285.1171875,37.39202284257616,3.0,2019-07-26T19:48:57.996106-07:00,10.0,23.41732406616211,1564195738.1323829,11.670336369805867,POINT (-122.07820879306837 37.39202284257616),ios,1.228194673611539,-0.022806848332404164,-0.16212247138461164
401,distance,0,-122.07822212029441,1.2100000381469727,1564195738.9960823,285.46875,37.39202598578985,3.0,2019-07-26T19:48:58.996082-07:00,10.0,23.48354721069336,1564195739.1328402,11.670614140960906,POINT (-122.07822212029441 37.39202598578985),ios,1.2053883690367722,-0.18492545441608899,0.29672398938929184
402,distance,0,-122.07823511224433,1.1799999475479126,1564195739.9960604,291.4453125,37.3920292966416,3.0,2019-07-26T19:48:59.996060-07:00,10.0,23.61428451538086,1564195740.1226969,11.670891912645764,POINT (-122.07823511224433 37.3920292966416),ios,1.0204669708697787,0.11179202647810477,-0.0929689366637693
403,distance,0,-122.07824575726136,1.090000033378601,1564195740.9960375,291.796875,37.39203285895045,3.0,2019-07-26T19:49:00.996037-07:00,10.0,23.646663665771484,1564195741.1040878,11.671169684065713,POINT (-122.07824575726136 37.39203285895045),ios,1.132256438631457,0.018825217704426345,0.0033408748574650666
404,distance,0,-122.07825757574483,1.2799999713897705,1564195741.996045,291.796875,37.39203679844494,3.0,2019-07-26T19:49:01.996045-07:00,10.0,23.566951751708984,1564195742.1229482,11.671447463962767,POINT (-122.07825757574483 37.39203679844494),ios,1.1510817999608964,0.02216611805074378,-0.021476257556723333
405,distance,0,-122.0782696456854,1.2000000476837158,1564195742.9959908,297.0703125,37.392040696029916,3.0,2019-07-26T19:49:02.995991-07:00,10.0,23.76229476928711,1564195743.118411,11.671725226640701,POINT (-122.0782696456854 37.392040696029916),ios,1.1732467130739639,0.0006910279312693749,-0.14520135964601535
406,distance,0,-122.07828171562596,1.2799999713897705,1564195743.9959676,297.0703125,37.39204509652908,3.0,2019-07-26T19:49:03.995968-07:00,10.0,23.706478118896484,1564195744.141881,11.672002997994422,POINT (-122.07828171562596 37.39204509652908),ios,1.1739377250241052,-0.14450697370066648,0.17237560480480635
407,distance,0,-122.07829361792847,1.2000000476837158,1564195744.995945,297.421875,37.39204979039486,3.0,2019-07-26T19:49:04.995945-07:00,10.0,23.656307220458984,1564195745.129909,11.672280769480599,POINT (-122.07829361792847 37.39204979039486),ios,1.029434024372436,0.02786472683719678,0.016081317409292598
408,distance,0,-122.07831348303898,1.2400000095367432,1564195746.9958987,296.3671875,37.39205947149302,3.0,2019-07-26T19:49:06.995899-07:00,10.0,23.46938705444336,1564195747.128604,11.672836312188043,POINT (-122.07831348303898 37.39205947149302),ios,1.0851621892139252,0.0600266178433217,-0.45418285912131146
409,distance,0,-122.07832370896085,1.0099999904632568,1564195747.9958756,296.015625,37.392064877820566,3.0,2019-07-26T19:49:07.995876-07:00,10.0,23.35598373413086,1564195748.1395621,11.673114083541764,POINT (-122.07832370896085 37.392064877820566),ios,1.1451874188455362,-0.39414573757169313,0.5521744176697609
410,distance,0,-122.07833510834917,1.2400000095367432,1564195748.995882,292.8515625,37.39206978123392,3.0,2019-07-26T19:49:08.995882-07:00,10.0,23.464107513427734,1564195749.137041,11.673391863107682,POINT (-122.07833510834917 37.39206978123392),ios,0.7510391440388419,0.15803223461134983,-0.11274324812229782
411,distance,0,-122.07835153687938,0.699999988079071,1564195750.9958067,292.8515625,37.39207325972374,3.0,2019-07-26T19:49:10.995807-07:00,10.0,23.37899398803711,1564195751.125258,11.673947397735384,POINT (-122.07835153687938 37.39207325972374),ios,1.0670917070701598,-0.06744576752637928,0.1784089632629894
412,distance,0,-122.07836302008673,1.350000023841858,1564195751.9957843,292.8515625,37.39207623529936,3.0,2019-07-26T19:49:11.995784-07:00,10.0,23.419307708740234,1564195752.125358,11.674225169287787,POINT (-122.07836302008673 37.39207623529936),ios,0.9996474510942421,0.11095919735152726,-0.058433978755102485
413,distance,0,-122.07837349746569,0.7400000095367432,1564195752.995761,292.8515625,37.39207962997015,3.0,2019-07-26T19:49:12.995761-07:00,10.0,23.56368637084961,1564195753.119681,11.674502940575282,POINT (-122.07837349746569 37.39207962997015),ios,1.1106040558818207,0.05252658390755101,0.03351819909675244
414,distance,0,-122.07839679915651,1.2100000381469727,1564195754.9957142,291.796875,37.392087131773486,3.0,2019-07-26T19:49:14.995714-07:00,10.0,23.37453842163086,1564195755.128856,11.67505848315027,POINT (-122.07839679915651 37.392087131773486),ios,1.2156547691274766,0.11956141579422096,-0.21905076094107784
415,distance,0,-122.07840937201127,1.25,1564195755.9956918,298.125,37.39209157418217,3.0,2019-07-26T19:49:15.995692-07:00,10.0,23.38296127319336,1564195756.122508,11.675336254702675,POINT (-122.07840937201127 37.39209157418217),ios,1.3352135053893879,-0.09948443592436647,0.08373829082876073
416,distance,0,-122.07842286687537,1.3300000429153442,1564195756.9956686,298.4765625,37.39209698050971,3.0,2019-07-26T19:49:16.995669-07:00,10.0,23.454524993896484,1564195757.1504211,11.675614026056396,POINT (-122.07842286687537 37.39209698050971),ios,1.2357313702019934,-0.01574808167774437,0.02181419605331136
417,distance,0,-122.07843493681594,1.25,1564195757.9956455,296.71875,37.39210259638484,3.0,2019-07-26T19:49:17.995646-07:00,10.0,23.309017181396484,1564195758.128821,11.675891797410117,POINT (-122.07843493681594 37.39210259638484),ios,1.219983652723869,0.006065609887333142,0.02887797759694689
418,distance,0,-122.07844692293747,1.3300000429153442,1564195758.9956224,296.71875,37.3921080446219,3.0,2019-07-26T19:49:18.995622-07:00,10.0,23.275447845458984,1564195759.129082,11.67616956876384,POINT (-122.07844692293747 37.3921080446219),ios,1.2260491223342553,0.03494291963478059,0.09904540588442705
419,distance,0,-122.07845907669707,1.0399999618530273,1564195759.9956007,296.71875,37.39211336713041,3.0,2019-07-26T19:49:19.995601-07:00,10.0,23.17336654663086,1564195760.137879,11.676447340514924,POINT (-122.07845907669707 37.39211336713041),ios,1.2609912838442823,0.13398617662109832,-0.3100299278957052
420,distance,0,-122.0784715657328,1.2699999809265137,1564195760.9955778,295.3125,37.39211885727699,3.0,2019-07-26T19:49:20.995578-07:00,10.0,23.348323822021484,1564195761.1304312,11.676725111934873,POINT (-122.0784715657328 37.39211885727699),ios,1.394974393765171,-0.17603665525269768,0.16951471637129178
421,distance,0,-122.07848497677787,1.3300000429153442,1564195761.9955535,296.015625,37.392125478980496,3.0,2019-07-26T19:49:21.995553-07:00,10.0,23.51644515991211,1564195762.140446,11.677002882957458,POINT (-122.07848497677787 37.392125478980496),ios,1.2189420194942133,-0.006526061258102926,0.03800981018656552
422,distance,0,-122.07849645998522,1.2699999809265137,1564195762.995531,296.015625,37.392131555860296,3.0,2019-07-26T19:49:22.995531-07:00,10.0,23.410579681396484,1564195763.134735,11.677280654509863,POINT (-122.07849645998522 37.392131555860296),ios,1.2124161044939301,0.03148289707743855,-0.1253343121617687
423,distance,0,-122.0785080270116,1.3300000429153442,1564195763.9955082,292.5,37.392137423192516,3.0,2019-07-26T19:49:23.995508-07:00,10.0,23.383296966552734,1564195764.137244,11.677558425929812,POINT (-122.0785080270116 37.392137423192516),ios,1.2438982809850403,-0.09384854640958279,0.27223392406887864
424,distance,0,-122.07852026459022,1.1200000047683716,1564195764.9954846,292.5,37.39214295524861,3.0,2019-07-26T19:49:24.995485-07:00,10.0,23.34499740600586,1564195765.132525,11.677836197151079,POINT (-122.07852026459022 37.39214295524861),ios,1.150051949723929,0.1783789520023852,-0.2306027488156399
425,distance,0,-122.0785315801595,1.2000000476837158,1564195765.9954624,292.8515625,37.39214806820954,3.0,2019-07-26T19:49:25.995462-07:00,10.0,23.43935775756836,1564195766.1288838,11.67811396876971,POINT (-122.0785315801595 37.39214806820954),ios,1.3284269465426803,-0.0522186836751417,-0.04872197023383283
426,distance,0,-122.07854482356652,1.3600000143051147,1564195766.9954388,292.8515625,37.392153725994184,3.0,2019-07-26T19:49:26.995439-07:00,10.0,23.52584457397461,1564195767.1333408,11.678391739990976,POINT (-122.07854482356652 37.392153725994184),ios,1.2762094954080707,-0.10093950390290603,0.13851806248958076
427,distance,0,-122.0785574802403,1.2000000476837158,1564195767.995416,293.203125,37.39215925805028,3.0,2019-07-26T19:49:27.995416-07:00,10.0,23.45559310913086,1564195768.139317,11.678669511410925,POINT (-122.0785574802403 37.39215925805028),ios,1.1752723018270619,0.03757538815982943,-0.03295334799049066
428,distance,0,-122.07856887962862,1.1699999570846558,1564195768.9953928,293.203125,37.39216470628734,3.0,2019-07-26T19:49:28.995393-07:00,10.0,23.53274154663086,1564195769.126013,11.678947282764646,POINT (-122.07856887962862 37.39216470628734),ios,1.2128468209958378,0.004622802268308001,0.041162648895718884
429,distance,0,-122.07858094956919,1.1699999570846558,1564195769.99537,292.5,37.392169903067305,3.0,2019-07-26T19:49:29.995370-07:00,10.0,23.59707260131836,1564195770.1299,11.679225054184595,POINT (-122.07858094956919 37.392169903067305),ios,1.2174695174565988,0.045784509025761755,-0.08519320013353109
430,distance,0,-122.07859327096685,1.1699999570846558,1564195770.9953465,292.5,37.39217480648066,3.0,2019-07-26T19:49:30.995347-07:00,10.0,23.534114837646484,1564195771.130251,11.67950282547209,POINT (-122.07859327096685 37.39217480648066),ios,1.263252956726357,-0.039406700566880275,-0.0327059519192613
431,distance,0,-122.07860576000257,1.340000033378601,1564195771.995324,293.203125,37.392180338536754,3.0,2019-07-26T19:49:31.995324-07:00,10.0,23.536983489990234,1564195772.139399,11.679780596958267,POINT (-122.07860576000257 37.392180338536754),ios,1.2238471487119846,-0.07211191170401603,0.11611969976980599
432,distance,0,-122.07861757848605,1.1699999570846558,1564195772.9953008,301.9921875,37.392186080140426,3.0,2019-07-26T19:49:32.995301-07:00,10.0,23.645626068115234,1564195773.1383061,11.680058368311988,POINT (-122.07861757848605 37.392186080140426),ios,1.1517369047114625,0.04400510261168895,-0.137400153417401
433,distance,0,-122.07862906169339,1.149999976158142,1564195773.995278,300.9375,37.39219098355378,3.0,2019-07-26T19:49:33.995278-07:00,10.0,23.64962387084961,1564195774.127696,11.680336139731937,POINT (-122.07862906169339 37.39219098355378),ios,1.1957410001262838,-0.09339190596577485,0.22385674700506641
434,distance,0,-122.07864163454815,1.1399999856948853,1564195774.995255,300.234375,37.39219496495779,3.0,2019-07-26T19:49:34.995255-07:00,10.0,23.647457122802734,1564195775.122995,11.680613911151886,POINT (-122.07864163454815 37.39219496495779),ios,1.1023512317315989,0.13045971736496742,-0.1335305504937097
435,distance,0,-122.07865353685065,1.0700000524520874,1564195775.9952319,291.09375,37.392197940533414,3.0,2019-07-26T19:49:35.995232-07:00,10.0,23.62002182006836,1564195776.127676,11.680891682505608,POINT (-122.07865353685065 37.392197940533414),ios,1.2328079320065832,-0.003067745020823102,-0.04739302148485348
436,distance,0,-122.07866669643863,1.340000033378601,1564195776.9952095,291.09375,37.39220162857081,3.0,2019-07-26T19:49:36.995209-07:00,10.0,23.773921966552734,1564195777.1262841,11.681169454058011,POINT (-122.07866669643863 37.39220162857081),ios,1.2297402557380566,-0.050459704364253455,-0.007397036716272785
437,distance,0,-122.07867985602661,1.159999966621399,1564195777.9951859,291.09375,37.39220523278917,3.0,2019-07-26T19:49:37.995186-07:00,10.0,23.81045150756836,1564195778.122232,11.681447225279278,POINT (-122.07867985602661 37.39220523278917),ios,1.1792817423963737,-0.05785656648501888,-0.04921949970218454
438,distance,0,-122.07869242888137,1.2300000190734863,1564195778.9951625,285.1171875,37.39220879509802,3.0,2019-07-26T19:49:38.995162-07:00,10.0,23.93337631225586,1564195779.1331658,11.681724996566773,POINT (-122.07869242888137 37.39220879509802),ios,1.1214265277312314,-0.10707491617257148,0.29001374081664005
439,distance,0,-122.07870483409806,1.159999966621399,1564195779.9951403,284.4140625,37.39221093248333,3.0,2019-07-26T19:49:39.995140-07:00,10.0,23.974056243896484,1564195780.129636,11.682002768185404,POINT (-122.07870483409806 37.39221093248333),ios,1.0143539857230515,0.1829323941903161,0.138566787007338
440,distance,0,-122.07871623348638,1.0,1564195780.9951174,283.359375,37.39220984283592,3.0,2019-07-26T19:49:40.995117-07:00,10.0,23.98110580444336,1564195781.130935,11.682280539605353,POINT (-122.07871623348638 37.39220984283592),ios,1.197282192923144,0.32149600965559305,-0.3704787196934578
441,distance,0,-122.0787268785034,1.3300000429153442,1564195781.9950945,207.7734375,37.392203179222896,3.0,2019-07-26T19:49:41.995095-07:00,10.0,24.02035140991211,1564195782.117188,11.682558311025302,POINT (-122.0787268785034 37.392203179222896),ios,1.5187708441190435,-0.04897423045291083,-0.283381307335418
442,distance,0,-122.07873576332076,1.3300000429153442,1564195782.995071,207.7734375,37.39219148646797,3.0,2019-07-26T19:49:42.995071-07:00,10.0,23.95046615600586,1564195783.113083,11.682836082246569,POINT (-122.07873576332076 37.39219148646797),ios,1.46979776962641,-0.3323488490148336,0.3084562452941021
443,distance,0,-122.07874121155783,1.3300000429153442,1564195783.9950476,207.7734375,37.39217899743225,3.0,2019-07-26T19:49:43.995048-07:00,10.0,24.108943939208984,1564195784.143145,11.683113853534064,POINT (-122.07874121155783 37.39217899743225),ios,1.1374566859493305,-0.02389981080730388,0.19134033176233267
444,distance,0,-122.07874288793846,1.149999976158142,1564195784.9950268,207.7734375,37.39216885532941,3.0,2019-07-26T19:49:44.995027-07:00,10.0,23.87990951538086,1564195785.136148,11.683391625550058,POINT (-122.07874288793846 37.39216885532941),ios,1.1135573708818538,0.16743655209419672,-0.33661452640854506
445,distance,0,-122.0787459054236,1.190000057220459,1564195785.9950013,207.7734375,37.39215913232173,3.0,2019-07-26T19:49:45.995001-07:00,10.0,23.85030746459961,1564195786.140854,11.683669396241505,POINT (-122.0787459054236 37.39215913232173),ios,1.2809896515376726,-0.16916938701253956,0.13181816833525092
446,distance,0,-122.0787511860226,1.340000033378601,1564195786.9949791,211.2890625,37.39214840348567,3.0,2019-07-26T19:49:46.994979-07:00,10.0,23.82857894897461,1564195787.1272001,11.683947167860136,POINT (-122.0787511860226 37.39214840348567),ios,1.1118240155057468,-0.03735414147202528,0.12001426833815561
447,distance,0,-122.07875629898354,1.190000057220459,1564195787.9949582,211.9921875,37.39213926721121,3.0,2019-07-26T19:49:47.994958-07:00,10.0,23.908931732177734,1564195788.1196508,11.684224939809905,POINT (-122.07875629898354 37.39213926721121),ios,1.0744706577547989,0.08265760886657338,-0.03818415449984158
448,distance,0,-122.07876082521125,1.1200000047683716,1564195788.994935,208.125,37.39213029857482,3.0,2019-07-26T19:49:48.994935-07:00,10.0,23.818965911865234,1564195789.10675,11.684502711163626,POINT (-122.07876082521125 37.39213029857482),ios,1.1571263550317354,0.04447433743648222,0.12093450341483039
449,distance,0,-122.07876535143896,1.0800000429153442,1564195789.99491,208.125,37.392120533657625,3.0,2019-07-26T19:49:49.994910-07:00,10.0,23.708919525146484,1564195790.108563,11.684780481987529,POINT (-122.07876535143896 37.392120533657625),ios,1.2015995790998422,0.16540581338290342,-0.43322612743919764
450,distance,0,-122.07877004530474,1.159999966621399,1564195790.9948876,208.4765625,37.39211039155479,3.0,2019-07-26T19:49:50.994888-07:00,10.0,23.621273040771484,1564195791.1146832,11.685058253539934,POINT (-122.07877004530474 37.39211039155479),ios,1.3670016855157594,-0.26781060487546726,-0.045949942325857064
451,distance,0,-122.07877482298954,1.3600000143051147,1564195791.9948645,206.015625,37.39209869879986,3.0,2019-07-26T19:49:51.994864-07:00,10.0,23.47665023803711,1564195792.122274,11.685336024893655,POINT (-122.07877482298954 37.39209869879986),ios,1.0991972741896088,-0.3137594845352883,0.5207908521122149
452,distance,0,-122.0787773375605,1.159999966621399,1564195792.994841,205.6640625,37.3920890177017,3.0,2019-07-26T19:49:52.994841-07:00,10.0,23.484981536865234,1564195793.11934,11.68561379618115,POINT (-122.0787773375605 37.3920890177017),ios,0.7854451206511878,0.20701919928785956,-0.03093392164820858
453,distance,0,-122.07877876248403,0.7099999785423279,1564195794.9947953,195.46875,37.39207493610437,3.0,2019-07-26T19:49:54.994795-07:00,10.0,23.50191879272461,1564195795.131583,11.686169339021047,POINT (-122.07877876248403 37.39207493610437),ios,1.1994740426400254,0.14515277203399832,-0.24417235999021503
454,distance,0,-122.07878060650273,1.059999942779541,1564195795.9947724,195.46875,37.39206424917783,3.0,2019-07-26T19:49:55.994772-07:00,10.0,23.588741302490234,1564195796.131038,11.686447110440996,POINT (-122.07878060650273 37.39206424917783),ios,1.3446234923907283,-0.09901399929441274,-0.09520322174835026
455,distance,0,-122.0787826181595,1.340000033378601,1564195796.9947493,195.8203125,37.39205226305629,3.0,2019-07-26T19:49:56.994749-07:00,10.0,23.43868637084961,1564195797.136969,11.686724881794717,POINT (-122.0787826181595 37.39205226305629),ios,1.2456117829536868,-0.19421501931572804,0.24933342668316727
456,distance,0,-122.07878513273045,1.059999942779541,1564195797.9947262,196.171875,37.39204124085362,3.0,2019-07-26T19:49:57.994726-07:00,10.0,23.32424545288086,1564195798.136589,11.68700265314844,POINT (-122.07878513273045 37.39204124085362),ios,1.0514012551714464,0.05511264113247194,-0.04127675385300919
457,distance,0,-122.07878856931075,1.0199999809265137,1564195798.9947023,207.421875,37.3920321883982,3.0,2019-07-26T19:49:58.994702-07:00,10.0,23.288936614990234,1564195799.12064,11.687280424303479,POINT (-122.07878856931075 37.3920321883982),ios,1.1065125823161595,0.013836871393963108,0.17222740270913697
458,distance,0,-122.07879301171943,1.0199999809265137,1564195799.99468,207.421875,37.39202288448568,3.0,2019-07-26T19:49:59.994680-07:00,10.0,23.323482513427734,1564195800.200492,11.687558195855882,POINT (-122.07879301171943 37.39202288448568),ios,1.1203491436072042,0.18606041425511227,-0.2774274376716383
459,distance,0,-122.07879812468036,1.090000033378601,1564195800.9946573,207.421875,37.39201366439219,3.0,2019-07-26T19:50:00.994657-07:00,10.0,23.41231918334961,1564195801.1280541,11.687835967342059,POINT (-122.07879812468036 37.39201366439219),ios,1.306405343637655,-0.09136073975025415,-0.06841650346824306
460,distance,0,-122.07880390819355,1.350000023841858,1564195801.994634,207.421875,37.3920028517371,3.0,2019-07-26T19:50:01.994634-07:00,10.0,23.47195053100586,1564195802.133401,11.688113738629553,POINT (-122.07880390819355 37.3920028517371),ios,1.215046738532981,-0.1597756446654739,0.11027208914299297
461,distance,0,-122.07880952406867,1.090000033378601,1564195802.9946108,207.421875,37.39199287727232,3.0,2019-07-26T19:50:02.994611-07:00,10.0,23.601375579833984,1564195803.140302,11.688391509983274,POINT (-122.07880952406867 37.39199287727232),ios,1.0552747889352783,-0.04950610574121731,0.13296301454182569
462,distance,0,-122.07881522376283,1.059999942779541,1564195803.994588,213.046875,37.39198453727867,3.0,2019-07-26T19:50:03.994588-07:00,10.0,23.57802963256836,1564195804.1225538,11.688669281403223,POINT (-122.07881522376283 37.39198453727867),ios,1.0057698162988982,0.08345386551872036,-0.03219273374845936
463,distance,0,-122.07882125873311,1.0199999809265137,1564195804.9945655,213.046875,37.391976867837265,3.0,2019-07-26T19:50:04.994565-07:00,10.0,23.632015228271484,1564195805.128365,11.688947052955628,POINT (-122.07882125873311 37.391976867837265),ios,1.089221811504127,0.051261853252769746,-0.08478756417071667
464,distance,0,-122.07883659761592,1.340000033378601,1564195806.9945192,212.34375,37.39196152895446,3.0,2019-07-26T19:50:06.994519-07:00,10.0,23.410579681396484,1564195807.120315,11.68950259566307,POINT (-122.07883659761592 37.39196152895446),ios,1.1917431469846929,-0.11830935339213203,0.24809798435656258
465,distance,0,-122.07884414132877,1.0299999713897705,1564195807.9944963,211.9921875,37.3919526441371,3.0,2019-07-26T19:50:07.994496-07:00,10.0,23.40133285522461,1564195808.124041,11.689780367083019,POINT (-122.07884414132877 37.3919526441371),ios,1.0734365014787621,0.12978295245221536,-0.08233405254260365
466,distance,0,-122.07885026011809,1.090000033378601,1564195808.9944727,211.640625,37.39194430414344,3.0,2019-07-26T19:50:08.994473-07:00,10.0,23.48073959350586,1564195809.1305819,11.690058138304286,POINT (-122.07885026011809 37.39194430414344),ios,1.203216390606933,0.04745084327642578,0.004610157843082439
467,distance,0,-122.07885612745031,1.090000033378601,1564195809.99445,203.5546875,37.39193453922625,3.0,2019-07-26T19:50:09.994450-07:00,10.0,23.66964340209961,1564195810.128454,11.690335909790463,POINT (-122.07885612745031 37.39193453922625),ios,1.250666159132909,0.05206089670051639,-0.11287602255057898
468,distance,0,-122.0788614080493,1.1799999475479126,1564195810.9944272,203.5546875,37.3919241037568,3.0,2019-07-26T19:50:10.994427-07:00,10.0,23.869197845458984,1564195811.131388,11.690613681210412,POINT (-122.0788614080493 37.3919241037568),ios,1.3027258642540636,-0.06081254232293512,0.0172385994801861
469,distance,0,-122.07886610191508,1.340000033378601,1564195811.9944043,203.203125,37.3919129977351,3.0,2019-07-26T19:50:11.994404-07:00,10.0,23.926998138427734,1564195812.132041,11.69089145263036,POINT (-122.07886610191508 37.3919129977351),ios,1.241914713819762,-0.04357433740297882,0.09221524503503159
470,distance,0,-122.07886962231441,1.1799999475479126,1564195812.9943812,200.0390625,37.391902185080006,3.0,2019-07-26T19:50:12.994381-07:00,10.0,23.99087142944336,1564195813.1252441,11.691169223984083,POINT (-122.07886962231441 37.391902185080006),ios,1.1983413841431492,0.04863877500676657,-0.15038771466570947
471,distance,0,-122.07887339417084,1.1799999475479126,1564195813.994358,200.390625,37.39189183342959,3.0,2019-07-26T19:50:13.994358-07:00,10.0,24.021663665771484,1564195814.13097,11.691446995337804,POINT (-122.07887339417084 37.39189183342959),ios,1.246979034300316,-0.10174546170209414,0.08802877755486115
472,distance,0,-122.0788775013034,1.1799999475479126,1564195814.994335,202.5,37.39188110459353,3.0,2019-07-26T19:50:14.994335-07:00,10.0,23.929683685302734,1564195815.1255789,11.691724766691525,POINT (-122.0788775013034 37.39188110459353),ios,1.1452359256250375,-0.01371871995375128,-0.012406052841005934
473,distance,0,-122.07888177607401,0.9800000190734863,1564195815.9943118,202.5,37.39187138158585,3.0,2019-07-26T19:50:15.994312-07:00,10.0,23.93471908569336,1564195816.122993,11.692002538045248,POINT (-122.07888177607401 37.39187138158585),ios,1.131517522938665,-0.026124485884908625,-0.2709317604294079
474,distance,0,-122.07888772722526,1.3300000429153442,1564195816.9942884,202.8515625,37.39186237103994,3.0,2019-07-26T19:50:16.994288-07:00,10.0,23.80544662475586,1564195817.126291,11.692280309332741,POINT (-122.07888772722526 37.39186237103994),ios,1.1053936474529111,-0.29704991598811176,0.34638692079561473
475,distance,0,-122.07889392983361,0.9800000190734863,1564195817.9942658,211.640625,37.391853737679675,3.0,2019-07-26T19:50:17.994266-07:00,10.0,23.84212875366211,1564195818.126718,11.692558080818918,POINT (-122.07889392983361 37.391853737679675),ios,0.8083504595755941,0.04932915922514281,0.08908859856083481
476,distance,0,-122.07890214409872,0.8199999928474426,1564195819.9942193,211.640625,37.39184074572976,3.0,2019-07-26T19:50:19.994219-07:00,10.0,24.10079574584961,1564195820.144607,11.693113623460134,POINT (-122.07890214409872 37.39184074572976),ios,0.9070064846332099,0.22750221447328126,-0.10860996727222126
477,distance,0,-122.07891144801124,1.340000033378601,1564195821.9941745,211.640625,37.391826203127756,3.0,2019-07-26T19:50:21.994174-07:00,10.0,24.05501937866211,1564195822.141588,11.693669166564941,POINT (-122.07891144801124 37.391826203127756),ios,1.3620007163178856,0.010287148120044524,-0.17404116769238379
478,distance,0,-122.0789184888099,1.2400000095367432,1564195822.9941506,208.4765625,37.39181530665363,3.0,2019-07-26T19:50:22.994151-07:00,10.0,24.211605072021484,1564195823.119225,11.69394693771998,POINT (-122.0789184888099 37.39181530665363),ios,1.3722876191732063,-0.16374987010754863,0.18309547086508218
479,distance,0,-122.07892578106566,1.2599999904632568,1564195823.9941278,208.4765625,37.39180441017951,3.0,2019-07-26T19:50:23.994128-07:00,10.0,24.13546371459961,1564195824.117568,11.69422470913993,POINT (-122.07892578106566 37.39180441017951),ios,1.2085414970027482,0.019341410034781206,0.09844593046084461
480,distance,0,-122.07893055875047,1.2400000095367432,1564195824.9941053,200.0390625,37.39179422616716,3.0,2019-07-26T19:50:24.994105-07:00,10.0,24.12765121459961,1564195825.128784,11.694502480692334,POINT (-122.07893055875047 37.39179422616716),ios,1.2278824735704885,0.1177851341897731,-0.07615373844530078
481,distance,0,-122.07893525261625,1.1200000047683716,1564195825.9940822,200.0390625,37.391783832607224,3.0,2019-07-26T19:50:25.994082-07:00,10.0,24.158321380615234,1564195826.132756,11.694780252046055,POINT (-122.07893525261625 37.391783832607224),ios,1.3456648837903213,0.04163315692168531,-0.14712884777220814
482,distance,0,-122.07894036557718,1.3300000429153442,1564195826.9940586,200.0390625,37.39177243321891,3.0,2019-07-26T19:50:26.994059-07:00,10.0,24.17446517944336,1564195827.1345391,11.695058023267322,POINT (-122.07894036557718 37.39177243321891),ios,1.387297058026313,-0.10549221810369058,0.068510402278864
483,distance,0,-122.0789459814523,1.2100000381469727,1564195827.994036,200.0390625,37.3917607823735,3.0,2019-07-26T19:50:27.994036-07:00,10.0,24.22872543334961,1564195828.1256661,11.695335794753499,POINT (-122.0789459814523 37.3917607823735),ios,1.2818072292965734,-0.036983367569339266,0.09890032889042352
484,distance,0,-122.07895101059421,1.2100000381469727,1564195828.9940133,204.609375,37.39174996971841,3.0,2019-07-26T19:50:28.994013-07:00,10.0,24.27370834350586,1564195829.125206,11.695613566239675,POINT (-122.07895101059421 37.39174996971841),ios,1.244824699391819,0.06191472125187503,0.027517283985678542
485,distance,0,-122.07895637501224,1.0800000429153442,1564195829.99399,204.2578125,37.391739618067994,3.0,2019-07-26T19:50:29.993990-07:00,10.0,24.26253890991211,1564195830.129571,11.695891337527168,POINT (-122.07895637501224 37.391739618067994),ios,1.3067379740049472,0.0894313622956422,-0.27682497743451495
486,distance,0,-122.07896240998252,1.1299999952316284,1564195830.9939673,204.609375,37.391728889231935,3.0,2019-07-26T19:50:30.993967-07:00,10.0,24.370967864990234,1564195831.13194,11.696169109013345,POINT (-122.07896240998252 37.391728889231935),ios,1.3961673107012484,-0.18738734511818367,-0.055183136801885455
487,distance,0,-122.07896936696216,1.3200000524520874,1564195831.9939446,206.71875,37.39171761557217,3.0,2019-07-26T19:50:31.993945-07:00,10.0,24.418880462646484,1564195832.143441,11.696446880499522,POINT (-122.07896936696216 37.39171761557217),ios,1.2087842098623984,-0.2425692320349878,0.2905759677290159
488,distance,0,-122.07897548575147,1.1299999952316284,1564195832.9939213,206.71875,37.39170789256449,3.0,2019-07-26T19:50:32.993921-07:00,10.0,24.390193939208984,1564195833.134265,11.696724651787017,POINT (-122.07897548575147 37.39170789256449),ios,0.9662206454625509,0.047999946380512123,0.04969140688193414
489,distance,0,-122.07898596313044,0.8700000047683716,1564195834.9938755,218.671875,37.39169263750072,3.0,2019-07-26T19:50:34.993876-07:00,10.0,24.444637298583984,1564195835.12884,11.697280194626915,POINT (-122.07898596313044 37.39169263750072),ios,1.0622183409604047,0.1473804854522929,-0.09543094531343348
490,distance,0,-122.07899333920523,0.8999999761581421,1564195835.9938517,218.671875,37.39168509378786,3.0,2019-07-26T19:50:35.993852-07:00,10.0,24.35702133178711,1564195836.129743,11.697557965781954,POINT (-122.07899333920523 37.39168509378786),ios,1.2095953125881047,0.051951815389897814,-0.21641003154860866
491,distance,0,-122.07900138583227,1.3300000429153442,1564195836.9938293,218.671875,37.39167629278953,3.0,2019-07-26T19:50:36.993829-07:00,10.0,24.386348724365234,1564195837.1268039,11.697835737334357,POINT (-122.07900138583227 37.39167629278953),ios,1.2615459636678699,-0.16445336611852168,0.25089069446916035
492,distance,0,-122.07900985155447,0.9399999976158142,1564195837.9938061,218.671875,37.391667156515076,3.0,2019-07-26T19:50:37.993806-07:00,10.0,24.238094329833984,1564195838.1329498,11.69811350868808,POINT (-122.07900985155447 37.391667156515076),ios,1.0970964007969224,0.08643152610135879,-0.037628523312915975
493,distance,0,-122.07901739526733,0.9399999976158142,1564195838.9937832,218.671875,37.39165931943561,3.0,2019-07-26T19:50:38.993783-07:00,10.0,24.18905258178711,1564195839.122751,11.698391280108028,POINT (-122.07901739526733 37.39165931943561),ios,1.1835259486376435,0.048803864036992765,0.04825737272849355
494,distance,0,-122.07902477134212,0.9399999976158142,1564195839.9937603,217.96875,37.39165043461825,3.0,2019-07-26T19:50:39.993760-07:00,10.0,24.15328598022461,1564195840.134057,11.698669051527977,POINT (-122.07902477134212 37.39165043461825),ios,1.232328695642836,0.09706013224187955,-0.062382753266439814
495,distance,0,-122.07903281796916,1.100000023841858,1564195840.9937372,218.3203125,37.391641382162824,3.0,2019-07-26T19:50:40.993737-07:00,10.0,24.240718841552734,1564195841.135555,11.698946822881698,POINT (-122.07903281796916 37.391641382162824),ios,1.3293865832136504,0.034678821676556976,-0.22771685978255618
496,distance,0,-122.07904061313911,1.3300000429153442,1564195841.9937136,217.96875,37.391631156240955,3.0,2019-07-26T19:50:41.993714-07:00,10.0,24.360530853271484,1564195842.129874,11.699224594102965,POINT (-122.07904061313911 37.391631156240955),ios,1.364064586350744,-0.19303266320491466,0.05174626101117377
497,distance,0,-122.07904790539487,1.100000023841858,1564195842.9936917,217.96875,37.39162034358586,3.0,2019-07-26T19:50:42.993692-07:00,10.0,24.42800521850586,1564195843.130976,11.699502365787824,POINT (-122.07904790539487 37.39162034358586),ios,1.1710361572225712,-0.1412875372225831,0.2648660100619081
498,distance,0,-122.07905259926065,1.100000023841858,1564195843.9936702,217.96875,37.39161049484964,3.0,2019-07-26T19:50:43.993670-07:00,10.0,24.34853744506836,1564195844.1375399,11.699780137605137,POINT (-122.07905259926065 37.39161049484964),ios,1.0297516517016363,0.12357278943132559,-0.015367829226945488
499,distance,0,-122.07905570056482,1.059999942779541,1564195844.9936452,217.96875,37.39160156812276,3.0,2019-07-26T19:50:44.993645-07:00,10.0,24.569698333740234,1564195845.136775,11.70005790842904,POINT (-122.07905570056482 37.39160156812276),ios,1.1533213476178303,0.10820534492186096,-0.19641510855501418
500,distance,0,-122.07905938860222,1.340000033378601,1564195846.993599,217.6171875,37.39158103245999,3.0,2019-07-26T19:50:46.993599-07:00,10.0,24.46218490600586,1564195847.1285372,11.700613451136483,POINT (-122.07905938860222 37.39158103245999),ios,1.3697270326176223,-0.2846157873600148,0.18165306079548435
501,distance,0,-122.07906156789704,0.9900000095367432,1564195847.9935758,217.6171875,37.391568836790874,3.0,2019-07-26T19:50:47.993576-07:00,10.0,24.617488861083984,1564195848.1388578,11.700891222490204,POINT (-122.07906156789704 37.391568836790874),ios,1.085117827453694,-0.10296692758260095,0.1867266209552438
502,distance,0,-122.07906559121056,0.9900000095367432,1564195848.9935536,217.6171875,37.391559616697386,3.0,2019-07-26T19:50:48.993554-07:00,10.0,24.91305160522461,1564195849.1309118,11.701168994108835,POINT (-122.07906559121056 37.391559616697386),ios,0.9821531829493498,0.08375555309674752,-0.08394429910361298
503,distance,0,-122.07907724205597,0.7900000214576721,1564195850.9935074,217.6171875,37.39154457118119,3.0,2019-07-26T19:50:50.993507-07:00,10.0,25.009700775146484,1564195851.136798,11.701724536816279,POINT (-122.07907724205597 37.39154457118119),ios,1.1496604151801324,-0.08412916241765833,0.2774026086575991
504,distance,0,-122.07908352848335,1.0199999809265137,1564195851.993484,217.6171875,37.39153551872577,3.0,2019-07-26T19:50:51.993484-07:00,10.0,25.027095794677734,1564195852.141449,11.702002308103774,POINT (-122.07908352848335 37.39153551872577),ios,1.0655332184420998,0.1932669647222328,-0.22475511238419485
505,distance,0,-122.07909568224295,0.9700000286102295,1564195853.9934387,217.6171875,37.391518964467004,3.0,2019-07-26T19:50:53.993439-07:00,10.0,24.90688705444336,1564195854.125216,11.702557851076126,POINT (-122.07909568224295 37.391518964467004),ios,1.4520583929838933,-0.2562330787451942,-0.12491742018911059
506,distance,0,-122.07910330977484,0.9700000286102295,1564195854.9934154,210.9375,37.39150739744063,3.0,2019-07-26T19:50:54.993415-07:00,10.0,24.785945892333984,1564195855.134112,11.70283562236362,POINT (-122.07910330977484 37.39150739744063),ios,1.1958313011299013,-0.3811475802361898,0.6251564339510756
507,distance,0,-122.07910909328803,0.6499999761581421,1564195855.9933925,217.6171875,37.39149767443295,3.0,2019-07-26T19:50:55.993392-07:00,10.0,24.704097747802734,1564195856.175901,11.70311339378357,POINT (-122.07910909328803 37.39149767443295),ios,0.8146924446695043,0.24399454501965073,-0.2624578178951916
508,distance,0,-122.07911487680121,0.6499999761581421,1564195857.9933465,217.6171875,37.39148376047368,3.0,2019-07-26T19:50:57.993346-07:00,10.0,24.44448471069336,1564195858.1251059,11.70366893655724,POINT (-122.07911487680121 37.39148376047368),ios,1.3026703073520884,-0.2809090138304693,0.4047876785202397
509,distance,0,-122.0791190677528,0.6600000262260437,1564195858.9933228,217.265625,37.39147252872343,3.0,2019-07-26T19:50:58.993323-07:00,10.0,24.787776947021484,1564195859.1330051,11.703946707778506,POINT (-122.0791190677528 37.39147252872343),ios,1.0217679239404847,0.12386911030835851,-0.18278956673355984
510,distance,0,-122.07912535418018,0.8899999856948853,1564195860.9932775,217.265625,37.39145484290774,3.0,2019-07-26T19:51:00.993278-07:00,10.0,24.73977279663086,1564195861.1348581,11.70450225075086,POINT (-122.07912535418018 37.39145484290774),ios,1.2695005333447196,-0.24170174287729387,0.35498049831258716
511,distance,0,-122.07912820402726,0.8899999856948853,1564195861.9932537,217.265625,37.39144365306701,3.0,2019-07-26T19:51:01.993254-07:00,10.0,24.777523040771484,1564195862.13652,11.704780021905899,POINT (-122.07912820402726 37.39144365306701),ios,1.027804553086036,0.11327029204069164,0.19903293987323625
512,distance,0,-122.0791312215124,0.8399999737739563,1564195862.9932303,217.265625,37.39143472634013,3.0,2019-07-26T19:51:02.993230-07:00,10.0,24.54330062866211,1564195863.144515,11.705057793193394,POINT (-122.0791312215124 37.39143472634013),ios,1.1410721985640035,0.31229858150515744,-0.29997324350334137
513,distance,0,-122.07913759175881,0.8399999737739563,1564195863.9932084,207.0703125,37.39142579961325,3.0,2019-07-26T19:51:03.993208-07:00,10.0,24.31423568725586,1564195864.126162,11.705335564878252,POINT (-122.07913759175881 37.39142579961325),ios,1.4533639299530277,0.012331917767708665,-0.06747117968642306
514,distance,0,-122.07914756622358,0.9399999976158142,1564195864.9931858,214.1015625,37.39141540605332,3.0,2019-07-26T19:51:04.993186-07:00,10.0,24.23257064819336,1564195865.121511,11.705613336364427,POINT (-122.07914756622358 37.39141540605332),ios,1.4656955684056967,-0.05513773371234924,-0.0035383343430071775
515,distance,0,-122.07915888179286,1.090000033378601,1564195865.9931629,214.1015625,37.39140576686467,3.0,2019-07-26T19:51:05.993163-07:00,10.0,24.088436126708984,1564195866.131335,11.705891107784376,POINT (-122.07915888179286 37.39140576686467),ios,1.4105590966959196,-0.05867598706931036,-0.14115163318450813
516,distance,0,-122.07916944299086,1.340000033378601,1564195866.9931402,213.75,37.39139625340457,3.0,2019-07-26T19:51:06.993140-07:00,10.0,24.04384994506836,1564195867.1229482,11.706168879270553,POINT (-122.07916944299086 37.39139625340457),ios,1.3518844386239284,-0.1998244232024954,0.3572620866859913
517,distance,0,-122.07917916599854,1.090000033378601,1564195867.9931169,213.75,37.39138686567302,3.0,2019-07-26T19:51:07.993117-07:00,10.0,24.07925033569336,1564195868.14107,11.706446650558048,POINT (-122.07917916599854 37.39138686567302),ios,1.1520646843232278,0.1574293160474266,-0.03910880547905396
518,distance,0,-122.07918738026365,1.090000033378601,1564195868.993094,207.421875,37.391378819045975,3.0,2019-07-26T19:51:08.993094-07:00,10.0,23.942989349365234,1564195869.1092238,11.706724421977997,POINT (-122.07918738026365 37.391378819045975),ios,1.3094903970995657,0.11832140569789258,-0.2163895447356593
519,distance,0,-122.07919534307166,1.090000033378601,1564195869.9930708,206.71875,37.39136888649072,3.0,2019-07-26T19:51:09.993071-07:00,10.0,23.922237396240234,1564195870.1109061,11.707002193331718,POINT (-122.07919534307166 37.39136888649072),ios,1.4278090664253802,-0.09806313468285124,-0.04526979143350434
520,distance,0,-122.0792038926129,1.190000057220459,1564195870.9930482,207.0703125,37.391357990016594,3.0,2019-07-26T19:51:10.993048-07:00,10.0,23.995235443115234,1564195871.1239882,11.707279964817895,POINT (-122.0792038926129 37.391357990016594),ios,1.329748152849486,-0.14333190076621735,0.10532455906900969
521,distance,0,-122.07921227451607,1.190000057220459,1564195871.9930253,211.9921875,37.391348057461336,3.0,2019-07-26T19:51:11.993025-07:00,10.0,24.051815032958984,1564195872.111985,11.707557736237844,POINT (-122.07921227451607 37.391348057461336),ios,1.1864195326901283,-0.03800975238505257,0.12132581385023099
522,distance,0,-122.07922023732408,1.159999966621399,1564195872.9930015,211.9921875,37.391339466010585,3.0,2019-07-26T19:51:12.993001-07:00,10.0,23.99508285522461,1564195873.1311622,11.707835507392883,POINT (-122.07922023732408 37.391339466010585),ios,1.1484106865281913,0.08331316883236377,-0.3711865007022335
523,distance,0,-122.07922811631306,1.149999976158142,1564195873.9929779,211.640625,37.39133125174548,3.0,2019-07-26T19:51:13.992978-07:00,10.0,23.954647064208984,1564195874.1342158,11.70811327861415,POINT (-122.07922811631306 37.39133125174548),ios,1.231721888883229,-0.2878645705918199,0.35258918261314254
524,distance,0,-122.07923658203526,1.149999976158142,1564195874.9929557,212.6953125,37.39132245074715,3.0,2019-07-26T19:51:14.992956-07:00,10.0,23.862178802490234,1564195875.1329021,11.708391050232782,POINT (-122.07923658203526 37.39132245074715),ios,0.9438637010917653,0.06471679408681359,-0.062025318178469416
525,distance,0,-122.07924940634712,1.0800000429153442,1564195876.9929094,212.6953125,37.39130887206401,3.0,2019-07-26T19:51:16.992909-07:00,10.0,23.414485931396484,1564195877.123672,11.708946592940224,POINT (-122.07924940634712 37.39130887206401),ios,1.073294295906291,-0.05933097340040893,0.20341608839393235
526,distance,0,-122.07925678242191,1.0499999523162842,1564195877.9928865,212.34375,37.39130120262261,3.0,2019-07-26T19:51:17.992887-07:00,10.0,23.14431381225586,1564195878.129868,11.709224364360173,POINT (-122.07925678242191 37.39130120262261),ios,1.013964680484094,0.14408045916874634,-0.17304229105510818
527,distance,0,-122.07926767889603,1.0499999523162842,1564195879.9928403,195.8203125,37.39128515127803,3.0,2019-07-26T19:51:19.992840-07:00,10.0,22.88228988647461,1564195880.126087,11.709779907067617,POINT (-122.07926767889603 37.39128515127803),ios,1.3021189346386666,-0.2019961191810214,0.23638854139923035
528,distance,0,-122.07927346240922,1.2799999713897705,1564195880.9928174,201.09375,37.39127438053246,3.0,2019-07-26T19:51:20.992817-07:00,10.0,22.95376205444336,1564195881.125536,11.710057678487566,POINT (-122.07927346240922 37.39127438053246),ios,1.1001274387819062,0.03438701171387395,0.00590703320328651
529,distance,0,-122.07927824009403,1.2799999713897705,1564195881.992794,201.09375,37.391265244258,3.0,2019-07-26T19:51:21.992794-07:00,10.0,23.073787689208984,1564195882.158764,11.71033544977506,POINT (-122.07927824009403 37.391265244258),ios,1.1345136470425379,0.04029390689920708,0.08946066167437017
530,distance,0,-122.07928326923593,1.2300000190734863,1564195882.9927716,201.4453125,37.39125585652645,3.0,2019-07-26T19:51:22.992772-07:00,10.0,23.04549789428711,1564195883.128113,11.710613221327463,POINT (-122.07928326923593 37.39125585652645),ios,1.1748066509010382,0.12975256363969612,-0.17147924869860517
531,distance,0,-122.07928905274912,1.1799999475479126,1564195883.9927492,207.0703125,37.39124634306635,3.0,2019-07-26T19:51:23.992749-07:00,10.0,23.14156723022461,1564195884.131562,11.710890992879868,POINT (-122.07928905274912 37.39124634306635),ios,1.3045563066110797,-0.04172284197805998,-0.28793171651275573
532,distance,0,-122.07929559063359,1.2300000190734863,1564195884.9927263,207.421875,37.39123582377787,3.0,2019-07-26T19:51:24.992726-07:00,10.0,23.43099594116211,1564195885.1352239,11.711168764299817,POINT (-122.07929559063359 37.39123582377787),ios,1.262834419593087,-0.3296479682568257,0.4315743889360937
533,distance,0,-122.07930279907032,1.0800000429153442,1564195885.9927032,207.7734375,37.39122601695116,3.0,2019-07-26T19:51:25.992703-07:00,10.0,23.55782699584961,1564195886.1345491,11.711446535653538,POINT (-122.07930279907032 37.39122601695116),ios,0.9331940749736802,0.10191643983006712,0.023014973730735796
534,distance,0,-122.07931352790638,1.0199999809265137,1564195887.9926565,208.828125,37.39121155816819,3.0,2019-07-26T19:51:27.992656-07:00,10.0,23.75747299194336,1564195888.139202,11.712002078228526,POINT (-122.07931352790638 37.39121155816819),ios,1.1370221920743513,0.14794531180086107,-0.3700067987727345
535,distance,0,-122.07931989815279,1.0199999809265137,1564195888.9926338,213.046875,37.391202673350826,3.0,2019-07-26T19:51:28.992634-07:00,10.0,23.80324935913086,1564195889.135436,11.712279849714703,POINT (-122.07931989815279 37.391202673350826),ios,1.284964152948665,-0.22205310640482737,-0.051202010563695576
536,distance,0,-122.07932677131339,1.1100000143051147,1564195889.9926114,205.3125,37.39119248933847,3.0,2019-07-26T19:51:29.992611-07:00,10.0,23.85738754272461,1564195890.133414,11.712557621267107,POINT (-122.07932677131339 37.39119248933847),ios,1.0629160230529324,-0.273253969462526,0.3984125373832749
537,distance,0,-122.07933255482658,0.7699999809265137,1564195890.9925876,213.3984375,37.3911841074353,3.0,2019-07-26T19:51:30.992588-07:00,10.0,23.92690658569336,1564195891.133908,11.712835392422146,POINT (-122.07933255482658 37.3911841074353),ios,0.7896685684727197,0.125149069025643,-0.01824372083933351
538,distance,0,-122.07934076909169,0.7799999713897705,1564195892.9925408,212.6953125,37.39117149267103,3.0,2019-07-26T19:51:32.992541-07:00,10.0,24.119441986083984,1564195893.137496,11.713390934997134,POINT (-122.07934076909169 37.39117149267103),ios,1.039960858302816,0.08866247987680798,-0.1371661389272975
539,distance,0,-122.07934982154711,0.9399999976158142,1564195894.9924955,200.7421875,37.391154225950494,3.0,2019-07-26T19:51:34.992496-07:00,10.0,24.112239837646484,1564195895.132316,11.713946477969488,POINT (-122.07934982154711 37.391154225950494),ios,1.2172818016877622,-0.18566358441615774,0.1022966044261715
540,distance,0,-122.07935459923192,1.1699999570846558,1564195895.9924722,200.7421875,37.39114395811911,3.0,2019-07-26T19:51:35.992472-07:00,10.0,24.188350677490234,1564195896.1336331,11.714224249256981,POINT (-122.07935459923192 37.39114395811911),ios,1.0316225553051073,-0.08336937015227151,0.19741089159913866
541,distance,0,-122.07935887400254,1.1699999570846558,1564195896.9924495,201.796875,37.39113532475884,3.0,2019-07-26T19:51:36.992450-07:00,10.0,24.236568450927734,1564195897.135597,11.714502020743158,POINT (-122.07935887400254 37.39113532475884),ios,0.9482550734494791,0.1140370501365611,-0.10283925607633373
542,distance,0,-122.07936641771539,1.0,1564195898.9924037,199.6875,37.3911193572333,3.0,2019-07-26T19:51:38.992404-07:00,10.0,24.25497055053711,1564195899.1337209,11.715057563583056,POINT (-122.07936641771539 37.3911193572333),ios,1.1763239535207213,-0.09163675440855891,-0.059192415993519445
543,distance,0,-122.07937245268567,1.0,1564195899.9923801,211.9921875,37.39110992759223,3.0,2019-07-26T19:51:39.992380-07:00,10.0,24.28225326538086,1564195900.142431,11.715335334804323,POINT (-122.07937245268567 37.39110992759223),ios,1.0846893620547355,-0.1508277732574786,0.29038291385171744
544,distance,0,-122.07937890675112,0.9100000262260437,1564195900.9923573,211.9921875,37.39110162950809,3.0,2019-07-26T19:51:40.992357-07:00,10.0,24.32430648803711,1564195901.1249871,11.715613106224271,POINT (-122.07937890675112 37.39110162950809),ios,0.9338650409710223,0.13954849425679408,-0.044782127951169017
545,distance,0,-122.07938930031105,0.9100000262260437,1564195902.992312,206.015625,37.39108700308706,3.0,2019-07-26T19:51:42.992312-07:00,10.0,24.34341049194336,1564195903.122299,11.716168649196625,POINT (-122.07938930031105 37.39108700308706),ios,1.2129557080034044,0.049986266963805946,-0.01370101456037372
546,distance,0,-122.07939541910036,1.1299999952316284,1564195903.992289,206.015625,37.39107723816986,3.0,2019-07-26T19:51:43.992289-07:00,10.0,24.34054183959961,1564195904.1334372,11.716446420616574,POINT (-122.07939541910036 37.39107723816986),ios,1.2629408308723549,0.036285565994768905,-0.25074230051538177
547,distance,0,-122.07940195698484,1.1699999570846558,1564195904.9922655,206.015625,37.39106713797654,3.0,2019-07-26T19:51:44.992265-07:00,10.0,24.406002044677734,1564195905.137645,11.71672419183784,POINT (-122.07940195698484 37.39106713797654),ios,1.2992255404029682,-0.2144508161399349,0.14449617525444453
548,distance,0,-122.07940916542157,1.159999966621399,1564195905.9922423,210.234375,37.39105695396419,3.0,2019-07-26T19:51:45.992242-07:00,10.0,24.44607162475586,1564195906.131609,11.717001963191562,POINT (-122.07940916542157 37.39105695396419),ios,1.0847796837817438,-0.069957982591051,0.14771907308010201
549,distance,0,-122.07941478129669,1.159999966621399,1564195906.9922197,210.234375,37.391048278694406,3.0,2019-07-26T19:51:46.992220-07:00,10.0,24.51186752319336,1564195907.121938,11.717279734677739,POINT (-122.07941478129669 37.391048278694406),ios,1.0148232857225594,0.07775774468675757,0.09533087187647796
550,distance,0,-122.07941989425763,0.9900000095367432,1564195907.9921968,212.34375,37.391040106338814,3.0,2019-07-26T19:51:47.992197-07:00,10.0,24.430110931396484,1564195908.1277199,11.717557506097688,POINT (-122.07941989425763 37.391040106338814),ios,1.0925792506757808,0.17308643461273787,-0.25465307759765965
551,distance,0,-122.07942517485662,0.9900000095367432,1564195908.9921746,211.9921875,37.39103122152145,3.0,2019-07-26T19:51:48.992175-07:00,10.0,24.429988861083984,1564195909.124267,11.717835277716318,POINT (-122.07942517485662 37.39103122152145),ios,1.265661847455491,-0.08156099658060381,-0.07206652298917807
552,distance,0,-122.07943188037916,1.0700000524520874,1564195909.9921517,211.9921875,37.391021163237646,3.0,2019-07-26T19:51:49.992152-07:00,10.0,24.480831146240234,1564195910.1138911,11.718113049136267,POINT (-122.07943188037916 37.391021163237646),ios,1.184102717657951,-0.15362587009797274,0.1461042311168447
553,distance,0,-122.0794385859017,0.8799999952316284,1564195910.992128,213.75,37.39101194314416,3.0,2019-07-26T19:51:50.992128-07:00,10.0,24.41170883178711,1564195911.1096869,11.718390820291308,POINT (-122.0794385859017 37.39101194314416),ios,1.0304805102861445,-0.007525122377446397,0.19394810860530473
554,distance,0,-122.07944344740554,0.9399999976158142,1564195911.9921055,213.046875,37.39100351933147,3.0,2019-07-26T19:51:51.992105-07:00,10.0,24.30086898803711,1564195912.10985,11.718668591843711,POINT (-122.07944344740554 37.39100351933147),ios,1.0229555565568227,0.18641863958960586,0.054952986697211
555,distance,0,-122.07944772217616,0.8799999952316284,1564195912.9920824,213.046875,37.390994969790235,3.0,2019-07-26T19:51:52.992082-07:00,10.0,24.288814544677734,1564195913.121234,11.718946363197432,POINT (-122.07944772217616 37.390994969790235),ios,1.2093698849167132,0.2413703554109553,-0.21404198401210983
556,distance,0,-122.07945099111839,0.9399999976158142,1564195913.9920583,190.8984375,37.39098440859224,3.0,2019-07-26T19:51:53.992058-07:00,10.0,24.319393157958984,1564195914.127348,11.719224134286245,POINT (-122.07945099111839 37.39098440859224),ios,1.4507344280627739,0.02733352558900079,-0.21738569452219864
557,distance,0,-122.07945400860353,1.1100000143051147,1564195914.992036,191.25,37.390971584280386,3.0,2019-07-26T19:51:54.992036-07:00,10.0,24.44356918334961,1564195915.1225371,11.719501905904876,POINT (-122.07945400860353 37.390971584280386),ios,1.4780673475874837,-0.19004734885587618,0.12319573809086569
558,distance,0,-122.07945778045996,1.2200000286102295,1564195915.9920123,191.6015625,37.390958634239986,3.0,2019-07-26T19:51:55.992012-07:00,10.0,24.44625473022461,1564195916.141654,11.719779677059915,POINT (-122.07945778045996 37.390958634239986),ios,1.2880245298134951,-0.0668545479802932,0.03837205028237866
559,distance,0,-122.07946272578283,1.2200000286102295,1564195916.9919899,209.53125,37.39094773776586,3.0,2019-07-26T19:51:56.991990-07:00,10.0,24.184810638427734,1564195917.1678529,11.72005744861232,POINT (-122.07946272578283 37.39094773776586),ios,1.2211714801336375,-0.02848335766722686,0.1336342378990069
560,distance,0,-122.07946850929602,1.1299999952316284,1564195917.9919672,209.53125,37.39093776330109,3.0,2019-07-26T19:51:57.991967-07:00,10.0,24.111629486083984,1564195918.136843,11.720335220098496,POINT (-122.07946850929602 37.39093776330109),ios,1.1926887676077687,0.10514785344769374,-0.17945293187737746
561,distance,0,-122.07947420899018,1.1200000047683716,1564195918.9919434,209.1796875,37.39092804029341,3.0,2019-07-26T19:51:58.991943-07:00,10.0,24.130672454833984,1564195919.129024,11.720612991253535,POINT (-122.07947420899018 37.39092804029341),ios,1.297834114135281,-0.07430079993838032,0.03727650401913106
562,distance,0,-122.07947999250337,1.1200000047683716,1564195919.991921,199.3359375,37.39091731145735,3.0,2019-07-26T19:51:59.991921-07:00,10.0,24.27071762084961,1564195920.118067,11.720890762805938,POINT (-122.07947999250337 37.39091731145735),ios,1.2235349793778685,-0.03702513133589474,0.15744583149435196
563,distance,0,-122.0794851054643,1.0,1564195920.991898,199.3359375,37.39090708553548,3.0,2019-07-26T19:52:00.991898-07:00,10.0,24.239925384521484,1564195921.1161819,11.721168534225887,POINT (-122.0794851054643 37.39090708553548),ios,1.1865106954799773,0.1204170965093599,-0.14027331937790732
564,distance,0,-122.0794906375204,1.2000000476837158,1564195921.9918752,200.0390625,37.3908973625278,3.0,2019-07-26T19:52:01.991875-07:00,10.0,24.15432357788086,1564195922.122659,11.721446305645836,POINT (-122.0794906375204 37.3908973625278),ios,1.3069250358607245,-0.019853012267060186,0.014398556598123854
565,distance,0,-122.07949792977615,1.2000000476837158,1564195922.9918518,209.8828125,37.39088713660593,3.0,2019-07-26T19:52:02.991852-07:00,10.0,24.053035736083984,1564195923.12449,11.72172407693333,POINT (-122.07949792977615 37.39088713660593),ios,1.287072487459708,-0.005454792091510045,-0.04813836264790134
566,distance,0,-122.07950622786029,1.2000000476837158,1564195923.9918284,210.234375,37.39087762314583,3.0,2019-07-26T19:52:03.991828-07:00,10.0,23.981014251708984,1564195924.129919,11.722001848220826,POINT (-122.07950622786029 37.39087762314583),ios,1.2816178228195283,-0.05359202998556915,-0.04617775279319749
567,distance,0,-122.07951553177281,1.2200000286102295,1564195924.991806,210.234375,37.39086878023799,3.0,2019-07-26T19:52:04.991806-07:00,10.0,23.66939926147461,1564195925.123486,11.722279619773229,POINT (-122.07951553177281 37.39086878023799),ios,1.2280269939035093,-0.09976874787315118,0.10420522596969142
568,distance,0,-122.07952399749502,1.1200000047683716,1564195925.9917824,217.6171875,37.39086002114917,3.0,2019-07-26T19:52:05.991782-07:00,10.0,23.758358001708984,1564195926.128371,11.722557390994496,POINT (-122.07952399749502 37.39086002114917),ios,1.1282606009159457,0.004434018494811086,-0.060631163058065624
569,distance,0,-122.07953204412206,1.1200000047683716,1564195926.9917598,217.6171875,37.39085214216019,3.0,2019-07-26T19:52:06.991760-07:00,10.0,23.69741439819336,1564195927.1223311,11.722835162480672,POINT (-122.07953204412206 37.39085214216019),ios,1.1326945189812798,-0.05619577128165871,0.17200904822251467
570,distance,0,-122.07953925255879,1.1200000047683716,1564195927.9917364,216.5625,37.390843718347504,3.0,2019-07-26T19:52:07.991736-07:00,10.0,23.541683197021484,1564195928.134661,11.723112933768167,POINT (-122.07953925255879 37.390843718347504),ios,1.0765000607149833,0.11580925794587474,-0.08743888364408586
571,distance,0,-122.07954486843391,1.090000033378601,1564195928.991714,216.5625,37.390835126896754,3.0,2019-07-26T19:52:08.991714-07:00,10.0,23.565975189208984,1564195929.1402411,11.72339070532057,POINT (-122.07954486843391 37.390835126896754),ios,1.1923067232194577,0.028372333924902158,-0.20048087444382873
572,distance,0,-122.07954796973809,1.159999966621399,1564195929.991691,216.5625,37.390824691427305,3.0,2019-07-26T19:52:09.991691-07:00,10.0,23.691219329833984,1564195930.1335812,11.723668476740519,POINT (-122.07954796973809 37.390824691427305),ios,1.220678407753172,-0.17210395187586527,0.11036483922364329
573,distance,0,-122.07954964611872,0.9700000286102295,1564195930.9916682,216.5625,37.39081379495318,3.0,2019-07-26T19:52:10.991668-07:00,10.0,23.678157806396484,1564195931.133532,11.723946248160468,POINT (-122.07954964611872 37.39081379495318),ios,1.0485783950241545,-0.06174163870292442,0.1756985975747519
574,distance,0,-122.07954972993775,1.0,1564195931.9916453,216.5625,37.390804365312114,3.0,2019-07-26T19:52:11.991645-07:00,10.0,23.581722259521484,1564195932.136524,11.724224019580417,POINT (-122.07954972993775 37.390804365312114),ios,0.9868381694751921,0.11395293745006903,0.009498103458370223
575,distance,0,-122.07955216068967,0.9300000071525574,1564195933.991599,216.5625,37.39078672140594,3.0,2019-07-26T19:52:13.991599-07:00,10.0,23.706966400146484,1564195934.12391,11.72477956228786,POINT (-122.07955216068967 37.39078672140594),ios,1.2147387736868285,0.13294870504908932,-0.2759173447540569
576,distance,0,-122.07955501053675,0.9300000071525574,1564195934.991576,194.0625,37.390776034479394,3.0,2019-07-26T19:52:14.991576-07:00,10.0,23.61635971069336,1564195935.1204848,11.725057333641582,POINT (-122.07955501053675 37.390776034479394),ios,1.3476844040841067,-0.14296225867430287,0.16284454491785444
577,distance,0,-122.07955861475511,1.149999976158142,1564195935.9915524,216.5625,37.39076425790544,3.0,2019-07-26T19:52:15.991552-07:00,10.0,23.58498764038086,1564195936.120585,11.725335104862848,POINT (-122.07955861475511 37.39076425790544),ios,1.2047255198108031,0.01987844255221522,0.3063626118078248
578,distance,0,-122.0795628057067,1.149999976158142,1564195936.9915302,216.5625,37.39075394816454,3.0,2019-07-26T19:52:16.991530-07:00,10.0,23.569820404052734,1564195937.118976,11.72561287648148,POINT (-122.0795628057067 37.39075394816454),ios,1.2246035215997457,0.3262342614039505,-0.31902200698909416
579,distance,0,-122.07956900831505,1.1100000143051147,1564195937.991507,216.5625,37.39074409942831,3.0,2019-07-26T19:52:17.991507-07:00,10.0,23.641414642333984,1564195938.119255,11.725890647835202,POINT (-122.07956900831505 37.39074409942831),ios,1.5508302383137176,0.007219632309896345,-0.24419650839816162
580,distance,0,-122.07957948569401,1.1100000143051147,1564195938.9914837,214.1015625,37.39073290958758,3.0,2019-07-26T19:52:18.991484-07:00,10.0,23.65243148803711,1564195939.126045,11.726168419122695,POINT (-122.07957948569401 37.39073290958758),ios,1.5580497019367552,-0.236971170431779,-0.07274462880029628
581,distance,0,-122.07958904106363,1.3300000429153442,1564195939.9914618,209.8828125,37.39072113301362,3.0,2019-07-26T19:52:19.991462-07:00,10.0,23.589107513427734,1564195940.135756,11.726446190807554,POINT (-122.07958904106363 37.39072113301362),ios,1.3210837293513125,-0.30971420361434,-0.07701765645921992
582,distance,0,-122.07959884789034,0.9900000095367432,1564195940.9914372,209.8828125,37.39071216437723,3.0,2019-07-26T19:52:20.991437-07:00,10.0,23.670284271240234,1564195941.1803699,11.726723961763911,POINT (-122.07959884789034 37.39071216437723),ios,1.0113771314238689,-0.3867299687422174,0.5482741907749946
583,distance,0,-122.07960437994643,0.9900000095367432,1564195941.991414,209.8828125,37.390704201569214,3.0,2019-07-26T19:52:21.991414-07:00,10.0,23.628292083740234,1564195942.127841,11.727001733117634,POINT (-122.07960437994643 37.390704201569214),ios,0.6246561064317869,0.16153154231368558,-0.06405842395319308
584,distance,0,-122.07960035663291,0.6000000238418579,1564195943.991369,209.53125,37.39069343082364,3.0,2019-07-26T19:52:23.991369-07:00,10.0,23.68362045288086,1564195944.124723,11.727557276156213,POINT (-122.07960035663291 37.39069343082364),ios,0.9477119122683272,0.0334175809510805,-0.09767526984618016
585,distance,0,-122.07959122035845,0.8899999856948853,1564195945.991323,209.1796875,37.3906780081218,3.0,2019-07-26T19:52:25.991323-07:00,10.0,23.575374603271484,1564195946.130989,11.728112818929883,POINT (-122.07959122035845 37.3906780081218),ios,1.0145455364676599,-0.16192846423466317,0.20435897644351056
586,distance,0,-122.0795902983491,0.8899999856948853,1564195946.9913003,209.53125,37.39066891375686,3.0,2019-07-26T19:52:26.991300-07:00,10.0,23.568172454833984,1564195947.123907,11.72839059041606,POINT (-122.0795902983491 37.39066891375686),ios,0.8526207398746608,0.042425883526052324,0.0005192718777070327
587,distance,0,-122.07959272910102,0.7300000190734863,1564195948.9912539,209.53125,37.390653700602606,3.0,2019-07-26T19:52:28.991254-07:00,10.0,23.73189926147461,1564195949.12344,11.728946133057276,POINT (-122.07959272910102 37.390653700602606),ios,0.9374705344785863,0.043464403139674056,0.1358208781435813
588,distance,0,-122.07959750678583,0.8500000238418579,1564195950.9912086,209.53125,37.39063727207239,3.0,2019-07-26T19:52:30.991209-07:00,10.0,23.747554779052734,1564195951.110797,11.72950167602963,POINT (-122.07959750678583 37.39063727207239),ios,1.0243973718408992,0.31510000680488853,-0.352448168152786
589,distance,0,-122.0796022006516,0.8999999761581421,1564195951.9911857,209.53125,37.3906288482597,3.0,2019-07-26T19:52:31.991186-07:00,10.0,23.58785629272461,1564195952.110085,11.729779447449578,POINT (-122.0796022006516 37.3906288482597),ios,1.3394901665789816,-0.037340094449517525,0.07227639308345797
590,distance,0,-122.07960949290737,0.8999999761581421,1564195952.9911618,208.125,37.390618287061706,3.0,2019-07-26T19:52:32.991162-07:00,10.0,23.690547943115234,1564195953.120851,11.730057218604617,POINT (-122.07960949290737 37.390618287061706),ios,1.3021509623866903,0.034934575430446285,0.01160306354698601
591,distance,0,-122.07961770717247,0.9100000262260437,1564195953.991139,209.53125,37.39060856405403,3.0,2019-07-26T19:52:33.991139-07:00,10.0,23.64339828491211,1564195954.122439,11.730334990024566,POINT (-122.07961770717247 37.39060856405403),ios,1.3370847382281603,0.04653737340438358,-0.313535033256041
592,distance,0,-122.07962575379952,1.2599999904632568,1564195954.991116,198.28125,37.39059838004167,3.0,2019-07-26T19:52:34.991116-07:00,10.0,23.62215805053711,1564195955.128288,11.730612761444515,POINT (-122.07962575379952 37.39059838004167),ios,1.3836210464765974,-0.26699048360425315,0.4185104591607523
593,distance,0,-122.07963539298817,1.0,1564195955.9910927,198.28125,37.39058857321496,3.0,2019-07-26T19:52:35.991093-07:00,10.0,23.514156341552734,1564195956.128676,11.73089053273201,POINT (-122.07963539298817 37.39058857321496),ios,1.1166368011105343,0.15151019705093596,-0.08272017121187107
594,distance,0,-122.07964402634843,1.0,1564195956.9910703,198.6328125,37.39058123904969,3.0,2019-07-26T19:52:36.991070-07:00,10.0,23.670589447021484,1564195957.124413,11.731168304284413,POINT (-122.07964402634843 37.39058123904969),ios,1.2681436026139556,0.06879187970947913,-0.04060353031476877
595,distance,0,-122.0796545037274,1.0,1564195957.9910467,215.859375,37.39057344387974,3.0,2019-07-26T19:52:37.991047-07:00,10.0,23.71358871459961,1564195958.131826,11.73144607550568,POINT (-122.0796545037274 37.39057344387974),ios,1.3369338585984756,0.028189307777674765,-0.21895015031524073
596,distance,0,-122.07966565165862,1.100000023841858,1564195958.991024,215.5078125,37.39056531343366,3.0,2019-07-26T19:52:38.991024-07:00,10.0,23.67379379272461,1564195959.13908,11.731723846991857,POINT (-122.07966565165862 37.39056531343366),ios,1.3651225278949533,-0.19075588336811142,0.11945831242977144
597,distance,0,-122.07967713486596,1.2599999904632568,1564195959.9910007,215.15625,37.390557099168554,3.0,2019-07-26T19:52:39.991001-07:00,10.0,23.33559799194336,1564195960.135168,11.732001618279352,POINT (-122.07967713486596 37.390557099168554),ios,1.1743711015420153,-0.0713003620842889,0.15278965037169062
598,distance,0,-122.07968736078783,0.7900000214576721,1564195960.9909787,215.15625,37.3905503517365,3.0,2019-07-26T19:52:40.990979-07:00,10.0,23.46328353881836,1564195961.13487,11.73227938996421,POINT (-122.07968736078783 37.3905503517365),ios,1.10307230339618,0.08148593692139815,0.03220712863721721
599,distance,0,-122.07970689062222,0.8799999952316284,1564195962.9909325,217.265625,37.39053798842932,3.0,2019-07-26T19:52:42.990932-07:00,10.0,23.404109954833984,1564195963.126649,11.732834932671652,POINT (-122.07970689062222 37.39053798842932),ios,1.2660404082532846,0.14589870451293033,0.007871351409192514
600,distance,0,-122.07971929583891,0.9100000262260437,1564195963.990909,217.6171875,37.390532288735166,3.0,2019-07-26T19:52:43.990909-07:00,10.0,23.39626693725586,1564195964.139909,11.733112703959147,POINT (-122.07971929583891 37.390532288735166),ios,1.4119357038399563,0.15376987200783382,-0.1491442958998326
601,distance,0,-122.07973513763591,1.2699999809265137,1564195964.9908972,218.3203125,37.39053061235453,3.0,2019-07-26T19:52:44.990897-07:00,10.0,23.164180755615234,1564195965.176577,11.733390478425555,POINT (-122.07973513763591 37.39053061235453),ios,1.5657037427680704,0.004627354046556668,8.795353554316184e-05
602,distance,0,-122.07975273963257,1.1799999475479126,1564195965.9908636,290.0390625,37.39053224682565,3.0,2019-07-26T19:52:45.990864-07:00,10.0,23.387569427490234,1564195966.1172109,11.733668246865273,POINT (-122.07975273963257 37.39053224682565),ios,1.5703309412567752,0.004715304625364097,-0.1587510800563002
603,distance,0,-122.07976950343891,1.2400000095367432,1564195966.99084,290.0390625,37.390536940691426,3.0,2019-07-26T19:52:46.990840-07:00,10.0,23.49270248413086,1564195967.103888,11.73394601808654,POINT (-122.07976950343891 37.390536940691426),ios,1.5750461345847326,-0.15403202835944926,0.050462629183723524
604,distance,0,-122.07978442322656,1.2400000095367432,1564195967.9908166,311.8359375,37.39054469395186,3.0,2019-07-26T19:52:47.990817-07:00,10.0,23.58425521850586,1564195968.129939,11.734223789374033,POINT (-122.07978442322656 37.39054469395186),ios,1.4210177051868225,-0.10357057823610381,0.10247618385730603
605,distance,0,-122.07979674462422,1.2400000095367432,1564195968.9907951,311.484375,37.39055290821697,3.0,2019-07-26T19:52:48.990795-07:00,10.0,23.47433090209961,1564195969.1088638,11.734501561191347,POINT (-122.07979674462422 37.39055290821697),ios,1.3174493493342276,-0.0010965932791510162,-0.11611416047787709
606,distance,0,-122.07980764109834,1.1200000047683716,1564195969.9907863,311.1328125,37.39056099675353,3.0,2019-07-26T19:52:49.990786-07:00,10.0,23.47304916381836,1564195970.096305,11.734779336518711,POINT (-122.07980764109834 37.39056099675353),ios,1.3163527657286604,-0.11720972945742138,0.20360079375910853
607,distance,0,-122.07981937576278,1.1299999952316284,1564195970.9950142,299.1796875,37.39056837282832,3.0,2019-07-26T19:52:50.995014-07:00,10.0,23.53695297241211,1564195971.101482,11.735058288706673,POINT (-122.07981937576278 37.39056837282832),ios,1.1986474879913651,0.08725186334623189,-0.0694731366231462
608,distance,0,-122.07983043987497,1.1299999952316284,1564195971.9953015,299.8828125,37.39057461734618,3.0,2019-07-26T19:52:51.995301-07:00,10.0,23.39016342163086,1564195972.105166,11.735336146288448,POINT (-122.07983043987497 37.39057461734618),ios,1.285924418308263,0.017758767480829787,-0.2353191531129572
609,distance,0,-122.07984259363457,1.1299999952316284,1564195972.9956193,299.8828125,37.39058098759259,3.0,2019-07-26T19:52:52.995619-07:00,10.0,23.358455657958984,1564195973.1061602,11.735614012347327,POINT (-122.07984259363457 37.39058098759259),ios,1.3036888297378986,-0.21763517287480216,0.29624922080224053
610,distance,0,-122.07985525030836,1.090000033378601,1564195973.9959164,299.8828125,37.390587022562876,3.0,2019-07-26T19:52:53.995916-07:00,10.0,23.485042572021484,1564195974.1038342,11.735891872644425,POINT (-122.07985525030836 37.390587022562876),ios,1.085989004080322,0.07870205455001975,-0.09723157011133027
611,distance,0,-122.07986614678248,0.949999988079071,1564195974.99619,292.1484375,37.39059154879059,3.0,2019-07-26T19:52:54.996190-07:00,10.0,23.431575775146484,1564195975.1197538,11.736169726451237,POINT (-122.07986614678248 37.39059154879059),ios,1.1647125997390986,-0.018556128282393166,0.10238868949721969
612,distance,0,-122.07987830054208,1.1100000143051147,1564195975.9964428,292.1484375,37.39059561401363,3.0,2019-07-26T19:52:55.996443-07:00,10.0,23.576961517333984,1564195976.1377668,11.736447574430041,POINT (-122.07987830054208 37.39059561401363),ios,1.1461517818834224,0.08385843726264447,-0.04368134652552603
613,distance,0,-122.07989020284458,1.0199999809265137,1564195976.9966707,292.8515625,37.39059972114618,3.0,2019-07-26T19:52:56.996671-07:00,10.0,23.61928939819336,1564195977.125232,11.736725415521198,POINT (-122.07989020284458 37.39059972114618),ios,1.2300293328455085,0.040167134528107745,-0.1263257394804724
614,distance,0,-122.07990244042321,1.1100000143051147,1564195977.9968915,304.453125,37.39060500174518,3.0,2019-07-26T19:52:57.996891-07:00,10.0,23.59243392944336,1564195978.14662,11.737003254625533,POINT (-122.07990244042321 37.39060500174518),ios,1.2702053352970126,-0.08618649459383054,0.08121832033215065
615,distance,0,-122.07991434272571,1.100000023841858,1564195978.99709,304.453125,37.390611413901105,3.0,2019-07-26T19:52:58.997090-07:00,10.0,23.696285247802734,1564195979.128624,11.73728108757072,POINT (-122.07991434272571 37.390611413901105),ios,1.184001723834687,-0.004952044085889896,0.02030496852907249
616,distance,0,-122.07992523919984,1.1299999952316284,1564195979.9972816,304.453125,37.39061761650945,3.0,2019-07-26T19:52:59.997282-07:00,10.0,23.63766098022461,1564195980.2430549,11.737558918529087,POINT (-122.07992523919984 37.39061761650945),ios,1.1790487316793674,0.015356811831824151,0.056996883617119305
617,distance,0,-122.07993672240718,1.100000023841858,1564195980.997437,304.453125,37.390623022837,3.0,2019-07-26T19:53:00.997437-07:00,10.0,23.77688217163086,1564195981.140212,11.737836739487118,POINT (-122.07993672240718 37.390623022837),ios,1.1944079307109068,0.07236255555257885,-0.025253928121568417
618,distance,0,-122.07994912762388,1.090000033378601,1564195981.9975905,290.390625,37.390627297607615,3.0,2019-07-26T19:53:01.997591-07:00,10.0,23.783748626708984,1564195982.1372972,11.738114559915331,POINT (-122.07994912762388 37.390627297607615),ios,1.2667815969235083,0.04710474990336573,-0.36114292364952316
619,distance,0,-122.07996262248798,1.2999999523162842,1564195982.9977322,290.390625,37.390631153283074,3.0,2019-07-26T19:53:02.997732-07:00,10.0,23.78548812866211,1564195983.137846,11.738392377032174,POINT (-122.07996262248798 37.390631153283074),ios,1.3138930178315134,-0.31408931903668663,0.39295721500864184
620,distance,0,-122.07997678790434,1.2999999523162842,1564195983.9978614,290.390625,37.39063475750144,3.0,2019-07-26T19:53:03.997861-07:00,10.0,23.83401107788086,1564195984.12813,11.738670190705193,POINT (-122.07997678790434 37.39063475750144),ios,0.9997631112716243,0.07891867503101598,0.13111059792396365
621,distance,0,-122.07998768437847,1.149999976158142,1564195984.997982,290.390625,37.39063718825336,3.0,2019-07-26T19:53:04.997982-07:00,10.0,23.726436614990234,1564195985.132667,11.738948001994027,POINT (-122.07998768437847 37.39063718825336),ios,1.0786913070358932,0.2100450901114255,-0.20115845470155158
622,distance,0,-122.07999908376678,1.149999976158142,1564195985.998094,290.7421875,37.390640666743174,3.0,2019-07-26T19:53:05.998094-07:00,10.0,23.80617904663086,1564195986.129026,11.739225810898676,POINT (-122.07999908376678 37.390640666743174),ios,1.2887599341137266,0.008864094250790126,-0.050496483222169666
623,distance,0,-122.08001274626895,1.190000057220459,1564195986.9981973,290.390625,37.39064473196621,3.0,2019-07-26T19:53:06.998197-07:00,10.0,23.770442962646484,1564195987.1425881,11.73950361735291,POINT (-122.08001274626895 37.39064473196621),ios,1.2976249434514562,-0.041637601988184045,-0.09640457653578235
624,distance,0,-122.08002624113306,1.2899999618530273,1564195987.9982927,291.09375,37.390649342012956,3.0,2019-07-26T19:53:07.998293-07:00,10.0,23.70211410522461,1564195988.128922,11.739781421621641,POINT (-122.08002624113306 37.390649342012956),ios,1.2559833705921108,-0.138051372380829,0.05640743300243716
625,distance,0,-122.08003914926394,1.190000057220459,1564195988.9983797,297.421875,37.39065407778825,3.0,2019-07-26T19:53:08.998380-07:00,10.0,23.777584075927734,1564195989.131659,11.740059223572413,POINT (-122.08003914926394 37.39065407778825),ios,1.117919984596885,-0.08163903064668192,0.14567015195707977
626,distance,0,-122.08005004573806,1.0800000429153442,1564195989.9984593,301.640625,37.39065919074918,3.0,2019-07-26T19:53:09.998459-07:00,10.0,23.926387786865234,1564195990.130667,11.740337023470136,POINT (-122.08005004573806 37.39065919074918),ios,1.0362744528868,0.06404272128759399,0.0902894619354274
627,distance,0,-122.08005960110768,0.8899999856948853,1564195990.9985337,307.265625,37.39066459707673,3.0,2019-07-26T19:53:10.998534-07:00,10.0,23.94509506225586,1564195991.131753,11.740614821910858,POINT (-122.08005960110768 37.39066459707673),ios,1.1003219380944727,0.1543388995488108,-0.10590879933314343
628,distance,0,-122.08008022058948,0.8899999856948853,1564195992.998662,301.2890625,37.39067570309843,3.0,2019-07-26T19:53:12.998662-07:00,10.0,24.223934173583984,1564195993.132141,11.741170413096746,POINT (-122.08008022058948 37.39067570309843),ios,1.4090195341185825,-0.057492283953968895,0.054835571638532955
629,distance,0,-122.08009430218681,1.1799999475479126,1564195993.9987183,300.5859375,37.39068165424968,3.0,2019-07-26T19:53:13.998718-07:00,10.0,24.281978607177734,1564195994.137154,11.741448206504186,POINT (-122.08009430218681 37.39068165424968),ios,1.3515240152586523,-0.0026536268941344116,-0.3052605458915274
630,distance,0,-122.08010813232704,1.1299999952316284,1564195994.998768,293.90625,37.39068685102965,3.0,2019-07-26T19:53:14.998768-07:00,10.0,24.43191146850586,1564195995.133179,11.741725998123487,POINT (-122.08010813232704 37.39068685102965),ios,1.3488702561356616,-0.3079293837608537,0.47374258840947975
631,distance,0,-122.08012187864824,1.1699999570846558,1564195995.9988136,297.0703125,37.39069213162865,3.0,2019-07-26T19:53:15.998814-07:00,10.0,24.517940521240234,1564195996.128751,11.742003788550695,POINT (-122.08012187864824 37.39069213162865),ios,1.0409268499023552,0.16583477791427065,0.013663506708483535
632,distance,0,-122.08013277512237,1.1299999952316284,1564195996.9988532,297.0703125,37.390695693937495,3.0,2019-07-26T19:53:16.998853-07:00,10.0,24.477779388427734,1564195997.11325,11.742281577322219,POINT (-122.08013277512237 37.390695693937495),ios,1.206768191139917,0.1794988253899741,-0.39306263653629203
633,distance,0,-122.08014576707228,1.1699999570846558,1564195997.9988902,291.4453125,37.390699046698764,3.0,2019-07-26T19:53:17.998890-07:00,10.0,24.497859954833984,1564195998.118826,11.74255936536524,POINT (-122.08014576707228 37.390699046698764),ios,1.3862736498874006,-0.2135783367287895,0.3478009774832697
634,distance,0,-122.08016093831702,1.0499999523162842,1564195998.9989238,291.09375,37.39070223182197,3.0,2019-07-26T19:53:18.998924-07:00,10.0,24.695552825927734,1564195999.1159182,11.74283715248108,POINT (-122.08016093831702 37.39070223182197),ios,1.1726881332914678,0.13423433278677574,-0.022412992978611598
635,distance,0,-122.080174097905,1.0499999523162842,1564195999.9989524,291.09375,37.39070361483599,3.0,2019-07-26T19:53:19.998952-07:00,10.0,24.83773422241211,1564196000.11817,11.743114938206142,POINT (-122.080174097905 37.39070361483599),ios,1.3069263065533103,0.11182069856729142,-0.08633769027288832
636,distance,0,-122.08018885005458,1.0499999523162842,1564196000.9989781,278.0859375,37.390704494935825,3.0,2019-07-26T19:53:20.998978-07:00,10.0,24.92855453491211,1564196001.131005,11.743392723136479,POINT (-122.08018885005458 37.390704494935825),ios,1.418749884414865,0.025480785167383824,-0.23937639480909031
637,distance,0,-122.08020485948964,1.0800000429153442,1564196001.9990008,278.0859375,37.390705500764206,3.0,2019-07-26T19:53:21.999001-07:00,10.0,24.938716888427734,1564196002.12984,11.743670507205858,POINT (-122.08020485948964 37.390705500764206),ios,1.4442312467160452,-0.21390103146079895,0.11013923864837967
638,distance,0,-122.08022120420083,1.2899999618530273,1564196002.9990191,277.03125,37.3907057522213,3.0,2019-07-26T19:53:22.999019-07:00,10.0,24.86318588256836,1564196003.1381311,11.743948290083143,POINT (-122.08022120420083 37.3907057522213),ios,1.230326288410787,-0.10375977085087908,0.20589205835336047
639,distance,0,-122.08023503434106,1.2899999618530273,1564196003.9990351,260.859375,37.39070445302631,3.0,2019-07-26T19:53:23.999035-07:00,10.0,24.72518539428711,1564196004.1335812,11.744226072298156,POINT (-122.08023503434106 37.39070445302631),ios,1.12656486009668,0.10213557643144545,-0.12416647970141571
640,distance,0,-122.08024710428163,1.1100000143051147,1564196004.9990485,260.15625,37.39070118408407,3.0,2019-07-26T19:53:24.999048-07:00,10.0,24.70083236694336,1564196005.138665,11.744503853784668,POINT (-122.08024710428163 37.39070118408407),ios,1.22870180018519,-0.022032561071327356,0.12371672231052828
641,distance,0,-122.08025917422219,1.1100000143051147,1564196005.9990587,259.1015625,37.390695693937495,3.0,2019-07-26T19:53:25.999059-07:00,10.0,24.66823959350586,1564196006.13112,11.744781634410222,POINT (-122.08025917422219 37.390695693937495),ios,1.2066690132360707,0.10168542958290214,-0.1802935082293018
642,distance,0,-122.08026956778212,1.149999976158142,1564196006.9990678,230.625,37.39068865313883,3.0,2019-07-26T19:53:26.999068-07:00,10.0,24.70656967163086,1564196007.125757,11.74505941470464,POINT (-122.08026956778212 37.39068865313883),ios,1.308355364079407,-0.07860971208863766,0.024403557290481798
643,distance,0,-122.08027996134206,1.309999942779541,1564196007.9990735,230.2734375,37.39068027123566,3.0,2019-07-26T19:53:27.999074-07:00,10.0,24.702388763427734,1564196008.2827559,11.745337194071876,POINT (-122.08027996134206 37.39068027123566),ios,1.2297452021823887,-0.054206015159880966,0.12239162040396742
644,distance,0,-122.08028859470232,1.149999976158142,1564196008.9990778,216.5625,37.39067159596588,3.0,2019-07-26T19:53:28.999078-07:00,10.0,24.668636322021484,1564196009.113164,11.745614973041747,POINT (-122.08028859470232 37.39067159596588),ios,1.1755389543955277,0.06818613049193861,-0.05534197157327454
645,distance,0,-122.08029588695808,1.159999966621399,1564196009.9990802,216.5625,37.39066275305803,3.0,2019-07-26T19:53:29.999080-07:00,10.0,24.661861419677734,1564196010.1211019,11.745892751481797,POINT (-122.08029588695808 37.39066275305803),ios,1.2437252474558698,0.012844026973121803,0.045722988504059994
646,distance,0,-122.0803022572045,1.1399999856948853,1564196010.99908,207.7734375,37.39065277859326,3.0,2019-07-26T19:53:30.999080-07:00,10.0,24.611995697021484,1564196011.131609,11.746170529193348,POINT (-122.0803022572045 37.39065277859326),ios,1.256569271366737,0.05856700457597185,-0.17063555681797524
647,distance,0,-122.08030745398446,1.1399999856948853,1564196011.9990792,202.8515625,37.39064225930478,3.0,2019-07-26T19:53:31.999079-07:00,10.0,24.654048919677734,1564196012.1268702,11.746448306772445,POINT (-122.08030745398446 37.39064225930478),ios,1.3151362340523227,-0.11206843019394239,0.026991447509207078
648,distance,0,-122.08031122584089,1.1399999856948853,1564196012.9990754,202.1484375,37.39063081800695,3.0,2019-07-26T19:53:32.999075-07:00,10.0,24.57686996459961,1564196013.130027,11.746726083490584,POINT (-122.08031122584089 37.39063081800695),ios,1.2030682313655146,-0.08507708564893632,0.1918382506615072
649,distance,0,-122.08031441096409,1.100000023841858,1564196013.999071,206.3671875,37.39062029871847,3.0,2019-07-26T19:53:33.999071-07:00,10.0,24.47890853881836,1564196014.130347,11.747003860010041,POINT (-122.08031441096409 37.39062029871847),ios,1.1179915311117778,0.10676029599431121,-0.1194832259168765
650,distance,0,-122.08031818282052,1.059999942779541,1564196014.999065,208.828125,37.390610701439336,3.0,2019-07-26T19:53:34.999065-07:00,10.0,24.52273178100586,1564196015.12592,11.747281636132135,POINT (-122.08031818282052 37.390610701439336),ios,1.2247511907651372,-0.012722217747041558,0.10420736387887168
651,distance,0,-122.08032346341952,1.149999976158142,1564196015.9990578,208.4765625,37.39060051742698,3.0,2019-07-26T19:53:35.999058-07:00,10.0,24.54854965209961,1564196016.135145,11.74755941192309,POINT (-122.08032346341952 37.39060051742698),ios,1.212029064014488,0.09148440078268129,-0.24433023431030423
652,distance,0,-122.08032899547561,1.149999976158142,1564196016.9990482,202.8515625,37.39059054296221,3.0,2019-07-26T19:53:36.999048-07:00,10.0,24.532527923583984,1564196017.130197,11.747837187051774,POINT (-122.08032899547561 37.39059054296221),ios,1.3035125923339355,-0.1528435034129311,0.05630438369351871
653,distance,0,-122.08033469516977,1.149999976158142,1564196017.9990387,207.0703125,37.39057973030712,3.0,2019-07-26T19:53:37.999039-07:00,10.0,24.511531829833984,1564196018.129802,11.748114962180455,POINT (-122.08033469516977 37.39057973030712),ios,1.1506705465502407,-0.09653965667985868,0.23469742076142594
654,distance,0,-122.0803400595878,1.1100000143051147,1564196018.9990287,207.0703125,37.39057030066605,3.0,2019-07-26T19:53:38.999029-07:00,10.0,24.313716888427734,1564196019.12938,11.748392737176683,POINT (-122.0803400595878 37.39057030066605),ios,1.0541318565779885,0.138155413920093,-0.03359221478539168
655,distance,0,-122.0803503693287,1.1399999856948853,1564196020.999003,205.6640625,37.39055320158358,3.0,2019-07-26T19:53:40.999003-07:00,10.0,24.25613021850586,1564196021.1309772,11.748948285579681,POINT (-122.0803503693287 37.39055320158358),ios,1.3304391270258864,0.07097184932218639,-0.2369491478288724
656,distance,0,-122.08035782922252,1.3799999952316284,1564196021.9989886,206.3671875,37.390542808023646,3.0,2019-07-26T19:53:41.998989-07:00,10.0,24.26229476928711,1564196022.13323,11.749226059383815,POINT (-122.08035782922252 37.390542808023646),ios,1.4014099610876245,-0.1659739089219373,-0.004989182207071736
657,distance,0,-122.0803657082115,1.3300000429153442,1564196022.9989738,206.3671875,37.39053186964001,3.0,2019-07-26T19:53:42.998974-07:00,10.0,24.37142562866211,1564196023.13521,11.749503833055496,POINT (-122.0803657082115 37.39053186964001),ios,1.2354385055840262,-0.17096301737915762,0.15514936381206224
658,distance,0,-122.08037207845791,1.3300000429153442,1564196023.9989598,201.4453125,37.390521978994265,3.0,2019-07-26T19:53:43.998960-07:00,10.0,24.49984359741211,1564196024.130492,11.749781606925858,POINT (-122.08037207845791 37.390521978994265),ios,1.0644778930896899,-0.015815836006056624,0.23018544663038992
659,distance,0,-122.08037693996175,1.1299999952316284,1564196024.9989433,201.4453125,37.39051321990545,3.0,2019-07-26T19:53:44.998943-07:00,10.0,24.50259017944336,1564196025.1249142,11.750059380133946,POINT (-122.08037693996175 37.39051321990545),ios,1.0486623172680845,0.21436582387072234,-0.15411470382853815
660,distance,0,-122.08037920307561,1.190000057220459,1564196026.9989085,181.7578125,37.390494444442346,3.0,2019-07-26T19:53:46.998909-07:00,10.0,24.524288177490234,1564196027.142332,11.750614926020305,POINT (-122.08037920307561 37.390494444442346),ios,1.4773865031254394,-0.09385821919028296,0.03633366073077519
661,distance,0,-122.0803778619711,1.190000057220459,1564196027.9988894,181.40625,37.390481201035335,3.0,2019-07-26T19:53:47.998889-07:00,10.0,24.703548431396484,1564196028.133306,11.750892698499891,POINT (-122.0803778619711 37.390481201035335),ios,1.383530074138617,-0.057525251469088975,0.11262002160993655
662,distance,0,-122.08037610177144,1.190000057220459,1564196028.9988708,184.921875,37.39046883772816,3.0,2019-07-26T19:53:48.998871-07:00,10.0,24.81148910522461,1564196029.126143,11.751170471111934,POINT (-122.08037610177144 37.39046883772816),ios,1.326005892446448,0.05509267578581619,-0.04877432903164771
663,distance,0,-122.08037517976209,1.1699999570846558,1564196029.9988513,185.2734375,37.390456935425654,3.0,2019-07-26T19:53:49.998851-07:00,10.0,24.874080657958984,1564196030.123176,11.751448243459066,POINT (-122.08037517976209 37.390456935425654),ios,1.3810974911526308,0.006319300308078877,-0.046552151022989964
664,distance,0,-122.08037752669497,1.3200000524520874,1564196030.9988313,202.1484375,37.39044465593751,3.0,2019-07-26T19:53:50.998831-07:00,10.0,24.88491439819336,1564196031.1162748,11.751726015673743,POINT (-122.08037752669497 37.39044465593751),ios,1.3874166649030673,-0.0402319184075042,0.09764689958923328
665,distance,0,-122.0803812985514,1.3200000524520874,1564196031.9988112,202.1484375,37.390432544087425,3.0,2019-07-26T19:53:51.998811-07:00,10.0,24.854488372802734,1564196032.10204,11.752003787888421,POINT (-122.0803812985514 37.390432544087425),ios,1.347185552226656,0.057413025591584566,-0.2154805393776337
666,distance,0,-122.08038674678846,1.3200000524520874,1564196032.99879,202.1484375,37.39042122851814,3.0,2019-07-26T19:53:52.998790-07:00,10.0,24.89303207397461,1564196033.102096,11.752281559771962,POINT (-122.08038674678846 37.39042122851814),ios,1.404597359556694,-0.15806294144985114,0.13434841331687425
667,distance,0,-122.08039412286325,1.340000033378601,1564196033.9987693,202.1484375,37.39041003867741,3.0,2019-07-26T19:53:53.998769-07:00,10.0,24.88399887084961,1564196034.1138458,11.752559331787957,POINT (-122.08039412286325 37.39041003867741),ios,1.246537696714189,-0.023717314843706153,-0.02768314074841881
668,distance,0,-122.08040183421417,1.340000033378601,1564196034.998747,202.5,37.39040065094586,3.0,2019-07-26T19:53:54.998747-07:00,10.0,24.86379623413086,1564196035.134241,11.752837103406588,POINT (-122.08040183421417 37.39040065094586),ios,1.2228209077527938,-0.05139984177584231,0.1064159029422664
669,distance,0,-122.0804090426509,1.2699999809265137,1564196035.9987245,202.1484375,37.390391263214305,3.0,2019-07-26T19:53:55.998724-07:00,10.0,24.82918930053711,1564196036.135439,11.753114874892765,POINT (-122.0804090426509 37.390391263214305),ios,1.1714222301712895,0.05501365087122863,-0.10878605069419407
670,distance,0,-122.08041516144021,1.2699999809265137,1564196036.998703,208.828125,37.39038191739227,3.0,2019-07-26T19:53:56.998703-07:00,10.0,24.89168930053711,1564196037.113903,11.753392646710077,POINT (-122.08041516144021 37.39038191739227),ios,1.2264347005776357,-0.053770065527558523,-0.02313267088456441
671,distance,0,-122.0804211964105,1.2699999809265137,1564196037.998681,206.015625,37.39037198483701,3.0,2019-07-26T19:53:57.998681-07:00,10.0,24.902584075927734,1564196038.108679,11.753670418394936,POINT (-122.0804211964105 37.39037198483701),ios,1.1726658144700783,-0.0769022290083388,0.23627945646253695
672,distance,0,-122.08042681228562,1.159999966621399,1564196038.9986577,206.71875,37.390362429467395,3.0,2019-07-26T19:53:58.998658-07:00,10.0,24.870723724365234,1564196039.1166291,11.753948189682431,POINT (-122.08042681228562 37.390362429467395),ios,1.0957653822839162,0.15937170677979465,-0.16148926903457736
673,distance,0,-122.08043217670365,1.1299999952316284,1564196039.9986339,206.71875,37.39035354465003,3.0,2019-07-26T19:53:59.998634-07:00,10.0,24.80416488647461,1564196040.119928,11.75422596083747,POINT (-122.08043217670365 37.39035354465003),ios,1.255133289346123,-0.0021137120505763758,0.03785676693994752
674,distance,0,-122.08043796021684,1.2799999713897705,1564196040.9986098,206.71875,37.39034323490913,3.0,2019-07-26T19:54:00.998610-07:00,10.0,24.82735824584961,1564196041.1273952,11.754503731926283,POINT (-122.08043796021684 37.39034323490913),ios,1.2530196281943171,0.035742143287956246,-0.03916681879844495
675,distance,0,-122.08044290553971,1.2799999713897705,1564196041.9985862,206.3671875,37.390332673711136,3.0,2019-07-26T19:54:01.998586-07:00,10.0,24.78530502319336,1564196042.1374822,11.75478150314755,POINT (-122.08044290553971 37.390332673711136),ios,1.2887609278447627,-0.003423751038857401,-0.0715590033162787
676,distance,0,-122.08044801850065,1.2799999713897705,1564196042.9985623,208.125,37.39032181914653,3.0,2019-07-26T19:54:02.998562-07:00,10.0,24.801326751708984,1564196043.132668,11.755059274302589,POINT (-122.08044801850065 37.39032181914653),ios,1.285337258434491,-0.07498104825554684,0.1673545136649776
677,distance,0,-122.08045329909964,1.149999976158142,1564196043.9985385,208.125,37.39031104840095,3.0,2019-07-26T19:54:03.998538-07:00,10.0,24.83712387084961,1564196044.133689,11.755337045457628,POINT (-122.08045329909964 37.39031104840095),ios,1.2103579978664427,0.09236947536689534,-0.12021040418071847
678,distance,0,-122.08045799296542,1.190000057220459,1564196044.9985137,207.7734375,37.390300822479084,3.0,2019-07-26T19:54:04.998514-07:00,10.0,24.874446868896484,1564196045.131621,11.755614816347759,POINT (-122.08045799296542 37.390300822479084),ios,1.3027251828830348,-0.027837948132872298,0.03735050858780048
679,distance,0,-122.08046327356442,1.2899999618530273,1564196045.9984894,207.7734375,37.390289884095445,3.0,2019-07-26T19:54:05.998489-07:00,10.0,24.969295501708984,1564196046.137642,11.755892587370342,POINT (-122.08046327356442 37.390289884095445),ios,1.2748879117327345,0.009511652139299187,-0.20638464841225446
680,distance,0,-122.08046888943954,1.2899999618530273,1564196046.9984646,207.7734375,37.39027932289745,3.0,2019-07-26T19:54:06.998465-07:00,10.0,25.00655746459961,1564196047.141603,11.756170358260473,POINT (-122.08046888943954 37.39027932289745),ios,1.2843993280255566,-0.1968678788557545,0.10386815902033507
681,distance,0,-122.08047400240048,1.2899999618530273,1564196047.9984393,207.7734375,37.39026851024236,3.0,2019-07-26T19:54:07.998439-07:00,10.0,25.080684661865234,1564196048.1309361,11.756448129018148,POINT (-122.08047400240048 37.39026851024236),ios,1.0875364244875565,-0.0930023448299015,0.18223626136193827
682,distance,0,-122.08047903154238,1.159999966621399,1564196048.9984143,221.8359375,37.39025958351548,3.0,2019-07-26T19:54:08.998414-07:00,10.0,25.07583236694336,1564196049.13104,11.756725899842051,POINT (-122.08047903154238 37.39025958351548),ios,0.9945364078737803,0.08922935443843483,0.00451738410793854
683,distance,0,-122.0804867428933,1.159999966621399,1564196050.9983628,205.3125,37.39024277779962,3.0,2019-07-26T19:54:10.998363-07:00,10.0,25.23208236694336,1564196051.133625,11.757281441092491,POINT (-122.0804867428933 37.39024277779962),ios,1.1729905215804957,0.09826389001619905,-0.17705921732710508
684,distance,0,-122.08049269404455,1.2200000286102295,1564196051.9983377,212.34375,37.39023334815855,3.0,2019-07-26T19:54:11.998338-07:00,10.0,25.366573333740234,1564196052.1456962,11.757559211916394,POINT (-122.08049269404455 37.39023334815855),ios,1.271251951663306,-0.07879089481916977,-0.10681114530546564
685,distance,0,-122.08049981866225,1.2200000286102295,1564196052.9983115,212.34375,37.390223415603295,3.0,2019-07-26T19:54:12.998312-07:00,10.0,25.350887298583984,1564196053.132228,11.75783698240916,POINT (-122.08049981866225 37.390223415603295),ios,1.192463123217587,-0.18559923889087085,0.26845895676294934
686,distance,0,-122.08050836820348,1.2200000286102295,1564196053.9982855,212.34375,37.390215117519155,3.0,2019-07-26T19:54:13.998286-07:00,10.0,25.47695541381836,1564196054.1303,11.758114752968153,POINT (-122.08050836820348 37.390215117519155),ios,1.0068687076101595,0.08285274126134949,-0.02290339744431344
687,distance,0,-122.08051641483053,1.1200000047683716,1564196054.9982603,212.34375,37.39020870536323,3.0,2019-07-26T19:54:14.998260-07:00,10.0,25.46664047241211,1564196055.1263041,11.758392523725828,POINT (-122.08051641483053 37.39020870536323),ios,1.0897193549864272,0.05994992264015643,0.050506155154131004
688,distance,0,-122.08052395854338,1.350000023841858,1564196055.9982338,212.34375,37.390200952102795,3.0,2019-07-26T19:54:15.998234-07:00,10.0,25.438533782958984,1564196056.126392,11.758670294152365,POINT (-122.08052395854338 37.390200952102795),ios,1.1496676910841173,0.11045474117604943,-0.127205997213926
689,distance,0,-122.08053024497076,1.350000023841858,1564196056.9982083,212.34375,37.39019189964737,3.0,2019-07-26T19:54:16.998208-07:00,10.0,25.367733001708984,1564196057.148408,11.758948064843814,POINT (-122.08053024497076 37.39019189964737),ios,1.260119614472685,-0.016748010912653925,-0.05618473669167351
690,distance,0,-122.08053627994104,1.350000023841858,1564196057.9981818,207.421875,37.390181631815985,3.0,2019-07-26T19:54:17.998182-07:00,10.0,25.49349594116211,1564196058.127696,11.759225835270351,POINT (-122.08053627994104 37.390181631815985),ios,1.243372046787134,-0.07293126070548253,0.0872117283226499
691,distance,0,-122.0805417281781,1.2200000286102295,1564196058.9981556,212.34375,37.39017132207508,3.0,2019-07-26T19:54:18.998156-07:00,10.0,25.431270599365234,1564196059.129256,11.759503605763117,POINT (-122.0805417281781 37.39017132207508),ios,1.170442698780082,0.014278180398569127,-0.18524861943772392
692,distance,0,-122.08054667350098,1.25,1564196059.9981296,199.6875,37.39016155715789,3.0,2019-07-26T19:54:19.998130-07:00,10.0,25.45510482788086,1564196060.126669,11.75978137632211,POINT (-122.08054667350098 37.39016155715789),ios,1.1847205081226515,-0.17096562486747846,0.21863989412902404
693,distance,0,-122.08055061299547,1.2899999618530273,1564196060.9981022,195.1171875,37.390151373145535,3.0,2019-07-26T19:54:20.998102-07:00,10.0,25.62032699584961,1564196061.124733,11.760059146483739,POINT (-122.08055061299547 37.390151373145535),ios,1.013759570814029,0.04766827456306286,-0.035161041645670806
694,distance,0,-122.08056000072702,1.2899999618530273,1564196062.9980497,196.171875,37.39013473506774,3.0,2019-07-26T19:54:22.998050-07:00,10.0,25.575069427490234,1564196063.120553,11.760614687469271,POINT (-122.08056000072702 37.39013473506774),ios,1.109093619639651,-0.022651964458249196,0.10920700759940971
695,distance,0,-122.0805662871544,1.1799999475479126,1564196063.9980235,211.9921875,37.39012610170747,3.0,2019-07-26T19:54:23.998024-07:00,10.0,25.72939682006836,1564196064.123736,11.760892457962036,POINT (-122.0805662871544 37.39012610170747),ios,1.0864422492528116,0.08655217907340673,-0.05913189060540911
696,distance,0,-122.08057173539146,1.1799999475479126,1564196064.9979959,210.9375,37.39011734261866,3.0,2019-07-26T19:54:24.997996-07:00,10.0,25.71920394897461,1564196065.1231298,11.761170228057438,POINT (-122.08057173539146 37.39011734261866),ios,1.1729920345911022,0.027421923852392793,-0.04009171185863632
697,distance,0,-122.08057768654271,1.309999942779541,1564196065.9979699,210.5859375,37.39010791297759,3.0,2019-07-26T19:54:25.997970-07:00,10.0,25.77614974975586,1564196066.127805,11.76144799861643,POINT (-122.08057768654271 37.39010791297759),ios,1.2004132458128178,-0.012668746117865247,-0.1467260727174652
698,distance,0,-122.08058288332268,1.309999942779541,1564196066.9979427,209.53125,37.39009793851282,3.0,2019-07-26T19:54:26.997943-07:00,10.0,25.853511810302734,1564196067.125634,11.761725768844286,POINT (-122.08058288332268 37.39009793851282),ios,1.1877448440278997,-0.15939083086204817,0.15259846661110724
699,distance,0,-122.08058833155974,1.309999942779541,1564196067.9979162,207.0703125,37.39008817359562,3.0,2019-07-26T19:54:27.997916-07:00,10.0,25.852169036865234,1564196068.125471,11.762003539270825,POINT (-122.08058833155974 37.39008817359562),ios,1.0283582313584827,-0.006796402687304574,0.08176310361427272
700,distance,0,-122.0805937797968,1.159999966621399,1564196068.9978883,207.0703125,37.39008000124003,3.0,2019-07-26T19:54:28.997888-07:00,10.0,25.81039047241211,1564196069.135857,11.762281309299999,POINT (-122.0805937797968 37.39008000124003),ios,1.0215620182566527,0.0749644201473387,-0.11442540428245462
701,distance,0,-122.08060601737543,1.3300000429153442,1564196070.9978354,207.0703125,37.39006441090013,3.0,2019-07-26T19:54:30.997835-07:00,10.0,25.966670989990234,1564196071.1321778,11.762836850153075,POINT (-122.08060601737543 37.39006441090013),ios,1.1714868907651914,-0.15388033200397946,0.1716422841838325
702,distance,0,-122.08061297435506,1.3300000429153442,1564196071.9978077,207.0703125,37.39005544226374,3.0,2019-07-26T19:54:31.997808-07:00,10.0,26.04397201538086,1564196072.126536,11.763114620248476,POINT (-122.08061297435506 37.39005544226374),ios,1.0176108145611045,0.017757205145550008,0.07989760225474009
703,distance,0,-122.08061909314438,1.090000033378601,1564196072.9977813,207.0703125,37.3900476890033,3.0,2019-07-26T19:54:32.997781-07:00,10.0,26.25558090209961,1564196073.1200671,11.763392390675016,POINT (-122.08061909314438 37.3900476890033),ios,1.0353675497717687,0.09765269295320894,-0.08879206362935614
704,distance,0,-122.08063149836107,0.9800000190734863,1564196074.9977264,207.0703125,37.390031889115825,3.0,2019-07-26T19:54:34.997726-07:00,10.0,26.52456283569336,1564196075.132598,11.763947930998272,POINT (-122.08063149836107 37.390031889115825),ios,1.2306675807684377,-0.07992656527964477,-0.06483763527868444
705,distance,0,-122.08063904207393,1.3200000524520874,1564196075.9976993,209.1796875,37.390022585203305,3.0,2019-07-26T19:54:35.997699-07:00,10.0,26.704219818115234,1564196076.134115,11.76422570122613,POINT (-122.08063904207393 37.390022585203305),ios,1.1507431878702994,-0.1447624382896854,0.3440916928694739
706,distance,0,-122.08064675342484,1.3200000524520874,1564196076.9976718,209.1796875,37.39001424520965,3.0,2019-07-26T19:54:36.997672-07:00,10.0,26.75521469116211,1564196077.138102,11.764503471387757,POINT (-122.08064675342484 37.39001424520965),ios,1.005984718696921,0.19931982022675163,-0.38232955338180186
707,distance,0,-122.08065262075706,1.090000033378601,1564196077.9976459,208.4765625,37.390006491949215,3.0,2019-07-26T19:54:37.997646-07:00,10.0,26.71645736694336,1564196078.122198,11.76478124194675,POINT (-122.08065262075706 37.390006491949215),ios,1.2052993590749053,-0.18299979731794383,0.2690359698480978
708,distance,0,-122.08065915864154,1.090000033378601,1564196078.997618,210.5859375,37.389996978489116,3.0,2019-07-26T19:54:38.997618-07:00,10.0,26.83169174194336,1564196079.123311,11.765059011975923,POINT (-122.08065915864154 37.389996978489116),ios,1.0223046665315048,0.0860286677788359,0.11405686947719232
709,distance,0,-122.08066494215473,1.090000033378601,1564196079.9975905,210.5859375,37.3899890156811,3.0,2019-07-26T19:54:39.997591-07:00,10.0,26.774227142333984,1564196080.119621,11.765336782137553,POINT (-122.08066494215473 37.3899890156811),ios,1.1083309755645763,0.2000824100292011,-0.37411831018607966
710,distance,0,-122.08067164767726,1.2999999523162842,1564196080.997563,210.234375,37.389980591868415,3.0,2019-07-26T19:54:40.997563-07:00,10.0,26.95522689819336,1564196081.137383,11.765614552232954,POINT (-122.08067164767726 37.389980591868415),ios,1.3084078520035647,-0.17402555333319059,0.06684013722052157
711,distance,0,-122.08067868847593,1.2999999523162842,1564196081.9975367,209.8828125,37.389970240218,3.0,2019-07-26T19:54:41.997537-07:00,10.0,26.914058685302734,1564196082.135514,11.765892322725719,POINT (-122.08067868847593 37.389970240218),ios,1.134386862672141,-0.10718716906502876,0.11452841757270042
712,distance,0,-122.08068480726524,1.2200000286102295,1564196082.997509,208.4765625,37.389961271581605,3.0,2019-07-26T19:54:42.997509-07:00,10.0,26.84847640991211,1564196083.136063,11.76617009282112,POINT (-122.08068480726524 37.389961271581605),ios,1.0272026580349676,0.007338081046171874,-0.001731884691597338
713,distance,0,-122.08069042314037,1.0499999523162842,1564196083.9974813,208.4765625,37.389953183045044,3.0,2019-07-26T19:54:43.997481-07:00,10.0,26.78170394897461,1564196084.132083,11.766447862916522,POINT (-122.08069042314037 37.389953183045044),ios,1.0345405361350961,0.005606244252539068,-0.09117411415112078
714,distance,0,-122.08070131961449,1.309999942779541,1564196085.9974267,195.1171875,37.38993671260531,3.0,2019-07-26T19:54:45.997427-07:00,10.0,26.807430267333984,1564196086.128089,11.767003403306008,POINT (-122.08070131961449 37.38993671260531),ios,1.0457527185512656,-0.1767370061386735,0.1916732328267319
715,distance,0,-122.08070601348027,1.309999942779541,1564196086.9973993,195.1171875,37.389928079245045,3.0,2019-07-26T19:54:46.997399-07:00,10.0,26.816341400146484,1564196087.142823,11.767281173467635,POINT (-122.08070601348027 37.389928079245045),ios,0.8690205582119681,0.014930971365178833,0.07628270719353157
716,distance,0,-122.08071556884988,0.8700000047683716,1564196088.9973445,196.5234375,37.389914416742876,3.0,2019-07-26T19:54:48.997344-07:00,10.0,26.63033676147461,1564196089.136972,11.767836713790894,POINT (-122.08071556884988 37.389914416742876),ios,0.898881682183501,0.16749220269287038,-0.09953840720751089
717,distance,0,-122.08073124300881,1.2699999809265137,1564196090.9972897,223.2421875,37.389904107001975,3.0,2019-07-26T19:54:50.997290-07:00,10.0,26.322689056396484,1564196091.128984,11.76839225411415,POINT (-122.08073124300881 37.389904107001975),ios,1.233856902921057,-0.03157915340686054,0.1984749245307631
718,distance,0,-122.08074431877776,1.2699999809265137,1564196091.9972625,224.296875,37.389900209417,3.0,2019-07-26T19:54:51.997262-07:00,10.0,26.164424896240234,1564196092.135534,11.768670024342008,POINT (-122.08074431877776 37.389900209417),ios,1.2022786078266814,0.16689037663142026,-0.15633163876441455
719,distance,0,-122.0807578974609,1.0800000429153442,1564196092.9972353,225.0,37.38990092187877,3.0,2019-07-26T19:54:52.997235-07:00,10.0,26.111568450927734,1564196093.137072,11.768947794569863,POINT (-122.0807578974609 37.38990092187877),ios,1.369164448424725,0.010562986916864558,0.10577548548336234
720,distance,0,-122.08077264961048,1.0800000429153442,1564196093.997208,291.4453125,37.3899046937352,3.0,2019-07-26T19:54:53.997208-07:00,10.0,26.138057708740234,1564196094.130466,11.76922556479772,POINT (-122.08077264961048 37.3899046937352),ios,1.3797271482425837,0.11633559745235827,-0.20917882115707023
721,distance,0,-122.08078614447459,1.0800000429153442,1564196094.9971802,291.796875,37.38991093825306,3.0,2019-07-26T19:54:54.997180-07:00,10.0,26.06521224975586,1564196095.122792,11.769503334826894,POINT (-122.08078614447459 37.38991093825306),ios,1.4960595005165043,-0.09283738866698571,-0.06933653626552301
722,distance,0,-122.08079955551966,1.2999999523162842,1564196095.9971538,292.5,37.38991915251817,3.0,2019-07-26T19:54:55.997154-07:00,10.0,26.00564193725586,1564196096.115232,11.769781105253431,POINT (-122.08079955551966 37.38991915251817),ios,1.4032245687410891,-0.16217208997836008,0.25515978913435056
723,distance,0,-122.08081187691732,1.2999999523162842,1564196096.9971256,292.5,37.38992711532618,3.0,2019-07-26T19:54:56.997126-07:00,10.0,25.91396713256836,1564196097.131188,11.770058875216378,POINT (-122.08081187691732 37.38992711532618),ios,1.241057041213762,0.09298052064553493,0.03284963728272843
724,distance,0,-122.08082268957241,1.0199999809265137,1564196097.9970994,302.34375,37.38993423994388,3.0,2019-07-26T19:54:57.997099-07:00,10.0,25.817440032958984,1564196098.1295009,11.770336645709143,POINT (-122.08082268957241 37.38993423994388),ios,1.3340351233480991,0.12582929641224042,-0.12716477022240869
725,distance,0,-122.08083475951298,1.0199999809265137,1564196098.9970713,301.640625,37.389941448380604,3.0,2019-07-26T19:54:58.997071-07:00,10.0,25.91830062866211,1564196099.1305032,11.77061441567209,POINT (-122.08083475951298 37.389941448380604),ios,1.4598608797553765,-0.0013318962337965277,-0.08549368329947989
726,distance,0,-122.08084817055806,1.1399999856948853,1564196099.9970436,301.640625,37.389949117822006,3.0,2019-07-26T19:54:59.997044-07:00,10.0,25.930110931396484,1564196100.1316218,11.770892185767492,POINT (-122.08084817055806 37.389949117822006),ios,1.4585290203572416,-0.08682321507250705,-0.07701681656323071
727,distance,0,-122.0808617492412,1.2899999618530273,1564196100.9970164,301.2890625,37.38995657771583,3.0,2019-07-26T19:55:00.997016-07:00,10.0,25.93233871459961,1564196101.125622,11.771169955995347,POINT (-122.0808617492412 37.38995657771583),ios,1.3717081651152376,-0.16383793834038096,0.23211100533468196
728,distance,0,-122.08087507646724,1.2899999618530273,1564196101.9969873,300.5859375,37.38996290605272,3.0,2019-07-26T19:55:01.996987-07:00,10.0,25.950008392333984,1564196102.1288981,11.771447725693385,POINT (-122.08087507646724 37.38996290605272),ios,1.207874992339889,0.06826631556601852,-0.06305653020270084
729,distance,0,-122.08088773314103,1.1200000047683716,1564196102.9969606,299.53125,37.38996701318528,3.0,2019-07-26T19:55:02.996961-07:00,10.0,25.984249114990234,1564196103.1248431,11.771725496053696,POINT (-122.08088773314103 37.38996701318528),ios,1.2761394849986163,0.0052114691543310825,0.002681506426629323
730,distance,0,-122.08090156328126,1.1200000047683716,1564196103.996934,288.28125,37.38997032403703,3.0,2019-07-26T19:55:03.996934-07:00,10.0,25.94277572631836,1564196104.109384,11.772003266414007,POINT (-122.08090156328126 37.38997032403703),ios,1.2813508149917074,0.007892903977013772,-0.003184432073507687
731,distance,0,-122.08091572869762,0.9900000095367432,1564196104.9969058,287.9296875,37.389972796698466,3.0,2019-07-26T19:55:04.996906-07:00,10.0,25.87215805053711,1564196105.118654,11.772281036376953,POINT (-122.08091572869762 37.389972796698466),ios,1.289243496914557,0.0047085614923829695,-0.10015230726424514
732,distance,0,-122.0809302293901,1.2899999618530273,1564196105.9968781,287.578125,37.38997409589346,3.0,2019-07-26T19:55:05.996878-07:00,10.0,26.00942611694336,1564196106.139123,11.772558806472354,POINT (-122.0809302293901 37.38997409589346),ios,1.2939519281843492,-0.09544097590405033,0.07487208520575907
733,distance,0,-122.08094473008259,1.2899999618530273,1564196106.9968503,292.5,37.389975730364576,3.0,2019-07-26T19:55:06.996850-07:00,10.0,26.09450912475586,1564196107.136111,11.772836576501529,POINT (-122.08094473008259 37.389975730364576),ios,1.198513614603817,-0.02057097925314305,0.031336573765673365
734,distance,0,-122.08095772203251,1.149999976158142,1564196107.9968228,292.8515625,37.38997883166875,3.0,2019-07-26T19:55:07.996823-07:00,10.0,26.025814056396484,1564196108.121937,11.773114346663156,POINT (-122.08095772203251 37.38997883166875),ios,1.177943199368593,0.010764735322070335,0.13128267791347506
735,distance,0,-122.08096954051598,1.1100000143051147,1564196108.996796,293.203125,37.389983735082104,3.0,2019-07-26T19:55:08.996796-07:00,10.0,25.983577728271484,1564196109.129144,11.77339211695724,POINT (-122.08096954051598 37.389983735082104),ios,1.1887076446747056,0.14204387630960866,-0.11835296519217717
736,distance,0,-122.08098018553301,1.100000023841858,1564196109.9967687,308.671875,37.38999027296658,3.0,2019-07-26T19:55:09.996769-07:00,10.0,25.896785736083984,1564196110.1250648,11.773669887185097,POINT (-122.08098018553301 37.38999027296658),ios,1.33074766027181,0.02369412791765197,-0.11536009999309264
737,distance,0,-122.08099208783551,1.2999999523162842,1564196110.9967403,307.96875,37.38999760713185,3.0,2019-07-26T19:55:10.996740-07:00,10.0,25.89956283569336,1564196111.1321611,11.773947657081816,POINT (-122.08099208783551 37.38999760713185),ios,1.354441115944145,-0.09166269910049675,0.06177615851606987
738,distance,0,-122.0810047445093,1.2999999523162842,1564196111.9967127,307.265625,37.390004480292454,3.0,2019-07-26T19:55:11.996713-07:00,10.0,25.93258285522461,1564196112.134488,11.774225427177218,POINT (-122.0810047445093 37.390004480292454),ios,1.2627809519181434,-0.02988824910016342,-0.001070275774726238
739,distance,0,-122.08101698208793,1.190000057220459,1564196112.9966865,300.5859375,37.390010347624674,3.0,2019-07-26T19:55:12.996686-07:00,10.0,25.918025970458984,1564196113.124357,11.774503197669983,POINT (-122.08101698208793 37.390010347624674),ios,1.232893486668507,-0.03095849680579042,0.14678988077755434
740,distance,0,-122.08102913584753,1.1200000047683716,1564196113.9966578,300.234375,37.390015795861736,3.0,2019-07-26T19:55:13.996658-07:00,10.0,25.992183685302734,1564196114.126281,11.774780967500474,POINT (-122.08102913584753 37.390015795861736),ios,1.201935875592415,0.11582718427958774,-0.21671772966802957
741,distance,0,-122.08104112196906,1.1200000047683716,1564196114.9966311,299.8828125,37.39002090882267,3.0,2019-07-26T19:55:14.996631-07:00,10.0,25.899532318115234,1564196115.1310902,11.775058737860785,POINT (-122.08104112196906 37.39002090882267),ios,1.3177599669525006,-0.10088475840072639,-0.06546976811080694
742,distance,0,-122.0810547006522,1.2999999523162842,1564196115.9966035,290.390625,37.390025812236026,3.0,2019-07-26T19:55:15.996603-07:00,10.0,25.949398040771484,1564196116.128591,11.775336507956187,POINT (-122.0810547006522 37.390025812236026),ios,1.2168779986766614,-0.16635271584327924,0.3208878275830126
743,distance,0,-122.08106735732599,1.2999999523162842,1564196116.9965749,290.390625,37.39003012891616,3.0,2019-07-26T19:55:16.996575-07:00,10.0,25.91665267944336,1564196117.132091,11.775614277786678,POINT (-122.08106735732599 37.39003012891616),ios,1.050530042222759,0.15452593106534498,-0.08840537455960264
744,distance,0,-122.08107858907624,0.9900000095367432,1564196117.9965484,290.0390625,37.39003323022033,3.0,2019-07-26T19:55:17.996548-07:00,10.0,25.899288177490234,1564196118.125884,11.775892048213217,POINT (-122.08107858907624 37.39003323022033),ios,1.20505188384243,0.06612289610644276,-0.004131377256249631
745,distance,0,-122.08109174866422,0.9900000095367432,1564196118.9965205,283.0078125,37.39003608006741,3.0,2019-07-26T19:55:18.996521-07:00,10.0,26.059261322021484,1564196119.120924,11.77616981824239,POINT (-122.08109174866422 37.39003608006741),ios,1.2711729354524213,0.06199163409485326,-0.1495219004073015
746,distance,0,-122.08110583026155,1.0299999713897705,1564196119.9964933,282.65625,37.3900384270003,3.0,2019-07-26T19:55:19.996493-07:00,10.0,26.280635833740234,1564196120.126083,11.776447588470248,POINT (-122.08110583026155 37.3900384270003),ios,1.3331628846321404,-0.08752620234935772,-0.15314291904222718
747,distance,0,-122.08112091768726,1.2799999713897705,1564196120.9964662,281.25,37.39003863654788,3.0,2019-07-26T19:55:20.996466-07:00,10.0,26.082515716552734,1564196121.14487,11.776725358698103,POINT (-122.08112091768726 37.39003863654788),ios,1.2456390612202817,-0.24066495901022894,0.38913201629249633
748,distance,0,-122.08113458018943,1.2799999713897705,1564196121.9964395,280.1953125,37.39003587051983,3.0,2019-07-26T19:55:21.996439-07:00,10.0,25.90261459350586,1564196122.1232371,11.777003129058414,POINT (-122.08113458018943 37.39003587051983),ios,1.0049805286577802,0.14845666633639776,-0.16001306853501004
749,distance,0,-122.08114413555904,0.9599999785423279,1564196122.996411,234.140625,37.390030967106476,3.0,2019-07-26T19:55:22.996411-07:00,10.0,25.84939193725586,1564196123.1304421,11.777280898955134,POINT (-122.08114413555904 37.390030967106476),ios,1.1534329830097119,-0.011551862338088189,0.16387693585993912
750,distance,0,-122.0811535232906,0.9599999785423279,1564196123.9963822,233.7890625,37.39002375866975,3.0,2019-07-26T19:55:23.996382-07:00,10.0,25.814876556396484,1564196124.13639,11.777558668719397,POINT (-122.0811535232906 37.39002375866975),ios,1.1418814539272348,0.1523203458938013,-0.31287943400980767
751,distance,0,-122.08116148609861,1.0,1564196124.996355,233.4375,37.39001567013319,3.0,2019-07-26T19:55:24.996355-07:00,10.0,25.846553802490234,1564196125.120224,11.777836438947254,POINT (-122.08116148609861 37.39001567013319),ios,1.2941976597969864,-0.16055058414121645,0.019951755614698377
752,distance,0,-122.08117028709694,1.309999942779541,1564196125.9963276,223.9453125,37.39000636622067,3.0,2019-07-26T19:55:25.996328-07:00,10.0,25.74624252319336,1564196126.12638,11.778114209108882,POINT (-122.08117028709694 37.39000636622067),ios,1.1336514776536166,-0.14059937556647886,0.1519011125337532
753,distance,0,-122.08117816608592,1.309999942779541,1564196126.9963012,223.9453125,37.38999831959362,3.0,2019-07-26T19:55:26.996301-07:00,10.0,25.676753997802734,1564196127.1127481,11.77839197953542,POINT (-122.08117816608592 37.38999831959362),ios,0.9930558229740091,0.011297716986011369,-0.034462891850445945
754,distance,0,-122.08119258295937,0.9700000286102295,1564196128.9962456,223.59375,37.38998461518194,3.0,2019-07-26T19:55:28.996246-07:00,10.0,25.76644515991211,1564196129.134369,11.778947519659996,POINT (-122.08119258295937 37.38998461518194),ios,1.0156506293405798,-0.05762615224854687,0.05527637401072751
755,distance,0,-122.08120649691864,1.2999999523162842,1564196130.99619,227.4609375,37.389970072579935,3.0,2019-07-26T19:55:30.996190-07:00,10.0,25.906734466552734,1564196131.1384912,11.779503059784572,POINT (-122.08120649691864 37.389970072579935),ios,0.9004015260643499,0.05292352508581811,-0.03803276762126659
756,distance,0,-122.08121546555503,1.0,1564196132.9961348,227.109375,37.38995552997793,3.0,2019-07-26T19:55:32.996135-07:00,10.0,25.85317611694336,1564196133.124218,11.780058599975375,POINT (-122.08121546555503 37.38995552997793),ios,1.0062456488712028,-0.023139906446042656,0.23170054151720285
757,distance,0,-122.08121948886856,0.9100000262260437,1564196133.9961066,227.109375,37.38994706425573,3.0,2019-07-26T19:55:33.996107-07:00,10.0,25.898006439208984,1564196134.133277,11.78033636993832,POINT (-122.08121948886856 37.38994706425573),ios,0.9831063934292268,0.20855411654892167,-0.4027949285820366
758,distance,0,-122.08122870896204,1.2899999618530273,1564196135.9960527,209.53125,37.38993097100164,3.0,2019-07-26T19:55:35.996053-07:00,10.0,26.06997299194336,1564196136.127046,11.780891910526488,POINT (-122.08122870896204 37.38993097100164),ios,1.400203389089264,-0.597014036977585,0.693757811524706
759,distance,0,-122.08123717468425,1.350000023841858,1564196136.9960253,209.8828125,37.38992032598461,3.0,2019-07-26T19:55:36.996025-07:00,10.0,26.12105941772461,1564196137.121402,11.781169680688116,POINT (-122.08123717468425 37.38992032598461),ios,0.8032057211240949,0.09672475300067952,-0.11966005028997552
760,distance,0,-122.08125117246254,0.8399999737739563,1564196138.9959702,245.390625,37.38991110589112,3.0,2019-07-26T19:55:38.995970-07:00,10.0,26.552425384521484,1564196139.128674,11.781725220945146,POINT (-122.08125117246254 37.38991110589112),ios,0.9966499000394957,-0.14258875733888432,0.021112314442398732
761,distance,0,-122.08127338450595,1.2999999523162842,1564196140.9959145,246.09375,37.389907962677434,3.0,2019-07-26T19:55:40.995914-07:00,10.0,26.782955169677734,1564196141.131446,11.782280761003495,POINT (-122.08127338450595 37.389907962677434),ios,0.7114803403810145,-0.10036530630900141,0.08454254236761512
762,distance,0,-122.08128880720778,0.5799999833106995,1564196142.9958596,232.03125,37.38990427464004,3.0,2019-07-26T19:55:42.995860-07:00,10.0,26.910030364990234,1564196143.1266541,11.782836301326752,POINT (-122.08128880720778 37.38990427464004),ios,0.5107552314223676,0.06871514242827909,-0.18052238068202917
763,distance,0,-122.08129752438708,0.5799999833106995,1564196144.9958048,232.03125,37.389898239669755,3.0,2019-07-26T19:55:44.995805-07:00,10.0,27.201900482177734,1564196145.1307302,11.783391841650008,POINT (-122.08129752438708 37.389898239669755),ios,0.648181748196603,-0.29231971976119464,0.1795952023773634
764,distance,0,-122.08130875613733,0.6299999952316284,1564196146.995749,232.03125,37.389890737866416,3.0,2019-07-26T19:55:46.995749-07:00,10.0,27.18337631225586,1564196147.146915,11.783947381708357,POINT (-122.08130875613733 37.389890737866416),ios,0.06355861717603524,0.06686066538661849,-0.0006410925040128909
765,distance,0,-122.08132023934468,0.2199999988079071,1564196162.9953084,300.234375,37.38989010922368,3.0,2019-07-26T19:56:02.995308-07:00,10.0,27.46126937866211,1564196163.134986,11.788391703764598,POINT (-122.08132023934468 37.38989010922368),ios,1.133299804717628,0.05660346778618868,-0.06038757139701349
766,distance,0,-122.08132971089526,0.9700000286102295,1564196163.9952805,300.9375,37.38989698238428,3.0,2019-07-26T19:56:03.995281-07:00,10.0,27.51040267944336,1564196164.126653,11.788669473793771,POINT (-122.08132971089526 37.38989698238428),ios,1.1899016935515683,-0.003782419101105567,-0.00112873333977593
767,distance,0,-122.0813398529981,1.0499999523162842,1564196164.9952536,300.9375,37.38990402318294,3.0,2019-07-26T19:56:04.995254-07:00,10.0,27.40633773803711,1564196165.131971,11.788947244087854,POINT (-122.0813398529981 37.38990402318294),ios,1.1861193763537483,-0.004911122031338604,0.06122327195311616
768,distance,0,-122.08135058183416,1.0399999618530273,1564196165.9952264,294.9609375,37.38991043533887,3.0,2019-07-26T19:56:05.995226-07:00,10.0,27.392452239990234,1564196166.141496,11.789225014315711,POINT (-122.08135058183416 37.38991043533887),ios,1.1812083878053217,0.05631048589050976,-0.12906393765031787
769,distance,0,-122.08136189740344,1.1399999856948853,1564196166.9951987,295.3125,37.38991609312351,3.0,2019-07-26T19:56:06.995199-07:00,10.0,27.42867660522461,1564196167.113974,11.789502784411113,POINT (-122.08136189740344 37.38991609312351),ios,1.2375173163417714,-0.0727498822958953,0.022994991913564522
770,distance,0,-122.08137379970594,1.1299999952316284,1564196167.9951708,295.6640625,37.38992196045573,3.0,2019-07-26T19:56:07.995171-07:00,10.0,27.358699798583984,1564196168.112541,11.789780554440286,POINT (-122.08137379970594 37.38992196045573),ios,1.1647694634019334,-0.049755531827026696,0.12649053555533116
771,distance,0,-122.08138461236103,1.1299999952316284,1564196168.9951434,298.4765625,37.3899279535165,3.0,2019-07-26T19:56:08.995143-07:00,10.0,27.45968246459961,1564196169.1087651,11.790058324601915,POINT (-122.08138461236103 37.3899279535165),ios,1.1150152957788748,0.0767315355935224,-0.08344498906829445
772,distance,0,-122.08139492210194,1.0299999713897705,1564196169.9951153,298.4765625,37.389933737029686,3.0,2019-07-26T19:56:09.995115-07:00,10.0,27.415462493896484,1564196170.125692,11.790336094564863,POINT (-122.08139492210194 37.389933737029686),ios,1.191744672654002,-0.006711105884156285,0.0666256136597258
773,distance,0,-122.081405650938,1.0499999523162842,1564196170.9950886,298.828125,37.389940233004644,3.0,2019-07-26T19:56:10.995089-07:00,10.0,27.42373275756836,1564196171.12787,11.790613864925172,POINT (-122.081405650938 37.389940233004644),ios,1.1850337459757065,0.059912728679745765,-0.011143748530900681
774,distance,0,-122.08141688268825,1.059999942779541,1564196171.9950604,295.6640625,37.38994605842735,3.0,2019-07-26T19:56:11.995060-07:00,10.0,27.304439544677734,1564196172.1371279,11.79089163488812,POINT (-122.08141688268825 37.38994605842735),ios,1.2449447891071506,0.048769293660294574,-0.1600778300587571
775,distance,0,-122.08142878499075,1.059999942779541,1564196172.9950323,295.6640625,37.389952051488116,3.0,2019-07-26T19:56:12.995032-07:00,10.0,27.24972152709961,1564196173.1288629,11.791169404851066,POINT (-122.08142878499075 37.389952051488116),ios,1.2937127107217727,-0.11130403286606551,0.08399524337562578
776,distance,0,-122.0814416093026,1.1399999856948853,1564196173.9950056,295.6640625,37.38995766736324,3.0,2019-07-26T19:56:13.995006-07:00,10.0,27.305171966552734,1564196174.123643,11.791447175211376,POINT (-122.0814416093026 37.38995766736324),ios,1.182411649994036,-0.02731103240541633,0.14542583618677568
777,distance,0,-122.08145334396704,1.1399999856948853,1564196174.9949775,298.125,37.389962780324176,3.0,2019-07-26T19:56:14.994977-07:00,10.0,27.29659652709961,1564196175.124507,11.791724945174323,POINT (-122.08145334396704 37.389962780324176),ios,1.1551013859406094,0.1181107124592544,-0.12648314253297463
778,distance,0,-122.08146533008858,1.149999976158142,1564196175.9949508,297.7734375,37.389966929366246,3.0,2019-07-26T19:56:15.994951-07:00,10.0,27.26852035522461,1564196176.131635,11.792002715534634,POINT (-122.08146533008858 37.389966929366246),ios,1.2732089445035808,-0.008369052609434447,0.025434600858036706
779,distance,0,-122.08147874113365,1.2999999523162842,1564196176.9949226,297.421875,37.38997112031783,3.0,2019-07-26T19:56:16.994923-07:00,10.0,27.296382904052734,1564196177.127977,11.79228048549758,POINT (-122.08147874113365 37.38997112031783),ios,1.2648401273439869,0.01706483268699746,0.012667319246343954
780,distance,0,-122.08149231981679,1.2699999809265137,1564196177.9948955,287.2265625,37.389974724536195,3.0,2019-07-26T19:56:17.994895-07:00,10.0,27.382503509521484,1564196178.1261501,11.792558255725437,POINT (-122.08149231981679 37.389974724536195),ios,1.2819044962136439,0.02973180763917626,-0.28696607125136864
781,distance,0,-122.08150623377605,1.2699999809265137,1564196178.994867,287.578125,37.38997799347843,3.0,2019-07-26T19:56:18.994867-07:00,10.0,27.36288070678711,1564196179.1265159,11.792836025622156,POINT (-122.08150623377605 37.38997799347843),ios,1.3116354603075957,-0.25722612186508037,0.1106696656171479
782,distance,0,-122.08152048301145,1.2200000286102295,1564196179.9948401,287.578125,37.389981304330185,3.0,2019-07-26T19:56:19.994840-07:00,10.0,27.365474700927734,1564196180.128886,11.79311379591624,POINT (-122.08152048301145 37.389981304330185),ios,1.054416268448488,-0.1465594378325326,0.31643367009055773
783,distance,0,-122.08153188239976,0.8100000023841858,1564196180.994813,287.578125,37.38998411226775,3.0,2019-07-26T19:56:20.994813-07:00,10.0,27.45467758178711,1564196181.1265821,11.793391566144095,POINT (-122.08153188239976 37.38998411226775),ios,0.9078608140601484,0.16986563168010074,-0.11252518891850533
784,distance,0,-122.08155191514834,0.8100000023841858,1564196182.9947572,270.0,37.38998775839563,3.0,2019-07-26T19:56:22.994757-07:00,10.0,27.72170639038086,1564196183.12847,11.793947106202443,POINT (-122.08155191514834 37.38998775839563),ios,1.2475826006256747,-0.05517846838252664,0.047663456726906146
785,distance,0,-122.08156599674567,1.0399999618530273,1564196183.99473,270.3515625,37.389988596585944,3.0,2019-07-26T19:56:23.994730-07:00,10.0,27.843929290771484,1564196184.132905,11.794224876430299,POINT (-122.08156599674567 37.389988596585944),ios,1.1924056319783594,-0.007516307134934068,0.07483534361852559
786,distance,0,-122.08157949160977,1.1100000143051147,1564196184.9947019,271.0546875,37.38998876422401,3.0,2019-07-26T19:56:24.994702-07:00,10.0,27.689083099365234,1564196185.131462,11.794502646393246,POINT (-122.08157949160977 37.38998876422401),ios,1.1848895363026428,0.06731693111150906,-0.24740310604794483
787,distance,0,-122.08159290265485,1.190000057220459,1564196185.9946752,271.7578125,37.389988680404976,3.0,2019-07-26T19:56:25.994675-07:00,10.0,27.750850677490234,1564196186.125296,11.794780416753557,POINT (-122.08159290265485 37.389988680404976),ios,1.2522046698581606,-0.18007956856077073,0.23264893187159572
788,distance,0,-122.08160706807121,1.190000057220459,1564196186.9946475,271.0546875,37.38998830321933,3.0,2019-07-26T19:56:26.994648-07:00,10.0,27.91323471069336,1564196187.1162539,11.795058186848959,POINT (-122.08160706807121 37.38998830321933),ios,1.0721300816779138,0.0525629290428041,-0.11310587474901054
789,distance,0,-122.08163112413331,1.1399999856948853,1564196188.9945915,262.6171875,37.389985746738866,3.0,2019-07-26T19:56:28.994591-07:00,10.0,27.845516204833984,1564196189.1419091,11.79561372684108,POINT (-122.08163112413331 37.389985746738866),ios,1.1772529947484909,-0.17364248331785975,0.19422540061294058
790,distance,0,-122.08164386462613,0.9900000095367432,1564196189.9945652,261.9140625,37.38998264543469,3.0,2019-07-26T19:56:29.994565-07:00,10.0,27.87691879272461,1564196190.111566,11.795891497333844,POINT (-122.08164386462613 37.38998264543469),ios,1.003615065385987,0.020577823531236467,-0.17767821994099248
791,distance,0,-122.08165400672897,0.9200000166893005,1564196190.9945374,253.4765625,37.389978580211654,3.0,2019-07-26T19:56:30.994537-07:00,10.0,27.89248275756836,1564196191.117302,11.796169267363018,POINT (-122.08165400672897 37.389978580211654),ios,1.0241923148993761,-0.15709544008047394,0.4248676597081392
792,distance,0,-122.08166398119374,0.9200000166893005,1564196191.9945269,253.125,37.38997388634588,3.0,2019-07-26T19:56:31.994527-07:00,10.0,27.947078704833984,1564196192.1226149,11.796447042226792,POINT (-122.08166398119374 37.38997388634588),ios,0.8670985228156529,0.267767762588541,-0.2525713739111489
793,distance,0,-122.08167965535267,0.8600000143051147,1564196193.9944544,252.7734375,37.389964498614326,3.0,2019-07-26T19:56:33.994454-07:00,10.0,27.915218353271484,1564196194.13195,11.797002577649222,POINT (-122.08167965535267 37.389964498614326),ios,1.4026146403866513,-0.23735667905049757,0.23095582855736682
794,distance,0,-122.08169365313097,1.149999976158142,1564196194.9944267,253.828125,37.389958547463074,3.0,2019-07-26T19:56:34.994427-07:00,10.0,27.940303802490234,1564196195.138212,11.797280347744623,POINT (-122.08169365313097 37.389958547463074),ios,1.1652645258042442,-0.006407237935746416,0.09410200242619451
795,distance,0,-122.08170547161444,0.9900000095367432,1564196195.9943995,253.828125,37.389953895506814,3.0,2019-07-26T19:56:35.994400-07:00,10.0,27.83980941772461,1564196196.124951,11.79755811797248,POINT (-122.08170547161444 37.389953895506814),ios,1.1588574620154182,0.08769220682455726,0.0722817721372549
796,distance,0,-122.08171745773598,1.0099999904632568,1564196196.9943714,250.3125,37.38994966264571,3.0,2019-07-26T19:56:36.994371-07:00,10.0,27.90926742553711,1564196197.1315,11.797835887935426,POINT (-122.08171745773598 37.38994966264571),ios,1.2465472017607162,0.15997194543035803,-0.19428353651979247
797,distance,0,-122.08173036586686,1.0099999904632568,1564196197.9943445,250.3125,37.389945136418,3.0,2019-07-26T19:56:37.994344-07:00,10.0,28.007198333740234,1564196198.132811,11.79811365822951,POINT (-122.08173036586686 37.389945136418),ios,1.4065148373389906,-0.0343063568385011,-0.1555017113057643
798,distance,0,-122.08174495037838,1.1100000143051147,1564196198.994316,250.3125,37.38994006536658,3.0,2019-07-26T19:56:38.994316-07:00,10.0,28.026546478271484,1564196199.130505,11.798391428126228,POINT (-122.08174495037838 37.38994006536658),ios,1.3722094538339589,-0.18980365627911558,0.24858683531821715
799,distance,0,-122.08175878051861,1.1100000143051147,1564196199.9942894,249.9609375,37.389934449491456,3.0,2019-07-26T19:56:39.994289-07:00,10.0,28.175350189208984,1564196200.124826,11.79866919848654,POINT (-122.08175878051861 37.389934449491456),ios,1.1824108658592636,0.05877654105445487,-0.11520975488632128
800,distance,0,-122.08177051518305,1.0099999904632568,1564196200.9942622,249.9609375,37.38992933653052,3.0,2019-07-26T19:56:40.994262-07:00,10.0,28.00960922241211,1564196201.133302,11.798946968714397,POINT (-122.08177051518305 37.38992933653052),ios,1.2411858093839065,-0.05643008246321572,0.184896546382616
801,distance,0,-122.08178292039975,1.1200000047683716,1564196201.9942336,250.3125,37.38992409784104,3.0,2019-07-26T19:56:41.994234-07:00,10.0,28.049495697021484,1564196202.139601,11.799224738544888,POINT (-122.08178292039975 37.38992409784104),ios,1.1847573413983004,0.12846117398677592,-0.156170387211159
802,distance,0,-122.08179490652128,1.0099999904632568,1564196202.9942067,250.3125,37.38991932015623,3.0,2019-07-26T19:56:42.994207-07:00,10.0,28.036006927490234,1564196203.1342812,11.799502508838971,POINT (-122.08179490652128 37.38991932015623),ios,1.3132150544741217,-0.027705005791217797,-0.05315275062115704
803,distance,0,-122.08180798229023,1.1200000047683716,1564196203.9941788,243.984375,37.389913704281106,3.0,2019-07-26T19:56:43.994179-07:00,10.0,28.10464096069336,1564196204.135016,11.799780278868145,POINT (-122.08180798229023 37.389913704281106),ios,1.2855108215133133,-0.08085627371779126,0.10451137515465318
804,distance,0,-122.08182105805918,1.0199999809265137,1564196204.994151,244.3359375,37.38990863322969,3.0,2019-07-26T19:56:44.994151-07:00,10.0,28.18929672241211,1564196205.134423,11.800058048963546,POINT (-122.08182105805918 37.38990863322969),ios,1.2046567840015174,0.02365221101224846,-0.11042439391308032
805,distance,0,-122.08183329563781,1.100000023841858,1564196205.9941235,247.5,37.38990385554488,3.0,2019-07-26T19:56:45.994123-07:00,10.0,28.16781234741211,1564196206.126987,11.800335819058947,POINT (-122.08183329563781 37.38990385554488),ios,1.228308340875087,-0.08676912894248885,0.283823449879763
806,distance,0,-122.0818457008545,1.100000023841858,1564196206.994097,247.5,37.38989886831249,3.0,2019-07-26T19:56:46.994097-07:00,10.0,28.186092376708984,1564196207.1327782,11.800613589485486,POINT (-122.0818457008545 37.38989886831249),ios,1.1415415082309381,0.19704680970229055,-0.10757314384845706
807,distance,0,-122.08185751933797,1.0499999523162842,1564196207.9940686,247.5,37.38989471927042,3.0,2019-07-26T19:56:47.994069-07:00,10.0,28.275569915771484,1564196208.134835,11.800891359382206,POINT (-122.08185751933797 37.38989471927042),ios,1.3385827273584028,0.08947671789873007,-0.3591330044125701
808,distance,0,-122.0818716009353,1.0499999523162842,1564196208.994041,247.5,37.38989027686174,3.0,2019-07-26T19:56:48.994041-07:00,10.0,28.306270599365234,1564196209.155717,11.801169129477607,POINT (-122.0818716009353 37.38989027686174),ios,1.4280569706393473,-0.2696463541320881,0.33124166585609155
809,distance,0,-122.08188660454198,1.059999942779541,1564196209.9940138,249.609375,37.389885499176934,3.0,2019-07-26T19:56:49.994014-07:00,10.0,28.025020599365234,1564196210.131485,11.801446899705462,POINT (-122.08188660454198 37.389885499176934),ios,1.158417945419129,0.06158630866892985,-0.11173658722090483
810,distance,0,-122.08189892593964,0.8199999928474426,1564196210.9939861,249.9609375,37.389881936868086,3.0,2019-07-26T19:56:50.993986-07:00,10.0,28.103939056396484,1564196211.124813,11.801724669800864,POINT (-122.08189892593964 37.389881936868086),ios,1.220002550822915,-0.050147188302885344,-0.2688441931758171
811,distance,0,-122.08191183407052,1.100000023841858,1564196211.993958,249.2578125,37.38987803928311,3.0,2019-07-26T19:56:51.993958-07:00,10.0,28.172969818115234,1564196212.1431031,11.802002439763811,POINT (-122.08191183407052 37.38987803928311),ios,1.1698567733305527,-0.3189838179795391,0.42268447358960465
812,distance,0,-122.08192373637303,0.8700000047683716,1564196212.9939303,248.90625,37.38987342923637,3.0,2019-07-26T19:56:52.993930-07:00,10.0,28.059383392333984,1564196213.137351,11.802280209859212,POINT (-122.08192373637303 37.38987342923637),ios,0.8508817773445757,0.10368896561359975,0.042823116014447465
813,distance,0,-122.08193949435099,0.6700000166893005,1564196214.993875,248.90625,37.38986462823804,3.0,2019-07-26T19:56:54.993875-07:00,10.0,28.280086517333984,1564196215.138773,11.802835750050015,POINT (-122.08193949435099 37.38986462823804),ios,1.058253973212578,0.18933282896275297,-0.00010528408525621271
814,distance,0,-122.08196162257536,1.149999976158142,1564196216.99382,250.3125,37.38985733598228,3.0,2019-07-26T19:56:56.993820-07:00,10.0,27.993160247802734,1564196217.133113,11.803391290307045,POINT (-122.08196162257536 37.38985733598228),ios,1.4369092036908864,0.1891222665907291,-0.32622190412774155
815,distance,0,-122.08197712909623,1.0700000524520874,1564196217.993793,250.3125,37.3898534383973,3.0,2019-07-26T19:56:57.993793-07:00,10.0,28.05068588256836,1564196218.1311378,11.803669060601129,POINT (-122.08197712909623 37.3898534383973),ios,1.6260263750820008,-0.13709084869500998,-0.030812829696807403
816,distance,0,-122.08199431199773,1.149999976158142,1564196218.9937654,249.9609375,37.38984819970782,3.0,2019-07-26T19:56:58.993765-07:00,10.0,28.13015365600586,1564196219.137224,11.80394683069653,POINT (-122.08199431199773 37.38984819970782),ios,1.4889393178476118,-0.16790282621509275,0.33535058033048987
817,distance,0,-122.08201015379473,1.0700000524520874,1564196219.9937384,249.9609375,37.38984363157059,3.0,2019-07-26T19:56:59.993738-07:00,10.0,28.10720443725586,1564196220.142595,11.804224600990613,POINT (-122.08201015379473 37.38984363157059),ios,1.3210410151528367,0.16743871933499557,-0.5464075081177316
818,distance,0,-122.08202482212528,1.1699999570846558,1564196220.9937105,249.9609375,37.38984132654722,3.0,2019-07-26T19:57:00.993711-07:00,10.0,28.125972747802734,1564196221.127744,11.804502371019787,POINT (-122.08202482212528 37.38984132654722),ios,1.4884750637891508,-0.37895354675963766,-0.09681957005427247
819,distance,0,-122.08204166975065,1.2599999904632568,1564196221.9936833,249.9609375,37.38984132654722,3.0,2019-07-26T19:57:01.993683-07:00,10.0,28.124385833740234,1564196222.121697,11.804780141247644,POINT (-122.08204166975065 37.38984132654722),ios,1.1095318168800559,-0.4757704852852975,0.5292748929825365
820,distance,0,-122.08205415878638,1.1699999570846558,1564196222.9936552,249.9609375,37.38984237428512,3.0,2019-07-26T19:57:02.993655-07:00,10.0,28.03115463256836,1564196223.120296,11.80505791121059,POINT (-122.08205415878638 37.38984237428512),ios,0.6337747166324819,0.053489517399022204,0.06809912848821158
821,distance,0,-122.0820684918408,0.5799999833106995,1564196224.9936,249.9609375,37.389841871370926,3.0,2019-07-26T19:57:04.993600-07:00,10.0,28.100399017333984,1564196225.135709,11.805613451401392,POINT (-122.0820684918408 37.389841871370926),ios,0.7407507927589477,0.18968400760083645,-0.007007807326394523
822,distance,0,-122.08208399836167,1.0199999809265137,1564196226.993544,249.9609375,37.38983680031951,3.0,2019-07-26T19:57:06.993544-07:00,10.0,28.21755599975586,1564196227.1368809,11.80616899145974,POINT (-122.08208399836167 37.38983680031951),ios,1.1201082254997932,0.1756687839132503,-0.18631115519022942
823,distance,0,-122.08209581684514,1.0199999809265137,1564196227.9935164,249.9609375,37.38983315419163,3.0,2019-07-26T19:57:07.993516-07:00,10.0,28.37923812866211,1564196228.1428509,11.806446761555142,POINT (-122.08209581684514 37.38983315419163),ios,1.2957721510196285,-0.010637218552235731,-0.10989710693705822
824,distance,0,-122.08210981462344,1.0199999809265137,1564196228.9934893,255.9375,37.38982967570181,3.0,2019-07-26T19:57:08.993489-07:00,10.0,28.61349105834961,1564196229.136497,11.806724531782997,POINT (-122.08210981462344 37.38982967570181),ios,1.2851352215839935,-0.12053133851691646,0.0583862265523956
825,distance,0,-122.08212381240173,1.1100000143051147,1564196229.9934626,255.9375,37.38982653248812,3.0,2019-07-26T19:57:09.993463-07:00,10.0,28.66238021850586,1564196230.128957,11.807002302143308,POINT (-122.08212381240173 37.38982653248812),ios,1.1646071016010493,-0.06214667104497231,-0.01731133512540293
826,distance,0,-122.08213579852327,1.1100000143051147,1564196230.993435,255.5859375,37.38982217389847,3.0,2019-07-26T19:57:10.993435-07:00,10.0,28.74612045288086,1564196231.1261659,11.80728007223871,POINT (-122.08213579852327 37.38982217389847),ios,1.1024621493189137,-0.07945752739848018,0.13200169415861546
827,distance,0,-122.08214635972126,1.1100000143051147,1564196231.9934072,248.90625,37.389816893299475,3.0,2019-07-26T19:57:11.993407-07:00,10.0,28.775997161865234,1564196232.1264338,11.807557842334111,POINT (-122.08214635972126 37.389816893299475),ios,1.0230068194419242,0.05254051604799748,0.03338177219029339
828,distance,0,-122.08215692091926,1.059999942779541,1564196232.99338,249.2578125,37.38981312144305,3.0,2019-07-26T19:57:12.993380-07:00,10.0,28.924739837646484,1564196233.200203,11.807835612561968,POINT (-122.08215692091926 37.38981312144305),ios,1.075545907453511,0.08592138093113581,-0.17116092693780754
829,distance,0,-122.08216832030757,1.059999942779541,1564196233.9933524,251.71875,37.38980972677226,3.0,2019-07-26T19:57:13.993352-07:00,10.0,29.039180755615234,1564196234.1123161,11.80811338265737,POINT (-122.08216832030757 37.38980972677226),ios,1.1614649120952343,-0.08523481228505195,0.15995556319046733
830,distance,0,-122.08218047406717,1.2100000381469727,1564196234.9933248,251.3671875,37.38980574536826,3.0,2019-07-26T19:57:14.993325-07:00,10.0,29.18185043334961,1564196235.128829,11.80839115275277,POINT (-122.08218047406717 37.38980574536826),ios,1.0762324571114712,0.07471632708555634,-0.10330720686919682
831,distance,0,-122.08219145436033,1.149999976158142,1564196235.9932973,251.015625,37.38980155441667,3.0,2019-07-26T19:57:15.993297-07:00,10.0,29.169429779052734,1564196236.1265612,11.808668922914398,POINT (-122.08219145436033 37.38980155441667),ios,1.1509467356145655,-0.028588047292531126,0.12099306881591232
832,distance,0,-122.08220159646316,1.2000000476837158,1564196236.993269,236.25,37.38979505844171,3.0,2019-07-26T19:57:16.993269-07:00,10.0,29.233638763427734,1564196237.131565,11.808946692811118,POINT (-122.08220159646316 37.38979505844171),ios,1.1223594994167065,0.09240158873091095,-0.17217731102509654
833,distance,0,-122.08221131947084,1.159999966621399,1564196237.9932418,236.25,37.389788562466755,3.0,2019-07-26T19:57:17.993242-07:00,10.0,29.27816390991211,1564196238.126854,11.809224463038975,POINT (-122.08221131947084 37.389788562466755),ios,1.2147585766984914,-0.0797710425634229,0.05634357454130145
834,distance,0,-122.08222146157368,1.2000000476837158,1564196238.9932141,236.25,37.389781186391964,3.0,2019-07-26T19:57:18.993214-07:00,10.0,29.385616302490234,1564196239.130517,11.809502233134376,POINT (-122.08222146157368 37.389781186391964),ios,1.1349897403273086,-0.02342902629129956,0.13433057142718072
835,distance,0,-122.08223110076233,1.159999966621399,1564196239.9931865,236.25,37.38977443895991,3.0,2019-07-26T19:57:19.993186-07:00,10.0,29.508358001708984,1564196240.128562,11.809780003229777,POINT (-122.08223110076233 37.38977443895991),ios,1.1115613620021674,0.11089783001502067,0.027333392801654244
836,distance,0,-122.08224057231291,1.2799999713897705,1564196240.9931593,236.25,37.38976785916592,3.0,2019-07-26T19:57:20.993159-07:00,10.0,29.61294174194336,1564196241.1301131,11.810057773457633,POINT (-122.08224057231291 37.38976785916592),ios,1.2224561778454395,0.1382304799027661,-0.17284197158505185
837,distance,0,-122.08224970858737,1.2799999713897705,1564196241.9931316,222.1875,37.3897596029913,3.0,2019-07-26T19:57:21.993132-07:00,10.0,29.778987884521484,1564196242.126141,11.810335543553034,POINT (-122.08224970858737 37.3897596029913),ios,1.3606828347693112,-0.034606711468761917,-0.17762149009677067
838,distance,0,-122.08226018596633,1.2799999713897705,1564196242.993105,222.5390625,37.389750634354904,3.0,2019-07-26T19:57:22.993105-07:00,10.0,29.98952865600586,1564196243.135761,11.810613313913345,POINT (-122.08226018596633 37.389750634354904),ios,1.3260770473994425,-0.2122234585600445,0.12414730870181298
839,distance,0,-122.08227116625949,1.3200000524520874,1564196243.993076,222.5390625,37.38974250390883,3.0,2019-07-26T19:57:23.993076-07:00,10.0,30.06521224975586,1564196244.139154,11.81089108367761,POINT (-122.08227116625949 37.38974250390883),ios,1.1138597111992665,-0.08807973134024924,-0.041614412029397405
840,distance,0,-122.08227921288653,1.3200000524520874,1564196244.9930484,222.1875,37.38973479255791,3.0,2019-07-26T19:57:24.993048-07:00,10.0,30.156002044677734,1564196245.128364,11.811168853773012,POINT (-122.08227921288653 37.38973479255791),ios,1.025782415840967,-0.12969299245836424,0.20229231955443808
841,distance,0,-122.08228516403778,1.0700000524520874,1564196245.9930224,222.1875,37.38972687165941,3.0,2019-07-26T19:57:25.993022-07:00,10.0,30.17269515991211,1564196246.127861,11.811446624332005,POINT (-122.08228516403778 37.38972687165941),ios,0.8960927937954717,0.07259406999910817,0.02323069720673635
842,distance,0,-122.08229379739805,0.8799999952316284,1564196247.9929657,227.4609375,37.389712287147894,3.0,2019-07-26T19:57:27.992966-07:00,10.0,30.170894622802734,1564196248.126772,11.812002164125442,POINT (-122.08229379739805 37.389712287147894),ios,1.0412768145432332,0.1190541462186838,-0.16808655666904393
843,distance,0,-122.08230008382543,0.8799999952316284,1564196248.992939,227.4609375,37.3897043662494,3.0,2019-07-26T19:57:28.992939-07:00,10.0,30.269405364990234,1564196249.133457,11.812279934485753,POINT (-122.08230008382543 37.3897043662494),ios,1.1603277816732347,-0.04902792205506334,0.22746558400786152
844,distance,0,-122.08230804663344,1.1299999952316284,1564196249.9929101,233.7890625,37.38969606816526,3.0,2019-07-26T19:57:29.992910-07:00,10.0,30.383663177490234,1564196250.387189,11.812557704250018,POINT (-122.08230804663344 37.38969606816526),ios,1.1113012740074404,0.1784310998782168,-0.08299661952937536
845,distance,0,-122.08231550652727,1.0700000524520874,1564196250.9928842,233.4375,37.38968802153821,3.0,2019-07-26T19:57:30.992884-07:00,10.0,30.51797103881836,1564196251.113089,11.812835474809011,POINT (-122.08231550652727 37.38968802153821),ios,1.2897277368851234,0.09543663723387616,-0.10260963201559407
846,distance,0,-122.08232531335398,1.3200000524520874,1564196251.9928558,233.7890625,37.38967943008746,3.0,2019-07-26T19:57:31.992856-07:00,10.0,30.65920639038086,1564196252.241826,11.81311324470573,POINT (-122.08232531335398 37.38967943008746),ios,1.3851616664087738,-0.007170083560640499,-0.07843539444364236
847,distance,0,-122.08233537163778,1.2699999809265137,1564196252.9928288,233.4375,37.389669874717846,3.0,2019-07-26T19:57:32.992829-07:00,10.0,30.86190414428711,1564196253.1233912,11.813391014999814,POINT (-122.08233537163778 37.389669874717846),ios,1.3779917760195015,-0.08560336485283458,0.012329864434941086
848,distance,0,-122.08234635193094,1.3200000524520874,1564196253.9928017,232.3828125,37.389661073719516,3.0,2019-07-26T19:57:33.992802-07:00,10.0,30.95022201538086,1564196254.114536,11.81366878522767,POINT (-122.08234635193094 37.389661073719516),ios,1.292390737841985,-0.07327383554013203,0.18071471572282855
849,distance,0,-122.08235565584346,1.2699999809265137,1564196254.992774,225.3515625,37.38965210508312,3.0,2019-07-26T19:57:34.992774-07:00,10.0,30.912227630615234,1564196255.1200109,11.81394655532307,POINT (-122.08235565584346 37.38965210508312),ios,1.2191189288037285,0.10743588223619005,-0.19622395569490314
850,distance,0,-122.08236328337534,1.1299999952316284,1564196255.9927464,225.0,37.389642968808666,3.0,2019-07-26T19:57:35.992746-07:00,10.0,30.94692611694336,1564196256.113975,11.814224325418472,POINT (-122.08236328337534 37.389642968808666),ios,1.3265518397335136,-0.08878264658005561,0.07771755830245167
851,distance,0,-122.08237183291658,1.3200000524520874,1564196256.9927187,225.3515625,37.389633161981955,3.0,2019-07-26T19:57:36.992719-07:00,10.0,30.97115707397461,1564196257.138257,11.814502095513873,POINT (-122.08237183291658 37.389633161981955),ios,1.2377716485756218,-0.011067237677543269,0.050745749455847804
852,distance,0,-122.08238013100072,1.1299999952316284,1564196257.992691,225.3515625,37.38962419334556,3.0,2019-07-26T19:57:37.992691-07:00,10.0,30.965511322021484,1564196258.126111,11.814779865609275,POINT (-122.08238013100072 37.38962419334556),ios,1.226704716979748,0.03967710832568477,-0.11481453551896938
853,distance,0,-122.08238742325648,1.3200000524520874,1564196258.9926624,211.640625,37.38961480561401,3.0,2019-07-26T19:57:38.992662-07:00,10.0,31.039241790771484,1564196259.200216,11.815057635439766,POINT (-122.08238742325648 37.38961480561401),ios,1.266380690134258,-0.07513414232307436,0.17365910190517841
854,distance,0,-122.08239479933127,1.1200000047683716,1564196259.9926362,211.9921875,37.389605040696814,3.0,2019-07-26T19:57:39.992636-07:00,10.0,31.12026596069336,1564196260.128957,11.815335405932533,POINT (-122.08239479933127 37.389605040696814),ios,1.1912485182824837,0.09852040519090838,0.043586569149499675
855,distance,0,-122.08240184012993,1.2000000476837158,1564196260.9926085,219.0234375,37.38959590442236,3.0,2019-07-26T19:57:40.992609-07:00,10.0,31.223140716552734,1564196261.125006,11.815613176027934,POINT (-122.08240184012993 37.38959590442236),ios,1.28976619873837,0.14210576888605345,-0.07430727402106511
856,distance,0,-122.08241055730923,1.340000033378601,1564196261.99258,219.375,37.38958660050984,3.0,2019-07-26T19:57:41.992580-07:00,10.0,31.32961654663086,1564196262.131944,11.815890945858426,POINT (-122.08241055730923 37.38958660050984),ios,1.4318679019457634,0.06780062081315101,-0.269914931254456
857,distance,0,-122.08242019649788,1.340000033378601,1564196262.9925523,219.0234375,37.38957624885942,3.0,2019-07-26T19:57:42.992552-07:00,10.0,31.357051849365234,1564196263.1356812,11.816168715953827,POINT (-122.08242019649788 37.38957624885942),ios,1.499666647627304,-0.20210684552411595,0.07869587173879274
858,distance,0,-122.08242874603911,1.3600000143051147,1564196263.9925253,219.0234375,37.38956459801401,3.0,2019-07-26T19:57:43.992525-07:00,10.0,31.21865463256836,1564196264.117466,11.81644648624791,POINT (-122.08242874603911 37.38956459801401),ios,1.2975652471242318,-0.12341309395436831,0.3383950690482493
859,distance,0,-122.08243788231357,1.3600000143051147,1564196264.9924974,239.765625,37.389555461739555,3.0,2019-07-26T19:57:44.992497-07:00,10.0,31.14760971069336,1564196265.115052,11.816724256277084,POINT (-122.08243788231357 37.389555461739555),ios,1.1741555957748804,0.2149725355723111,-0.3012577871869651
860,distance,0,-122.08244835969253,1.100000023841858,1564196265.9924707,242.578125,37.3895489657646,3.0,2019-07-26T19:57:45.992471-07:00,10.0,31.077327728271484,1564196266.117815,11.817002026637395,POINT (-122.08244835969253 37.3895489657646),ios,1.389122390961186,-0.08627720716385481,-0.06549243059007893
861,distance,0,-122.08246260892793,1.3300000429153442,1564196266.992443,241.875,37.3895436851656,3.0,2019-07-26T19:57:46.992443-07:00,10.0,30.942501068115234,1564196267.1281428,11.817279796732796,POINT (-122.08246260892793 37.3895436851656),ios,1.3028475699276716,-0.15176782645891354,0.2281421064338267
862,distance,0,-122.08247669052525,1.100000023841858,1564196267.992415,235.1953125,37.38954020667578,3.0,2019-07-26T19:57:47.992415-07:00,10.0,30.726619720458984,1564196268.1336021,11.817557566695744,POINT (-122.08247669052525 37.38954020667578),ios,1.1510840132125635,0.07636786156352494,-0.17231352786104617
863,distance,0,-122.08248876046582,1.1200000047683716,1564196268.9923873,234.4921875,37.38953630909081,3.0,2019-07-26T19:57:48.992387-07:00,10.0,30.62728500366211,1564196269.122967,11.817835336791145,POINT (-122.08248876046582 37.38953630909081),ios,1.2274497627041114,-0.0959409006989304,0.2725424050378141
864,distance,0,-122.08250049513026,1.100000023841858,1564196269.9923596,234.140625,37.38953039984907,3.0,2019-07-26T19:57:49.992360-07:00,10.0,30.821102142333984,1564196270.130302,11.818113106886546,POINT (-122.08250049513026 37.38953039984907),ios,1.1315115153999948,0.176593966754821,-0.012271806621552288
865,distance,0,-122.08251114014729,0.9200000166893005,1564196270.9923325,234.4921875,37.38952474206443,3.0,2019-07-26T19:57:50.992332-07:00,10.0,30.82064437866211,1564196271.129418,11.818390877114402,POINT (-122.08251114014729 37.38952474206443),ios,1.3081006823805958,0.16432249367751225,-0.368636756609491
866,distance,0,-122.08252388064011,1.3200000524520874,1564196271.9923048,236.6015625,37.38951874900366,3.0,2019-07-26T19:57:51.992305-07:00,10.0,30.912960052490234,1564196272.131608,11.818668647209803,POINT (-122.08252388064011 37.38951874900366),ios,1.472418631463995,-0.20430406770917978,0.19817605909734973
867,distance,0,-122.08253863278969,1.190000057220459,1564196272.9922776,236.6015625,37.38951258830483,3.0,2019-07-26T19:57:52.992278-07:00,10.0,31.18416976928711,1564196273.1339312,11.81894641743766,POINT (-122.08253863278969 37.38951258830483),ios,1.2681201166817655,-0.006133394981234176,0.020803695918732018
868,distance,0,-122.08255154092058,1.190000057220459,1564196273.9922495,236.6015625,37.389507601072445,3.0,2019-07-26T19:57:53.992249-07:00,10.0,31.321346282958984,1564196274.124733,11.819224187400605,POINT (-122.08255154092058 37.389507601072445),ios,1.2619868942537387,0.014669715658958561,0.05978735311262444
869,distance,0,-122.08256461668952,1.0800000429153442,1564196274.9922218,234.4921875,37.38950303293522,3.0,2019-07-26T19:57:54.992222-07:00,10.0,31.454219818115234,1564196275.127254,11.819501957496007,POINT (-122.08256461668952 37.38950303293522),ios,1.2766562041988967,0.07445541525935283,-0.12492037295801056
870,distance,0,-122.0825780277346,1.1299999952316284,1564196275.9921942,234.84375,37.3894987581646,3.0,2019-07-26T19:57:55.992194-07:00,10.0,31.25588607788086,1564196276.1265879,11.819779727591408,POINT (-122.0825780277346 37.3894987581646),ios,1.3511095602779493,-0.05046150283147044,-0.05915175575375548
871,distance,0,-122.08259269606515,1.340000033378601,1564196276.992167,235.546875,37.3894953215843,3.0,2019-07-26T19:57:56.992167-07:00,10.0,31.186031341552734,1564196277.130278,11.820057497819265,POINT (-122.08259269606515 37.3894953215843),ios,1.3006494289758965,-0.10961165085718429,0.239989500724667
872,distance,0,-122.08260728057667,1.1299999952316284,1564196277.9921393,264.0234375,37.389493729022696,3.0,2019-07-26T19:57:57.992139-07:00,10.0,30.958492279052734,1564196278.130104,11.820335267914666,POINT (-122.08260728057667 37.389493729022696),ios,1.191040809599382,0.13037121258461432,-0.10762993225137732
873,distance,0,-122.08262069162174,1.1100000143051147,1564196278.992112,264.7265625,37.38949481867011,3.0,2019-07-26T19:57:58.992112-07:00,10.0,30.86446762084961,1564196279.130762,11.820613038076294,POINT (-122.08262069162174 37.38949481867011),ios,1.3214084476482815,0.02274423134542136,0.01435096670972593
874,distance,0,-122.0826348570381,1.1100000143051147,1564196279.9920855,266.1328125,37.38949863243605,3.0,2019-07-26T19:57:59.992085-07:00,10.0,30.79623031616211,1564196280.132083,11.820890808502833,POINT (-122.0826348570381 37.38949863243605),ios,1.3441520770798503,0.037094818264530115,0.007472350426289988
875,distance,0,-122.0826488548164,1.100000023841858,1564196280.992057,280.1953125,37.389503368211344,3.0,2019-07-26T19:58:00.992057-07:00,10.0,30.757137298583984,1564196281.128062,11.821168578399552,POINT (-122.0826488548164 37.389503368211344),ios,1.3812458428972108,0.04456695668670673,-0.2113159457818172
876,distance,0,-122.0826628525947,1.3300000429153442,1564196281.9920292,280.8984375,37.38950890026744,3.0,2019-07-26T19:58:01.992029-07:00,10.0,30.69436264038086,1564196282.116471,11.821446348428726,POINT (-122.0826628525947 37.38950890026744),ios,1.4258115563898304,-0.1667430944423489,0.11349313675306563
877,distance,0,-122.08267676655396,1.1699999570846558,1564196282.9920013,281.6015625,37.389515396242395,3.0,2019-07-26T19:58:02.992001-07:00,10.0,30.71767807006836,1564196283.124819,11.821724118457901,POINT (-122.08267676655396 37.389515396242395),ios,1.2590731132417248,-0.05325312357735434,-0.013819173515046128
878,distance,0,-122.0826882497613,1.1699999570846558,1564196283.991974,291.09375,37.38952210176493,3.0,2019-07-26T19:58:03.991974-07:00,10.0,30.580928802490234,1564196284.125529,11.822001888685756,POINT (-122.0826882497613 37.38952210176493),ios,1.2058214370692528,-0.06707192149116109,0.1863272401773351
879,distance,0,-122.08269948151155,1.090000033378601,1564196284.9919465,290.390625,37.38952826246376,3.0,2019-07-26T19:58:04.991946-07:00,10.0,30.49868392944336,1564196285.1324859,11.822279658781158,POINT (-122.08269948151155 37.38952826246376),ios,1.1387513705563892,0.11925016551657529,-0.060982052488181844
880,distance,0,-122.08271029416665,0.9100000262260437,1564196285.9919195,291.09375,37.38953383642937,3.0,2019-07-26T19:58:05.991920-07:00,10.0,30.402645111083984,1564196286.1344829,11.82255742907524,POINT (-122.08271029416665 37.38953383642937),ios,1.2579983233185472,0.0582697559641299,-0.1760884717287935
881,distance,0,-122.08272253174528,1.350000023841858,1564196286.9918919,297.421875,37.38953961994256,3.0,2019-07-26T19:58:06.991892-07:00,10.0,30.400081634521484,1564196287.112984,11.822835199170642,POINT (-122.08272253174528 37.38953961994256),ios,1.3162664677419562,-0.11781384576412941,0.18495717000180392
882,distance,0,-122.082735020781,1.0399999618530273,1564196287.9918647,297.7734375,37.389546074008,3.0,2019-07-26T19:58:07.991865-07:00,10.0,30.16781234741211,1564196288.114502,11.8231129693985,POINT (-122.082735020781 37.389546074008),ios,1.1984558241249332,0.06713829715394853,-0.010206921000305612
883,distance,0,-122.08274600107416,1.090000033378601,1564196288.9918365,297.7734375,37.3895524023449,3.0,2019-07-26T19:58:08.991837-07:00,10.0,30.18618392944336,1564196289.126786,11.823390739361445,POINT (-122.08274600107416 37.3895524023449),ios,1.2655922324508273,0.056931663308955945,0.012152570702790627
884,distance,0,-122.08275765191956,1.090000033378601,1564196289.9918091,299.53125,37.3895590240484,3.0,2019-07-26T19:58:09.991809-07:00,10.0,30.076778411865234,1564196290.12748,11.823668509523074,POINT (-122.08275765191956 37.3895590240484),ios,1.322522334799662,0.06908390081090304,-0.18380499458888186
885,distance,0,-122.0827696380411,1.1399999856948853,1564196290.9917815,300.234375,37.3895661486661,3.0,2019-07-26T19:58:10.991781-07:00,10.0,30.104427337646484,1564196291.134598,11.823946279618475,POINT (-122.0827696380411 37.3895661486661),ios,1.3916043249878505,-0.1147160103650044,-0.08517679467803081
886,distance,0,-122.08278187561973,1.350000023841858,1564196291.9917536,300.234375,37.38957402765508,3.0,2019-07-26T19:58:11.991754-07:00,10.0,30.066585540771484,1564196292.1351771,11.824224049647649,POINT (-122.08278187561973 37.38957402765508),ios,1.2768915146229445,-0.19989042903858315,0.36692691817188383
887,distance,0,-122.08279277209385,1.1399999856948853,1564196292.991726,300.9375,37.389581571367934,3.0,2019-07-26T19:58:12.991726-07:00,10.0,29.89016342163086,1564196293.130523,11.82450181974305,POINT (-122.08279277209385 37.389581571367934),ios,1.0770066138650412,0.16702634119874282,-0.045708746080502065
888,distance,0,-122.08280190836831,1.0299999713897705,1564196293.9916992,301.640625,37.38958798352386,3.0,2019-07-26T19:58:13.991699-07:00,10.0,29.845272064208984,1564196294.123111,11.824779590103361,POINT (-122.08280190836831 37.38958798352386),ios,1.2440284949792946,0.12131881567344158,-0.08883391933779905
889,distance,0,-122.08281179901405,1.0299999713897705,1564196294.991671,302.34375,37.38959594633187,3.0,2019-07-26T19:58:14.991671-07:00,10.0,29.830074310302734,1564196295.128715,11.825057360066308,POINT (-122.08281179901405 37.38959594633187),ios,1.3653438975428973,0.03248739553514782,-0.14414273426206417
890,distance,0,-122.0828214382027,1.190000057220459,1564196295.991644,316.7578125,37.389605543611005,3.0,2019-07-26T19:58:15.991644-07:00,10.0,29.904170989990234,1564196296.1222758,11.825335130294164,POINT (-122.0828214382027 37.389605543611005),ios,1.3978304100797954,-0.11165142096804483,-0.07807039160033631
891,distance,0,-122.08283049065813,1.350000023841858,1564196296.9916172,317.109375,37.389615853351906,3.0,2019-07-26T19:58:16.991617-07:00,10.0,29.868648529052734,1564196297.124415,11.825612900654475,POINT (-122.08283049065813 37.389615853351906),ios,1.2861819705263424,-0.18971972786401559,0.22664469143173419
892,distance,0,-122.08283795055195,1.190000057220459,1564196297.9915886,330.46875,37.389625785907164,3.0,2019-07-26T19:58:17.991589-07:00,10.0,29.939205169677734,1564196298.1312761,11.825890670484966,POINT (-122.08283795055195 37.389625785907164),ios,1.0964676705872802,0.03691847921108355,-0.24311051621542926
893,distance,0,-122.0828436502461,1.0099999904632568,1564196298.9915607,330.1171875,37.38963454499598,3.0,2019-07-26T19:58:18.991561-07:00,10.0,30.05794906616211,1564196299.119979,11.82616844051414,POINT (-122.0828436502461 37.38963454499598),ios,1.1333851199583551,-0.20618525544287636,0.27596564378886185
894,distance,0,-122.08284993667348,0.9800000190734863,1564196299.9915342,329.765625,37.38964342981334,3.0,2019-07-26T19:58:19.991534-07:00,10.0,30.171749114990234,1564196300.1235719,11.826446210940679,POINT (-122.08284993667348 37.38964342981334),ios,0.9272053210973942,0.06977308506361476,-0.1501760379183827
895,distance,0,-122.08286309626146,0.8199999928474426,1564196301.9914782,329.765625,37.389656421763256,3.0,2019-07-26T19:58:21.991478-07:00,10.0,29.515621185302734,1564196302.124823,11.8270017509328,POINT (-122.08286309626146 37.389656421763256),ios,1.0667475819526706,-0.23057057665512035,0.34761403622170367
896,distance,0,-122.08287198107882,0.8199999928474426,1564196302.9914508,317.109375,37.389662917738214,3.0,2019-07-26T19:58:22.991451-07:00,10.0,29.36080551147461,1564196303.129187,11.827279521094429,POINT (-122.08287198107882 37.389662917738214),ios,0.8361833271131162,0.11703392863745528,0.07875486171908204
897,distance,0,-122.08288212318166,0.7200000286102295,1564196304.9913955,318.1640625,37.38967561632152,3.0,2019-07-26T19:58:24.991395-07:00,10.0,29.25728988647461,1564196305.125437,11.827835061285231,POINT (-122.08288212318166 37.38967561632152),ios,1.0702447108774171,0.27453929589926235,-0.15126556650713327
898,distance,0,-122.08288522448584,1.0399999618530273,1564196305.9913678,318.1640625,37.38968492023404,3.0,2019-07-26T19:58:25.991368-07:00,10.0,29.17800521850586,1564196306.122737,11.828112831380633,POINT (-122.08288522448584 37.38968492023404),ios,1.3447764139654945,0.12327791287661538,-0.14050899634462788
899,distance,0,-122.08289234910353,1.350000023841858,1564196306.9913409,318.1640625,37.38969560716058,3.0,2019-07-26T19:58:26.991341-07:00,10.0,29.146785736083984,1564196307.1270552,11.828390601674716,POINT (-122.08289234910353 37.38969560716058),ios,1.468051005574945,-0.017227297973068177,-0.1047288985344067
900,distance,0,-122.0829007310067,1.2599999904632568,1564196307.991314,318.1640625,37.389707006548896,3.0,2019-07-26T19:58:27.991314-07:00,10.0,29.071651458740234,1564196308.130306,11.8286683719688,POINT (-122.0829007310067 37.389707006548896),ios,1.45082417172767,-0.1219533749748596,0.178396446129657
901,distance,0,-122.08290768798634,1.3200000524520874,1564196308.9912858,338.90625,37.38971882503237,3.0,2019-07-26T19:58:28.991286-07:00,10.0,28.94717025756836,1564196309.112747,11.828946141931747,POINT (-122.08290768798634 37.38971882503237),ios,1.328874227714955,0.05643805225758747,0.061750699346270276
902,distance,0,-122.08291296858535,1.2599999904632568,1564196309.991259,338.90625,37.3897300148731,3.0,2019-07-26T19:58:29.991259-07:00,10.0,29.090633392333984,1564196310.127023,11.829223912292056,POINT (-122.08291296858535 37.3897300148731),ios,1.385310772913957,0.11818710268229012,-0.3241966199957623
903,distance,0,-122.08291724335596,1.2599999904632568,1564196310.99123,338.90625,37.38974200099464,3.0,2019-07-26T19:58:30.991230-07:00,10.0,29.02486801147461,1564196311.138925,11.829501681990093,POINT (-122.08291724335596 37.38974200099464),ios,1.5034944378801143,-0.20600008738477857,0.010660762660867603
904,distance,0,-122.08292176958368,1.3600000143051147,1564196311.9912024,338.5546875,37.38975503485407,3.0,2019-07-26T19:58:31.991202-07:00,10.0,28.929561614990234,1564196312.129549,11.829779452085495,POINT (-122.08292176958368 37.38975503485407),ios,1.2975000477481187,-0.1953396195638817,0.2966427935600088
905,distance,0,-122.08292688254461,1.2599999904632568,1564196312.991175,338.203125,37.38976597323771,3.0,2019-07-26T19:58:32.991175-07:00,10.0,28.812801361083984,1564196313.128406,11.830057222247124,POINT (-122.08292688254461 37.38976597323771),ios,1.102165784032609,0.10129504060349283,-0.037549395196284883
906,distance,0,-122.0829313249533,1.059999942779541,1564196313.991148,332.9296875,37.38977523524071,3.0,2019-07-26T19:58:33.991148-07:00,10.0,28.71169662475586,1564196314.1206741,11.830334992541207,POINT (-122.0829313249533 37.38977523524071),ios,1.2034580956160812,0.06374665703670766,0.05827992827992588
907,distance,0,-122.08293593500004,1.059999942779541,1564196314.991121,332.9296875,37.389785419253066,3.0,2019-07-26T19:58:34.991121-07:00,10.0,28.635921478271484,1564196315.1318212,11.83061276283529,POINT (-122.08293593500004 37.389785419253066),ios,1.2672030352350134,0.1220250151796345,-0.10521727780139857
908,distance,0,-122.08293995831356,1.1399999856948853,1564196315.9910922,333.6328125,37.389796357636705,3.0,2019-07-26T19:58:35.991092-07:00,10.0,28.459529876708984,1564196316.135758,11.830890532599556,POINT (-122.08293995831356 37.389796357636705),ios,1.3892245301579291,0.016810772754454244,-0.17250080741478682
909,distance,0,-122.08294381398902,1.3600000143051147,1564196316.991065,342.7734375,37.38980846948679,3.0,2019-07-26T19:58:36.991065-07:00,10.0,28.40737533569336,1564196317.1342192,11.831168302827411,POINT (-122.08294381398902 37.38980846948679),ios,1.4060348460003202,-0.15568534613702922,0.2578090590505675
910,distance,0,-122.08294490363643,1.159999966621399,1564196317.9910383,344.8828125,37.38982108425106,3.0,2019-07-26T19:58:37.991038-07:00,10.0,28.19991683959961,1564196318.124166,11.831446073187722,POINT (-122.08294490363643 37.38982108425106),ios,1.2503536571105405,0.10211682866895003,-0.04244953142451823
911,distance,0,-122.08294557418868,1.159999966621399,1564196318.9910097,344.53125,37.38983231600131,3.0,2019-07-26T19:58:38.991010-07:00,10.0,28.158443450927734,1564196319.113123,11.831723843018214,POINT (-122.08294557418868 37.38983231600131),ios,1.3524675641935873,0.05966851173526769,-0.12693582715985172
912,distance,0,-122.0829461609219,1.159999966621399,1564196319.990982,344.53125,37.38984446976091,3.0,2019-07-26T19:58:39.990982-07:00,10.0,28.19558334350586,1564196320.1197848,11.832001613113615,POINT (-122.0829461609219 37.38984446976091),ios,1.412134425703368,-0.06726380481687642,-0.1481116782726777
913,distance,0,-122.08294632855997,1.2300000190734863,1564196320.9909546,344.53125,37.389857168344214,3.0,2019-07-26T19:58:40.990955-07:00,10.0,28.15438461303711,1564196321.138527,11.832279383275244,POINT (-122.08294632855997 37.389857168344214),ios,1.34487246513468,-0.2153714221433277,0.11053288779052532
914,distance,0,-122.08294792112157,1.3600000143051147,1564196321.9909277,338.90625,37.389869196375265,3.0,2019-07-26T19:58:41.990928-07:00,10.0,28.18832015991211,1564196322.13127,11.832557153569327,POINT (-122.08294792112157 37.389869196375265),ios,1.1295068453773267,-0.10484151225243013,0.1738229669910191
915,distance,0,-122.0829514415209,1.2300000190734863,1564196322.990899,347.6953125,37.38987896129246,3.0,2019-07-26T19:58:42.990899-07:00,10.0,28.093563079833984,1564196323.127708,11.832834923399819,POINT (-122.0829514415209 37.38987896129246),ios,1.0246683326646224,0.06897648162361235,-0.003427149184743861
916,distance,0,-122.0829548781012,0.9900000095367432,1564196323.9908724,348.046875,37.38988776229079,3.0,2019-07-26T19:58:43.990872-07:00,10.0,28.21969223022461,1564196324.122921,11.83311269376013,POINT (-122.0829548781012 37.38988776229079),ios,1.0936429724174639,0.06554942395362486,0.14983609745352783
917,distance,0,-122.08295873377666,0.9900000095367432,1564196324.9908438,336.796875,37.38989710811283,3.0,2019-07-26T19:58:44.990844-07:00,10.0,28.283565521240234,1564196325.13025,11.833390463590622,POINT (-122.08295873377666 37.38989710811283),ios,1.1591905209870264,0.2153812345620183,-0.24221757349048242
918,distance,0,-122.0829640981947,1.1299999952316284,1564196325.9908175,336.09375,37.389906621572926,3.0,2019-07-26T19:58:45.990818-07:00,10.0,28.265010833740234,1564196326.1242418,11.833668234083387,POINT (-122.0829640981947 37.389906621572926),ios,1.3745661069513746,-0.02682998651979658,-0.18036315262571956
919,distance,0,-122.08297356974528,1.350000023841858,1564196326.9907894,316.7578125,37.38991642839964,3.0,2019-07-26T19:58:46.990789-07:00,10.0,28.09994125366211,1564196327.1327538,11.833946004046334,POINT (-122.08297356974528 37.38991642839964),ios,1.347736875250115,-0.20718806491818073,0.14015999996997938
920,distance,0,-122.08298438240037,1.1399999856948853,1564196327.9907613,316.40625,37.38992497794087,3.0,2019-07-26T19:58:47.990761-07:00,10.0,28.13741683959961,1564196328.123661,11.834223774009281,POINT (-122.08298438240037 37.38992497794087),ios,1.1405546392350516,-0.06703200812447005,0.14491981126258657
921,distance,0,-122.08299377013192,1.1399999856948853,1564196328.9907355,322.03125,37.389932018739536,3.0,2019-07-26T19:58:48.990736-07:00,10.0,28.06679916381836,1564196329.098314,11.8345015446345,POINT (-122.08299377013192 37.389932018739536),ios,1.0735243571316038,0.07788407156796416,-0.015220087194128692
922,distance,0,-122.08300173293993,1.0,1564196329.9907086,322.3828125,37.389939310995295,3.0,2019-07-26T19:58:49.990709-07:00,10.0,28.024715423583984,1564196330.091759,11.834779314928584,POINT (-122.08300173293993 37.389939310995295),ios,1.1514063304014743,0.06266439442276205,0.1810340642627336
923,distance,0,-122.08300952810988,0.9800000190734863,1564196330.9906802,322.3828125,37.389947609079435,3.0,2019-07-26T19:58:50.990680-07:00,10.0,28.137569427490234,1564196331.105375,11.835057084825303,POINT (-122.08300952810988 37.389947609079435),ios,1.2140689469218868,0.24369332242125555,-0.3707160463910857
924,distance,0,-122.08301858056531,1.350000023841858,1564196331.9906516,315.3515625,37.38995582334454,3.0,2019-07-26T19:58:51.990652-07:00,10.0,27.82998275756836,1564196332.117084,11.835334854655796,POINT (-122.08301858056531 37.38995582334454),ios,1.4577552972212622,-0.12701211769866644,0.0002192270101111485
925,distance,0,-122.08302922558234,1.350000023841858,1564196332.9906242,315.703125,37.38996583971883,3.0,2019-07-26T19:58:52.990624-07:00,10.0,27.991268157958984,1564196333.133024,11.835612624817424,POINT (-122.08302922558234 37.38996583971883),ios,1.3307466619581882,-0.1267928966993514,0.1134670470679636
926,distance,0,-122.08304112788484,1.350000023841858,1564196333.9905968,302.6953125,37.38997317388411,3.0,2019-07-26T19:58:53.990597-07:00,10.0,27.84774398803711,1564196334.1248422,11.835890394979053,POINT (-122.08304112788484 37.38997317388411),ios,1.203957241683798,-0.013328960686383538,0.13556606914439143
927,distance,0,-122.08305277873025,1.159999966621399,1564196334.990569,302.6953125,37.38997878975923,3.0,2019-07-26T19:58:54.990569-07:00,10.0,27.75063705444336,1564196335.1094599,11.836168165074454,POINT (-122.08305277873025 37.38997878975923),ios,1.1906286496305512,0.12223335916753664,-0.18475803676554872
928,distance,0,-122.08306501630888,1.059999942779541,1564196335.990542,302.34375,37.38998327407743,3.0,2019-07-26T19:58:55.990542-07:00,10.0,27.576229095458984,1564196336.107949,11.83644593530231,POINT (-122.08306501630888 37.38998327407743),ios,1.3128586865298533,-0.0625196559266713,-0.107262580079627
929,distance,0,-122.08307876263008,1.350000023841858,1564196336.9905148,301.2890625,37.38998775839563,3.0,2019-07-26T19:58:56.990515-07:00,10.0,27.528194427490234,1564196337.1156092,11.836723705530167,POINT (-122.08307876263008 37.38998775839563),ios,1.2503407298698006,-0.1697793206396179,0.164237485063362
930,distance,0,-122.08309167076096,1.100000023841858,1564196337.9904864,300.9375,37.38999236844237,3.0,2019-07-26T19:58:57.990486-07:00,10.0,27.65041732788086,1564196338.098023,11.837001475426886,POINT (-122.08309167076096 37.38999236844237),ios,1.0805662261769649,-0.005546495291126982,0.10301742554089809
931,distance,0,-122.08310298633025,1.100000023841858,1564196338.9904594,300.9375,37.38999605647977,3.0,2019-07-26T19:58:58.990459-07:00,10.0,27.766780853271484,1564196339.09604,11.83727924572097,POINT (-122.08310298633025 37.38999605647977),ios,1.0750198803156283,0.09746815482646222,0.11696740918697975
932,distance,0,-122.08311405044243,1.059999942779541,1564196339.9904318,302.34375,37.39000007979329,3.0,2019-07-26T19:58:59.990432-07:00,10.0,28.00515365600586,1564196340.102932,11.83755701581637,POINT (-122.08311405044243 37.39000007979329),ios,1.1724853395086887,0.21443232909783602,-0.16803256531112204
933,distance,0,-122.08312603656397,1.1399999856948853,1564196340.990404,301.640625,37.390004606021,3.0,2019-07-26T19:59:00.990404-07:00,10.0,27.97951889038086,1564196341.119549,11.837834785845544,POINT (-122.08312603656397 37.390004606021),ios,1.3869116870223324,0.046404451050713294,-0.36997624486449077
934,distance,0,-122.08314053725645,1.350000023841858,1564196341.990376,301.2890625,37.39000938370581,3.0,2019-07-26T19:59:01.990376-07:00,10.0,27.97243881225586,1564196342.125766,11.83811255587472,POINT (-122.08314053725645 37.39000938370581),ios,1.4333148436221015,-0.32356147333613705,0.3850117997640492
935,distance,0,-122.08315554086313,1.149999976158142,1564196342.9903488,291.09375,37.390014287119165,3.0,2019-07-26T19:59:02.990349-07:00,10.0,28.231258392333984,1564196343.124802,11.838390326102575,POINT (-122.08315554086313 37.390014287119165),ios,1.109762164595571,0.06143986191576109,-0.045616534902508825
936,distance,0,-122.08316719170854,1.149999976158142,1564196343.9903212,291.09375,37.390018017066076,3.0,2019-07-26T19:59:03.990321-07:00,10.0,27.974178314208984,1564196344.122668,11.838668096197976,POINT (-122.08316719170854 37.390018017066076),ios,1.1712003272964011,0.01582458860946673,0.005765214596907527
937,distance,0,-122.08317901019201,1.2400000095367432,1564196344.9905815,291.796875,37.390022794750884,3.0,2019-07-26T19:59:04.990582-07:00,10.0,27.860469818115234,1564196345.131125,11.838945946296056,POINT (-122.08317901019201 37.390022794750884),ios,1.1870290358863846,0.02159130419779973,-0.02128524323884193
938,distance,0,-122.08319082867548,1.2400000095367432,1564196345.9902658,296.71875,37.3900278658023,3.0,2019-07-26T19:59:05.990266-07:00,10.0,27.96072006225586,1564196346.132663,11.839223636388779,POINT (-122.08319082867548 37.3900278658023),ios,1.2086135244392626,0.0003127799907800592,-0.08258056496222538
939,distance,0,-122.08320281479702,1.2400000095367432,1564196346.9902377,296.3671875,37.390033104491785,3.0,2019-07-26T19:59:06.990238-07:00,10.0,27.88131332397461,1564196347.1311631,11.839501406351726,POINT (-122.08320281479702 37.390033104491785),ios,1.2089262956304805,-0.08226546170001207,0.045194578557729057
940,distance,0,-122.08321530383274,1.0499999523162842,1564196347.99021,295.6640625,37.390037546900466,3.0,2019-07-26T19:59:07.990210-07:00,10.0,27.736080169677734,1564196348.126704,11.839779176447127,POINT (-122.08321530383274 37.390037546900466),ios,1.126663109109749,-0.037072133068638546,0.1363748261085835
941,distance,0,-122.08322754141138,1.1200000047683716,1564196348.9901829,295.6640625,37.390040396747544,3.0,2019-07-26T19:59:08.990183-07:00,10.0,27.94399642944336,1564196349.122507,11.840056946674983,POINT (-122.08322754141138 37.390040396747544),ios,1.0895919836512336,0.09929898641062664,-0.1187709779118896
942,distance,0,-122.08323977899,1.2899999618530273,1564196349.9901557,272.8125,37.390041612123504,3.0,2019-07-26T19:59:09.990156-07:00,10.0,27.86721420288086,1564196350.183294,11.84033471690284,POINT (-122.08323977899 37.390041612123504),ios,1.1888882711434101,-0.019468763339574643,-0.028051793390225375
943,distance,0,-122.08325319003508,1.2899999618530273,1564196350.9901278,272.8125,37.39004249222334,3.0,2019-07-26T19:59:10.990128-07:00,10.0,28.029964447021484,1564196351.120147,11.840612486932013,POINT (-122.08325319003508 37.39004249222334),ios,1.1694200508844779,-0.04751977422575962,-0.05838960486004807
944,distance,0,-122.083266181985,1.2899999618530273,1564196351.9901004,271.40625,37.390040480566576,3.0,2019-07-26T19:59:11.990100-07:00,10.0,27.76302719116211,1564196352.125839,11.840890257093642,POINT (-122.083266181985 37.390040480566576),ios,1.121901579562379,-0.10590777815164581,0.15362728700250944
945,distance,0,-122.08327791664944,1.1200000047683716,1564196352.9900732,250.6640625,37.39003662489112,3.0,2019-07-26T19:59:12.990073-07:00,10.0,27.616756439208984,1564196353.127415,11.841168027321498,POINT (-122.08327791664944 37.39003662489112),ios,1.0159966799542792,0.04771533330452311,-0.16793525818019425
946,distance,0,-122.08329962577865,1.309999942779541,1564196354.9900177,280.8984375,37.39003058992083,3.0,2019-07-26T19:59:14.990018-07:00,10.0,27.573299407958984,1564196355.126594,11.841723567446072,POINT (-122.08329962577865 37.39003058992083),ios,1.111424695903607,-0.2881458539955121,0.3971996868559763
947,distance,0,-122.08331219863341,1.309999942779541,1564196355.9899907,280.8984375,37.39003025464471,3.0,2019-07-26T19:59:15.989991-07:00,10.0,27.61043930053711,1564196356.127768,11.842001337740156,POINT (-122.08331219863341 37.39003025464471),ios,0.8232866049318293,0.1090431317847637,0.0505234182041065
948,distance,0,-122.08332954917297,0.9399999976158142,1564196357.9899354,317.8125,37.39003566097225,3.0,2019-07-26T19:59:17.989935-07:00,10.0,27.510005950927734,1564196358.1303911,11.842556877930958,POINT (-122.08332954917297 37.39003566097225),ios,1.0413668369865752,0.21008717358557025,-0.6384372709766732
949,distance,0,-122.08333726052389,0.9700000286102295,1564196358.9899073,318.1640625,37.39004274368043,3.0,2019-07-26T19:59:18.989907-07:00,10.0,27.701717376708984,1564196359.123845,11.842834647893905,POINT (-122.08333726052389 37.39004274368043),ios,1.2514481001072666,-0.42833213598487796,0.3994660892720749
950,distance,0,-122.08334530715094,1.309999942779541,1564196359.9898798,318.1640625,37.39005200568344,3.0,2019-07-26T19:59:19.989880-07:00,10.0,27.889949798583984,1564196360.125402,11.843112418055535,POINT (-122.08334530715094 37.39005200568344),ios,0.8231277081914018,-0.028876999328604505,0.12480122092022769
951,distance,0,-122.0833576285486,0.800000011920929,1564196361.9898252,318.1640625,37.39006311170514,3.0,2019-07-26T19:59:21.989825-07:00,10.0,27.827083587646484,1564196362.1237879,11.84366795844502,POINT (-122.0833576285486 37.39006311170514),ios,0.7653752861564038,0.22071862863293537,-0.17768425391045223
952,distance,0,-122.08337129105077,0.800000011920929,1564196363.989769,317.8125,37.39007157742734,3.0,2019-07-26T19:59:23.989769-07:00,10.0,27.856258392333984,1564196364.1296191,11.844223498370912,POINT (-122.08337129105077 37.39007157742734),ios,1.206800124294725,-0.1346398814663154,-0.2636090660551806
953,distance,0,-122.0833761525546,1.350000023841858,1564196364.9897423,317.8125,37.39008171953018,3.0,2019-07-26T19:59:24.989742-07:00,10.0,27.68349838256836,1564196365.1301599,11.844501268731223,POINT (-122.0833761525546 37.39008171953018),ios,1.0721638381011234,-0.39824190840001167,0.45223024995771877
954,distance,0,-122.08337933767781,1.350000023841858,1564196365.9897149,317.8125,37.3900910234427,3.0,2019-07-26T19:59:25.989715-07:00,10.0,27.66976547241211,1564196366.1272578,11.844779038892852,POINT (-122.08337933767781 37.3900910234427),ios,0.6739328487521548,0.053975942246940654,-0.13702098274580424
955,distance,0,-122.0833819360678,0.7799999713897705,1564196367.9896598,317.8125,37.39010296765472,3.0,2019-07-26T19:59:27.989660-07:00,10.0,27.49026107788086,1564196368.138335,11.845334579149881,POINT (-122.0833819360678 37.39010296765472),ios,0.7818817605376537,-0.22005847685627677,0.22139832703130297
956,distance,0,-122.08338411536262,0.46000000834465027,1564196369.989604,317.8125,37.3901169235235,3.0,2019-07-26T19:59:29.989604-07:00,10.0,27.397579193115234,1564196370.1308641,11.84589011920823,POINT (-122.08338411536262 37.3901169235235),ios,0.341777083875973,0.22272582540528535,0.0729473235964501
957,distance,0,-122.0833922458087,0.25999999046325684,1564196372.989522,317.8125,37.39012350331749,3.0,2019-07-26T19:59:32.989522-07:00,10.0,27.17428207397461,1564196373.126484,11.846723429759344,POINT (-122.0833922458087 37.39012350331749),ios,1.0099362930124902,0.4415618133475847,-1.4888931592932744
958,distance,0,-122.08339853223607,0.38999998569488525,1564196373.989494,332.9296875,37.39013108893986,3.0,2019-07-26T19:59:33.989494-07:00,10.0,27.23464584350586,1564196374.128752,11.847001199788517,POINT (-122.08339853223607 37.39013108893986),ios,1.4514857890048805,-1.0472898133100874,1.0013244729572996
959,distance,0,-122.08340330992088,1.1299999952316284,1564196374.9894671,317.8125,37.390143577975586,3.0,2019-07-26T19:59:34.989467-07:00,10.0,27.351924896240234,1564196375.1364899,11.8472789700826,POINT (-122.08340330992088 37.390143577975586),ios,0.40422419104325225,-0.045992317335248833,0.032594068688367964
960,distance,0,-122.08341437403307,0.5199999809265137,1564196377.989384,317.8125,37.39015003204103,3.0,2019-07-26T19:59:37.989384-07:00,10.0,27.483699798583984,1564196378.125348,11.848112280302578,POINT (-122.08341437403307 37.39015003204103),ios,0.26625106597011483,0.051787176639846264,-0.005953869744449321
961,distance,0,-122.08340062771187,0.30000001192092896,1564196382.9892464,317.8125,37.39015493545438,3.0,2019-07-26T19:59:42.989246-07:00,10.0,27.63814926147461,1564196383.116374,11.849501130978267,POINT (-122.08340062771187 37.39015493545438),ios,0.5251798249358807,0.022018646976695647,-0.1058842009548165
962,distance,0,-122.08338922832355,0.3499999940395355,1564196384.9891906,317.8125,37.3901576176634,3.0,2019-07-26T19:59:44.989191-07:00,10.0,27.629878997802734,1564196385.096571,11.850056671036615,POINT (-122.08338922832355 37.3901576176634),ios,0.5692158904701129,-0.18974384765892396,0.06324968843487214
963,distance,0,-122.08340163354025,0.6000000238418579,1564196387.989108,214.1015625,37.39014584108944,3.0,2019-07-26T19:59:47.989108-07:00,10.0,27.74935531616211,1564196388.109867,11.850889981455273,POINT (-122.08340163354025 37.39014584108944),ios,0.0,0.0,0.0
