,accuracy,altitude,bearing,elapsedRealtimeNanos,filter,fmt_time,latitude,longitude,sensed_speed,ts,write_ts,hr,geometry,source,speed,acceleration,jerk
0,11.361,-25.0,90.36962,1163325246846297,time,2019-11-19T17:58:35-08:00,37.7760752,-122.3951712,0.003526262,1574215115.0,1574215115.074,9.83693388885922,POINT (-122.3951712 37.7760752),android,0.0,0.0,0.0
1,12.361,-25.0,83.5071,1163325913715099,time,2019-11-19T17:58:36-08:00,37.7760752,-122.3951712,0.0030067991,1574215116.0,1574215115.735,9.837211666636996,POINT (-122.3951712 37.7760752),android,0.0,0.0,0.0
2,12.694,-25.0,74.30947,1163326891694421,time,2019-11-19T17:58:37-08:00,37.7760752,-122.3951712,0.0020032802,1574215117.0,1574215116.721,9.837489444414775,POINT (-122.3951712 37.7760752),android,0.0,0.0,2.421918566565815
3,12.694,-25.0,66.07569,1163327895734369,time,2019-11-19T17:58:38-08:00,37.7760752,-122.3951712,0.0012327365,1574215118.0,1574215117.729,9.837767222192552,POINT (-122.3951712 37.7760752),android,0.0,2.421918566565815,-0.10626809409219984
4,11.698,-25.0,53.880543,1163328913335254,time,2019-11-19T17:58:39-08:00,37.7760752,-122.3951712,0.00063843554,1574215119.0,1574215118.716,9.83804499997033,POINT (-122.3951712 37.7760752),android,2.421918566565815,2.315650472473615,-2.5471105547166384
5,11.741,-25.0,223.94962,1163329924831972,time,2019-11-19T17:58:40-08:00,37.7760595,-122.3951903,2.7824628,1574215120.0,1574215119.743,9.838322777748107,POINT (-122.3951903 37.7760595),android,4.73756903903943,-0.23146008224302328,0.8572544381978986
6,11.884,-24.0,235.63145,1163330904101191,time,2019-11-19T17:58:41-08:00,37.776035,-122.3952344,3.2340364,1574215121.0,1574215120.718,9.838600555525886,POINT (-122.3952344 37.776035),android,4.506108956796407,0.6257943559548753,-0.4823365037758576
7,12.031,-22.0,233.50885,1163331896666138,time,2019-11-19T17:58:42-08:00,37.7760133,-122.3952777,3.671424,1574215122.0,1574215121.707,9.838878333303663,POINT (-122.3952777 37.7760133),android,5.131903312751282,0.14345785217901774,-0.26542740765655815
8,12.312,-21.0,228.89827,1163332881908534,time,2019-11-19T17:58:43-08:00,37.7759882,-122.3953267,3.7302153,1574215123.0,1574215122.693,9.839156111081442,POINT (-122.3953267 37.7759882),android,5.2753611649303,-0.1219695554775404,0.7844541006236554
9,13.373,-19.0,226.5446,1163333920634940,time,2019-11-19T17:58:44-08:00,37.7759608,-122.3953757,3.9694407,1574215124.0,1574215123.719,9.839433888859219,POINT (-122.3953757 37.7759608),android,5.153391609452759,0.662484545146115,-0.22694710143252284
10,13.32,-20.0,228.68935,1163334807221554,time,2019-11-19T17:58:45-08:00,37.7759309,-122.3954205,4.474927,1574215125.0,1574215124.626,9.839711666636997,POINT (-122.3954205 37.7759309),android,5.815876154598874,0.43553744371359215,2.4601577304873006
11,13.463,-20.0,235.36685,1163335871081605,time,2019-11-19T17:58:46-08:00,37.7759017,-122.3954754,4.365478,1574215126.0,1574215125.684,9.839989444414774,POINT (-122.3954754 37.7759017),android,6.251413598312467,2.8956951742008927,-6.90993145214861
12,13.463,-21.0,236.70262,1163336874147855,time,2019-11-19T17:58:47-08:00,37.7758703,-122.3955344,4.790457,1574215127.0,1574215126.7,9.840267222192553,POINT (-122.3955344 37.7758703),android,9.14710877251336,-4.014236277947718,3.0889400834472496
13,13.043,-22.0,234.42903,1163338058000000,time,2019-11-19T17:58:47.785000-08:00,37.7758361,-122.3956037,4.6032906,1574215127.785,1574215128.648,9.84048527777195,POINT (-122.3956037 37.7758361),android,5.995932949779737,-1.5894180473157729,0.13385750712643069
14,13.206,-22.0,234.42317,1163337883271605,time,2019-11-19T17:58:48-08:00,37.7758419,-122.395591,4.583955,1574215128.0,1574215127.711,9.84054499997033,POINT (-122.395591 37.7758419),android,5.6542082060276915,-1.5606386947726723,1.9460452984981478
15,13.21,-20.0,230.01431,1163338934192906,time,2019-11-19T17:58:49-08:00,37.7758124,-122.3956434,4.5596027,1574215129.0,1574215128.751,9.840822777748109,POINT (-122.3956434 37.7758124),android,4.093569511255019,0.3854066037254755,-1.00517299244235
16,13.377,-21.0,225.06335,1163339911624469,time,2019-11-19T17:58:50-08:00,37.7757865,-122.3956765,4.222197,1574215130.0,1574215129.718,9.841100555525886,POINT (-122.3956765 37.7757865),android,4.478976114980495,-0.6197663887168745,2.1570951058241024
17,13.543,-25.0,220.12701,1163340922252749,time,2019-11-19T17:58:51-08:00,37.775757,-122.3957112,3.8818896,1574215131.0,1574215130.725,9.841378333303663,POINT (-122.3957112 37.775757),android,3.8592097262636202,1.5373287171072278,-3.7652458592751943
18,13.71,-24.0,221.72244,1163341933455926,time,2019-11-19T17:58:52-08:00,37.7757302,-122.3957391,3.5889604,1574215132.0,1574215131.749,9.841656111081441,POINT (-122.3957391 37.7757302),android,5.396538443370848,-2.2279171421679664,8.122166869946842
19,14.428,-23.0,219.49866,1163343070000000,time,2019-11-19T17:58:52.798000-08:00,37.7757041,-122.3957753,3.8616219,1574215132.798,1574215133.63,9.841877777775128,POINT (-122.3957753 37.7757041),android,3.6186603472006604,4.253572810131611,-21.924285182353366
20,13.751,-23.0,219.42041,1163342872349311,time,2019-11-19T17:58:53-08:00,37.7757081,-122.3957687,3.8624709,1574215133.0,1574215132.683,9.841933888859218,POINT (-122.3957687 37.7757081),android,4.477881641081885,-0.17513066402374555,0.9474229473113382
21,14.367,-24.0,220.71797,1163343934099884,time,2019-11-19T17:58:54-08:00,37.7756767,-122.3958006,3.8325639,1574215134.0,1574215133.753,9.842211666636997,POINT (-122.3958006 37.7756767),android,4.30275097705814,0.7722922832875927,-0.7920170862106115
22,14.367,-23.0,217.55083,1163344891313321,time,2019-11-19T17:58:55-08:00,37.7756457,-122.3958299,3.9542665,1574215135.0,1574215134.68,9.842489444414774,POINT (-122.3958299 37.7756457),android,5.0750432603457325,-0.019724802923018814,1.7080879895706564
23,14.367,-24.0,216.84816,1163345904370508,time,2019-11-19T17:58:56-08:00,37.7756075,-122.3958615,4.475925,1574215136.0,1574215135.697,9.842767222192553,POINT (-122.3958615 37.7756075),android,5.055318457422714,1.6883631866476376,-4.945759256281822
24,14.509,-23.0,217.81323,1163346902525768,time,2019-11-19T17:58:57-08:00,37.7755706,-122.3958951,4.390395,1574215137.0,1574215136.73,9.84304499997033,POINT (-122.3958951 37.7755706),android,6.743681644070351,-3.2573960696341846,6.865056162984291
25,14.552,-24.0,218.80484,1163348083000000,time,2019-11-19T17:58:57.810000-08:00,37.7755305,-122.395931,4.0147953,1574215137.81,1574215138.636,9.843269999954435,POINT (-122.395931 37.7755305),android,4.10519101405636,2.3032990295614257,-14.82118284399181
26,14.594,-24.0,218.84688,1163347905098476,time,2019-11-19T17:58:58-08:00,37.7755364,-122.3959262,4.0131903,1574215138.0,1574215137.749,9.843322777748108,POINT (-122.3959262 37.7755364),android,4.542817961468859,-0.5127265588719032,1.2088366086564992
27,14.473,-25.0,220.44333,1163348931986132,time,2019-11-19T17:58:59-08:00,37.7755003,-122.3959504,3.9136808,1574215139.0,1574215138.739,9.843600555525885,POINT (-122.3959504 37.7755003),android,4.030091402596955,0.696110049784596,-2.2533514580661134
28,14.758,-26.0,219.91978,1163349884188423,time,2019-11-19T17:59:00-08:00,37.7754689,-122.3959733,3.8801188,1574215140.0,1574215139.676,9.843878333303664,POINT (-122.3959733 37.7754689),android,4.726201452381551,-1.5572414082815174,2.348272131846801
29,15.718,-25.0,220.75822,1163351105506443,time,2019-11-19T17:59:01-08:00,37.7754348,-122.3960054,3.8530293,1574215141.0,1574215140.92,9.84415611108144,POINT (-122.3960054 37.7754348),android,3.168960044100034,0.7910307235652838,-0.9246110723854968
30,16.33,-26.0,224.27809,1163351867123370,time,2019-11-19T17:59:02-08:00,37.7754121,-122.3960272,3.870527,1574215142.0,1574215141.665,9.84443388885922,POINT (-122.3960272 37.7754121),android,3.959990767665318,-0.13358034882021297,-0.09348643764505438
31,17.616,-24.0,224.01811,1163352869359567,time,2019-11-19T17:59:03-08:00,37.7753856,-122.3960573,3.8208027,1574215143.0,1574215142.695,9.844711666636996,POINT (-122.3960573 37.7753856),android,3.826410418845105,-0.22706678646526735,1.0880910908182906
32,20.166,-24.0,227.37567,1163353884904515,time,2019-11-19T17:59:04-08:00,37.7753616,-122.3960885,3.7699964,1574215144.0,1574215143.712,9.844989444414775,POINT (-122.3960885 37.7753616),android,3.5993436323798376,0.8610243043530232,-3.014050290671977
33,24.142,-24.0,231.26407,1163354877818629,time,2019-11-19T17:59:05-08:00,37.7753414,-122.3961205,3.6878626,1574215145.0,1574215144.669,9.845267222192552,POINT (-122.3961205 37.7753414),android,4.460367936732861,-2.1530259863189536,2.873019615257477
34,29.333,-24.0,235.25157,1163356142709617,time,2019-11-19T17:59:06-08:00,37.7753182,-122.3961619,3.563117,1574215146.0,1574215145.966,9.84554499997033,POINT (-122.3961619 37.7753182),android,2.307341950413907,0.7199936289385236,-0.016583055987550388
35,31.857,-23.0,229.06891,1163356862776492,time,2019-11-19T17:59:07-08:00,37.775307,-122.396184,3.251736,1574215147.0,1574215146.655,9.845822777748108,POINT (-122.396184 37.775307),android,3.027335579352431,0.7034105729509732,1.4616376601160042
36,36.571,-23.0,231.60506,1163357863427481,time,2019-11-19T17:59:08-08:00,37.7752898,-122.3962107,3.1899128,1574215148.0,1574215147.678,9.846100555525886,POINT (-122.3962107 37.7752898),android,3.730746152303404,2.1650482330669774,-4.261065082671526
37,40.428,-23.0,232.44408,1163358870724929,time,2019-11-19T17:59:09-08:00,37.7752694,-122.3962444,4.3669767,1574215149.0,1574215148.669,9.846378333303663,POINT (-122.3962444 37.7752694),android,5.895794385370381,-2.0960168496045486,3.2213597678751693
38,47.833,-24.0,230.38094,1163360095139980,time,2019-11-19T17:59:10-08:00,37.775237,-122.3962975,4.203121,1574215150.0,1574215149.917,9.846656111081442,POINT (-122.3962975 37.775237),android,3.7997775357658328,1.1253429182706207,-0.2207603734743011
39,47.0,-25.0,225.14597,1163360882917688,time,2019-11-19T17:59:11-08:00,37.7752131,-122.3963284,4.614371,1574215151.0,1574215150.706,9.846933888859219,POINT (-122.3963284 37.7752131),android,4.9251204540364535,0.9045825447963196,-0.051209223619617994
40,47.666,-24.0,227.44307,1163361891409407,time,2019-11-19T17:59:12-08:00,37.775182,-122.3963683,4.7431655,1574215152.0,1574215151.698,9.847211666636996,POINT (-122.3963683 37.775182),android,5.829702998832773,0.8533733211767016,-2.00458625029294
41,46.166,-23.0,229.49608,1163362893770708,time,2019-11-19T17:59:13-08:00,37.7751459,-122.3964164,5.067577,1574215153.0,1574215152.714,9.847489444414775,POINT (-122.3964164 37.7751459),android,6.683076320009475,-1.1512129291162383,3.207149426207012
42,43.8,-22.0,231.42706,1163364013959562,time,2019-11-19T17:59:14-08:00,37.7751063,-122.3964736,5.2366133,1574215154.0,1574215153.828,9.847767222192552,POINT (-122.3964736 37.7751063),android,5.531863390893236,2.055936497090774,-2.5261020883547207
43,44.0,-21.0,229.54347,1163364819226020,time,2019-11-19T17:59:15-08:00,37.7750733,-122.3965207,5.4184866,1574215155.0,1574215154.664,9.84804499997033,POINT (-122.3965207 37.7750733),android,7.58779988798401,-0.47016559126394686,-2.3503457752804433
44,45.0,-21.0,233.66797,1163365922511541,time,2019-11-19T17:59:16-08:00,37.7750283,-122.3965856,5.7671037,1574215156.0,1574215155.748,9.848322777748107,POINT (-122.3965856 37.7750283),android,7.117634296720063,-2.82051136654439,4.025276715986647
45,45.0,-21.0,232.06554,1163366871938415,time,2019-11-19T17:59:17-08:00,37.7749875,-122.396648,3.798474,1574215157.0,1574215156.73,9.848600555525886,POINT (-122.396648 37.7749875),android,4.297122930175673,1.2047653494422566,-3.574174799981693
46,44.857,-21.0,226.96529,1163367873788311,time,2019-11-19T17:59:18-08:00,37.7749617,-122.3966844,3.87552,1574215158.0,1574215157.683,9.848878333303663,POINT (-122.3966844 37.7749617),android,5.50188827961793,-2.3694094505394365,4.419963809045175
47,45.5,-21.0,227.8286,1163369165294299,time,2019-11-19T17:59:19-08:00,37.7749269,-122.3967289,4.017573,1574215159.0,1574215158.971,9.849156111081442,POINT (-122.3967289 37.7749269),android,3.1324788290784933,2.0505543585057384,-1.6111881945654525
48,46.333,-21.0,229.59657,1163369868389351,time,2019-11-19T17:59:20-08:00,37.7749073,-122.3967545,4.065898,1574215160.0,1574215159.695,9.849433888859219,POINT (-122.3967545 37.7749073),android,5.183033187584232,0.43936616394028594,-0.06846242535283142
49,46.571,-21.0,227.53777,1163370886364351,time,2019-11-19T17:59:21-08:00,37.7748745,-122.3967964,4.808124,1574215161.0,1574215160.706,9.849711666636997,POINT (-122.3967964 37.7748745),android,5.622399351524518,0.3709037385874545,-0.5892263071148918
50,48.0,-21.0,222.33388,1163371876347319,time,2019-11-19T17:59:22-08:00,37.7748375,-122.39684,4.6852465,1574215162.0,1574215161.722,9.849989444414774,POINT (-122.39684 37.7748375),android,5.993303090111972,-0.21832256852743726,-0.05997308361732667
51,48.732,-17.0,225.24413,1163372788475392,time,2019-11-19T17:59:23-08:00,37.7747951,-122.3968821,4.6027427,1574215163.0,1574215162.575,9.850267222192553,POINT (-122.3968821 37.7747951),android,5.774980521584535,-0.2782956521447639,0.34053582158976514
52,49.303,-17.0,223.42583,1163373864321745,time,2019-11-19T17:59:24-08:00,37.7747566,-122.3969262,4.5195155,1574215164.0,1574215163.676,9.85054499997033,POINT (-122.3969262 37.7747566),android,5.496684869439771,0.062240169445001214,-0.06288351070516907
53,49.303,-17.0,223.06038,1163374867297578,time,2019-11-19T17:59:25-08:00,37.774719,-122.3969668,4.5596085,1574215165.0,1574215164.695,9.850822777748109,POINT (-122.3969668 37.774719),android,5.558925038884772,-0.0006433412601678512,0.8780262699119783
54,48.446,-17.0,222.99376,1163375865294505,time,2019-11-19T17:59:26-08:00,37.7746808,-122.3970076,4.551832,1574215166.0,1574215165.694,9.851100555525885,POINT (-122.3970076 37.7746808),android,5.558281697624604,0.8773829286518104,-1.2691159420181348
55,47.854,-17.0,218.14992,1163376878706015,time,2019-11-19T17:59:27-08:00,37.7746417,-122.397047,4.704403,1574215167.0,1574215166.698,9.851378333303664,POINT (-122.397047 37.7746417),android,6.435664626276415,-0.3917330133663244,0.2520080184132665
56,46.481,-24.399999618530273,218.76736,1163377852696692,time,2019-11-19T17:59:28-08:00,37.7745938,-122.3970881,4.893572,1574215168.0,1574215167.675,9.851656111081441,POINT (-122.3970881 37.7745938),android,6.04393161291009,-0.1397249949530579,1.3867191510965071
57,46.481,-24.399999618530273,221.29614,1163378887555441,time,2019-11-19T17:59:29-08:00,37.7745504,-122.3971295,4.9120097,1574215169.0,1574215168.701,9.85193388885922,POINT (-122.3971295 37.7745504),android,5.9042066179570325,1.2469941561434492,-1.7733448184720508
58,47.481,-24.399999618530273,221.01253,1163379883955754,time,2019-11-19T17:59:30-08:00,37.7745084,-122.3971706,5.0371504,1574215170.0,1574215169.705,9.852211666636997,POINT (-122.3971706 37.7745084),android,7.151200774100482,-0.5263506623286016,19.231382092856883
59,48.981,-24.399999618530273,224.10155,1163381177509086,time,2019-11-19T17:59:31-08:00,37.7744581,-122.3972213,4.773403,1574215171.0,1574215171.027,9.852489444414774,POINT (-122.3972213 37.7744581),android,6.62485011177188,18.70503143052828,-251.04053329991154
60,52.987,-24.399999618530273,223.90633,1163382189000000,time,2019-11-19T17:59:31.917000-08:00,37.774414,-122.3972621,4.8074346,1574215171.917,1574215172.51,9.85274416665236,POINT (-122.3972621 37.774414),android,23.77736496819978,-211.49915149132332,2543.2580069219634
61,50.814,-24.399999618530273,223.98225,1163381887214815,time,2019-11-19T17:59:32-08:00,37.7744289,-122.3972499,4.7991357,1574215172.0,1574215171.718,9.852767222192552,POINT (-122.3972499 37.7744289),android,6.22294709309585,-0.4088775923111321,-0.10565127966110222
62,54.987,-24.399999618530273,224.68703,1163382856669398,time,2019-11-19T17:59:33-08:00,37.7743835,-122.3972913,5.0738125,1574215173.0,1574215172.658,9.85304499997033,POINT (-122.3972913 37.7743835),android,5.814069500784718,-0.5145288719722343,0.6401723549867784
63,55.703,-24.399999618530273,227.18364,1163383867181324,time,2019-11-19T17:59:34-08:00,37.7743433,-122.3973336,4.922488,1574215174.0,1574215173.696,9.853322777748108,POINT (-122.3973336 37.7743433),android,5.299540628812483,0.1256434830145441,-0.6151033258959799
64,57.703,-24.399999618530273,229.3129,1163384865004032,time,2019-11-19T17:59:35-08:00,37.7743088,-122.3973752,4.7301707,1574215175.0,1574215174.668,9.853600555525885,POINT (-122.3973752 37.7743088),android,5.425184111827027,-0.48945984288143585,0.048208649365548695
65,58.846,-24.399999618530273,221.87526,1163385869248771,time,2019-11-19T17:59:36-08:00,37.7742729,-122.397417,4.718986,1574215176.0,1574215175.681,9.853878333303664,POINT (-122.397417 37.7742729),android,4.935724268945592,-0.44125119351588715,0.2920651574559825
66,59.274,-24.399999618530273,223.57825,1163386884676271,time,2019-11-19T17:59:37-08:00,37.7742371,-122.3974502,3.9511976,1574215177.0,1574215176.714,9.85415611108144,POINT (-122.3974502 37.7742371),android,4.494473075429704,-0.14918603605990466,-0.18495085274849465
67,58.8,-24.399999618530273,226.40828,1163387861271583,time,2019-11-19T17:59:38-08:00,37.7742057,-122.3974824,4.1674824,1574215178.0,1574215177.682,9.85443388885922,POINT (-122.3974824 37.7742057),android,4.3452870393698,-0.3341368888083993,0.5397597900609785
68,56.0,-24.399999618530273,226.12167,1163388875096999,time,2019-11-19T17:59:39-08:00,37.7741744,-122.397512,3.402555,1574215179.0,1574215178.678,9.854711666636996,POINT (-122.397512 37.7741744),android,4.0111501505614005,0.2056229012525792,-0.2761363104972814
69,53.833,-24.399999618530273,221.95764,1163389885340593,time,2019-11-19T17:59:40-08:00,37.7741461,-122.3975403,4.066572,1574215180.0,1574215179.694,9.854989444414775,POINT (-122.3975403 37.7741461),android,4.21677305181398,-0.07051340924470217,0.24578976908571182
70,52.5,-24.399999618530273,228.69307,1163390898838561,time,2019-11-19T17:59:41-08:00,37.7741188,-122.3975736,4.043577,1574215181.0,1574215180.725,9.855267222192552,POINT (-122.3975736 37.7741188),android,4.1462596425692775,0.17527635984100964,0.22408314751144687
71,51.857,-24.399999618530273,225.96854,1163391875638717,time,2019-11-19T17:59:42-08:00,37.7740932,-122.3976079,4.072455,1574215182.0,1574215181.705,9.85554499997033,POINT (-122.3976079 37.7740932),android,4.321536002410287,0.3993595073524565,-3.2843225142929615
72,48.752,-24.399999618530273,221.07257,1163392886069550,time,2019-11-19T17:59:43-08:00,37.7740649,-122.3976416,3.8585706,1574215183.0,1574215182.713,9.855822777748108,POINT (-122.3976416 37.7740649),android,4.720895509762744,-2.884963006940505,3.2146785580541213
73,48.085,-24.399999618530273,220.2443,1163394143490122,time,2019-11-19T17:59:44-08:00,37.7740339,-122.3976783,3.728587,1574215184.0,1574215183.959,9.856100555525886,POINT (-122.3976783 37.7740339),android,1.8359325028222389,0.3297155511136165,-0.8356499976194667
74,46.085,-24.399999618530273,220.87358,1163394916719965,time,2019-11-19T17:59:45-08:00,37.7740231,-122.3976941,3.1794155,1574215185.0,1574215184.736,9.856378333303663,POINT (-122.3976941 37.7740231),android,2.1656480539358554,-0.5059344465058502,-0.01565345375510363
75,42.252,-24.399999618530273,217.86282,1163395902756527,time,2019-11-19T17:59:46-08:00,37.7740098,-122.3977121,3.106909,1574215186.0,1574215185.734,9.856656111081442,POINT (-122.3977121 37.7740098),android,1.6597136074300052,-0.5215879002609538,1.6598207701536236
76,38.918,-24.399999618530273,225.20624,1163396892831787,time,2019-11-19T17:59:47-08:00,37.774002,-122.3977282,3.125021,1574215187.0,1574215186.707,9.856933888859219,POINT (-122.3977282 37.774002),android,1.1381257071690514,1.1382328698926698,-0.6515959346745817
77,32.576,-24.399999618530273,223.593,1163397900330016,time,2019-11-19T17:59:48-08:00,37.7740052,-122.3977405,2.8949933,1574215188.0,1574215187.757,9.857211666636998,POINT (-122.3977405 37.7740052),android,2.276358577061721,0.48663693521808815,0.6815879101810483
78,31.494,-24.399999618530273,229.75017,1163398893857672,time,2019-11-19T17:59:49-08:00,37.7739961,-122.3977637,3.2177951,1574215189.0,1574215188.727,9.857489444414774,POINT (-122.3977637 37.7739961),android,2.7629955122798093,1.1682248453991364,-1.940669565604403
79,28.779,-24.399999618530273,226.87524,1163399896391213,time,2019-11-19T17:59:50-08:00,37.7739867,-122.3977928,3.0853152,1574215190.0,1574215189.72,9.857767222192553,POINT (-122.3977928 37.7739867),android,3.9312203576789457,-0.7724447202052667,1.183607696874914
80,26.779,-24.399999618530273,225.44414,1163400894243817,time,2019-11-19T17:59:51-08:00,37.7739678,-122.3978306,2.3944638,1574215191.0,1574215190.702,9.85804499997033,POINT (-122.3978306 37.7739678),android,3.158775637473679,0.4111629766696474,-1.4683821749248174
81,25.576,-24.399999618530273,226.8869,1163401904092410,time,2019-11-19T17:59:52-08:00,37.7739524,-122.3978608,2.2739463,1574215192.0,1574215191.732,9.858322777748107,POINT (-122.3978608 37.7739524),android,3.5699386141433265,-1.05721919825517,0.9444842918970475
82,24.742,-24.399999618530273,229.76453,1163402916608087,time,2019-11-19T17:59:53-08:00,37.7739368,-122.3978963,2.3909173,1574215193.0,1574215192.742,9.858600555525886,POINT (-122.3978963 37.7739368),android,2.5127194158881565,-0.11273490635812244,1.232139785064097
83,24.742,-24.399999618530273,223.65916,1163403896839180,time,2019-11-19T17:59:54-08:00,37.7739244,-122.3979202,2.1794434,1574215194.0,1574215193.713,9.858878333303663,POINT (-122.3979202 37.7739244),android,2.399984509530034,1.1194048787059745,-0.7220475243240667
84,24.922,-24.399999618530273,223.98897,1163404893202670,time,2019-11-19T17:59:55-08:00,37.7739107,-122.3979413,1.9683226,1574215195.0,1574215194.721,9.859156111081441,POINT (-122.3979413 37.7739107),android,3.5193893882360086,0.3973573543819078,-0.28744547449633506
85,25.075,-24.399999618530273,225.87073,1163405904163346,time,2019-11-19T17:59:56-08:00,37.7738901,-122.3979717,2.7250483,1574215196.0,1574215195.759,9.859433888859218,POINT (-122.3979717 37.7738901),android,3.9167467426179163,0.10991187988557272,-1.279754299127815
86,25.207,-24.399999618530273,219.75906,1163406894959752,time,2019-11-19T17:59:57-08:00,37.773866,-122.3980042,2.90336,1574215197.0,1574215196.705,9.859711666636997,POINT (-122.3980042 37.773866),android,4.026658622503489,-1.1698424192422423,1.9870920149601803
87,26.13,-24.399999618530273,213.83557,1163407925888398,time,2019-11-19T17:59:58-08:00,37.7738387,-122.3980343,2.6908941,1574215198.0,1574215197.734,9.859989444414774,POINT (-122.3980343 37.7738387),android,2.8568162032612467,0.817249595717938,-2.36974577138205
88,26.54,-24.399999618530273,209.53096,1163408896501731,time,2019-11-19T17:59:59-08:00,37.7738169,-122.3980515,2.7808516,1574215199.0,1574215198.731,9.860267222192553,POINT (-122.3980515 37.7738169),android,3.6740657989791847,-1.5524961756641118,2.669657374327388
89,27.63,-24.399999618530273,209.06763,1163410171665896,time,2019-11-19T18:00:00-08:00,37.7737878,-122.3980713,2.7506444,1574215200.0,1574215199.982,9.86054499997033,POINT (-122.3980713 37.7737878),android,2.121569623315073,1.1171611986632763,-0.24970416876487755
90,28.683,-24.399999618530273,214.31433,1163410894635583,time,2019-11-19T18:00:01-08:00,37.7737712,-122.3980832,2.694488,1574215201.0,1574215200.724,9.860822777748108,POINT (-122.3980832 37.7737712),android,3.2387308219783493,0.8674570298983988,-1.6179014631454822
91,30.254,-24.399999618530273,226.52069,1163411891676104,time,2019-11-19T18:00:02-08:00,37.7737487,-122.3981066,3.2071242,1574215202.0,1574215201.72,9.861100555525885,POINT (-122.3981066 37.7737487),android,4.106187851876748,-0.7504444332470834,0.5691692481937061
92,34.661,-24.399999618530273,221.70096,1163412929471051,time,2019-11-19T18:00:03-08:00,37.7737238,-122.3981411,3.34197,1574215203.0,1574215202.747,9.861378333303664,POINT (-122.3981411 37.7737238),android,3.3557434186296646,-0.18127518505337736,0.2985775482111417
93,36.494,-24.399999618530273,223.70744,1163413901695374,time,2019-11-19T18:00:04-08:00,37.7737017,-122.3981671,3.0928807,1574215204.0,1574215203.723,9.861656111081441,POINT (-122.3981671 37.7737017),android,3.1744682335762873,0.11730236315776432,1.762509752208131
94,37.138,-24.399999618530273,235.30466,1163414891548811,time,2019-11-19T18:00:05-08:00,37.7736831,-122.3981945,3.159097,1574215205.0,1574215204.738,9.86193388885922,POINT (-122.3981945 37.7736831),android,3.2917705967340516,1.8798121153658953,-0.16517309907639466
95,38.709,-24.399999618530273,226.31296,1163415884250477,time,2019-11-19T18:00:06-08:00,37.7736657,-122.3982248,3.16993,1574215206.0,1574215205.702,9.862211666636997,POINT (-122.3982248 37.7736657),android,5.171582712099947,1.7146390162895007,-22.400434754568376
96,40.5,-24.399999618530273,223.43076,1163417134000000,time,2019-11-19T18:00:06.862000-08:00,37.7736377,-122.3982611,3.243705,1574215206.862,1574215207.593,9.862451111078263,POINT (-122.3982611 37.7736377),android,6.64960152451901,-17.59453548579581,130.58238207242817
97,39.827,-24.399999618530273,223.4263,1163416902832092,time,2019-11-19T18:00:07-08:00,37.7736436,-122.3982538,3.2416656,1574215207.0,1574215206.713,9.862489444414775,POINT (-122.3982538 37.7736436),android,4.221555426125709,0.42583473459604626,-2.682334009898223
98,40.715,-24.399999618530273,225.70561,1163417918906362,time,2019-11-19T18:00:08-08:00,37.7736176,-122.3982888,3.6470284,1574215208.0,1574215207.699,9.862767222192552,POINT (-122.3982888 37.7736176),android,4.647390160721756,-2.256499275302177,2.1905507886355764
99,41.334,-24.399999618530273,239.41118,1163419176005007,time,2019-11-19T18:00:09-08:00,37.7735954,-122.3983336,3.2999334,1574215209.0,1574215208.979,9.863044999970331,POINT (-122.3983336 37.7735954),android,2.3908908854195787,-0.06594848666660047,0.2093108536973971
100,42.5,-24.399999618530273,235.56451,1163419910450215,time,2019-11-19T18:00:10-08:00,37.7735909,-122.3983602,2.9078753,1574215210.0,1574215209.717,9.863322777748108,POINT (-122.3983602 37.7735909),android,2.3249423987529783,0.14336236703079663,-0.07391436811363405
101,42.834,-24.399999618530273,239.48425,1163420887400580,time,2019-11-19T18:00:11-08:00,37.7735875,-122.3983863,2.7307308,1574215211.0,1574215210.735,9.863600555525887,POINT (-122.3983863 37.7735875),android,2.468304765783775,0.06944799891716258,-0.032482313867101986
102,43.429,-24.399999618530273,240.8996,1163421894560475,time,2019-11-19T18:00:12-08:00,37.7735834,-122.3984139,2.783986,1574215212.0,1574215211.728,9.863878333303663,POINT (-122.3984139 37.7735834),android,2.5377527647009375,0.03696568505006059,0.11044518785811142
103,45.5,-24.399999618530273,241.04306,1163422897425370,time,2019-11-19T18:00:13-08:00,37.7735785,-122.3984421,2.7908514,1574215213.0,1574215212.74,9.86415611108144,POINT (-122.3984421 37.7735785),android,2.574718449750998,0.147410872908172,0.6715951178190761
104,49.666,-24.399999618530273,234.01149,1163424868612036,time,2019-11-19T18:00:15-08:00,37.7735639,-122.3984977,2.8535843,1574215215.0,1574215214.68,9.864711666636996,POINT (-122.3984977 37.7735639),android,2.869540195567342,1.4906011085463242,-4.372248527081298
105,51.0,-24.399999618530273,231.42232,1163425868139640,time,2019-11-19T18:00:16-08:00,37.7735522,-122.3985268,3.0444663,1574215216.0,1574215215.721,9.864989444414775,POINT (-122.3985268 37.7735522),android,4.360141304113666,-2.8816474185349734,4.972076927072175
106,57.402,-24.399999618530273,231.59319,1163427100000000,time,2019-11-19T18:00:16.828000-08:00,37.7735341,-122.3985609,3.0394092,1574215216.828,1574215217.657,9.865219444433848,POINT (-122.3985609 37.7735341),android,1.974137043699683,1.2352326184862163,-0.7329725322210013
107,59.002,-24.399999618530273,231.11363,1163427867789639,time,2019-11-19T18:00:18-08:00,37.7735237,-122.3985837,3.0463634,1574215218.0,1574215217.691,9.86554499997033,POINT (-122.3985837 37.7735237),android,3.4218295877488356,0.37618886105243243,-0.5636320605337177
108,63.402,-24.399999618530273,224.01813,1163428865354639,time,2019-11-19T18:00:19-08:00,37.7735054,-122.398615,3.3922265,1574215219.0,1574215218.68,9.865822777748107,POINT (-122.398615 37.7735054),android,3.798018448801268,-0.18744319948128535,0.03274957282119312
109,79.624,-24.399999618530273,224.13821,1163432394000000,time,2019-11-19T18:00:22.121000-08:00,37.7734295,-122.3987097,3.3850346,1574215222.121,1574215223.035,9.866689722206857,POINT (-122.3987097 37.7734295),android,3.213008213567149,-0.0852317810197906,0.2819796921590548
110,185.91,-19.0,224.64488,1163438320000000,time,2019-11-19T18:00:28.048000-08:00,37.773308,-122.3988624,3.2511437,1574215228.048,1574215228.878,9.868336111108462,POINT (-122.3988624 37.773308),android,2.707839443561249,1.586061867314933,-0.33236429336994655
111,251.703,-19.0,225.34785,1163443381000000,time,2019-11-19T18:00:33.108000-08:00,37.7732227,-122.3989749,2.9796267,1574215233.108,1574215233.964,9.869741666648123,POINT (-122.3989749 37.7732227),android,10.73331240141962,-0.09570143811895912,-0.0322439338274693
112,104.1,-19.0,203.01157,1163449315000000,time,2019-11-19T18:00:39.042000-08:00,37.7726695,-122.3991628,6.1528144,1574215239.042,1574215239.803,9.871389999985695,POINT (-122.3991628 37.7726695),android,10.16542006616143,-0.2870369419431653,-0.6007375727564868
113,70.05,-26.0,219.92908,1163453895381921,time,2019-11-19T18:00:44-08:00,37.7724741,-122.3996802,3.9909875,1574215244.0,1574215243.725,9.872767222192552,POINT (-122.3996802 37.7724741),android,8.742290923884122,-3.265493794441163,0.2713795140316462
114,33.5,-33.0,218.43051,1163454909224994,time,2019-11-19T18:00:45-08:00,37.7724325,-122.3997646,4.0345626,1574215245.0,1574215244.746,9.87304499997033,POINT (-122.3997646 37.7724325),android,5.476797129442959,-2.9941142804095167,3.430917666452857
115,31.0,-30.0,223.02399,1163455874905670,time,2019-11-19T18:00:46-08:00,37.7724147,-122.3998227,3.9032536,1574215246.0,1574215245.722,9.873322777748108,POINT (-122.3998227 37.7724147),android,2.4826828490334423,0.43680338604334024,-0.36085916939905527
116,29.6,-30.0,220.54333,1163456868657024,time,2019-11-19T18:00:47-08:00,37.7724028,-122.3998466,3.7569766,1574215247.0,1574215246.692,9.873600555525886,POINT (-122.3998466 37.7724028),android,2.9194862350767825,0.07594421664428497,-0.19032243333624432
117,28.666,-32.0,222.4612,1163457867429732,time,2019-11-19T18:00:48-08:00,37.7723849,-122.3998709,3.6370628,1574215248.0,1574215247.684,9.873878333303663,POINT (-122.3998709 37.7723849),android,2.9954304517210675,-0.11437821669195936,0.7155115235412564
118,27.857,-33.0,222.8246,1163458865337336,time,2019-11-19T18:00:49-08:00,37.7723635,-122.3998916,3.7172182,1574215249.0,1574215248.689,9.874156111081442,POINT (-122.3998916 37.7723635),android,2.881052235029108,0.601133306849297,0.16973991283399625
119,26.0,-21.0,224.57013,1163459878763221,time,2019-11-19T18:00:50-08:00,37.7723494,-122.3999191,4.051369,1574215250.0,1574215249.718,9.874433888859219,POINT (-122.3999191 37.7723494),android,3.482185541878405,0.7708732196832933,-0.1692365861469276
120,24.166,-24.0,222.7758,1163460876699783,time,2019-11-19T18:00:51-08:00,37.7723299,-122.3999501,4.2233615,1574215251.0,1574215250.691,9.874711666636998,POINT (-122.3999501 37.7723299),android,4.253058761561698,0.6016366335363657,-0.7712634960606506
121,25.666,-24.0,224.39899,1163461879280668,time,2019-11-19T18:00:52-08:00,37.772302,-122.3999832,4.224044,1574215252.0,1574215251.715,9.874989444414775,POINT (-122.3999832 37.772302),android,4.854695395098064,-0.16962686252428494,0.317353241733219
122,27.333,-20.0,221.85507,1163462895217543,time,2019-11-19T18:00:53-08:00,37.7722698,-122.4000205,4.4263515,1574215253.0,1574215252.736,9.875267222192551,POINT (-122.4000205 37.7722698),android,4.685068532573779,0.14772637920893406,-0.3852207779783283
123,29.833,-19.0,218.32127,1163463895371761,time,2019-11-19T18:00:54-08:00,37.7722369,-122.4000538,4.5359607,1574215254.0,1574215253.714,9.87554499997033,POINT (-122.4000538 37.7722369),android,4.832794911782713,-0.23749439876939427,1.3606102754154819
124,34.8,-20.0,217.34767,1163464898587281,time,2019-11-19T18:00:55-08:00,37.7722015,-122.4000857,4.5548973,1574215255.0,1574215254.699,9.875822777748107,POINT (-122.4000857 37.7722015),android,4.595300513013319,1.1231158766460876,-2.7159875869913517
125,36.571,-18.0,217.11653,1163465874509729,time,2019-11-19T18:00:56-08:00,37.7721665,-122.4001135,4.398614,1574215256.0,1574215255.684,9.876100555525886,POINT (-122.4001135 37.7721665),android,5.7184163896594065,-1.592871710345264,2.006866935566765
126,39.666,-18.0,216.94318,1163467113565041,time,2019-11-19T18:00:57-08:00,37.7721247,-122.4001514,4.5580916,1574215257.0,1574215256.937,9.876378333303663,POINT (-122.4001514 37.7721247),android,4.125544679314142,0.4139952252215009,1.0190571533055728
127,40.285,-20.0,227.4712,1163467889731864,time,2019-11-19T18:00:58-08:00,37.7720961,-122.4001813,4.1428585,1574215258.0,1574215257.733,9.876656111081441,POINT (-122.4001813 37.7720961),android,4.539539904535643,1.4330523785270737,0.8923656464501386
128,41.166,-20.0,211.70833,1163468899617280,time,2019-11-19T18:00:59-08:00,37.7720653,-122.4002152,4.1011596,1574215259.0,1574215258.748,9.876933888859218,POINT (-122.4002152 37.7720653),android,5.972592283062717,2.3254180249772123,-1.8626202053496446
129,40.285,-22.0,204.47496,1163469882983790,time,2019-11-19T18:01:00-08:00,37.7720195,-122.4002507,5.687033,1574215260.0,1574215259.717,9.877211666636997,POINT (-122.4002507 37.7720195),android,8.29801030803993,0.4627978196275677,-3.7404365918927276
130,38.857,-22.0,204.07689,1163470860515300,time,2019-11-19T18:01:01-08:00,37.7719536,-122.400295,6.021378,1574215261.0,1574215260.667,9.877489444414774,POINT (-122.400295 37.7719536),android,8.760808127667497,-3.27763877226516,4.404927316417716
131,37.833,-23.0,195.04611,1163472170991549,time,2019-11-19T18:01:02-08:00,37.7718801,-122.4003309,6.103945,1574215262.0,1574215261.989,9.877767222192553,POINT (-122.4003309 37.7718801),android,5.483169355402337,1.127288544152556,-1.7733187798713548
132,38.285,-21.0,191.41173,1163472877415559,time,2019-11-19T18:01:03-08:00,37.7718327,-122.4003481,6.2078123,1574215263.0,1574215262.708,9.87804499997033,POINT (-122.4003481 37.7718327),android,6.610457899554893,-0.6460302357187988,1.4868739868213927
133,37.857,-22.0,184.74402,1163473886590767,time,2019-11-19T18:01:04-08:00,37.7717738,-122.4003583,5.424834,1574215264.0,1574215263.705,9.878322777748108,POINT (-122.4003583 37.7717738),android,5.964427663836094,0.8408437511025939,-2.141713657861624
134,39.4,-23.0,180.88594,1163474898703371,time,2019-11-19T18:01:05-08:00,37.7717202,-122.4003609,5.520985,1574215265.0,1574215264.724,9.878600555525885,POINT (-122.4003609 37.7717202),android,6.805271414938688,-1.3008699067590301,3.1470889348342217
135,40.2,-20.0,185.06796,1163476026624672,time,2019-11-19T18:01:06-08:00,37.771659,-122.4003604,5.1210456,1574215266.0,1574215265.835,9.878878333303664,POINT (-122.4003604 37.771659),android,5.504401508179658,1.8462190280751916,-1.8093298911352758
136,39.5,-20.0,183.60223,1163476883348578,time,2019-11-19T18:01:07-08:00,37.7716095,-122.400361,4.560314,1574215267.0,1574215266.709,9.879156111081441,POINT (-122.400361 37.7716095),android,7.35062053625485,0.0368891369399158,-0.5163679604638496
137,38.0,-26.0,175.23727,1163477803423422,time,2019-11-19T18:01:08-08:00,37.7715434,-122.4003599,5.270784,1574215268.0,1574215267.618,9.87943388885922,POINT (-122.4003599 37.7715434),android,7.387509673194765,-0.4794788235239338,1.4447812500811459
138,36.857,-25.0,170.45293,1163478871223004,time,2019-11-19T18:01:09-08:00,37.7714772,-122.4003528,5.5114036,1574215269.0,1574215268.687,9.879711666636997,POINT (-122.4003528 37.7714772),android,6.908030849670832,0.9653024265572121,-3.531479585381706
139,36.0,-26.0,170.79556,1163479865965660,time,2019-11-19T18:01:10-08:00,37.7714156,-122.4003426,5.4425025,1574215270.0,1574215269.733,9.879989444414775,POINT (-122.4003426 37.7714156),android,7.873333276228044,-2.5661771588244937,4.589658374934868
140,34.833,-26.0,170.2918,1163481110155086,time,2019-11-19T18:01:11-08:00,37.7713454,-122.4003309,5.448385,1574215271.0,1574215270.922,9.880267222192552,POINT (-122.4003309 37.7713454),android,5.30715611740355,2.0234812161103743,-2.121117978360269
141,35.571,-27.0,170.86606,1163481875120346,time,2019-11-19T18:01:12-08:00,37.7712979,-122.400325,5.5530663,1574215272.0,1574215271.7,9.880544999970331,POINT (-122.400325 37.7712979),android,7.330637333513924,-0.09763676224989482,0.5603848840631507
142,36.2,-30.0,169.09818,1163482881711961,time,2019-11-19T18:01:13-08:00,37.7712322,-122.4003181,5.6363707,1574215273.0,1574215272.694,9.880822777748108,POINT (-122.4003181 37.7712322),android,7.2330005712640295,0.46274812181325586,-3.4306455297860783
143,36.2,-30.0,170.3936,1163483898314773,time,2019-11-19T18:01:14-08:00,37.7711675,-122.4003096,5.4608693,1574215274.0,1574215273.717,9.881100555525885,POINT (-122.4003096 37.7711675),android,7.695748693077285,-2.9678974079728224,4.484404475549842
144,35.8,-29.0,168.0398,1163485131664095,time,2019-11-19T18:01:15-08:00,37.7710993,-122.4002947,5.447221,1574215275.0,1574215274.944,9.881378333303664,POINT (-122.4002947 37.7710993),android,4.727851285104463,1.5165070675770194,-2.029744858703297
145,35.666,-28.0,167.34212,1163485891794824,time,2019-11-19T18:01:16-08:00,37.7710584,-122.40028,5.635042,1574215276.0,1574215275.726,9.88165611108144,POINT (-122.40028 37.7710584),android,6.244358352681482,-0.5132377911262775,1.409967231725088
146,34.4,-28.0,166.32504,1163486904459720,time,2019-11-19T18:01:17-08:00,37.7710044,-122.4002605,5.662877,1574215277.0,1574215276.767,9.88193388885922,POINT (-122.4002605 37.7710044),android,5.731120561555205,0.8967294405988104,-0.907505697217502
147,34.4,-26.0,162.26204,1163487891420500,time,2019-11-19T18:01:18-08:00,37.7709567,-122.4002358,5.4390616,1574215278.0,1574215277.708,9.882211666636996,POINT (-122.4002358 37.7709567),android,6.627850002154015,-0.010776256618691527,2.378287171644131
148,35.2,-26.0,158.72223,1163489024442948,time,2019-11-19T18:01:19-08:00,37.7709024,-122.4002047,5.8476377,1574215279.0,1574215278.86,9.882489444414775,POINT (-122.4002047 37.7709024),android,6.617073745535324,2.3675109150254396,2.1437263512393105
149,35.833,-29.0,147.92755,1163489871866906,time,2019-11-19T18:01:20-08:00,37.7708556,-122.4001582,6.935702,1574215280.0,1574215279.682,9.882767222192552,POINT (-122.4001582 37.7708556),android,8.984584660560763,4.51123726626475,-6.705184859463447
150,37.0,-27.0,141.86752,1163490800683624,time,2019-11-19T18:01:21-08:00,37.7707988,-122.4000855,8.094,1574215281.0,1574215280.618,9.88304499997033,POINT (-122.4000855 37.7707988),android,13.495821926825514,-2.193947593198697,4.476708068603234
151,38.142,-26.0,141.54543,1163491874374249,time,2019-11-19T18:01:22-08:00,37.7707162,-122.399973,9.25239,1574215282.0,1574215281.718,9.883322777748107,POINT (-122.399973 37.7707162),android,11.301874333626817,2.2827604754045367,-6.944145317893925
152,38.571,-25.0,139.09885,1163492862855394,time,2019-11-19T18:01:23-08:00,37.7706433,-122.3998834,9.249043,1574215283.0,1574215282.677,9.883600555525886,POINT (-122.3998834 37.7706433),android,13.584634809031353,-4.6613848424893884,7.14719395979164
153,39.5,-25.0,139.41942,1163494119580654,time,2019-11-19T18:01:24-08:00,37.7705538,-122.3997782,9.446191,1574215284.0,1574215283.925,9.883878333303663,POINT (-122.3997782 37.7705538),android,8.923249966541965,2.485809117302251,-3.0932321318834344
154,38.714,-27.0,139.61269,1163494865245497,time,2019-11-19T18:01:25-08:00,37.7704945,-122.3997098,9.505485,1574215285.0,1574215284.721,9.884156111081442,POINT (-122.3997098 37.7704945),android,11.409059083844216,-0.6074230145811832,0.6253833904388166
155,37.2,-27.0,139.17767,1163495884925445,time,2019-11-19T18:01:26-08:00,37.7704173,-122.3996243,9.642006,1574215286.0,1574215285.729,9.884433888859219,POINT (-122.3996243 37.7704173),android,10.801636069263033,0.017960375857633437,0.1468411603785693
156,36.0,-28.0,138.3095,1163496938283048,time,2019-11-19T18:01:27-08:00,37.7703461,-122.3995407,9.329095,1574215287.0,1574215286.774,9.884711666636997,POINT (-122.3995407 37.7703461),android,10.819596445120666,0.16480153623620275,1.053605658053618
157,36.4,-27.0,137.48366,1163497995602840,time,2019-11-19T18:01:28-08:00,37.7702749,-122.3994568,9.460171,1574215288.0,1574215287.807,9.884989444414774,POINT (-122.3994568 37.7702749),android,10.984397981356869,1.2184071942898207,-0.8899442059919362
158,36.333,-26.0,137.6704,1163498878185756,time,2019-11-19T18:01:29-08:00,37.7702062,-122.399367,10.224878,1574215289.0,1574215288.701,9.885267222192553,POINT (-122.399367 37.7702062),android,12.20280517564669,0.32846298829788445,2.919336863560746
159,37.0,-27.0,138.95744,1163499865882891,time,2019-11-19T18:01:30-08:00,37.7701261,-122.3992721,10.893669,1574215290.0,1574215289.703,9.88554499997033,POINT (-122.3992721 37.7701261),android,12.531268163944574,3.2477998518586304,-8.646418607934233
160,38.166,-26.0,140.0235,1163500864409349,time,2019-11-19T18:01:31-08:00,37.7700413,-122.3991782,11.307774,1574215291.0,1574215290.687,9.885822777748109,POINT (-122.3991782 37.7700413),android,15.779068015803205,-5.398618756075603,7.397884953392335
161,41.4,-24.0,140.98898,1163502106604348,time,2019-11-19T18:01:32-08:00,37.7699311,-122.3990651,11.443787,1574215292.0,1574215291.886,9.886100555525886,POINT (-122.3990651 37.7699311),android,10.380449259727602,1.9992661973167323,0.023067416559658938
162,42.5,-22.0,142.00363,1163502886144244,time,2019-11-19T18:01:33-08:00,37.7698568,-122.3989936,11.562069,1574215293.0,1574215292.701,9.886378333303664,POINT (-122.3989936 37.7698568),android,12.379715457044334,2.022333613876391,-3.628176829762527
163,43.666,-22.0,140.3562,1163503806224504,time,2019-11-19T18:01:34-08:00,37.76977,-122.3989054,11.536175,1574215294.0,1574215293.643,9.886656111081441,POINT (-122.3989054 37.76977),android,14.402049070920725,-1.6058432158861358,4.431149610433588
164,46.4,-21.0,139.09727,1163504869263462,time,2019-11-19T18:01:35-08:00,37.7696709,-122.3987999,11.655703,1574215295.0,1574215294.676,9.886933888859218,POINT (-122.3987999 37.7696709),android,12.79620585503459,2.825306394547452,-8.973339766830422
165,47.6,-22.0,138.45798,1163505864817993,time,2019-11-19T18:01:36-08:00,37.7695837,-122.3987049,11.338545,1574215296.0,1574215295.689,9.887211666636997,POINT (-122.3987049 37.7695837),android,15.621512249582041,-6.1480333722829705,8.620102730983485
166,48.2,-22.0,140.86688,1163507152329971,time,2019-11-19T18:01:37-08:00,37.7694743,-122.3985934,11.398547,1574215297.0,1574215296.962,9.887489444414774,POINT (-122.3985934 37.7694743),android,9.47347887729907,2.472069358700514,-1.9171644138359198
167,48.2,-22.0,142.91559,1163507889004971,time,2019-11-19T18:01:38-08:00,37.7694045,-122.3985316,11.215793,1574215298.0,1574215297.706,9.887767222192553,POINT (-122.3985316 37.7694045),android,11.945548235999585,0.5549049448645942,-1.8230336874580058
168,50.8,-23.0,145.07875,1163508875047314,time,2019-11-19T18:01:39-08:00,37.7693156,-122.3984553,11.340859,1574215299.0,1574215298.688,9.88804499997033,POINT (-122.3984553 37.7693156),android,12.500453180864179,-1.2681287425934116,1.0295549358772602
169,52.833,-24.0,142.88417,1163509859790908,time,2019-11-19T18:01:40-08:00,37.7692276,-122.3983668,11.692429,1574215300.0,1574215299.681,9.888322777748108,POINT (-122.3983668 37.7692276),android,11.232324438270767,-0.23857380671615133,-0.00992504879874977
170,237.397,-24.0,143.3771,1163523275000000,time,2019-11-19T18:01:53.003000-08:00,37.7681724,-122.3973773,10.97072,1574215313.003,1574215313.837,9.89193472219838,POINT (-122.3973773 37.7681724),android,8.130149224535174,-0.3676292164545304,1.3169709316363694
171,313.564,-24.0,143.8365,1163529134000000,time,2019-11-19T18:01:58.861000-08:00,37.7678192,-122.3970708,9.967469,1574215318.861,1574215319.709,9.89356194443173,POINT (-122.3970708 37.7678192),android,5.976577259819396,7.347186553821698,-2.673304090919243
172,389.328,-24.0,144.19377,1163534962000000,time,2019-11-19T18:02:04.689000-08:00,37.7675572,-122.3968536,8.700186,1574215324.689,1574215325.519,9.895180833273464,POINT (-122.3968536 37.7675572),android,48.79597924827773,-8.232829234251513,1.3890381593835655
173,110.0,-24.0,0.0,1163540889000000,time,2019-11-19T18:02:10.616000-08:00,37.76568,-122.3945762,0.0,1574215330.616,1574215332.125,9.896827222175068,POINT (-122.3945762 37.76568),android,0.0,0.0,0.0
174,194.851,-24.0,90.0,1163547416000000,time,2019-11-19T18:02:17.143000-08:00,37.76568,-122.3945762,0.0,1574215337.143,1574215338.004,9.898640277716849,POINT (-122.3945762 37.76568),android,0.0,0.0,0.0
175,270.953,-24.0,90.0,1163553270000000,time,2019-11-19T18:02:22.998000-08:00,37.76568,-122.3945762,0.0,1574215342.998,1574215343.848,9.900266666611035,POINT (-122.3945762 37.76568),android,0.0,0.0,0.0
176,346.781,-24.0,90.0,1163559103000000,time,2019-11-19T18:02:28.830000-08:00,37.76568,-122.3945762,0.0,1574215348.83,1574215349.652,9.901886666615804,POINT (-122.3945762 37.76568),android,0.0,0.0,0.0
177,422.52,-24.0,90.0,1163564929000000,time,2019-11-19T18:02:34.657000-08:00,37.76568,-122.3945762,0.0,1574215354.657,1574215355.497,9.903505277766122,POINT (-122.3945762 37.76568),android,0.0,0.0,0.0
178,488.078,0.0,90.0,1163569972000000,time,2019-11-19T18:02:39.700000-08:00,37.76568,-122.3945762,0.0,1574215359.7,1574215360.52,9.904906111094686,POINT (-122.3945762 37.76568),android,0.0,0.0,0.0
179,563.635,0.0,90.0,1163575784000000,time,2019-11-19T18:02:45.512000-08:00,37.76568,-122.3945762,0.0,1574215365.512,1574215366.332,9.906520555549198,POINT (-122.3945762 37.76568),android,0.0,0.0,0.0
180,629.571,0.0,90.0,1163580856000000,time,2019-11-19T18:02:50.584000-08:00,37.76568,-122.3945762,0.0,1574215370.584,1574215371.421,9.907929444445504,POINT (-122.3945762 37.76568),android,0.0,0.0,0.0
181,770.933,0.0,90.0,1163591730000000,time,2019-11-19T18:03:00.911000-08:00,37.76568,-122.3945762,0.0,1574215380.911,1574215383.68,9.910798055529595,POINT (-122.3945762 37.76568),android,0.0,0.0,0.0
182,858.54,0.0,90.0,1163598469000000,time,2019-11-19T18:03:07.650000-08:00,37.76568,-122.3945762,0.0,1574215387.65,1574215388.497,9.91266999999682,POINT (-122.3945762 37.76568),android,0.0,0.0,0.0
183,1000.084,0.0,90.0,1163609357000000,time,2019-11-19T18:03:18.538000-08:00,37.76568,-122.3945762,0.0,1574215398.538,1574215399.347,9.915694444444444,POINT (-122.3945762 37.76568),android,0.0,0.0,0.0
184,1076.016,0.0,90.0,1163615198000000,time,2019-11-19T18:03:24.379000-08:00,37.76568,-122.3945762,0.0,1574215404.379,1574215405.228,9.91731694440047,POINT (-122.3945762 37.76568),android,0.0,0.0,0.0
185,1141.55,0.0,90.0,1163620239000000,time,2019-11-19T18:03:29.420000-08:00,37.76568,-122.3945762,0.0,1574215409.42,1574215410.242,9.918717222213745,POINT (-122.3945762 37.76568),android,0.0,0.0,12.013641361301804
186,1217.34,0.0,90.0,1163626069000000,time,2019-11-19T18:03:35.250000-08:00,37.76568,-122.3945762,0.0,1574215415.25,1574215416.069,9.920336666636997,POINT (-122.3945762 37.76568),android,0.0,70.03952821982142,-25.503970510573428
187,1293.143,0.0,90.0,1163631900000000,time,2019-11-19T18:03:41.081000-08:00,37.76568,-122.3945762,0.0,1574215421.081,1574215421.918,9.921956388884121,POINT (-122.3945762 37.76568),android,408.40049532849923,-78.6741261136455,16.082009032337446
188,660.571,-33.0,187.0,1163636138333405,time,2019-11-19T18:03:46-08:00,37.7476271,-122.3936842,26.030193,1574215426.0,1574215425.398,9.923322777748108,POINT (-122.3936842 37.7476271),android,21.402476028249385,0.43327487474450166,3.4175455166377446
189,24.5,-26.0,180.90797,1163636900359030,time,2019-11-19T18:03:47-08:00,37.7474366,-122.393719,21.912624,1574215427.0,1574215426.16,9.923600555525885,POINT (-122.393719 37.7474366),android,21.835750902993887,3.8508203913822463,-3.9000532015037557
190,22.0,-26.0,181.75948,1163637898570592,time,2019-11-19T18:03:48-08:00,37.7472403,-122.3937258,24.690302,1574215428.0,1574215427.161,9.923878333303664,POINT (-122.3937258 37.7472403),android,25.686571294376133,-0.049232810121509374,1.9959792280955533
191,20.75,-34.0,181.84366,1163638882989915,time,2019-11-19T18:03:49-08:00,37.7470093,-122.3937239,25.47518,1574215429.0,1574215428.173,9.924156111081441,POINT (-122.3937239 37.7470093),android,25.637338484254624,1.946746417974044,-1.1546741035991204
192,20.2,-35.0,182.6275,1163639855565123,time,2019-11-19T18:03:50-08:00,37.746779,-122.3937378,25.640745,1574215430.0,1574215429.092,9.92443388885922,POINT (-122.3937378 37.746779),android,27.584084902228668,0.7920723143749235,3.611613754193577
193,19.833,-37.0,184.04301,1163640867668195,time,2019-11-19T18:03:51-08:00,37.7465322,-122.3937695,26.128334,1574215431.0,1574215430.15,9.924711666636997,POINT (-122.3937695 37.7465322),android,28.37615721660359,4.403686068568501,-8.394935927017357
194,18.0,-36.0,185.47377,1163641794387778,time,2019-11-19T18:03:52-08:00,37.7462795,-122.3938145,27.730137,1574215432.0,1574215431.08,9.924989444414775,POINT (-122.3938145 37.7462795),android,32.77984328517209,-3.9912498584488567,9.210444197056198
195,17.285,-40.0,183.94472,1163642867347101,time,2019-11-19T18:03:53-08:00,37.7459849,-122.3938281,28.040436,1574215433.0,1574215432.165,9.925267222192552,POINT (-122.3938281 37.7459849),android,28.788593426723235,5.219194338607341,-16.071701024267746
196,17.333,-39.0,182.65674,1163643891573767,time,2019-11-19T18:03:54-08:00,37.745726,-122.3938268,27.82261,1574215434.0,1574215433.153,9.925544999970331,POINT (-122.3938268 37.745726),android,34.007787765330576,-10.852506685660405,15.932356088820349
197,17.166,-40.0,182.73068,1163645119533818,time,2019-11-19T18:03:55-08:00,37.7454204,-122.3938421,28.344471,1574215435.0,1574215434.395,9.925822777748108,POINT (-122.3938421 37.7454204),android,23.15528107967017,5.079849403159944,-5.445181275006238
198,16.666,-34.0,181.03357,1163645900615485,time,2019-11-19T18:03:56-08:00,37.7452131,-122.3938171,28.317585,1574215436.0,1574215435.182,9.926100555525887,POINT (-122.3938171 37.7452131),android,28.235130482830115,-0.3653318718462941,-0.8502756164484992
199,16.0,-39.0,179.20825,1163646891954234,time,2019-11-19T18:03:57-08:00,37.7449604,-122.3937856,27.620468,1574215437.0,1574215436.164,9.926378333303663,POINT (-122.3937856 37.7449604),android,27.86979861098382,-1.2156074882947934,4.401613058830176
200,15.2,-41.0,179.65819,1163647889108661,time,2019-11-19T18:03:58-08:00,37.7447098,-122.39378,26.858366,1574215438.0,1574215437.148,9.92665611108144,POINT (-122.39378 37.7447098),android,26.654191122689028,3.1860055705353822,-32.871512397713104
201,14.833,-61.0,180.52002,1163648803500952,time,2019-11-19T18:03:59-08:00,37.7444701,-122.3937823,26.959501,1574215439.0,1574215438.074,9.92693388885922,POINT (-122.3937823 37.7444701),android,29.84019669322441,-29.685506827177722,29.67603930369568
202,14.166,-61.0,182.29327,1163649879082827,time,2019-11-19T18:04:00-08:00,37.7442023,-122.3938042,26.611301,1574215440.0,1574215439.147,9.927211666636996,POINT (-122.3938042 37.7442023),android,0.15468986604668675,-0.009467523482042463,0.000579443263956109
203,237.612,-61.0,0.0,1163667157000000,time,2019-11-19T18:04:16.339000-08:00,37.7441813,-122.3938152,0.0,1574215456.339,1574215457.685,9.9317502777444,POINT (-122.3938152 37.7441813),android,0.0,0.0,0.0
204,319.785,-61.0,90.0,1163673478000000,time,2019-11-19T18:04:22.659000-08:00,37.7441813,-122.3938152,0.0,1574215462.659,1574215463.488,9.93350583328141,POINT (-122.3938152 37.7441813),android,0.0,0.0,0.0
205,395.796,-61.0,90.0,1163679325000000,time,2019-11-19T18:04:28.506000-08:00,37.7441813,-122.3938152,0.0,1574215468.506,1574215470.215,9.935129999981987,POINT (-122.3938152 37.7441813),android,0.0,0.0,0.0
206,483.104,-61.0,90.0,1163686041000000,time,2019-11-19T18:04:35.222000-08:00,37.7441813,-122.3938152,0.0,1574215475.222,1574215476.089,9.936995555493567,POINT (-122.3938152 37.7441813),android,0.0,0.0,0.0
207,559.362,-61.0,90.0,1163691907000000,time,2019-11-19T18:04:41.088000-08:00,37.7441813,-122.3938152,0.0,1574215481.088,1574215481.947,9.938624999986754,POINT (-122.3938152 37.7441813),android,0.0,0.0,0.0
208,635.685,-61.0,90.0,1163697778000000,time,2019-11-19T18:04:46.959000-08:00,37.7441813,-122.3938152,0.0,1574215486.959,1574215487.821,9.940255833334392,POINT (-122.3938152 37.7441813),android,0.0,0.0,0.0
209,712.307,-61.0,90.0,1163703672000000,time,2019-11-19T18:04:52.853000-08:00,37.7441813,-122.3938152,0.0,1574215492.853,1574215493.665,9.941893055505222,POINT (-122.3938152 37.7441813),android,0.0,0.0,3.1453879274491277
210,788.123,-61.0,90.0,1163709504000000,time,2019-11-19T18:04:58.685000-08:00,37.7441813,-122.3938152,0.0,1574215498.685,1574215499.528,9.94351305550999,POINT (-122.3938152 37.7441813),android,0.0,18.343902446877475,-6.2682519685998335
211,864.433,-61.0,90.0,1163715374000000,time,2019-11-19T18:05:04.554000-08:00,37.7441813,-122.3938152,0.0,1574215504.554,1574215505.382,9.945143333276112,POINT (-122.3938152 37.7441813),android,107.66036269098312,-18.44446809380863,3.1599225077849122
212,1096.0,0.0,0.0,1163721210000000,time,2019-11-19T18:05:10.391000-08:00,37.7446905,-122.4009331,0.0,1574215510.391,1574215511.212,9.946764722201559,POINT (-122.4009331 37.7446905),android,0.0,0.0,0.0
213,1096.0,0.0,90.0,1163726296000000,time,2019-11-19T18:05:15.477000-08:00,37.7446905,-122.4009331,0.0,1574215515.477,1574215516.273,9.9481774999698,POINT (-122.4009331 37.7446905),android,0.0,0.0,0.0
214,1096.0,0.0,90.0,1163732100000000,time,2019-11-19T18:05:21.281000-08:00,37.7446905,-122.4009331,0.0,1574215521.281,1574215522.134,9.949789722164471,POINT (-122.4009331 37.7446905),android,0.0,0.0,0.0
215,1096.0,0.0,90.0,1163737176000000,time,2019-11-19T18:05:26.357000-08:00,37.7446905,-122.4009331,0.0,1574215526.357,1574215527.17,9.951199722223812,POINT (-122.4009331 37.7446905),android,0.0,0.0,0.0
216,1096.0,0.0,90.0,1163742996000000,time,2019-11-19T18:05:32.177000-08:00,37.7446905,-122.4009331,0.0,1574215532.177,1574215533.026,9.952816388871934,POINT (-122.4009331 37.7446905),android,0.0,0.0,14.807180766391454
217,1096.0,0.0,90.0,1163748850000000,time,2019-11-19T18:05:38.031000-08:00,37.7446905,-122.4009331,0.0,1574215538.031,1574215538.875,9.95444249994225,POINT (-122.4009331 37.7446905),android,0.0,86.68123403178646,-31.957290388098183
218,1096.0,0.0,90.0,1163753908000000,time,2019-11-19T18:05:43.089000-08:00,37.7446905,-122.4009331,0.0,1574215543.089,1574215543.925,9.955847499966621,POINT (-122.4009331 37.7446905),android,438.43368933801725,-74.95874355508407,12.815651196514112
219,899.999,0.0,0.0,1163759757000000,time,2019-11-19T18:05:48.938000-08:00,37.7216922,-122.398764,0.0,1574215548.938,1574215550.369,9.957472222182485,POINT (-122.398764 37.7216922),android,0.0,0.0,12.303004526359109
220,899.999,0.0,90.0,1163766226000000,time,2019-11-19T18:05:55.407000-08:00,37.7216922,-122.398764,0.0,1574215555.407,1574215556.256,9.95926916665501,POINT (-122.398764 37.7216922),android,0.0,79.58813752472138,-12.663096575004923
221,899.999,0.0,90.0,1163771283000000,time,2019-11-19T18:06:00.464000-08:00,37.7216922,-122.398764,0.0,1574215560.464,1574215561.321,9.96067388885551,POINT (-122.398764 37.7216922),android,402.4772052386207,15.550859135192015,-16.869179323617583
222,2160.0,0.0,0.0,1163776341000000,time,2019-11-19T18:06:05.522000-08:00,37.7388645,-122.4067892,0.0,1574215565.522,1574215566.354,9.962078888879882,POINT (-122.4067892 37.7388645),android,481.13345210882375,-69.77345136373441,14.253473404925192
223,194.0,474.0,187.0,1163781869570895,time,2019-11-19T18:06:12-08:00,37.7110654,-122.4022509,28.240007,1574215572.0,1574215571.149,9.963878333303663,POINT (-122.4022509 37.7110654),android,29.14103936476185,22.560548293103604,124.44534172327201
224,187.283,435.0,180.518,1163782846340686,time,2019-11-19T18:06:13-08:00,37.7108043,-122.4022224,25.183008,1574215573.0,1574215572.139,9.964156111081442,POINT (-122.4022224 37.7108043),android,51.70158765786545,147.00589001637562,-293.3918111495169
225,176.962,345.0,180.50153,1163783906960009,time,2019-11-19T18:06:14-08:00,37.7103406,-122.4021791,28.411745,1574215574.0,1574215573.192,9.964433888859219,POINT (-122.4021791 37.7103406),android,198.70747767424106,-146.38592113314127,122.18509980770573
226,149.77,-99.0,179.93002,1163784917716259,time,2019-11-19T18:06:15-08:00,37.7085639,-122.4019367,28.924234,1574215575.0,1574215574.189,9.964711666636997,POINT (-122.4019367 37.7085639),android,52.32155654109978,-24.200821325435545,25.348304244554047
227,128.975,-97.0,179.3162,1163786150741258,time,2019-11-19T18:06:16-08:00,37.708095,-122.4018871,28.893385,1574215576.0,1574215575.427,9.964989444414774,POINT (-122.4018871 37.708095),android,28.120735215664237,1.1474829191185023,-2.0454435559758615
228,100.475,-78.0,179.16058,1163786897761206,time,2019-11-19T18:06:17-08:00,37.7078422,-122.4018783,30.039059,1574215577.0,1574215576.183,9.965267222192553,POINT (-122.4018783 37.7078422),android,29.26821813478274,-0.8979606368573592,4.464050465549899
229,51.2,-59.0,179.4828,1163787890240945,time,2019-11-19T18:06:18-08:00,37.707579,-122.4018819,29.329079,1574215578.0,1574215577.178,9.96554499997033,POINT (-122.4018819 37.707579),android,28.37025749792538,3.56608982869254,-11.328389583881926
230,45.833,-60.0,179.17752,1163788877954851,time,2019-11-19T18:06:19-08:00,37.7073239,-122.4018762,28.900131,1574215579.0,1574215578.159,9.965822777748109,POINT (-122.4018762 37.7073239),android,31.93634732661792,-7.762299755189385,9.22874325169293
231,21.0,-56.0,179.30048,1163790046499486,time,2019-11-19T18:06:20-08:00,37.7070367,-122.4018731,29.3264,1574215580.0,1574215579.324,9.966100555525886,POINT (-122.4018731 37.7070367),android,24.174047571428535,1.466443496503544,1.7217495567520942
232,20.166,-48.0,179.52312,1163790899123444,time,2019-11-19T18:06:21-08:00,37.7068193,-122.4018744,29.380259,1574215581.0,1574215580.168,9.966378333303663,POINT (-122.4018744 37.7068193),android,25.64049106793208,3.188193053255638,3.9977383144258845
233,18.333,-23.0,180.77243,1163791876805058,time,2019-11-19T18:06:22-08:00,37.7065892,-122.4018934,29.265226,1574215582.0,1574215581.134,9.966656111081441,POINT (-122.4018934 37.7065892),android,28.828684121187717,7.185931367681523,-21.650941342088263
234,16.833,-39.0,180.77994,1163792869512870,time,2019-11-19T18:06:23-08:00,37.70633,-122.4019006,29.845623,1574215583.0,1574215582.141,9.966933888859218,POINT (-122.4019006 37.70633),android,36.01461548886924,-14.46500997440674,26.749559009465322
235,14.8,-43.0,180.92542,1163794116800941,time,2019-11-19T18:06:24-08:00,37.7060062,-122.4019101,30.163002,1574215584.0,1574215583.385,9.967211666636997,POINT (-122.4019101 37.7060062),android,21.5496055144625,12.284549035058582,-15.52744650384048
236,14.5,-46.0,180.65208,1163794813274118,time,2019-11-19T18:06:25-08:00,37.7058124,-122.4019105,30.172369,1574215585.0,1574215584.085,9.967489444414774,POINT (-122.4019105 37.7058124),android,33.83415454952108,-3.242897468781898,3.8975646304422753
237,13.166,-57.0,180.92128,1163795900989118,time,2019-11-19T18:06:26-08:00,37.7055082,-122.4019192,30.092636,1574215586.0,1574215585.181,9.967767222192553,POINT (-122.4019192 37.7055082),android,30.591257080739183,0.6546671616603774,7.040493001512083
238,12.833,-53.0,181.13553,1163796897712347,time,2019-11-19T18:06:27-08:00,37.7052332,-122.4019292,30.513456,1574215587.0,1574215586.165,9.96804499997033,POINT (-122.4019292 37.7052332),android,31.24592424239956,7.69516016317246,-24.105662980200403
239,12.833,-52.0,180.48293,1163797899716669,time,2019-11-19T18:06:28-08:00,37.7049522,-122.4019281,30.93131,1574215588.0,1574215587.186,9.968322777748108,POINT (-122.4019281 37.7049522),android,38.94108440557202,-16.410502817027943,25.9436758009415
240,13.333,-59.0,180.1042,1163799174798283,time,2019-11-19T18:06:29-08:00,37.704602,-122.4019256,30.798504,1574215589.0,1574215588.468,9.968600555525885,POINT (-122.4019256 37.704602),android,22.530581588544077,9.533172983913555,-10.884278965311552
241,14.0,-55.0,179.51292,1163799885207709,time,2019-11-19T18:06:30-08:00,37.7043995,-122.4019167,30.598265,1574215590.0,1574215589.187,9.968878333303664,POINT (-122.4019167 37.7043995),android,32.06375457245763,-1.3511059813979962,6.447378210894598
242,14.5,-63.0,179.31265,1163800897497657,time,2019-11-19T18:06:31-08:00,37.7041112,-122.4019095,30.494833,1574215591.0,1574215590.17,9.96915611108144,POINT (-122.4019095 37.7041112),android,30.712648591059637,5.096272229496602,-13.506486285923902
243,15.333,-61.0,179.39058,1163801874488594,time,2019-11-19T18:06:32-08:00,37.703835,-122.4019073,30.527302,1574215592.0,1574215591.149,9.96943388885922,POINT (-122.4019073 37.703835),android,35.80892082055624,-8.4102140564273,12.3458018295769
244,16.4,-59.0,179.9104,1163803035062448,time,2019-11-19T18:06:33-08:00,37.703513,-122.4019135,30.76544,1574215593.0,1574215592.309,9.969711666636996,POINT (-122.4019135 37.703513),android,27.39870676412894,3.9355877731495994,-3.4189844406992087
245,16.5,-58.0,179.78952,1163803895129947,time,2019-11-19T18:06:34-08:00,37.7032666,-122.4019121,30.603514,1574215594.0,1574215593.163,9.969989444414775,POINT (-122.4019121 37.7032666),android,31.334294537278538,0.5166033324503907,-0.2061547564959909
246,16.6,-67.0,179.20418,1163804894507447,time,2019-11-19T18:06:35-08:00,37.7029849,-122.4019028,29.948608,1574215595.0,1574215594.17,9.970267222192552,POINT (-122.4019028 37.7029849),android,31.85089786972893,0.3104485759543998,7.542856865147723
247,16.0,-71.0,179.79657,1163805897565259,time,2019-11-19T18:06:36-08:00,37.7026985,-122.401909,30.843569,1574215596.0,1574215595.167,9.97054499997033,POINT (-122.401909 37.7026985),android,32.16134644568333,7.853305441102123,-23.13357923853752
248,15.4,-72.0,180.76389,1163806875526092,time,2019-11-19T18:06:37-08:00,37.7024095,-122.4019237,31.231825,1574215597.0,1574215596.188,9.970822777748108,POINT (-122.4019237 37.7024095),android,40.01465188678545,-15.280273797435399,22.84365478057103
249,14.6,-69.0,181.37196,1163808184106872,time,2019-11-19T18:06:38-08:00,37.7020499,-122.401941,31.432518,1574215598.0,1574215597.437,9.971100555525886,POINT (-122.401941 37.7020499),android,24.734378089350052,7.56338098313563,-9.092148138069678
250,14.0,-73.0,180.1086,1163808894557289,time,2019-11-19T18:06:39-08:00,37.7018277,-122.4019279,31.159096,1574215599.0,1574215598.22,9.971378333303663,POINT (-122.4019279 37.7018277),android,32.29775907248568,-1.528767154934048,1.1496642180703098
251,13.0,-62.0,178.52821,1163809894016038,time,2019-11-19T18:06:40-08:00,37.7015378,-122.4019051,31.06927,1574215600.0,1574215599.177,9.971656111081442,POINT (-122.4019051 37.7015378),android,30.768991917551634,-0.3791029368637382,2.197166624732329
252,12.0,-48.0,177.02563,1163810876600257,time,2019-11-19T18:06:41-08:00,37.7012623,-122.4018724,31.116272,1574215601.0,1574215600.143,9.971933888859219,POINT (-122.4018724 37.7012623),android,30.389888980687896,1.818063687868591,-1.7207740036193009
253,11.333,-45.0,176.3484,1163811863865933,time,2019-11-19T18:06:42-08:00,37.7009901,-122.4018414,31.522575,1574215602.0,1574215601.149,9.972211666636996,POINT (-122.4018414 37.7009901),android,32.20795266855649,0.09728968424929008,0.9713807975237856
254,10.5,-49.0,177.0388,1163812867581819,time,2019-11-19T18:06:43-08:00,37.7007007,-122.4018261,31.757595,1574215603.0,1574215602.158,9.972489444414775,POINT (-122.4018261 37.7007007),android,32.30524235280578,1.0686704817730757,-1.1017822510483342
255,9.833,-45.0,178.83464,1163813872951610,time,2019-11-19T18:06:44-08:00,37.7004102,-122.4018312,32.115993,1574215604.0,1574215603.152,9.972767222192552,POINT (-122.4018312 37.7004102),android,33.37391283457885,-0.033111769275258496,4.975117865392569
256,9.333,-50.0,179.86296,1163814893539422,time,2019-11-19T18:06:45-08:00,37.7001101,-122.4018373,32.09455,1574215605.0,1574215604.188,9.97304499997033,POINT (-122.4018373 37.7001101),android,33.340801065303594,4.942006096117311,-18.85078371270491
257,8.8,-50.0,182.0926,1163815905638692,time,2019-11-19T18:06:46-08:00,37.6998112,-122.4018673,32.285656,1574215606.0,1574215605.189,9.973322777748107,POINT (-122.4018673 37.6998112),android,38.282807161420905,-13.9087776165876,22.061264402667234
258,8.4,-49.0,181.53194,1163817156801608,time,2019-11-19T18:06:47-08:00,37.699467,-122.401877,32.231323,1574215607.0,1574215606.414,9.973600555525886,POINT (-122.401877 37.699467),android,24.374029544833306,8.152486786079635,-8.732623154224363
259,8.2,-49.0,180.83276,1163817892024837,time,2019-11-19T18:06:48-08:00,37.6992478,-122.4018762,31.370539,1574215608.0,1574215607.182,9.973878333303663,POINT (-122.4018762 37.6992478),android,32.52651633091294,-0.5801363681447285,5.973609820069825
260,8.2,-49.0,180.01947,1163818898189836,time,2019-11-19T18:06:49-08:00,37.6989553,-122.4018721,31.618637,1574215609.0,1574215608.185,9.974156111081442,POINT (-122.4018721 37.6989553),android,31.946379962768212,5.393473451925097,-18.433410841102145
261,8.166,-48.0,179.8885,1163819887721659,time,2019-11-19T18:06:50-08:00,37.698668,-122.4018713,31.5276,1574215610.0,1574215609.155,9.974433888859219,POINT (-122.4018713 37.698668),android,37.33985341469331,-13.039937389177048,20.953364630439822
262,8.2,-48.0,180.05998,1163821139597075,time,2019-11-19T18:06:51-08:00,37.6983322,-122.4018737,31.483047,1574215611.0,1574215610.381,9.974711666636997,POINT (-122.4018737 37.6983322),android,24.29991602551626,7.913427241262774,-4.814039020822889
263,8.5,-44.0,180.30353,1163821878673637,time,2019-11-19T18:06:52-08:00,37.6981137,-122.4018786,32.030624,1574215612.0,1574215611.215,9.974989444414774,POINT (-122.4018786 37.6981137),android,32.213343266779034,3.0993882204398844,-4.3066752435420455
264,8.833,-49.0,180.17552,1163822881343949,time,2019-11-19T18:06:53-08:00,37.697824,-122.4018798,31.494198,1574215613.0,1574215612.175,9.975267222192553,POINT (-122.4018798 37.697824),android,35.31273148721892,-1.207287023102161,2.8385895339734404
265,9.4,-50.0,181.13843,1163823900142230,time,2019-11-19T18:06:54-08:00,37.6975067,-122.4018965,33.340343,1574215614.0,1574215613.189,9.97554499997033,POINT (-122.4018965 37.6975067),android,34.10544446411676,1.6313025108712793,-0.5977277856210748
266,10.2,-44.0,181.52487,1163824896925980,time,2019-11-19T18:06:55-08:00,37.6972002,-122.4019111,33.059532,1574215615.0,1574215614.141,9.975822777748109,POINT (-122.4019111 37.6972002),android,35.73674697498804,1.0335747252502046,-0.008510435986075038
267,10.666,-45.0,181.79158,1163825910408636,time,2019-11-19T18:06:56-08:00,37.6968791,-122.4019283,34.47862,1574215616.0,1574215615.192,9.976100555525885,POINT (-122.4019283 37.6968791),android,36.77032170023824,1.0250642892641295,-2.837772016416743
268,11.8,-42.0,181.96822,1163826878735146,time,2019-11-19T18:06:57-08:00,37.6965487,-122.4019456,36.009457,1574215617.0,1574215616.154,9.976378333303664,POINT (-122.4019456 37.6965487),android,37.79538598950237,-1.8127077271526133,5.966405742661863
269,12.8,-42.0,181.23871,1163827892519572,time,2019-11-19T18:06:58-08:00,37.6962088,-122.4019471,34.978127,1574215618.0,1574215617.185,9.976656111081441,POINT (-122.4019471 37.6962088),android,35.98267826234976,4.153698015509249,-22.70405022097616
270,13.333,-41.0,180.73608,1163828898535197,time,2019-11-19T18:06:59-08:00,37.6958852,-122.4019471,34.71723,1574215619.0,1574215618.17,9.97693388885922,POINT (-122.4019471 37.6958852),android,40.13637627785901,-18.55035220546691,29.18637547353905
271,14.2,-40.0,179.2612,1163830180834102,time,2019-11-19T18:07:00-08:00,37.6955247,-122.4019242,32.406902,1574215620.0,1574215619.454,9.977211666636997,POINT (-122.4019242 37.6955247),android,21.586024072392096,10.63602326807214,-9.84966982597187
272,13.833,-40.0,179.03345,1163830894424571,time,2019-11-19T18:07:01-08:00,37.6953307,-122.4019153,32.777096,1574215621.0,1574215620.184,9.977489444414774,POINT (-122.4019153 37.6953307),android,32.222047340464236,0.7863534421002711,1.4090234273357751
273,13.8,-41.0,178.58403,1163831891383425,time,2019-11-19T18:07:02-08:00,37.6950411,-122.4019024,32.96657,1574215622.0,1574215621.196,9.977767222192552,POINT (-122.4019024 37.6950411),android,33.00840078256451,2.1953768694360463,-9.321890104926727
274,13.4,-41.0,178.68236,1163832894771341,time,2019-11-19T18:07:03-08:00,37.6947443,-122.4018954,33.1028,1574215623.0,1574215622.165,9.97804499997033,POINT (-122.4018954 37.6947443),android,35.203777652000554,-7.12651323549068,12.052613654130163
275,12.4,-41.0,177.5782,1163834002013320,time,2019-11-19T18:07:04-08:00,37.6944284,-122.4018689,33.003426,1574215624.0,1574215623.282,9.978322777748108,POINT (-122.4018689 37.6944284),android,28.077264416509873,4.926100418639482,-5.987603570625797
276,12.0,-40.0,176.35825,1163834881226913,time,2019-11-19T18:07:05-08:00,37.6941772,-122.4018365,32.64243,1574215625.0,1574215624.167,9.978600555525885,POINT (-122.4018365 37.6941772),android,33.003364835149355,-1.0615031519863152,7.652319146617451
277,11.4,-42.0,174.59338,1163835904360142,time,2019-11-19T18:07:06-08:00,37.693883,-122.4017869,32.670452,1574215626.0,1574215625.165,9.978878333303664,POINT (-122.4017869 37.693883),android,31.94186168316304,6.590815994631136,-21.46854566998495
278,10.8,-41.0,173.44519,1163836892105975,time,2019-11-19T18:07:07-08:00,37.6935986,-122.4017358,32.73035,1574215627.0,1574215626.167,9.97915611108144,POINT (-122.4017358 37.6935986),android,38.532677677794176,-14.877729675353816,26.735425355801496
279,10.6,-41.0,173.70094,1163838134485662,time,2019-11-19T18:07:08-08:00,37.6932545,-122.401684,33.664577,1574215628.0,1574215627.398,9.97943388885922,POINT (-122.401684 37.6932545),android,23.65494800244036,11.85769568044768,-14.337786269857435
280,10.833,-41.0,172.33575,1163838816940505,time,2019-11-19T18:07:09-08:00,37.6930453,-122.4016352,33.568085,1574215629.0,1574215628.115,9.979711666636996,POINT (-122.4016352 37.6930453),android,35.51264368288804,-2.4800905894097554,2.322136194876414
281,11.0,-41.0,171.58195,1163839880746963,time,2019-11-19T18:07:10-08:00,37.6927302,-122.4015694,33.592716,1574215630.0,1574215629.19,9.979989444414775,POINT (-122.4015694 37.6927302),android,33.032553093478285,-0.15795439453334126,6.3446403967473515
282,11.333,-42.0,169.9166,1163840864797692,time,2019-11-19T18:07:11-08:00,37.6924398,-122.4014903,33.40646,1574215631.0,1574215630.166,9.980267222192552,POINT (-122.4014903 37.6924398),android,32.87459869894494,6.18668600221401,-18.845022550360397
283,11.833,-42.0,169.01346,1163841860752379,time,2019-11-19T18:07:12-08:00,37.6921507,-122.4014121,33.111656,1574215632.0,1574215631.154,9.98054499997033,POINT (-122.4014121 37.6921507),android,39.061284701158954,-12.658336548146387,20.242634220701056
284,12.333,-41.0,168.19687,1163843105655711,time,2019-11-19T18:07:13-08:00,37.6918087,-122.4013107,33.048206,1574215633.0,1574215632.379,9.980822777748108,POINT (-122.4013107 37.6918087),android,26.402948153012566,7.584297672554669,-7.700928371287745
285,12.6,-40.0,166.76057,1163843879387326,time,2019-11-19T18:07:14-08:00,37.6915807,-122.4012269,33.23687,1574215634.0,1574215633.155,9.981100555525886,POINT (-122.4012269 37.6915807),android,33.987245825567236,-0.11663069873307563,4.629145666681332
286,12.666,-41.0,165.64996,1163844876854356,time,2019-11-19T18:07:15-08:00,37.6912866,-122.4011217,33.50371,1574215635.0,1574215634.136,9.981378333303663,POINT (-122.4011217 37.6912866),android,33.87061512683416,4.512514967948256,-11.354374066251754
287,13.0,-42.0,163.6753,1163845880056544,time,2019-11-19T18:07:16-08:00,37.6909993,-122.4009938,33.78549,1574215636.0,1574215635.157,9.981656111081442,POINT (-122.4009938 37.6909993),android,38.383130094782416,-6.841859098303498,11.782782859773626
288,13.0,-42.0,164.4657,1163847024934720,time,2019-11-19T18:07:17-08:00,37.6906656,-122.4008822,34.050644,1574215637.0,1574215636.272,9.981933888859219,POINT (-122.4008822 37.6906656),android,31.541270996478918,4.940923761470128,-7.238577358127667
289,13.0,-43.0,163.86569,1163847876801959,time,2019-11-19T18:07:18-08:00,37.690394,-122.4007788,34.78812,1574215638.0,1574215637.168,9.982211666636998,POINT (-122.4007788 37.690394),android,36.482194757949046,-2.2976535966575398,2.067003618936866
290,13.2,-43.0,163.18976,1163848900291022,time,2019-11-19T18:07:19-08:00,37.6900809,-122.4006549,34.950397,1574215639.0,1574215638.189,9.982489444414774,POINT (-122.4006549 37.6900809),android,34.184541161291506,-0.23064997772067386,-0.43875790277931515
291,13.4,-45.0,161.54031,1163849895492063,time,2019-11-19T18:07:20-08:00,37.6897926,-122.40052,34.407875,1574215640.0,1574215639.147,9.982767222192553,POINT (-122.40052 37.6897926),android,33.95389118357083,-0.669407880499989,1.551514722939288
292,13.6,-45.0,160.02158,1163850900349615,time,2019-11-19T18:07:21-08:00,37.6895094,-122.4003757,34.055298,1574215641.0,1574215640.175,9.98304499997033,POINT (-122.4003757 37.6895094),android,33.28448330307084,0.882106842439299,-1.2104758413779564
293,13.833,-45.0,158.99739,1163851875980656,time,2019-11-19T18:07:22-08:00,37.6892328,-122.4002311,34.009438,1574215642.0,1574215641.137,9.983322777748107,POINT (-122.4002311 37.6892328),android,34.16659014551014,-0.32836899893865734,0.07874505719224345
294,14.333,-45.0,158.78244,1163852876138989,time,2019-11-19T18:07:23-08:00,37.6889466,-122.4000898,34.005905,1574215643.0,1574215642.153,9.983600555525886,POINT (-122.4000898 37.6889466),android,33.838221146571485,-0.2496239417464139,5.808145367310949
295,15.0,-45.0,157.79326,1163853890325603,time,2019-11-19T18:07:24-08:00,37.6886681,-122.3999348,33.736374,1574215644.0,1574215643.202,9.983878333303663,POINT (-122.3999348 37.6886681),android,33.58859720482507,5.558521425564535,-20.7420653385311
296,15.666,-45.0,157.40141,1163854895164196,time,2019-11-19T18:07:25-08:00,37.6883905,-122.3997843,33.604744,1574215645.0,1574215644.19,9.984156111081441,POINT (-122.3997843 37.6883905),android,39.147118630389606,-15.183543912966563,25.125599127366485
297,16.0,-43.0,157.52614,1163856183716018,time,2019-11-19T18:07:26-08:00,37.6880648,-122.3996154,32.467926,1574215646.0,1574215645.471,9.984433888859218,POINT (-122.3996154 37.6880648),android,23.963574717423043,9.942055214399922,-9.001267966293536
298,16.0,-43.0,155.1014,1163856890957216,time,2019-11-19T18:07:27-08:00,37.6878811,-122.399473,32.67256,1574215647.0,1574215646.189,9.984711666636997,POINT (-122.399473 37.6878811),android,33.905629931822965,0.9407872481063855,-3.6692586882724907
299,16.4,-43.0,152.65091,1163858883041434,time,2019-11-19T18:07:29-08:00,37.6873455,-122.3991045,33.37408,1574215649.0,1574215648.175,9.985267222192553,POINT (-122.3991045 37.6873455),android,35.787204428035736,-6.397730128438596,10.376963541573225
300,16.75,-43.0,151.1628,1163859990901746,time,2019-11-19T18:07:30-08:00,37.6870734,-122.3988873,33.078957,1574215650.0,1574215649.27,9.98554499997033,POINT (-122.3988873 37.6870734),android,29.38947429959714,3.9792334131346294,-1.2370920815134916
301,17.4,-43.0,151.1698,1163860884785235,time,2019-11-19T18:07:31-08:00,37.6868417,-122.3987266,33.027557,1574215651.0,1574215650.167,9.985822777748108,POINT (-122.3987266 37.6868417),android,33.36870771273177,2.742141331621138,-9.430079497096125
302,21.0,-43.0,150.2772,1163862880491068,time,2019-11-19T18:07:33-08:00,37.6863233,-122.3983444,33.23085,1574215653.0,1574215652.173,9.986378333303664,POINT (-122.3983444 37.6863233),android,38.852990375974045,-16.118017662571113,22.028163798073415
303,24.0,-42.0,149.98447,1163864145262681,time,2019-11-19T18:07:34-08:00,37.6860228,-122.3981191,32.583744,1574215654.0,1574215653.416,9.986656111081441,POINT (-122.3981191 37.6860228),android,22.734972713402932,5.910146135502302,-4.0368227143230015
304,25.6,-43.0,148.91681,1163864884774139,time,2019-11-19T18:07:35-08:00,37.6858551,-122.3979713,32.236065,1574215655.0,1574215654.136,9.98693388885922,POINT (-122.3979713 37.6858551),android,28.645118848905234,1.8733234211793004,2.662815235670074
305,28.0,-43.0,147.39333,1163865799175024,time,2019-11-19T18:07:36-08:00,37.685648,-122.3977777,32.022427,1574215656.0,1574215655.086,9.987211666636997,POINT (-122.3977777 37.685648),android,30.518442270084535,4.536138656849374,2.7529808467906562
306,30.6,-42.0,146.21956,1163866796082940,time,2019-11-19T18:07:37-08:00,37.6854285,-122.3975695,31.708567,1574215657.0,1574215656.048,9.987489444414775,POINT (-122.3975695 37.6854285),android,35.05458092693391,7.2891195036400305,-21.21306178180367
307,31.0,-44.0,145.02438,1163867893735127,time,2019-11-19T18:07:38-08:00,37.6851811,-122.3973226,31.799887,1574215658.0,1574215657.15,9.987767222192552,POINT (-122.3973226 37.6851811),android,42.34370043057394,-13.92394227816364,20.457818229644282
308,30.0,-48.0,143.86491,1163869149337731,time,2019-11-19T18:07:39-08:00,37.6848854,-122.3970194,32.365025,1574215659.0,1574215658.415,9.988044999970331,POINT (-122.3970194 37.6848854),android,28.4197581524103,6.533875951480642,-10.131617852788924
309,28.6,-47.0,143.04562,1163869887371949,time,2019-11-19T18:07:40-08:00,37.6846944,-122.3968048,33.3457,1574215660.0,1574215659.193,9.988322777748108,POINT (-122.3968048 37.6846944),android,34.95363410389094,-3.5977419013082823,2.449600158441992
310,27.4,-48.0,142.81934,1163870891309397,time,2019-11-19T18:07:41-08:00,37.6844486,-122.3965572,33.563797,1574215661.0,1574215660.173,9.988600555525887,POINT (-122.3965572 37.6844486),android,31.35589220258266,-1.1481417428662901,2.495573824895864
311,25.6,-52.0,141.9542,1163871897905751,time,2019-11-19T18:07:42-08:00,37.6842381,-122.3963201,32.7986,1574215662.0,1574215661.178,9.988878333303663,POINT (-122.3963201 37.6842381),android,30.20775045971637,1.3474320820295738,-1.1523765952565341
312,24.4,-52.0,142.28601,1163872906110281,time,2019-11-19T18:07:43-08:00,37.684024,-122.3961088,32.032116,1574215663.0,1574215662.157,9.98915611108144,POINT (-122.3961088 37.684024),android,31.555182541745943,0.19505548677303963,0.9744242796670122
313,24.166,-52.0,143.21652,1163873891223719,time,2019-11-19T18:07:44-08:00,37.683791,-122.3959041,32.014977,1574215664.0,1574215663.163,9.98943388885922,POINT (-122.3959041 37.683791),android,31.750238028518982,1.1694797664400518,-5.114141104032544
314,23.666,-52.0,144.20573,1163874877938145,time,2019-11-19T18:07:45-08:00,37.6835534,-122.395704,32.019104,1574215665.0,1574215664.14,9.989711666636996,POINT (-122.395704 37.6835534),android,32.919717794959034,-3.9446613375924926,9.377069269587302
315,22.8,-52.0,144.81924,1163875940433093,time,2019-11-19T18:07:46-08:00,37.6833077,-122.3954953,31.698332,1574215666.0,1574215665.278,9.989989444414775,POINT (-122.3954953 37.6833077),android,28.97505645736654,5.43240793199481,-14.397238609281107
316,22.833,-52.0,145.21487,1163876867413874,time,2019-11-19T18:07:47-08:00,37.6830906,-122.3953132,31.568478,1574215667.0,1574215666.187,9.990267222192552,POINT (-122.3953132 37.6830906),android,34.40746438936135,-8.964830677286297,16.03674031986459
317,23.0,-52.0,145.8341,1163878112901477,time,2019-11-19T18:07:48-08:00,37.6828322,-122.3950981,30.318754,1574215668.0,1574215667.367,9.99054499997033,POINT (-122.3950981 37.6828322),android,25.442633712075054,7.071909642578294,-7.1120945035168255
318,22.8,-51.0,146.6031,1163878894956685,time,2019-11-19T18:07:49-08:00,37.6826391,-122.394943,31.102484,1574215669.0,1574215668.167,9.990822777748107,POINT (-122.394943 37.6826391),android,32.51454335465335,-0.04018486093853113,4.444413612211086
319,23.0,-51.0,147.43628,1163879891872778,time,2019-11-19T18:07:50-08:00,37.6823886,-122.3947524,31.650486,1574215670.0,1574215669.166,9.991100555525886,POINT (-122.3947524 37.6823886),android,32.47435849371482,4.404228751272555,-16.083258811745974
320,23.5,-51.0,147.4586,1163880894587049,time,2019-11-19T18:07:51-08:00,37.6821412,-122.3945563,31.78544,1574215671.0,1574215670.157,9.991378333303663,POINT (-122.3945563 37.6821412),android,36.87858724498737,-11.67903006047342,20.999881702289635
321,24.0,-51.0,147.547,1163882130144703,time,2019-11-19T18:07:52-08:00,37.6818614,-122.3943313,31.315079,1574215672.0,1574215671.413,9.991656111081442,POINT (-122.3943313 37.6818614),android,25.199557184513953,9.320851641816216,-9.352820629196334
322,24.0,-51.0,146.91333,1163882880304443,time,2019-11-19T18:07:53-08:00,37.6816748,-122.3941688,31.736225,1574215673.0,1574215672.177,9.991933888859219,POINT (-122.3941688 37.6816748),android,34.52040882633017,-0.03196898738011811,1.4209999143494443
323,23.666,-48.0,146.61497,1163883862817567,time,2019-11-19T18:07:54-08:00,37.6814139,-122.3939562,32.451145,1574215674.0,1574215673.116,9.992211666636997,POINT (-122.3939562 37.6814139),android,34.48843983895005,1.3890309269693262,-8.914140947466553
324,23.833,-49.0,146.3193,1163884870816682,time,2019-11-19T18:07:55-08:00,37.6811551,-122.3937402,32.794785,1574215675.0,1574215674.155,9.992489444414774,POINT (-122.3937402 37.6811551),android,35.87747076591938,-7.525110020497227,11.675389728934277
325,23.2,-49.0,146.83258,1163886020700535,time,2019-11-19T18:07:56-08:00,37.6808819,-122.3935233,32.22814,1574215676.0,1574215675.277,9.992767222192553,POINT (-122.3935233 37.6808819),android,28.35236074542215,4.150279708437051,-4.4416721856950225
326,23.333,-49.0,147.03453,1163886879686941,time,2019-11-19T18:07:57-08:00,37.6806659,-122.3933521,32.31464,1574215677.0,1574215676.15,9.99304499997033,POINT (-122.3933521 37.6806659),android,32.5026404538592,-0.2913924772579719,-0.5638889590555891
327,23.166,-49.0,147.13263,1163887880263191,time,2019-11-19T18:07:58-08:00,37.680419,-122.3931544,32.247055,1574215678.0,1574215677.167,9.993322777748109,POINT (-122.3931544 37.680419),android,32.21124797660123,-0.855281436313561,5.193675232060166
328,23.4,-49.0,147.2163,1163888893953399,time,2019-11-19T18:07:59-08:00,37.6801743,-122.3929585,32.022324,1574215679.0,1574215678.182,9.993600555525886,POINT (-122.3929585 37.6801743),android,31.355966540287667,4.3383937957466046,-15.255433631587003
329,23.8,-50.0,147.33984,1163889890872669,time,2019-11-19T18:08:00-08:00,37.6799354,-122.3927692,31.798983,1574215680.0,1574215679.169,9.993878333303664,POINT (-122.3927692 37.6799354),android,35.69436033603427,-10.917039835840399,17.270785152061883
330,23.6,-48.0,147.47954,1163891129037356,time,2019-11-19T18:08:01-08:00,37.6796645,-122.3925516,30.958605,1574215681.0,1574215680.375,9.994156111081441,POINT (-122.3925516 37.6796645),android,24.777320500193873,6.3537453162214845,-1.9725621137476494
331,22.4,-48.0,147.14522,1163891897297564,time,2019-11-19T18:08:02-08:00,37.6794817,-122.3923906,31.346155,1574215682.0,1574215681.202,9.99443388885922,POINT (-122.3923906 37.6794817),android,31.131065816415358,4.381183202473835,-1.924082638918783
332,20.4,-47.0,145.62659,1163892897332251,time,2019-11-19T18:08:03-08:00,37.6792614,-122.3921723,31.341208,1574215683.0,1574215682.179,9.994711666636997,POINT (-122.3921723 37.6792614),android,35.51224901888919,2.457100563555052,-14.348339588574348
333,18.4,-52.0,144.11012,1163893899783709,time,2019-11-19T18:08:04-08:00,37.6790119,-122.3919204,32.572327,1574215684.0,1574215683.165,9.994989444414774,POINT (-122.3919204 37.6790119),android,37.969349582444245,-11.891239025019296,19.694240816042665
334,16.0,-50.0,144.21992,1163895146526209,time,2019-11-19T18:08:05-08:00,37.6787364,-122.3916655,31.623158,1574215685.0,1574215684.411,9.995267222192552,POINT (-122.3916655 37.6787364),android,26.07811055742495,7.8030017910233695,-9.059154327742824
335,15.5,-49.0,145.0974,1163895900721208,time,2019-11-19T18:08:06-08:00,37.678539,-122.3915055,32.177834,1574215686.0,1574215685.175,9.99554499997033,POINT (-122.3915055 37.678539),android,33.88111234844832,-1.2561525367194548,3.6120186099504394
336,14.0,-53.0,147.0228,1163896896464125,time,2019-11-19T18:08:07-08:00,37.6782735,-122.3913166,32.555737,1574215687.0,1574215686.172,9.995822777748108,POINT (-122.3913166 37.6782735),android,32.624959811728864,2.3558660732309846,-6.3840511855831785
337,13.166,-53.0,147.90843,1163897877076885,time,2019-11-19T18:08:08-08:00,37.6780197,-122.3911306,32.557064,1574215688.0,1574215687.155,9.996100555525885,POINT (-122.3911306 37.6780197),android,34.98082588495985,-4.028185112352194,3.2176687326935642
338,12.8,-54.0,148.18896,1163899059030582,time,2019-11-19T18:08:09-08:00,37.6777508,-122.3909243,31.275251,1574215689.0,1574215688.328,9.996378333303664,POINT (-122.3909243 37.6777508),android,30.952640772607655,-0.8105163796586297,1.156251353383377
339,21.0,-54.0,157.77385,1163905190044641,time,2019-11-19T18:08:15-08:00,37.6761934,-122.390162,30.733004,1574215695.0,1574215694.487,9.99804499997033,POINT (-122.390162 37.6761934),android,26.089542494655877,6.126991740641632,-6.994068861862573
340,20.5,-53.0,158.83047,1163905893120057,time,2019-11-19T18:08:16-08:00,37.6759656,-122.390091,31.196875,1574215696.0,1574215695.198,9.998322777748108,POINT (-122.390091 37.6759656),android,32.21653423529751,-0.8670771212209409,-0.26806226227432006
341,20.333,-52.0,159.41463,1163906877536672,time,2019-11-19T18:08:17-08:00,37.6756902,-122.3899773,30.93822,1574215697.0,1574215696.142,9.998600555525886,POINT (-122.3899773 37.6756902),android,31.349457114076568,-1.135139383495261,-1.4816481941597637
342,20.25,-51.0,160.48209,1163907880315317,time,2019-11-19T18:08:18-08:00,37.6754206,-122.3898731,30.58936,1574215698.0,1574215697.168,9.998878333303663,POINT (-122.3898731 37.6754206),android,30.214317730581307,-2.6167875776550247,6.201805706570781
343,19.8,-50.0,162.75949,1163908900849275,time,2019-11-19T18:08:19-08:00,37.6751556,-122.3897972,30.435793,1574215699.0,1574215698.169,9.999156111081442,POINT (-122.3897972 37.6751556),android,27.597530152926282,3.585018128915756,-2.503623474609846
344,19.166,-51.0,164.75473,1163909899265993,time,2019-11-19T18:08:20-08:00,37.6749127,-122.3897328,30.138586,1574215700.0,1574215699.165,9.999433888859219,POINT (-122.3897328 37.6749127),android,31.18254828184204,1.0813946543059103,-4.179056302818648
345,18.333,-52.0,167.32787,1163910847533024,time,2019-11-19T18:08:21-08:00,37.6746344,-122.3896892,30.781923,1574215701.0,1574215700.125,9.999711666636998,POINT (-122.3896892 37.6746344),android,32.26394293614795,-3.0976616485127373,2.3742989333213957
346,18.166,-52.0,168.7474,1163911859958649,time,2019-11-19T18:08:22-08:00,37.6743472,-122.389637,30.936432,1574215702.0,1574215701.179,9.999989444414775,POINT (-122.389637 37.6743472),android,29.16628128763521,-0.7233627151913417,0.6087493670691578
347,42.0,-41.0,202.0,1163925862154422,time,2019-11-19T18:08:36-08:00,37.6707909,-122.3907933,29.073639,1574215716.0,1574215715.159,10.003878333303664,POINT (-122.3907933 37.6707909),android,19.039203274956428,7.799128423776867,-5.782204744375093
348,41.666,-37.0,187.10019,1163926864163328,time,2019-11-19T18:08:37-08:00,37.6706341,-122.3908802,13.893947,1574215717.0,1574215716.155,10.004156111081441,POINT (-122.3908802 37.6706341),android,26.838331698733295,2.016923679401774,2.9447714296391077
349,39.5,-38.0,191.77577,1163927861973327,time,2019-11-19T18:08:38-08:00,37.6704166,-122.3910124,18.440891,1574215718.0,1574215717.147,10.00443388885922,POINT (-122.3910124 37.6704166),android,28.85525537813507,4.961695109040882,-3.8532047830175102
350,38.6,-39.0,195.89879,1163928870990254,time,2019-11-19T18:08:39-08:00,37.6701803,-122.3911479,22.232323,1574215719.0,1574215718.153,10.004711666636997,POINT (-122.3911479 37.6701803),android,33.81695048717595,1.1084903260233716,-0.47542450850076534
351,36.833,-42.0,200.40681,1163929872635566,time,2019-11-19T18:08:40-08:00,37.6699107,-122.3913257,25.315224,1574215720.0,1574215719.143,10.004989444414775,POINT (-122.3913257 37.6699107),android,34.92544081319932,0.6330658175226063,1.918286913917278
352,32.2,-36.0,207.83893,1163930880549472,time,2019-11-19T18:08:41-08:00,37.6696664,-122.3915751,27.528364,1574215721.0,1574215720.177,10.005267222192552,POINT (-122.3915751 37.6696664),android,35.55850663072193,2.5513527314398843,-16.400200799174826
353,28.6,-42.0,212.65993,1163931875418065,time,2019-11-19T18:08:42-08:00,37.6694242,-122.3918389,29.615314,1574215722.0,1574215721.187,10.005544999970331,POINT (-122.3918389 37.6694242),android,38.109859362161814,-13.848848067734941,24.917572229195024
354,26.8,-43.0,214.98067,1163933109538116,time,2019-11-19T18:08:43-08:00,37.6691569,-122.3921099,30.00735,1574215723.0,1574215722.375,10.005822777748108,POINT (-122.3921099 37.6691569),android,24.261011294426872,11.068724161460082,-15.756592374598185
355,26.666,-45.0,216.53748,1163933807312543,time,2019-11-19T18:08:44-08:00,37.6689929,-122.3922917,30.667608,1574215724.0,1574215723.071,10.006100555525885,POINT (-122.3922917 37.6689929),android,35.329735455886954,-4.687868213138103,4.391824717512286
356,24.833,-50.0,217.31989,1163934881906137,time,2019-11-19T18:08:45-08:00,37.6687491,-122.3925491,30.797352,1574215725.0,1574215724.167,10.006378333303664,POINT (-122.3925491 37.6687491),android,30.64186724274885,-0.2960434956258169,0.8200492067188563
357,25.142,-49.0,217.39774,1163935879802178,time,2019-11-19T18:08:46-08:00,37.6685323,-122.392764,30.594116,1574215726.0,1574215725.194,10.00665611108144,POINT (-122.392764 37.6685323),android,30.345823747123035,0.5240057110930394,-12.233829909634217
358,26.0,-51.0,217.36574,1163936892305511,time,2019-11-19T18:08:47-08:00,37.6683169,-122.3929757,30.271034,1574215727.0,1574215726.159,10.00693388885922,POINT (-122.3929757 37.6683169),android,30.869829458216074,-11.709824198541178,19.740525110800224
359,26.0,-49.0,217.44815,1163938176690457,time,2019-11-19T18:08:48-08:00,37.6680993,-122.3931935,28.261799,1574215728.0,1574215727.452,10.007211666636996,POINT (-122.3931935 37.6680993),android,19.160005259674897,8.030700912259046,-4.954686381554101
360,25.0,-51.0,217.76292,1163938877401134,time,2019-11-19T18:08:49-08:00,37.6679663,-122.3933319,28.259651,1574215729.0,1574215728.154,10.007489444414775,POINT (-122.3933319 37.6679663),android,27.190706171933943,3.0760145307049456,-5.08378742668582
361,24.166,-50.0,218.32516,1163939880613113,time,2019-11-19T18:08:50-08:00,37.66778,-122.393532,28.082418,1574215730.0,1574215729.173,10.007767222192552,POINT (-122.393532 37.66778),android,30.26672070263889,-2.0077728959808745,2.430020320572428
362,21.8,-46.0,218.46906,1163940898012019,time,2019-11-19T18:08:51-08:00,37.6675693,-122.3937497,28.788351,1574215731.0,1574215730.179,10.00804499997033,POINT (-122.3937497 37.6675693),android,28.258947806658014,0.4222474245915535,-2.4757742269721454
363,20.666,-45.0,217.63705,1163941889508477,time,2019-11-19T18:08:52-08:00,37.6673645,-122.3939398,28.785881,1574215732.0,1574215731.156,10.008322777748107,POINT (-122.3939398 37.6673645),android,28.681195231249568,-2.053526802380592,3.635604030571173
364,18.5,-42.0,217.34657,1163942896699883,time,2019-11-19T18:08:53-08:00,37.6671588,-122.3941364,28.770565,1574215733.0,1574215732.177,10.008600555525886,POINT (-122.3941364 37.6671588),android,26.627668428868976,1.582077228190581,-2.47543033971796
365,16.0,-37.0,217.24852,1163943898275559,time,2019-11-19T18:08:54-08:00,37.6669689,-122.3943207,28.157755,1574215734.0,1574215733.177,10.008878333303663,POINT (-122.3943207 37.6669689),android,28.209745657059557,-0.8933531115273787,5.400646401023348
366,14.8,-33.0,218.51547,1163944899766184,time,2019-11-19T18:08:55-08:00,37.6667765,-122.3945296,28.29875,1574215735.0,1574215734.184,10.009156111081442,POINT (-122.3945296 37.6667765),android,27.316392545532178,4.507293289495969,-11.940572788819829
367,14.666,-33.0,219.1569,1163945897686288,time,2019-11-19T18:08:56-08:00,37.66659,-122.3947316,28.10674,1574215736.0,1574215735.185,10.009433888859219,POINT (-122.3947316 37.66659),android,31.823685835028147,-7.433279499323859,14.425861426757113
368,14.0,-31.0,218.32524,1163947183663787,time,2019-11-19T18:08:57-08:00,37.6663638,-122.3949531,26.973589,1574215737.0,1574215736.431,10.009711666636997,POINT (-122.3949531 37.6663638),android,24.390406335704288,6.992581927433253,-3.924482684437752
369,14.0,-32.0,217.37886,1163947882078943,time,2019-11-19T18:08:58-08:00,37.6661846,-122.3951129,28.980095,1574215738.0,1574215737.15,10.009989444414774,POINT (-122.3951129 37.6661846),android,31.38298826313754,3.068099242995501,-3.724546526280619
370,14.166,-32.0,217.0411,1163948786804516,time,2019-11-19T18:08:59-08:00,37.6659564,-122.3953227,30.66664,1574215739.0,1574215738.086,10.010267222192553,POINT (-122.3953227 37.6659564),android,34.45108750613304,-0.656447283285118,-0.451597554548016
371,14.333,-32.0,216.7557,1163949875587432,time,2019-11-19T18:09:00-08:00,37.665706,-122.3955532,30.909966,1574215740.0,1574215739.148,10.01054499997033,POINT (-122.3955532 37.665706),android,33.794640222847924,-1.108044837833134,-1.354092397400855
372,14.5,-31.0,217.06789,1163950878773525,time,2019-11-19T18:09:01-08:00,37.6654642,-122.3957858,31.664663,1574215741.0,1574215740.131,10.010822777748109,POINT (-122.3957858 37.6654642),android,32.68659538501479,-2.462137235233989,1.6763742298990003
373,15.0,-29.0,217.66689,1163951894290452,time,2019-11-19T18:09:02-08:00,37.6652336,-122.3960161,31.594055,1574215742.0,1574215741.162,10.011100555525886,POINT (-122.3960161 37.6652336),android,30.2244581497808,-0.7857630053349887,0.3375603032769412
374,15.333,-26.0,218.15993,1163952870405035,time,2019-11-19T18:09:03-08:00,37.6650223,-122.3962321,31.132862,1574215743.0,1574215742.177,10.011378333303664,POINT (-122.3962321 37.6650223),android,29.438695144445813,-0.44820270205804746,4.34194472645515
375,15.4,-28.0,218.23048,1163953881151493,time,2019-11-19T18:09:04-08:00,37.6648176,-122.3964442,30.367155,1574215744.0,1574215743.155,10.011656111081441,POINT (-122.3964442 37.6648176),android,28.990492442387765,3.8937420243971026,-11.316385812486331
376,14.833,-28.0,217.45349,1163954873759201,time,2019-11-19T18:09:05-08:00,37.6646072,-122.3966387,29.934229,1574215745.0,1574215744.185,10.011933888859218,POINT (-122.3966387 37.6646072),android,32.88423446678487,-7.422643788089228,17.694655375384308
377,14.2,-29.0,217.69215,1163956146173731,time,2019-11-19T18:09:06-08:00,37.6643754,-122.3968707,28.370947,1574215746.0,1574215745.435,10.012211666636997,POINT (-122.3968707 37.6643754),android,25.46159067869564,10.27201158729508,-12.881822767860715
378,14.0,-24.0,218.43578,1163956859403991,time,2019-11-19T18:09:07-08:00,37.6642001,-122.3970568,30.352062,1574215747.0,1574215746.169,10.012489444414774,POINT (-122.3970568 37.6642001),android,35.73360226599072,-2.609811180565636,1.3776493059229793
379,12.8,-21.0,218.99442,1163957886460606,time,2019-11-19T18:09:08-08:00,37.6639531,-122.3973165,31.957268,1574215748.0,1574215747.215,10.012767222192553,POINT (-122.3973165 37.6639531),android,33.12379108542508,-1.2321618746426566,0.581304714741357
380,12.833,-21.0,219.791,1163958876198053,time,2019-11-19T18:09:09-08:00,37.6637285,-122.3975637,32.291855,1574215749.0,1574215748.173,10.01304499997033,POINT (-122.3975637 37.6637285),android,31.891629210782426,-0.6508571599012996,-1.5727833558018567
381,13.0,-21.0,218.9923,1163959898624355,time,2019-11-19T18:09:10-08:00,37.6635032,-122.3977879,31.688084,1574215750.0,1574215749.158,10.013322777748108,POINT (-122.3977879 37.6635032),android,31.240772050881127,-2.2236405157031562,0.4678183685428472
382,13.5,-20.0,216.23076,1163960898483729,time,2019-11-19T18:09:11-08:00,37.6632665,-122.3979791,31.456533,1574215751.0,1574215750.161,10.013600555525885,POINT (-122.3979791 37.6632665),android,29.01713153517797,-1.755822147160309,5.354143434049217
383,14.4,-17.0,214.39447,1163961878349302,time,2019-11-19T18:09:12-08:00,37.6630416,-122.3981463,30.451021,1574215752.0,1574215751.153,10.013878333303664,POINT (-122.3981463 37.6630416),android,27.26130938801766,3.5983212868889076,-5.969514449756215
384,15.0,-17.0,213.67468,1163962792351802,time,2019-11-19T18:09:13-08:00,37.6628326,-122.3983082,29.97798,1574215753.0,1574215752.082,10.01415611108144,POINT (-122.3983082 37.6628326),android,30.85963067490657,-2.371193162867307,2.8376811491701126
385,16.8,-17.0,213.32011,1163963885418937,time,2019-11-19T18:09:14-08:00,37.6625981,-122.3984957,29.246162,1574215754.0,1574215753.174,10.01443388885922,POINT (-122.3984957 37.6625981),android,28.488437512039262,0.4664879863028055,-2.3274015827692587
386,17.666,-17.0,213.77579,1163964891790811,time,2019-11-19T18:09:15-08:00,37.6623863,-122.3986778,28.959885,1574215755.0,1574215754.212,10.014711666636996,POINT (-122.3986778 37.6623863),android,28.954925498342067,-1.8609135964664532,0.8271594353757408
387,18.833,-16.0,214.77774,1163965885578467,time,2019-11-19T18:09:16-08:00,37.662177,-122.3988735,29.035477,1574215756.0,1574215755.159,10.014989444414775,POINT (-122.3988735 37.662177),android,27.094011901875614,-1.0337541610907124,3.3171278850875225
388,20.4,-16.0,215.92706,1163966897773102,time,2019-11-19T18:09:17-08:00,37.6619858,-122.3990643,28.349768,1574215757.0,1574215756.179,10.015267222192552,POINT (-122.3990643 37.6619858),android,26.060257740784902,2.28337372399681,-7.518049414169514
389,20.8,-17.0,218.01047,1163967885677998,time,2019-11-19T18:09:18-08:00,37.6618184,-122.3992715,27.74717,1574215758.0,1574215757.144,10.01554499997033,POINT (-122.3992715 37.6618184),android,28.343631464781712,-5.234675690172704,13.098429799607707
390,20.2,-18.0,218.48634,1163969184924194,time,2019-11-19T18:09:19-08:00,37.6616271,-122.3994843,25.903471,1574215759.0,1574215758.444,10.015822777748108,POINT (-122.3994843 37.6616271),android,23.108955774609008,7.863754109435003,-7.812176907497459
391,19.0,-19.0,218.03413,1163969897791486,time,2019-11-19T18:09:20-08:00,37.661464,-122.399647,27.444452,1574215760.0,1574215759.159,10.016100555525886,POINT (-122.399647 37.661464),android,30.97270988404401,0.051577201937544004,0.13468553308159414
392,17.8,-19.0,217.43637,1163970894487683,time,2019-11-19T18:09:21-08:00,37.6612408,-122.3998575,28.522968,1574215761.0,1574215760.152,10.016378333303663,POINT (-122.3998575 37.6612408),android,31.024287085981555,0.18626273501913815,-2.762545943830901
393,16.8,-18.0,216.69106,1163971898893204,time,2019-11-19T18:09:22-08:00,37.661013,-122.400061,29.09179,1574215762.0,1574215761.165,10.016656111081442,POINT (-122.400061 37.661013),android,31.210549821000694,-2.5762832088117626,1.0505164870160044
394,16.333,-19.0,217.07259,1163972873437578,time,2019-11-19T18:09:23-08:00,37.6607879,-122.4002728,29.590372,1574215763.0,1574215762.13,10.016933888859219,POINT (-122.4002728 37.6607879),android,28.63426661218893,-1.5257667217957582,0.24402735933542985
395,15.5,-23.0,217.21404,1163973875314088,time,2019-11-19T18:09:24-08:00,37.6605828,-122.4004695,28.914492,1574215764.0,1574215763.143,10.017211666636996,POINT (-122.4004695 37.6605828),android,27.108499890393173,-1.2817393624603284,3.41908957685747
396,15.4,-24.0,217.46327,1163974899354505,time,2019-11-19T18:09:25-08:00,37.6603891,-122.4006565,27.735188,1574215765.0,1574215764.184,10.017489444414775,POINT (-122.4006565 37.6603891),android,25.826760527932844,2.1373502143971415,0.3726463670708817
397,16.0,-24.0,217.74403,1163975894587473,time,2019-11-19T18:09:26-08:00,37.6602063,-122.4008375,27.00094,1574215766.0,1574215765.162,10.017767222192552,POINT (-122.4008375 37.6602063),android,27.964110742329986,2.509996581468023,-12.092464977550389
398,16.6,-23.0,218.1092,1163976898949139,time,2019-11-19T18:09:27-08:00,37.6600097,-122.4010356,27.043108,1574215767.0,1574215766.18,10.01804499997033,POINT (-122.4010356 37.6600097),android,30.47410732379801,-9.582468396082366,14.528350203173105
399,18.0,-24.0,217.32217,1163978127388669,time,2019-11-19T18:09:28-08:00,37.6597895,-122.4012417,26.09392,1574215768.0,1574215767.389,10.018322777748107,POINT (-122.4012417 37.6597895),android,20.891638927715643,4.945881807090739,-4.506128078364931
400,19.4,-25.0,217.15858,1163978897122211,time,2019-11-19T18:09:29-08:00,37.6596375,-122.4013812,26.000502,1574215769.0,1574215768.212,10.018600555525886,POINT (-122.4013812 37.6596375),android,25.837520734806382,0.4397537287258082,1.102450435491214
401,19.833,-26.0,216.9044,1163979889910856,time,2019-11-19T18:09:30-08:00,37.6594491,-122.401553,25.791864,1574215770.0,1574215769.191,10.018878333303663,POINT (-122.401553 37.6594491),android,26.27727446353219,1.542204164217022,-7.643490778312621
402,20.333,-27.0,217.2154,1163980887284502,time,2019-11-19T18:09:31-08:00,37.6592604,-122.4017327,25.737352,1574215771.0,1574215770.161,10.019156111081442,POINT (-122.4017327 37.6592604),android,27.819478627749213,-6.101286614095599,8.836039237002655
403,20.8,-28.0,216.5285,1163982020099241,time,2019-11-19T18:09:32-08:00,37.6590557,-122.4019144,25.136335,1574215772.0,1574215771.286,10.019433888859218,POINT (-122.4019144 37.6590557),android,21.718192013653614,2.734752622907056,-2.8144060858514166
404,20.333,-25.0,216.0051,1163982898197053,time,2019-11-19T18:09:33-08:00,37.6588957,-122.4020559,24.866686,1574215773.0,1574215772.183,10.019711666636997,POINT (-122.4020559 37.6588957),android,24.45294463656067,-0.0796534629443606,-0.9595832141477807
405,19.2,-26.0,215.88516,1163983897468615,time,2019-11-19T18:09:34-08:00,37.6587161,-122.4022162,24.57954,1574215774.0,1574215773.224,10.019989444414774,POINT (-122.4022162 37.6587161),android,24.37329117361631,-1.0392366770921413,0.4377887811284715
406,17.8,-27.0,215.87292,1163984890034240,time,2019-11-19T18:09:35-08:00,37.6585388,-122.402379,24.322863,1574215775.0,1574215774.154,10.020267222192553,POINT (-122.402379 37.6585388),android,23.334054496524168,-0.6014478959636698,-7.881736131112522
407,16.6,-24.0,216.26753,1163985898170281,time,2019-11-19T18:09:36-08:00,37.6583706,-122.4025375,23.548027,1574215776.0,1574215775.169,10.02054499997033,POINT (-122.4025375 37.6583706),android,22.732606600560498,-8.483184027076192,14.17116644200356
408,15.4,-24.0,216.07977,1163987140537207,time,2019-11-19T18:09:37-08:00,37.6582055,-122.4026898,21.33746,1574215777.0,1574215776.401,10.020822777748108,POINT (-122.4026898 37.6582055),android,14.249422573484306,5.687982414927369,-7.483044316459502
409,15.166,-25.0,216.03032,1163987824248822,time,2019-11-19T18:09:38-08:00,37.6581018,-122.4027849,20.809393,1574215778.0,1574215777.101,10.021100555525885,POINT (-122.4027849 37.6581018),android,19.937404988411675,-1.795061901532133,3.6371367119722713
410,14.0,-24.0,216.95784,1163988898956946,time,2019-11-19T18:09:39-08:00,37.6579603,-122.402924,19.862307,1574215779.0,1574215778.19,10.021378333303664,POINT (-122.402924 37.6579603),android,18.142343086879542,1.8420748104401383,-7.322553963553457
411,14.0,-22.0,217.243,1163989893933092,time,2019-11-19T18:09:40-08:00,37.6578323,-122.4030518,19.328207,1574215780.0,1574215779.187,10.021656111081441,POINT (-122.4030518 37.6578323),android,19.98441789731968,-5.480479153113318,6.412755265303112
412,14.4,-21.0,217.85245,1163991037097622,time,2019-11-19T18:09:41-08:00,37.6576931,-122.4031954,18.742712,1574215781.0,1574215780.312,10.02193388885922,POINT (-122.4031954 37.6576931),android,14.503938744206362,0.9322761121897933,-0.24839588166125282
413,14.5,-21.0,217.23335,1163991947612622,time,2019-11-19T18:09:42-08:00,37.6575898,-122.403296,17.933115,1574215782.0,1574215781.212,10.022211666636997,POINT (-122.403296 37.6575898),android,15.436214856396155,0.6838802305285405,0.19699099540796183
414,15.2,-21.0,216.49913,1163992889471007,time,2019-11-19T18:09:43-08:00,37.6574785,-122.4034008,17.338547,1574215783.0,1574215782.167,10.022489444414775,POINT (-122.4034008 37.6574785),android,16.120095086924696,0.8808712259365024,0.04768181732699617
415,15.333,-20.0,216.25714,1163993876912986,time,2019-11-19T18:09:44-08:00,37.6573616,-122.4035091,17.024134,1574215784.0,1574215783.161,10.022767222192552,POINT (-122.4035091 37.6573616),android,17.0009663128612,0.9285530432634985,-8.346699901304012
416,15.666,-19.0,216.4078,1163994880201215,time,2019-11-19T18:09:45-08:00,37.6572393,-122.403625,16.81239,1574215785.0,1574215784.163,10.02304499997033,POINT (-122.403625 37.6572393),android,17.929519356124697,-7.418146858040513,11.799918141353908
417,15.6,-17.0,216.13936,1163996172307255,time,2019-11-19T18:09:46-08:00,37.6571109,-122.4037482,15.525158,1574215786.0,1574215785.424,10.023322777748108,POINT (-122.4037482 37.6571109),android,10.511372498084183,4.381771283313395,-5.3330728523662945
418,15.333,-16.0,217.08719,1163996857309703,time,2019-11-19T18:09:47-08:00,37.6570376,-122.4038236,14.85413,1574215787.0,1574215786.157,10.023600555525885,POINT (-122.4038236 37.6570376),android,14.893143781397578,-0.9513015690528999,-0.7381045532501656
419,15.166,-16.0,218.14392,1163997860705744,time,2019-11-19T18:09:48-08:00,37.6569353,-122.4039328,14.482055,1574215788.0,1574215787.165,10.023878333303664,POINT (-122.4039328 37.6569353),android,13.941842212344678,-1.6894061223030654,0.3642114972247441
420,15.0,-19.0,218.47064,1163998867955587,time,2019-11-19T18:09:49-08:00,37.656842,-122.4040386,14.036579,1574215789.0,1574215788.138,10.02415611108144,POINT (-122.4040386 37.656842),android,12.252436090041613,-1.3251946250783213,1.0941723441903886
421,15.0,-19.0,218.79276,1163999869411108,time,2019-11-19T18:09:50-08:00,37.6567589,-122.40413,13.05493,1574215790.0,1574215789.115,10.02443388885922,POINT (-122.40413 37.6567589),android,10.927241464963291,-0.23102228088793275,-0.009090957648506759
422,14.833,-20.0,218.9093,1164000888451889,time,2019-11-19T18:09:51-08:00,37.6566859,-122.4042131,12.090025,1574215791.0,1574215790.167,10.024711666636996,POINT (-122.4042131 37.6566859),android,10.696219184075359,-0.2401132385364395,-0.4540335026153244
423,14.8,-21.0,220.01535,1164001897501576,time,2019-11-19T18:09:52-08:00,37.6566155,-122.4042959,11.180896,1574215792.0,1574215791.194,10.024989444414775,POINT (-122.4042959 37.6566155),android,10.45610594553892,-0.6941467411517639,-0.14739776347718525
424,15.0,-22.0,219.70837,1164002890513711,time,2019-11-19T18:09:53-08:00,37.656545,-122.4043745,10.890418,1574215793.0,1574215792.177,10.025267222192552,POINT (-122.4043745 37.656545),android,9.761959204387155,-0.8415445046289491,-6.027573004975983
425,15.2,-21.0,218.30159,1164003878968710,time,2019-11-19T18:09:54-08:00,37.6564764,-122.4044437,10.407577,1574215794.0,1574215793.145,10.02554499997033,POINT (-122.4044437 37.6564764),android,8.920414699758206,-6.869117509604932,9.92551161548656
426,15.2,-19.0,219.4692,1164005181460585,time,2019-11-19T18:09:55-08:00,37.6564158,-122.4045101,8.825789,1574215795.0,1574215794.455,10.025822777748107,POINT (-122.4045101 37.6564158),android,2.0512971901532744,3.056394105881627,-4.881338075426173
427,15.166,-21.0,214.63675,1164005888258657,time,2019-11-19T18:09:56-08:00,37.6563991,-122.40452,6.9368057,1574215796.0,1574215795.219,10.026100555525886,POINT (-122.40452 37.6563991),android,5.1076912960349015,-1.8249439695445457,1.47016899078355
428,15.166,-22.0,216.0066,1164006887039438,time,2019-11-19T18:09:57-08:00,37.656359,-122.4045483,6.481995,1574215797.0,1574215796.182,10.026378333303663,POINT (-122.4045483 37.656359),android,3.2827473264903557,-0.35477497876099573,0.7973799552430547
429,15.2,-22.0,218.35576,1164007900441730,time,2019-11-19T18:09:58-08:00,37.6563357,-122.4045712,5.215782,1574215798.0,1574215797.169,10.026656111081442,POINT (-122.4045712 37.6563357),android,2.92797234772936,0.442604976482059,0.5439144068524882
430,15.0,-23.0,220.52516,1164008877784229,time,2019-11-19T18:09:59-08:00,37.6563187,-122.4045966,4.938697,1574215799.0,1574215798.152,10.026933888859219,POINT (-122.4045966 37.6563187),android,3.370577324211419,0.9865193833345471,-1.2161559448358354
431,14.833,-22.0,225.07806,1164009881509489,time,2019-11-19T18:10:00-08:00,37.6563017,-122.4046283,4.8387284,1574215800.0,1574215799.147,10.027211666636997,POINT (-122.4046283 37.6563017),android,4.357096707545966,-0.2296365615012883,1.1896937815330535
432,14.8,-22.0,224.39726,1164010897690062,time,2019-11-19T18:10:01-08:00,37.6562783,-122.404668,5.092078,1574215801.0,1574215800.174,10.027489444414774,POINT (-122.404668 37.6562783),android,4.127460146044678,0.9600572200317652,-5.641255867376754
433,15.2,-22.0,225.80074,1164011887455114,time,2019-11-19T18:10:02-08:00,37.6562554,-122.4047049,4.886429,1574215802.0,1574215801.167,10.027767222192553,POINT (-122.4047049 37.6562554),android,5.087517366076443,-4.6811986473449885,6.682023021728508
434,16.0,-21.0,228.47955,1164013131786362,time,2019-11-19T18:10:03-08:00,37.6562264,-122.4047496,4.857912,1574215803.0,1574215802.409,10.02804499997033,POINT (-122.4047496 37.6562264),android,0.40631871873145475,2.0008243743835195,-2.6072838732308385
435,16.6,-22.0,224.00742,1164013928368237,time,2019-11-19T18:10:04-08:00,37.6562267,-122.4047542,2.4072566,1574215804.0,1574215803.192,10.028322777748109,POINT (-122.4047542 37.6562267),android,2.407143093114974,-0.6064594988473189,0.5330679216895982
436,16.943,-23.0,298.7854,1164014887153757,time,2019-11-19T18:10:05-08:00,37.6562448,-122.4047392,0.5531663,1574215805.0,1574215804.146,10.028600555525886,POINT (-122.4047392 37.6562448),android,1.8006835942676551,-0.07339157715772071,-0.48782996831808045
437,17.276,-25.0,273.24664,1164015899000163,time,2019-11-19T18:10:06-08:00,37.6562609,-122.404737,0.5536914,1574215806.0,1574215805.204,10.028878333303663,POINT (-122.404737 37.6562609),android,1.7272920171099344,-0.5612215454758012,0.7787869064265451
438,17.443,-26.0,251.07533,1164016901965840,time,2019-11-19T18:10:07-08:00,37.6562759,-122.4047319,0.7727741,1574215807.0,1574215806.172,10.029156111081441,POINT (-122.4047319 37.6562759),android,1.1660704716341332,0.21756536095074397,1.5977013785622993
439,17.808,-26.0,256.22617,1164017889270423,time,2019-11-19T18:10:08-08:00,37.6562863,-122.4047302,0.54414105,1574215808.0,1574215807.177,10.029433888859218,POINT (-122.4047302 37.6562863),android,1.3836358325848772,1.8152667395130433,-3.5107750155444046
440,18.236,-26.0,1.70983,1164018888895579,time,2019-11-19T18:10:09-08:00,37.6562977,-122.4047239,0.6062794,1574215809.0,1574215808.158,10.029711666636997,POINT (-122.4047239 37.6562977),android,3.1989025720979205,-1.6955082760313616,1.3431251264893176
441,19.881,-26.0,355.06906,1164019891277453,time,2019-11-19T18:10:10-08:00,37.6563226,-122.4047057,0.69358116,1574215810.0,1574215809.148,10.029989444414774,POINT (-122.4047057 37.6563226),android,1.503394296066559,-0.35238314954204397,0.26024086021803794
442,19.881,-26.0,305.1218,1164020910012765,time,2019-11-19T18:10:11-08:00,37.6563354,-122.4047002,0.80253446,1574215811.0,1574215810.172,10.030267222192553,POINT (-122.4047002 37.6563354),android,1.151011146524515,-0.09214228932400603,0.41964138135850204
443,19.548,-26.0,324.2845,1164022187041827,time,2019-11-19T18:10:12-08:00,37.6563457,-122.4047015,0.43276337,1574215812.0,1574215811.47,10.03054499997033,POINT (-122.4047015 37.6563457),android,1.058868857200509,0.327499092034496,0.304577008970752
444,18.881,-26.0,33.159775,1164022904045681,time,2019-11-19T18:10:13-08:00,37.6563535,-122.4046946,0.8072542,1574215813.0,1574215812.171,10.030822777748108,POINT (-122.4046946 37.6563535),android,1.386367949235005,0.632076101005248,-1.2958682037347606
445,17.881,-26.0,35.00922,1164023896464066,time,2019-11-19T18:10:14-08:00,37.6563603,-122.4046814,0.9158796,1574215814.0,1574215813.212,10.031100555525885,POINT (-122.4046814 37.6563603),android,2.018444050240253,-0.6637921027295126,-0.07845820328300523
446,16.085,-27.0,44.454773,1164024910485993,time,2019-11-19T18:10:15-08:00,37.6563701,-122.4046621,0.70084953,1574215815.0,1574215814.179,10.031378333303664,POINT (-122.4046621 37.6563701),android,1.3546519475107404,-0.7422503060125178,0.5532692845290985
447,15.787,-27.0,60.074425,1164025877902190,time,2019-11-19T18:10:16-08:00,37.6563758,-122.4046485,0.5881669,1574215816.0,1574215815.173,10.03165611108144,POINT (-122.4046485 37.6563758),android,0.6124016414982225,-0.18898102148341928,0.33017540024565273
448,15.216,-27.0,59.692196,1164026884603440,time,2019-11-19T18:10:17-08:00,37.65638,-122.404644,0.58621716,1574215817.0,1574215816.157,10.03193388885922,POINT (-122.404644 37.65638),android,0.42342062001480324,0.14119437876223345,0.5224571295818139
449,14.787,-28.0,54.419724,1164027893188908,time,2019-11-19T18:10:18-08:00,37.6563833,-122.4046416,0.5338409,1574215818.0,1574215817.165,10.032211666636996,POINT (-122.4046416 37.6563833),android,0.5646149987770367,0.6636515083440474,-1.4449040836028475
450,14.252,-29.0,17.802855,1164028897624793,time,2019-11-19T18:10:19-08:00,37.6563846,-122.4046478,0.26291052,1574215819.0,1574215818.167,10.032489444414775,POINT (-122.4046478 37.6563846),android,1.228266507121084,-0.7812525752588002,0.7103927409332632
451,13.583,-29.0,255.80098,1164029923548283,time,2019-11-19T18:10:20-08:00,37.6563791,-122.4046599,0.32442638,1574215820.0,1574215819.177,10.032767222192552,POINT (-122.4046599 37.6563791),android,0.44701393186228383,-0.070859834325537,0.047223073459814524
452,13.416,-30.0,237.16779,1164031177931510,time,2019-11-19T18:10:21-08:00,37.6563758,-122.4046628,0.3163866,1574215821.0,1574215820.433,10.03304499997033,POINT (-122.4046628 37.6563758),android,0.37615409753674683,-0.023636760865722473,-0.23808317411018903
453,13.249,-29.0,266.331,1164031905144895,time,2019-11-19T18:10:22-08:00,37.6563787,-122.4046606,0.12362676,1574215822.0,1574215821.199,10.033322777748108,POINT (-122.4046606 37.6563787),android,0.35251733667102436,-0.2617199349759115,0.36583567430062647
454,13.249,-28.0,140.92749,1164032897964999,time,2019-11-19T18:10:23-08:00,37.6563777,-122.4046568,0.057684924,1574215823.0,1574215822.161,10.033600555525886,POINT (-122.4046568 37.6563777),android,0.09079740169511287,0.10411573932471495,-0.13334338867741097
455,13.357,-28.0,112.41503,1164033894468384,time,2019-11-19T18:10:24-08:00,37.6563779,-122.4046558,0.05761471,1574215824.0,1574215823.171,10.033878333303663,POINT (-122.4046558 37.6563779),android,0.19491314101982782,-0.029227649352696006,-0.09873819430433761
456,13.657,-28.0,79.04687,1164034903560676,time,2019-11-19T18:10:25-08:00,37.6563788,-122.4046539,0.09719796,1574215825.0,1574215824.162,10.034156111081442,POINT (-122.4046539 37.6563788),android,0.1656854916671318,-0.12796584365703362,0.2889578740698372
457,13.8,-28.0,65.5783,1164035905997446,time,2019-11-19T18:10:26-08:00,37.6563797,-122.4046524,0.115961425,1574215826.0,1574215825.219,10.034433888859219,POINT (-122.4046524 37.6563797),android,0.0377196480100982,0.1609920304128036,-0.13863420413852287
458,14.1,-28.0,57.094185,1164036906417081,time,2019-11-19T18:10:27-08:00,37.65638,-122.4046526,0.07914013,1574215827.0,1574215826.188,10.034711666636996,POINT (-122.4046526 37.65638),android,0.1987116784229018,0.022357826274280734,-0.012126546303019042
459,14.086,-28.0,68.09083,1164037897210414,time,2019-11-19T18:10:28-08:00,37.6563804,-122.4046504,0.11486558,1574215828.0,1574215827.165,10.034989444414775,POINT (-122.4046504 37.6563804),android,0.22106950469718253,0.010231279971261692,0.07557738171601572
460,14.267,-28.0,98.48207,1164038895371976,time,2019-11-19T18:10:29-08:00,37.6563791,-122.4046485,0.1301518,1574215829.0,1574215828.203,10.035267222192552,POINT (-122.4046485 37.6563791),android,0.23130078466844423,0.08580866168727741,0.6787918179139788
461,14.35,-27.0,96.29144,1164039929536351,time,2019-11-19T18:10:30-08:00,37.6563788,-122.4046459,0.16227043,1574215830.0,1574215829.195,10.03554499997033,POINT (-122.4046459 37.6563788),android,0.31710944635572164,0.7646004796012562,-1.1371929052996
462,14.157,-28.0,94.55063,1164040905981975,time,2019-11-19T18:10:31-08:00,37.6563787,-122.4046423,0.21480933,1574215831.0,1574215830.177,10.035822777748107,POINT (-122.4046423 37.6563787),android,1.0817099259569778,-0.3725924256983436,1.139294709808157
463,14.016,-27.0,56.65814,1164041908073954,time,2019-11-19T18:10:32-08:00,37.6563858,-122.4046339,0.46929216,1574215832.0,1574215831.208,10.036100555525886,POINT (-122.4046339 37.6563858),android,0.7091175002586342,0.7667022841098133,-6.3126822988023426
464,13.85,-27.0,48.742245,1164042925080568,time,2019-11-19T18:10:33-08:00,37.6563908,-122.4046289,0.5406794,1574215833.0,1574215832.212,10.036378333303663,POINT (-122.4046289 37.6563908),android,1.4758197843684475,-5.545980014692529,21.925828780224375
465,13.582,-27.0,44.213676,1164044077000000,time,2019-11-19T18:10:33.258000-08:00,37.6563937,-122.4046266,0.45478693,1574215833.258,1574215834.081,10.03644999994172,POINT (-122.4046266 37.6563937),android,0.04495751179611458,0.11088155231458441,-0.182875294892816
466,13.728,-27.0,45.34105,1164043884898276,time,2019-11-19T18:10:34-08:00,37.6563934,-122.4046266,0.48131216,1574215834.0,1574215833.161,10.036656111081442,POINT (-122.4046266 37.6563934),android,0.1272316350339842,-0.024811935331460033,0.061729497619520096
467,13.499,-27.0,37.24957,1164044928106401,time,2019-11-19T18:10:35-08:00,37.6563939,-122.4046279,0.29162094,1574215835.0,1574215834.15,10.036933888859219,POINT (-122.4046279 37.6563939),android,0.10241969970252415,0.03691756228806006,0.031812493937366654
468,13.213,-27.0,26.289087,1164045904867182,time,2019-11-19T18:10:36-08:00,37.6563942,-122.404629,0.18698479,1574215836.0,1574215835.177,10.037211666636997,POINT (-122.404629 37.6563942),android,0.13933726199058422,0.06873005622542672,-0.2559736674944267
469,13.082,-27.0,4.1530724,1164047205995462,time,2019-11-19T18:10:37-08:00,37.6563938,-122.4046305,0.07903919,1574215837.0,1574215836.471,10.037489444414774,POINT (-122.4046305 37.6563938),android,0.20806731821601093,-0.18724361126899997,0.1950748603433706
470,12.928,-27.0,276.85382,1164047893957545,time,2019-11-19T18:10:38-08:00,37.6563925,-122.4046322,0.053849556,1574215838.0,1574215837.17,10.037767222192553,POINT (-122.4046322 37.6563925),android,0.020823706947010977,0.00783124907437064,0.011349697350444703
471,12.785,-27.0,283.2235,1164048800096451,time,2019-11-19T18:10:39-08:00,37.6563926,-122.404632,0.030203322,1574215839.0,1574215838.064,10.03804499997033,POINT (-122.404632 37.6563926),android,0.028654956021381617,0.019180946424815343,-0.018511973405430936
472,12.0,-27.0,320.31024,1164049864443794,time,2019-11-19T18:10:40-08:00,37.6563927,-122.4046317,0.010354732,1574215840.0,1574215839.101,10.038322777748109,POINT (-122.4046317 37.6563927),android,0.04783590244619696,0.0006689730193844071,-0.03499149956697287
473,11.571,-27.0,228.48029,1164050864169992,time,2019-11-19T18:10:41-08:00,37.6563923,-122.4046319,0.02044067,1574215841.0,1574215840.116,10.038600555525885,POINT (-122.4046319 37.6563923),android,0.04850487546558137,-0.03432252654758846,0.3316104001860376
474,11.428,-27.0,227.29185,1164051871033116,time,2019-11-19T18:10:42-08:00,37.656392,-122.4046323,0.02937818,1574215842.0,1574215841.123,10.038878333303664,POINT (-122.4046323 37.656392),android,0.014182348917992908,0.29728787363844916,-0.4068724028043349
475,11.285,-27.0,226.90091,1164052863894679,time,2019-11-19T18:10:43-08:00,37.6563919,-122.4046324,0.02690429,1574215843.0,1574215842.152,10.039156111081441,POINT (-122.4046324 37.6563919),android,0.3114702225564421,-0.10958452916588576,0.08647976750681405
476,11.166,-26.0,355.64084,1164053866213272,time,2019-11-19T18:10:44-08:00,37.6563947,-122.4046323,0.10528572,1574215844.0,1574215843.151,10.03943388885922,POINT (-122.4046323 37.6563947),android,0.20188569339055631,-0.023104761659071715,-0.08392231703841935
477,11.4,-26.0,354.46066,1164054864844522,time,2019-11-19T18:10:45-08:00,37.6563965,-122.4046326,0.137802,1574215845.0,1574215844.122,10.039711666636997,POINT (-122.4046326 37.6563965),android,0.1787809317314846,-0.10702707869749106,0.32724268061573847
478,11.833,-26.0,0.025703507,1164056128765927,time,2019-11-19T18:10:46-08:00,37.6563981,-122.4046324,0.13518387,1574215846.0,1574215845.395,10.039989444414774,POINT (-122.4046324 37.6563981),android,0.07175385303399354,0.22021560191824743,-0.313685110919731
479,12.142,-26.0,4.1248584,1164056861778375,time,2019-11-19T18:10:47-08:00,37.6563987,-122.4046321,0.124305174,1574215847.0,1574215846.145,10.040267222192552,POINT (-122.4046321 37.6563987),android,0.29196945495224097,-0.09346950900148357,-0.005780463935310801
480,12.571,-26.0,17.998783,1164057861983999,time,2019-11-19T18:10:48-08:00,37.656401,-122.4046305,0.1810217,1574215848.0,1574215847.156,10.04054499997033,POINT (-122.4046305 37.656401),android,0.1984999459507574,-0.09924997293679437,0.0625754537527303
481,13.5,-26.0,21.430113,1164058884038478,time,2019-11-19T18:10:49-08:00,37.6564026,-122.4046295,0.18258522,1574215849.0,1574215848.163,10.040822777748108,POINT (-122.4046295 37.6564026),android,0.09924997301396303,-0.03667451918406407,0.011818711395534594
482,14.8,-26.0,23.006678,1164059879402905,time,2019-11-19T18:10:50-08:00,37.6564034,-122.404629,0.1558136,1574215850.0,1574215849.131,10.041100555525885,POINT (-122.404629 37.6564034),android,0.06257545382989896,-0.02485580778852948,-0.012863838252840001
483,15.571,-26.0,24.791655,1164060888723321,time,2019-11-19T18:10:51-08:00,37.6564038,-122.4046285,0.1283844,1574215851.0,1574215850.157,10.041378333303664,POINT (-122.4046285 37.6564038),android,0.03771964604136948,-0.03771964604136948,0.07543929208273896
484,16.666,-26.0,25.485825,1164061881243008,time,2019-11-19T18:10:52-08:00,37.6564041,-122.4046283,0.099355996,1574215852.0,1574215851.168,10.04165611108144,POINT (-122.4046283 37.6564041),android,0.0,0.03771964604136948,0.0028933872511567177
485,17.333,-26.0,26.847662,1164062888662695,time,2019-11-19T18:10:53-08:00,37.6564041,-122.4046283,0.06672705,1574215853.0,1574215852.155,10.04193388885922,POINT (-122.4046283 37.6564041),android,0.03771964604136948,0.0406130332925262,-0.049944728272639245
486,17.333,-26.0,27.023193,1164063890399414,time,2019-11-19T18:10:54-08:00,37.6564038,-122.4046285,0.03599746,1574215854.0,1574215853.164,10.042211666636996,POINT (-122.4046285 37.6564038),android,0.07833267933389568,-0.009331694980113048,-0.03575133871967981
487,17.142,-26.0,96.49925,1164064878493580,time,2019-11-19T18:10:55-08:00,37.6564031,-122.4046286,0.0077352095,1574215855.0,1574215854.145,10.042489444414775,POINT (-122.4046286 37.6564031),android,0.06900098435378263,-0.04508303369979286,0.035347432601754665
488,16.857,-26.0,175.21896,1164065880037382,time,2019-11-19T18:10:56-08:00,37.6564025,-122.4046288,0.01959002,1574215856.0,1574215855.159,10.042767222192552,POINT (-122.4046288 37.6564025),android,0.023917950653989776,-0.00973560109803819,0.004356426935159998
489,16.714,-26.0,185.02498,1164066871528840,time,2019-11-19T18:10:57-08:00,37.6564023,-122.4046289,0.021538533,1574215857.0,1574215856.156,10.04304499997033,POINT (-122.4046289 37.6564023),android,0.014182349555951585,-0.005379174162878192,-0.003424001230195201
490,16.5,-26.0,178.88031,1164067899611235,time,2019-11-19T18:10:58-08:00,37.6564022,-122.4046288,0.017659921,1574215858.0,1574215857.179,10.043322777748108,POINT (-122.4046288 37.6564022),android,0.008803175393073393,-0.008803175393073393,0.019922668187472743
491,16.428,-26.0,172.4473,1164068872040401,time,2019-11-19T18:10:59-08:00,37.6564022,-122.4046287,0.012611514,1574215859.0,1574215858.138,10.043600555525886,POINT (-122.4046287 37.6564022),android,0.0,0.011119492794399348,-0.022238985588798697
492,16.714,-26.0,164.70576,1164069868650505,time,2019-11-19T18:11:00-08:00,37.6564022,-122.4046287,0.00739448,1574215860.0,1574215859.147,10.043878333303663,POINT (-122.4046287 37.6564022),android,0.011119492794399348,-0.011119492794399348,0.02530184157383425
493,17.142,-26.0,154.55814,1164070868942692,time,2019-11-19T18:11:01-08:00,37.6564023,-122.4046287,0.0043812725,1574215861.0,1574215860.149,10.044156111081442,POINT (-122.4046287 37.6564023),android,0.0,0.014182348779434901,-0.014182347995558833
494,17.333,-26.0,180.20679,1164072141565556,time,2019-11-19T18:11:02-08:00,37.6564023,-122.4046287,0.002393953,1574215862.0,1574215861.415,10.044433888859219,POINT (-122.4046287 37.6564023),android,0.014182348779434901,7.838760682221668e-10,-0.014182350347187038
495,17.285,-26.0,215.69797,1164072868042119,time,2019-11-19T18:11:03-08:00,37.6564022,-122.4046288,0.0037909355,1574215863.0,1574215862.144,10.044711666636998,POINT (-122.4046288 37.6564022),android,0.01418234956331097,-0.01418234956331097,0.01418234956331097
496,17.166,-26.0,213.19481,1164073881570399,time,2019-11-19T18:11:04-08:00,37.6564021,-122.4046289,0.0057277894,1574215864.0,1574215863.141,10.044989444414774,POINT (-122.4046289 37.6564021),android,0.0,0.0,0.02391795094562873
497,16.714,-26.0,212.32863,1164074817066753,time,2019-11-19T18:11:05-08:00,37.6564021,-122.4046289,0.0057886904,1574215865.0,1574215864.112,10.045267222192553,POINT (-122.4046289 37.6564021),android,0.0,0.02391795094562873,-0.0033579307136600636
498,15.166,-26.0,211.7771,1164076099550867,time,2019-11-19T18:11:06-08:00,37.6564021,-122.4046289,0.0044430904,1574215866.0,1574215865.364,10.04554499997033,POINT (-122.4046289 37.6564021),android,0.02391795094562873,0.020560020231968665,-0.03167951381645549
499,14.857,-26.0,200.10979,1164076892742169,time,2019-11-19T18:11:07-08:00,37.6564019,-122.404629,0.009640275,1574215867.0,1574215866.176,10.045822777748107,POINT (-122.404629 37.6564019),android,0.04447797117759739,-0.011119493584486828,-0.022238984008623737
500,13.833,-26.0,341.91284,1164077890267377,time,2019-11-19T18:11:08-08:00,37.6564023,-122.404629,0.010154863,1574215868.0,1574215867.158,10.046100555525886,POINT (-122.404629 37.6564023),android,0.033358477593110565,-0.033358477593110565,0.04447797038750991
501,13.333,-26.0,351.3244,1164078893060450,time,2019-11-19T18:11:09-08:00,37.6564026,-122.404629,0.016394574,1574215869.0,1574215868.222,10.046378333303663,POINT (-122.404629 37.6564026),android,0.0,0.011119492794399348,-0.022238985588798697
502,12.8,-26.0,353.17987,1164079889732585,time,2019-11-19T18:11:10-08:00,37.6564026,-122.404629,0.01390048,1574215870.0,1574215869.18,10.046656111081441,POINT (-122.404629 37.6564026),android,0.011119492794399348,-0.011119492794399348,0.011119492794399348
503,12.666,-26.0,354.57297,1164081191429198,time,2019-11-19T18:11:11-08:00,37.6564027,-122.404629,0.009492327,1574215871.0,1574215870.475,10.046933888859218,POINT (-122.404629 37.6564027),android,0.0,0.0,0.10345536249248981
504,12.666,-26.0,355.44745,1164081894330812,time,2019-11-19T18:11:12-08:00,37.6564027,-122.404629,0.0062697115,1574215872.0,1574215871.169,10.047211666636997,POINT (-122.404629 37.6564027),android,0.0,0.10345536249248981,-0.1411002973255328
505,12.833,-26.0,356.60788,1164082890995812,time,2019-11-19T18:11:13-08:00,37.6564027,-122.404629,0.0035385014,1574215873.0,1574215872.177,10.047489444414774,POINT (-122.404629 37.6564027),android,0.10345536249248981,-0.03764493483304299,0.02356218788040646
506,13.0,-26.0,29.51205,1164083893815291,time,2019-11-19T18:11:14-08:00,37.6564035,-122.4046284,0.038804058,1574215874.0,1574215873.165,10.047767222192553,POINT (-122.4046284 37.6564035),android,0.06581042765944682,-0.014082746952636525,-0.023462584360128595
507,13.6,-26.0,30.56591,1164084891270290,time,2019-11-19T18:11:15-08:00,37.656404,-122.404628,0.048590474,1574215875.0,1574215874.144,10.04804499997033,POINT (-122.404628 37.656404),android,0.051727680706810296,-0.03754533131276512,0.07119888333505854
508,13.714,-26.0,31.04413,1164085891675290,time,2019-11-19T18:11:16-08:00,37.6564044,-122.4046277,0.04594737,1574215876.0,1574215875.163,10.048322777748108,POINT (-122.4046277 37.6564044),android,0.014182349394045174,0.03365355202229342,0.03166948308877238
509,14.0,-26.0,31.259829,1164086895791227,time,2019-11-19T18:11:17-08:00,37.6564045,-122.4046276,0.034268968,1574215877.0,1574215876.186,10.048600555525885,POINT (-122.4046276 37.6564045),android,0.047835901416338596,0.0653230351110658,-0.14076232631385133
510,13.833,-26.0,38.86591,1164087892170029,time,2019-11-19T18:11:18-08:00,37.6564041,-122.4046278,0.009803373,1574215878.0,1574215877.189,10.048878333303664,POINT (-122.4046278 37.6564041),android,0.1131589365274044,-0.07543929120278552,0.051901994586519215
511,13.666,-26.0,30.894447,1164088915602633,time,2019-11-19T18:11:19-08:00,37.656405,-122.4046272,0.045107726,1574215879.0,1574215878.185,10.049156111081441,POINT (-122.4046272 37.656405),android,0.03771964532461888,-0.0235372966162663,0.009354947907913719
512,13.428,-26.0,31.642616,1164089881845289,time,2019-11-19T18:11:20-08:00,37.6564053,-122.404627,0.04089459,1574215880.0,1574215879.165,10.04943388885922,POINT (-122.404627 37.6564053),android,0.014182348708352582,-0.014182348708352582,0.025301840712664454
513,12.857,-26.0,32.140533,1164090882094351,time,2019-11-19T18:11:21-08:00,37.6564054,-122.4046269,0.03131035,1574215881.0,1574215880.141,10.049711666636997,POINT (-122.4046269 37.6564054),android,0.0,0.011119492004311874,-0.022238984008623747
514,12.428,-26.0,32.491444,1164091893452944,time,2019-11-19T18:11:22-08:00,37.6564054,-122.4046269,0.019107066,1574215882.0,1574215881.163,10.049989444414775,POINT (-122.4046269 37.6564054),android,0.011119492004311874,-0.011119492004311874,4.409746969591085
515,12.0,-26.0,42.255215,1164092891783569,time,2019-11-19T18:11:23-08:00,37.6564053,-122.4046269,0.008081636,1574215883.0,1574215882.149,10.050267222192552,POINT (-122.4046269 37.6564053),android,0.0,4.398627477586773,-5.406453774004918
516,11.714,-26.0,38.148502,1164093894066381,time,2019-11-19T18:11:24-08:00,37.6564053,-122.4046269,0.0036728436,1574215884.0,1574215883.182,10.050544999970331,POINT (-122.4046269 37.6564053),android,4.398627477586773,-1.0078262964181448,2.0042389666885017
517,11.2,-25.0,214.505,1164094890173776,time,2019-11-19T18:11:25-08:00,37.6563732,-122.4046561,2.9852648,1574215885.0,1574215884.167,10.050822777748108,POINT (-122.4046561 37.6563732),android,3.3908011811686283,0.9964126702703568,-2.12435651419511
518,11.142,-26.0,220.47227,1164095881446120,time,2019-11-19T18:11:26-08:00,37.6563491,-122.4046797,3.062886,1574215886.0,1574215885.144,10.051100555525887,POINT (-122.4046797 37.6563491),android,4.387213851438985,-1.1279438439247533,1.824296521507906
519,11.166,-23.0,219.06775,1164097166381587,time,2019-11-19T18:11:27-08:00,37.6563169,-122.4047085,3.2908983,1574215887.0,1574215886.429,10.051378333303663,POINT (-122.4047085 37.6563169),android,3.259270007514232,0.6963526775831528,-1.5735169306900967
520,11.333,-25.0,213.8694,1164097892364034,time,2019-11-19T18:11:28-08:00,37.6562907,-122.4047251,2.7117414,1574215888.0,1574215887.162,10.05165611108144,POINT (-122.4047251 37.6562907),android,3.9556226850973846,-0.8771642531069439,0.7335415874285873
521,11.5,-25.0,211.30862,1164098904867211,time,2019-11-19T18:11:29-08:00,37.6562585,-122.4047442,2.4121265,1574215889.0,1574215888.168,10.05193388885922,POINT (-122.4047442 37.6562585),android,3.0784584319904407,-0.14362266567835658,-0.25704152712245776
522,11.8,-26.0,208.27698,1164099892333930,time,2019-11-19T18:11:30-08:00,37.6562332,-122.4047584,2.002398,1574215890.0,1574215889.144,10.052211666636996,POINT (-122.4047584 37.6562332),android,2.934835766312084,-0.40066419280081433,1.0787489496638942
523,11.857,-24.0,207.96442,1164100872125544,time,2019-11-19T18:11:31-08:00,37.6562087,-122.4047708,2.2222052,1574215891.0,1574215890.133,10.052489444414775,POINT (-122.4047708 37.6562087),android,2.5341715735112698,0.6780847568630799,-0.10808254498729752
524,12.142,-26.0,218.0434,1164101874837002,time,2019-11-19T18:11:32-08:00,37.6561892,-122.4047857,2.1716025,1574215892.0,1574215891.138,10.052767222192552,POINT (-122.4047857 37.6561892),android,3.2122563303743497,0.5700022118757824,-0.6570668657654966
525,12.285,-26.0,220.6469,1164102892327210,time,2019-11-19T18:11:33-08:00,37.6561671,-122.4048092,2.872198,1574215893.0,1574215892.159,10.05304499997033,POINT (-122.4048092 37.6561671),android,3.782258542250132,-0.08706465388971418,-0.4883868101227047
526,12.571,-26.0,219.17088,1164103897513147,time,2019-11-19T18:11:34-08:00,37.6561409,-122.4048366,3.0658922,1574215894.0,1574215893.156,10.053322777748107,POINT (-122.4048366 37.6561409),android,3.695193888360418,-0.5754514640124189,1.335289572730844
527,13.6,-26.0,219.03021,1164104906596584,time,2019-11-19T18:11:35-08:00,37.656115,-122.4048629,3.082543,1574215895.0,1574215894.189,10.053600555525886,POINT (-122.4048629 37.656115),android,3.119742424347999,0.7598381087184252,-0.5112577139345289
528,14.5,-26.0,215.52577,1164105797509604,time,2019-11-19T18:11:36-08:00,37.6560924,-122.4048839,3.0310764,1574215896.0,1574215895.072,10.053878333303663,POINT (-122.4048839 37.6560924),android,3.879580533066424,0.24858039478389626,0.9939160533578186
529,16.571,-28.100000381469727,208.93903,1164106867601739,time,2019-11-19T18:11:37-08:00,37.6560624,-122.4049064,3.2320518,1574215897.0,1574215896.126,10.054156111081442,POINT (-122.4049064 37.6560624),android,4.12816092785032,1.242496448141715,0.3869691680851819
530,18.0,-28.100000381469727,201.06552,1164107862942520,time,2019-11-19T18:11:38-08:00,37.6560278,-122.4049234,3.9231741,1574215898.0,1574215897.12,10.054433888859219,POINT (-122.4049234 37.6560278),android,5.370657375992035,1.6294656162268968,0.5990201649734335
531,19.714,-28.100000381469727,206.38875,1164108876029655,time,2019-11-19T18:11:39-08:00,37.6559818,-122.404942,4.270854,1574215899.0,1574215898.145,10.054711666636997,POINT (-122.404942 37.6559818),android,7.000122992218932,2.2284857812003303,1.1555338225066887
532,22.0,-28.100000381469727,214.98074,1164109942090072,time,2019-11-19T18:11:40-08:00,37.6559265,-122.40498,5.5268736,1574215900.0,1574215899.195,10.054989444414774,POINT (-122.40498 37.6559265),android,9.228608773419262,3.384019603707019,2.0180143542805755
533,23.833,-28.100000381469727,216.6031,1164110892564811,time,2019-11-19T18:11:41-08:00,37.655857,-122.4050373,6.2276707,1574215901.0,1574215900.188,10.055267222192553,POINT (-122.4050373 37.655857),android,12.612628377126281,5.4020339579875944,-7.870002826077968
534,23.5,-28.100000381469727,216.47215,1164111895949862,time,2019-11-19T18:11:42-08:00,37.6557654,-122.4051218,7.987842,1574215902.0,1574215901.167,10.05554499997033,POINT (-122.4051218 37.6557654),android,18.014662335113876,-2.4679688680903737,2.747362862037807
535,22.333,-28.100000381469727,214.47833,1164112873789758,time,2019-11-19T18:11:43-08:00,37.6556295,-122.4052332,9.096858,1574215903.0,1574215902.182,10.055822777748109,POINT (-122.4052332 37.6556295),android,15.546693467023502,0.27939399394743347,-0.9213102569440732
536,20.833,-28.100000381469727,216.3578,1164113877014497,time,2019-11-19T18:11:44-08:00,37.655519,-122.4053414,9.18435,1574215904.0,1574215903.164,10.056100555525886,POINT (-122.4053414 37.655519),android,15.826087460970935,-0.6419162629966397,1.2486778927270148
537,20.0,-28.100000381469727,219.0387,1164114894667778,time,2019-11-19T18:11:45-08:00,37.6554152,-122.4054644,9.426492,1574215905.0,1574215904.176,10.056378333303664,POINT (-122.4054644 37.6554152),android,15.184171197974296,0.6067616297303751,-5.2919923791730135
538,16.2,-28.100000381469727,220.2576,1164115904463871,time,2019-11-19T18:11:46-08:00,37.6553162,-122.4055832,9.579169,1574215906.0,1574215905.177,10.056656111081441,POINT (-122.4055832 37.6553162),android,15.79093282770467,-4.685230749442638,10.11089243137456
539,15.0,-28.100000381469727,218.75868,1164117175940694,time,2019-11-19T18:11:47-08:00,37.6552054,-122.4056954,9.835084,1574215907.0,1574215906.453,10.05693388885922,POINT (-122.4056954 37.6552054),android,11.105702078262032,5.425661681931922,-7.247731363357827
540,14.6,-28.100000381469727,216.18869,1164117882651370,time,2019-11-19T18:11:48-08:00,37.6551248,-122.4057699,10.230673,1574215908.0,1574215907.146,10.057211666636997,POINT (-122.4057699 37.6551248),android,16.531363760193955,-1.822069681425905,1.1060412703822635
541,14.2,-28.100000381469727,216.52408,1164118907524964,time,2019-11-19T18:11:49-08:00,37.655006,-122.4058828,11.212283,1574215909.0,1574215908.19,10.057489444414774,POINT (-122.4058828 37.655006),android,14.70929407876805,-0.7160284110436415,-0.3975353094818619
542,14.166,-28.100000381469727,217.08763,1164119894050328,time,2019-11-19T18:11:50-08:00,37.6549008,-122.4059841,10.539754,1574215910.0,1574215909.154,10.057767222192552,POINT (-122.4059841 37.6549008),android,13.993265667724408,-1.1135637205255033,1.1924388503622616
543,14.0,-28.100000381469727,220.04271,1164120891701578,time,2019-11-19T18:11:51-08:00,37.6548066,-122.4060895,10.748023,1574215911.0,1574215910.143,10.05804499997033,POINT (-122.4060895 37.6548066),android,12.879701947198905,0.07887512983675826,2.657593612722799
544,14.0,-28.100000381469727,220.86746,1164121887954910,time,2019-11-19T18:11:52-08:00,37.6547194,-122.4061858,10.795787,1574215912.0,1574215911.148,10.058322777748108,POINT (-122.4061858 37.6547194),android,12.958577077035663,2.7364687425595573,-3.7859322895277074
545,14.0,-28.100000381469727,218.37,1164122811828556,time,2019-11-19T18:11:53-08:00,37.6546283,-122.4062776,11.288762,1574215913.0,1574215912.094,10.058600555525885,POINT (-122.4062776 37.6546283),android,15.69504581959522,-1.0494635469681501,3.660447431869068
546,14.0,-28.100000381469727,216.96222,1164123915649337,time,2019-11-19T18:11:54-08:00,37.6545127,-122.4063799,11.950161,1574215914.0,1574215913.189,10.058878333303664,POINT (-122.4063799 37.6545127),android,14.64558227262707,2.610983884900918,-9.798143189994615
547,14.0,-28.100000381469727,215.88591,1164124902732409,time,2019-11-19T18:11:55-08:00,37.6544027,-122.4064714,12.317162,1574215915.0,1574215914.184,10.05915611108144,POINT (-122.4064714 37.6544027),android,17.25656615752799,-7.187159305093697,11.478486017068112
548,14.0,-28.100000381469727,214.5907,1164126192638293,time,2019-11-19T18:11:56-08:00,37.6542714,-122.4065759,12.350092,1574215916.0,1574215915.448,10.05943388885922,POINT (-122.4065759 37.6542714),android,10.069406852434291,4.291326711974415,-4.744928264097908
549,13.8,-28.100000381469727,214.3586,1164126894162408,time,2019-11-19T18:11:57-08:00,37.654192,-122.4066309,12.3552475,1574215917.0,1574215916.188,10.059711666636996,POINT (-122.4066309 37.654192),android,14.360733564408706,-0.4536015521234926,0.3834807775564588
550,13.6,-28.100000381469727,213.94601,1164127893163293,time,2019-11-19T18:11:58-08:00,37.6540804,-122.406713,12.904442,1574215918.0,1574215917.167,10.059989444414775,POINT (-122.406713 37.6540804),android,13.907132012285214,-0.0701207745670338,0.6095007409119493
551,13.5,-28.100000381469727,212.66217,1164128897956313,time,2019-11-19T18:11:59-08:00,37.6539726,-122.4067931,13.037266,1574215919.0,1574215918.184,10.060267222192552,POINT (-122.4067931 37.6539726),android,13.83701123771818,0.5393799663449155,-0.24159778749902183
552,20.0,-28.100000381469727,215.93564,1164136873562143,time,2019-11-19T18:12:07-08:00,37.6531682,-122.4075339,13.699417,1574215927.0,1574215926.159,10.062489444414775,POINT (-122.4075339 37.6531682),android,18.152050968477504,-1.3934023336472592,-2.318391764622101
553,19.0,-28.100000381469727,216.00615,1164137897833496,time,2019-11-19T18:12:08-08:00,37.6530444,-122.4076683,14.325249,1574215928.0,1574215927.185,10.062767222192551,POINT (-122.4076683 37.6530444),android,16.758648634830244,-3.71179409826936,5.952262772885199
554,18.333,-28.100000381469727,215.88298,1164139122401672,time,2019-11-19T18:12:09-08:00,37.6529237,-122.4077823,14.527025,1574215929.0,1574215928.378,10.06304499997033,POINT (-122.4077823 37.6529237),android,13.046854536560884,2.2404686746158387,-1.5808254831630872
555,17.75,-28.100000381469727,215.54579,1164139882946203,time,2019-11-19T18:12:10-08:00,37.6528282,-122.4078684,15.028512,1574215930.0,1574215929.158,10.063322777748107,POINT (-122.4078684 37.6528282),android,15.287323211176723,0.6596431914527514,-0.5906344144141862
556,17.0,-28.100000381469727,213.94734,1164140887037973,time,2019-11-19T18:12:11-08:00,37.6527115,-122.4079602,15.168615,1574215931.0,1574215930.195,10.063600555525886,POINT (-122.4079602 37.6527115),android,15.946966402629474,0.06900877703856523,2.1566177574867424
557,15.8,-28.100000381469727,213.39116,1164141883279327,time,2019-11-19T18:12:12-08:00,37.6525932,-122.4080626,15.48965,1574215932.0,1574215931.179,10.063878333303663,POINT (-122.4080626 37.6525932),android,16.01597517966804,2.2256265345253077,-2.2826363308068984
558,15.5,-28.100000381469727,213.1264,1164142884200785,time,2019-11-19T18:12:13-08:00,37.6524719,-122.4081607,15.636763,1574215933.0,1574215932.151,10.064156111081441,POINT (-122.4081607 37.6524719),android,18.241601714193347,-0.05700979628159075,-2.0922093240823862
559,14.833,-28.100000381469727,213.15303,1164143891749847,time,2019-11-19T18:12:14-08:00,37.6523357,-122.4082762,16.328842,1574215934.0,1574215933.156,10.064433888859218,POINT (-122.4082762 37.6523357),android,18.184591917911757,-2.149219120363977,4.2700812211467465
560,14.0,-28.100000381469727,212.90524,1164144892242399,time,2019-11-19T18:12:15-08:00,37.6521962,-122.408384,16.718477,1574215935.0,1574215934.186,10.064711666636997,POINT (-122.408384 37.6521962),android,16.03537279754778,2.1208621007827695,-6.614618263365969
561,14.0,-28.100000381469727,214.23055,1164145875068544,time,2019-11-19T18:12:16-08:00,37.6520787,-122.4084896,16.33056,1574215936.0,1574215935.144,10.064989444414774,POINT (-122.4084896 37.6520787),android,18.15623489833055,-4.4937561625832,6.719966470578578
562,14.0,-28.100000381469727,213.84796,1164147043819585,time,2019-11-19T18:12:17-08:00,37.651943,-122.4086043,16.27834,1574215937.0,1574215936.304,10.065267222192553,POINT (-122.4086043 37.651943),android,13.66247873574735,2.2262103079953786,-2.564065555947055
563,14.2,-28.100000381469727,213.78326,1164147906799324,time,2019-11-19T18:12:18-08:00,37.6518412,-122.4086912,16.358622,1574215938.0,1574215937.211,10.06554499997033,POINT (-122.4086912 37.6518412),android,15.888689043742728,-0.3378552479516763,0.32777584737381105
564,14.2,-28.100000381469727,214.32724,1164148893525261,time,2019-11-19T18:12:19-08:00,37.6517266,-122.408799,16.45188,1574215939.0,1574215938.184,10.065822777748108,POINT (-122.408799 37.6517266),android,15.550833795791052,-0.010079400577865272,1.3565400802024694
565,14.2,-28.100000381469727,213.74388,1164149893156094,time,2019-11-19T18:12:20-08:00,37.6516117,-122.4088997,16.49333,1574215940.0,1574215939.167,10.066100555525885,POINT (-122.4088997 37.6516117),android,15.540754395213186,1.3464606796246041,-0.4484817119019997
566,14.2,-28.100000381469727,214.26039,1164150886570781,time,2019-11-19T18:12:21-08:00,37.6515003,-122.4090063,16.590612,1574215941.0,1574215940.149,10.066378333303664,POINT (-122.4090063 37.6515003),android,16.88721507483779,0.8979789677226044,-0.38031677800006136
567,14.166,-28.100000381469727,213.36348,1164151892641406,time,2019-11-19T18:12:22-08:00,37.6513731,-122.4091111,17.023,1574215942.0,1574215941.151,10.066656111081441,POINT (-122.4091111 37.6513731),android,17.785194042560395,0.5176621897225431,0.4655614018892891
568,14.166,-28.100000381469727,211.76677,1164152895299114,time,2019-11-19T18:12:23-08:00,37.6512349,-122.4092128,17.509478,1574215943.0,1574215942.169,10.06693388885922,POINT (-122.4092128 37.6512349),android,18.302856232282938,0.9832235916118321,-1.6709499997753312
569,14.0,-28.100000381469727,212.71663,1164153881903488,time,2019-11-19T18:12:24-08:00,37.6510972,-122.4093267,17.930292,1574215944.0,1574215943.158,10.067211666636997,POINT (-122.4093267 37.6510972),android,19.28607982389477,-0.6877264081634991,3.4532075596652554
570,14.0,-28.100000381469727,213.47536,1164154861790363,time,2019-11-19T18:12:25-08:00,37.650954,-122.4094503,18.565876,1574215945.0,1574215944.157,10.067489444414775,POINT (-122.4094503 37.650954),android,18.59835341573127,2.7654811515017563,-3.5066017496563155
571,14.0,-28.100000381469727,214.56824,1164155838282185,time,2019-11-19T18:12:26-08:00,37.6508183,-122.4095738,18.531914,1574215946.0,1574215945.106,10.067767222192552,POINT (-122.4095738 37.6508183),android,21.363834567233027,-0.7411205981545592,0.5997036277874734
572,14.0,-28.100000381469727,214.87656,1164156902221612,time,2019-11-19T18:12:27-08:00,37.6506625,-122.4097158,18.975227,1574215947.0,1574215946.174,10.068044999970331,POINT (-122.4097158 37.6506625),android,20.622713969078468,-0.14141697036708578,0.41452390513695647
573,14.0,-28.100000381469727,213.8474,1164157895416039,time,2019-11-19T18:12:28-08:00,37.650506,-122.4098415,19.533974,1574215948.0,1574215947.2,10.068322777748108,POINT (-122.4098415 37.650506),android,20.481296998711382,0.2731069347698707,2.3694765888185785
574,13.8,-28.100000381469727,212.51132,1164158882578174,time,2019-11-19T18:12:29-08:00,37.6503474,-122.4099598,19.700176,1574215949.0,1574215948.211,10.068600555525885,POINT (-122.4099598 37.6503474),android,20.754403933481253,2.642583523588449,-10.29166468814356
575,13.6,-28.100000381469727,210.86835,1164159872106038,time,2019-11-19T18:12:30-08:00,37.6501824,-122.41007,19.888256,1574215950.0,1574215949.152,10.068878333303664,POINT (-122.41007 37.6501824),android,23.396987457069702,-7.649081164555112,13.481869409024377
576,13.2,-28.100000381469727,210.07509,1164161141720776,time,2019-11-19T18:12:31-08:00,37.649998,-122.410198,19.371538,1574215951.0,1574215950.396,10.06915611108144,POINT (-122.410198 37.649998),android,15.74790629251459,5.832788244469265,-5.980153218931692
577,13.0,-28.100000381469727,210.53525,1164161858438588,time,2019-11-19T18:12:32-08:00,37.6498747,-122.410286,19.882956,1574215952.0,1574215951.153,10.06943388885922,POINT (-122.410286 37.6498747),android,21.580694536983856,-0.1473649744624268,3.5793358165896976
578,12.666,-28.100000381469727,211.17598,1164162860801453,time,2019-11-19T18:12:33-08:00,37.6497087,-122.410413,20.391321,1574215953.0,1574215952.145,10.069711666636996,POINT (-122.410413 37.6497087),android,21.43332956252143,3.4319708421272708,-10.576060074368787
579,12.333,-28.100000381469727,211.57034,1164163858299733,time,2019-11-19T18:12:34-08:00,37.6495443,-122.4105401,20.64509,1574215954.0,1574215953.197,10.069989444414775,POINT (-122.4105401 37.6495443),android,24.8653004046487,-7.144089232241516,12.096765084576177
580,12.2,-25.0,211.13498,1164165098448274,time,2019-11-19T18:12:35-08:00,37.649351,-122.4106821,20.389936,1574215955.0,1574215954.361,10.070267222192552,POINT (-122.4106821 37.649351),android,17.721211172407184,4.952675852334661,-2.9610078569083456
581,12.5,-25.0,211.98128,1164165882258534,time,2019-11-19T18:12:36-08:00,37.649218,-122.410793,20.878345,1574215956.0,1574215955.157,10.07054499997033,POINT (-122.410793 37.649218),android,22.673887024741845,1.9916679954263152,-0.9295636201300645
582,13.0,-25.0,212.85912,1164166792155617,time,2019-11-19T18:12:37-08:00,37.6490509,-122.4109406,22.055357,1574215957.0,1574215956.074,10.070822777748107,POINT (-122.4109406 37.6490509),android,24.66555502016816,1.0621043752962507,-3.983920365133244
583,13.666,-25.0,213.31511,1164167801410877,time,2019-11-19T18:12:38-08:00,37.6488687,-122.4111004,22.67451,1574215958.0,1574215957.064,10.071100555525886,POINT (-122.4111004 37.6488687),android,25.72765939546441,-2.9218159898369933,3.0186875047849284
584,15.4,-26.0,213.23286,1164168888140668,time,2019-11-19T18:12:39-08:00,37.6486754,-122.411261,22.835817,1574215959.0,1574215958.168,10.071378333303663,POINT (-122.411261 37.6486754),android,22.805843405627417,0.09687151494793511,-0.44420800333623944
585,16.666,-26.0,213.06183,1164169881328949,time,2019-11-19T18:12:40-08:00,37.6485034,-122.4114021,22.677143,1574215960.0,1574215959.157,10.071656111081442,POINT (-122.4114021 37.6485034),android,22.902714920575352,-0.34733648838830433,2.609446511321174
586,20.2,-26.0,212.76656,1164170890828428,time,2019-11-19T18:12:41-08:00,37.6483293,-122.4115411,22.530495,1574215961.0,1574215960.171,10.071933888859219,POINT (-122.4115411 37.6483293),android,22.555378432187048,2.2621100229328697,-7.861611096167547
587,23.6,-28.0,212.091,1164171877964834,time,2019-11-19T18:12:42-08:00,37.6481555,-122.4116732,22.53873,1574215962.0,1574215961.16,10.072211666636997,POINT (-122.4116732 37.6481555),android,24.817488455119918,-5.599501073234677,8.515701563658947
588,26.4,-28.0,210.83864,1164172861927489,time,2019-11-19T18:12:43-08:00,37.6479604,-122.4118101,23.268011,1574215963.0,1574215962.142,10.072489444414774,POINT (-122.4118101 37.6479604),android,19.21798738188524,2.91620049042427,-2.1001080823686813
589,26.333,-28.0,209.31128,1164173860360510,time,2019-11-19T18:12:44-08:00,37.6478028,-122.4118997,21.8949,1574215964.0,1574215963.131,10.072767222192553,POINT (-122.4118997 37.6478028),android,22.13418787230951,0.8160924080555887,-0.503135899517094
590,26.333,-28.0,202.05896,1164174869104676,time,2019-11-19T18:12:45-08:00,37.6476039,-122.4119097,21.94754,1574215965.0,1574215964.159,10.07304499997033,POINT (-122.4119097 37.6476039),android,22.9502802803651,0.31295650853849466,5.445323800601031
591,25.666,-28.0,199.42708,1164175871882124,time,2019-11-19T18:12:46-08:00,37.6474017,-122.411962,22.142635,1574215966.0,1574215965.165,10.073322777748109,POINT (-122.411962 37.6474017),android,23.263236788903594,5.758280309139526,-14.80298959704917
592,24.166,-29.0,198.49808,1164176858412800,time,2019-11-19T18:12:47-08:00,37.6471991,-122.4120279,22.424019,1574215967.0,1574215966.155,10.073600555525886,POINT (-122.4120279 37.6471991),android,29.02151709804312,-9.044709287909644,13.928375276376915
593,20.6,-28.0,198.87106,1164178147332226,time,2019-11-19T18:12:48-08:00,37.6469524,-122.4121355,22.760653,1574215968.0,1574215967.422,10.073878333303664,POINT (-122.4121355 37.6469524),android,19.976807810133476,4.883665988467271,-4.05300642299105
594,19.6,-26.0,203.32889,1164178862806028,time,2019-11-19T18:12:49-08:00,37.6468056,-122.4122663,23.599861,1574215969.0,1574215968.15,10.074156111081441,POINT (-122.4122663 37.6468056),android,24.860473798600747,0.8306595654762212,1.4978893525551626
595,20.6,-24.0,205.28487,1164179882904309,time,2019-11-19T18:12:50-08:00,37.6466105,-122.4124042,23.621342,1574215970.0,1574215969.174,10.074433888859218,POINT (-122.4124042 37.6466105),android,25.69113336407697,2.328548918031384,-4.38050782439058
596,21.6,-24.0,207.12663,1164180884851184,time,2019-11-19T18:12:51-08:00,37.6464143,-122.4125583,24.164045,1574215971.0,1574215970.177,10.074711666636997,POINT (-122.4125583 37.6464143),android,28.019682282108352,-2.0519589063591965,2.010492377599739
597,22.0,-23.0,205.06245,1164181871109517,time,2019-11-19T18:12:52-08:00,37.6461814,-122.4126798,25.496788,1574215972.0,1574215971.133,10.074989444414774,POINT (-122.4126798 37.6461814),android,25.967723375749156,-0.04146652875945733,-2.622330136061599
598,21.833,-24.0,201.15485,1164182866293475,time,2019-11-19T18:12:53-08:00,37.645953,-122.4127413,25.1718,1574215973.0,1574215972.157,10.075267222192553,POINT (-122.4127413 37.645953),android,25.9262568469897,-2.6637966648210565,1.969591388349066
599,21.4,-22.0,196.48586,1164183883337120,time,2019-11-19T18:12:54-08:00,37.6457208,-122.412768,24.671206,1574215974.0,1574215973.153,10.07554499997033,POINT (-122.412768 37.6457208),android,23.262460182168642,-0.6942052764719904,6.068568147143193
600,19.6,-24.0,191.84808,1164184892321755,time,2019-11-19T18:12:55-08:00,37.6455116,-122.4127663,23.622093,1574215975.0,1574215974.19,10.075822777748108,POINT (-122.4127663 37.6455116),android,22.56825490569665,5.374362870671202,-14.22922051072295
601,18.833,-28.0,189.1706,1164185876757953,time,2019-11-19T18:12:56-08:00,37.6453089,-122.4127793,23.370832,1574215976.0,1574215975.15,10.076100555525885,POINT (-122.4127793 37.6453089),android,27.942617776367854,-8.854857640051748,13.227992310658593
602,16.8,-29.0,187.70204,1164187131823681,time,2019-11-19T18:12:57-08:00,37.6450586,-122.4128075,23.531384,1574215977.0,1574215976.392,10.076378333303664,POINT (-122.4128075 37.6450586),android,19.087760136316106,4.373134670606845,-6.562374412980645
603,15.6,-29.0,187.80678,1164187897715764,time,2019-11-19T18:12:58-08:00,37.6448879,-122.4128304,23.65179,1574215978.0,1574215977.189,10.07665611108144,POINT (-122.4128304 37.6448879),android,23.46089480692295,-2.1892397423738004,5.353115450357979
604,15.333,-30.0,187.79123,1164188881094358,time,2019-11-19T18:12:59-08:00,37.6446784,-122.412862,23.636147,1574215979.0,1574215978.167,10.07693388885922,POINT (-122.412862 37.6446784),android,21.27165506454915,3.163875707984179,-3.6466311692031965
605,14.666,-32.0,185.59933,1164189863380711,time,2019-11-19T18:13:00-08:00,37.6444871,-122.4128626,23.694632,1574215980.0,1574215979.135,10.077211666636996,POINT (-122.4128626 37.6444871),android,24.43553077253333,-0.4827554612190177,-0.044241926437813106
606,14.333,-31.0,187.4762,1164190859824409,time,2019-11-19T18:13:01-08:00,37.644271,-122.412913,24.17206,1574215981.0,1574215980.125,10.077489444414775,POINT (-122.412913 37.644271),android,23.952775311314312,-0.5269973876568308,4.707553646891441
607,14.0,-31.0,187.6319,1164191861086283,time,2019-11-19T18:13:02-08:00,37.6440576,-122.4129501,24.178886,1574215982.0,1574215981.146,10.077767222192552,POINT (-122.4129501 37.6440576),android,23.42577792365748,4.18055625923461,-7.557961281166101
608,13.5,-34.0,187.57133,1164192797262950,time,2019-11-19T18:13:03-08:00,37.6438488,-122.4129855,24.455254,1574215983.0,1574215982.069,10.07804499997033,POINT (-122.4129855 37.6438488),android,27.60633418289209,-3.377405021931491,8.834199224762113
609,12.8,-35.0,187.52971,1164193891007481,time,2019-11-19T18:13:04-08:00,37.6436028,-122.4130278,24.581604,1574215984.0,1574215983.153,10.078322777748108,POINT (-122.4130278 37.6436028),android,24.2289291609606,5.456794202830622,-17.232598967780984
610,12.4,-34.0,186.41083,1164194884565605,time,2019-11-19T18:13:05-08:00,37.6433857,-122.4130513,24.740726,1574215985.0,1574215984.167,10.078600555525886,POINT (-122.4130513 37.6433857),android,29.685723363791222,-11.775804764950362,19.04500693808524
611,12.2,-34.0,184.70396,1164196170468625,time,2019-11-19T18:13:06-08:00,37.6431192,-122.4130713,24.92267,1574215986.0,1574215985.421,10.078878333303663,POINT (-122.4130713 37.6431192),android,17.90991859884086,7.269202173134879,-7.099696531981174
612,12.0,-32.0,183.79027,1164196880083417,time,2019-11-19T18:13:07-08:00,37.6429582,-122.4130772,24.830713,1574215987.0,1574215986.163,10.079156111081442,POINT (-122.4130772 37.6429582),android,25.17912077197574,0.16950564115370526,0.34082902264792736
613,11.8,-33.0,183.05402,1164197884550343,time,2019-11-19T18:13:08-08:00,37.6427319,-122.4130873,24.920273,1574215988.0,1574215987.139,10.079433888859219,POINT (-122.4130873 37.6427319),android,25.348626413129445,0.5103346638016326,-0.43378313574825356
614,11.833,-35.0,183.09157,1164198862419666,time,2019-11-19T18:13:09-08:00,37.6425043,-122.4131036,25.56206,1574215989.0,1574215988.135,10.079711666636996,POINT (-122.4131036 37.6425043),android,25.858961076931077,0.07655152805337906,-0.2188046450718808
615,11.833,-35.0,182.36212,1164199863880864,time,2019-11-19T18:13:10-08:00,37.6422718,-122.41311,25.092314,1574215990.0,1574215989.148,10.079989444414775,POINT (-122.41311 37.6422718),android,25.935512604984456,-0.14225311701850174,0.14400842730075425
616,11.833,-33.0,182.85669,1164200881393207,time,2019-11-19T18:13:11-08:00,37.6420391,-122.4131301,25.617336,1574215991.0,1574215990.135,10.080267222192552,POINT (-122.4131301 37.6420391),android,25.793259487965955,0.001755310282252509,-0.42010809526406234
617,11.6,-33.0,182.10715,1164201891813311,time,2019-11-19T18:13:12-08:00,37.6418072,-122.413137,25.787355,1574215992.0,1574215991.176,10.08054499997033,POINT (-122.413137 37.6418072),android,25.795014798248207,-0.41835278498180983,6.757788885836533
618,11.6,-34.0,181.8019,1164202894084925,time,2019-11-19T18:13:13-08:00,37.6415753,-122.4131447,25.337425,1574215993.0,1574215992.186,10.080822777748107,POINT (-122.4131447 37.6415753),android,25.376662013266397,6.339436100854723,-18.54657052938552
619,11.6,-34.0,180.60915,1164203883426487,time,2019-11-19T18:13:14-08:00,37.6413471,-122.4131411,25.84351,1574215994.0,1574215993.157,10.081100555525886,POINT (-122.4131411 37.6413471),android,31.71609811412112,-12.207134428530797,19.68539344367449
620,11.6,-33.0,179.9372,1164205159768100,time,2019-11-19T18:13:15-08:00,37.6410619,-122.4131359,26.000246,1574215995.0,1574215994.44,10.081378333303663,POINT (-122.4131359 37.6410619),android,19.508963685590324,7.478259015143692,-8.25825047328848
621,11.666,-33.0,180.41005,1164205865994611,time,2019-11-19T18:13:16-08:00,37.6408865,-122.4131411,26.283209,1574215996.0,1574215995.131,10.081656111081442,POINT (-122.4131411 37.6408865),android,26.987222700734016,-0.7799914581447887,0.34789460836842423
622,12.0,-33.0,181.20393,1164206867052475,time,2019-11-19T18:13:17-08:00,37.640644,-122.4131536,26.165403,1574215997.0,1574215996.171,10.081933888859218,POINT (-122.4131536 37.640644),android,26.207231242589227,-0.4320968497763644,0.5658127720113839
623,12.333,-34.0,181.25029,1164207870938672,time,2019-11-19T18:13:18-08:00,37.6404084,-122.4131617,25.252111,1574215998.0,1574215997.133,10.082211666636997,POINT (-122.4131617 37.6404084),android,25.775134392812863,0.1337159222350195,-0.4521959688365236
624,12.8,-33.0,180.65538,1164208887054453,time,2019-11-19T18:13:19-08:00,37.6401766,-122.4131627,25.44132,1574215999.0,1574215998.144,10.082489444414774,POINT (-122.4131627 37.6401766),android,25.908850315047882,-0.3184800466015041,1.2260714647709285
625,13.5,-34.0,180.15248,1164209900402526,time,2019-11-19T18:13:20-08:00,37.6399436,-122.413161,25.666777,1574216000.0,1574215999.222,10.082767222192553,POINT (-122.413161 37.6399436),android,25.590370268446378,0.9075914181694245,-1.295259561854209
626,15.2,-34.0,180.32658,1164210886590182,time,2019-11-19T18:13:21-08:00,37.6397135,-122.4131664,26.007542,1574216001.0,1574216000.167,10.08304499997033,POINT (-122.4131664 37.6397135),android,26.497961686615803,-0.38766814368478464,5.559619841949026
627,17.2,-35.0,180.16312,1164211897967160,time,2019-11-19T18:13:22-08:00,37.6394752,-122.4131676,26.09924,1574216002.0,1574216001.154,10.083322777748108,POINT (-122.4131676 37.6394752),android,26.110293542931018,5.171951698264241,-16.86890237852099
628,18.8,-35.0,179.37834,1164212901301222,time,2019-11-19T18:13:23-08:00,37.6392405,-122.4131583,25.514776,1574216003.0,1574216002.168,10.083600555525885,POINT (-122.4131583 37.6392405),android,31.28224524119526,-11.696950680256748,17.854379475854607
629,20.0,-35.0,178.8097,1164214154061222,time,2019-11-19T18:13:24-08:00,37.6389594,-122.413144,25.914486,1574216004.0,1574216003.417,10.083878333303664,POINT (-122.413144 37.6389594),android,19.58529456093851,6.157428795597859,-5.901524252011821
630,19.833,-34.0,178.60641,1164214897568357,time,2019-11-19T18:13:25-08:00,37.6387834,-122.4131353,25.592861,1574216005.0,1574216004.217,10.084156111081441,POINT (-122.4131353 37.6387834),android,25.74272335653637,0.25590454358603765,-0.9230410675043359
631,20.333,-35.0,179.18753,1164215883132003,time,2019-11-19T18:13:26-08:00,37.6385519,-122.413138,25.544056,1574216006.0,1574216005.168,10.08443388885922,POINT (-122.413138 37.6385519),android,25.998627900122408,-0.6671365239182983,1.2229157990911403
632,20.166,-35.0,179.11057,1164216894354033,time,2019-11-19T18:13:27-08:00,37.6383181,-122.4131351,25.129953,1574216007.0,1574216006.181,10.084711666636997,POINT (-122.4131351 37.6383181),android,25.33149137620411,0.5557792751728421,0.46614537226918173
633,19.166,-36.0,179.41606,1164217876158304,time,2019-11-19T18:13:28-08:00,37.6380903,-122.413138,25.519068,1574216008.0,1574216007.125,10.084989444414775,POINT (-122.413138 37.6380903),android,25.88727065137695,1.0219246474420238,-0.9376634301495059
634,18.333,-36.0,179.70079,1164218873443356,time,2019-11-19T18:13:29-08:00,37.6378575,-122.4131407,25.288057,1574216009.0,1574216008.147,10.085267222192552,POINT (-122.4131407 37.6378575),android,26.909195298818975,0.0842612172925179,-0.6107979851188077
635,17.666,-36.0,179.74585,1164219888459189,time,2019-11-19T18:13:30-08:00,37.6376155,-122.4131411,25.492434,1574216010.0,1574216009.147,10.08554499997033,POINT (-122.4131411 37.6376155),android,26.993456516111493,-0.5265367678262898,10.630004592415041
636,16.6,-37.0,180.26117,1164220895966063,time,2019-11-19T18:13:31-08:00,37.6373728,-122.4131478,25.586607,1574216011.0,1574216010.199,10.085822777748108,POINT (-122.4131478 37.6373728),android,26.466919748285203,10.103467824588751,-25.996189586574328
637,16.333,-38.0,179.27155,1164221809859448,time,2019-11-19T18:13:32-08:00,37.637135,-122.4131348,26.478512,1574216012.0,1574216011.08,10.086100555525885,POINT (-122.4131348 37.637135),android,36.570387572873955,-15.892721761985577,23.6198312603004
638,15.8,-41.0,178.36932,1164223171154187,time,2019-11-19T18:13:33-08:00,37.6368065,-122.4131147,26.470423,1574216013.0,1574216012.426,10.086378333303664,POINT (-122.4131147 37.6368065),android,20.677665810888378,7.7271094983148245,-7.65309975656049
639,16.0,-42.0,178.22668,1164223876157780,time,2019-11-19T18:13:34-08:00,37.6366207,-122.413105,26.620163,1574216014.0,1574216013.178,10.08665611108144,POINT (-122.413105 37.6366207),android,28.404775309203202,0.07400974175433461,2.2799576455841155
640,16.333,-40.0,179.24664,1164224876096009,time,2019-11-19T18:13:35-08:00,37.6363653,-122.4131114,26.77002,1574216015.0,1574216014.167,10.08693388885922,POINT (-122.4131114 37.6363653),android,28.478785050957537,2.35396738733845,-9.635632715858584
641,17.2,-42.0,179.24771,1164225898955384,time,2019-11-19T18:13:36-08:00,37.6361092,-122.4131078,26.707438,1574216016.0,1574216015.198,10.087211666636996,POINT (-122.4131078 37.6361092),android,30.832752438295987,-7.281665328520134,10.94493627767946
642,17.6,-41.0,178.99048,1164227046206581,time,2019-11-19T18:13:37-08:00,37.635832,-122.4130991,26.480793,1574216017.0,1574216016.322,10.087489444414775,POINT (-122.4130991 37.635832),android,23.551087109775853,3.663270949159326,-3.1770566465808834
643,17.5,-40.0,179.33151,1164227890830279,time,2019-11-19T18:13:38-08:00,37.6356202,-122.413099,26.235817,1574216018.0,1574216017.171,10.087767222192552,POINT (-122.413099 37.6356202),android,27.21435805893518,0.48621430257844267,0.09863889388075009
644,18.0,-40.0,179.8499,1164228876294393,time,2019-11-19T18:13:39-08:00,37.6353755,-122.4131049,26.524792,1574216019.0,1574216018.167,10.08804499997033,POINT (-122.4131049 37.6353755),android,27.700572361513622,0.5848531964591928,4.924502788009654
645,18.166,-40.0,180.02463,1164229875635539,time,2019-11-19T18:13:40-08:00,37.6351264,-122.4131086,26.50186,1574216020.0,1574216019.155,10.088322777748107,POINT (-122.4131086 37.6351264),android,28.285425557972815,5.509355984468847,-18.843268609969726
646,18.333,-40.0,180.36221,1164230889063559,time,2019-11-19T18:13:41-08:00,37.6348721,-122.4131165,26.860142,1574216021.0,1574216020.191,10.088600555525886,POINT (-122.4131165 37.6348721),android,33.79478154244166,-13.33391262550088,20.139235605052185
647,18.4,-41.0,180.36235,1164232158681266,time,2019-11-19T18:13:42-08:00,37.6345682,-122.4131213,26.864908,1574216022.0,1574216021.464,10.088878333303663,POINT (-122.4131213 37.6345682),android,20.460868916940782,6.805322979551306,-7.215744147555526
648,18.666,-41.0,180.26944,1164232890390693,time,2019-11-19T18:13:43-08:00,37.6343842,-122.4131236,26.849533,1574216023.0,1574216022.2,10.089156111081442,POINT (-122.4131236 37.6343842),android,27.26619189649209,-0.4104211680042198,0.4321842237332003
649,19.8,-41.0,180.32155,1164233886610015,time,2019-11-19T18:13:44-08:00,37.634139,-122.4131265,26.648504,1574216024.0,1574216023.144,10.089433888859219,POINT (-122.4131265 37.634139),android,26.85577072848787,0.021763055728980518,-0.0007210198150167102
650,21.4,-41.0,180.50078,1164235868171161,time,2019-11-19T18:13:46-08:00,37.633656,-122.4131343,26.97773,1574216026.0,1574216025.127,10.089989444414774,POINT (-122.4131343 37.633656),android,26.89929683994583,0.020321016098947098,-0.6319571519021423
651,23.4,-41.0,178.07489,1164236876009806,time,2019-11-19T18:13:47-08:00,37.6334166,-122.4130904,26.238152,1574216027.0,1574216026.174,10.090267222192553,POINT (-122.4130904 37.6334166),android,26.919617856044777,-0.6116361358031952,-0.692527636797422
652,24.8,-32.0,174.65575,1164237889760691,time,2019-11-19T18:13:48-08:00,37.6331829,-122.4130106,26.499472,1574216028.0,1574216027.194,10.09054499997033,POINT (-122.4130106 37.6331829),android,26.30798172024158,-1.3041637726006172,7.808146024520681
653,26.25,-35.0,172.59616,1164238886915326,time,2019-11-19T18:13:49-08:00,37.6329533,-122.4129385,26.614086,1574216029.0,1574216028.142,10.090822777748109,POINT (-122.4129385 37.6329533),android,25.003817947640965,6.503982251920064,-20.817067502085138
654,24.8,-30.0,171.14648,1164239875601003,time,2019-11-19T18:13:50-08:00,37.6327345,-122.412873,26.545742,1574216030.0,1574216029.18,10.091100555525886,POINT (-122.412873 37.6327345),android,31.50780019956103,-14.313085250165074,22.699565363462302
655,23.4,-31.0,169.71541,1164241176325325,time,2019-11-19T18:13:51-08:00,37.6324585,-122.412792,26.389956,1574216031.0,1574216030.447,10.091378333303663,POINT (-122.412792 37.6324585),android,17.194714949395955,8.386480113297228,-7.971170036518732
656,21.6,-31.0,167.877,1164241884312044,time,2019-11-19T18:13:52-08:00,37.6323126,-122.4127273,26.033106,1574216032.0,1574216031.175,10.091656111081441,POINT (-122.4127273 37.6323126),android,25.581195062693183,0.4153100767784963,0.019813197341772337
657,21.333,-32.0,167.07161,1164242887811314,time,2019-11-19T18:13:53-08:00,37.6320895,-122.4126564,26.045189,1574216033.0,1574216032.171,10.091933888859218,POINT (-122.4126564 37.6320895),android,25.99650513947168,0.43512327412026863,-0.05194133525147748
658,19.6,-32.0,165.7275,1164243895123918,time,2019-11-19T18:13:54-08:00,37.6318658,-122.4125706,26.229347,1574216034.0,1574216033.196,10.092211666636997,POINT (-122.4125706 37.6318658),android,26.431628413591948,0.38318193886879115,-1.347386700357017
659,19.4,-32.0,163.85587,1164244884386678,time,2019-11-19T18:13:55-08:00,37.6316419,-122.4124698,26.501942,1574216035.0,1574216034.154,10.092489444414774,POINT (-122.4124698 37.6316419),android,26.81481035246074,-0.9642047614882259,0.6019339524047531
660,19.166,-33.0,161.6544,1164245886350740,time,2019-11-19T18:13:56-08:00,37.631418,-122.4123567,26.555305,1574216036.0,1574216035.176,10.092767222192553,POINT (-122.4123567 37.631418),android,25.850605590972513,-0.36227080908347276,4.34711966853466
661,18.8,-33.0,159.32205,1164246884472563,time,2019-11-19T18:13:57-08:00,37.6312089,-122.4122284,26.457836,1574216037.0,1574216036.172,10.09304499997033,POINT (-122.4122284 37.6312089),android,25.48833478188904,3.984848859451187,-14.18451284478887
662,18.833,-34.0,157.97792,1164247887499073,time,2019-11-19T18:13:58-08:00,37.631003,-122.4121012,26.340664,1574216038.0,1574216037.153,10.093322777748108,POINT (-122.4121012 37.631003),android,29.473183641340228,-10.199663985337683,16.170428276358514
663,18.8,-34.0,157.82219,1164249102629957,time,2019-11-19T18:13:59-08:00,37.6307597,-122.4119684,25.924976,1574216039.0,1574216038.378,10.093600555525885,POINT (-122.4119684 37.6307597),android,19.273519656002545,5.970764291020831,-5.782150857804535
664,19.166,-34.0,157.23862,1164249873593394,time,2019-11-19T18:14:00-08:00,37.6306025,-122.4118762,25.781723,1574216040.0,1574216039.177,10.093878333303664,POINT (-122.4118762 37.6306025),android,25.244283947023376,0.18861343321629676,0.1918296209110011
665,20.166,-33.0,157.06871,1164250876119019,time,2019-11-19T18:14:01-08:00,37.6303943,-122.4117619,25.664865,1574216041.0,1574216040.158,10.09415611108144,POINT (-122.4117619 37.6303943),android,25.432897380239673,0.38044305412729784,4.7356606018579015
666,21.5,-33.0,155.97687,1164251884398967,time,2019-11-19T18:14:02-08:00,37.6301905,-122.4116308,25.647968,1574216042.0,1574216041.164,10.09443388885922,POINT (-122.4116308 37.6301905),android,25.81334043436697,5.116103655985199,-17.28705742108285
667,24.2,-33.0,154.7842,1164252896501206,time,2019-11-19T18:14:03-08:00,37.6299844,-122.4114959,25.691795,1574216043.0,1574216042.161,10.094711666636996,POINT (-122.4114959 37.6299844),android,30.92944409035217,-12.17095376509765,20.46143279308282
668,27.2,-33.0,154.2312,1164254159415111,time,2019-11-19T18:14:04-08:00,37.6297361,-122.4113376,25.472713,1574216044.0,1574216043.423,10.094989444414775,POINT (-122.4113376 37.6297361),android,18.75849032525452,8.290479027985171,-7.896068405317095
669,31.2,-33.0,153.72662,1164254889019225,time,2019-11-19T18:14:05-08:00,37.6295874,-122.411237,25.596043,1574216045.0,1574216044.208,10.095267222192552,POINT (-122.411237 37.6295874),android,27.04896935323969,0.3944106226680759,5.089313255573039
670,35.0,-33.0,153.72704,1164255891594589,time,2019-11-19T18:14:06-08:00,37.6293708,-122.4110972,26.134005,1574216046.0,1574216045.156,10.09554499997033,POINT (-122.4110972 37.6293708),android,27.443379975907767,5.483723878241115,-3.685735533045282
671,38.6,-33.0,153.30893,1164256889971724,time,2019-11-19T18:14:07-08:00,37.6291528,-122.4109511,26.495003,1574216047.0,1574216046.167,10.095822777748108,POINT (-122.4109511 37.6291528),android,32.92710385414888,1.797988345195833,-1.8996283996359864
672,39.6,-32.0,153.72656,1164258031615474,time,2019-11-19T18:14:08-08:00,37.6288849,-122.4107918,27.08845,1574216048.0,1574216047.298,10.096100555525886,POINT (-122.4107918 37.6288849),android,34.725092199344715,-0.10164005444015345,-2.409019303483241
673,37.833,-36.0,153.94406,1164258797726776,time,2019-11-19T18:14:09-08:00,37.6285949,-122.4106455,28.901848,1574216049.0,1574216048.128,10.096378333303663,POINT (-122.4106455 37.6285949),android,34.62345214490456,-2.5106593579233945,-3.731255535885314
674,36.333,-30.0,154.07884,1164259804438181,time,2019-11-19T18:14:10-08:00,37.6283056,-122.4105001,28.894394,1574216050.0,1574216049.069,10.096656111081442,POINT (-122.4105001 37.6283056),android,32.11279278698117,-6.241914893808708,12.571222459342401
675,33.5,-28.0,154.46971,1164260890539066,time,2019-11-19T18:14:11-08:00,37.6280378,-122.4103636,28.337187,1574216051.0,1574216050.151,10.096933888859219,POINT (-122.4103636 37.6280378),android,25.87087789317246,6.329307565533693,-17.822245802897456
676,30.833,-29.0,154.05844,1164261887915472,time,2019-11-19T18:14:12-08:00,37.6278274,-122.4102382,27.199938,1574216052.0,1574216051.193,10.097211666636996,POINT (-122.4102382 37.6278274),android,32.20018545870615,-11.492938237363763,18.906137806727692
677,27.4,-30.0,154.72014,1164263178256982,time,2019-11-19T18:14:13-08:00,37.6275626,-122.4100902,26.55206,1574216053.0,1574216052.432,10.097489444414775,POINT (-122.4100902 37.6275626),android,20.70724722134239,7.413199569363929,-6.13475513239996
678,28.0,-28.0,156.2206,1164263895255315,time,2019-11-19T18:14:14-08:00,37.6273855,-122.4100175,27.182226,1574216054.0,1574216053.171,10.097767222192552,POINT (-122.4100175 37.6273855),android,28.120446790706318,1.2784444369639694,0.49798665119750396
679,29.8,-27.0,156.64241,1164264886035783,time,2019-11-19T18:14:15-08:00,37.6271497,-122.4099021,27.521206,1574216055.0,1574216054.152,10.09804499997033,POINT (-122.4099021 37.6271497),android,29.398891227670287,1.7764310881614733,-4.65617312525201
680,30.833,-29.0,156.00987,1164265889545001,time,2019-11-19T18:14:16-08:00,37.6269086,-122.4097651,27.856462,1574216056.0,1574216055.155,10.098322777748107,POINT (-122.4097651 37.6269086),android,31.17532231583176,-2.879742037090537,4.871503850925755
681,32.2,-30.0,157.20143,1164266905437814,time,2019-11-19T18:14:17-08:00,37.6266409,-122.4096599,28.188671,1574216057.0,1574216056.167,10.098600555525886,POINT (-122.4096599 37.6266409),android,28.295580278741223,1.9917618138352182,-3.477259517084402
682,31.166,-32.0,157.21164,1164267899971928,time,2019-11-19T18:14:18-08:00,37.6264021,-122.4095489,27.797277,1574216058.0,1574216057.192,10.098878333303663,POINT (-122.4095489 37.6264021),android,30.28734209257644,-1.4854977032491838,4.609987576478709
683,29.4,-36.0,156.18033,1164268896486979,time,2019-11-19T18:14:19-08:00,37.6261537,-122.4094078,28.023687,1574216059.0,1574216058.195,10.099156111081442,POINT (-122.4094078 37.6261537),android,28.801844389327258,3.1244898732295248,-12.947276136881648
684,28.0,-37.0,155.2135,1164269877534115,time,2019-11-19T18:14:20-08:00,37.6259228,-122.4092596,28.27314,1574216060.0,1574216059.168,10.099433888859219,POINT (-122.4092596 37.6259228),android,31.926334262556782,-9.822786263652123,17.857960036440197
685,23.2,-37.0,155.11734,1164271114290624,time,2019-11-19T18:14:21-08:00,37.6256628,-122.4091058,27.583698,1574216061.0,1574216060.344,10.099711666636997,POINT (-122.4091058 37.6256628),android,22.10354799890466,8.035173772788074,-7.218331040713327
686,22.166,-38.0,154.90225,1164271892862550,time,2019-11-19T18:14:22-08:00,37.6254831,-122.4089985,27.82374,1574216062.0,1574216061.169,10.099989444414774,POINT (-122.4089985 37.6254831),android,30.138721771692733,0.8168427320747469,-2.733027933327044
687,20.333,-40.0,154.75174,1164272894716144,time,2019-11-19T18:14:23-08:00,37.6252386,-122.4088508,28.792448,1574216063.0,1574216062.161,10.100267222192553,POINT (-122.4088508 37.6252386),android,30.95556450376748,-1.916185201252297,5.611287068117459
688,18.333,-41.0,156.06671,1164273892144321,time,2019-11-19T18:14:24-08:00,37.6249774,-122.4087292,29.194258,1574216064.0,1574216063.162,10.10054499997033,POINT (-122.4087292 37.6249774),android,29.039379302515183,3.695101866865162,-15.226317031638906
689,16.0,-40.0,155.51086,1164274892781039,time,2019-11-19T18:14:25-08:00,37.6247411,-122.4085888,29.061287,1574216065.0,1574216064.177,10.100822777748109,POINT (-122.4085888 37.6247411),android,32.734481169380345,-11.531215164773744,20.081142029194414
690,15.0,-45.0,155.6898,1164276199304892,time,2019-11-19T18:14:26-08:00,37.6244743,-122.4084317,27.823135,1574216066.0,1574216065.443,10.101100555525885,POINT (-122.4084317 37.6244743),android,21.2032660046066,8.54992686442067,-8.010800312327738
691,14.4,-46.0,154.89505,1164276892971246,time,2019-11-19T18:14:27-08:00,37.6243046,-122.4083219,28.631012,1574216067.0,1574216066.18,10.101378333303664,POINT (-122.4083219 37.6243046),android,29.75319286902727,0.5391265520929309,-4.394594467641845
692,13.8,-43.0,153.01833,1164277895984996,time,2019-11-19T18:14:28-08:00,37.6240751,-122.4081482,29.151283,1574216068.0,1574216067.187,10.101656111081441,POINT (-122.4081482 37.6240751),android,30.2923194211202,-3.855467915548914,6.38373540196563
693,13.666,-40.0,152.36116,1164278891836141,time,2019-11-19T18:14:29-08:00,37.623839,-122.4079766,29.88292,1574216069.0,1574216068.165,10.10193388885922,POINT (-122.4079766 37.623839),android,26.436851505571287,2.5282674864167163,-0.9567278800742605
694,199.188,-40.0,154.14882,1164293214000000,time,2019-11-19T18:14:42.395000-08:00,37.6209702,-122.4062307,24.94416,1574216082.395,1574216083.272,10.105654722187253,POINT (-122.4062307 37.6209702),android,60.30299443790033,-10.287102448929867,1.754879302117514
695,275.394,-40.0,0.0,1164299076000000,time,2019-11-19T18:14:48.257000-08:00,37.6238399,-122.4079578,0.0,1574216088.257,1574216089.072,10.107283055517408,POINT (-122.4079578 37.6238399),android,0.0,0.0,0.0
696,351.197,-40.0,90.0,1164304907000000,time,2019-11-19T18:14:54.088000-08:00,37.6238399,-122.4079578,0.0,1574216094.088,1574216094.954,10.108902777764532,POINT (-122.4079578 37.6238399),android,0.0,0.0,0.0
697,420.565,-40.0,90.0,1164310243000000,time,2019-11-19T18:14:59.424000-08:00,37.6238399,-122.4079578,0.0,1574216099.424,1574216099.955,10.110384999977217,POINT (-122.4079578 37.6238399),android,0.0,0.0,0.0
698,492.754,-40.0,90.0,1164315796000000,time,2019-11-19T18:15:04.977000-08:00,37.6238399,-122.4079578,0.0,1574216104.977,1574216105.828,10.1119274999698,POINT (-122.4079578 37.6238399),android,0.0,0.0,0.0
699,560.536,-40.0,90.0,1164321010000000,time,2019-11-19T18:15:10.191000-08:00,37.6238399,-122.4079578,0.0,1574216110.191,1574216111.016,10.113375833299425,POINT (-122.4079578 37.6238399),android,0.0,0.0,0.0
700,626.355,-40.0,90.0,1164326073000000,time,2019-11-19T18:15:15.254000-08:00,37.6238399,-122.4079578,0.0,1574216115.254,1574216116.138,10.114782222178247,POINT (-122.4079578 37.6238399),android,0.0,0.0,0.0
701,693.045,-40.0,90.0,1164331203000000,time,2019-11-19T18:15:20.384000-08:00,37.6238399,-122.4079578,0.0,1574216120.384,1574216122.133,10.116207222210036,POINT (-122.4079578 37.6238399),android,0.0,0.0,0.0
702,780.86,-40.0,90.0,1164337958000000,time,2019-11-19T18:15:27.139000-08:00,37.6238399,-122.4079578,0.0,1574216127.139,1574216127.976,10.118083611064487,POINT (-122.4079578 37.6238399),android,0.0,0.0,0.0
703,857.105,-40.0,90.0,1164343823000000,time,2019-11-19T18:15:33.004000-08:00,37.6238399,-122.4079578,0.0,1574216133.004,1574216133.875,10.119712777733803,POINT (-122.4079578 37.6238399),android,0.0,0.0,0.0
704,923.015,-40.0,90.0,1164348893000000,time,2019-11-19T18:15:38.074000-08:00,37.6238399,-122.4079578,0.0,1574216138.074,1574216138.881,10.121121111048593,POINT (-122.4079578 37.6238399),android,0.0,0.0,0.0
705,989.653,-40.0,90.0,1164354019000000,time,2019-11-19T18:15:43.200000-08:00,37.6238399,-122.4079578,0.0,1574216143.2,1574216144.387,10.122544999983576,POINT (-122.4079578 37.6238399),android,0.0,0.0,0.0
706,1070.305,-40.0,90.0,1164360223000000,time,2019-11-19T18:15:49.404000-08:00,37.6238399,-122.4079578,0.0,1574216149.404,1574216150.237,10.124268333315849,POINT (-122.4079578 37.6238399),android,0.0,0.0,0.0
707,1139.257,-40.0,90.0,1164365527000000,time,2019-11-19T18:15:54.708000-08:00,37.6238399,-122.4079578,0.0,1574216154.708,1574216156.047,10.125741666621632,POINT (-122.4079578 37.6238399),android,0.0,0.0,0.0
708,1222.21,-40.0,90.0,1164371908000000,time,2019-11-19T18:16:01.089000-08:00,37.6238399,-122.4079578,0.0,1574216161.089,1574216161.916,10.127514166633288,POINT (-122.4079578 37.6238399),android,0.0,0.0,14.752023665354939
709,1298.117,-40.0,90.0,1164377747000000,time,2019-11-19T18:16:06.928000-08:00,37.6238399,-122.4079578,0.0,1574216166.928,1574216167.768,10.129136111074024,POINT (-122.4079578 37.6238399),android,0.0,86.13706598504672,-28.316541498508947
710,1374.296,-40.0,90.0,1164383607000000,time,2019-11-19T18:16:12.788000-08:00,37.6238399,-122.4079578,0.0,1574216172.788,1574216173.607,10.13076388888889,POINT (-122.4079578 37.6238399),android,504.76321817291284,-79.79787097688188,12.726132255118044
711,107.0,31.0,149.0,1164388891588539,time,2019-11-19T18:16:19-08:00,37.600555,-122.3878786,17.800179,1574216179.0,1574216178.169,10.132489444414775,POINT (-122.3878786 37.600555),android,9.05885218785475,-0.7431387673861725,0.4333670156408722
712,104.547,32.0,162.07765,1164389835721351,time,2019-11-19T18:16:20-08:00,37.6004873,-122.3878214,7.7592845,1574216180.0,1574216179.119,10.132767222192552,POINT (-122.3878214 37.6004873),android,8.315713420468578,-0.30977175174530025,4.028787863752823
713,99.41,20.0,158.3738,1164390889795622,time,2019-11-19T18:16:21-08:00,37.6004143,-122.3878009,11.635515,1574216181.0,1574216180.159,10.13304499997033,POINT (-122.3878009 37.6004143),android,8.005941668723278,3.719016112007523,-3.1784907493121555
714,92.928,35.0,151.3753,1164391886123694,time,2019-11-19T18:16:22-08:00,37.6003783,-122.3877222,12.752762,1574216182.0,1574216181.154,10.133322777748107,POINT (-122.3877222 37.6003783),android,11.7249577807308,0.5405253626953677,-2.5698517429516823
715,86.773,34.0,149.31914,1164393145953746,time,2019-11-19T18:16:23-08:00,37.6003089,-122.387622,13.087988,1574216183.0,1574216182.427,10.133600555525886,POINT (-122.387622 37.6003089),android,12.265483143426168,-2.0293263802563146,0.6242575378474946
716,81.663,52.0,146.63536,1164393890843016,time,2019-11-19T18:16:24-08:00,37.6004102,-122.3875669,12.516268,1574216184.0,1574216183.174,10.133878333303663,POINT (-122.3875669 37.6004102),android,10.236156763169854,-1.40506884240882,-0.4776289935089837
717,58.0,51.0,142.45972,1164394887448016,time,2019-11-19T18:16:25-08:00,37.6004642,-122.3874728,12.022164,1574216185.0,1574216184.164,10.134156111081442,POINT (-122.3874728 37.6004642),android,8.831087920761034,-1.8826978359178037,0.6740999751141272
718,46.2,55.0,139.75949,1164395890223745,time,2019-11-19T18:16:26-08:00,37.6004323,-122.387381,11.320324,1574216186.0,1574216185.159,10.134433888859219,POINT (-122.387381 37.6004323),android,6.94839008484323,-1.2085978608036765,1.8068755276828758
719,36.8,46.0,139.50957,1164396887812651,time,2019-11-19T18:16:27-08:00,37.6003911,-122.3873217,10.336334,1574216187.0,1574216186.141,10.134711666636997,POINT (-122.3873217 37.6003911),android,5.739792224039554,0.5982776668791994,-0.43239601227696767
720,33.666,41.0,140.23329,1164397876419369,time,2019-11-19T18:16:28-08:00,37.600354,-122.3872764,8.811928,1574216188.0,1574216187.155,10.134989444414774,POINT (-122.3872764 37.600354),android,6.338069890918753,0.1658816546022317,-0.614028361674027
721,27.333,35.0,143.3494,1164398878947025,time,2019-11-19T18:16:29-08:00,37.6003086,-122.3872329,7.957673,1574216189.0,1574216188.161,10.135267222192553,POINT (-122.3872329 37.6003086),android,6.503951545520985,-0.44814670707179527,-2.787758768377308
722,22.166,30.0,143.21165,1164399886660775,time,2019-11-19T18:16:30-08:00,37.6002598,-122.3871922,7.3619246,1574216190.0,1574216189.165,10.13554499997033,POINT (-122.3871922 37.6002598),android,6.055804838449189,-3.2359054754491035,3.8803901625652344
723,19.4,24.0,146.44687,1164401129148743,time,2019-11-19T18:16:31-08:00,37.6002122,-122.3871588,6.447599,1574216191.0,1574216190.377,10.135822777748109,POINT (-122.3871588 37.6002122),android,2.819899363000086,0.6444846871161309,-0.8977255675817095
724,20.0,30.0,143.32237,1164401886736607,time,2019-11-19T18:16:32-08:00,37.6001924,-122.3871388,6.2131495,1574216192.0,1574216191.147,10.136100555525886,POINT (-122.3871388 37.6001924),android,3.464384050116217,-0.2532408804655786,-0.304887779919365
725,21.0,27.0,139.19348,1164402886502231,time,2019-11-19T18:16:33-08:00,37.6001696,-122.387112,5.1321945,1574216193.0,1574216192.178,10.136378333303664,POINT (-122.387112 37.6001696),android,3.2111431696506383,-0.5581286603849436,0.6781275625627265
726,21.666,27.0,138.19345,1164403848552544,time,2019-11-19T18:16:34-08:00,37.6001502,-122.387085,4.936826,1574216194.0,1574216193.16,10.136656111081441,POINT (-122.387085 37.6001502),android,2.6530145092656947,0.11999890217778297,-1.4748142389491523
727,23.428,-27.69999885559082,138.70505,1164404877625512,time,2019-11-19T18:16:35-08:00,37.600136,-122.3870608,4.517302,1574216195.0,1574216194.174,10.136933888859218,POINT (-122.3870608 37.600136),android,2.7730134114434777,-1.3548153367713693,1.1756898378818714
728,24.428,-27.69999885559082,137.22241,1164405880059262,time,2019-11-19T18:16:36-08:00,37.6001184,-122.3870385,3.4047697,1574216196.0,1574216195.155,10.137211666636997,POINT (-122.3870385 37.6001184),android,1.4181980746721083,-0.17912549888949791,0.3730522860912522
729,25.428,-27.69999885559082,123.060875,1164406885900251,time,2019-11-19T18:16:37-08:00,37.6001142,-122.3870233,2.29665,1574216197.0,1574216196.177,10.137489444414774,POINT (-122.3870233 37.6001142),android,1.2390725757826104,0.19392678720175427,0.0026435630428718326
730,26.571,-27.69999885559082,118.40541,1164407877077438,time,2019-11-19T18:16:38-08:00,37.6001159,-122.3870094,2.3196476,1574216198.0,1574216197.137,10.137767222192553,POINT (-122.3870094 37.6001159),android,1.4329993629843647,0.1965703502446261,-0.09275056946642923
731,30.023,-27.69999885559082,116.315636,1164408878183219,time,2019-11-19T18:16:39-08:00,37.6001246,-122.3869974,2.2526963,1574216199.0,1574216198.144,10.13804499997033,POINT (-122.3869974 37.6001246),android,1.6295697132289908,0.10381978077819687,-0.12821438887511993
732,31.163,-27.69999885559082,114.3057,1164409865121656,time,2019-11-19T18:16:40-08:00,37.6001231,-122.386979,2.157452,1574216200.0,1574216199.151,10.138322777748108,POINT (-122.386979 37.6001231),android,1.7333894940071877,-0.024394608096923065,0.0759671156916022
733,33.591,-27.69999885559082,113.14872,1164410878636135,time,2019-11-19T18:16:41-08:00,37.6001205,-122.3869596,2.092065,1574216201.0,1574216200.143,10.138600555525885,POINT (-122.3869596 37.6001205),android,1.7089948859102646,0.05157250759467913,-0.08526699037251961
734,37.02,-27.69999885559082,112.99402,1164411865865770,time,2019-11-19T18:16:42-08:00,37.6001174,-122.3869406,2.0303335,1574216202.0,1574216201.166,10.138878333303664,POINT (-122.3869406 37.6001174),android,1.7605673935049437,-0.033694482777840484,0.5354977414082795
735,42.857,-27.69999885559082,112.977844,1164412878999780,time,2019-11-19T18:16:43-08:00,37.6001136,-122.3869212,1.9534382,1574216203.0,1574216202.198,10.13915611108144,POINT (-122.3869212 37.6001136),android,1.7268729107271032,0.5018032586304391,-0.7825806141409433
736,51.225,-27.69999885559082,106.10826,1164413907368738,time,2019-11-19T18:16:44-08:00,37.6001134,-122.3869016,2.39391,1574216204.0,1574216203.164,10.13943388885922,POINT (-122.3869016 37.6001134),android,2.2286761693575423,-0.2807773555105042,0.2913860061024556
737,55.725,-27.69999885559082,104.3356,1164414888652071,time,2019-11-19T18:16:45-08:00,37.6001109,-122.3868765,2.4124355,1574216205.0,1574216204.179,10.139711666636996,POINT (-122.3868765 37.6001109),android,1.9478988138470381,0.010608650591951374,0.030928175262112445
738,59.87,-27.69999885559082,167.75134,1164416876522539,time,2019-11-19T18:16:47-08:00,37.6000972,-122.3868358,2.2915657,1574216207.0,1574216206.135,10.140267222192552,POINT (-122.3868358 37.6000972),android,1.9691161150309409,0.07246500111617626,0.033565134958739584
739,59.392,-27.69999885559082,171.345,1164417870238788,time,2019-11-19T18:16:48-08:00,37.6000795,-122.3868351,2.5863497,1574216208.0,1574216207.165,10.14054499997033,POINT (-122.3868351 37.6000795),android,2.041581116147117,0.10603013607491585,1.849842306681261
740,58.601,-27.69999885559082,171.95598,1164418903994100,time,2019-11-19T18:16:49-08:00,37.6000619,-122.3868417,2.600349,1574216209.0,1574216208.176,10.140822777748108,POINT (-122.3868417 37.6000619),android,2.147611252222033,1.9558724427561769,-1.2181852694204256
741,56.101,-27.69999885559082,184.30467,1164419879580871,time,2019-11-19T18:16:50-08:00,37.6000531,-122.3868634,0.7993749,1574216210.0,1574216209.146,10.141100555525886,POINT (-122.3868634 37.6000531),android,4.10348369497821,0.7376871733357513,12.235453289060274
742,50.434,-27.69999885559082,203.72456,1164420875995089,time,2019-11-19T18:16:51-08:00,37.6000667,-122.3869067,0.42544317,1574216211.0,1574216210.144,10.141378333303663,POINT (-122.3869067 37.6000667),android,4.841170868313961,12.973140462396026,-42.206680779393466
743,45.268,-27.69999885559082,228.36235,1164421878808058,time,2019-11-19T18:16:52-08:00,37.6000899,-122.3869532,0.4150646,1574216212.0,1574216211.147,10.141656111081442,POINT (-122.3869532 37.6000899),android,17.814311330709987,-29.233540316997438,69.05870893705847
744,33.621,-27.69999885559082,228.5582,1164423221000000,time,2019-11-19T18:16:52.402000-08:00,37.6000761,-122.3870326,0.34964833,1574216212.402,1574216212.988,10.141767777734332,POINT (-122.3870326 37.6000761),android,6.062429572999398,-1.4719427489948216,0.7564138831133048
745,39.934,-27.69999885559082,228.33669,1164422886300401,time,2019-11-19T18:16:53-08:00,37.6000823,-122.3869922,0.34984088,1574216213.0,1574216212.144,10.141933888859219,POINT (-122.3869922 37.6000823),android,5.182207736105287,-1.0196072093816957,2.5305967709746175
746,32.918,-27.69999885559082,243.4249,1164423884477848,time,2019-11-19T18:16:54-08:00,37.6000836,-122.387051,0.30495512,1574216214.0,1574216213.182,10.142211666636996,POINT (-122.387051 37.6000836),android,4.162600526723591,1.5109895615929219,-5.228762882795801
747,27.621,-27.69999885559082,260.60968,1164425194552743,time,2019-11-19T18:16:55-08:00,37.6001045,-122.3870902,0.6436761,1574216215.0,1574216214.446,10.142489444414775,POINT (-122.3870902 37.6001045),android,5.673590088316513,-3.7177733212028787,10.274810918749985
748,27.168,-27.69999885559082,236.2589,1164425903545243,time,2019-11-19T18:16:56-08:00,37.6001336,-122.3871431,0.7744453,1574216216.0,1574216215.183,10.142767222192552,POINT (-122.3871431 37.6001336),android,1.9558167671136344,6.557037597547107,-34.95486578034363
749,27.543,-27.69999885559082,219.53369,1164426886095972,time,2019-11-19T18:16:57-08:00,37.6001337,-122.3871653,1.1591612,1574216217.0,1574216216.149,10.14304499997033,POINT (-122.3871653 37.6001337),android,8.512854364660742,-28.397828182796527,113.15733775089632
750,31.629,-27.69999885559082,215.45677,1164428082000000,time,2019-11-19T18:16:57.263000-08:00,37.6001318,-122.3871906,0.91356987,1574216217.263,1574216218.02,10.143118055529065,POINT (-122.3871906 37.6001318),android,1.0442252275979018,1.362552940672167,-2.754910857258391
751,28.927,-27.69999885559082,215.27686,1164427875405607,time,2019-11-19T18:16:58-08:00,37.6001299,-122.3871822,0.913939,1574216218.0,1574216217.142,10.143322777748107,POINT (-122.3871822 37.6001299),android,2.048426729280108,-0.6678163295998145,0.5085903484363123
752,33.669,-27.69999885559082,243.84756,1164428887016804,time,2019-11-19T18:16:59-08:00,37.600132,-122.3872053,0.61960024,1574216219.0,1574216218.142,10.143600555525886,POINT (-122.3872053 37.600132),android,1.3806103996802934,-0.15922598116350217,0.6438881322306034
753,34.835,-27.69999885559082,257.64972,1164429905149096,time,2019-11-19T18:17:00-08:00,37.6001343,-122.3872207,0.6075325,1574216220.0,1574216219.167,10.143878333303663,POINT (-122.3872207 37.6001343),android,1.2213844185167912,0.4846621510671012,-0.4171047762924014
754,41.447,-27.69999885559082,245.44562,1164430908880606,time,2019-11-19T18:17:01-08:00,37.6001368,-122.3872342,0.6992703,1574216221.0,1574216220.19,10.144156111081442,POINT (-122.3872342 37.6001368),android,1.7060465695838924,0.06755737477469981,0.8339116356541172
755,41.955,-27.69999885559082,243.78996,1164431883274824,time,2019-11-19T18:17:02-08:00,37.6001388,-122.3872534,0.9383073,1574216222.0,1574216221.155,10.144433888859218,POINT (-122.3872534 37.6001388),android,1.7736039443585923,0.901469010428817,-1.7232038287634133
756,44.947,-27.69999885559082,250.73256,1164432883505761,time,2019-11-19T18:17:03-08:00,37.6001397,-122.3872735,0.8783243,1574216223.0,1574216222.141,10.144711666636997,POINT (-122.3872735 37.6001397),android,2.6750729547874093,-0.8217348183345963,0.8326073921282726
757,47.126,-27.69999885559082,240.25447,1164433917360136,time,2019-11-19T18:17:04-08:00,37.6001454,-122.387303,0.8217126,1574216224.0,1574216223.187,10.144989444414774,POINT (-122.387303 37.6001454),android,1.853338136452813,0.010872573793676343,-0.3552109534907326
758,46.394,-27.69999885559082,222.60458,1164434884202219,time,2019-11-19T18:17:05-08:00,37.6001435,-122.3873239,1.1986027,1574216225.0,1574216224.149,10.145267222192553,POINT (-122.3873239 37.6001435),android,1.8642107102464893,-0.3443383796970563,0.11994255049939806
759,46.537,-27.69999885559082,222.98605,1164435885819927,time,2019-11-19T18:17:06-08:00,37.6001378,-122.3873438,1.0490911,1574216226.0,1574216225.19,10.14554499997033,POINT (-122.3873438 37.6001378),android,1.519872330549433,-0.22439582919765821,0.9038408244360709
760,46.46,-27.69999885559082,220.2829,1164436884482322,time,2019-11-19T18:17:07-08:00,37.6001331,-122.38736,0.97373366,1574216227.0,1574216226.161,10.145822777748108,POINT (-122.38736 37.6001331),android,1.2954765013517748,0.6794449952384127,-1.9555097172269433
761,45.293,-27.69999885559082,160.86623,1164437896517895,time,2019-11-19T18:17:08-08:00,37.6001328,-122.3873747,0.40236458,1574216228.0,1574216227.216,10.146100555525885,POINT (-122.3873747 37.6001328),android,1.9749214965901876,-1.2760647219885306,1.0665449357739933
762,43.226,-27.69999885559082,152.90016,1164438917094613,time,2019-11-19T18:17:09-08:00,37.6001439,-122.3873922,0.32158405,1574216229.0,1574216228.23,10.146378333303664,POINT (-122.3873922 37.6001439),android,0.698856774601657,-0.20951978621453737,0.6732685751090428
763,42.101,-27.69999885559082,83.820564,1164439877680029,time,2019-11-19T18:17:10-08:00,37.6001501,-122.3873935,0.43025494,1574216230.0,1574216229.137,10.146656111081441,POINT (-122.3873935 37.6001501),android,0.4893369883871196,0.46374878889450544,3.9465482710487305
764,41.259,-27.69999885559082,118.8131,1164441160528309,time,2019-11-19T18:17:11-08:00,37.6001545,-122.3873936,0.28094643,1574216231.0,1574216230.426,10.14693388885922,POINT (-122.3873936 37.6001545),android,0.953085777281625,4.410297059943236,-16.90549543813585
765,40.601,-27.69999885559082,231.42917,1164441879952840,time,2019-11-19T18:17:12-08:00,37.600155,-122.3874044,0.42479303,1574216232.0,1574216231.157,10.147211666636997,POINT (-122.3874044 37.600155),android,5.3633828372248615,-12.495198378192617,40.02539637344194
766,38.107,-27.69999885559082,229.63283,1164443164000000,time,2019-11-19T18:17:12.345000-08:00,37.6001547,-122.3874254,0.379618,1574216232.345,1574216233.063,10.147307499978277,POINT (-122.3874254 37.6001547),android,1.052539039257915,1.3135645157806293,0.7947080407358075
767,39.101,-27.69999885559082,229.35518,1164442883661382,time,2019-11-19T18:17:13-08:00,37.6001542,-122.3874176,0.37801963,1574216233.0,1574216232.182,10.147489444414775,POINT (-122.3874176 37.6001542),android,1.912923759512845,1.8340982597258038,-1.5244517072945356
768,38.806,-27.69999885559082,190.8281,1164443916563829,time,2019-11-19T18:17:14-08:00,37.6001437,-122.3874348,1.53424,1574216234.0,1574216233.19,10.147767222192552,POINT (-122.3874348 37.6001437),android,3.7470220192386487,0.30964655243126815,0.491750050197552
769,39.607,-27.69999885559082,176.67534,1164444929780964,time,2019-11-19T18:17:15-08:00,37.6001108,-122.387444,2.6003106,1574216235.0,1574216234.194,10.14804499997033,POINT (-122.387444 37.6001108),android,4.056668571669917,0.8013966026288202,-2.568017623954683
770,40.806,-27.69999885559082,180.9874,1164445900207058,time,2019-11-19T18:17:16-08:00,37.6000745,-122.3874486,2.5582454,1574216236.0,1574216235.178,10.148322777748108,POINT (-122.3874486 37.6000745),android,4.858065174298737,-1.7666210213258629,1.390723207272092
771,50.183,-27.69999885559082,181.24132,1164448075000000,time,2019-11-19T18:17:17.256000-08:00,37.6000197,-122.3874522,2.5759356,1574216237.256,1574216238.092,10.148671666648653,POINT (-122.3874522 37.6000197),android,2.639189097383085,-0.019872614635047057,-0.007504366922003705
772,152.166,-27.69999885559082,182.5289,1164453913000000,time,2019-11-19T18:17:23.094000-08:00,37.5998813,-122.3874607,2.6276329,1574216243.094,1574216243.909,10.150293333331744,POINT (-122.3874607 37.5998813),android,2.5231727719686563,-0.06368310916942145,-0.004214766352783956
773,228.034,-27.69999885559082,183.9523,1164459749000000,time,2019-11-19T18:17:28.930000-08:00,37.5997494,-122.3874756,2.5658364,1574216248.93,1574216249.798,10.151914444433318,POINT (-122.3874756 37.5997494),android,2.1515181490422988,-0.0882804854595661,-0.0029942571648354926
774,293.801,-27.69999885559082,185.37502,1164464808000000,time,2019-11-19T18:17:33.989000-08:00,37.5996525,-122.3874931,2.4049213,1574216253.989,1574216254.828,10.153319722215334,POINT (-122.3874931 37.5996525),android,1.7049071717553006,-0.1034284325021576,0.002972422411539859
775,369.877,-27.69999885559082,186.82344,1164470660000000,time,2019-11-19T18:17:39.841000-08:00,37.5995643,-122.3875139,2.1570444,1574216259.841,1574216260.683,10.154945277770361,POINT (-122.3875139 37.5995643),android,1.0996439849499484,-0.08603381655549579,0.007756954789654056
776,435.761,-27.69999885559082,188.31638,1164475728000000,time,2019-11-19T18:17:44.909000-08:00,37.5995163,-122.3875321,1.8783046,1574216264.909,1574216265.775,10.156353055503633,POINT (-122.3875321 37.5995163),android,0.6636246164308003,-0.04672157092432727,0.0014763551783392491
777,501.619,-27.69999885559082,189.91553,1164480794000000,time,2019-11-19T18:17:49.975000-08:00,37.599489,-122.3875485,1.5944184,1574216269.975,1574216270.84,10.157760277721618,POINT (-122.3875485 37.599489),android,0.4269331388410729,-0.03924235561338803,0.008468218255932919
778,577.552,-27.69999885559082,191.71495,1164486635000000,time,2019-11-19T18:17:55.816000-08:00,37.5994705,-122.3875645,1.3141227,1574216275.816,1574216276.686,10.15938277774387,POINT (-122.3875645 37.5994705),android,0.19771853655962163,0.010220507897893628,0.0016565822658813803
779,653.758,-27.69999885559082,193.82126,1164492497000000,time,2019-11-19T18:18:01.678000-08:00,37.5994689,-122.3875775,1.0545506,1574216281.678,1574216282.485,10.161011111074023,POINT (-122.3875775 37.5994689),android,0.25763115374010964,0.0199313931215322,0.002932903237154349
780,729.366,-27.69999885559082,196.40376,1164498313000000,time,2019-11-19T18:18:07.494000-08:00,37.5994798,-122.3875875,0.82447565,1574216287.494,1574216288.364,10.162626666625341,POINT (-122.3875875 37.5994798),android,0.373552135830812,0.03698915830406934,-0.009473463085779652
781,805.572,5.0,199.75642,1164504175000000,time,2019-11-19T18:18:13.356000-08:00,37.5994986,-122.3875949,0.62600935,1574216293.356,1574216294.185,10.164254999955496,POINT (-122.3875949 37.5994986),android,0.5903825813859591,-0.01854428219635579,0.004808724003055806
782,871.339,5.0,204.3632,1164509234000000,time,2019-11-19T18:18:18.415000-08:00,37.5995253,-122.3875986,0.46199435,1574216298.415,1574216299.269,10.165660277737512,POINT (-122.3875986 37.5995253),android,0.4965670574716319,0.005783052608478839,1.3282101907334205
783,947.506,5.0,211.35577,1164515093000000,time,2019-11-19T18:18:24.274000-08:00,37.5995513,-122.3876023,0.32563064,1574216304.274,1574216305.111,10.167287777728504,POINT (-122.3876023 37.5995513),android,0.5304499625171943,7.787766517048471,-2.7222373705232847
784,1023.387,5.0,223.15596,1164520930000000,time,2019-11-19T18:18:30.111000-08:00,37.5995791,-122.3876043,0.21773072,1574216310.111,1574216310.944,10.16890916665395,POINT (-122.3876043 37.5995791),android,45.98764414745414,-8.101933372961588,1.5501198490044141
785,104.1,0.0,136.10463,1164526039000000,time,2019-11-19T18:18:35.220000-08:00,37.5981065,-122.3856918,5.706272,1574216315.22,1574216316.706,10.17032833331161,POINT (-122.3856918 37.5981065),android,4.59486680769798,-0.18237111466055833,-0.005684327123218186
786,136.372,0.0,136.02095,1164531004000000,time,2019-11-19T18:18:40.185000-08:00,37.5979597,-122.3855109,5.4396324,1574216320.185,1574216321.041,10.171707499954435,POINT (-122.3855109 37.5979597),android,3.6893942390613463,-0.2105937983394469,0.013044454171165846
787,244.76,0.0,135.9678,1164536859000000,time,2019-11-19T18:18:46.040000-08:00,37.5978204,-122.38534,4.842203,1574216326.04,1574216326.88,10.173333888848623,POINT (-122.38534 37.5978204),android,2.456367545767127,-0.13421851891846767,2.0129324974875744
788,310.306,0.0,135.92438,1164541901000000,time,2019-11-19T18:18:51.082000-08:00,37.5977407,-122.3852418,4.175845,1574216331.082,1574216331.929,10.174734444419544,POINT (-122.3852418 37.5977407),android,1.779637765956169,10.01498724475544,-3.4588967351886426
789,386.382,0.0,135.88414,1164547753000000,time,2019-11-19T18:18:56.934000-08:00,37.5976737,-122.3851592,3.4862735,1574216336.934,1574216337.745,10.176359999974569,POINT (-122.3851592 37.5976737),android,60.387343103162934,-10.226476442971173,1.7318334449651693
790,110.0,0.0,0.0,1164553658000000,time,2019-11-19T18:19:02.839000-08:00,37.5949656,-122.3829914,0.0,1574216342.839,1574216344.48,10.178000277744399,POINT (-122.3829914 37.5949656),android,0.0,0.0,0.0
791,196.619,0.0,90.0,1164560321000000,time,2019-11-19T18:19:09.502000-08:00,37.5949656,-122.3829914,0.0,1574216349.502,1574216350.336,10.179851111107402,POINT (-122.3829914 37.5949656),android,0.0,0.0,0.0
792,272.656,0.0,90.0,1164566170000000,time,2019-11-19T18:19:15.351000-08:00,37.5949656,-122.3829914,0.0,1574216355.351,1574216356.18,10.181475833323267,POINT (-122.3829914 37.5949656),android,0.0,0.0,0.0
793,348.706,0.0,90.0,1164572020000000,time,2019-11-19T18:19:21.201000-08:00,37.5949656,-122.3829914,0.0,1574216361.201,1574216362.036,10.183100833296775,POINT (-122.3829914 37.5949656),android,0.0,0.0,0.0
794,414.447,0.0,90.0,1164577077000000,time,2019-11-19T18:19:26.257000-08:00,37.5949656,-122.3829914,0.0,1574216366.257,1574216367.093,10.18450527773963,POINT (-122.3829914 37.5949656),android,0.0,0.0,0.0
795,490.003,0.0,90.0,1164582889000000,time,2019-11-19T18:19:32.070000-08:00,37.5949656,-122.3829914,0.0,1574216372.07,1574216372.901,10.186119999951787,POINT (-122.3829914 37.5949656),android,0.0,0.0,0.0
796,565.871,0.0,90.0,1164588725000000,time,2019-11-19T18:19:37.906000-08:00,37.5949656,-122.3829914,0.0,1574216377.906,1574216378.766,10.187741111053361,POINT (-122.3829914 37.5949656),android,0.0,0.0,0.0
797,631.573,0.0,90.0,1164593779000000,time,2019-11-19T18:19:42.960000-08:00,37.5949656,-122.3829914,0.0,1574216382.96,1574216383.839,10.189144999980927,POINT (-122.3829914 37.5949656),android,0.0,0.0,0.0
798,707.61,0.0,90.0,1164599628000000,time,2019-11-19T18:19:48.809000-08:00,37.5949656,-122.3829914,0.0,1574216388.809,1574216389.646,10.19076972219679,POINT (-122.3829914 37.5949656),android,0.0,0.0,0.0
799,783.569,0.0,90.0,1164605471000000,time,2019-11-19T18:19:54.652000-08:00,37.5949656,-122.3829914,0.0,1574216394.652,1574216395.474,10.192392777734332,POINT (-122.3829914 37.5949656),android,0.0,0.0,0.0
800,849.036,0.0,90.0,1164610507000000,time,2019-11-19T18:19:59.688000-08:00,37.5949656,-122.3829914,0.0,1574216399.688,1574216400.539,10.19379166662693,POINT (-122.3829914 37.5949656),android,0.0,0.0,10.908779851288465
801,924.97,0.0,90.0,1164616348000000,time,2019-11-19T18:20:05.529000-08:00,37.5949656,-122.3829914,0.0,1574216405.529,1574216406.347,10.195414166649183,POINT (-122.3829914 37.5949656),android,0.0,63.718183985263465,-22.403406058017108
802,990.698,0.0,90.0,1164621404000000,time,2019-11-19T18:20:10.585000-08:00,37.5949656,-122.3829914,0.0,1574216410.585,1574216411.401,10.196818611092038,POINT (-122.3829914 37.5949656),android,322.1591378648937,-49.55343691587771,7.4050741318305935
803,56.1,-28.600000381469727,0.0,1164627307000000,time,2019-11-19T18:20:16.488000-08:00,37.5877499,-122.3634229,0.0,1574216416.488,1574216418.002,10.198458333280351,POINT (-122.3634229 37.5877499),android,29.645205799471103,-5.841285219621431,1.1556144573722578
804,72.9,-27.600000381469727,92.64908,1164632359000000,time,2019-11-19T18:20:21.540000-08:00,37.5876876,-122.361725,0.05994138,1574216421.54,1574216423.043,10.1998616666264,POINT (-122.361725 37.5876876),android,0.13503260255081664,-0.003120928076952756,0.00034389837266747786
805,157.79,-27.600000381469727,92.64908,1164638889000000,time,2019-11-19T18:20:28.070000-08:00,37.5876873,-122.361715,0.0816032,1574216428.07,1574216428.898,10.201675555507341,POINT (-122.361715 37.5876873),android,0.11465294229760561,-0.0008752717132731372,-0.0003178234472142366
806,233.814,-27.600000381469727,92.64908,1164644737000000,time,2019-11-19T18:20:33.918000-08:00,37.587687,-122.3617074,0.09350919,1574216433.918,1574216434.735,10.203299999965562,POINT (-122.3617074 37.587687),android,0.10953435327497865,-0.002733903248343196,-0.0001199974355953692
807,299.75,-27.600000381469727,92.64908,1164649809000000,time,2019-11-19T18:20:38.990000-08:00,37.5876868,-122.3617011,0.09818968,1574216438.99,1574216439.815,10.204708888861868,POINT (-122.3617011 37.5876868),android,0.09566799592637887,-0.003342530244887186,2.9278170355037046e-05
808,365.673,-27.600000381469727,92.64908,1164654880000000,time,2019-11-19T18:20:44.061000-08:00,37.5876866,-122.3616956,0.097469576,1574216444.061,1574216444.877,10.20611750000053,POINT (-122.3616956 37.5876866),android,0.07871802472303668,-0.0031940606401129217,-0.0006420610898342468
809,431.258,-27.600000381469727,92.64908,1164659925000000,time,2019-11-19T18:20:49.106000-08:00,37.5876864,-122.3616911,0.093035795,1574216449.106,1574216449.932,10.207518888844383,POINT (-122.3616911 37.5876864),android,0.0626039893115029,-0.006433258734232778,0.0015218520963123647
810,497.168,-27.600000381469727,92.64908,1164664995000000,time,2019-11-19T18:20:54.176000-08:00,37.5876863,-122.3616875,0.08627559,1574216454.176,1574216454.993,10.208927222225402,POINT (-122.3616875 37.5876863),android,0.02998736642460067,0.0012825316553141382,10.520024413324421
811,566.094,-27.600000381469727,92.64908,1164670297000000,time,2019-11-19T18:20:59.478000-08:00,37.5876862,-122.3616857,0.07492029,1574216459.478,1574216460.316,10.210399999949667,POINT (-122.3616857 37.5876862),android,0.036787349014006494,55.77844994450062,-21.943764044502817
812,631.6,-27.600000381469727,92.64908,1164675336000000,time,2019-11-19T18:21:04.517000-08:00,37.5876861,-122.3616836,0.06760302,1574216464.517,1574216465.342,10.211799722181427,POINT (-122.3616836 37.5876861),android,281.1043985343537,-54.796177829128425,13.459511445646637
813,135.6,-27.600000381469727,0.0,1164680466000000,time,2019-11-19T18:21:09.647000-08:00,37.5805464,-122.3480216,0.0,1574216469.647,1574216472.354,10.213224722213216,POINT (-122.3480216 37.5805464),android,0.0,14.251117427357672,-5.272981683058334
814,167.924,-27.600000381469727,90.0,1164685439000000,time,2019-11-19T18:21:14.620000-08:00,37.5805464,-122.3480216,0.0,1574216474.62,1574216475.465,10.214606111049653,POINT (-122.3480216 37.5805464),android,70.87080427524661,-11.971419486807397,2.022199211575311
815,87.6,-27.600000381469727,0.0,1164691359000000,time,2019-11-19T18:21:20.540000-08:00,37.5794489,-122.3434664,0.0,1574216480.54,1574216481.731,10.21625055551529,POINT (-122.3434664 37.5794489),android,0.0,0.0,0.0
816,168.005,0.0,90.0,1164697544000000,time,2019-11-19T18:21:26.725000-08:00,37.5794489,-122.3434664,0.0,1574216486.725,1574216487.564,10.21796861105495,POINT (-122.3434664 37.5794489),android,0.0,0.0,0.0
817,244.133,0.0,90.0,1164703400000000,time,2019-11-19T18:21:32.581000-08:00,37.5794489,-122.3434664,0.0,1574216492.581,1574216493.427,10.21959527777301,POINT (-122.3434664 37.5794489),android,0.0,0.0,0.0
818,320.105,0.0,90.0,1164709244000000,time,2019-11-19T18:21:38.425000-08:00,37.5794489,-122.3434664,0.0,1574216498.425,1574216499.273,10.221218611068196,POINT (-122.3434664 37.5794489),android,0.0,0.0,0.0
819,385.885,0.0,90.0,1164714304000000,time,2019-11-19T18:21:43.485000-08:00,37.5794489,-122.3434664,0.0,1574216503.485,1574216504.304,10.222624166607856,POINT (-122.3434664 37.5794489),android,0.0,0.0,7.39832178468937
820,462.065,0.0,90.0,1164720164000000,time,2019-11-19T18:21:49.345000-08:00,37.5794489,-122.3434664,0.0,1574216509.345,1574216510.14,10.224251944422722,POINT (-122.3434664 37.5794489),android,0.0,43.35416664606223,-14.922175864109754
821,537.815,0.0,90.0,1164725991000000,time,2019-11-19T18:21:55.172000-08:00,37.5794489,-122.3434664,0.0,1574216515.172,1574216516.044,10.225870555506813,POINT (-122.3434664 37.5794489),android,252.6247248293376,-43.597350662553936,7.380792861342367
822,128.9,0.0,0.0,1164731106000000,time,2019-11-19T18:22:00.287000-08:00,37.5743746,-122.3302753,0.0,1574216520.287,1574216521.707,10.227291388842795,POINT (-122.3302753 37.5743746),android,29.624275774597493,-5.844595106399005,3.6686513496707485
823,104.1,0.0,142.38274,1164736165000000,time,2019-11-19T18:22:05.346000-08:00,37.573307,-122.3292373,0.011396799,1574216525.346,1574216526.131,10.228696666624812,POINT (-122.3292373 37.573307),android,0.056469042143481835,12.715112127564488,-3.8389164510641027
824,179.227,0.0,142.38274,1164741944000000,time,2019-11-19T18:22:11.125000-08:00,37.5733047,-122.329235,0.017315317,1574216531.125,1574216531.957,10.230301944414775,POINT (-122.329235 37.5733047),android,73.53710258513814,-9.46998621154446,2.6944302132281353
825,82.5,0.0,0.0,1164747885000000,time,2019-11-19T18:22:17.066000-08:00,37.5700531,-122.3264524,0.0,1574216537.066,1574216538.397,10.231952222188314,POINT (-122.3264524 37.5700531),android,17.27591464685302,6.537623644130147,-2.525016942747025
826,92.9,0.0,129.39099,1164754292000000,time,2019-11-19T18:22:23.473000-08:00,37.5694214,-122.3254818,2.2799766,1574216543.473,1574216544.567,10.23373194442855,POINT (-122.3254818 37.5694214),android,59.16246975875882,-9.640160071797018,1.7474622553800567
827,94.523,-24.899999618530273,0.0,1164759336000000,time,2019-11-19T18:22:28.517000-08:00,37.5675625,-122.3230397,0.0,1574216548.517,1574216549.796,10.23513305551476,POINT (-122.3230397 37.5675625),android,10.537503220810526,-0.8259606123119401,0.16047015457158853
828,135.6,-24.899999618530273,136.4476,1164765668000000,time,2019-11-19T18:22:34.849000-08:00,37.5671276,-122.3225181,1.071246,1574216554.849,1574216556.677,10.236891944408416,POINT (-122.3225181 37.5671276),android,5.3075206094727685,0.1901364091900113,-0.1106986499615671
829,168.054,-24.899999618530273,136.4476,1164770661000000,time,2019-11-19T18:22:39.842000-08:00,37.5669549,-122.3223109,1.9194934,1574216559.842,1574216561.112,10.238278888861338,POINT (-122.3223109 37.5669549),android,6.2568717063609975,-0.36258195344634797,0.054190639730513995
830,282.227,-24.899999618530273,136.4476,1164776947000000,time,2019-11-19T18:22:46.128000-08:00,37.5666985,-122.3220035,3.0141993,1574216566.128,1574216566.98,10.240024999976159,POINT (-122.3220035 37.5666985),android,3.977681542156263,-0.021939591376813877,-0.010983444396928107
831,358.212,-24.899999618530273,136.4476,1164782792000000,time,2019-11-19T18:22:51.973000-08:00,37.566547,-122.3218217,3.3226137,1574216571.973,1574216572.806,10.241648611095217,POINT (-122.3218217 37.566547),android,3.849444629931089,-0.08613782419109753,-0.0041365703396284
832,424.031,-24.899999618530273,136.4476,1164787855000000,time,2019-11-19T18:22:57.036000-08:00,37.56642,-122.3216693,3.4555054,1574216577.036,1574216577.862,10.243054999974039,POINT (-122.3216693 37.56642),android,3.4133288291731647,-0.10708127967072836,-0.025932387553342394
833,489.577,-24.899999618530273,136.4476,1164792897000000,time,2019-11-19T18:23:02.078000-08:00,37.5663078,-122.3215348,3.4451244,1574216582.078,1574216582.926,10.24445555554496,POINT (-122.3215348 37.5663078),android,2.8734250111503536,-0.23783237914908173,0.055868731736890886
834,565.822,-24.899999618530273,136.4476,1164798762000000,time,2019-11-19T18:23:07.943000-08:00,37.566198,-122.321403,3.3093166,1574216587.943,1574216588.768,10.246084722214276,POINT (-122.321403 37.566198),android,1.478538105172843,0.08983773302058903,-0.029667867091265402
835,641.507,-24.899999618530273,136.4476,1164804584000000,time,2019-11-19T18:23:13.765000-08:00,37.5661419,-122.3213357,2.9413257,1574216593.765,1574216594.615,10.247701944443914,POINT (-122.3213357 37.5661419),android,2.0015733892176386,-0.08288858997697564,0.0007283292158928878
836,717.272,-24.899999618530273,136.4476,1164810412000000,time,2019-11-19T18:23:19.593000-08:00,37.5660658,-122.3212446,2.7478807,1574216599.593,1574216600.429,10.24932083328565,POINT (-122.3212446 37.5660658),android,1.5184987009024966,-0.0786438874303887,0.00046203845274733627
837,793.231,-24.899999618530273,136.4476,1164816255000000,time,2019-11-19T18:23:25.436000-08:00,37.566008,-122.3211752,2.5133584,1574216605.436,1574216606.284,10.250943888889418,POINT (-122.3211752 37.566008),android,1.058982452996616,-0.0759441966707906,0.009592571076151182
838,869.28,0.0,136.4476,1164822105000000,time,2019-11-19T18:23:31.286000-08:00,37.5659676,-122.3211268,2.256344,1574216611.286,1574216612.1,10.252568888862928,POINT (-122.3211268 37.5659676),android,0.6147089097150941,-0.019827656790125048,-0.010984655092442428
839,935.087,0.0,136.4476,1164827167000000,time,2019-11-19T18:23:36.348000-08:00,37.5659879,-122.3211511,1.8570912,1574216616.348,1574216617.17,10.253974999984106,POINT (-122.3211511 37.5659879),android,0.5143413103249342,-0.07543198126614839,0.01451938146624123
840,1010.876,0.0,136.4476,1164832997000000,time,2019-11-19T18:23:42.178000-08:00,37.5659684,-122.3211276,1.6433911,1574216622.178,1574216623.041,10.255594444407357,POINT (-122.3211276 37.5659684),android,0.07457286529829261,0.009216011574297078,20.611804588398552
841,1076.709,0.0,136.4476,1164838061000000,time,2019-11-19T18:23:47.242000-08:00,37.5659659,-122.3211247,1.4358609,1574216627.242,1574216628.098,10.257001111110052,POINT (-122.3211247 37.5659659),android,0.12124274910584702,104.38739712056957,-39.844878087075664
842,1142.528,0.0,136.4476,1164843124000000,time,2019-11-19T18:23:52.305000-08:00,37.5659699,-122.3211295,1.2381262,1574216632.305,1574216633.132,10.258407499988873,POINT (-122.3211295 37.5659699),android,528.6346305875895,-97.34721919033112,18.903095729959556
843,60.0,-30.100000381469727,0.0,1164848257000000,time,2019-11-19T18:23:57.438000-08:00,37.545845,-122.3037196,0.0,1574216637.438,1574216638.952,10.259833333293598,POINT (-122.3037196 37.545845),android,28.951364510074505,-0.3176307554075817,-0.7667967056723252
844,18.0,-30.100000381469727,156.9836,1164853861135537,time,2019-11-19T18:24:04-08:00,37.5442976,-122.3028061,8.222956,1574216644.0,1574216643.137,10.261656111081441,POINT (-122.3028061 37.5442976),android,26.867071481579135,-5.349350765817803,13.807734487623623
845,18.0,-30.100000381469727,157.99443,1164854852288193,time,2019-11-19T18:24:05-08:00,37.5440784,-122.3026779,13.000835,1574216645.0,1574216644.135,10.261933888859218,POINT (-122.3026779 37.5440784),android,21.51772071576133,8.45838372180582,-23.44002439009499
846,18.5,-30.100000381469727,157.00945,1164855874575797,time,2019-11-19T18:24:06-08:00,37.5439039,-122.3025724,15.302576,1574216646.0,1574216645.174,10.262211666636997,POINT (-122.3025724 37.5439039),android,29.97610443756715,-14.981640668289169,22.675437771688866
847,18.6,-30.100000381469727,155.79955,1164857441998088,time,2019-11-19T18:24:07-08:00,37.5436617,-122.3024231,16.759787,1574216647.0,1574216646.706,10.262489444414774,POINT (-122.3024231 37.5436617),android,14.994463769277983,7.693797103399698,-9.150907517485356
848,17.666,-30.100000381469727,156.70029,1164857875241682,time,2019-11-19T18:24:08-08:00,37.5435319,-122.302377,18.236904,1574216648.0,1574216647.15,10.262767222192553,POINT (-122.302377 37.5435319),android,22.68826087267768,-1.4571104140856583,2.173006626520422
849,16.4,-30.100000381469727,155.84184,1164858871686369,time,2019-11-19T18:24:09-08:00,37.5433487,-122.3022637,19.09787,1574216649.0,1574216648.155,10.26304499997033,POINT (-122.3022637 37.5433487),android,21.231150458592023,0.7158962124347639,0.8444482230735524
850,15.2,-30.100000381469727,154.85846,1164859881848816,time,2019-11-19T18:24:10-08:00,37.5431809,-122.3021488,19.451567,1574216650.0,1574216649.172,10.263322777748108,POINT (-122.3021488 37.5431809),android,21.947046671026786,1.5603444355083163,-6.881674868121689
851,13.4,-30.100000381469727,153.65971,1164860895495378,time,2019-11-19T18:24:11-08:00,37.543012,-122.30202,19.806606,1574216651.0,1574216650.144,10.263600555525885,POINT (-122.30202 37.543012),android,23.507391106535103,-5.321330432613372,7.880900918949351
852,13.0,-30.100000381469727,152.3286,1164862042181472,time,2019-11-19T18:24:12-08:00,37.5428361,-122.3018721,19.916853,1574216652.0,1574216651.321,10.263878333303664,POINT (-122.3018721 37.5428361),android,18.18606067392173,2.5595704863359785,-2.1021984066356687
853,11.4,-30.100000381469727,151.06007,1164862895893711,time,2019-11-19T18:24:13-08:00,37.5427057,-122.3017476,20.052355,1574216653.0,1574216652.159,10.26415611108144,POINT (-122.3017476 37.5427057),android,20.74563116025771,0.4573720797003098,1.6599535161648191
854,11.2,-30.100000381469727,149.97316,1164863883750117,time,2019-11-19T18:24:14-08:00,37.5425561,-122.301607,20.149538,1574216654.0,1574216653.167,10.26443388885922,POINT (-122.301607 37.5425561),android,21.20300323995802,2.117325595865129,-7.872198956020622
855,11.0,-30.100000381469727,149.36623,1164864882137408,time,2019-11-19T18:24:15-08:00,37.542399,-122.3014707,20.267921,1574216655.0,1574216654.17,10.264711666636996,POINT (-122.3014707 37.542399),android,23.320328835823148,-5.754873360155493,9.912352826841737
856,10.8,-30.100000381469727,148.43277,1164866044083710,time,2019-11-19T18:24:16-08:00,37.5422247,-122.3013236,20.099169,1574216656.0,1574216655.305,10.264989444414775,POINT (-122.3013236 37.5422247),android,17.565455475667655,4.157479466686244,-6.335658470730596
857,10.666,-30.100000381469727,146.68571,1164866864085689,time,2019-11-19T18:24:17-08:00,37.5420989,-122.3012031,20.145536,1574216657.0,1574216656.147,10.265267222192552,POINT (-122.3012031 37.5420989),android,21.7229349423539,-2.1781790040443525,1.0179734077262808
858,10.166,-30.100000381469727,144.97559,1164867902089647,time,2019-11-19T18:24:18-08:00,37.5419449,-122.3010515,19.947945,1574216658.0,1574216657.161,10.26554499997033,POINT (-122.3010515 37.5419449),android,19.544755938309546,-1.1602055963180717,2.832080635941633
859,10.0,-30.100000381469727,146.82414,1164868871744750,time,2019-11-19T18:24:19-08:00,37.5417907,-122.3009451,19.576128,1574216659.0,1574216658.155,10.265822777748108,POINT (-122.3009451 37.5417907),android,18.384550341991474,1.6718750396235613,-7.945678546288535
860,9.714,-30.100000381469727,146.58339,1164869872237667,time,2019-11-19T18:24:20-08:00,37.5416519,-122.3008318,18.828094,1574216660.0,1574216659.152,10.266100555525886,POINT (-122.3008318 37.5416519),android,20.056425381615036,-6.273803506664974,10.874202188983034
861,9.333,-30.100000381469727,146.05922,1164871138580270,time,2019-11-19T18:24:21-08:00,37.5415029,-122.3007036,17.512743,1574216661.0,1574216660.383,10.266378333303663,POINT (-122.3007036 37.5415029),android,13.782621874950062,4.60039868231806,-3.8631630570152264
862,9.0,-30.100000381469727,145.7586,1164871888122197,time,2019-11-19T18:24:22-08:00,37.541401,-122.3006146,17.63531,1574216662.0,1574216661.168,10.266656111081442,POINT (-122.3006146 37.541401),android,18.38302055726812,0.7372356253028336,0.7203335216328917
863,8.833,-30.100000381469727,145.02083,1164872890187926,time,2019-11-19T18:24:23-08:00,37.5412678,-122.3004911,17.710829,1574216663.0,1574216662.172,10.266933888859219,POINT (-122.3004911 37.5412678),android,19.120256182570955,1.4575691469357253,-8.886598552361509
864,8.6,-30.100000381469727,143.61751,1164873887301207,time,2019-11-19T18:24:24-08:00,37.5411347,-122.3003538,17.996216,1574216664.0,1574216663.166,10.267211666636996,POINT (-122.3003538 37.5411347),android,20.57782532950668,-7.4290294054257835,10.560807596614524
865,8.6,-30.100000381469727,146.14812,1164875161747299,time,2019-11-19T18:24:25-08:00,37.5409765,-122.3002327,17.142406,1574216665.0,1574216664.437,10.267489444414775,POINT (-122.3002327 37.5409765),android,13.148795924080897,3.13177819118874,-4.523047991782679
866,8.833,-30.100000381469727,145.54395,1164875895129695,time,2019-11-19T18:24:26-08:00,37.5408804,-122.3001458,17.161665,1574216666.0,1574216665.161,10.267767222192552,POINT (-122.3001458 37.5408804),android,16.280574115269637,-1.391269800593939,0.8791682463147819
867,9.2,-30.100000381469727,144.20848,1164876891808184,time,2019-11-19T18:24:27-08:00,37.5407661,-122.3000304,16.676727,1574216667.0,1574216666.162,10.26804499997033,POINT (-122.3000304 37.5407661),android,14.889304314675698,-0.5121015542791572,0.39716485626555453
868,9.8,-30.100000381469727,145.9637,1164877895155788,time,2019-11-19T18:24:28-08:00,37.5406525,-122.299941,16.060257,1574216668.0,1574216667.171,10.268322777748107,POINT (-122.299941 37.5406525),android,14.37720276039654,-0.11493669801360262,0.296777578989472
869,10.6,-30.100000381469727,146.53114,1164878889133183,time,2019-11-19T18:24:29-08:00,37.5405438,-122.2998527,15.543797,1574216669.0,1574216668.144,10.268600555525886,POINT (-122.2998527 37.5405438),android,14.262266062382938,0.18184088097586937,-1.7174847955751495
870,11.0,-30.100000381469727,148.2957,1164879880293339,time,2019-11-19T18:24:30-08:00,37.540431,-122.2997757,15.225037,1574216670.0,1574216669.145,10.268878333303663,POINT (-122.2997757 37.540431),android,14.444106943358808,-1.5356439145992802,2.917965181463666
871,11.666,-30.100000381469727,148.69487,1164880885655422,time,2019-11-19T18:24:31-08:00,37.540318,-122.2996949,14.903941,1574216671.0,1574216670.175,10.269156111081442,POINT (-122.2996949 37.540318),android,12.908463028759527,1.3823212668643858,-1.5736191009293368
872,11.5,-30.100000381469727,144.34978,1164881891697714,time,2019-11-19T18:24:32-08:00,37.5402371,-122.2995899,14.24958,1574216672.0,1574216671.214,10.269433888859218,POINT (-122.2995899 37.5402371),android,14.290784295623913,-0.19129783406495093,-5.131931438392874
873,11.0,-30.100000381469727,141.1252,1164882895995057,time,2019-11-19T18:24:33-08:00,37.5401501,-122.2994706,14.280835,1574216673.0,1574216672.155,10.269711666636997,POINT (-122.2994706 37.5401501),android,14.099486461558962,-5.323229272457825,8.501599756543664
874,10.0,-30.100000381469727,141.454,1164884178557765,time,2019-11-19T18:24:34-08:00,37.5400553,-122.2993644,13.207025,1574216674.0,1574216673.452,10.269989444414774,POINT (-122.2993644 37.5400553),android,8.776257189101138,3.178370484085839,-2.6314878236616632
875,9.333,-30.100000381469727,142.9318,1164884878005525,time,2019-11-19T18:24:35-08:00,37.5399891,-122.2993102,13.06275,1574216675.0,1574216674.164,10.270267222192553,POINT (-122.2993102 37.5399891),android,11.954627673186977,0.5468826604241759,0.3719484301676186
876,8.166,-30.100000381469727,143.25896,1164885880411566,time,2019-11-19T18:24:36-08:00,37.5399036,-122.299228,12.655491,1574216676.0,1574216675.199,10.27054499997033,POINT (-122.299228 37.5399036),android,12.501510333611153,0.9188310905917945,-5.468534046888076
877,7.0,-30.100000381469727,143.91975,1164886877686774,time,2019-11-19T18:24:37-08:00,37.5398116,-122.2991465,12.591501,1574216677.0,1574216676.162,10.270822777748108,POINT (-122.2991465 37.5398116),android,13.420341424202947,-4.549702956296281,6.194645186911178
878,6.4,-30.100000381469727,144.45442,1164888110295107,time,2019-11-19T18:24:38-08:00,37.5397145,-122.2990561,11.999301,1574216678.0,1574216677.387,10.271100555525885,POINT (-122.2990561 37.5397145),android,8.870638467906666,1.6449422306148964,-2.2227789205984116
879,7.166,-30.100000381469727,145.31091,1164888899805367,time,2019-11-19T18:24:39-08:00,37.5396486,-122.2989994,11.595503,1574216679.0,1574216678.184,10.271378333303664,POINT (-122.2989994 37.5396486),android,10.515580698521562,-0.5778366899835152,1.7173937177533833
880,7.833,-30.100000381469727,145.50294,1164889877552033,time,2019-11-19T18:24:40-08:00,37.5395685,-122.298936,10.98462,1574216680.0,1574216679.16,10.271656111081441,POINT (-122.298936 37.5395685),android,9.937744008538047,1.1395570277698681,-4.1576036079361
881,8.666,-30.100000381469727,147.03809,1164890880040054,time,2019-11-19T18:24:41-08:00,37.5394876,-122.2988881,10.320493,1574216681.0,1574216680.154,10.27193388885922,POINT (-122.2988881 37.5394876),android,11.077301036307915,-3.0180465801662315,4.388042052061051
882,10.2,-30.100000381469727,146.25288,1164892127134845,time,2019-11-19T18:24:42-08:00,37.539401,-122.298826,9.747723,1574216682.0,1574216681.399,10.272211666636997,POINT (-122.298826 37.539401),android,8.059254456141684,1.3699954718948195,-1.2258167501084642
883,10.5,-30.100000381469727,147.31456,1164892962572188,time,2019-11-19T18:24:43-08:00,37.539337,-122.2987831,9.721914,1574216683.0,1574216682.234,10.272489444414775,POINT (-122.2987831 37.539337),android,9.429249928036503,0.14417872178635527,-1.4282962415707683
884,11.333,-30.100000381469727,145.9238,1164893886981667,time,2019-11-19T18:24:44-08:00,37.5392654,-122.2987258,9.6390295,1574216684.0,1574216683.159,10.272767222192552,POINT (-122.2987258 37.5392654),android,9.573428649822858,-1.284117519784413,1.8493754637367807
885,11.6,-30.100000381469727,143.71129,1164894887576875,time,2019-11-19T18:24:45-08:00,37.5391962,-122.2986612,9.225547,1574216685.0,1574216684.196,10.27304499997033,POINT (-122.2986612 37.5391962),android,8.289311130038445,0.5652579439523677,-5.063572599840367
886,11.8,-30.100000381469727,141.69493,1164895883001145,time,2019-11-19T18:24:46-08:00,37.5391403,-122.298599,8.526297,1574216686.0,1574216685.138,10.273322777748108,POINT (-122.298599 37.5391403),android,8.854569073990813,-4.498314655888,6.327810082922417
887,12.0,-30.100000381469727,142.72015,1164897144752863,time,2019-11-19T18:24:47-08:00,37.539079,-122.2985349,7.8175898,1574216687.0,1574216686.42,10.273600555525885,POINT (-122.2985349 37.539079),android,4.3562544181028136,1.8294954270344173,-1.8018037598766403
888,12.0,-30.100000381469727,142.89003,1164897899329061,time,2019-11-19T18:24:48-08:00,37.5390505,-122.298501,7.176769,1574216688.0,1574216687.182,10.273878333303664,POINT (-122.298501 37.5390505),android,6.185749845137231,0.027691667157776934,-0.012185475982464666
889,12.0,-30.100000381469727,143.88145,1164898897672133,time,2019-11-19T18:24:49-08:00,37.5390063,-122.2984584,6.7557473,1574216689.0,1574216688.208,10.27415611108144,POINT (-122.2984584 37.5390063),android,6.213441512295008,0.015506191175312267,-2.418153222879775
890,11.8,-30.100000381469727,144.30421,1164899897313696,time,2019-11-19T18:24:50-08:00,37.5389624,-122.2984148,6.5459394,1574216690.0,1574216689.171,10.27443388885922,POINT (-122.2984148 37.5389624),android,6.22894770347032,-2.4026470317044626,3.6113537577005834
891,11.6,-30.100000381469727,144.4368,1164901048235935,time,2019-11-19T18:24:51-08:00,37.5389187,-122.2983706,6.032046,1574216691.0,1574216690.321,10.274711666636996,POINT (-122.2983706 37.5389187),android,3.8263006717658574,1.2087067259961208,-1.9115454035890695
892,11.5,-30.100000381469727,144.27829,1164901895730257,time,2019-11-19T18:24:52-08:00,37.5388943,-122.29834,5.5599637,1574216692.0,1574216691.177,10.274989444414775,POINT (-122.29834 37.5388943),android,5.035007397761978,-0.7028386775929487,0.6362172855713055
893,11.5,-30.100000381469727,143.19002,1164902899212080,time,2019-11-19T18:24:53-08:00,37.5388605,-122.298302,5.449717,1574216693.0,1574216692.167,10.275267222192552,POINT (-122.298302 37.5388605),android,4.3321687201690295,-0.06662139202164319,-0.41821057508881854
894,11.5,-30.100000381469727,143.50778,1164903895961559,time,2019-11-19T18:24:54-08:00,37.5388306,-122.2982705,5.0595703,1574216694.0,1574216693.189,10.27554499997033,POINT (-122.2982705 37.5388306),android,4.265547328147386,-0.4848319671104617,-0.8075832225978186
895,11.666,-30.100000381469727,143.18094,1164904925114215,time,2019-11-19T18:24:55-08:00,37.5388019,-122.2982384,5.0033836,1574216695.0,1574216694.214,10.275822777748107,POINT (-122.2982384 37.5388019),android,3.7807153610369246,-1.2924151897082803,0.11843329623015131
896,11.714,-30.100000381469727,147.1005,1164905898854683,time,2019-11-19T18:24:56-08:00,37.5387717,-122.2982187,4.3745775,1574216696.0,1574216695.18,10.276100555525886,POINT (-122.2982187 37.5387717),android,2.4883001713286443,-1.173981893478129,1.761784834557014
897,11.714,-30.100000381469727,149.17635,1164906866913485,time,2019-11-19T18:24:57-08:00,37.5387506,-122.2982093,3.3888977,1574216697.0,1574216696.112,10.276378333303663,POINT (-122.2982093 37.5387506),android,1.3143182778505154,0.587802941078885,-0.3338693235838519
898,11.714,-30.100000381469727,144.09663,1164907880393849,time,2019-11-19T18:24:58-08:00,37.5387428,-122.2981981,2.643726,1574216698.0,1574216697.144,10.276656111081442,POINT (-122.2981981 37.5387428),android,1.9021212189294003,0.25393361749503307,-0.8892422901672805
899,11.571,-28.0,148.53423,1164908885878432,time,2019-11-19T18:24:59-08:00,37.5387258,-122.2981957,2.8465908,1574216699.0,1574216698.167,10.276933888859219,POINT (-122.2981957 37.5387258),android,2.1560548364244334,-0.6353086726722474,-0.027166010422026377
900,11.5,-27.0,148.26933,1164909841441817,time,2019-11-19T18:25:00-08:00,37.5387079,-122.2981863,2.873114,1574216700.0,1574216699.113,10.277211666636997,POINT (-122.2981863 37.5387079),android,1.520746163752186,-0.6624746830942738,0.3439160358686756
901,11.571,-26.0,151.3599,1164910782951348,time,2019-11-19T18:25:01-08:00,37.5386952,-122.2981799,2.0095685,1574216701.0,1574216700.054,10.277489444414774,POINT (-122.2981799 37.5386952),android,0.8582714806579121,-0.31855864722559823,0.9016816700844097
902,11.666,-26.0,153.85406,1164911876716451,time,2019-11-19T18:25:02-08:00,37.5386876,-122.2981782,1.063723,1574216702.0,1574216701.168,10.277767222192553,POINT (-122.2981782 37.5386876),android,0.5397128334323139,0.5831230228588115,-0.5197438015700452
903,12.0,-25.0,122.583405,1164912889407753,time,2019-11-19T18:25:03-08:00,37.5386904,-122.2981732,0.8310924,1574216703.0,1574216702.161,10.27804499997033,POINT (-122.2981732 37.5386904),android,1.1228358562911254,0.06337922128876627,0.9957694549803975
904,12.142,-25.0,132.16298,1164913875934576,time,2019-11-19T18:25:04-08:00,37.5386927,-122.2981608,1.1795036,1574216704.0,1574216703.174,10.278322777748109,POINT (-122.2981608 37.5386927),android,1.1862150775798916,1.0591486762691638,-1.558049405005229
905,12.4,-24.0,137.15132,1164914854613221,time,2019-11-19T18:25:05-08:00,37.5387007,-122.2981519,0.4136804,1574216705.0,1574216704.129,10.278600555525886,POINT (-122.2981519 37.5387007),android,2.2453637538490554,-0.49890072873606517,0.761944104292299
906,12.333,-23.0,134.19676,1164915917147544,time,2019-11-19T18:25:06-08:00,37.5387205,-122.2981469,0.36612228,1574216706.0,1574216705.179,10.278878333303663,POINT (-122.2981469 37.5387205),android,1.7464630251129902,0.2630433755562338,-0.7688007999728876
907,12.142,-23.0,41.82239,1164916874881554,time,2019-11-19T18:25:07-08:00,37.538736,-122.2981437,0.4083364,1574216707.0,1574216706.146,10.279156111081441,POINT (-122.2981437 37.538736),android,2.009506400669224,-0.5057574244166538,-0.32989044966180625
908,11.833,-24.0,18.701717,1164917895529418,time,2019-11-19T18:25:08-08:00,37.5387537,-122.2981391,1.0069046,1574216708.0,1574216707.172,10.279433888859218,POINT (-122.2981391 37.5387537),android,1.5037489762525702,-0.8356478740784601,0.9904364673351105
909,11.5,-24.0,12.754815,1164918895822126,time,2019-11-19T18:25:09-08:00,37.5387671,-122.2981368,1.2197735,1574216709.0,1574216708.181,10.279711666636997,POINT (-122.2981368 37.5387671),android,0.6681011021741101,0.1547885932566504,-0.004469565508440576
910,11.188,-24.0,8.007089,1164919868698636,time,2019-11-19T18:25:10-08:00,37.5387731,-122.2981372,0.93957,1574216710.0,1574216709.118,10.279989444414774,POINT (-122.2981372 37.5387731),android,0.8228896954307605,0.15031902774820982,-0.8852064509816246
911,11.019,-24.0,4.4762516,1164920894737906,time,2019-11-19T18:25:11-08:00,37.5387805,-122.2981373,0.8723813,1574216711.0,1574216710.174,10.280267222192553,POINT (-122.2981373 37.5387805),android,0.9732087231789703,-0.7348874232334148,0.763579562493854
912,10.688,-24.0,9.985796,1164921875531031,time,2019-11-19T18:25:12-08:00,37.5387889,-122.2981342,0.9155831,1574216712.0,1574216711.15,10.28054499997033,POINT (-122.2981342 37.5387889),android,0.23832129994555554,0.028692139260439092,-0.053086652083119634
913,10.59,-24.0,21.599846,1164922858425458,time,2019-11-19T18:25:13-08:00,37.5387888,-122.2981315,0.53360134,1574216713.0,1574216712.132,10.280822777748108,POINT (-122.2981315 37.5387888),android,0.26701343920599463,-0.024394512822680542,0.002843766163764
914,10.447,-23.0,36.23764,1164923865226811,time,2019-11-19T18:25:14-08:00,37.5387864,-122.2981314,0.19007666,1574216714.0,1574216713.137,10.281100555525885,POINT (-122.2981314 37.5387864),android,0.2426189263833141,-0.021550746658916542,0.12022192277020119
915,10.289,-24.0,85.82477,1164924872688165,time,2019-11-19T18:25:15-08:00,37.5387844,-122.2981325,0.018708816,1574216715.0,1574216714.153,10.281378333303664,POINT (-122.2981325 37.5387844),android,0.22106817972439755,0.09867117611128465,-0.03371415313391127
916,10.289,-23.0,146.85832,1164926202439206,time,2019-11-19T18:25:16-08:00,37.5387827,-122.2981312,0.10068987,1574216716.0,1574216715.474,10.28165611108144,POINT (-122.2981312 37.5387827),android,0.3197393558356822,0.06495702297737338,-0.2273422802413462
917,10.289,-23.0,121.72349,1164926904712696,time,2019-11-19T18:25:17-08:00,37.5387817,-122.2981278,0.20049277,1574216717.0,1574216716.168,10.28193388885922,POINT (-122.2981278 37.5387817),android,0.3846963788130556,-0.16238525726397282,0.11970176916853459
918,10.456,-23.0,120.37708,1164927892182799,time,2019-11-19T18:25:18-08:00,37.53878,-122.298124,0.2898607,1574216718.0,1574216717.16,10.282211666636996,POINT (-122.298124 37.53878),android,0.22231112154908275,-0.04268348809543823,0.14327150231470867
919,10.623,-23.0,125.62452,1164928891262070,time,2019-11-19T18:25:19-08:00,37.5387786,-122.2981222,0.25366148,1574216719.0,1574216718.166,10.282489444414775,POINT (-122.2981222 37.5387786),android,0.17962763345364452,0.10058801421927044,-0.2060721598943354
920,11.075,-23.0,125.46746,1164929885133996,time,2019-11-19T18:25:20-08:00,37.5387776,-122.2981206,0.22519839,1574216720.0,1574216719.173,10.282767222192552,POINT (-122.2981206 37.5387776),android,0.28021564767291496,-0.10548414567506495,0.10849149650592904
921,11.35,-23.0,156.44469,1164930870090038,time,2019-11-19T18:25:21-08:00,37.5387751,-122.298121,0.21657707,1574216721.0,1574216720.134,10.28304499997033,POINT (-122.298121 37.5387751),android,0.17473150199785,0.0030073508308640917,0.8981032433959371
922,11.778,-23.0,174.52658,1164931863837277,time,2019-11-19T18:25:22-08:00,37.5387737,-122.2981219,0.18382788,1574216722.0,1574216721.137,10.283322777748108,POINT (-122.2981219 37.5387737),android,0.1777388528287141,0.9011105942268012,-3.0503064056019236
923,12.207,-23.0,211.51668,1164932871678266,time,2019-11-19T18:25:23-08:00,37.5387739,-122.2981239,0.1136216,1574216723.0,1574216722.138,10.283600555525886,POINT (-122.2981239 37.5387739),android,1.0788494470555152,-2.1491958113751224,5.463307146004789
924,13.567,-24.0,292.6792,1164934237000000,time,2019-11-19T18:25:23.418000-08:00,37.5387767,-122.2981276,0.1604697,1574216723.418,1574216724.016,10.283716666632229,POINT (-122.2981276 37.5387767),android,0.18048563479410534,0.13446648187099655,-0.48772526502082536
925,12.742,-24.0,283.8808,1164933898007224,time,2019-11-19T18:25:24-08:00,37.538776,-122.2981268,0.14104474,1574216724.0,1574216723.146,10.283878333303663,POINT (-122.2981268 37.538776),android,0.25874512955129547,-0.14938963074348283,0.07339261031886823
926,13.734,-24.0,308.7555,1164934893381651,time,2019-11-19T18:25:25-08:00,37.538778,-122.2981283,0.1700055,1574216725.0,1574216724.148,10.284156111081442,POINT (-122.2981283 37.538778),android,0.10935549880781263,-0.07599702042461459,0.08810474700399211
927,13.567,-24.0,317.66974,1164935894794619,time,2019-11-19T18:25:26-08:00,37.5387789,-122.2981288,0.14360094,1574216726.0,1574216725.143,10.284433888859219,POINT (-122.2981288 37.5387789),android,0.03335847838319805,0.012107726579377517,-0.02059415238466685
928,13.234,-24.0,324.11697,1164936901121129,time,2019-11-19T18:25:27-08:00,37.5387792,-122.2981288,0.09492697,1574216727.0,1574216726.158,10.284711666636996,POINT (-122.2981288 37.5387792),android,0.045466204962575564,-0.008486425805289334,0.013201170786774727
929,12.901,-24.0,345.10916,1164937891810191,time,2019-11-19T18:25:28-08:00,37.5387793,-122.2981283,0.047838334,1574216728.0,1574216727.183,10.284989444414775,POINT (-122.2981283 37.5387793),android,0.03697977915728623,0.004714744981485393,-0.022486188929526044
930,12.629,-24.0,17.843021,1164938894081806,time,2019-11-19T18:25:29-08:00,37.5387792,-122.2981279,0.02325384,1574216729.0,1574216728.166,10.285267222192552,POINT (-122.2981279 37.5387792),android,0.04169452413877162,-0.01777144394804065,0.008039361578354758
931,11.484,-24.0,78.8927,1164939928556336,time,2019-11-19T18:25:30-08:00,37.538779,-122.2981275,0.017849935,1574216730.0,1574216729.199,10.28554499997033,POINT (-122.2981275 37.538779),android,0.023923080190730972,-0.009732082369685893,0.006660577343040161
932,11.558,-24.0,113.117714,1164940877441909,time,2019-11-19T18:25:31-08:00,37.5387788,-122.2981274,0.014801291,1574216731.0,1574216730.134,10.285822777748107,POINT (-122.2981274 37.5387788),android,0.01419099782104508,-0.003071505026645731,0.01016916772621991
933,11.558,-24.0,128.12712,1164941892677950,time,2019-11-19T18:25:32-08:00,37.5387787,-122.2981273,0.0134514,1574216732.0,1574216731.193,10.286100555525886,POINT (-122.2981273 37.5387787),android,0.011119492794399348,0.007097662699574179,-0.04473641624173814
934,11.651,-24.0,147.58855,1164942925508158,time,2019-11-19T18:25:33-08:00,37.5387786,-122.2981273,0.011853307,1574216733.0,1574216732.217,10.286378333303663,POINT (-122.2981273 37.5387786),android,0.018217155493973528,-0.03763875354216396,0.07776602492504467
935,12.405,-24.0,159.98688,1164944303000000,time,2019-11-19T18:25:33.484000-08:00,37.5387786,-122.2981274,0.0077200057,1574216733.484,1574216734.087,10.286512777739102,POINT (-122.2981274 37.5387786),android,0.0,0.0,0.07166623478543521
936,11.558,-24.0,157.00014,1164943807964929,time,2019-11-19T18:25:34-08:00,37.5387786,-122.2981274,0.008917529,1574216734.0,1574216733.108,10.286656111081442,POINT (-122.2981274 37.5387786),android,0.0,0.03697977947305699,-0.045266094807205386
937,12.205,-24.0,196.32729,1164944927138991,time,2019-11-19T18:25:35-08:00,37.5387786,-122.2981274,0.0049104495,1574216735.0,1574216734.168,10.286933888859219,POINT (-122.2981274 37.5387786),android,0.03697977947305699,-0.008286315334148399,-0.02040714880476019
938,12.239,-24.0,249.72061,1164945902508626,time,2019-11-19T18:25:36-08:00,37.5387785,-122.2981278,0.01580643,1574216736.0,1574216735.168,10.287211666636997,POINT (-122.2981278 37.5387785),android,0.028693464138908588,-0.028693464138908588,0.08164497088985936
939,12.072,-24.0,248.00493,1164947171556958,time,2019-11-19T18:25:37-08:00,37.5387784,-122.2981281,0.018483642,1574216737.0,1574216736.437,10.287489444414774,POINT (-122.2981281 37.5387784),android,0.0,0.05295150675095077,-0.2505318387859163
940,11.776,-24.0,247.47852,1164947893728000,time,2019-11-19T18:25:38-08:00,37.5387784,-122.2981281,0.015728546,1574216738.0,1574216737.167,10.287767222192553,POINT (-122.2981281 37.5387784),android,0.05295150675095077,-0.19758033203496553,0.7821852256654455
941,11.854,-24.0,236.4242,1164949087000000,time,2019-11-19T18:25:38.268000-08:00,37.5387783,-122.2981282,0.012951285,1574216738.268,1574216739.124,10.287841666605738,POINT (-122.2981282 37.5387783),android,0.0,0.012045220421278525,-0.02850043704629801
942,11.739,-24.0,238.63232,1164948891058520,time,2019-11-19T18:25:39-08:00,37.5387783,-122.2981282,0.0137729915,1574216739.0,1574216738.182,10.28804499997033,POINT (-122.2981282 37.5387783),android,0.008817102703867527,-0.008817102703867527,0.008817102703867527
943,10.792,-24.0,200.6683,1164949906947895,time,2019-11-19T18:25:40-08:00,37.5387783,-122.2981281,0.0058323503,1574216740.0,1574216739.151,10.288322777748109,POINT (-122.2981281 37.5387783),android,0.0,0.0,0.0
944,10.649,-24.0,143.27695,1164950869631749,time,2019-11-19T18:25:41-08:00,37.5387783,-122.2981281,0.0038995459,1574216741.0,1574216740.117,10.288600555525885,POINT (-122.2981281 37.5387783),android,0.0,0.0,0.12245972306018053
945,10.424,-24.0,161.51218,1164952180375758,time,2019-11-19T18:25:42-08:00,37.5387783,-122.2981281,0.0011267054,1574216742.0,1574216741.46,10.288878333303664,POINT (-122.2981281 37.5387783),android,0.0,0.12245972306018053,-0.5046684293276846
946,10.363,-24.0,211.04866,1164952887106331,time,2019-11-19T18:25:43-08:00,37.5387783,-122.2981281,0.00040626284,1574216743.0,1574216742.18,10.289156111081441,POINT (-122.2981281 37.5387783),android,0.12245972306018053,-0.38220870626750414,1.3527189090102685
947,10.519,-24.0,270.6015,1164954107000000,time,2019-11-19T18:25:43.288000-08:00,37.5387783,-122.2981285,0.015641427,1574216743.288,1574216744.134,10.28923611111111,POINT (-122.2981285 37.5387783),android,0.012383574830845156,0.00737448401342065,-0.022740995991978378
948,10.363,-24.0,270.33334,1164953867155810,time,2019-11-19T18:25:44-08:00,37.5387783,-122.2981284,0.013417959,1574216744.0,1574216743.136,10.28943388885922,POINT (-122.2981284 37.5387783),android,0.017634206660720787,-0.008817102703867529,0.05405858092565085
949,10.445,-24.0,270.8806,1164954868375237,time,2019-11-19T18:25:45-08:00,37.5387783,-122.2981286,0.014768676,1574216745.0,1574216744.177,10.289711666636997,POINT (-122.2981286 37.5387783),android,0.008817103956853258,0.04524147822178332,-0.07284875100035731
950,10.519,-24.0,271.07864,1164955886637424,time,2019-11-19T18:25:46-08:00,37.5387783,-122.2981287,0.009791508,1574216746.0,1574216745.138,10.289989444414774,POINT (-122.2981287 37.5387783),android,0.05405858217863658,-0.027607272778574,0.1990058619256256
951,10.445,-24.0,99.84013,1164956889644611,time,2019-11-19T18:25:47-08:00,37.5387782,-122.2981281,0.01861486,1574216747.0,1574216746.179,10.290267222192552,POINT (-122.2981281 37.5387782),android,0.02645130940006258,0.1713985891470516,-0.6233276068827397
952,10.519,-24.0,98.5665,1164957888574506,time,2019-11-19T18:25:48-08:00,37.5387782,-122.2981278,0.022772187,1574216748.0,1574216747.149,10.29054499997033,POINT (-122.2981278 37.5387782),android,0.19784989854711418,-0.45192901773568805,1.2007367477297144
953,10.717,-23.0,87.890366,1164959224000000,time,2019-11-19T18:25:48.405000-08:00,37.5387783,-122.2981269,0.041884802,1574216748.405,1574216749.153,10.290657499962382,POINT (-122.2981269 37.5387783),android,0.014818659293953419,0.0343693307414924,-0.10221955618247063
954,10.519,-23.0,88.87812,1164958892804454,time,2019-11-19T18:25:49-08:00,37.5387783,-122.298127,0.04060572,1574216749.0,1574216748.179,10.290822777748108,POINT (-122.298127 37.5387783),android,0.03526841206845584,-0.02645130811160258,0.031825202783682956
955,10.717,-23.0,86.75414,1164959886615339,time,2019-11-19T18:25:50-08:00,37.5387783,-122.2981266,0.038104862,1574216750.0,1574216749.193,10.291100555525885,POINT (-122.2981266 37.5387783),android,0.008817103956853258,0.005373894672080375,-0.010747790608971238
956,10.717,-23.0,85.80516,1164961180962265,time,2019-11-19T18:25:51-08:00,37.5387783,-122.2981265,0.021899221,1574216751.0,1574216750.445,10.291378333303664,POINT (-122.2981265 37.5387783),android,0.014190998628933632,-0.0053738959368908636,-0.0034432067551519053
957,10.615,-23.0,73.05437,1164961886053515,time,2019-11-19T18:25:52-08:00,37.5387784,-122.2981266,0.014005973,1574216752.0,1574216751.173,10.29165611108144,POINT (-122.2981266 37.5387784),android,0.008817102692042769,-0.008817102692042769,0.023008101320976405
958,10.717,-23.0,36.318535,1164962894673515,time,2019-11-19T18:25:53-08:00,37.5387784,-122.2981267,0.0049652755,1574216753.0,1574216752.154,10.29193388885922,POINT (-122.2981267 37.5387784),android,0.0,0.014190998628933636,-0.019564894553999745
959,10.717,-23.0,328.13202,1164963900802212,time,2019-11-19T18:25:54-08:00,37.5387784,-122.2981267,0.0032688824,1574216754.0,1574216753.227,10.292211666636996,POINT (-122.2981267 37.5387784),android,0.014190998628933636,-0.005373895925066109,0.010747790459897624
960,10.0,-23.0,238.71959,1164964886610910,time,2019-11-19T18:25:55-08:00,37.5387783,-122.2981268,0.0033055346,1574216755.0,1574216754.145,10.292489444414775,POINT (-122.2981268 37.5387783),android,0.008817102703867527,0.005373894534831515,-0.005373893756330595
961,10.142,-23.0,239.63104,1164965885124555,time,2019-11-19T18:25:56-08:00,37.5387783,-122.2981269,0.005569122,1574216756.0,1574216755.166,10.292767222192552,POINT (-122.2981269 37.5387783),android,0.014190997238699042,7.785009199789972e-10,0.1661302842846999
962,10.333,-23.0,240.63365,1164966888307367,time,2019-11-19T18:25:57-08:00,37.5387782,-122.298127,0.010693437,1574216757.0,1574216756.152,10.29304499997033,POINT (-122.298127 37.5387782),android,0.014190998017199962,0.16613028506320082,-0.24388702017639982
963,10.428,-23.0,259.00153,1164967885004450,time,2019-11-19T18:25:58-08:00,37.5387783,-122.2981271,0.008594527,1574216758.0,1574216757.15,10.293322777748108,POINT (-122.2981271 37.5387783),android,0.1803212830804008,-0.077756735113199,0.02456936057022873
964,10.714,-24.0,251.36617,1164968888283825,time,2019-11-19T18:25:59-08:00,37.5387777,-122.298129,0.07987112,1574216759.0,1574216758.15,10.293600555525886,POINT (-122.298129 37.5387777),android,0.1025645479672018,-0.05318737454297027,0.0038102011187387402
965,11.0,-24.0,249.33435,1164969884423824,time,2019-11-19T18:26:00-08:00,37.5387774,-122.2981301,0.089667015,1574216760.0,1574216759.16,10.293878333303663,POINT (-122.2981301 37.5387774),android,0.04937717342423153,-0.04937717342423153,0.05819427625817138
966,11.571,-24.0,248.39189,1164970884710907,time,2019-11-19T18:26:01-08:00,37.5387772,-122.2981306,0.071475595,1574216761.0,1574216760.159,10.294156111081442,POINT (-122.2981306 37.5387772),android,0.0,0.008817102833939855,0.024060319909529483
967,11.714,-24.0,246.59276,1164971876668303,time,2019-11-19T18:26:02-08:00,37.5387772,-122.2981306,0.040400397,1574216762.0,1574216761.161,10.294433888859219,POINT (-122.2981306 37.5387772),android,0.008817102833939855,0.03287742274346934,-0.045878483691436114
968,11.857,-24.0,243.69211,1164972884007782,time,2019-11-19T18:26:03-08:00,37.5387772,-122.2981305,0.017553555,1574216763.0,1574216762.144,10.294711666636998,POINT (-122.2981305 37.5387772),android,0.04169452557740919,-0.01300106094796678,-0.006875300812061506
969,12.0,-24.0,244.97699,1164974015079448,time,2019-11-19T18:26:04-08:00,37.538777,-122.2981309,0.025957257,1574216764.0,1574216763.377,10.294989444414774,POINT (-122.2981309 37.538777),android,0.028693464629442413,-0.019876361760028285,0.022178751685013508
970,12.0,-24.0,243.95154,1164974876176062,time,2019-11-19T18:26:05-08:00,37.5387769,-122.2981312,0.028402885,1574216765.0,1574216764.151,10.295267222192553,POINT (-122.2981312 37.5387769),android,0.008817102869414126,0.0023023899249852223,-0.01342188271938457
971,12.0,-24.0,243.4102,1164975854450176,time,2019-11-19T18:26:06-08:00,37.5387769,-122.2981313,0.022522358,1574216766.0,1574216765.109,10.29554499997033,POINT (-122.2981313 37.5387769),android,0.011119492794399348,-0.011119492794399348,0.028753698556877115
972,12.0,-24.0,243.06812,1164976856631947,time,2019-11-19T18:26:07-08:00,37.5387768,-122.2981313,0.01315065,1574216767.0,1574216766.138,10.295822777748107,POINT (-122.2981313 37.5387768),android,0.0,0.01763420576247777,-0.0264513073907309
973,12.0,-24.0,223.24654,1164977874803717,time,2019-11-19T18:26:08-08:00,37.5387768,-122.2981313,0.007802464,1574216768.0,1574216767.181,10.296100555525886,POINT (-122.2981313 37.5387768),android,0.01763420576247777,-0.00881710162825313,0.036979777733957296
974,12.0,-24.0,144.84875,1164978877933300,time,2019-11-19T18:26:09-08:00,37.5387768,-122.2981311,0.005041315,1574216769.0,1574216768.155,10.296378333303663,POINT (-122.2981311 37.5387768),android,0.00881710413422464,0.028162676105704165,-0.04750825060680472
975,12.0,-24.0,87.225235,1164979874931425,time,2019-11-19T18:26:10-08:00,37.5387768,-122.298131,0.007567721,1574216770.0,1574216769.152,10.296656111081441,POINT (-122.298131 37.5387768),android,0.0369797802399288,-0.01934557450110055,0.010528471631686425
976,12.0,-24.0,75.26059,1164980865177466,time,2019-11-19T18:26:11-08:00,37.5387769,-122.2981306,0.019195003,1574216771.0,1574216770.164,10.296933888859218,POINT (-122.2981306 37.5387769),android,0.017634205738828252,-0.008817102869414126,0.0
977,12.0,-24.0,82.40093,1164982139482986,time,2019-11-19T18:26:12-08:00,37.5387769,-122.2981304,0.015015941,1574216772.0,1574216771.4,10.297211666636997,POINT (-122.2981304 37.5387769),android,0.008817102869414126,-0.008817102869414126,0.019936595663813474
978,11.857,-24.0,85.5423,1164982857031006,time,2019-11-19T18:26:13-08:00,37.5387769,-122.2981305,0.008781974,1574216773.0,1574216772.128,10.297489444414774,POINT (-122.2981305 37.5387769),android,0.0,0.011119492794399348,-0.013421882707559812
979,11.714,-24.0,90.97852,1164983861501422,time,2019-11-19T18:26:14-08:00,37.5387769,-122.2981305,0.0037137424,1574216774.0,1574216773.129,10.297767222192553,POINT (-122.2981305 37.5387769),android,0.011119492794399348,-0.002302389913160464,0.02875370106284863
980,11.571,-24.0,136.58287,1164984858183505,time,2019-11-19T18:26:15-08:00,37.5387768,-122.2981305,0.004701831,1574216775.0,1574216774.141,10.29804499997033,POINT (-122.2981305 37.5387768),android,0.008817102881238884,0.026451311149688166,-0.04752872721263178
981,11.166,-24.0,118.475845,1164985867173557,time,2019-11-19T18:26:16-08:00,37.5387768,-122.2981304,0.007886411,1574216776.0,1574216775.134,10.298322777748108,POINT (-122.2981304 37.5387768),android,0.03526841403092705,-0.02107741606294361,0.021077416070290532
982,11.142,-23.0,98.51751,1164986879680275,time,2019-11-19T18:26:17-08:00,37.5387768,-122.29813,0.01685618,1574216777.0,1574216776.146,10.298600555525885,POINT (-122.29813 37.5387768),android,0.01419099796798344,7.346919947415209e-12,-0.01419099798267728
983,11.0,-23.0,108.511955,1164987898482463,time,2019-11-19T18:26:18-08:00,37.5387767,-122.2981299,0.013844054,1574216778.0,1574216777.165,10.298878333303664,POINT (-122.2981299 37.5387767),android,0.01419099797533036,-0.01419099797533036,0.01419099797533036
984,11.0,-23.0,139.35004,1164988889961993,time,2019-11-19T18:26:19-08:00,37.5387766,-122.29813,0.009106035,1574216779.0,1574216778.175,10.299156111081441,POINT (-122.29813 37.5387766),android,0.0,0.0,0.0
985,11.0,-23.0,145.7158,1164989886834597,time,2019-11-19T18:26:20-08:00,37.5387766,-122.29813,0.007208612,1574216780.0,1574216779.138,10.29943388885922,POINT (-122.29813 37.5387766),android,0.0,0.0,0.008817102904888397
986,10.833,-23.0,150.99156,1164990887256472,time,2019-11-19T18:26:21-08:00,37.5387766,-122.29813,0.004390605,1574216781.0,1574216780.187,10.299711666636997,POINT (-122.29813 37.5387766),android,0.0,0.008817102904888397,-0.017634205809776794
987,10.666,-23.0,155.52888,1164991881090013,time,2019-11-19T18:26:22-08:00,37.5387766,-122.29813,0.002090089,1574216782.0,1574216781.175,10.299989444414775,POINT (-122.29813 37.5387766),android,0.008817102904888397,-0.008817102904888397,0.019936595699287747
988,10.714,-23.0,251.31158,1164992878284544,time,2019-11-19T18:26:23-08:00,37.5387766,-122.2981301,0.0023369435,1574216783.0,1574216782.123,10.300267222192552,POINT (-122.2981301 37.5387766),android,0.0,0.011119492794399348,-0.022238985588798697
989,10.666,-23.0,268.1939,1164993891034335,time,2019-11-19T18:26:24-08:00,37.5387766,-122.2981301,0.00280041,1574216784.0,1574216783.149,10.300544999970331,POINT (-122.2981301 37.5387766),android,0.011119492794399348,-0.011119492794399348,0.022238985588798697
990,10.6,-23.0,217.49174,1164994947031470,time,2019-11-19T18:26:25-08:00,37.5387765,-122.2981301,0.0036172122,1574216785.0,1574216784.234,10.300822777748108,POINT (-122.2981301 37.5387765),android,0.0,0.011119492794399348,-0.008047987613468336
991,10.833,-23.0,258.594,1164995889965637,time,2019-11-19T18:26:26-08:00,37.5387765,-122.2981301,0.0014690931,1574216786.0,1574216785.176,10.301100555525887,POINT (-122.2981301 37.5387765),android,0.011119492794399348,0.003071505180931012,-0.006143010361862024
992,11.0,-24.0,336.70062,1164997114069489,time,2019-11-19T18:26:27-08:00,37.5387766,-122.2981301,0.0015551074,1574216787.0,1574216786.383,10.301378333303663,POINT (-122.2981301 37.5387766),android,0.01419099797533036,-0.003071505180931012,0.0007691152914200607
993,11.0,-23.0,24.006311,1164997871780218,time,2019-11-19T18:26:28-08:00,37.5387767,-122.29813,0.0049483855,1574216788.0,1574216787.142,10.30165611108144,POINT (-122.29813 37.5387767),android,0.011119492794399348,-0.002302389889510951,0.004604779779021902
994,11.0,-24.0,60.247997,1164998893238759,time,2019-11-19T18:26:29-08:00,37.5387766,-122.29813,0.0030213222,1574216789.0,1574216788.167,10.30193388885922,POINT (-122.29813 37.5387766),android,0.008817102904888397,0.002302389889510951,0.0007691152914200607
995,11.142,-24.0,88.46761,1164999808169540,time,2019-11-19T18:26:30-08:00,37.5387766,-122.2981299,0.004482151,1574216790.0,1574216789.078,10.302211666636996,POINT (-122.2981299 37.5387766),android,0.011119492794399348,0.003071505180931012,-0.006143010361862024
996,11.428,-24.0,38.21737,1165000879020009,time,2019-11-19T18:26:31-08:00,37.5387767,-122.2981299,0.0029507955,1574216791.0,1574216790.179,10.302489444414775,POINT (-122.2981299 37.5387767),android,0.01419099797533036,-0.003071505180931012,0.0030715043908435373
997,11.571,-24.0,249.03229,1165001891777456,time,2019-11-19T18:26:32-08:00,37.5387766,-122.29813,0.00011711474,1574216792.0,1574216791.162,10.302767222192552,POINT (-122.29813 37.5387766),android,0.011119492794399348,-7.900874746114006e-10,1.5801749492228012e-09
998,11.666,-24.0,192.14664,1165002890089695,time,2019-11-19T18:26:33-08:00,37.5387765,-122.29813,0.0041233418,1574216793.0,1574216792.175,10.30304499997033,POINT (-122.29813 37.5387765),android,0.011119492004311874,7.900874746114006e-10,0.0030715044202312084
999,11.571,-24.0,186.95662,1165003883635112,time,2019-11-19T18:26:34-08:00,37.5387764,-122.29813,0.0073710196,1574216794.0,1574216793.159,10.303322777748107,POINT (-122.29813 37.5387764),android,0.011119492794399348,0.003071505210318683,-0.017262503215036716
1000,11.571,-24.0,183.99944,1165004802114330,time,2019-11-19T18:26:35-08:00,37.5387763,-122.29813,0.009737575,1574216795.0,1574216794.088,10.303600555525886,POINT (-122.29813 37.5387763),android,0.014190998004718031,-0.014190998004718031,0.02300810220989122
1001,11.166,-24.0,169.23035,1165005890929434,time,2019-11-19T18:26:36-08:00,37.5387762,-122.2981299,0.01103461,1574216796.0,1574216795.194,10.303878333303663,POINT (-122.2981299 37.5387762),android,0.0,0.00881710420517319,-0.008817105458158957
1002,11.0,-24.0,161.84088,1165006893814381,time,2019-11-19T18:26:37-08:00,37.5387762,-122.2981299,0.008458547,1574216797.0,1574216796.146,10.304156111081442,POINT (-122.2981299 37.5387762),android,0.00881710420517319,-1.25298576722499e-09,0.0023023910951976926
1003,11.0,-24.0,136.72182,1165007890630579,time,2019-11-19T18:26:38-08:00,37.5387762,-122.2981298,0.006620697,1574216798.0,1574216797.167,10.304433888859219,POINT (-122.2981298 37.5387762),android,0.008817102952187423,0.0023023898422119254,0.008817102952187423
1004,11.0,-24.0,109.95397,1165008893424433,time,2019-11-19T18:26:39-08:00,37.5387762,-122.2981297,0.0068066022,1574216799.0,1574216798.159,10.304711666636997,POINT (-122.2981297 37.5387762),android,0.011119492794399348,0.011119492794399348,-0.03335847838319805
1005,11.0,-24.0,155.71146,1165009809271568,time,2019-11-19T18:26:40-08:00,37.5387761,-122.2981297,0.0075294855,1574216800.0,1574216799.089,10.304989444414774,POINT (-122.2981297 37.5387761),android,0.022238985588798697,-0.022238985588798697,0.03335847759311057
1006,11.0,-24.0,161.50304,1165010891029849,time,2019-11-19T18:26:41-08:00,37.5387759,-122.2981297,0.010271144,1574216801.0,1574216800.174,10.305267222192553,POINT (-122.2981297 37.5387759),android,0.0,0.011119492004311874,-0.022238984008623747
1007,10.857,-24.0,160.43869,1165011892763807,time,2019-11-19T18:26:42-08:00,37.5387759,-122.2981297,0.00812168,1574216802.0,1574216801.149,10.30554499997033,POINT (-122.2981297 37.5387759),android,0.011119492004311874,-0.011119492004311874,0.022238984798711222
1008,10.666,-24.0,167.69676,1165012920078598,time,2019-11-19T18:26:43-08:00,37.5387758,-122.2981297,0.008115022,1574216803.0,1574216802.213,10.305822777748109,POINT (-122.2981297 37.5387758),android,0.0,0.011119492794399348,-0.022238985588798697
1009,10.5,-24.0,171.08215,1165013894242920,time,2019-11-19T18:26:44-08:00,37.5387758,-122.2981297,0.0058494145,1574216804.0,1574216803.167,10.306100555525886,POINT (-122.2981297 37.5387758),android,0.011119492794399348,-0.011119492794399348,0.022238985588798697
1010,10.2,-24.0,176.83176,1165014810878805,time,2019-11-19T18:26:45-08:00,37.5387757,-122.2981297,0.006727226,1574216805.0,1574216804.072,10.306378333303664,POINT (-122.2981297 37.5387757),android,0.0,0.011119492794399348,-0.008047987547346078
1011,10.142,-24.0,178.24158,1165015890859586,time,2019-11-19T18:26:46-08:00,37.5387757,-122.2981297,0.0015681246,1574216806.0,1574216805.163,10.306656111081441,POINT (-122.2981297 37.5387757),android,0.011119492794399348,0.0030715052470532706,-0.01726250328850589
1012,10.0,-24.0,357.3869,1165016900729117,time,2019-11-19T18:26:47-08:00,37.5387758,-122.2981297,0.0010734982,1574216807.0,1574216806.154,10.30693388885922,POINT (-122.2981297 37.5387758),android,0.014190998041452619,-0.014190998041452619,0.028381996861406165
1013,10.0,-24.0,239.2269,1165017871905002,time,2019-11-19T18:26:48-08:00,37.5387757,-122.2981298,0.0030715857,1574216808.0,1574216807.124,10.307211666636997,POINT (-122.2981298 37.5387757),android,0.0,0.014190998819953546,-0.02838199763990709
1014,10.0,-24.0,233.64398,1165018873025002,time,2019-11-19T18:26:49-08:00,37.5387757,-122.2981298,0.0034562522,1574216809.0,1574216808.132,10.307489444414774,POINT (-122.2981298 37.5387757),android,0.014190998819953546,-0.014190998819953546,0.025310490824265418
1015,10.0,-24.0,288.96252,1165019810159064,time,2019-11-19T18:26:50-08:00,37.5387758,-122.2981299,0.0049138553,1574216810.0,1574216809.079,10.307767222192552,POINT (-122.2981299 37.5387758),android,0.0,0.011119492004311874,-0.022238984008623747
1016,10.0,-24.0,302.38943,1165020890676095,time,2019-11-19T18:26:51-08:00,37.5387758,-122.2981299,0.004555207,1574216811.0,1574216810.158,10.30804499997033,POINT (-122.2981299 37.5387758),android,0.011119492004311874,-0.011119492004311874,0.011119492004311874
1017,10.0,-24.0,336.48602,1165021901819428,time,2019-11-19T18:26:52-08:00,37.5387759,-122.2981299,0.005495913,1574216812.0,1574216811.174,10.308322777748108,POINT (-122.2981299 37.5387759),android,0.0,0.0,0.0
1018,10.0,-24.0,347.56305,1165022900260729,time,2019-11-19T18:26:53-08:00,37.5387759,-122.2981299,0.0045709787,1574216813.0,1574216812.174,10.308600555525885,POINT (-122.2981299 37.5387759),android,0.0,0.0,0.008817104240647468
1019,10.0,-24.0,354.62692,1165023893154427,time,2019-11-19T18:26:54-08:00,37.5387759,-122.2981299,0.0029834164,1574216814.0,1574216813.173,10.308878333303664,POINT (-122.2981299 37.5387759),android,0.0,0.008817104240647468,-0.00881710549363324
1020,10.2,-24.0,0.6157092,1165024811250052,time,2019-11-19T18:26:55-08:00,37.5387759,-122.2981299,0.001747498,1574216815.0,1574216814.099,10.30915611108144,POINT (-122.2981299 37.5387759),android,0.008817104240647468,-1.2529857724291604e-09,0.005373896458850119
1021,10.5,-24.0,75.244576,1165025891495468,time,2019-11-19T18:26:56-08:00,37.5387759,-122.2981298,0.0026746625,1574216816.0,1574216815.186,10.30943388885922,POINT (-122.2981298 37.5387759),android,0.008817102987661696,0.0053738952058643465,-0.005373895984365306
1022,10.571,-24.0,88.20192,1165026873095936,time,2019-11-19T18:26:57-08:00,37.5387759,-122.2981297,0.005414939,1574216817.0,1574216816.171,10.309711666636996,POINT (-122.2981297 37.5387759),android,0.014190998193526042,-7.785009598776371e-10,-0.014190996636524122
1023,10.714,-24.0,112.95295,1165027890771613,time,2019-11-19T18:26:58-08:00,37.5387758,-122.2981296,0.00801135,1574216818.0,1574216817.157,10.309989444414775,POINT (-122.2981296 37.5387758),android,0.014190997415025082,-0.014190997415025082,0.025310489419336956
1024,11.0,-24.0,92.89678,1165028898434165,time,2019-11-19T18:26:59-08:00,37.5387759,-122.2981295,0.008471091,1574216819.0,1574216818.175,10.310267222192552,POINT (-122.2981295 37.5387759),android,0.0,0.011119492004311874,-0.011119492004311874
1025,11.0,-24.0,84.49096,1165029808348279,time,2019-11-19T18:27:00-08:00,37.5387759,-122.2981295,0.0068048188,1574216820.0,1574216819.066,10.31054499997033,POINT (-122.2981295 37.5387759),android,0.011119492004311874,0.0,0.0
1026,11.0,-24.0,143.49553,1165030890690049,time,2019-11-19T18:27:01-08:00,37.5387758,-122.2981295,0.002704739,1574216821.0,1574216820.209,10.310822777748108,POINT (-122.2981295 37.5387758),android,0.011119492004311874,0.0,1.3964547290442968
1027,11.0,-24.0,82.31257,1165031892464528,time,2019-11-19T18:27:02-08:00,37.5387759,-122.2981295,0.0015778175,1574216822.0,1574216821.166,10.311100555525886,POINT (-122.2981295 37.5387759),android,0.011119492004311874,1.3964547290442968,-0.32200705441432165
1028,11.0,-24.0,150.85167,1165032879838382,time,2019-11-19T18:27:03-08:00,37.5387758,-122.2981295,0.0023083023,1574216823.0,1574216822.176,10.311378333303663,POINT (-122.2981295 37.5387758),android,1.4075742210486086,1.0744476746299751,-2.8643037903287842
1029,11.0,-24.0,330.13855,1165033892954111,time,2019-11-19T18:27:04-08:00,37.5387868,-122.2981374,0.6043344,1574216824.0,1574216823.183,10.311656111081442,POINT (-122.2981374 37.5387868),android,2.482021895678584,-1.789856115698809,2.0716428185398934
1030,11.0,-28.0,163.77206,1165034843132756,time,2019-11-19T18:27:05-08:00,37.5387668,-122.2981499,0.6140991,1574216825.0,1574216824.098,10.311933888859219,POINT (-122.2981499 37.5387668),android,0.6921657799797748,0.28178670284108454,0.10483890314464273
1031,11.0,-26.0,114.68324,1165035880759943,time,2019-11-19T18:27:06-08:00,37.5387606,-122.2981506,0.49367276,1574216826.0,1574216825.15,10.312211666636998,POINT (-122.2981506 37.5387606),android,0.9739524828208593,0.38662560598572726,1.7623067456634627
1032,11.142,-23.0,121.897316,1165036883224422,time,2019-11-19T18:27:07-08:00,37.5387614,-122.2981396,0.6438223,1574216827.0,1574216826.144,10.312489444414775,POINT (-122.2981396 37.5387614),android,1.3605780888065866,2.14893235164919,-2.7148468079433603
1033,11.166,-20.0,158.76724,1165038095258172,time,2019-11-19T18:27:08-08:00,37.5387529,-122.2981285,0.89636266,1574216828.0,1574216827.354,10.312767222192551,POINT (-122.2981285 37.5387529),android,3.509510440455777,-0.5659144562941703,-0.30631012396001234
1034,11.142,-18.0,163.89828,1165038878608223,time,2019-11-19T18:27:09-08:00,37.5387225,-122.2981178,1.9029384,1574216829.0,1574216828.164,10.31304499997033,POINT (-122.2981178 37.5387225),android,2.9435959841616066,-0.8722245802541826,0.22876815361537828
1035,11.2,-19.0,138.22485,1165039850814004,time,2019-11-19T18:27:10-08:00,37.5386969,-122.2981093,1.4412404,1574216830.0,1574216829.115,10.313322777748107,POINT (-122.2981093 37.5386969),android,2.071371403907424,-0.6434564266388043,1.7848918213196674
1036,11.166,-19.0,139.81094,1165040885915983,time,2019-11-19T18:27:11-08:00,37.538682,-122.2980952,1.4431132,1574216831.0,1574216830.166,10.313600555525886,POINT (-122.2980952 37.538682),android,1.4279149772686197,1.141435394680863,-1.7173471698962695
1037,11.0,-18.0,148.45514,1165041889899368,time,2019-11-19T18:27:12-08:00,37.5386716,-122.2980857,1.4956876,1574216832.0,1574216831.142,10.313878333303663,POINT (-122.2980857 37.5386716),android,2.569350371949483,-0.5759117752154064,1.220131117796368
1038,11.0,-17.0,146.16061,1165043173344471,time,2019-11-19T18:27:13-08:00,37.5386525,-122.2980693,1.9182628,1574216833.0,1574216832.432,10.314156111081441,POINT (-122.2980693 37.5386525),android,1.9934385967340764,0.6442193425809617,-0.5655347372088635
1039,11.166,-18.0,139.55843,1165043896701242,time,2019-11-19T18:27:14-08:00,37.5386396,-122.2980536,2.085779,1574216834.0,1574216833.183,10.314433888859218,POINT (-122.2980536 37.5386396),android,2.637657939315038,0.0786846053720982,0.5561375113309741
1040,11.2,-19.0,136.2739,1165044873182960,time,2019-11-19T18:27:15-08:00,37.5386237,-122.2980314,2.4961998,1574216835.0,1574216834.133,10.314711666636997,POINT (-122.2980314 37.5386237),android,2.7163425446871363,0.6348221167030723,-0.1501109534798939
1041,11.166,-17.0,138.65672,1165045791226345,time,2019-11-19T18:27:16-08:00,37.5386091,-122.2980067,2.444133,1574216836.0,1574216835.065,10.314989444414774,POINT (-122.2980067 37.5386091),android,3.3511646613902086,0.4847111632231784,-1.062389458112078
1042,11.142,-16.0,141.75623,1165046855053897,time,2019-11-19T18:27:17-08:00,37.53859,-122.2979773,3.0183291,1574216837.0,1574216836.129,10.315267222192553,POINT (-122.2979773 37.53859),android,3.835875824613387,-0.5776782948888997,0.8767757344037355
1043,11.142,-16.0,141.9072,1165047863884782,time,2019-11-19T18:27:18-08:00,37.5385645,-122.297948,3.152539,1574216838.0,1574216837.126,10.31554499997033,POINT (-122.297948 37.5385645),android,3.2581975297244874,0.2990974395148358,-0.05703823072756542
1044,11.142,-16.0,140.14664,1165048856912646,time,2019-11-19T18:27:19-08:00,37.5385436,-122.2979221,3.046104,1574216839.0,1574216838.106,10.315822777748108,POINT (-122.2979221 37.5385436),android,3.557294969239323,0.24205920878727039,-0.27422270538847293
1045,11.0,-16.0,142.62962,1165049846742594,time,2019-11-19T18:27:20-08:00,37.5385199,-122.297895,3.2485414,1574216840.0,1574216839.092,10.316100555525885,POINT (-122.297895 37.5385199),android,3.7993541780265936,-0.032163496601202546,0.037319534008265265
1046,11.0,-16.0,141.45764,1165050798798114,time,2019-11-19T18:27:21-08:00,37.5384947,-122.2978659,3.4724166,1574216841.0,1574216840.046,10.316378333303664,POINT (-122.2978659 37.5384947),android,3.767190681425391,0.005156037407062719,1.4756120922052496
1047,11.166,-17.0,145.07414,1165051892027489,time,2019-11-19T18:27:22-08:00,37.538468,-122.2978396,3.518673,1574216842.0,1574216841.174,10.316656111081441,POINT (-122.2978396 37.538468),android,3.7723467188324538,1.4807681296123123,-0.6049441129601734
1048,11.333,-18.0,144.35648,1165052892717488,time,2019-11-19T18:27:23-08:00,37.5384407,-122.2978142,3.7896771,1574216843.0,1574216842.161,10.31693388885922,POINT (-122.2978142 37.5384407),android,5.253114848444766,0.8758240166521389,-0.1918042785042271
1049,11.333,-16.0,144.47256,1165053884676551,time,2019-11-19T18:27:24-08:00,37.5384033,-122.2977778,4.6245723,1574216844.0,1574216843.139,10.317211666636997,POINT (-122.2977778 37.5384033),android,6.128938865096905,0.6840197381479118,-0.10127934102759895
1050,11.4,-15.0,144.22412,1165054852122644,time,2019-11-19T18:27:25-08:00,37.538358,-122.2977382,5.0096245,1574216845.0,1574216844.124,10.317489444414775,POINT (-122.2977382 37.538358),android,6.812958603244817,0.5827403971203129,-0.9945207367538504
1051,11.285,-17.0,144.76982,1165055795001342,time,2019-11-19T18:27:26-08:00,37.5383072,-122.297695,5.344042,1574216846.0,1574216845.06,10.317767222192552,POINT (-122.297695 37.5383072),android,7.39569900036513,-0.41178033963353755,0.975522492843047
1052,11.166,-17.0,146.73708,1165056892328216,time,2019-11-19T18:27:27-08:00,37.5382494,-122.2976535,5.8021135,1574216847.0,1574216846.163,10.318044999970331,POINT (-122.2976535 37.5382494),android,6.983918660731592,0.5637421532095095,0.9222429325419723
1053,11.142,-17.0,145.01682,1165057886203841,time,2019-11-19T18:27:28-08:00,37.5381965,-122.2976108,5.9710135,1574216848.0,1574216847.15,10.318322777748108,POINT (-122.2976108 37.5381965),android,7.547660813941102,1.4859850857514818,-4.06247962616274
1054,11.0,-16.0,146.5898,1165058873058892,time,2019-11-19T18:27:29-08:00,37.5381379,-122.2975676,6.389259,1574216849.0,1574216848.142,10.318600555525885,POINT (-122.2975676 37.5381379),android,9.033645899692583,-2.5764945404112582,3.6601932077833634
1055,11.2,-15.0,147.17844,1165060110729776,time,2019-11-19T18:27:30-08:00,37.5380679,-122.2975156,6.746525,1574216850.0,1574216849.342,10.318878333303664,POINT (-122.2975156 37.5380679),android,6.457151359281325,1.0836986673721052,-0.7323979268989875
1056,11.4,-13.0,146.33673,1165060892542589,time,2019-11-19T18:27:31-08:00,37.5380186,-122.2974769,6.900167,1574216851.0,1574216850.148,10.31915611108144,POINT (-122.2974769 37.5380186),android,7.54085002665343,0.35130074047311766,-0.8854998627273964
1057,11.571,-12.0,146.94771,1165061788623682,time,2019-11-19T18:27:32-08:00,37.5379587,-122.2974368,6.9951334,1574216852.0,1574216851.085,10.31943388885922,POINT (-122.2974368 37.5379587),android,7.892150767126548,-0.5341991222542788,2.6950594669825545
1058,11.714,-13.0,143.94391,1165062863113682,time,2019-11-19T18:27:33-08:00,37.5378973,-122.2973919,7.059155,1574216853.0,1574216852.12,10.319711666636996,POINT (-122.2973919 37.5378973),android,7.357951644872269,2.1608603447282757,-7.074222290994309
1059,11.857,-14.0,141.97821,1165063860294827,time,2019-11-19T18:27:34-08:00,37.5378445,-122.2973416,7.2415724,1574216854.0,1574216853.163,10.319989444414775,POINT (-122.2973416 37.5378445),android,9.518811989600545,-4.913361946266034,9.084949275967078
1060,12.0,-15.0,145.48354,1165065153667534,time,2019-11-19T18:27:35-08:00,37.5377718,-122.2972846,7.6564827,1574216855.0,1574216854.417,10.320267222192552,POINT (-122.2972846 37.5377718),android,4.605450043334511,4.171587329701045,-5.008261456120393
1061,12.0,-14.0,143.58012,1165065804772899,time,2019-11-19T18:27:36-08:00,37.5377412,-122.2972494,7.4192915,1574216856.0,1574216855.077,10.32054499997033,POINT (-122.2972494 37.5377412),android,8.777037373035556,-0.8366741264193482,2.483447203020777
1062,12.0,-14.0,141.21947,1165066951240086,time,2019-11-19T18:27:37-08:00,37.5376797,-122.297187,7.800387,1574216857.0,1574216856.254,10.320822777748107,POINT (-122.297187 37.5376797),android,7.940363246616208,1.6467730766014288,0.27760257046062087
1063,12.2,-13.0,142.82446,1165067874319148,time,2019-11-19T18:27:38-08:00,37.5376209,-122.2971359,8.287574,1574216858.0,1574216857.14,10.321100555525886,POINT (-122.2971359 37.5376209),android,9.587136323217637,1.9243756470620497,-1.457871034393051
1064,12.2,-13.0,140.78738,1165068880006804,time,2019-11-19T18:27:39-08:00,37.5375556,-122.2970649,8.760307,1574216859.0,1574216858.149,10.321378333303663,POINT (-122.2970649 37.5375556),android,11.511511970279686,0.4665046126689987,0.33082771859513294
1065,12.166,-13.0,141.79614,1165069864302689,time,2019-11-19T18:27:40-08:00,37.5374727,-122.2969867,9.72227,1574216860.0,1574216859.158,10.321656111081442,POINT (-122.2969867 37.5374727),android,11.978016582948685,0.7973323312641316,0.3937732325670851
1066,12.2,-14.0,142.30402,1165070861353105,time,2019-11-19T18:27:41-08:00,37.5373839,-122.2969098,10.213171,1574216861.0,1574216860.13,10.321933888859219,POINT (-122.2969098 37.5373839),android,12.775348914212817,1.1911055638312167,-6.158806968331037
1067,12.166,-12.0,143.64964,1165071860397323,time,2019-11-19T18:27:42-08:00,37.5372879,-122.2968302,10.783067,1574216862.0,1574216861.149,10.322211666636997,POINT (-122.2968302 37.5372879),android,13.966454478044033,-4.96770140449982,8.09475912967244
1068,12.0,-12.0,144.28142,1165073116667843,time,2019-11-19T18:27:43-08:00,37.5371832,-122.2967427,10.760874,1574216863.0,1574216862.381,10.322489444414774,POINT (-122.2967427 37.5371832),android,8.998753073544213,3.1270577251726195,-3.570011591145306
1069,12.0,-12.0,144.34169,1165073856047634,time,2019-11-19T18:27:44-08:00,37.5371157,-122.2966864,10.906236,1574216864.0,1574216863.119,10.322767222192553,POINT (-122.2966864 37.5371157),android,12.125810798716833,-0.4429538659726866,2.972813817362537
1070,12.0,-12.0,143.4486,1165074878436592,time,2019-11-19T18:27:45-08:00,37.537027,-122.2966064,11.107108,1574216865.0,1574216864.195,10.32304499997033,POINT (-122.2966064 37.537027),android,11.682856932744146,2.5298599513898505,-3.436468203770799
1071,12.0,-14.0,142.96158,1165075886164561,time,2019-11-19T18:27:46-08:00,37.5369423,-122.296528,11.227579,1574216866.0,1574216865.16,10.323322777748109,POINT (-122.296528 37.5369423),android,14.212716884133997,-0.9066082523809484,-3.1614908408760396
1072,12.0,-13.0,144.55582,1165076895592269,time,2019-11-19T18:27:47-08:00,37.5368348,-122.2964408,12.1439705,1574216867.0,1574216866.166,10.323600555525886,POINT (-122.2964408 37.5368348),android,13.306108631753048,-4.068099093256988,5.869741357727335
1073,12.2,-12.0,144.31116,1165078178027267,time,2019-11-19T18:27:48-08:00,37.5367368,-122.2963542,11.25548,1574216868.0,1574216867.432,10.323878333303664,POINT (-122.2963542 37.5367368),android,9.23800953849606,1.8016422644703471,1.3192511749716775
1074,12.4,-12.0,142.24954,1165078876151746,time,2019-11-19T18:27:49-08:00,37.536676,-122.2962828,11.624646,1574216869.0,1574216868.144,10.324156111081441,POINT (-122.2962828 37.536676),android,11.039651802966407,3.1208934394420247,-0.6249837225800192
1075,12.6,-11.0,142.18993,1165079879071433,time,2019-11-19T18:27:50-08:00,37.5365968,-122.2962073,11.282819,1574216870.0,1574216869.144,10.324433888859218,POINT (-122.2962073 37.5365968),android,14.160545242408432,2.4959097168620055,-3.7881124443396548
1076,13.0,-12.0,144.43907,1165080895616954,time,2019-11-19T18:27:51-08:00,37.5364888,-122.2961222,12.296728,1574216871.0,1574216870.228,10.324711666636997,POINT (-122.2961222 37.5364888),android,16.656454959270437,-1.2922027274776493,2.1635549190370895
1077,13.2,-12.0,143.21925,1165082055331953,time,2019-11-19T18:27:52-08:00,37.5363699,-122.2960073,13.095975,1574216872.0,1574216871.314,10.324989444414774,POINT (-122.2960073 37.5363699),android,15.364252231792788,0.8713521915594402,-2.7515714476320934
1078,13.0,-13.0,143.00822,1165082878862839,time,2019-11-19T18:27:53-08:00,37.5362588,-122.2959037,14.256759,1574216873.0,1574216872.149,10.325267222192553,POINT (-122.2959037 37.5362588),android,16.23560442335223,-1.8802192560726532,4.638692999148464
1079,12.8,-16.0,143.13252,1165083895741536,time,2019-11-19T18:27:54-08:00,37.5361402,-122.2957963,14.570947,1574216874.0,1574216873.172,10.32554499997033,POINT (-122.2957963 37.5361402),android,14.355385167279575,2.758473743075811,-7.9834668702355245
1080,12.6,-16.0,143.24596,1165084897882317,time,2019-11-19T18:27:55-08:00,37.5360357,-122.2957007,14.401212,1574216875.0,1574216874.174,10.325822777748108,POINT (-122.2957007 37.5360357),android,17.113858910355386,-5.224993127159713,9.153821627227437
1081,12.2,-16.0,143.85301,1165086127309972,time,2019-11-19T18:27:56-08:00,37.5359083,-122.2955918,14.32365,1574216876.0,1574216875.391,10.326100555525885,POINT (-122.2955918 37.5359083),android,11.888865783195673,3.9288285000677234,-3.413271452091646
1082,12.166,-16.0,143.60463,1165086877460232,time,2019-11-19T18:27:57-08:00,37.5358212,-122.2955136,14.655609,1574216877.0,1574216876.151,10.326378333303664,POINT (-122.2955136 37.5358212),android,15.817694283263396,0.5155570479760776,-1.1249492014778095
1083,12.0,-17.0,142.93959,1165087881339294,time,2019-11-19T18:27:58-08:00,37.5357049,-122.2954103,15.035873,1574216878.0,1574216877.177,10.32665611108144,POINT (-122.2954103 37.5357049),android,16.333251331239474,-0.6093921535017319,5.06774774010848
1084,12.166,-17.0,143.75221,1165088888543721,time,2019-11-19T18:27:59-08:00,37.5355808,-122.2953112,15.464055,1574216879.0,1574216878.195,10.32693388885922,POINT (-122.2953112 37.5355808),android,15.723859177737742,4.458355586606748,-10.696834740874761
1085,12.333,-17.0,142.52563,1165089891685127,time,2019-11-19T18:28:00-08:00,37.5354687,-122.2952025,15.517495,1574216880.0,1574216879.169,10.327211666636996,POINT (-122.2952025 37.5354687),android,20.18221476434449,-6.238479154268013,11.421413628069995
1086,12.6,-18.0,142.748,1165091189618875,time,2019-11-19T18:28:01-08:00,37.5353233,-122.2950655,15.870296,1574216881.0,1574216880.47,10.327489444414775,POINT (-122.2950655 37.5353233),android,13.943735610076477,5.182934473801982,-6.140429834623021
1087,12.5,-18.0,142.51337,1165091869222000,time,2019-11-19T18:28:02-08:00,37.5352208,-122.2949744,16.876364,1574216882.0,1574216881.147,10.327767222192552,POINT (-122.2949744 37.5352208),android,19.12667008387846,-0.9574953608210386,3.1189518046391953
1088,12.6,-18.0,142.09888,1165092890934447,time,2019-11-19T18:28:03-08:00,37.5350837,-122.2948434,17.460583,1574216883.0,1574216882.162,10.32804499997033,POINT (-122.2948434 37.5350837),android,18.16917472305742,2.1614564438181567,-8.992927437353613
1089,12.2,-18.0,140.98161,1165093888648874,time,2019-11-19T18:28:04-08:00,37.5349579,-122.2947119,17.592304,1574216884.0,1574216883.156,10.328322777748108,POINT (-122.2947119 37.5349579),android,20.330631166875577,-6.831470993535456,11.778015537811807
1090,11.8,-20.0,140.46063,1165095182769967,time,2019-11-19T18:28:05-08:00,37.5348181,-122.2945633,16.883825,1574216885.0,1574216884.441,10.328600555525886,POINT (-122.2945633 37.5348181),android,13.49916017334012,4.946544544276351,-5.09346600625606
1091,11.666,-21.0,139.95209,1165095869464290,time,2019-11-19T18:28:06-08:00,37.5347229,-122.2944683,17.628336,1574216886.0,1574216885.166,10.328878333303663,POINT (-122.2944683 37.5347229),android,18.445704717616472,-0.14692146197970857,2.159780856676111
1092,11.2,-21.0,138.88133,1165096869639029,time,2019-11-19T18:28:07-08:00,37.5345974,-122.2943315,17.895077,1574216887.0,1574216886.141,10.329156111081442,POINT (-122.2943315 37.5345974),android,18.298783255636764,2.0128593946964024,-5.641434795159402
1093,11.0,-20.0,137.60219,1165097892942987,time,2019-11-19T18:28:08-08:00,37.5344789,-122.2941875,17.967236,1574216888.0,1574216887.176,10.329433888859219,POINT (-122.2941875 37.5344789),android,20.311642650333166,-3.6285754004629993,6.7348225972281135
1094,11.0,-21.0,137.48973,1165099027675278,time,2019-11-19T18:28:09-08:00,37.5343459,-122.2940296,18.131529,1574216889.0,1574216888.283,10.329711666636996,POINT (-122.2940296 37.5343459),android,16.683067249870167,3.106247196765114,-2.5667881502346255
1095,11.0,-21.0,136.90318,1165099881223716,time,2019-11-19T18:28:10-08:00,37.5342388,-122.2938971,18.632542,1574216890.0,1574216889.163,10.329989444414775,POINT (-122.2938971 37.5342388),android,19.78931444663528,0.5394590465304887,-0.7351361196706065
1096,11.0,-21.0,135.97278,1165100888519965,time,2019-11-19T18:28:11-08:00,37.534114,-122.2937371,19.09596,1574216891.0,1574216890.163,10.330267222192552,POINT (-122.2937371 37.534114),android,20.32877349316577,-0.19567707314011784,1.972339036494244
1097,11.0,-20.0,135.53043,1165101888870277,time,2019-11-19T18:28:12-08:00,37.533984,-122.293575,19.52992,1574216892.0,1574216891.17,10.33054499997033,POINT (-122.293575 37.533984),android,20.13309642002565,1.776661963354126,-7.633936145274195
1098,11.0,-20.0,136.34584,1165102891263194,time,2019-11-19T18:28:13-08:00,37.5338477,-122.2934247,19.699808,1574216893.0,1574216892.155,10.330822777748107,POINT (-122.2934247 37.5338477),android,21.909758383379778,-5.857274181920069,10.643057551075188
1099,11.0,-20.0,135.96004,1165104176894442,time,2019-11-19T18:28:14-08:00,37.5337055,-122.2932527,18.790344,1574216894.0,1574216893.44,10.331100555525886,POINT (-122.2932527 37.5337055),android,16.05248420145971,4.785783369155119,-5.041932408024234
1100,11.2,-21.0,135.6482,1165104890396473,time,2019-11-19T18:28:15-08:00,37.5336023,-122.2931254,19.828905,1574216895.0,1574216894.182,10.331378333303663,POINT (-122.2931254 37.5336023),android,20.83826757061483,-0.2561490388691148,1.482987865133591
1101,11.333,-20.0,132.80293,1165105885723660,time,2019-11-19T18:28:16-08:00,37.5334847,-122.2929414,20.114943,1574216896.0,1574216895.167,10.331656111081442,POINT (-122.2929414 37.5334847),android,20.582118531745714,1.2268388262644763,-3.74731548624651
1102,11.6,-19.0,131.67867,1165106895784233,time,2019-11-19T18:28:17-08:00,37.5333692,-122.292759,20.129463,1574216897.0,1574216896.195,10.331933888859218,POINT (-122.292759 37.5333692),android,21.80895735801019,-2.520476659982034,4.650988027380027
1103,11.8,-17.0,131.58206,1165108018804337,time,2019-11-19T18:28:18-08:00,37.5332444,-122.2925682,19.90874,1574216898.0,1574216897.285,10.332211666636997,POINT (-122.2925682 37.5332444),android,19.288480698028156,2.130511367397993,-2.3510168852210853
1104,11.833,-18.0,131.87422,1165108887051472,time,2019-11-19T18:28:19-08:00,37.5331297,-122.2924041,20.676994,1574216899.0,1574216898.16,10.332489444414774,POINT (-122.2924041 37.5331297),android,21.41899206542615,-0.22050551782309213,2.7498905585325844
1105,12.0,-19.0,132.34793,1165109889802409,time,2019-11-19T18:28:20-08:00,37.5329994,-122.2922252,20.895748,1574216900.0,1574216899.168,10.332767222192553,POINT (-122.2922252 37.5329994),android,21.198486547603057,2.529385040709492,-8.587149443733168
1106,12.0,-21.0,132.84715,1165110887023502,time,2019-11-19T18:28:21-08:00,37.5328681,-122.2920509,20.940325,1574216901.0,1574216900.192,10.33304499997033,POINT (-122.2920509 37.5328681),android,23.72787158831255,-6.0577644030236755,9.708260711222557
1107,11.8,-22.0,132.22525,1165112123497459,time,2019-11-19T18:28:22-08:00,37.5327283,-122.2918476,20.339388,1574216902.0,1574216901.394,10.333322777748108,POINT (-122.2918476 37.5327283),android,17.670107185288874,3.650496308198882,-2.7123850208021096
1108,11.666,-25.0,132.78952,1165112898554022,time,2019-11-19T18:28:23-08:00,37.5326182,-122.2917031,21.115683,1574216903.0,1574216902.205,10.333600555525885,POINT (-122.2917031 37.5326182),android,21.320603493487756,0.9381112873967723,-1.287363035238819
1109,11.666,-25.0,133.22408,1165113874788136,time,2019-11-19T18:28:24-08:00,37.5324849,-122.2915293,21.367605,1574216904.0,1574216903.152,10.333878333303664,POINT (-122.2915293 37.5324849),android,22.258714780884528,-0.3492517478420467,2.4786794747664835
1110,11.666,-26.0,133.7499,1165114877395531,time,2019-11-19T18:28:25-08:00,37.5323432,-122.291351,21.577692,1574216905.0,1574216904.16,10.334156111081441,POINT (-122.291351 37.5323432),android,21.90946303304248,2.129427726924437,-9.795616296128077
1111,11.666,-27.0,134.66733,1165115883519697,time,2019-11-19T18:28:26-08:00,37.5321998,-122.2911806,21.605112,1574216906.0,1574216905.173,10.33443388885922,POINT (-122.2911806 37.5321998),android,24.038890759966918,-7.666188569203641,13.331693622925176
1112,11.8,-31.0,134.76286,1165117195875373,time,2019-11-19T18:28:27-08:00,37.5320416,-122.2909948,20.456516,1574216907.0,1574216906.464,10.334711666636997,POINT (-122.2909948 37.5320416),android,16.372702190763277,5.665505053721535,-4.930400194121571
1113,11.833,-31.0,134.00734,1165117890439227,time,2019-11-19T18:28:28-08:00,37.5319391,-122.2908615,21.276793,1574216908.0,1574216907.176,10.334989444414775,POINT (-122.2908615 37.5319391),android,22.038207244484813,0.7351048595999643,1.3409275127444111
1114,12.0,-35.0,133.3576,1165118886313081,time,2019-11-19T18:28:29-08:00,37.5318031,-122.2906797,21.671038,1574216909.0,1574216908.16,10.335267222192552,POINT (-122.2906797 37.5318031),android,22.773312104084777,2.0760323723443754,-7.252397199024777
1115,12.0,-35.0,132.57016,1165119889855841,time,2019-11-19T18:28:30-08:00,37.5316649,-122.2904891,22.124466,1574216910.0,1574216909.159,10.33554499997033,POINT (-122.2904891 37.5316649),android,24.849344476429152,-5.176364826680402,9.627550819918653
1116,12.0,-35.0,132.18716,1165121054847663,time,2019-11-19T18:28:31-08:00,37.5315157,-122.2902793,21.926249,1574216911.0,1574216910.322,10.335822777748108,POINT (-122.2902793 37.5315157),android,19.67297964974875,4.451185993238251,-4.566961954385281
1117,12.0,-36.0,131.22218,1165121887997194,time,2019-11-19T18:28:32-08:00,37.5314015,-122.2901089,22.458061,1574216912.0,1574216911.162,10.336100555525885,POINT (-122.2901089 37.5314015),android,24.124165642987002,-0.1157759611470297,-0.7466063832076628
1118,12.0,-34.0,130.5038,1165122878994694,time,2019-11-19T18:28:33-08:00,37.5312635,-122.2898978,23.028301,1574216913.0,1574216912.178,10.336378333303664,POINT (-122.2898978 37.5312635),android,24.008389681839972,-0.8623823443546925,0.5546474562683734
1119,11.833,-33.0,130.24165,1165123877148964,time,2019-11-19T18:28:34-08:00,37.5311256,-122.2896883,23.153679,1574216914.0,1574216913.155,10.33665611108144,POINT (-122.2896883 37.5311256),android,23.14600733748528,-0.3077348880863191,0.13446553149794127
1120,11.666,-32.0,129.57741,1165124880536152,time,2019-11-19T18:28:35-08:00,37.5309971,-122.2894818,23.006144,1574216915.0,1574216914.143,10.33693388885922,POINT (-122.2894818 37.5309971),android,22.83827244939896,-0.17326935658837783,-0.2090496285363237
1121,11.5,-32.0,129.02426,1165125877070943,time,2019-11-19T18:28:36-08:00,37.5308723,-122.2892761,22.85838,1574216916.0,1574216915.15,10.337211666636996,POINT (-122.2892761 37.5308723),android,22.665003092810583,-0.3823189851247015,0.9819167277947933
1122,11.333,-33.0,128.14162,1165126886286203,time,2019-11-19T18:28:37-08:00,37.5307504,-122.2890701,22.602976,1574216917.0,1574216916.2,10.337489444414775,POINT (-122.2890701 37.5307504),android,22.28268410768588,0.5995977426700918,2.313751284675387
1123,11.0,-33.0,128.2705,1165127888471984,time,2019-11-19T18:28:38-08:00,37.530627,-122.288871,22.4454,1574216918.0,1574216917.151,10.337767222192552,POINT (-122.288871 37.530627),android,22.882281850355973,2.913349027345479,-9.44289308299194
1124,11.0,-34.0,129.30704,1165128875508285,time,2019-11-19T18:28:39-08:00,37.5304915,-122.2886757,22.798481,1574216919.0,1574216918.149,10.33804499997033,POINT (-122.2886757 37.5304915),android,25.795630877701452,-6.529544055646461,11.239063330559823
1125,11.0,-34.0,129.66588,1165130118219638,time,2019-11-19T18:28:40-08:00,37.5303396,-122.2884546,22.161057,1574216920.0,1574216919.387,10.338322777748107,POINT (-122.2884546 37.5303396),android,19.26608682205499,4.709519274913362,-4.368472757450231
1126,11.0,-36.0,131.01875,1165130885368440,time,2019-11-19T18:28:41-08:00,37.5302196,-122.288297,23.04166,1574216921.0,1574216920.159,10.338600555525886,POINT (-122.288297 37.5302196),android,23.975606096968352,0.3410465174631305,1.7511312945269815
1127,11.0,-36.0,131.76074,1165131864926929,time,2019-11-19T18:28:42-08:00,37.530072,-122.2880988,23.530563,1574216922.0,1574216921.135,10.338878333303663,POINT (-122.2880988 37.530072),android,24.316652614431483,2.092177811990112,-10.163554518231532
1128,11.166,-35.0,131.47919,1165132878183596,time,2019-11-19T18:28:43-08:00,37.529926,-122.2878935,23.686636,1574216923.0,1574216922.144,10.339156111081442,POINT (-122.2878935 37.529926),android,26.408830426421595,-8.07137670624142,13.712242882365832
1129,11.4,-36.0,129.88937,1165134114510626,time,2019-11-19T18:28:44-08:00,37.5297763,-122.287661,22.784273,1574216924.0,1574216923.377,10.339433888859219,POINT (-122.287661 37.5297763),android,18.337453720180175,5.640866176124412,-5.4587919901084305
1130,11.5,-36.0,128.80482,1165134899321251,time,2019-11-19T18:28:45-08:00,37.5296775,-122.2874945,22.922882,1574216925.0,1574216924.205,10.339711666636997,POINT (-122.2874945 37.5296775),android,23.978319896304587,0.18207418601598135,2.5967565584320234
1131,11.8,-35.0,128.29486,1165135886099219,time,2019-11-19T18:28:46-08:00,37.5295463,-122.2872787,23.336206,1574216926.0,1574216925.153,10.339989444414774,POINT (-122.2872787 37.5295463),android,24.16039408232057,2.7788307444480047,-6.865157640379806
1132,12.0,-34.0,128.06609,1165136886212969,time,2019-11-19T18:28:47-08:00,37.529415,-122.2870604,23.700733,1574216927.0,1574216926.145,10.340267222192553,POINT (-122.2870604 37.529415),android,26.939224826768573,-4.086326895931801,6.340717440495009
1133,12.0,-34.0,128.53447,1165138009363229,time,2019-11-19T18:28:48-08:00,37.5292643,-122.2868212,23.879978,1574216928.0,1574216927.302,10.34054499997033,POINT (-122.2868212 37.5292643),android,22.85289793083677,2.2543905445632078,-0.7866121403506057
1134,11.833,-33.0,129.91629,1165138896185208,time,2019-11-19T18:28:49-08:00,37.529126,-122.2866295,24.405947,1574216929.0,1574216928.178,10.340822777748109,POINT (-122.2866295 37.529126),android,25.10728847539998,1.467778404212602,-1.6174672041717741
1135,11.666,-33.0,130.60785,1165139890371249,time,2019-11-19T18:28:50-08:00,37.5289737,-122.2864193,24.609938,1574216930.0,1574216929.157,10.341100555525886,POINT (-122.2864193 37.5289737),android,26.57506687961258,-0.14968879995917206,4.43002049459864
1136,11.5,-34.0,131.17223,1165140885711353,time,2019-11-19T18:28:51-08:00,37.5288113,-122.2861982,25.232124,1574216931.0,1574216930.147,10.341378333303663,POINT (-122.2861982 37.5288113),android,26.42537807965341,4.280331694639468,-13.903616057469328
1137,11.2,-31.0,129.39726,1165141895917967,time,2019-11-19T18:28:52-08:00,37.5286691,-122.2859581,25.36724,1574216932.0,1574216931.166,10.341656111081441,POINT (-122.2859581 37.5286691),android,30.705709774292878,-9.62328436282986,14.69972728722676
1138,11.0,-32.0,129.23132,1165143178333070,time,2019-11-19T18:28:53-08:00,37.528496,-122.2856868,24.732555,1574216933.0,1574216932.46,10.341933888859218,POINT (-122.2856868 37.528496),android,21.082425411463017,5.0764429243969005,-6.347629588410147
1139,11.0,-31.0,129.45355,1165143897124893,time,2019-11-19T18:28:54-08:00,37.5283761,-122.2855016,25.788364,1574216934.0,1574216933.172,10.342211666636997,POINT (-122.2855016 37.5283761),android,26.158868335859918,-1.2711866640132463,2.4562052174567164
1140,11.0,-32.0,129.037,1165144900249580,time,2019-11-19T18:28:55-08:00,37.5282306,-122.2852685,25.669518,1574216935.0,1574216934.184,10.342489444414774,POINT (-122.2852685 37.5282306),android,24.88768167184667,1.18501855344347,-2.8671985626618017
1141,11.166,-30.0,128.98976,1165145866435830,time,2019-11-19T18:28:56-08:00,37.5280907,-122.2850482,25.510702,1574216936.0,1574216935.134,10.342767222192553,POINT (-122.2850482 37.5280907),android,26.07270022529014,-1.6821800092183317,1.9516848658886303
1142,11.333,-28.0,129.32475,1165146880509579,time,2019-11-19T18:28:57-08:00,37.5279419,-122.2848197,25.469236,1574216937.0,1574216936.151,10.34304499997033,POINT (-122.2848197 37.5279419),android,24.39052021607181,0.26950485667029866,0.11057588526381323
1143,11.666,-30.0,129.59602,1165147888445412,time,2019-11-19T18:28:58-08:00,37.5278014,-122.2846073,24.92436,1574216938.0,1574216937.157,10.343322777748108,POINT (-122.2846073 37.5278014),android,24.66002507274211,0.3800807419341119,5.757042033635415
1144,12.0,-29.0,130.02434,1165148887208797,time,2019-11-19T18:28:59-08:00,37.5276565,-122.2843956,24.866158,1574216939.0,1574216938.173,10.343600555525885,POINT (-122.2843956 37.5276565),android,25.04010581467622,6.137122775569527,-17.944544066824356
1145,12.333,-28.0,129.94958,1165149888717391,time,2019-11-19T18:29:00-08:00,37.5275123,-122.2841775,24.942595,1574216940.0,1574216939.18,10.343878333303664,POINT (-122.2841775 37.5275123),android,31.177228590245747,-11.80742129125483,16.895966272615667
1146,12.8,-28.0,132.0526,1165151156281712,time,2019-11-19T18:29:01-08:00,37.5273146,-122.2839268,24.948002,1574216941.0,1574216940.403,10.34415611108144,POINT (-122.2839268 37.5273146),android,19.369807298990917,5.088544981360837,-3.8275004862839808
1147,13.0,-26.0,130.67122,1165151901287910,time,2019-11-19T18:29:02-08:00,37.5272087,-122.2837524,25.163584,1574216942.0,1574216941.202,10.34443388885922,POINT (-122.2837524 37.5272087),android,24.458352280351754,1.261044495076856,-2.5752188071298967
1148,13.2,-26.0,129.1439,1165152896424472,time,2019-11-19T18:29:03-08:00,37.5270777,-122.2835296,24.863192,1574216943.0,1574216942.176,10.344711666636996,POINT (-122.2835296 37.5270777),android,25.71939677542861,-1.3141743120530407,0.567391893985949
1149,13.2,-25.0,129.352,1165153888086399,time,2019-11-19T18:29:04-08:00,37.5269314,-122.2833037,25.191109,1574216944.0,1574216943.159,10.344989444414775,POINT (-122.2833037 37.5269314),android,24.40522246337557,-0.7467824180670917,2.958336652337895
1150,13.2,-25.0,128.58578,1165154894761555,time,2019-11-19T18:29:05-08:00,37.5267995,-122.2830825,24.786211,1574216945.0,1574216944.147,10.345267222192552,POINT (-122.2830825 37.5267995),android,23.658440045308478,2.211554234270803,-0.9457165631501177
1151,13.166,-24.0,128.68307,1165155866845304,time,2019-11-19T18:29:06-08:00,37.5266685,-122.2828711,24.58721,1574216946.0,1574216945.166,10.34554499997033,POINT (-122.2828711 37.5266685),android,25.86999427957928,1.2658376711206856,-2.4546808284667776
1152,13.333,-23.0,129.86832,1165156882551502,time,2019-11-19T18:29:07-08:00,37.5265155,-122.2826501,24.882452,1574216947.0,1574216946.144,10.345822777748108,POINT (-122.2826501 37.5265155),android,27.135831950699966,-1.188843157346092,-5.954983134852206
1153,13.4,-23.0,131.63339,1165157897291085,time,2019-11-19T18:29:08-08:00,37.5263452,-122.2824297,25.46737,1574216948.0,1574216947.212,10.346100555525886,POINT (-122.2824297 37.5263452),android,25.946988793353874,-7.143826292198298,13.705047565611405
1154,13.6,-25.0,131.58946,1165159138415511,time,2019-11-19T18:29:09-08:00,37.5261907,-122.2822092,23.684856,1574216949.0,1574216948.402,10.346378333303663,POINT (-122.2822092 37.5261907),android,18.803162501155576,6.561221273413107,-5.273965298458876
1155,13.833,-26.0,132.00505,1165159869753896,time,2019-11-19T18:29:10-08:00,37.526075,-122.2820537,24.24674,1574216950.0,1574216949.134,10.346656111081442,POINT (-122.2820537 37.526075),android,25.364383774568683,1.2872559749542312,1.9108120892747777
1156,14.166,-25.0,132.50705,1165160857870041,time,2019-11-19T18:29:11-08:00,37.5259193,-122.2818435,24.702707,1574216951.0,1574216950.162,10.346933888859219,POINT (-122.2818435 37.5259193),android,26.651639749522914,3.198068064229009,-6.90184194345899
1157,14.5,-24.0,133.56714,1165161861315405,time,2019-11-19T18:29:12-08:00,37.5257495,-122.2816302,25.257633,1574216952.0,1574216951.136,10.347211666636996,POINT (-122.2816302 37.5257495),android,29.849707813751923,-3.7037738792299812,7.7154696096102136
1158,14.6,-25.0,135.232,1165163026975145,time,2019-11-19T18:29:13-08:00,37.5255503,-122.2814033,25.377808,1574216953.0,1574216952.3,10.347489444414775,POINT (-122.2814033 37.5255503),android,26.145933934521942,4.011695730380232,-6.048706619161184
1159,14.666,-25.0,137.16171,1165163888978321,time,2019-11-19T18:29:14-08:00,37.525367,-122.2812176,26.680119,1574216954.0,1574216953.164,10.347767222192552,POINT (-122.2812176 37.525367),android,30.157629664902174,-2.0370108887809515,-1.4106237594638742
1160,14.8,-24.0,138.24678,1165164891301863,time,2019-11-19T18:29:15-08:00,37.5251568,-122.2810015,27.605644,1574216955.0,1574216954.16,10.34804499997033,POINT (-122.2810015 37.5251568),android,28.120618776121223,-3.4476346482448257,13.340869545471552
1161,14.6,-24.0,138.2351,1165165868518164,time,2019-11-19T18:29:16-08:00,37.5249658,-122.2807925,27.687634,1574216956.0,1574216955.148,10.348322777748107,POINT (-122.2807925 37.5249658),android,24.672984127876397,9.893234897226726,-22.447203775390832
1162,14.5,-23.0,136.80473,1165166794682226,time,2019-11-19T18:29:17-08:00,37.5248108,-122.2805923,27.052156,1574216957.0,1574216956.075,10.348600555525886,POINT (-122.2805923 37.5248108),android,34.56621902510312,-12.553968878164106,19.14399309145463
1163,14.4,-22.0,137.76181,1165168155772902,time,2019-11-19T18:29:18-08:00,37.5245754,-122.2803363,26.32095,1574216958.0,1574216957.431,10.348878333303663,POINT (-122.2803363 37.5245754),android,22.012250146939017,6.590024213290523,-8.72498600139495
1164,14.166,-21.0,137.78392,1165168864353162,time,2019-11-19T18:29:19-08:00,37.524427,-122.2801711,27.296896,1574216959.0,1574216958.172,10.349156111081442,POINT (-122.2801711 37.524427),android,28.60227436022954,-2.1349617881044267,3.828347489996382
1165,13.833,-20.0,137.17683,1165169876859360,time,2019-11-19T18:29:20-08:00,37.5242394,-122.2799492,27.429615,1574216960.0,1574216959.163,10.349433888859219,POINT (-122.2799492 37.5242394),android,26.467312572125113,1.6933857018919554,-4.806701655828501
1166,13.6,-19.0,136.12685,1165170894663578,time,2019-11-19T18:29:21-08:00,37.524073,-122.2797346,26.753414,1574216961.0,1574216960.206,10.349711666636997,POINT (-122.2797346 37.524073),android,28.16069827401707,-3.113315953936546,3.9413983801361177
1167,13.6,-21.0,136.99315,1165171923471078,time,2019-11-19T18:29:22-08:00,37.5238834,-122.2795229,26.915768,1574216962.0,1574216961.194,10.349989444414774,POINT (-122.2795229 37.5238834),android,25.047382320080523,0.8280824261995718,2.4081944404269677
1168,14.0,-22.0,136.75827,1165172897000504,time,2019-11-19T18:29:23-08:00,37.5237194,-122.2793282,26.464659,1574216963.0,1574216962.199,10.350267222192553,POINT (-122.2793282 37.5237194),android,25.875464746280095,3.2362768666265396,-0.4511422828366243
1169,14.8,-21.0,136.57307,1165173878205869,time,2019-11-19T18:29:24-08:00,37.5235504,-122.2791265,26.410284,1574216964.0,1574216963.17,10.35054499997033,POINT (-122.2791265 37.5235504),android,29.111741612906634,2.7851345837899153,-12.545127881844124
1170,15.6,-21.0,137.79594,1165174878477743,time,2019-11-19T18:29:25-08:00,37.5233484,-122.2789165,27.235998,1574216965.0,1574216964.135,10.350822777748109,POINT (-122.2789165 37.5233484),android,31.89687619669655,-9.759993298054209,14.44961977642879
1171,16.6,-20.0,138.01381,1165176116054670,time,2019-11-19T18:29:26-08:00,37.5231324,-122.2786785,26.664507,1574216966.0,1574216965.414,10.351100555525885,POINT (-122.2786785 37.5231324),android,22.13688289864234,4.689626478374581,-1.6328640591997932
1172,17.0,-20.0,138.3152,1165176886868628,time,2019-11-19T18:29:27-08:00,37.5229808,-122.2785158,27.060347,1574216967.0,1574216966.179,10.351378333303664,POINT (-122.2785158 37.5229808),android,26.826509377016922,3.056762419174788,-1.7407208096757003
1173,18.0,-22.0,138.65547,1165177869663575,time,2019-11-19T18:29:28-08:00,37.5227961,-122.2783201,27.011747,1574216968.0,1574216967.211,10.351656111081441,POINT (-122.2783201 37.5227961),android,29.88327179619171,1.3160416094990879,4.66156959286651
1174,18.833,-22.0,139.58583,1165178878041023,time,2019-11-19T18:29:29-08:00,37.5225845,-122.2781112,27.722595,1574216969.0,1574216968.18,10.35193388885922,POINT (-122.2781112 37.5225845),android,31.1993134056908,5.977611202365598,-19.29099685909838
1175,20.0,-21.0,140.2454,1165179890396491,time,2019-11-19T18:29:30-08:00,37.5223618,-122.277896,28.480614,1574216970.0,1574216969.167,10.352211666636997,POINT (-122.277896 37.5223618),android,37.176924608056396,-13.313385656732784,17.50251598451012
1176,20.8,-21.0,141.24013,1165181126830292,time,2019-11-19T18:29:31-08:00,37.5220926,-122.277646,28.930243,1574216971.0,1574216970.383,10.352489444414774,POINT (-122.277646 37.5220926),android,23.863538951323612,4.189130327777335,-5.489583464621926
1177,21.6,-21.0,140.54807,1165181887065396,time,2019-11-19T18:29:32-08:00,37.5219266,-122.2774745,29.168385,1574216972.0,1574216971.17,10.352767222192552,POINT (-122.2774745 37.5219266),android,28.052669279100947,-1.3004531368445917,5.015853109320517
1178,22.4,-24.0,139.34352,1165182891176021,time,2019-11-19T18:29:33-08:00,37.5217393,-122.2772614,28.585041,1574216973.0,1574216972.172,10.35304499997033,POINT (-122.2772614 37.5217393),android,26.752216142256355,3.7153999724759252,-14.094038103355416
1179,23.2,-24.0,137.90332,1165183888254874,time,2019-11-19T18:29:34-08:00,37.521568,-122.2770484,27.97269,1574216974.0,1574216973.163,10.353322777748108,POINT (-122.2770484 37.521568),android,30.46761611473228,-10.37863813087949,19.35204405096129
1180,24.0,-24.0,136.80487,1165185150528468,time,2019-11-19T18:29:35-08:00,37.5213749,-122.2768033,26.780169,1574216975.0,1574216974.4,10.353600555525885,POINT (-122.2768033 37.5213749),android,20.08897798385279,8.973405920081799,-9.410192538786447
1181,24.166,-24.0,136.11037,1165185887072217,time,2019-11-19T18:29:36-08:00,37.5212511,-122.2766374,26.96237,1574216976.0,1574216975.172,10.353878333303664,POINT (-122.2766374 37.5212511),android,29.062383903934588,-0.4367866187046481,-0.0696520741041482
1182,23.666,-23.0,136.44043,1165186809166644,time,2019-11-19T18:29:37-08:00,37.5210578,-122.2764156,28.058716,1574216977.0,1574216976.086,10.35415611108144,POINT (-122.2764156 37.5210578),android,28.62559728522994,-0.5064386928087963,-4.681832319605096
1183,22.833,-23.0,135.604,1165187889512946,time,2019-11-19T18:29:38-08:00,37.5208789,-122.2761822,27.518599,1574216978.0,1574216977.166,10.35443388885922,POINT (-122.2761822 37.5208789),android,28.119158592421144,-5.188271012413892,8.9643462336652
1184,21.2,-23.0,134.64973,1165189038609664,time,2019-11-19T18:29:39-08:00,37.5207086,-122.2759465,26.59854,1574216979.0,1574216978.299,10.354711666636996,POINT (-122.2759465 37.5207086),android,22.93088758000725,3.7760752212513076,-3.4986551003363893
1185,20.833,-22.0,134.21071,1165189897859455,time,2019-11-19T18:29:40-08:00,37.5205698,-122.2757542,26.7398,1574216980.0,1574216979.171,10.354989444414775,POINT (-122.2757542 37.5205698),android,26.70696280125856,0.2774201209149183,0.24456676502196473
1186,19.2,-23.0,134.32664,1165190887482215,time,2019-11-19T18:29:41-08:00,37.5204026,-122.2755368,26.90781,1574216981.0,1574216980.156,10.355267222192552,POINT (-122.2755368 37.5204026),android,26.984382922173477,0.521986885936883,5.34795260207645
1187,19.6,-22.0,134.0936,1165191887260809,time,2019-11-19T18:29:42-08:00,37.5202351,-122.2753154,27.01254,1574216982.0,1574216981.172,10.35554499997033,POINT (-122.2753154 37.5202351),android,27.50636980811036,5.869939488013333,-17.362281011620887
1188,20.4,-21.0,134.22217,1165192890028829,time,2019-11-19T18:29:43-08:00,37.5200633,-122.275091,27.20284,1574216983.0,1574216982.204,10.355822777748108,POINT (-122.275091 37.5200633),android,33.376309296123694,-11.492341523607553,17.176907564131962
1189,21.2,-20.0,134.62262,1165194183049714,time,2019-11-19T18:29:44-08:00,37.5198505,-122.2748241,26.914444,1574216984.0,1574216983.44,10.356100555525886,POINT (-122.2748241 37.5198505),android,21.88396777251614,5.684566040524409,-7.209064973112298
1190,21.333,-21.0,134.86617,1165194895419714,time,2019-11-19T18:29:45-08:00,37.5197098,-122.2746506,27.762634,1574216985.0,1574216984.171,10.356378333303663,POINT (-122.2746506 37.5197098),android,27.56853381304055,-1.524498932587889,7.33209826252228
1191,21.6,-24.0,134.10854,1165195892616172,time,2019-11-19T18:29:46-08:00,37.5195407,-122.274422,27.759525,1574216986.0,1574216985.199,10.356656111081442,POINT (-122.274422 37.5195407),android,26.04403488045266,5.807599329934391,-13.61704971312204
1192,21.0,-24.0,132.91531,1165196893046953,time,2019-11-19T18:29:47-08:00,37.5193907,-122.2741952,27.286436,1574216987.0,1574216986.187,10.356933888859219,POINT (-122.2741952 37.5193907),android,31.85163421038705,-7.809450383187649,17.931468849157778
1193,20.4,-25.0,132.52545,1165198164932369,time,2019-11-19T18:29:48-08:00,37.5192001,-122.2739256,26.726727,1574216988.0,1574216987.434,10.357211666636998,POINT (-122.2739256 37.5192001),android,24.042183827199402,10.122018465970129,-12.17704980971628
1194,20.333,-25.0,133.63107,1165198893272264,time,2019-11-19T18:29:49-08:00,37.519043,-122.2737383,28.219767,1574216989.0,1574216988.171,10.357489444414774,POINT (-122.2737383 37.519043),android,34.16420229316953,-2.055031343746151,4.889321762470544
1195,19.4,-23.0,135.36354,1165199900276952,time,2019-11-19T18:29:50-08:00,37.5188122,-122.2734826,29.92533,1574216990.0,1574216989.195,10.357767222192553,POINT (-122.2734826 37.5188122),android,32.10917094942338,2.834290418724393,-11.610071603873354
1196,19.2,-22.0,135.89633,1165200892767785,time,2019-11-19T18:29:51-08:00,37.5185994,-122.2732365,30.463697,1574216991.0,1574216990.156,10.35804499997033,POINT (-122.2732365 37.5185994),android,34.94346136814777,-8.775781185148961,9.042552673822705
1197,18.8,-22.0,136.9776,1165202041073565,time,2019-11-19T18:29:52-08:00,37.5183607,-122.2729788,30.29998,1574216992.0,1574216991.306,10.358322777748107,POINT (-122.2729788 37.5183607),android,26.16768018299881,0.26677148867374356,0.9465496248384859
1198,18.5,-21.0,136.25143,1165202895053461,time,2019-11-19T18:29:53-08:00,37.5181939,-122.2727695,30.16453,1574216993.0,1574216992.189,10.358600555525886,POINT (-122.2727695 37.5181939),android,26.434451671672555,1.2133211135122295,-1.8813707331578158
1199,17.5,-23.0,135.54938,1165203893017627,time,2019-11-19T18:29:54-08:00,37.5180281,-122.2725547,28.975183,1574216994.0,1574216993.172,10.358878333303663,POINT (-122.2725547 37.5180281),android,27.647772785184785,-0.6680496196455863,5.165649745224847
1200,16.333,-21.0,134.73586,1165204895892418,time,2019-11-19T18:29:55-08:00,37.5178583,-122.2723257,28.564182,1574216995.0,1574216994.187,10.359156111081441,POINT (-122.2723257 37.5178583),android,26.9797231655392,4.497600125579261,-14.037344334057213
1201,15.333,-23.0,134.13417,1165205892550960,time,2019-11-19T18:29:56-08:00,37.517694,-122.2721006,28.163073,1574216996.0,1574216995.192,10.359433888859218,POINT (-122.2721006 37.517694),android,31.47732329111846,-9.539744208477952,17.804958327343872
1202,13.8,-22.0,134.10164,1165207148698302,time,2019-11-19T18:29:57-08:00,37.5174984,-122.2718426,27.103926,1574216997.0,1574216996.424,10.359711666636997,POINT (-122.2718426 37.5174984),android,21.937579082640507,8.26521411886592,-9.079840338798157
1203,13.666,-22.0,133.45882,1165207872163719,time,2019-11-19T18:29:58-08:00,37.5173675,-122.2716565,28.133186,1574216998.0,1574216997.196,10.359989444414774,POINT (-122.2716565 37.5173675),android,30.202793201506427,-0.8146262199322365,-1.2785065314597652
1204,13.0,-23.0,133.05037,1165208890214551,time,2019-11-19T18:29:59-08:00,37.5171841,-122.2714039,28.8188,1574216999.0,1574216998.196,10.360267222192553,POINT (-122.2714039 37.5171841),android,29.38816698157419,-2.0931327513920017,4.611987423875036
1205,13.0,-22.0,132.4277,1165209884152884,time,2019-11-19T18:30:00-08:00,37.51701,-122.2711532,29.1309,1574217000.0,1574216999.182,10.36054499997033,POINT (-122.2711532 37.51701),android,27.29503423018219,2.518854672483034,-1.0466584418660645
1206,13.0,-22.0,130.84636,1165210869841113,time,2019-11-19T18:30:01-08:00,37.5168588,-122.2709094,28.64385,1574217001.0,1574217000.156,10.360822777748108,POINT (-122.2709094 37.5168588),android,29.813888902665223,1.4721962306169694,-2.3680844105492866
1207,13.166,-23.0,131.17064,1165211892879134,time,2019-11-19T18:30:02-08:00,37.51668,-122.2706575,28.939114,1574217002.0,1574217001.168,10.361100555525885,POINT (-122.2706575 37.51668),android,31.286085133282192,-0.8958881799323173,4.0519968260327275
1208,13.2,-24.0,132.86653,1165212889722675,time,2019-11-19T18:30:03-08:00,37.5164779,-122.2704107,29.845102,1574217003.0,1574217002.198,10.361378333303664,POINT (-122.2704107 37.5164779),android,30.390196953349875,3.15610864610041,-12.061562415922552
1209,13.333,-24.0,132.98755,1165213889884862,time,2019-11-19T18:30:04-08:00,37.5162894,-122.2701612,30.065935,1574217004.0,1574217003.162,10.361656111081441,POINT (-122.2701612 37.5162894),android,33.546305599450285,-8.905453769822142,15.035311674303326
1210,13.6,-24.0,132.52501,1165215112529757,time,2019-11-19T18:30:05-08:00,37.5160853,-122.2698811,29.110811,1574217005.0,1574217004.368,10.36193388885922,POINT (-122.2698811 37.5160853),android,24.640851829628144,6.1298579044811845,-7.123429377051728
1211,13.666,-23.0,131.61867,1165215867686267,time,2019-11-19T18:30:06-08:00,37.5159436,-122.2696663,30.105734,1574217006.0,1574217005.161,10.362211666636997,POINT (-122.2696663 37.5159436),android,30.770709734109328,-0.9935714725705438,3.2584696007108356
1212,14.0,-25.0,130.43309,1165216894746214,time,2019-11-19T18:30:07-08:00,37.5157706,-122.269394,30.040672,1574217007.0,1574217006.183,10.362489444414775,POINT (-122.269394 37.5157706),android,29.777138261538784,2.264898128140292,3.145492286904183
1213,14.333,-24.0,129.93478,1165217888422464,time,2019-11-19T18:30:08-08:00,37.5156019,-122.2691318,30.038113,1574217008.0,1574217007.156,10.362767222192552,POINT (-122.2691318 37.5156019),android,32.042036389679076,5.410390415044475,-17.440368267337764
1214,14.833,-24.0,130.73161,1165218888334078,time,2019-11-19T18:30:09-08:00,37.5154091,-122.2688618,30.759512,1574217009.0,1574217008.145,10.363044999970331,POINT (-122.2688618 37.5154091),android,37.45242680472355,-12.029977852293289,21.313401116003874
1215,15.6,-25.0,131.93045,1165220145618764,time,2019-11-19T18:30:10-08:00,37.5151764,-122.2685548,30.460754,1574217010.0,1574217009.424,10.363322777748108,POINT (-122.2685548 37.5151764),android,25.422448952430262,9.283423263710585,-11.687894108868665
1216,16.0,-28.0,132.98637,1165220893075483,time,2019-11-19T18:30:11-08:00,37.5150123,-122.2683541,31.272161,1574217011.0,1574217010.196,10.363600555525887,POINT (-122.2683541 37.5150123),android,34.70587221614085,-2.4044708451580803,4.955932061539443
1217,16.0,-27.0,134.15437,1165221895574545,time,2019-11-19T18:30:12-08:00,37.5147857,-122.2680835,32.29235,1574217012.0,1574217011.179,10.363878333303663,POINT (-122.2680835 37.5147857),android,32.30140137098277,2.5514612163813624,-2.864413992275537
1218,16.2,-27.0,134.39946,1165222896063503,time,2019-11-19T18:30:13-08:00,37.5145789,-122.2678263,32.08588,1574217013.0,1574217012.216,10.36415611108144,POINT (-122.2678263 37.5145789),android,34.85286258736413,-0.3129527758941748,-0.8932328576122259
1219,16.8,-28.0,136.11076,1165223902303971,time,2019-11-19T18:30:14-08:00,37.5143404,-122.2675699,32.77816,1574217014.0,1574217013.175,10.36443388885922,POINT (-122.2675699 37.5143404),android,34.539909811469954,-1.2061856335064007,0.5348804702515224
1220,16.666,-29.0,137.12076,1165224895518867,time,2019-11-19T18:30:15-08:00,37.5141025,-122.2673181,33.17383,1574217015.0,1574217014.184,10.364711666636996,POINT (-122.2673181 37.5141025),android,33.33372417796355,-0.6713051632548783,2.5084099451617448
1221,16.666,-30.0,137.58983,1165225885033189,time,2019-11-19T18:30:16-08:00,37.5138754,-122.2670714,33.136307,1574217016.0,1574217015.191,10.364989444414775,POINT (-122.2670714 37.5138754),android,32.662419014708675,1.8371047819068664,-10.17141879574286
1222,17.0,-30.0,137.52086,1165226886318501,time,2019-11-19T18:30:17-08:00,37.5136569,-122.2668239,32.802616,1574217017.0,1574217016.169,10.365267222192552,POINT (-122.2668239 37.5136569),android,34.49952379661554,-8.334314013835993,13.351730348799343
1223,18.0,-29.0,136.89503,1165228063048397,time,2019-11-19T18:30:18-08:00,37.5134334,-122.2665526,31.4734,1574217018.0,1574217017.318,10.36554499997033,POINT (-122.2665526 37.5134334),android,26.16520978277955,5.01741633496335,-3.1581629838031304
1224,18.5,-29.0,136.31348,1165228872284438,time,2019-11-19T18:30:19-08:00,37.5132657,-122.2663445,31.671497,1574217019.0,1574217018.15,10.365822777748107,POINT (-122.2663445 37.5132657),android,31.1826261177429,1.8592533511602198,-1.0615307760971362
1225,19.0,-27.0,134.88644,1165229895496000,time,2019-11-19T18:30:20-08:00,37.5130775,-122.2660824,31.286768,1574217020.0,1574217019.202,10.366100555525886,POINT (-122.2660824 37.5130775),android,33.04187946890312,0.7977225750630836,2.610013687705532
1226,19.5,-27.0,135.95923,1165230883565219,time,2019-11-19T18:30:21-08:00,37.5128557,-122.2658331,31.931057,1574217021.0,1574217020.164,10.366378333303663,POINT (-122.2658331 37.5128557),android,33.8396020439662,3.4077362627686156,-15.883511877790042
1227,19.8,-27.0,137.13426,1165231897992666,time,2019-11-19T18:30:22-08:00,37.5126235,-122.2655851,32.317,1574217022.0,1574217021.166,10.366656111081442,POINT (-122.2655851 37.5126235),android,37.24733830673482,-12.475775615021426,21.793676810120708
1228,19.0,-28.0,138.11293,1165233151478915,time,2019-11-19T18:30:23-08:00,37.5123664,-122.2653144,31.384699,1574217023.0,1574217022.408,10.366933888859219,POINT (-122.2653144 37.5123664),android,24.77156269171339,9.317901195099282,-9.974054439813763
1229,18.0,-27.0,137.43234,1165233872703967,time,2019-11-19T18:30:24-08:00,37.512207,-122.2651182,32.052853,1574217024.0,1574217023.166,10.367211666636997,POINT (-122.2651182 37.512207),android,34.08946388681267,-0.6561532447144813,4.647862940199545
1230,17.333,-27.0,136.73256,1165234894718862,time,2019-11-19T18:30:25-08:00,37.5119871,-122.2648489,32.41515,1574217025.0,1574217024.171,10.367489444414774,POINT (-122.2648489 37.5119871),android,33.43331064209819,3.9917096954850635,-13.613347627066648
1231,15.4,-27.0,136.4278,1165235892010164,time,2019-11-19T18:30:26-08:00,37.5117705,-122.264586,32.70108,1574217026.0,1574217025.183,10.367767222192553,POINT (-122.264586 37.5117705),android,37.425020337583256,-9.621637931581585,15.572301793752239
1232,15.0,-27.0,136.97906,1165237045975580,time,2019-11-19T18:30:27-08:00,37.5115213,-122.2643008,32.58553,1574217027.0,1574217026.317,10.36804499997033,POINT (-122.2643008 37.5115213),android,27.80338240600167,5.950663862170654,-6.81973751871077
1233,15.166,-27.0,137.1601,1165237881736413,time,2019-11-19T18:30:28-08:00,37.5113364,-122.2640886,32.66464,1574217028.0,1574217027.159,10.368322777748109,POINT (-122.2640886 37.5113364),android,33.754046268172324,-0.8690736565401167,4.4682923915319535
1234,15.4,-27.0,137.07854,1165238892373756,time,2019-11-19T18:30:29-08:00,37.5111144,-122.2638276,32.823376,1574217029.0,1574217028.172,10.368600555525886,POINT (-122.2638276 37.5111144),android,32.88497261163221,3.5992187349918368,-16.484956875395948
1235,16.166,-26.0,136.84999,1165239894578235,time,2019-11-19T18:30:30-08:00,37.5109003,-122.2635704,32.719646,1574217030.0,1574217029.203,10.368878333303664,POINT (-122.2635704 37.5109003),android,36.484191346624044,-12.885738140404111,17.178361530142123
1236,17.8,-25.0,136.98358,1165241105640161,time,2019-11-19T18:30:31-08:00,37.5106596,-122.2632893,31.758198,1574217031.0,1574217030.356,10.369156111081441,POINT (-122.2632893 37.5106596),android,23.598453206219933,4.2926233897380115,-3.6606927492656816
1237,18.0,-26.0,137.1444,1165241860325213,time,2019-11-19T18:30:32-08:00,37.5105023,-122.2631097,31.555809,1574217032.0,1574217031.172,10.36943388885922,POINT (-122.2631097 37.5105023),android,27.891076595957944,0.6319306404723299,-3.3904461145403637
1238,18.666,-24.0,136.44592,1165242856350733,time,2019-11-19T18:30:33-08:00,37.5103251,-122.2628859,30.350939,1574217033.0,1574217032.141,10.369711666636997,POINT (-122.2628859 37.5103251),android,28.523007236430274,-2.7585154740680338,2.3259012793343032
1239,18.666,-23.0,135.01646,1165243877399743,time,2019-11-19T18:30:34-08:00,37.5101564,-122.2626423,29.634129,1574217034.0,1574217033.148,10.369989444414774,POINT (-122.2626423 37.5101564),android,25.76449176236224,-0.43261419473373053,-1.954650181037465
1240,18.166,-22.0,134.04402,1165244893313701,time,2019-11-19T18:30:35-08:00,37.510006,-122.2624201,28.39472,1574217035.0,1574217034.162,10.370267222192552,POINT (-122.2624201 37.510006),android,25.33187756762851,-2.3872643757711955,10.637134184426507
1241,16.6,-24.0,133.88565,1165246209285211,time,2019-11-19T18:30:36-08:00,37.5098531,-122.2622072,25.067705,1574217036.0,1574217035.497,10.37054499997033,POINT (-122.2622072 37.5098531),android,22.944613191857314,8.249869808655312,-3.8480832016699793
1242,15.4,-25.0,135.36363,1165246893265940,time,2019-11-19T18:30:37-08:00,37.5096983,-122.2620352,27.427687,1574217037.0,1574217036.203,10.370822777748108,POINT (-122.2620352 37.5096983),android,31.194483000512626,4.401786606985333,-5.87416403248195
1243,14.2,-25.0,135.94331,1165247880289012,time,2019-11-19T18:30:38-08:00,37.5094938,-122.2617931,29.120636,1574217038.0,1574217037.179,10.371100555525885,POINT (-122.2617931 37.5094938),android,35.59626960749796,-1.4723774254966173,-1.7825090072804635
1244,13.6,-25.0,137.83456,1165248879806564,time,2019-11-19T18:30:39-08:00,37.5092462,-122.2615373,31.5005,1574217039.0,1574217038.135,10.371378333303664,POINT (-122.2615373 37.5092462),android,34.12389218200134,-3.254886432777081,5.864099674048852
1245,13.5,-25.0,138.39983,1165249890643960,time,2019-11-19T18:30:40-08:00,37.5090118,-122.2612876,32.190502,1574217040.0,1574217039.13,10.37165611108144,POINT (-122.2612876 37.5090118),android,30.86900574922426,2.609213241271771,-3.355853668322485
1246,13.333,-26.0,137.92369,1165250879354532,time,2019-11-19T18:30:41-08:00,37.5088071,-122.2610512,31.663176,1574217041.0,1574217040.147,10.37193388885922,POINT (-122.2610512 37.5088071),android,33.47821899049603,-0.7466404270507141,-1.6887579540452435
1247,13.333,-25.0,138.7593,1165251883862188,time,2019-11-19T18:30:42-08:00,37.5085749,-122.2608096,32.127224,1574217042.0,1574217041.174,10.372211666636996,POINT (-122.2608096 37.5085749),android,32.73157856344532,-2.4353983810959576,7.633724508647866
1248,13.6,-27.0,139.4072,1165252880421302,time,2019-11-19T18:30:43-08:00,37.5083458,-122.2605766,32.231064,1574217043.0,1574217042.176,10.372489444414775,POINT (-122.2605766 37.5083458),android,30.29618018234936,5.198326127551908,-14.422748392208696
1249,13.666,-27.0,139.29387,1165253859768802,time,2019-11-19T18:30:44-08:00,37.5081369,-122.2603561,31.645136,1574217044.0,1574217043.155,10.372767222192552,POINT (-122.2603561 37.5081369),android,35.49450630990127,-9.224422264656788,15.394627570668675
1250,14.2,-27.0,139.41695,1165255096611926,time,2019-11-19T18:30:45-08:00,37.5078924,-122.2600974,30.449488,1574217045.0,1574217044.363,10.37304499997033,POINT (-122.2600974 37.5078924),android,26.27008404524448,6.170205306011887,-4.112867256896351
1251,14.166,-27.0,140.08434,1165255854228852,time,2019-11-19T18:30:46-08:00,37.507704,-122.2599177,31.49785,1574217046.0,1574217045.12,10.373322777748108,POINT (-122.2599177 37.507704),android,32.44028935125637,2.057338049115536,1.732964751629659
1252,14.5,-26.0,139.56349,1165256870037133,time,2019-11-19T18:30:47-08:00,37.5074826,-122.2596782,31.583117,1574217047.0,1574217046.141,10.373600555525886,POINT (-122.2596782 37.5074826),android,34.497627400371904,3.790302800745195,-15.305034020156825
1253,14.833,-26.0,139.09262,1165257874567497,time,2019-11-19T18:30:48-08:00,37.5072493,-122.2594204,32.505245,1574217048.0,1574217047.171,10.373878333303663,POINT (-122.2594204 37.5072493),android,38.2879302011171,-11.51473121941163,20.59729169681429
1254,15.6,-25.0,139.14388,1165259164559580,time,2019-11-19T18:30:49-08:00,37.5069874,-122.2591386,31.373135,1574217049.0,1574217048.431,10.374156111081442,POINT (-122.2591386 37.5069874),android,26.77319898170547,9.082560477402659,-11.637112589564211
1255,15.666,-25.0,139.28438,1165259877791715,time,2019-11-19T18:30:50-08:00,37.5068017,-122.2589454,32.749393,1574217050.0,1574217049.135,10.374433888859219,POINT (-122.2589454 37.5068017),android,35.85575945910813,-2.554552112161552,0.8009161326882861
1256,16.2,-25.0,138.54453,1165260873812132,time,2019-11-19T18:30:51-08:00,37.5065638,-122.258671,33.717415,1574217051.0,1574217050.135,10.374711666636998,POINT (-122.258671 37.5065638),android,33.301207346946576,-1.753635979473266,0.4234176611692675
1257,16.4,-24.0,137.59215,1165261888433433,time,2019-11-19T18:30:52-08:00,37.5063481,-122.2584091,33.20689,1574217052.0,1574217051.185,10.374989444414775,POINT (-122.2584091 37.5063481),android,31.54757136747331,-1.3302183183039986,1.3405591492680387
1258,16.6,-24.0,137.4819,1165262884538016,time,2019-11-19T18:30:53-08:00,37.5061403,-122.2581656,32.53786,1574217053.0,1574217052.163,10.375267222192551,POINT (-122.2581656 37.5061403),android,30.21735304916931,0.010340830964040038,1.6347789144022293
1259,16.333,-24.0,137.14763,1165263894556401,time,2019-11-19T18:30:54-08:00,37.5059431,-122.2579299,31.477427,1574217054.0,1574217053.196,10.37554499997033,POINT (-122.2579299 37.5059431),android,30.22769388013335,1.6451197453662694,-0.6952630051377255
1260,15.8,-22.0,136.89857,1165264898714005,time,2019-11-19T18:30:55-08:00,37.5057463,-122.2576935,30.903389,1574217055.0,1574217054.162,10.375822777748107,POINT (-122.2576935 37.5057463),android,31.87281362549962,0.9498567402285438,1.6138061715788687
1261,15.6,-23.0,138.54793,1165265895001192,time,2019-11-19T18:30:56-08:00,37.5055212,-122.2574698,31.1384,1574217056.0,1574217055.17,10.376100555525886,POINT (-122.2574698 37.5055212),android,32.822670365728165,2.5636629118074126,-15.760897171949257
1262,15.2,-25.0,139.77979,1165266897251296,time,2019-11-19T18:30:57-08:00,37.5052864,-122.2572443,31.544645,1574217057.0,1574217056.173,10.376378333303663,POINT (-122.2572443 37.5052864),android,35.38633327753558,-13.197234260141844,19.660789107304133
1263,15.2,-25.0,140.237,1165268138858274,time,2019-11-19T18:30:58-08:00,37.5050367,-122.2569956,30.263742,1574217058.0,1574217057.411,10.376656111081441,POINT (-122.2569956 37.5050367),android,22.189099017393733,6.463554847162289,-2.93441526957373
1264,15.5,-25.0,139.3861,1165268888909367,time,2019-11-19T18:30:59-08:00,37.5048874,-122.2568287,30.049728,1574217059.0,1574217058.172,10.376933888859218,POINT (-122.2568287 37.5048874),android,28.652653864556022,3.529139577588559,-0.59067374934763
1265,16.166,-25.0,138.36655,1165269891660721,time,2019-11-19T18:31:00-08:00,37.504699,-122.2566071,29.514624,1574217060.0,1574217059.181,10.377211666636997,POINT (-122.2566071 37.504699),android,32.18179344214458,2.938465828240929,-9.788159361028033
1266,16.833,-26.0,138.23746,1165270890188637,time,2019-11-19T18:31:01-08:00,37.504482,-122.2563657,30.437311,1574217061.0,1574217060.159,10.377489444414774,POINT (-122.2563657 37.504482),android,35.12025927038551,-6.849693532787104,8.907497063796121
1267,17.8,-26.0,137.57097,1165272051405877,time,2019-11-19T18:31:02-08:00,37.5042524,-122.2560923,30.428331,1574217062.0,1574217061.315,10.377767222192553,POINT (-122.2560923 37.5042524),android,28.270565737598407,2.057803531009018,2.7223036724158582
1268,17.666,-26.0,137.29364,1165272889892699,time,2019-11-19T18:31:03-08:00,37.504067,-122.255873,31.22372,1574217063.0,1574217062.169,10.37804499997033,POINT (-122.255873 37.504067),android,30.328369268607425,4.780107203424876,-5.117478195106941
1269,17.666,-25.0,136.26509,1165273869317647,time,2019-11-19T18:31:04-08:00,37.5038767,-122.2556267,30.995872,1574217064.0,1574217063.142,10.378322777748108,POINT (-122.2556267 37.5038767),android,35.1084764720323,-0.3373709916820644,-10.819303400018285
1270,17.5,-26.0,137.44116,1165274881542230,time,2019-11-19T18:31:05-08:00,37.5036371,-122.2553675,32.081367,1574217065.0,1574217064.17,10.378600555525885,POINT (-122.2553675 37.5036371),android,34.771105480350236,-11.15667439170035,17.489579710098983
1271,16.8,-30.0,137.70322,1165276129400197,time,2019-11-19T18:31:06-08:00,37.5034034,-122.2551056,30.356451,1574217066.0,1574217065.414,10.378878333303664,POINT (-122.2551056 37.5034034),android,23.614431088649887,6.332905318398634,-5.666329511119528
1272,16.5,-29.0,136.74942,1165276890520510,time,2019-11-19T18:31:07-08:00,37.5032546,-122.2549146,30.445782,1574217067.0,1574217066.148,10.379156111081441,POINT (-122.2549146 37.5032546),android,29.94733640704852,0.6665758072791057,4.19985992847128
1273,16.333,-29.0,136.2532,1165277795000093,time,2019-11-19T18:31:08-08:00,37.5030627,-122.2546764,31.158747,1574217068.0,1574217067.033,10.37943388885922,POINT (-122.2546764 37.5030627),android,30.613912214327627,4.866435735750386,-4.698740431926851
1274,16.666,-29.0,135.76152,1165278774906030,time,2019-11-19T18:31:09-08:00,37.5028689,-122.2544299,30.972265,1574217069.0,1574217068.0,10.379711666636997,POINT (-122.2544299 37.5028689),android,35.48034795007801,0.16769530382353537,-8.649425166106315
1275,16.5,-29.0,135.99791,1165279861732279,time,2019-11-19T18:31:10-08:00,37.5026377,-122.2541527,31.438786,1574217070.0,1574217069.148,10.379989444414775,POINT (-122.2541527 37.5026377),android,35.64804325390155,-8.48172986228278,12.810902749507232
1276,16.6,-31.0,137.38693,1165281159925611,time,2019-11-19T18:31:11-08:00,37.5023945,-122.2538894,29.896727,1574217071.0,1574217070.443,10.380267222192552,POINT (-122.2538894 37.5023945),android,27.16631339161877,4.329172887224452,-3.9377745320972046
1277,16.166,-32.0,138.37228,1165281872083163,time,2019-11-19T18:31:12-08:00,37.5022038,-122.2536969,31.754879,1574217072.0,1574217071.155,10.380544999970331,POINT (-122.2536969 37.5022038),android,31.49548627884322,0.3913983551272473,-2.2362586879035717
1278,15.8,-34.0,138.66553,1165282859613475,time,2019-11-19T18:31:13-08:00,37.5019883,-122.2534652,31.678028,1574217073.0,1574217072.12,10.380822777748108,POINT (-122.2534652 37.5019883),android,31.886884633970467,-1.8448603327763244,0.9797208165134172
1279,15.0,-35.0,138.70451,1165283858390402,time,2019-11-19T18:31:14-08:00,37.5017715,-122.2532286,31.646711,1574217074.0,1574217073.141,10.381100555525885,POINT (-122.2532286 37.5017715),android,30.042024301194143,-0.8651395162629072,-0.10068891327554752
1280,15.0,-34.0,138.56732,1165284870822277,time,2019-11-19T18:31:15-08:00,37.5015689,-122.2530033,30.835094,1574217075.0,1574217074.117,10.381378333303664,POINT (-122.2530033 37.5015689),android,29.176884784931236,-0.9658284295384547,2.7860924798799154
1281,15.5,-35.0,136.94472,1165285869249672,time,2019-11-19T18:31:16-08:00,37.5013862,-122.2527659,30.219929,1574217076.0,1574217075.139,10.38165611108144,POINT (-122.2527659 37.5013862),android,28.21105635539278,1.8202640503414607,0.09049853905180072
1282,16.0,-35.0,137.08276,1165286863643422,time,2019-11-19T18:31:17-08:00,37.5011994,-122.2525495,29.594305,1574217077.0,1574217076.152,10.38193388885922,POINT (-122.2525495 37.5011994),android,30.03132040573424,1.9107625893932614,0.6872423929846292
1283,17.0,-35.0,136.81685,1165287861098578,time,2019-11-19T18:31:18-08:00,37.5010046,-122.2523137,29.7943,1574217078.0,1574217077.141,10.382211666636996,POINT (-122.2523137 37.5010046),android,31.942082995127503,2.5980049823778906,-14.805767938976263
1284,17.4,-33.0,137.06042,1165288858393681,time,2019-11-19T18:31:19-08:00,37.5007925,-122.2520695,30.486555,1574217079.0,1574217078.148,10.382489444414775,POINT (-122.2520695 37.5007925),android,34.540087977505394,-12.207762956598373,18.72485658206585
1285,17.6,-35.0,138.24582,1165290125186389,time,2019-11-19T18:31:20-08:00,37.5005537,-122.2518191,29.261892,1574217080.0,1574217079.411,10.382767222192552,POINT (-122.2518191 37.5005537),android,22.33232502090702,6.517093625467478,-7.422458838399017
1286,16.6,-34.0,137.79445,1165290882788836,time,2019-11-19T18:31:21-08:00,37.500407,-122.2516462,29.416569,1574217081.0,1574217080.17,10.38304499997033,POINT (-122.2516462 37.500407),android,28.8494186463745,-0.9053652129315388,5.338393824433428
1287,15.4,-33.0,137.60477,1165291886502951,time,2019-11-19T18:31:22-08:00,37.5002173,-122.2514231,29.283373,1574217082.0,1574217081.19,10.383322777748107,POINT (-122.2514231 37.5002173),android,27.94405343344296,4.433028611501889,-10.67157624613466
1288,14.6,-32.0,137.28795,1165292882924409,time,2019-11-19T18:31:23-08:00,37.500034,-122.2512064,28.892582,1574217083.0,1574217082.143,10.383600555525886,POINT (-122.2512064 37.500034),android,32.37708204494485,-6.23854763463277,11.242812681190117
1289,13.6,-35.0,138.89378,1165294022128262,time,2019-11-19T18:31:24-08:00,37.4998052,-122.2509794,28.812868,1574217084.0,1574217083.276,10.383878333303663,POINT (-122.2509794 37.4998052),android,26.13853441031208,5.004265046557347,-6.113247820596694
1290,13.5,-33.0,138.0689,1165294875717637,time,2019-11-19T18:31:25-08:00,37.4996333,-122.2507773,29.416471,1574217085.0,1574217084.164,10.384156111081442,POINT (-122.2507773 37.4996333),android,31.142799456869426,-1.1089827740393474,0.6718734283824404
1291,13.0,-34.0,137.56898,1165295893287272,time,2019-11-19T18:31:26-08:00,37.4994282,-122.2505369,29.825119,1574217086.0,1574217085.169,10.384433888859219,POINT (-122.2505369 37.4994282),android,30.03381668283008,-0.43710934565690707,3.393348975097581
1292,13.166,-34.0,136.91106,1165296875429251,time,2019-11-19T18:31:27-08:00,37.4992346,-122.2502995,30.013351,1574217087.0,1574217086.156,10.384711666636997,POINT (-122.2502995 37.4992346),android,29.59670733717317,2.956239629440674,-13.67742780619259
1293,13.333,-35.0,137.51675,1165297873290188,time,2019-11-19T18:31:28-08:00,37.4990342,-122.2500787,29.779041,1574217088.0,1574217087.171,10.384989444414774,POINT (-122.2500787 37.4990342),android,32.552946966613845,-10.721188176751916,18.320362364855566
1294,13.8,-35.0,137.97408,1165299120539510,time,2019-11-19T18:31:29-08:00,37.4988134,-122.2498364,28.310762,1574217089.0,1574217088.372,10.385267222192553,POINT (-122.2498364 37.4988134),android,21.83175878986193,7.59917418810365,-8.670700191257328
1295,14.0,-35.0,137.77304,1165299885638000,time,2019-11-19T18:31:30-08:00,37.498668,-122.2496701,28.348328,1574217090.0,1574217089.167,10.38554499997033,POINT (-122.2496701 37.498668),android,29.43093297796558,-1.0715260031536786,4.976536570528925
1296,13.833,-35.0,137.26955,1165300881655603,time,2019-11-19T18:31:31-08:00,37.4984759,-122.2494406,28.878754,1574217091.0,1574217090.163,10.385822777748109,POINT (-122.2494406 37.4984759),android,28.3594069748119,3.905010567375246,-14.653781621111573
1297,13.6,-34.0,136.76294,1165301885509040,time,2019-11-19T18:31:32-08:00,37.4982932,-122.2492163,28.732388,1574217092.0,1574217091.165,10.386100555525886,POINT (-122.2492163 37.4982932),android,32.26441754218715,-10.748771053736327,17.804239969696408
1298,13.6,-33.0,136.97263,1165303151630290,time,2019-11-19T18:31:33-08:00,37.4980806,-122.2489674,27.53698,1574217093.0,1574217092.413,10.386378333303664,POINT (-122.2489674 37.4980806),android,21.51564648845082,7.0554689159600805,-7.2135826284169795
1299,13.666,-33.0,136.67076,1165303895133779,time,2019-11-19T18:31:34-08:00,37.4979424,-122.2487967,28.080887,1574217094.0,1574217093.2,10.386656111081441,POINT (-122.2487967 37.4979424),android,28.5711154044109,-0.15811371245689898,3.895006059248775
1300,14.0,-32.0,136.83508,1165304899339873,time,2019-11-19T18:31:35-08:00,37.4977545,-122.2485758,28.31147,1574217095.0,1574217094.15,10.386933888859218,POINT (-122.2485758 37.4977545),android,28.413001691954,3.736892346791876,-9.67400626725448
1301,14.5,-32.0,136.99948,1165305872957008,time,2019-11-19T18:31:36-08:00,37.4975667,-122.2483574,28.637049,1574217096.0,1574217095.146,10.387211666636997,POINT (-122.2483574 37.4975667),android,32.14989403874588,-5.937113920462604,10.357969016220874
1302,15.2,-32.0,137.58496,1165307033976851,time,2019-11-19T18:31:37-08:00,37.4973494,-122.248117,28.407114,1574217097.0,1574217096.281,10.387489444414774,POINT (-122.248117 37.4973494),android,26.212780118283273,4.42085509575827,-1.4462007538015875
1303,15.166,-31.0,138.11574,1165307860852892,time,2019-11-19T18:31:38-08:00,37.4971703,-122.2479238,29.339125,1574217098.0,1574217097.152,10.387767222192553,POINT (-122.2479238 37.4971703),android,30.633635214041544,2.9746543419566827,-7.572883501949967
1304,15.666,-32.0,137.69734,1165308810959090,time,2019-11-19T18:31:39-08:00,37.4969677,-122.2476885,30.221684,1574217099.0,1574217098.1,10.38804499997033,POINT (-122.2476885 37.4969677),android,33.608289555998226,-4.598229159993284,8.247513073792582
1305,16.333,-31.0,136.71089,1165309896610444,time,2019-11-19T18:31:40-08:00,37.4967525,-122.247421,30.391842,1574217100.0,1574217099.173,10.388322777748108,POINT (-122.247421 37.4967525),android,29.010060396004942,3.649283913799298,-15.591531837422718
1306,16.0,-31.0,136.99364,1165310882192318,time,2019-11-19T18:31:41-08:00,37.4965596,-122.2471996,29.923294,1574217101.0,1574217100.165,10.388600555525885,POINT (-122.2471996 37.4965596),android,32.65934430980424,-11.94224792362342,19.22633435018215
1307,16.0,-31.0,137.10406,1165312171990651,time,2019-11-19T18:31:42-08:00,37.496344,-122.2469482,28.130707,1574217102.0,1574217101.471,10.388878333303664,POINT (-122.2469482 37.496344),android,20.71709638618082,7.28408642655873,-7.971848449066172
1308,16.0,-30.0,136.69492,1165312889309401,time,2019-11-19T18:31:43-08:00,37.4962119,-122.2467826,28.344461,1574217103.0,1574217102.172,10.38915611108144,POINT (-122.2467826 37.4962119),android,28.00118281273955,-0.6877620225074423,0.8070041025651804
1309,15.8,-29.0,136.75754,1165313892215077,time,2019-11-19T18:31:44-08:00,37.4960285,-122.2465651,28.17325,1574217104.0,1574217103.17,10.38943388885922,POINT (-122.2465651 37.4960285),android,27.313420790232108,0.11924208005773806,-0.7296558526151813
1310,15.666,-33.0,138.80704,1165314875280390,time,2019-11-19T18:31:45-08:00,37.4958316,-122.24638,27.948683,1574217105.0,1574217104.157,10.389711666636996,POINT (-122.24638 37.4958316),android,27.432662870289846,-0.6104137725574432,3.0625185837165425
1311,15.166,-34.0,138.74501,1165315857298514,time,2019-11-19T18:31:46-08:00,37.4956437,-122.2461785,27.870056,1574217106.0,1574217105.098,10.389989444414775,POINT (-122.2461785 37.4956437),android,26.822249097732403,2.4521048111590993,-4.754196724375458
1312,15.0,-35.0,137.3321,1165316862300076,time,2019-11-19T18:31:47-08:00,37.4954722,-122.2459647,27.405762,1574217107.0,1574217106.158,10.390267222192552,POINT (-122.2459647 37.4954722),android,29.274353908891502,-2.3020919132163584,2.9876935624843135
1313,14.833,-34.0,137.52408,1165317878535961,time,2019-11-19T18:31:48-08:00,37.4952761,-122.2457433,27.870735,1574217108.0,1574217107.166,10.39054499997033,POINT (-122.2457433 37.4952761),android,26.972261995675144,0.6856016492679551,-0.24246431982675531
1314,14.666,-35.0,137.62283,1165318887712836,time,2019-11-19T18:31:49-08:00,37.4950955,-122.2455392,27.462095,1574217109.0,1574217108.175,10.390822777748108,POINT (-122.2455392 37.4950955),android,27.6578636449431,0.44313732944119977,-8.112385718529989
1315,14.2,-35.0,137.43779,1165319890274190,time,2019-11-19T18:31:50-08:00,37.4949127,-122.2453266,27.561968,1574217110.0,1574217109.158,10.391100555525886,POINT (-122.2453266 37.4949127),android,28.1010009743843,-7.669248389088789,14.759370200112212
1316,14.0,-34.0,135.98286,1165321142728199,time,2019-11-19T18:31:51-08:00,37.4947387,-122.2450956,25.566734,1574217111.0,1574217110.4,10.391378333303663,POINT (-122.2450956 37.4947387),android,20.43175258529551,7.0901218110234225,-6.401886093249683
1317,13.8,-32.0,135.56805,1165321888699657,time,2019-11-19T18:31:52-08:00,37.4946109,-122.2449292,26.22488,1574217112.0,1574217111.163,10.391656111081442,POINT (-122.2449292 37.4946109),android,27.521874396318932,0.6882357177737397,-2.7491959486402067
1318,13.6,-30.0,136.1449,1165322884112886,time,2019-11-19T18:31:53-08:00,37.4944294,-122.2447171,26.740582,1574217113.0,1574217112.175,10.391933888859219,POINT (-122.2447171 37.4944294),android,28.21011011409267,-2.060960230866467,4.55368861568218
1319,13.5,-31.0,136.60887,1165323875644708,time,2019-11-19T18:31:54-08:00,37.4942419,-122.2445017,27.333307,1574217114.0,1574217113.152,10.392211666636996,POINT (-122.2445017 37.4942419),android,26.149149883226205,2.492728384815713,-3.702451262279869
1320,13.166,-33.0,136.58023,1165324877612677,time,2019-11-19T18:31:55-08:00,37.4940704,-122.2442989,26.871452,1574217115.0,1574217114.143,10.392489444414775,POINT (-122.2442989 37.4940704),android,28.641878268041918,-1.2097228774641557,1.0655847055580487
1321,13.0,-34.0,136.33853,1165325884393614,time,2019-11-19T18:31:56-08:00,37.4938832,-122.2440759,27.385391,1574217116.0,1574217115.174,10.392767222192552,POINT (-122.2440759 37.4938832),android,27.432155390577762,-0.144138171906107,-0.8096256282650991
1322,12.666,-33.0,135.43715,1165326887802520,time,2019-11-19T18:31:57-08:00,37.4937099,-122.2438546,27.202276,1574217117.0,1574217116.177,10.39304499997033,POINT (-122.2438546 37.4937099),android,27.288017218671655,-0.9537638001712061,5.463822881572465
1323,12.4,-34.0,135.2394,1165327885109290,time,2019-11-19T18:31:58-08:00,37.4935334,-122.2436397,27.097773,1574217118.0,1574217117.146,10.393322777748107,POINT (-122.2436397 37.4935334),android,26.33425341850045,4.510059081401259,-15.569458568291903
1324,12.5,-33.0,134.46533,1165328874474654,time,2019-11-19T18:31:59-08:00,37.4933692,-122.2434246,26.758204,1574217119.0,1574217118.157,10.393600555525886,POINT (-122.2434246 37.4933692),android,30.844312499901708,-11.059399486890644,16.996510357662864
1325,12.6,-33.0,134.11343,1165330181328820,time,2019-11-19T18:32:00-08:00,37.4931757,-122.2431741,25.463465,1574217120.0,1574217119.433,10.393878333303663,POINT (-122.2431741 37.4931757),android,19.784913013011064,5.937110870772219,-5.597304228169168
1326,12.6,-34.0,133.4365,1165330888237205,time,2019-11-19T18:32:01-08:00,37.4930552,-122.2430091,26.028297,1574217121.0,1574217120.174,10.394156111081442,POINT (-122.2430091 37.4930552),android,25.722023883783283,0.33980664260305105,-2.5898166320030462
1327,12.8,-34.0,132.16367,1165331894202049,time,2019-11-19T18:32:02-08:00,37.4929046,-122.2427878,25.788311,1574217122.0,1574217121.167,10.394433888859218,POINT (-122.2427878 37.4929046),android,26.061830526386334,-2.250009989399995,2.7027220283044286
1328,12.8,-34.0,131.92296,1165332888789444,time,2019-11-19T18:32:03-08:00,37.4927481,-122.2425679,25.750137,1574217123.0,1574217122.181,10.394711666636997,POINT (-122.2425679 37.4927481),android,23.81182053698634,0.45271203890443346,-0.14723455400734764
1329,12.6,-35.0,131.02708,1165333887865954,time,2019-11-19T18:32:04-08:00,37.4926104,-122.2423612,24.943647,1574217124.0,1574217123.14,10.394989444414774,POINT (-122.2423612 37.4926104),android,24.264532575890772,0.3054774848970858,-0.9699098479290242
1330,12.5,-35.0,130.42789,1165334870499860,time,2019-11-19T18:32:05-08:00,37.4924711,-122.2421495,24.848524,1574217125.0,1574217124.129,10.395267222192553,POINT (-122.2421495 37.4924711),android,24.570010060787858,-0.6644323630319384,-0.12089545785431355
1331,12.333,-34.0,129.50757,1165335878885172,time,2019-11-19T18:32:06-08:00,37.4923343,-122.2419308,24.615496,1574217126.0,1574217125.166,10.39554499997033,POINT (-122.2419308 37.4923343),android,23.90557769775592,-0.785327820886252,4.513359430980639
1332,12.166,-33.0,128.51764,1165336891309911,time,2019-11-19T18:32:07-08:00,37.4922045,-122.2417148,24.170164,1574217127.0,1574217126.168,10.395822777748108,POINT (-122.2417148 37.4922045),android,23.120249876869668,3.728031610094387,-12.07279385392155
1333,12.0,-33.0,128.96646,1165337867539650,time,2019-11-19T18:32:08-08:00,37.4920733,-122.2415115,23.98355,1574217128.0,1574217127.141,10.396100555525885,POINT (-122.2415115 37.4920733),android,26.848281486964055,-8.344762243827162,12.201755893186082
1334,12.0,-34.0,128.82793,1165339154357775,time,2019-11-19T18:32:09-08:00,37.4919198,-122.2412766,22.744663,1574217129.0,1574217128.411,10.396378333303664,POINT (-122.2412766 37.4919198),android,18.503519243136893,3.8569936493589196,-3.3267962424805724
1335,12.0,-35.0,128.77057,1165339896950535,time,2019-11-19T18:32:10-08:00,37.4918146,-122.2411141,23.341534,1574217130.0,1574217129.188,10.396656111081441,POINT (-122.2411141 37.4918146),android,22.360512892495812,0.5301974068783473,-1.007196032539266
1336,12.0,-36.0,128.27077,1165340885192983,time,2019-11-19T18:32:11-08:00,37.4916918,-122.2409134,23.050095,1574217131.0,1574217130.14,10.39693388885922,POINT (-122.2409134 37.4916918),android,22.89071029937416,-0.47699862566091866,0.13241929216424708
1337,12.166,-35.0,128.20607,1165341888840586,time,2019-11-19T18:32:12-08:00,37.4915644,-122.2407096,22.941841,1574217132.0,1574217131.161,10.397211666636997,POINT (-122.2407096 37.4915644),android,22.41371167371324,-0.3445793334966716,1.1484784684493867
1338,12.4,-35.0,128.22581,1165342884650690,time,2019-11-19T18:32:13-08:00,37.4914391,-122.2405106,22.774523,1574217133.0,1574217132.145,10.397489444414775,POINT (-122.2405106 37.4914391),android,22.06913234021657,0.8038991349527151,-1.802227386026459
1339,12.5,-37.0,128.2804,1165343881612982,time,2019-11-19T18:32:14-08:00,37.4913172,-122.2403132,22.545738,1574217134.0,1574217133.14,10.397767222192552,POINT (-122.2403132 37.4913172),android,22.873031475169284,-0.9983282510737439,1.4626093909662714
1340,12.833,-37.0,128.75203,1165344887991002,time,2019-11-19T18:32:15-08:00,37.4911867,-122.2401128,22.587393,1574217135.0,1574217134.184,10.39804499997033,POINT (-122.2401128 37.4911867),android,21.87470322409554,0.4642811398925275,2.169962561596563
1341,13.2,-36.0,128.53648,1165345895411470,time,2019-11-19T18:32:16-08:00,37.4910646,-122.2399184,22.112936,1574217136.0,1574217135.171,10.398322777748108,POINT (-122.2399184 37.4910646),android,22.338984363988068,2.6342437014890905,-9.880148828002369
1342,13.166,-37.0,128.63683,1165346887628345,time,2019-11-19T18:32:17-08:00,37.4909381,-122.2397217,22.081396,1574217137.0,1574217136.163,10.398600555525885,POINT (-122.2397217 37.4909381),android,24.97322806547716,-7.245905126513279,11.882125384560673
1343,13.4,-37.0,128.6331,1165348129705896,time,2019-11-19T18:32:18-08:00,37.4907962,-122.2395023,21.23347,1574217138.0,1574217137.391,10.398878333303664,POINT (-122.2395023 37.4907962),android,17.72732293896388,4.636220258047395,-4.417428072455948
1344,13.6,-37.0,129.10854,1165348890488188,time,2019-11-19T18:32:19-08:00,37.4906938,-122.2393483,21.540415,1574217139.0,1574217138.165,10.39915611108144,POINT (-122.2393483 37.4906938),android,22.363543197011275,0.21879218559144675,-1.1748894539523889
1345,13.6,-36.0,129.34285,1165349891822979,time,2019-11-19T18:32:20-08:00,37.4905655,-122.2391531,21.526363,1574217140.0,1574217139.155,10.39943388885922,POINT (-122.2391531 37.4905655),android,22.58233538260272,-0.9560972683609421,-0.03244064438503713
1346,13.666,-38.0,129.55229,1165350869610531,time,2019-11-19T18:32:21-08:00,37.4904333,-122.2389588,21.719109,1574217141.0,1574217140.17,10.399711666636996,POINT (-122.2389588 37.4904333),android,21.62623811424178,-0.9885379127459792,1.1200434566763775
1347,13.833,-37.0,129.58443,1165351852377822,time,2019-11-19T18:32:22-08:00,37.490307,-122.2387724,21.498686,1574217142.0,1574217141.157,10.399989444414775,POINT (-122.2387724 37.490307),android,20.6377002014958,0.13150554393039826,-0.11942494211967869
1348,14.166,-37.0,128.98964,1165352869504436,time,2019-11-19T18:32:23-08:00,37.4901915,-122.2385893,20.883966,1574217143.0,1574217142.155,10.400267222192552,POINT (-122.2385893 37.4901915),android,20.7692057454262,0.012080601810719571,0.8692703206249455
1349,14.833,-38.0,128.70303,1165353889830842,time,2019-11-19T18:32:24-08:00,37.4900748,-122.2384055,20.611225,1574217144.0,1574217143.196,10.40054499997033,POINT (-122.2384055 37.4900748),android,20.781286347236918,0.881350922435665,2.452586517485649
1350,16.0,-39.0,130.0235,1165354892894279,time,2019-11-19T18:32:25-08:00,37.4899478,-122.2382327,20.517086,1574217145.0,1574217144.192,10.400822777748107,POINT (-122.2382327 37.4899478),android,21.662637269672583,3.333937439921314,-9.515803374830636
1351,17.2,-39.0,131.26161,1165355890141727,time,2019-11-19T18:32:26-08:00,37.4898118,-122.2380569,20.838495,1574217146.0,1574217145.162,10.401100555525886,POINT (-122.2380569 37.4898118),android,24.996574709593897,-6.181865934909322,7.280159722906834
1352,18.4,-38.0,131.78894,1165357124267768,time,2019-11-19T18:32:27-08:00,37.4896568,-122.2378517,20.685862,1574217147.0,1574217146.39,10.401378333303663,POINT (-122.2378517 37.4896568),android,18.814708774684576,1.0982937879975125,-2.212085664351214
1353,19.2,-38.0,133.59125,1165357892053653,time,2019-11-19T18:32:28-08:00,37.489527,-122.2377149,21.337866,1574217148.0,1574217147.152,10.401656111081442,POINT (-122.2377149 37.489527),android,19.913002562682088,-1.1137918763537016,-1.6577010971960142
1354,18.5,-37.0,132.60709,1165358811505371,time,2019-11-19T18:32:29-08:00,37.4894038,-122.2375511,20.650175,1574217149.0,1574217148.099,10.401933888859219,POINT (-122.2375511 37.4894038),android,18.799210686328387,-2.771492973549716,3.326363682941185
1355,17.6,-36.0,129.93738,1165359896094329,time,2019-11-19T18:32:30-08:00,37.4893023,-122.2373807,19.280602,1574217150.0,1574217149.172,10.402211666636997,POINT (-122.2373807 37.4893023),android,16.02771771277867,0.5548707093914693,0.2401275002796801
1356,16.4,-39.0,127.04522,1165360891677349,time,2019-11-19T18:32:31-08:00,37.4892302,-122.2372234,18.256367,1574217151.0,1574217150.174,10.402489444414774,POINT (-122.2372234 37.4892302),android,16.58258842217014,0.7949982096711494,-1.8458792759174258
1357,16.0,-38.0,125.093,1165361891088182,time,2019-11-19T18:32:32-08:00,37.4891585,-122.2370586,17.836885,1574217152.0,1574217151.161,10.402767222192553,POINT (-122.2370586 37.4891585),android,17.37758663184129,-1.0508810662462764,3.7451438634985195
1358,14.4,-37.0,124.780334,1165362903571932,time,2019-11-19T18:32:33-08:00,37.4890759,-122.2368914,17.768562,1574217153.0,1574217152.204,10.40304499997033,POINT (-122.2368914 37.4890759),android,16.326705565595013,2.694262797252243,0.20178996287932094
1359,14.6,-37.0,126.03513,1165363893127609,time,2019-11-19T18:32:34-08:00,37.4889884,-122.2367428,17.43375,1574217154.0,1574217153.183,10.403322777748109,POINT (-122.2367428 37.4889884),android,19.020968362847256,2.896052760131564,-10.33673600150122
1360,14.833,-37.0,127.01876,1165364895061462,time,2019-11-19T18:32:35-08:00,37.4888829,-122.2365731,18.090649,1574217155.0,1574217154.169,10.403600555525886,POINT (-122.2365731 37.4888829),android,21.91702112297882,-7.440683241369657,12.798769098700728
1361,15.8,-38.0,127.66623,1165366132197920,time,2019-11-19T18:32:36-08:00,37.4887594,-122.2363795,18.13572,1574217156.0,1574217155.385,10.403878333303663,POINT (-122.2363795 37.4887594),android,14.476337881609163,5.358085857331071,-5.777411593166308
1362,16.0,-37.0,129.16647,1165366890756096,time,2019-11-19T18:32:37-08:00,37.4886713,-122.2362587,18.256496,1574217157.0,1574217156.192,10.404156111081441,POINT (-122.2362587 37.4886713),android,19.834423738940234,-0.4193257358352369,-3.261194678360516
1363,16.333,-39.0,130.85805,1165367883329586,time,2019-11-19T18:32:38-08:00,37.4885441,-122.2361011,18.647593,1574217158.0,1574217157.162,10.404433888859218,POINT (-122.2361011 37.4885441),android,19.415098003104998,-3.680520414195753,3.61379885961904
1364,16.666,-40.0,130.14642,1165368891197294,time,2019-11-19T18:32:39-08:00,37.4884293,-122.2359353,18.794096,1574217159.0,1574217158.188,10.404711666636997,POINT (-122.2359353 37.4884293),android,15.734577588909245,-0.0667215545767128,-0.07866695897380716
1365,17.0,-42.0,128.31882,1165369873626564,time,2019-11-19T18:32:40-08:00,37.48835,-122.2357876,17.991022,1574217160.0,1574217159.136,10.404989444414774,POINT (-122.2357876 37.48835),android,15.667856034332532,-0.14538851355051996,-0.4232686304203206
1366,17.0,-41.0,127.642746,1165370860139689,time,2019-11-19T18:32:41-08:00,37.4882706,-122.2356409,17.587511,1574217161.0,1574217160.115,10.405267222192553,POINT (-122.2356409 37.4882706),android,15.522467520782012,-0.5686571439708406,2.321742224131757
1367,16.5,-44.0,126.06635,1165371870890313,time,2019-11-19T18:32:42-08:00,37.4881987,-122.2354901,17.040466,1574217162.0,1574217161.147,10.40554499997033,POINT (-122.2354901 37.4881987),android,14.953810376811171,1.7530850801609166,-1.49815036854873
1368,16.2,-43.0,125.14142,1165372892750209,time,2019-11-19T18:32:43-08:00,37.4881304,-122.2353441,16.4749,1574217163.0,1574217162.191,10.405822777748108,POINT (-122.2353441 37.4881304),android,16.706895456972088,0.2549347116121865,0.8149598533980331
1369,15.833,-44.0,125.944084,1165373890792760,time,2019-11-19T18:32:44-08:00,37.4880408,-122.2351921,16.7188,1574217164.0,1574217163.186,10.406100555525885,POINT (-122.2351921 37.4880408),android,16.961830168584275,1.0698945650102196,-1.6586472907426923
1370,14.8,-45.0,126.93618,1165374894373645,time,2019-11-19T18:32:45-08:00,37.4879471,-122.2350404,16.910397,1574217165.0,1574217164.169,10.406378333303664,POINT (-122.2350404 37.4879471),android,18.031724733594494,-0.5887527257324727,0.8966757228958926
1371,14.6,-46.0,127.98836,1165375870733645,time,2019-11-19T18:32:46-08:00,37.487843,-122.2348837,17.386436,1574217166.0,1574217165.154,10.40665611108144,POINT (-122.2348837 37.487843),android,17.44297200786202,0.30792299716341986,1.726799747535086
1372,14.666,-47.0,128.73685,1165376870437447,time,2019-11-19T18:32:47-08:00,37.4877399,-122.2347347,17.265417,1574217167.0,1574217166.162,10.40693388885922,POINT (-122.2347347 37.4877399),android,17.75089500502544,2.034722744698506,-8.029534611521242
1373,14.4,-47.0,130.17851,1165377892955988,time,2019-11-19T18:32:48-08:00,37.4876299,-122.2345889,17.285822,1574217168.0,1574217167.18,10.407211666636996,POINT (-122.2345889 37.4876299),android,19.785617749723947,-5.994811866822737,9.98742029142786
1374,14.4,-48.0,129.9667,1165379157917706,time,2019-11-19T18:32:49-08:00,37.4875124,-122.2344205,16.922638,1574217169.0,1574217168.412,10.407489444414775,POINT (-122.2344205 37.4875124),android,13.79080588290121,3.992608424605123,-3.8870492824470624
1375,14.5,-48.0,130.35675,1165379891690466,time,2019-11-19T18:32:50-08:00,37.4874291,-122.2343047,17.385612,1574217170.0,1574217169.182,10.407767222192552,POINT (-122.2343047 37.4874291),android,17.783414307506334,0.10555914215806084,-1.470327604704817
1376,14.833,-48.0,129.93808,1165380867477445,time,2019-11-19T18:32:51-08:00,37.4873263,-122.2341503,17.51133,1574217171.0,1574217170.181,10.40804499997033,POINT (-122.2341503 37.4873263),android,17.888973449664395,-1.3647684625467562,2.983174557991777
1377,15.4,-48.0,130.56677,1165381877749945,time,2019-11-19T18:32:52-08:00,37.4872178,-122.2340006,17.350283,1574217172.0,1574217171.173,10.408322777748108,POINT (-122.2340006 37.4872178),android,16.52420498711764,1.618406095445021,-7.5650304325195545
1378,15.833,-48.0,130.37027,1165382870689840,time,2019-11-19T18:32:53-08:00,37.4871225,-122.2338569,16.758669,1574217173.0,1574217172.176,10.408600555525886,POINT (-122.2338569 37.4871225),android,18.14261108256266,-5.9466243370745335,8.57954013381732
1379,16.5,-46.0,128.80527,1165384122431298,time,2019-11-19T18:32:54-08:00,37.4870291,-122.2336883,15.775263,1574217174.0,1574217173.391,10.408878333303663,POINT (-122.2336883 37.4870291),android,12.195986745488126,2.632915796742786,-4.709110618964765
1380,17.0,-47.0,129.0789,1165384875181975,time,2019-11-19T18:32:55-08:00,37.4869588,-122.2335822,15.686525,1574217175.0,1574217174.146,10.409156111081442,POINT (-122.2335822 37.4869588),android,14.828902542230912,-2.0761948222219786,4.0669491014412795
1381,17.6,-45.0,129.28952,1165385882868641,time,2019-11-19T18:32:56-08:00,37.4868737,-122.2334528,14.966741,1574217176.0,1574217175.142,10.409433888859219,POINT (-122.2334528 37.4868737),android,12.752707720008933,1.990754279219301,-6.9553139433692
1382,17.333,-46.0,128.98204,1165386852025880,time,2019-11-19T18:32:57-08:00,37.4868015,-122.2333405,13.836584,1574217177.0,1574217176.122,10.409711666636996,POINT (-122.2333405 37.4868015),android,14.743461999228234,-4.964559664149899,7.571579442337992
1383,16.6,-46.0,128.63605,1165388115193744,time,2019-11-19T18:32:58-08:00,37.4867202,-122.2332085,13.240276,1574217178.0,1574217177.378,10.409989444414775,POINT (-122.2332085 37.4867202),android,9.778902335078335,2.607019778188093,-2.685972078368618
1384,16.333,-45.0,129.45026,1165388872358744,time,2019-11-19T18:32:59-08:00,37.4866632,-122.2331241,13.029299,1574217179.0,1574217178.16,10.410267222192552,POINT (-122.2331241 37.4866632),android,12.385922113266428,-0.07895230018052501,0.13279123736672283
1385,15.8,-45.0,130.05894,1165389885451660,time,2019-11-19T18:33:00-08:00,37.4865935,-122.2330146,12.617963,1574217180.0,1574217179.193,10.41054499997033,POINT (-122.2330146 37.4865935),android,12.306969813085903,0.05383893718619781,-3.298243277946927
1386,15.8,-44.0,131.8619,1165390882960514,time,2019-11-19T18:33:01-08:00,37.4865175,-122.2329132,12.309845,1574217181.0,1574217180.168,10.410822777748107,POINT (-122.2329132 37.4865175),android,12.360808750272101,-3.2444043407607293,5.228092248428554
1387,16.0,-43.0,130.77171,1165392041639732,time,2019-11-19T18:33:02-08:00,37.4864466,-122.2328053,11.532526,1574217182.0,1574217181.301,10.411100555525886,POINT (-122.2328053 37.4864466),android,9.116404409511372,1.983687907667825,-3.0565940670336627
1388,16.5,-43.0,130.43521,1165392865426920,time,2019-11-19T18:33:03-08:00,37.4863932,-122.2327269,11.265729,1574217183.0,1574217182.153,10.411378333303663,POINT (-122.2327269 37.4863932),android,11.100092317179197,-1.0729061593658376,0.5248539864252209
1389,18.0,-43.0,130.40715,1165393872373951,time,2019-11-19T18:33:04-08:00,37.4863265,-122.2326333,11.120381,1574217184.0,1574217183.128,10.411656111081442,POINT (-122.2326333 37.4863265),android,10.02718615781336,-0.5480521729406167,1.8313163654232536
1390,18.6,-42.0,130.21169,1165394887497336,time,2019-11-19T18:33:05-08:00,37.4862682,-122.2325466,10.66516,1574217185.0,1574217184.144,10.411933888859219,POINT (-122.2325466 37.4862682),android,9.479133984872743,1.283264192482637,-4.656699243603473
1391,18.6,-42.0,130.06024,1165395892384106,time,2019-11-19T18:33:06-08:00,37.4862135,-122.2324642,10.341557,1574217186.0,1574217185.205,10.412211666636997,POINT (-122.2324642 37.4862135),android,10.76239817735538,-3.373435051120836,5.141294080329068
1392,18.8,-43.0,130.21716,1165397125537594,time,2019-11-19T18:33:07-08:00,37.4861543,-122.2323677,10.033818,1574217187.0,1574217186.376,10.412489444414774,POINT (-122.2323677 37.4861543),android,7.388963126234543,1.767859029208232,-2.927684608170175
1393,19.0,-43.0,129.98532,1165397868964365,time,2019-11-19T18:33:08-08:00,37.4861125,-122.2323026,10.134999,1574217188.0,1574217187.143,10.412767222192553,POINT (-122.2323026 37.4861125),android,9.156822155442775,-1.159825578961943,2.591107503117655
1394,18.6,-43.0,128.47676,1165398887244104,time,2019-11-19T18:33:09-08:00,37.486067,-122.2322161,9.582048,1574217189.0,1574217188.16,10.41304499997033,POINT (-122.2322161 37.486067),android,7.996996576480832,1.4312819241557122,-4.306794152513216
1395,18.6,-42.0,129.2737,1165399889777541,time,2019-11-19T18:33:10-08:00,37.4860247,-122.2321428,8.828212,1574217190.0,1574217189.207,10.413322777748109,POINT (-122.2321428 37.4860247),android,9.428278500636544,-2.875512228357504,4.318414744025475
1396,19.0,-42.0,130.13678,1165401163364102,time,2019-11-19T18:33:11-08:00,37.4859728,-122.2320583,8.469292,1574217191.0,1574217190.429,10.413600555525885,POINT (-122.2320583 37.4859728),android,6.55276627227904,1.4429025156679707,-3.058492045463349
1397,19.166,-42.0,132.61781,1165401875306915,time,2019-11-19T18:33:12-08:00,37.4859316,-122.2320052,8.654091,1574217192.0,1574217191.165,10.413878333303664,POINT (-122.2320052 37.4859316),android,7.995668787947011,-1.6155895297953782,0.42907656722019816
1398,19.666,-42.0,134.25096,1165402855445456,time,2019-11-19T18:33:13-08:00,37.4858803,-122.2319417,8.188502,1574217193.0,1574217192.145,10.414156111081441,POINT (-122.2319417 37.4858803),android,6.380079258151633,-1.18651296257518,-3.091387897249466
1399,19.666,-40.0,134.66872,1165403874888997,time,2019-11-19T18:33:14-08:00,37.4858417,-122.2318882,7.336969,1574217194.0,1574217193.17,10.41443388885922,POINT (-122.2318882 37.4858417),android,5.193566295576453,-4.277900859824646,5.003454397110594
1400,19.8,-41.0,137.6645,1165404903851132,time,2019-11-19T18:33:15-08:00,37.485807,-122.2318488,6.6598725,1574217195.0,1574217194.149,10.414711666636997,POINT (-122.2318488 37.485807),android,0.9156654357518064,0.7255535372859481,-1.6932682075765388
1401,19.166,-39.0,137.84193,1165405893378163,time,2019-11-19T18:33:16-08:00,37.4858029,-122.2318398,5.034988,1574217196.0,1574217195.183,10.414989444414774,POINT (-122.2318398 37.4858029),android,1.6412189730377544,-0.9677146702905909,1.5147290133121216
1402,18.4,-39.0,136.2872,1165406892957538,time,2019-11-19T18:33:17-08:00,37.4857964,-122.2318231,4.56914,1574217197.0,1574217196.161,10.415267222192552,POINT (-122.2318231 37.4857964),android,0.6735043027471636,0.5470143430215307,-1.0234525266429637
1403,18.333,-38.0,140.0684,1165407811206860,time,2019-11-19T18:33:18-08:00,37.4857922,-122.2318176,3.2689433,1574217198.0,1574217197.1,10.41554499997033,POINT (-122.2318176 37.4857922),android,1.2205186457686943,-0.47643818362143286,2.1191322846382095
1404,17.6,-38.0,136.48314,1165408892073891,time,2019-11-19T18:33:19-08:00,37.4857861,-122.2318061,2.9358232,1574217199.0,1574217198.171,10.415822777748108,POINT (-122.2318061 37.4857861),android,0.7440804621472614,1.6426941010167766,0.42487569742785625
1405,17.833,-37.0,135.09074,1165409886224151,time,2019-11-19T18:33:20-08:00,37.485789,-122.2317985,2.2331953,1574217200.0,1574217199.158,10.416100555525885,POINT (-122.2317985 37.485789),android,2.386774563164038,2.067569798444633,2.4186181054382496
1406,17.5,-35.0,133.62024,1165410882824307,time,2019-11-19T18:33:21-08:00,37.4858104,-122.2318006,2.095211,1574217201.0,1574217200.159,10.416378333303664,POINT (-122.2318006 37.4858104),android,4.454344361608671,4.4861879038828825,-7.470399300263642
1407,17.333,-34.0,78.4752,1165411818368161,time,2019-11-19T18:33:22-08:00,37.4858486,-122.2318158,0.74715525,1574217202.0,1574217201.087,10.41665611108144,POINT (-122.2318158 37.4858486),android,8.940532265491553,-2.9842113963807595,1.5689527850977516
1408,16.5,-34.0,347.06555,1165412874536025,time,2019-11-19T18:33:23-08:00,37.4859232,-122.2318536,2.9932995,1574217203.0,1574217202.153,10.41693388885922,POINT (-122.2318536 37.4859232),android,5.956320869110794,-1.415258611283008,0.16771973716747812
1409,15.5,-33.0,341.2284,1165414000499618,time,2019-11-19T18:33:24-08:00,37.4859727,-122.2318794,4.0525136,1574217204.0,1574217203.273,10.417211666636996,POINT (-122.2318794 37.4859727),android,4.541062257827786,-1.2475388741155298,-0.5775486230402804
1410,14.75,-31.0,340.75784,1165414866652951,time,2019-11-19T18:33:25-08:00,37.4860109,-122.2318976,4.386383,1574217205.0,1574217204.152,10.417489444414775,POINT (-122.2318976 37.4860109),android,3.293523383712256,-1.8250874971558102,1.3469531076192653
1411,13.875,-30.0,341.63574,1165415881208941,time,2019-11-19T18:33:26-08:00,37.4860393,-122.2319082,3.9416642,1574217206.0,1574217205.167,10.417767222192552,POINT (-122.2319082 37.4860393),android,1.468435886556446,-0.47813438953654486,-0.4834564118854343
1412,12.706,-29.100000381469727,344.64413,1165416892661284,time,2019-11-19T18:33:27-08:00,37.4860525,-122.2319087,3.0090413,1574217207.0,1574217206.192,10.41804499997033,POINT (-122.2319087 37.4860525),android,0.9903014970199011,-0.9615908014219792,1.1277097395625615
1413,12.278,-29.100000381469727,349.2599,1165418161408887,time,2019-11-19T18:33:28-08:00,37.4860612,-122.2319063,1.992848,1574217208.0,1574217207.43,10.418322777748108,POINT (-122.2319063 37.4860612),android,0.02871069559792196,0.1661189381405824,0.899778773198357
1414,12.118,-29.100000381469727,349.6143,1165418881995241,time,2019-11-19T18:33:29-08:00,37.4860613,-122.231906,1.4404632,1574217209.0,1574217208.188,10.418600555525886,POINT (-122.231906 37.4860613),android,0.19482963373850437,1.0658977113389394,-4.470695976024041
1415,11.706,-29.100000381469727,346.92148,1165419854148157,time,2019-11-19T18:33:30-08:00,37.4860597,-122.2319069,0.84795165,1574217210.0,1574217209.155,10.418878333303663,POINT (-122.2319069 37.4860597),android,1.2607273450774439,-3.4047982646851023,9.66241357922743
1416,11.68,-29.100000381469727,344.27518,1165421166000000,time,2019-11-19T18:33:30.347000-08:00,37.4860633,-122.2319089,0.6123334,1574217210.347,1574217211.105,10.418974722160234,POINT (-122.2319089 37.4860633),android,0.07926274337408964,-0.05194187689825494,0.19271218854243716
1417,11.563,-29.100000381469727,344.9141,1165420851919199,time,2019-11-19T18:33:31-08:00,37.4860629,-122.2319086,0.67613256,1574217211.0,1574217210.137,10.419156111081442,POINT (-122.2319086 37.4860629),android,0.04534469171618183,0.07389920464168562,-0.07992766010783048
1418,11.583,-29.100000381469727,345.1616,1165421853496282,time,2019-11-19T18:33:32-08:00,37.4860633,-122.2319087,0.44613916,1574217212.0,1574217211.154,10.419433888859219,POINT (-122.2319087 37.4860633),android,0.11924389635786745,-0.006028455466144861,0.17991754069959034
1419,11.583,-29.100000381469727,337.24243,1165422852306854,time,2019-11-19T18:33:33-08:00,37.4860625,-122.2319096,0.26568633,1574217213.0,1574217212.137,10.419711666636998,POINT (-122.2319096 37.4860625),android,0.11321544089172259,0.17388908523344548,-0.2991902398246512
1420,11.583,-29.100000381469727,325.0228,1165423861452895,time,2019-11-19T18:33:34-08:00,37.4860616,-122.2319102,0.149015,1574217214.0,1574217213.133,10.419989444414774,POINT (-122.2319102 37.4860616),android,0.28710452612516807,-0.1253011545912057,-0.01426323135395799
1421,11.68,-29.100000381469727,332.58292,1165424874192947,time,2019-11-19T18:33:35-08:00,37.486064,-122.2319114,0.19714828,1574217215.0,1574217214.167,10.420267222192553,POINT (-122.2319114 37.486064),android,0.16180337153396238,-0.13956438594516368,0.14571513941699837
1422,11.68,-29.100000381469727,335.44788,1165425882742686,time,2019-11-19T18:33:36-08:00,37.4860654,-122.2319119,0.18182303,1574217216.0,1574217215.153,10.42054499997033,POINT (-122.2319119 37.4860654),android,0.022238985588798697,0.006150753471834695,-0.020345622608786376
1423,11.0,-29.100000381469727,338.4623,1165426885017738,time,2019-11-19T18:33:37-08:00,37.4860656,-122.2319119,0.11744999,1574217217.0,1574217216.126,10.420822777748107,POINT (-122.2319119 37.4860656),android,0.02838973906063339,-0.014194869136951683,0.04447797039086737
1424,11.0,-29.100000381469727,342.80112,1165427872873831,time,2019-11-19T18:33:38-08:00,37.4860654,-122.2319117,0.057981633,1574217218.0,1574217217.188,10.421100555525886,POINT (-122.2319117 37.4860654),android,0.014194869923681708,0.030283101253915687,0.019372640251219396
1425,11.0,-29.100000381469727,337.6616,1165428862596175,time,2019-11-19T18:33:39-08:00,37.4860655,-122.2319118,0.03523617,1574217219.0,1574217218.137,10.421378333303663,POINT (-122.2319118 37.4860655),android,0.04447797117759739,0.04965574150513508,-0.09203087399551088
1426,11.0,-29.100000381469727,263.7278,1165429894090081,time,2019-11-19T18:33:40-08:00,37.4860651,-122.2319118,0.008170292,1574217220.0,1574217219.168,10.421656111081441,POINT (-122.2319118 37.4860651),android,0.09413371268273248,-0.04237513249037579,0.10417550821529295
1427,11.0,-29.100000381469727,319.50592,1165430881592268,time,2019-11-19T18:33:41-08:00,37.4860658,-122.2319124,0.043203946,1574217221.0,1574217220.169,10.421933888859218,POINT (-122.2319124 37.4860658),android,0.051758580192356685,0.06180037572491716,-0.12005048921014005
1428,11.0,-29.100000381469727,268.60834,1165431885454819,time,2019-11-19T18:33:42-08:00,37.4860654,-122.2319121,0.0060268375,1574217222.0,1574217221.157,10.422211666636997,POINT (-122.2319121 37.4860654),android,0.11355895591727384,-0.0582501134852229,0.04465687545381948
1429,11.0,-29.100000381469727,140.62793,1165432883263934,time,2019-11-19T18:33:43-08:00,37.4860646,-122.2319113,0.047352903,1574217223.0,1574217222.152,10.422489444414774,POINT (-122.2319113 37.4860646),android,0.05530884243205094,-0.013593238031403422,0.0005883283140144906
1430,11.0,-29.100000381469727,134.46834,1165434145979506,time,2019-11-19T18:33:44-08:00,37.4860643,-122.2319108,0.04427367,1574217224.0,1574217223.402,10.422767222192553,POINT (-122.2319108 37.4860643),android,0.04171560440064752,-0.013004909717388932,-0.015705784965869656
1431,11.0,-29.100000381469727,130.67416,1165434878418776,time,2019-11-19T18:33:45-08:00,37.4860641,-122.2319104,0.04920363,1574217225.0,1574217224.177,10.42304499997033,POINT (-122.2319104 37.4860641),android,0.028710694683258587,-0.028710694683258587,0.05263607231827156
1432,11.0,-29.100000381469727,126.41164,1165435884431849,time,2019-11-19T18:33:46-08:00,37.486064,-122.2319101,0.03971401,1574217226.0,1574217225.166,10.423322777748108,POINT (-122.2319101 37.486064),android,0.0,0.023925377635012974,-0.03365588603763734
1433,11.0,-29.100000381469727,119.92606,1165436889334609,time,2019-11-19T18:33:47-08:00,37.486064,-122.2319101,0.02137516,1574217227.0,1574217226.171,10.423600555525885,POINT (-122.2319101 37.486064),android,0.023925377635012974,-0.009730508402624367,0.006655131174547633
1434,11.0,-29.100000381469727,91.90874,1165437789900598,time,2019-11-19T18:33:48-08:00,37.4860642,-122.2319102,0.009029962,1574217228.0,1574217227.053,10.423878333303664,POINT (-122.2319102 37.4860642),android,0.014194869232388607,-0.0030753772280767335,0.006150755220859587
1435,10.857,-29.100000381469727,355.37888,1165438876181743,time,2019-11-19T18:33:49-08:00,37.4860643,-122.2319103,0.003951919,1574217229.0,1574217228.157,10.424156111081441,POINT (-122.2319103 37.4860643),android,0.011119492004311874,0.003075377992782853,-0.00844691448572439
1436,10.857,-29.100000381469727,356.18964,1165439867432628,time,2019-11-19T18:33:50-08:00,37.4860644,-122.2319103,0.007109032,1574217230.0,1574217229.145,10.42443388885922,POINT (-122.2319103 37.4860644),android,0.014194869997094727,-0.005371536492941536,0.005371536492941536
1437,10.857,-29.100000381469727,343.3305,1165440874469191,time,2019-11-19T18:33:51-08:00,37.4860645,-122.2319104,0.009824152,1574217231.0,1574217230.143,10.424711666636997,POINT (-122.2319104 37.4860645),android,0.00882333350415319,0.0,0.0022961592902461577
1438,10.857,-29.100000381469727,353.86832,1165441877031951,time,2019-11-19T18:33:52-08:00,37.4860645,-122.2319103,0.004674821,1574217232.0,1574217231.136,10.424989444414775,POINT (-122.2319103 37.4860645),android,0.00882333350415319,0.0022961592902461577,0.0007792171183779
1439,10.833,-29.100000381469727,338.1288,1165442864967419,time,2019-11-19T18:33:53-08:00,37.4860645,-122.2319104,0.004910262,1574217233.0,1574217232.157,10.425267222192552,POINT (-122.2319104 37.4860645),android,0.011119492794399348,0.0030753764086240577,-0.008446913384986463
1440,10.857,-29.100000381469727,342.26935,1165443864688252,time,2019-11-19T18:33:54-08:00,37.4860646,-122.2319104,0.007220507,1574217234.0,1574217233.154,10.425544999970331,POINT (-122.2319104 37.4860646),android,0.014194869203023406,-0.0053715369763624055,0.007667697544100753
1441,11.0,-29.100000381469727,334.9343,1165444867732627,time,2019-11-19T18:33:55-08:00,37.4860647,-122.2319105,0.009832916,1574217235.0,1574217234.174,10.425822777748108,POINT (-122.2319105 37.4860647),android,0.008823332226661,0.002296160567738348,0.0007792158408857098
1442,11.0,-29.100000381469727,342.38013,1165445874099137,time,2019-11-19T18:33:56-08:00,37.4860647,-122.2319104,0.0043526785,1574217236.0,1574217235.15,10.426100555525887,POINT (-122.2319104 37.4860647),android,0.011119492794399348,0.0030753764086240577,-0.017270245611647465
1443,11.0,-29.100000381469727,4.1612062,1165446897820438,time,2019-11-19T18:33:57-08:00,37.4860646,-122.2319104,0.0012530497,1574217237.0,1574217236.162,10.426378333303663,POINT (-122.2319104 37.4860646),android,0.014194869203023406,-0.014194869203023406,0.023018202683555405
1444,11.0,-29.100000381469727,327.88782,1165447885510855,time,2019-11-19T18:33:58-08:00,37.4860647,-122.2319105,0.0032857412,1574217238.0,1574217237.16,10.42665611108144,POINT (-122.2319105 37.4860647),android,0.0,0.008823333480531999,-0.0034517969786518714
1445,11.0,-29.100000381469727,322.70764,1165449154689551,time,2019-11-19T18:33:59-08:00,37.4860647,-122.2319105,0.0035577104,1574217239.0,1574217238.418,10.42693388885922,POINT (-122.2319105 37.4860647),android,0.008823333480531999,0.005371536501880127,-0.008446913689892905
1446,11.0,-29.100000381469727,299.56973,1165449886540020,time,2019-11-19T18:34:00-08:00,37.4860647,-122.2319106,0.004707599,1574217240.0,1574217239.153,10.427211666636996,POINT (-122.2319106 37.4860647),android,0.014194869982412126,-0.003075377188012778,0.003075377188012778
1447,11.0,-29.100000381469727,220.42303,1165450884555696,time,2019-11-19T18:34:01-08:00,37.4860646,-122.2319105,0.0021607813,1574217241.0,1574217240.165,10.427489444414775,POINT (-122.2319105 37.4860646),android,0.011119492794399348,0.0,0.0030753771880127744
1448,11.0,-29.100000381469727,1.5163058,1165451878275696,time,2019-11-19T18:34:02-08:00,37.4860647,-122.2319105,0.00040370642,1574217242.0,1574217241.15,10.427767222192552,POINT (-122.2319105 37.4860647),android,0.011119492794399348,0.0030753771880127744,-0.0172702471704249
1449,11.166,-29.100000381469727,162.85556,1165452886061945,time,2019-11-19T18:34:03-08:00,37.4860646,-122.2319105,0.0017917039,1574217243.0,1574217242.165,10.42804499997033,POINT (-122.2319105 37.4860646),android,0.014194869982412123,-0.014194869982412123,0.014194869982412123
1450,11.285,-29.100000381469727,280.45285,1165453865279914,time,2019-11-19T18:34:04-08:00,37.4860647,-122.2319106,0.0018732921,1574217244.0,1574217243.148,10.428322777748107,POINT (-122.2319106 37.4860647),android,0.0,0.0,0.0
1451,11.285,-29.100000381469727,295.61185,1165454876576632,time,2019-11-19T18:34:05-08:00,37.4860647,-122.2319106,0.0025906933,1574217245.0,1574217244.141,10.428600555525886,POINT (-122.2319106 37.4860647),android,0.0,0.0,0.008823332226661
1452,11.333,-29.100000381469727,299.99417,1165455885995069,time,2019-11-19T18:34:06-08:00,37.4860647,-122.2319106,0.002148837,1574217246.0,1574217245.177,10.428878333303663,POINT (-122.2319106 37.4860647),android,0.0,0.008823332226661,-0.017646664453322
1453,11.285,-29.100000381469727,302.77197,1165456798400434,time,2019-11-19T18:34:07-08:00,37.4860647,-122.2319106,0.0014651316,1574217247.0,1574217246.088,10.429156111081442,POINT (-122.2319106 37.4860647),android,0.008823332226661,-0.008823332226661,0.017646664453322
1454,11.285,-29.100000381469727,278.23007,1165457875006944,time,2019-11-19T18:34:08-08:00,37.4860647,-122.2319107,0.0030810144,1574217248.0,1574217247.157,10.429433888859219,POINT (-122.2319107 37.4860647),android,0.0,0.008823332226661,-0.017646664453322
1455,11.0,-29.100000381469727,273.61612,1165458884882829,time,2019-11-19T18:34:09-08:00,37.4860647,-122.2319107,0.003045893,1574217249.0,1574217248.17,10.429711666636997,POINT (-122.2319107 37.4860647),android,0.008823332226661,-0.008823332226661,0.017646665707192997
1456,11.0,-29.100000381469727,270.6065,1165459887947307,time,2019-11-19T18:34:10-08:00,37.4860647,-122.2319108,0.004616959,1574217250.0,1574217249.142,10.429989444414774,POINT (-122.2319108 37.4860647),android,0.0,0.008823333480531999,-0.017646666961063998
1457,11.0,-29.100000381469727,269.76007,1165460885519859,time,2019-11-19T18:34:11-08:00,37.4860647,-122.2319108,0.003935423,1574217251.0,1574217250.163,10.430267222192553,POINT (-122.2319108 37.4860647),android,0.008823333480531999,-0.008823333480531999,0.023018202683555405
1458,11.2,-29.100000381469727,269.60095,1165461807019078,time,2019-11-19T18:34:12-08:00,37.4860647,-122.2319109,0.0050161993,1574217252.0,1574217251.1,10.43054499997033,POINT (-122.2319109 37.4860647),android,0.0,0.014194869203023406,-0.028389738406046812
1459,11.285,-29.100000381469727,269.52628,1165462864328035,time,2019-11-19T18:34:13-08:00,37.4860647,-122.2319109,0.0040735765,1574217253.0,1574217252.128,10.430822777748109,POINT (-122.2319109 37.4860647),android,0.014194869203023406,-0.014194869203023406,0.028389739192776833
1460,11.428,-29.100000381469727,238.84224,1165463864551993,time,2019-11-19T18:34:14-08:00,37.4860646,-122.231911,0.005643678,1574217254.0,1574217253.132,10.431100555525886,POINT (-122.231911 37.4860646),android,0.0,0.014194869989753427,-0.028389739979506855
1461,11.666,-29.100000381469727,229.06535,1165464919027253,time,2019-11-19T18:34:15-08:00,37.4860646,-122.231911,0.0050514597,1574217255.0,1574217254.205,10.431378333303664,POINT (-122.231911 37.4860646),android,0.014194869989753427,-0.014194869989753427,0.014194869989753427
1462,11.714,-29.100000381469727,221.04596,1165465867343138,time,2019-11-19T18:34:16-08:00,37.4860645,-122.2319111,0.007244602,1574217256.0,1574217255.13,10.431656111081441,POINT (-122.2319111 37.4860645),android,0.0,0.0,0.0
1463,11.857,-29.100000381469727,218.54459,1165466796072774,time,2019-11-19T18:34:17-08:00,37.4860645,-122.2319111,0.006427375,1574217257.0,1574217256.068,10.43193388885922,POINT (-122.2319111 37.4860645),android,0.0,0.0,0.0
1464,12.0,-29.100000381469727,216.70485,1165467884491940,time,2019-11-19T18:34:18-08:00,37.4860645,-122.2319111,0.004273937,1574217258.0,1574217257.148,10.432211666636997,POINT (-122.2319111 37.4860645),android,0.0,0.0,0.014194869210364709
1465,12.0,-29.100000381469727,215.1002,1165469122083605,time,2019-11-19T18:34:19-08:00,37.4860645,-122.2319111,0.0019770518,1574217259.0,1574217258.379,10.432489444414774,POINT (-122.2319111 37.4860645),android,0.0,0.014194869210364709,-0.01956640618225782
1466,11.857,-29.100000381469727,348.19986,1165469884526313,time,2019-11-19T18:34:20-08:00,37.4860645,-122.2319111,0.0021715527,1574217260.0,1574217259.152,10.432767222192552,POINT (-122.2319111 37.4860645),android,0.014194869210364709,-0.005371536971893114,-0.0034517952665784803
1467,11.666,-29.100000381469727,321.5012,1165470880613656,time,2019-11-19T18:34:21-08:00,37.4860646,-122.2319112,0.003973569,1574217261.0,1574217260.167,10.43304499997033,POINT (-122.2319112 37.4860646),android,0.008823332238471595,-0.008823332238471595,0.008823332238471595
1468,11.4,-29.100000381469727,297.96,1165471806648187,time,2019-11-19T18:34:22-08:00,37.4860646,-122.2319113,0.0057113688,1574217262.0,1574217261.071,10.433322777748108,POINT (-122.2319113 37.4860646),android,0.0,0.0,0.008823333492342595
1469,11.285,-29.100000381469727,290.4907,1165472882474802,time,2019-11-19T18:34:23-08:00,37.4860646,-122.2319113,0.004866551,1574217263.0,1574217262.147,10.433600555525885,POINT (-122.2319113 37.4860646),android,0.0,0.008823333492342595,-0.01764666698468519
1470,11.142,-29.100000381469727,286.82245,1165473884154332,time,2019-11-19T18:34:24-08:00,37.4860646,-122.2319113,0.0029361018,1574217264.0,1574217263.161,10.433878333303664,POINT (-122.2319113 37.4860646),android,0.008823333492342595,-0.008823333492342595,0.03274871063881263
1471,11.0,-29.100000381469727,274.56668,1165474884691051,time,2019-11-19T18:34:25-08:00,37.4860646,-122.2319114,0.0038313756,1574217265.0,1574217264.149,10.43415611108144,POINT (-122.2319114 37.4860646),android,0.0,0.023925377146470035,-0.036731261498540724
1472,11.0,-29.100000381469727,270.43243,1165475881468394,time,2019-11-19T18:34:26-08:00,37.4860646,-122.2319114,0.0031485602,1574217266.0,1574217265.141,10.43443388885922,POINT (-122.2319114 37.4860646),android,0.023925377146470035,-0.012805884352070687,0.0016863915576713386
1473,11.0,-29.100000381469727,333.33624,1165476808343290,time,2019-11-19T18:34:27-08:00,37.4860648,-122.2319115,0.010040819,1574217267.0,1574217266.077,10.434711666636996,POINT (-122.2319115 37.4860648),android,0.011119492794399348,-0.011119492794399348,0.011119492794399348
1474,11.356,-29.100000381469727,339.3579,1165477902033498,time,2019-11-19T18:34:28-08:00,37.4860649,-122.2319115,0.010767958,1574217268.0,1574217267.178,10.434989444414775,POINT (-122.2319115 37.4860649),android,0.0,0.0,0.0
1475,11.523,-29.100000381469727,330.3498,1165478903713914,time,2019-11-19T18:34:29-08:00,37.4860649,-122.2319115,0.004712044,1574217269.0,1574217268.152,10.435267222192552,POINT (-122.2319115 37.4860649),android,0.0,0.0,0.008823332203039812
1476,11.448,-29.100000381469727,342.85022,1165479881466570,time,2019-11-19T18:34:30-08:00,37.4860649,-122.2319115,0.003716508,1574217270.0,1574217269.158,10.43554499997033,POINT (-122.2319115 37.4860649),android,0.0,0.008823332203039812,-0.008823332203039812
1477,11.448,-29.100000381469727,351.25317,1165480880859278,time,2019-11-19T18:34:31-08:00,37.4860649,-122.2319115,0.002423627,1574217271.0,1574217270.133,10.435822777748108,POINT (-122.2319115 37.4860649),android,0.008823332203039812,0.0,0.002296160591359536
1478,11.448,-29.100000381469727,60.176167,1165481808096986,time,2019-11-19T18:34:32-08:00,37.4860649,-122.2319114,0.0027549656,1574217272.0,1574217271.074,10.436100555525886,POINT (-122.2319114 37.4860649),android,0.008823332203039812,0.002296160591359536,-0.013415653385758885
1479,11.166,-29.100000381469727,29.274395,1165482932441725,time,2019-11-19T18:34:33-08:00,37.4860649,-122.2319115,0.00060663524,1574217273.0,1574217272.184,10.436378333303663,POINT (-122.2319115 37.4860649),android,0.011119492794399348,-0.011119492794399348,0.011119492794399348
1480,11.0,-29.100000381469727,344.0021,1165483903964433,time,2019-11-19T18:34:34-08:00,37.486065,-122.2319115,0.00334299,1574217274.0,1574217273.169,10.436656111081442,POINT (-122.2319115 37.486065),android,0.0,0.0,0.0
1481,11.0,-29.100000381469727,341.1565,1165485159208077,time,2019-11-19T18:34:35-08:00,37.486065,-122.2319115,0.0032918241,1574217275.0,1574217274.42,10.436933888859219,POINT (-122.2319115 37.486065),android,0.0,0.0,0.0
1482,11.0,-29.100000381469727,254.84601,1165485890459327,time,2019-11-19T18:34:36-08:00,37.486065,-122.2319115,0.00094324676,1574217276.0,1574217275.174,10.437211666636998,POINT (-122.2319115 37.486065),android,0.0,0.0,0.0
1483,11.0,-29.100000381469727,335.55167,1165486824548910,time,2019-11-19T18:34:37-08:00,37.486065,-122.2319115,0.0014602763,1574217277.0,1574217276.1,10.437489444414775,POINT (-122.2319115 37.486065),android,0.0,0.0,0.0
1484,11.0,-29.100000381469727,349.69608,1165487962314482,time,2019-11-19T18:34:38-08:00,37.486065,-122.2319115,0.0015820905,1574217278.0,1574217277.218,10.437767222192551,POINT (-122.2319115 37.486065),android,0.0,0.0,0.0
1485,11.0,-29.100000381469727,354.25873,1165488918851149,time,2019-11-19T18:34:39-08:00,37.486065,-122.2319115,0.0010866288,1574217279.0,1574217278.178,10.43804499997033,POINT (-122.2319115 37.486065),android,0.0,0.0,0.008823333445100211
1486,11.142,-29.100000381469727,358.18814,1165489886951461,time,2019-11-19T18:34:40-08:00,37.486065,-122.2319115,0.0006463925,1574217280.0,1574217279.165,10.438322777748107,POINT (-122.2319115 37.486065),android,0.0,0.008823333445100211,-0.0065271748858885485
1487,11.285,-29.100000381469727,4.2683907,1165490880387762,time,2019-11-19T18:34:41-08:00,37.486065,-122.2319115,0.0002967028,1574217281.0,1574217280.143,10.438600555525886,POINT (-122.2319115 37.486065),android,0.008823333445100211,0.0022961585592116626,-0.013415650563523536
1488,11.6,-29.100000381469727,272.16534,1165491867777345,time,2019-11-19T18:34:42-08:00,37.486065,-122.2319116,0.0022418648,1574217282.0,1574217281.111,10.438878333303663,POINT (-122.2319116 37.486065),android,0.011119492004311874,-0.011119492004311874,0.01994282543760149
1489,12.0,-29.100000381469727,349.88174,1165492980512085,time,2019-11-19T18:34:43-08:00,37.4860651,-122.2319116,0.0026450495,1574217283.0,1574217282.248,10.439156111081441,POINT (-122.2319116 37.4860651),android,0.0,0.008823333433289617,-0.0034517969208736187
1490,12.142,-29.100000381469727,347.2803,1165493898476563,time,2019-11-19T18:34:44-08:00,37.4860651,-122.2319116,0.0061413473,1574217284.0,1574217283.174,10.439433888859218,POINT (-122.2319116 37.4860651),android,0.008823333433289617,0.005371536512415998,-0.01956640645812161
1491,12.333,-29.100000381469727,15.773418,1165494889859636,time,2019-11-19T18:34:45-08:00,37.4860651,-122.2319115,0.0032485165,1574217285.0,1574217284.169,10.439711666636997,POINT (-122.2319115 37.4860651),android,0.014194869945705615,-0.014194869945705615,0.014194869945705615
1492,12.333,-29.100000381469727,349.10968,1165495887444948,time,2019-11-19T18:34:46-08:00,37.4860652,-122.2319116,0.0042146295,1574217286.0,1574217285.136,10.439989444414774,POINT (-122.2319116 37.4860652),android,0.0,0.0,0.0
1493,12.4,-29.100000381469727,340.4628,1165496870211719,time,2019-11-19T18:34:47-08:00,37.4860652,-122.2319116,0.0036915585,1574217287.0,1574217286.118,10.440267222192553,POINT (-122.2319116 37.4860652),android,0.0,0.0,0.011119492794399348
1494,12.285,-25.5,334.81287,1165497791592187,time,2019-11-19T18:34:48-08:00,37.4860652,-122.2319116,0.0026693435,1574217288.0,1574217287.085,10.44054499997033,POINT (-122.2319116 37.4860652),android,0.0,0.011119492794399348,-0.011119493584486823
1495,12.142,-25.5,201.1106,1165498877050103,time,2019-11-19T18:34:49-08:00,37.4860652,-122.2319116,0.0019231756,1574217289.0,1574217288.15,10.440822777748108,POINT (-122.2319116 37.4860652),android,0.011119492794399348,-7.900874746114006e-10,-0.011119491214224399
1496,11.857,-25.5,186.39043,1165499889679322,time,2019-11-19T18:34:50-08:00,37.4860651,-122.2319116,0.002945925,1574217290.0,1574217289.168,10.441100555525885,POINT (-122.2319116 37.4860651),android,0.011119492004311874,-0.011119492004311874,0.011119492004311874
1497,11.714,-25.5,181.23593,1165500886641613,time,2019-11-19T18:34:51-08:00,37.486065,-122.2319116,0.005513131,1574217291.0,1574217290.162,10.441378333303664,POINT (-122.2319116 37.486065),android,0.0,0.0,0.0
1498,11.4,-25.5,180.1162,1165501870743019,time,2019-11-19T18:34:52-08:00,37.486065,-122.2319116,0.00498355,1574217292.0,1574217291.14,10.441656111081441,POINT (-122.2319116 37.486065),android,0.0,0.0,0.008823332191229218
1499,11.169,-25.5,179.42639,1165502820570310,time,2019-11-19T18:34:53-08:00,37.486065,-122.2319116,0.0035114693,1574217293.0,1574217292.121,10.44193388885922,POINT (-122.2319116 37.486065),android,0.0,0.008823332191229218,-0.0065271715880590876
1500,11.002,-25.5,178.87677,1165503895789424,time,2019-11-19T18:34:54-08:00,37.486065,-122.2319116,0.0017582191,1574217294.0,1574217293.163,10.442211666636997,POINT (-122.2319116 37.486065),android,0.008823332191229218,0.0022961606031701304,-0.0022961606031701304
1501,11.002,-25.5,257.44086,1165505156726663,time,2019-11-19T18:34:55-08:00,37.486065,-122.2319117,0.0024653475,1574217295.0,1574217294.46,10.442489444414775,POINT (-122.2319117 37.486065),android,0.011119492794399348,0.0,0.0
1502,11.002,-25.5,223.2572,1165505876919684,time,2019-11-19T18:34:56-08:00,37.4860649,-122.2319117,0.003891584,1574217296.0,1574217295.149,10.442767222192552,POINT (-122.2319117 37.4860649),android,0.011119492794399348,0.0,-0.011119492794399348
1503,11.2,-25.5,263.3802,1165506881020673,time,2019-11-19T18:34:57-08:00,37.486065,-122.2319117,0.0021042158,1574217297.0,1574217296.138,10.443044999970331,POINT (-122.2319117 37.486065),android,0.011119492794399348,-0.011119492794399348,0.011119492794399348
1504,11.552,-25.5,218.02295,1165507807902808,time,2019-11-19T18:34:58-08:00,37.4860649,-122.2319117,0.0021673557,1574217298.0,1574217297.076,10.443322777748108,POINT (-122.2319117 37.4860649),android,0.0,0.0,0.0
1505,11.811,-25.5,193.90549,1165509091993068,time,2019-11-19T18:34:59-08:00,37.4860649,-122.2319117,0.0023302909,1574217299.0,1574217298.347,10.443600555525885,POINT (-122.2319117 37.4860649),android,0.0,0.0,0.0
1506,11.695,-25.5,185.58485,1165509877606140,time,2019-11-19T18:35:00-08:00,37.4860649,-122.2319117,0.0019950178,1574217300.0,1574217299.18,10.443878333303664,POINT (-122.2319117 37.4860649),android,0.0,0.0,0.008823333456910807
1507,11.811,-25.5,179.62158,1165510891783848,time,2019-11-19T18:35:01-08:00,37.4860649,-122.2319117,0.0013174623,1574217301.0,1574217300.169,10.44415611108144,POINT (-122.2319117 37.4860649),android,0.0,0.008823333456910807,-0.017646666913821614
1508,11.645,-25.5,173.4428,1165511885412858,time,2019-11-19T18:35:02-08:00,37.4860649,-122.2319117,0.0007119447,1574217302.0,1574217301.139,10.44443388885922,POINT (-122.2319117 37.4860649),android,0.008823333456910807,-0.008823333456910807,0.008823333456910807
1509,11.315,-25.5,262.5007,1165512817660202,time,2019-11-19T18:35:03-08:00,37.4860649,-122.2319118,0.0022489903,1574217303.0,1574217302.109,10.444711666636996,POINT (-122.2319118 37.4860649),android,0.0,0.0,0.0
1510,11.27,-25.5,268.60785,1165513898740931,time,2019-11-19T18:35:04-08:00,37.4860649,-122.2319118,0.0027123406,1574217304.0,1574217303.16,10.444989444414775,POINT (-122.2319118 37.4860649),android,0.0,0.0,0.0
1511,11.148,-25.5,270.82306,1165514887099941,time,2019-11-19T18:35:05-08:00,37.4860649,-122.2319118,0.0021444752,1574217305.0,1574217304.182,10.445267222192552,POINT (-122.2319118 37.4860649),android,0.0,0.0,0.0
1512,11.127,-25.5,272.4286,1165515879699836,time,2019-11-19T18:35:06-08:00,37.4860649,-122.2319118,0.0013596946,1574217306.0,1574217305.161,10.44554499997033,POINT (-122.2319118 37.4860649),android,0.0,0.0,0.0
1513,11.489,-25.5,275.25214,1165517103000000,time,2019-11-19T18:35:06.284000-08:00,37.4860649,-122.2319118,0.0005321128,1574217306.284,1574217307.026,10.445623888836966,POINT (-122.2319118 37.4860649),android,0.0,0.0,0.015530016131719046
1514,11.127,-25.5,274.25513,1165516876855825,time,2019-11-19T18:35:07-08:00,37.4860649,-122.2319118,0.00069831783,1574217307.0,1574217306.157,10.445822777748107,POINT (-122.2319118 37.4860649),android,0.0,0.011119492794399348,-0.022238985588798697
1515,11.489,-25.5,278.55612,1165517914644262,time,2019-11-19T18:35:08-08:00,37.4860649,-122.2319118,0.00023409534,1574217308.0,1574217307.194,10.446100555525886,POINT (-122.2319118 37.4860649),android,0.011119492794399348,-0.011119492794399348,0.011119492794399348
1516,11.489,-25.5,180.53731,1165518908307439,time,2019-11-19T18:35:09-08:00,37.4860648,-122.2319118,0.0031037992,1574217309.0,1574217308.183,10.446378333303663,POINT (-122.2319118 37.4860648),android,0.0,0.0,0.1116522888790014
1517,11.419,-25.5,179.10506,1165519859383585,time,2019-11-19T18:35:10-08:00,37.4860648,-122.2319118,0.0034578396,1574217310.0,1574217309.122,10.446656111081442,POINT (-122.2319118 37.4860648),android,0.0,0.1116522888790014,-0.4419844467109101
1518,11.489,-25.5,178.43184,1165520986535303,time,2019-11-19T18:35:11-08:00,37.4860648,-122.2319118,0.0025038335,1574217311.0,1574217310.252,10.446933888859219,POINT (-122.2319118 37.4860648),android,0.1116522888790014,-0.33033215783190867,22.8873078357541
1519,11.652,-28.899999618530273,151.36575,1165522157000000,time,2019-11-19T18:35:11.338000-08:00,37.4860645,-122.2319116,0.017340938,1574217311.338,1574217312.131,10.447027777764532,POINT (-122.2319116 37.4860645),android,0.0,7.405579243929312,-9.65378354787268
1520,11.419,-25.5,152.19452,1165521855666969,time,2019-11-19T18:35:12-08:00,37.4860645,-122.2319116,0.015122263,1574217312.0,1574217311.136,10.447211666636997,POINT (-122.2319116 37.4860645),android,4.902493021605539,1.0147751060446542,-1.373902280607374
1521,11.559,-28.899999618530273,123.233734,1165522867733688,time,2019-11-19T18:35:13-08:00,37.4860361,-122.2318691,3.248985,1574217313.0,1574217312.17,10.447489444414774,POINT (-122.2318691 37.4860361),android,5.9172681276501935,-0.3591271745627198,1.1325138720936208
1522,11.559,-28.899999618530273,125.26227,1165523866506239,time,2019-11-19T18:35:14-08:00,37.485995,-122.2318265,3.4661574,1574217314.0,1574217313.126,10.447767222192553,POINT (-122.2318265 37.485995),android,5.558140953087474,0.773386697530901,-0.7637691224156029
1523,11.652,-28.899999618530273,123.66552,1165524868779833,time,2019-11-19T18:35:15-08:00,37.4859597,-122.2317819,3.5315852,1574217315.0,1574217314.139,10.44804499997033,POINT (-122.2317819 37.4859597),android,6.331527650618375,0.009617575115298038,2.473742554845753
1524,11.559,-28.899999618530273,128.35194,1165525875907697,time,2019-11-19T18:35:16-08:00,37.4859184,-122.2317325,4.2745967,1574217316.0,1574217315.169,10.448322777748109,POINT (-122.2317325 37.4859184),android,6.341145225733673,2.483360129961051,-1.0133393773770685
1525,11.652,-28.899999618530273,130.82187,1165526862082019,time,2019-11-19T18:35:17-08:00,37.4858761,-122.2316843,4.6710477,1574217317.0,1574217316.14,10.448600555525886,POINT (-122.2316843 37.4858761),android,8.824505355694724,1.4700207525839826,-3.0125304554061128
1526,11.0,-28.899999618530273,130.38263,1165527857394571,time,2019-11-19T18:35:18-08:00,37.485811,-122.2316271,4.7796445,1574217318.0,1574217317.134,10.448878333303664,POINT (-122.2316271 37.485811),android,10.294526108278706,-1.5425097028221302,-1.5096677287267806
1527,10.857,-27.69999885559082,130.64114,1165528857158581,time,2019-11-19T18:35:19-08:00,37.4857338,-122.2315627,4.743314,1574217319.0,1574217318.13,10.449156111081441,POINT (-122.2315627 37.4857338),android,8.752016405456576,-3.0521774315489107,4.095256306382763
1528,10.666,-27.69999885559082,127.97439,1165530137060559,time,2019-11-19T18:35:20-08:00,37.4856734,-122.2314991,4.9592705,1574217320.0,1574217319.394,10.449433888859218,POINT (-122.2314991 37.4856734),android,5.699838973907665,1.043078874833852,-0.6160149786252944
1529,10.714,-27.69999885559082,123.96176,1165530874371236,time,2019-11-19T18:35:21-08:00,37.4856379,-122.2314525,4.9476724,1574217321.0,1574217320.163,10.449711666636997,POINT (-122.2314525 37.4856379),android,6.742917848741517,0.42706389620855756,-1.2451461118765526
1530,10.666,-27.69999885559082,124.9807,1165531897456027,time,2019-11-19T18:35:22-08:00,37.4855986,-122.2313943,5.5920887,1574217322.0,1574217321.168,10.449989444414774,POINT (-122.2313943 37.4855986),android,7.169981744950075,-0.818082215667995,0.1545738286071643
1531,10.4,-27.69999885559082,125.52001,1165532884692120,time,2019-11-19T18:35:23-08:00,37.4855572,-122.231332,5.6955175,1574217323.0,1574217322.147,10.450267222192553,POINT (-122.231332 37.4855572),android,6.35189952928208,-0.6635083870608307,1.1208560786914168
1532,10.6,-27.69999885559082,127.56752,1165533885267432,time,2019-11-19T18:35:24-08:00,37.4855217,-122.2312756,5.7159266,1574217324.0,1574217323.173,10.45054499997033,POINT (-122.2312756 37.4855217),android,5.688391142221249,0.4573476916305861,-0.44639368135500757
1533,10.666,-27.69999885559082,126.30864,1165534876735922,time,2019-11-19T18:35:25-08:00,37.4854898,-122.2312252,6.0417476,1574217325.0,1574217324.136,10.450822777748108,POINT (-122.2312252 37.4854898),android,6.145738833851835,0.010954010275578518,1.62730894818292
1534,10.833,-27.69999885559082,128.33359,1165535856297952,time,2019-11-19T18:35:26-08:00,37.4854546,-122.2311715,6.2777452,1574217326.0,1574217325.133,10.451100555525885,POINT (-122.2311715 37.4854546),android,6.156692844127414,1.6382629584584985,-4.531380941766112
1535,10.833,-27.69999885559082,127.89169,1165536858196754,time,2019-11-19T18:35:27-08:00,37.485422,-122.2311151,6.3977566,1574217327.0,1574217326.139,10.451378333303664,POINT (-122.2311151 37.485422),android,7.794955802585912,-2.8931179833076133,4.919632106875332
1536,11.0,-27.69999885559082,129.00412,1165538151518055,time,2019-11-19T18:35:28-08:00,37.4853805,-122.2310439,6.7375913,1574217328.0,1574217327.413,10.45165611108144,POINT (-122.2310439 37.4853805),android,4.901837819278299,2.0265141235677184,-0.8036308275139135
1537,11.0,-27.69999885559082,126.17291,1165538872268993,time,2019-11-19T18:35:29-08:00,37.4853565,-122.2309973,6.5378156,1574217329.0,1574217328.17,10.45193388885922,POINT (-122.2309973 37.4853565),android,6.928351942846017,1.222883296053805,-0.4187411682080633
1538,11.0,-27.69999885559082,122.88907,1165539875876284,time,2019-11-19T18:35:30-08:00,37.4853244,-122.23093,6.8337293,1574217330.0,1574217329.151,10.452211666636996,POINT (-122.23093 37.4853244),android,8.151235238899822,0.8041421278457417,-0.8717735000484321
1539,11.0,-27.69999885559082,127.782715,1165540892321596,time,2019-11-19T18:35:31-08:00,37.4852802,-122.2308563,7.556851,1574217331.0,1574217330.175,10.452489444414775,POINT (-122.2308563 37.4852802),android,8.955377366745564,-0.06763137220269044,0.9881579120972663
1540,11.0,-27.69999885559082,129.41588,1165541883571491,time,2019-11-19T18:35:32-08:00,37.485227,-122.2307801,8.293938,1574217332.0,1574217331.161,10.452767222192552,POINT (-122.2307801 37.485227),android,8.887745994542874,0.9205265398945759,-0.26041912116140686
1541,11.0,-27.69999885559082,128.8194,1165542807935866,time,2019-11-19T18:35:33-08:00,37.485174,-122.2307047,8.663735,1574217333.0,1574217332.071,10.45304499997033,POINT (-122.2307047 37.485174),android,9.80827253443745,0.660107418733169,-1.8767366634734906
1542,11.0,-27.69999885559082,128.38063,1165543796495241,time,2019-11-19T18:35:34-08:00,37.4851185,-122.2306183,9.1213665,1574217334.0,1574217333.095,10.453322777748108,POINT (-122.2306183 37.4851185),android,10.468379953170619,-1.2166292447403215,2.4058209397045545
1543,11.0,-27.69999885559082,126.88243,1165544856338834,time,2019-11-19T18:35:35-08:00,37.4850634,-122.2305221,9.080614,1574217335.0,1574217334.169,10.453600555525886,POINT (-122.2305221 37.4850634),android,9.251750708430297,1.189191694964233,-5.291886086490944
1544,11.0,-27.69999885559082,126.84443,1165545853550865,time,2019-11-19T18:35:36-08:00,37.4850158,-122.2304361,8.897286,1574217336.0,1574217335.121,10.453878333303663,POINT (-122.2304361 37.4850158),android,10.44094240339453,-4.102694391526711,7.200743159301384
1545,11.0,-27.69999885559082,126.35299,1165547133302479,time,2019-11-19T18:35:37-08:00,37.4849682,-122.2303341,8.835227,1574217337.0,1574217336.394,10.454156111081442,POINT (-122.2303341 37.4849682),android,6.338248011867819,3.0980487677746726,-2.3302032273683864
1546,11.166,-27.69999885559082,124.21812,1165547857273416,time,2019-11-19T18:35:38-08:00,37.4849436,-122.2302693,8.77779,1574217338.0,1574217337.124,10.454433888859219,POINT (-122.2302693 37.4849436),android,9.436296779642491,0.7678455404062863,-0.8812007515849132
1547,11.4,-27.69999885559082,123.93033,1165548856913051,time,2019-11-19T18:35:39-08:00,37.4849006,-122.2301771,9.347143,1574217339.0,1574217338.131,10.454711666636996,POINT (-122.2301771 37.4849006),android,10.204142320048778,-0.1133552111786269,0.903261247477106
1548,11.8,-27.69999885559082,124.573326,1165549860804249,time,2019-11-19T18:35:40-08:00,37.484851,-122.2300798,10.024453,1574217340.0,1574217339.136,10.454989444414775,POINT (-122.2300798 37.484851),android,10.09078710887015,0.7899060362984791,-0.34830699037914314
1549,12.2,-27.69999885559082,123.25019,1165550872485342,time,2019-11-19T18:35:41-08:00,37.4848114,-122.2299769,10.379202,1574217341.0,1574217340.142,10.455267222192552,POINT (-122.2299769 37.4848114),android,10.88069314516863,0.44159904591933596,-0.13400273581432387
1550,12.5,-27.69999885559082,124.16177,1165551861508154,time,2019-11-19T18:35:42-08:00,37.484761,-122.2298712,10.729828,1574217342.0,1574217341.167,10.45554499997033,POINT (-122.2298712 37.484761),android,11.322292191087966,0.3075963101050121,2.1787274060899264
1551,13.0,-27.69999885559082,124.75035,1165552857261070,time,2019-11-19T18:35:43-08:00,37.4847091,-122.2297608,11.284172,1574217343.0,1574217342.13,10.455822777748107,POINT (-122.2297608 37.4847091),android,11.629888501192978,2.4863237161949385,-6.012281239050754
1552,13.333,-27.69999885559082,125.5553,1165553850472580,time,2019-11-19T18:35:44-08:00,37.4846516,-122.2296507,11.470207,1574217344.0,1574217343.121,10.456100555525886,POINT (-122.2296507 37.4846516),android,14.116212217387917,-3.5259575228558155,6.0248020714435295
1553,14.0,-27.69999885559082,127.87504,1165555101495497,time,2019-11-19T18:35:45-08:00,37.4845745,-122.2295236,11.496889,1574217345.0,1574217344.34,10.456378333303663,POINT (-122.2295236 37.4845745),android,10.590254694532101,2.498844548587714,-3.0343309477324567
1554,14.333,-27.69999885559082,131.09831,1165555869838725,time,2019-11-19T18:35:46-08:00,37.4845071,-122.2294388,12.078507,1574217346.0,1574217345.14,10.456656111081442,POINT (-122.2294388 37.4845071),android,13.089099243119815,-0.5354863991447427,1.1352070275960617
1555,15.4,-27.69999885559082,130.4702,1165556873047163,time,2019-11-19T18:35:47-08:00,37.4844314,-122.2293252,12.287466,1574217347.0,1574217346.175,10.456933888859218,POINT (-122.2293252 37.4844314),android,12.553612843975072,0.599720628451319,0.8006389105895746
1556,16.4,-27.69999885559082,127.95592,1165557869186016,time,2019-11-19T18:35:48-08:00,37.4843694,-122.2292063,12.296725,1574217348.0,1574217347.138,10.457211666636997,POINT (-122.2292063 37.4843694),android,13.153333472426391,1.4003595390408936,-5.8958773800568345
1557,17.2,-27.69999885559082,129.27,1165558870522110,time,2019-11-19T18:35:49-08:00,37.4842963,-122.2290891,12.73406,1574217349.0,1574217348.136,10.457489444414774,POINT (-122.2290891 37.4842963),android,14.553693011467285,-4.495517841015941,7.056268516685179
1558,17.2,-27.69999885559082,125.58426,1165560128994765,time,2019-11-19T18:35:50-08:00,37.4842382,-122.2289413,12.407968,1574217350.0,1574217349.392,10.457767222192553,POINT (-122.2289413 37.4842382),android,10.058175170451344,2.5607506756692384,-2.0872352353866237
1559,16.8,-27.69999885559082,124.90706,1165560883207108,time,2019-11-19T18:35:51-08:00,37.4842017,-122.228837,12.63694,1574217351.0,1574217350.163,10.45804499997033,POINT (-122.228837 37.4842017),android,12.618925846120582,0.4735154402826147,1.5756785817261054
1560,16.0,-27.69999885559082,124.126945,1165561876470233,time,2019-11-19T18:35:52-08:00,37.4841438,-122.228714,12.859164,1574217352.0,1574217351.14,10.458322777748108,POINT (-122.228714 37.4841438),android,13.092441286403197,2.04919402200872,-4.2932632758189495
1561,15.0,-27.69999885559082,124.43719,1165562872286066,time,2019-11-19T18:35:53-08:00,37.4840761,-122.2285926,13.266153,1574217353.0,1574217352.137,10.458600555525885,POINT (-122.2285926 37.4840761),android,15.141635308411917,-2.2440692538102294,4.866577711168867
1562,14.2,-27.69999885559082,125.22101,1165564033598722,time,2019-11-19T18:35:54-08:00,37.4839957,-122.2284541,13.465313,1574217354.0,1574217353.291,10.458878333303664,POINT (-122.2284541 37.4839957),android,12.897566054601688,2.622508457358638,-2.5581698648469473
1563,14.166,-27.69999885559082,126.35716,1165564885685440,time,2019-11-19T18:35:55-08:00,37.4839233,-122.2283399,14.165339,1574217355.0,1574217354.195,10.459156111081441,POINT (-122.2283399 37.4839233),android,15.520074511960326,0.0643385925116906,2.0614998081533233
1564,14.0,-27.69999885559082,126.61149,1165565882407784,time,2019-11-19T18:35:56-08:00,37.4838387,-122.2282,14.347557,1574217356.0,1574217355.175,10.45943388885922,POINT (-122.2282 37.4838387),android,15.584413104472016,2.125838400665014,-7.559562402402095
1565,14.0,-27.69999885559082,127.556755,1165566886175231,time,2019-11-19T18:35:57-08:00,37.4837488,-122.2280645,14.531265,1574217357.0,1574217356.184,10.459711666636997,POINT (-122.2280645 37.4837488),android,17.71025150513703,-5.433724001737081,8.311918492556018
1566,14.0,-27.69999885559082,128.71655,1165568117476480,time,2019-11-19T18:35:58-08:00,37.4836446,-122.2279127,14.728724,1574217358.0,1574217357.38,10.459989444414775,POINT (-122.2279127 37.4836446),android,12.276527503399949,2.8781944908189363,-2.9755384815341426
1567,14.0,-27.69999885559082,129.07004,1165568892350125,time,2019-11-19T18:35:59-08:00,37.4835729,-122.2278069,15.087082,1574217359.0,1574217358.174,10.460267222192552,POINT (-122.2278069 37.4835729),android,15.154721994218885,-0.09734399071520627,2.642006948995437
1568,14.0,-27.69999885559082,127.35629,1165569892436792,time,2019-11-19T18:36:00-08:00,37.483496,-122.2276651,15.172698,1574217360.0,1574217359.184,10.46054499997033,POINT (-122.2276651 37.483496),android,15.057378003503679,2.544662958280231,0.6259657595961308
1569,14.0,-27.69999885559082,126.98752,1165570878506270,time,2019-11-19T18:36:01-08:00,37.4834188,-122.2275249,15.330424,1574217361.0,1574217360.178,10.460822777748108,POINT (-122.2275249 37.4834188),android,17.60204096178391,3.1706287178763617,-11.094184915951978
1570,13.833,-27.69999885559082,128.96051,1165571881887260,time,2019-11-19T18:36:02-08:00,37.4833111,-122.2273787,16.255402,1574217362.0,1574217361.148,10.461100555525885,POINT (-122.2273787 37.4833111),android,20.77266967966027,-7.923556198075616,12.605293464179937
1571,13.6,-27.69999885559082,130.0162,1165573182317831,time,2019-11-19T18:36:03-08:00,37.4831838,-122.2272064,16.310665,1574217363.0,1574217362.427,10.461378333303664,POINT (-122.2272064 37.4831838),android,12.849113481584656,4.681737266104321,-5.055350530934575
1572,13.4,-27.69999885559082,130.29988,1165573895886633,time,2019-11-19T18:36:04-08:00,37.4831044,-122.2271006,16.589659,1574217364.0,1574217363.18,10.46165611108144,POINT (-122.2271006 37.4831044),android,17.530850747688977,-0.37361326483025437,3.349569554961114
1573,13.333,-27.69999885559082,129.88301,1165574886412830,time,2019-11-19T18:36:05-08:00,37.4830002,-122.2269515,16.9283,1574217365.0,1574217364.175,10.46193388885922,POINT (-122.2269515 37.4830002),android,17.157237482858722,2.97595629013086,-6.19516819170493
1574,13.2,-27.69999885559082,128.50012,1165575883872309,time,2019-11-19T18:36:06-08:00,37.4829061,-122.2267974,16.959232,1574217366.0,1574217365.151,10.462211666636996,POINT (-122.2267974 37.4829061),android,20.133193772989582,-3.21921190157407,4.311377514648385
1575,13.4,-27.69999885559082,128.64212,1165577045572621,time,2019-11-19T18:36:07-08:00,37.4827902,-122.2266221,17.266584,1574217367.0,1574217366.298,10.462489444414775,POINT (-122.2266221 37.4827902),android,16.913981871415512,1.0921656130743145,-1.2786631992507118
1576,13.5,-27.69999885559082,128.60039,1165577882148194,time,2019-11-19T18:36:08-08:00,37.4826947,-122.2264729,17.994963,1574217368.0,1574217367.161,10.462767222192552,POINT (-122.2264729 37.4826947),android,18.006147484489826,-0.18649758617639733,1.6639234378553702
1577,13.5,-27.69999885559082,127.63467,1165578892986162,time,2019-11-19T18:36:09-08:00,37.4825992,-122.2263081,17.784004,1574217369.0,1574217368.16,10.46304499997033,POINT (-122.2263081 37.4825992),android,17.81964989831343,1.477425851678973,1.39662329418519
1578,13.5,-27.69999885559082,127.54759,1165579885051735,time,2019-11-19T18:36:10-08:00,37.4825033,-122.2261463,17.803669,1574217370.0,1574217369.174,10.463322777748107,POINT (-122.2261463 37.4825033),android,19.297075749992402,2.874049145864163,-9.775516075114647
1579,13.333,-27.69999885559082,128.61716,1165580872681162,time,2019-11-19T18:36:11-08:00,37.4823921,-122.2259784,18.285217,1574217371.0,1574217370.138,10.463600555525886,POINT (-122.2259784 37.4823921),android,22.171124895856565,-6.901466929250484,12.001653343826462
1580,13.0,-27.69999885559082,128.86734,1165582177530275,time,2019-11-19T18:36:12-08:00,37.4822632,-122.2257867,17.853443,1574217372.0,1574217371.427,10.463878333303663,POINT (-122.2257867 37.4822632),android,15.269657966606081,5.100186414575978,-5.797706426860698
1581,12.8,-27.69999885559082,129.22693,1165582894691369,time,2019-11-19T18:36:13-08:00,37.4821722,-122.2256571,18.604515,1574217373.0,1574217372.167,10.464156111081442,POINT (-122.2256571 37.4821722),android,20.36984438118206,-0.6975200122847198,0.3166333955023468
1582,12.6,-27.69999885559082,128.90788,1165583899254181,time,2019-11-19T18:36:14-08:00,37.4820575,-122.2254771,18.97674,1574217374.0,1574217373.163,10.464433888859219,POINT (-122.2254771 37.4820575),android,19.67232436889734,-0.380886616782373,0.1610975961023513
1583,12.4,-27.69999885559082,129.02895,1165584887170483,time,2019-11-19T18:36:15-08:00,37.4819462,-122.2253038,19.1741,1574217375.0,1574217374.159,10.464711666636997,POINT (-122.2253038 37.4819462),android,19.291437752114966,-0.2197890206800217,1.8306858442198433
1584,12.4,-27.69999885559082,128.95892,1165585892038034,time,2019-11-19T18:36:16-08:00,37.4818378,-122.2251331,19.094376,1574217376.0,1574217375.136,10.464989444414774,POINT (-122.2251331 37.4818378),android,19.071648731434944,1.6108968235398216,0.6166961289698492
1585,12.333,-27.69999885559082,128.4532,1165586834391680,time,2019-11-19T18:36:17-08:00,37.4817329,-122.2249621,19.38782,1574217377.0,1574217376.112,10.465267222192553,POINT (-122.2249621 37.4817329),android,20.682545554974766,2.2275929525096707,-5.029823627778438
1586,12.0,-33.0,128.70139,1165587773417461,time,2019-11-19T18:36:18-08:00,37.4816153,-122.2247805,20.084547,1574217378.0,1574217377.042,10.46554499997033,POINT (-122.2247805 37.4816153),android,22.910138507484437,-2.802230675268767,4.3522127028802196
1587,11.666,-35.0,129.41595,1165588877877148,time,2019-11-19T18:36:19-08:00,37.4814781,-122.2245868,20.087341,1574217379.0,1574217378.159,10.465822777748109,POINT (-122.2245868 37.4814781),android,20.10790783221567,1.5499820276114527,-6.922740905039383
1588,11.4,-35.0,129.66338,1165589934921314,time,2019-11-19T18:36:20-08:00,37.4813583,-122.2244161,19.585491,1574217380.0,1574217379.196,10.466100555525886,POINT (-122.2244161 37.4813583),android,21.657889859827122,-5.3727588774279305,10.148511847580195
1589,11.2,-34.0,130.5577,1165591087721677,time,2019-11-19T18:36:21-08:00,37.4812264,-122.2242355,19.465475,1574217381.0,1574217380.365,10.466378333303663,POINT (-122.2242355 37.4812264),android,16.285130982399192,4.775752970152265,-5.22468600198814
1590,11.0,-34.0,129.7809,1165591860518708,time,2019-11-19T18:36:22-08:00,37.4811345,-122.2240918,19.996798,1574217382.0,1574217381.147,10.466656111081441,POINT (-122.2240918 37.4811345),android,21.060883952551457,-0.44893303183587463,1.8143921969191048
1591,11.0,-33.0,129.42528,1165592876056468,time,2019-11-19T18:36:23-08:00,37.481013,-122.2239087,20.253204,1574217383.0,1574217382.13,10.466933888859218,POINT (-122.2239087 37.481013),android,20.611950920715582,1.3654591650832302,-5.595151553368982
1592,11.0,-32.0,128.68306,1165593930969749,time,2019-11-19T18:36:24-08:00,37.4808986,-122.2237249,19.94957,1574217384.0,1574217383.258,10.467211666636997,POINT (-122.2237249 37.4808986),android,21.977410085798812,-4.229692388285752,8.145458316564177
1593,11.0,-31.0,129.12549,1165595107869592,time,2019-11-19T18:36:25-08:00,37.4807709,-122.2235348,19.639051,1574217385.0,1574217384.39,10.467489444414774,POINT (-122.2235348 37.4807709),android,17.74771769751306,3.915765928278425,-4.61226069102738
1594,11.0,-31.0,129.63228,1165595889030842,time,2019-11-19T18:36:26-08:00,37.4806661,-122.2233831,20.455746,1574217386.0,1574217385.179,10.467767222192553,POINT (-122.2233831 37.4806661),android,21.663483625791486,-0.696494762748955,0.5979775586131311
1595,11.0,-31.0,129.63069,1165596890215946,time,2019-11-19T18:36:27-08:00,37.4805394,-122.2231966,20.769506,1574217387.0,1574217386.151,10.46804499997033,POINT (-122.2231966 37.4805394),android,20.96698886304253,-0.09851720413582399,2.7330571151243603
1596,11.0,-31.0,129.00284,1165597888678706,time,2019-11-19T18:36:28-08:00,37.4804198,-122.2230129,20.75854,1574217388.0,1574217387.186,10.468322777748108,POINT (-122.2230129 37.4804198),android,20.868471658906707,2.6345399109885363,-8.877280267413443
1597,11.166,-31.0,128.60051,1165598881413133,time,2019-11-19T18:36:29-08:00,37.4803017,-122.2228291,20.78142,1574217389.0,1574217388.161,10.468600555525885,POINT (-122.2228291 37.4803017),android,23.503011569895243,-6.242740356424907,10.480007451623926
1598,11.333,-31.0,128.0386,1165600092076100,time,2019-11-19T18:36:30-08:00,37.4801725,-122.2226183,20.371239,1574217390.0,1574217389.355,10.468878333303664,POINT (-122.2226183 37.4801725),android,17.260271213470336,4.2372670951990195,-5.2679533182653095
1599,11.5,-30.0,128.27884,1165600865452454,time,2019-11-19T18:36:31-08:00,37.4800748,-122.2224663,20.923132,1574217391.0,1574217390.138,10.46915611108144,POINT (-122.2224663 37.4800748),android,21.497538308669355,-1.03068622306629,3.877329045052438
1600,11.666,-29.0,127.92057,1165601871625318,time,2019-11-19T18:36:32-08:00,37.4799561,-122.222274,21.00167,1574217392.0,1574217391.157,10.46943388885922,POINT (-122.222274 37.4799561),android,20.466852085603065,2.8466428219861477,-7.605313588818014
1601,11.833,-29.0,127.259186,1165602872467766,time,2019-11-19T18:36:33-08:00,37.4798471,-122.2220871,20.752605,1574217393.0,1574217392.154,10.469711666636996,POINT (-122.2220871 37.4798471),android,23.313494907589213,-4.758670766831866,8.709825507312306
1602,12.0,-29.0,126.78384,1165604117954170,time,2019-11-19T18:36:34-08:00,37.4797223,-122.2218748,20.104345,1574217394.0,1574217393.37,10.469989444414775,POINT (-122.2218748 37.4797223),android,18.554824140757347,3.9511547404804404,-3.9910547934866756
1603,12.0,-29.0,127.98205,1165604886820056,time,2019-11-19T18:36:35-08:00,37.4796144,-122.2217144,21.180103,1574217395.0,1574217394.179,10.470267222192552,POINT (-122.2217144 37.4796144),android,22.505978881237787,-0.039900053006235225,0.9846615977521012
1604,12.0,-31.0,128.22786,1165605890668493,time,2019-11-19T18:36:36-08:00,37.4794879,-122.2215153,21.628895,1574217396.0,1574217395.172,10.47054499997033,POINT (-122.2215153 37.4794879),android,22.466078828231552,0.9447615447458659,2.91959811870856
1605,11.833,-33.0,128.92325,1165606867549534,time,2019-11-19T18:36:37-08:00,37.4793565,-122.2213219,22.084978,1574217397.0,1574217396.153,10.470822777748108,POINT (-122.2213219 37.4793565),android,23.410840372977418,3.864359663454426,-13.43596476844439
1606,11.666,-35.0,130.17688,1165607856810679,time,2019-11-19T18:36:38-08:00,37.479214,-122.2211266,22.520044,1574217398.0,1574217397.145,10.471100555525886,POINT (-122.2211266 37.479214),android,27.275200036431844,-9.571605104989963,16.108853526826906
1607,11.6,-35.0,130.64275,1165609146767136,time,2019-11-19T18:36:39-08:00,37.4790489,-122.220898,22.030287,1574217399.0,1574217398.414,10.471378333303663,POINT (-122.220898 37.4790489),android,17.70359493144188,6.537248421836942,-7.250702222223726
1608,11.666,-34.0,130.07263,1165609864023074,time,2019-11-19T18:36:40-08:00,37.4789461,-122.2207448,22.618807,1574217400.0,1574217399.162,10.471656111081442,POINT (-122.2207448 37.4789461),android,24.240843353278823,-0.7134538003867839,1.3208408738468584
1609,11.666,-33.0,128.79744,1165610877756719,time,2019-11-19T18:36:41-08:00,37.4788107,-122.2205295,23.056978,1574217401.0,1574217400.147,10.471933888859219,POINT (-122.2205295 37.4788107),android,23.52738955289204,0.6073870734600746,-3.4659482705529427
1610,12.0,-34.0,127.632965,1165611874137760,time,2019-11-19T18:36:42-08:00,37.4786846,-122.2203154,23.176079,1574217402.0,1574217401.144,10.472211666636996,POINT (-122.2203154 37.4786846),android,24.134776626352114,-2.858561197092868,4.709950130426204
1611,12.4,-33.0,127.01604,1165612984298854,time,2019-11-19T18:36:43-08:00,37.4785564,-122.2200947,22.61269,1574217403.0,1574217402.26,10.472489444414775,POINT (-122.2200947 37.4785564),android,21.276215429259246,1.851388933333336,-2.314262766145287
1612,12.333,-34.0,127.52199,1165613876337655,time,2019-11-19T18:36:44-08:00,37.4784386,-122.2199047,22.951267,1574217404.0,1574217403.151,10.472767222192552,POINT (-122.2199047 37.4784386),android,23.12760436259258,-0.46287383281195105,0.24947191341745167
1613,12.4,-34.0,128.50185,1165614885308176,time,2019-11-19T18:36:45-08:00,37.4783055,-122.2197033,22.897554,1574217405.0,1574217404.159,10.47304499997033,POINT (-122.2197033 37.4783055),android,22.66473052978063,-0.21340191939449937,2.785049605950178
1614,12.4,-33.0,127.93942,1165615898001769,time,2019-11-19T18:36:46-08:00,37.4781827,-122.2194983,22.749077,1574217406.0,1574217405.171,10.473322777748107,POINT (-122.2194983 37.4781827),android,22.45132861038613,2.5716476865556785,-7.297472236911084
1615,12.2,-31.0,127.03311,1165616874262915,time,2019-11-19T18:36:47-08:00,37.4780671,-122.2192897,22.892519,1574217407.0,1574217406.187,10.473600555525886,POINT (-122.2192897 37.4780671),android,25.02297629694181,-4.725824550355405,7.00716281893439
1616,12.0,-31.0,127.40294,1165618044582966,time,2019-11-19T18:36:48-08:00,37.4779287,-122.2190661,22.455643,1574217408.0,1574217407.306,10.473878333303663,POINT (-122.2190661 37.4779287),android,20.297151746586405,2.2813382685789847,-1.7114092856552539
1617,11.8,-31.0,128.07034,1165618877191143,time,2019-11-19T18:36:49-08:00,37.4778128,-122.2188884,23.049217,1574217409.0,1574217408.185,10.474156111081442,POINT (-122.2188884 37.4778128),android,22.57849001516539,0.5699289829237308,0.7058486250169551
1618,11.666,-32.0,127.83344,1165619875482549,time,2019-11-19T18:36:50-08:00,37.4776893,-122.2186853,22.92553,1574217410.0,1574217409.159,10.474433888859219,POINT (-122.2186853 37.4776893),android,23.14841899808912,1.275777607940686,-2.941929493365457
1619,11.5,-33.0,128.63391,1165620878114111,time,2019-11-19T18:36:51-08:00,37.4775561,-122.2184837,23.108435,1574217411.0,1574217410.163,10.474711666636997,POINT (-122.2184837 37.4775561),android,24.424196606029806,-1.666151885424771,4.201503641284443
1620,11.2,-33.0,129.27055,1165621974504371,time,2019-11-19T18:36:52-08:00,37.4774132,-122.2182735,22.96711,1574217412.0,1574217411.242,10.474989444414774,POINT (-122.2182735 37.4774132),android,22.758044720605035,2.535351755859672,-2.6747400276670774
1621,11.166,-34.0,130.08212,1165622854110621,time,2019-11-19T18:36:53-08:00,37.4772762,-122.2180819,23.95141,1574217413.0,1574217412.143,10.475267222192553,POINT (-122.2180819 37.4772762),android,25.293396476464707,-0.13938827180740532,-0.017162505623844027
1622,11.0,-34.0,130.13783,1165623857815933,time,2019-11-19T18:36:54-08:00,37.4771264,-122.2178662,24.32487,1574217414.0,1574217413.127,10.47554499997033,POINT (-122.2178662 37.4771264),android,25.154008204657302,-0.15655077743124934,2.297803957332661
1623,11.0,-35.0,129.88794,1165624874225151,time,2019-11-19T18:36:55-08:00,37.4769799,-122.217649,24.368803,1574217415.0,1574217414.134,10.475822777748109,POINT (-122.217649 37.4769799),android,24.997457427226053,2.141253179901412,-11.021630726961131
1624,11.0,-36.0,129.64581,1165625877388745,time,2019-11-19T18:36:56-08:00,37.4768353,-122.2174321,24.477695,1574217416.0,1574217415.155,10.476100555525885,POINT (-122.2174321 37.4768353),android,27.138710607127464,-8.88037754705972,15.785517634467762
1625,11.0,-35.0,128.54437,1165627168910515,time,2019-11-19T18:36:57-08:00,37.4766854,-122.2171894,23.058159,1574217417.0,1574217416.426,10.476378333303664,POINT (-122.2171894 37.4766854),android,18.258333060067745,6.905140087408043,-7.762702769720143
1626,11.0,-34.0,128.1869,1165627876514160,time,2019-11-19T18:36:58-08:00,37.4765857,-122.217025,23.834745,1574217418.0,1574217417.167,10.476656111081441,POINT (-122.217025 37.4765857),android,25.163473147475788,-0.8575626823120999,1.1611179035939223
1627,11.0,-34.0,127.95926,1165628888443587,time,2019-11-19T18:36:59-08:00,37.4764477,-122.216799,24.262566,1574217419.0,1574217418.156,10.47693388885922,POINT (-122.216799 37.4764477),android,24.305910465163688,0.30355522128182244,-0.4067720074215764
1628,11.0,-32.0,127.6161,1165629886175983,time,2019-11-19T18:37:00-08:00,37.4763166,-122.2165786,24.266663,1574217420.0,1574217419.174,10.477211666636997,POINT (-122.2165786 37.4763166),android,24.60946568644551,-0.10321678613975394,0.5500176276410791
1629,11.0,-33.0,127.72709,1165630898681451,time,2019-11-19T18:37:01-08:00,37.4761811,-122.2163581,24.281187,1574217421.0,1574217420.13,10.477489444414774,POINT (-122.2163581 37.4761811),android,24.506248900305756,0.44680084150132515,-0.5155290657439906
1630,11.0,-34.0,128.24255,1165631876250617,time,2019-11-19T18:37:02-08:00,37.4760418,-122.2161429,24.62385,1574217422.0,1574217421.134,10.477767222192552,POINT (-122.2161429 37.4760418),android,24.95304974180708,-0.06872822424266545,-0.6453440117160198
1631,11.0,-33.0,128.67738,1165632886588690,time,2019-11-19T18:37:03-08:00,37.4758983,-122.2159255,24.696196,1574217423.0,1574217422.172,10.47804499997033,POINT (-122.2159255 37.4758983),android,24.884321517564416,-0.7140722359586853,1.4647036450794673
1632,11.0,-33.0,128.50731,1165633888922231,time,2019-11-19T18:37:04-08:00,37.4757589,-122.2157049,24.76282,1574217424.0,1574217423.169,10.478322777748108,POINT (-122.2157049 37.4757589),android,24.17024928160573,0.750631409120782,-1.131297458325907
1633,11.0,-34.0,128.0011,1165634886090460,time,2019-11-19T18:37:05-08:00,37.4756272,-122.215487,24.612404,1574217425.0,1574217424.144,10.478600555525885,POINT (-122.215487 37.4756272),android,24.920880690726513,-0.38066604920512503,0.9327281190780035
1634,11.0,-33.0,128.05312,1165635890731814,time,2019-11-19T18:37:06-08:00,37.4754901,-122.2152636,24.750362,1574217426.0,1574217425.189,10.478878333303664,POINT (-122.2152636 37.4754901),android,24.540214641521388,0.5520620698728784,-0.3727869587767074
1635,11.0,-32.0,127.92718,1165636876082751,time,2019-11-19T18:37:07-08:00,37.4753548,-122.2150439,24.900131,1574217427.0,1574217426.164,10.47915611108144,POINT (-122.2150439 37.4753548),android,25.092276711394266,0.179275111096171,2.2852060356934345
1636,11.0,-32.0,128.2159,1165637876230094,time,2019-11-19T18:37:08-08:00,37.4752134,-122.2148223,25.014074,1574217428.0,1574217427.168,10.47943388885922,POINT (-122.2148223 37.4752134),android,25.271551822490437,2.4644811467896055,-9.864317646382595
1637,11.0,-32.0,128.20563,1165638890047594,time,2019-11-19T18:37:09-08:00,37.4750724,-122.2145977,25.006556,1574217429.0,1574217428.231,10.479711666636996,POINT (-122.2145977 37.4750724),android,27.736032969280043,-7.39983649959299,13.920999243299946
1638,11.0,-31.0,127.28529,1165640162823843,time,2019-11-19T18:37:10-08:00,37.4749228,-122.2143462,23.815815,1574217430.0,1574217429.456,10.479989444414775,POINT (-122.2143462 37.4749228),android,20.336196469687053,6.521162743706956,-7.740458857575089
1639,11.0,-31.0,127.68942,1165640885963217,time,2019-11-19T18:37:11-08:00,37.4748094,-122.2141654,25.114101,1574217431.0,1574217430.196,10.480267222192552,POINT (-122.2141654 37.4748094),android,26.85735921339401,-1.2192961138681326,3.510127429551524
1640,11.0,-30.0,127.50103,1165641893353217,time,2019-11-19T18:37:12-08:00,37.4746644,-122.213922,25.684189,1574217432.0,1574217431.184,10.48054499997033,POINT (-122.213922 37.4746644),android,25.638063099525876,2.2908313156833913,-3.952369352020824
1641,11.0,-30.0,127.93648,1165642806340404,time,2019-11-19T18:37:13-08:00,37.4745215,-122.213694,26.406889,1574217433.0,1574217432.094,10.480822777748108,POINT (-122.213694 37.4745215),android,27.928894415209268,-1.6615380363374328,1.661340017609323
1642,11.0,-30.0,127.86323,1165643884028424,time,2019-11-19T18:37:14-08:00,37.4743682,-122.2134433,26.091192,1574217434.0,1574217433.135,10.481100555525886,POINT (-122.2134433 37.4743682),android,26.267356378871835,-0.0001980187281098722,-0.5844359350700401
1643,11.0,-29.0,128.00475,1165644882237539,time,2019-11-19T18:37:15-08:00,37.4742222,-122.2132093,26.145678,1574217435.0,1574217434.185,10.481378333303663,POINT (-122.2132093 37.4742222),android,26.267158360143725,-0.58463395379815,0.9505298314675592
1644,11.0,-29.0,128.11095,1165645886675195,time,2019-11-19T18:37:16-08:00,37.4740757,-122.2129758,26.14379,1574217436.0,1574217435.184,10.481656111081442,POINT (-122.2129758 37.4740757),android,25.682524406345575,0.36589587766940923,2.687399236641717
1645,11.0,-28.0,128.49722,1165646871944673,time,2019-11-19T18:37:17-08:00,37.4739294,-122.2127506,26.076574,1574217437.0,1574217436.157,10.481933888859219,POINT (-122.2127506 37.4739294),android,26.048420284014984,3.053295114311126,-10.446704502020054
1646,11.0,-27.0,127.99524,1165647872183215,time,2019-11-19T18:37:18-08:00,37.4737863,-122.2125169,26.005892,1574217438.0,1574217437.166,10.482211666636998,POINT (-122.2125169 37.4737863),android,29.10171539832611,-7.393409387708928,12.837166836821208
1647,11.0,-26.0,127.89655,1165649111156234,time,2019-11-19T18:37:19-08:00,37.4736247,-122.2122575,25.074495,1574217439.0,1574217438.364,10.482489444414774,POINT (-122.2122575 37.4736247),android,21.708306010617182,5.4437574491122795,-5.178818863552372
1648,11.0,-26.0,128.52742,1165649859680192,time,2019-11-19T18:37:20-08:00,37.4735007,-122.2120675,26.245358,1574217440.0,1574217439.158,10.482767222192553,POINT (-122.2120675 37.4735007),android,27.15206345972946,0.2649385855599071,-0.5693795669975188
1649,11.0,-25.0,128.47752,1165650852567327,time,2019-11-19T18:37:21-08:00,37.473349,-122.2118264,26.53118,1574217441.0,1574217440.128,10.48304499997033,POINT (-122.2118264 37.473349),android,27.41700204528937,-0.30444098143761167,-0.5218606072816563
1650,11.0,-24.0,128.16289,1165651858923421,time,2019-11-19T18:37:22-08:00,37.4731982,-122.2115806,26.749386,1574217442.0,1574217441.13,10.483322777748107,POINT (-122.2115806 37.4731982),android,27.112561063851757,-0.826301588719268,0.13939402395959988
1651,11.0,-24.0,127.99585,1165652891299202,time,2019-11-19T18:37:23-08:00,37.4730489,-122.2113377,26.55021,1574217443.0,1574217442.149,10.483600555525886,POINT (-122.2113377 37.4730489),android,26.28625947513249,-0.6869075647596681,3.353104322528779
1652,11.0,-23.0,127.55206,1165653879299201,time,2019-11-19T18:37:24-08:00,37.4729076,-122.2110989,26.58531,1574217444.0,1574217443.173,10.483878333303663,POINT (-122.2110989 37.4729076),android,25.59935191037282,2.666196757769111,-4.63602283193643
1653,11.0,-22.0,127.66407,1165654809179045,time,2019-11-19T18:37:25-08:00,37.472767,-122.2108692,26.944332,1574217445.0,1574217444.095,10.484156111081441,POINT (-122.2108692 37.472767),android,28.265548668141932,-1.9698260741673188,6.186806375246221
1654,11.0,-22.0,128.08856,1165655883035086,time,2019-11-19T18:37:26-08:00,37.4726079,-122.2106194,26.693552,1574217446.0,1574217445.15,10.484433888859218,POINT (-122.2106194 37.4726079),android,26.295722593974613,4.216980301078902,-12.668274536726674
1655,10.833,-21.0,128.64676,1165656848561700,time,2019-11-19T18:37:27-08:00,37.4724565,-122.2103905,26.890263,1574217447.0,1574217446.144,10.484711666636997,POINT (-122.2103905 37.4724565),android,30.512702895053515,-8.451294235647772,15.27196971963091
1656,10.6,-24.0,128.12805,1165658138989616,time,2019-11-19T18:37:28-08:00,37.4722876,-122.210118,25.527256,1574217448.0,1574217447.415,10.484989444414774,POINT (-122.210118 37.4722876),android,22.061408659405743,6.820675483983138,-8.000898891488365
1657,10.666,-25.0,128.98637,1165658872100397,time,2019-11-19T18:37:29-08:00,37.4721571,-122.2099297,26.904625,1574217449.0,1574217448.162,10.485267222192553,POINT (-122.2099297 37.4721571),android,28.88208414338888,-1.1802234075052276,2.5192337083711998
1658,10.6,-24.0,128.89908,1165659889057115,time,2019-11-19T18:37:30-08:00,37.4719935,-122.2096755,27.481602,1574217450.0,1574217449.164,10.48554499997033,POINT (-122.2096755 37.4719935),android,27.701860735883653,1.3390103008659722,-5.692851649005231
1659,10.6,-25.0,128.94344,1165660892747427,time,2019-11-19T18:37:31-08:00,37.4718356,-122.2094327,27.469294,1574217451.0,1574217450.186,10.485822777748108,POINT (-122.2094327 37.4718356),android,29.040871036749625,-4.353841348139259,7.043525732819198
1660,10.8,-25.0,128.75446,1165662018744094,time,2019-11-19T18:37:32-08:00,37.4716713,-122.2091769,26.842243,1574217452.0,1574217451.287,10.486100555525885,POINT (-122.2091769 37.4716713),android,24.687029688610366,2.689684384679939,-2.201747709056523
1661,11.0,-26.0,128.82275,1165662890201541,time,2019-11-19T18:37:33-08:00,37.4715309,-122.2089602,27.286623,1574217453.0,1574217452.199,10.486378333303664,POINT (-122.2089602 37.4715309),android,27.376714073290305,0.48793667562341625,-0.8179890033121531
1662,11.4,-26.0,128.86986,1165663882070864,time,2019-11-19T18:37:34-08:00,37.471375,-122.2087201,27.375484,1574217454.0,1574217453.141,10.486656111081441,POINT (-122.2087201 37.471375),android,27.86465074891372,-0.3300523276887368,3.646740701912833
1663,11.5,-27.0,128.56836,1165664881145863,time,2019-11-19T18:37:35-08:00,37.4712198,-122.2084722,27.510427,1574217455.0,1574217454.167,10.48693388885922,POINT (-122.2084722 37.4712198),android,27.534598421224985,3.3166883742240962,-12.605822812965283
1664,11.666,-27.0,127.81657,1165665892003936,time,2019-11-19T18:37:36-08:00,37.4710708,-122.208223,27.37918,1574217456.0,1574217455.175,10.487211666636997,POINT (-122.208223 37.4710708),android,30.85128679544908,-9.289134438741186,17.6550137180524
1665,12.0,-27.0,127.80222,1165667183065290,time,2019-11-19T18:37:37-08:00,37.4708995,-122.207948,26.0159,1574217457.0,1574217456.45,10.487489444414775,POINT (-122.207948 37.4708995),android,21.562152356707895,8.365879279311212,-9.451312591826643
1666,12.0,-26.0,128.22758,1165667863195654,time,2019-11-19T18:37:38-08:00,37.470777,-122.2077586,27.443188,1574217458.0,1574217457.161,10.487767222192552,POINT (-122.2077586 37.470777),android,29.928031636019107,-1.0854333125154305,0.4675496918927635
1667,12.0,-27.0,128.8412,1165668875790237,time,2019-11-19T18:37:39-08:00,37.4706042,-122.2074986,28.238611,1574217459.0,1574217458.183,10.488044999970331,POINT (-122.2074986 37.4706042),android,28.842598323503676,-0.617883620622667,-0.056308632404796555
1668,12.0,-26.0,128.32515,1165669891619143,time,2019-11-19T18:37:40-08:00,37.470446,-122.2072396,28.197512,1574217460.0,1574217459.183,10.488322777748108,POINT (-122.2072396 37.470446),android,28.22471470288101,-0.6741922530274636,1.1151925401068326
1669,12.0,-25.0,128.43977,1165670893153257,time,2019-11-19T18:37:41-08:00,37.470287,-122.2069903,28.166666,1574217461.0,1574217460.151,10.488600555525887,POINT (-122.2069903 37.470287),android,27.550522449853545,0.441000287079369,-0.31072378290553715
1670,12.0,-24.0,128.67682,1165671880930236,time,2019-11-19T18:37:42-08:00,37.4701298,-122.206749,28.066378,1574217462.0,1574217461.166,10.488878333303663,POINT (-122.206749 37.4701298),android,27.991522736932914,0.13027650417383185,-0.2432341046574571
1671,12.0,-24.0,128.7451,1165672882716381,time,2019-11-19T18:37:43-08:00,37.4699708,-122.2065031,27.995245,1574217463.0,1574217462.146,10.48915611108144,POINT (-122.2065031 37.4699708),android,28.121799241106746,-0.11295760048362524,3.6638094723994534
1672,11.8,-25.0,128.36441,1165673886576224,time,2019-11-19T18:37:44-08:00,37.4698154,-122.2062517,27.992767,1574217464.0,1574217463.154,10.48943388885922,POINT (-122.2062517 37.4698154),android,28.00884164062312,3.550851871915828,-12.1575061254817
1673,11.6,-24.0,127.74283,1165674893144714,time,2019-11-19T18:37:45-08:00,37.4696648,-122.2059973,27.928648,1574217465.0,1574217464.175,10.489711666636996,POINT (-122.2059973 37.4696648),android,31.55969351253895,-8.606654253565871,14.977278506349744
1674,11.4,-24.0,127.36025,1165676155157161,time,2019-11-19T18:37:46-08:00,37.4694941,-122.2057116,26.727674,1574217466.0,1574217465.434,10.489989444414775,POINT (-122.2057116 37.4694941),android,22.953039258973078,6.370624252783873,-5.5103796032106125
1675,11.2,-23.0,127.535736,1165676882425806,time,2019-11-19T18:37:47-08:00,37.4693684,-122.2055053,28.113083,1574217467.0,1574217466.171,10.490267222192552,POINT (-122.2055053 37.4693684),android,29.32366351175695,0.8602446495732607,-2.742869051775447
1676,11.166,-23.0,127.20842,1165677872045441,time,2019-11-19T18:37:48-08:00,37.4692109,-122.2052388,28.609385,1574217468.0,1574217467.157,10.49054499997033,POINT (-122.2052388 37.4692109),android,30.183908161330212,-1.882624402202186,2.122172775197143
1677,11.166,-25.0,128.14616,1165678874545389,time,2019-11-19T18:37:49-08:00,37.4690391,-122.204974,29.060734,1574217469.0,1574217468.165,10.490822777748107,POINT (-122.204974 37.4690391),android,28.301283759128026,0.2395483729949568,-0.38265823449549785
1678,11.333,-24.0,128.12672,1165679879714034,time,2019-11-19T18:37:50-08:00,37.4688823,-122.2047214,28.555935,1574217470.0,1574217469.14,10.491100555525886,POINT (-122.2047214 37.4688823),android,28.540832132122983,-0.14310986150054106,0.4701062270361689
1679,11.5,-23.0,127.85495,1165680885277784,time,2019-11-19T18:37:51-08:00,37.4687266,-122.2044643,28.447844,1574217471.0,1574217470.175,10.491378333303663,POINT (-122.2044643 37.4687266),android,28.39772227062244,0.32699636553562783,-0.8958266157645376
1680,12.0,-24.0,127.99431,1165681885391065,time,2019-11-19T18:37:52-08:00,37.4685669,-122.2042132,28.490417,1574217472.0,1574217471.167,10.491656111081442,POINT (-122.2042132 37.4685669),android,28.72471863615807,-0.5688302502289098,4.035436660304978
1681,12.4,-23.0,127.493546,1165682890684762,time,2019-11-19T18:37:53-08:00,37.4684115,-122.2039532,28.58777,1574217473.0,1574217472.155,10.491933888859219,POINT (-122.2039532 37.4684115),android,28.15588838592916,3.466606410076068,-12.858263812774837
1682,12.8,-24.0,127.94767,1165683884926064,time,2019-11-19T18:37:54-08:00,37.4682531,-122.2037043,28.506306,1574217474.0,1574217473.163,10.492211666636997,POINT (-122.2037043 37.4682531),android,31.622494796005228,-9.391657402698769,17.002895805792473
1683,13.2,-24.0,127.67166,1165685144261792,time,2019-11-19T18:37:55-08:00,37.4680797,-122.2034203,27.285921,1574217475.0,1574217474.417,10.492489444414774,POINT (-122.2034203 37.4680797),android,22.23083739330646,7.611238403093704,-9.24139400010731
1684,13.6,-25.0,128.19882,1165685887315230,time,2019-11-19T18:37:56-08:00,37.4679517,-122.2032268,28.093775,1574217476.0,1574217475.165,10.492767222192553,POINT (-122.2032268 37.4679517),android,29.842075796400163,-1.630155597013605,1.3119275059134736
1685,13.666,-24.0,128.82478,1165686885249500,time,2019-11-19T18:37:57-08:00,37.4677786,-122.2029684,28.788885,1574217477.0,1574217476.185,10.49304499997033,POINT (-122.2029684 37.4677786),android,28.211920199386558,-0.3182280911001314,0.3361775822539954
1686,13.666,-23.0,128.01292,1165687883916323,time,2019-11-19T18:37:58-08:00,37.4676256,-122.2027134,28.591713,1574217478.0,1574217477.156,10.493322777748109,POINT (-122.2027134 37.4676256),android,27.893692108286427,0.017949491153864017,0.2961855260753019
1687,13.6,-23.0,127.99777,1165688886295072,time,2019-11-19T18:37:59-08:00,37.467471,-122.2024645,28.349047,1574217479.0,1574217478.151,10.493600555525886,POINT (-122.2024645 37.467471),android,27.91164159944029,0.3141350172291659,0.9641620975613208
1688,13.5,-22.0,127.79251,1165689873632832,time,2019-11-19T18:38:00-08:00,37.4673186,-122.2022132,28.343414,1574217480.0,1574217479.133,10.493878333303664,POINT (-122.2022132 37.4673186),android,28.225776616669457,1.2782971147904867,-2.8674526426699245
1689,13.333,-22.0,127.5888,1165690877628040,time,2019-11-19T18:38:01-08:00,37.4671655,-122.2019581,28.261524,1574217481.0,1574217480.14,10.494156111081441,POINT (-122.2019581 37.4671655),android,29.504073731459943,-1.5891555278794378,5.3282542201799075
1690,13.0,-21.0,127.83261,1165691884545696,time,2019-11-19T18:38:02-08:00,37.4670014,-122.2016954,28.725306,1574217482.0,1574217481.155,10.49443388885922,POINT (-122.2016954 37.4670014),android,27.914918203580505,3.7390986923004697,-12.239687252609858
1691,12.833,-23.0,127.87683,1165692883736164,time,2019-11-19T18:38:03-08:00,37.466847,-122.201446,28.442503,1574217483.0,1574217482.154,10.494711666636997,POINT (-122.201446 37.466847),android,31.654016895880975,-8.500588560309389,14.942328715566159
1692,12.8,-24.0,127.53864,1165694120170747,time,2019-11-19T18:38:04-08:00,37.4666748,-122.2011604,27.384127,1574217484.0,1574217483.359,10.494989444414774,POINT (-122.2011604 37.4666748),android,23.153428335571586,6.44174015525677,-7.391307002834026
1693,12.6,-24.0,127.655495,1165694889651059,time,2019-11-19T18:38:05-08:00,37.4665477,-122.2009526,28.123062,1574217485.0,1574217484.184,10.495267222192552,POINT (-122.2009526 37.4665477),android,29.595168490828357,-0.9495668475772554,4.4259414336067096
1694,12.4,-23.0,127.39453,1165695890905537,time,2019-11-19T18:38:06-08:00,37.4663872,-122.2006851,28.651966,1574217486.0,1574217485.195,10.49554499997033,POINT (-122.2006851 37.4663872),android,28.6456016432511,3.476374586029454,-11.790357227839081
1695,12.6,-25.0,126.98535,1165696887735329,time,2019-11-19T18:38:07-08:00,37.4662331,-122.200425,28.674372,1574217487.0,1574217486.178,10.495822777748108,POINT (-122.200425 37.4662331),android,32.121976229280556,-8.313982641809627,17.52651745116711
1696,12.6,-24.0,126.8269,1165698116457828,time,2019-11-19T18:38:08-08:00,37.4660597,-122.2001339,27.732792,1574217488.0,1574217487.412,10.496100555525885,POINT (-122.2001339 37.4660597),android,23.80799358747093,9.212534809357482,-9.94300298271165
1697,12.833,-24.0,127.32478,1165698878767672,time,2019-11-19T18:38:09-08:00,37.4659261,-122.1999231,28.778599,1574217489.0,1574217488.163,10.496378333303664,POINT (-122.1999231 37.4659261),android,33.02052839682841,-0.7304681733541685,-1.688660154733057
1698,13.0,-26.0,128.22278,1165699876536213,time,2019-11-19T18:38:10-08:00,37.4657376,-122.199634,30.337626,1574217490.0,1574217489.169,10.49665611108144,POINT (-122.199634 37.4657376),android,32.29006022347424,-2.4191283280872256,6.2362856229367125
1699,13.833,-25.0,128.72263,1165700890086942,time,2019-11-19T18:38:11-08:00,37.4655524,-122.1993522,30.776695,1574217491.0,1574217490.184,10.49693388885922,POINT (-122.1993522 37.4655524),android,29.870931895387017,3.817157294849487,-15.936491498966749
1700,15.0,-25.0,128.68465,1165701886252098,time,2019-11-19T18:38:12-08:00,37.4653844,-122.1990881,30.298203,1574217492.0,1574217491.179,10.497211666636996,POINT (-122.1990881 37.4653844),android,33.688089190236504,-12.119334204117262,23.82413199771682
1701,16.6,-25.0,128.65413,1165703160434231,time,2019-11-19T18:38:13-08:00,37.4651938,-122.1987914,28.736258,1574217493.0,1574217492.414,10.497489444414775,POINT (-122.1987914 37.4651938),android,21.56875498611924,11.704797793599557,-12.044695169366765
1702,17.4,-26.0,128.47534,1165703880120690,time,2019-11-19T18:38:14-08:00,37.4650722,-122.198601,28.941195,1574217494.0,1574217493.141,10.497767222192552,POINT (-122.198601 37.4650722),android,33.2735527797188,-0.33989737576720813,-1.0615346346966419
1703,17.166,-29.0,129.93175,1165704866915741,time,2019-11-19T18:38:15-08:00,37.4648687,-122.1983246,30.326328,1574217495.0,1574217494.137,10.49804499997033,POINT (-122.1983246 37.4648687),android,32.93365540395159,-1.40143201046385,-0.6630450411025315
1704,17.166,-29.0,129.67796,1165705860646730,time,2019-11-19T18:38:16-08:00,37.4646797,-122.1980373,31.063957,1574217496.0,1574217495.178,10.498322777748108,POINT (-122.1980373 37.4646797),android,31.53222339348774,-2.0644770515663815,2.923882319045582
1705,16.666,-29.0,128.9076,1165706876873970,time,2019-11-19T18:38:17-08:00,37.4645061,-122.1977548,30.899282,1574217497.0,1574217496.144,10.498600555525886,POINT (-122.1977548 37.4645061),android,29.46774634192136,0.8594052674792003,-1.467030995650756
1706,15.666,-29.0,128.35696,1165707857304542,time,2019-11-19T18:38:18-08:00,37.4643451,-122.1974896,30.49949,1574217498.0,1574217497.157,10.498878333303663,POINT (-122.1974896 37.4643451),android,30.32715160940056,-0.6076257281715556,4.132292225234252
1707,14.833,-29.0,128.34187,1165708861297511,time,2019-11-19T18:38:19-08:00,37.4641756,-122.1972204,30.349094,1574217499.0,1574217498.141,10.499156111081442,POINT (-122.1972204 37.4641756),android,29.719525881229004,3.5246664970626966,-13.357150169135746
1708,13.8,-30.0,127.13262,1165709867702666,time,2019-11-19T18:38:20-08:00,37.4640234,-122.1969436,30.02508,1574217500.0,1574217499.12,10.499433888859219,POINT (-122.1969436 37.4640234),android,33.2441923782917,-9.83248367207305,16.181803319073975
1709,13.8,-28.0,126.40068,1165711130580426,time,2019-11-19T18:38:21-08:00,37.4638513,-122.1966356,28.633392,1574217501.0,1574217500.401,10.499711666636998,POINT (-122.1966356 37.4638513),android,23.41170870621865,6.349319647000925,-6.363286790375998
1710,14.2,-28.0,126.54636,1165711888548550,time,2019-11-19T18:38:22-08:00,37.463727,-122.1964215,29.35353,1574217502.0,1574217501.151,10.499989444414775,POINT (-122.1964215 37.463727),android,29.761028353219576,-0.013967143375072766,0.3291127593137233
1711,14.6,-26.0,126.183334,1165712868959540,time,2019-11-19T18:38:23-08:00,37.4635729,-122.1961458,29.676193,1574217503.0,1574217502.139,10.500267222192551,POINT (-122.1961458 37.4635729),android,29.747061209844503,0.31514561593865054,3.198051632158318
1712,14.666,-26.0,126.50602,1165713851305737,time,2019-11-19T18:38:24-08:00,37.4634146,-122.1958741,29.771418,1574217504.0,1574217503.118,10.50054499997033,POINT (-122.1958741 37.4634146),android,30.062206825783154,3.5131972480969687,-15.260065592671026
1713,15.166,-26.0,126.69499,1165714857934851,time,2019-11-19T18:38:25-08:00,37.4632524,-122.1956016,29.7737,1574217505.0,1574217504.104,10.500822777748107,POINT (-122.1956016 37.4632524),android,33.57540407388012,-11.746868344574057,20.58026626620656
1714,16.0,-27.0,125.98348,1165716163036673,time,2019-11-19T18:38:26-08:00,37.4630801,-122.1952892,28.191576,1574217506.0,1574217505.428,10.501100555525886,POINT (-122.1952892 37.4630801),android,21.828535729306065,8.833397921632503,-8.098832177805807
1715,15.833,-27.0,126.37801,1165716859068079,time,2019-11-19T18:38:27-08:00,37.462963,-122.1950907,29.023998,1574217507.0,1574217506.128,10.501378333303663,POINT (-122.1950907 37.462963),android,30.66193365093857,0.7345657438266961,1.245300717870375
1716,16.0,-27.0,126.99202,1165717869551464,time,2019-11-19T18:38:28-08:00,37.4627944,-122.1948158,29.54059,1574217508.0,1574217507.137,10.501656111081441,POINT (-122.1948158 37.4627944),android,31.396499394765264,1.9798664616970711,-6.0274292734727055
1717,16.2,-27.0,128.00183,1165718871375422,time,2019-11-19T18:38:29-08:00,37.4626152,-122.1945409,30.236565,1574217509.0,1574217508.185,10.501933888859218,POINT (-122.1945409 37.4626152),android,33.376365856462336,-4.047562811775634,5.000627470655036
1718,16.0,-28.0,128.61267,1165719997808078,time,2019-11-19T18:38:30-08:00,37.4624238,-122.1942496,30.12627,1574217510.0,1574217509.284,10.502211666636997,POINT (-122.1942496 37.4624238),android,29.3288030446867,0.9530646588794021,-0.53254460225304
1719,15.833,-29.0,129.45535,1165720882528025,time,2019-11-19T18:38:31-08:00,37.4622495,-122.1940002,30.99714,1574217511.0,1574217510.155,10.502489444414774,POINT (-122.1940002 37.4622495),android,30.281867703566103,0.42052005662636205,1.2721673296960923
1720,15.2,-28.0,129.52194,1165721872078806,time,2019-11-19T18:38:32-08:00,37.4620749,-122.1937369,30.839146,1574217512.0,1574217511.149,10.502767222192553,POINT (-122.1937369 37.4620749),android,30.702387760192465,1.6926873863224543,-10.50551724322521
1721,14.8,-26.0,130.0455,1165722869830420,time,2019-11-19T18:38:33-08:00,37.461894,-122.1934741,30.757063,1574217513.0,1574217512.124,10.50304499997033,POINT (-122.1934741 37.461894),android,32.39507514651492,-8.812829856902756,14.417089631114777
1722,14.4,-29.0,129.67424,1165724123562191,time,2019-11-19T18:38:34-08:00,37.4617081,-122.1931915,28.747631,1574217514.0,1574217513.409,10.503322777748108,POINT (-122.1931915 37.4617081),android,23.582245289612164,5.6042597742120215,-7.248770277031564
1723,14.333,-28.0,129.28899,1165724891220315,time,2019-11-19T18:38:35-08:00,37.4615743,-122.1929842,29.342539,1574217515.0,1574217514.176,10.503600555525885,POINT (-122.1929842 37.4615743),android,29.186505063824185,-1.6445105028195428,2.7438718371599116
1724,13.8,-25.0,128.31969,1165725887080888,time,2019-11-19T18:38:36-08:00,37.4614154,-122.192721,29.337072,1574217516.0,1574217515.154,10.503878333303664,POINT (-122.192721 37.4614154),android,27.541994561004643,1.0993613343403688,1.0010345085855725
1725,14.0,-25.0,127.000885,1165726881779273,time,2019-11-19T18:38:37-08:00,37.4612748,-122.1924641,28.661228,1574217517.0,1574217516.159,10.504156111081441,POINT (-122.1924641 37.4612748),android,28.64135589534501,2.1003958429259413,-11.293679426971718
1726,14.0,-23.0,127.51713,1165727882019481,time,2019-11-19T18:38:38-08:00,37.4611155,-122.1922091,28.639458,1574217518.0,1574217517.173,10.50443388885922,POINT (-122.1922091 37.4611155),android,30.741751738270953,-9.193283584045776,17.18194682027868
1727,14.0,-23.0,127.51525,1165729161866563,time,2019-11-19T18:38:39-08:00,37.4609479,-122.1919321,26.859163,1574217519.0,1574217518.456,10.504711666636997,POINT (-122.1919321 37.4609479),android,21.548468154225176,7.988663236232902,-7.557196440578448
1728,14.166,-22.0,127.681984,1165729879397917,time,2019-11-19T18:38:40-08:00,37.4608268,-122.1917415,27.745441,1574217520.0,1574217519.168,10.504989444414775,POINT (-122.1917415 37.4608268),android,29.53713139045808,0.43146679565445467,1.028379107060708
1729,14.666,-22.0,128.31615,1165730872032656,time,2019-11-19T18:38:41-08:00,37.4606582,-122.1914829,28.418222,1574217521.0,1574217520.154,10.505267222192552,POINT (-122.1914829 37.4606582),android,29.968598186112533,1.4598459027151627,-8.048558351000004
1730,15.166,-22.0,129.13799,1165731869145208,time,2019-11-19T18:38:42-08:00,37.4604829,-122.191225,28.92291,1574217522.0,1574217521.143,10.505544999970331,POINT (-122.191225 37.4604829),android,31.428444088827696,-6.588712448284841,9.416163419830724
1731,16.0,-23.0,128.88202,1165733028407655,time,2019-11-19T18:38:43-08:00,37.4603053,-122.190948,28.264837,1574217523.0,1574217522.318,10.505822777748108,POINT (-122.190948 37.4603053),android,24.839731640542855,2.8274509715458827,-3.474340884635371
1732,16.0,-23.0,129.83589,1165733892536822,time,2019-11-19T18:38:44-08:00,37.4601557,-122.190739,28.274412,1574217524.0,1574217523.213,10.506100555525885,POINT (-122.190739 37.4601557),android,27.667182612088737,-0.6468899130894883,0.8395873920281183
1733,16.6,-23.0,129.70473,1165734890787655,time,2019-11-19T18:38:45-08:00,37.4599948,-122.1904999,27.983759,1574217525.0,1574217524.176,10.506378333303664,POINT (-122.1904999 37.4599948),android,27.02029269899925,0.19269747893862998,2.892411232013263
1734,16.5,-23.0,128.87003,1165735862564477,time,2019-11-19T18:38:46-08:00,37.4598468,-122.1902571,27.825377,1574217526.0,1574217525.141,10.50665611108144,POINT (-122.1902571 37.4598468),android,27.21299017793788,3.085108710951893,-13.549068668927298
1735,16.5,-23.0,128.44499,1165736858527550,time,2019-11-19T18:38:47-08:00,37.4596973,-122.190013,27.49624,1574217527.0,1574217526.128,10.50693388885922,POINT (-122.190013 37.4596973),android,30.298098888889772,-10.463959957975405,17.21228577957281
1736,16.6,-24.0,128.75928,1165738130174736,time,2019-11-19T18:38:48-08:00,37.4595243,-122.1897478,26.067986,1574217528.0,1574217527.391,10.507211666636996,POINT (-122.1897478 37.4595243),android,19.834138930914367,6.748325821597405,-7.5853411116354685
1737,17.0,-23.0,128.7336,1165738872849371,time,2019-11-19T18:38:49-08:00,37.4594138,-122.1895714,26.176859,1574217529.0,1574217528.17,10.507489444414775,POINT (-122.1895714 37.4594138),android,26.582464752511772,-0.8370152900380639,2.700781232576059
1738,17.666,-24.0,128.70737,1165739869957183,time,2019-11-19T18:38:50-08:00,37.4592635,-122.1893372,26.204748,1574217530.0,1574217529.164,10.507767222192552,POINT (-122.1893372 37.4592635),android,25.745449462473708,1.863765942537995,-6.368099842427942
1739,18.8,-25.0,128.65211,1165740864177860,time,2019-11-19T18:38:51-08:00,37.4591184,-122.1891099,25.969137,1574217531.0,1574217530.134,10.50804499997033,POINT (-122.1891099 37.4591184),android,27.609215405011703,-4.5043338998899465,5.976224569260669
1740,19.2,-24.0,128.03654,1165741998875359,time,2019-11-19T18:38:52-08:00,37.4589676,-122.1888614,25.344185,1574217532.0,1574217531.259,10.508322777748107,POINT (-122.1888614 37.4589676),android,23.104881505121757,1.4718906693707225,-2.9431695530423276
1741,19.166,-24.0,128.25859,1165742890613588,time,2019-11-19T18:38:53-08:00,37.4588371,-122.1886577,25.38782,1574217533.0,1574217532.177,10.508600555525886,POINT (-122.1886577 37.4588371),android,24.57677217449248,-1.471278883671605,1.6884249172609493
1742,19.6,-24.0,128.38577,1165743883506400,time,2019-11-19T18:38:54-08:00,37.4586992,-122.1884401,24.92108,1574217534.0,1574217533.174,10.508878333303663,POINT (-122.1884401 37.4586992),android,23.105493290820874,0.21714603358934426,7.189314829038768
1743,19.2,-23.0,128.25677,1165744871253692,time,2019-11-19T18:38:55-08:00,37.4585744,-122.1882308,24.163944,1574217535.0,1574217534.15,10.509156111081442,POINT (-122.1882308 37.4585744),android,23.32263932441022,7.406460862628112,-19.112823430229554
1744,19.0,-22.0,129.35332,1165745809283587,time,2019-11-19T18:38:56-08:00,37.4584356,-122.1880327,24.296465,1574217536.0,1574217535.083,10.509433888859219,POINT (-122.1880327 37.4584356),android,30.72910018703833,-11.706362567601442,19.164518253905698
1745,18.2,-24.0,130.37866,1165747143187753,time,2019-11-19T18:38:57-08:00,37.4582472,-122.187778,23.860363,1574217537.0,1574217536.404,10.509711666636997,POINT (-122.187778 37.4582472),android,19.02273761943689,7.458155686304256,-8.961102837602471
1746,18.0,-23.0,130.51146,1165747882944107,time,2019-11-19T18:38:58-08:00,37.4581325,-122.1876181,24.018202,1574217538.0,1574217537.193,10.509989444414774,POINT (-122.1876181 37.4581325),android,26.480893305741144,-1.5029471512982155,1.6277243085078865
1747,17.0,-26.0,130.65742,1165748887555721,time,2019-11-19T18:38:59-08:00,37.4579724,-122.187396,24.376652,1574217539.0,1574217538.156,10.510267222192553,POINT (-122.187396 37.4579724),android,24.97794615444293,0.12477715720967097,-5.284260302318856
1748,16.6,-26.0,130.41776,1165749883355825,time,2019-11-19T18:39:00-08:00,37.4578246,-122.1871829,24.210186,1574217540.0,1574217539.171,10.51054499997033,POINT (-122.1871829 37.4578246),android,25.1027233116526,-5.159483145109185,6.666411939627437
1749,16.4,-25.0,130.31468,1165751005434783,time,2019-11-19T18:39:01-08:00,37.4576771,-122.1869676,23.200167,1574217541.0,1574217540.261,10.510822777748109,POINT (-122.1869676 37.4576771),android,19.943240166543415,1.5069287945182523,-3.9208375311182024
1750,16.333,-24.0,130.61656,1165751883231032,time,2019-11-19T18:39:02-08:00,37.4575556,-122.1868014,22.728954,1574217542.0,1574217541.184,10.511100555525886,POINT (-122.1868014 37.4575556),android,21.450168961061667,-2.41390873659995,4.39330244654488
1751,16.4,-25.0,130.03029,1165752883129417,time,2019-11-19T18:39:03-08:00,37.4574307,-122.1866162,22.101702,1574217543.0,1574217542.161,10.511378333303664,POINT (-122.1866162 37.4574307),android,19.036260224461717,1.9793937099449295,-1.3838435376435605
1752,16.833,-24.0,129.36987,1165753793497594,time,2019-11-19T18:39:04-08:00,37.4573216,-122.18645,21.370749,1574217544.0,1574217543.1,10.511656111081441,POINT (-122.18645 37.4573216),android,21.015653934406647,0.595550172301369,-7.923082440872179
1753,17.333,-24.0,129.1714,1165754873050354,time,2019-11-19T18:39:05-08:00,37.4572006,-122.1862671,20.538834,1574217545.0,1574217544.135,10.511933888859218,POINT (-122.1862671 37.4572006),android,21.611204106708016,-7.32753226857081,11.914593771238554
1754,17.8,-23.0,128.81956,1165756116416134,time,2019-11-19T18:39:06-08:00,37.4570795,-122.1860756,19.634405,1574217546.0,1574217545.383,10.512211666636997,POINT (-122.1860756 37.4570795),android,14.283671838137206,4.587061502667744,-5.52314487547612
1755,18.2,-22.0,128.1733,1165756891550301,time,2019-11-19T18:39:07-08:00,37.4570006,-122.1859479,19.366749,1574217547.0,1574217546.193,10.512489444414774,POINT (-122.1859479 37.4570006),android,18.87073334080495,-0.9360833728083762,1.4418437960796524
1756,18.4,-22.0,128.83507,1165757886647592,time,2019-11-19T18:39:08-08:00,37.4568906,-122.1857851,19.253832,1574217548.0,1574217547.169,10.512767222192553,POINT (-122.1857851 37.4568906),android,17.934649967996574,0.5057604232712762,-3.6883153964812045
1757,18.2,-19.0,127.658585,1165758889987592,time,2019-11-19T18:39:09-08:00,37.4568,-122.185617,18.81533,1574217549.0,1574217548.183,10.51304499997033,POINT (-122.185617 37.4568),android,18.44041039126785,-3.1825549732099283,4.676971221321555
1758,17.8,-18.0,126.480156,1165760009500456,time,2019-11-19T18:39:10-08:00,37.4567114,-122.1854404,18.206196,1574217550.0,1574217549.257,10.513322777748108,POINT (-122.1854404 37.4567114),android,15.257855418057922,1.4944162481116265,-1.8103366459869967
1759,17.666,-18.0,127.55018,1165760878359622,time,2019-11-19T18:39:11-08:00,37.456626,-122.1853051,18.056921,1574217551.0,1574217550.174,10.513600555525885,POINT (-122.1853051 37.456626),android,16.75227166616955,-0.3159203978753702,0.285862968485592
1760,17.166,-19.0,127.73843,1165761889160195,time,2019-11-19T18:39:12-08:00,37.4565337,-122.1851551,17.51854,1574217552.0,1574217551.184,10.513878333303664,POINT (-122.1851551 37.4565337),android,16.436351268294178,-0.03005742938977818,1.358332962981148
1761,16.833,-20.0,128.1283,1165762886149778,time,2019-11-19T18:39:13-08:00,37.4564441,-122.185007,16.94951,1574217553.0,1574217552.213,10.51415611108144,POINT (-122.185007 37.4564441),android,16.4062938389044,1.3282755335913699,-7.42576609544744
1762,16.6,-20.0,128.69011,1165763898951392,time,2019-11-19T18:39:14-08:00,37.4563535,-122.1848603,16.62973,1574217554.0,1574217553.186,10.51443388885922,POINT (-122.1848603 37.4563535),android,17.73456937249577,-6.09749056185607,7.170683673285362
1763,17.0,-20.0,130.09366,1165765105434412,time,2019-11-19T18:39:15-08:00,37.4562505,-122.1847069,15.890573,1574217555.0,1574217554.397,10.514711666636996,POINT (-122.1847069 37.4562505),android,11.6370788106397,1.0731931114292923,-1.431826159230674
1764,17.5,-20.0,130.70639,1165765874584412,time,2019-11-19T18:39:16-08:00,37.456184,-122.1846051,15.707067,1574217556.0,1574217555.178,10.514989444414775,POINT (-122.1846051 37.456184),android,12.710271922068992,-0.3586330478013817,0.27345206597867744
1765,17.666,-20.0,129.1021,1165766886841494,time,2019-11-19T18:39:17-08:00,37.4561207,-122.1844852,14.768674,1574217557.0,1574217556.165,10.515267222192552,POINT (-122.1844852 37.4561207),android,12.35163887426761,-0.08518098182270428,-0.7950393927780173
1766,18.166,-20.0,128.56664,1165767885207432,time,2019-11-19T18:39:18-08:00,37.4560554,-122.184372,14.206649,1574217558.0,1574217557.198,10.51554499997033,POINT (-122.184372 37.4560554),android,12.266457892444906,-0.8802203746007216,1.5981861720553159
1767,18.333,-19.0,128.53232,1165768887282171,time,2019-11-19T18:39:19-08:00,37.4559884,-122.1842616,13.69483,1574217559.0,1574217558.157,10.515822777748108,POINT (-122.1842616 37.4559884),android,11.386237517844185,0.7179657974545943,-0.025149701181694795
1768,18.0,-18.0,128.48805,1165769885964462,time,2019-11-19T18:39:20-08:00,37.4559357,-122.184151,13.289,1574217560.0,1574217559.163,10.516100555525886,POINT (-122.184151 37.4559357),android,12.10420331529878,0.6928160962728995,-0.4833051215197006
1769,17.0,-18.0,130.26921,1165770888124878,time,2019-11-19T18:39:21-08:00,37.4558642,-122.1840476,13.124427,1574217561.0,1574217560.152,10.516378333303663,POINT (-122.1840476 37.4558642),android,12.797019411571679,0.2095109747531989,2.4121669434284563
1770,17.166,-17.0,131.51404,1165771875826753,time,2019-11-19T18:39:22-08:00,37.4557841,-122.1839435,13.236983,1574217562.0,1574217561.148,10.516656111081442,POINT (-122.1839435 37.4557841),android,13.006530386324878,2.621677918181655,-8.522108662363287
1771,17.5,-17.0,133.10541,1165772874832846,time,2019-11-19T18:39:23-08:00,37.455701,-122.1838398,13.199437,1574217563.0,1574217562.147,10.516933888859219,POINT (-122.1838398 37.455701),android,15.628208304506533,-5.900430744181632,8.46596220691006
1772,18.0,-17.0,133.98811,1165774133155814,time,2019-11-19T18:39:24-08:00,37.4555996,-122.1837172,13.136299,1574217564.0,1574217563.412,10.517211666636996,POINT (-122.1837172 37.4555996),android,9.7277775603249,2.565531462728428,-6.069798129874471
1773,19.4,-17.0,134.70845,1165774887460137,time,2019-11-19T18:39:25-08:00,37.4555355,-122.1836422,13.020929,1574217565.0,1574217564.177,10.517489444414775,POINT (-122.1836422 37.4555355),android,12.293309023053329,-3.5042666671460427,1.1317179988087354
1774,20.166,-15.0,134.9537,1165775887130553,time,2019-11-19T18:39:26-08:00,37.4554564,-122.1835449,12.677798,1574217566.0,1574217565.179,10.517767222192552,POINT (-122.1835449 37.4554564),android,8.789042355907286,-2.3725486683373074,2.675799988874699
1775,21.2,-14.0,133.03487,1165776889882897,time,2019-11-19T18:39:27-08:00,37.4554086,-122.1834656,11.309015,1574217567.0,1574217566.172,10.51804499997033,POINT (-122.1834656 37.4554086),android,6.416493687569979,0.3032513205373917,-0.7515400933116521
1776,20.0,-13.0,130.81456,1165778058475344,time,2019-11-19T18:39:28-08:00,37.455379,-122.1834032,9.1149845,1574217568.0,1574217567.346,10.518322777748107,POINT (-122.1834032 37.455379),android,6.71974500810737,-0.4482887727742604,0.6654442387405917
1777,19.0,-13.0,130.45813,1165778890209146,time,2019-11-19T18:39:29-08:00,37.4553469,-122.1833387,8.934275,1574217569.0,1574217568.162,10.518600555525886,POINT (-122.1833387 37.4553469),android,6.27145623533311,0.21715546596633128,0.548320068071166
1778,17.833,-12.0,128.29596,1165779886320916,time,2019-11-19T18:39:30-08:00,37.4553172,-122.1832783,8.609823,1574217570.0,1574217569.183,10.518878333303663,POINT (-122.1832783 37.4553172),android,6.488611701299441,0.7654755340374972,-3.4307581284397104
1779,14.6,-12.0,129.06895,1165780888390291,time,2019-11-19T18:39:31-08:00,37.4552825,-122.1832192,8.27393,1574217571.0,1574217570.142,10.519156111081442,POINT (-122.1832192 37.4552825),android,7.2540872353369386,-2.665282594402213,4.673533608368747
1780,13.2,-14.0,128.7029,1165782175637894,time,2019-11-19T18:39:32-08:00,37.4552445,-122.1831524,7.3434176,1574217572.0,1574217571.412,10.519433888859218,POINT (-122.1831524 37.4552445),android,4.588804640934725,2.008251013966534,-2.92469267605589
1781,13.166,-15.0,129.21655,1165782884162633,time,2019-11-19T18:39:33-08:00,37.4552237,-122.1831075,7.1884604,1574217573.0,1574217572.186,10.519711666636997,POINT (-122.1831075 37.4552237),android,6.59705565490126,-0.9164416620893556,0.33357802693754834
1782,13.0,-14.0,131.27156,1165783887188622,time,2019-11-19T18:39:34-08:00,37.4551845,-122.1830514,6.7020764,1574217574.0,1574217573.165,10.519989444414774,POINT (-122.1830514 37.4551845),android,5.680613992811904,-0.5828636351518073,1.212040225795505
1783,12.833,-13.0,131.97508,1165784883393466,time,2019-11-19T18:39:35-08:00,37.4551491,-122.183005,6.0196376,1574217575.0,1574217574.171,10.520267222192553,POINT (-122.183005 37.4551491),android,5.097750357660097,0.6291765906436977,-2.9764260690378475
1784,13.0,-13.0,133.52513,1165785873519611,time,2019-11-19T18:39:36-08:00,37.4551173,-122.1829634,5.7005677,1574217576.0,1574217575.149,10.52054499997033,POINT (-122.1829634 37.4551173),android,5.726926948303794,-2.3472494783941498,3.8542955382438304
1785,13.166,-14.0,132.0995,1165787130554453,time,2019-11-19T18:39:37-08:00,37.4550865,-122.1829114,5.4571204,1574217577.0,1574217576.409,10.520822777748108,POINT (-122.1829114 37.4550865),android,3.3796774699096446,1.5070460598496807,-1.3121423395189398
1786,14.0,-14.0,126.372734,1165787887927578,time,2019-11-19T18:39:38-08:00,37.4550766,-122.1828752,5.2627363,1574217578.0,1574217577.193,10.521100555525885,POINT (-122.1828752 37.4550766),android,4.886723529759325,0.19490372033074088,1.2555441692023699
1787,14.8,-16.0,126.59079,1165788892108932,time,2019-11-19T18:39:39-08:00,37.4550557,-122.1828265,5.2183876,1574217579.0,1574217578.165,10.521378333303664,POINT (-122.1828265 37.4550557),android,5.081627250090066,1.4504478895331108,-4.520628540573122
1788,16.0,-15.0,117.23786,1165789887795546,time,2019-11-19T18:39:40-08:00,37.4550422,-122.1827715,5.512517,1574217580.0,1574217579.14,10.521656111081441,POINT (-122.1827715 37.4550422),android,6.532075139623177,-3.070180651040011,2.6633250000073585
1789,17.4,-13.0,121.176186,1165791121752003,time,2019-11-19T18:39:41-08:00,37.4550194,-122.1827033,5.4911413,1574217581.0,1574217580.375,10.52193388885922,POINT (-122.1827033 37.4550194),android,3.461894488583166,-0.4068556510326524,0.25780625542899127
1790,17.833,-14.0,124.22275,1165791898650180,time,2019-11-19T18:39:42-08:00,37.4550111,-122.1826655,4.447874,1574217582.0,1574217581.181,10.522211666636997,POINT (-122.1826655 37.4550111),android,3.0550388375505135,-0.14904939560366115,-0.5666206449658384
1791,19.0,-13.0,142.02858,1165792882681638,time,2019-11-19T18:39:43-08:00,37.4549921,-122.1826405,3.3889089,1574217583.0,1574217582.144,10.522489444414775,POINT (-122.1826405 37.4549921),android,2.9059894419468524,-0.7156700405694996,1.8745120123616568
1792,19.666,-15.0,145.4892,1165793885462106,time,2019-11-19T18:39:44-08:00,37.4549683,-122.1826269,3.1949618,1574217584.0,1574217583.157,10.522767222192552,POINT (-122.1826269 37.4549683),android,2.190319401377353,1.1588419717921572,-1.4954141330807307
1793,20.5,-16.0,156.40501,1165794883493043,time,2019-11-19T18:39:45-08:00,37.4549489,-122.1826226,2.475374,1574217585.0,1574217584.179,10.52304499997033,POINT (-122.1826226 37.4549489),android,3.34916137316951,-0.3365721612885735,-0.451210560725809
1794,20.333,-18.0,168.62701,1165795883644293,time,2019-11-19T18:39:46-08:00,37.4549203,-122.1826345,2.8428268,1574217586.0,1574217585.167,10.523322777748108,POINT (-122.1826345 37.4549203),android,3.0125892118809365,-0.7877827220143825,-0.48249316638817397
1795,19.833,-19.0,170.16216,1165796895110282,time,2019-11-19T18:39:47-08:00,37.4548957,-122.1826488,1.8227609,1574217587.0,1574217586.175,10.523600555525885,POINT (-122.1826488 37.4548957),android,2.224806489866554,-1.2702758884025565,1.2602134452321758
1796,19.69,-20.0,168.3271,1165797862485803,time,2019-11-19T18:39:48-08:00,37.4548844,-122.1826696,1.3488045,1574217588.0,1574217587.125,10.523878333303664,POINT (-122.1826696 37.4548844),android,0.9545306014639976,-0.01006244317038052,0.9054753430240341
1797,19.638,-22.0,168.79565,1165798887660542,time,2019-11-19T18:39:49-08:00,37.4548776,-122.1826762,1.3261344,1574217589.0,1574217588.149,10.52415611108144,POINT (-122.1826762 37.4548776),android,0.9444681582936171,0.8954128998536536,0.18447085779132177
1798,19.305,-23.0,188.48651,1165800190344499,time,2019-11-19T18:39:50-08:00,37.4548753,-122.1826865,0.8601845,1574217590.0,1574217589.469,10.52443388885922,POINT (-122.1826865 37.4548753),android,1.8398810581472707,1.0798837576449754,-0.3715967181457289
1799,19.805,-23.0,264.02316,1165800892897259,time,2019-11-19T18:39:51-08:00,37.4548886,-122.1826989,0.51563436,1574217591.0,1574217590.17,10.524711666636996,POINT (-122.1826989 37.4548886),android,2.919764815792246,0.7082870394992464,-1.5973056135817916
1800,20.118,-22.0,321.7514,1165801878732832,time,2019-11-19T18:39:52-08:00,37.4549125,-122.1827126,1.2734647,1574217592.0,1574217591.185,10.524989444414775,POINT (-122.1827126 37.4549125),android,3.6280518552914924,-0.8890185740825451,-0.3322899601887854
1801,21.875,-22.0,331.91638,1165802869985592,time,2019-11-19T18:39:53-08:00,37.454943,-122.1827272,2.0085397,1574217593.0,1574217592.099,10.525267222192552,POINT (-122.1827272 37.454943),android,2.7390332812089473,-1.2213085342713306,0.5532626918601042
1802,22.041,-23.0,337.44354,1165803888232779,time,2019-11-19T18:39:54-08:00,37.4549668,-122.1827352,2.235582,1574217594.0,1574217593.198,10.52554499997033,POINT (-122.1827352 37.4549668),android,1.5177247469376167,-0.6680458424112263,0.7274841024497316
1803,21.607,-23.0,337.71994,1165804889890382,time,2019-11-19T18:39:55-08:00,37.4549795,-122.1827415,1.998047,1574217595.0,1574217594.169,10.525822777748107,POINT (-122.1827415 37.4549795),android,0.8496789045263904,0.059438260038505275,-0.8454859951000022
1804,21.178,-23.0,340.54456,1165805873361059,time,2019-11-19T18:39:56-08:00,37.4549871,-122.1827425,1.6187942,1574217596.0,1574217595.128,10.526100555525886,POINT (-122.1827425 37.4549871),android,0.9091171645648957,-0.7860477350614969,1.071086957287625
1805,20.607,-22.0,343.27023,1165806869770278,time,2019-11-19T18:39:57-08:00,37.4549952,-122.1827439,1.369642,1574217597.0,1574217596.16,10.526378333303663,POINT (-122.1827439 37.4549952),android,0.12306942950339873,0.28503922222612804,-0.10823541554111404
1806,18.407,-22.0,340.1406,1165807884072777,time,2019-11-19T18:39:58-08:00,37.4549956,-122.1827452,0.89138305,1574217598.0,1574217597.152,10.526656111081442,POINT (-122.1827452 37.4549956),android,0.40810865172952676,0.176803806685014,0.19460084255074322
1807,17.407,-23.0,330.59903,1165808888723037,time,2019-11-19T18:39:59-08:00,37.454992,-122.1827461,0.45607933,1574217599.0,1574217598.168,10.526933888859219,POINT (-122.1827461 37.454992),android,0.5849124584145408,0.3714046492357572,-1.272124293704146
1808,16.574,-23.0,302.35043,1165809892233141,time,2019-11-19T18:40:00-08:00,37.4549868,-122.1827451,0.14390314,1574217600.0,1574217599.187,10.527211666636997,POINT (-122.1827451 37.4549868),android,0.956317107650298,-0.9007196444683887,1.2172313556600605
1809,16.074,-23.0,196.66513,1165810889016578,time,2019-11-19T18:40:01-08:00,37.4549782,-122.182745,0.27214566,1574217601.0,1574217600.164,10.527489444414774,POINT (-122.182745 37.4549782),android,0.055597463181909265,0.3165117111916718,-0.14262291875380728
1810,15.407,-22.0,198.74791,1165811888644911,time,2019-11-19T18:40:02-08:00,37.4549787,-122.182745,0.16512553,1574217602.0,1574217601.146,10.527767222192553,POINT (-122.182745 37.4549787),android,0.3721091743735811,0.17388879243786454,-0.3306044268886708
1811,14.174,-22.0,296.2257,1165812928053609,time,2019-11-19T18:40:03-08:00,37.454982,-122.1827457,0.062220268,1574217603.0,1574217602.212,10.52804499997033,POINT (-122.1827457 37.454982),android,0.5459979668114456,-0.15671563445080627,-0.020323933800353106
1812,14.006,-22.0,352.91113,1165813888570014,time,2019-11-19T18:40:04-08:00,37.4549869,-122.1827453,0.20936525,1574217604.0,1574217603.147,10.528322777748109,POINT (-122.1827453 37.4549869),android,0.38928233236063936,-0.17703956825115938,2.5258582990444016
1813,13.577,-22.0,355.92792,1165814880766837,time,2019-11-19T18:40:05-08:00,37.4549904,-122.1827454,0.27321032,1574217605.0,1574217604.14,10.528600555525886,POINT (-122.1827454 37.4549904),android,0.21224276410947998,2.3488187307932424,-11.302210294341855
1814,13.34,-22.0,351.1505,1165815988474232,time,2019-11-19T18:40:06-08:00,37.4549922,-122.1827462,0.24134393,1574217606.0,1574217605.251,10.528878333303663,POINT (-122.1827462 37.4549922),android,2.5610614949027224,-8.953391563548612,36.353840868035725
1815,13.416,-22.0,340.4801,1165817085000000,time,2019-11-19T18:40:06.266000-08:00,37.4549977,-122.1827496,0.38823563,1574217606.266,1574217607.083,10.528952222201559,POINT (-122.1827496 37.4549977),android,0.1794590486857259,0.7167312861195193,-0.8998785190727924
1816,13.34,-22.0,342.12292,1165816892993763,time,2019-11-19T18:40:07-08:00,37.4549967,-122.1827488,0.3610871,1574217607.0,1574217606.144,10.529156111081441,POINT (-122.1827488 37.4549967),android,0.7055397894574936,0.056220482298584784,-0.2082568653142104
1817,13.356,-22.0,342.23633,1165817913149284,time,2019-11-19T18:40:08-08:00,37.4550027,-122.1827514,0.49638817,1574217608.0,1574217607.174,10.529433888859218,POINT (-122.1827514 37.4550027),android,0.7617602717560784,-0.1520363830156256,-0.24568083390839224
1818,13.213,-22.0,345.0104,1165818874711367,time,2019-11-19T18:40:09-08:00,37.4550094,-122.1827532,0.62132615,1574217609.0,1574217608.142,10.529711666636997,POINT (-122.1827532 37.4550094),android,0.6097238887404528,-0.39771721692401785,0.3670921657164472
1819,13.082,-22.0,347.45737,1165819891221887,time,2019-11-19T18:40:10-08:00,37.4550148,-122.1827544,0.6123223,1574217610.0,1574217609.147,10.529989444414774,POINT (-122.1827544 37.4550148),android,0.21200667181643498,-0.03062505120757064,-0.07397082676954563
1820,12.928,-22.0,350.87723,1165820888688293,time,2019-11-19T18:40:11-08:00,37.4550167,-122.1827542,0.4426311,1574217611.0,1574217610.169,10.530267222192553,POINT (-122.1827542 37.4550167),android,0.18138162060886434,-0.10459587797711627,0.06311812714570153
1821,12.785,-22.0,355.0607,1165821891689386,time,2019-11-19T18:40:12-08:00,37.4550183,-122.1827538,0.3272234,1574217612.0,1574217611.155,10.53054499997033,POINT (-122.1827538 37.4550183),android,0.07678574263174807,-0.041477750831414736,0.03265075319492937
1822,12.0,-21.0,1.6665531,1165822888153761,time,2019-11-19T18:40:13-08:00,37.4550188,-122.1827532,0.21623355,1574217613.0,1574217612.173,10.530822777748108,POINT (-122.1827532 37.4550188),android,0.03530799180033334,-0.008826997636485364,0.01685258132262294
1823,11.5,-21.0,6.766477,1165823891877563,time,2019-11-19T18:40:14-08:00,37.4550188,-122.1827528,0.12265623,1574217614.0,1574217613.186,10.531100555525885,POINT (-122.1827528 37.4550188),android,0.026480994163847974,0.008025583686137577,-0.04253216153612313
1824,11.333,-21.0,357.22537,1165825141069385,time,2019-11-19T18:40:15-08:00,37.4550188,-122.1827531,0.05737294,1574217615.0,1574217614.415,10.531378333303664,POINT (-122.1827531 37.4550188),android,0.03450657784998555,-0.03450657784998555,0.03450657784998555
1825,11.333,-21.0,349.79858,1165825891064333,time,2019-11-19T18:40:16-08:00,37.4550185,-122.1827532,0.027543688,1574217616.0,1574217615.21,10.53165611108144,POINT (-122.1827532 37.4550185),android,0.0,0.0,0.21780757014369737
1826,11.333,-21.0,340.74152,1165826894882301,time,2019-11-19T18:40:17-08:00,37.4550185,-122.1827532,0.014130953,1574217617.0,1574217616.144,10.53193388885922,POINT (-122.1827532 37.4550185),android,0.0,0.21780757014369737,-0.2667336900975883
1827,11.428,-21.0,341.7761,1165827880957926,time,2019-11-19T18:40:18-08:00,37.4550185,-122.1827532,0.010777422,1574217618.0,1574217617.146,10.532211666636996,POINT (-122.1827532 37.4550185),android,0.21780757014369737,-0.0489261199538909,-0.08544875247952177
1828,11.714,-21.0,346.93604,1165828884931154,time,2019-11-19T18:40:19-08:00,37.4550204,-122.1827538,0.106791146,1574217619.0,1574217618.192,10.532489444414775,POINT (-122.1827538 37.4550204),android,0.16888145018980646,-0.13437487243341267,0.2538184774401406
1829,11.714,-21.0,347.73245,1165829881601519,time,2019-11-19T18:40:20-08:00,37.4550219,-122.1827541,0.13360795,1574217620.0,1574217619.152,10.532767222192552,POINT (-122.1827541 37.4550219),android,0.034506577756393805,0.11944360500672792,-0.20161360073626622
1830,11.714,-21.0,350.76566,1165830880414904,time,2019-11-19T18:40:21-08:00,37.4550216,-122.182754,0.061964948,1574217621.0,1574217620.147,10.53304499997033,POINT (-122.182754 37.4550216),android,0.15395018276312172,-0.08216999572953829,0.09986835235029996
1831,11.571,-22.0,342.79135,1165831882956414,time,2019-11-19T18:40:22-08:00,37.4550229,-122.1827546,0.099842794,1574217622.0,1574217621.18,10.533322777748108,POINT (-122.1827546 37.4550229),android,0.07178018703358344,0.017698356620761677,-0.07267032183340955
1832,11.428,-22.0,340.71445,1165832880458861,time,2019-11-19T18:40:23-08:00,37.4550235,-122.1827549,0.08665773,1574217623.0,1574217622.163,10.533600555525886,POINT (-122.1827549 37.4550235),android,0.08947854365434511,-0.05497196521264787,0.13807903805235117
1833,11.0,-22.0,338.08655,1165834163900058,time,2019-11-19T18:40:24-08:00,37.4550242,-122.1827554,0.08124807,1574217624.0,1574217623.434,10.533878333303663,POINT (-122.1827554 37.4550242),android,0.034506578441697244,0.0831070728397033,-0.1439321331014802
1834,11.0,-22.0,338.93414,1165834882051464,time,2019-11-19T18:40:25-08:00,37.4550245,-122.1827555,0.07075556,1574217625.0,1574217624.162,10.534156111081442,POINT (-122.1827555 37.4550245),android,0.11761365128140054,-0.060825060261776906,0.02490047252169389
1835,11.0,-21.0,125.06434,1165835879334953,time,2019-11-19T18:40:26-08:00,37.4550236,-122.1827548,0.016476007,1574217626.0,1574217625.157,10.534433888859219,POINT (-122.1827548 37.4550236),android,0.056788591019623635,-0.03592458774008302,0.06682478918976972
1836,11.142,-21.0,139.42206,1165836872330369,time,2019-11-19T18:40:27-08:00,37.4550232,-122.1827544,0.033055905,1574217627.0,1574217626.157,10.534711666636996,POINT (-122.1827544 37.4550232),android,0.020864003279540622,0.03090020144968671,-0.0684672586042257
1837,11.285,-21.0,135.78284,1165837878782400,time,2019-11-19T18:40:28-08:00,37.4550231,-122.1827542,0.030753857,1574217628.0,1574217627.171,10.534989444414775,POINT (-122.1827542 37.4550231),android,0.05176420472922733,-0.037567057154538994,0.0567283879630487
1838,11.571,-21.0,142.13055,1165838913446827,time,2019-11-19T18:40:29-08:00,37.4550227,-122.1827539,0.040232483,1574217629.0,1574217628.222,10.535267222192552,POINT (-122.1827539 37.4550227),android,0.014197147574688337,0.019161330808509708,-0.028593080969887708
1839,11.714,-21.0,138.5644,1165839869207660,time,2019-11-19T18:40:30-08:00,37.4550226,-122.1827538,0.026920825,1574217630.0,1574217629.144,10.53554499997033,POINT (-122.1827538 37.4550226),android,0.03335847838319805,-0.009431750161378,0.030850427661843344
1840,12.0,-21.0,90.83443,1165840849671358,time,2019-11-19T18:40:31-08:00,37.4550229,-122.1827538,0.008792181,1574217631.0,1574217630.115,10.535822777748107,POINT (-122.1827538 37.4550229),android,0.023926728221820046,0.021418677500465343,-0.018910625642943667
1841,12.285,-21.0,13.503322,1165841862045836,time,2019-11-19T18:40:32-08:00,37.4550231,-122.1827539,0.011611063,1574217632.0,1574217631.13,10.536100555525886,POINT (-122.1827539 37.4550231),android,0.04534540572228539,0.002508051857521676,-0.03616436195803418
1842,12.428,-21.0,353.2433,1165842871963544,time,2019-11-19T18:40:33-08:00,37.4550235,-122.182754,0.021288227,1574217633.0,1574217632.162,10.536378333303663,POINT (-122.182754 37.4550235),android,0.047853457579807065,-0.0336563101005125,0.18126753038672208
1843,12.714,-21.0,346.08243,1165843892795158,time,2019-11-19T18:40:34-08:00,37.4550239,-122.1827542,0.034248825,1574217634.0,1574217633.149,10.536656111081442,POINT (-122.1827542 37.4550239),android,0.014197147479294563,0.14761122028620957,-0.22394931895716405
1844,13.0,-21.0,340.95807,1165844869933283,time,2019-11-19T18:40:35-08:00,37.455024,-122.1827543,0.02612117,1574217635.0,1574217634.163,10.536933888859219,POINT (-122.1827543 37.455024),android,0.16180836776550414,-0.07633809867095448,0.014794558393251223
1845,13.0,-21.0,342.3541,1165845869249741,time,2019-11-19T18:40:36-08:00,37.4550254,-122.1827548,0.078735374,1574217636.0,1574217635.129,10.537211666636997,POINT (-122.1827548 37.4550254),android,0.08547026909454966,-0.06154354027770326,0.05985579704965555
1846,13.0,-21.0,341.0923,1165846872496407,time,2019-11-19T18:40:37-08:00,37.4550261,-122.1827552,0.081157796,1574217637.0,1574217636.142,10.537489444414774,POINT (-122.1827552 37.4550261),android,0.0239267288168464,-0.0016877432280477042,-0.0063540949111453495
1847,12.8,-21.0,340.40613,1165847880109428,time,2019-11-19T18:40:38-08:00,37.4550263,-122.1827553,0.06116384,1574217638.0,1574217637.148,10.537767222192553,POINT (-122.1827553 37.4550263),android,0.022238985588798697,-0.008041838139193054,-0.006155309310412589
1848,12.571,-21.0,342.35916,1165848882976875,time,2019-11-19T18:40:39-08:00,37.4550265,-122.1827553,0.043597907,1574217639.0,1574217638.159,10.53804499997033,POINT (-122.1827553 37.4550265),android,0.014197147449605643,-0.014197147449605643,0.02531664024400499
1849,12.333,-21.0,341.83218,1165849881098750,time,2019-11-19T18:40:40-08:00,37.4550266,-122.1827554,0.029062059,1574217640.0,1574217639.167,10.538322777748109,POINT (-122.1827554 37.4550266),android,0.0,0.011119492794399348,-0.022238985588798697
1850,12.166,-21.0,337.5901,1165850869844114,time,2019-11-19T18:40:41-08:00,37.4550266,-122.1827554,0.019410713,1574217641.0,1574217640.133,10.538600555525885,POINT (-122.1827554 37.4550266),android,0.011119492794399348,-0.011119492794399348,0.011119492794399348
1851,12.0,-21.0,348.37885,1165851882466405,time,2019-11-19T18:40:42-08:00,37.4550267,-122.1827554,0.012683921,1574217642.0,1574217641.151,10.538878333303664,POINT (-122.1827554 37.4550267),android,0.0,0.0,0.014197147273831047
1852,12.0,-21.0,346.8931,1165852879535259,time,2019-11-19T18:40:43-08:00,37.4550267,-122.1827554,0.010275563,1574217643.0,1574217642.138,10.539156111081441,POINT (-122.1827554 37.4550267),android,0.0,0.014197147273831047,-0.028394294547662093
1853,12.0,-21.0,337.11658,1165853792781769,time,2019-11-19T18:40:44-08:00,37.4550267,-122.1827554,0.004418742,1574217644.0,1574217643.038,10.53943388885922,POINT (-122.1827554 37.4550267),android,0.014197147273831047,-0.014197147273831047,0.025316640068230395
1854,11.833,-21.0,330.60876,1165855121976248,time,2019-11-19T18:40:45-08:00,37.4550268,-122.1827555,0.006674619,1574217645.0,1574217644.382,10.539711666636997,POINT (-122.1827555 37.4550268),android,0.0,0.011119492794399348,-0.011119492794399348
1855,11.666,-21.0,307.6189,1165855893472445,time,2019-11-19T18:40:46-08:00,37.4550268,-122.1827555,0.0038470514,1574217646.0,1574217645.176,10.539989444414774,POINT (-122.1827555 37.4550268),android,0.011119492794399348,0.0,-0.0022924960784894265
1856,11.5,-21.0,215.69185,1165856894711143,time,2019-11-19T18:40:47-08:00,37.4550267,-122.1827555,0.0035998502,1574217647.0,1574217646.162,10.540267222192552,POINT (-122.1827555 37.4550267),android,0.011119492794399348,-0.0022924960784894265,0.021859794697490637
1857,11.2,-21.0,195.7992,1165857883576195,time,2019-11-19T18:40:48-08:00,37.4550266,-122.1827555,0.0042724307,1574217648.0,1574217647.143,10.54054499997033,POINT (-122.1827555 37.4550266),android,0.008826996715909922,0.019567298619001208,-0.014603115570714292
1858,11.0,-21.0,236.53545,1165858867583434,time,2019-11-19T18:40:49-08:00,37.4550266,-122.1827556,0.006300318,1574217649.0,1574217648.122,10.540822777748108,POINT (-122.1827556 37.4550266),android,0.02839429533491113,0.004964183048286917,-0.03832266143148497
1859,11.0,-21.0,311.52588,1165859853524892,time,2019-11-19T18:40:50-08:00,37.4550268,-122.1827558,0.011118255,1574217650.0,1574217649.106,10.541100555525885,POINT (-122.1827558 37.4550268),android,0.03335847838319805,-0.03335847838319805,0.04755562562767716
1860,11.142,-21.0,337.98807,1165860852989787,time,2019-11-19T18:40:51-08:00,37.4550271,-122.1827558,0.01930646,1574217651.0,1574217650.131,10.541378333303664,POINT (-122.1827558 37.4550271),android,0.0,0.014197147244479113,-0.006155309690247003
1861,11.285,-21.0,349.90057,1165861876053433,time,2019-11-19T18:40:52-08:00,37.4550271,-122.1827558,0.014781439,1574217652.0,1574217651.135,10.54165611108144,POINT (-122.1827558 37.4550271),android,0.014197147244479113,0.00804183755423211,-0.006354093592699716
1862,11.428,-21.0,9.548006,1165862882341661,time,2019-11-19T18:40:53-08:00,37.4550272,-122.1827557,0.012559941,1574217653.0,1574217652.171,10.54193388885922,POINT (-122.1827557 37.4550272),android,0.022238984798711222,0.0016877439615323939,-0.014494979927376661
1863,11.833,-21.0,356.84915,1165863896362442,time,2019-11-19T18:40:54-08:00,37.4550274,-122.1827557,0.016686356,1574217654.0,1574217653.16,10.542211666636996,POINT (-122.1827557 37.4550274),android,0.023926728760243616,-0.012807235965844268,0.012807235965844268
1864,12.0,-21.0,351.24747,1165864893055671,time,2019-11-19T18:40:55-08:00,37.4550276,-122.1827558,0.0177902,1574217655.0,1574217654.193,10.542489444414775,POINT (-122.1827558 37.4550276),android,0.011119492794399348,0.0,-0.011119492794399348
1865,12.0,-21.0,348.56467,1165865881347077,time,2019-11-19T18:40:56-08:00,37.4550277,-122.1827558,0.013716834,1574217656.0,1574217655.129,10.542767222192552,POINT (-122.1827558 37.4550277),android,0.011119492794399348,-0.011119492794399348,0.0199464906466785
1866,12.0,-21.0,339.88208,1165866884531660,time,2019-11-19T18:40:57-08:00,37.4550276,-122.1827558,0.0058786087,1574217657.0,1574217656.15,10.54304499997033,POINT (-122.1827558 37.4550276),android,0.0,0.008826997852279153,0.00458498988424039
1867,12.2,-21.0,316.43503,1165867883226764,time,2019-11-19T18:40:58-08:00,37.4550276,-122.1827558,0.0018655214,1574217658.0,1574217657.156,10.543322777748108,POINT (-122.1827558 37.4550276),android,0.008826997852279153,0.013411987736519543,-0.01172424531684716
1868,12.285,-21.0,302.53195,1165868877258951,time,2019-11-19T18:40:59-08:00,37.4550276,-122.1827559,0.0033506968,1574217659.0,1574217658.166,10.543600555525886,POINT (-122.1827559 37.4550276),android,0.022238985588798697,0.0016877424196723827,1.0759552095117626
1869,12.285,-21.0,348.1206,1165869882028898,time,2019-11-19T18:41:00-08:00,37.4550278,-122.1827559,0.014070517,1574217660.0,1574217659.161,10.543878333303663,POINT (-122.1827559 37.4550278),android,0.02392672800847108,1.077642951931435,0.7471035738997203
1870,12.333,-21.0,343.2592,1165870893230096,time,2019-11-19T18:41:01-08:00,37.455028,-122.182756,0.015461072,1574217661.0,1574217660.151,10.544156111081442,POINT (-122.182756 37.455028),android,1.1015696799399062,1.8247465258311553,-3.1096683467604884
1871,12.333,-20.0,353.15466,1165871884706658,time,2019-11-19T18:41:02-08:00,37.4550373,-122.1827603,0.2809888,1574217662.0,1574217661.144,10.544433888859219,POINT (-122.1827603 37.4550373),android,2.9263162057710614,-1.2849218209293332,1.272006330345156
1872,12.0,-18.0,335.7964,1165872892144001,time,2019-11-19T18:41:03-08:00,37.4550594,-122.1827783,0.8242144,1574217663.0,1574217662.156,10.544711666636998,POINT (-122.1827783 37.4550594),android,1.6413943848417283,-0.01291549058417707,-0.181891340518622
1873,12.0,-19.0,40.92955,1165873885181084,time,2019-11-19T18:41:04-08:00,37.4550728,-122.1827861,0.49193868,1574217664.0,1574217663.164,10.544989444414774,POINT (-122.1827861 37.4550728),android,1.6284788942575512,-0.19480683110279906,0.5816037313850575
1874,12.0,-16.0,57.278385,1165874881543948,time,2019-11-19T18:41:05-08:00,37.4550811,-122.1827709,0.9138609,1574217665.0,1574217664.136,10.545267222192553,POINT (-122.1827709 37.4550811),android,1.4336720631547522,0.38679690028225844,-1.2830303393056792
1875,12.142,-15.0,40.877678,1165875882179573,time,2019-11-19T18:41:06-08:00,37.4550908,-122.1827602,0.73600817,1574217666.0,1574217665.162,10.54554499997033,POINT (-122.1827602 37.4550908),android,1.8204689634370106,-0.8962334390234208,1.0225836766062868
1876,12.333,-13.0,27.601894,1165876895601187,time,2019-11-19T18:41:07-08:00,37.4551062,-122.1827532,1.0117682,1574217667.0,1574217666.207,10.545822777748107,POINT (-122.1827532 37.4551062),android,0.9242355244135898,0.126350237582866,1.7412918734283345
1877,12.6,-14.0,61.68424,1165877921782385,time,2019-11-19T18:41:08-08:00,37.455112,-122.1827457,0.48955354,1574217668.0,1574217667.225,10.546100555525886,POINT (-122.1827457 37.455112),android,1.0505857619964558,1.8676421110112005,-1.830924729570351
1878,12.833,-13.0,348.22754,1165878895630770,time,2019-11-19T18:41:09-08:00,37.4551214,-122.1827469,0.9574833,1574217669.0,1574217668.16,10.546378333303663,POINT (-122.1827469 37.4551214),android,2.9182278730076563,0.03671738144084946,-1.091749868586516
1879,13.0,-12.0,16.061142,1165880165148790,time,2019-11-19T18:41:10-08:00,37.4551474,-122.1827514,1.4527475,1574217670.0,1574217669.414,10.546656111081441,POINT (-122.1827514 37.4551474),android,2.9549452544485058,-1.0550324871456664,2.9046562736462205
1880,13.0,-12.0,20.638023,1165880884236862,time,2019-11-19T18:41:11-08:00,37.4551736,-122.1827458,1.8410629,1574217671.0,1574217670.177,10.546933888859218,POINT (-122.1827458 37.4551736),android,1.8999127673028393,1.849623786500554,2.7088103340308587
1881,13.0,-11.0,88.96552,1165881876436081,time,2019-11-19T18:41:12-08:00,37.4551795,-122.1827256,1.3285991,1574217672.0,1574217671.154,10.547211666636997,POINT (-122.1827256 37.4551795),android,3.7495365538033933,4.5584341205314125,-3.3753350243863913
1882,13.0,-11.0,137.54292,1165882791959934,time,2019-11-19T18:41:13-08:00,37.4551508,-122.1827033,2.2582555,1574217673.0,1574217672.071,10.547489444414774,POINT (-122.1827033 37.4551508),android,8.307970674334806,1.1830990961450212,-0.9144030685998246
1883,13.0,-12.0,143.25488,1165883897484569,time,2019-11-19T18:41:14-08:00,37.4550821,-122.1826663,3.7717502,1574217674.0,1574217673.144,10.547767222192553,POINT (-122.1826663 37.4550821),android,9.491069770479827,0.2686960275451966,1.0003773647158631
1884,13.0,-13.0,142.09717,1165884884005038,time,2019-11-19T18:41:15-08:00,37.4550077,-122.1826136,5.302022,1574217675.0,1574217674.15,10.54804499997033,POINT (-122.1826136 37.4550077),android,9.759765798025024,1.2690733922610598,-1.5797449377270922
1885,13.0,-11.0,137.68477,1165885885224777,time,2019-11-19T18:41:16-08:00,37.4549346,-122.1825524,5.4077053,1574217676.0,1574217675.183,10.548322777748108,POINT (-122.1825524 37.4549346),android,11.028839190286083,-0.3106715454660325,-4.026434778253259
1886,12.833,-11.0,139.52611,1165886887077381,time,2019-11-19T18:41:17-08:00,37.4548476,-122.1824924,5.9151773,1574217677.0,1574217676.179,10.548600555525885,POINT (-122.1824924 37.4548476),android,10.718167644820051,-4.337106323719292,5.851789879152219
1887,12.6,-10.0,134.47859,1165888109686859,time,2019-11-19T18:41:18-08:00,37.4547713,-122.1824182,5.9362106,1574217678.0,1574217677.378,10.548878333303664,POINT (-122.1824182 37.4547713),android,6.381061321100759,1.514683555432927,-2.9109675881468915
1888,12.5,-11.0,125.67446,1165888799831495,time,2019-11-19T18:41:19-08:00,37.4547426,-122.1823556,5.699164,1574217679.0,1574217678.085,10.549156111081441,POINT (-122.1823556 37.4547426),android,7.895744876533686,-1.3962840327139645,1.6467071392813093
1889,12.333,-9.0,124.974815,1165889892185921,time,2019-11-19T18:41:20-08:00,37.4547077,-122.1822777,5.296482,1574217680.0,1574217679.198,10.54943388885922,POINT (-122.1822777 37.4547077),android,6.499460843819722,0.2504231065673448,1.5625214187890668
1890,12.428,-8.0,124.13813,1165890881663629,time,2019-11-19T18:41:21-08:00,37.4546752,-122.1822165,5.7076807,1574217681.0,1574217680.156,10.549711666636997,POINT (-122.1822165 37.4546752),android,6.7498839503870665,1.8129445253564116,-3.6959412076462375
1891,12.571,-8.0,124.72342,1165891883855556,time,2019-11-19T18:41:22-08:00,37.4546421,-122.1821524,5.937498,1574217682.0,1574217681.149,10.549989444414775,POINT (-122.1821524 37.4546421),android,8.562828475743478,-1.8829966822898259,2.911512865493263
1892,12.833,-8.0,126.296486,1165893166058160,time,2019-11-19T18:41:23-08:00,37.4545982,-122.1820727,6.2544,1574217683.0,1574217682.438,10.550267222192552,POINT (-122.1820727 37.4545982),android,6.679831793453652,1.028516183203437,-2.3788916706418597
1893,13.4,-9.0,127.56131,1165893878425920,time,2019-11-19T18:41:24-08:00,37.4545599,-122.1820144,6.895076,1574217684.0,1574217683.159,10.550544999970331,POINT (-122.1820144 37.4545599),android,7.708347976657089,-1.3503754874384226,1.205355412288558
1894,13.333,-8.0,126.55087,1165894885248888,time,2019-11-19T18:41:25-08:00,37.4545201,-122.1819429,6.725823,1574217685.0,1574217684.158,10.550822777748108,POINT (-122.1819429 37.4545201),android,6.357972489218667,-0.1450200751498647,-0.3670978943554415
1895,13.2,-7.0,123.6518,1165895896270815,time,2019-11-19T18:41:26-08:00,37.4544958,-122.1818777,6.342125,1574217686.0,1574217685.165,10.551100555525887,POINT (-122.1818777 37.4544958),android,6.212952414068802,-0.5121179695053062,3.530177448033477
1896,12.8,-10.0,119.90115,1165897028245085,time,2019-11-19T18:41:27-08:00,37.4544797,-122.1818103,6.2752643,1574217687.0,1574217686.308,10.551378333303663,POINT (-122.1818103 37.4544797),android,5.700834444563496,3.018059478528171,-5.102118122240451
1897,12.833,-9.0,118.926216,1165897884783991,time,2019-11-19T18:41:28-08:00,37.4544659,-122.1817481,6.6294036,1574217688.0,1574217687.158,10.55165611108144,POINT (-122.1817481 37.4544659),android,8.718893923091667,-2.0840586437122797,4.120739646807062
1898,12.6,-12.0,124.00005,1165898888279720,time,2019-11-19T18:41:29-08:00,37.4544198,-122.1816682,7.46418,1574217689.0,1574217688.152,10.55193388885922,POINT (-122.1816682 37.4544198),android,6.634835279379387,2.036681003094782,2.4001315049879386
1899,12.6,-14.0,125.01495,1165899885421178,time,2019-11-19T18:41:30-08:00,37.4543845,-122.1816076,6.8591275,1574217690.0,1574217689.161,10.552211666636996,POINT (-122.1816076 37.4543845),android,8.671516282474169,4.4368125080827205,-7.384795686677828
1900,12.666,-13.0,127.248116,1165900885665969,time,2019-11-19T18:41:31-08:00,37.4543333,-122.1815335,7.7513905,1574217691.0,1574217690.169,10.552489444414775,POINT (-122.1815335 37.4543333),android,13.10832879055689,-2.9479831785951074,4.256362744652009
1901,13.0,-16.0,128.17908,1165902120358104,time,2019-11-19T18:41:32-08:00,37.4542558,-122.1814216,9.008373,1574217692.0,1574217691.369,10.552767222192552,POINT (-122.1814216 37.4542558),android,10.160345611961782,1.3083795660569013,-0.9053861734534934
1902,13.0,-19.0,128.73254,1165902888132895,time,2019-11-19T18:41:33-08:00,37.4541941,-122.1813367,9.618665,1574217693.0,1574217692.173,10.55304499997033,POINT (-122.1813367 37.4541941),android,11.468725178018683,0.40299339260340794,0.13764438881840846
1903,13.0,-21.0,129.10774,1165903890995655,time,2019-11-19T18:41:34-08:00,37.4541246,-122.1812407,9.645764,1574217694.0,1574217693.176,10.553322777748107,POINT (-122.1812407 37.4541246),android,11.871718570622091,0.5406377814218164,-0.13293628281760306
1904,13.0,-20.0,128.50406,1165904889072686,time,2019-11-19T18:41:35-08:00,37.4540541,-122.1811397,10.08344,1574217695.0,1574217694.196,10.553600555525886,POINT (-122.1811397 37.4540541),android,12.412356352043908,0.40770149860421334,-2.68447154671121
1905,13.0,-18.0,125.681496,1165905939366384,time,2019-11-19T18:41:36-08:00,37.4539923,-122.1810226,10.471871,1574217696.0,1574217695.196,10.553878333303663,POINT (-122.1810226 37.4539923),android,12.820057850648121,-2.2767700481069966,2.4857836871970296
1906,12.833,-18.0,126.220406,1165906890964612,time,2019-11-19T18:41:37-08:00,37.4539241,-122.1809055,11.045493,1574217697.0,1574217696.17,10.554156111081442,POINT (-122.1809055 37.4539241),android,10.543287802541125,0.209013639090033,1.4531185679630472
1907,12.8,-23.0,123.75123,1165907890222633,time,2019-11-19T18:41:38-08:00,37.4538804,-122.1807995,10.40452,1574217698.0,1574217697.18,10.554433888859219,POINT (-122.1807995 37.4538804),android,10.752301441631158,1.6621322070530802,-4.205621679361483
1908,12.8,-21.0,121.715515,1165908891952112,time,2019-11-19T18:41:39-08:00,37.4538392,-122.1806893,10.434951,1574217699.0,1574217698.193,10.554711666636997,POINT (-122.1806893 37.4538392),android,12.414433648684238,-2.543489472308403,5.582225295992924
1909,12.8,-20.0,123.390656,1165910106718309,time,2019-11-19T18:41:40-08:00,37.4537787,-122.1805711,10.468794,1574217700.0,1574217699.341,10.554989444414774,POINT (-122.1805711 37.4537787),android,9.870944176375835,3.0387358236845206,-2.419703163693981
1910,12.833,-20.0,127.49416,1165910888320652,time,2019-11-19T18:41:41-08:00,37.4537154,-122.1804927,11.14077,1574217701.0,1574217700.167,10.555267222192553,POINT (-122.1804927 37.4537154),android,12.909680000060355,0.6190326599905394,1.1760400926288384
1911,12.833,-19.0,127.59897,1165911890599402,time,2019-11-19T18:41:42-08:00,37.4536416,-122.1803798,11.744372,1574217702.0,1574217701.199,10.55554499997033,POINT (-122.1803798 37.4536416),android,13.528712660050894,1.7950727526193777,0.02235068158917919
1912,13.0,-16.0,128.3196,1165912888065860,time,2019-11-19T18:41:43-08:00,37.4535632,-122.1802626,12.225321,1574217703.0,1574217702.201,10.555822777748109,POINT (-122.1802626 37.4535632),android,15.323785412670272,1.817423434208557,-5.751641045981772
1913,13.0,-17.0,131.64052,1165913873827057,time,2019-11-19T18:41:44-08:00,37.4534592,-122.1801487,13.133881,1574217704.0,1574217703.172,10.556100555525886,POINT (-122.1801487 37.4534592),android,17.14120884687883,-3.9342176117732155,5.207480825681783
1914,13.0,-16.0,133.65031,1165915112329973,time,2019-11-19T18:41:45-08:00,37.4533417,-122.180023,13.333297,1574217705.0,1574217704.377,10.556378333303664,POINT (-122.180023 37.4533417),android,13.206991235105614,1.2732632139085673,-2.789623260843916
1915,12.8,-17.0,134.06638,1165915903329556,time,2019-11-19T18:41:46-08:00,37.4532506,-122.179927,13.901278,1574217706.0,1574217705.187,10.556656111081441,POINT (-122.179927 37.4532506),android,14.480254449014181,-1.5163600469353486,5.549916410537742
1916,12.8,-17.0,132.45984,1165916894773306,time,2019-11-19T18:41:47-08:00,37.4531608,-122.1798082,13.897382,1574217707.0,1574217706.197,10.55693388885922,POINT (-122.1798082 37.4531608),android,12.963894402078832,4.0335563636023934,-11.06804292920664
1917,13.0,-19.0,129.5423,1165917883232160,time,2019-11-19T18:41:48-08:00,37.4530894,-122.1796921,13.450165,1574217708.0,1574217707.153,10.557211666636997,POINT (-122.1796921 37.4530894),android,16.997450765681226,-7.034486565604247,13.337666225068148
1918,13.4,-20.0,129.5447,1165919203106273,time,2019-11-19T18:41:49-08:00,37.452989,-122.1795469,13.463457,1574217709.0,1574217708.47,10.557489444414774,POINT (-122.1795469 37.452989),android,9.962964200076978,6.3031796594639005,-6.817177549250401
1919,14.0,-19.0,130.40396,1165919884322054,time,2019-11-19T18:41:50-08:00,37.4529254,-122.1794674,13.703745,1574217710.0,1574217709.184,10.557767222192552,POINT (-122.1794674 37.4529254),android,16.26614385954088,-0.5139978897865003,-0.3825568240342747
1920,14.666,-18.0,131.07552,1165920894734137,time,2019-11-19T18:41:51-08:00,37.4528226,-122.1793363,14.516731,1574217711.0,1574217710.156,10.55804499997033,POINT (-122.1793363 37.4528226),android,15.752145969754379,-0.896554713820775,1.1138373903258962
1921,15.6,-18.0,128.7796,1165921897032106,time,2019-11-19T18:41:52-08:00,37.4527385,-122.1791927,14.783379,1574217712.0,1574217711.2,10.558322777748108,POINT (-122.1791927 37.4527385),android,14.855591255933604,0.21728267650512123,-0.11947667535216233
1922,15.333,-15.0,126.705315,1165922882008772,time,2019-11-19T18:41:53-08:00,37.4526663,-122.1790511,14.814098,1574217713.0,1574217712.123,10.558600555525885,POINT (-122.1790511 37.4526663),android,15.072873932438725,0.0978060011529589,0.07479158510525075
1923,15.5,-15.0,125.91644,1165923887229501,time,2019-11-19T18:41:54-08:00,37.4525909,-122.1789092,14.83871,1574217714.0,1574217713.16,10.558878333303664,POINT (-122.1789092 37.4525909),android,15.170679933591684,0.17259758625820965,-1.1133570967038011
1924,15.4,-14.0,126.62312,1165924886826428,time,2019-11-19T18:41:55-08:00,37.4525079,-122.1787728,14.922144,1574217715.0,1574217714.146,10.55915611108144,POINT (-122.1787728 37.4525079),android,15.343277519849893,-0.9407595104455915,4.535148871141539
1925,15.0,-14.0,127.63266,1165925894742469,time,2019-11-19T18:41:56-08:00,37.4524204,-122.1786384,15.01915,1574217716.0,1574217715.177,10.55943388885922,POINT (-122.1786384 37.4524204),android,14.402518009404302,3.5943893606959474,-6.343914129917552
1926,15.0,-15.0,127.3704,1165926876316270,time,2019-11-19T18:41:57-08:00,37.4523413,-122.1785092,14.966266,1574217717.0,1574217716.141,10.559711666636996,POINT (-122.1785092 37.4523413),android,17.99690737010025,-2.7495247692216047,7.165863557019119
1927,15.4,-14.0,126.92285,1165928111334134,time,2019-11-19T18:41:58-08:00,37.4522444,-122.1783459,15.114559,1574217718.0,1574217717.373,10.559989444414775,POINT (-122.1783459 37.4522444),android,15.247382600878645,4.416338787797514,-3.5616845200510667
1928,15.4,-14.0,127.78499,1165928893660436,time,2019-11-19T18:41:59-08:00,37.4521571,-122.1782127,16.23483,1574217719.0,1574217718.196,10.560267222192552,POINT (-122.1782127 37.4521571),android,19.66372138867616,0.8546542677464473,0.25303271221188695
1929,15.0,-13.0,128.69398,1165929893460175,time,2019-11-19T18:42:00-08:00,37.4520418,-122.1780438,17.158985,1574217720.0,1574217719.192,10.56054499997033,POINT (-122.1780438 37.4520418),android,20.518375656422606,1.1076869799583342,-2.4339505605192286
1930,14.833,-13.0,129.14119,1165930881124237,time,2019-11-19T18:42:01-08:00,37.4519221,-122.1778669,18.04998,1574217721.0,1574217720.166,10.560822777748108,POINT (-122.1778669 37.4519221),android,21.62606263638094,-1.3262635805608944,-0.37762129598477046
1931,14.5,-12.0,128.84515,1165931873627206,time,2019-11-19T18:42:02-08:00,37.4518017,-122.1776745,18.89773,1574217722.0,1574217721.13,10.561100555525886,POINT (-122.1776745 37.4518017),android,20.299799055820046,-1.703884876545665,1.2275509022029532
1932,14.333,-12.0,129.13982,1165932860992205,time,2019-11-19T18:42:03-08:00,37.4516866,-122.177496,19.044142,1574217723.0,1574217722.137,10.561378333303663,POINT (-122.177496 37.4516866),android,18.59591417927438,-0.47633397434271174,0.9345761467457976
1933,14.0,-13.0,127.48043,1165933855088195,time,2019-11-19T18:42:04-08:00,37.4515935,-122.177321,18.537825,1574217724.0,1574217723.132,10.561656111081442,POINT (-122.177321 37.4515935),android,18.11958020493167,0.45824217240308585,1.6015436936180727
1934,14.0,-12.0,125.91753,1165934871525538,time,2019-11-19T18:42:05-08:00,37.4515068,-122.1771472,18.07086,1574217725.0,1574217724.148,10.561933888859219,POINT (-122.1771472 37.4515068),android,18.577822377334755,2.0597858660211585,-8.917247373078276
1935,14.6,-10.0,127.266266,1165935881802985,time,2019-11-19T18:42:06-08:00,37.4514041,-122.1769812,18.131573,1574217726.0,1574217725.167,10.562211666636998,POINT (-122.1769812 37.4514041),android,20.637608243355913,-6.857461507057117,11.364293215787196
1936,15.2,-11.0,129.25127,1165937130944443,time,2019-11-19T18:42:07-08:00,37.451279,-122.1768085,17.644426,1574217727.0,1574217726.395,10.562489444414775,POINT (-122.1768085 37.451279),android,13.780146736298796,4.506831708730079,-2.9971641660802533
1937,15.2,-11.0,129.48573,1165937888268662,time,2019-11-19T18:42:08-08:00,37.4511966,-122.1766919,17.938955,1574217728.0,1574217727.183,10.562767222192551,POINT (-122.1766919 37.4511966),android,18.286978445028875,1.5096675426498258,0.1603401139862548
1938,15.2,-12.0,128.74045,1165938881247984,time,2019-11-19T18:42:09-08:00,37.451095,-122.176529,18.144598,1574217729.0,1574217728.162,10.56304499997033,POINT (-122.176529 37.451095),android,19.7966459876787,1.6700076566360806,-5.688127330397791
1939,15.0,-13.0,129.1043,1165939888255536,time,2019-11-19T18:42:10-08:00,37.4509787,-122.1763592,18.601633,1574217730.0,1574217729.172,10.563322777748107,POINT (-122.1763592 37.4509787),android,21.466653644314782,-4.01811967376171,8.040853926495576
1940,14.2,-14.0,129.18835,1165941028154337,time,2019-11-19T18:42:11-08:00,37.4508534,-122.1761742,18.682133,1574217731.0,1574217730.29,10.563600555525886,POINT (-122.1761742 37.4508534),android,17.448533970553072,4.022734252733866,-3.4958912551117365
1941,14.0,-15.0,129.39095,1165941872826004,time,2019-11-19T18:42:12-08:00,37.4507502,-122.1760253,19.087526,1574217732.0,1574217731.151,10.563878333303663,POINT (-122.1760253 37.4507502),android,21.471268223286938,0.5268429976221292,0.49851213608939915
1942,13.4,-15.0,129.66652,1165942888529180,time,2019-11-19T18:42:13-08:00,37.450623,-122.1758423,19.642834,1574217733.0,1574217732.152,10.564156111081441,POINT (-122.1758423 37.450623),android,21.998111220909067,1.0253551337115283,-8.816843558851556
1943,13.2,-16.0,131.34312,1165943893761941,time,2019-11-19T18:42:14-08:00,37.4504813,-122.1756684,20.143816,1574217734.0,1574217733.169,10.564433888859218,POINT (-122.1756684 37.4504813),android,23.023466354620595,-7.791488425140027,11.690329294532347
1944,13.2,-16.0,129.76181,1165945118260533,time,2019-11-19T18:42:15-08:00,37.4503513,-122.1754654,19.5836,1574217735.0,1574217734.376,10.564711666636997,POINT (-122.1754654 37.4503513),android,15.231977929480568,3.8988408693923198,-3.7192485638940447
1945,13.666,-17.0,130.10884,1165945869297043,time,2019-11-19T18:42:16-08:00,37.450259,-122.1753379,19.5777,1574217736.0,1574217735.159,10.564989444414774,POINT (-122.1753379 37.450259),android,19.130818798872887,0.1795923054982751,0.2073528675873355
1946,14.5,-16.0,129.74431,1165946872386522,time,2019-11-19T18:42:17-08:00,37.4501469,-122.1751735,19.233921,1574217737.0,1574217736.175,10.565267222192553,POINT (-122.1751735 37.4501469),android,19.310411104371163,0.3869451730856106,2.716959180279016
1947,16.2,-16.0,129.07782,1165947890365740,time,2019-11-19T18:42:18-08:00,37.4500382,-122.1750029,19.08411,1574217738.0,1574217737.175,10.56554499997033,POINT (-122.1750029 37.4500382),android,19.697356277456773,3.1039043533646264,-9.380527320772693
1948,16.166,-15.0,128.31075,1165948892605167,time,2019-11-19T18:42:19-08:00,37.4499283,-122.1748279,19.396358,1574217739.0,1574217738.157,10.565822777748108,POINT (-122.1748279 37.4499283),android,22.8012606308214,-6.276622967408066,13.52725912274229
1949,17.2,-14.0,128.87312,1165950122458239,time,2019-11-19T18:42:20-08:00,37.4497931,-122.1746337,19.314003,1574217740.0,1574217739.412,10.566100555525885,POINT (-122.1746337 37.4497931),android,16.524637663413333,7.250636155334224,-8.602532851860893
1950,17.0,-13.0,129.51166,1165950891950583,time,2019-11-19T18:42:21-08:00,37.4496904,-122.1744984,19.86119,1574217741.0,1574217740.174,10.566378333303664,POINT (-122.1744984 37.4496904),android,23.775273818747557,-1.3518966965266692,3.2821079574187344
1951,16.2,-14.0,131.06148,1165951887301312,time,2019-11-19T18:42:22-08:00,37.4495387,-122.1743086,21.001417,1574217742.0,1574217741.166,10.566656111081441,POINT (-122.1743086 37.4495387),android,22.423377122220888,1.9302112608920652,-12.058143804515709
1952,15.833,-12.0,129.1195,1165952881933499,time,2019-11-19T18:42:23-08:00,37.4494178,-122.1741053,21.290625,1574217743.0,1574217742.185,10.56693388885922,POINT (-122.1741053 37.4494178),android,24.353588383112953,-10.127932543623643,15.936602364658846
1953,14.6,-11.0,124.40115,1165954264791623,time,2019-11-19T18:42:24-08:00,37.4493159,-122.1738611,19.738623,1574217744.0,1574217743.55,10.567211666636997,POINT (-122.1738611 37.4493159),android,14.22565583948931,5.808669821035203,-5.335640041392729
1954,14.5,-10.0,124.2284,1165954871542925,time,2019-11-19T18:42:25-08:00,37.4492501,-122.1737229,20.403315,1574217745.0,1574217744.164,10.567489444414775,POINT (-122.1737229 37.4492501),android,20.034325660524512,0.4730297796424736,-6.152095991339067
1955,14.333,-11.0,124.65421,1165955792842456,time,2019-11-19T18:42:26-08:00,37.44915,-122.1735342,20.611519,1574217746.0,1574217745.094,10.567767222192552,POINT (-122.1735342 37.44915),android,20.507355440166986,-5.679066211696593,6.961066900271085
1956,14.333,-9.0,123.45679,1165956883962404,time,2019-11-19T18:42:27-08:00,37.4490585,-122.1733325,19.793911,1574217747.0,1574217746.175,10.568044999970331,POINT (-122.1733325 37.4490585),android,14.828289228470393,1.2820006885744917,-0.22056731085179138
1957,14.333,-8.0,120.46124,1165957881397872,time,2019-11-19T18:42:28-08:00,37.4490162,-122.1731732,18.15624,1574217748.0,1574217747.157,10.568322777748108,POINT (-122.1731732 37.4490162),android,16.110289917044884,1.0614333777227003,3.9623641795530737
1958,14.333,-8.0,119.19283,1165959135928861,time,2019-11-19T18:42:29-08:00,37.4489585,-122.1730058,16.62475,1574217749.0,1574217748.395,10.568600555525885,POINT (-122.1730058 37.4489585),android,17.171723294767585,5.023797557275774,-4.37580485325276
1959,14.2,-8.0,123.4785,1165959882391777,time,2019-11-19T18:42:30-08:00,37.4488581,-122.172858,18.815216,1574217750.0,1574217749.17,10.568878333303664,POINT (-122.172858 37.4488581),android,22.19552085204336,0.6479927040230145,2.46847390286878
1960,14.0,-8.0,125.070946,1165960883109485,time,2019-11-19T18:42:31-08:00,37.44874,-122.1726553,20.305883,1574217751.0,1574217750.194,10.56915611108144,POINT (-122.1726553 37.44874),android,22.843513556066373,3.1164666068917946,-9.733795770686015
1961,13.6,-8.0,126.46793,1165961886297922,time,2019-11-19T18:42:32-08:00,37.4486129,-122.172452,21.193386,1574217752.0,1574217751.164,10.56943388885922,POINT (-122.172452 37.4486129),android,25.959980162958168,-6.617329163794221,8.666884947726217
1962,13.4,-9.0,128.40349,1165963048742661,time,2019-11-19T18:42:33-08:00,37.4484587,-122.1722312,21.660006,1574217753.0,1574217752.294,10.569711666636996,POINT (-122.1722312 37.4484587),android,19.342650999163947,2.0495557839319964,1.3086095019787898
1963,13.333,-8.0,129.34692,1165963877321203,time,2019-11-19T18:42:34-08:00,37.4483414,-122.1720694,21.95859,1574217754.0,1574217753.154,10.569989444414775,POINT (-122.1720694 37.4483414),android,21.392206783095943,3.3581652859107862,-6.665996146568855
1964,13.333,-7.0,129.27165,1165964863315838,time,2019-11-19T18:42:35-08:00,37.4482178,-122.1718837,21.737827,1574217755.0,1574217754.147,10.570267222192552,POINT (-122.1718837 37.4482178),android,24.75037206900673,-3.3078308606580684,6.915245895407185
1965,13.8,-10.0,129.31836,1165965893253858,time,2019-11-19T18:42:36-08:00,37.4480726,-122.1716712,22.483822,1574217756.0,1574217755.156,10.57054499997033,POINT (-122.1716712 37.4480726),android,21.44254120834866,3.607415034749117,-11.404273509543941
1966,14.0,-10.0,128.11845,1165966875369431,time,2019-11-19T18:42:37-08:00,37.4479587,-122.1714752,22.057835,1574217757.0,1574217756.159,10.570822777748107,POINT (-122.1714752 37.4479587),android,25.04995624309778,-7.796858474794824,13.334245279471396
1967,15.2,-10.0,128.26462,1165968148373284,time,2019-11-19T18:42:38-08:00,37.4478171,-122.1712545,21.116116,1574217758.0,1574217757.433,10.571100555525886,POINT (-122.1712545 37.4478171),android,17.253097768302954,5.537386804676572,-4.6464127303061495
1968,16.6,-10.0,128.43715,1165968883815523,time,2019-11-19T18:42:39-08:00,37.4477184,-122.1711037,21.705477,1574217759.0,1574217758.188,10.571378333303663,POINT (-122.1711037 37.4477184),android,22.790484572979526,0.8909740743704226,0.04844517091132161
1969,17.8,-9.0,127.29832,1165969868586304,time,2019-11-19T18:42:40-08:00,37.4475983,-122.1708945,22.136576,1574217760.0,1574217759.142,10.571656111081442,POINT (-122.1708945 37.4475983),android,23.68145864734995,0.9394192452817443,-0.7621615800984891
1970,18.333,-8.0,126.973434,1165970859450210,time,2019-11-19T18:42:41-08:00,37.4474732,-122.1706774,22.5909,1574217761.0,1574217760.147,10.571933888859219,POINT (-122.1706774 37.4474732),android,24.620877892631693,0.17725766518325514,-0.04651533181360534
1971,20.2,-7.0,127.05583,1165971879524949,time,2019-11-19T18:42:42-08:00,37.4473398,-122.1704548,22.981955,1574217762.0,1574217761.134,10.572211666636997,POINT (-122.1704548 37.4473398),android,24.79813555781495,0.1307423333696498,-2.8442225168343676
1972,20.666,-8.0,127.16506,1165972889529532,time,2019-11-19T18:42:43-08:00,37.4472046,-122.1702314,23.35225,1574217763.0,1574217762.191,10.572489444414774,POINT (-122.1702314 37.4472046),android,24.928877891184598,-2.7134801834647178,7.451875227070225
1973,21.5,-8.0,128.74786,1165973882688386,time,2019-11-19T18:42:44-08:00,37.4470541,-122.1700221,23.675571,1574217764.0,1574217763.194,10.572767222192553,POINT (-122.1700221 37.4470541),android,22.21539770771988,4.738395043605507,-4.574509136612399
1974,22.4,-8.0,128.49165,1165974869891041,time,2019-11-19T18:42:45-08:00,37.4469313,-122.1698236,23.13826,1574217765.0,1574217764.18,10.57304499997033,POINT (-122.1698236 37.4469313),android,26.953792751325388,0.16388590699310868,-12.3944245955522
1975,21.4,-11.0,129.57693,1165975869912812,time,2019-11-19T18:42:46-08:00,37.4467684,-122.1695975,23.971882,1574217766.0,1574217765.145,10.573322777748109,POINT (-122.1695975 37.4467684),android,27.117678658318496,-12.230538688559092,18.66517691104268
1976,19.8,-10.0,130.54068,1165977135085936,time,2019-11-19T18:42:47-08:00,37.4466022,-122.1693727,23.03167,1574217767.0,1574217766.405,10.573600555525886,POINT (-122.1693727 37.4466022),android,14.887139969759405,6.434638222483587,-6.170674912409895
1977,18.666,-13.0,130.51933,1165977872152290,time,2019-11-19T18:42:48-08:00,37.4465143,-122.1692455,22.172,1574217768.0,1574217767.149,10.573878333303664,POINT (-122.1692455 37.4465143),android,21.32177819224299,0.26396331007369156,2.0931734073108217
1978,17.0,-13.0,130.66013,1165978875084321,time,2019-11-19T18:42:49-08:00,37.4463877,-122.1690641,21.619448,1574217769.0,1574217768.177,10.574156111081441,POINT (-122.1690641 37.4463877),android,21.585741502316683,2.3571367173845132,-9.20254855596465
1979,13.8,-13.0,130.82481,1165979894224216,time,2019-11-19T18:42:50-08:00,37.4462604,-122.1688795,21.413172,1574217770.0,1574217769.162,10.574433888859218,POINT (-122.1688795 37.4462604),android,23.942878219701196,-6.845411838580137,10.073503359368662
1980,13.0,-13.0,132.31848,1165981062342810,time,2019-11-19T18:42:51-08:00,37.4461084,-122.1686874,21.026764,1574217771.0,1574217770.345,10.574711666636997,POINT (-122.1686874 37.4461084),android,17.09746638112106,3.2280915207885243,-2.9038367876101745
1981,12.833,-13.0,132.13654,1165981874837966,time,2019-11-19T18:42:52-08:00,37.4460062,-122.1685427,20.84364,1574217772.0,1574217771.147,10.574989444414774,POINT (-122.1685427 37.4460062),android,20.325557901909583,0.32425473317834985,0.2386994122053281
1982,12.5,-13.0,132.35176,1165982871402601,time,2019-11-19T18:42:53-08:00,37.4458838,-122.1683717,20.408491,1574217773.0,1574217772.174,10.575267222192553,POINT (-122.1683717 37.4458838),android,20.649812635087933,0.5629541453836779,-6.516588063973366
1983,12.0,-13.0,133.0259,1165983875315048,time,2019-11-19T18:42:54-08:00,37.4457545,-122.1682038,20.284803,1574217774.0,1574217773.184,10.57554499997033,POINT (-122.1682038 37.4457545),android,21.21276678047161,-5.953633918589688,8.152009900444707
1984,11.6,-13.0,132.63713,1165985080794631,time,2019-11-19T18:42:55-08:00,37.4456231,-122.1680296,19.16627,1574217775.0,1574217774.326,10.575822777748108,POINT (-122.1680296 37.4456231),android,15.259132861881923,2.198375981855019,-3.3668385897637165
1985,11.5,-12.0,131.97728,1165985881944162,time,2019-11-19T18:42:56-08:00,37.4455346,-122.1678975,18.945868,1574217776.0,1574217775.181,10.576100555525885,POINT (-122.1678975 37.4455346),android,17.457508843736942,-1.1684626079086975,0.704065360346851
1986,11.2,-12.0,133.0186,1165986894055464,time,2019-11-19T18:42:57-08:00,37.4454238,-122.1677574,18.076506,1574217777.0,1574217776.157,10.576378333303664,POINT (-122.1677574 37.4454238),android,16.289046235828245,-0.4643972475618465,2.7599742905259177
1987,11.0,-10.0,132.6119,1165987882346088,time,2019-11-19T18:42:58-08:00,37.4453248,-122.1676214,17.343605,1574217778.0,1574217777.177,10.57665611108144,POINT (-122.1676214 37.4453248),android,15.824648988266398,2.295577042964071,-8.50221658656224
1988,11.0,-9.0,132.921,1165988886446036,time,2019-11-19T18:42:59-08:00,37.4452269,-122.1674913,16.70997,1574217779.0,1574217778.171,10.57693388885922,POINT (-122.1674913 37.4452269),android,18.12022603123047,-6.206639543598168,10.167948632991575
1989,11.0,-9.0,133.77333,1165990186237545,time,2019-11-19T18:43:00-08:00,37.4451118,-122.167346,15.694079,1574217780.0,1574217779.458,10.577211666636996,POINT (-122.167346 37.4451118),android,11.913586487632301,3.9613090893934064,-4.815619870073915
1990,11.0,-11.0,134.12787,1165990890862180,time,2019-11-19T18:43:01-08:00,37.4450303,-122.1672584,15.924559,1574217781.0,1574217780.163,10.577489444414775,POINT (-122.1672584 37.4450303),android,15.874895577025708,-0.8543107806805086,0.45265149611465283
1991,11.0,-11.0,132.48402,1165991895070930,time,2019-11-19T18:43:02-08:00,37.4449359,-122.1671235,15.688512,1574217782.0,1574217781.201,10.577767222192552,POINT (-122.1671235 37.4449359),android,15.020584796345199,-0.40165928456585576,-0.1334063436547943
1992,11.0,-9.0,132.58987,1165992879692336,time,2019-11-19T18:43:03-08:00,37.4448429,-122.1670001,15.2656145,1574217783.0,1574217782.17,10.57804499997033,POINT (-122.1670001 37.4448429),android,14.618925511779343,-0.5350656282206501,0.0871150469726274
1993,11.0,-12.0,132.31905,1165993884096034,time,2019-11-19T18:43:04-08:00,37.4447547,-122.1668773,14.763146,1574217784.0,1574217783.162,10.578322777748108,POINT (-122.1668773 37.4447547),android,14.083859883558693,-0.4479505812480227,0.6322582492567506
1994,11.0,-13.0,132.27841,1165994881407439,time,2019-11-19T18:43:05-08:00,37.4446692,-122.1667596,14.276013,1574217785.0,1574217784.152,10.578600555525886,POINT (-122.1667596 37.4446692),android,13.63590930231067,0.1843076680087279,-0.29803774725021803
1995,11.0,-13.0,131.25885,1165995881583168,time,2019-11-19T18:43:06-08:00,37.4445916,-122.16664,13.781299,1574217786.0,1574217785.152,10.578878333303663,POINT (-122.16664 37.4445916),android,13.820216970319398,-0.11373007924149015,0.13510796771149636
1996,11.0,-12.0,131.15372,1165996883276449,time,2019-11-19T18:43:07-08:00,37.4445102,-122.1665217,13.566456,1574217787.0,1574217786.164,10.579156111081442,POINT (-122.1665217 37.4445102),android,13.706486891077908,0.021377888470006212,-3.874885275849664
1997,11.0,-12.0,132.42813,1165997891129522,time,2019-11-19T18:43:08-08:00,37.444425,-122.1664095,13.336597,1574217788.0,1574217787.191,10.579433888859219,POINT (-122.1664095 37.444425),android,13.727864779547915,-3.8535073873796577,5.351185947570912
1998,11.2,-10.0,131.69579,1165999125823063,time,2019-11-19T18:43:09-08:00,37.4443461,-122.1662899,12.34613,1574217789.0,1574217788.404,10.579711666636996,POINT (-122.1662899 37.4443461),android,9.874357392168257,1.497678560191254,-1.0369386434814452
1999,11.4,-10.0,132.83856,1165999892170614,time,2019-11-19T18:43:10-08:00,37.4442823,-122.1662121,12.235969,1574217790.0,1574217789.204,10.579989444414775,POINT (-122.1662121 37.4442823),android,11.37203595235951,0.46073991670980874,-0.3805157908220913
2000,11.6,-10.0,131.7073,1166000894890666,time,2019-11-19T18:43:11-08:00,37.4442163,-122.1661137,11.499662,1574217791.0,1574217790.182,10.580267222192552,POINT (-122.1661137 37.4442163),android,11.83277586906932,0.08022412588771743,-3.820578080154238
2001,11.6,-10.0,132.56708,1166001895463791,time,2019-11-19T18:43:12-08:00,37.4441399,-122.1660204,11.1356735,1574217792.0,1574217791.168,10.58054499997033,POINT (-122.1660204 37.4441399),android,11.912999994957037,-3.7403539542665207,3.4293380859959885
2002,11.8,-10.0,134.25108,1166003032642801,time,2019-11-19T18:43:13-08:00,37.4440593,-122.1659315,10.644302,1574217793.0,1574217792.302,10.580822777748107,POINT (-122.1659315 37.4440593),android,8.172646040690516,-0.3110158682705322,-0.46257455774187406
2003,11.833,-11.0,133.91458,1166003886278686,time,2019-11-19T18:43:14-08:00,37.4440053,-122.1658687,9.993164,1574217794.0,1574217793.163,10.581100555525886,POINT (-122.1658687 37.4440053),android,7.861630172419984,-0.7735904260124062,1.4070315654982206
2004,11.833,-11.0,132.71577,1166004882384831,time,2019-11-19T18:43:15-08:00,37.4439581,-122.1658024,8.882657,1574217795.0,1574217794.142,10.581378333303663,POINT (-122.1658024 37.4439581),android,7.088039746407578,0.6334411394858144,-2.3097108614630466
2005,11.833,-14.0,131.48094,1166005882412904,time,2019-11-19T18:43:16-08:00,37.4439176,-122.1657404,8.088343,1574217796.0,1574217795.174,10.581656111081442,POINT (-122.1657404 37.4439176),android,7.721480885893392,-1.6762697219772322,3.1874946819493664
2006,12.0,-13.0,131.86053,1166007024307643,time,2019-11-19T18:43:17-08:00,37.4438707,-122.1656759,7.668548,1574217797.0,1574217796.321,10.581933888859218,POINT (-122.1656759 37.4438707),android,6.04521116391616,1.5112249599721341,-2.9811647880630474
2007,12.0,-13.0,131.9538,1166007882833580,time,2019-11-19T18:43:18-08:00,37.4438346,-122.1656247,7.422158,1574217798.0,1574217797.163,10.582211666636997,POINT (-122.1656247 37.4438346),android,7.556436123888294,-1.4699398280909133,1.4570356616603348
2008,12.0,-14.0,132.16414,1166008885653424,time,2019-11-19T18:43:19-08:00,37.4437875,-122.165563,7.220554,1574217799.0,1574217798.154,10.582489444414774,POINT (-122.165563 37.4437875),android,6.086496295797381,-0.012904166430578456,0.31936411863203507
2009,12.0,-13.0,129.67398,1166009872486079,time,2019-11-19T18:43:20-08:00,37.4437573,-122.1655055,6.5907035,1574217800.0,1574217799.143,10.582767222192553,POINT (-122.1655055 37.4437573),android,6.073592129366802,0.3064599522014566,-3.9493513785306105
2010,12.166,-12.0,128.88306,1166010873191027,time,2019-11-19T18:43:21-08:00,37.4437278,-122.1654476,6.327122,1574217801.0,1574217800.158,10.58304499997033,POINT (-122.1654476 37.4437278),android,6.380052081568259,-3.642891426329154,4.487352620598145
2011,12.2,-12.0,130.83316,1166012167311130,time,2019-11-19T18:43:22-08:00,37.4436957,-122.1653877,5.8187222,1574217802.0,1574217801.426,10.583322777748108,POINT (-122.1653877 37.4436957),android,2.737160655239105,0.8444611942689906,-1.3468693252757165
2012,12.2,-11.0,130.83414,1166012883955297,time,2019-11-19T18:43:23-08:00,37.4436836,-122.1653607,5.2579446,1574217803.0,1574217802.14,10.583600555525885,POINT (-122.1653607 37.4436836),android,3.5816218495080956,-0.5024081310067259,-0.36533873298908803
2013,12.2,-10.0,127.4095,1166013889477900,time,2019-11-19T18:43:24-08:00,37.4436766,-122.1653211,4.4350276,1574217804.0,1574217803.203,10.583878333303664,POINT (-122.1653211 37.4436766),android,3.0792137185013697,-0.8677468639958139,1.0834434953645404
2014,12.2,-8.0,126.69764,1166014883896806,time,2019-11-19T18:43:25-08:00,37.4436738,-122.1652864,3.8100252,1574217805.0,1574217804.169,10.584156111081441,POINT (-122.1652864 37.4436738),android,2.211466854505556,0.21569663136872652,-0.35068633578029473
2015,12.0,-9.0,128.50394,1166015874767639,time,2019-11-19T18:43:26-08:00,37.4436693,-122.165262,3.2081199,1574217806.0,1574217805.136,10.58443388885922,POINT (-122.165262 37.4436693),android,2.4271634858742823,-0.1349897044115682,-0.17455452817452688
2016,12.0,-9.0,132.42131,1166016886879358,time,2019-11-19T18:43:27-08:00,37.443656,-122.1652402,2.9984713,1574217807.0,1574217806.183,10.584711666636997,POINT (-122.1652402 37.443656),android,2.292173781462714,-0.3095442325860951,-1.2574068591649037
2017,12.0,-10.0,134.73828,1166017884125243,time,2019-11-19T18:43:28-08:00,37.4436407,-122.1652228,2.5528708,1574217808.0,1574217807.151,10.584989444414775,POINT (-122.1652228 37.4436407),android,1.982629548876619,-1.5669510917509988,2.0323810214380584
2018,12.0,-10.0,141.34448,1166018887532169,time,2019-11-19T18:43:29-08:00,37.4436252,-122.1652117,2.1444523,1574217809.0,1574217808.167,10.585267222192552,POINT (-122.1652117 37.4436252),android,0.41567845712562024,0.46542992968705954,-0.3438777100071575
2019,12.012,-8.0,131.74799,1166019884818836,time,2019-11-19T18:43:30-08:00,37.4436241,-122.1652072,1.505965,1574217810.0,1574217809.157,10.58554499997033,POINT (-122.1652072 37.4436241),android,0.8811083868126798,0.12155221967990204,0.11008243190868028
2020,11.845,-9.0,137.55923,1166021178707220,time,2019-11-19T18:43:31-08:00,37.4436226,-122.1651974,1.1804737,1574217811.0,1574217810.446,10.585822777748108,POINT (-122.1651974 37.4436226),android,1.0026606064925818,0.23163465158858232,1.20174697053516
2021,11.724,-8.0,136.52373,1166021866021334,time,2019-11-19T18:43:32-08:00,37.4436316,-122.1651967,1.1399783,1574217812.0,1574217811.128,10.586100555525885,POINT (-122.1651967 37.4436316),android,1.2342952580811641,1.4333816221237423,-1.4006834280862372
2022,11.581,-8.0,97.32833,1166022884004615,time,2019-11-19T18:43:33-08:00,37.4436427,-122.1651966,0.49889284,1574217813.0,1574217812.139,10.586378333303664,POINT (-122.1651966 37.4436427),android,2.6676768802049065,0.03269819403750507,-1.0005312962775115
2023,11.438,-8.0,357.99622,1166023887356177,time,2019-11-19T18:43:34-08:00,37.443666,-122.1652038,1.1930119,1574217814.0,1574217813.158,10.58665611108144,POINT (-122.1652038 37.443666),android,2.7003750742424115,-0.9678331022400064,-0.11534842204176288
2024,11.177,-8.0,343.594,1166024861464250,time,2019-11-19T18:43:35-08:00,37.4436882,-122.1652162,1.7544112,1574217815.0,1574217814.127,10.58693388885922,POINT (-122.1652162 37.4436882),android,1.7325419720024051,-1.0831815242817693,1.2700695838056715
2025,11.177,-7.0,348.5481,1166025887203780,time,2019-11-19T18:43:36-08:00,37.4437037,-122.1652182,1.715142,1574217816.0,1574217815.186,10.587211666636996,POINT (-122.1652182 37.4437037),android,0.6493604477206358,0.1868880595239022,-0.5130331488130189
2026,11.207,-6.0,353.86963,1166026884327478,time,2019-11-19T18:43:37-08:00,37.4437094,-122.1652166,1.2357309,1574217817.0,1574217816.174,10.587489444414775,POINT (-122.1652166 37.4437094),android,0.836248507244538,-0.3261450892891167,0.2447535147272279
2027,11.207,-6.0,357.22046,1166027886619561,time,2019-11-19T18:43:38-08:00,37.4437169,-122.1652159,1.0566888,1574217818.0,1574217817.162,10.587767222192552,POINT (-122.1652159 37.4437169),android,0.5101034179554214,-0.08139157456188878,-0.11192735459981223
2028,11.177,-6.0,13.730404,1166028883560238,time,2019-11-19T18:43:39-08:00,37.4437189,-122.1652107,0.7189506,1574217819.0,1574217818.172,10.58804499997033,POINT (-122.1652107 37.4437189),android,0.4287118433935326,-0.19331892916170101,0.20487790389631721
2029,11.239,-5.0,20.036734,1166029885806435,time,2019-11-19T18:43:40-08:00,37.4437218,-122.1652075,0.5955993,1574217820.0,1574217819.15,10.588322777748107,POINT (-122.1652075 37.4437218),android,0.23539291423183156,0.0115589747346162,-0.07929321812004358
2030,11.205,-6.0,4.7613926,1166030886061643,time,2019-11-19T18:43:41-08:00,37.4437232,-122.1652095,0.3777524,1574217821.0,1574217820.148,10.588600555525886,POINT (-122.1652095 37.4437232),android,0.24695188896644776,-0.06773424338542738,0.15669543808533298
2031,11.205,-6.0,349.554,1166031883950497,time,2019-11-19T18:43:42-08:00,37.4437249,-122.1652113,0.2981836,1574217822.0,1574217821.149,10.588878333303663,POINT (-122.1652113 37.4437249),android,0.17921764558102038,0.0889611946999056,-0.17835414171697855
2032,11.205,-6.0,324.01074,1166032885501382,time,2019-11-19T18:43:43-08:00,37.4437236,-122.1652125,0.12769306,1574217823.0,1574217822.153,10.589156111081442,POINT (-122.1652125 37.4437236),android,0.268178840280926,-0.08939294701707295,0.14428322689625026
2033,11.205,-6.0,225.29181,1166033873235861,time,2019-11-19T18:43:44-08:00,37.4437212,-122.1652128,0.07762711,1574217824.0,1574217823.157,10.589433888859219,POINT (-122.1652128 37.4437212),android,0.17878589326385302,0.0548902798791773,0.04688225571888016
2034,11.32,-6.0,193.10573,1166034897287735,time,2019-11-19T18:43:45-08:00,37.4437196,-122.1652126,0.09981954,1574217825.0,1574217824.169,10.589711666636997,POINT (-122.1652126 37.4437196),android,0.23367617314303032,0.10177253559805746,0.008958112635070764
2035,11.274,-5.0,352.78217,1166035883765287,time,2019-11-19T18:43:46-08:00,37.4437217,-122.1652125,0.050434414,1574217826.0,1574217825.144,10.589989444414774,POINT (-122.1652125 37.4437217),android,0.3354487087410878,0.11073064823312823,-0.12002672590645536
2036,11.32,-5.0,2.9740744,1166036887548985,time,2019-11-19T18:43:47-08:00,37.4437247,-122.1652121,0.17215309,1574217827.0,1574217826.172,10.590267222192553,POINT (-122.1652121 37.4437247),android,0.446179356974216,-0.00929607767332713,-0.20085887927475682
2037,11.32,-5.0,4.2686024,1166037904465234,time,2019-11-19T18:43:48-08:00,37.4437287,-122.1652117,0.29085392,1574217828.0,1574217827.171,10.59054499997033,POINT (-122.1652117 37.4437287),android,0.4368832793008889,-0.21015495694808395,0.23574052558716097
2038,11.274,-5.0,5.600876,1166038864562786,time,2019-11-19T18:43:49-08:00,37.4437326,-122.1652111,0.3580863,1574217829.0,1574217828.139,10.590822777748109,POINT (-122.1652111 37.4437326),android,0.22672832235280493,0.025585568639077017,0.03544258140918716
2039,11.356,-5.0,8.034591,1166039905993671,time,2019-11-19T18:43:50-08:00,37.4437346,-122.1652106,0.28580335,1574217830.0,1574217829.189,10.591100555525886,POINT (-122.1652106 37.4437346),android,0.25231389099188195,0.061028150048264174,0.1816745297011726
2040,11.305,-5.0,46.16523,1166040883240025,time,2019-11-19T18:43:51-08:00,37.4437324,-122.1652099,0.06950454,1574217831.0,1574217830.158,10.591378333303663,POINT (-122.1652099 37.4437324),android,0.3133420410401461,0.24270267974943677,-0.5185260966434826
2041,11.356,-5.0,159.75775,1166042146373930,time,2019-11-19T18:43:52-08:00,37.4437296,-122.1652095,0.11209158,1574217832.0,1574217831.421,10.591656111081441,POINT (-122.1652095 37.4437296),android,0.5560447207895829,-0.2758234168940459,0.11876919919552431
2042,11.305,-6.0,176.33974,1166042869084451,time,2019-11-19T18:43:53-08:00,37.4437246,-122.1652096,0.3101239,1574217833.0,1574217832.152,10.591933888859218,POINT (-122.1652096 37.4437246),android,0.280221303895537,-0.15705421769852157,0.1795148917273111
2043,11.356,-6.0,180.4091,1166043892034919,time,2019-11-19T18:43:54-08:00,37.4437221,-122.16521,0.2920223,1574217834.0,1574217833.169,10.592211666636997,POINT (-122.16521 37.4437221),android,0.12316708619701545,0.022460674028789526,-0.017241625295183013
2044,11.337,-5.0,195.21788,1166044925641169,time,2019-11-19T18:43:55-08:00,37.4437231,-122.1652106,0.10242592,1574217835.0,1574217834.221,10.592489444414774,POINT (-122.1652106 37.4437231),android,0.14562776022580498,0.005219048733606513,-0.10821141633203404
2045,11.289,-5.0,288.57043,1166045807527158,time,2019-11-19T18:43:56-08:00,37.4437244,-122.1652108,0.023216387,1574217836.0,1574217835.081,10.592767222192553,POINT (-122.1652108 37.4437244),android,0.1508468089594115,-0.10299236759842753,0.16963778263453547
2046,11.337,-5.0,319.59473,1166047159294865,time,2019-11-19T18:43:57-08:00,37.4437255,-122.1652118,0.07192369,1574217837.0,1574217836.425,10.59304499997033,POINT (-122.1652118 37.4437255),android,0.04785444136098397,0.06664541503610794,-0.52833855837067
2047,11.337,-5.0,323.5373,1166047878800698,time,2019-11-19T18:43:58-08:00,37.4437259,-122.165212,0.06801218,1574217838.0,1574217837.165,10.593322777748108,POINT (-122.165212 37.4437259),android,0.1144998563970919,-0.4616931433345621,1.9735524641379754
2048,11.403,-5.0,324.0723,1166049067000000,time,2019-11-19T18:43:58.248000-08:00,37.4437261,-122.1652122,0.043157607,1574217838.248,1574217839.073,10.593391666611035,POINT (-122.1652122 37.4437261),android,0.0,0.027747683323278694,-0.04985963606569147
2049,11.289,-5.0,323.93204,1166048880590385,time,2019-11-19T18:43:59-08:00,37.4437261,-122.1652122,0.04894739,1574217839.0,1574217838.176,10.593600555525885,POINT (-122.1652122 37.4437261),android,0.020866260452406363,-0.009746767658007015,0.007455605121120366
2050,11.203,-5.0,330.80267,1166049912800385,time,2019-11-19T18:44:00-08:00,37.443726,-122.165212,0.020351097,1574217840.0,1574217839.16,10.593878333303664,POINT (-122.165212 37.443726),android,0.011119492794399348,-0.002291162536886649,-0.00653716772062605
2051,11.07,-5.0,344.2567,1166050881241426,time,2019-11-19T18:44:01-08:00,37.4437261,-122.165212,0.012816529,1574217841.0,1574217840.145,10.59415611108144,POINT (-122.165212 37.4437261),android,0.0088283302575127,-0.0088283302575127,0.05001163981272989
2052,11.06,-5.0,357.12543,1166051887427468,time,2019-11-19T18:44:02-08:00,37.4437261,-122.1652119,0.0070808455,1574217842.0,1574217841.165,10.59443388885922,POINT (-122.1652119 37.4437261),android,0.0,0.041183309555217186,-0.13729860539344785
2053,11.07,-5.0,8.777749,1166052891541842,time,2019-11-19T18:44:03-08:00,37.4437261,-122.1652119,0.006222477,1574217843.0,1574217842.153,10.594711666636996,POINT (-122.1652119 37.4437261),android,0.041183309555217186,-0.09611529583823065,0.3507354937048978
2054,11.099,-5.0,91.35849,1166054089000000,time,2019-11-19T18:44:03.270000-08:00,37.443726,-122.1652119,0.0011731602,1574217843.27,1574217844.104,10.594786666631698,POINT (-122.1652119 37.443726),android,0.015232181512148689,-0.0014167192276568917,0.015268442498027923
2055,11.07,-5.0,46.827724,1166053889188509,time,2019-11-19T18:44:04-08:00,37.4437261,-122.1652119,0.0015961735,1574217844.0,1574217843.147,10.594989444414775,POINT (-122.1652119 37.4437261),android,0.014197976448937383,0.00972924408712592,-0.033656464623189226
2056,11.266,-5.0,221.80768,1166054944007102,time,2019-11-19T18:44:05-08:00,37.443726,-122.165212,0.005606345,1574217845.0,1574217844.2,10.595267222192552,POINT (-122.165212 37.443726),android,0.023927220536063304,-0.023927220536063304,0.035046712540375176
2057,11.432,-5.0,211.24979,1166056136988038,time,2019-11-19T18:44:06-08:00,37.4437258,-122.1652121,0.009139284,1574217846.0,1574217845.394,10.59554499997033,POINT (-122.1652121 37.4437258),android,0.0,0.011119492004311874,0.07467553469250343
2058,11.513,-5.0,220.93463,1166056886279340,time,2019-11-19T18:44:07-08:00,37.4437258,-122.1652121,0.0063874857,1574217847.0,1574217846.145,10.595822777748108,POINT (-122.1652121 37.4437258),android,0.011119492004311874,0.08579502669681531,-0.3480220580796585
2059,11.599,-5.0,236.0855,1166057907271163,time,2019-11-19T18:44:08-08:00,37.4437259,-122.1652121,0.0032171896,1574217848.0,1574217847.166,10.596100555525886,POINT (-122.1652121 37.4437259),android,0.09691451870112719,-0.2622270313828432,0.9135352471879205
2060,11.653,-5.0,223.72258,1166059112000000,time,2019-11-19T18:44:08.293000-08:00,37.4437257,-122.1652123,0.009917899,1574217848.293,1574217849.129,10.596181944410006,POINT (-122.1652123 37.4437257),android,0.020082003007379456,0.00543878036134564,-0.012022265205809554
2061,11.513,-5.0,224.51126,1166058887391318,time,2019-11-19T18:44:09-08:00,37.4437258,-122.1652122,0.009004643,1574217849.0,1574217848.173,10.596378333303663,POINT (-122.1652122 37.4437258),android,0.023927220816213676,-0.003060961345537575,-0.0036073208667528594
2062,11.559,-5.0,212.65607,1166059878724860,time,2019-11-19T18:44:10-08:00,37.4437256,-122.1652123,0.01123779,1574217850.0,1574217849.197,10.596656111081442,POINT (-122.1652123 37.4437256),android,0.0208662594706761,-0.0066682822122904346,0.010126966841503552
2063,11.559,-5.0,113.56227,1166060877533036,time,2019-11-19T18:44:11-08:00,37.4437257,-122.1652121,0.0038842885,1574217851.0,1574217850.163,10.596933888859219,POINT (-122.1652121 37.4437257),android,0.014197977258385666,0.0034586846292131174,0.04679129967339964
2064,11.559,-5.0,117.03084,1166061871776421,time,2019-11-19T18:44:12-08:00,37.4437256,-122.165212,0.009657393,1574217852.0,1574217851.166,10.597211666636996,POINT (-122.165212 37.4437256),android,0.017656661887598783,0.05024998430261276,-0.17461459469810076
2065,11.559,-5.0,112.15245,1166062866216942,time,2019-11-19T18:44:13-08:00,37.4437256,-122.1652118,0.011195156,1574217853.0,1574217852.142,10.597489444414775,POINT (-122.1652118 37.4437256),android,0.06790664619021154,-0.124364610395488,0.3168103543298501
2066,11.957,-5.0,86.70612,1166064242000000,time,2019-11-19T18:44:13.423000-08:00,37.4437257,-122.1652115,0.015700914,1574217853.423,1574217854.159,10.597606944441795,POINT (-122.1652115 37.4437257),android,0.015300403895379965,0.009646200303696183,-0.052881223535504736
2067,11.559,-5.0,89.63718,1166063876898504,time,2019-11-19T18:44:14-08:00,37.4437257,-122.1652116,0.015555279,1574217854.0,1574217853.146,10.597767222192552,POINT (-122.1652116 37.4437257),android,0.020866260532280648,-0.020866260532280648,0.04310524612107934
2068,12.124,-5.0,94.42389,1166064889616160,time,2019-11-19T18:44:15-08:00,37.4437256,-122.1652114,0.013400451,1574217855.0,1574217854.21,10.59804499997033,POINT (-122.1652114 37.4437256),android,0.0,0.022238985588798697,-0.02055075064153409
2069,12.291,-5.0,101.319595,1166065887206368,time,2019-11-19T18:44:16-08:00,37.4437256,-122.1652114,0.008925179,1574217856.0,1574217855.179,10.598322777748107,POINT (-122.1652114 37.4437256),android,0.022238985588798697,0.0016882349472646073,-0.014495962688928563
2070,12.291,-5.0,30.160385,1166066880136003,time,2019-11-19T18:44:17-08:00,37.4437258,-122.1652114,0.008719885,1574217857.0,1574217856.16,10.598600555525886,POINT (-122.1652114 37.4437258),android,0.023927220536063304,-0.012807727741663956,0.0016882349472646073
2071,12.291,-5.0,23.917448,1166067876698450,time,2019-11-19T18:44:18-08:00,37.443726,-122.1652113,0.015634673,1574217858.0,1574217857.143,10.598878333303663,POINT (-122.1652113 37.443726),android,0.011119492794399348,-0.011119492794399348,0.019947824306493306
2072,12.457,-5.0,27.651728,1166068877558971,time,2019-11-19T18:44:19-08:00,37.4437261,-122.1652113,0.01186673,1574217859.0,1574217858.153,10.599156111081442,POINT (-122.1652113 37.4437261),android,0.0,0.00882833151209396,-0.00882833276667522
2073,11.666,-5.0,21.821554,1166069879657043,time,2019-11-19T18:44:20-08:00,37.4437261,-122.1652113,0.009814714,1574217860.0,1574217859.147,10.599433888859219,POINT (-122.1652113 37.4437261),android,0.00882833151209396,-1.2545812600600614e-09,0.0053696482261071255
2074,11.428,-5.0,338.6599,1166070788000064,time,2019-11-19T18:44:21-08:00,37.4437261,-122.1652114,0.00691429,1574217861.0,1574217860.053,10.599711666636997,POINT (-122.1652114 37.4437261),android,0.0088283302575127,0.0053696469715258655,-0.008448131406165082
2075,11.428,-5.0,275.18567,1166071860019334,time,2019-11-19T18:44:22-08:00,37.4437261,-122.1652115,0.0046011433,1574217862.0,1574217861.137,10.599989444414774,POINT (-122.1652115 37.4437261),android,0.014197977229038565,-0.0030784844346392164,0.0030784844346392164
2076,11.571,-5.0,252.41661,1166072867484386,time,2019-11-19T18:44:23-08:00,37.443726,-122.1652116,0.006806919,1574217863.0,1574217862.176,10.600267222192553,POINT (-122.1652116 37.443726),android,0.011119492794399348,0.0,-0.011119492794399348
2077,11.571,-5.0,273.894,1166073867589594,time,2019-11-19T18:44:24-08:00,37.4437261,-122.1652116,0.0055599897,1574217864.0,1574217863.142,10.60054499997033,POINT (-122.1652116 37.4437261),android,0.011119492794399348,-0.011119492794399348,0.019947824294694095
2078,11.571,-5.0,317.11795,1166074869836469,time,2019-11-19T18:44:25-08:00,37.4437262,-122.1652116,0.005533188,1574217865.0,1574217864.157,10.600822777748109,POINT (-122.1652116 37.4437262),android,0.0,0.008828331500294747,-0.0034586865663256573
2079,11.833,-5.0,4.8764443,1166075877431833,time,2019-11-19T18:44:26-08:00,37.4437262,-122.1652116,0.0045321714,1574217866.0,1574217865.137,10.601100555525885,POINT (-122.1652116 37.4437262),android,0.008828331500294747,0.005369644933969089,0.004359599146062836
2080,11.666,-5.0,35.150585,1166077151282092,time,2019-11-19T18:44:27-08:00,37.4437262,-122.1652115,0.0033110864,1574217867.0,1574217866.424,10.601378333303664,POINT (-122.1652115 37.4437262),android,0.014197976434263836,0.009729244080031925,-0.022536971799928338
2081,11.666,-5.0,54.373283,1166077868072248,time,2019-11-19T18:44:28-08:00,37.4437263,-122.1652114,0.00747503,1574217868.0,1574217867.153,10.601656111081441,POINT (-122.1652114 37.4437263),android,0.02392722051429576,-0.012807727719896413,0.01588621211051498
2082,11.714,-5.0,27.690182,1166078848693029,time,2019-11-19T18:44:29-08:00,37.4437265,-122.1652113,0.014400779,1574217869.0,1574217868.106,10.60193388885922,POINT (-122.1652113 37.4437265),android,0.011119492794399348,0.0030784843906185664,-0.017276461575636483
2083,11.6,-5.0,12.476293,1166079870087508,time,2019-11-19T18:44:30-08:00,37.4437266,-122.1652113,0.01310852,1574217870.0,1574217869.167,10.602211666636997,POINT (-122.1652113 37.4437266),android,0.014197977185017915,-0.014197977185017915,0.025317469979417265
2084,11.833,-5.0,3.4400465,1166080877441153,time,2019-11-19T18:44:31-08:00,37.4437267,-122.1652114,0.009619005,1574217871.0,1574217870.125,10.602489444414774,POINT (-122.1652114 37.4437267),android,0.0,0.011119492794399348,-0.022238985588798697
2085,11.857,-5.0,357.48538,1166081891435997,time,2019-11-19T18:44:32-08:00,37.4437267,-122.1652114,0.0054602916,1574217872.0,1574217871.176,10.602767222192552,POINT (-122.1652114 37.4437267),android,0.011119492794399348,-0.011119492794399348,0.01994782299291599
2086,12.0,-5.0,348.61554,1166082878599382,time,2019-11-19T18:44:33-08:00,37.4437266,-122.1652114,0.0025078715,1574217873.0,1574217872.156,10.60304499997033,POINT (-122.1652114 37.4437266),android,0.0,0.008828330198516641,-0.006537167602633934
2087,11.833,-5.0,320.17587,1166083878925319,time,2019-11-19T18:44:34-08:00,37.4437266,-122.1652114,0.00072498707,1574217874.0,1574217873.149,10.603322777748108,POINT (-122.1652114 37.4437266),android,0.008828330198516641,0.002291162595882707,-0.002291162595882707
2088,11.8,-5.0,265.68335,1166084881008547,time,2019-11-19T18:44:35-08:00,37.4437266,-122.1652115,0.0025927844,1574217875.0,1574217874.188,10.603600555525885,POINT (-122.1652115 37.4437266),android,0.011119492794399348,0.0,-0.011119492794399348
2089,11.833,-5.0,308.75595,1166085878427349,time,2019-11-19T18:44:36-08:00,37.4437267,-122.1652115,0.0036793693,1574217876.0,1574217875.154,10.603878333303664,POINT (-122.1652115 37.4437267),android,0.011119492794399348,-0.011119492794399348,0.011119492794399348
2090,11.857,-5.0,341.65408,1166086881122140,time,2019-11-19T18:44:37-08:00,37.4437268,-122.1652115,0.0062947767,1574217877.0,1574217876.152,10.60415611108144,POINT (-122.1652115 37.4437268),android,0.0,0.0,0.011119492794399348
2091,11.857,-5.0,349.15643,1166087875865786,time,2019-11-19T18:44:38-08:00,37.4437268,-122.1652115,0.0059726904,1574217878.0,1574217877.116,10.60443388885922,POINT (-122.1652115 37.4437268),android,0.0,0.011119492794399348,-0.022238985588798697
2092,12.0,-5.0,344.2648,1166088877861983,time,2019-11-19T18:44:39-08:00,37.4437268,-122.1652115,0.002220042,1574217879.0,1574217878.174,10.604711666636996,POINT (-122.1652115 37.4437268),android,0.011119492794399348,-0.011119492794399348,0.022238985588798697
2093,12.4,-5.0,305.78036,1166089881612139,time,2019-11-19T18:44:40-08:00,37.4437267,-122.1652115,0.00033120395,1574217880.0,1574217879.151,10.604989444414775,POINT (-122.1652115 37.4437267),android,0.0,0.011119492794399348,-0.022238985588798697
2094,12.571,-5.0,184.80368,1166090877638337,time,2019-11-19T18:44:41-08:00,37.4437267,-122.1652115,0.0007603874,1574217881.0,1574217880.146,10.605267222192552,POINT (-122.1652115 37.4437267),android,0.011119492794399348,-0.011119492794399348,0.022238985588798697
2095,12.833,-5.0,179.74837,1166091881421409,time,2019-11-19T18:44:42-08:00,37.4437266,-122.1652115,0.0029770103,1574217882.0,1574217881.151,10.60554499997033,POINT (-122.1652115 37.4437266),android,0.0,0.011119492794399348,-0.022238985588798697
2096,13.0,-5.0,179.51718,1166092908286721,time,2019-11-19T18:44:43-08:00,37.4437266,-122.1652115,0.005573504,1574217883.0,1574217882.165,10.605822777748108,POINT (-122.1652115 37.4437266),android,0.011119492794399348,-0.011119492794399348,0.022238984798711222
2097,13.0,-5.0,179.46358,1166093877514638,time,2019-11-19T18:44:44-08:00,37.4437265,-122.1652115,0.0057125357,1574217884.0,1574217883.154,10.606100555525886,POINT (-122.1652115 37.4437265),android,0.0,0.011119492004311874,-0.013410652531927428
2098,13.0,-5.0,179.43378,1166094950384064,time,2019-11-19T18:44:45-08:00,37.4437265,-122.1652115,0.004616716,1574217885.0,1574217884.231,10.606378333303663,POINT (-122.1652115 37.4437265),android,0.011119492004311874,-0.002291160527615554,-0.0065371709490807655
2099,13.0,-5.0,179.62535,1166095878356877,time,2019-11-19T18:44:46-08:00,37.4437264,-122.1652115,0.0052531348,1574217886.0,1574217885.149,10.606656111081442,POINT (-122.1652115 37.4437264),android,0.00882833147669632,-0.00882833147669632,0.02302630805761148
2100,12.833,-5.0,202.1798,1166097121868491,time,2019-11-19T18:44:47-08:00,37.4437264,-122.1652116,0.0048718285,1574217887.0,1574217886.387,10.606933888859219,POINT (-122.1652116 37.4437264),android,0.0,0.01419797658091516,-0.02839595316183032
2101,12.714,-5.0,243.01816,1166097877913334,time,2019-11-19T18:44:48-08:00,37.4437264,-122.1652116,0.0025749668,1574217888.0,1574217887.192,10.607211666636998,POINT (-122.1652116 37.4437264),android,0.01419797658091516,-0.01419797658091516,0.028395953773269852
2102,12.5,-5.0,15.031479,1166098888716042,time,2019-11-19T18:44:49-08:00,37.4437265,-122.1652115,0.0010235072,1574217889.0,1574217888.145,10.607489444414774,POINT (-122.1652115 37.4437265),android,0.0,0.01419797719235469,-0.01727646159031003
2103,12.428,-5.0,15.757451,1166099804529167,time,2019-11-19T18:44:50-08:00,37.4437265,-122.1652115,0.0047042794,1574217890.0,1574217889.077,10.607767222192553,POINT (-122.1652115 37.4437265),android,0.01419797719235469,-0.0030784843979553417,0.0007873217902734219
2104,12.142,-5.0,349.23526,1166100877673125,time,2019-11-19T18:44:51-08:00,37.4437266,-122.1652116,0.0049096313,1574217891.0,1574217890.134,10.60804499997033,POINT (-122.1652116 37.4437266),android,0.011119492794399348,-0.0022911626076819198,-0.006537167579035509
2105,12.0,-5.0,343.462,1166102185739634,time,2019-11-19T18:44:52-08:00,37.4437267,-122.1652116,0.0060733827,1574217892.0,1574217891.452,10.608322777748107,POINT (-122.1652116 37.4437267),android,0.008828330186717429,-0.008828330186717429,0.017656660373434857
2106,11.857,-5.0,323.13733,1166102861787394,time,2019-11-19T18:44:53-08:00,37.4437267,-122.1652117,0.0064497204,1574217893.0,1574217892.136,10.608600555525886,POINT (-122.1652117 37.4437267),android,0.0,0.008828330186717429,-0.008828328932136177
2107,11.714,-5.0,312.7543,1166103864867134,time,2019-11-19T18:44:54-08:00,37.4437267,-122.1652117,0.0051192786,1574217894.0,1574217893.141,10.608878333303663,POINT (-122.1652117 37.4437267),android,0.008828330186717429,1.254581251386444e-09,-2.509162502772888e-09
2108,11.428,-5.0,357.06714,1166104803580050,time,2019-11-19T18:44:55-08:00,37.4437267,-122.1652116,0.0018259755,1574217895.0,1574217894.078,10.609156111081441,POINT (-122.1652116 37.4437267),android,0.00882833144129868,-1.254581251386444e-09,0.0053696482528817376
2109,10.666,-5.0,84.14554,1166105890753851,time,2019-11-19T18:44:56-08:00,37.4437267,-122.1652115,0.0065014153,1574217896.0,1574217895.164,10.609433888859218,POINT (-122.1652115 37.4437267),android,0.008828330186717429,0.005369646998300486,-0.008448131388919053
2110,10.571,-5.0,88.86956,1166106874684893,time,2019-11-19T18:44:57-08:00,37.4437267,-122.1652114,0.0069067264,1574217897.0,1574217896.165,10.609711666636997,POINT (-122.1652114 37.4437267),android,0.014197977185017915,-0.0030784843906185664,0.0030784843906185664
2111,10.333,-5.0,112.441414,1166107881452809,time,2019-11-19T18:44:58-08:00,37.4437266,-122.1652113,0.008181301,1574217898.0,1574217897.143,10.609989444414774,POINT (-122.1652113 37.4437266),android,0.011119492794399348,0.0,0.11402950632147969
2112,10.333,-5.0,94.79949,1166108886738746,time,2019-11-19T18:44:59-08:00,37.4437267,-122.1652113,0.0057501583,1574217899.0,1574217898.175,10.610267222192553,POINT (-122.1652113 37.4437267),android,0.011119492794399348,0.11402950632147969,-0.17187997926103457
2113,10.4,-5.0,25.89217,1166109818350517,time,2019-11-19T18:45:00-08:00,37.4437268,-122.1652113,0.007932834,1574217900.0,1574217899.083,10.61054499997033,POINT (-122.1652113 37.4437268),android,0.12514899911587904,-0.05785047293955488,0.023910425146428764
2114,10.285,-5.0,350.87097,1166110882021089,time,2019-11-19T18:45:01-08:00,37.4437279,-122.1652116,0.05908752,1574217901.0,1574217900.151,10.610822777748108,POINT (-122.1652116 37.4437279),android,0.06729852617632416,-0.033940047793126114,0.01477954565343579
2115,10.333,-5.0,350.74866,1166111884281922,time,2019-11-19T18:45:02-08:00,37.4437285,-122.1652117,0.063165024,1574217902.0,1574217901.171,10.611100555525885,POINT (-122.1652117 37.4437285),android,0.03335847838319805,-0.019160502139690325,0.09777747277364525
2116,10.0,-5.0,353.7078,1166112881880984,time,2019-11-19T18:45:03-08:00,37.4437288,-122.1652117,0.051159687,1574217903.0,1574217902.155,10.611378333303664,POINT (-122.1652117 37.4437288),android,0.014197976243507722,0.07861697063395492,-0.07861697091114654
2117,9.857,-5.0,355.11142,1166113884434578,time,2019-11-19T18:45:04-08:00,37.4437289,-122.1652116,0.031779796,1574217904.0,1574217903.143,10.611656111081441,POINT (-122.1652116 37.4437289),android,0.09281494687746265,-2.771916168819999e-10,-0.06888772557216837
2118,9.4,-5.0,142.54935,1166114837339473,time,2019-11-19T18:45:05-08:00,37.4437281,-122.1652113,0.01980765,1574217905.0,1574217904.089,10.61193388885922,POINT (-122.1652113 37.4437281),android,0.09281494660027104,-0.06888772584935998,0.05378883649255075
2119,9.285,-5.0,160.22942,1166115881567337,time,2019-11-19T18:45:06-08:00,37.4437273,-122.165211,0.044725224,1574217906.0,1574217905.163,10.612211666636997,POINT (-122.165211 37.4437273),android,0.02392722075091106,-0.015098889356809234,0.03962903634590545
2120,9.142,-5.0,156.1173,1166116884025618,time,2019-11-19T18:45:07-08:00,37.4437271,-122.1652109,0.03281489,1574217907.0,1574217906.165,10.612489444414775,POINT (-122.1652109 37.4437271),android,0.008828331394101828,0.024530146989096217,-0.03564963978349557
2121,9.0,-5.0,145.98734,1166118141482076,time,2019-11-19T18:45:08-08:00,37.4437271,-122.1652108,0.01885931,1574217908.0,1574217907.421,10.612767222192552,POINT (-122.1652108 37.4437271),android,0.03335847838319805,-0.01111949279439935,0.01280772720040298
2122,9.0,-5.0,60.921448,1166118885750930,time,2019-11-19T18:45:09-08:00,37.4437274,-122.1652108,0.0062856604,1574217909.0,1574217908.17,10.613044999970331,POINT (-122.1652108 37.4437274),android,0.022238985588798697,0.0016882344060036303,-0.0033764688120072606
2123,9.0,-5.0,22.79294,1166119874169940,time,2019-11-19T18:45:10-08:00,37.4437276,-122.1652108,0.010943458,1574217910.0,1574217909.129,10.613322777748108,POINT (-122.1652108 37.4437276),android,0.023927219994802327,-0.0016882344060036303,-0.020550751182795066
2124,9.0,-5.0,20.063103,1166120883099575,time,2019-11-19T18:45:11-08:00,37.4437278,-122.1652107,0.014042624,1574217911.0,1574217910.143,10.613600555525887,POINT (-122.1652107 37.4437278),android,0.022238985588798697,-0.022238985588798697,0.04616620676342599
2125,9.0,-5.0,13.942207,1166121894976918,time,2019-11-19T18:45:12-08:00,37.443728,-122.1652107,0.016626067,1574217912.0,1574217911.164,10.613878333303663,POINT (-122.1652107 37.443728),android,0.0,0.02392722117462729,-0.023927222380573297
2126,9.0,-5.0,11.4994135,1166122882940928,time,2019-11-19T18:45:13-08:00,37.443728,-122.1652107,0.013558958,1574217913.0,1574217912.167,10.61415611108144,POINT (-122.1652107 37.443728),android,0.02392722117462729,-1.2059460062496807e-09,-0.0016882331739365812
2127,9.0,-5.0,12.2391205,1166123887604313,time,2019-11-19T18:45:14-08:00,37.4437282,-122.1652106,0.017554503,1574217914.0,1574217913.17,10.61443388885922,POINT (-122.1652106 37.4437282),android,0.023927219968681284,-0.0016882343798825875,-0.00943125841451676
2128,9.0,-5.0,17.378387,1166124873129105,time,2019-11-19T18:45:15-08:00,37.4437284,-122.1652105,0.018011663,1574217915.0,1574217914.143,10.614711666636996,POINT (-122.1652105 37.4437284),android,0.022238985588798697,-0.011119492794399348,0.008828329950733188
2129,9.0,-5.0,14.346052,1166125789019677,time,2019-11-19T18:45:16-08:00,37.4437286,-122.1652105,0.019390278,1574217916.0,1574217915.071,10.614989444414775,POINT (-122.1652105 37.4437286),android,0.011119492794399348,-0.0022911628436661606,0.007660809931215382
2130,9.0,-5.0,12.791418,1166126874741239,time,2019-11-19T18:45:17-08:00,37.4437287,-122.1652105,0.014961694,1574217917.0,1574217916.135,10.615267222192552,POINT (-122.1652105 37.4437287),android,0.008828329950733188,0.005369647087549221,-0.01956762412583163
2131,9.0,-5.0,36.284473,1166127881913322,time,2019-11-19T18:45:18-08:00,37.4437287,-122.1652104,0.010695857,1574217918.0,1574217917.173,10.61554499997033,POINT (-122.1652104 37.4437287),android,0.014197977038282409,-0.014197977038282409,0.028395953296463678
2132,9.0,-5.0,76.95739,1166128874577489,time,2019-11-19T18:45:19-08:00,37.4437286,-122.1652103,0.0060590003,1574217919.0,1574217918.164,10.615822777748107,POINT (-122.1652103 37.4437286),android,0.0,0.014197976258181269,-0.019567621311048132
2133,9.0,-5.0,75.85492,1166129859397384,time,2019-11-19T18:45:20-08:00,37.4437286,-122.1652103,0.0044348007,1574217920.0,1574217919.108,10.616100555525886,POINT (-122.1652103 37.4437286),android,0.014197976258181269,-0.005369645052866861,0.007660806641951802
2134,9.059,-5.0,62.909992,1166130778340092,time,2019-11-19T18:45:21-08:00,37.4437287,-122.1652102,0.008330204,1574217921.0,1574217920.035,10.616378333303663,POINT (-122.1652102 37.4437287),android,0.008828331205314408,0.0022911615890849404,0.9627579197734656
2135,9.067,-5.0,59.52686,1166131855853477,time,2019-11-19T18:45:22-08:00,37.4437287,-122.1652101,0.0077303373,1574217922.0,1574217921.135,10.616656111081442,POINT (-122.1652101 37.4437287),android,0.011119492794399348,0.9650490813625505,-0.5512657281592104
2136,9.067,-5.0,134.3299,1166132851953372,time,2019-11-19T18:45:23-08:00,37.4437286,-122.1652101,0.0060641766,1574217923.0,1574217922.138,10.616933888859219,POINT (-122.1652101 37.4437286),android,0.9761685741569499,0.41378335320334014,-0.2895350408060091
2137,9.067,-6.0,122.25286,1166133854805924,time,2019-11-19T18:45:24-08:00,37.4437235,-122.1652011,0.7302032,1574217924.0,1574217923.136,10.617211666636997,POINT (-122.1652011 37.4437235),android,1.38995192736029,0.12424831239733103,0.2529144011553528
2138,9.079,-7.0,132.63011,1166134872718632,time,2019-11-19T18:45:25-08:00,37.4437159,-122.1651886,1.2113942,1574217925.0,1574217924.137,10.617489444414774,POINT (-122.1651886 37.4437159),android,1.514200239757621,0.3771627135526838,-0.10435623954279816
2139,9.134,-12.399999618530273,119.595146,1166135793016236,time,2019-11-19T18:45:26-08:00,37.4437074,-122.1651752,1.0549177,1574217926.0,1574217925.044,10.617767222192553,POINT (-122.1651752 37.4437074),android,1.891362953310305,0.27280647400988567,-0.6100219504225668
2140,9.134,-12.399999618530273,121.992065,1166136876324829,time,2019-11-19T18:45:27-08:00,37.443696,-122.1651593,1.3892068,1574217927.0,1574217926.143,10.61804499997033,POINT (-122.1651593 37.443696),android,2.1641694273201906,-0.3372154764126811,2.090754443476729
2141,9.134,-12.399999618530273,129.55351,1166138161155817,time,2019-11-19T18:45:28-08:00,37.443684,-122.16514,1.8159146,1574217928.0,1574217927.421,10.618322777748109,POINT (-122.16514 37.443684),android,1.8269539509075094,1.753538967064048,-1.2590104543022111
2142,9.134,-12.399999618530273,129.04543,1166138867075400,time,2019-11-19T18:45:29-08:00,37.4436722,-122.1651256,2.1584823,1574217929.0,1574217928.135,10.618600555525886,POINT (-122.1651256 37.4436722),android,3.5804929179715574,0.49452851276183685,-1.2331507566754585
2143,9.134,-12.399999618530273,131.88174,1166139886563265,time,2019-11-19T18:45:30-08:00,37.4436459,-122.1651022,2.438911,1574217930.0,1574217929.155,10.618878333303664,POINT (-122.1651022 37.4436459),android,4.075021430733394,-0.7386222439136216,0.7588773544906524
2144,9.0,-12.399999618530273,130.24951,1166140806699150,time,2019-11-19T18:45:31-08:00,37.4436153,-122.1650768,2.7132897,1574217931.0,1574217930.071,10.619156111081441,POINT (-122.1650768 37.4436153),android,3.3363991868197727,0.020255110577030777,0.16299564634169217
2145,9.0,-12.399999618530273,128.48268,1166141887431076,time,2019-11-19T18:45:32-08:00,37.4435936,-122.1650507,2.7863092,1574217932.0,1574217931.147,10.61943388885922,POINT (-122.1650507 37.4435936),android,3.3566542973968034,0.18325075691872295,0.038207531777388226
2146,9.0,-12.399999618530273,128.22522,1166142889942951,time,2019-11-19T18:45:33-08:00,37.4435715,-122.1650248,3.010258,1574217933.0,1574217932.168,10.619711666636997,POINT (-122.1650248 37.4435715),android,3.5399050543155264,0.22145828869611117,-0.44233829234307764
2147,9.0,-12.399999618530273,125.66986,1166143876758836,time,2019-11-19T18:45:34-08:00,37.4435502,-122.164995,3.3078792,1574217934.0,1574217933.166,10.619989444414774,POINT (-122.164995 37.4435502),android,3.7613633430116376,-0.22088000364696647,1.2170482420598066
2148,9.0,-12.399999618530273,125.2192,1166144882430815,time,2019-11-19T18:45:35-08:00,37.443529,-122.1649618,3.4310489,1574217935.0,1574217934.148,10.620267222192552,POINT (-122.1649618 37.443529),android,3.540483339364671,0.9961682384128401,-1.1969440114248582
2149,9.166,-12.399999618530273,125.08241,1166145791706439,time,2019-11-19T18:45:36-08:00,37.4435096,-122.16493,3.5842075,1574217936.0,1574217935.055,10.62054499997033,POINT (-122.16493 37.4435096),android,4.536651577777511,-0.2007757730120181,0.16412685996435084
2150,9.428,-12.399999618530273,124.88625,1166146857473679,time,2019-11-19T18:45:37-08:00,37.4434849,-122.1648891,3.9040437,1574217937.0,1574217936.133,10.620822777748108,POINT (-122.1648891 37.4434849),android,4.335875804765493,-0.036648913047667264,-0.43988924742360824
2151,9.571,-12.399999618530273,121.89158,1166147880793782,time,2019-11-19T18:45:38-08:00,37.4434643,-122.1648474,4.0288396,1574217938.0,1574217937.159,10.621100555525885,POINT (-122.1648474 37.4434643),android,4.299226891717826,-0.4765381604712755,0.6140763112264822
2152,9.714,-12.399999618530273,120.23043,1166148876000345,time,2019-11-19T18:45:39-08:00,37.4434479,-122.1648033,4.113517,1574217939.0,1574217938.142,10.621378333303664,POINT (-122.1648033 37.4434479),android,3.8226887312465503,0.1375381507552067,1.2443713298465124
2153,10.0,-12.399999618530273,114.61574,1166149849819303,time,2019-11-19T18:45:40-08:00,37.4434402,-122.1647611,3.9803636,1574217940.0,1574217939.112,10.62165611108144,POINT (-122.1647611 37.4434402),android,3.960226882001757,1.3819094806017191,-0.9779015566624891
2154,10.764,-12.399999618530273,114.06731,1166150801881177,time,2019-11-19T18:45:41-08:00,37.4434346,-122.1647168,4.180477,1574217941.0,1574217940.11,10.62193388885922,POINT (-122.1647168 37.4434346),android,5.342136362603476,0.40400792393923,0.7934650407314061
2155,10.931,-12.399999618530273,118.22428,1166151880681802,time,2019-11-19T18:45:42-08:00,37.4434103,-122.1646646,4.671277,1574217942.0,1574217941.144,10.622211666636996,POINT (-122.1646646 37.4434103),android,5.746144286542706,1.1974729646706361,-4.057873177545516
2156,11.084,-12.399999618530273,121.7124,1166152857368833,time,2019-11-19T18:45:43-08:00,37.4433787,-122.1646131,5.1705155,1574217943.0,1574217942.136,10.622489444414775,POINT (-122.1646131 37.4433787),android,6.943617251213342,-2.8604002128748798,4.057467927053771
2157,11.598,-12.399999618530273,122.85089,1166154103705967,time,2019-11-19T18:45:44-08:00,37.443341,-122.1645504,5.4891133,1574217944.0,1574217943.381,10.622767222192552,POINT (-122.1645504 37.443341),android,4.0832170383384625,1.1970677141788908,-0.4027649087789005
2158,11.764,-12.399999618530273,117.67369,1166154856647685,time,2019-11-19T18:45:45-08:00,37.4433267,-122.1645078,5.3775434,1574217945.0,1574217944.135,10.62304499997033,POINT (-122.1645078 37.4433267),android,5.280284752517353,0.7943028053999903,0.6545958968382406
2159,11.8,-12.399999618530273,115.99621,1166155854150706,time,2019-11-19T18:45:46-08:00,37.4433094,-122.1644521,5.547824,1574217946.0,1574217945.121,10.623322777748108,POINT (-122.1644521 37.4433094),android,6.074587557917344,1.448898702238231,-0.8527123573903168
2160,11.833,-12.399999618530273,119.4313,1166156802882841,time,2019-11-19T18:45:47-08:00,37.4432828,-122.164392,6.080114,1574217947.0,1574217946.114,10.623600555525886,POINT (-122.164392 37.4432828),android,7.5234862601555745,0.5961863448479141,5.433918375692074
2161,12.0,-12.399999618530273,122.60045,1166157874375809,time,2019-11-19T18:45:48-08:00,37.4432455,-122.1643209,6.6149945,1574217948.0,1574217947.197,10.623878333303663,POINT (-122.1643209 37.4432455),android,8.119672605003489,6.030104720539988,-11.161253052789283
2162,11.857,-12.399999618530273,126.12534,1166158864233413,time,2019-11-19T18:45:49-08:00,37.4431974,-122.1642517,7.2993684,1574217949.0,1574217948.165,10.624156111081442,POINT (-122.1642517 37.4431974),android,14.149777325543477,-5.131148332249294,6.8641995226530295
2163,11.666,-12.399999618530273,133.6171,1166160189221068,time,2019-11-19T18:45:50-08:00,37.4430932,-122.1641597,8.558348,1574217950.0,1574217949.493,10.624433888859219,POINT (-122.1641597 37.4430932),android,9.018628993294183,1.7330511904037351,0.9221719345449095
2164,11.5,-12.399999618530273,132.7772,1166160875642891,time,2019-11-19T18:45:51-08:00,37.4430275,-122.1640998,8.909968,1574217951.0,1574217950.173,10.624711666636998,POINT (-122.1640998 37.4430275),android,10.751680183697918,2.6552231249486447,-4.360341053335567
2165,11.2,-12.399999618530273,131.24782,1166161899164244,time,2019-11-19T18:45:52-08:00,37.4429581,-122.164015,8.936925,1574217952.0,1574217951.162,10.624989444414775,POINT (-122.164015 37.4429581),android,13.406903308646562,-1.7051179283869224,1.2422580790693711
2166,11.0,-12.399999618530273,134.61058,1166162887606640,time,2019-11-19T18:45:53-08:00,37.442859,-122.1639285,9.877811,1574217953.0,1574217952.148,10.625267222192551,POINT (-122.1639285 37.442859),android,11.70178538025964,-0.4628598493175513,0.9231328991804251
2167,11.0,-12.399999618530273,133.75822,1166163885427212,time,2019-11-19T18:45:54-08:00,37.4427774,-122.1638448,9.935737,1574217954.0,1574217953.147,10.62554499997033,POINT (-122.1638448 37.4427774),android,11.238925530942089,0.46027304986287376,-0.4731413829596196
2168,11.0,-12.399999618530273,131.01537,1166164887944191,time,2019-11-19T18:45:55-08:00,37.4427068,-122.1637537,10.027945,1574217955.0,1574217954.154,10.625822777748107,POINT (-122.1637537 37.4427068),android,11.699198580804962,-0.012868333096745843,-1.4876395433431089
2169,11.0,-12.399999618530273,130.25934,1166165885797420,time,2019-11-19T18:45:56-08:00,37.4426324,-122.16366,10.328562,1574217956.0,1574217955.153,10.626100555525886,POINT (-122.16366 37.4426324),android,11.686330247708216,-1.5005078764398547,2.1318637841045938
2170,11.0,-12.399999618530273,128.85197,1166166888827420,time,2019-11-19T18:45:57-08:00,37.442564,-122.1635595,10.566457,1574217957.0,1574217956.155,10.626378333303663,POINT (-122.1635595 37.442564),android,10.185822371268362,0.631355907664739,-3.676617354136245
2171,11.166,-12.399999618530273,126.838165,1166167886195232,time,2019-11-19T18:45:58-08:00,37.4425126,-122.163464,10.290241,1574217958.0,1574217957.178,10.626656111081441,POINT (-122.163464 37.4425126),android,10.8171782789331,-3.045261446471506,4.250248037919896
2172,11.2,-12.399999618530273,124.690186,1166169122205803,time,2019-11-19T18:45:59-08:00,37.4424622,-122.1633592,10.036466,1574217959.0,1574217958.395,10.626933888859218,POINT (-122.1633592 37.4424622),android,7.771916832461595,1.2049865914483897,0.9644489260779823
2173,11.333,-12.399999618530273,122.84665,1166169874428928,time,2019-11-19T18:46:00-08:00,37.4424312,-122.1632803,10.268315,1574217960.0,1574217959.159,10.627211666636997,POINT (-122.1632803 37.4424312),android,8.976903423909985,2.169435517526372,1.2079777153991405
2174,11.5,-12.399999618530273,119.82522,1166170872109136,time,2019-11-19T18:46:01-08:00,37.4424016,-122.1631857,9.853756,1574217961.0,1574217960.14,10.627489444414774,POINT (-122.1631857 37.4424016),android,11.146338941436357,3.3774132329255124,-5.9237674136736995
2175,11.8,-12.399999618530273,122.05909,1166171895208927,time,2019-11-19T18:46:02-08:00,37.4423469,-122.1630799,10.65948,1574217962.0,1574217961.188,10.627767222192553,POINT (-122.1630799 37.4423469),android,14.523752174361869,-2.546354180748187,3.2553673670560546
2176,12.0,-12.399999618530273,127.09516,1166173052626896,time,2019-11-19T18:46:03-08:00,37.4422563,-122.1629614,11.695284,1574217963.0,1574217962.309,10.62804499997033,POINT (-122.1629614 37.4422563),android,11.977397993613682,0.7090131863078675,2.834141331994502
2177,12.166,-12.399999618530273,128.15399,1166173892282051,time,2019-11-19T18:46:04-08:00,37.4421814,-122.1628639,12.415057,1574217964.0,1574217963.194,10.628322777748108,POINT (-122.1628639 37.4421814),android,12.68641117992155,3.5431545183023694,-3.612054828717735
2178,12.333,-12.399999618530273,125.80412,1166174792294343,time,2019-11-19T18:46:05-08:00,37.4421178,-122.1627446,12.790441,1574217965.0,1574217964.092,10.628600555525885,POINT (-122.1627446 37.4421178),android,16.22956569822392,-0.0689003104153656,-1.72676434680446
2179,12.2,-12.399999618530273,127.250046,1166175872229082,time,2019-11-19T18:46:06-08:00,37.4420221,-122.1626058,13.4727,1574217966.0,1574217965.147,10.628878333303664,POINT (-122.1626058 37.4420221),android,16.160665387808553,-1.7956646572198256,2.7526340200844235
2180,12.0,-12.399999618530273,125.625336,1166177124579602,time,2019-11-19T18:46:07-08:00,37.4419396,-122.1624551,13.36885,1574217967.0,1574217966.408,10.629156111081441,POINT (-122.1624551 37.4419396),android,14.365000730588728,0.9569693628645979,-1.3743723766612401
2181,11.833,-12.399999618530273,129.06578,1166177894521425,time,2019-11-19T18:46:08-08:00,37.4418439,-122.1623458,14.570897,1574217968.0,1574217967.171,10.62943388885922,POINT (-122.1623458 37.4418439),android,15.321970093453325,-0.41740301379664224,0.6991570314345665
2182,11.5,-12.399999618530273,127.6919,1166178873001372,time,2019-11-19T18:46:09-08:00,37.441758,-122.1622101,14.717678,1574217969.0,1574217968.145,10.629711666636997,POINT (-122.1622101 37.441758),android,14.904567079656683,0.2817540176379243,1.4862712197310763
2183,11.0,-12.399999618530273,124.08815,1166179876794705,time,2019-11-19T18:46:10-08:00,37.4416907,-122.1620641,14.621916,1574217970.0,1574217969.156,10.629989444414775,POINT (-122.1620641 37.4416907),android,15.186321097294607,1.7680252373690006,-5.9292989630143715
2184,11.2,-12.399999618530273,124.242355,1166180894158663,time,2019-11-19T18:46:11-08:00,37.4416127,-122.1619229,14.744701,1574217971.0,1574217970.164,10.630267222192552,POINT (-122.1619229 37.4416127),android,16.954346334663608,-4.161273725645371,8.013824064719252
2185,11.4,-12.399999618530273,123.38998,1166182171027568,time,2019-11-19T18:46:12-08:00,37.4415302,-122.1617614,14.499855,1574217972.0,1574217971.412,10.630544999970331,POINT (-122.1617614 37.4415302),android,12.793072609018237,3.852550339073881,-3.8298574052102072
2186,11.5,-12.399999618530273,125.16932,1166182886785016,time,2019-11-19T18:46:13-08:00,37.4414554,-122.1616513,15.468472,1574217973.0,1574217972.155,10.630822777748108,POINT (-122.1616513 37.4414554),android,16.645622948092118,0.02269293386367366,2.1163992619421634
2187,11.8,-12.399999618530273,124.36522,1166183886933505,time,2019-11-19T18:46:14-08:00,37.4413704,-122.1614961,15.924123,1574217974.0,1574217973.16,10.631100555525885,POINT (-122.1614961 37.4413704),android,16.66831588195579,2.139092195805837,-6.871105286022209
2188,11.833,-12.399999618530273,123.802185,1166184870531421,time,2019-11-19T18:46:15-08:00,37.4412875,-122.1613388,16.267527,1574217975.0,1574217974.149,10.631378333303664,POINT (-122.1613388 37.4412875),android,18.80740807776163,-4.7320130902163715,7.986012089695105
2189,12.0,-12.399999618530273,122.00038,1166186118710952,time,2019-11-19T18:46:16-08:00,37.4412024,-122.1611547,15.974743,1574217976.0,1574217975.381,10.63165611108144,POINT (-122.1611547 37.4412024),android,14.075394987545257,3.2539989994787337,-3.1971766282954395
2190,12.0,-12.399999618530273,122.70476,1166186900129389,time,2019-11-19T18:46:17-08:00,37.4411289,-122.1610249,16.586845,1574217977.0,1574217976.208,10.63193388885922,POINT (-122.1610249 37.4411289),android,17.32939398702399,0.05682237118329425,-0.9056424485345538
2191,12.0,-12.399999618530273,122.96456,1166187887018451,time,2019-11-19T18:46:18-08:00,37.4410409,-122.1608629,16.946882,1574217978.0,1574217977.169,10.632211666636996,POINT (-122.1608629 37.4410409),android,17.386216358207285,-0.8488200773512595,2.1897364552634215
2192,12.0,-12.399999618530273,122.17944,1166188887255170,time,2019-11-19T18:46:19-08:00,37.4409605,-122.160694,17.099663,1574217979.0,1574217978.164,10.632489444414775,POINT (-122.160694 37.4409605),android,16.537396280856026,1.340916377912162,1.2747513077374002
2193,11.8,-12.399999618530273,120.76876,1166189879915065,time,2019-11-19T18:46:20-08:00,37.4408901,-122.160529,17.028152,1574217980.0,1574217979.159,10.632767222192552,POINT (-122.160529 37.4408901),android,17.878312658768188,2.615667685649562,-2.897118864070059
2194,11.666,-12.399999618530273,121.56924,1166190866886575,time,2019-11-19T18:46:21-08:00,37.4408036,-122.1603583,17.502598,1574217981.0,1574217980.16,10.63304499997033,POINT (-122.1603583 37.4408036),android,20.49398034441775,-0.2814511784204967,-1.376067207896849
2195,11.666,-12.399999618530273,124.165184,1166191891594335,time,2019-11-19T18:46:22-08:00,37.4406888,-122.1601767,18.41496,1574217982.0,1574217981.157,10.633322777748107,POINT (-122.1601767 37.4406888),android,20.212529165997253,-1.6575183863173457,4.81194346933076
2196,11.6,-12.399999618530273,125.0333,1166192887390272,time,2019-11-19T18:46:23-08:00,37.4405778,-122.1599954,18.973116,1574217983.0,1574217982.162,10.633600555525886,POINT (-122.1599954 37.4405778),android,18.555010779679908,3.1544250830134146,-10.457878270719602
2197,11.6,-12.399999618530273,123.9208,1166193887759751,time,2019-11-19T18:46:24-08:00,37.4404882,-122.1598181,18.674934,1574217984.0,1574217983.164,10.633878333303663,POINT (-122.1598181 37.4404882),android,21.709435862693322,-7.303453187706188,12.731040145866974
2198,11.8,-10.0,122.79163,1166195178183344,time,2019-11-19T18:46:25-08:00,37.4403847,-122.1596096,18.156485,1574217985.0,1574217984.449,10.634156111081442,POINT (-122.1596096 37.4403847),android,14.405982674987134,5.427586958160786,-5.761781400786157
2199,12.0,-10.0,123.1301,1166195885461573,time,2019-11-19T18:46:26-08:00,37.4403124,-122.1594742,18.688417,1574217986.0,1574217985.162,10.634433888859219,POINT (-122.1594742 37.4403124),android,19.83356963314792,-0.3341944426253711,1.0647003726314708
2200,12.166,-10.0,123.38558,1166196868989437,time,2019-11-19T18:46:27-08:00,37.4402132,-122.1592875,19.138765,1574217987.0,1574217986.15,10.634711666636997,POINT (-122.1592875 37.4402132),android,19.49937519052255,0.7305059300060996,-1.1962931277412743
2201,12.333,-10.0,123.65926,1166197865065947,time,2019-11-19T18:46:28-08:00,37.4401142,-122.1591052,19.177938,1574217988.0,1574217987.16,10.634989444414774,POINT (-122.1591052 37.4401142),android,20.22988112052865,-0.46578719773517463,-0.42688409256157556
2202,12.5,-12.0,124.41302,1166198885733135,time,2019-11-19T18:46:29-08:00,37.4400074,-122.1589197,19.375866,1574217989.0,1574217988.153,10.635267222192553,POINT (-122.1589197 37.4400074),android,19.764093922793474,-0.8926712902967502,2.384145579467944
2203,12.666,-13.0,125.873505,1166199890513811,time,2019-11-19T18:46:30-08:00,37.4398945,-122.1587468,19.498524,1574217990.0,1574217989.188,10.63554499997033,POINT (-122.1587468 37.4398945),android,18.871422632496724,1.4914742891711938,2.5341784321166934
2204,13.0,-13.0,126.035866,1166200885820478,time,2019-11-19T18:46:31-08:00,37.439791,-122.1585774,19.371754,1574217991.0,1574217990.157,10.635822777748109,POINT (-122.1585774 37.439791),android,20.362896921667918,4.025652721287887,-9.508013205665026
2205,13.0,-12.0,126.71298,1166201869267092,time,2019-11-19T18:46:32-08:00,37.4396766,-122.1583973,19.940268,1574217992.0,1574217991.153,10.636100555525886,POINT (-122.1583973 37.4396766),android,24.388549642955805,-5.482360484377139,9.38317636788582
2206,13.2,-12.0,126.778206,1166203104052768,time,2019-11-19T18:46:33-08:00,37.4395422,-122.158179,20.071802,1574217993.0,1574217992.378,10.636378333303664,POINT (-122.158179 37.4395422),android,18.906189158578666,3.900815883508681,-3.5773225832527196
2207,13.2,-12.0,127.52276,1166203887374018,time,2019-11-19T18:46:34-08:00,37.4394344,-122.1580134,21.080135,1574217994.0,1574217993.179,10.636656111081441,POINT (-122.1580134 37.4394344),android,22.807005042087347,0.32349330025596146,-1.4860358841060268
2208,13.166,-11.0,126.92881,1166204889649694,time,2019-11-19T18:46:35-08:00,37.4393132,-122.157805,21.506895,1574217995.0,1574217994.194,10.636933888859218,POINT (-122.157805 37.4393132),android,23.13049834234331,-1.1625425838500654,4.776826749593013
2209,13.166,-11.0,127.98526,1166205885478756,time,2019-11-19T18:46:36-08:00,37.4391794,-122.1576044,21.910883,1574217996.0,1574217995.182,10.637211666636997,POINT (-122.1576044 37.4391794),android,21.967955758493243,3.614284165742948,-10.358148258754927
2210,13.2,-11.0,127.81622,1166206890387767,time,2019-11-19T18:46:37-08:00,37.439058,-122.1574081,21.76182,1574217997.0,1574217996.159,10.637489444414774,POINT (-122.1574081 37.439058),android,25.58223992423619,-6.743864093011979,9.478636952159938
2211,13.0,-13.0,128.67848,1166208165232192,time,2019-11-19T18:46:38-08:00,37.4389059,-122.1571907,21.210293,1574217998.0,1574217997.42,10.637767222192553,POINT (-122.1571907 37.4389059),android,18.838375831224212,2.7347728591479594,-0.01722301223155398
2212,13.0,-13.0,129.5902,1166208886199328,time,2019-11-19T18:46:39-08:00,37.4387904,-122.1570346,22.38852,1574217999.0,1574217998.147,10.63804499997033,POINT (-122.1570346 37.4387904),android,21.57314869037217,2.7175498469164054,-3.7505085164950778
2213,13.0,-13.0,128.43283,1166209796304900,time,2019-11-19T18:46:40-08:00,37.4386737,-122.1568394,22.6553,1574218000.0,1574217999.076,10.638322777748108,POINT (-122.1568394 37.4386737),android,24.290698537288577,-1.0329586695786723,0.3863158537551392
2214,13.0,-14.0,127.90458,1166210855850264,time,2019-11-19T18:46:41-08:00,37.4385388,-122.156623,22.665478,1574218001.0,1574218000.144,10.638600555525885,POINT (-122.156623 37.4385388),android,23.257739867709905,-0.6466428158235331,1.3124781283033933
2215,13.0,-13.0,127.58055,1166211866240420,time,2019-11-19T18:46:42-08:00,37.438412,-122.1564135,22.740244,1574218002.0,1574218001.115,10.638878333303664,POINT (-122.1564135 37.438412),android,22.61109705188637,0.6658353124798602,-0.3598493194786734
2216,13.0,-12.0,126.463455,1166212886114430,time,2019-11-19T18:46:43-08:00,37.4382978,-122.1562016,22.546259,1574218003.0,1574218002.172,10.63915611108144,POINT (-122.1562016 37.4382978),android,23.276932364366232,0.3059859930011868,1.8155948807280424
2217,13.0,-10.0,126.02932,1166213886654899,time,2019-11-19T18:46:44-08:00,37.4381788,-122.1559847,22.825214,1574218004.0,1574218003.197,10.63943388885922,POINT (-122.1559847 37.4381788),android,23.58291835736742,2.121580873729229,-0.06420438542464169
2218,13.0,-10.0,126.27726,1166214887727815,time,2019-11-19T18:46:45-08:00,37.4380536,-122.1557691,23.087036,1574218005.0,1574218004.165,10.639711666636996,POINT (-122.1557691 37.4380536),android,25.704499231096648,2.0573764883045875,-10.200427376681038
2219,13.0,-11.0,128.39687,1166215885586304,time,2019-11-19T18:46:46-08:00,37.4378994,-122.1555522,23.994247,1574218006.0,1574218005.152,10.639989444414775,POINT (-122.1555522 37.4378994),android,27.761875719401235,-8.14305088837645,12.459534792049578
2220,12.8,-10.0,128.36638,1166217129970783,time,2019-11-19T18:46:47-08:00,37.4377432,-122.1553069,23.347631,1574218007.0,1574218006.375,10.640267222192552,POINT (-122.1553069 37.4377432),android,19.618824831024785,4.316483903673127,-5.286030056773338
2221,12.5,-9.0,128.21118,1166217849392709,time,2019-11-19T18:46:48-08:00,37.4376357,-122.1551307,24.218735,1574218008.0,1574218007.151,10.64054499997033,POINT (-122.1551307 37.4376357),android,23.935308734697912,-0.969546153100211,3.662919218689378
2222,12.166,-9.0,127.28095,1166218848462605,time,2019-11-19T18:46:49-08:00,37.4375097,-122.1549109,23.972996,1574218009.0,1574218008.126,10.640822777748108,POINT (-122.1549109 37.4375097),android,22.9657625815977,2.6933730655891672,-8.584050241219114
2223,11.833,-9.0,127.29108,1166219863233490,time,2019-11-19T18:46:50-08:00,37.4373838,-122.1547047,23.422289,1574218010.0,1574218009.124,10.641100555525886,POINT (-122.1547047 37.4373838),android,25.65913564718687,-5.890677175629946,11.267097454233063
2224,11.4,-9.0,126.72152,1166221132815728,time,2019-11-19T18:46:51-08:00,37.4372462,-122.1544714,22.304375,1574218011.0,1574218010.395,10.641378333303663,POINT (-122.1544714 37.4372462),android,19.768458471556922,5.376420278603117,-5.6324860108576935
2225,11.5,-10.0,128.0365,1166221874125363,time,2019-11-19T18:46:52-08:00,37.4371294,-122.1543026,23.700903,1574218012.0,1574218011.174,10.641656111081442,POINT (-122.1543026 37.4371294),android,25.14487875016004,-0.2560657322545765,-0.7550155954683859
2226,11.6,-9.0,127.42051,1166222884068696,time,2019-11-19T18:46:53-08:00,37.436994,-122.1540745,24.224329,1574218013.0,1574218012.148,10.641933888859219,POINT (-122.1540745 37.436994),android,24.888813017905463,-1.0110813277229624,1.3443060788351175
2227,11.8,-9.0,126.570755,1166223893211925,time,2019-11-19T18:46:54-08:00,37.4368656,-122.1538436,24.385324,1574218014.0,1574218013.167,10.642211666636996,POINT (-122.1538436 37.4368656),android,23.8777316901825,0.3332247511121551,1.5379354787554078
2228,12.0,-9.0,126.327446,1166224891330571,time,2019-11-19T18:46:55-08:00,37.4367406,-122.1536237,24.231676,1574218015.0,1574218014.171,10.642489444414775,POINT (-122.1536237 37.4367406),android,24.210956441294655,1.871160229867563,-2.034125990028304
2229,12.0,-10.0,126.809,1166225871736612,time,2019-11-19T18:46:56-08:00,37.436608,-122.1534062,24.429117,1574218016.0,1574218015.138,10.642767222192552,POINT (-122.1534062 37.436608),android,26.08211667116222,-0.16296576016074127,-0.20334617488699536
2230,11.8,-10.0,127.829926,1166226884618070,time,2019-11-19T18:46:57-08:00,37.4364578,-122.1531793,24.978329,1574218017.0,1574218016.157,10.64304499997033,POINT (-122.1531793 37.4364578),android,25.919150911001477,-0.3663119350477366,3.4085406460168564
2231,11.5,-9.0,128.88986,1166227882169892,time,2019-11-19T18:46:58-08:00,37.4363051,-122.1529575,25.386244,1574218018.0,1574218017.158,10.643322777748107,POINT (-122.1529575 37.4363051),android,25.55283897595374,3.0422287109691197,-10.159310864032683
2232,11.333,-8.0,129.34529,1166228883886038,time,2019-11-19T18:46:59-08:00,37.4361571,-122.1527361,25.36288,1574218019.0,1574218018.173,10.643600555525886,POINT (-122.1527361 37.4361571),android,28.59506768692286,-7.1170821530635635,13.504843033650381
2233,10.8,-8.0,128.31529,1166230129432807,time,2019-11-19T18:47:00-08:00,37.4360003,-122.1524794,24.449732,1574218020.0,1574218019.394,10.643878333303663,POINT (-122.1524794 37.4360003),android,21.477985533859297,6.387760880586818,-6.314927158780865
2234,10.833,-8.0,128.54362,1166230870437755,time,2019-11-19T18:47:01-08:00,37.4358785,-122.1522906,25.759518,1574218021.0,1574218020.173,10.644156111081442,POINT (-122.1522906 37.4358785),android,27.865746414446114,0.07283372180595293,0.4469434483817025
2235,10.666,-7.0,128.33696,1166231874554526,time,2019-11-19T18:47:02-08:00,37.4357229,-122.1520432,26.432428,1574218022.0,1574218021.166,10.644433888859218,POINT (-122.1520432 37.4357229),android,27.938580136252067,0.5197771701876555,-5.209262777063152
2236,10.8,-7.0,128.97604,1166232890502650,time,2019-11-19T18:47:03-08:00,37.4355613,-122.1518009,26.6714,1574218023.0,1574218022.143,10.644711666636997,POINT (-122.1518009 37.4355613),android,28.458357306439723,-4.689485606875497,6.169635122929403
2237,10.8,-9.0,129.51505,1166234003322754,time,2019-11-19T18:47:04-08:00,37.4353938,-122.1515572,26.127806,1574218024.0,1574218023.292,10.644989444414774,POINT (-122.1515572 37.4353938),android,23.768871699564226,1.4801495160539062,-1.7730983892134127
2238,10.833,-10.0,129.67557,1166234870839368,time,2019-11-19T18:47:05-08:00,37.4352546,-122.1513529,26.388927,1574218025.0,1574218024.153,10.645267222192553,POINT (-122.1513529 37.4352546),android,25.249021215618132,-0.29294887315950646,3.0128303100601492
2239,11.0,-11.0,128.68492,1166235890357128,time,2019-11-19T18:47:06-08:00,37.4351165,-122.1511259,25.617815,1574218026.0,1574218025.182,10.64554499997033,POINT (-122.1511259 37.4351165),android,24.956072342458626,2.7198814369006428,-10.172756335417535
2240,11.0,-10.0,128.8516,1166236893111815,time,2019-11-19T18:47:07-08:00,37.4349752,-122.1509063,25.264963,1574218027.0,1574218026.157,10.645822777748108,POINT (-122.1509063 37.4349752),android,27.67595377935927,-7.452874898516892,11.85288709098208
2241,11.0,-12.0,129.19273,1166238111939575,time,2019-11-19T18:47:08-08:00,37.4348136,-122.1506679,24.262861,1574218028.0,1574218027.398,10.646100555525885,POINT (-122.1506679 37.4348136),android,20.223078880842376,4.400012192465187,-4.814235176283201
2242,10.833,-13.0,128.48341,1166238887709887,time,2019-11-19T18:47:09-08:00,37.4347036,-122.1504855,24.810854,1574218029.0,1574218028.184,10.646378333303664,POINT (-122.1504855 37.4347036),android,24.623091073307563,-0.41422298381801426,-0.403127972260922
2243,10.6,-12.0,127.60824,1166239882600304,time,2019-11-19T18:47:10-08:00,37.4345718,-122.1502614,24.663984,1574218030.0,1574218029.169,10.646656111081441,POINT (-122.1502614 37.4345718),android,24.20886808948955,-0.8173509560789363,4.417966103301428
2244,10.5,-11.0,127.12417,1166240882726189,time,2019-11-19T18:47:11-08:00,37.4344424,-122.1500409,24.428158,1574218031.0,1574218030.17,10.64693388885922,POINT (-122.1500409 37.4344424),android,23.391517133410613,3.6006151472224914,-11.082380776264756
2245,10.333,-12.0,127.26154,1166241885779522,time,2019-11-19T18:47:12-08:00,37.4343154,-122.1498297,23.963491,1574218032.0,1574218031.163,10.647211666636997,POINT (-122.1498297 37.4343154),android,26.992132280633104,-7.481765629042265,15.575132370028797
2246,10.0,-12.0,128.66171,1166243161762698,time,2019-11-19T18:47:13-08:00,37.4341576,-122.1495974,22.875465,1574218033.0,1574218032.427,10.647489444414775,POINT (-122.1495974 37.4341576),android,19.51036665159084,8.093366740986532,-9.360894988049122
2247,10.166,-13.0,128.82759,1166243874517385,time,2019-11-19T18:47:14-08:00,37.4340457,-122.1494272,24.188538,1574218034.0,1574218033.162,10.647767222192552,POINT (-122.1494272 37.4340457),android,27.60373339257737,-1.2675282470625895,0.14517103732843495
2248,10.333,-14.0,130.3858,1166244881308947,time,2019-11-19T18:47:15-08:00,37.4338773,-122.1491975,25.368488,1574218035.0,1574218034.179,10.64804499997033,POINT (-122.1491975 37.4338773),android,26.336205145514782,-1.1223572097341545,-4.546144174936288
2249,10.6,-14.0,130.80981,1166245892391447,time,2019-11-19T18:47:16-08:00,37.4337185,-122.1489762,25.434168,1574218036.0,1574218035.178,10.648322777748108,POINT (-122.1489762 37.4337185),android,25.213847935780628,-5.668501384670442,8.085185746775785
2250,10.8,-13.0,130.21729,1166247015888738,time,2019-11-19T18:47:17-08:00,37.4335726,-122.1487576,24.076412,1574218037.0,1574218036.281,10.648600555525885,POINT (-122.1487576 37.4335726),android,19.545346551110185,2.416684362105343,-2.888099884551231
2251,10.666,-12.0,128.40636,1166247883160925,time,2019-11-19T18:47:18-08:00,37.4334722,-122.1485759,23.457392,1574218038.0,1574218037.171,10.648878333303664,POINT (-122.1485759 37.4334722),android,21.96203091321553,-0.4714155224458878,2.92556883763843
2252,10.6,-11.0,126.59134,1166248895371758,time,2019-11-19T18:47:19-08:00,37.4333645,-122.1483674,22.688456,1574218039.0,1574218038.16,10.64915611108144,POINT (-122.1483674 37.4333645),android,21.49061539076964,2.454153315192542,-7.448798312792491
2253,10.4,-13.0,126.496605,1166249883607956,time,2019-11-19T18:47:20-08:00,37.4332521,-122.1481694,22.372066,1574218040.0,1574218039.138,10.64943388885922,POINT (-122.1481694 37.4332521),android,23.944768705962183,-4.9946449975999485,10.587848564466984
2254,10.2,-13.0,126.80353,1166251120814465,time,2019-11-19T18:47:21-08:00,37.433122,-122.1479533,21.27508,1574218041.0,1574218040.407,10.649711666636996,POINT (-122.1479533 37.433122),android,18.950123708362234,5.593203566867036,-8.022514085247405
2255,10.166,-15.0,128.02766,1166251874184933,time,2019-11-19T18:47:22-08:00,37.4330116,-122.1477898,22.487371,1574218042.0,1574218041.148,10.649989444414775,POINT (-122.1477898 37.4330116),android,24.54332727522927,-2.429310518380369,2.2138642397185677
2256,10.166,-15.0,128.88469,1166252870256079,time,2019-11-19T18:47:23-08:00,37.4328695,-122.1475771,23.272612,1574218043.0,1574218042.183,10.650267222192552,POINT (-122.1475771 37.4328695),android,22.1140167568489,-0.21544627866180122,3.556093126545857
2257,10.333,-16.0,127.72808,1166253893645401,time,2019-11-19T18:47:24-08:00,37.4327528,-122.1473743,22.50902,1574218044.0,1574218043.152,10.65054499997033,POINT (-122.1473743 37.4327528),android,21.8985704781871,3.340646847884056,-9.980432913903954
2258,10.6,-17.0,127.411606,1166254892210192,time,2019-11-19T18:47:25-08:00,37.4326358,-122.1471748,22.24404,1574218045.0,1574218044.177,10.650822777748107,POINT (-122.1471748 37.4326358),android,25.239217326071156,-6.639786066019898,9.615432051128334
2259,11.0,-17.0,127.662025,1166256121491129,time,2019-11-19T18:47:26-08:00,37.4324956,-122.14695,21.667452,1574218046.0,1574218045.401,10.651100555525886,POINT (-122.14695 37.4324956),android,18.599431260051258,2.975645985108436,-3.6606786198352737
2260,11.4,-16.0,128.7045,1166256885118629,time,2019-11-19T18:47:27-08:00,37.4323857,-122.1467912,22.319834,1574218047.0,1574218046.166,10.651378333303663,POINT (-122.1467912 37.4323857),android,21.575077245159694,-0.6850326347268378,-1.464578412965846
2261,11.4,-15.0,128.1537,1166257885451597,time,2019-11-19T18:47:28-08:00,37.4322692,-122.1465958,21.949213,1574218048.0,1574218047.18,10.651656111081442,POINT (-122.1465958 37.4322692),android,20.890044610432856,-2.1496110476926837,1.8656726433438422
2262,11.4,-16.0,128.14168,1166258895564201,time,2019-11-19T18:47:29-08:00,37.4321534,-122.1464095,21.415718,1574218049.0,1574218048.176,10.651933888859219,POINT (-122.1464095 37.4321534),android,18.740433562740172,-0.28393840434884154,0.22290934936870954
2263,11.4,-16.0,127.20278,1166259893520399,time,2019-11-19T18:47:30-08:00,37.4320561,-122.1462362,20.493029,1574218050.0,1574218049.154,10.652211666636997,POINT (-122.1462362 37.4320561),android,18.45649515839133,-0.061029054980132,0.608578013562699
2264,11.5,-15.0,126.86835,1166260905027117,time,2019-11-19T18:47:31-08:00,37.4319593,-122.1460664,19.775927,1574218051.0,1574218050.153,10.652489444414774,POINT (-122.1460664 37.4319593),android,18.3954661034112,0.547548958582567,2.4307588577507424
2265,11.333,-15.0,127.170044,1166261874882585,time,2019-11-19T18:47:32-08:00,37.4318584,-122.1459013,19.614006,1574218052.0,1574218051.14,10.652767222192553,POINT (-122.1459013 37.4318584),android,18.943015061993766,2.9783078163333094,-8.801358517667708
2266,11.333,-14.0,127.303604,1166262872402116,time,2019-11-19T18:47:33-08:00,37.431755,-122.1457308,19.485485,1574218053.0,1574218052.161,10.65304499997033,POINT (-122.1457308 37.431755),android,21.921322878327075,-5.823050701334399,9.892686472330105
2267,11.6,-13.0,127.1764,1166264123277063,time,2019-11-19T18:47:34-08:00,37.4316367,-122.1455322,18.957796,1574218054.0,1574218053.397,10.653322777748109,POINT (-122.1455322 37.4316367),android,16.098272176992676,4.069635770995706,-5.591066885617085
2268,11.666,-13.0,128.02661,1166264889939771,time,2019-11-19T18:47:35-08:00,37.4315457,-122.1453904,19.502167,1574218055.0,1574218054.164,10.653600555525886,POINT (-122.1453904 37.4315457),android,20.167907947988382,-1.5214311146213788,2.204936698590494
2269,11.666,-14.0,128.60956,1166265870953365,time,2019-11-19T18:47:36-08:00,37.43143,-122.1452145,19.619564,1574218056.0,1574218055.139,10.653878333303663,POINT (-122.1452145 37.43143),android,18.646476833367004,0.6835055839691151,0.9606106475267957
2270,11.5,-14.0,128.12837,1166266874122323,time,2019-11-19T18:47:37-08:00,37.4313285,-122.1450464,19.062891,1574218057.0,1574218056.146,10.654156111081441,POINT (-122.1450464 37.4313285),android,19.32998241733612,1.6441162314959108,-10.229701142837053
2271,11.4,-15.0,128.76605,1166267890674927,time,2019-11-19T18:47:38-08:00,37.431218,-122.1448774,18.934519,1574218058.0,1574218057.153,10.654433888859218,POINT (-122.1448774 37.431218),android,20.97409864883203,-8.585584911341142,16.689370381085944
2272,11.2,-15.0,128.7935,1166269178889352,time,2019-11-19T18:47:39-08:00,37.431099,-122.1446931,17.915802,1574218059.0,1574218058.451,10.654711666636997,POINT (-122.1446931 37.431099),android,12.388513737490888,8.103785469744802,-11.100510837830706
2273,11.166,-14.0,128.08008,1166269809745915,time,2019-11-19T18:47:40-08:00,37.4310345,-122.1445787,18.151283,1574218060.0,1574218059.092,10.654989444414774,POINT (-122.1445787 37.4310345),android,20.49229920723569,-2.9967253680859045,2.076357553162655
2274,11.0,-16.0,129.73405,1166270885964716,time,2019-11-19T18:47:41-08:00,37.4309121,-122.1444052,18.284143,1574218061.0,1574218060.192,10.655267222192553,POINT (-122.1444052 37.4309121),android,17.495573839149785,-0.9203678149232495,0.9618364053316633
2275,11.0,-17.0,130.47223,1166271888690914,time,2019-11-19T18:47:42-08:00,37.4308066,-122.1442582,17.729298,1574218062.0,1574218061.178,10.65554499997033,POINT (-122.1442582 37.4308066),android,16.575206024226535,0.041468590408413775,-0.4058517418341232
2276,11.0,-17.0,129.99583,1166272886198778,time,2019-11-19T18:47:43-08:00,37.4307105,-122.1441147,17.17568,1574218063.0,1574218062.184,10.655822777748108,POINT (-122.1441147 37.4307105),android,16.61667461463495,-0.36438315142570943,0.5776776550582348
2277,11.166,-18.0,131.38417,1166273891636642,time,2019-11-19T18:47:44-08:00,37.4306059,-122.1439803,16.850264,1574218064.0,1574218063.169,10.656100555525885,POINT (-122.1439803 37.4306059),android,16.25229146320924,0.21329450363252533,-0.004953760384893258
2278,11.6,-19.0,132.21385,1166274866454975,time,2019-11-19T18:47:45-08:00,37.4305018,-122.1438511,16.671274,1574218065.0,1574218064.136,10.656378333303664,POINT (-122.1438511 37.4305018),android,16.465585966841765,0.20834074324763208,-3.7999832862899083
2279,11.833,-19.0,132.72438,1166275867045548,time,2019-11-19T18:47:46-08:00,37.4303951,-122.1437218,16.457045,1574218066.0,1574218065.14,10.65665611108144,POINT (-122.1437218 37.4303951),android,16.673926710089397,-3.5916425430422763,7.275535930650886
2280,12.6,-20.0,132.31412,1166277105003099,time,2019-11-19T18:47:47-08:00,37.4302914,-122.1435854,15.268637,1574218067.0,1574218066.38,10.65693388885922,POINT (-122.1435854 37.4302914),android,13.08228416704712,3.6838933876086095,-4.387917183475473
2281,12.833,-21.0,133.29942,1166277872641536,time,2019-11-19T18:47:48-08:00,37.4302024,-122.1434885,15.658546,1574218068.0,1574218067.147,10.657211666636996,POINT (-122.1434885 37.4302024),android,16.76617755465573,-0.7040237958668634,0.6500735360634948
2282,13.333,-22.0,134.4005,1166278885574401,time,2019-11-19T18:47:49-08:00,37.4300889,-122.1433635,15.730473,1574218069.0,1574218068.161,10.657489444414775,POINT (-122.1433635 37.4300889),android,16.062153758788867,-0.05395025980336854,-0.41060082726454716
2283,13.8,-24.0,134.83185,1166279883515859,time,2019-11-19T18:47:50-08:00,37.4299802,-122.1432437,15.542668,1574218070.0,1574218069.2,10.657767222192552,POINT (-122.1432437 37.4299802),android,16.008203498985498,-0.4645510870679157,-2.467735238446277
2284,14.2,-24.0,134.55789,1166280881804973,time,2019-11-19T18:47:51-08:00,37.4298757,-122.143119,15.417929,1574218071.0,1574218070.135,10.65804499997033,POINT (-122.143119 37.4298757),android,15.543652411917583,-2.932286325514193,9.40773427776851
2285,14.4,-24.0,131.95276,1166282119712159,time,2019-11-19T18:47:52-08:00,37.4297858,-122.1429842,14.297045,1574218072.0,1574218071.396,10.658322777748108,POINT (-122.1429842 37.4297858),android,12.61136608640339,6.475447952254317,-8.78361068122453
2286,14.6,-25.0,132.74382,1166282887645336,time,2019-11-19T18:47:53-08:00,37.4297027,-122.142887,14.636995,1574218073.0,1574218072.16,10.658600555525886,POINT (-122.142887 37.4297027),android,19.086814038657707,-2.3081627289702134,2.158001186574701
2287,15.0,-28.0,135.84262,1166283891701377,time,2019-11-19T18:47:54-08:00,37.4295658,-122.1427566,15.615853,1574218074.0,1574218073.176,10.658878333303663,POINT (-122.1427566 37.4295658),android,16.778651309687493,-0.15016154239551227,-5.370284523815938
2288,15.333,-27.0,135.85657,1166284877991273,time,2019-11-19T18:47:55-08:00,37.4294516,-122.1426324,15.454005,1574218075.0,1574218074.151,10.659156111081442,POINT (-122.1426324 37.4294516),android,16.62848976729198,-5.52044606621145,4.533527341161282
2289,15.8,-27.0,135.38168,1166286008159189,time,2019-11-19T18:47:56-08:00,37.4293394,-122.1425079,14.4850235,1574218076.0,1574218075.279,10.659433888859219,POINT (-122.1425079 37.4293394),android,11.10804370108053,-0.9869187250501685,-0.7861824401134374
2290,16.0,-24.0,132.74762,1166286889293355,time,2019-11-19T18:47:57-08:00,37.429279,-122.1424077,13.4476795,1574218077.0,1574218076.171,10.659711666636996,POINT (-122.1424077 37.429279),android,10.121124976030362,-1.773101165163606,1.1073910957989535
2291,16.4,-25.0,129.70439,1166287889931532,time,2019-11-19T18:47:58-08:00,37.4292348,-122.1423075,12.042027,1574218078.0,1574218077.15,10.659989444414775,POINT (-122.1423075 37.4292348),android,8.348023810866756,-0.6657100693646525,2.530395290932022
2292,16.6,-25.0,127.10174,1166288892027834,time,2019-11-19T18:47:59-08:00,37.4292031,-122.1422218,10.749856,1574218079.0,1574218078.153,10.660267222192552,POINT (-122.1422218 37.4292031),android,7.682313741502104,1.8646852215673695,-6.755961497478709
2293,16.4,-25.0,126.09896,1166289886932989,time,2019-11-19T18:48:00-08:00,37.4291785,-122.1421405,10.074629,1574218080.0,1574218079.164,10.66054499997033,POINT (-122.1421405 37.4291785),android,9.546998963069473,-4.8912762759113395,7.397594146409672
2294,16.4,-26.0,126.67066,1166291159183874,time,2019-11-19T18:48:01-08:00,37.4291365,-122.1420462,9.603734,1574218081.0,1574218080.415,10.660822777748107,POINT (-122.1420462 37.4291365),android,4.655722687158134,2.506317870498332,-1.7804572697379148
2295,16.166,-25.0,125.84937,1166291872478613,time,2019-11-19T18:48:02-08:00,37.4291265,-122.141995,9.069175,1574218082.0,1574218081.172,10.661100555525886,POINT (-122.141995 37.4291265),android,7.162040557656466,0.7258606007604174,-3.0821319196571766
2296,15.666,-23.0,125.9044,1166292870275175,time,2019-11-19T18:48:03-08:00,37.429104,-122.141919,8.705861,1574218083.0,1574218082.204,10.661378333303663,POINT (-122.141919 37.429104),android,7.887901158416883,-2.3562713188967592,1.4478924965506268
2297,15.166,-23.0,127.7666,1166293873543352,time,2019-11-19T18:48:04-08:00,37.429069,-122.1418413,8.607361,1574218084.0,1574218083.139,10.661656111081442,POINT (-122.1418413 37.429069),android,5.531629839520124,-0.9083788223461324,0.7995438825073586
2298,14.5,-27.0,129.23033,1166294880760070,time,2019-11-19T18:48:05-08:00,37.42904,-122.1417904,7.213419,1574218085.0,1574218084.15,10.661933888859219,POINT (-122.1417904 37.42904),android,4.623251017173992,-0.10883493983877379,0.08891995173034672
2299,14.0,-27.0,127.99546,1166295870685487,time,2019-11-19T18:48:06-08:00,37.4290212,-122.1417437,6.376628,1574218086.0,1574218085.151,10.662211666636997,POINT (-122.1417437 37.4290212),android,4.514416077335218,-0.019914988108427067,1.0159604843189163
2300,13.2,-26.0,128.24911,1166296892658142,time,2019-11-19T18:48:07-08:00,37.4290045,-122.1416971,5.843306,1574218087.0,1574218086.152,10.662489444414774,POINT (-122.1416971 37.4290045),android,4.494501089226791,0.9960454962104892,-4.184217522764667
2301,13.2,-25.0,130.15361,1166297871413663,time,2019-11-19T18:48:08-08:00,37.4289825,-122.1416544,5.448532,1574218088.0,1574218087.171,10.662767222192553,POINT (-122.1416544 37.4289825),android,5.49054658543728,-3.1881720265541786,3.1680994668197116
2302,13.4,-25.0,132.94125,1166299110763609,time,2019-11-19T18:48:09-08:00,37.4289516,-122.1416059,4.8997736,1574218089.0,1574218088.387,10.66304499997033,POINT (-122.1416059 37.4289516),android,2.3023745588831015,-0.020072559734467088,-0.8846928410454054
2303,13.4,-24.0,131.51584,1166299885985068,time,2019-11-19T18:48:10-08:00,37.4289443,-122.1415815,3.959326,1574218090.0,1574218089.175,10.663322777748109,POINT (-122.1415815 37.4289443),android,2.2823019991486344,-0.9047654007798724,1.280918179849252
2304,13.4,-23.0,128.66512,1166300886386994,time,2019-11-19T18:48:11-08:00,37.4289401,-122.1415562,2.9146163,1574218091.0,1574218090.148,10.663600555525885,POINT (-122.1415562 37.4289401),android,1.377536598368762,0.3761527790693795,-1.9414338995148739
2305,13.333,-23.0,132.03847,1166301888076473,time,2019-11-19T18:48:12-08:00,37.42894,-122.1415406,2.2233493,1574218092.0,1574218091.149,10.663878333303664,POINT (-122.1415406 37.42894),android,1.7536893774381415,-1.5652811204454944,2.684491670016116
2306,13.0,-24.0,148.31137,1166302886681368,time,2019-11-19T18:48:13-08:00,37.4289256,-122.1415325,2.2178998,1574218093.0,1574218092.189,10.664156111081441,POINT (-122.1415325 37.4289256),android,0.1884082569926471,1.1192105495706217,2.252253426654383
2307,13.0,-22.0,148.25162,1166303889112358,time,2019-11-19T18:48:14-08:00,37.4289259,-122.1415304,2.1155732,1574218094.0,1574218093.15,10.66443388885922,POINT (-122.1415304 37.4289259),android,1.3076188065632688,3.3714639762250047,-3.866753099836384
2308,12.833,-22.0,144.55109,1166304885390691,time,2019-11-19T18:48:15-08:00,37.4289372,-122.1415345,1.2588158,1574218095.0,1574218094.155,10.664711666636997,POINT (-122.1415345 37.4289372),android,4.6790827827882735,-0.49528912361137944,-0.6640547275818669
2309,12.714,-22.0,356.83487,1166305789458294,time,2019-11-19T18:48:16-08:00,37.4289762,-122.1415544,0.64876187,1574218096.0,1574218095.068,10.664989444414774,POINT (-122.1415544 37.4289762),android,4.183793659176894,-1.1593438511932463,0.07020424405557502
2310,12.571,-21.0,343.05725,1166306857804857,time,2019-11-19T18:48:17-08:00,37.4290115,-122.1415708,1.9784567,1574218097.0,1574218096.135,10.665267222192552,POINT (-122.1415708 37.4290115),android,3.0244498079836477,-1.0891396071376713,0.25658313831749235
2311,12.5,-21.0,343.73846,1166307915743137,time,2019-11-19T18:48:18-08:00,37.4290377,-122.14158,2.322405,1574218098.0,1574218097.179,10.66554499997033,POINT (-122.14158 37.4290377),android,1.9353102008459764,-0.832556468820179,0.538797754041069
2312,12.428,-20.0,347.1723,1166308869045064,time,2019-11-19T18:48:19-08:00,37.429055,-122.1415824,2.199733,1574218099.0,1574218098.147,10.665822777748108,POINT (-122.1415824 37.429055),android,1.1027537320257974,-0.29375871477911,0.46566751611916124
2313,12.428,-20.0,347.4504,1166309865789907,time,2019-11-19T18:48:20-08:00,37.4290647,-122.141585,1.7449679,1574218100.0,1574218099.163,10.666100555525885,POINT (-122.141585 37.4290647),android,0.8089950172466874,0.17190880134005126,-1.0091661319655125
2314,12.5,-20.0,347.26382,1166310844892980,time,2019-11-19T18:48:21-08:00,37.4290718,-122.141587,1.4039123,1574218101.0,1574218100.108,10.666378333303664,POINT (-122.141587 37.4290718),android,0.9809038185867387,-0.8372573306254613,0.909868470502623
2315,12.666,-20.0,343.7501,1166311857812875,time,2019-11-19T18:48:22-08:00,37.4290799,-122.1415914,1.2094766,1574218102.0,1574218101.122,10.66665611108144,POINT (-122.1415914 37.4290799),android,0.14364648796127744,0.07261113987716167,0.4025725238169807
2316,12.714,-20.0,340.06793,1166312856893813,time,2019-11-19T18:48:23-08:00,37.4290804,-122.1415929,0.7529916,1574218103.0,1574218102.149,10.66693388885922,POINT (-122.1415929 37.4290804),android,0.2162576278384391,0.4751836636941424,-0.7992569728798826
2317,13.0,-20.0,336.49203,1166313869298656,time,2019-11-19T18:48:24-08:00,37.4290818,-122.1415946,0.5278716,1574218104.0,1574218103.146,10.667211666636996,POINT (-122.1415946 37.4290818),android,0.6914412915325815,-0.3240733091857402,0.2681763102759721
2318,12.8,-19.0,345.3081,1166314885487978,time,2019-11-19T18:48:25-08:00,37.429088,-122.1415952,0.58189666,1574218105.0,1574218104.194,10.667489444414775,POINT (-122.1415952 37.429088),android,0.3673679823468413,-0.05589699890976807,0.2671167609404207
2319,12.5,-19.0,348.64343,1166316158172144,time,2019-11-19T18:48:26-08:00,37.4290913,-122.1415954,0.40984085,1574218106.0,1574218105.449,10.667767222192552,POINT (-122.1415954 37.4290913),android,0.31147098343707325,0.21121976203065262,-0.477553162279249
2320,12.333,-19.0,352.64224,1166316890055738,time,2019-11-19T18:48:27-08:00,37.4290941,-122.1415953,0.41090697,1574218107.0,1574218106.235,10.66804499997033,POINT (-122.1415953 37.4290941),android,0.5226907454677259,-0.26633340024859636,0.18092670314601245
2321,12.166,-19.0,356.5515,1166317867380738,time,2019-11-19T18:48:28-08:00,37.4290988,-122.1415952,0.46122193,1574218108.0,1574218107.158,10.668322777748108,POINT (-122.1415952 37.4290988),android,0.2563573452191295,-0.08540669710258392,-0.03768823649590211
2322,12.0,-19.0,358.76834,1166318873275841,time,2019-11-19T18:48:29-08:00,37.4291011,-122.141595,0.37441862,1574218109.0,1574218108.181,10.668600555525886,POINT (-122.141595 37.4291011),android,0.1709506481165456,-0.12309493359848603,0.2540254538120556
2323,12.0,-19.0,353.3538,1166319876991153,time,2019-11-19T18:48:30-08:00,37.4291025,-122.1415958,0.28395328,1574218110.0,1574218109.148,10.668878333303663,POINT (-122.1415958 37.4291025),android,0.047855714518059554,0.13093052021356957,-0.22032363828965185
2324,12.142,-19.0,350.94525,1166320866628497,time,2019-11-19T18:48:31-08:00,37.4291021,-122.141596,0.14550173,1574218111.0,1574218110.166,10.669156111081442,POINT (-122.141596 37.4291021),android,0.17878623473162913,-0.08939311807608227,0.06158577045444237
2325,12.428,-19.0,310.34903,1166321880211569,time,2019-11-19T18:48:32-08:00,37.4291005,-122.1415958,0.0066555706,1574218112.0,1574218111.166,10.669433888859219,POINT (-122.1415958 37.4291005),android,0.08939311665554686,-0.027807347621639902,0.15852441036409404
2326,12.833,-19.0,179.88382,1166322878294225,time,2019-11-19T18:48:33-08:00,37.4290997,-122.1415957,0.03392689,1574218113.0,1574218112.147,10.669711666636998,POINT (-122.1415957 37.4290997),android,0.06158576903390696,0.13071706274245415,-0.18842238923774995
2327,13.333,-19.0,165.17104,1166323900031360,time,2019-11-19T18:48:34-08:00,37.4290992,-122.1415954,0.04528706,1574218114.0,1574218113.158,10.669989444414774,POINT (-122.1415954 37.4290992),android,0.19230283177636112,-0.057705326495295806,0.23495407040075236
2328,14.0,-19.0,350.2486,1166324887098287,time,2019-11-19T18:48:35-08:00,37.4291009,-122.1415958,0.045878757,1574218115.0,1574218114.175,10.670267222192553,POINT (-122.1415958 37.4291009),android,0.13459750528106532,0.17724874390545656,-0.3109641197053098
2329,14.166,-19.0,354.53842,1166325888280266,time,2019-11-19T18:48:36-08:00,37.4291021,-122.141596,0.07207276,1574218116.0,1574218115.168,10.67054499997033,POINT (-122.141596 37.4291021),android,0.3118462491865219,-0.1337153757998532,0.12607561448171062
2330,14.0,-18.0,355.68326,1166326890245474,time,2019-11-19T18:48:37-08:00,37.4291049,-122.1415962,0.17043698,1574218117.0,1574218116.154,10.670822777748107,POINT (-122.1415962 37.4291049),android,0.17813087338666866,-0.0076397613181425905,-0.12510658232709146
2331,13.666,-18.0,356.09012,1166327888185786,time,2019-11-19T18:48:38-08:00,37.4291065,-122.1415963,0.17561865,1574218118.0,1574218117.161,10.671100555525886,POINT (-122.1415963 37.4291065),android,0.17049111206852607,-0.13274634364523405,0.12836005360514008
2332,13.428,-18.0,2.52519,1166328891574796,time,2019-11-19T18:48:39-08:00,37.429108,-122.1415959,0.16978748,1574218119.0,1574218118.17,10.671378333303663,POINT (-122.1415959 37.429108),android,0.03774476842329203,-0.004386290040093985,0.19775781372671192
2333,13.0,-18.0,6.3615212,1166329867176514,time,2019-11-19T18:48:40-08:00,37.4291077,-122.1415957,0.09956799,1574218120.0,1574218119.142,10.671656111081441,POINT (-122.1415957 37.4291077),android,0.03335847838319805,0.19337152368661795,-0.27129559571793505
2334,12.428,-18.0,3.9221137,1166330866151410,time,2019-11-19T18:48:41-08:00,37.4291074,-122.1415957,0.05480047,1574218121.0,1574218120.156,10.671933888859218,POINT (-122.1415957 37.4291074),android,0.226730002069816,-0.0779240720313171,-0.014587561904241167
2335,12.142,-18.0,353.11108,1166331879108493,time,2019-11-19T18:48:42-08:00,37.4291094,-122.1415962,0.11898938,1574218122.0,1574218121.117,10.672211666636997,POINT (-122.1415962 37.4291094),android,0.1488059300384989,-0.09251163393555827,0.14880593020757268
2336,12.0,-18.0,350.4954,1166332886633596,time,2019-11-19T18:48:43-08:00,37.4291107,-122.1415966,0.12880759,1574218123.0,1574218122.151,10.672489444414774,POINT (-122.1415966 37.4291107),android,0.056294296102940636,0.05629429627201442,-0.10158413609435428
2337,12.166,-18.0,355.04416,1166333893589221,time,2019-11-19T18:48:44-08:00,37.4291112,-122.1415965,0.09876748,1574218124.0,1574218123.174,10.672767222192553,POINT (-122.1415965 37.4291112),android,0.11258859237495505,-0.04528983982233986,0.006389184206282525
2338,12.4,-18.0,359.54614,1166334887796825,time,2019-11-19T18:48:45-08:00,37.4291122,-122.1415963,0.10393126,1574218125.0,1574218124.166,10.67304499997033,POINT (-122.1415963 37.4291122),android,0.0672987525526152,-0.038900655616057336,0.07780131105509194
2339,12.666,-18.0,2.125948,1166335888848074,time,2019-11-19T18:48:46-08:00,37.4291128,-122.1415962,0.09065599,1574218126.0,1574218125.173,10.673322777748108,POINT (-122.1415962 37.4291128),android,0.028398096936557853,0.03890065543903461,-0.0728409302215165
2340,12.666,-18.0,5.4061575,1166337176796615,time,2019-11-19T18:48:47-08:00,37.429113,-122.141596,0.0587831,1574218127.0,1574218126.435,10.673600555525885,POINT (-122.141596 37.429113),android,0.06729875237559246,-0.0339402747824819,0.02282078277817003
2341,12.428,-18.0,1.4368478,1166337881720365,time,2019-11-19T18:48:48-08:00,37.4291136,-122.1415961,0.06581504,1574218128.0,1574218127.15,10.673878333303664,POINT (-122.1415961 37.4291136),android,0.033358477593110565,-0.011119492004311868,-0.011119493584486828
2342,12.285,-18.0,1.7247831,1166338875758646,time,2019-11-19T18:48:49-08:00,37.4291139,-122.1415961,0.05222301,1574218129.0,1574218128.144,10.674156111081441,POINT (-122.1415961 37.4291139),android,0.022238985588798697,-0.022238985588798697,0.07853328163808494
2343,11.6,-18.0,1.6514394,1166339893219531,time,2019-11-19T18:48:50-08:00,37.4291141,-122.1415961,0.038018942,1574218130.0,1574218129.169,10.67443388885922,POINT (-122.1415961 37.4291141),android,0.0,0.05629429604928624,-0.07808123148816874
2344,11.285,-18.0,1.3729808,1166340880069062,time,2019-11-19T18:48:51-08:00,37.4291141,-122.1415961,0.024672657,1574218131.0,1574218130.131,10.674711666636997,POINT (-122.1415961 37.4291141),android,0.05629429604928624,-0.0217869354388825,-0.0038903710059675946
2345,10.857,-18.0,169.87178,1166342174848853,time,2019-11-19T18:48:52-08:00,37.4291136,-122.141596,0.016220469,1574218132.0,1574218131.452,10.674989444414775,POINT (-122.141596 37.4291136),android,0.03450736061040374,-0.025677306444850095,0.1735186608367276
2346,10.714,-18.0,178.15758,1166342880304217,time,2019-11-19T18:48:53-08:00,37.4291133,-122.1415961,0.023000306,1574218133.0,1574218132.175,10.675267222192552,POINT (-122.1415961 37.4291133),android,0.008830054165553648,0.1478413543918775,-0.06834728541476279
2347,10.666,-18.0,172.27371,1166343887058383,time,2019-11-19T18:48:54-08:00,37.4291133,-122.141596,0.0141314585,1574218134.0,1574218133.174,10.675544999970331,POINT (-122.141596 37.4291133),android,0.15667140855743117,0.07949406897711472,-0.19302681434355135
2348,10.4,-18.0,172.69022,1166344921629060,time,2019-11-19T18:48:55-08:00,37.4291119,-122.1415958,0.07582027,1574218135.0,1574218134.203,10.675822777748108,POINT (-122.1415958 37.4291119),android,0.2361654775345459,-0.11353274536643662,0.014827870781825264
2349,10.333,-23.0,172.5862,1166345891223174,time,2019-11-19T18:48:56-08:00,37.4291098,-122.1415954,0.1514455,1574218136.0,1574218135.149,10.676100555525887,POINT (-122.1415954 37.4291098),android,0.12263273216810927,-0.09870487458461136,0.07477701700111344
2350,10.285,-23.0,172.5515,1166346883650257,time,2019-11-19T18:48:57-08:00,37.4291087,-122.1415953,0.13525583,1574218137.0,1574218136.174,10.676378333303663,POINT (-122.1415953 37.4291087),android,0.023927857583497913,-0.023927857583497913,0.04616684317229661
2351,10.285,-23.0,172.24744,1166347873038330,time,2019-11-19T18:48:58-08:00,37.4291085,-122.1415952,0.08659638,1574218138.0,1574218137.128,10.67665611108144,POINT (-122.1415952 37.4291085),android,0.0,0.022238985588798697,-0.022238985588798697
2352,10.142,-23.0,172.47978,1166348873327704,time,2019-11-19T18:48:59-08:00,37.4291085,-122.1415952,0.047588985,1574218139.0,1574218138.157,10.67693388885922,POINT (-122.1415952 37.4291085),android,0.022238985588798697,0.0,-0.011119493584486823
2353,10.0,-23.0,162.20969,1166349958795360,time,2019-11-19T18:49:00-08:00,37.4291087,-122.1415952,0.016177846,1574218140.0,1574218139.199,10.677211666636996,POINT (-122.1415952 37.4291087),android,0.022238985588798697,-0.011119493584486823,0.011119493584486823
2354,10.0,-23.0,103.859985,1166350880991401,time,2019-11-19T18:49:01-08:00,37.4291089,-122.1415952,0.0033316773,1574218141.0,1574218140.168,10.677489444414775,POINT (-122.1415952 37.4291089),android,0.011119492004311874,0.0,-0.011119492004311874
2355,10.0,-23.0,23.713745,1166351883168641,time,2019-11-19T18:49:02-08:00,37.429109,-122.1415952,0.0038261008,1574218142.0,1574218141.173,10.677767222192552,POINT (-122.1415952 37.429109),android,0.011119492004311874,-0.011119492004311874,0.011119492004311874
2356,10.0,-23.0,169.54611,1166352882920932,time,2019-11-19T18:49:03-08:00,37.4291089,-122.1415952,0.002669531,1574218143.0,1574218142.165,10.67804499997033,POINT (-122.1415952 37.4291089),android,0.0,0.0,0.0
2357,10.0,-23.0,359.60388,1166353885785567,time,2019-11-19T18:49:04-08:00,37.4291089,-122.1415952,0.0025719495,1574218144.0,1574218143.143,10.678322777748107,POINT (-122.1415952 37.4291089),android,0.0,0.0,0.022238985588798697
2358,10.0,-23.0,328.34998,1166354950510983,time,2019-11-19T18:49:05-08:00,37.4291089,-122.1415952,0.0003548964,1574218145.0,1574218144.224,10.678600555525886,POINT (-122.1415952 37.4291089),android,0.0,0.022238985588798697,-0.022238985588798697
2359,10.0,-23.0,183.02415,1166355880614681,time,2019-11-19T18:49:06-08:00,37.4291089,-122.1415952,0.0036905662,1574218146.0,1574218145.148,10.678878333303663,POINT (-122.1415952 37.4291089),android,0.022238985588798697,0.0,-0.022238985588798697
2360,10.0,-23.0,180.6388,1166356883129524,time,2019-11-19T18:49:07-08:00,37.4291087,-122.1415952,0.011034993,1574218147.0,1574218146.164,10.679156111081442,POINT (-122.1415952 37.4291087),android,0.022238985588798697,-0.022238985588798697,0.031069041575352147
2361,10.0,-23.0,180.25787,1166357881255878,time,2019-11-19T18:49:08-08:00,37.4291085,-122.1415952,0.013643915,1574218148.0,1574218147.171,10.679433888859219,POINT (-122.1415952 37.4291085),android,0.0,0.008830055986553448,-0.017660111973106896
2362,10.0,-23.0,180.122,1166358874289732,time,2019-11-19T18:49:09-08:00,37.4291085,-122.1415952,0.010564763,1574218149.0,1574218148.15,10.679711666636997,POINT (-122.1415952 37.4291085),android,0.008830055986553448,-0.008830055986553448,0.008830055986553448
2363,10.0,-23.0,216.71729,1166359787911971,time,2019-11-19T18:49:10-08:00,37.4291085,-122.1415953,0.0043048616,1574218150.0,1574218149.047,10.679989444414774,POINT (-122.1415953 37.4291085),android,0.0,0.0,0.014199049575042704
2364,10.0,-23.0,221.90668,1166360786611189,time,2019-11-19T18:49:11-08:00,37.4291085,-122.1415953,0.0041342904,1574218151.0,1574218150.06,10.680267222192553,POINT (-122.1415953 37.4291085),android,0.0,0.014199049575042704,-0.01727860635568606
2365,10.0,-23.0,224.72906,1166361852714574,time,2019-11-19T18:49:12-08:00,37.4291085,-122.1415953,0.0027822785,1574218152.0,1574218151.132,10.68054499997033,POINT (-122.1415953 37.4291085),android,0.014199049575042704,-0.003079556780643356,0.003079556780643356
2366,10.0,-23.0,159.2487,1166362870471084,time,2019-11-19T18:49:13-08:00,37.4291084,-122.1415952,0.0045677572,1574218153.0,1574218152.147,10.680822777748109,POINT (-122.1415952 37.4291084),android,0.011119492794399348,0.0,-0.011119492794399348
2367,10.0,-23.0,41.524532,1166363874055303,time,2019-11-19T18:49:14-08:00,37.4291085,-122.1415952,0.0035792682,1574218154.0,1574218153.13,10.681100555525886,POINT (-122.1415952 37.4291085),android,0.011119492794399348,-0.011119492794399348,0.022238985588798697
2368,10.0,-23.0,24.781784,1166364769738167,time,2019-11-19T18:49:15-08:00,37.4291086,-122.1415952,0.0048145466,1574218155.0,1574218154.026,10.681378333303664,POINT (-122.1415952 37.4291086),android,0.0,0.011119492794399348,-0.011119492794399348
2369,10.0,-23.0,77.705,1166365862177750,time,2019-11-19T18:49:16-08:00,37.4291086,-122.1415952,0.0012482203,1574218156.0,1574218155.162,10.681656111081441,POINT (-122.1415952 37.4291086),android,0.011119492794399348,0.0,-0.011119492794399348
2370,10.0,-23.0,160.79942,1166366873523166,time,2019-11-19T18:49:17-08:00,37.4291085,-122.1415952,0.0017116569,1574218157.0,1574218156.149,10.68193388885922,POINT (-122.1415952 37.4291085),android,0.011119492794399348,-0.011119492794399348,0.019949547537921754
2371,10.0,-23.0,178.0182,1166367870242801,time,2019-11-19T18:49:18-08:00,37.4291084,-122.1415952,0.0050374432,1574218158.0,1574218157.148,10.682211666636997,POINT (-122.1415952 37.4291084),android,0.0,0.008830054743522405,-0.01766010948704481
2372,10.0,-23.0,180.1564,1166368884666290,time,2019-11-19T18:49:19-08:00,37.4291084,-122.1415952,0.0047331927,1574218159.0,1574218158.147,10.682489444414774,POINT (-122.1415952 37.4291084),android,0.008830054743522405,-0.008830054743522405,3.6392872559734117
2373,10.0,-23.0,143.48892,1166369806949884,time,2019-11-19T18:49:20-08:00,37.4291084,-122.1415951,0.004183086,1574218160.0,1574218159.108,10.682767222192552,POINT (-122.1415951 37.4291084),android,0.0,3.6304572012298895,-2.572178327278124
2374,10.0,-23.0,59.623405,1166370882531550,time,2019-11-19T18:49:21-08:00,37.4291084,-122.1415951,0.0030587248,1574218161.0,1574218160.124,10.68304499997033,POINT (-122.1415951 37.4291084),android,3.6304572012298895,1.0582788739517657,-1.4330615507346494
2375,10.0,-23.0,124.96764,1166371882689571,time,2019-11-19T18:49:22-08:00,37.4290879,-122.1415631,2.776674,1574218162.0,1574218161.145,10.683322777748108,POINT (-122.1415631 37.4290879),android,4.688736075181655,-0.3747826767828837,-0.110002533174824
2376,10.0,-23.0,129.5517,1166372880674778,time,2019-11-19T18:49:23-08:00,37.4290564,-122.1415278,3.3096874,1574218163.0,1574218162.164,10.683600555525885,POINT (-122.1415278 37.4290564),android,4.3139533983987715,-0.4847852099577077,1.465863777254719
2377,10.0,-23.0,126.443115,1166373892748372,time,2019-11-19T18:49:24-08:00,37.4290339,-122.141488,3.4625635,1574218164.0,1574218163.171,10.683878333303664,POINT (-122.141488 37.4290339),android,3.8291681884410638,0.9810785672970113,-0.7575468748298233
2378,10.0,-23.0,124.09363,1166374803244153,time,2019-11-19T18:49:25-08:00,37.4290218,-122.1414474,3.6327865,1574218165.0,1574218164.05,10.68415611108144,POINT (-122.1414474 37.4290218),android,4.810246755738075,0.22353169246718796,0.9016609898877137
2379,10.0,-23.0,122.153694,1166375879900298,time,2019-11-19T18:49:26-08:00,37.429005,-122.1413972,3.9020247,1574218166.0,1574218165.154,10.68443388885922,POINT (-122.1413972 37.429005),android,5.033778448205263,1.1251926823549017,-0.427970658566446
2380,10.166,-23.0,123.72683,1166376883630871,time,2019-11-19T18:49:27-08:00,37.4289787,-122.1413508,4.2192864,1574218167.0,1574218166.152,10.684711666636996,POINT (-122.1413508 37.4289787),android,6.158971130560165,0.6972220237884557,-0.2997913296727788
2381,10.333,-23.0,128.36322,1166377880953631,time,2019-11-19T18:49:28-08:00,37.428941,-122.1412997,4.569614,1574218168.0,1574218167.144,10.684989444414775,POINT (-122.1412997 37.428941),android,6.85619315434862,0.3974306941156769,0.37412338272830503
2382,10.428,-23.0,130.19075,1166378892670193,time,2019-11-19T18:49:29-08:00,37.4288943,-122.141249,4.912923,1574218169.0,1574218168.194,10.685267222192552,POINT (-122.141249 37.4288943),android,7.253623848464297,0.7715540768439819,-1.9783998523486934
2383,10.571,-23.0,132.97186,1166379798280974,time,2019-11-19T18:49:30-08:00,37.4288423,-122.1411994,5.411747,1574218170.0,1574218169.089,10.68554499997033,POINT (-122.1411994 37.4288423),android,8.02517792530828,-1.2068457755047115,1.6724582521880222
2384,10.857,-23.0,129.55812,1166380799332171,time,2019-11-19T18:49:31-08:00,37.428787,-122.141141,5.4381013,1574218171.0,1574218170.093,10.685822777748108,POINT (-122.141141 37.428787),android,6.818332149803568,0.46561247668331074,-1.8499571073912984
2385,11.166,-23.0,129.53416,1166381923937535,time,2019-11-19T18:49:32-08:00,37.4287438,-122.1410862,5.414042,1574218172.0,1574218171.193,10.686100555525886,POINT (-122.1410862 37.4287438),android,7.283944626486878,-1.3843446307079876,2.7835234553127624
2386,11.166,-23.0,127.79474,1166383110035347,time,2019-11-19T18:49:33-08:00,37.4286991,-122.1410259,5.8817773,1574218173.0,1574218172.36,10.686378333303663,POINT (-122.1410259 37.4286991),android,5.899599995778891,1.3991788246047747,-1.0132621718202444
2387,11.142,-23.0,128.69954,1166383885575450,time,2019-11-19T18:49:34-08:00,37.4286653,-122.1409744,6.3621283,1574218174.0,1574218173.158,10.686656111081442,POINT (-122.1409744 37.4286653),android,7.298778820383665,0.38591665278453036,0.3209646355340947
2388,11.2,-23.0,125.80988,1166384882171648,time,2019-11-19T18:49:35-08:00,37.4286288,-122.1409057,6.65945,1574218175.0,1574218174.161,10.686933888859219,POINT (-122.1409057 37.4286288),android,7.684695473168196,0.7068812883186251,1.3698727830150315
2389,11.2,-23.0,125.827934,1166385882356596,time,2019-11-19T18:49:36-08:00,37.4285894,-122.1408342,7.0321507,1574218176.0,1574218175.188,10.687211666636998,POINT (-122.1408342 37.4285894),android,8.39157676148682,2.0767540713336565,-4.984793861869283
2390,11.166,-23.0,125.28828,1166386884192689,time,2019-11-19T18:49:37-08:00,37.4285455,-122.1407569,7.4488072,1574218177.0,1574218176.146,10.687489444414775,POINT (-122.1407569 37.4285455),android,10.468330832820477,-2.908039790535627,5.375379513518096
2391,11.0,-23.0,128.83716,1166388125470345,time,2019-11-19T18:49:38-08:00,37.4284845,-122.1406666,7.947962,1574218178.0,1574218177.399,10.687767222192551,POINT (-122.1406666 37.4284845),android,7.560291042284851,2.4673397229824694,-2.424664182399761
2392,11.0,-23.0,129.88362,1166388889747740,time,2019-11-19T18:49:39-08:00,37.4284382,-122.1406039,8.375541,1574218179.0,1574218178.175,10.68804499997033,POINT (-122.1406039 37.4284382),android,10.02763076526732,0.04267554058270839,0.928959888324453
2393,11.0,-23.0,129.9816,1166389885955656,time,2019-11-19T18:49:40-08:00,37.4283754,-122.1405224,8.693279,1574218180.0,1574218179.186,10.688322777748107,POINT (-122.1405224 37.4283754),android,10.070306305850028,0.9716354289071614,-2.387180813852728
2394,11.0,-23.0,128.31284,1166390887983260,time,2019-11-19T18:49:41-08:00,37.4283138,-122.1404388,8.7279005,1574218181.0,1574218180.178,10.688600555525886,POINT (-122.1404388 37.4283138),android,11.04194173475719,-1.4155453849455668,3.2665549716744504
2395,11.0,-23.0,129.38377,1166392029477166,time,2019-11-19T18:49:42-08:00,37.4282462,-122.1403472,9.077403,1574218182.0,1574218181.31,10.688878333303663,POINT (-122.1403472 37.4282462),android,9.626396349811623,1.8510095867288836,-1.4353043169229363
2396,11.0,-23.0,130.46346,1166392867988780,time,2019-11-19T18:49:43-08:00,37.4281846,-122.1402706,9.662073,1574218183.0,1574218182.125,10.689156111081441,POINT (-122.1402706 37.4281846),android,11.477405936540507,0.41570526980594735,-0.7397713377088309
2397,11.0,-23.0,130.3989,1166393794839665,time,2019-11-19T18:49:44-08:00,37.4281099,-122.1401809,9.978502,1574218184.0,1574218183.088,10.689433888859218,POINT (-122.1401809 37.4281099),android,11.893111206346454,-0.3240660679028835,1.2350908080151761
2398,11.142,-23.0,129.12889,1166394867221488,time,2019-11-19T18:49:45-08:00,37.4280379,-122.1400813,10.253857,1574218185.0,1574218184.138,10.689711666636997,POINT (-122.1400813 37.4280379),android,11.56904513844357,0.9110247401122926,-4.035632938104968
2399,11.333,-23.0,127.229324,1166395890117269,time,2019-11-19T18:49:46-08:00,37.4279761,-122.1399759,10.553429,1574218186.0,1574218185.17,10.689989444414774,POINT (-122.1399759 37.4279761),android,12.480069878555863,-3.124608197992675,5.289072698387091
2400,11.5,-23.0,126.21288,1166397126803778,time,2019-11-19T18:49:47-08:00,37.4279153,-122.1398571,10.487392,1574218187.0,1574218186.397,10.690267222192553,POINT (-122.1398571 37.4279153),android,9.355461680563188,2.1644645003944163,-1.6000852088443214
2401,11.6,-23.0,126.71363,1166397887324663,time,2019-11-19T18:49:48-08:00,37.4278699,-122.1397679,10.920869,1574218188.0,1574218187.181,10.69054499997033,POINT (-122.1397679 37.4278699),android,11.519926180957604,0.5643792915500949,2.261742597691235
2402,11.6,-23.0,126.08738,1166398889904038,time,2019-11-19T18:49:49-08:00,37.4278147,-122.1396575,11.153095,1574218189.0,1574218188.154,10.690822777748108,POINT (-122.1396575 37.4278147),android,12.0843054725077,2.82612188924133,-7.762878791631975
2403,11.2,-23.0,127.80225,1166399878610340,time,2019-11-19T18:49:50-08:00,37.4277436,-122.139554,11.568793,1574218190.0,1574218189.171,10.691100555525885,POINT (-122.139554 37.4277436),android,14.91042736174903,-4.936756902390645,8.253006682193655
2404,10.8,-23.0,128.86897,1166401155338516,time,2019-11-19T18:49:51-08:00,37.4276531,-122.1394294,11.792133,1574218191.0,1574218190.413,10.691378333303664,POINT (-122.1394294 37.4276531),android,9.973670459358384,3.3162497798030106,-2.7423171447803814
2405,10.666,-23.0,129.19852,1166401890488463,time,2019-11-19T18:49:52-08:00,37.4275915,-122.1393473,12.119913,1574218192.0,1574218191.19,10.691656111081441,POINT (-122.1393473 37.4275915),android,13.289920239161395,0.5739326350226293,0.5213333139851883
2406,10.4,-23.0,128.69139,1166402889918098,time,2019-11-19T18:49:53-08:00,37.4275131,-122.1392337,12.530623,1574218193.0,1574218192.166,10.69193388885922,POINT (-122.1392337 37.4275131),android,13.863852874184024,1.0952659490078176,-3.3975023098346426
2407,10.4,-23.0,128.79425,1166403895182108,time,2019-11-19T18:49:54-08:00,37.4274327,-122.1391137,12.916081,1574218194.0,1574218193.167,10.692211666636997,POINT (-122.1391137 37.4274327),android,14.959118823191842,-2.302236360826825,4.1810497514099385
2408,10.6,-25.0,128.96626,1166405028424139,time,2019-11-19T18:49:55-08:00,37.4273443,-122.138986,13.103818,1574218195.0,1574218194.276,10.692489444414775,POINT (-122.138986 37.4273443),android,12.656882462365017,1.8788133905831135,-2.12544584835838
2409,10.666,-26.0,129.10124,1166405874442993,time,2019-11-19T18:49:56-08:00,37.4272691,-122.1388784,13.567877,1574218196.0,1574218195.157,10.692767222192552,POINT (-122.1388784 37.4272691),android,14.53569585294813,-0.24663245777526654,-0.7387283932518738
2410,10.833,-25.0,128.16577,1166406889971847,time,2019-11-19T18:49:57-08:00,37.4271884,-122.1387489,13.724938,1574218197.0,1574218196.155,10.693044999970331,POINT (-122.1387489 37.4271884),android,14.289063395172864,-0.9853608510271403,2.9017988962252623
2411,11.0,-25.0,128.41856,1166407888936846,time,2019-11-19T18:49:58-08:00,37.4271066,-122.1386241,13.933135,1574218198.0,1574218197.188,10.693322777748108,POINT (-122.1386241 37.4271066),android,13.303702544145724,1.916438045198122,-5.519038927449717
2412,10.833,-26.0,127.62512,1166408892672731,time,2019-11-19T18:49:59-08:00,37.4270364,-122.1385021,13.874755,1574218199.0,1574218198.146,10.693600555525885,POINT (-122.1385021 37.4270364),android,15.220140589343846,-3.602600882251595,7.125517041057767
2413,10.8,-26.0,128.02351,1166410123202314,time,2019-11-19T18:50:00-08:00,37.4269516,-122.1383668,13.671728,1574218200.0,1574218199.404,10.693878333303664,POINT (-122.1383668 37.4269516),android,11.61753970709225,3.522916158806172,-4.504975067522313
2414,10.8,-26.0,128.75195,1166410896967730,time,2019-11-19T18:50:01-08:00,37.4268838,-122.1382667,14.235378,1574218201.0,1574218200.181,10.69415611108144,POINT (-122.1382667 37.4268838),android,15.140455865898423,-0.9820589087161409,5.09683840398136
2415,10.8,-26.0,129.03206,1166411893207678,time,2019-11-19T18:50:02-08:00,37.4267969,-122.1381347,14.671881,1574218202.0,1574218201.182,10.69443388885922,POINT (-122.1381347 37.4267969),android,14.158396957182282,4.1147794952652195,-9.96183447500028
2416,10.833,-26.0,129.43034,1166412785324396,time,2019-11-19T18:50:03-08:00,37.426714,-122.138013,14.96419,1574218203.0,1574218202.055,10.694711666636996,POINT (-122.138013 37.426714),android,18.2731764524475,-5.847054979735061,8.601023179989092
2417,11.0,-26.0,128.81473,1166414105123875,time,2019-11-19T18:50:04-08:00,37.4266093,-122.1378535,14.697841,1574218204.0,1574218203.361,10.694989444414775,POINT (-122.1378535 37.4266093),android,12.42612147271244,2.7539682002540307,-1.1773723293318685
2418,11.0,-27.0,129.57104,1166414861742572,time,2019-11-19T18:50:05-08:00,37.4265335,-122.1377501,15.211286,1574218205.0,1574218204.159,10.695267222192552,POINT (-122.1377501 37.4265335),android,15.18008967296647,1.5765958709221621,-1.6746663447947547
2419,11.166,-27.0,129.5313,1166415856174603,time,2019-11-19T18:50:06-08:00,37.4264451,-122.1376191,15.266472,1574218206.0,1574218205.165,10.69554499997033,POINT (-122.1376191 37.4264451),android,16.756685543888633,-0.0980704738725926,3.5173636181712276
2420,11.166,-28.0,130.25163,1166416853281790,time,2019-11-19T18:50:07-08:00,37.426342,-122.1374807,15.8897705,1574218207.0,1574218206.149,10.695822777748107,POINT (-122.1374807 37.426342),android,16.65861507001604,3.419293144298635,-9.469347712212219
2421,11.2,-27.0,129.47736,1166417854244342,time,2019-11-19T18:50:08-08:00,37.4262484,-122.1373334,16.177662,1574218208.0,1574218207.119,10.696100555525886,POINT (-122.1373334 37.4262484),android,20.077908214314675,-6.050054567913584,9.789799044146246
2422,11.2,-27.0,128.55553,1166419174966424,time,2019-11-19T18:50:09-08:00,37.4261387,-122.1371528,15.972321,1574218209.0,1574218208.436,10.696378333303663,POINT (-122.1371528 37.4261387),android,14.027853646401091,3.739744476232662,-3.571918914482062
2423,11.2,-25.0,128.03085,1166419894349810,time,2019-11-19T18:50:10-08:00,37.4260642,-122.1370246,16.762169,1574218210.0,1574218209.176,10.696656111081442,POINT (-122.1370246 37.4260642),android,17.767598122633753,0.16782556175060037,-0.29091279410215165
2424,11.0,-25.0,127.97354,1166420867486945,time,2019-11-19T18:50:11-08:00,37.425967,-122.1368649,17.16272,1574218211.0,1574218210.147,10.696933888859219,POINT (-122.1368649 37.425967),android,17.935423684384354,-0.12308723235155128,0.4376757651636183
2425,11.0,-23.0,127.469376,1166421873994288,time,2019-11-19T18:50:12-08:00,37.4258725,-122.1367003,17.314825,1574218212.0,1574218211.162,10.697211666636997,POINT (-122.1367003 37.4258725),android,17.812336452032802,0.314588532812067,-0.50668095734083
2426,11.0,-21.0,127.64601,1166422864239756,time,2019-11-19T18:50:13-08:00,37.4257777,-122.1365377,17.473793,1574218213.0,1574218212.127,10.697489444414774,POINT (-122.1365377 37.4257777),android,18.12692498484487,-0.19209242452876296,0.9841872018962796
2427,11.0,-21.0,127.32719,1166423876723089,time,2019-11-19T18:50:14-08:00,37.4256818,-122.1363717,17.609346,1574218214.0,1574218213.137,10.697767222192553,POINT (-122.1363717 37.4256818),android,17.934832560316107,0.7920947773675167,-1.3805465803614254
2428,11.0,-20.0,127.14767,1166424873492776,time,2019-11-19T18:50:15-08:00,37.4255872,-122.1362072,17.741404,1574218215.0,1574218214.149,10.69804499997033,POINT (-122.1362072 37.4255872),android,18.726927337683623,-0.5884518029939088,1.7165521634873926
2429,11.166,-20.0,127.901634,1166425861234026,time,2019-11-19T18:50:16-08:00,37.4254836,-122.13604,18.178478,1574218216.0,1574218215.168,10.698322777748109,POINT (-122.13604 37.4254836),android,18.138475534689714,1.1281003604934838,-5.699272671253867
2430,11.333,-20.0,128.0746,1166426865308713,time,2019-11-19T18:50:17-08:00,37.4253823,-122.135879,18.09285,1574218217.0,1574218216.157,10.698600555525886,POINT (-122.135879 37.4253823),android,19.2665758951832,-4.571172310760383,8.189552339922468
2431,11.6,-19.0,126.86963,1166428117915014,time,2019-11-19T18:50:18-08:00,37.4252811,-122.1357019,17.208736,1574218218.0,1574218217.372,10.698878333303664,POINT (-122.1357019 37.4252811),android,14.695403584422815,3.6183800291620845,-3.589754787002642
2432,11.8,-19.0,127.337906,1166428892113920,time,2019-11-19T18:50:19-08:00,37.4251999,-122.1355706,17.90153,1574218219.0,1574218218.212,10.699156111081441,POINT (-122.1355706 37.4251999),android,18.3137836135849,0.02862524215944262,0.08106474114574169
2433,12.0,-20.0,127.997826,1166429889520847,time,2019-11-19T18:50:20-08:00,37.4250954,-122.1354103,18.229597,1574218220.0,1574218219.152,10.699433888859218,POINT (-122.1354103 37.4250954),android,18.342408855744342,0.10968998330518431,0.5568741239785098
2434,12.0,-18.0,127.48388,1166430893732565,time,2019-11-19T18:50:21-08:00,37.4249953,-122.1352452,18.384542,1574218221.0,1574218220.186,10.699711666636997,POINT (-122.1352452 37.4249953),android,18.452098839049526,0.6665641072836941,-0.15092293007012358
2435,12.0,-18.0,127.31769,1166431889355117,time,2019-11-19T18:50:22-08:00,37.4248942,-122.1350795,18.546026,1574218222.0,1574218221.168,10.699989444414774,POINT (-122.1350795 37.4248942),android,19.11866294633322,0.5156411772135705,-0.348692006683212
2436,12.0,-19.0,128.12453,1166432886106991,time,2019-11-19T18:50:23-08:00,37.4247842,-122.1349131,18.867512,1574218223.0,1574218222.127,10.700267222192553,POINT (-122.1349131 37.4247842),android,19.63430412354679,0.16694917053035851,-0.14055076453434978
2437,12.0,-19.0,128.1372,1166433891901991,time,2019-11-19T18:50:24-08:00,37.4246724,-122.134741,19.174398,1574218224.0,1574218223.175,10.70054499997033,POINT (-122.134741 37.4246724),android,19.80125329407715,0.026398405996008734,2.9190688043340103
2438,12.0,-18.0,127.31808,1166434879321991,time,2019-11-19T18:50:25-08:00,37.4245675,-122.1345598,19.465027,1574218225.0,1574218224.143,10.700822777748108,POINT (-122.1345598 37.4245675),android,19.827651700073158,2.945467210330019,-9.926134822287658
2439,12.0,-17.0,126.185646,1166435882696417,time,2019-11-19T18:50:26-08:00,37.4244694,-122.1343723,19.504139,1574218226.0,1574218225.146,10.701100555525885,POINT (-122.1343723 37.4244694),android,22.773118910403177,-6.980667611957639,12.62483418084642
2440,12.0,-17.0,126.09694,1166437120946989,time,2019-11-19T18:50:27-08:00,37.4243521,-122.1341609,19.20476,1574218227.0,1574218226.372,10.701378333303664,POINT (-122.1341609 37.4243521),android,15.792451298445538,5.644166568888782,-6.3695467016326575
2441,12.0,-17.0,126.80721,1166437882137249,time,2019-11-19T18:50:28-08:00,37.4242666,-122.1340181,19.589329,1574218228.0,1574218227.169,10.70165611108144,POINT (-122.1340181 37.4242666),android,21.43661786733432,-0.7253801327438758,2.6455199497691986
2442,11.833,-19.0,128.58607,1166438885854124,time,2019-11-19T18:50:29-08:00,37.4241384,-122.1338368,20.21535,1574218229.0,1574218228.157,10.70193388885922,POINT (-122.1338368 37.4241384),android,20.711237734590444,1.9201398170253228,-7.161905493641122
2443,11.6,-19.0,128.49928,1166439882423915,time,2019-11-19T18:50:30-08:00,37.4240221,-122.1336536,20.381075,1574218230.0,1574218229.184,10.702211666636996,POINT (-122.1336536 37.4240221),android,22.631377551615767,-5.241765676615799,8.561496019259948
2444,11.6,-18.0,127.950066,1166441013951362,time,2019-11-19T18:50:31-08:00,37.4238988,-122.1334497,20.286266,1574218231.0,1574218230.269,10.702489444414775,POINT (-122.1334497 37.4238988),android,17.389611874999968,3.3197303426441493,-2.7875207371854067
2445,11.666,-19.0,126.54554,1166441872697143,time,2019-11-19T18:50:32-08:00,37.4238114,-122.1332864,20.240381,1574218232.0,1574218231.131,10.702767222192552,POINT (-122.1332864 37.4238114),android,20.709342217644117,0.5322096054587426,-0.3024276982053067
2446,11.6,-19.0,125.617096,1166442892397924,time,2019-11-19T18:50:33-08:00,37.4237077,-122.1330916,20.27494,1574218233.0,1574218232.183,10.70304499997033,POINT (-122.1330916 37.4237077),android,21.24155182310286,0.22978190725343595,3.7899220251663515
2447,11.8,-18.0,126.40009,1166443894635893,time,2019-11-19T18:50:34-08:00,37.4235921,-122.1329001,20.6532,1574218234.0,1574218233.235,10.703322777748108,POINT (-122.1329001 37.4235921),android,21.471333730356296,4.019703932419787,-10.711061228594723
2448,11.666,-17.0,126.79863,1166444882051778,time,2019-11-19T18:50:35-08:00,37.4234774,-122.1327045,21.033228,1574218235.0,1574218234.175,10.703600555525886,POINT (-122.1327045 37.4234774),android,25.491037662776083,-6.691357296174935,11.691758942660176
2449,11.8,-17.0,127.744156,1166446146926204,time,2019-11-19T18:50:36-08:00,37.423333,-122.1324803,20.804327,1574218236.0,1574218235.42,10.703878333303663,POINT (-122.1324803 37.423333),android,18.799680366601148,5.0004016464852405,-7.418386620522028
2450,11.8,-17.0,129.33867,1166446875112714,time,2019-11-19T18:50:37-08:00,37.4232161,-122.1323265,22.012657,1574218237.0,1574218236.138,10.704156111081442,POINT (-122.1323265 37.4232161),android,23.80008201308639,-2.417984974036788,4.811620070248328
2451,11.833,-16.0,129.72273,1166447885232453,time,2019-11-19T18:50:38-08:00,37.4230754,-122.1321234,22.407904,1574218238.0,1574218237.164,10.704433888859219,POINT (-122.1321234 37.4230754),android,21.3820970390496,2.39363509621154,-7.859656930489727
2452,11.833,-16.0,128.83026,1166448887496203,time,2019-11-19T18:50:39-08:00,37.4229558,-122.1319338,21.870743,1574218239.0,1574218238.156,10.704711666636996,POINT (-122.1319338 37.4229558),android,23.77573213526114,-5.466021834278187,9.901526709189753
2453,12.0,-16.0,128.27724,1166450054519223,time,2019-11-19T18:50:40-08:00,37.4228243,-122.1317215,21.371735,1574218240.0,1574218239.337,10.704989444414775,POINT (-122.1317215 37.4228243),android,18.309710300982953,4.435504874911565,-3.7407560903133437
2454,12.0,-17.0,127.7063,1166450888429952,time,2019-11-19T18:50:41-08:00,37.4227249,-122.1315562,21.5923,1574218241.0,1574218240.171,10.705267222192552,POINT (-122.1315562 37.4227249),android,22.74521517589452,0.6947487845982216,0.0062380337568122
2455,12.2,-17.0,127.94584,1166451884342191,time,2019-11-19T18:50:42-08:00,37.4225964,-122.1313558,22.087738,1574218242.0,1574218241.15,10.70554499997033,POINT (-122.1313558 37.4225964),android,23.43996396049274,0.7009868183550338,1.1204951560616436
2456,12.333,-17.0,128.4715,1166452883824639,time,2019-11-19T18:50:43-08:00,37.4224623,-122.131151,22.542173,1574218243.0,1574218242.16,10.705822777748107,POINT (-122.131151 37.4224623),android,24.140950778847774,1.8214819744166775,-10.155251560957772
2457,12.4,-16.0,129.01317,1166453887768024,time,2019-11-19T18:50:44-08:00,37.4223217,-122.1309427,22.994143,1574218244.0,1574218243.145,10.706100555525886,POINT (-122.1309427 37.4223217),android,25.96243275326445,-8.333769586541095,13.53271023677462
2458,12.4,-15.0,128.78435,1166455118710107,time,2019-11-19T18:50:45-08:00,37.4221741,-122.1307149,22.296495,1574218245.0,1574218244.381,10.706378333303663,POINT (-122.1307149 37.4221741),android,17.628663166723356,5.198940650233524,-4.638217390043746
2459,12.4,-16.0,128.38026,1166455892616461,time,2019-11-19T18:50:46-08:00,37.4220771,-122.130557,22.440434,1574218246.0,1574218245.171,10.706656111081442,POINT (-122.130557 37.4220771),android,22.82760381695688,0.5607232601897785,1.9852282086835942
2460,12.2,-16.0,128.37085,1166456889005939,time,2019-11-19T18:50:47-08:00,37.4219492,-122.1303548,22.636889,1574218247.0,1574218246.168,10.706933888859218,POINT (-122.1303548 37.4219492),android,23.38832707714666,2.5459514688733726,-6.470122610703829
2461,12.166,-15.0,127.78402,1166457870220106,time,2019-11-19T18:50:48-08:00,37.4218226,-122.1301433,23.057644,1574218248.0,1574218247.152,10.707211666636997,POINT (-122.1301433 37.4218226),android,25.934278546020032,-3.924171141830456,6.342010029084371
2462,12.0,-15.0,128.33795,1166459011025939,time,2019-11-19T18:50:49-08:00,37.4216755,-122.1299154,23.017635,1574218249.0,1574218248.285,10.707489444414774,POINT (-122.1299154 37.4216755),android,22.010107404189576,2.4178388872539145,-3.6002395211440437
2463,12.0,-14.0,128.81421,1166459890339428,time,2019-11-19T18:50:50-08:00,37.421549,-122.1297237,23.598083,1574218250.0,1574218249.178,10.707767222192553,POINT (-122.1297237 37.421549),android,24.42794629144349,-1.1824006338901292,4.609341785410688
2464,12.0,-15.0,128.38718,1166460893046146,time,2019-11-19T18:50:51-08:00,37.421415,-122.1295045,23.800884,1574218251.0,1574218250.154,10.70804499997033,POINT (-122.1295045 37.421415),android,23.24554565755336,3.426941151520559,-10.963951757790941
2465,12.0,-14.0,126.921844,1166461879197031,time,2019-11-19T18:50:52-08:00,37.4212976,-122.1292867,23.686989,1574218252.0,1574218251.166,10.708322777748108,POINT (-122.1292867 37.4212976),android,26.67248680907392,-7.537010606270382,12.011764529000885
2466,12.0,-15.0,126.87734,1166463130509166,time,2019-11-19T18:50:53-08:00,37.4211545,-122.1290443,22.947443,1574218253.0,1574218252.4,10.708600555525885,POINT (-122.1290443 37.4211545),android,19.135476202803538,4.474753922730503,-4.496063552148712
2467,12.0,-15.0,127.35515,1166463885370207,time,2019-11-19T18:50:54-08:00,37.4210485,-122.1288736,23.633175,1574218254.0,1574218253.2,10.708878333303664,POINT (-122.1288736 37.4210485),android,23.61023012553404,-0.021309629418208687,2.039118239622187
2468,12.0,-17.0,126.50099,1166464881511248,time,2019-11-19T18:50:55-08:00,37.4209248,-122.1286563,23.7643,1574218255.0,1574218254.167,10.709156111081441,POINT (-122.1286563 37.4209248),android,23.588920496115833,2.0178086102039785,-7.3162899182402015
2469,12.0,-16.0,126.08467,1166465883952133,time,2019-11-19T18:50:56-08:00,37.420803,-122.1284376,23.766079,1574218256.0,1574218255.152,10.70943388885922,POINT (-122.1284376 37.420803),android,25.60672910631981,-5.298481308036223,10.475591270908161
2470,12.0,-15.0,124.14754,1166467071547081,time,2019-11-19T18:50:57-08:00,37.4206842,-122.1281892,23.04049,1574218257.0,1574218256.317,10.709711666636997,POINT (-122.1281892 37.4206842),android,20.30824779828359,5.177109962871938,-4.92300504213706
2471,12.0,-14.0,124.718956,1166467881827549,time,2019-11-19T18:50:58-08:00,37.4205832,-122.1279976,23.735214,1574218258.0,1574218257.16,10.709989444414775,POINT (-122.1279976 37.4205832),android,25.485357761155527,0.25410492073487845,2.6859632769956256
2472,12.0,-16.0,126.35072,1166468883664007,time,2019-11-19T18:50:59-08:00,37.4204429,-122.1277694,24.33183,1574218259.0,1574218258.145,10.710267222192552,POINT (-122.1277694 37.4204429),android,25.739462681890405,2.940068197730504,-11.30063857172183
2473,12.0,-16.0,127.16333,1166469881750257,time,2019-11-19T18:51:00-08:00,37.4202996,-122.1275405,24.76,1574218260.0,1574218259.144,10.71054499997033,POINT (-122.1275405 37.4202996),android,28.67953087962091,-8.360570373991326,14.590568465159318
2474,12.0,-15.0,127.11433,1166471153355360,time,2019-11-19T18:51:01-08:00,37.420141,-122.1272844,23.938221,1574218261.0,1574218260.409,10.710822777748108,POINT (-122.1272844 37.420141),android,20.318960505629583,6.229998091167992,-5.67296844368817
2475,11.833,-14.0,127.34268,1166471882051713,time,2019-11-19T18:51:02-08:00,37.420029,-122.1271026,24.930202,1574218262.0,1574218261.158,10.711100555525885,POINT (-122.1271026 37.420029),android,26.548958596797576,0.5570296474798226,-1.989419199929575
2476,11.8,-15.0,127.873375,1166472882346505,time,2019-11-19T18:51:03-08:00,37.4198794,-122.1268683,25.436083,1574218263.0,1574218262.167,10.711378333303664,POINT (-122.1268683 37.4198794),android,27.1059882442774,-1.4323895524497523,0.9405530385991661
2477,11.6,-16.0,129.0628,1166473884480775,time,2019-11-19T18:51:04-08:00,37.4197178,-122.1266385,25.900667,1574218264.0,1574218263.173,10.71165611108144,POINT (-122.1266385 37.4197178),android,25.673598691827646,-0.49183651385058624,0.5068768072051633
2478,11.5,-16.0,129.62744,1166474881223014,time,2019-11-19T18:51:05-08:00,37.4195655,-122.12642,25.758171,1574218265.0,1574218264.164,10.71193388885922,POINT (-122.12642 37.4195655),android,25.18176217797706,0.015040293354577017,-0.27939556893937834
2479,11.333,-17.0,129.22897,1166475884645983,time,2019-11-19T18:51:06-08:00,37.4194222,-122.1261992,25.493483,1574218266.0,1574218265.165,10.712211666636996,POINT (-122.1261992 37.4194222),android,25.196802471331637,-0.2643552755848013,0.3061750644373653
2480,11.166,-15.0,128.27855,1166476881178482,time,2019-11-19T18:51:07-08:00,37.4192843,-122.1259728,25.422434,1574218267.0,1574218266.168,10.712489444414775,POINT (-122.1259728 37.4192843),android,24.932447195746835,0.04181978885256399,2.162091772478206
2481,11.166,-16.0,127.41588,1166477881971034,time,2019-11-19T18:51:08-08:00,37.4191512,-122.1257456,25.277908,1574218268.0,1574218267.159,10.712767222192552,POINT (-122.1257456 37.4191512),android,24.9742669845994,2.20391156133077,-8.510138661281378
2482,11.0,-15.0,126.891365,1166478884710044,time,2019-11-19T18:51:09-08:00,37.4190203,-122.1255158,25.19914,1574218269.0,1574218268.157,10.71304499997033,POINT (-122.1255158 37.4190203),android,27.17817854593017,-6.306227099950608,11.758570404302539
2483,11.0,-14.0,126.03179,1166480118352856,time,2019-11-19T18:51:10-08:00,37.4188816,-122.1252624,24.04018,1574218270.0,1574218269.372,10.713322777748107,POINT (-122.1252624 37.4188816),android,20.871951445979562,5.452343304351931,-4.961297998581934
2484,11.0,-13.0,125.68916,1166480891231032,time,2019-11-19T18:51:11-08:00,37.4187779,-122.1250654,25.025578,1574218271.0,1574218270.18,10.713600555525886,POINT (-122.1250654 37.4187779),android,26.324294750331493,0.4910453057699975,-0.8820417501447366
2485,11.0,-13.0,126.477394,1166481877454470,time,2019-11-19T18:51:12-08:00,37.418636,-122.1248268,25.70928,1574218272.0,1574218271.147,10.713878333303663,POINT (-122.1248268 37.418636),android,26.81534005610149,-0.3909964443747391,0.902788109568796
2486,11.0,-14.0,126.91224,1166482878218480,time,2019-11-19T18:51:13-08:00,37.4184892,-122.1245859,26.170517,1574218273.0,1574218272.15,10.714156111081442,POINT (-122.1245859 37.4184892),android,26.42434361172675,0.5117916651940568,-0.32137730256698305
2487,11.0,-14.0,127.61821,1166483878722333,time,2019-11-19T18:51:14-08:00,37.4183414,-122.1243516,26.246193,1574218274.0,1574218273.109,10.714433888859219,POINT (-122.1243516 37.4183414),android,26.936135276920808,0.19041436262707379,-0.7937266152675377
2488,11.0,-14.0,128.14081,1166484878233114,time,2019-11-19T18:51:15-08:00,37.4181906,-122.1241129,26.535631,1574218275.0,1574218274.141,10.714711666636997,POINT (-122.1241129 37.4181906),android,27.126549639547882,-0.603312252640464,0.3866846960410193
2489,11.0,-15.0,128.94014,1166485881311343,time,2019-11-19T18:51:16-08:00,37.4180336,-122.1238778,26.706638,1574218276.0,1574218275.159,10.714989444414774,POINT (-122.1238778 37.4180336),android,26.523237386907418,-0.21662755659944466,-0.6904192291076754
2490,11.166,-14.0,130.06207,1166486869030926,time,2019-11-19T18:51:17-08:00,37.4178733,-122.1236554,26.714478,1574218277.0,1574218276.144,10.715267222192553,POINT (-122.1236554 37.4178733),android,26.306609830307973,-0.90704678570712,3.0627691926495437
2491,11.333,-14.0,130.31291,1166487877915092,time,2019-11-19T18:51:18-08:00,37.4177169,-122.1234319,26.456093,1574218278.0,1574218277.183,10.71554499997033,POINT (-122.1234319 37.4177169),android,25.399563044600853,2.1557224069424237,-0.5631327303475402
2492,11.6,-16.0,131.38022,1166488891815509,time,2019-11-19T18:51:19-08:00,37.4175584,-122.1232248,25.893696,1574218279.0,1574218278.183,10.715822777748109,POINT (-122.1232248 37.4175584),android,27.555285451543277,1.5925896765948835,-2.6647443583875727
2493,11.5,-20.0,133.53136,1166489867458216,time,2019-11-19T18:51:20-08:00,37.4173696,-122.1230227,26.801554,1574218280.0,1574218279.129,10.716100555525886,POINT (-122.1230227 37.4173696),android,29.14787512813816,-1.0721546817926892,0.9672683130715747
2494,11.5,-19.0,133.22252,1166490871087383,time,2019-11-19T18:51:21-08:00,37.4171845,-122.122789,27.63202,1574218281.0,1574218280.133,10.716378333303663,POINT (-122.122789 37.4171845),android,28.07572044634547,-0.10488636872111456,0.4281292879364571
2495,11.6,-18.0,131.21512,1166491879198320,time,2019-11-19T18:51:22-08:00,37.4170237,-122.1225439,27.623959,1574218282.0,1574218281.15,10.716656111081441,POINT (-122.1225439 37.4170237),android,27.970834077624357,0.32324291921534254,-1.2874538400042752
2496,11.8,-18.0,129.45677,1166492888038163,time,2019-11-19T18:51:23-08:00,37.4168706,-122.1222926,27.618494,1574218283.0,1574218282.184,10.716933888859218,POINT (-122.1222926 37.4168706),android,28.2940769968397,-0.9642109207889327,2.9571866060116037
2497,11.833,-19.0,130.05074,1166493890280715,time,2019-11-19T18:51:24-08:00,37.4167024,-122.1220522,27.801086,1574218284.0,1574218283.163,10.717211666636997,POINT (-122.1220522 37.4167024),android,27.329866076050767,1.992975685222671,0.05986670197335897
2498,11.833,-18.0,130.10197,1166494804590975,time,2019-11-19T18:51:25-08:00,37.4165423,-122.1218174,28.329462,1574218285.0,1574218284.098,10.717489444414774,POINT (-122.1218174 37.4165423),android,29.322841761273438,2.05284238719603,-10.86201656767831
2499,12.2,-17.0,129.39442,1166495891595193,time,2019-11-19T18:51:26-08:00,37.4163772,-122.1215585,27.78793,1574218286.0,1574218285.152,10.717767222192553,POINT (-122.1215585 37.4163772),android,31.375684148469468,-8.80917418048228,14.231711932381067
2500,12.2,-17.0,129.34746,1166497154134046,time,2019-11-19T18:51:27-08:00,37.4161954,-122.1212868,26.763437,1574218287.0,1574218286.436,10.71804499997033,POINT (-122.1212868 37.4161954),android,22.566509967987187,5.422537751898787,-4.326613106662297
2501,12.166,-18.0,129.07413,1166497887260817,time,2019-11-19T18:51:28-08:00,37.416068,-122.1210879,27.771572,1574218288.0,1574218287.166,10.718322777748108,POINT (-122.1210879 37.416068),android,27.989047719885974,1.0959246452364901,-1.939349601300549
2502,12.0,-18.0,128.1967,1166498808574410,time,2019-11-19T18:51:29-08:00,37.415918,-122.1208334,28.512388,1574218289.0,1574218288.087,10.718600555525885,POINT (-122.1208334 37.415918),android,29.084972365122464,-0.8434249560640588,-4.099956483112138
2503,12.0,-17.0,126.60508,1166499885560920,time,2019-11-19T18:51:30-08:00,37.415771,-122.120561,27.798973,1574218290.0,1574218289.168,10.718878333303664,POINT (-122.120561 37.415771),android,28.241547409058406,-4.943381439176196,8.417091242348995
2504,12.0,-17.0,125.22277,1166501041079201,time,2019-11-19T18:51:31-08:00,37.4156333,-122.1202923,26.515602,1574218291.0,1574218290.329,10.71915611108144,POINT (-122.1202923 37.4156333),android,23.29816596988221,3.473709803172799,-2.5311861423095117
2505,12.0,-18.0,125.77978,1166501876461545,time,2019-11-19T18:51:32-08:00,37.415511,-122.1200781,27.001472,1574218292.0,1574218291.179,10.71943388885922,POINT (-122.1200781 37.415511),android,26.771875773055008,0.9425236608632872,2.001488639127608
2506,12.0,-16.0,125.598595,1166502885219148,time,2019-11-19T18:51:33-08:00,37.4153753,-122.1198277,26.848083,1574218293.0,1574218292.16,10.719711666636996,POINT (-122.1198277 37.4153753),android,27.714399433918295,2.944012299990895,-10.916757126465296
2507,12.0,-16.0,126.5967,1166503888669044,time,2019-11-19T18:51:34-08:00,37.4152232,-122.1195791,27.254543,1574218294.0,1574218293.196,10.719989444414775,POINT (-122.1195791 37.4152232),android,30.65841173390919,-7.9727448264744005,14.235720863976205
2508,11.8,-17.0,126.99908,1166505137004928,time,2019-11-19T18:51:35-08:00,37.4150534,-122.1193056,26.34752,1574218295.0,1574218294.404,10.720267222192552,POINT (-122.1193056 37.4150534),android,22.68566690743479,6.262976037501804,-6.570821653971013
2509,11.666,-17.0,127.768936,1166505878633834,time,2019-11-19T18:51:36-08:00,37.4149244,-122.1191066,27.636518,1574218296.0,1574218295.15,10.72054499997033,POINT (-122.1191066 37.4149244),android,28.948642944936594,-0.3078456164692085,2.359497365438717
2510,11.4,-16.0,128.36911,1166506880085344,time,2019-11-19T18:51:37-08:00,37.4147583,-122.1188542,28.128736,1574218297.0,1574218296.161,10.720822777748108,POINT (-122.1188542 37.4147583),android,28.640797328467386,2.0516517489695083,-8.907260955516076
2511,11.333,-15.0,128.5083,1166507877804771,time,2019-11-19T18:51:38-08:00,37.4145954,-122.118603,28.326933,1574218298.0,1574218297.189,10.721100555525886,POINT (-122.118603 37.4145954),android,30.692449077436894,-6.855609206546568,12.683724012465841
2512,11.0,-15.0,128.38939,1166509092529562,time,2019-11-19T18:51:39-08:00,37.4144229,-122.1183317,27.070276,1574218299.0,1574218298.366,10.721378333303663,POINT (-122.1183317 37.4144229),android,23.836839870890326,5.828114805919274,-5.252266736305597
2513,11.0,-16.0,129.17561,1166509880949301,time,2019-11-19T18:51:40-08:00,37.414283,-122.1181272,28.064325,1574218300.0,1574218299.166,10.721656111081442,POINT (-122.1181272 37.414283),android,29.6649546768096,0.5758480696136772,-3.090235310244754
2514,11.166,-16.0,130.65025,1166510878115499,time,2019-11-19T18:51:41-08:00,37.4141005,-122.1178822,28.662745,1574218301.0,1574218300.14,10.721933888859219,POINT (-122.1178822 37.4141005),android,30.240802746423277,-2.514387240631077,2.0446118169736067
2515,11.4,-18.0,132.01915,1166511891530707,time,2019-11-19T18:51:42-08:00,37.4139081,-122.1176402,29.010286,1574218302.0,1574218301.193,10.722211666636996,POINT (-122.1176402 37.4139081),android,27.7264155057922,-0.46977542365747027,1.0552567030671014
2516,11.6,-15.0,130.16948,1166512887450081,time,2019-11-19T18:51:43-08:00,37.4137546,-122.1173928,28.436178,1574218303.0,1574218302.161,10.722489444414775,POINT (-122.1173928 37.4137546),android,27.25664008213473,0.5854812794096311,-1.1444248215644457
2517,11.666,-14.0,128.36977,1166513891057946,time,2019-11-19T18:51:44-08:00,37.4136122,-122.1171416,27.851114,1574218304.0,1574218303.157,10.722767222192552,POINT (-122.1171416 37.4136122),android,27.84212136154436,-0.5589435421548146,0.2965937605226081
2518,11.8,-16.0,129.07191,1166514887426122,time,2019-11-19T18:51:45-08:00,37.4134492,-122.1169023,27.82279,1574218305.0,1574218304.155,10.72304499997033,POINT (-122.1169023 37.4134492),android,27.283177819389547,-0.26234978163220646,2.853243285146803
2519,11.6,-15.0,128.79247,1166515888859039,time,2019-11-19T18:51:46-08:00,37.4132959,-122.1166611,27.5378,1574218306.0,1574218305.154,10.723322777748107,POINT (-122.1166611 37.4132959),android,27.02082803775734,2.5908935035145966,-11.23310821659678
2520,11.5,-15.0,128.8359,1166516890275080,time,2019-11-19T18:51:47-08:00,37.4131435,-122.1164228,27.290415,1574218307.0,1574218306.18,10.723600555525886,POINT (-122.1164228 37.4131435),android,29.611721541271937,-8.642214713082183,14.768080153638259
2521,11.2,-16.0,128.01602,1166518157695131,time,2019-11-19T18:51:48-08:00,37.4129817,-122.1161565,25.66233,1574218308.0,1574218307.428,10.723878333303663,POINT (-122.1161565 37.4129817),android,20.969506828189754,6.125865440556076,-6.584458027403567
2522,11.0,-16.0,128.27034,1166518892577579,time,2019-11-19T18:51:49-08:00,37.4128633,-122.1159717,26.47759,1574218309.0,1574218308.181,10.724156111081442,POINT (-122.1159717 37.4128633),android,27.09537226874583,-0.45859258684749094,-0.32531438299531956
2523,11.0,-15.0,128.76952,1166519875233776,time,2019-11-19T18:51:50-08:00,37.4127078,-122.1157355,26.804354,1574218310.0,1574218309.15,10.724433888859219,POINT (-122.1157355 37.4127078),android,26.63677968189834,-0.7839069698428105,1.098771874562182
2524,11.0,-14.0,128.92567,1166520875150443,time,2019-11-19T18:51:51-08:00,37.4125557,-122.1155025,26.583727,1574218311.0,1574218310.137,10.724711666636997,POINT (-122.1155025 37.4125557),android,25.85287271205553,0.31486490471937145,-1.1976519263423846
2525,11.0,-14.0,128.84753,1166521868184244,time,2019-11-19T18:51:52-08:00,37.4124093,-122.1152751,26.248384,1574218312.0,1574218311.168,10.724989444414774,POINT (-122.1152751 37.4124093),android,26.1677376167749,-0.8827870216230131,0.2611042518870441
2526,11.0,-15.0,128.99756,1166522864949296,time,2019-11-19T18:51:53-08:00,37.4122594,-122.1150467,26.126062,1574218313.0,1574218312.202,10.725267222192553,POINT (-122.1150467 37.4122594),android,25.284950595151887,-0.621682769735969,0.9635034535207367
2527,11.0,-13.0,127.32537,1166523888514452,time,2019-11-19T18:51:54-08:00,37.4121293,-122.1148119,25.478502,1574218314.0,1574218313.175,10.72554499997033,POINT (-122.1148119 37.4121293),android,24.663267825415918,0.3418206837847677,2.8855147931590004
2528,11.0,-13.0,127.79884,1166524883564087,time,2019-11-19T18:51:55-08:00,37.411993,-122.1145916,25.177036,1574218315.0,1574218314.141,10.725822777748109,POINT (-122.1145916 37.411993),android,25.005088509200686,3.227335476943768,-11.78580871100845
2529,11.2,-13.0,128.55045,1166525885504607,time,2019-11-19T18:51:56-08:00,37.41185,-122.1143731,25.076813,1574218316.0,1574218315.158,10.726100555525885,POINT (-122.1143731 37.41185),android,28.232423986144454,-8.558473234064682,14.832358316591122
2530,11.6,-14.0,129.35097,1166527162959502,time,2019-11-19T18:51:57-08:00,37.4116856,-122.1141295,23.875957,1574218317.0,1574218316.412,10.726378333303664,POINT (-122.1141295 37.4116856),android,19.673950752079772,6.273885082526441,-7.713178143604889
2531,12.0,-16.0,130.73868,1166527871431741,time,2019-11-19T18:51:58-08:00,37.4115612,-122.1139711,24.824259,1574218318.0,1574218317.151,10.726656111081441,POINT (-122.1139711 37.4115612),android,25.947835834606213,-1.4392930610784482,2.622097964317433
2532,12.166,-15.0,130.61374,1166528874257730,time,2019-11-19T18:51:59-08:00,37.4114079,-122.1137496,25.001245,1574218319.0,1574218318.137,10.72693388885922,POINT (-122.1137496 37.4114079),android,24.508542773527765,1.182804903238985,-8.131835342057347
2533,12.333,-15.0,130.23946,1166529880213667,time,2019-11-19T18:52:00-08:00,37.4112641,-122.1135393,24.54508,1574218320.0,1574218319.173,10.727211666636997,POINT (-122.1135393 37.4112641),android,25.69134767676675,-6.949030438818362,10.940161668049505
2534,12.6,-13.0,129.52953,1166531110616062,time,2019-11-19T18:52:01-08:00,37.4111167,-122.1133153,23.005207,1574218321.0,1574218320.343,10.727489444414774,POINT (-122.1133153 37.4111167),android,18.742317237948388,3.9911312292311436,-3.2367521758398645
2535,12.5,-14.0,129.19244,1166531885909447,time,2019-11-19T18:52:02-08:00,37.4110121,-122.1131489,23.254324,1574218322.0,1574218321.161,10.727767222192552,POINT (-122.1131489 37.4110121),android,22.73344846717953,0.7543790533912791,-1.936420994889577
2536,12.333,-13.0,128.26727,1166532864845957,time,2019-11-19T18:52:03-08:00,37.410892,-122.1129406,23.014763,1574218323.0,1574218322.17,10.72804499997033,POINT (-122.1129406 37.410892),android,23.48782752057081,-1.1820419414982979,3.4475318363109686
2537,12.0,-15.0,128.71588,1166533876323092,time,2019-11-19T18:52:04-08:00,37.410759,-122.112734,22.90053,1574218324.0,1574218323.138,10.728322777748108,POINT (-122.112734 37.410759),android,22.305785579072513,2.2654898948126707,-9.939561554375807
2538,12.0,-15.0,128.98886,1166534883213040,time,2019-11-19T18:52:05-08:00,37.4106323,-122.1125382,22.37344,1574218325.0,1574218324.185,10.728600555525885,POINT (-122.1125382 37.4106323),android,24.571275473885184,-7.674071659563136,12.626414985112767
2539,12.0,-16.0,129.32555,1166536135399914,time,2019-11-19T18:52:06-08:00,37.4104894,-122.112326,21.255913,1574218326.0,1574218325.417,10.728878333303664,POINT (-122.112326 37.4104894),android,16.897203814322047,4.952343325549631,-6.172856888147713
2540,12.2,-16.0,129.49574,1166536886442987,time,2019-11-19T18:52:07-08:00,37.4103912,-122.11218,21.49188,1574218327.0,1574218326.193,10.72915611108144,POINT (-122.11218 37.4103912),android,21.849547139871678,-1.2205135625980823,1.498093817974528
2541,12.4,-15.0,128.72853,1166537882554653,time,2019-11-19T18:52:08-08:00,37.410271,-122.1119843,21.476692,1574218328.0,1574218327.182,10.72943388885922,POINT (-122.1119843 37.410271),android,20.629033577273596,0.2775802553764457,-2.847237959757475
2542,12.6,-15.0,129.1474,1166538886777413,time,2019-11-19T18:52:09-08:00,37.4101523,-122.1118048,20.891886,1574218329.0,1574218328.219,10.729711666636996,POINT (-122.1118048 37.4101523),android,20.90661383265004,-2.5696577043810294,4.548709721816287
2543,12.666,-16.0,126.33343,1166539871646475,time,2019-11-19T18:52:10-08:00,37.4100556,-122.1116018,20.739828,1574218330.0,1574218329.099,10.729989444414775,POINT (-122.1116018 37.4100556),android,18.336956128269012,1.979052017435258,-2.1050611084197577
2544,12.833,-15.0,127.12565,1166540800691371,time,2019-11-19T18:52:11-08:00,37.4099552,-122.1114371,20.099703,1574218331.0,1574218330.071,10.730267222192552,POINT (-122.1114371 37.4099552),android,20.31600814570427,-0.12600909098449975,0.14925534793627548
2545,13.0,-15.0,126.712814,1166541887039183,time,2019-11-19T18:52:12-08:00,37.4098487,-122.1112502,19.460299,1574218332.0,1574218331.152,10.73054499997033,POINT (-122.1112502 37.4098487),android,20.18999905471977,0.023246256951775734,0.8313619249662132
2546,13.0,-16.0,125.73954,1166542884044756,time,2019-11-19T18:52:13-08:00,37.4097487,-122.1110594,19.618216,1574218333.0,1574218332.166,10.730822777748108,POINT (-122.1110594 37.4097487),android,20.213245311671546,0.8546081819179889,-9.195415448739444
2547,13.0,-20.0,129.28989,1166543884127411,time,2019-11-19T18:52:14-08:00,37.4096203,-122.1108974,19.56346,1574218334.0,1574218333.178,10.731100555525886,POINT (-122.1108974 37.4096203),android,21.067853493589535,-8.340807266821455,13.004583688329532
2548,13.0,-20.0,129.35847,1166545144897098,time,2019-11-19T18:52:15-08:00,37.4094983,-122.1107149,18.409678,1574218335.0,1574218334.415,10.731378333303663,POINT (-122.1107149 37.4094983),android,12.72704622676808,4.663776421508077,-4.852443378742654
2549,13.0,-18.0,130.50171,1166545883265952,time,2019-11-19T18:52:16-08:00,37.4094169,-122.1106136,18.018011,1574218336.0,1574218335.198,10.731656111081442,POINT (-122.1106136 37.4094169),android,17.390822648276156,-0.18866695723457738,-0.3502381725427135
2550,13.0,-19.0,132.10355,1166546889851993,time,2019-11-19T18:52:17-08:00,37.4093029,-122.1104788,17.714209,1574218337.0,1574218336.175,10.731933888859219,POINT (-122.1104788 37.4093029),android,17.20215569104158,-0.5389051297772909,-0.24260668174901667
2551,13.0,-19.0,131.1926,1166547884179805,time,2019-11-19T18:52:18-08:00,37.409199,-122.1103345,17.567938,1574218338.0,1574218337.186,10.732211666636998,POINT (-122.1103345 37.409199),android,16.663250561264288,-0.7815118115263076,0.2203779419497458
2552,13.0,-19.0,132.13754,1166548881505899,time,2019-11-19T18:52:19-08:00,37.4090917,-122.1102028,17.20955,1574218339.0,1574218338.158,10.732489444414774,POINT (-122.1102028 37.4090917),android,15.88173874973798,-0.5611338695765618,0.6652485824753676
2553,13.0,-18.0,130.9328,1166549884789909,time,2019-11-19T18:52:20-08:00,37.4089948,-122.1100707,16.754587,1574218340.0,1574218339.161,10.732767222192553,POINT (-122.1100707 37.4089948),android,15.320604880161419,0.1041147128988058,-0.3332131227759465
2554,13.0,-17.0,129.29283,1166550884881002,time,2019-11-19T18:52:21-08:00,37.4089106,-122.1099334,16.189674,1574218341.0,1574218340.171,10.73304499997033,POINT (-122.1099334 37.4089106),android,15.424719593060225,-0.2290984098771407,2.133632852951866
2555,13.0,-16.0,128.49158,1166551886201887,time,2019-11-19T18:52:22-08:00,37.408826,-122.109795,15.916061,1574218342.0,1574218341.174,10.733322777748107,POINT (-122.109795 37.408826),android,15.195621183183084,1.9045344430747253,-8.075228042850611
2556,12.833,-16.0,128.21823,1166552882973970,time,2019-11-19T18:52:23-08:00,37.4087422,-122.1096591,15.587619,1574218343.0,1574218342.168,10.733600555525886,POINT (-122.1096591 37.4087422),android,17.10015562625781,-6.170693599775886,9.220820076531743
2557,12.6,-17.0,127.29334,1166554143202823,time,2019-11-19T18:52:24-08:00,37.4086531,-122.1095013,14.914984,1574218344.0,1574218343.41,10.733878333303663,POINT (-122.1095013 37.4086531),android,10.929462026481923,3.0501264767558567,-3.1640693379719913
2558,12.666,-17.0,125.770386,1166554868201625,time,2019-11-19T18:52:25-08:00,37.4086047,-122.1093936,14.786745,1574218345.0,1574218344.14,10.734156111081441,POINT (-122.1093936 37.4086047),android,13.97958850323778,-0.11394286121613462,-0.31497029351400485
2559,12.666,-16.0,122.84197,1166555872652145,time,2019-11-19T18:52:26-08:00,37.4085543,-122.1092486,14.13701,1574218346.0,1574218345.163,10.734433888859218,POINT (-122.1092486 37.4085543),android,13.865645642021645,-0.42891315473013947,-1.4902476685598138
2560,12.6,-16.0,120.65064,1166556888358447,time,2019-11-19T18:52:27-08:00,37.4085097,-122.109102,13.641053,1574218347.0,1574218346.173,10.734711666636997,POINT (-122.109102 37.4085097),android,13.436732487291506,-1.9191608232899533,2.2793784471778338
2561,12.8,-17.0,123.24757,1166558032562561,time,2019-11-19T18:52:28-08:00,37.4084472,-122.1089718,12.804102,1574218348.0,1574218347.291,10.734989444414774,POINT (-122.1089718 37.4084472),android,11.517571664001553,0.3602176238878805,-1.0018075375191149
2562,12.833,-18.0,124.23116,1166558882894956,time,2019-11-19T18:52:29-08:00,37.4083931,-122.1088606,12.820374,1574218349.0,1574218348.202,10.735267222192553,POINT (-122.1088606 37.4083931),android,11.877789287889433,-0.6415899136312344,1.994103442232893
2563,13.0,-16.0,125.54803,1166559887100529,time,2019-11-19T18:52:30-08:00,37.4083335,-122.108749,12.142051,1574218350.0,1574218349.148,10.73554499997033,POINT (-122.108749 37.4083335),android,11.236199374258199,1.3525135286016585,-6.313808006088222
2564,13.0,-16.0,125.32876,1166560883295737,time,2019-11-19T18:52:31-08:00,37.4082801,-122.108641,11.622863,1574218351.0,1574218350.143,10.735822777748108,POINT (-122.108641 37.4082801),android,12.588712902859857,-4.961294477486564,6.656832578562616
2565,13.0,-17.0,125.03355,1166562124618236,time,2019-11-19T18:52:32-08:00,37.4082204,-122.1085199,10.9791975,1574218352.0,1574218351.406,10.736100555525885,POINT (-122.1085199 37.4082204),android,7.6274184253732935,1.6955381010760524,-2.0271126095579453
2566,13.166,-19.0,126.09032,1166562883938548,time,2019-11-19T18:52:33-08:00,37.4081817,-122.1084486,10.482264,1574218353.0,1574218352.164,10.736378333303664,POINT (-122.1084486 37.4081817),android,9.322956526449346,-0.33157450848189285,-0.10043587698056022
2567,13.666,-20.0,126.98794,1166563872671360,time,2019-11-19T18:52:34-08:00,37.4081296,-122.1083659,9.798777,1574218354.0,1574218353.157,10.736656111081441,POINT (-122.1083659 37.4081296),android,8.991382017967453,-0.4320103854624531,-0.45288872247468737
2568,14.5,-20.0,125.96067,1166564884773391,time,2019-11-19T18:52:35-08:00,37.4080819,-122.1082837,9.298577,1574218355.0,1574218354.172,10.73693388885922,POINT (-122.1082837 37.4080819),android,8.559371632505,-0.8848991079371404,0.05051807948524656
2569,18.0,-21.0,127.77404,1166569181366201,time,2019-11-19T18:52:39-08:00,37.4079079,-122.1079639,8.041441,1574218359.0,1574218358.458,10.738044999970331,POINT (-122.1079639 37.4079079),android,5.019775200756438,-0.6828267899961542,2.9284863002585224
2570,17.666,-17.0,131.43958,1166569871385107,time,2019-11-19T18:52:40-08:00,37.407863,-122.107958,7.699876,1574218360.0,1574218359.147,10.738322777748108,POINT (-122.107958 37.407863),android,4.336948410760284,2.245659510262368,-3.002268240151908
2571,16.333,-18.0,130.65749,1166570883305628,time,2019-11-19T18:52:41-08:00,37.4078255,-122.1079445,6.216152,1574218361.0,1574218360.128,10.738600555525887,POINT (-122.1079445 37.4078255),android,6.582607921022652,-0.7566087298895399,-1.743186193382103
2572,15.75,-21.0,130.81525,1166571871696565,time,2019-11-19T18:52:42-08:00,37.4077755,-122.1079046,5.899003,1574218362.0,1574218361.172,10.738878333303663,POINT (-122.1079046 37.4077755),android,5.825999191133112,-2.4997949232716428,2.0488976398461993
2573,15.2,-21.0,132.11879,1166573015814898,time,2019-11-19T18:52:43-08:00,37.4077351,-122.1078626,4.6063004,1574218363.0,1574218362.291,10.73915611108144,POINT (-122.1078626 37.4077351),android,3.3262042678614696,-0.45089728342544344,-0.28730525329375345
2574,14.833,-20.0,127.458015,1166573859843491,time,2019-11-19T18:52:44-08:00,37.4077128,-122.1078375,3.6681848,1574218364.0,1574218363.115,10.73943388885922,POINT (-122.1078375 37.4077128),android,2.875306984436026,-0.7382025367191969,-0.048188984944204094
2575,14.0,-16.0,120.93746,1166574861183907,time,2019-11-19T18:52:45-08:00,37.407709,-122.1078053,2.514351,1574218365.0,1574218364.129,10.739711666636996,POINT (-122.1078053 37.407709),android,2.1371044477168293,-0.786391521663401,0.018762530194488813
2576,13.2,-19.0,130.92792,1166575885114740,time,2019-11-19T18:52:46-08:00,37.407697,-122.1077864,1.7434098,1574218366.0,1574218365.17,10.739989444414775,POINT (-122.1077864 37.407697),android,1.3507129260534283,-0.7676289914689122,0.41981343976669083
2577,13.0,-20.0,132.83618,1166576880797761,time,2019-11-19T18:52:47-08:00,37.4076884,-122.1077756,1.3862302,1574218367.0,1574218366.163,10.740267222192552,POINT (-122.1077756 37.4076884),android,0.5830839345845161,-0.34781555170222134,1.4863828758945257
2578,13.0,-19.0,132.87766,1166577883639583,time,2019-11-19T18:52:48-08:00,37.4076848,-122.1077708,1.3598784,1574218368.0,1574218367.16,10.74054499997033,POINT (-122.1077708 37.4076848),android,0.2352683828822948,1.1385673241923044,-1.269854622966466
2579,13.0,-18.0,138.23044,1166578881349895,time,2019-11-19T18:52:49-08:00,37.407683,-122.1077722,0.8940777,1574218369.0,1574218368.147,10.740822777748107,POINT (-122.1077722 37.407683),android,1.3738357070745992,-0.13128729877416156,-0.2859609256119582
2580,13.0,-18.0,213.12091,1166579787033853,time,2019-11-19T18:52:50-08:00,37.4076887,-122.107786,0.19861783,1574218370.0,1574218369.05,10.741100555525886,POINT (-122.107786 37.4076887),android,1.2425484083004377,-0.41724822438611975,-0.22760453169204808
2581,13.0,-18.0,290.16675,1166580853324478,time,2019-11-19T18:52:51-08:00,37.4076944,-122.1077981,0.5727867,1574218371.0,1574218370.124,10.741378333303663,POINT (-122.1077981 37.4076944),android,0.8253001839143179,-0.6448527560781678,0.8836712407511854
2582,13.0,-18.0,295.40536,1166581882050519,time,2019-11-19T18:52:52-08:00,37.4076981,-122.1078062,0.6648758,1574218372.0,1574218371.177,10.741656111081442,POINT (-122.1078062 37.4076981),android,0.18044742783615011,0.2388184846730176,-0.22703469677836505
2583,12.857,-17.0,296.53967,1166582883422185,time,2019-11-19T18:52:53-08:00,37.407699,-122.1078079,0.473857,1574218373.0,1574218372.17,10.741933888859219,POINT (-122.1078079 37.407699),android,0.4192659125091677,0.011783787894652564,1.0912864714506578
2584,12.6,-17.0,293.22336,1166583889535727,time,2019-11-19T18:52:54-08:00,37.4077002,-122.1078124,0.44724628,1574218374.0,1574218373.156,10.742211666636997,POINT (-122.1078124 37.4077002),android,0.4310497004038203,1.1030702593453103,-2.384762258734572
2585,12.333,-17.0,278.5715,1166584880125466,time,2019-11-19T18:52:55-08:00,37.4076995,-122.1078172,0.4255433,1574218375.0,1574218374.179,10.742489444414774,POINT (-122.1078172 37.4076995),android,1.5341199597491306,-1.2816919993892613,1.242974532451016
2586,12.166,-17.0,226.56464,1166586022927340,time,2019-11-19T18:52:56-08:00,37.4076877,-122.1078262,0.76280236,1574218376.0,1574218375.327,10.742767222192553,POINT (-122.1078262 37.4076877),android,0.2524279603598693,-0.03871746693824532,0.12484346337289476
2587,12.142,-17.0,229.11014,1166586851185465,time,2019-11-19T18:52:57-08:00,37.4076866,-122.1078287,0.59934103,1574218377.0,1574218376.126,10.74304499997033,POINT (-122.1078287 37.4076866),android,0.213710493421624,0.08612599643464944,0.22679908708162014
2588,12.0,-17.0,232.59749,1166587853875934,time,2019-11-19T18:52:58-08:00,37.4076858,-122.1078309,0.42919663,1574218378.0,1574218377.173,10.743322777748109,POINT (-122.1078309 37.4076858),android,0.2998364898562734,0.3129250835162696,-0.04263919777088232
2589,11.857,-16.0,259.54282,1166588831011194,time,2019-11-19T18:52:59-08:00,37.4076884,-122.10783,0.17089099,1574218379.0,1574218378.112,10.743600555525886,POINT (-122.10783 37.4076884),android,0.612761573372543,0.27028588574538726,-0.7468429942860758
2590,11.571,-14.5,354.05484,1166589788152079,time,2019-11-19T18:53:00-08:00,37.4076937,-122.1078281,0.24230072,1574218380.0,1574218379.055,10.743878333303664,POINT (-122.1078281 37.4076937),android,0.8830474591179303,-0.47655710854068856,0.7032565063658165
2591,11.428,-14.5,11.317029,1166590882904787,time,2019-11-19T18:53:01-08:00,37.4077013,-122.1078252,0.5147557,1574218381.0,1574218380.146,10.744156111081441,POINT (-122.1078252 37.4077013),android,0.4064903505772417,0.22669939782512794,-0.24424854204125768
2592,11.166,-14.5,10.840222,1166591871076036,time,2019-11-19T18:53:02-08:00,37.4077049,-122.1078244,0.46672332,1574218382.0,1574218381.125,10.74443388885922,POINT (-122.1078244 37.4077049),android,0.6331897484023696,-0.017549144216129742,-0.08537607464687091
2593,11.0,-14.5,10.644879,1166592883549109,time,2019-11-19T18:53:03-08:00,37.4077105,-122.1078231,0.53917223,1574218383.0,1574218382.137,10.744711666636997,POINT (-122.1078231 37.4077105),android,0.6156406041862399,-0.10292521886300066,-0.2392969635002654
2594,11.0,-14.5,8.691703,1166593860834629,time,2019-11-19T18:53:04-08:00,37.407716,-122.1078223,0.5759081,1574218384.0,1574218383.116,10.744989444414774,POINT (-122.1078223 37.407716),android,0.5127153853232392,-0.34222218236326607,0.21958655495076598
2595,11.0,-14.5,3.2087991,1166594870809525,time,2019-11-19T18:53:05-08:00,37.4077206,-122.1078227,0.5323855,1574218385.0,1574218384.132,10.745267222192552,POINT (-122.1078227 37.4077206),android,0.1704932029599732,-0.12263562741250009,0.47982642690294297
2596,11.0,-14.5,0.13373354,1166595883332441,time,2019-11-19T18:53:06-08:00,37.4077221,-122.1078231,0.36393955,1574218386.0,1574218385.183,10.74554499997033,POINT (-122.1078231 37.4077221),android,0.047857575547473115,0.35719079949044286,-0.21388725267535008
2597,10.833,-14.5,357.92697,1166596880826503,time,2019-11-19T18:53:07-08:00,37.4077225,-122.1078233,0.22450192,1574218387.0,1574218386.175,10.745822777748108,POINT (-122.1078233 37.4077225),android,0.40504837503791596,0.14330354681509277,-0.34514534470423036
2598,10.666,-14.5,4.3687754,1166597952817388,time,2019-11-19T18:53:08-08:00,37.4077261,-122.1078226,0.29517248,1574218388.0,1574218387.186,10.746100555525885,POINT (-122.1078226 37.4077261),android,0.5483519218530087,-0.2018417978891376,-0.11007494490779746
2599,10.4,-14.5,5.3522863,1166598879888377,time,2019-11-19T18:53:09-08:00,37.407731,-122.1078219,0.41927293,1574218389.0,1574218388.158,10.746378333303664,POINT (-122.1078219 37.407731),android,0.34651012396387115,-0.31191674279693504,0.3150704895845217
2600,10.166,-14.5,5.7763977,1166599880976450,time,2019-11-19T18:53:10-08:00,37.4077341,-122.1078215,0.3629048,1574218390.0,1574218389.167,10.74665611108144,POINT (-122.1078215 37.4077341),android,0.03459338116693614,0.0031537467875866823,-0.003153747452710999
2601,10.142,-14.5,1.835969,1166600882743637,time,2019-11-19T18:53:11-08:00,37.4077343,-122.1078218,0.20425136,1574218391.0,1574218390.149,10.74693388885922,POINT (-122.1078218 37.4077343),android,0.03774712795452282,-6.651243167343779e-10,-0.01550814103547549
2602,10.0,-14.5,356.59958,1166601880901293,time,2019-11-19T18:53:12-08:00,37.407734,-122.107822,0.096563436,1574218392.0,1574218391.154,10.747211666636996,POINT (-122.107822 37.407734),android,0.037747127289398504,-0.015508141700599807,0.03861564701979912
2603,10.0,-14.5,347.63382,1166602884205459,time,2019-11-19T18:53:13-08:00,37.4077337,-122.1078222,0.038535226,1574218393.0,1574218392.166,10.747489444414775,POINT (-122.1078222 37.4077337),android,0.022238985588798697,0.02310750531919931,-0.046215011428486094
2604,10.0,-14.5,325.16296,1166603871530042,time,2019-11-19T18:53:14-08:00,37.4077335,-122.1078222,0.011801841,1574218394.0,1574218393.17,10.747767222192552,POINT (-122.1078222 37.4077335),android,0.045346490907998006,-0.023107506109286784,0.01198801410497491
2605,10.0,-14.5,208.05083,1166604850207802,time,2019-11-19T18:53:15-08:00,37.4077331,-122.1078223,0.0145478435,1574218395.0,1574218394.109,10.74804499997033,POINT (-122.1078223 37.4077331),android,0.022238984798711222,-0.011119492004311874,0.011119492004311874
2606,10.0,-14.5,285.75177,1166606062308479,time,2019-11-19T18:53:16-08:00,37.4077333,-122.1078223,0.0046846154,1574218396.0,1574218395.328,10.748322777748108,POINT (-122.1078223 37.4077333),android,0.011119492794399348,0.0,0.003081123648592714
2607,10.0,-14.5,340.92053,1166606890000197,time,2019-11-19T18:53:17-08:00,37.4077334,-122.1078223,0.008579355,1574218397.0,1574218396.202,10.748600555525886,POINT (-122.1078223 37.4077334),android,0.011119492794399348,0.003081123648592714,-0.003081123655925628
2608,10.0,-14.5,351.4013,1166607883836655,time,2019-11-19T18:53:18-08:00,37.4077335,-122.1078223,0.00859018,1574218398.0,1574218397.148,10.748878333303663,POINT (-122.1078223 37.4077335),android,0.014200616442992062,-7.332913790070172e-12,-0.0030811236339268865
2609,10.0,-14.5,13.514882,1166608880723634,time,2019-11-19T18:53:19-08:00,37.4077336,-122.1078222,0.009686101,1574218399.0,1574218398.168,10.749156111081442,POINT (-122.1078222 37.4077336),android,0.014200616435659149,-0.0030811236412598003,0.0030811228511723257
2610,10.0,-14.5,1.59912,1166609880805873,time,2019-11-19T18:53:20-08:00,37.4077337,-122.1078223,0.010242237,1574218400.0,1574218399.141,10.749433888859219,POINT (-122.1078223 37.4077337),android,0.011119492794399348,-7.900874746114006e-10,0.0030811259801424157
2611,10.0,-14.5,354.07764,1166611174520194,time,2019-11-19T18:53:21-08:00,37.4077338,-122.1078223,0.009923915,1574218401.0,1574218400.435,10.749711666636998,POINT (-122.1078223 37.4077338),android,0.011119492004311874,0.003081125190054941,-0.003081125970761352
2612,10.0,-14.5,355.13724,1166611882152225,time,2019-11-19T18:53:22-08:00,37.4077339,-122.1078223,0.013873314,1574218402.0,1574218401.175,10.749989444414775,POINT (-122.1078223 37.4077339),android,0.014200617194366815,-7.807064109771611e-10,-0.005368039066607152
2613,10.0,-14.5,336.91147,1166612885370975,time,2019-11-19T18:53:23-08:00,37.407734,-122.1078224,0.00893685,1574218403.0,1574218402.148,10.750267222192551,POINT (-122.1078224 37.407734),android,0.014200616413660404,-0.005368039847313563,0.00765495607536607
2614,10.0,-14.5,274.40167,1166613882700402,time,2019-11-19T18:53:24-08:00,37.4077339,-122.1078225,0.005948882,1574218404.0,1574218403.132,10.75054499997033,POINT (-122.1078225 37.4077339),android,0.008832576566346841,0.0022869162280525074,-0.0022869162280525074
2615,10.0,-14.5,275.83188,1166614861457068,time,2019-11-19T18:53:25-08:00,37.4077339,-122.1078226,0.007711342,1574218405.0,1574218404.146,10.750822777748107,POINT (-122.1078226 37.4077339),android,0.011119492794399348,0.0,0.0
2616,10.0,-14.5,309.3006,1166615876070870,time,2019-11-19T18:53:26-08:00,37.407734,-122.1078226,0.0075782766,1574218406.0,1574218405.129,10.751100555525886,POINT (-122.1078226 37.407734),android,0.011119492794399348,0.0,0.0030811243779687164
2617,10.0,-14.5,336.45297,1166616883554359,time,2019-11-19T18:53:27-08:00,37.4077341,-122.1078226,0.0087624565,1574218407.0,1574218406.152,10.751378333303663,POINT (-122.1078226 37.4077341),android,0.011119492794399348,0.0030811243779687164,0.006647045098036005
2618,10.0,-14.5,4.9996414,1166617867138057,time,2019-11-19T18:53:28-08:00,37.4077342,-122.1078226,0.010108392,1574218408.0,1574218407.127,10.751656111081441,POINT (-122.1078226 37.4077342),android,0.014200617172368065,0.009728169476004722,-0.022537464120065635
2619,10.0,-14.5,11.054954,1166618862515087,time,2019-11-19T18:53:29-08:00,37.4077343,-122.1078225,0.011319152,1574218409.0,1574218408.133,10.751933888859218,POINT (-122.1078225 37.4077343),android,0.023928786648372787,-0.012809294644060913,0.0016898026397490391
2620,10.0,-14.5,17.2849,1166619883265087,time,2019-11-19T18:53:30-08:00,37.4077345,-122.1078224,0.015350429,1574218410.0,1574218409.139,10.752211666636997,POINT (-122.1078224 37.4077345),android,0.011119492004311874,-0.011119492004311874,0.011119492004311874
2621,10.0,-14.5,39.399853,1166620884309878,time,2019-11-19T18:53:31-08:00,37.4077344,-122.1078224,0.006471779,1574218411.0,1574218410.183,10.752489444414774,POINT (-122.1078224 37.4077344),android,0.0,0.0,0.0
2622,10.0,-14.5,2.6497598,1166621872097170,time,2019-11-19T18:53:32-08:00,37.4077344,-122.1078224,0.0034561146,1574218412.0,1574218411.14,10.752767222192553,POINT (-122.1078224 37.4077344),android,0.0,0.0,0.011119492004311874
2623,10.0,-14.5,34.621296,1166622854441544,time,2019-11-19T18:53:33-08:00,37.4077344,-122.1078224,0.0023337065,1574218413.0,1574218412.118,10.75304499997033,POINT (-122.1078224 37.4077344),android,0.0,0.011119492004311874,-0.011119491214224399
2624,10.2,-14.5,57.083405,1166623900831023,time,2019-11-19T18:53:34-08:00,37.4077344,-122.1078224,0.0015826669,1574218414.0,1574218413.165,10.753322777748108,POINT (-122.1078224 37.4077344),android,0.011119492004311874,7.900874746114006e-10,-7.900874746114006e-10
2625,10.428,-14.5,17.302961,1166624882099304,time,2019-11-19T18:53:35-08:00,37.4077345,-122.1078224,0.0033079616,1574218415.0,1574218414.136,10.753600555525885,POINT (-122.1078224 37.4077345),android,0.011119492794399348,0.0,0.0
2626,10.571,-14.5,4.6582065,1166625884029876,time,2019-11-19T18:53:36-08:00,37.4077346,-122.1078224,0.006646662,1574218416.0,1574218415.168,10.753878333303664,POINT (-122.1078224 37.4077346),android,0.011119492794399348,0.0,0.0
2627,10.714,-14.5,1.4243754,1166626862830293,time,2019-11-19T18:53:37-08:00,37.4077347,-122.1078224,0.009195596,1574218417.0,1574218416.144,10.754156111081441,POINT (-122.1078224 37.4077347),android,0.011119492794399348,0.0,-0.011119492794399348
2628,11.0,-14.5,0.21153378,1166627864347636,time,2019-11-19T18:53:38-08:00,37.4077348,-122.1078224,0.013716097,1574218418.0,1574218417.131,10.75443388885922,POINT (-122.1078224 37.4077348),android,0.011119492794399348,-0.011119492794399348,0.19443069722965095
2629,10.8,-14.5,359.82138,1166628931645344,time,2019-11-19T18:53:39-08:00,37.4077349,-122.1078224,0.011192582,1574218419.0,1574218418.213,10.754711666636997,POINT (-122.1078224 37.4077349),android,0.0,0.1833112044352516,-0.2523138729716422
2630,10.666,-14.5,359.6129,1166629787792583,time,2019-11-19T18:53:40-08:00,37.4077349,-122.1078224,0.00771449,1574218420.0,1574218419.055,10.754989444414775,POINT (-122.1078224 37.4077349),android,0.1833112044352516,-0.06900266853639064,4.062344448782507e-05
2631,10.428,-14.5,13.150928,1166630855281749,time,2019-11-19T18:53:41-08:00,37.4077365,-122.1078219,0.09361192,1574218421.0,1574218420.117,10.755267222192552,POINT (-122.1078219 37.4077365),android,0.11430853589886095,-0.06896204509190282,0.03781617040528849
2632,10.333,-14.5,13.099011,1166631863207843,time,2019-11-19T18:53:42-08:00,37.4077375,-122.1078216,0.1030915,1574218422.0,1574218421.125,10.755544999970331,POINT (-122.1078216 37.4077375),android,0.04534649080695813,-0.031145874686614325,0.02806475136066987
2633,10.333,-14.5,13.074879,1166632875997634,time,2019-11-19T18:53:43-08:00,37.4077379,-122.1078215,0.077922285,1574218423.0,1574218422.164,10.755822777748108,POINT (-122.1078215 37.4077379),android,0.014200616120343802,-0.0030811233259444536,0.07177748279998827
2634,10.5,-14.5,14.973784,1166633941259665,time,2019-11-19T18:53:44-08:00,37.407738,-122.1078214,0.049661774,1574218424.0,1574218423.248,10.756100555525885,POINT (-122.1078214 37.407738),android,0.011119492794399348,0.06869635947404382,-0.09017581249029596
2635,10.833,-14.5,18.884638,1166634861994613,time,2019-11-19T18:53:45-08:00,37.4077379,-122.1078214,0.024777237,1574218425.0,1574218424.161,10.756378333303664,POINT (-122.1078214 37.4077379),android,0.07981585226844316,-0.021479453016252155,-0.012928158485698546
2636,10.857,-14.5,188.68912,1166635854556070,time,2019-11-19T18:53:46-08:00,37.4077372,-122.1078216,0.024572311,1574218426.0,1574218425.116,10.75665611108144,POINT (-122.1078216 37.4077372),android,0.05833639925219101,-0.0344076115019507,0.019311398756344925
2637,11.0,-14.5,191.32492,1166636872967841,time,2019-11-19T18:53:47-08:00,37.4077367,-122.1078218,0.036218986,1574218427.0,1574218426.131,10.75693388885922,POINT (-122.1078218 37.4077367),android,0.023928787750240307,-0.015096212745605776,0.020464254744682227
2638,11.0,-14.5,196.41914,1166637865744559,time,2019-11-19T18:53:48-08:00,37.4077365,-122.1078219,0.03112913,1574218428.0,1574218427.152,10.757211666636996,POINT (-122.1078219 37.4077365),android,0.008832575004634531,0.005368041999076449,-0.01956865900278743
2639,11.0,-14.5,205.20326,1166638770235601,time,2019-11-19T18:53:49-08:00,37.4077365,-122.107822,0.022652842,1574218429.0,1574218428.074,10.757489444414775,POINT (-122.107822 37.4077365),android,0.01420061700371098,-0.01420061700371098,0.023033193251740455
2640,11.142,-14.5,233.71371,1166639851481746,time,2019-11-19T18:53:50-08:00,37.4077366,-122.1078221,0.009068066,1574218430.0,1574218429.115,10.757767222192552,POINT (-122.1078221 37.4077366),android,0.0,0.008832576248029477,0.015693325887139092
2641,11.333,-14.5,229.21367,1166640875909089,time,2019-11-19T18:53:51-08:00,37.4077366,-122.1078221,0.005404773,1574218431.0,1574218430.152,10.75804499997033,POINT (-122.1078221 37.4077366),android,0.008832576248029477,0.02452590213516857,-0.04368376494335498
2642,11.5,-14.5,223.32166,1166641881285287,time,2019-11-19T18:53:52-08:00,37.4077366,-122.107822,0.002639725,1574218432.0,1574218431.172,10.758322777748107,POINT (-122.107822 37.4077366),android,0.03335847838319805,-0.019157862808186404,0.004957247233174764
2643,11.5,-14.5,7.932696,1166642876749089,time,2019-11-19T18:53:53-08:00,37.4077369,-122.107822,0.014452564,1574218433.0,1574218432.158,10.758600555525886,POINT (-122.107822 37.4077369),android,0.01420061557501164,-0.01420061557501164,0.025320107579323514
2644,11.8,-14.5,14.549234,1166643803323932,time,2019-11-19T18:53:54-08:00,37.407737,-122.1078219,0.010946231,1574218434.0,1574218433.084,10.758878333303663,POINT (-122.1078219 37.407737),android,0.0,0.011119492004311874,-0.022238984008623747
2645,11.666,-14.5,22.066107,1166644865831692,time,2019-11-19T18:53:55-08:00,37.407737,-122.1078219,0.0061310325,1574218435.0,1574218434.134,10.759156111081442,POINT (-122.1078219 37.407737),android,0.011119492004311874,-0.011119492004311874,3.6833215981506764
2646,11.571,-14.5,29.47201,1166645873804869,time,2019-11-19T18:53:56-08:00,37.4077369,-122.1078219,0.0028148887,1574218436.0,1574218435.146,10.759433888859219,POINT (-122.1078219 37.4077369),android,0.0,3.6722021061463646,-3.5124615766115763
2647,11.428,-14.5,164.41606,1166646861680650,time,2019-11-19T18:53:57-08:00,37.4077369,-122.1078219,0.0025211554,1574218437.0,1574218436.134,10.759711666636997,POINT (-122.1078219 37.4077369),android,3.6722021061463646,0.15974052953478823,-0.021696680918018796
2648,11.285,-14.5,126.698006,1166647866131743,time,2019-11-19T18:53:58-08:00,37.4077192,-122.1077868,2.467511,1574218438.0,1574218437.13,10.759989444414774,POINT (-122.1077868 37.4077192),android,3.831942635681153,0.13804384861676944,-0.22294783956461295
2649,11.285,-14.5,126.15876,1166648799906847,time,2019-11-19T18:53:59-08:00,37.4076921,-122.10776,2.8619192,1574218439.0,1574218438.067,10.760267222192553,POINT (-122.10776 37.4076921),android,3.9699864842979222,-0.08490399094784351,0.5805230605014344
2650,11.011,-14.5,124.14519,1166649874173044,time,2019-11-19T18:54:00-08:00,37.4076701,-122.1077246,3.1026802,1574218440.0,1574218439.126,10.76054499997033,POINT (-122.1077246 37.4076701),android,3.8850824933500787,0.4956190695535909,-0.5061452326215372
2651,11.011,-14.5,126.54681,1166650874473721,time,2019-11-19T18:54:01-08:00,37.4076498,-122.1076888,3.467516,1574218441.0,1574218440.16,10.760822777748109,POINT (-122.1076888 37.4076498),android,4.38070156290367,-0.010526163067946293,0.3537769153443451
2652,11.011,-14.5,131.29189,1166651884917939,time,2019-11-19T18:54:02-08:00,37.4076233,-122.1076521,3.6488636,1574218442.0,1574218441.169,10.761100555525886,POINT (-122.1076521 37.4076233),android,4.370175399835723,0.3432507522763988,0.803940773516957
2653,11.011,-14.5,129.17674,1166652881275960,time,2019-11-19T18:54:03-08:00,37.4076019,-122.1076106,3.8631613,1574218443.0,1574218442.139,10.761378333303664,POINT (-122.1076106 37.4076019),android,4.713426152112122,1.1471915257933558,-2.3125135073154466
2654,11.009,-14.5,128.04874,1166653799264293,time,2019-11-19T18:54:04-08:00,37.4075778,-122.1075667,4.226247,1574218444.0,1574218443.052,10.761656111081441,POINT (-122.1075667 37.4075778),android,5.860617677905478,-1.1653219815220908,1.278358866927098
2655,11.0,-14.5,127.95544,1166654902532834,time,2019-11-19T18:54:05-08:00,37.4075482,-122.1075118,4.331943,1574218445.0,1574218444.163,10.761933888859218,POINT (-122.1075118 37.4075482),android,4.695295696383387,0.11303688540500723,0.21709017810442077
2656,11.166,-14.5,126.141464,1166655888462677,time,2019-11-19T18:54:06-08:00,37.4075269,-122.1074659,4.47041,1574218446.0,1574218445.16,10.762211666636997,POINT (-122.1074659 37.4075269),android,4.808332581788394,0.330127063509428,-0.8395657377855077
2657,11.285,-14.5,126.77744,1166656874491635,time,2019-11-19T18:54:07-08:00,37.4075028,-122.1074207,4.509049,1574218447.0,1574218446.171,10.762489444414774,POINT (-122.1074207 37.4075028),android,5.138459645297822,-0.5094386742760797,1.2266408023766697
2658,11.428,-14.5,126.76968,1166657881141375,time,2019-11-19T18:54:08-08:00,37.4074774,-122.1073721,4.7920003,1574218448.0,1574218447.16,10.762767222192553,POINT (-122.1073721 37.4074774),android,4.629020971021743,0.71720212810059,-0.3953386389050362
2659,11.8,-14.5,124.701416,1166658801772520,time,2019-11-19T18:54:09-08:00,37.4074525,-122.1073301,4.664385,1574218449.0,1574218448.077,10.76304499997033,POINT (-122.1073301 37.4074525),android,5.346223099122333,0.32186348919555385,-0.6269948876729581
2660,12.0,-14.5,125.03798,1166659881639915,time,2019-11-19T18:54:10-08:00,37.4074225,-122.1072828,4.8072553,1574218450.0,1574218449.155,10.763322777748108,POINT (-122.1072828 37.4074225),android,5.668086588317887,-0.3051313984774042,0.7841338470008896
2661,12.428,-18.19999885559082,123.194885,1166660852443509,time,2019-11-19T18:54:11-08:00,37.4073933,-122.1072302,5.3240314,1574218451.0,1574218450.143,10.763600555525885,POINT (-122.1072302 37.4073933),android,5.362955189840482,0.4790024485234854,1.7899891340355705
2662,12.571,-18.19999885559082,123.10566,1166661855374238,time,2019-11-19T18:54:12-08:00,37.4073684,-122.1071782,5.087758,1574218452.0,1574218451.123,10.763878333303664,POINT (-122.1071782 37.4073684),android,5.841957638363968,2.268991582559056,-4.1077706031588175
2663,12.714,-18.19999885559082,124.9614,1166662873921946,time,2019-11-19T18:54:13-08:00,37.4073397,-122.1071228,5.7407126,1574218453.0,1574218452.141,10.76415611108144,POINT (-122.1071228 37.4073397),android,8.110949220923024,-1.8387790205997616,6.225010119368363
2664,13.0,-18.19999885559082,126.35029,1166664206906633,time,2019-11-19T18:54:14-08:00,37.4072964,-122.1070489,6.171199,1574218454.0,1574218453.477,10.76443388885922,POINT (-122.1070489 37.4072964),android,6.272170200323262,4.386231098768602,-5.766764314657043
2665,13.0,-18.19999885559082,129.89757,1166664789396997,time,2019-11-19T18:54:15-08:00,37.4072537,-122.1070025,6.8629117,1574218455.0,1574218454.073,10.764711666636996,POINT (-122.1070025 37.4072537),android,10.658401299091864,-1.3805332158884411,0.7345549231535067
2666,13.0,-18.19999885559082,128.99835,1166665884106476,time,2019-11-19T18:54:16-08:00,37.4071859,-122.1069172,7.472625,1574218456.0,1574218455.154,10.764989444414775,POINT (-122.1069172 37.4071859),android,9.277868083203423,-0.6459782927349345,0.597135659238937
2667,12.833,-18.19999885559082,130.32466,1166666866063246,time,2019-11-19T18:54:17-08:00,37.407127,-122.1068428,7.728248,1574218457.0,1574218456.155,10.765267222192552,POINT (-122.1068428 37.407127),android,8.631889790468488,-0.04884263349599749,1.0179225510868335
2668,12.714,-18.19999885559082,130.12038,1166667853874392,time,2019-11-19T18:54:18-08:00,37.4070714,-122.1067746,7.713353,1574218458.0,1574218457.107,10.76554499997033,POINT (-122.1067746 37.4070714),android,8.58304715697249,0.969079917590836,-0.7238457489278645
2669,12.571,-18.19999885559082,127.89722,1166668851106474,time,2019-11-19T18:54:19-08:00,37.4070232,-122.1066987,7.9079223,1574218459.0,1574218458.137,10.765822777748108,POINT (-122.1066987 37.4070232),android,9.552127074563327,0.24523416866297154,-2.01570980006327
2670,12.2,-18.19999885559082,127.867485,1166669870780588,time,2019-11-19T18:54:20-08:00,37.4069671,-122.1066168,8.364899,1574218460.0,1574218459.133,10.766100555525886,POINT (-122.1066168 37.4069671),android,9.797361243226298,-1.7704756314002985,3.1445619282944826
2671,12.333,-18.19999885559082,127.98286,1166670881675692,time,2019-11-19T18:54:21-08:00,37.4069091,-122.1065333,8.68831,1574218461.0,1574218460.156,10.766378333303663,POINT (-122.1065333 37.4069091),android,8.026885611826,1.374086296894184,-5.313258391770164
2672,12.4,-18.19999885559082,126.30205,1166671883462775,time,2019-11-19T18:54:22-08:00,37.4068694,-122.1064574,8.804447,1574218462.0,1574218461.16,10.766656111081442,POINT (-122.1064574 37.4068694),android,9.400971908720184,-3.93917209487598,7.340468333560702
2673,12.4,-18.19999885559082,125.327446,1166673159288503,time,2019-11-19T18:54:23-08:00,37.406828,-122.1063646,8.888498,1574218463.0,1574218462.411,10.766933888859219,POINT (-122.1063646 37.406828),android,5.461799813844204,3.401296238684722,-2.246163116393003
2674,12.6,-18.19999885559082,123.9215,1166673863121888,time,2019-11-19T18:54:24-08:00,37.4068084,-122.1063079,8.976168,1574218464.0,1574218463.137,10.767211666636996,POINT (-122.1063079 37.4068084),android,8.863096052528926,1.1551331222917192,0.7184107806783295
2675,12.666,-18.19999885559082,124.0851,1166674860214075,time,2019-11-19T18:54:25-08:00,37.4067672,-122.106222,9.33113,1574218465.0,1574218464.124,10.767489444414775,POINT (-122.106222 37.4067672),android,10.018229174820645,1.8735439029700487,-4.136016505520939
2676,12.833,-18.19999885559082,124.228004,1166675880614700,time,2019-11-19T18:54:26-08:00,37.4067169,-122.1061279,9.714379,1574218466.0,1574218465.159,10.767767222192552,POINT (-122.1061279 37.4067169),android,11.891773077790694,-2.26247260255089,4.666627498118361
2677,12.8,-18.19999885559082,125.08153,1166677041481262,time,2019-11-19T18:54:27-08:00,37.4066549,-122.1060182,10.0572195,1574218467.0,1574218466.283,10.76804499997033,POINT (-122.1060182 37.4066549),android,9.629300475239804,2.404154895567471,-2.7676581090855255
2678,12.833,-18.19999885559082,126.066826,1166677881672616,time,2019-11-19T18:54:28-08:00,37.4066024,-122.1059315,10.47294,1574218468.0,1574218467.193,10.768322777748107,POINT (-122.1059315 37.4066024),android,12.033455370807275,-0.3635032135180545,2.862441811216401
2679,13.0,-18.19999885559082,123.781845,1166678886877042,time,2019-11-19T18:54:29-08:00,37.4065409,-122.1058194,11.179682,1574218469.0,1574218468.163,10.768600555525886,POINT (-122.1058194 37.4065409),android,11.66995215728922,2.4989385976983467,-6.773625313667708
2680,13.2,-18.19999885559082,122.70888,1166679879567667,time,2019-11-19T18:54:30-08:00,37.4064851,-122.1057075,11.219009,1574218470.0,1574218469.144,10.768878333303663,POINT (-122.1057075 37.4064851),android,14.168890754987567,-4.274686715969361,6.487947799161855
2681,13.4,-18.19999885559082,122.24985,1166681165529020,time,2019-11-19T18:54:31-08:00,37.4064174,-122.1055716,11.200574,1574218471.0,1574218470.445,10.769156111081442,POINT (-122.1055716 37.4064174),android,9.894204039018206,2.213261083192494,-1.4564186859005854
2682,13.333,-18.19999885559082,124.968414,1166681868879019,time,2019-11-19T18:54:32-08:00,37.4063601,-122.1054859,11.626446,1574218472.0,1574218471.152,10.769433888859218,POINT (-122.1054859 37.4063601),android,12.1074651222107,0.7568423972919085,1.4960491412513157
2683,13.5,-18.19999885559082,125.449326,1166682787231780,time,2019-11-19T18:54:33-08:00,37.4062946,-122.1053764,11.923421,1574218473.0,1574218472.065,10.769711666636997,POINT (-122.1053764 37.4062946),android,12.864307519502608,2.252891538543224,-7.310355088948922
2684,13.833,-18.19999885559082,126.0858,1166683804043706,time,2019-11-19T18:54:34-08:00,37.4062223,-122.1052627,11.884694,1574218474.0,1574218473.088,10.769989444414774,POINT (-122.1052627 37.4062223),android,15.117199058045832,-5.057463550405698,8.144890714845925
2685,14.2,-18.19999885559082,124.046646,1166685112826622,time,2019-11-19T18:54:35-08:00,37.4061487,-122.1051188,11.99233,1574218475.0,1574218474.409,10.770267222192553,POINT (-122.1051188 37.4061487),android,10.059735507640134,3.0874271644402267,-3.1102500018093977
2686,14.666,-18.19999885559082,123.86283,1166685876259383,time,2019-11-19T18:54:36-08:00,37.4060988,-122.1050238,12.402255,1574218476.0,1574218475.149,10.77054499997033,POINT (-122.1050238 37.4060988),android,13.147162672080361,-0.022822837369171012,2.1913854714766945
2687,16.0,-18.19999885559082,123.398994,1166686879703861,time,2019-11-19T18:54:37-08:00,37.406034,-122.1048993,12.714205,1574218477.0,1574218476.155,10.770822777748108,POINT (-122.1048993 37.406034),android,13.12433983471119,2.1685626341075235,-5.0054889280606165
2688,17.6,-18.19999885559082,123.75346,1166687886831986,time,2019-11-19T18:54:38-08:00,37.4059672,-122.1047768,12.81503,1574218478.0,1574218477.171,10.771100555525885,POINT (-122.1047768 37.4059672),android,15.292902468818713,-2.836926293953093,5.502485283231822
2689,18.8,-18.19999885559082,122.69422,1166689039009694,time,2019-11-19T18:54:39-08:00,37.4058934,-122.1046307,13.18637,1574218479.0,1574218478.324,10.771378333303664,POINT (-122.1046307 37.4058934),android,12.45597617486562,2.665558989278729,-3.513237401589331
2690,19.166,-18.19999885559082,123.18802,1166689877536985,time,2019-11-19T18:54:40-08:00,37.4058279,-122.1045163,13.592799,1574218480.0,1574218479.19,10.771656111081441,POINT (-122.1045163 37.4058279),android,15.12153516414435,-0.8476784123106018,1.1882325722174656
2691,19.666,-18.19999885559082,122.32882,1166690875564589,time,2019-11-19T18:54:41-08:00,37.4057546,-122.1043721,13.974801,1574218481.0,1574218480.146,10.77193388885922,POINT (-122.1043721 37.4057546),android,14.273856751833748,0.3405541599068638,2.097689459359593
2692,19.833,-18.19999885559082,120.91896,1166691879200839,time,2019-11-19T18:54:42-08:00,37.4056916,-122.1042313,14.153393,1574218482.0,1574218481.169,10.772211666636997,POINT (-122.1042313 37.4056916),android,14.614410911740611,2.4382436192664567,-7.811298911882126
2693,19.833,-18.19999885559082,120.390205,1166692876246724,time,2019-11-19T18:54:43-08:00,37.4056259,-122.104088,14.368167,1574218483.0,1574218482.178,10.772489444414775,POINT (-122.104088 37.4056259),android,17.052654531007068,-5.373055292615669,9.40746666693362
2694,19.2,-18.19999885559082,120.958664,1166694121689639,time,2019-11-19T18:54:44-08:00,37.4055476,-122.103922,14.16678,1574218484.0,1574218483.366,10.772767222192552,POINT (-122.103922 37.4055476),android,11.679599238391399,4.034411374317951,-4.283676126267746
2695,19.2,-18.19999885559082,120.69883,1166694879974326,time,2019-11-19T18:54:45-08:00,37.4054952,-122.1038074,14.6325,1574218485.0,1574218484.204,10.77304499997033,POINT (-122.1038074 37.4054952),android,15.71401061270935,-0.24926475194979503,2.9979778776518042
2696,19.4,-18.19999885559082,117.81493,1166695879690107,time,2019-11-19T18:54:46-08:00,37.4054375,-122.103645,15.0993185,1574218486.0,1574218485.171,10.773322777748108,POINT (-122.103645 37.4054375),android,15.464745860759555,2.748713125702009,-8.838636568334982
2697,19.5,-18.19999885559082,113.83184,1166696871661513,time,2019-11-19T18:54:47-08:00,37.4054099,-122.1034734,14.788005,1574218487.0,1574218486.141,10.773600555525885,POINT (-122.1034734 37.4054099),android,18.213458986461564,-6.089923442632973,9.511795294412057
2698,20.0,-18.19999885559082,113.354126,1166698109563075,time,2019-11-19T18:54:48-08:00,37.4053605,-122.1032768,14.723319,1574218488.0,1574218487.386,10.773878333303664,POINT (-122.1032768 37.4053605),android,12.123535543828591,3.421871851779084,-2.154953478190663
2699,20.0,-18.19999885559082,112.984825,1166698882014846,time,2019-11-19T18:54:49-08:00,37.4053309,-122.1031447,14.694248,1574218489.0,1574218488.181,10.77415611108144,POINT (-122.1031447 37.4053309),android,15.545407395607675,1.266918373588421,-1.3387166290713672
2700,19.833,-18.19999885559082,111.091286,1166699869394897,time,2019-11-19T18:54:50-08:00,37.4052908,-122.1029761,15.085804,1574218490.0,1574218489.151,10.77443388885922,POINT (-122.1029761 37.4052908),android,16.812325769196097,-0.07179825548294616,0.3754049703529816
2701,19.666,-18.19999885559082,111.14879,1166700869726147,time,2019-11-19T18:54:51-08:00,37.4052344,-122.1027995,15.735947,1574218491.0,1574218490.156,10.774711666636996,POINT (-122.1027995 37.4052344),android,16.74052751371315,0.30360671487003543,0.9096173588274787
2702,20.0,-18.19999885559082,110.83542,1166701861423751,time,2019-11-19T18:54:52-08:00,37.4051838,-122.102621,16.024403,1574218492.0,1574218491.123,10.774989444414775,POINT (-122.102621 37.4051838),android,17.044134228583186,1.2132240736975142,-1.7751991941064773
2703,20.0,-18.19999885559082,111.88664,1166702860740573,time,2019-11-19T18:54:53-08:00,37.405125,-122.1024428,16.200771,1574218493.0,1574218492.115,10.775267222192552,POINT (-122.1024428 37.405125),android,18.2573583022807,-0.5619751204089631,1.874168654820103
2704,20.0,-18.19999885559082,114.94293,1166703889949635,time,2019-11-19T18:54:54-08:00,37.405041,-122.1022652,16.645279,1574218494.0,1574218493.152,10.77554499997033,POINT (-122.1022652 37.405041),android,17.695383181871737,1.31219353441114,1.9645086185105747
2705,20.2,-18.19999885559082,116.40312,1166704869781354,time,2019-11-19T18:54:55-08:00,37.4049613,-122.1020918,16.902077,1574218495.0,1574218494.16,10.775822777748107,POINT (-122.1020918 37.4049613),android,19.007576716282877,3.2767021529217146,-10.069711992625608
2706,19.8,-18.19999885559082,117.625946,1166705870627603,time,2019-11-19T18:54:56-08:00,37.4048752,-122.1019059,17.246279,1574218496.0,1574218495.146,10.776100555525886,POINT (-122.1019059 37.4048752),android,22.28427886920459,-6.793009839703894,11.492692532813471
2707,19.2,-18.19999885559082,117.555824,1166707154603332,time,2019-11-19T18:54:57-08:00,37.4047797,-122.1016841,17.446005,1574218497.0,1574218496.435,10.776378333303663,POINT (-122.1016841 37.4047797),android,15.491269029500698,4.699682693109578,-4.336694681745223
2708,18.2,-18.19999885559082,119.63008,1166707882011873,time,2019-11-19T18:54:58-08:00,37.4046975,-122.1015425,17.985521,1574218498.0,1574218497.176,10.776656111081442,POINT (-122.1015425 37.4046975),android,20.190951722610276,0.36298801136435443,0.766581524013791
2709,17.5,-18.19999885559082,120.62738,1166708863828123,time,2019-11-19T18:54:59-08:00,37.4045956,-122.1013533,18.47222,1574218499.0,1574218498.167,10.776933888859219,POINT (-122.1013533 37.4045956),android,20.55393973397463,1.1295695353781454,-8.176410673153557
2710,16.5,-18.19999885559082,122.02324,1166709861729321,time,2019-11-19T18:55:00-08:00,37.404484,-122.1011678,18.83989,1574218500.0,1574218499.151,10.777211666636997,POINT (-122.1011678 37.404484),android,21.683509269352776,-7.046841137775411,12.011653481500879
2711,14.8,-18.19999885559082,119.67876,1166711121379372,time,2019-11-19T18:55:01-08:00,37.4043909,-122.1009521,18.20257,1574218501.0,1574218500.397,10.777489444414774,POINT (-122.1009521 37.4043909),android,14.636668131577364,4.964812343725468,-5.0832556644125955
2712,14.5,-18.19999885559082,119.29976,1166711865321195,time,2019-11-19T18:55:02-08:00,37.4043269,-122.1008073,18.41785,1574218502.0,1574218501.162,10.777767222192553,POINT (-122.1008073 37.4043269),android,19.601480475302832,-0.1184433206871276,1.3637911501360769
2713,13.666,-18.19999885559082,117.66196,1166712881011819,time,2019-11-19T18:55:03-08:00,37.4042473,-122.1006093,18.707811,1574218503.0,1574218502.17,10.77804499997033,POINT (-122.1006093 37.4042473),android,19.483037154615705,1.2453478294489493,-4.475226871196515
2714,13.2,-18.19999885559082,118.25515,1166713865603590,time,2019-11-19T18:55:04-08:00,37.4041575,-122.1004199,19.039944,1574218504.0,1574218503.134,10.778322777748109,POINT (-122.1004199 37.4041575),android,20.728384984064654,-3.229879041747566,4.900792531955293
2715,13.0,-18.19999885559082,116.23063,1166715011037079,time,2019-11-19T18:55:05-08:00,37.4040779,-122.1002077,18.859316,1574218505.0,1574218504.275,10.778600555525886,POINT (-122.1002077 37.4040779),android,17.498505942317088,1.6709134902077274,-1.6419496442043275
2716,12.833,-18.19999885559082,116.8526,1166715880948954,time,2019-11-19T18:55:06-08:00,37.4040018,-122.1000343,18.993635,1574218506.0,1574218505.151,10.778878333303663,POINT (-122.1000343 37.4040018),android,19.169419432524816,0.02896384600339985,-0.3728701264508487
2717,12.8,-18.19999885559082,115.44221,1166716883087547,time,2019-11-19T18:55:07-08:00,37.4039345,-122.0998345,18.87944,1574218507.0,1574218506.183,10.779156111081441,POINT (-122.0998345 37.4039345),android,19.198383278528215,-0.34390628044744886,3.6757060528920036
2718,12.8,-18.19999885559082,114.46047,1166717892150567,time,2019-11-19T18:55:08-08:00,37.403869,-122.0996334,18.899885,1574218508.0,1574218507.179,10.779433888859218,POINT (-122.0996334 37.403869),android,18.854476998080766,3.3317997724445547,-9.688655525372218
2719,12.8,-6.0,114.264915,1166718884854213,time,2019-11-19T18:55:09-08:00,37.4038041,-122.0994362,18.89344,1574218509.0,1574218508.165,10.779711666636997,POINT (-122.0994362 37.4038041),android,22.18627677052532,-6.356855752927663,10.97531579963296
2720,12.8,-7.0,113.732574,1166720124154681,time,2019-11-19T18:55:10-08:00,37.4037288,-122.0992036,18.677675,1574218510.0,1574218509.389,10.779989444414774,POINT (-122.0992036 37.4037288),android,15.829421017597658,4.618460046705296,-4.823483849134652
2721,12.833,-8.0,115.54656,1166720875022701,time,2019-11-19T18:55:11-08:00,37.4036639,-122.0990441,19.201464,1574218511.0,1574218510.173,10.780267222192553,POINT (-122.0990441 37.4036639),android,20.447881064302955,-0.20502380242935558,2.478429751837748
2722,13.0,-10.0,115.4185,1166721877139003,time,2019-11-19T18:55:12-08:00,37.4035855,-122.0988347,19.568043,1574218512.0,1574218511.165,10.78054499997033,POINT (-122.0988347 37.4035855),android,20.2428572618736,2.2734059494083922,-8.901658515351345
2723,13.0,-8.0,114.38805,1166722863589680,time,2019-11-19T18:55:13-08:00,37.4035154,-122.0986232,19.830688,1574218513.0,1574218512.163,10.780822777748108,POINT (-122.0986232 37.4035154),android,22.51626321128199,-6.628252565942953,11.329213375727914
2724,13.0,-8.0,113.49814,1166724118226346,time,2019-11-19T18:55:14-08:00,37.4034379,-122.0983877,19.403425,1574218514.0,1574218513.377,10.781100555525885,POINT (-122.0983877 37.4034379),android,15.888010645339039,4.700960809784961,-4.1293699820756
2725,13.0,-8.0,114.98455,1166724875000773,time,2019-11-19T18:55:15-08:00,37.4033734,-122.0982272,19.84583,1574218515.0,1574218514.176,10.781378333303664,POINT (-122.0982272 37.4033734),android,20.588971455124,0.5715908277093611,-0.3841661299996204
2726,13.0,-9.0,114.96631,1166725874534366,time,2019-11-19T18:55:16-08:00,37.4032982,-122.0980142,20.023632,1574218516.0,1574218515.144,10.78165611108144,POINT (-122.0980142 37.4032982),android,21.16056228283336,0.18742469770974068,-0.7087126489758688
2727,12.8,-8.0,115.627075,1166726877429626,time,2019-11-19T18:55:17-08:00,37.4032108,-122.0978014,20.539417,1574218517.0,1574218516.199,10.78193388885922,POINT (-122.0978014 37.4032108),android,21.3479869805431,-0.5212879512661281,0.2662750987689968
2728,12.8,-9.0,117.74312,1166727884431136,time,2019-11-19T18:55:18-08:00,37.4031104,-122.0975954,20.74461,1574218518.0,1574218517.152,10.782211666636996,POINT (-122.0975954 37.4031104),android,20.826699029276973,-0.25501285249713135,0.0005760942670640645
2729,12.833,-8.0,118.587944,1166728878102750,time,2019-11-19T18:55:19-08:00,37.4030154,-122.0973922,20.82469,1574218519.0,1574218518.169,10.782489444414775,POINT (-122.0973922 37.4030154),android,20.571686176779842,-0.2544367582300673,0.47596185065253493
2730,12.8,-7.0,118.04952,1166729875776604,time,2019-11-19T18:55:20-08:00,37.4029282,-122.0971868,20.864252,1574218520.0,1574218519.173,10.782767222192552,POINT (-122.0971868 37.4029282),android,20.317249418549775,0.22152509242246765,3.3649199079181322
2731,12.8,-8.0,117.49963,1166730874876864,time,2019-11-19T18:55:21-08:00,37.4028466,-122.096981,20.780058,1574218521.0,1574218520.15,10.78304499997033,POINT (-122.096981 37.4028466),android,20.538774510972242,3.5864450003406,-11.55516178355705
2732,12.833,-7.0,116.75656,1166731867519884,time,2019-11-19T18:55:22-08:00,37.4027642,-122.0967729,20.96074,1574218522.0,1574218521.15,10.783322777748108,POINT (-122.0967729 37.4027642),android,24.125219511312842,-7.9687167832164505,14.211779888128355
2733,13.0,-7.0,114.81741,1166733165729831,time,2019-11-19T18:55:23-08:00,37.4026747,-122.0965241,20.562307,1574218523.0,1574218522.427,10.783600555525886,POINT (-122.0965241 37.4026747),android,16.15650272809639,6.243063104911904,-6.840727263504466
2734,13.0,-8.0,116.02148,1166733868421966,time,2019-11-19T18:55:24-08:00,37.4026015,-122.0963661,21.221117,1574218524.0,1574218523.163,10.783878333303663,POINT (-122.0963661 37.4026015),android,22.399565833008296,-0.5976641585925613,0.7373456555994835
2735,13.0,-8.0,116.685455,1166734877274049,time,2019-11-19T18:55:25-08:00,37.4025053,-122.0961433,21.53767,1574218525.0,1574218524.156,10.784156111081442,POINT (-122.0961433 37.4025053),android,21.801901674415735,0.13968149700692223,-0.8662523198017524
2736,13.2,-9.0,116.02955,1166735875464153,time,2019-11-19T18:55:26-08:00,37.4024188,-122.0959218,21.686087,1574218526.0,1574218525.187,10.784433888859219,POINT (-122.0959218 37.4024188),android,21.941583171422657,-0.7265708227948302,1.2099756199971559
2737,13.4,-10.0,116.92861,1166736879561028,time,2019-11-19T18:55:27-08:00,37.4023232,-122.0957045,21.707163,1574218527.0,1574218526.147,10.784711666636996,POINT (-122.0957045 37.4023232),android,21.215012348627827,0.48340479720232565,0.03655619186169545
2738,13.5,-11.0,116.64653,1166737867117902,time,2019-11-19T18:55:28-08:00,37.4022352,-122.0954914,21.738276,1574218528.0,1574218527.144,10.784989444414775,POINT (-122.0954914 37.4022352),android,21.698417145830152,0.5199609890640211,4.2994665496583835
2739,13.8,-11.0,116.802505,1166738869576912,time,2019-11-19T18:55:29-08:00,37.4021436,-122.0952745,21.85116,1574218529.0,1574218528.158,10.785267222192552,POINT (-122.0952745 37.4021436),android,22.218378134894174,4.819427538722405,-14.038735156967928
2740,13.833,-13.0,118.534615,1166739876920766,time,2019-11-19T18:55:30-08:00,37.4020352,-122.0950632,21.991352,1574218530.0,1574218529.158,10.78554499997033,POINT (-122.0950632 37.4020352),android,27.037805673616578,-9.219307618245523,14.936648336381317
2741,14.6,-14.0,118.52815,1166741126081963,time,2019-11-19T18:55:31-08:00,37.4019108,-122.0948002,22.280033,1574218531.0,1574218530.411,10.785822777748107,POINT (-122.0948002 37.4019108),android,17.818498055371055,5.7173407181357945,-5.379492154791141
2742,15.6,-14.0,118.6275,1166741886828942,time,2019-11-19T18:55:32-08:00,37.40183,-122.094626,22.564184,1574218532.0,1574218531.157,10.786100555525886,POINT (-122.094626 37.40183),android,23.53583877350685,0.33784856334465374,-1.1284955285725573
2743,16.0,-14.0,117.92027,1166742857323369,time,2019-11-19T18:55:33-08:00,37.4017319,-122.0943899,23.10451,1574218533.0,1574218532.133,10.786378333303663,POINT (-122.0943899 37.4017319),android,23.873687336851503,-0.7906469652279036,4.986563498385653
2744,16.833,-16.0,116.66765,1166743869243733,time,2019-11-19T18:55:34-08:00,37.4016394,-122.094146,23.179817,1574218534.0,1574218533.17,10.786656111081442,POINT (-122.094146 37.4016394),android,23.0830403716236,4.1959165331577495,-13.702769862230774
2745,18.2,-14.0,116.27051,1166744877196649,time,2019-11-19T18:55:35-08:00,37.4015511,-122.0939095,22.92221,1574218535.0,1574218534.166,10.786933888859219,POINT (-122.0939095 37.4015511),android,27.27895690478135,-9.506853329073024,15.591889951069021
2746,18.0,-16.0,117.65931,1166746110876231,time,2019-11-19T18:55:36-08:00,37.401425,-122.0936446,22.79136,1574218536.0,1574218535.382,10.787211666636997,POINT (-122.0936446 37.401425),android,17.772103575708325,6.085036621995997,-7.460968492651492
2747,18.0,-17.0,117.59575,1166746865812429,time,2019-11-19T18:55:37-08:00,37.4013499,-122.093467,22.889761,1574218537.0,1574218536.158,10.787489444414774,POINT (-122.093467 37.4013499),android,23.85714019770432,-1.3759318706554957,5.591721394388134
2748,17.4,-17.0,115.907,1166747886222168,time,2019-11-19T18:55:38-08:00,37.4012668,-122.093218,23.035725,1574218538.0,1574218537.168,10.787767222192553,POINT (-122.093218 37.4012668),android,22.481208327048826,4.215789523732639,-13.629753447116443
2749,17.4,-16.0,114.3853,1166748889416699,time,2019-11-19T18:55:39-08:00,37.4011956,-122.0929798,22.783337,1574218539.0,1574218538.16,10.78804499997033,POINT (-122.0929798 37.4011956),android,26.696997850781464,-9.413963923383804,15.026054243807764
2750,17.2,-16.0,112.274475,1166750156055553,time,2019-11-19T18:55:40-08:00,37.4011223,-122.092692,22.351477,1574218540.0,1574218539.418,10.788322777748109,POINT (-122.092692 37.4011223),android,17.28303392739766,5.61209032042396,-4.279240188265678
2751,17.166,-16.0,113.31054,1166750880193677,time,2019-11-19T18:55:41-08:00,37.4010564,-122.0925148,22.543879,1574218541.0,1574218540.157,10.788600555525885,POINT (-122.0925148 37.4010564),android,22.89512424782162,1.3328501321582813,-0.8356166208384188
2752,17.2,-16.0,113.36924,1166751876237010,time,2019-11-19T18:55:42-08:00,37.4009773,-122.0922755,22.595049,1574218542.0,1574218541.167,10.788878333303664,POINT (-122.0922755 37.4009773),android,24.2279743799799,0.4972335113198625,-0.6343872629165581
2753,17.166,-15.0,113.674484,1166752877009406,time,2019-11-19T18:55:43-08:00,37.4008875,-122.0920256,23.10004,1574218543.0,1574218542.177,10.789156111081441,POINT (-122.0920256 37.4008875),android,24.725207891299764,-0.13715375159669563,0.5641132780662446
2754,17.5,-15.0,114.84406,1166753876512322,time,2019-11-19T18:55:44-08:00,37.4007844,-122.0917776,23.611698,1574218544.0,1574218543.107,10.78943388885922,POINT (-122.0917776 37.4007844),android,24.58805413970307,0.42695952646954893,-0.26089275902290154
2755,17.166,-15.0,116.923744,1166754866383728,time,2019-11-19T18:55:45-08:00,37.4006683,-122.0915407,23.80792,1574218545.0,1574218544.139,10.789711666636997,POINT (-122.0915407 37.4006683),android,25.015013666172617,0.1660667674466474,1.2100903825291809
2756,17.0,-16.0,117.551414,1166755870495863,time,2019-11-19T18:55:46-08:00,37.400557,-122.0912946,24.111298,1574218546.0,1574218545.147,10.789989444414774,POINT (-122.0912946 37.400557),android,25.181080433619265,1.3761571499758283,-10.55182269463781
2757,16.8,-16.0,117.60172,1166756893669613,time,2019-11-19T18:55:47-08:00,37.4004495,-122.0910437,24.25257,1574218547.0,1574218546.18,10.790267222192552,POINT (-122.0910437 37.4004495),android,26.557237583595093,-9.175665544661982,15.471841946858849
2758,17.2,-16.0,117.477066,1166758114693934,time,2019-11-19T18:55:48-08:00,37.4003388,-122.0907773,23.38578,1574218548.0,1574218547.38,10.79054499997033,POINT (-122.0907773 37.4003388),android,17.38157203893311,6.296176402196867,-5.993814347102198
2759,17.833,-15.0,118.34503,1166758867953361,time,2019-11-19T18:55:49-08:00,37.4002569,-122.0906097,23.246227,1574218549.0,1574218548.157,10.790822777748108,POINT (-122.0906097 37.4002569),android,23.677748441129978,0.30236205509466885,3.7094160562309995
2760,18.6,-17.0,119.572845,1166759875148257,time,2019-11-19T18:55:50-08:00,37.4001408,-122.090385,23.271132,1574218550.0,1574218549.148,10.791100555525885,POINT (-122.090385 37.4001408),android,23.980110496224647,4.011778111325668,-13.89490507331183
2761,19.6,-18.0,120.29024,1166760888926433,time,2019-11-19T18:55:51-08:00,37.4000235,-122.0901572,23.37712,1574218551.0,1574218550.204,10.791378333303664,POINT (-122.0901572 37.4000235),android,27.991888607550315,-9.88312696198616,16.788274598619555
2762,20.8,-19.0,119.54409,1166762142534037,time,2019-11-19T18:55:52-08:00,37.3999001,-122.089881,23.26412,1574218552.0,1574218551.412,10.79165611108144,POINT (-122.089881 37.3999001),android,18.108761645564154,6.905147636633394,-5.391575459504793
2763,20.5,-18.0,117.19399,1166762883737266,time,2019-11-19T18:55:53-08:00,37.3998441,-122.0896885,23.735384,1574218553.0,1574218552.186,10.79193388885922,POINT (-122.0896885 37.3998441),android,25.01390928219755,1.5135721771286015,-0.8713991889022381
2764,20.666,-18.0,116.01444,1166763866757422,time,2019-11-19T18:55:54-08:00,37.3997537,-122.0894292,24.34536,1574218554.0,1574218553.135,10.792211666636996,POINT (-122.0894292 37.3997537),android,26.52748145932615,0.6421729882263634,-1.2483264355803563
2765,20.5,-17.0,114.3057,1166764874282213,time,2019-11-19T18:55:55-08:00,37.3996719,-122.0891471,24.873209,1574218555.0,1574218554.155,10.792489444414775,POINT (-122.0891471 37.3996719),android,27.169654447552514,-0.6061534473539929,1.7463639567085174
2766,20.2,-16.0,111.55977,1166765893856379,time,2019-11-19T18:55:56-08:00,37.3996111,-122.0888492,25.282091,1574218556.0,1574218555.182,10.792767222192552,POINT (-122.0888492 37.3996111),android,26.56350100019852,1.1402105093545245,-0.8394300269113444
2767,20.5,-15.0,109.68456,1166766882848098,time,2019-11-19T18:55:57-08:00,37.3995518,-122.0885579,25.610054,1574218557.0,1574218556.157,10.79304499997033,POINT (-122.0885579 37.3995518),android,27.703711509553045,0.3007804824431801,0.451466969486237
2768,21.0,-14.0,110.49782,1166767884005493,time,2019-11-19T18:55:58-08:00,37.399464,-122.0882644,26.036924,1574218558.0,1574218557.18,10.793322777748108,POINT (-122.0882644 37.399464),android,28.004491991996225,0.7522474519294171,1.947727661323846
2769,20.8,-16.0,113.65508,1166768885822941,time,2019-11-19T18:55:59-08:00,37.3993428,-122.0879865,26.015965,1574218559.0,1574218558.15,10.793600555525886,POINT (-122.0879865 37.3993428),android,28.756739443925643,2.699975113253263,-14.055049170403354
2770,19.8,-17.0,116.68419,1166769883813721,time,2019-11-19T18:56:00-08:00,37.3992044,-122.0877115,26.579557,1574218560.0,1574218559.166,10.793878333303663,POINT (-122.0877115 37.3992044),android,31.456714557178906,-11.355074057150091,17.654173112726237
2771,18.8,-17.0,117.8365,1166771164952314,time,2019-11-19T18:56:01-08:00,37.399062,-122.0874038,25.939354,1574218561.0,1574218560.419,10.794156111081442,POINT (-122.0874038 37.399062),android,20.101640500028815,6.299099055576146,-7.558463620985119
2772,18.166,-16.0,118.486374,1166771881687522,time,2019-11-19T18:56:02-08:00,37.3989679,-122.0872095,26.344719,1574218562.0,1574218561.188,10.794433888859219,POINT (-122.0872095 37.3989679),android,26.40073955560496,-1.2593645654089727,1.1587008381452435
2773,17.0,-13.0,116.86937,1166772870753615,time,2019-11-19T18:56:03-08:00,37.3988729,-122.0869356,26.325552,1574218563.0,1574218562.153,10.794711666636998,POINT (-122.0869356 37.3988729),android,25.141374990195988,-0.10066372726372919,0.7175856876813747
2774,15.333,-12.0,116.42748,1166773874036479,time,2019-11-19T18:56:04-08:00,37.3987771,-122.0866778,25.837795,1574218564.0,1574218563.152,10.794989444414774,POINT (-122.0866778 37.3987771),android,25.04071126293226,0.6169219604176455,-0.9713181913621014
2775,14.0,-14.0,117.25498,1166774880670750,time,2019-11-19T18:56:05-08:00,37.3986659,-122.0864313,25.53286,1574218565.0,1574218564.15,10.795267222192553,POINT (-122.0864313 37.3986659),android,25.657633223349904,-0.35439623094445594,0.41053457830275875
2776,13.333,-15.0,118.15354,1166775874965333,time,2019-11-19T18:56:06-08:00,37.3985483,-122.0861814,25.654053,1574218566.0,1574218565.175,10.79554499997033,POINT (-122.0861814 37.3985483),android,25.30323699240545,0.05613834735830281,3.121506339462208
2777,12.2,-15.0,117.85747,1166776882306843,time,2019-11-19T18:56:07-08:00,37.3984422,-122.085928,25.433588,1574218567.0,1574218566.156,10.795822777748107,POINT (-122.085928 37.3984422),android,25.35937533976375,3.1776446868205106,-11.989587126962164
2778,12.0,-16.0,118.345924,1166777862024863,time,2019-11-19T18:56:08-08:00,37.3983287,-122.085679,25.558842,1574218568.0,1574218567.148,10.796100555525886,POINT (-122.085679 37.3983287),android,28.537020026584262,-8.811942440141653,15.122587670817214
2779,11.0,-17.0,117.09136,1166779129707779,time,2019-11-19T18:56:09-08:00,37.3982153,-122.0853892,24.522444,1574218569.0,1574218568.38,10.796378333303663,POINT (-122.0853892 37.3982153),android,19.72507758644261,6.310645230675561,-7.599533373944954
2780,11.0,-17.0,116.71523,1166779877849654,time,2019-11-19T18:56:10-08:00,37.3981382,-122.0851881,24.954588,1574218570.0,1574218569.158,10.796656111081441,POINT (-122.0851881 37.3981382),android,26.03572281711817,-1.2888881432693928,2.064170663598894
2781,11.0,-17.0,116.57064,1166780883017883,time,2019-11-19T18:56:11-08:00,37.3980341,-122.0849241,25.168407,1574218571.0,1574218570.19,10.796933888859218,POINT (-122.0849241 37.3980341),android,24.746834673848777,0.7752825203295011,-9.167175910856084
2782,10.8,-17.0,117.21667,1166781887505799,time,2019-11-19T18:56:12-08:00,37.3979269,-122.0846786,24.965664,1574218572.0,1574218571.16,10.797211666636997,POINT (-122.0846786 37.3979269),android,25.52211719417828,-8.391893390526583,17.172190329164145
2783,10.6,-18.0,116.98551,1166783127547778,time,2019-11-19T18:56:13-08:00,37.3978187,-122.0844238,23.498304,1574218573.0,1574218572.389,10.797489444414774,POINT (-122.0844238 37.3978187),android,17.130223803651695,8.780296938637562,-10.33112494099202
2784,10.5,-18.0,117.28208,1166783788639392,time,2019-11-19T18:56:14-08:00,37.3977459,-122.0842529,24.017937,1574218574.0,1574218573.07,10.797767222192553,POINT (-122.0842529 37.3977459),android,25.910520742289258,-1.5508280023544572,3.1805458411066105
2785,10.333,-18.0,117.03776,1166784867699548,time,2019-11-19T18:56:15-08:00,37.3976402,-122.0839915,24.028172,1574218575.0,1574218574.207,10.79804499997033,POINT (-122.0839915 37.3976402),android,24.3596927399348,1.6297178387521534,-10.132280504781058
2786,10.0,-16.0,116.64032,1166785887719547,time,2019-11-19T18:56:16-08:00,37.3975436,-122.083744,23.964104,1574218576.0,1574218575.17,10.798322777748108,POINT (-122.083744 37.3975436),android,25.989410578686954,-8.502562666028904,15.067758432933172
2787,10.0,-17.0,116.25346,1166787155710015,time,2019-11-19T18:56:17-08:00,37.3974398,-122.0834804,22.625935,1574218577.0,1574218576.411,10.798600555525885,POINT (-122.0834804 37.3974398),android,17.48684791265805,6.565195766904267,-6.8717210136977265
2788,10.0,-16.0,116.44006,1166787869879233,time,2019-11-19T18:56:18-08:00,37.3973697,-122.0833032,23.078987,1574218578.0,1574218577.156,10.798878333303664,POINT (-122.0833032 37.3973697),android,24.052043679562317,-0.30652524679345916,0.7421185130823496
2789,10.0,-16.0,117.008896,1166788863105639,time,2019-11-19T18:56:19-08:00,37.3972677,-122.0830631,23.474878,1574218579.0,1574218578.128,10.799156111081441,POINT (-122.0830631 37.3972677),android,23.745518432768858,0.4355932662888904,-4.339349942545628
2790,10.2,-17.0,117.07911,1166789869649909,time,2019-11-19T18:56:20-08:00,37.3971692,-122.0828246,23.490164,1574218580.0,1574218579.158,10.79943388885922,POINT (-122.0828246 37.3971692),android,24.181111699057748,-3.9037566762567373,6.559210393579818
2791,10.4,-18.0,116.2023,1166791019202357,time,2019-11-19T18:56:21-08:00,37.3970753,-122.0825777,22.648762,1574218581.0,1574218580.274,10.799711666636997,POINT (-122.0825777 37.3970753),android,20.27735502280101,2.6554537173230806,-2.812006217902283
2792,10.333,-20.0,116.47317,1166791883465534,time,2019-11-19T18:56:22-08:00,37.3969917,-122.0823737,22.928038,1574218582.0,1574218581.181,10.799989444414775,POINT (-122.0823737 37.3969917),android,22.93280874012409,-0.15655250057920256,-0.1295002519119528
2793,10.333,-21.0,116.62165,1166792868609440,time,2019-11-19T18:56:23-08:00,37.396899,-122.0821418,22.901402,1574218583.0,1574218582.139,10.800267222192552,POINT (-122.0821418 37.396899),android,22.77625623954489,-0.28605275249115536,-1.0344056732983553
2794,10.5,-21.0,116.57942,1166793862275898,time,2019-11-19T18:56:24-08:00,37.3968077,-122.081911,22.814058,1574218584.0,1574218583.149,10.800544999970331,POINT (-122.081911 37.3968077),android,22.490203487053734,-1.3204584257895107,3.46650864744646
2795,10.8,-17.0,116.84515,1166794870300324,time,2019-11-19T18:56:25-08:00,37.3967155,-122.0816844,22.545534,1574218585.0,1574218584.155,10.800822777748108,POINT (-122.0816844 37.3967155),android,21.169745061264223,2.1460502216569495,-3.5987351036346524
2796,11.0,-15.0,117.51968,1166795789956313,time,2019-11-19T18:56:26-08:00,37.3966248,-122.0814737,22.577229,1574218586.0,1574218585.092,10.801100555525887,POINT (-122.0814737 37.3966248),android,23.315795282921172,-1.452684881977703,4.908360205001063
2797,11.0,-16.0,116.21616,1166796882431782,time,2019-11-19T18:56:27-08:00,37.3965402,-122.0812322,22.078218,1574218587.0,1574218586.152,10.801378333303663,POINT (-122.0812322 37.3965402),android,21.86311040094347,3.4556753230233603,-11.703796530092216
2798,11.4,-16.0,115.68889,1166797879542406,time,2019-11-19T18:56:28-08:00,37.396459,-122.0810068,21.965197,1574218588.0,1574218587.173,10.80165611108144,POINT (-122.0810068 37.396459),android,25.31878572396683,-8.248121207068856,12.686333071976122
2799,11.4,-17.0,116.100945,1166799165151155,time,2019-11-19T18:56:29-08:00,37.3963563,-122.080751,21.137333,1574218589.0,1574218588.438,10.80193388885922,POINT (-122.080751 37.3963563),android,17.070664516897974,4.438211864907267,-5.232585734171462
2800,11.0,-17.0,116.15788,1166799880454176,time,2019-11-19T18:56:30-08:00,37.3962879,-122.080578,21.771257,1574218590.0,1574218589.18,10.802211666636996,POINT (-122.080578 37.3962879),android,21.50887638180524,-0.7943738692641951,0.1940707850659109
2801,10.6,-16.0,115.08066,1166800880648967,time,2019-11-19T18:56:31-08:00,37.3962119,-122.0803541,21.387129,1574218591.0,1574218590.182,10.802489444414775,POINT (-122.0803541 37.3962119),android,20.714502512541046,-0.6003030841982842,-0.7645950467815794
2802,10.4,-17.0,115.075966,1166801886029227,time,2019-11-19T18:56:32-08:00,37.3961328,-122.0801418,21.086735,1574218592.0,1574218591.157,10.802767222192552,POINT (-122.0801418 37.3961328),android,20.11419942834276,-1.3648981309798636,3.1505264292798074
2803,10.5,-16.0,114.52302,1166802878820529,time,2019-11-19T18:56:33-08:00,37.3960627,-122.0799319,20.573454,1574218593.0,1574218592.124,10.80304499997033,POINT (-122.0799319 37.3960627),android,18.749301297362898,1.7856282982999439,-3.369185246157599
2804,10.5,-16.0,115.14942,1166803799127404,time,2019-11-19T18:56:34-08:00,37.3959905,-122.0797401,20.220705,1574218594.0,1574218593.093,10.803322777748107,POINT (-122.0797401 37.3959905),android,20.53492959566284,-1.5835569478576552,4.449240520908035
2805,10.5,-16.0,115.76811,1166804863880893,time,2019-11-19T18:56:35-08:00,37.3959071,-122.0795327,19.862612,1574218595.0,1574218594.153,10.803600555525886,POINT (-122.0795327 37.3959071),android,18.951372647805186,2.8656835730503794,-11.286302575547007
2806,10.666,-17.0,117.891556,1166805870727611,time,2019-11-19T18:56:36-08:00,37.395817,-122.0793506,19.351837,1574218596.0,1574218595.148,10.803878333303663,POINT (-122.0793506 37.395817),android,21.817056220855566,-8.420619002496627,12.914168002061409
2807,11.0,-17.0,118.70898,1166807171729120,time,2019-11-19T18:56:37-08:00,37.3957106,-122.0791431,18.579985,1574218597.0,1574218596.454,10.804156111081442,POINT (-122.0791431 37.3957106),android,13.396437218358939,4.493548999564782,-4.370948507486995
2808,11.166,-16.0,118.85046,1166807878143599,time,2019-11-19T18:56:38-08:00,37.3956491,-122.0790127,18.549423,1574218598.0,1574218597.169,10.804433888859219,POINT (-122.0790127 37.3956491),android,17.88998621792372,0.12260049207778678,1.7218759968118462
2809,11.4,-17.0,118.53063,1166808877483286,time,2019-11-19T18:56:39-08:00,37.3955715,-122.0788353,18.171556,1574218599.0,1574218598.161,10.804711666636997,POINT (-122.0788353 37.3955715),android,18.012586710001507,1.844476488889633,-6.94896063753535
2810,11.6,-17.0,117.121414,1166809869161776,time,2019-11-19T18:56:40-08:00,37.3955022,-122.078651,18.164427,1574218600.0,1574218599.14,10.804989444414774,POINT (-122.078651 37.3955022),android,19.85706319889114,-5.104484148645717,6.871935448015449
2811,12.0,-18.0,115.89059,1166811046077973,time,2019-11-19T18:56:41-08:00,37.3954279,-122.0784466,17.768658,1574218601.0,1574218600.295,10.805267222192553,POINT (-122.0784466 37.3954279),android,14.752579050245423,1.767451299369732,-2.9409892840037344
2812,12.333,-18.0,115.528496,1166811880626410,time,2019-11-19T18:56:42-08:00,37.3953733,-122.0782944,17.593693,1574218602.0,1574218601.176,10.80554499997033,POINT (-122.0782944 37.3953733),android,16.520030349615155,-1.1735379846340024,0.9055028983284217
2813,12.833,-18.0,115.35679,1166812877033806,time,2019-11-19T18:56:43-08:00,37.3953114,-122.0781244,17.09809,1574218603.0,1574218602.149,10.805822777748109,POINT (-122.0781244 37.3953114),android,15.346492364981152,-0.2680350863055807,-3.9866035683988787
2814,13.166,-17.0,116.14085,1166813877382399,time,2019-11-19T18:56:44-08:00,37.3952453,-122.0779719,16.387613,1574218604.0,1574218603.149,10.806100555525886,POINT (-122.0779719 37.3952453),android,15.078457278675572,-4.2546386547044595,5.844720435455134
2815,13.8,-16.0,115.59317,1166814999890836,time,2019-11-19T18:56:45-08:00,37.395186,-122.0778184,15.3739395,1574218605.0,1574218604.272,10.806378333303664,POINT (-122.0778184 37.395186),android,10.823818623971112,1.5900817807506744,-1.3469961245632476
2816,13.833,-16.0,116.08207,1166815877085523,time,2019-11-19T18:56:46-08:00,37.3951417,-122.0777093,14.533766,1574218606.0,1574218605.171,10.806656111081441,POINT (-122.0777093 37.3951417),android,12.413900404721787,0.24308565618742684,-0.5192431788315854
2817,14.0,-16.0,116.82502,1166816880411825,time,2019-11-19T18:56:47-08:00,37.395087,-122.0775868,13.904767,1574218607.0,1574218606.143,10.80693388885922,POINT (-122.0775868 37.395087),android,12.656986060909214,-0.2761575226441586,2.0787983744024885
2818,14.4,-16.0,117.14438,1166817877805627,time,2019-11-19T18:56:48-08:00,37.3950318,-122.0774615,13.659263,1574218608.0,1574218607.163,10.807211666636997,POINT (-122.0774615 37.3950318),android,12.380828538265055,1.8026408517583299,-7.366218920787876
2819,14.5,-16.0,118.45966,1166818868526616,time,2019-11-19T18:56:49-08:00,37.3949721,-122.0773432,13.137001,1574218609.0,1574218608.136,10.807489444414774,POINT (-122.0773432 37.3949721),android,14.183469390023385,-5.563578069029546,7.754244868442692
2820,14.6,-17.0,119.21473,1166820111445521,time,2019-11-19T18:56:50-08:00,37.3949022,-122.0772089,12.175642,1574218610.0,1574218609.385,10.807767222192552,POINT (-122.0772089 37.3949022),android,8.619891320993839,2.1906667994131457,-3.2766042759202154
2821,14.4,-17.0,118.926315,1166820879209167,time,2019-11-19T18:56:51-08:00,37.3948617,-122.0771257,11.891623,1574218611.0,1574218610.15,10.80804499997033,POINT (-122.0771257 37.3948617),android,10.810558120406984,-1.0859374765070697,1.768087829991769
2822,14.2,-15.0,118.45368,1166821882037135,time,2019-11-19T18:56:52-08:00,37.3948191,-122.0770157,11.248872,1574218612.0,1574218611.182,10.808322777748108,POINT (-122.0770157 37.3948191),android,9.724620643899915,0.6821503534846993,-3.0014620874493882
2823,13.6,-16.0,119.04862,1166822879879114,time,2019-11-19T18:56:53-08:00,37.3947779,-122.0769186,10.637857,1574218613.0,1574218612.158,10.808600555525885,POINT (-122.0769186 37.3947779),android,10.406770997384614,-2.319311733964689,3.6879883869539984
2824,13.2,-16.0,117.014404,1166824028259322,time,2019-11-19T18:56:54-08:00,37.3947361,-122.0768132,10.185414,1574218614.0,1574218613.303,10.808878333303664,POINT (-122.0768132 37.3947361),android,8.087459263419925,1.3686766529893095,-1.6276519980948247
2825,13.166,-17.0,115.94191,1166824881250103,time,2019-11-19T18:56:55-08:00,37.3947036,-122.0767313,10.00778,1574218615.0,1574218614.175,10.80915611108144,POINT (-122.0767313 37.3947036),android,9.456135916409234,-0.25897534510551523,0.587889043785772
2826,13.166,-17.0,115.52934,1166825868678488,time,2019-11-19T18:56:56-08:00,37.3946668,-122.0766348,9.908805,1574218616.0,1574218615.152,10.80943388885922,POINT (-122.0766348 37.3946668),android,9.19716057130372,0.32891369868025677,-4.654225690184109
2827,13.333,-16.0,115.68701,1166826872309737,time,2019-11-19T18:56:57-08:00,37.3946301,-122.0765415,9.47344,1574218617.0,1574218616.152,10.809711666636996,POINT (-122.0765415 37.3946301),android,9.526074269983976,-4.3253119915038525,0.9378795406571023
2828,13.4,-15.0,118.11157,1166828113804788,time,2019-11-19T18:56:58-08:00,37.3945967,-122.0764422,8.056175,1574218618.0,1574218617.394,10.809989444414775,POINT (-122.0764422 37.3945967),android,5.2007622784801235,-3.38743245084675,3.740034521971013
2829,13.166,-13.0,115.55403,1166828875864319,time,2019-11-19T18:56:59-08:00,37.3945902,-122.0763839,7.186511,1574218619.0,1574218618.161,10.810267222192552,POINT (-122.0763839 37.3945902),android,1.8133298276333734,0.352602071124263,0.838118911130239
2830,13.0,-18.0,115.78693,1166829868587079,time,2019-11-19T18:57:00-08:00,37.3945813,-122.0763667,5.946845,1574218620.0,1574218619.181,10.81054499997033,POINT (-122.0763667 37.3945813),android,2.1659318987576364,1.190720982254502,-2.7465319441415703
2831,12.833,-20.0,113.14345,1166830865602756,time,2019-11-19T18:57:01-08:00,37.394575,-122.0763435,5.2373686,1574218621.0,1574218620.172,10.810822777748108,POINT (-122.0763435 37.394575),android,3.3566528810121383,-1.5558109618870686,2.217819860943336
2832,12.2,-19.0,119.33268,1166832071408693,time,2019-11-19T18:57:02-08:00,37.3945586,-122.0763116,4.186702,1574218622.0,1574218621.343,10.811100555525886,POINT (-122.0763116 37.3945586),android,1.8008419191250697,0.6620088990562676,-0.5478103673112156
2833,12.166,-18.0,122.69231,1166832874513641,time,2019-11-19T18:57:03-08:00,37.3945492,-122.076295,3.646984,1574218623.0,1574218622.136,10.811378333303663,POINT (-122.076295 37.3945492),android,2.4628508181813373,0.11419853174505201,0.10621021804628983
2834,12.0,-17.0,127.631,1166833874267651,time,2019-11-19T18:57:04-08:00,37.3945351,-122.0762735,3.3733182,1574218624.0,1574218623.156,10.811656111081442,POINT (-122.0762735 37.3945351),android,2.5770493499263893,0.22040874979134184,-0.8719063498971305
2835,11.8,-17.0,118.00869,1166834876820046,time,2019-11-19T18:57:05-08:00,37.3945197,-122.0762517,2.7204266,1574218625.0,1574218624.15,10.811933888859219,POINT (-122.0762517 37.3945197),android,2.797458099717731,-0.6514976001057886,-0.15847574383183205
2836,11.6,-16.0,116.453636,1166835885190879,time,2019-11-19T18:57:06-08:00,37.3945078,-122.0762238,2.3865252,1574218626.0,1574218625.164,10.812211666636998,POINT (-122.0762238 37.3945078),android,2.1459604996119426,-0.8099733439376207,0.3312414436916905
2837,11.5,-16.0,113.47708,1166836877525670,time,2019-11-19T18:57:07-08:00,37.3944952,-122.0762054,1.7909572,1574218627.0,1574218626.17,10.812489444414775,POINT (-122.0762054 37.3944952),android,1.335987155674322,-0.47873190024593015,0.7509923414421644
2838,11.2,-15.0,110.25075,1166837875367024,time,2019-11-19T18:57:08-08:00,37.3944881,-122.0761932,1.0414395,1574218628.0,1574218627.144,10.812767222192551,POINT (-122.0761932 37.3944881),android,0.8572552554283918,0.27226044119623427,-0.40235370526956715
2839,11.285,-16.0,124.6886,1166838785906347,time,2019-11-19T18:57:09-08:00,37.3944826,-122.0761864,1.261375,1574218629.0,1574218628.046,10.81304499997033,POINT (-122.0761864 37.3944826),android,1.129515696624626,-0.13009326407333288,-0.0633380047026102
2840,11.333,-12.0,227.54866,1166840074156293,time,2019-11-19T18:57:10-08:00,37.3944739,-122.0761798,0.25884005,1574218630.0,1574218629.328,10.813322777748107,POINT (-122.0761798 37.3944739),android,0.9994224325512931,-0.19343126877594308,-0.612559894999407
2841,11.285,-12.0,228.2252,1166840860921605,time,2019-11-19T18:57:11-08:00,37.3944666,-122.0761864,0.2748247,1574218631.0,1574218630.185,10.813600555525886,POINT (-122.0761864 37.3944666),android,0.8059911637753501,-0.8059911637753501,0.8059911637753501
2842,11.428,-12.0,223.82678,1166841864419782,time,2019-11-19T18:57:12-08:00,37.3944607,-122.0761917,0.37615106,1574218632.0,1574218631.166,10.813878333303663,POINT (-122.0761917 37.3944607),android,0.0,0.0,0.0
