,filter,floor,longitude,sensed_speed,ts,bearing,latitude,vaccuracy,fmt_time,accuracy,altitude,write_ts,hr,geometry,source,speed,acceleration,jerk
0,distance,0,-122.07531359989389,0.36000001430511475,1574181010.997666,278.0859375,37.39419756926353,3.0,2019-11-19T08:30:10.997666-08:00,10.0,25.589595794677734,1574181011.108378,0.3874110924535327,POINT (-122.07531359989389 37.39419756926353),ios,1.235711840726426,-0.41681386051274183,0.43117289458965646
1,distance,0,-122.07532566983446,0.36000001430511475,1574181011.9976377,266.1328125,37.39419195338841,3.0,2019-11-19T08:30:11.997638-08:00,10.0,25.577510833740234,1574181012.107098,0.3876888624164793,POINT (-122.07532566983446 37.39419195338841),ios,0.8189097066015523,0.014346903720707354,-0.008529889937020856
2,distance,0,-122.07534385856434,0.9100000262260437,1574181013.9975812,300.9375,37.39418910354133,3.0,2019-11-19T08:30:13.997581-08:00,10.0,26.098873138427734,1574181014.101252,0.3882444022761451,POINT (-122.07534385856434 37.39418910354133),ios,0.8476027033682563,-0.0027123941701697914,0.20062818641654162
3,distance,0,-122.07536062237068,0.9200000166893005,1574181015.9975245,301.9921875,37.394196521525636,3.0,2019-11-19T08:30:15.997524-08:00,10.0,26.153316497802734,1574181016.109916,0.38879994206958346,POINT (-122.07536062237068 37.394196521525636),ios,0.8421780689389857,0.3985325942929758,-0.03293073764487537
4,distance,0,-122.0753786434625,1.6799999475479126,1574181017.9974673,295.6640625,37.39420146684851,3.0,2019-11-19T08:30:17.997467-08:00,10.0,26.399715423583984,1574181018.1029391,0.3893554817305671,POINT (-122.0753786434625 37.39420146684851),ios,1.6392204533069716,0.33267300331514776,-0.5938086280615379
5,distance,0,-122.07539658073529,2.1500000953674316,1574181018.9974391,294.2578125,37.394205238704934,3.0,2019-11-19T08:30:18.997439-08:00,10.0,26.75399398803711,1574181019.106629,0.38963325169351365,POINT (-122.07539658073529 37.394205238704934),ios,1.9718840974019982,-0.2611189188952856,0.6279464524115564
6,distance,0,-122.07541636202677,2.1500000953674316,1574181019.9974065,298.125,37.39421345297004,3.0,2019-11-19T08:30:19.997406-08:00,10.0,26.810909271240234,1574181020.2341862,0.38991102039813996,POINT (-122.07541636202677 37.39421345297004),ios,1.7107737075241345,0.3668070226844427,-0.1298151675942777
7,distance,0,-122.07543178472861,2.190000057220459,1574181020.9973826,302.34375,37.39422275688256,3.0,2019-11-19T08:30:20.997383-08:00,10.0,26.913997650146484,1574181021.0903769,0.3901887915531794,POINT (-122.07543178472861 37.39422275688256),ios,2.077571984847662,0.23699495012494537,0.3107004465882211
8,distance,0,-122.0754508116488,2.4000000953674316,1574181021.997353,299.53125,37.39423373717572,3.0,2019-11-19T08:30:21.997353-08:00,10.0,26.905208587646484,1574181022.104535,0.3904665611187617,POINT (-122.0754508116488 37.39423373717572),ios,2.3145599284766987,0.5476862111950502,-0.329496357064171
9,distance,0,-122.0754737780635,2.490000009536743,1574181022.9973247,294.609375,37.39424375355001,3.0,2019-11-19T08:30:22.997325-08:00,10.0,27.284175872802734,1574181023.102222,0.3907443310154809,POINT (-122.0754737780635 37.39424375355001),ios,2.862230600822125,0.21819920253921837,0.6299339125568096
10,distance,0,-122.07550303090557,3.0199999809265137,1574181023.9972959,291.796875,37.394254817662194,3.0,2019-11-19T08:30:23.997296-08:00,10.0,27.33773422241211,1574181024.108549,0.3910221007797453,POINT (-122.07550303090557 37.394254817662194),ios,3.08042350860934,0.8481149423542765,-0.3408890289591486
11,distance,0,-122.07553513359471,2.9800000190734863,1574181024.9972677,290.390625,37.394265630317285,3.0,2019-11-19T08:30:24.997268-08:00,10.0,27.270442962646484,1574181025.150844,0.3912998707426919,POINT (-122.07553513359471 37.394265630317285),ios,3.928514590613199,0.507235503759922,-0.6429156437114367
12,distance,0,-122.07557511527284,3.0199999809265137,1574181025.9972386,292.1484375,37.39428109492864,3.0,2019-11-19T08:30:25.997239-08:00,10.0,27.31472396850586,1574181026.106145,0.3915776404407289,POINT (-122.07557511527284 37.39428109492864),ios,4.435735340380216,-0.13566143942133554,0.47766062676603743
13,distance,0,-122.07562037754997,3.890000104904175,1574181026.9972103,293.203125,37.39429836164917,3.0,2019-11-19T08:30:26.997210-08:00,10.0,27.20754623413086,1574181027.1039329,0.39185541033744814,POINT (-122.07562037754997 37.39429836164917),ios,4.300077749919588,0.34198563524771863,-0.4222598922304504
14,distance,0,-122.07566421490355,3.8299999237060547,1574181027.997181,294.2578125,37.39431516736503,3.0,2019-11-19T08:30:27.997181-08:00,10.0,27.364986419677734,1574181028.141329,0.3921331799692578,POINT (-122.07566421490355 37.39431516736503),ios,4.642053356272611,-0.08026187400649913,0.14792934412905012
15,distance,0,-122.07571324903711,4.119999885559082,1574181028.9971514,292.1484375,37.394330170971706,3.0,2019-11-19T08:30:28.997151-08:00,10.0,27.000240325927734,1574181029.246712,0.39241094953484007,POINT (-122.07571324903711 37.394330170971706),ios,4.561793855120435,0.06766309675365069,0.9275721766641271
16,distance,0,-122.07576085824712,4.059999942779541,1574181029.9971228,292.8515625,37.394346054678216,3.0,2019-11-19T08:30:29.997123-08:00,10.0,27.11745834350586,1574181030.115828,0.39268871936533184,POINT (-122.07576085824712 37.394346054678216),ios,4.629455016017359,0.9952087353649328,-0.5499617283416205
17,distance,0,-122.07580762926682,4.119999885559082,1574181030.9970937,294.609375,37.39436483014132,3.0,2019-11-19T08:30:30.997094-08:00,10.0,27.17672348022461,1574181031.090389,0.3929664890633689,POINT (-122.07580762926682 37.39436483014132),ios,5.624634803679475,0.4452630037967598,-1.2569391796634704
18,distance,0,-122.07586454238935,4.119999885559082,1574181031.997066,296.71875,37.3943875031894,3.0,2019-11-19T08:30:31.997066-08:00,10.0,27.356685638427734,1574181032.087226,0.39324425915877026,POINT (-122.07586454238935 37.3943875031894),ios,6.069885493035403,-0.8116414132589356,1.7112561846587777
19,distance,0,-122.07592824485346,5.340000152587891,1574181032.9970355,295.3125,37.39440795503314,3.0,2019-11-19T08:30:32.997036-08:00,10.0,27.36428451538086,1574181033.194772,0.393522028459443,POINT (-122.07592824485346 37.39440795503314),ios,5.258268849106706,0.899562548005535,0.5121508156202557
20,distance,0,-122.07598247576698,5.340000152587891,1574181033.9970074,295.3125,37.39442744295801,3.0,2019-11-19T08:30:33.997007-08:00,10.0,27.17123031616211,1574181034.136368,0.39379979842238955,POINT (-122.07598247576698 37.39442744295801),ios,6.157806089366149,1.4116989550859607,0.635034202371609
21,distance,0,-122.0760438312982,5.340000152587891,1574181034.9969792,296.71875,37.394453720224455,3.0,2019-11-19T08:30:34.996979-08:00,10.0,26.96255111694336,1574181035.1086202,0.39407756838533614,POINT (-122.0760438312982 37.394453720224455),ios,7.569465328571549,2.046715291791209,-2.104967565587807
22,distance,0,-122.07611700531288,5.71999979019165,1574181035.9969497,299.53125,37.394489133765354,3.0,2019-11-19T08:30:35.996950-08:00,10.0,27.143001556396484,1574181036.2773,0.3943553379509184,POINT (-122.07611700531288 37.394489133765354),ios,9.616120111468748,-0.058190042737968954,12.669988198760798
23,distance,0,-122.07621180463775,6.360000133514404,1574181036.9969223,295.3125,37.394531630014434,3.0,2019-11-19T08:30:36.996922-08:00,10.0,27.113765716552734,1574181037.147066,0.39463310811254715,POINT (-122.07621180463775 37.394531630014434),ios,9.557931664193319,12.611450768555716,-20.862642088933953
24,distance,0,-122.07630551431521,7.139999866485596,1574181037.9968927,298.828125,37.39457458726819,3.0,2019-11-19T08:30:37.996893-08:00,10.0,26.94332504272461,1574181038.163816,0.39491087767812943,POINT (-122.07630551431521 37.39457458726819),ios,22.169009589031628,-8.250574539234323,6.60838608810332
25,distance,0,-122.07649278441221,7.449999809265137,1574181038.996864,296.3047180175781,37.394441882288945,3.0,2019-11-19T08:30:38.996864-08:00,22.25563482323243,26.99062728881836,1574181039.128728,0.3951886475086212,POINT (-122.07649278441221 37.394441882288945),ios,13.918671100628314,-1.6423775185735567,-1.0492073957524781
26,distance,0,-122.07676040020033,8.109999656677246,1574181041.9967775,290.390625,37.39475140351559,3.0,2019-11-19T08:30:41.996778-08:00,10.0,26.926631927490234,1574181042.187458,0.3960219568014145,POINT (-122.07676040020033 37.39475140351559),ios,8.991680686020745,-4.78990890118625,4.040462163251325
27,distance,0,-122.07686031248613,8.239999771118164,1574181042.996748,288.984375,37.39476682621743,3.0,2019-11-19T08:30:42.996748-08:00,10.0,26.50088119506836,1574181043.104642,0.3962997263669968,POINT (-122.07686031248613 37.39476682621743),ios,4.201913393240502,-0.7495661897696609,8.135856769323444
28,distance,0,-122.07690783787712,6.840000152587891,1574181043.9967194,281.953125,37.39476531747486,3.0,2019-11-19T08:30:43.996719-08:00,10.0,26.23946762084961,1574181044.144452,0.39657749619748855,POINT (-122.07690783787712 37.39476531747486),ios,3.4523686487315497,7.386057810824499,-4.331471271914425
29,distance,0,-122.07694103021367,5.769999980926514,1574181044.9966898,293.90625,37.39478170409556,3.0,2019-11-19T08:30:44.996690-08:00,30.0,25.670101165771484,1574181045.134801,0.39685526576307084,POINT (-122.07694103021367 37.39478170409556),ios,10.838208098853405,3.054714594110106,-5.4053827860369426
30,distance,0,-122.07705267716392,7.460000038146973,1574181045.9966617,290.390625,37.394822104868844,3.0,2019-11-19T08:30:45.996662-08:00,30.0,25.42019271850586,1574181046.226418,0.39713303572601744,POINT (-122.07705267716392 37.394822104868844),ios,13.892836753479367,-2.350516120172202,3.1905457811520703
31,distance,0,-122.07719500187977,9.329999923706055,1574181046.9966323,290.0390625,37.39487524613495,3.0,2019-11-19T08:30:46.996632-08:00,30.0,25.30318832397461,1574181047.133245,0.3974108053578271,POINT (-122.07719500187977 37.39487524613495),ios,11.542389563332929,0.8399360966766898,-0.30273763044478574
32,distance,0,-122.07731142651483,9.90999984741211,1574181047.9966025,296.3671875,37.394922352430775,4.0,2019-11-19T08:30:47.996603-08:00,30.0,25.029109954833984,1574181048.1360822,0.39768857485718195,POINT (-122.07731142651483 37.394922352430775),ios,12.38230062796328,0.5372074885163655,-2.0601165581538945
33,distance,0,-122.07743220973953,10.279999732971191,1574181048.9965734,299.53125,37.39497884645815,4.0,2019-11-19T08:30:48.996573-08:00,30.0,25.24422836303711,1574181049.211174,0.397966344555219,POINT (-122.07743220973953 37.39497884645815),ios,12.919492490689622,-1.5228491468898946,3.3210224222630895
34,distance,0,-122.07752600323602,11.619999885559082,1574181049.9965448,296.015625,37.39506798799838,4.0,2019-11-19T08:30:49.996545-08:00,10.0,24.989803314208984,1574181050.138346,0.39824411438571083,POINT (-122.07752600323602 37.39506798799838),ios,11.396686912863302,1.798078260159545,3.2484731628687813
35,distance,0,-122.07761518668576,11.869999885559082,1574181050.9965167,293.90625,37.3951420421129,4.0,2019-11-19T08:30:50.996517-08:00,10.0,24.32107162475586,1574181051.1513128,0.3985218843486574,POINT (-122.07761518668576 37.3951420421129),ios,13.194714586981707,5.046460032458349,-10.882131965848544
36,distance,0,-122.07775063824101,12.239999771118164,1574181051.9964876,296.71875,37.39519204016532,4.0,2019-11-19T08:30:51.996488-08:00,10.0,23.641536712646484,1574181052.148314,0.39879965404669443,POINT (-122.07775063824101 37.39519204016532),ios,18.241027832720743,-5.835355404092406,7.902884738790954
37,distance,0,-122.07793504011079,12.649999618530273,1574181052.996458,297.7734375,37.395265842822745,4.0,2019-11-19T08:30:52.996458-08:00,10.0,23.459102630615234,1574181053.147764,0.3990774236122767,POINT (-122.07793504011079 37.395265842822745),ios,12.405844944514193,2.0672956945743204,-0.2370759768569295
38,distance,0,-122.07806236121996,12.699999809265137,1574181053.9964294,296.3671875,37.39531290720905,4.0,2019-11-19T08:30:53.996429-08:00,10.0,23.80605697631836,1574181054.229476,0.39935519344276854,POINT (-122.07806236121996 37.39531290720905),ios,14.473081493284264,1.8302265005154958,-4.7680329179800065
39,distance,0,-122.07821398984834,13.180000305175781,1574181054.9964004,298.828125,37.3953621927997,4.0,2019-11-19T08:30:54.996400-08:00,10.0,24.223445892333984,1574181055.23685,0.39963296314080554,POINT (-122.07821398984834 37.3953621927997),ios,16.303254757879554,-2.9376677293732345,0.7300874773327907
40,distance,0,-122.07838338811143,13.300000190734863,1574181055.9963708,292.8515625,37.39542036320771,4.0,2019-11-19T08:30:55.996371-08:00,10.0,24.480648040771484,1574181056.251178,0.39991073270638783,POINT (-122.07838338811143 37.39542036320771),ios,13.365673877432492,-2.2076018362763956,6.861015682390266
41,distance,0,-122.07852135423764,13.399999618530273,1574181056.996343,291.796875,37.39546969070788,4.0,2019-11-19T08:30:56.996343-08:00,10.0,24.30050277709961,1574181057.250093,0.4001885027355618,POINT (-122.07852135423764 37.39546969070788),ios,11.15813362215138,4.653222458261478,-6.169300539674642
42,distance,0,-122.07863710832044,12.829999923706055,1574181057.9963133,306.5625,37.39550984002407,4.0,2019-11-19T08:30:57.996313-08:00,10.0,24.02669906616211,1574181058.235046,0.40046627230114407,POINT (-122.07863710832044 37.39550984002407),ios,15.811218512991703,-1.515895692805442,13.951010781144332
43,distance,0,-122.07879996869906,13.399999618530273,1574181058.996285,297.0703125,37.39556880671288,4.0,2019-11-19T08:30:58.996285-08:00,10.0,23.61959457397461,1574181059.2259169,0.40074404219786325,POINT (-122.07879996869906 37.39556880671288),ios,14.295365828892221,12.434719272898962,-16.0782818931429
44,distance,0,-122.07894547853812,13.710000038146973,1574181059.9962554,295.6640625,37.39562504928316,4.0,2019-11-19T08:30:59.996255-08:00,10.0,23.06722640991211,1574181060.132755,0.40102181176344553,POINT (-122.07894547853812 37.39562504928316),ios,26.72971748294671,-3.6430872834646437,-7.187237304261727
45,distance,0,-122.07918183877501,13.40999984741211,1574181060.9962263,296.1591796875,37.39547497893993,4.0,2019-11-19T08:31:00.996226-08:00,25.183439152324894,22.884700775146484,1574181061.135906,0.4012995814614826,POINT (-122.07918183877501 37.39547497893993),ios,23.086736166204695,-10.830115532075869,15.221124858077955
46,distance,0,-122.0794156721964,15.0600004196167,1574181061.9961977,296.6796875,37.39556768332779,4.0,2019-11-19T08:31:01.996198-08:00,24.438506782208204,22.61214828491211,1574181062.1441,0.40157735129197436,POINT (-122.0794156721964 37.39556768332779),ios,12.256930486219625,4.390573846126766,-4.608344943257225
47,distance,0,-122.07953953642382,14.84000015258789,1574181062.996168,296.6796875,37.395617343640446,4.0,2019-11-19T08:31:02.996168-08:00,25.277272039325613,22.50387191772461,1574181063.1406,0.4018551207913293,POINT (-122.07953953642382 37.395617343640446),ios,16.64737348304916,-0.21763375774878682,-4.249935975995057
48,distance,0,-122.07970776934923,15.489999771118164,1574181063.99614,296.6796875,37.39568479249026,4.0,2019-11-19T08:31:03.996140-08:00,25.47987512681014,22.592525482177734,1574181064.12658,0.40213289082050324,POINT (-122.07970776934923 37.39568479249026),ios,16.429745796188335,-4.467451181891334,7.143926475443601
49,distance,0,-122.07987380292059,15.949999809265137,1574181064.996111,296.6796875,37.395751359563235,4.0,2019-11-19T08:31:04.996111-08:00,25.65859480169086,22.561885833740234,1574181065.171514,0.4024106605185403,POINT (-122.07987380292059 37.395751359563235),ios,11.962424559347287,2.6762674976867307,1.7398501420710062
50,distance,0,-122.07999452246435,15.289999961853027,1574181065.9960818,296.6659240722656,37.39580009166029,4.0,2019-11-19T08:31:05.996082-08:00,25.028169085115895,22.614070892333984,1574181066.220931,0.4026884302165773,POINT (-122.07999452246435 37.39580009166029),ios,14.638614212262938,4.416067032620693,-4.0585523172972335
51,distance,0,-122.08014238248268,15.670000076293945,1574181066.9960527,296.8262023925781,37.39585951683229,4.0,2019-11-19T08:31:06.996053-08:00,23.33719628239643,22.428218841552734,1574181067.230846,0.40296619991461435,POINT (-122.08014238248268 37.39585951683229),ios,19.05455279444752,0.357632766705216,-4.436905040597423
52,distance,0,-122.08033469203198,16.06999969482422,1574181067.9960232,296.8262023925781,37.395937110626576,4.0,2019-11-19T08:31:07.996023-08:00,22.346032211908025,22.59560775756836,1574181068.161113,0.40324396948019664,POINT (-122.08033469203198 37.395937110626576),ios,19.412174988132023,-4.0791411016583785,10.057596199377622
53,distance,0,-122.08053075164617,16.56999969482422,1574181068.995994,296.6846008300781,37.396015940695904,4.0,2019-11-19T08:31:08.995994-08:00,24.132207896088115,22.340023040771484,1574181069.140506,0.4035217391782337,POINT (-122.08053075164617 37.396015940695904),ios,15.333152536722745,5.978162551748248,-15.905367492234229
54,distance,0,-122.08068569730528,16.559999465942383,1574181069.9959655,296.6846008300781,37.39607807561499,4.0,2019-11-19T08:31:09.995965-08:00,10.0,22.17934799194336,1574181070.129381,0.40379950900872547,POINT (-122.08068569730528 37.39607807561499),ios,21.311144051868446,-9.926749884271869,18.554026616328517
55,distance,0,-122.08090126601834,16.1299991607666,1574181070.9959364,296.5636901855469,37.39616409805318,4.0,2019-11-19T08:31:10.995936-08:00,24.10672356910468,22.052364349365234,1574181071.1393142,0.4040772787067625,POINT (-122.08090126601834 37.39616409805318),ios,11.384682907632083,8.62673704984783,-12.809247730689927
56,distance,0,-122.0810164340293,15.15999984741211,1574181071.9959073,296.5636901855469,37.396210039080685,4.0,2019-11-19T08:31:11.995907-08:00,24.266250079025355,22.029659271240234,1574181072.170824,0.4043550484047996,POINT (-122.0810164340293 37.396210039080685),ios,20.011169031004368,-4.182138097399614,4.794154777195077
57,distance,0,-122.08121871867837,15.449999809265137,1574181072.9958782,296.6484069824219,37.39629102697864,4.0,2019-11-19T08:31:12.995878-08:00,23.63627658307632,21.96670150756836,1574181073.183535,0.40463281810283663,POINT (-122.08121871867837 37.39629102697864),ios,15.829152579734334,0.6118772318959267,-3.222343055240498
58,distance,0,-122.0813787394114,16.15999984741211,1574181073.995849,296.590576171875,37.39635507352279,4.0,2019-11-19T08:31:13.995849-08:00,22.752641715412654,22.31881332397461,1574181074.1926088,0.4049105877346463,POINT (-122.0813787394114 37.39635507352279),ios,16.441011868033534,-2.6103713265709003,6.761470680552087
59,distance,0,-122.08154501864362,16.579999923706055,1574181074.9958203,296.590576171875,37.39642148083702,4.0,2019-11-19T08:31:14.995820-08:00,22.91266745338167,22.40523910522461,1574181075.1475449,0.4051883575651381,POINT (-122.08154501864362 37.39642148083702),ios,13.830715224785347,4.150905906753311,-5.7746643219344875
60,distance,0,-122.08168498512487,16.479999542236328,1574181075.9957905,296.46734619140625,37.396477207028134,4.0,2019-11-19T08:31:15.995790-08:00,24.51507467234894,22.189754486083984,1574181076.170367,0.405466127064493,POINT (-122.08168498512487 37.396477207028134),ios,17.981497424902624,-1.623586316773373,1.9202677015533296
61,distance,0,-122.08186544976127,16.959999084472656,1574181076.9957619,297.5277404785156,37.39655200030835,4.0,2019-11-19T08:31:16.995762-08:00,23.01791077751184,22.25881576538086,1574181077.120898,0.4057438968949848,POINT (-122.08186544976127 37.39655200030835),ios,16.357957559306374,0.29662644548032874,-0.5307983307247899
62,distance,0,-122.08202950335266,16.790000915527344,1574181077.9957328,297.5277404785156,37.39662021849252,4.0,2019-11-19T08:31:17.995733-08:00,24.186645271159648,22.650875091552734,1574181078.174092,0.4060216665930218,POINT (-122.08202950335266 37.39662021849252),ios,16.654575376793513,-0.23415644587803747,7.927380079316194
63,distance,0,-122.08219664140262,16.770000457763672,1574181078.9957047,296.4670104980469,37.39668950747816,4.0,2019-11-19T08:31:18.995705-08:00,23.77577279033419,22.44631576538086,1574181079.146728,0.4062994365559684,POINT (-122.08219664140262 37.39668950747816),ios,16.420425518530635,7.693000609344205,-14.085738370190729
64,distance,0,-122.08236282230996,16.829999923706055,1574181079.9956756,296.7373046875,37.39675565872477,4.0,2019-11-19T08:31:19.995676-08:00,19.548224853600367,22.39535140991211,1574181080.1678782,0.40657720625400545,POINT (-122.08236282230996 37.39675565872477),ios,24.113202361053375,-6.392328048035731,14.507352221775038
65,distance,0,-122.08260643932715,18.5,1574181080.9956458,296.6023864746094,37.3968534605973,4.0,2019-11-19T08:31:20.995646-08:00,20.005810768848345,22.68416976928711,1574181081.137625,0.4068549757533603,POINT (-122.08260643932715 37.3968534605973),ios,17.72106481923894,8.114591820951402,-18.111700507006013
66,distance,0,-122.0827856498544,18.049999237060547,1574181081.995617,296.6023864746094,37.39692506333343,4.0,2019-11-19T08:31:21.995617-08:00,20.2847048430742,22.831905364990234,1574181082.1456242,0.40713274551762474,POINT (-122.0827856498544 37.39692506333343),ios,25.835422545186656,-9.996586187980714,13.307448250725692
67,distance,0,-122.08304942994683,18.520000457763672,1574181082.9955873,295.4693908691406,37.39702538910618,4.0,2019-11-19T08:31:22.995587-08:00,19.22904094585187,22.63326644897461,1574181083.14482,0.407410515083207,POINT (-122.08304942994683 37.39702538910618),ios,15.839131895318417,3.310468642624954,-1.8805977220580488
68,distance,0,-122.08321117466117,18.06999969482422,1574181083.9955592,295.4693908691406,37.39708685271925,4.0,2019-11-19T08:31:23.995559-08:00,17.731965766439462,22.481258392333984,1574181084.1032748,0.4076882850461536,POINT (-122.08321117466117 37.39708685271925),ios,19.14950740323024,1.4299238281604423,-0.17177116964827469
69,distance,0,-122.083406723854,18.5,1574181084.9955297,295.4693908691406,37.39716116216404,4.0,2019-11-19T08:31:24.995530-08:00,18.36496695329706,22.78408432006836,1574181085.1131392,0.40796605461173585,POINT (-122.083406723854 37.39716116216404),ios,20.57938895726017,1.2581577367385042,-11.493558210263453
70,distance,0,-122.08361687465653,18.15999984741211,1574181085.9954996,295.4693908691406,37.397241020276624,4.0,2019-11-19T08:31:25.995500-08:00,20.04620472174355,23.068721771240234,1574181086.172529,0.40824382404486337,POINT (-122.08361687465653 37.397241020276624),ios,21.83750889800801,-10.235055198519968,0.10362529331804667
71,distance,0,-122.08385308324024,19.950000762939453,1574181086.995472,297.8133544921875,37.39729892112073,4.0,2019-11-19T08:31:26.995472-08:00,22.472558537426092,22.87234115600586,1574181087.164113,0.40852159414026473,POINT (-122.08385308324024 37.39729892112073),ios,11.602736765856868,-10.131432771120563,45.815946984672486
72,distance,0,-122.08396914393235,20.600000381469727,1574181087.9954424,297.8133544921875,37.39734776702548,4.0,2019-11-19T08:31:27.995442-08:00,24.766455262375533,22.82784652709961,1574181088.117858,0.408799363705847,POINT (-122.08396914393235 37.39734776702548),ios,1.4716035194401946,35.68315971530237,-44.559901679664996
73,distance,0,-122.08398956785301,20.899999618530273,1574181089.9953842,297.8133544921875,37.39736867851924,4.0,2019-11-19T08:31:29.995384-08:00,58.69916291654623,22.819698333740234,1574181090.1225991,0.4093549031019211,POINT (-122.08398956785301 37.39736867851924),ios,72.83584711315505,-53.434051410367445,55.377677371151314
74,distance,0,-122.08456051547275,20.290000915527344,1574181090.9953556,295.3125,37.39784122448172,4.0,2019-11-19T08:31:30.995356-08:00,10.0,22.94881820678711,1574181091.117003,0.4096326729324129,POINT (-122.08456051547275 37.39784122448172),ios,19.403324463261153,1.9420415927255392,-5.237051401288011
75,distance,0,-122.08475790929243,20.280000686645508,1574181091.995327,295.3125,37.39791775125768,4.0,2019-11-19T08:31:31.995327-08:00,10.0,22.914302825927734,1574181092.120564,0.40991044276290467,POINT (-122.08475790929243 37.39791775125768),ios,21.34531049373104,-3.2948599753200187,9.299624761802406
76,distance,0,-122.08496578049109,20.540000915527344,1574181092.9952984,296.3671875,37.39801560997721,4.0,2019-11-19T08:31:32.995298-08:00,10.0,23.006099700927734,1574181093.113765,0.4101882125933965,POINT (-122.08496578049109 37.39801560997721),ios,18.05054478511106,6.00449872208376,-8.916308216588938
77,distance,0,-122.08514439884767,20.229999542236328,1574181093.9952688,297.0703125,37.398094441776536,4.0,2019-11-19T08:31:33.995269-08:00,10.0,23.038326263427734,1574181094.0973701,0.4104659821589788,POINT (-122.08514439884767 37.398094441776536),ios,24.054865990772182,-2.911545893626735,13.06404888280427
78,distance,0,-122.08538621675417,21.239999771118164,1574181094.9952397,297.0703125,37.398193893057666,4.0,2019-11-19T08:31:34.995240-08:00,10.0,23.17043685913086,1574181095.092864,0.41074375185701584,POINT (-122.08538621675417 37.398193893057666),ios,21.14340478547491,10.152122994316956,-19.604591844390054
79,distance,0,-122.0855990332757,21.350000381469727,1574181095.9952111,297.421875,37.39828089721259,4.0,2019-11-19T08:31:35.995211-08:00,10.0,22.798641204833984,1574181096.10045,0.4110215216875076,POINT (-122.0855990332757 37.39828089721259),ios,31.295237325223166,-9.451907958201328,11.878423808667995
80,distance,0,-122.08591712650106,21.899999618530273,1574181096.995181,298.125,37.39840478174146,4.0,2019-11-19T08:31:36.995181-08:00,10.0,22.318660736083984,1574181097.103328,0.4112992911206351,POINT (-122.08591712650106 37.39840478174146),ios,21.84361330934045,2.426159013813936,-0.7882967623185123
81,distance,0,-122.08614159386799,21.649999618530273,1574181097.9951527,297.7734375,37.39848717584964,4.0,2019-11-19T08:31:37.995153-08:00,10.0,22.31417465209961,1574181098.1541572,0.4115770610173543,POINT (-122.08614159386799 37.39848717584964),ios,24.269703488629602,1.6378846169021075,-1.787013218780383
82,distance,0,-122.0863813162987,21.84000015258789,1574181098.9951231,298.125,37.39859379365798,4.0,2019-11-19T08:31:38.995123-08:00,10.0,22.16451644897461,1574181099.1167998,0.4118548305829366,POINT (-122.0863813162987 37.39859379365798),ios,25.907539683268446,-0.14907577079137088,-2.455011418323184
83,distance,0,-122.08664928574309,22.829999923706055,1574181099.9950938,297.7734375,37.3986884672543,4.0,2019-11-19T08:31:39.995094-08:00,10.0,22.04818344116211,1574181100.1852012,0.41213260021474624,POINT (-122.08664928574309 37.3986884672543),ios,25.75846828419639,-2.604015194713469,4.2376446977790465
84,distance,0,-122.08690124575243,22.940000534057617,1574181100.995066,298.4765625,37.39880505952742,6.0,2019-11-19T08:31:40.995066-08:00,10.0,21.98818588256836,1574181101.111576,0.41241037024392024,POINT (-122.08690124575243 37.39880505952742),ios,23.154525728418434,1.6335112940779508,-6.601684128057852
85,distance,0,-122.08712495874808,23.6299991607666,1574181101.9950368,299.8828125,37.398913563263974,6.0,2019-11-19T08:31:41.995037-08:00,10.0,21.98049545288086,1574181102.104451,0.41268813994195724,POINT (-122.08712495874808 37.398913563263974),ios,24.7879895084445,-4.967980810353663,5.465492764453408
86,distance,0,-122.08737147052035,23.700000762939453,1574181102.9950068,299.8828125,37.39902005534377,8.0,2019-11-19T08:31:42.995007-08:00,10.0,22.804012298583984,1574181103.098048,0.41296590937508476,POINT (-122.08737147052035 37.39902005534377),ios,19.82015793991549,0.49734776664735236,0.8566623155524621
87,distance,0,-122.08757280383453,23.25,1574181103.9949784,299.8828125,37.399098719505034,8.0,2019-11-19T08:31:43.994978-08:00,10.0,22.70785140991211,1574181104.0996618,0.41324367927180394,POINT (-122.08757280383453 37.399098719505034),ios,20.31749159590605,1.3539857771385813,-1.3415377252070033
88,distance,0,-122.08776835363552,22.770000457763672,1574181104.9949489,300.5859375,37.39919490184393,8.0,2019-11-19T08:31:44.994949-08:00,10.0,22.831722259521484,1574181105.095228,0.41352144883738623,POINT (-122.08776835363552 37.39919490184393),ios,21.671437343939356,0.012487713023841702,4.730439262953064
89,distance,0,-122.08799516793535,22.280000686645508,1574181105.9949203,299.1796875,37.39926916550603,8.0,2019-11-19T08:31:45.994920-08:00,30.0,22.90267562866211,1574181106.0908298,0.41379921866787805,POINT (-122.08799516793535 37.39926916550603),ios,21.683924699686862,4.742791637023994,-6.881104678227201
90,distance,0,-122.08820940938041,22.739999771118164,1574181106.9948907,299.53125,37.39936434201654,8.0,2019-11-19T08:31:46.994891-08:00,10.0,22.594295501708984,1574181107.090492,0.41407698823346034,POINT (-122.08820940938041 37.39936434201654),ios,26.426576121275115,-2.1381096088864036,2.9902931082373865
91,distance,0,-122.08847117621646,23.5,1574181107.9948623,299.53125,37.39947938363757,8.0,2019-11-19T08:31:47.994862-08:00,10.0,23.01302719116211,1574181108.098754,0.4143547581301795,POINT (-122.08847117621646 37.39947938363757),ios,24.288527174430246,0.8520986593203413,-3.101428241919328
92,distance,0,-122.08871182065651,23.75,1574181108.994833,299.53125,37.399585037527046,6.0,2019-11-19T08:31:48.994833-08:00,10.0,23.417598724365234,1574181109.257519,0.41463252776198917,POINT (-122.08871182065651 37.399585037527046),ios,25.14060084554394,-2.249238631710888,2.0066887252213177
93,distance,0,-122.08897358749256,23.25,1574181109.9948037,298.828125,37.39967375997212,6.0,2019-11-19T08:31:49.994804-08:00,10.0,23.67373275756836,1574181110.096623,0.4149102973937988,POINT (-122.08897358749256 37.39967375997212),ios,22.891428173847324,-0.242608753610142,3.3501246207998663
94,distance,0,-122.08920693967686,23.450000762939453,1574181110.9947748,298.4765625,37.39976327869799,6.0,2019-11-19T08:31:50.994775-08:00,10.0,23.607784271240234,1574181111.095954,0.4151880671580633,POINT (-122.08920693967686 37.39976327869799),ios,22.648826419171733,3.107419220623544,-8.799575771485937
95,distance,0,-122.0894377772902,23.09000015258789,1574181111.9947457,298.4765625,37.39985191732403,6.0,2019-11-19T08:31:51.994746-08:00,10.0,23.00124740600586,1574181112.096857,0.4154658368561003,POINT (-122.0894377772902 37.39985191732403),ios,25.756155254085296,-5.691900597015433,9.086730477487206
96,distance,0,-122.0896880609189,23.40999984741211,1574181112.9947171,298.125,37.399970730801485,6.0,2019-11-19T08:31:52.994717-08:00,10.0,23.38186264038086,1574181113.104922,0.4157436066865921,POINT (-122.0896880609189 37.399970730801485),ios,20.06441750365219,3.394569907027479,-3.0111133136972015
97,distance,0,-122.08989635121272,23.540000915527344,1574181113.9946876,298.125,37.40004268944021,6.0,2019-11-19T08:31:53.994688-08:00,10.0,23.50960922241211,1574181114.118007,0.4160213762521744,POINT (-122.08989635121272 37.40004268944021),ios,23.458887053941467,0.38354561359464057,-1.3984025453922766
98,distance,0,-122.09012987103507,23.3700008392334,1574181114.9946582,297.7734375,37.40014314654972,6.0,2019-11-19T08:31:54.994658-08:00,10.0,22.93947982788086,1574181115.146978,0.41629914588398403,POINT (-122.09012987103507 37.40014314654972),ios,23.84242141987488,-1.0148159229644462,2.3459423798903263
99,distance,0,-122.09037738863573,24.0,1574181115.994629,297.0703125,37.40022864196207,6.0,2019-11-19T08:31:55.994629-08:00,10.0,22.63753890991211,1574181116.1761808,0.4165769155157937,POINT (-122.09037738863573 37.40022864196207),ios,22.827635256879795,1.3310576610272693,1.2475906660981178
100,distance,0,-122.09060529258296,23.780000686645508,1574181116.9946008,297.0703125,37.40032541103419,6.0,2019-11-19T08:31:56.994601-08:00,10.0,22.48525619506836,1574181117.197485,0.41685468547874027,POINT (-122.09060529258296 37.40032541103419),ios,24.158655470739667,2.5786132281677054,-0.046404135679329175
101,distance,0,-122.0908535645549,23.18000030517578,1574181117.9945717,297.0703125,37.40041652232166,6.0,2019-11-19T08:31:57.994572-08:00,10.0,22.78597640991211,1574181118.194874,0.41713245517677733,POINT (-122.0908535645549 37.40041652232166),ios,26.73719369461254,2.5322104422485636,-6.240371542331752
102,distance,0,-122.0911196899806,23.290000915527344,1574181118.9945421,297.421875,37.4005310610285,6.0,2019-11-19T08:31:58.994542-08:00,10.0,23.622005462646484,1574181119.1965132,0.41741022474235956,POINT (-122.0911196899806 37.4005310610285),ios,29.269329274835165,-3.707976610339181,3.687848772910374
103,distance,0,-122.0914204326664,25.260000228881836,1574181119.994513,296.71875,37.4006415345123,6.0,2019-11-19T08:31:59.994513-08:00,10.0,23.41738510131836,1574181120.188157,0.4176879944403966,POINT (-122.0914204326664 37.4006415345123),ios,25.561460518658787,-0.020235106131860983,0.8186750938036903
104,distance,0,-122.09167742181764,25.260000228881836,1574181120.994484,296.71875,37.40074718840178,6.0,2019-11-19T08:32:00.994484-08:00,10.0,23.73220443725586,1574181121.194963,0.41796576413843367,POINT (-122.09167742181764 37.40074718840178),ios,25.541226001106807,0.7984161748148109,-0.5727390603521431
105,distance,0,-122.09192594524667,25.690000534057617,1574181121.9944558,297.0703125,37.4008645769557,6.0,2019-11-19T08:32:01.994456-08:00,10.0,22.82436752319336,1574181122.1888971,0.41824353410138027,POINT (-122.09192594524667 37.4008645769557),ios,26.339619713766126,0.22569322755535773,0.7891875412092416
106,distance,0,-122.09219148393915,25.940000534057617,1574181122.9944263,297.0703125,37.40097232632097,8.0,2019-11-19T08:32:02.994426-08:00,30.0,22.71670150756836,1574181123.198732,0.4185213036669625,POINT (-122.09219148393915 37.40097232632097),ios,26.565306268948614,1.014857437300044,-4.385870736963322
107,distance,0,-122.09246020775483,26.25,1574181123.994397,297.0703125,37.40107957277205,6.0,2019-11-19T08:32:03.994397-08:00,30.0,22.76137924194336,1574181124.311774,0.4187990732987722,POINT (-122.09246020775483 37.40107957277205),ios,27.58013394506187,-3.3708846818757627,4.483360722317391
108,distance,0,-122.09273546945498,25.979999542236328,1574181124.9943686,297.0703125,37.40119662604984,6.0,2019-11-19T08:32:04.994369-08:00,30.0,23.08779525756836,1574181125.1901278,0.4190768431954914,POINT (-122.09273546945498 37.40119662604984),ios,24.20934490128891,1.1123488393789593,0.36168609769093285
109,distance,0,-122.09297904756114,25.469999313354492,1574181125.994339,297.0703125,37.401296412607095,6.0,2019-11-19T08:32:05.994339-08:00,30.0,23.37051010131836,1574181126.188061,0.41935461276107366,POINT (-122.09297904756114 37.401296412607095),ios,25.321660855293782,1.4740242442168912,-1.569262565689641
110,distance,0,-122.09323377359853,25.290000915527344,1574181126.994309,296.71875,37.40140085112061,6.0,2019-11-19T08:32:06.994309-08:00,30.0,23.50448226928711,1574181127.2255368,0.4196323821942011,POINT (-122.09323377359853 37.40140085112061),ios,26.795640818730174,-0.09519117966250522,-2.4067888935580988
111,distance,0,-122.09350308414743,25.34000015258789,1574181127.99428,300.234375,37.40151174369957,6.0,2019-11-19T08:32:07.994280-08:00,30.0,23.143489837646484,1574181128.1909099,0.4199101519584656,POINT (-122.09350308414743 37.40151174369957),ios,26.70045238520451,-2.501910640614832,8.194276046080702
112,distance,0,-122.09377591509566,26.09000015258789,1574181128.9942508,309.375,37.40161509256568,8.0,2019-11-19T08:32:08.994251-08:00,30.0,24.18532943725586,1574181129.215585,0.42018792159027524,POINT (-122.09377591509566 37.40161509256568),ios,24.198615114333215,5.692125104344714,-10.421785109680036
113,distance,0,-122.0940246899818,26.229999542236328,1574181129.994223,298.4765625,37.40170620385315,8.0,2019-11-19T08:32:09.994223-08:00,30.0,24.944332122802734,1574181130.181989,0.4204656916856766,POINT (-122.0940246899818 37.40170620385315),ios,29.890582794105914,-4.729371774660405,13.075108930317775
114,distance,0,-122.09433674823687,27.260000228881836,1574181130.994194,296.71875,37.40181013945248,6.0,2019-11-19T08:32:10.994194-08:00,30.0,23.778316497802734,1574181131.193578,0.4207434613837136,POINT (-122.09433674823687 37.40181013945248),ios,25.161348582997533,8.345356839092453,-17.733659336528525
115,distance,0,-122.09459625195906,26.899999618530273,1574181131.994165,296.71875,37.40190343003478,6.0,2019-11-19T08:32:11.994165-08:00,30.0,23.06972885131836,1574181132.186493,0.42102123108175066,POINT (-122.09459625195906 37.40190343003478),ios,33.506462680139386,-9.387786677304994,9.88945685151227
116,distance,0,-122.09493270155237,26.549999237060547,1574181132.9941354,297.421875,37.402042569627426,8.0,2019-11-19T08:32:12.994135-08:00,30.0,23.304927825927734,1574181133.201931,0.42129900064733294,POINT (-122.09493270155237 37.402042569627426),ios,24.118953542456694,0.5013778032561972,1.6341040754620169
117,distance,0,-122.0951730107163,26.190000534057617,1574181133.9941063,298.125,37.40214554130789,8.0,2019-11-19T08:32:13.994106-08:00,30.0,23.322078704833984,1574181134.187711,0.42157677034537,POINT (-122.0951730107163 37.40214554130789),ios,24.62031676210331,2.1354343474240576,1.3081638219886047
118,distance,0,-122.0954211988692,26.049999237060547,1574181134.9940774,297.421875,37.40224629178401,8.0,2019-11-19T08:32:14.994077-08:00,30.0,22.97811508178711,1574181135.19102,0.4218545401096344,POINT (-122.0954211988692 37.40224629178401),ios,26.7556895051334,3.443560430654942,-13.295631930590835
119,distance,0,-122.09568791102812,26.260000228881836,1574181135.994049,298.4765625,37.40236032757666,8.0,2019-11-19T08:32:15.994049-08:00,30.0,23.10464096069336,1574181136.1868029,0.4221323100063536,POINT (-122.09568791102812 37.40236032757666),ios,30.199152235742936,-9.851694278780787,18.550538810678535
120,distance,0,-122.09599644888387,26.459999084472656,1574181136.9940195,297.421875,37.40247729703542,6.0,2019-11-19T08:32:16.994020-08:00,30.0,23.379268646240234,1574181137.192452,0.4224100795719359,POINT (-122.09599644888387 37.40247729703542),ios,20.34774921150416,8.698296105552751,-14.68512814919378
121,distance,0,-122.09621027123377,25.81999969482422,1574181137.9939904,296.3671875,37.40254535808917,8.0,2019-11-19T08:32:17.993990-08:00,30.0,23.179195404052734,1574181138.189289,0.4226878492699729,POINT (-122.09621027123377 37.40254535808917),ios,29.045792309138342,-5.986404896339783,10.086086810797372
122,distance,0,-122.09651386376665,27.030000686645508,1574181138.9939613,297.421875,37.402645689470134,8.0,2019-11-19T08:32:18.993961-08:00,30.0,22.473506927490234,1574181139.191351,0.42296561896800994,POINT (-122.09651386376665 37.402645689470134),ios,23.059561539756775,4.099388539778282,-4.831664703244174
123,distance,0,-122.09675174217865,26.709999084472656,1574181139.993932,296.3671875,37.40273110106345,6.0,2019-11-19T08:32:19.993932-08:00,10.0,23.042781829833984,1574181140.1893191,0.4232433885998196,POINT (-122.09675174217865 37.40273110106345),ios,27.158829862976983,-0.7321344725540035,1.279785567575113
124,distance,0,-122.09703220065877,26.670000076293945,1574181140.9939032,296.71875,37.40283118098732,6.0,2019-11-19T08:32:20.993903-08:00,10.0,22.97726058959961,1574181141.193227,0.42352115836408405,POINT (-122.09703220065877 37.40283118098732),ios,26.42671651151272,0.5476141749376638,-4.060253214980361
125,distance,0,-122.09730243321702,26.84000015258789,1574181141.9938743,297.0703125,37.4029331468394,6.0,2019-11-19T08:32:21.993874-08:00,10.0,23.17104721069336,1574181142.187399,0.42379892812834846,POINT (-122.09730243321702 37.4029331468394),ios,26.97431488852177,-3.5125219072266174,4.8400739384310425
126,distance,0,-122.097569313014,26.8700008392334,1574181142.9938447,296.71875,37.40305103830751,6.0,2019-11-19T08:32:22.993845-08:00,10.0,22.56820297241211,1574181143.19171,0.42407669769393075,POINT (-122.097569313014 37.40305103830751),ios,23.461896825154945,1.3274089397240836,-4.2429710245550645
127,distance,0,-122.09779537294254,26.40999984741211,1574181143.9938154,298.4765625,37.40316180515792,6.0,2019-11-19T08:32:23.993815-08:00,10.0,22.129268646240234,1574181144.294495,0.4243544673257404,POINT (-122.09779537294254 37.40316180515792),ios,24.789266837967773,-2.9154376576468715,7.569173930762213
128,distance,0,-122.09804180089579,26.209999084472656,1574181144.9937873,298.4765625,37.40326846487578,6.0,2019-11-19T08:32:24.993787-08:00,10.0,22.829097747802734,1574181145.2019,0.424632237288687,POINT (-122.09804180089579 37.40326846487578),ios,21.87391120147235,4.653523326575504,-4.67192200088875
129,distance,0,-122.09824665460931,25.440000534057617,1574181145.9937577,299.53125,37.403378980269096,6.0,2019-11-19T08:32:25.993758-08:00,10.0,22.00564193725586,1574181146.1892672,0.4249100068542692,POINT (-122.09824665460931 37.403378980269096),ios,26.527296951731856,-0.018260554060610147,0.8020878841154238
130,distance,0,-122.09851621661531,25.729999542236328,1574181146.9937277,298.4765625,37.40348413124438,6.0,2019-11-19T08:32:26.993728-08:00,10.0,21.64217758178711,1574181147.216788,0.42518777628739673,POINT (-122.09851621661531 37.40348413124438),ios,26.50903694623182,0.7838032347404543,0.6806017238375214
131,distance,0,-122.09879340615319,25.93000030517578,1574181147.9937,296.71875,37.40357549398895,6.0,2019-11-19T08:32:27.993700-08:00,10.0,21.145381927490234,1574181148.188991,0.4254655463827981,POINT (-122.09879340615319 37.40357549398895),ios,27.292818503674866,1.4643861354788477,-3.7546306245815724
132,distance,0,-122.09907269116687,26.290000915527344,1574181148.99367,296.71875,37.403680477326176,6.0,2019-11-19T08:32:28.993670-08:00,10.0,21.448543548583984,1574181149.211122,0.4257433158159256,POINT (-122.09907269116687 37.403680477326176),ios,28.757160647909142,-2.2901316972167054,2.3840001469804153
133,distance,0,-122.0993661415969,26.579999923706055,1574181149.9936414,296.3671875,37.40379245955255,6.0,2019-11-19T08:32:29.993641-08:00,10.0,22.039180755615234,1574181150.189424,0.4260210856464174,POINT (-122.0993661415969 37.40379245955255),ios,26.46709447188586,0.09380024297239535,1.1940886012567242
134,distance,0,-122.09963352430808,25.770000457763672,1574181150.9936128,296.015625,37.40389987364169,6.0,2019-11-19T08:32:30.993613-08:00,10.0,21.84798812866211,1574181151.190126,0.4262988554769092,POINT (-122.09963352430808 37.40389987364169),ios,26.56089203121178,1.2878546810802036,-1.8652864767435848
135,distance,0,-122.09990451123761,25.790000915527344,1574181151.9935837,296.015625,37.40400339014586,6.0,2019-11-19T08:32:31.993584-08:00,10.0,22.015193939208984,1574181152.192451,0.42657662517494627,POINT (-122.09990451123761 37.40400339014586),ios,27.848709252377038,-0.57737753995131,-3.2148982135169217
136,distance,0,-122.10018773574578,25.93000030517578,1574181152.993554,296.015625,37.404113402624986,6.0,2019-11-19T08:32:32.993554-08:00,10.0,22.213130950927734,1574181153.2027922,0.42685439474052855,POINT (-122.10018773574578 37.404113402624986),ios,27.27134878195978,-3.792180708526693,-3.338219707712969
137,distance,0,-122.10046232689368,25.969999313354492,1574181153.9935255,296.71875,37.404225510579906,6.0,2019-11-19T08:32:33.993526-08:00,30.0,21.528560638427734,1574181154.2350779,0.4271321645710203,POINT (-122.10046232689368 37.404225510579906),ios,23.479276568593434,-7.130304909007729,17.18512612653357
138,distance,0,-122.10069810982989,24.950000762939453,1574181154.993496,298.4765625,37.40432299211379,6.0,2019-11-19T08:32:34.993496-08:00,30.0,21.90438461303711,1574181155.195825,0.4274099341366026,POINT (-122.10069810982989 37.40432299211379),ios,16.34918245923416,10.054313158110098,-18.5728628363532
139,distance,0,-122.10086809482621,22.860000610351562,1574181155.9934673,297.0703125,37.4043811625218,6.0,2019-11-19T08:32:35.993467-08:00,30.0,21.49880599975586,1574181156.188333,0.42768770396709443,POINT (-122.10086809482621 37.4043811625218),ios,26.40320796113742,-8.518018304375028,30.02792855685876
140,distance,0,-122.10113983612703,23.81999969482422,1574181156.9934382,297.0703125,37.404480068979225,6.0,2019-11-19T08:32:36.993438-08:00,30.0,21.14010238647461,1574181157.199388,0.4279654736651315,POINT (-122.10113983612703 37.404480068979225),ios,17.88543742092854,21.509036828124426,-47.8633845196189
141,distance,0,-122.10131770011233,22.84000015258789,1574181157.9934087,295.3125,37.40455693103131,6.0,2019-11-19T08:32:37.993409-08:00,30.0,20.881404876708984,1574181158.208726,0.4282432432307137,POINT (-122.10131770011233 37.40455693103131),ios,39.393838357957165,-26.35293266299858,43.13914707631913
142,distance,0,-122.10091712895976,0.0,1574181158.99338,295.6640625,37.40440119527038,6.0,2019-11-19T08:32:38.993380-08:00,10.0,21.441768646240234,1574181159.111617,0.42852101306120555,POINT (-122.10091712895976 37.40440119527038),ios,13.041659658409866,16.7849801924226,-28.389750387112116
143,distance,0,-122.10104478534507,22.540000915527344,1574181159.9933515,298.4765625,37.40446012004968,4.0,2019-11-19T08:32:39.993351-08:00,30.0,17.85110092163086,1574181160.197506,0.42879878289169737,POINT (-122.10104478534507 37.40446012004968),ios,29.82615962869714,-11.603957957415712,-4.903496234567425
144,distance,0,-122.10075208928632,0.0,1574181160.993322,297.7734375,37.404326386784575,6.0,2019-11-19T08:32:40.993322-08:00,30.0,19.061458587646484,1574181161.101762,0.4290765524572796,POINT (-122.10075208928632 37.404326386784575),ios,18.22254472957828,-16.507309225492133,34.80460125497143
145,distance,0,-122.10092970181452,24.209999084472656,1574181161.9932933,297.7734375,37.404409744811616,4.0,2019-11-19T08:32:41.993293-08:00,30.0,18.214534759521484,1574181162.116092,0.42935432228777143,POINT (-122.10092970181452 37.404409744811616),ios,1.7157077819913882,18.29629626185001,-3.824018943588514
146,distance,0,-122.10091067489432,23.110000610351562,1574181162.9932635,297.421875,37.40440664350744,6.0,2019-11-19T08:32:42.993263-08:00,30.0,22.71895980834961,1574181163.162322,0.4296320917871263,POINT (-122.10091067489432 37.40440664350744),ios,20.0114587717217,14.47239128290687,-30.083127121728918
147,distance,0,-122.1011273470913,22.299999237060547,1574181163.9932344,295.3125,37.40445919804033,6.0,2019-11-19T08:32:43.993234-08:00,30.0,25.836116790771484,1574181164.178201,0.42990986148516336,POINT (-122.1011273470913 37.40445919804033),ios,34.48342909521873,-15.609860808898407,18.76228244681294
148,distance,0,-122.10147410642551,23.770000457763672,1574181164.993206,294.9609375,37.40460164848473,6.0,2019-11-19T08:32:44.993206-08:00,30.0,28.643001556396484,1574181165.141945,0.43018763138188254,POINT (-122.10147410642551 37.40460164848473),ios,18.874011166339574,3.151889317984655,3.2582367896953186
149,distance,0,-122.10165574226724,23.049999237060547,1574181165.993177,299.8828125,37.40469104148206,6.0,2019-11-19T08:32:45.993177-08:00,30.0,30.594234466552734,1574181166.156631,0.4304654010799196,POINT (-122.10165574226724 37.40469104148206),ios,22.025808805109563,6.410031335129309,17.004416049397843
150,distance,0,-122.10187450994002,22.850000381469727,1574181166.9931483,299.53125,37.404786092264025,8.0,2019-11-19T08:32:46.993148-08:00,30.0,31.754329681396484,1574181167.1838279,0.4307431709104114,POINT (-122.10187450994002 37.404786092264025),ios,28.435656747771322,23.4139608842816,-39.336847655747434
151,distance,0,-122.10215396259176,22.75,1574181167.9931188,298.4765625,37.40491303618756,6.0,2019-11-19T08:32:47.993119-08:00,30.0,27.535091400146484,1574181168.3022609,0.4310209404759937,POINT (-122.10215396259176 37.40491303618756),ios,51.84892542396556,-15.921723820685603,4.3436145609955625
152,distance,0,-122.10266039718138,24.299999237060547,1574181168.9930904,300.9375,37.40514877721426,6.0,2019-11-19T08:32:48.993090-08:00,30.0,28.63735580444336,1574181169.2158399,0.4312987103727129,POINT (-122.10266039718138 37.40514877721426),ios,35.92765333141761,-11.578232495901045,12.001638013309742
153,distance,0,-122.1030201484655,25.1200008392334,1574181169.99306,300.5859375,37.4052995257428,6.0,2019-11-19T08:32:49.993060-08:00,30.0,27.496150970458984,1574181170.135632,0.431576479739613,POINT (-122.1030201484655 37.4052995257428),ios,24.349771414665568,0.4230421178964813,12.476841043355433
154,distance,0,-122.10326096054362,25.329999923706055,1574181170.993031,298.828125,37.405406101641624,8.0,2019-11-19T08:32:50.993031-08:00,30.0,25.625911712646484,1574181171.156775,0.43185424943765005,POINT (-122.10326096054362 37.405406101641624),ios,24.77280122750777,12.899520246544899,-25.453341939381996
155,distance,0,-122.10349204961406,24.780000686645508,1574181171.9930024,301.640625,37.40553233310339,8.0,2019-11-19T08:32:51.993002-08:00,30.0,25.010128021240234,1574181172.1655788,0.4321320192681419,POINT (-122.10349204961406 37.40553233310339),ios,37.671952415818076,-12.553093466882865,5.01456797807519
156,distance,0,-122.10388666961538,24.360000610351562,1574181172.9929733,299.1796875,37.40566082767901,8.0,2019-11-19T08:32:52.992973-08:00,30.0,25.12032699584961,1574181173.180666,0.4324097889661789,POINT (-122.10388666961538 37.40566082767901),ios,25.11922408160155,-7.538671347880676,10.020549519112
157,distance,0,-122.1041684692,19.219999313354492,1574181173.9929438,298.125,37.405630485189526,8.0,2019-11-19T08:32:53.992944-08:00,30.0,22.367610931396484,1574181174.198878,0.43268755853176116,POINT (-122.1041684692 37.405630485189526),ios,17.58077560627545,2.481581924669233,-7.347078419901235
158,distance,0,-122.10433719691085,18.350000381469727,1574181174.9929147,299.1796875,37.40571434613076,4.0,2019-11-19T08:32:54.992915-08:00,30.0,17.124629974365234,1574181175.169176,0.4329653282297982,POINT (-122.10433719691085 37.40571434613076),ios,20.06228534900584,-4.865282790272317,6.088512911907183
159,distance,0,-122.1045138874297,18.299999237060547,1574181175.992886,302.34375,37.40582771137115,4.0,2019-11-19T08:32:55.992886-08:00,30.0,16.83138656616211,1574181176.157712,0.43324309806029004,POINT (-122.1045138874297 37.40582771137115),ios,15.197141755590698,1.223055927883191,-3.0467289363564816
160,distance,0,-122.10465872671651,16.8799991607666,1574181176.9928575,303.3984375,37.40590147211906,4.0,2019-11-19T08:32:56.992857-08:00,30.0,16.60708236694336,1574181177.176311,0.4335208678907818,POINT (-122.10465872671651 37.40590147211906),ios,16.42016269156311,-1.8235858408592212,4.382292327272203
161,distance,0,-122.10481664177226,16.15999984741211,1574181177.9928277,303.046875,37.40597938190904,4.0,2019-11-19T08:32:57.992828-08:00,30.0,16.51931381225586,1574181178.198821,0.43379863739013674,POINT (-122.10481664177226 37.40597938190904),ios,14.59663119779702,2.5585758839242465,-1.2956491443474305
162,distance,0,-122.10495854739295,15.930000305175781,1574181178.9927988,303.3984375,37.40604664668199,4.0,2019-11-19T08:32:58.992799-08:00,30.0,16.48153305053711,1574181179.196356,0.43407640715440116,POINT (-122.10495854739295 37.40604664668199),ios,17.155133270266028,1.262964117303005,-13.20561385992537
163,distance,0,-122.10511964757191,16.1299991607666,1574181179.9927697,304.1015625,37.4061328126466,4.0,2019-11-19T08:32:59.992770-08:00,30.0,16.492427825927734,1574181180.189373,0.4343541768524382,POINT (-122.10511964757191 37.4061328126466),ios,18.418060651647576,-11.942265630051862,17.610659810729732
164,distance,0,-122.1052826755886,16.280000686645508,1574181180.9927406,305.5078125,37.40623607769367,4.0,2019-11-19T08:33:00.992741-08:00,30.0,16.58291244506836,1574181181.179875,0.4346319465504752,POINT (-122.1052826755886 37.40623607769367),ios,6.476142387072052,5.667881938242197,-4.33891345350049
165,distance,0,-122.10534604277657,13.020000457763672,1574181181.9927115,305.5078125,37.406265372445255,4.0,2019-11-19T08:33:01.992712-08:00,30.0,16.607723236083984,1574181182.187891,0.43490971624851227,POINT (-122.10534604277657 37.406265372445255),ios,12.143859463254545,1.329094691006519,-0.19491320411796073
166,distance,0,-122.1054671612774,13.460000038146973,1574181182.992683,305.15625,37.40631704687831,4.0,2019-11-19T08:33:02.992683-08:00,30.0,16.64181137084961,1574181183.193208,0.4351874860790041,POINT (-122.1054671612774 37.40631704687831),ios,13.472916128556937,1.134187063400059,-2.644963852887887
167,distance,0,-122.10557704802798,12.970000267028809,1574181183.992653,306.9140625,37.4064010754576,4.0,2019-11-19T08:33:03.992653-08:00,30.0,16.67293930053711,1574181184.214194,0.4354652555121316,POINT (-122.10557704802798 37.4064010754576),ios,14.607069120137217,-1.510697332813857,-4.384966908610256
168,distance,0,-122.10572222259091,13.350000381469727,1574181184.9926238,306.2109375,37.406463981640904,4.0,2019-11-19T08:33:04.992624-08:00,30.0,16.757747650146484,1574181185.277534,0.4357430252101686,POINT (-122.10572222259091 37.406463981640904),ios,13.096415729077368,-5.895536695599382,11.106298782410805
169,distance,0,-122.1058210452293,12.34000015258789,1574181185.9925947,308.3203125,37.406551782076626,4.0,2019-11-19T08:33:05.992595-08:00,30.0,16.572322845458984,1574181186.222361,0.43602079490820567,POINT (-122.1058210452293 37.406551782076626),ios,7.20105051734679,5.210439037158499,-3.844595876003766
170,distance,0,-122.10589807491945,10.640000343322754,1574181186.992566,307.265625,37.4065305758616,4.0,2019-11-19T08:33:06.992566-08:00,30.0,16.076900482177734,1574181187.158976,0.4362985647386975,POINT (-122.10589807491945 37.4065305758616),ios,12.411340482648681,1.3659531559250506,-9.43582727948182
171,distance,0,-122.1060197801535,11.699999809265137,1574181187.992537,306.2109375,37.40658635742721,4.0,2019-11-19T08:33:07.992537-08:00,30.0,16.14352035522461,1574181188.161228,0.4365763344367345,POINT (-122.1060197801535 37.40658635742721),ios,13.777253907003244,-8.06959966301979,12.06994462600126
172,distance,0,-122.10613838408338,11.729999542236328,1574181188.9925086,306.2109375,37.406666823697655,4.0,2019-11-19T08:33:08.992509-08:00,30.0,15.97842025756836,1574181189.191677,0.43685410433345373,POINT (-122.10613838408338 37.406666823697655),ios,5.707883193139236,4.000002516794808,3.8371808070628988
173,distance,0,-122.10619823087202,11.489999771118164,1574181189.9924798,305.15625,37.40664746150133,4.0,2019-11-19T08:33:09.992480-08:00,30.0,15.813228607177734,1574181190.167676,0.43713187409771814,POINT (-122.10619823087202 37.40664746150133),ios,9.707770315269153,7.837072626379018,-12.04808788865102
174,distance,0,-122.10629495803462,11.569999694824219,1574181190.9924495,305.15625,37.40668891001251,4.0,2019-11-19T08:33:10.992450-08:00,30.0,15.74660873413086,1574181191.16626,0.43740964346461825,POINT (-122.10629495803462 37.40668891001251),ios,17.544605641675744,-4.210650456296598,0.517453095610407
175,distance,0,-122.10644750867235,12.8100004196167,1574181191.9924207,306.5625,37.406789953855245,4.0,2019-11-19T08:33:11.992421-08:00,30.0,15.625606536865234,1574181192.137007,0.43768741322888266,POINT (-122.10644750867235 37.406789953855245),ios,13.33407665695231,-3.6932122885084397,2.2706380923266236
176,distance,0,-122.10656217310773,12.569999694824219,1574181192.992392,307.265625,37.40686794746426,4.0,2019-11-19T08:33:12.992392-08:00,30.0,15.423885345458984,1574181193.170218,0.4379651830593745,POINT (-122.10656217310773 37.40686794746426),ios,9.640970032095009,-1.4226391596587316,6.767842640336427
177,distance,0,-122.10664129827367,11.369999885559082,1574181193.992363,306.9140625,37.406927668524354,4.0,2019-11-19T08:33:13.992363-08:00,30.0,15.384151458740234,1574181194.131968,0.43824295275741154,POINT (-122.10664129827367 37.406927668524354),ios,8.218372252836334,5.345006623987737,-13.807498782496346
178,distance,0,-122.10670952696549,10.609999656677246,1574181194.992334,307.265625,37.40697791803387,4.0,2019-11-19T08:33:14.992334-08:00,30.0,15.26662826538086,1574181195.141128,0.4385207224554486,POINT (-122.10670952696549 37.40697791803387),ios,13.563223406260152,-8.462090538871248,5.128574196620516
179,distance,0,-122.10682561632441,10.449999809265137,1574181195.9923058,307.6171875,37.407057755661576,4.0,2019-11-19T08:33:15.992306-08:00,30.0,15.130733489990234,1574181196.163391,0.43879849241839514,POINT (-122.10682561632441 37.407057755661576),ios,5.1013709347019995,-3.3336606264407194,5.948231133373312
180,distance,0,-122.1068075952326,7.269999980926514,1574181196.9922771,309.375,37.40710134155807,4.0,2019-11-19T08:33:16.992277-08:00,30.0,15.23507308959961,1574181197.160396,0.43907626224888696,POINT (-122.1068075952326 37.40710134155807),ios,1.7678056850568518,2.6144003266747946,-1.9696491765690813
181,distance,0,-122.10681505512642,5.900000095367432,1574181197.9922476,309.7265625,37.40711609370765,4.0,2019-11-19T08:33:17.992248-08:00,30.0,15.21657943725586,1574181198.155098,0.43935403181446925,POINT (-122.10681505512642 37.40711609370765),ios,4.382128719851871,0.644809380624506,-1.7178527144946063
182,distance,0,-122.10687532101022,4.679999828338623,1574181199.992189,311.1328125,37.40717870652434,4.0,2019-11-19T08:33:19.992189-08:00,30.0,15.25533676147461,1574181200.1735349,0.43990957107808853,POINT (-122.10687532101022 37.40717870652434),ios,5.671709662404949,-2.790795294635896,6.888080715441351
183,distance,0,-122.10692452278184,4.340000152587891,1574181200.99216,311.484375,37.40721147976574,4.0,2019-11-19T08:33:20.992160-08:00,30.0,15.29433822631836,1574181201.164,0.44018734084235295,POINT (-122.10692452278184 37.40721147976574),ios,2.8809948784403465,4.097086708989009,-4.922750985046092
184,distance,0,-122.10692368459152,3.4700000286102295,1574181201.9921303,310.78125,37.40718557968494,4.0,2019-11-19T08:33:21.992130-08:00,30.0,15.40023422241211,1574181202.1659598,0.4404651103417079,POINT (-122.10692368459152 37.40718557968494),ios,6.977959484730404,-0.8255175666451924,-1.720086803106904
185,distance,0,-122.10699283529269,2.380000114440918,1574181202.9921005,310.078125,37.40721592217442,4.0,2019-11-19T08:33:22.992100-08:00,30.0,15.139949798583984,1574181203.201035,0.44074287984106275,POINT (-122.10699283529269 37.40721592217442),ios,6.152466520425869,-2.5455531071706554,3.7909202945531746
186,distance,0,-122.10704279143559,3.9000000953674316,1574181203.9920726,311.1328125,37.40725447892901,4.0,2019-11-19T08:33:23.992073-08:00,30.0,15.07735824584961,1574181204.1628408,0.4410206498702367,POINT (-122.10704279143559 37.40725447892901),ios,3.6069844213923297,1.2452614397603958,-2.9545541041380274
187,distance,0,-122.10706332709836,2.5799999237060547,1574181204.992044,312.5390625,37.40728251639512,4.0,2019-11-19T08:33:24.992044-08:00,30.0,15.230648040771484,1574181205.1284451,0.44129841970072853,POINT (-122.10706332709836 37.40728251639512),ios,4.852210233937156,-1.7092081339066652,1.118425426545337
188,distance,0,-122.10710423078584,3.4000000953674316,1574181205.992015,311.8359375,37.40731164350864,4.0,2019-11-19T08:33:25.992015-08:00,30.0,15.316219329833984,1574181206.130938,0.4415761893987656,POINT (-122.10710423078584 37.40731164350864),ios,3.1430518158814014,-0.5908152390762537,-1.4983128855107308
189,distance,0,-122.10712954413341,2.5999999046325684,1574181206.991985,311.484375,37.40733150861916,4.0,2019-11-19T08:33:26.991985-08:00,30.0,15.213130950927734,1574181207.110996,0.44185395889812046,POINT (-122.10712954413341 37.40733150861916),ios,2.552254184471374,-2.089083471383333,2.5736906839083153
190,distance,0,-122.10715075034844,2.009999990463257,1574181207.9919562,312.1875,37.40734709895906,4.0,2019-11-19T08:33:27.991956-08:00,30.0,15.287227630615234,1574181208.1371942,0.44213172866238487,POINT (-122.10715075034844 37.40734709895906),ios,0.46323098032189886,0.48453296502819804,-0.26476694434438025
191,distance,0,-122.10714731376814,0.8799999952316284,1574181210.9918692,311.8359375,37.40733490328994,4.0,2019-11-19T08:33:30.991869-08:00,10.0,15.15328598022461,1574181211.096362,0.4429650378227234,POINT (-122.10714731376814 37.40733490328994),ios,1.9167877100002098,-0.30974482724903046,-0.030946413958291147
192,distance,0,-122.1071358305608,0.5,1574181211.9918406,312.1875,37.40732027686891,4.0,2019-11-19T08:33:31.991841-08:00,10.0,15.12899398803711,1574181212.0939012,0.4432428076532152,POINT (-122.1071358305608 37.40732027686891),ios,1.607051744621771,-0.3406903558233163,0.23044083539020563
193,distance,0,-122.10713130433308,0.49000000953674316,1574181212.9918113,311.484375,37.40730627909061,4.0,2019-11-19T08:33:32.991811-08:00,30.0,14.97555160522461,1574181213.0967069,0.44352057728502486,POINT (-122.10713130433308 37.40730627909061),ios,1.2663713797084521,-0.11025627822242517,-0.3437449109016494
194,distance,0,-122.10712593991505,1.0,1574181213.9917831,311.8359375,37.407295717892616,4.0,2019-11-19T08:33:33.991783-08:00,10.0,14.876338958740234,1574181214.080174,0.4437983472479714,POINT (-122.10712593991505 37.407295717892616),ios,1.1561182033691595,-0.45399151841363333,0.23339378596460686
195,distance,0,-122.1071094275658,1.2400000095367432,1574181215.991723,312.5390625,37.40727958272901,4.0,2019-11-19T08:33:35.991723-08:00,10.0,14.77535629272461,1574181216.1337872,0.44435388611422644,POINT (-122.1071094275658 37.40727958272901),ios,0.24816244302510435,0.012782030871045492,-0.003428438532853171
196,distance,0,-122.10709149029302,0.2199999988079071,1574181226.9914045,315.0,37.407299573568075,4.0,2019-11-19T08:33:46.991405-08:00,10.0,16.46847152709961,1574181227.0970469,0.4474093531899982,POINT (-122.10709149029302 37.407299573568075),ios,0.388760711181824,-0.024929700939338818,0.0018737571657116414
197,distance,0,-122.1070367564653,0.0,1574181239.9910274,314.296875,37.407286330161064,4.0,2019-11-19T08:33:59.991027-08:00,10.0,15.686885833740234,1574181240.11269,0.4510203595293893,POINT (-122.1070367564653 37.407286330161064),ios,0.06468400190995023,-0.000571564525427749,0.0008915852075049419
198,distance,0,-122.10704430017816,0.23999999463558197,1574181260.990417,313.9453125,37.40729697517809,4.0,2019-11-19T08:34:20.990417-08:00,10.0,14.700069427490234,1574181261.1320791,0.4568535233206219,POINT (-122.10704430017816 37.40729697517809),ios,0.052681495731268665,0.018151180651751527,0.018337867919838893
199,distance,0,-122.10703608591305,0.9900000095367432,1574181296.989371,318.515625,37.407312733156054,4.0,2019-11-19T08:34:56.989371-08:00,10.0,14.53988265991211,1574181297.1097178,0.4668532327810923,POINT (-122.10703608591305 37.407312733156054),ios,0.7061050141065668,0.6782952454140829,0.13455403381509612
200,distance,0,-122.10703181114243,0.3700000047683716,1574181298.989313,318.8671875,37.407324970734685,4.0,2019-11-19T08:34:58.989313-08:00,10.0,13.814022064208984,1574181299.075728,0.4674087721771664,POINT (-122.10703181114243 37.407324970734685),ios,2.0626560456967087,0.9473954854799759,-1.054195421447059
201,distance,0,-122.10703868430303,1.350000023841858,1574181299.9892843,318.8671875,37.40734269845989,4.0,2019-11-19T08:34:59.989284-08:00,10.0,13.617549896240234,1574181300.1023932,0.4676865420076582,POINT (-122.10703868430303 37.40734269845989),ios,3.010024425974425,-0.10676977519414607,-0.5097619576326824
202,distance,0,-122.107099369282,0.0,1574181301.9892254,166.9921875,37.40731805566457,4.0,2019-11-19T08:35:01.989225-08:00,30.0,13.942256927490234,1574181302.088375,0.4682420812050502,POINT (-122.107099369282 37.40731805566457),ios,2.796491163192962,-1.126263670889271,0.8329837158543767
203,distance,0,-122.10716256883191,0.0,1574181303.9891677,166.9921875,37.407314954360395,4.0,2019-11-19T08:35:03.989168-08:00,30.0,13.811397552490234,1574181304.093946,0.468797620733579,POINT (-122.10716256883191 37.407314954360395),ios,0.5440288037829738,0.5396556999113467,-0.43668835427957076
204,distance,0,-122.10718033846663,0.5600000023841858,1574181306.9890804,318.8671875,37.40731897767392,4.0,2019-11-19T08:35:06.989080-08:00,30.0,13.705623626708984,1574181307.093032,0.4696309298276901,POINT (-122.10718033846663 37.40731897767392),ios,2.162948812513079,-0.7703712569775664,-0.3312019487258665
205,distance,0,-122.10719483915912,0.36000001430511475,1574181307.989052,318.8671875,37.40733465183285,4.0,2019-11-19T08:35:07.989052-08:00,30.0,13.48916244506836,1574181308.081182,0.4699086997244093,POINT (-122.10719483915912 37.40733465183285),ios,1.3925994123631487,-1.1015638089043696,1.2248520516813874
206,distance,0,-122.10721034567999,0.20999999344348907,1574181308.9890227,319.21875,37.40733238871899,4.0,2019-11-19T08:35:08.989023-08:00,30.0,13.713436126708984,1574181309.1356912,0.470186469356219,POINT (-122.10721034567999 37.40733238871899),ios,0.29106790735198634,0.12325232339626781,0.0369222519666045
207,distance,0,-122.10718335595178,0.6299999952316284,1574181317.988762,319.21875,37.407342153636186,4.0,2019-11-19T08:35:17.988762-08:00,50.0,13.57284164428711,1574181318.073786,0.47268639690346187,POINT (-122.10718335595178 37.407342153636186),ios,1.400306670024063,0.4555429606674772,-0.5481948706463298
208,distance,0,-122.10719031293141,1.0199999809265137,1574181318.9887323,318.1640625,37.407330838066905,4.0,2019-11-19T08:35:18.988732-08:00,30.0,13.759700775146484,1574181319.0908852,0.47296416646904416,POINT (-122.10719031293141 37.407330838066905),ios,1.8558361630632703,-0.09263570319842844,-0.029748877849276382
209,distance,0,-122.10721126768934,1.350000023841858,1574181319.9887033,316.7578125,37.407329622690945,4.0,2019-11-19T08:35:19.988703-08:00,30.0,14.079402923583984,1574181320.086056,0.4732419361670812,POINT (-122.10721126768934 37.407329622690945),ios,1.763203154365715,-0.12238371574011205,0.2058808200392117
210,distance,0,-122.10723012697147,0.3100000023841858,1574181320.9886742,317.109375,37.40733481947091,4.0,2019-11-19T08:35:20.988674-08:00,30.0,14.33321762084961,1574181321.098185,0.4735197058651182,POINT (-122.10723012697147 37.40733481947091),ios,1.6408229984088996,0.08349111582996513,1.314081900372427
211,distance,0,-122.10724152635979,0.5199999809265137,1574181321.9886436,316.7578125,37.40734647031632,4.0,2019-11-19T08:35:21.988644-08:00,30.0,14.133174896240234,1574181322.127726,0.47379747516579096,POINT (-122.10724152635979 37.40734647031632),ios,1.7243115662922146,1.3975329136053347,-2.5026736130923215
212,distance,0,-122.10723062988566,0.23999999463558197,1574181322.9886155,316.7578125,37.40733360409495,4.0,2019-11-19T08:35:22.988616-08:00,30.0,14.133480072021484,1574181323.107898,0.47407524512873755,POINT (-122.10723062988566 37.40733360409495),ios,3.121805162555791,-1.1050702907883454,1.0524836196886516
213,distance,0,-122.10716248501288,0.0,1574181324.9885578,316.7578125,37.407318684307306,4.0,2019-11-19T08:35:24.988558-08:00,30.0,14.100643157958984,1574181325.081909,0.4746307846572664,POINT (-122.10716248501288 37.407318684307306),ios,0.9117283405469264,0.9998362231298673,-1.6942516291861367
214,distance,0,-122.10715343255745,0.6499999761581421,1574181325.988529,316.0546875,37.4073226238018,4.0,2019-11-19T08:35:25.988529-08:00,10.0,14.12838363647461,1574181326.083173,0.47490855442153085,POINT (-122.10715343255745 37.4073226238018),ios,1.9115357197534637,-0.6943665291872747,0.6321755181655795
215,distance,0,-122.1071339865421,0.6100000143051147,1574181326.9884992,315.0,37.40731508008894,4.0,2019-11-19T08:35:26.988499-08:00,10.0,13.936214447021484,1574181327.094732,0.4751863239208857,POINT (-122.1071339865421 37.40731508008894),ios,1.2171898843013471,-0.06220985132029324,-0.05835019537152761
216,distance,0,-122.10710766736614,0.3700000047683716,1574181328.9884403,314.296875,37.407308584113984,4.0,2019-11-19T08:35:28.988440-08:00,10.0,13.80215072631836,1574181329.104193,0.47574186311827765,POINT (-122.10710766736614 37.407308584113984),ios,1.092773845160897,-0.17890680585599278,0.23682127778271186
217,distance,0,-122.10709400486397,0.8100000023841858,1574181330.988383,314.296875,37.407324970734685,4.0,2019-11-19T08:35:30.988383-08:00,10.0,13.662288665771484,1574181331.1030889,0.47629740277926125,POINT (-122.10709400486397 37.407324970734685),ios,0.734970470578458,0.29472219868721894,-0.4499177838308693
218,distance,0,-122.10707732487666,1.3300000429153442,1574181333.9882956,315.0,37.4073102185851,4.0,2019-11-19T08:35:33.988296-08:00,10.0,13.47689437866211,1574181334.100519,0.477130711807145,POINT (-122.10707732487666 37.4073102185851),ios,1.6191112785601574,-1.0549917851709338,1.0838469440084724
219,distance,0,-122.10709450777816,1.2300000190734863,1574181334.9882672,314.6484375,37.40731528963652,4.0,2019-11-19T08:35:34.988267-08:00,10.0,13.994503021240234,1574181335.108916,0.4774084817038642,POINT (-122.10709450777816 37.40731528963652),ios,0.5641494254166671,0.028824408136984496,0.06991112438668348
220,distance,0,-122.10714798432039,0.0,1574181343.9922786,291.09375,37.40733209535238,4.0,2019-11-19T08:35:43.992279-08:00,10.0,14.64242172241211,1574181344.093117,0.4799095959795846,POINT (-122.10714798432039 37.40733209535238),ios,0.823684724666837,0.6583049685836957,-0.6657190975611837
221,distance,0,-122.10721755411672,5.170000076293945,1574181353.9959164,310.078125,37.40738146476206,4.0,2019-11-19T08:35:53.995916-08:00,10.0,14.672969818115234,1574181354.107908,0.48268838425477345,POINT (-122.10721755411672 37.40738146476206),ios,7.40912918618306,-6.001307753756703,6.773851193884814
222,distance,0,-122.10728192713307,0.0,1574181354.9961667,310.078125,37.407424212468236,4.0,2019-11-19T08:35:54.996167-08:00,10.0,14.647212982177734,1574181355.0889049,0.4829662315713035,POINT (-122.10728192713307 37.407424212468236),ios,1.4063190679955853,0.7742392027036368,1.761058998166526
223,distance,0,-122.10737169731604,0.0,1574181364.997871,310.078125,37.4073197320452,8.0,2019-11-19T08:36:04.997871-08:00,30.0,15.00442123413086,1574181365.1034951,0.48574448274241555,POINT (-122.10737169731604 37.4073197320452),ios,9.150030565871674,18.387830409296534,-4.24966571183386
224,distance,0,-122.10747295070635,10.210000038146973,1574181365.9979804,307.265625,37.4073371664038,4.0,2019-11-19T08:36:05.997980-08:00,30.0,14.16457748413086,1574181366.138351,0.48602229091856214,POINT (-122.10747295070635 37.4073371664038),ios,27.539873231351322,14.137699639002026,-30.631935968513943
225,distance,0,-122.10771393042253,11.489999771118164,1574181366.9980814,307.96875,37.40749436899778,4.0,2019-11-19T08:36:06.998081-08:00,30.0,14.16823959350586,1574181367.182451,0.48630009677675035,POINT (-122.10771393042253 37.40749436899778),ios,41.67900204302346,-16.497332895914983,47.05112554534282
226,distance,0,-122.1080765799004,11.489999771118164,1574181367.9981742,312.905029296875,37.407734246009696,4.0,2019-11-19T08:36:07.998174-08:00,30.0,13.560848236083984,1574181368.143793,0.48657790031698017,POINT (-122.1080765799004 37.407734246009696),ios,25.180139104818622,30.55815639793942,-57.48320354452594
227,distance,0,-122.10829324601883,13.6899995803833,1574181368.9982576,308.8490905761719,37.4078814475557,4.0,2019-11-19T08:36:08.998258-08:00,30.0,13.24929428100586,1574181369.1458402,0.486855701274342,POINT (-122.10829324601883 37.4078814475557),ios,55.74084547403797,-26.929843918885474,38.46526450482814
228,distance,0,-122.10878212161202,13.039999961853027,1574181369.9983344,307.25042724609375,37.408198513615055,6.0,2019-11-19T08:36:09.998334-08:00,30.0,13.609676361083984,1574181370.1724482,0.48713350037733716,POINT (-122.10878212161202 37.408198513615055),ios,28.808934129963028,11.538373594396644,-28.726490683900455
229,distance,0,-122.10906631056983,11.819999694824219,1574181370.9984062,285.06365966796875,37.40832570077306,4.0,2019-11-19T08:36:10.998406-08:00,30.0,15.142208099365234,1574181371.152863,0.48741129808955724,POINT (-122.10906631056983 37.40832570077306),ios,40.348135764113565,-17.19017861716033,14.927909633929344
230,distance,0,-122.10935904660414,12.5,1574181371.9984713,310.06036376953125,37.40860429566555,4.0,2019-11-19T08:36:11.998471-08:00,30.0,14.99599838256836,1574181372.162061,0.48768909394741056,POINT (-122.10935904660414 37.40860429566555),ios,23.15683826793004,-2.2612973513869283,-7.547199539656929
231,distance,0,-122.10956906005106,12.8100004196167,1574181372.9985313,306.5122985839844,37.408728982192834,4.0,2019-11-19T08:36:12.998531-08:00,30.0,14.68563461303711,1574181373.116313,0.4879668884144889,POINT (-122.10956906005106 37.408728982192834),ios,20.89540505444715,-9.808950337976649,9.742501208473724
232,distance,0,-122.1097563540902,12.399999618530273,1574181373.9985852,307.5557861328125,37.40884380184411,4.0,2019-11-19T08:36:13.998585-08:00,30.0,14.299495697021484,1574181374.120969,0.48824468115965525,POINT (-122.1097563540902 37.40884380184411),ios,11.085926184734035,-0.06592417821824911,-0.009549660008413813
233,distance,0,-122.11079367759079,-1.0,1574181385.6590781,-1.0,37.40966389885731,11.297410011291504,2019-11-19T08:36:25.659078-08:00,153.78056758224233,14.299495697021484,1574181386.022665,0.4914837069643868,POINT (-122.11079367759079 37.40966389885731),ios,10.317217772877358,-0.1772779209154451,-0.9804221972986045
234,distance,0,-122.11080403443931,-1.0,1574181385.7711911,-1.0,37.40967026544882,11.297410011291504,2019-11-19T08:36:25.771191-08:00,153.791132111216,14.299495697021484,1574181388.957796,0.4915148494640986,POINT (-122.11080403443931 37.40967026544882),ios,10.297342613513708,-0.28719599370389975,1.3394842732915087
235,distance,0,-122.11081646473917,-1.0,1574181385.906009,-1.0,37.40967790663826,11.297410011291504,2019-11-19T08:36:25.906009-08:00,153.8197581195391,14.299495697021484,1574181389.059454,0.49155229886372886,POINT (-122.11081646473917 37.40967790663826),ios,10.258623470368203,-0.1066096190478592,-6.7431267368667855
236,distance,0,-122.11084837381767,-1.0,1574181386.253398,-1.0,37.409697521878144,11.297410011291504,2019-11-19T08:36:26.253398-08:00,153.96423393182192,14.299495697021484,1574181389.156455,0.49164879580338794,POINT (-122.11084837381767 37.409697521878144),ios,10.221588463253369,-2.449097556876265,83.06934409581895
237,distance,0,-122.11085892253044,-1.0,1574181386.3686562,-1.0,37.40970400641299,11.297410011291504,2019-11-19T08:36:26.368656-08:00,153.9858243127957,14.299495697021484,1574181389.203031,0.4916808119747374,POINT (-122.11085892253044 37.40970400641299),ios,9.939309845936746,7.125326919163993,-3.8532435281557356
238,distance,0,-122.11116908230342,-1.0,1574181389.853792,-1.0,37.40989466871471,11.297410011291504,2019-11-19T08:36:29.853792-08:00,173.4975471097805,14.299495697021484,1574181389.9456549,0.49264890525076127,POINT (-122.11116908230342 37.40989466871471),ios,34.77204173362895,-6.303750022600154,1.7835777660666186
239,distance,0,-122.11245976654581,-1.0,1574181393.3279629,-1.0,37.41025420292607,11.43814468383789,2019-11-19T08:36:33.327963-08:00,165.0,13.999378204345703,1574181393.493256,0.4936139527294371,POINT (-122.11245976654581 37.41025420292607),ios,12.87173669778193,-0.10729600840657982,0.0006823505167746121
240,distance,0,-122.11410798521892,-1.0,1574181406.2038379,-1.0,37.41096666155999,14.390960693359375,2019-11-19T08:36:46.203838-08:00,378.85160389688093,13.999378204345703,1574181406.614044,0.4971905846728219,POINT (-122.11410798521892 37.41096666155999),ios,11.490206705949161,-0.09851014844900748,-0.11673965157261877
241,distance,0,-122.11427248666175,-1.0,1574181407.6434422,-1.0,37.411037771742514,14.390960693359375,2019-11-19T08:36:47.643442-08:00,381.42843319234913,13.999378204345703,1574181408.3788838,0.49759047475126056,POINT (-122.11427248666175 37.411037771742514),ios,11.348391074384164,-0.26656905077639936,-0.021864713021299418
242,distance,0,-122.11428985081602,-1.0,1574181407.797298,-1.0,37.41104527737064,14.390960693359375,2019-11-19T08:36:47.797298-08:00,381.45855523109606,13.999378204345703,1574181408.434473,0.4976332124736574,POINT (-122.11428985081602 37.41104527737064),ios,11.307377879654139,-0.2699330637038073,-0.08673351974755067
243,distance,0,-122.11432466092018,-1.0,1574181408.106853,-1.0,37.411060323982916,14.390960693359375,2019-11-19T08:36:48.106853-08:00,381.58084725128407,13.999378204345703,1574181408.4755058,0.4977191999885771,POINT (-122.11432466092018 37.411060323982916),ios,11.223818735620949,-0.296781863067799,0.31277081503242044
244,distance,0,-122.1143961239785,-1.0,1574181408.747082,-1.0,37.411091213776466,14.390960693359375,2019-11-19T08:36:48.747082-08:00,382.0883046002679,13.999378204345703,1574181408.880847,0.4978970413737827,POINT (-122.1143961239785 37.411091213776466),ios,11.033810384146209,-0.09653692107771342,-2.8684221152977347
245,distance,0,-122.11456596147792,-1.0,1574181410.294837,-1.0,37.41116462576606,14.390960693359375,2019-11-19T08:36:50.294837-08:00,384.9049158219649,13.999378204345703,1574181411.090956,0.4983269733190536,POINT (-122.11456596147792 37.41116462576606),ios,10.88439488157633,-4.536151600675245,22.949877315918368
246,distance,0,-122.11458699240762,-1.0,1574181410.489126,-1.0,37.41117371635206,14.390960693359375,2019-11-19T08:36:50.489126-08:00,384.94813087953384,13.999378204345703,1574181411.132915,0.4983809424771203,POINT (-122.11458699240762 37.41117371635206),ios,10.003070663672368,-0.07724359737288801,-0.023303080558411005
247,distance,0,-122.11565783138279,-1.0,1574181421.253375,-1.0,37.41163658479967,14.390960693359375,2019-11-19T08:37:01.253375-08:00,516.1778866068438,13.999378204345703,1574181421.639807,0.5013710116677814,POINT (-122.11565783138279 37.41163658479967),ios,9.171601341222553,-0.3280837609836033,542.0510770032025
248,distance,0,-122.1156753988474,-1.0,1574181421.4459748,-1.0,37.41164417830837,14.390960693359375,2019-11-19T08:37:01.445975-08:00,516.1993044310917,13.999378204345703,1574181421.686338,0.5014245116048389,POINT (-122.1156753988474 37.41164417830837),ios,9.1084124831986,104.07083084484398,-163.15897321693683
249,distance,0,-122.11573815320311,-1.0,1574181422.138751,-1.0,37.41167130377903,14.390960693359375,2019-11-19T08:37:02.138751-08:00,516.7461533169085,13.999378204345703,1574181422.206071,0.5016169494390488,POINT (-122.11573815320311 37.41167130377903),ios,81.20620753512975,-8.961823131138285,9.303599775833074
250,distance,0,-122.11708412688824,0.14914160187910463,1574181424.99965,-1.0,37.41346639671482,14.953783988952637,2019-11-19T08:37:04.999650-08:00,200.0,14.437311172485352,1574181425.189865,0.5024116435978148,POINT (-122.11708412688824 37.41346639671482),ios,55.567336955974966,17.654835899326233,40.56468368609274
251,distance,0,-122.11738577119912,12.934694113673427,1574181425.999644,306.95098770564545,37.41390494464771,15.056070327758789,2019-11-19T08:37:05.999644-08:00,200.0,15.029769897460938,1574181426.1786551,0.502689419719908,POINT (-122.11738577119912 37.41390494464771),ios,73.22206762427896,58.219277801062816,-167.8215799330721
252,distance,0,-122.11792273126775,19.809855337440354,1574181426.9996371,310.7030802487376,37.41440666809646,15.072918891906738,2019-11-19T08:37:06.999637-08:00,200.0,16.7664794921875,1574181427.186163,0.5029671955770917,POINT (-122.11792273126775 37.41440666809646),ios,131.44094288917458,-109.60114179031298,136.55437031863536
253,distance,0,-122.11916486744035,22.5,1574181427.999628,311.8359375,37.41505777932463,6.0,2019-11-19T08:37:07.999628-08:00,100.0,14.032772064208984,1574181428.1990561,0.5032449708382288,POINT (-122.11916486744035 37.41505777932463),ios,21.84079407490436,26.951991358562623,-21.97379516486317
254,distance,0,-122.11934046831179,22.59000015258789,1574181428.999618,311.484375,37.41519608072696,6.0,2019-11-19T08:37:08.999618-08:00,100.0,13.88717269897461,1574181429.191596,0.5035227458344566,POINT (-122.11934046831179 37.41519608072696),ios,48.79251554753667,4.9784162300623205,-39.959392965891915
255,distance,0,-122.11879170511115,24.1200008392334,1574181429.9996076,307.96875,37.415246791241145,6.0,2019-11-19T08:37:09.999608-08:00,50.0,13.89614486694336,1574181430.1883621,0.5038005206982294,POINT (-122.11879170511115 37.415246791241145),ios,53.77087955193434,-34.98055754511511,36.98266246426246
256,distance,0,-122.11924030456889,24.209999084472656,1574181430.9995956,309.375,37.41557372737435,6.0,2019-11-19T08:37:10.999596-08:00,30.0,13.900203704833984,1574181431.190413,0.5040782951646381,POINT (-122.11924030456889 37.41557372737435),ios,18.79073900756053,2.001664051455541,-4.569603406894618
257,distance,0,-122.11942219186771,24.260000228881836,1574181431.9995835,309.0234375,37.415661402081525,6.0,2019-11-19T08:37:11.999583-08:00,30.0,13.593379974365234,1574181432.193378,0.5043560695648194,POINT (-122.11942219186771 37.415661402081525),ios,20.79237872008722,-2.5678837920431596,2.0140136026537045
258,distance,0,-122.1195799392854,24.059999465942383,1574181432.9995687,309.7265625,37.415800206398046,6.0,2019-11-19T08:37:12.999569-08:00,30.0,12.36916732788086,1574181433.213861,0.5046338432364994,POINT (-122.1195799392854 37.415800206398046),ios,18.22453288637877,-0.5538999604416645,7.5932759720399945
259,distance,0,-122.11977968003798,0.0,1574181433.9995546,311.1328125,37.415759051253474,8.0,2019-11-19T08:37:13.999555-08:00,30.0,12.578426361083984,1574181434.117708,0.5049116171068615,POINT (-122.11977968003798 37.415759051253474),ios,17.670640717479557,7.0392691992923195,-2.8416296381715758
260,distance,0,-122.11997011687804,25.290000915527344,1574181434.999538,310.78125,37.415807792020416,4.0,2019-11-19T08:37:14.999538-08:00,30.0,12.329647064208984,1574181435.213159,0.5051893902487224,POINT (-122.11997011687804 37.415807792020416),ios,24.70979243629265,4.1976869859317905,-5.748410665947045
261,distance,0,-122.12022182543028,24.600000381469727,1574181435.9995227,310.78125,37.41590481254963,6.0,2019-11-19T08:37:15.999523-08:00,30.0,11.80190658569336,1574181436.194001,0.5054671637879478,POINT (-122.12022182543028 37.41590481254963),ios,28.90741537060417,-1.5506359662294582,-1.296891736834894
262,distance,0,-122.12048040714312,24.780000686645508,1574181436.9995055,310.78125,37.416064194438434,6.0,2019-11-19T08:37:16.999506-08:00,30.0,12.237239837646484,1574181437.194133,0.505744936797354,POINT (-122.12048040714312 37.416064194438434),ios,27.356806022805223,-2.8475054404422218,9.045374495125886
263,distance,0,-122.1207372286563,24.5,1574181437.9994884,310.4296875,37.41620174146948,6.0,2019-11-19T08:37:17.999488-08:00,30.0,12.550045013427734,1574181438.2003422,0.5060227098067601,POINT (-122.1207372286563 37.41620174146948),ios,24.50934946303348,6.197713780539576,-10.331032824689343
264,distance,0,-122.12093789141822,24.030000686645508,1574181438.9994736,312.5390625,37.41635399874059,6.0,2019-11-19T08:37:18.999474-08:00,30.0,12.02260971069336,1574181439.19531,0.5063004834784401,POINT (-122.12093789141822 37.41635399874059),ios,30.706971629266036,-4.133166331319431,3.6623621679723533
265,distance,0,-122.1211915278082,24.709999084472656,1574181439.9994612,312.5390625,37.41654288492856,6.0,2019-11-19T08:37:19.999461-08:00,30.0,11.77840805053711,1574181440.227308,0.5065782578123941,POINT (-122.1211915278082 37.41654288492856),ios,26.573856539976088,-0.47084956845665815,2.788218150550956
266,distance,0,-122.12142362270701,24.860000610351562,1574181440.9994476,312.890625,37.41669497456161,6.0,2019-11-19T08:37:20.999448-08:00,30.0,12.081295013427734,1574181441.1019192,0.506856031815211,POINT (-122.12142362270701 37.41669497456161),ios,26.10301337029868,2.317330690602746,-7.378342307497304
267,distance,0,-122.12161565210867,24.670000076293945,1574181441.9994335,312.5390625,37.41687342528013,6.0,2019-11-19T08:37:21.999434-08:00,30.0,12.557552337646484,1574181442.100604,0.5071338056855732,POINT (-122.12161565210867 37.41687342528013),ios,28.420311463714683,-5.060907827995102,7.975850133724157
268,distance,0,-122.12190282256718,25.190000534057617,1574181442.9994187,308.209228515625,37.41698876581636,6.0,2019-11-19T08:37:22.999419-08:00,30.0,12.236934661865234,1574181443.143019,0.5074115793572532,POINT (-122.12190282256718 37.41698876581636),ios,23.359478445815686,2.914824407095983,-16.133614525264278
269,distance,0,-122.12211031626263,24.649999618530273,1574181443.999403,308.209228515625,37.417119043752514,6.0,2019-11-19T08:37:23.999403-08:00,30.0,12.457149505615234,1574181444.1054568,0.5076893527640237,POINT (-122.12211031626263 37.417119043752514),ios,26.2742569863243,-13.218536245640536,25.774210102241444
270,distance,0,-122.12234371110061,24.8799991607666,1574181444.9993863,308.1923828125,37.41726556746336,6.0,2019-11-19T08:37:24.999386-08:00,30.0,12.233760833740234,1574181445.122725,0.5079671259058847,POINT (-122.12234371110061 37.41726556746336),ios,13.055941348807828,12.555243703062406,-7.783051268639174
271,distance,0,-122.12245970935184,23.34000015258789,1574181445.9993696,308.1923828125,37.41733835460234,6.0,2019-11-19T08:37:25.999370-08:00,30.0,11.64858627319336,1574181446.133312,0.5082448990477456,POINT (-122.12245970935184 37.41733835460234),ios,25.610975513634756,4.772322328104949,-14.980208639791226
272,distance,0,-122.12268698016162,24.079999923706055,1574181446.9993515,308.3301086425781,37.41748141240901,6.0,2019-11-19T08:37:26.999352-08:00,30.0,11.65633773803711,1574181447.129342,0.5085226717922423,POINT (-122.12268698016162 37.41748141240901),ios,30.38321136815626,-10.207614873121825,26.859541877976362
273,distance,0,-122.12295419859633,25.020000457763672,1574181447.9993327,309.41009521484375,37.41765350596063,6.0,2019-11-19T08:37:27.999333-08:00,30.0,11.99746322631836,1574181448.120336,0.5088004443380568,POINT (-122.12295419859633 37.41765350596063),ios,20.175788756152127,16.651421103563557,-30.947229535103943
274,distance,0,-122.12313040182532,25.469999313354492,1574181448.9993138,309.41009521484375,37.41776898944169,6.0,2019-11-19T08:37:28.999314-08:00,30.0,12.31222152709961,1574181449.132282,0.5090782168838713,POINT (-122.12313040182532 37.41776898944169),ios,36.82689622907108,-14.29522553837545,18.236782962462243
275,distance,0,-122.1234513067818,26.100000381469727,1574181449.9992938,309.5694885253906,37.4179804718128,6.0,2019-11-19T08:37:29.999294-08:00,10.0,12.292842864990234,1574181450.14916,0.5093559890985488,POINT (-122.1234513067818 37.4179804718128),ios,22.53195698347394,3.9411921931047633,-2.6451182906491773
276,distance,0,-122.12364763485122,25.520000457763672,1574181450.999274,309.5694885253906,37.41810987651618,6.0,2019-11-19T08:37:30.999274-08:00,10.0,12.42763900756836,1574181451.171922,0.5096337613794538,POINT (-122.12364763485122 37.41810987651618),ios,26.473071185342963,1.2961262460191723,-2.3496123857691793
277,distance,0,-122.12384630983486,25.530000686645508,1574181451.9992537,309.2279357910156,37.418288147525324,6.0,2019-11-19T08:37:31.999254-08:00,10.0,12.688045501708984,1574181452.251504,0.5099115335279041,POINT (-122.12384630983486 37.418288147525324),ios,27.769171164613013,-1.0534385234940582,-3.0193213642492815
278,distance,0,-122.1240895740438,25.75,1574181452.9992325,308.7218322753906,37.41844637592315,6.0,2019-11-19T08:37:32.999233-08:00,10.0,12.89272689819336,1574181453.304862,0.5101893054114448,POINT (-122.1240895740438 37.41844637592315),ios,26.715754994298074,-4.072695819997793,0.2055924710555835
279,distance,0,-122.12432572861586,25.920000076293945,1574181453.9992108,308.47149658203125,37.418596524271116,6.0,2019-11-19T08:37:33.999211-08:00,10.0,12.671321868896484,1574181454.2633262,0.5104670771625307,POINT (-122.12432572861586 37.418596524271116),ios,22.643147535878178,-3.867107809495108,13.307177416604887
280,distance,0,-122.12452613026322,26.049999237060547,1574181454.9991894,308.47149658203125,37.4187235387016,6.0,2019-11-19T08:37:34.999189-08:00,10.0,12.683834075927734,1574181455.165657,0.510744848979844,POINT (-122.12452613026322 37.4187235387016),ios,18.776122705514496,9.439784066059943,-1.3734529412224359
281,distance,0,-122.12469230714684,25.059999465942383,1574181455.9991674,308.47149658203125,37.41882886149964,6.0,2019-11-19T08:37:35.999167-08:00,10.0,12.340267181396484,1574181456.1406422,0.5110226206647025,POINT (-122.12469230714684 37.41882886149964),ios,28.215699714543266,8.066361250853788,-15.023361210551979
282,distance,0,-122.12494202843867,26.889999389648438,1574181456.9991446,308.47149658203125,37.4189871346879,6.0,2019-11-19T08:37:36.999145-08:00,10.0,12.487850189208984,1574181457.1676002,0.5113003920846515,POINT (-122.12494202843867 37.4189871346879),ios,36.28187634103981,-6.956656102248608,4.236176623471418
283,distance,0,-122.12530955683637,26.829999923706055,1574181457.9991217,308.671875,37.41913293491808,6.0,2019-11-19T08:37:37.999122-08:00,10.0,12.451778411865234,1574181458.222515,0.5115781635046005,POINT (-122.12530955683637 37.41913293491808),ios,29.32537946401327,-2.720576437165484,2.95153582023442
284,distance,0,-122.12557853210915,26.68000030517578,1574181458.9991002,309.375,37.4192875810316,6.0,2019-11-19T08:37:38.999100-08:00,10.0,12.44637680053711,1574181459.122484,0.5118559353219139,POINT (-122.12557853210915 37.4192875810316),ios,26.60486140408495,0.23089604998105753,-0.5976535047565187
285,distance,0,-122.12581112992216,26.59000015258789,1574181459.9990764,308.3203125,37.41943962875513,8.0,2019-11-19T08:37:39.999076-08:00,10.0,12.27773666381836,1574181460.129236,0.5121337064769533,POINT (-122.12581112992216 37.41943962875513),ios,26.835751949075192,-0.36674320560552126,-5.470174609970025
286,distance,0,-122.12603073578525,26.139999389648438,1574181460.9990516,310.4296875,37.41960642862824,8.0,2019-11-19T08:37:40.999052-08:00,30.0,12.058162689208984,1574181461.1587749,0.5124114773670833,POINT (-122.12603073578525 37.41960642862824),ios,26.469017837062644,-5.83678217968472,21.98414060113758
287,distance,0,-122.12625742304091,26.209999084472656,1574181461.9990273,307.9807434082031,37.41976214617914,8.0,2019-11-19T08:37:41.999027-08:00,30.0,12.02364730834961,1574181462.114388,0.5126892483896679,POINT (-122.12625742304091 37.41976214617914),ios,20.632377600303933,16.146823795841243,-22.224954532582462
288,distance,0,-122.12643596798067,25.989999771118164,1574181462.9990044,307.9807434082031,37.41988181313752,8.0,2019-11-19T08:37:42.999004-08:00,30.0,12.124324798583984,1574181463.129253,0.5129670198096169,POINT (-122.12643596798067 37.41988181313752),ios,36.77883182467768,-6.077622047901514,2.9354471875546464
289,distance,0,-122.12679231075082,26.389999389648438,1574181463.9989798,308.6838073730469,37.420052994333645,8.0,2019-11-19T08:37:43.998980-08:00,30.0,11.64999008178711,1574181464.19825,0.5132447907659743,POINT (-122.12679231075082 37.420052994333645),ios,30.701359025631504,-3.142246946457058,-1.7893232737859226
290,distance,0,-122.1270502356992,27.280000686645508,1574181464.998955,309.7909240722656,37.4202381117139,8.0,2019-11-19T08:37:44.998955-08:00,30.0,11.60726547241211,1574181465.149724,0.5135225616561042,POINT (-122.1270502356992 37.4202381117139),ios,27.55918999285987,-4.931525853020082,14.162528556244643
291,distance,0,-122.12729082544045,27.329999923706055,1574181465.9989302,307.5574035644531,37.420395954557925,8.0,2019-11-19T08:37:45.998930-08:00,50.0,11.468563079833984,1574181466.11693,0.5138003325462341,POINT (-122.12729082544045 37.420395954557925),ios,22.627786419648004,9.230651535791335,-15.414589391947567
292,distance,0,-122.1274936157976,26.170000076293945,1574181466.9989061,308.5894775390625,37.42052033278342,8.0,2019-11-19T08:37:46.998906-08:00,30.0,11.486324310302734,1574181467.109147,0.5140781036350462,POINT (-122.1274936157976 37.42052033278342),ios,31.85821567879818,-6.183566668581706,8.066400427102998
293,distance,0,-122.12777638338632,26.15999984741211,1574181467.9988804,307.60772705078125,37.42069823586843,8.0,2019-11-19T08:37:47.998880-08:00,30.0,11.495967864990234,1574181468.1351218,0.5143558742602666,POINT (-122.12777638338632 37.42069823586843),ios,25.674808232151797,1.8826260551106364,-2.6738966938365074
294,distance,0,-122.12800633003103,25.889999389648438,1574181468.9988544,307.60772705078125,37.42083951822355,8.0,2019-11-19T08:37:48.998854-08:00,50.0,11.419673919677734,1574181469.124661,0.5146336448192597,POINT (-122.12800633003103 37.42083951822355),ios,27.557385362282268,-0.7912011505009765,-0.7316442096276554
295,distance,0,-122.12825258957979,26.530000686645508,1574181469.9988294,308.8916015625,37.420991721408235,8.0,2019-11-19T08:37:49.998829-08:00,50.0,11.52132797241211,1574181470.101595,0.5149114156431622,POINT (-122.12825258957979 37.420991721408235),ios,26.76620401867197,-1.5228270441834808,3.857784198046158
296,distance,0,-122.12848903526803,26.510000228881836,1574181470.9988046,307.6666259765625,37.42114231353573,8.0,2019-11-19T08:37:50.998805-08:00,50.0,11.580623626708984,1574181471.0896258,0.5151891865332922,POINT (-122.12848903526803 37.42114231353573),ios,25.24341473379554,2.3348614980502713,0.001253468027635728
297,distance,0,-122.12871412093625,25.959999084472656,1574181471.9987783,309.077880859375,37.42128224118661,8.0,2019-11-19T08:37:51.998778-08:00,50.0,11.37710189819336,1574181472.1003308,0.5154669570260578,POINT (-122.12871412093625 37.42128224118661),ios,27.578214997666127,2.3361149332044,-17.676151794111075
298,distance,0,-122.1289562696656,25.850000381469727,1574181472.998753,307.7575378417969,37.421438847308984,8.0,2019-11-19T08:37:52.998753-08:00,50.0,11.62142562866211,1574181473.097746,0.5157447277837329,POINT (-122.1289562696656 37.421438847308984),ios,29.91427089171101,-15.339590142669234,26.424289679480825
299,distance,0,-122.12922294277826,26.399999618530273,1574181473.9987273,308.6574401855469,37.42160472909449,8.0,2019-11-19T08:37:53.998727-08:00,50.0,11.431880950927734,1574181474.122476,0.5160224984089533,POINT (-122.12922294277826 37.42160472909449),ios,14.575075731316643,11.084019132318884,-15.2668339666585
300,distance,0,-122.12935160953137,24.670000076293945,1574181474.9987013,308.6574401855469,37.4216868169557,8.0,2019-11-19T08:37:54.998701-08:00,50.0,11.41238021850586,1574181475.115392,0.5163002689679463,POINT (-122.12935160953137 37.4216868169557),ios,25.65880681630147,-4.182418085581688,1.1007065131605367
301,distance,0,-122.12957812213816,24.6200008392334,1574181475.9986753,308.6574401855469,37.4218313293101,8.0,2019-11-19T08:37:55.998675-08:00,50.0,11.373226165771484,1574181476.10178,0.5165780395269394,POINT (-122.12957812213816 37.4218313293101),ios,21.476497421833095,-3.0817401771693844,10.967833627996924
302,distance,0,-122.12976983920794,24.739999771118164,1574181476.9986482,307.3590087890625,37.42195015482631,8.0,2019-11-19T08:37:56.998648-08:00,50.0,11.379817962646484,1574181477.101026,0.5168558097547955,POINT (-122.12976983920794 37.42195015482631),ios,18.39484100549273,7.885795348202267,-0.08367066827908089
303,distance,0,-122.12993388325651,24.40999984741211,1574181477.9986217,308.4736633300781,37.42205209680127,8.0,2019-11-19T08:37:57.998622-08:00,50.0,11.399471282958984,1574181478.100102,0.5171335801813337,POINT (-122.12993388325651 37.42205209680127),ios,26.280427660361454,7.802126894222431,-23.45420526221732
304,distance,0,-122.13016648130775,24.149999618530273,1574181478.9985957,308.4736633300781,37.42219951830262,8.0,2019-11-19T08:37:58.998596-08:00,50.0,11.50283432006836,1574181479.092834,0.5174113507403267,POINT (-122.13016648130775 37.42219951830262),ios,34.082351795835,-15.651468848900999,18.01554313237912
305,distance,0,-122.1305273753797,24.290000915527344,1574181479.998569,309.375,37.422308125568016,8.0,2019-11-19T08:37:59.998569-08:00,50.0,11.136226654052734,1574181480.091239,0.5176891211006377,POINT (-122.1305273753797 37.422308125568016),ios,18.43130088624195,2.3635932165762377,-4.028006700544579
306,distance,0,-122.13033987220575,23.860000610351562,1574181480.9985433,309.0234375,37.42223532873897,8.0,2019-11-19T08:38:00.998543-08:00,50.0,10.99837875366211,1574181481.1905742,0.5179668917258581,POINT (-122.13033987220575 37.42223532873897),ios,20.79483324216827,-1.6643097659918527,7.024923002537535
307,distance,0,-122.13051346142043,22.649999618530273,1574181481.9985158,310.078125,37.42236168592928,8.0,2019-11-19T08:38:01.998516-08:00,50.0,11.00417709350586,1574181482.193968,0.5182446618874867,POINT (-122.13051346142043 37.42236168592928),ios,19.13056910844892,5.360420626247218,-1.0947741106265765
308,distance,0,-122.13070532318403,22.40999984741211,1574181482.9984894,308.3203125,37.42244156546651,8.0,2019-11-19T08:38:02.998489-08:00,50.0,11.047603607177734,1574181483.189269,0.5185224323140251,POINT (-122.13070532318403 37.42244156546651),ios,24.49084787404667,4.265675488228798,-5.883032154781642
309,distance,0,-122.13090824905981,22.729999542236328,1574181483.998463,309.7265625,37.42259168535231,8.0,2019-11-19T08:38:03.998463-08:00,50.0,11.11068344116211,1574181484.207011,0.5188002027405633,POINT (-122.13090824905981 37.42259168535231),ios,28.756410473467408,-1.6172009752702903,-0.47692573829706414
310,distance,0,-122.13117722433259,22.989999771118164,1574181484.9984367,307.6171875,37.42273744664846,8.0,2019-11-19T08:38:04.998437-08:00,50.0,10.972774505615234,1574181485.199291,0.5190779732333289,POINT (-122.13117722433259 37.42273744664846),ios,27.13925191098057,-2.0941142056920996,9.19366475119725
311,distance,0,-122.13142457429518,23.020000457763672,1574181485.9984097,307.96875,37.422882285935266,8.0,2019-11-19T08:38:05.998410-08:00,30.0,11.313594818115234,1574181486.089456,0.5193557435274124,POINT (-122.13142457429518 37.422882285935266),ios,25.045194123446343,7.0993028562301514,-16.722712517288212
312,distance,0,-122.13164853874792,22.200000762939453,1574181486.9983826,307.96875,37.42302046160905,8.0,2019-11-19T08:38:06.998383-08:00,30.0,11.63863754272461,1574181487.1358628,0.5196335137552686,POINT (-122.13164853874792 37.42302046160905),ios,32.14430402262674,-9.622955142447351,10.311978714658812
313,distance,0,-122.1318497529594,22.920000076293945,1574181487.9983563,308.67578125,37.42326135122299,8.0,2019-11-19T08:38:07.998356-08:00,30.0,11.22567367553711,1574181488.101272,0.5199112842480341,POINT (-122.1318497529594 37.42326135122299),ios,22.52160125222149,0.6887531298070454,-1.9028067597783986
314,distance,0,-122.13204759467624,22.350000381469727,1574181488.998329,309.1909484863281,37.42338915712487,8.0,2019-11-19T08:38:08.998329-08:00,30.0,11.35012435913086,1574181489.0888681,0.5201890544096629,POINT (-122.13204759467624 37.42338915712487),ios,23.21033549770114,-1.2140014585556966,2.8969575590651284
315,distance,0,-122.13225307382504,22.40999984741211,1574181489.9983022,308.04345703125,37.42351930709439,8.0,2019-11-19T08:38:09.998302-08:00,30.0,11.59707260131836,1574181490.092609,0.5204668247699737,POINT (-122.13225307382504 37.42351930709439),ios,21.996366456481756,1.6828787433968775,-5.183716289137269
316,distance,0,-122.13244891948818,22.690000534057617,1574181490.9982743,308.04345703125,37.42364153262146,8.0,2019-11-19T08:38:10.998274-08:00,30.0,11.55923080444336,1574181491.096702,0.5207445947991477,POINT (-122.13244891948818 37.42364153262146),ios,23.679198256020253,-3.5006929461105534,12.593023177335862
317,distance,0,-122.13265974884436,22.790000915527344,1574181491.9982479,308.04345703125,37.42377310933737,8.0,2019-11-19T08:38:11.998248-08:00,30.0,11.49282455444336,1574181492.110645,0.521022365225686,POINT (-122.13265974884436 37.42377310933737),ios,20.178597953866127,9.091996963638438,-16.841038430672075
318,distance,0,-122.13283941033364,22.889999389648438,1574181492.9982202,308.04345703125,37.423885234466255,8.0,2019-11-19T08:38:12.998220-08:00,30.0,11.47799301147461,1574181493.154474,0.5213001353210873,POINT (-122.13283941033364 37.423885234466255),ios,29.270343464188883,-7.748575701925063,7.788127483620854
319,distance,0,-122.13309939901103,22.65999984741211,1574181493.9981914,307.535888671875,37.424048505486816,8.0,2019-11-19T08:38:13.998191-08:00,30.0,11.737972259521484,1574181494.187401,0.5215779050853517,POINT (-122.13309939901103 37.424048505486816),ios,21.5219912981973,0.03932710474688146,0.7174385805088326
320,distance,0,-122.13329235016784,22.239999771118164,1574181494.9981656,307.535888671875,37.424166741643226,8.0,2019-11-19T08:38:14.998166-08:00,50.0,11.733333587646484,1574181495.157285,0.5218556757105721,POINT (-122.13329235016784 37.424166741643226),ios,21.561317390302438,0.7567472117815227,-3.259709378442932
321,distance,0,-122.13348292985182,22.15999984741211,1574181495.9981394,309.19219970703125,37.424287945943256,8.0,2019-11-19T08:38:15.998139-08:00,50.0,11.71212387084961,1574181496.204653,0.5221334462033378,POINT (-122.13348292985182 37.424287945943256),ios,22.318044755598514,-2.502876677380797,4.513911090913906
322,distance,0,-122.133678897256,21.940000534057617,1574181496.9981117,308.1451416015625,37.424414683320165,8.0,2019-11-19T08:38:16.998112-08:00,50.0,11.41756820678711,1574181497.158117,0.5224112162987391,POINT (-122.133678897256 37.424414683320165),ios,19.815237299164643,2.010909574301965,-2.9073765101441005
323,distance,0,-122.13385487952706,21.1299991607666,1574181497.9980845,309.1110534667969,37.4245252382717,4.0,2019-11-19T08:38:17.998085-08:00,50.0,10.91592025756836,1574181498.1049051,0.5226889865265952,POINT (-122.13385487952706 37.4245252382717),ios,21.82609221751142,-0.8963879141684191,-0.9321890385933155
324,distance,0,-122.13404632891377,21.200000762939453,1574181498.998057,309.1110534667969,37.42464937576047,4.0,2019-11-19T08:38:18.998057-08:00,50.0,10.89352035522461,1574181499.144813,0.5229667566219965,POINT (-122.13404632891377 37.42464937576047),ios,20.929729094344808,-1.8285511716241545,6.19610872592611
325,distance,0,-122.13422991595553,20.8700008392334,1574181499.9980292,309.1110534667969,37.42476841523469,4.0,2019-11-19T08:38:19.998029-08:00,50.0,10.91256332397461,1574181500.128344,0.5232445267173979,POINT (-122.13422991595553 37.42476841523469),ios,19.101228494147023,4.367386191279102,-12.431457580541373
326,distance,0,-122.13439746436902,20.15999984741211,1574181500.998002,309.1110534667969,37.42487705511939,4.0,2019-11-19T08:38:20.998002-08:00,30.0,10.89504623413086,1574181501.1173081,0.523522296945254,POINT (-122.13439746436902 37.42487705511939),ios,23.468495981100972,-8.063733505750683,15.445527251369716
327,distance,0,-122.13460414664416,20.760000228881836,1574181501.997975,307.8733215332031,37.42500972723508,4.0,2019-11-19T08:38:21.997975-08:00,30.0,10.92373275756836,1574181502.1247559,0.5238000672393375,POINT (-122.13460414664416 37.42500972723508),ios,15.404979722809259,7.3813776230443695,-14.420866845917304
328,distance,0,-122.13474162722008,19.979999542236328,1574181502.9979484,307.8733215332031,37.42509500388892,4.0,2019-11-19T08:38:22.997948-08:00,30.0,10.882381439208984,1574181503.135346,0.5240778375996483,POINT (-122.13474162722008 37.42509500388892),ios,22.786160241806382,-7.039104144183659,5.641700174512777
329,distance,0,-122.13494498071287,19.799999237060547,1574181503.9979215,307.8733215332031,37.42522114029253,4.0,2019-11-19T08:38:23.997921-08:00,30.0,10.919857025146484,1574181504.159988,0.5243556078937318,POINT (-122.13494498071287 37.42522114029253),ios,15.74724574023525,-1.3975559644046256,-3.6756075291173453
330,distance,0,-122.13508492192028,18.06999969482422,1574181504.9978926,308.4458312988281,37.425308912022885,4.0,2019-11-19T08:38:24.997893-08:00,30.0,10.97170639038086,1574181505.207175,0.5246333776579963,POINT (-122.13508492192028 37.425308912022885),ios,14.349730093430802,-5.073057457213915,27.259348769767865
331,distance,0,-122.13521206579779,17.18000030517578,1574181505.9978657,306.7521667480469,37.425389273484065,4.0,2019-11-19T08:38:25.997866-08:00,30.0,10.912715911865234,1574181506.1626492,0.5249111479520798,POINT (-122.13521206579779 37.425389273484065),ios,9.27680931097691,22.185556910276244,-36.45840686457248
332,distance,0,-122.13529610704899,17.020000457763672,1574181506.997839,306.753662109375,37.425439329087766,4.0,2019-11-19T08:38:26.997839-08:00,30.0,10.84286117553711,1574181507.159842,0.5251889183123907,POINT (-122.13529610704899 37.425439329087766),ios,31.461773802970182,-14.271876409801411,-1.2125817183002547
333,distance,0,-122.13557804829298,17.93000030517578,1574181507.9978118,307.9991760253906,37.42561230321158,4.0,2019-11-19T08:38:27.997812-08:00,30.0,10.924983978271484,1574181508.133065,0.5254666885402468,POINT (-122.13557804829298 37.42561230321158),ios,17.19028529874517,-15.48442517047249,26.209426016971104
334,distance,0,-122.13573120149385,17.709999084472656,1574181508.9977832,307.9991760253906,37.42570772744974,4.0,2019-11-19T08:38:28.997783-08:00,50.0,10.89522933959961,1574181509.122232,0.5257444583707386,POINT (-122.13573120149385 37.42570772744974),ios,1.7063031412303624,10.724250988805412,-1.7879507261187582
335,distance,0,-122.13574640346812,15.069999694824219,1574181509.997756,307.9991760253906,37.42571719925188,4.0,2019-11-19T08:38:29.997756-08:00,50.0,10.88570785522461,1574181510.112566,0.5260222285985947,POINT (-122.13574640346812 37.42571719925188),ios,12.43026264791795,8.93634885868322,-17.526732013345093
336,distance,0,-122.13585714849913,14.869999885559082,1574181510.9977288,307.9991760253906,37.42578620048826,4.0,2019-11-19T08:38:30.997729-08:00,30.0,10.93990707397461,1574181511.114186,0.5262999988264507,POINT (-122.13585714849913 37.42578620048826),ios,21.366368619159083,-8.589906783027985,19.4044636442989
337,distance,0,-122.13604663524745,14.920000076293945,1574181511.9977005,308.69775390625,37.4259056846923,4.0,2019-11-19T08:38:31.997700-08:00,30.0,11.01076889038086,1574181512.119286,0.52657776872317,POINT (-122.13604663524745 37.4259056846923),ios,12.776705547342107,10.814006321497528,-21.83719574404487
338,distance,0,-122.13615936865051,14.869999885559082,1574181512.9976735,308.69775390625,37.42597770711019,4.0,2019-11-19T08:38:32.997674-08:00,30.0,11.05202865600586,1574181513.117,0.5268555390172535,POINT (-122.13615936865051 37.42597770711019),ios,23.590420525457198,-11.022601100117905,13.758321460008995
339,distance,0,-122.13636751541821,16.25,1574181513.9976463,308.69775390625,37.42611068662718,4.0,2019-11-19T08:38:33.997646-08:00,30.0,11.065975189208984,1574181514.109919,0.5271333092451096,POINT (-122.13636751541821 37.42611068662718),ios,12.568119016529014,2.7353464125934113,0.272978653624689
340,distance,0,-122.13647978897507,15.520000457763672,1574181514.9976187,307.7369079589844,37.42618014857042,4.0,2019-11-19T08:38:34.997619-08:00,30.0,10.999996185302734,1574181515.108499,0.5274110793405109,POINT (-122.13647978897507 37.42618014857042),ios,15.30338977886344,3.0083175165689044,-6.7653045574370285
341,distance,0,-122.13661662090081,15.449999809265137,1574181515.997592,307.7369079589844,37.42626460208308,4.0,2019-11-19T08:38:35.997592-08:00,30.0,11.005062103271484,1574181516.11174,0.5276888497008217,POINT (-122.13661662090081 37.42626460208308),ios,18.311626964688113,-3.7568063877465487,3.874575055978055
342,distance,0,-122.1367776201264,15.34000015258789,1574181516.9975634,309.0927734375,37.42636838615359,4.0,2019-11-19T08:38:36.997563-08:00,30.0,11.007381439208984,1574181517.1104841,0.5279666195313136,POINT (-122.1367776201264 37.42636838615359),ios,14.554928060034475,0.11765781574997032,1.6071293746375608
343,distance,0,-122.13690535573994,15.010000228881836,1574181517.9975362,307.9361267089844,37.42645110740344,4.0,2019-11-19T08:38:37.997536-08:00,30.0,10.98153305053711,1574181518.125101,0.5282443897591697,POINT (-122.13690535573994 37.42645110740344),ios,14.672582677878191,1.7247435090643106,-0.9823475008447482
344,distance,0,-122.13703619191426,15.09000015258789,1574181518.9975083,307.9361267089844,37.42653244192864,4.0,2019-11-19T08:38:38.997508-08:00,30.0,10.983943939208984,1574181519.120435,0.5285221597883436,POINT (-122.13703619191426 37.42653244192864),ios,16.397278075267582,0.7424234107773167,-5.089007999417884
345,distance,0,-122.13718240746016,15.59000015258789,1574181519.9974809,307.9361267089844,37.42662333706572,4.0,2019-11-19T08:38:39.997481-08:00,30.0,11.000606536865234,1574181520.1141582,0.5287999299499724,POINT (-122.13718240746016 37.42662333706572),ios,17.13968113017841,-4.346445057524098,10.08263590490446
346,distance,0,-122.13733400900293,14.960000038146973,1574181520.9974532,308.59930419921875,37.42671958648358,4.0,2019-11-19T08:38:40.997453-08:00,30.0,11.06155014038086,1574181521.133343,0.5290777000453737,POINT (-122.13733400900293 37.42671958648358),ios,12.793356280351864,5.735911996404142,-10.038830458309628
347,distance,0,-122.13744704624045,14.270000457763672,1574181521.997428,308.59930419921875,37.42679154911036,4.0,2019-11-19T08:38:41.997428-08:00,30.0,11.08987045288086,1574181522.108197,0.5293554708030489,POINT (-122.13744704624045 37.42679154911036),ios,18.529123316669274,-4.302664756873951,-1.0373539715738238
348,distance,0,-122.13761076199091,14.170000076293945,1574181522.9973986,308.59930419921875,37.42689577507791,4.0,2019-11-19T08:38:42.997399-08:00,30.0,11.078853607177734,1574181523.1391358,0.5296332404348585,POINT (-122.13761076199091 37.42689577507791),ios,14.226584737527098,-5.339988307539204,12.403861668309455
349,distance,0,-122.13773646257528,14.0600004196167,1574181523.997371,308.59930419921875,37.42697579954099,4.0,2019-11-19T08:38:43.997371-08:00,30.0,10.99294662475586,1574181524.125669,0.5299110105302599,POINT (-122.13773646257528 37.42697579954099),ios,8.88674411566916,7.063530312685629,-8.01603832493247
350,distance,0,-122.13781498240326,12.65999984741211,1574181524.9973428,308.59930419921875,37.4270257874317,4.0,2019-11-19T08:38:44.997343-08:00,30.0,11.057857513427734,1574181525.134715,0.5301887804932065,POINT (-122.13781498240326 37.4270257874317),ios,15.950075707285238,-0.9522824938956814,-3.60788027120827
351,distance,0,-122.13795591127345,12.9399995803833,1574181525.9973154,308.59930419921875,37.42711550664204,4.0,2019-11-19T08:38:45.997315-08:00,30.0,11.09933090209961,1574181526.137999,0.5304665506548352,POINT (-122.13795591127345 37.42711550664204),ios,14.997819323201053,-4.560063843749851,12.262559922009808
352,distance,0,-122.13808947560148,14.130000114440918,1574181526.9972878,307.6977844238281,37.427198819496404,4.0,2019-11-19T08:38:46.997288-08:00,30.0,11.074642181396484,1574181527.14362,0.5307443207502365,POINT (-122.13808947560148 37.427198819496404),ios,10.437881595108502,7.702156938094879,-7.978970862960148
353,distance,0,-122.13818285391721,13.880000114440918,1574181527.99726,307.6977844238281,37.42725637187724,4.0,2019-11-19T08:38:47.997260-08:00,30.0,11.11208724975586,1574181528.1599479,0.5310220908456379,POINT (-122.13818285391721 37.42725637187724),ios,18.13982551807505,-0.2765932540173518,-15.122454449529506
354,distance,0,-122.13834156297497,14.390000343322754,1574181528.997233,310.37481689453125,37.42735994273252,4.0,2019-11-19T08:38:48.997233-08:00,30.0,11.179988861083984,1574181529.183865,0.5312998610734939,POINT (-122.13834156297497 37.42735994273252),ios,17.863239781784348,-15.398636679499186,24.898648519462053
355,distance,0,-122.1384953970018,15.329999923706055,1574181529.9972062,310.37481689453125,37.42746426207713,4.0,2019-11-19T08:38:49.997206-08:00,30.0,11.28304672241211,1574181530.136262,0.5315776314338049,POINT (-122.1384953970018 37.42746426207713),ios,2.465014290245811,9.499346974317891,-8.471199935826387
356,distance,0,-122.13851662510041,13.75,1574181530.9971778,310.37481689453125,37.42747865747052,4.0,2019-11-19T08:38:50.997178-08:00,30.0,11.239437103271484,1574181531.145762,0.531855401330524,POINT (-122.13851662510041 37.42747865747052),ios,11.96409175088755,1.0283873817742908,-0.4635254526773646
357,distance,0,-122.13861723663675,13.680000305175781,1574181531.9971507,312.5251770019531,37.427550716609545,4.0,2019-11-19T08:38:51.997151-08:00,30.0,11.083858489990234,1574181532.1464481,0.5321331715583801,POINT (-122.13861723663675 37.427550716609545),ios,12.99245118138279,0.5648745275880239,-4.6209834071052835
358,distance,0,-122.1387254588002,13.119999885559082,1574181532.9971228,312.5251770019531,37.427629873292126,4.0,2019-11-19T08:38:52.997123-08:00,30.0,11.06203842163086,1574181533.119184,0.5324109415875541,POINT (-122.1387254588002 37.427629873292126),ios,13.557309951810693,-4.055979977306397,-1.3946665214663447
359,distance,0,-122.1388383863301,12.369999885559082,1574181533.997097,312.5251770019531,37.42771247160985,4.0,2019-11-19T08:38:53.997097-08:00,30.0,11.205501556396484,1574181534.1376882,0.5326887122127745,POINT (-122.1388383863301 37.42771247160985),ios,9.501434412770465,-5.450610587216422,15.911390370281513
360,distance,0,-122.13891752962843,11.09000015258789,1574181534.9970677,312.5251770019531,37.42777035920649,4.0,2019-11-19T08:38:54.997068-08:00,30.0,11.48830795288086,1574181535.140397,0.5329664818445842,POINT (-122.13891752962843 37.42777035920649),ios,4.050983667354309,10.460313173821806,-23.261912594780178
361,distance,0,-122.13895127284852,11.010000228881836,1574181535.9970405,312.5251770019531,37.427795039930636,4.0,2019-11-19T08:38:55.997041-08:00,50.0,11.69466781616211,1574181536.169664,0.5332442520724403,POINT (-122.13895127284852 37.427795039930636),ios,14.511012532813675,-12.800967168733498,19.00453673640789
362,distance,0,-122.13907121545483,11.15999984741211,1574181536.9970121,313.16839599609375,37.42788424270034,4.0,2019-11-19T08:38:56.997012-08:00,30.0,11.957942962646484,1574181537.171307,0.5335220219691594,POINT (-122.13907121545483 37.42788424270034),ios,1.7104085507001916,6.203030374551614,-11.985996315086785
363,distance,0,-122.13905711660234,10.6899995803833,1574181537.996986,313.16839599609375,37.427873695585326,4.0,2019-11-19T08:38:57.996986-08:00,30.0,12.10702133178711,1574181538.1489081,0.5337997924619251,POINT (-122.13905711660234 37.427873695585326),ios,7.913276244306123,-5.782651595272009,17.58385811183508
364,distance,0,-122.13912234536707,11.649999618530273,1574181538.996957,313.16839599609375,37.4279224921299,4.0,2019-11-19T08:38:58.996957-08:00,30.0,12.382564544677734,1574181539.160129,0.5340775622261895,POINT (-122.13912234536707 37.4279224921299),ios,2.1307914707149047,11.800699246028671,-10.08440133664894
365,distance,0,-122.13910478131726,13.260000228881836,1574181539.9969301,313.16839599609375,37.427909352758896,4.0,2019-11-19T08:38:59.996930-08:00,30.0,12.553157806396484,1574181540.121719,0.534355332520273,POINT (-122.13910478131726 37.427909352758896),ios,13.931172790571605,1.7165695962558005,-8.361832452209848
366,distance,0,-122.1392198241366,12.949999809265137,1574181540.996902,313.0305480957031,37.42799508198161,4.0,2019-11-19T08:39:00.996902-08:00,30.0,12.75625228881836,1574181541.163048,0.5346331024832196,POINT (-122.1392198241366 37.42799508198161),ios,15.647694093901485,-6.645027609241038,7.300121624670367
367,distance,0,-122.1393478772892,12.520000457763672,1574181541.9968762,314.07098388671875,37.42809235105477,4.0,2019-11-19T08:39:01.996876-08:00,30.0,12.65230941772461,1574181542.165231,0.53491087310844,POINT (-122.1393478772892 37.42809235105477),ios,9.002837588848841,0.654906043089826,8.454726243283888
368,distance,0,-122.139420976683,11.770000457763672,1574181542.996847,314.07098388671875,37.42814878795442,4.0,2019-11-19T08:39:02.996847-08:00,30.0,12.35525131225586,1574181543.1481218,0.5351886427402497,POINT (-122.139420976683 37.42814878795442),ios,9.657724426501174,9.109384347424147,-15.277838999245004
369,distance,0,-122.13949555278339,11.210000038146973,1574181543.99682,315.7591857910156,37.428212317152486,4.0,2019-11-19T08:39:03.996820-08:00,30.0,12.52273178100586,1574181544.1732678,0.5354664130343332,POINT (-122.13949555278339 37.428212317152486),ios,18.766863355273916,-6.168043046985606,3.2200791041366834
370,distance,0,-122.13965122000687,10.779999732971191,1574181544.9967923,312.062744140625,37.4283272167505,4.0,2019-11-19T08:39:04.996792-08:00,30.0,12.825862884521484,1574181545.191889,0.5357441831297345,POINT (-122.13965122000687 37.4283272167505),ios,12.598990895111166,-2.9480529991443363,0.698208851538133
371,distance,0,-122.13975931671604,10.539999961853027,1574181545.9967654,306.75274658203125,37.428401167675915,4.0,2019-11-19T08:39:05.996765-08:00,30.0,12.13479232788086,1574181546.165662,0.536021953423818,POINT (-122.13975931671604 37.428401167675915),ios,9.65101732034544,-2.249862958259943,6.635501052846253
372,distance,0,-122.13967600389469,0.0,1574181546.9967365,311.8657531738281,37.42834499310622,4.0,2019-11-19T08:39:06.996737-08:00,30.0,11.36977767944336,1574181547.1808681,0.5362997231880824,POINT (-122.13967600389469 37.42834499310622),ios,7.4012192675901884,4.38544666935166,-5.943053729612133
373,distance,0,-122.13973888589695,8.770000457763672,1574181547.9967098,306.75274658203125,37.42838899933165,4.0,2019-11-19T08:39:07.996710-08:00,30.0,11.070430755615234,1574181548.1504169,0.5365774935483932,POINT (-122.13973888589695 37.42838899933165),ios,11.786548832881921,-1.5574483636047907,-0.10825671151239424
374,distance,0,-122.13984668542832,8.890000343322754,1574181548.9966822,302.4241027832031,37.42845150485259,4.0,2019-11-19T08:39:08.996682-08:00,30.0,10.76046371459961,1574181549.196971,0.5368552636437945,POINT (-122.13984668542832 37.42845150485259),ios,10.229143542933732,-1.6657020811094698,1.7995818657396854
375,distance,0,-122.13994437393072,8.220000267028809,1574181549.996654,302.3605041503906,37.42850094402351,4.0,2019-11-19T08:39:09.996654-08:00,28.932679532413324,11.10879135131836,1574181550.198032,0.5371330336067411,POINT (-122.13994437393072 37.42850094402351),ios,8.563488323674422,0.13382915628754946,-0.8110048564734168
376,distance,0,-122.14002603351918,7.320000171661377,1574181550.9966264,303.1629333496094,37.42854248440713,4.0,2019-11-19T08:39:10.996626-08:00,27.323421662994804,11.48672103881836,1574181551.2160292,0.5374108037021426,POINT (-122.14002603351918 37.42854248440713),ios,8.697313778708526,-0.6771532705853065,2.202661969957788
377,distance,0,-122.14010831252577,7.289999961853027,1574181551.9965987,303.5770568847656,37.42858547724402,4.0,2019-11-19T08:39:11.996599-08:00,30.0,11.89370346069336,1574181552.205225,0.5376885737975439,POINT (-122.14010831252577 37.42858547724402),ios,8.02017923585001,1.5254477813301754,-5.876278744337958
378,distance,0,-122.140183394053,7.349999904632568,1574181552.9965708,304.5018005371094,37.428626062103724,4.0,2019-11-19T08:39:12.996571-08:00,30.0,12.639888763427734,1574181553.2203112,0.5379663438267178,POINT (-122.140183394053 37.428626062103724),ios,9.545584464854361,-4.350667044366433,5.932994907794572
379,distance,0,-122.1402723576536,7.230000019073486,1574181553.996544,304.5018005371094,37.42867482746966,4.0,2019-11-19T08:39:13.996544-08:00,30.0,12.809810638427734,1574181554.162578,0.5382441141208013,POINT (-122.1402723576536 37.42867482746966),ios,5.195034633111527,1.5821680208357611,-0.4615676505319608
380,distance,0,-122.14032061919971,6.179999828338623,1574181554.9965165,304.9237976074219,37.42870154525078,4.0,2019-11-19T08:39:14.996516-08:00,30.0,13.15060043334961,1574181555.155055,0.53852188428243,POINT (-122.14032061919971 37.42870154525078),ios,6.777159273848374,1.1206130256286913,-3.7512748355358316
381,distance,0,-122.14038345813208,6.929999828338623,1574181555.996489,304.9237976074219,37.428736536650305,4.0,2019-11-19T08:39:15.996489-08:00,30.0,12.96419906616211,1574181556.142709,0.5387996544440588,POINT (-122.14038345813208 37.428736536650305),ios,7.897741574356057,-2.630558956941288,5.449345007339082
382,distance,0,-122.14045668725981,6.53000020980835,1574181556.996461,304.9237976074219,37.42877731375403,4.0,2019-11-19T08:39:16.996461-08:00,30.0,13.065486907958984,1574181557.154347,0.5390774244070053,POINT (-122.14045668725981 37.42877731375403),ios,5.267256623961962,2.818632741836739,-9.86220013923822
383,distance,0,-122.14050552612366,5.46999979019165,1574181557.9964328,304.9237976074219,37.42880450931787,4.0,2019-11-19T08:39:17.996433-08:00,30.0,13.00075912475586,1574181558.162116,0.5393551943699518,POINT (-122.14050552612366 37.42880450931787),ios,8.08581006809793,-7.043289940255687,8.518962799202303
384,distance,0,-122.14058068281648,4.380000114440918,1574181558.9964056,304.7098083496094,37.42884604875879,4.0,2019-11-19T08:39:18.996406-08:00,30.0,12.781795501708984,1574181559.163626,0.539632964597808,POINT (-122.14058068281648 37.42884604875879),ios,1.042711562476734,1.4754413159399304,-2.288996475245937
385,distance,0,-122.14059037630429,2.9600000381469727,1574181559.9963775,304.7098083496094,37.42885140366804,4.0,2019-11-19T08:39:19.996377-08:00,30.0,12.83987045288086,1574181560.141649,0.5399107345607546,POINT (-122.14059037630429 37.42885140366804),ios,2.5181113692472574,-0.8134907620701174,1.516633931468924
386,distance,0,-122.14061378575713,3.1700000762939453,1574181560.9963503,304.7098083496094,37.42886433559699,4.0,2019-11-19T08:39:20.996350-08:00,30.0,12.804073333740234,1574181561.119447,0.5401885047886107,POINT (-122.14061378575713 37.42886433559699),ios,1.704642717626663,0.7031019477162134,-0.6217558340113523
387,distance,0,-122.14064547995025,2.2100000381469727,1574181562.9962957,304.7098083496094,37.42888184421012,4.0,2019-11-19T08:39:22.996296-08:00,30.0,13.11184310913086,1574181563.126449,0.5407440451780955,POINT (-122.14064547995025 37.42888184421012),ios,3.1108082252011693,-0.5403757737718604,-0.6159302816330301
388,distance,0,-122.14067439934337,2.309999942779541,1574181563.9962673,304.7098083496094,37.428897819958856,4.0,2019-11-19T08:39:23.996267-08:00,30.0,13.50857162475586,1574181564.13153,0.5410218150748147,POINT (-122.14067439934337 37.428897819958856),ios,2.5704477828685843,-1.1562885803474043,0.4110350418508695
389,distance,0,-122.14069831868235,0.9599999785423279,1574181564.9962401,304.0459899902344,37.428910993993846,4.0,2019-11-19T08:39:24.996240-08:00,28.80587196772674,13.73354721069336,1574181565.154296,0.5412995853026707,POINT (-122.14069831868235 37.428910993993846),ios,1.4141906301187408,-0.7452647103130677,0.7320187505627342
390,distance,0,-122.140685148443,0.8100000023841858,1574181565.9962122,304.7098083496094,37.42890375801275,4.0,2019-11-19T08:39:25.996212-08:00,28.94094620909881,13.97311019897461,1574181566.1531549,0.5415773553318447,POINT (-122.140685148443 37.42890375801275),ios,0.6689467089452077,-0.013266379394168533,0.18520757608916014
391,distance,0,-122.14069760368966,0.9200000166893005,1574181567.9961576,304.0459899902344,37.42891060871378,4.0,2019-11-19T08:39:27.996158-08:00,30.097725609502803,13.503780364990234,1574181568.12012,0.5421328957213296,POINT (-122.14069760368966 37.42891060871378),ios,0.642414674472724,0.35713866084783896,-0.14136265005902013
392,distance,0,-122.14067966958316,0.0,1574181570.9960744,304.7098083496094,37.42890073136251,4.0,2019-11-19T08:39:30.996074-08:00,33.23507976728616,12.901607513427734,1574181571.1216002,0.5429662059413062,POINT (-122.14067966958316 37.42890073136251),ios,1.7138009401925116,-0.06693752681394576,-0.20788589633857504
393,distance,0,-122.14069560343219,0.0,1574181571.9960468,304.0459899902344,37.42890953085754,4.0,2019-11-19T08:39:31.996047-08:00,32.89412204775526,13.03170394897461,1574181572.121208,0.5432439760367076,POINT (-122.14069560343219 37.42890953085754),ios,1.6468652646399695,-0.27481767374475846,-0.020773978862843722
394,distance,0,-122.14064967191052,0.0,1574181574.9959636,304.7098083496094,37.428884159946946,4.0,2019-11-19T08:39:34.995964-08:00,37.67750237814576,12.91006088256836,1574181575.1193419,0.5440772862566842,POINT (-122.14064967191052 37.428884159946946),ios,0.822435110457805,-0.3371378817703092,0.18861916629544156
395,distance,0,-122.14063438048402,0.0,1574181576.995909,304.7098083496094,37.42887571260552,4.0,2019-11-19T08:39:36.995909-08:00,38.01812238735153,12.969966888427734,1574181577.104259,0.5446328266461691,POINT (-122.14063438048402 37.42887571260552),ios,0.14817775392224056,0.0400901526187551,-0.013334812166556654
396,distance,0,-122.14064402315313,0.0,1574181583.9957156,304.7098083496094,37.428881039441336,4.0,2019-11-19T08:39:43.995716-08:00,37.79447779384399,13.805660247802734,1574181584.118846,0.5465772173802058,POINT (-122.14064402315313 37.428881039441336),ios,0.4288010705231381,-0.053250954161629345,0.08146375818762125
397,distance,0,-122.14065996843064,0.0,1574181587.995605,304.7098083496094,37.428889847985346,4.0,2019-11-19T08:39:47.995605-08:00,37.49133799496781,13.654354095458984,1574181588.1032891,0.5476882977618112,POINT (-122.14065996843064 37.428889847985346),ios,0.21580314482842844,0.2725950665611631,-0.3073141138917385
398,distance,0,-122.14064391818181,0.0,1574181595.9957113,304.7098083496094,37.42888098145273,4.0,2019-11-19T08:39:55.995711-08:00,37.79675025581753,13.61233139038086,1574181596.1168752,0.5499105495214462,POINT (-122.14064391818181 37.42888098145273),ios,2.3965926636286174,-2.185950522722635,2.2832438248631295
399,distance,0,-122.14066620130728,0.0,1574181596.9958348,304.7098083496094,37.42889329117209,4.0,2019-11-19T08:39:56.995835-08:00,37.3958062217486,13.49819564819336,1574181597.1093159,0.5501883616050084,POINT (-122.14066620130728 37.42889329117209),ios,0.21037217421525875,0.09757528463419997,-0.06868283880874936
400,distance,0,-122.14065055383747,0.0,1574181604.9965272,304.7098083496094,37.428884647144024,4.0,2019-11-19T08:40:04.996527-08:00,37.66018390693588,12.79183578491211,1574181605.1028209,0.5524107761515511,POINT (-122.14065055383747 37.428884647144024),ios,0.9910420092499833,-0.45193497960488277,0.27073737858478325
401,distance,0,-122.14066898166033,0.0,1574181606.9966364,304.7098083496094,37.4288948271041,4.0,2019-11-19T08:40:06.996636-08:00,37.35740011181129,12.60250473022461,1574181607.1210508,0.5529663620392481,POINT (-122.14066898166033 37.4288948271041),ios,0.08712270067959457,0.089569340924753,-0.036341974756963984
402,distance,0,-122.14065926197901,0.0,1574181618.9969454,304.7098083496094,37.428889457724964,4.0,2019-11-19T08:40:18.996945-08:00,37.50298589289244,13.15603256225586,1574181619.1243,0.55629978120327,POINT (-122.14065926197901 37.428889457724964),ios,1.1619824678501431,-0.3465455854829852,0.27365581836540653
403,distance,0,-122.14063765667444,0.27000001072883606,1574181620.9969573,304.7098083496094,37.42887752244969,4.0,2019-11-19T08:40:20.996957-08:00,36.684851831586066,13.01668930053711,1574181621.1295419,0.5568553400701947,POINT (-122.14063765667444 37.42887752244969),ios,0.46888716573886846,0.2007693134793967,0.09264609674883303
404,distance,0,-122.14065509305578,0.23999999463558197,1574181624.9969554,304.7098083496094,37.42888715471431,4.0,2019-11-19T08:40:24.996955-08:00,35.93793464251709,12.74752426147461,1574181625.121496,0.5579664506514868,POINT (-122.14065509305578 37.42888715471431),ios,1.2719640367193796,0.5713535237663229,-0.8901332632854538
405,distance,0,-122.14066691805795,0.17000000178813934,1574181625.996951,304.7098083496094,37.42889368712192,4.0,2019-11-19T08:40:25.996951-08:00,35.39483692176787,13.256099700927734,1574181626.16007,0.5582442272371716,POINT (-122.14066691805795 37.42889368712192),ios,1.8433151085023871,-0.3187759194815898,1.4347742879775434
406,distance,0,-122.14064978142244,0.0,1574181626.9969459,304.7098083496094,37.4288842204439,4.0,2019-11-19T08:40:26.996946-08:00,35.74045050474775,13.26089096069336,1574181627.12035,0.5585220035579469,POINT (-122.14064978142244 37.4288842204439),ios,1.5245408610670363,1.115990842805318,-1.9834882667518134
407,distance,0,-122.14062143529407,0.0,1574181628.9969296,304.7098083496094,37.42886856137999,4.0,2019-11-19T08:40:28.996930-08:00,36.56850557303306,13.465023040771484,1574181629.127187,0.5590775546100405,POINT (-122.14062143529407 37.42886856137999),ios,3.7565044537170023,-2.850953533467422,2.8223173276798095
408,distance,0,-122.1406563580407,0.3799999952316284,1574181629.996921,304.7098083496094,37.42888785352155,4.0,2019-11-19T08:40:29.996921-08:00,34.745200653573285,13.310482025146484,1574181630.1172318,0.5593553300036325,POINT (-122.1406563580407 37.42888785352155),ios,0.9055753901800397,-0.028660429931545675,0.16583853458817707
409,distance,0,-122.14063952053863,0.0,1574181631.9968972,304.7098083496094,37.428878552091824,4.0,2019-11-19T08:40:31.996897-08:00,35.06667140336493,13.22134017944336,1574181632.118408,0.5599108789364496,POINT (-122.14063952053863 37.428878552091824),ios,0.8482552136348465,0.3030126853460308,-0.6150000432142511
410,distance,0,-122.14065529225903,0.0,1574181633.996871,304.7098083496094,37.42888726475884,4.0,2019-11-19T08:40:33.996871-08:00,34.76254711417956,12.75765609741211,1574181634.116936,0.5604664272069931,POINT (-122.14065529225903 37.42888726475884),ios,1.4542726375029802,-0.9269712720644616,1.0402574817241002
411,distance,0,-122.14064177252772,0.0,1574181634.9968572,304.7098083496094,37.428879796143235,4.0,2019-11-19T08:40:34.996857-08:00,35.01785203312663,12.81380844116211,1574181635.115943,0.5607442011435827,POINT (-122.14064177252772 37.428879796143235),ios,0.5273141838545847,0.11327182469041829,-0.16072465975033318
412,distance,0,-122.14065647911139,0.0,1574181637.9968078,304.7098083496094,37.428887920403824,4.0,2019-11-19T08:40:37.996808-08:00,34.7432560138162,12.78597640991211,1574181638.118007,0.5615775207678477,POINT (-122.14065647911139 37.428887920403824),ios,0.8671240676615881,-0.36889422237336533,0.36989112410664515
413,distance,0,-122.14064035663478,0.0,1574181639.9967723,304.7098083496094,37.42887901397089,4.0,2019-11-19T08:40:39.996772-08:00,35.04833830578741,13.048397064208984,1574181640.111563,0.5621330664555232,POINT (-122.14064035663478 37.42887901397089),ios,0.12934872764907163,0.3708748856914065,-0.18679485964802414
414,distance,0,-122.14064997655498,1.1299999952316284,1574181647.9966083,304.7098083496094,37.42888432823967,4.0,2019-11-19T08:40:47.996608-08:00,32.68107377922141,13.132503509521484,1574181648.1707191,0.5643552431133059,POINT (-122.14064997655498 37.42888432823967),ios,3.0962869778375928,-1.1234533511616525,-0.7256274875512608
415,distance,0,-122.14067876115894,0.6299999952316284,1574181648.996587,304.7098083496094,37.428900229527734,4.0,2019-11-19T08:40:48.996587-08:00,32.070385003803395,12.593135833740234,1574181649.111311,0.5646330149968465,POINT (-122.14067876115894 37.428900229527734),ios,1.9728574655174391,-1.8490654414392793,1.8588779700311782
416,distance,0,-122.14069711548132,0.5299999713897705,1574181649.9965634,304.0459899902344,37.428910345638435,4.0,2019-11-19T08:40:49.996563-08:00,31.877342109928808,12.219478607177734,1574181650.143952,0.5649107862181134,POINT (-122.14069711548132 37.428910345638435),ios,0.12383566838212595,0.009768652678509432,0.012453186674415983
417,distance,0,-122.14071568265729,0.0,1574181665.9961696,304.0459899902344,37.42892035072365,4.0,2019-11-19T08:41:05.996170-08:00,31.99329352066482,11.13564682006836,1574181666.124428,0.5693551212549209,POINT (-122.14071568265729 37.42892035072365),ios,0.28013026368353955,0.20901473456375388,0.11401068203112044
418,distance,0,-122.14073143302517,0.0,1574181671.9960117,304.0459899902344,37.42892883794718,4.0,2019-11-19T08:41:11.996012-08:00,32.03817408737788,11.79751205444336,1574181672.11605,0.57102174407906,POINT (-122.14073143302517 37.42892883794718),ios,1.5341856816226935,0.8930608320911708,-0.43057548520055205
419,distance,0,-122.1407601863038,2.8499999046325684,1574181673.995959,304.0459899902344,37.42894433190293,4.0,2019-11-19T08:41:13.995959-08:00,34.19848445028185,10.91360092163086,1574181674.119553,0.5715772849983639,POINT (-122.1407601863038 37.42894433190293),ios,3.32026028997792,0.03193254893024511,0.19998923187440243
420,distance,0,-122.1407912999992,2.859999895095825,1574181674.9959326,304.0459899902344,37.428961097789895,4.0,2019-11-19T08:41:14.995933-08:00,35.289843188495716,10.56801986694336,1574181675.113292,0.5718550554249022,POINT (-122.1407912999992 37.428961097789895),ios,3.3521919938304285,0.23191648819716412,0.7549915515217659
421,distance,0,-122.14085413692493,2.7699999809265137,1574181676.995879,303.93603515625,37.42899493906303,4.0,2019-11-19T08:41:16.995879-08:00,35.28934921246458,11.089046478271484,1574181677.128559,0.5724105960792966,POINT (-122.14085413692493 37.42899493906303),ios,3.81601252925485,1.7418590903377826,-1.8485676522815373
422,distance,0,-122.14088994283156,2.8399999141693115,1574181677.9958522,303.93603515625,37.42901415366902,4.0,2019-11-19T08:41:17.995852-08:00,35.399314492368774,11.35097885131836,1574181678.145026,0.5726883664396074,POINT (-122.14088994283156 37.42901415366902),ios,5.557825106936869,-0.10665919986197514,1.8149805523082216
423,distance,0,-122.1409420923085,3.990000009536743,1574181678.9958258,303.93603515625,37.42904213876271,4.0,2019-11-19T08:41:18.995826-08:00,35.70912247085849,11.22115707397461,1574181679.130456,0.5729661368661456,POINT (-122.1409420923085 37.42904213876271),ios,5.451168729753266,1.7082733199618807,-2.9769220518984936
424,distance,0,-122.14099324097293,3.950000047683716,1574181679.995798,303.93603515625,37.42906958678808,4.0,2019-11-19T08:41:19.995798-08:00,35.845510557365984,11.388912200927734,1574181680.133117,0.573243906961547,POINT (-122.14099324097293 37.42906958678808),ios,7.159394804759818,-1.2685664005276305,0.8207189859673311
425,distance,0,-122.14106041816342,4.599999904632568,1574181680.9957721,303.93603515625,37.42910563623824,4.0,2019-11-19T08:41:20.995772-08:00,36.49694382448697,11.035579681396484,1574181681.119608,0.5735216775205401,POINT (-122.14106041816342 37.42910563623824),ios,5.890861371260247,-0.4478687430976373,-1.9375126696755902
426,distance,0,-122.14111569251156,4.079999923706055,1574181681.9957442,303.93603515625,37.42913529823874,4.0,2019-11-19T08:41:21.995744-08:00,36.970622223557896,10.75466537475586,1574181682.123139,0.573799447549714,POINT (-122.14111569251156 37.42913529823874),ios,5.443005121449444,-2.3853273659081573,1.8777666149336885
427,distance,0,-122.14116676468083,4.239999771118164,1574181682.9957178,303.93603515625,37.429162705214345,4.0,2019-11-19T08:41:22.995718-08:00,37.44170692621138,10.458736419677734,1574181683.1205359,0.5740772179762522,POINT (-122.14116676468083 37.429162705214345),ios,3.0577408819473875,-0.5076104450582208,2.340619121292057
428,distance,0,-122.14119545570952,2.7799999713897705,1574181683.9956908,303.93603515625,37.42917810174703,4.0,2019-11-19T08:41:23.995691-08:00,37.445989841113544,10.659114837646484,1574181684.12632,0.5743549882703357,POINT (-122.14119545570952 37.42917810174703),ios,2.550144112574165,1.8329456169132183,-1.5608781381263888
429,distance,0,-122.14121938390286,4.150000095367432,1574181684.9956632,303.93603515625,37.42919094238844,4.0,2019-11-19T08:41:24.995663-08:00,37.817078540666536,10.59212875366211,1574181685.152672,0.574632758365737,POINT (-122.14121938390286 37.42919094238844),ios,4.383039036525795,0.2721106472991795,0.17915194869885828
430,distance,0,-122.14126057345436,4.21999979019165,1574181685.9956365,303.69158935546875,37.429212937801445,4.0,2019-11-19T08:41:25.995636-08:00,38.290079126026775,10.44344711303711,1574181686.1553168,0.574910528726048,POINT (-122.14126057345436 37.429212937801445),ios,4.655142417686779,0.45125781212489596,3.7961103802542664
431,distance,0,-122.1413043787689,3.990000009536743,1574181686.995609,303.69158935546875,37.42923622923453,4.0,2019-11-19T08:41:26.995609-08:00,38.20255196477132,10.633358001708984,1574181687.138754,0.5751882988876766,POINT (-122.1413043787689 37.42923622923453),ios,5.106387857163342,4.2472641101062205,-7.142450746567968
432,distance,0,-122.14135243038933,4.880000114440918,1574181687.9955823,303.69158935546875,37.42926177844277,4.0,2019-11-19T08:41:27.995582-08:00,38.345290116666064,10.567562103271484,1574181688.151012,0.5754660692479875,POINT (-122.14135243038933 37.42926177844277),ios,9.353538553082052,-2.894995912450417,2.0251043218736724
433,distance,0,-122.14144039440737,5.71999979019165,1574181688.9955537,303.7877197265625,37.429308641173726,4.0,2019-11-19T08:41:28.995554-08:00,38.233583394307374,10.326473236083984,1574181689.163821,0.5757438390784794,POINT (-122.14144039440737 37.429308641173726),ios,6.458625467129068,-0.8699495292761394,7.415033338911898
434,distance,0,-122.14150110236784,6.099999904632568,1574181689.9955282,303.7877197265625,37.42934103725762,4.0,2019-11-19T08:41:29.995528-08:00,36.84543505069876,10.686946868896484,1574181690.137951,0.5760216097699271,POINT (-122.14150110236784 37.42934103725762),ios,5.58869813095091,6.544894646292504,-6.789679442689237
435,distance,0,-122.14155363329576,6.239999771118164,1574181690.9954998,303.7877197265625,37.42936906976497,4.0,2019-11-19T08:41:30.995500-08:00,37.91050788056869,10.38460922241211,1574181691.143846,0.5762993796666463,POINT (-122.14155363329576 37.42936906976497),ios,12.133407086730063,-0.24459216089542363,0.9843600877676794
436,distance,0,-122.14166709794875,7.380000114440918,1574181691.995473,304.2485656738281,37.42943061400613,4.0,2019-11-19T08:41:31.995473-08:00,36.967425334984235,10.196651458740234,1574181692.173598,0.5765771499607298,POINT (-122.14166709794875 37.42943061400613),ios,11.888821515465287,0.7397414069323759,-0.9817633301557283
437,distance,0,-122.1417782256134,8.430000305175781,1574181692.9954457,304.2662658691406,37.42949097551177,4.0,2019-11-19T08:41:32.995446-08:00,35.63248153900479,10.323970794677734,1574181693.167223,0.5768549201885859,POINT (-122.1417782256134 37.42949097551177),ios,12.628542816434816,-0.24199523917287868,-2.726221294076802
438,distance,0,-122.14189615828357,8.720000267028809,1574181693.9954188,304.3463439941406,37.42955521962827,4.0,2019-11-19T08:41:33.995419-08:00,36.32478909583425,10.30215072631836,1574181694.1750789,0.5771326904826694,POINT (-122.14189615828357 37.42955521962827),ios,12.386554096928139,-2.968143085305461,12.569679269587722
439,distance,0,-122.14201100148597,9.729999542236328,1574181694.9953911,305.177734375,37.429619182441535,4.0,2019-11-19T08:41:34.995391-08:00,35.21871851498203,10.35067367553711,1574181695.167032,0.5774104605780708,POINT (-122.14201100148597 37.429619182441535),ios,9.418493100235686,9.601188550254,-23.057495689675864
440,distance,0,-122.14209759047827,9.510000228881836,1574181695.9953637,305.9635009765625,37.429668640937386,4.0,2019-11-19T08:41:35.995364-08:00,35.212760885160215,10.43471908569336,1574181696.1424809,0.5776882307396994,POINT (-122.14209759047827 37.429668640937386),ios,19.019418403790525,-13.455674945855469,16.825788538303236
441,distance,0,-122.14227094180671,10.25,1574181696.995336,307.1316833496094,37.42977015570104,4.0,2019-11-19T08:41:36.995336-08:00,32.25962562547158,10.99013900756836,1574181697.126704,0.5779660008351009,POINT (-122.14227094180671 37.42977015570104),ios,5.564115595551624,3.3696482490986845,5.09026205151271
442,distance,0,-122.14232109970919,9.850000381469727,1574181697.9953086,307.1316833496094,37.42980044329816,4.0,2019-11-19T08:41:37.995309-08:00,33.1686907129647,11.301509857177734,1574181698.1326861,0.5782437709967295,POINT (-122.14232109970919 37.42980044329816),ios,8.933671455174332,8.459770735111153,-15.959854772164926
443,distance,0,-122.14240067956501,10.029999732971191,1574181698.9952803,308.5585632324219,37.4298500520684,4.0,2019-11-19T08:41:38.995280-08:00,32.11955745758268,11.14052963256836,1574181699.2413368,0.5785215408934488,POINT (-122.14240067956501 37.4298500520684),ios,17.39320217126982,-7.499631227071976,9.110942134706116
444,distance,0,-122.14255445078322,10.90999984741211,1574181699.9952543,308.5585632324219,37.42994780435524,4.0,2019-11-19T08:41:39.995254-08:00,29.890543120798498,11.54659652709961,1574181700.1663508,0.5787993114524418,POINT (-122.14255445078322 37.42994780435524),ios,9.893765841802727,1.6110741358854348,-0.39728942661738154
445,distance,0,-122.14264192033295,10.970000267028809,1574181700.995227,308.5585632324219,37.43000340870444,4.0,2019-11-19T08:41:40.995227-08:00,30.0,11.47463607788086,1574181701.103673,0.5790770816802978,POINT (-122.14264192033295 37.43000340870444),ios,11.504796189147443,1.21379550748264,2.4721477817228235
446,distance,0,-122.14274363275382,10.9399995803833,1574181701.995199,308.5585632324219,37.43006806723972,4.0,2019-11-19T08:41:41.995199-08:00,28.385995528955988,11.59926986694336,1574181702.1275501,0.5793548516432444,POINT (-122.14274363275382 37.43006806723972),ios,12.718557548444858,3.685873739302013,-9.482536273758363
447,distance,0,-122.14285607610566,11.15999984741211,1574181702.9951723,308.5585632324219,37.430139547422485,4.0,2019-11-19T08:41:42.995172-08:00,25.226732597214813,11.313167572021484,1574181703.134021,0.5796326220035553,POINT (-122.14285607610566 37.430139547422485),ios,16.404332864299548,-5.796409323419988,6.443611056926281
448,distance,0,-122.14300176435412,11.680000305175781,1574181703.9951448,308.2320861816406,37.43023108430007,4.0,2019-11-19T08:41:43.995145-08:00,23.545326952255735,11.55746078491211,1574181704.146154,0.579910392165184,POINT (-122.14300176435412 37.43023108430007),ios,10.60808246762216,0.6470250616981581,-0.6104585470055724
449,distance,0,-122.1430959759511,11.039999961853027,1574181704.995117,308.2320861816406,37.43029027754196,4.0,2019-11-19T08:41:44.995117-08:00,24.28692172459335,11.319332122802734,1574181705.103373,0.580188162194358,POINT (-122.1430959759511 37.43029027754196),ios,11.255089480573202,0.03658354341773284,3.977408097009186
450,distance,0,-122.14319593376547,11.34000015258789,1574181705.9950893,308.2320861816406,37.43035308113808,4.0,2019-11-19T08:41:45.995089-08:00,23.75782341714859,11.116146087646484,1574181706.1191869,0.5804659322897593,POINT (-122.14319593376547 37.43035308113808),ios,11.291672012216148,4.013881639020427,-6.71492528411035
451,distance,0,-122.14329621654949,10.859999656677246,1574181706.9950619,308.2320861816406,37.43041608891294,4.0,2019-11-19T08:41:46.995062-08:00,26.913112263398514,10.94503402709961,1574181707.1183481,0.5807437024513881,POINT (-122.14329621654949 37.43041608891294),ios,15.305443598081514,-2.7008595343512467,-1.1307658298053083
452,distance,0,-122.14343214626783,11.180000305175781,1574181707.9950347,308.2320861816406,37.430501493692795,4.0,2019-11-19T08:41:47.995035-08:00,27.553037760666136,11.18221664428711,1574181708.1333299,0.5810214726792442,POINT (-122.14343214626783 37.430501493692795),ios,12.604657472330816,-3.831594630260157,11.538021008663078
453,distance,0,-122.14354408998358,10.850000381469727,1574181708.9950073,308.2320861816406,37.4305718280429,4.0,2019-11-19T08:41:48.995007-08:00,27.984368400225026,11.374324798583984,1574181709.129613,0.5812992428408729,POINT (-122.14354408998358 37.4305718280429),ios,8.773167897255615,7.706110027366851,-6.76927555950185
454,distance,0,-122.14362200570866,10.979999542236328,1574181709.9949794,308.2320861816406,37.43062078257195,4.0,2019-11-19T08:41:49.994979-08:00,27.771135228734572,11.20479965209961,1574181710.121015,0.5815770128700468,POINT (-122.14362200570866 37.43062078257195),ios,16.4790629628855,0.9370232966290734,-4.627639620055277
455,distance,0,-122.14376835874964,11.739999771118164,1574181710.9949522,308.2320861816406,37.430712736336005,4.0,2019-11-19T08:41:50.994952-08:00,27.537430669012664,11.35384750366211,1574181711.1343908,0.581854783097903,POINT (-122.14376835874964 37.430712736336005),ios,17.416060791485595,-3.6904905454862433,5.3023941013482245
456,distance,0,-122.1439230333822,12.390000343322754,1574181711.994924,308.2320861816406,37.430809918564435,4.0,2019-11-19T08:41:51.994924-08:00,27.660898764520127,11.65481185913086,1574181712.125011,0.5821325530608495,POINT (-122.1439230333822 37.430809918564435),ios,13.725674072017773,1.6117543815284194,0.3024834627006713
457,distance,0,-122.1440449332852,12.859999656677246,1574181712.9948964,308.2320861816406,37.43088650839709,4.0,2019-11-19T08:41:52.994896-08:00,26.403012238924546,11.54055404663086,1574181713.134851,0.5824103231562509,POINT (-122.1440449332852 37.43088650839709),ios,15.33738387797221,1.9142294785785148,-4.288179525198707
458,distance,0,-122.14418105908699,12.930000305175781,1574181713.9948688,308.3202209472656,37.43097217998309,4.0,2019-11-19T08:41:53.994869-08:00,26.264829472701937,11.74276351928711,1574181714.170353,0.5826880932516522,POINT (-122.14418105908699 37.43097217998309),ios,17.25156041555753,-2.3738314503465503,0.7361243184667438
459,distance,0,-122.14433408636314,13.949999809265137,1574181714.9948416,308.3221435546875,37.43106863184561,4.0,2019-11-19T08:41:54.994842-08:00,25.593378912449396,11.722957611083984,1574181715.1310182,0.5829658634795083,POINT (-122.14433408636314 37.43106863184561),ios,14.877793485280423,-1.6377271395312083,0.13707079887080906
460,distance,0,-122.14446605767002,14.0,1574181715.9948149,308.3221435546875,37.43115181229991,4.0,2019-11-19T08:41:55.994815-08:00,25.57714824125625,11.62643051147461,1574181716.12444,0.5832436338398191,POINT (-122.14446605767002 37.43115181229991),ios,13.240110077781901,-1.5006600008456108,0.5608972426167919
461,distance,0,-122.14458350199565,13.869999885559082,1574181716.9947863,308.3221435546875,37.43122583651466,4.0,2019-11-19T08:41:56.994786-08:00,25.683641221288905,11.75692367553711,1574181717.1842918,0.583521403670311,POINT (-122.14458350199565 37.43122583651466),ios,11.739493011163304,-0.9397788056276517,7.886544154159527
462,distance,0,-122.14468750545562,14.180000305175781,1574181717.9947596,308.1602783203125,37.43129160106471,4.0,2019-11-19T08:41:57.994760-08:00,25.631429864750398,11.81118392944336,1574181718.257154,0.5837991740306219,POINT (-122.14468750545562 37.43129160106471),ios,10.799739300337134,6.946554755082935,-1.0469795630339
463,distance,0,-122.14478351764036,12.960000038146973,1574181718.9947314,308.1602783203125,37.43135176613501,4.0,2019-11-19T08:41:58.994731-08:00,25.75686720985496,11.965694427490234,1574181719.1246529,0.5840769439935685,POINT (-122.14478351764036 37.43135176613501),ios,17.746098625269774,5.899604647135847,-6.937993226646185
464,distance,0,-122.14494128478513,13.4399995803833,1574181719.994704,308.1602783203125,37.43145062933016,4.0,2019-11-19T08:41:59.994704-08:00,26.031731154834116,12.26925277709961,1574181720.120655,0.5843547141551971,POINT (-122.14494128478513 37.43145062933016),ios,23.64554151623954,-1.0381983526643428,-7.149066863607261
465,distance,0,-122.14515223951214,14.5600004196167,1574181720.994676,307.6542663574219,37.43158161021124,4.0,2019-11-19T08:42:00.994676-08:00,25.480697552309152,12.69015121459961,1574181721.10886,0.5846324841843711,POINT (-122.14515223951214 37.43158161021124),ios,22.607372124090997,-8.187065793239071,12.992624465930186
466,distance,0,-122.145354619493,14.880000114440918,1574181721.9946494,307.6542663574219,37.431706139878486,4.0,2019-11-19T08:42:01.994649-08:00,24.820945062876106,13.12435531616211,1574181722.129232,0.5849102545446819,POINT (-122.145354619493 37.431706139878486),ios,14.420524949094391,4.805211732187951,-12.35313525283353
467,distance,0,-122.14548262846411,14.380000114440918,1574181722.9946213,308.27117919921875,37.43178667064677,4.0,2019-11-19T08:42:02.994621-08:00,24.307232823440767,12.94448471069336,1574181723.139251,0.5851880245076285,POINT (-122.14548262846411 37.43178667064677),ios,19.225601494375432,-7.547575985044957,10.786891232124434
468,distance,0,-122.14565328766686,15.119999885559082,1574181723.9945934,308.27117919921875,37.4318940391938,4.0,2019-11-19T08:42:03.994593-08:00,25.567694580667172,13.25204086303711,1574181724.114322,0.5854657945368025,POINT (-122.14565328766686 37.4318940391938),ios,11.678236048764491,3.239014347031661,-3.456610416975597
469,distance,0,-122.14575695154134,14.899999618530273,1574181724.9945657,308.27117919921875,37.43195925829365,4.0,2019-11-19T08:42:04.994566-08:00,30.0,13.31447982788086,1574181725.125442,0.5857435646322039,POINT (-122.14575695154134 37.43195925829365),ios,14.917160815817148,-0.2175004720072182,-0.9700709822279578
470,distance,0,-122.14588936643345,14.979999542236328,1574181725.9945385,308.27117919921875,37.432042565811464,4.0,2019-11-19T08:42:05.994539-08:00,30.0,13.288570404052734,1574181726.141811,0.5860213348600599,POINT (-122.14588936643345 37.432042565811464),ios,14.699666255411428,-1.187545087979422,2.516426888823491
471,distance,0,-122.14602023165814,14.880000114440918,1574181726.9945116,308.52532958984375,37.43212427561739,4.0,2019-11-19T08:42:06.994512-08:00,30.0,13.13405990600586,1574181727.179658,0.5862991051541434,POINT (-122.14602023165814 37.43212427561739),ios,13.512153161439818,1.328814005033742,-3.593263940280549
472,distance,0,-122.14613975172402,15.300000190734863,1574181727.994484,308.52532958984375,37.43220015882894,4.0,2019-11-19T08:42:07.994484-08:00,30.0,13.347347259521484,1574181728.155587,0.5865768752495448,POINT (-122.14613975172402 37.43220015882894),ios,14.840930416055711,-2.2643505579443812,3.170644553741443
473,distance,0,-122.146271025346,15.270000457763672,1574181728.9944558,308.52532958984375,37.43228350436555,4.0,2019-11-19T08:42:08.994456-08:00,30.0,13.517147064208984,1574181729.1064959,0.5868546452124913,POINT (-122.146271025346 37.43228350436555),ios,12.576643561973958,0.9062047948098799,-4.267718235147288
474,distance,0,-122.14638227067339,14.800000190734863,1574181729.9944286,308.52532958984375,37.432354133951065,4.0,2019-11-19T08:42:09.994429-08:00,30.0,13.70339584350586,1574181730.1282501,0.5871324154403474,POINT (-122.14638227067339 37.432354133951065),ios,13.482823726393049,-3.3613974449591972,9.90719277707351
475,distance,0,-122.14650153147586,13.880000114440918,1574181730.9944005,308.52532958984375,37.43242985255645,4.0,2019-11-19T08:42:10.994401-08:00,30.0,13.847896575927734,1574181731.1211848,0.587410185403294,POINT (-122.14650153147586 37.43242985255645),ios,10.121520848946961,6.545516609172987,-4.188600189175923
476,distance,0,-122.14659106038512,13.850000381469727,1574181731.9943733,308.52532958984375,37.432486694402314,4.0,2019-11-19T08:42:11.994373-08:00,30.0,13.89840316772461,1574181732.138071,0.5876879556311502,POINT (-122.14659106038512 37.432486694402314),ios,16.66685955282423,2.3570302649690937,6.651585932773691
477,distance,0,-122.14688618415848,14.020000457763672,1574181733.994318,308.458740234375,37.432673622678,4.0,2019-11-19T08:42:13.994318-08:00,30.0,13.96010971069336,1574181734.105031,0.5882434958219528,POINT (-122.14688618415848 37.432673622678),ios,21.38078970808727,15.659834210609763,-32.492129069177786
478,distance,0,-122.14707548191639,15.640000343322754,1574181734.9942904,308.458740234375,37.43279352133517,4.0,2019-11-19T08:42:14.994290-08:00,30.0,13.945796966552734,1574181735.124387,0.5885212659173542,POINT (-122.14707548191639 37.43279352133517),ios,37.040190821628144,-16.831396238207645,7.319511443155606
479,distance,0,-122.14740421671088,18.450000762939453,1574181735.9942634,308.22271728515625,37.433000442207444,4.0,2019-11-19T08:42:15.994263-08:00,30.0,14.122249603271484,1574181736.131346,0.5887990362114377,POINT (-122.14740421671088 37.433000442207444),ios,20.20924804310652,-9.512081992201573,16.302262892640496
480,distance,0,-122.14758372949537,17.75,1574181736.9942355,308.22271728515625,37.43311318455493,4.0,2019-11-19T08:42:16.994236-08:00,30.0,14.412471771240234,1574181737.1208038,0.5890768062406117,POINT (-122.14758372949537 37.43311318455493),ios,10.697431390182475,6.789726149243388,-5.638039316665846
481,distance,0,-122.14767875175575,16.940000534057617,1574181737.9942083,308.22271728515625,37.4331728629379,4.0,2019-11-19T08:42:17.994208-08:00,30.0,14.60293197631836,1574181738.113873,0.5893545764684677,POINT (-122.14767875175575 37.4331728629379),ios,17.48697299658371,1.1518400728963414,-0.0007533184851217134
482,distance,0,-122.14783408362207,17.260000228881836,1574181738.9941807,308.22271728515625,37.433270418548226,4.0,2019-11-19T08:42:18.994181-08:00,50.0,14.70083236694336,1574181739.131578,0.5896323465638691,POINT (-122.14783408362207 37.433270418548226),ios,18.63878121355152,1.151086775245414,0.28121296725264266
483,distance,0,-122.14799943526377,18.149999618530273,1574181739.9941533,308.3195495605469,37.43337461200603,4.0,2019-11-19T08:42:19.994153-08:00,30.0,14.83071517944336,1574181740.131988,0.5899101167254978,POINT (-122.14799943526377 37.43337461200603),ios,19.789836428142497,1.4322920321625077,-11.545242390710687
484,distance,0,-122.14817498756524,17.6299991607666,1574181740.9941251,308.3195495605469,37.43348525086487,4.0,2019-11-19T08:42:20.994125-08:00,30.0,14.99892807006836,1574181741.1291618,0.5901878866884444,POINT (-122.14817498756524 37.43348525086487),ios,21.222088165071327,-10.11262555171441,26.617050928757973
485,distance,0,-122.1483632454419,17.31999969482422,1574181741.9940977,308.3195495605469,37.43360389719684,4.0,2019-11-19T08:42:21.994098-08:00,50.0,15.30056381225586,1574181742.1142201,0.590465656850073,POINT (-122.1483632454419 37.43360389719684),ios,11.109739882705645,16.503695587105394,-24.03765424423533
486,distance,0,-122.1484617982364,17.700000762939453,1574181742.9940696,308.3195495605469,37.43366600842312,4.0,2019-11-19T08:42:22.994070-08:00,50.0,15.28512191772461,1574181743.121578,0.5907434268130196,POINT (-122.1484617982364 37.43366600842312),ios,27.612971164868128,-7.533282396372293,7.601562632334022
487,distance,0,-122.14870614713199,17.579999923706055,1574181743.9940429,308.5096435546875,37.433820985094634,4.0,2019-11-19T08:42:23.994043-08:00,50.0,15.206661224365234,1574181744.116499,0.5910211971733306,POINT (-122.14870614713199 37.433820985094634),ios,20.079889928838146,0.06807725234041222,0.019376732126761713
488,distance,0,-122.1488838026627,18.549999237060547,1574181744.9940152,308.5096435546875,37.433933715158,4.0,2019-11-19T08:42:24.994015-08:00,50.0,15.111385345458984,1574181745.107898,0.5912989672687319,POINT (-122.1488838026627 37.433933715158),ios,20.147965298396272,0.08745344857351274,1.3358155199976096
489,distance,0,-122.14906206064997,18.989999771118164,1574181745.9939876,308.5096435546875,37.434046827505924,4.0,2019-11-19T08:42:25.993988-08:00,30.0,15.16982650756836,1574181746.112675,0.5915767373641332,POINT (-122.14906206064997 37.434046827505924),ios,20.23541632830866,1.423232024515489,-4.083115958837986
490,distance,0,-122.14924195676998,19.770000457763672,1574181746.9939594,308.10797119140625,37.434159566645675,4.0,2019-11-19T08:42:26.993959-08:00,30.0,15.222164154052734,1574181747.1421142,0.5918545073270798,POINT (-122.14924195676998 37.434159566645675),ios,21.65860831247922,-2.659769062419282,3.517952234805643
491,distance,0,-122.14943465045873,19.950000762939453,1574181747.9939325,308.10797119140625,37.4342800894101,4.0,2019-11-19T08:42:27.993932-08:00,30.0,15.194698333740234,1574181748.103434,0.5921322776211633,POINT (-122.14943465045873 37.4342800894101),ios,18.998910907694686,0.8580883941817931,0.8690480429409981
492,distance,0,-122.1496036810574,18.790000915527344,1574181748.9939039,308.10797119140625,37.43438581178823,4.0,2019-11-19T08:42:28.993904-08:00,30.0,15.081722259521484,1574181749.126782,0.592410047451655,POINT (-122.1496036810574 37.43438581178823),ios,19.856974751770597,1.727111573458843,1.7076857195064044
493,distance,0,-122.14978018609297,18.920000076293945,1574181749.9938774,308.29486083984375,37.434496470605055,4.0,2019-11-19T08:42:29.993877-08:00,30.0,15.121456146240234,1574181750.131453,0.5926878178781934,POINT (-122.14978018609297 37.434496470605055),ios,21.58404061815035,3.434752099980937,-12.769561543232728
494,distance,0,-122.14997172176977,19.459999084472656,1574181750.9938493,308.29486083984375,37.43461707583744,4.0,2019-11-19T08:42:30.993849-08:00,30.0,15.108882904052734,1574181751.1155,0.59296558784114,POINT (-122.14997172176977 37.43461707583744),ios,25.01869608690289,-9.334450192166962,18.74699522098152
495,distance,0,-122.15019365927712,20.15999984741211,1574181751.9938211,308.3973693847656,37.43475695048959,4.0,2019-11-19T08:42:31.993821-08:00,30.0,14.93081283569336,1574181752.1455379,0.5932433578040864,POINT (-122.15019365927712 37.43475695048959),ios,15.684508504485406,9.412017612242924,-12.662502761071693
496,distance,0,-122.15033264544827,19.940000534057617,1574181752.9937947,308.3973693847656,37.43484478897101,4.0,2019-11-19T08:42:32.993795-08:00,30.0,14.84151840209961,1574181753.1559482,0.5935211282306248,POINT (-122.15033264544827 37.43484478897101),ios,25.09627703274325,-3.2501500425020753,0.5234052604410048
497,distance,0,-122.15055581541519,20.459999084472656,1574181753.9937656,308.1390380859375,37.43498455149043,4.0,2019-11-19T08:42:33.993766-08:00,30.0,14.891475677490234,1574181754.2002358,0.5937988979286618,POINT (-122.15055581541519 37.43498455149043),ios,21.846221527572084,-2.726760006384766,8.399446112065451
498,distance,0,-122.15074974209678,20.790000915527344,1574181754.9937394,308.32342529296875,37.43510655904657,4.0,2019-11-19T08:42:34.993739-08:00,30.0,14.84749984741211,1574181755.159101,0.5940766684214274,POINT (-122.15074974209678 37.43510655904657),ios,19.119533033314408,5.672465821439886,-14.314745806350452
499,distance,0,-122.1509193416759,20.479999542236328,1574181755.993712,308.32342529296875,37.43521346114245,4.0,2019-11-19T08:42:35.993712-08:00,30.0,14.85567855834961,1574181756.187113,0.5943544385830561,POINT (-122.1509193416759 37.43521346114245),ios,24.79184332631156,-8.6418875012547,19.043879112378036
500,distance,0,-122.15113925752907,21.6299991607666,1574181756.993684,308.32342529296875,37.43535207861868,4.0,2019-11-19T08:42:36.993684-08:00,30.0,14.865291595458984,1574181757.1088939,0.5946322086122301,POINT (-122.15113925752907 37.43535207861868),ios,16.1501968902819,10.401460382615307,-10.945176952665387
501,distance,0,-122.15128251785923,21.1200008392334,1574181757.9936562,308.32342529296875,37.435442378545304,4.0,2019-11-19T08:42:37.993656-08:00,30.0,14.953609466552734,1574181758.106194,0.594909978641404,POINT (-122.15128251785923 37.435442378545304),ios,26.551367124432822,-0.5434112546262427,-6.461170319985359
502,distance,0,-122.15151804211827,21.610000610351562,1574181758.9936287,308.32342529296875,37.43559083432011,4.0,2019-11-19T08:42:38.993629-08:00,30.0,15.14059066772461,1574181759.1558409,0.5951877488030328,POINT (-122.15151804211827 37.43559083432011),ios,26.007970769130587,-7.004404421361194,5.587957646029567
503,distance,0,-122.15174843165143,21.290000915527344,1574181759.9936013,308.4565734863281,37.43573656632763,4.0,2019-11-19T08:42:39.993601-08:00,30.0,15.27291488647461,1574181760.162825,0.5954655189646615,POINT (-122.15174843165143 37.43573656632763),ios,19.003758395486596,-1.4165999867176617,4.787590560934731
504,distance,0,-122.1519167659567,20.40999984741211,1574181760.9935732,308.41033935546875,37.43584306024432,4.0,2019-11-19T08:42:40.993573-08:00,30.0,15.126399993896484,1574181761.1626801,0.5957432889276081,POINT (-122.1519167659567 37.43584306024432),ios,17.58719826253214,3.3708558830534843,-3.8401909483339614
505,distance,0,-122.15207330073669,20.270000457763672,1574181761.9935453,307.99407958984375,37.43594086586372,4.0,2019-11-19T08:42:41.993545-08:00,30.0,15.051876068115234,1574181762.165277,0.596021058956782,POINT (-122.15207330073669 37.43594086586372),ios,20.957960115649236,-0.46922794325475964,0.23240176048881564
506,distance,0,-122.1522593701351,20.530000686645508,1574181762.9935198,308.31414794921875,37.43605788743212,4.0,2019-11-19T08:42:42.993520-08:00,30.0,15.02779769897461,1574181763.1650538,0.5962988296482298,POINT (-122.1522593701351 37.43605788743212),ios,20.488744142769043,-0.23683211151797826,-0.771790354667439
507,distance,0,-122.15244113970532,20.450000762939453,1574181763.9934905,308.31414794921875,37.43617242245356,4.0,2019-11-19T08:42:43.993490-08:00,30.0,14.96718978881836,1574181764.115551,0.5965765992800395,POINT (-122.15244113970532 37.43617242245356),ios,20.251918976467653,-1.008599833058771,8.833161949170035
508,distance,0,-122.15262080870617,20.290000915527344,1574181764.9934628,308.31414794921875,37.43628563388296,4.0,2019-11-19T08:42:44.993463-08:00,30.0,14.94179916381836,1574181765.1352382,0.5968543693754408,POINT (-122.15262080870617 37.43628563388296),ios,19.243347037805815,7.824317821280441,-30.648365406966825
509,distance,0,-122.15279153007062,21.06999969482422,1574181765.993435,308.31414794921875,37.43639320730746,4.0,2019-11-19T08:42:45.993435-08:00,30.0,14.829830169677734,1574181766.178244,0.5971321394046147,POINT (-122.15279153007062 37.43639320730746),ios,27.06744659994598,-22.823192650337727,42.04800805298518
510,distance,0,-122.15303171830449,21.290000915527344,1574181766.9934072,308.29656982421875,37.43654446543756,4.0,2019-11-19T08:42:46.993407-08:00,30.0,14.96914291381836,1574181767.180455,0.5974099095000162,POINT (-122.15303171830449 37.43654446543756),ios,4.244885160495077,19.223652499592703,-22.444090136803332
511,distance,0,-122.15306938695888,20.690000534057617,1574181767.99338,308.29656982421875,37.436568185906616,4.0,2019-11-19T08:42:47.993380-08:00,30.0,14.561153411865234,1574181768.09813,0.5976876797278722,POINT (-122.15306938695888 37.436568185906616),ios,23.468015166633574,-3.219827613169549,6.8000834968775115
512,distance,0,-122.15327763963451,21.719999313354492,1574181768.9933524,308.29656982421875,37.43669932547686,4.0,2019-11-19T08:42:48.993352-08:00,30.0,14.66323471069336,1574181769.091234,0.5979654498232736,POINT (-122.15327763963451 37.43669932547686),ios,20.248276602804065,3.5800678168235316,-8.69335116898406
513,distance,0,-122.15345732087191,21.6299991607666,1574181769.9933248,308.2987365722656,37.43681247322,4.0,2019-11-19T08:42:49.993325-08:00,30.0,14.67208480834961,1574181770.425966,0.5982432199186749,POINT (-122.15345732087191 37.43681247322),ios,23.828245407284488,-5.113042924014262,2.7698647419417917
514,distance,0,-122.15366877041625,22.100000381469727,1574181770.9932961,308.2987365722656,37.43694562590239,4.0,2019-11-19T08:42:50.993296-08:00,30.0,14.684200286865234,1574181771.125811,0.5985209897491667,POINT (-122.15366877041625 37.43694562590239),ios,18.715348768601686,-2.3432574285383994,13.128081595528661
515,distance,0,-122.15383484924759,23.049999237060547,1574181771.9932704,308.2987365722656,37.43705020802363,6.0,2019-11-19T08:42:51.993270-08:00,30.0,14.836483001708984,1574181772.09886,0.5987987603743871,POINT (-122.15383484924759 37.43705020802363),ios,16.372151677082798,10.784486129305746,-21.516174037643363
516,distance,0,-122.15398013439604,23.09000015258789,1574181772.9932418,308.2987365722656,37.43714169607714,8.0,2019-11-19T08:42:52.993242-08:00,30.0,14.89718246459961,1574181773.128715,0.5990765302048789,POINT (-122.15398013439604 37.43714169607714),ios,27.156329259765428,-10.731072325660607,21.132741988571855
517,distance,0,-122.15422061707856,23.770000457763672,1574181773.9932146,308.51019287109375,37.437293947017594,8.0,2019-11-19T08:42:53.993215-08:00,30.0,14.742305755615234,1574181774.133936,0.599354300432735,POINT (-122.15422061707856 37.437293947017594),ios,16.42554860162466,10.401095280943057,-18.978319783535554
518,distance,0,-122.15436594852368,21.110000610351562,1574181774.9931874,308.51019287109375,37.43738616070233,8.0,2019-11-19T08:42:54.993187-08:00,30.0,14.27035140991211,1574181775.097534,0.5996320706605911,POINT (-122.15436594852368 37.43738616070233),ios,26.826361183730906,-8.576708677212336,18.731615686199213
519,distance,0,-122.15460330510855,22.34000015258789,1574181775.9931588,308.51019287109375,37.43753676489723,4.0,2019-11-19T08:42:55.993159-08:00,10.0,15.349788665771484,1574181776.115006,0.599909840491083,POINT (-122.15460330510855 37.43753676489723),ios,18.249897888122113,10.154371093163334,-14.322757433666865
520,distance,0,-122.15476511138472,22.93000030517578,1574181776.9931312,308.2997131347656,37.4376388890139,6.0,2019-11-19T08:42:56.993131-08:00,10.0,15.356136322021484,1574181777.1812382,0.6001876105864843,POINT (-122.15476511138472 37.4376388890139),ios,28.403988146361034,-4.167990222372298,-0.7322518275452566
521,distance,0,-122.15501534519184,22.760000228881836,1574181777.993103,309.52459716796875,37.43779941976447,6.0,2019-11-19T08:42:57.993103-08:00,10.0,15.56722640991211,1574181778.178533,0.6004653805494309,POINT (-122.15501534519184 37.43779941976447),ios,24.236115183692906,-4.900221449189603,10.910530924654541
522,distance,0,-122.1552301119669,22.809999465942383,1574181778.9930758,308.3746032714844,37.43793515694202,6.0,2019-11-19T08:42:58.993076-08:00,16.342740931640655,15.495906829833984,1574181779.167664,0.6007431507772869,POINT (-122.1552301119669 37.43793515694202),ios,19.336026921140515,6.010012930310984,-10.284955395690643
523,distance,0,-122.15540252483792,22.690000534057617,1574181779.9930477,307.6452331542969,37.438042376707436,6.0,2019-11-19T08:42:59.993048-08:00,16.617090423105765,15.98366928100586,1574181780.1656408,0.6010209207402335,POINT (-122.15540252483792 37.438042376707436),ios,25.3458707693998,-4.274653114694375,5.006301383018045
524,distance,0,-122.15562899927893,22.610000610351562,1574181780.993021,307.8963317871094,37.43818244076388,6.0,2019-11-19T08:43:00.993021-08:00,17.408858503586533,15.843135833740234,1574181781.160773,0.6012986911005443,POINT (-122.15562899927893 37.43818244076388),ios,21.07133180025826,0.7315145856542935,3.4950796617416033
525,distance,0,-122.15581698595501,22.280000686645508,1574181781.9929929,307.5083923339844,37.438299181438374,6.0,2019-11-19T08:43:01.992993-08:00,18.363829335590417,15.84829330444336,1574181782.242975,0.6015764610634909,POINT (-122.15581698595501 37.438299181438374),ios,21.802825805925718,4.226495918948535,4.267179996665916
526,distance,0,-122.15601062554863,22.18000030517578,1574181782.9929655,307.11767578125,37.43842085645631,6.0,2019-11-19T08:43:02.992965-08:00,30.0,15.89901351928711,1574181783.304647,0.6018542312251197,POINT (-122.15601062554863 37.43842085645631),ios,26.02920584223182,8.49355891749042,-18.225942656922392
527,distance,0,-122.1562414512103,23.549999237060547,1574181783.9929378,307.8803405761719,37.43856646852785,6.0,2019-11-19T08:43:03.992938-08:00,21.901011606953457,16.852962493896484,1574181784.243928,0.602132001320521,POINT (-122.1562414512103 37.43856646852785),ios,34.5225298571414,-9.731879672643249,4.539193645714528
528,distance,0,-122.15663029823652,24.739999771118164,1574181784.9929104,305.5078125,37.43853389754653,6.0,2019-11-19T08:43:04.992910-08:00,10.0,17.242610931396484,1574181785.3012052,0.6024097714821498,POINT (-122.15663029823652 37.43853389754653),ios,24.79091701450436,-5.192810483160137,10.79254806768356
529,distance,0,-122.15685870509795,25.200000762939453,1574181785.9928818,305.5078125,37.43866356558859,6.0,2019-11-19T08:43:05.992882-08:00,10.0,17.76925277709961,1574181786.2495189,0.6026875413126416,POINT (-122.15685870509795 37.43866356558859),ios,19.598255098843854,5.599428807246401,-8.602364153919583
530,distance,0,-122.15701393794468,24.229999542236328,1574181786.992855,306.5625,37.43878954559326,6.0,2019-11-19T08:43:06.992855-08:00,10.0,18.00674057006836,1574181787.117794,0.6029653116729524,POINT (-122.15701393794468 37.43878954559326),ios,25.197534385209934,-3.0027056387680697,3.247495866618207
531,distance,0,-122.15724536229125,23.450000762939453,1574181787.9928274,306.2109375,37.43892214730143,6.0,2019-11-19T08:43:07.992827-08:00,10.0,18.834407806396484,1574181788.1726918,0.6032430817683537,POINT (-122.15724536229125 37.43892214730143),ios,22.19491179093604,0.24470041330151934,0.9308542481721566
532,distance,0,-122.15743856515935,23.90999984741211,1574181788.9928,306.2109375,37.43904984559625,6.0,2019-11-19T08:43:08.992800-08:00,10.0,18.51705551147461,1574181789.130882,0.6035208519299825,POINT (-122.15743856515935 37.43904984559625),ios,22.439605495008202,1.175529139184748,0.5134203730382791
533,distance,0,-122.15763151657036,23.149999618530273,1574181789.9927716,306.9140625,37.43918119001895,6.0,2019-11-19T08:43:09.992772-08:00,10.0,18.84859848022461,1574181790.131944,0.6037986218267017,POINT (-122.15763151657036 37.43918119001895),ios,23.61510128230249,1.6889349455572844,-4.81487906415712
534,distance,0,-122.1578467638438,23.06999969482422,1574181790.992744,306.2109375,37.43930725384265,6.0,2019-11-19T08:43:10.992744-08:00,10.0,18.696224212646484,1574181791.157321,0.604076391922103,POINT (-122.1578467638438 37.43930725384265),ios,25.303989517737264,-3.125810955631333,4.0771136544275866
535,distance,0,-122.15807709854296,23.31999969482422,1574181791.9927173,306.2109375,37.439442663488386,6.0,2019-11-19T08:43:11.992717-08:00,10.0,20.164180755615234,1574181792.195095,0.6043541622824139,POINT (-122.15807709854296 37.439442663488386),ios,22.17826203026347,0.9511938281160889,-0.9582772538941068
536,distance,0,-122.15826912794462,23.299999237060547,1574181792.9926896,306.5625,37.43957124188304,6.0,2019-11-19T08:43:12.992690-08:00,10.0,19.308101654052734,1574181793.1129122,0.6046319323778152,POINT (-122.15826912794462 37.43957124188304),ios,23.129429551634967,-0.0070569231302718685,-0.33514050526050876
537,distance,0,-122.15848119009486,23.299999237060547,1574181793.9926615,306.5625,37.439693366212246,6.0,2019-11-19T08:43:13.992661-08:00,10.0,19.447811126708984,1574181794.157291,0.6049097023407618,POINT (-122.15848119009486 37.439693366212246),ios,23.122372827039882,-0.3421879997514591,-0.490250906663301
538,distance,0,-122.158693000788,23.020000457763672,1574181794.9926343,306.5625,37.43981565817952,6.0,2019-11-19T08:43:14.992634-08:00,10.0,19.35103988647461,1574181795.2457771,0.6051874725686179,POINT (-122.158693000788 37.43981565817952),ios,22.780194127861765,-0.8324255815333591,21.87321764678632
539,distance,0,-122.15889575902573,22.979999542236328,1574181795.9926064,306.9140625,37.43994235064596,6.0,2019-11-19T08:43:15.992606-08:00,30.0,19.05239486694336,1574181796.197709,0.6054652425977919,POINT (-122.15889575902573 37.43994235064596),ios,21.947791766818156,21.040181912420767,-46.38756145058169
540,distance,0,-122.15908812370351,23.1200008392334,1574181796.992579,306.5625,37.44006736673176,6.0,2019-11-19T08:43:16.992579-08:00,30.0,18.80428695678711,1574181797.136457,0.6057430127594206,POINT (-122.15908812370351 37.44006736673176),ios,42.98739679665723,-25.346107677664687,38.87357678146851
541,distance,0,-122.1586810984855,0.0,1574181797.9925518,306.9140625,37.43985522076249,6.0,2019-11-19T08:43:17.992552-08:00,30.0,18.260189056396484,1574181798.104408,0.6060207829872767,POINT (-122.1586810984855 37.43985522076249),ios,17.641978019052065,13.526412530948562,-40.358336775306086
542,distance,0,-122.15883976791254,20.139999389648438,1574181798.9925237,305.859375,37.43995165455848,4.0,2019-11-19T08:43:18.992524-08:00,30.0,17.89144515991211,1574181799.1666179,0.6062985529502233,POINT (-122.15883976791254 37.43995165455848),ios,31.16801000613002,-26.83078882743508,24.614869746513065
543,distance,0,-122.15887583686039,20.079999923706055,1574181799.992497,308.33642578125,37.44023048085122,4.0,2019-11-19T08:43:19.992497-08:00,30.0,17.90847396850586,1574181800.129576,0.6065763233105341,POINT (-122.15887583686039 37.44023048085122),ios,4.337937638052367,-2.2165763688562223,23.415432833488648
544,distance,0,-122.15883736037107,16.729999542236328,1574181800.9924688,308.33642578125,37.44020622066726,4.0,2019-11-19T08:43:20.992469-08:00,30.0,19.00948715209961,1574181801.120589,0.6068540932734807,POINT (-122.15883736037107 37.44020622066726),ios,2.121423629008768,21.19819770907385,-29.629755188794693
545,distance,0,-122.15881854383939,16.719999313354492,1574181801.992441,308.33642578125,37.44019435647361,4.0,2019-11-19T08:43:21.992441-08:00,30.0,19.022090911865234,1574181802.1325169,0.6071318633026547,POINT (-122.15881854383939 37.44019435647361),ios,23.31903001491387,-8.43073095847749,32.88511692257258
546,distance,0,-122.15902537858085,17.43000030517578,1574181802.9924145,308.33642578125,37.44032476984985,4.0,2019-11-19T08:43:22.992414-08:00,30.0,18.809627532958984,1574181803.117352,0.607409633729193,POINT (-122.15902537858085 37.44032476984985),ios,14.888522171197826,24.453515677158705,-39.03061434719808
547,distance,0,-122.15915744096657,17.049999237060547,1574181803.9923859,308.3338928222656,37.44040803030172,4.0,2019-11-19T08:43:23.992386-08:00,30.0,18.73702621459961,1574181804.124018,0.6076874035596848,POINT (-122.15915744096657 37.44040803030172),ios,39.34133822766112,-14.575981995205677,2.37630632135137
548,distance,0,-122.15950640249713,18.649999618530273,1574181804.9923577,308.3338928222656,37.44062803747412,4.0,2019-11-19T08:43:24.992358-08:00,30.0,18.85488510131836,1574181805.094182,0.6079651735226314,POINT (-122.15950640249713 37.44062803747412),ios,24.765766304275566,-12.19974252741235,26.267377646975312
549,distance,0,-122.1597260780162,18.84000015258789,1574181805.9923315,308.3338928222656,37.440766534659524,4.0,2019-11-19T08:43:25.992332-08:00,30.0,19.538265228271484,1574181806.114778,0.6082429440153969,POINT (-122.1597260780162 37.440766534659524),ios,12.566343727843883,14.066946230168876,-19.604127907445914
550,distance,0,-122.15983754292415,16.610000610351562,1574181806.992303,308.3338928222656,37.44083680910834,4.0,2019-11-19T08:43:26.992303-08:00,30.0,19.689327239990234,1574181807.148601,0.6085207138458888,POINT (-122.15983754292415 37.44083680910834),ios,26.63288749945286,-5.53662079867861,3.817022676912847
551,distance,0,-122.16007378006742,17.040000915527344,1574181807.992275,308.3338928222656,37.44098574777738,4.0,2019-11-19T08:43:27.992275-08:00,30.0,19.74721908569336,1574181808.1371222,0.6087984838750627,POINT (-122.16007378006742 37.44098574777738),ios,21.09642114466612,-1.7197045975131569,2.8531258092657374
552,distance,0,-122.16026054902608,17.200000762939453,1574181808.992248,307.4521484375,37.441104083670915,4.0,2019-11-19T08:43:28.992248-08:00,30.0,19.524654388427734,1574181809.399051,0.6090762541691462,POINT (-122.16026054902608 37.441104083670915),ios,19.37676287822947,1.1333443448358171,-3.618689595118677
553,distance,0,-122.16043208342825,17.639999389648438,1574181809.9922204,308.336181640625,37.44121278374433,4.0,2019-11-19T08:43:29.992220-08:00,30.0,19.73720932006836,1574181810.223238,0.6093540242645475,POINT (-122.16043208342825 37.44121278374433),ios,20.510075878664882,-2.4852451697944082,5.065036127321858
554,distance,0,-122.16061425684731,17.670000076293945,1574181810.9921927,308.1163330078125,37.44132723604572,4.0,2019-11-19T08:43:30.992193-08:00,30.0,19.75265121459961,1574181811.2202091,0.6096317943599489,POINT (-122.16061425684731 37.44132723604572),ios,18.024899442190637,2.579650876076328,-4.773119207395181
555,distance,0,-122.1607741590939,18.1299991607666,1574181811.9921649,308.31201171875,37.44142801833057,4.0,2019-11-19T08:43:31.992165-08:00,30.0,19.90011215209961,1574181812.162389,0.6099095643891228,POINT (-122.1607741590939 37.44142801833057),ios,20.60447835897348,-2.193335185283834,1.5516573626773666
556,distance,0,-122.16095698017727,18.100000381469727,1574181812.9921389,308.31201171875,37.441543189673354,4.0,2019-11-19T08:43:32.992139-08:00,30.0,19.996822357177734,1574181813.148524,0.6101873349481158,POINT (-122.16095698017727 37.441543189673354),ios,18.41120017326221,-0.6417181464963264,1.5157008666126708
557,distance,0,-122.16112034016524,18.34000015258789,1574181813.9921095,308.31201171875,37.44164610115829,4.0,2019-11-19T08:43:33.992110-08:00,47.26694655613689,20.01089096069336,1574181814.1087332,0.6104651045799255,POINT (-122.16112034016524 37.44164610115829),ios,17.76950084546191,0.8739382714529682,2.005482694323436
558,distance,0,-122.16127800695205,18.299999237060547,1574181814.9920826,308.31201171875,37.441745426111474,4.0,2019-11-19T08:43:34.992083-08:00,30.0,20.25301742553711,1574181815.120868,0.610742874874009,POINT (-122.16127800695205 37.441745426111474),ios,18.643415571882215,2.8793669354666176,-0.29996710228703133
559,distance,0,-122.16144342790588,18.190000534057617,1574181815.992055,308.31201171875,37.44184963593796,4.0,2019-11-19T08:43:35.992055-08:00,50.0,20.155330657958984,1574181816.143004,0.6110206449694103,POINT (-122.16144342790588 37.44184963593796),ios,21.52270287397831,2.5794081292363016,-20.024533866737514
560,distance,0,-122.16163369515397,18.15999984741211,1574181816.9920275,308.3745422363281,37.441970638734276,4.0,2019-11-19T08:43:36.992028-08:00,50.0,20.271846771240234,1574181817.1864672,0.6112984151310391,POINT (-122.16163369515397 37.441970638734276),ios,24.102040280650186,-17.444576702096366,26.016883991390454
561,distance,0,-122.16184736508768,17.670000076293945,1574181817.9920015,308.3745422363281,37.44210554623738,4.0,2019-11-19T08:43:37.992002-08:00,30.0,20.682491302490234,1574181818.1329288,0.6115761856900321,POINT (-122.16184736508768 37.44210554623738),ios,6.657916921673568,8.571631172266073,-9.184882221767072
562,distance,0,-122.16190638882864,14.489999771118164,1574181818.991972,308.3745422363281,37.44214281280727,4.0,2019-11-19T08:43:38.991972-08:00,30.0,20.82882308959961,1574181819.1320782,0.6118539552556144,POINT (-122.16190638882864 37.44214281280727),ios,15.229294683060182,-0.6129795085265015,4.83125285831151
563,distance,0,-122.16204116088363,12.989999771118164,1574181819.9919448,308.50421142578125,37.44222829456915,4.0,2019-11-19T08:43:39.991945-08:00,30.0,20.984004974365234,1574181820.120689,0.6121317254834705,POINT (-122.16204116088363 37.44222829456915),ios,14.616331835143873,4.218142037694648,-8.778079471411031
564,distance,0,-122.16217050418038,13.180000305175781,1574181820.9919171,308.50421142578125,37.44231034012513,4.0,2019-11-19T08:43:40.991917-08:00,30.0,21.103633880615234,1574181821.280607,0.6124094955788718,POINT (-122.16217050418038 37.44231034012513),ios,18.834357213560516,-4.559694662277146,2.6760043386819645
565,distance,0,-122.16233717372677,13.170000076293945,1574181821.9918885,308.50421142578125,37.442416062616665,4.0,2019-11-19T08:43:41.991889-08:00,30.0,21.10500717163086,1574181822.114614,0.6126872654093637,POINT (-122.16233717372677 37.442416062616665),ios,14.274793005194072,-1.883766884693434,34.17978162588311
566,distance,0,-122.1624634949805,13.100000381469727,1574181822.9918618,308.50421142578125,37.442496191218254,4.0,2019-11-19T08:43:42.991862-08:00,30.0,21.166561126708984,1574181823.1160579,0.6129650357696745,POINT (-122.1624634949805 37.442496191218254),ios,12.391076422503327,32.29510204255312,-61.4188227351678
567,distance,0,-122.16257314665984,12.470000267028809,1574181823.9918337,308.50421142578125,37.442565745908915,4.0,2019-11-19T08:43:43.991834-08:00,30.0,21.04452133178711,1574181824.137408,0.6132428057326211,POINT (-122.16257314665984 37.442565745908915),ios,44.68526989428021,-29.121992772777986,21.285815930736327
568,distance,0,-122.16298830706828,12.479999542236328,1574181824.9918067,309.0234375,37.44233588691562,4.0,2019-11-19T08:43:44.991807-08:00,30.0,21.097591400146484,1574181825.1264172,0.6135205760267046,POINT (-122.16298830706828 37.44233588691562),ios,15.564061705829761,-7.836750309582442,17.740214367217337
569,distance,0,-122.1631266084706,12.770000457763672,1574181825.9917786,309.0234375,37.44242268152296,4.0,2019-11-19T08:43:45.991779-08:00,30.0,21.09536361694336,1574181826.1344051,0.6137983459896511,POINT (-122.1631266084706 37.44242268152296),ios,7.727531870618402,9.902964965224013,-15.310934347216987
570,distance,0,-122.16318695817344,11.800000190734863,1574181826.9917512,309.375,37.44247301485151,4.0,2019-11-19T08:43:46.991751-08:00,30.0,21.09017562866211,1574181827.125818,0.6140761161512799,POINT (-122.16318695817344 37.44247301485151),ios,17.630225314996288,-5.407549584703618,4.556187606353393
571,distance,0,-122.16333523404055,12.710000038146973,1574181827.9917238,309.375,37.44257921356469,4.0,2019-11-19T08:43:47.991724-08:00,30.0,21.23037338256836,1574181828.132488,0.6143538863129085,POINT (-122.16333523404055 37.44257921356469),ios,12.222823995225836,-0.851486900524376,2.1300298583126365
572,distance,0,-122.16344176802986,11.979999542236328,1574181828.9916956,309.375,37.44264941200375,4.0,2019-11-19T08:43:48.991696-08:00,30.0,21.214290618896484,1574181829.154539,0.6146316562758551,POINT (-122.16344176802986 37.44264941200375),ios,11.3713610499165,1.2784830328225736,-4.106330627447277
573,distance,0,-122.16353547770731,11.649999618530273,1574181829.9916685,309.375,37.4427195685333,4.0,2019-11-19T08:43:49.991668-08:00,30.0,21.45412826538086,1574181830.230538,0.6149094265037113,POINT (-122.16353547770731 37.4427195685333),ios,12.649809333930751,-2.827735985716163,5.997657680737691
574,distance,0,-122.16364360425823,11.020000457763672,1574181830.9916408,310.4296875,37.44279420938105,4.0,2019-11-19T08:43:50.991641-08:00,30.0,21.49526596069336,1574181831.229635,0.6151871965991126,POINT (-122.16364360425823 37.44279420938105),ios,9.8221515536509,3.1697558204709555,-8.385644166117252
575,distance,0,-122.1637228132432,10.40999984741211,1574181831.991613,316.7578125,37.44285623546452,4.0,2019-11-19T08:43:51.991613-08:00,30.0,21.69033432006836,1574181832.209368,0.6154649666282865,POINT (-122.1637228132432 37.44285623546452),ios,12.991818953866433,-5.215654428322364,0.020300193651567728
576,distance,0,-122.16379229594429,10.170000076293945,1574181832.9915857,315.6035461425781,37.44295922620896,4.0,2019-11-19T08:43:52.991586-08:00,30.0,21.79543685913086,1574181833.155719,0.6157427368561427,POINT (-122.16379229594429 37.44295922620896),ios,7.776306285560708,-5.1953547864243355,10.24286983106744
577,distance,0,-122.16383598918833,9.8100004196167,1574181833.991558,314.878173828125,37.4430199473286,4.0,2019-11-19T08:43:53.991558-08:00,30.0,21.767818450927734,1574181834.14572,0.616020506951544,POINT (-122.16383598918833 37.4430199473286),ios,2.5810951847526815,5.0472317621484635,-10.676005768679055
578,distance,0,-122.16383304659126,9.260000228881836,1574181834.991531,314.878173828125,37.44304304116879,4.0,2019-11-19T08:43:54.991531-08:00,50.0,21.729671478271484,1574181835.1154861,0.6162982771794001,POINT (-122.16383304659126 37.44304304116879),ios,7.62818976456508,-5.628483835704244,10.012544671162784
579,distance,0,-122.16387005089399,8.1899995803833,1574181835.9915023,320.706787109375,37.44310503135852,4.0,2019-11-19T08:43:55.991502-08:00,50.0,21.58791732788086,1574181836.121457,0.6165760470098919,POINT (-122.16387005089399 37.44310503135852),ios,1.9998669610750686,4.3837743742576984,5.01954579884531
580,distance,0,-122.16385200920536,6.289999961853027,1574181836.9914756,320.706787109375,37.4431159063269,4.0,2019-11-19T08:43:56.991476-08:00,50.0,21.805599212646484,1574181837.135728,0.6168538173702028,POINT (-122.16385200920536 37.4431159063269),ios,6.383524275927937,9.403186136769573,-20.1712524169486
581,distance,0,-122.16387261308842,5.980000019073486,1574181837.9914474,326.8657531738281,37.44317093301786,4.0,2019-11-19T08:43:57.991447-08:00,30.0,21.892208099365234,1574181838.119211,0.6171315873331494,POINT (-122.16387261308842 37.44317093301786),ios,15.786445869172734,-10.767498794420913,13.25313530985689
582,distance,0,-122.16404082264953,6.050000190734863,1574181838.9914198,312.890625,37.44312277998537,4.0,2019-11-19T08:43:58.991420-08:00,30.0,22.00082015991211,1574181839.1187139,0.6174093574285507,POINT (-122.16404082264953 37.44312277998537),ios,5.019244866676336,2.4852699793680295,-3.4443651423567174
583,distance,0,-122.16408315126054,5.909999847412109,1574181839.9913924,312.890625,37.443152912927275,4.0,2019-11-19T08:43:59.991392-08:00,50.0,21.894588470458984,1574181840.116519,0.6176871275901794,POINT (-122.16408315126054 37.443152912927275),ios,7.504446704572591,-0.959000724914726,2.1427520082000076
584,distance,0,-122.16414844628625,5.949999809265137,1574181840.9913645,312.5390625,37.443196121638124,4.0,2019-11-19T08:44:00.991364-08:00,50.0,21.853389739990234,1574181841.165375,0.6179648976193534,POINT (-122.16414844628625 37.443196121638124),ios,6.5454727309579175,1.1836915112742497,-2.8926380473859328
585,distance,0,-122.1642027610188,5.960000038146973,1574181841.9913373,312.5390625,37.443236187135284,4.0,2019-11-19T08:44:01.991337-08:00,50.0,21.75521469116211,1574181842.170583,0.6182426678472095,POINT (-122.1642027610188 37.443236187135284),ios,7.729132069830671,-1.7088679150252282,-4.057081615411689
586,distance,0,-122.16415615763717,4.079999923706055,1574181842.9913094,311.8359375,37.44317734617502,4.0,2019-11-19T08:44:02.991309-08:00,50.0,21.681087493896484,1574181843.167418,0.6185204378763834,POINT (-122.16415615763717 37.44317734617502),ios,6.020311823631083,-5.765836358251733,5.955427202938349
587,distance,0,-122.1642207824799,1.600000023841858,1574181843.9912825,307.9010925292969,37.443194624719816,4.0,2019-11-19T08:44:03.991282-08:00,50.0,21.688533782958984,1574181844.174416,0.6187982081704669,POINT (-122.1642207824799 37.443194624719816),ios,0.2546308045031907,0.1894303977390572,-0.0461856684651147
588,distance,0,-122.16424801644763,0.0,1574181854.9974194,307.9010925292969,37.44320757386462,4.0,2019-11-19T08:44:14.997419-08:00,30.0,21.39358139038086,1574181855.155911,0.6218554684188631,POINT (-122.16424801644763 37.44320757386462),ios,2.339527693946948,-0.3188953919393355,0.8767416994531081
589,distance,0,-122.1642688959052,1.6799999475479126,1574181855.9975421,307.9010925292969,37.44322053441098,4.0,2019-11-19T08:44:15.997542-08:00,30.0,21.39913558959961,1574181856.1317,0.6221332803037432,POINT (-122.1642688959052 37.44322053441098),ios,2.0205931462557047,0.5579539587415373,-2.1265203976908382
590,distance,0,-122.1642869288865,2.950000047683716,1574181856.9976592,307.9010925292969,37.44323172805338,4.0,2019-11-19T08:44:16.997659-08:00,30.0,21.140987396240234,1574181857.143527,0.622411090599166,POINT (-122.1642869288865 37.44323172805338),ios,2.5786124210529553,-1.56881537691738,4.11262951931497
591,distance,0,-122.16426391603102,2.6500000953674316,1574181857.9977667,307.9010925292969,37.44321744323934,4.0,2019-11-19T08:44:17.997767-08:00,30.0,21.16360092163086,1574181858.149692,0.6226888982454936,POINT (-122.16426391603102 37.44321744323934),ios,1.0096283544709754,2.544256360203741,-5.040186514416208
592,distance,0,-122.16425490568446,1.9800000190734863,1574181858.997864,307.9010925292969,37.443211850229744,4.0,2019-11-19T08:44:18.997864-08:00,30.0,21.18166732788086,1574181859.134004,0.6229667030440437,POINT (-122.16425490568446 37.443211850229744),ios,3.5541322066531142,-2.4964204372481946,2.105558747273433
593,distance,0,-122.16422318734021,2.430000066757202,1574181859.9979544,307.9010925292969,37.443192161643985,4.0,2019-11-19T08:44:19.997954-08:00,30.0,21.368160247802734,1574181860.1462479,0.6232445059219996,POINT (-122.16422318734021 37.443192161643985),ios,1.0574861912528073,-0.39067143033568497,0.37095496160397745
594,distance,0,-122.16423262466412,0.7699999809265137,1574181860.9980388,307.9010925292969,37.443198019696986,4.0,2019-11-19T08:44:20.998039-08:00,30.0,21.598506927490234,1574181861.147485,0.623522307144271,POINT (-122.16423262466412 37.443198019696986),ios,0.6667817881792524,-0.01968516006728836,-0.008353046709310336
595,distance,0,-122.16424452566014,2.6700000762939453,1574181862.9981856,307.9010925292969,37.44320540702366,4.0,2019-11-19T08:44:22.998186-08:00,30.0,21.51296615600586,1574181863.13362,0.6240779034958945,POINT (-122.16424452566014 37.44320540702366),ios,0.6274085769670138,-0.03639248026317003,0.0432925214972259
596,distance,0,-122.16425572377182,2.3399999141693115,1574181864.998308,307.9010925292969,37.44321235804477,4.0,2019-11-19T08:44:24.998308-08:00,30.0,21.28542709350586,1574181865.1470919,0.6246334930260976,POINT (-122.16425572377182 37.44321235804477),ios,0.5546191653225919,0.050197857784651315,-0.023513281373458872
597,distance,0,-122.16426562261674,2.109999895095825,1574181866.9984093,307.9010925292969,37.44321850257611,4.0,2019-11-19T08:44:26.998409-08:00,30.0,21.390499114990234,1574181867.14424,0.6251890767282909,POINT (-122.16426562261674 37.44321850257611),ios,0.6550199673352135,0.0031689124864011636,-0.0352388317668274
598,distance,0,-122.1642539319252,2.559999942779541,1574181868.998492,307.9010925292969,37.44321124579038,4.0,2019-11-19T08:44:28.998492-08:00,30.0,21.38778305053711,1574181869.154515,0.6257446552647484,POINT (-122.1642539319252 37.44321124579038),ios,0.6613580544760973,-0.0673116663997467,0.13015898605417509
599,distance,0,-122.16423032457837,1.409999966621399,1574181872.99861,307.9010925292969,37.44319659196186,4.0,2019-11-19T08:44:32.998610-08:00,30.0,21.677425384521484,1574181873.140033,0.6268557991584142,POINT (-122.16423032457837 37.44319659196186),ios,0.3921034449429398,0.4533396388156073,-0.35618412693591417
600,distance,0,-122.16423732262353,0.0,1574181874.998649,307.9010925292969,37.44320093587195,4.0,2019-11-19T08:44:34.998649-08:00,10.0,21.672542572021484,1574181875.132845,0.6274113655090332,POINT (-122.16423732262353 37.44320093587195),ios,1.298800340362738,-0.25904245716511215,0.1708597483984162
601,distance,0,-122.16427209280104,1.1299999952316284,1574181877.9986875,307.9010925292969,37.443222518834986,4.0,2019-11-19T08:44:37.998688-08:00,10.0,21.83248519897461,1574181878.1400728,0.6282447095712026,POINT (-122.16427209280104 37.443222518834986),ios,0.5216629636608021,0.25354338728456355,-0.20618037707772824
602,distance,0,-122.16428140304203,0.0,1574181879.9987018,307.9010925292969,37.443228297996356,4.0,2019-11-19T08:44:39.998702-08:00,10.0,21.701778411865234,1574181880.1380029,0.6288002691004011,POINT (-122.16428140304203 37.443228297996356),ios,1.0287533651971774,-0.15882031630484542,0.04141182932408672
603,distance,0,-122.16432413438292,0.0,1574181884.998703,318.1187744140625,37.44325974427911,4.0,2019-11-19T08:44:44.998703-08:00,10.0,21.01778793334961,1574181885.1326442,0.630189158320427,POINT (-122.16432413438292 37.44325974427911),ios,0.23465159434437965,0.048238879682335714,-0.012650940910531915
604,distance,0,-122.16434714697988,0.5899999737739563,1574181897.9985585,318.1187744140625,37.44328020775174,4.0,2019-11-19T08:44:57.998559-08:00,10.0,20.725643157958984,1574181898.138815,0.6338002292977439,POINT (-122.16434714697988 37.44328020775174),ios,0.8617500605813823,-0.11622152432564932,0.08668331141402609
605,distance,0,-122.16431792016613,0.8999999761581421,1574181900.998506,318.1187744140625,37.44327876973913,4.0,2019-11-19T08:45:00.998506-08:00,10.0,20.690792083740234,1574181901.144291,0.634633548061053,POINT (-122.16431792016613 37.44327876973913),ios,0.5130915836659863,0.14382386319580234,-0.034673611544263724
606,distance,0,-122.16433243286036,0.0,1574181909.9983242,318.1187744140625,37.44331866747418,4.0,2019-11-19T08:45:09.998324-08:00,10.0,19.90108871459961,1574181910.1344318,0.6371334975295596,POINT (-122.16433243286036 37.44331866747418),ios,1.8074801889437249,-0.16823233310884206,-0.22515084048891026
607,distance,0,-122.16438691536905,0.0,1574181913.9982347,324.8360900878906,37.44336720925249,4.0,2019-11-19T08:45:13.998235-08:00,10.0,19.81850814819336,1574181914.1349611,0.6382445838054022,POINT (-122.16438691536905 37.44336720925249),ios,1.1345658976510387,-1.0688155650106808,1.3027220711180394
608,distance,0,-122.16437953535669,0.0,1574181914.9982119,311.8359375,37.4433588562882,4.0,2019-11-19T08:45:14.998212-08:00,10.0,19.91421127319336,1574181915.121645,0.6385223552253512,POINT (-122.16437953535669 37.4433588562882),ios,0.06577479588723774,0.23387668916542317,-0.09676533067857848
609,distance,0,-122.16439018440656,0.3199999928474426,1574181938.997619,324.8360900878906,37.443370260239746,4.0,2019-11-19T08:45:38.997619-08:00,30.0,20.18880844116211,1574181939.1457071,0.645188857184516,POINT (-122.16439018440656 37.443370260239746),ios,5.6786766593747275,-2.0884338704073278,-0.19657707741665614
610,distance,0,-122.1643479239055,0.6200000047683716,1574181939.997592,318.1187744140625,37.44333176139585,4.0,2019-11-19T08:45:39.997592-08:00,30.0,20.21224594116211,1574181940.142966,0.6454666274785995,POINT (-122.1643479239055 37.44333176139585),ios,3.5902990540896598,-2.2850056517820785,2.238911128480449
611,distance,0,-122.1643675908739,0.3499999940395355,1574181940.9975662,324.8360900878906,37.44336002204838,4.0,2019-11-19T08:45:40.997566-08:00,30.0,20.21999740600586,1574181941.149329,0.64574439810382,POINT (-122.1643675908739 37.44336002204838),ios,1.305352239390061,-0.04615217348670847,-0.076987712051645
612,distance,0,-122.16439704876962,0.8299999833106995,1574181942.9975157,324.8360900878906,37.44336207353676,4.0,2019-11-19T08:45:42.997516-08:00,30.0,20.063899993896484,1574181943.141223,0.6462999396191703,POINT (-122.16439704876962 37.44336207353676),ios,1.2130502251661965,-0.20012370626620435,0.10170687855760344
613,distance,0,-122.16441734498937,0.8500000238418579,1574181944.9974637,324.8360900878906,37.443376782373164,4.0,2019-11-19T08:45:44.997464-08:00,30.0,19.599178314208984,1574181945.137187,0.6468554807371564,POINT (-122.16441734498937 37.443376782373164),ios,0.8128132141135008,0.003284764608537951,0.05754312518525011
614,distance,0,-122.16448476965752,2.619999885559082,1574181955.9971771,329.72052001953125,37.44343677737359,4.0,2019-11-19T08:45:55.997177-08:00,30.0,20.554866790771484,1574181956.1355162,0.6499109566873974,POINT (-122.16448476965752 37.44343677737359),ios,0.8489446834624277,0.6362426509874164,2.9884282843023766
615,distance,0,-122.16450584892084,0.0,1574181959.997073,329.72052001953125,37.44346232121477,4.0,2019-11-19T08:45:59.997073-08:00,30.0,20.400081634521484,1574181960.138461,0.6510220388571422,POINT (-122.16450584892084 37.44346232121477),ios,3.3938489979780226,12.58964442708427,-17.906329809408987
616,distance,0,-122.1645251704715,3.25,1574181960.997046,329.72052001953125,37.44348870663976,4.0,2019-11-19T08:46:00.997046-08:00,30.0,20.25918197631836,1574181961.1085382,0.6512998091512257,POINT (-122.1645251704715 37.44348870663976),ios,15.983154243681959,-5.316202962531476,1.1448561379101578
617,distance,0,-122.1647013811351,5.389999866485596,1574181962.9969945,330.8417663574219,37.44373983937247,4.0,2019-11-19T08:46:02.996994-08:00,30.0,19.898006439208984,1574181963.160306,0.6518553504016664,POINT (-122.1647013811351 37.44373983937247),ios,5.35102209463522,-3.026549644985475,12.976335252715673
618,distance,0,-122.16473820597875,5.380000114440918,1574181963.9969676,321.2213134765625,37.44377806083626,4.0,2019-11-19T08:46:03.996968-08:00,30.0,20.01595687866211,1574181964.138504,0.6521331206957499,POINT (-122.16473820597875 37.44377806083626),ios,2.324553988829996,9.94943600839654,-7.818520470311191
619,distance,0,-122.16475465415624,6.190000057220459,1574181964.9969416,321.2213134765625,37.443794384652556,4.0,2019-11-19T08:46:04.996942-08:00,30.0,19.89699935913086,1574181965.119255,0.6524108912547429,POINT (-122.16475465415624 37.443794384652556),ios,12.273731435013374,2.1311187228643416,-12.003162033209716
620,distance,0,-122.16485814602652,6.309999942779541,1574181965.9969153,310.1938781738281,37.44386808474243,4.0,2019-11-19T08:46:05.996915-08:00,30.0,19.881832122802734,1574181966.11917,0.6526886617475086,POINT (-122.16485814602652 37.44386808474243),ios,14.404794267064958,-9.87172851489334,8.935157821476974
621,distance,0,-122.164984914564,6.46999979019165,1574181966.9968898,307.9704284667969,37.443949639589874,4.0,2019-11-19T08:46:06.996890-08:00,30.0,19.56313705444336,1574181967.177782,0.6529664324389564,POINT (-122.164984914564 37.443949639589874),ios,4.533317587744597,-0.9367986363329728,11.771125068483094
622,distance,0,-122.16502538784886,6.550000190734863,1574181967.9968634,307.8013000488281,37.44397472857879,4.0,2019-11-19T08:46:07.996863-08:00,30.0,19.859188079833984,1574181968.153271,0.6532442028654947,POINT (-122.16502538784886 37.44397472857879),ios,3.5965437432838,10.83401491565475,-11.906663852217278
623,distance,0,-122.16505752483016,6.380000114440918,1574181968.9968367,307.8013000488281,37.44399460545903,4.0,2019-11-19T08:46:08.996837-08:00,30.0,20.075008392333984,1574181969.123342,0.6535219732258055,POINT (-122.16505752483016 37.44399460545903),ios,14.430269359529028,-1.0723309943362491,8.014774388473546
624,distance,0,-122.16518646688604,7.329999923706055,1574181969.9968104,307.8013000488281,37.44407435673608,4.0,2019-11-19T08:46:09.996810-08:00,30.0,20.153865814208984,1574181970.114869,0.6537997437185711,POINT (-122.16518646688604 37.44407435673608),ios,13.357966488192298,6.94223319831393,-11.83310299810463
625,distance,0,-122.16530582742607,7.869999885559082,1574181970.9967842,307.8013000488281,37.44414818180188,4.0,2019-11-19T08:46:10.996784-08:00,30.0,20.327510833740234,1574181971.124234,0.6540775142113368,POINT (-122.16530582742607 37.44414818180188),ios,20.300017619194985,-4.890559464314351,1.7934339782754882
626,distance,0,-122.1655120142942,7.96999979019165,1574181971.9967582,305.859375,37.44406737856329,4.0,2019-11-19T08:46:11.996758-08:00,30.0,20.38100814819336,1574181972.144072,0.6543552847703298,POINT (-122.1655120142942 37.44406737856329),ios,15.40958524890663,-3.0971720931287714,-0.621873559838807
627,distance,0,-122.16562600817733,8.899999618530273,1574181972.9967315,305.859375,37.444172319991,4.0,2019-11-19T08:46:12.996732-08:00,30.0,20.646785736083984,1574181973.155484,0.6546330551306406,POINT (-122.16562600817733 37.444172319991),ios,12.312495859195263,-3.7190290471520004,15.187084970609217
628,distance,0,-122.16573514055662,9.180000305175781,1574181973.996706,306.9140625,37.44424126114458,4.0,2019-11-19T08:46:13.996706-08:00,30.0,20.391902923583984,1574181974.124531,0.6549108258220885,POINT (-122.16573514055662 37.44424126114458),ios,8.593561687404716,11.467668488952741,-18.846420136478724
629,distance,0,-122.16581426572256,9.119999885559082,1574181974.996679,306.9140625,37.444286271964614,4.0,2019-11-19T08:46:14.996679-08:00,30.0,20.29195785522461,1574181975.124018,0.655188596116172,POINT (-122.16581426572256 37.444286271964614),ios,20.060921222466835,-7.378243900477744,9.311900607216417
630,distance,0,-122.16596229013257,10.550000190734863,1574181975.9966528,312.5390625,37.444423148443406,4.0,2019-11-19T08:46:15.996653-08:00,30.0,20.669368743896484,1574181976.143296,0.6554663666089375,POINT (-122.16596229013257 37.444423148443406),ios,12.682870824136062,1.9334124924264064,-4.751825506214453
631,distance,0,-122.1659039520865,9.380000114440918,1574181976.9966266,314.6484375,37.44431891947747,4.0,2019-11-19T08:46:16.996627-08:00,30.0,21.024593353271484,1574181977.1262832,0.6557441371017032,POINT (-122.1659039520865 37.44431891947747),ios,14.61623261080195,-2.8182883922046598,4.28347258882637
632,distance,0,-122.16603387158565,10.010000228881836,1574181977.9966002,310.078125,37.444400391576295,4.0,2019-11-19T08:46:17.996600-08:00,30.0,20.99337387084961,1574181978.258165,0.6560219075282415,POINT (-122.16603387158565 37.444400391576295),ios,11.79801880308414,1.4650708368229544,24.772009688281234
633,distance,0,-122.16612741362505,9.960000038146973,1574181978.9965732,312.1875,37.444476163980966,4.0,2019-11-19T08:46:18.996573-08:00,30.0,21.092403411865234,1574181979.1315808,0.656299677822325,POINT (-122.16612741362505 37.444476163980966),ios,13.263050168994981,26.236413134973482,-50.49435749669099
634,distance,0,-122.16624467645042,10.789999961853027,1574181979.9965463,313.9453125,37.444550721009676,4.0,2019-11-19T08:46:19.996546-08:00,30.0,21.17922592163086,1574181980.1773648,0.6565774481164085,POINT (-122.16624467645042 37.444550721009676),ios,39.498756460906,-24.256583978112232,22.368779330518052
635,distance,0,-122.1666222811883,13.729999542236328,1574181980.996522,310.078125,37.444741241668765,4.0,2019-11-19T08:46:20.996522-08:00,30.0,21.15932846069336,1574181981.175529,0.6568552191389931,POINT (-122.1666222811883 37.444741241668765),ios,15.242762371262934,-1.8883486271177716,1.596169238249024
636,distance,0,-122.16675513435356,13.520000457763672,1574181981.9964948,310.78125,37.44482879064739,4.0,2019-11-19T08:46:21.996495-08:00,30.0,21.27547836303711,1574181982.136857,0.6571329893668493,POINT (-122.16675513435356 37.44482879064739),ios,13.354465068928366,-0.29222277229855165,0.622297935512134
637,distance,0,-122.16687206190281,13.479999542236328,1574181982.996469,311.484375,37.44490498214722,4.0,2019-11-19T08:46:22.996469-08:00,30.0,21.380306243896484,1574181983.144784,0.6574107599920697,POINT (-122.16687206190281 37.44490498214722),ios,13.062249821134335,0.3300591395355096,-7.309959984612476
638,distance,0,-122.16697101281693,12.819999694824219,1574181983.9964414,309.7998962402344,37.44499231490092,4.0,2019-11-19T08:46:23.996441-08:00,30.0,21.452205657958984,1574181984.159163,0.657688530087471,POINT (-122.16697101281693 37.44499231490092),ios,13.392299832371041,-6.979698676765319,15.656312525050206
639,distance,0,-122.16707213609834,12.989999771118164,1574181984.9964163,309.1058044433594,37.445082088322295,4.0,2019-11-19T08:46:24.996416-08:00,30.0,21.508296966552734,1574181985.21014,0.6579663009113735,POINT (-122.16707213609834 37.445082088322295),ios,6.412775885039034,8.676221908927335,-3.7043935472293885
640,distance,0,-122.16711175833296,11.789999961853027,1574181985.9963899,308.5403747558594,37.44513042306603,4.0,2019-11-19T08:46:25.996390-08:00,30.0,21.45840072631836,1574181986.156824,0.6582440713379119,POINT (-122.16711175833296 37.44513042306603),ios,15.088768182418924,4.971926396481249,-3.4397111107344416
641,distance,0,-122.16722988487354,11.539999961853027,1574181986.9963632,308.5403747558594,37.44522848923467,4.0,2019-11-19T08:46:26.996363-08:00,30.0,21.63875961303711,1574181987.1428928,0.6585218416982227,POINT (-122.16722988487354 37.44522848923467),ios,20.060561814141966,1.5323071359427876,-5.238057009393021
642,distance,0,-122.16739228492844,12.539999961853027,1574181987.996337,308.5403747558594,37.445354669513286,4.0,2019-11-19T08:46:27.996337-08:00,30.0,21.85122299194336,1574181988.1463451,0.6587996121909884,POINT (-122.16739228492844 37.445354669513286),ios,21.592828763730843,-3.705612499938196,5.4381958365809195
643,distance,0,-122.1675682965365,13.020000457763672,1574181988.9963107,308.5403747558594,37.44548950170877,4.0,2019-11-19T08:46:28.996311-08:00,30.0,22.15389633178711,1574181989.142564,0.6590773826837539,POINT (-122.1675682965365 37.44548950170877),ios,17.88731344734801,1.7324407142810583,-7.778655442896244
644,distance,0,-122.1677116970389,13.4399995803833,1574181989.9962845,308.3945617675781,37.44560314218478,4.0,2019-11-19T08:46:29.996284-08:00,30.0,22.21841049194336,1574181990.1560202,0.6593551531765196,POINT (-122.1677116970389 37.44560314218478),ios,19.619708726563186,-6.046010725257604,5.425972125559503
645,distance,0,-122.16787056985882,14.279999732971191,1574181990.9962583,308.3945617675781,37.44572651632744,4.0,2019-11-19T08:46:30.996258-08:00,30.0,22.19344711303711,1574181991.144789,0.6596329236692853,POINT (-122.16787056985882 37.44572651632744),ios,13.57385656424708,-0.6201809014801869,-5.956810528808883
646,distance,0,-122.16797543650026,14.529999732971191,1574181991.9962323,308.4021301269531,37.44581578712722,4.0,2019-11-19T08:46:31.996232-08:00,30.0,22.14535140991211,1574181992.189152,0.6599106942282783,POINT (-122.16797543650026 37.44581578712722),ios,12.953691779795669,-6.576836626930124,2.545330749758957
647,distance,0,-122.16807478757119,14.100000381469727,1574181992.996205,308.2920227050781,37.4459015119758,4.0,2019-11-19T08:46:32.996205-08:00,30.0,22.25655746459961,1574181993.21448,0.6601884644561343,POINT (-122.16807478757119 37.4459015119758),ios,6.377033909430513,-4.031575058543207,17.566623295446462
648,distance,0,-122.16801460359386,0.0,1574181993.9961786,308.4021301269531,37.445869798278125,4.0,2019-11-19T08:46:33.996179-08:00,30.0,22.33822250366211,1574181994.1568232,0.6604662348826726,POINT (-122.16801460359386 37.445869798278125),ios,2.345565544353373,13.53458334566366,-12.706168763396471
649,distance,0,-122.16803539022817,15.0,1574181994.9961524,308.4021301269531,37.445882935589566,4.0,2019-11-19T08:46:34.996152-08:00,30.0,22.328121185302734,1574181995.1303449,0.6607440053754383,POINT (-122.16803539022817 37.445882935589566),ios,15.879793931442734,0.8287478148044525,-2.9965624264342683
650,distance,0,-122.16817631661928,14.3100004196167,1574181995.996125,308.2920227050781,37.44597167886111,4.0,2019-11-19T08:46:35.996125-08:00,30.0,22.33828353881836,1574181996.2716908,0.661021775537067,POINT (-122.16817631661928 37.44597167886111),ios,16.708519023526396,-2.1677324514718874,-3.8586892052794113
651,distance,0,-122.16832461604173,14.390000343322754,1574181996.9961,308.2920227050781,37.44606503569949,4.0,2019-11-19T08:46:36.996100-08:00,30.0,22.385799407958984,1574181997.12598,0.6612995463609695,POINT (-122.16832461604173 37.44606503569949),ios,14.540840838962058,-6.026325058515559,23.7600421282651
652,distance,0,-122.16845367585259,14.369999885559082,1574181997.9960742,308.2920227050781,37.44614628089685,4.0,2019-11-19T08:46:37.996074-08:00,30.0,22.406856536865234,1574181998.1244168,0.6615773169861899,POINT (-122.16845367585259 37.44614628089685),ios,8.514670953535125,17.733105267517306,-29.82427981026421
653,distance,0,-122.1685292492561,14.869999885559082,1574181998.996047,308.2920227050781,37.44619385555263,4.0,2019-11-19T08:46:38.996047-08:00,30.0,22.416927337646484,1574181999.154875,0.6618550872140461,POINT (-122.1685292492561 37.44619385555263),ios,26.247294240251687,-12.090363927231584,11.883588219771365
654,distance,0,-122.16875842394239,15.1899995803833,1574181999.9960208,309.5060119628906,37.44634422422476,4.0,2019-11-19T08:46:39.996021-08:00,30.0,22.48611068725586,1574182000.156599,0.6621328577068117,POINT (-122.16875842394239 37.44634422422476),ios,14.157247395432822,-0.207087366964197,0.7385663702705184
655,distance,0,-122.16888148105318,14.970000267028809,1574182000.995994,310.220458984375,37.4464258602687,4.0,2019-11-19T08:46:40.995994-08:00,30.0,22.57845687866211,1574182001.1907501,0.6624106280671226,POINT (-122.16888148105318 37.4464258602687),ios,13.950165558297913,0.5314592814565293,-13.011537032459794
656,distance,0,-122.16900784099363,14.6899995803833,1574182001.9959686,304.3595275878906,37.44650118977126,4.0,2019-11-19T08:46:41.995969-08:00,30.0,22.489803314208984,1574182002.230469,0.6626883987585703,POINT (-122.16900784099363 37.44650118977126),ios,14.481611281809402,-12.479745816440946,25.74622319423564
657,distance,0,-122.16910808428116,14.65999984741211,1574182002.9959416,299.5005187988281,37.44660427594502,4.0,2019-11-19T08:46:42.995942-08:00,30.0,22.494258880615234,1574182003.227366,0.6629661690526538,POINT (-122.16910808428116 37.44660427594502),ios,2.0022016859374125,13.265783741086207,35.04060939369265
658,distance,0,-122.16909730744675,15.569999694824219,1574182003.9959157,299.5005187988281,37.44662011902946,4.0,2019-11-19T08:46:43.995916-08:00,30.0,22.518489837646484,1574182004.301832,0.6632439396116468,POINT (-122.16909730744675 37.44662011902946),ios,15.267640680808805,48.30548251255789,-95.12339105698845
659,distance,0,-122.1692568950856,16.190000534057617,1574182004.9958892,282.7055358886719,37.446673023462395,4.0,2019-11-19T08:46:44.995889-08:00,50.0,22.600948333740234,1574182005.290014,0.6635217100381852,POINT (-122.1692568950856 37.446673023462395),ios,63.571844814746804,-46.81539115503597,109.8725972964398
660,distance,0,-122.16997582495782,17.450000762939453,1574182005.9958622,307.265625,37.446640474818956,4.0,2019-11-19T08:46:45.995862-08:00,50.0,22.49679183959961,1574182006.237957,0.6637994803322687,POINT (-122.16997582495782 37.446640474818956),ios,16.757714927182267,63.05424603085999,-140.8883210502087
661,distance,0,-122.17016476608183,16.93000030517578,1574182006.9958367,307.265625,37.446654960378645,4.0,2019-11-19T08:46:46.995837-08:00,50.0,21.996700286865234,1574182007.141625,0.6640772510237164,POINT (-122.17016476608183 37.446654960378645),ios,79.81035239454154,-77.83048084726383,75.85050539398743
662,distance,0,-122.17106866299,16.8700008392334,1574182007.99581,298.62420654296875,37.44666758283304,4.0,2019-11-19T08:46:47.995810-08:00,97.70679477389132,21.487117767333984,1574182008.1264029,0.6643550213840272,POINT (-122.17106866299 37.44666758283304),ios,1.981949845335015,-1.98200088028505,10.891714021104889
663,distance,0,-122.17108183336677,16.5,1574182008.9957843,298.62420654296875,37.44665314850877,4.0,2019-11-19T08:46:48.995784-08:00,94.10067559066201,21.117916107177734,1574182009.18958,0.6646327920092476,POINT (-122.17108183336677 37.44665314850877),ios,0.0,8.909432687825904,-5.998136956297728
664,distance,0,-122.17108183336677,16.43000030517578,1574182009.995757,298.62420654296875,37.44665314850877,4.0,2019-11-19T08:46:49.995757-08:00,90.79183399774622,21.05727767944336,1574182010.185405,0.6649105622371038,POINT (-122.17108183336677 37.44665314850877),ios,8.909190531957751,2.9114587591992795,-4.078660594628749
665,distance,0,-122.1712565776815,15.75,1574182011.9957047,304.7411193847656,37.4467333367399,4.0,2019-11-19T08:46:51.995705-08:00,100.0,21.90487289428711,1574182012.231536,0.6654661032226351,POINT (-122.1712565776815 37.4467333367399),ios,14.731955338267005,-5.245648495796225,28.3570182390779
666,distance,0,-122.17139084077124,15.649999618530273,1574182012.995679,304.46624755859375,37.446812012048156,4.0,2019-11-19T08:46:52.995679-08:00,100.0,22.187923431396484,1574182013.240155,0.6657438738478555,POINT (-122.17139084077124 37.446812012048156),ios,9.48644191375735,23.110639572562093,-53.535585867622174
667,distance,0,-122.17147931381575,15.438392686152856,1574182013.9956517,304.46624755859375,37.4468604301693,10.0,2019-11-19T08:46:53.995652-08:00,200.0,22.187925338745117,1574182014.2561312,0.6660216440757115,POINT (-122.17147931381575 37.4468604301693),ios,32.596453345652655,-30.423491212932294,40.43078498298913
668,distance,0,-122.17178465804777,15.299069033017732,1574182014.995625,313.2109680175781,37.44702524554675,10.0,2019-11-19T08:46:54.995625-08:00,200.0,22.55070686340332,1574182015.270149,0.6662994144360225,POINT (-122.17178465804777 37.44702524554675),ios,2.173774527581545,10.00621415162238,-9.123772514430403
669,distance,0,-122.17180256873198,14.331163504716391,1574182015.9955997,313.2109680175781,37.44703866033461,10.0,2019-11-19T08:46:55.995600-08:00,200.0,22.685131072998047,1574182016.232024,0.6665771851936976,POINT (-122.17180256873198 37.44703866033461),ios,12.179735798463742,0.8826722165411452,7.753442393240777
670,distance,0,-122.17190423498265,13.976126826620979,1574182016.995573,311.8863830566406,37.4471127039783,10.0,2019-11-19T08:46:56.995573-08:00,200.0,22.786439895629883,1574182017.196704,0.6668549555540085,POINT (-122.17190423498265 37.4471127039783),ios,13.062384445113851,8.635907570533446,-8.876894126439748
671,distance,0,-122.17201418080518,13.894476472924776,1574182017.9955463,311.8863830566406,37.44719131701941,10.0,2019-11-19T08:46:57.995546-08:00,200.0,22.820802688598633,1574182018.174357,0.6671327259143194,POINT (-122.17201418080518 37.44719131701941),ios,21.698061412036328,-0.2407495172600425,-15.942275053397264
672,distance,0,-122.17219992774518,15.959700472601568,1574182018.9955194,310.44146728515625,37.4473191029443,10.0,2019-11-19T08:46:58.995519-08:00,200.0,22.82009506225586,1574182019.211169,0.6674104962084029,POINT (-122.17219992774518 37.4473191029443),ios,21.45731838088112,-16.182595065051363,28.048731533453214
673,distance,0,-122.17238978034771,16.394241737036044,1574182019.9954941,308.3299255371094,37.447439590470516,10.0,2019-11-19T08:46:59.995494-08:00,200.0,22.77604866027832,1574182020.187845,0.667688266966078,POINT (-122.17238978034771 37.447439590470516),ios,5.275132288349844,11.865427610497767,-9.890428305200123
674,distance,0,-122.1723429828795,17.087169593023894,1574182020.9954677,308.3299255371094,37.447410092615115,10.0,2019-11-19T08:47:00.995468-08:00,200.0,22.987398147583008,1574182021.1897712,0.6679660373926163,POINT (-122.1723429828795 37.447410092615115),ios,17.140245886686174,1.9752610501644632,-0.7774301494190174
675,distance,0,-122.172495039756,16.622188138288763,1574182021.995441,308.3299255371094,37.447505938649705,10.0,2019-11-19T08:47:01.995441-08:00,200.0,23.067964553833008,1574182022.170353,0.6682438077529271,POINT (-122.172495039756 37.447505938649705),ios,19.115454191690148,1.1978516603701022,76.63462498867142
676,distance,0,-122.17266461967127,18.191453551473295,1574182022.9954152,308.3299255371094,37.44761282998404,10.0,2019-11-19T08:47:02.995415-08:00,200.0,23.047670364379883,1574182023.21211,0.6685215783781475,POINT (-122.17266461967127 37.44761282998404),ios,20.31327500833044,77.83050336825434,-154.53231190889514
677,distance,0,-122.17284593270288,19.14904268728334,1574182023.995389,307.7574462890625,37.44772530387803,10.0,2019-11-19T08:47:03.995389-08:00,200.0,23.009946823120117,1574182024.2223182,0.6687993488709132,POINT (-122.17284593270288 37.44772530387803),ios,98.14173719040215,-76.69775576947544,76.35456181583609
678,distance,0,-122.17253218653195,19.754159821897915,1574182024.9953623,310.49933541211107,37.44857201253033,10.0,2019-11-19T08:47:04.995362-08:00,200.0,22.922922134399414,1574182025.269578,0.669077119231224,POINT (-122.17253218653195 37.44857201253033),ios,21.446029471961207,-0.3452328404065822,5.394274188053141
679,distance,0,-122.17271960190621,19.705420627096284,1574182025.9953356,312.17019706296037,37.4486947246327,10.0,2019-11-19T08:47:05.995336-08:00,200.0,22.859407424926758,1574182026.1252,0.6693548895915349,POINT (-122.17271960190621 37.4486947246327),ios,21.10080585026603,5.048897304985593,-0.6231351429602505
680,distance,0,-122.17290332189044,19.87440541491814,1574182026.9953086,311.18934104514386,37.448816111793775,10.0,2019-11-19T08:47:06.995309-08:00,200.0,22.836042404174805,1574182027.124968,0.6696326598856184,POINT (-122.17290332189044 37.448816111793775),ios,26.149567131397497,4.42577895009582,29.374256288360133
681,distance,0,-122.17312272834022,20.476636033782324,1574182027.9952826,310.65885535697294,37.44897410140406,10.0,2019-11-19T08:47:07.995283-08:00,200.0,22.780813217163086,1574182028.1245852,0.6699104304446114,POINT (-122.17312272834022 37.44897410140406),ios,30.57523106600909,33.79927187129529,-73.4501546469221
682,distance,0,-122.17338180321985,21.680469875078252,1574182028.995257,309.9503129433458,37.44915658691477,10.0,2019-11-19T08:47:08.995257-08:00,200.0,22.607511520385742,1574182029.146494,0.6701882010698319,POINT (-122.17338180321985 37.44915658691477),ios,64.37363263287196,-39.6489914924242,36.626547010973404
683,distance,0,-122.17405164444253,22.510000228881836,1574182029.9952304,309.6858825683594,37.448927798457916,6.0,2019-11-19T08:47:09.995230-08:00,100.0,22.921504974365234,1574182030.20198,0.6704659714963701,POINT (-122.17405164444253 37.448927798457916),ios,24.725690429687557,-3.023413783322625,-2.2778400844328255
684,distance,0,-122.17428137502651,22.510000228881836,1574182030.9952035,308.2285461425781,37.44905499779917,8.0,2019-11-19T08:47:10.995203-08:00,100.0,23.568416595458984,1574182031.224217,0.6707437417904536,POINT (-122.17428137502651 37.44905499779917),ios,21.702358101060994,-5.301192499783663,11.83163203423208
685,distance,0,-122.17448741573935,22.329999923706055,1574182031.9951768,308.2285461425781,37.44916146027533,8.0,2019-11-19T08:47:11.995177-08:00,50.0,23.83462142944336,1574182032.137404,0.6710215121507644,POINT (-122.17448741573935 37.44916146027533),ios,16.401307158389066,6.530123595787834,7.658330153437962
686,distance,0,-122.17464609554537,21.950000762939453,1574182032.995151,308.2285461425781,37.449238178192154,8.0,2019-11-19T08:47:12.995151-08:00,50.0,24.096858978271484,1574182033.140466,0.6712992827759848,POINT (-122.17464609554537 37.449238178192154),ios,22.93126260867568,14.188256553300901,-16.68991234577908
687,distance,0,-122.17486059555874,22.719999313354492,1574182033.9951248,309.9807434082031,37.44935448913993,4.0,2019-11-19T08:47:13.995125-08:00,50.0,22.671321868896484,1574182034.1965451,0.6715770532687505,POINT (-122.17486059555874 37.44935448913993),ios,37.11914706014017,-2.5012180821076324,-9.023697224568226
688,distance,0,-122.17519634998676,22.799999237060547,1574182034.995099,309.9807434082031,37.44955543781233,6.0,2019-11-19T08:47:14.995099-08:00,50.0,23.363460540771484,1574182035.144712,0.6718548238939709,POINT (-122.17519634998676 37.44955543781233),ios,34.617993382413545,-11.524682953632242,23.21434266930316
689,distance,0,-122.17551037601037,23.690000534057617,1574182035.9950721,309.9874572753906,37.44974189987657,8.0,2019-11-19T08:47:15.995072-08:00,71.20412876471075,24.495113372802734,1574182036.1832762,0.6721325941880544,POINT (-122.17551037601037 37.44974189987657),ios,23.09362091871569,11.689034291113797,-23.704915215136896
690,distance,0,-122.17572393199397,23.25,1574182036.9950452,310.26312255859375,37.449861848124016,8.0,2019-11-19T08:47:16.995045-08:00,76.40904930536199,24.515987396240234,1574182037.1948218,0.6724103644821379,POINT (-122.17572393199397 37.449861848124016),ios,34.7823402920565,-12.015242282804124,18.426145607087648
691,distance,0,-122.17603694215289,23.709999084472656,1574182037.995019,310.54693603515625,37.450051828745856,8.0,2019-11-19T08:47:17.995019-08:00,76.54310060575669,24.559017181396484,1574182038.2433472,0.6726881349749035,POINT (-122.17603694215289 37.450051828745856),ios,22.767413121521567,6.410420079383587,-13.950030208927616
692,distance,0,-122.17624665450079,23.1299991607666,1574182038.9949937,310.4804382324219,37.450171006849516,8.0,2019-11-19T08:47:18.994994-08:00,79.3044384715702,24.74471664428711,1574182039.205213,0.6729659057325788,POINT (-122.17624665450079 37.450171006849516),ios,29.177671194400997,-7.5392575792276615,10.936794476644506
693,distance,0,-122.1765138212928,23.729999542236328,1574182039.9949667,309.3037414550781,37.45032548895639,8.0,2019-11-19T08:47:19.994967-08:00,85.08233288996287,24.25417709350586,1574182040.1974502,0.6732436760266622,POINT (-122.1765138212928 37.45032548895639),ios,21.63861673256932,3.397242245961953,-11.263510599129253
694,distance,0,-122.17671674843818,23.1299991607666,1574182040.9949403,309.3037414550781,37.450434641542834,8.0,2019-11-19T08:47:20.994940-08:00,86.22392651790906,24.69448471069336,1574182041.163293,0.6735214464532004,POINT (-122.17671674843818 37.450434641542834),ios,25.035769072342,-7.865970270415906,4.66986141186069
695,distance,0,-122.17695010109351,23.34000015258789,1574182041.994914,308.0666198730469,37.45056259403753,8.0,2019-11-19T08:47:21.994914-08:00,91.54053656915073,24.36202621459961,1574182042.186452,0.6737992169459661,POINT (-122.17695010109351 37.45056259403753),ios,17.170005095206157,-3.1962313305446814,10.023918835141743
696,distance,0,-122.17711622464908,21.940000534057617,1574182042.9948864,307.72088623046875,37.45064290229806,8.0,2019-11-19T08:47:22.994886-08:00,95.11726939002443,24.861263275146484,1574182043.2441401,0.6740769870413674,POINT (-122.17711622464908 37.45064290229806),ios,13.973862161409624,6.82741027753272,-19.594632254288687
697,distance,0,-122.17725384993228,21.229999542236328,1574182043.9948604,307.72088623046875,37.4507049901627,4.0,2019-11-19T08:47:23.994860-08:00,97.50831547395076,22.37759017944336,1574182044.1531348,0.6743547576003605,POINT (-122.17725384993228 37.4507049901627),ios,20.801095010763497,-12.766712758798539,26.968175013914543
698,distance,0,-122.17745327205081,21.15999984741211,1574182044.994835,307.39666748046875,37.4508046336185,4.0,2019-11-19T08:47:24.994835-08:00,101.17581200956256,22.51113510131836,1574182045.157151,0.6746325282918082,POINT (-122.17745327205081 37.4508046336185),ios,8.034707940867143,14.20077427572145,-19.255794629160942
699,distance,0,-122.17753699343534,18.959999084472656,1574182045.9948092,307.39666748046875,37.450832978255534,4.0,2019-11-19T08:47:25.994809-08:00,100.47626222879028,22.03445053100586,1574182046.174197,0.6749102989170286,POINT (-122.17753699343534 37.450832978255534),ios,22.235116557918698,-5.054524532006437,33.512406192003915
700,distance,0,-122.17773942556123,18.989999771118164,1574182046.9947817,307.628173828125,37.45095196375193,4.0,2019-11-19T08:47:26.994782-08:00,101.06870900774925,22.225887298583984,1574182047.168658,0.6751880690786574,POINT (-122.17773942556123 37.45095196375193),ios,17.18073061155631,28.456962812266827,-50.44185572371297
701,distance,0,-122.17789383235932,19.049999237060547,1574182047.9947553,307.325439453125,37.45104601879611,4.0,2019-11-19T08:47:27.994755-08:00,102.17925766197115,22.031734466552734,1574182048.18136,0.6754658395051956,POINT (-122.17789383235932 37.45104601879611),ios,45.63694032560418,-21.983557994857993,12.385223145382414
702,distance,0,-122.17771536174142,18.639999389648438,1574182048.9947288,308.25738525390625,37.45143119931554,4.0,2019-11-19T08:47:28.994729-08:00,55.364691158076425,21.811275482177734,1574182049.162667,0.6757436099317339,POINT (-122.17771536174142 37.45143119931554),ios,23.653964113787527,-9.598662617746342,13.089697172255505
703,distance,0,-122.17792542215345,18.90999984741211,1574182049.9947028,308.25738525390625,37.45156326239937,4.0,2019-11-19T08:47:29.994703-08:00,50.93246684608191,21.70693588256836,1574182050.116218,0.6760213804907269,POINT (-122.17792542215345 37.45156326239937),ios,14.055550942486969,3.490694384366089,31.796003099130772
704,distance,0,-122.1780502433145,18.170000076293945,1574182050.994676,308.25738525390625,37.45164173633596,4.0,2019-11-19T08:47:30.994676-08:00,50.67430192202813,21.894649505615234,1574182051.116246,0.6762991508510378,POINT (-122.1780502433145 37.45164173633596),ios,17.546152115256795,35.2858484386143,-59.263981687163465
705,distance,0,-122.1782060631182,16.6200008392334,1574182051.9946496,308.25738525390625,37.4517396988392,4.0,2019-11-19T08:47:31.994650-08:00,54.06740358194585,22.32845687866211,1574182052.130787,0.6765769212775761,POINT (-122.1782060631182 37.4517396988392),ios,52.83106673286606,-23.976564859141227,16.22090664954926
706,distance,0,-122.17798177164251,16.399999618530273,1574182052.994624,306.9140625,37.452180180733514,4.0,2019-11-19T08:47:32.994624-08:00,30.0,21.976924896240234,1574182053.137136,0.6768546919027965,POINT (-122.17798177164251 37.452180180733514),ios,28.855119251245583,-7.756075885067603,8.775685892481365
707,distance,0,-122.17825334530527,16.889999389648438,1574182053.994598,307.265625,37.45232460092516,4.0,2019-11-19T08:47:33.994598-08:00,30.0,21.529598236083984,1574182054.169754,0.6771324624617895,POINT (-122.17825334530527 37.45232460092516),ios,21.0992449281705,1.0193819481785988,-7.080458424598444
708,distance,0,-122.1784223244732,16.049999237060547,1574182054.994571,307.6171875,37.452458795194936,4.0,2019-11-19T08:47:34.994571-08:00,30.0,21.50863265991211,1574182055.182654,0.677410232755873,POINT (-122.1784223244732 37.452458795194936),ios,22.11859941287479,-6.060885719669266,24.336559719314955
709,distance,0,-122.17863019567186,16.329999923706055,1574182055.9945445,306.9140625,37.45256985541196,4.0,2019-11-19T08:47:35.994545-08:00,30.0,21.44894027709961,1574182056.17272,0.6776880031824112,POINT (-122.17863019567186 37.45256985541196),ios,16.057874091287037,18.275029945678966,-22.37511632391095
710,distance,0,-122.17877729807252,16.280000686645508,1574182056.9945192,307.265625,37.4526548060006,4.0,2019-11-19T08:47:36.994519-08:00,30.0,21.567684173583984,1574182057.216774,0.6779657739400864,POINT (-122.17877729807252 37.4526548060006),ios,34.3324421836587,-4.0995209060272195,-5.3164614302016355
711,distance,0,-122.17913564756613,16.1299991607666,1574182057.9944918,307.4714050292969,37.452534809703785,4.0,2019-11-19T08:47:37.994492-08:00,30.0,21.495052337646484,1574182058.1895208,0.6782435441017151,POINT (-122.17913564756613 37.452534809703785),ios,30.233033678855662,-9.415836568763151,8.855390212326936
712,distance,0,-122.17902825225347,15.699999809265137,1574182058.994465,307.265625,37.452792981674385,4.0,2019-11-19T08:47:38.994465-08:00,30.0,21.387691497802734,1574182059.144644,0.678521314462026,POINT (-122.17902825225347 37.452792981674385),ios,20.8174485400546,-0.5606828208660162,-3.8634097572361688
713,distance,0,-122.17920762498134,16.280000686645508,1574182059.9944391,307.96875,37.45291451927037,4.0,2019-11-19T08:47:39.994439-08:00,30.0,21.63485336303711,1574182060.249978,0.6787990850210189,POINT (-122.17920762498134 37.45291451927037),ios,20.256780290003544,-4.423992177257721,25.014587101354262
714,distance,0,-122.17938683007115,17.200000762939453,1574182060.994413,308.3203125,37.453028303605926,4.0,2019-11-19T08:47:40.994413-08:00,30.0,21.889400482177734,1574182061.114857,0.6790768555137846,POINT (-122.17938683007115 37.453028303605926),ios,15.832904136557998,20.589938890442056,-42.382687130768446
715,distance,0,-122.17953108262473,16.8700008392334,1574182061.9943862,307.96875,37.45311291891844,4.0,2019-11-19T08:47:41.994386-08:00,30.0,21.67055892944336,1574182062.102974,0.6793546258740955,POINT (-122.17953108262473 37.45311291891844),ios,36.42229321631496,-21.79161650048144,19.91825355907527
716,distance,0,-122.17993425992783,17.43000030517578,1574182062.99436,308.62225341796875,37.4530433099518,4.0,2019-11-19T08:47:42.994360-08:00,30.0,21.860469818115234,1574182063.114491,0.6796323963668611,POINT (-122.17993425992783 37.4530433099518),ios,14.631248223720187,-1.873885318394456,-2.6471091073053308
717,distance,0,-122.18006354038486,17.219999313354492,1574182063.9943333,308.62225341796875,37.45312565119007,4.0,2019-11-19T08:47:43.994333-08:00,30.0,22.01754379272461,1574182064.133348,0.679910166727172,POINT (-122.18006354038486 37.45312565119007),ios,12.757412943462132,-4.520923740260673,8.399569470132127
718,distance,0,-122.18017626391814,16.809999465942383,1574182064.994307,308.62225341796875,37.4531974470015,4.0,2019-11-19T08:47:44.994307-08:00,30.0,21.980953216552734,1574182065.1534781,0.6801879372199376,POINT (-122.18017626391814 37.4531974470015),ios,8.23660776914504,3.878425442395458,1.6077740829600606
719,distance,0,-122.18024904199471,15.460000038146973,1574182065.9942808,308.62225341796875,37.4532438007744,4.0,2019-11-19T08:47:45.994281-08:00,30.0,22.07534408569336,1574182066.1236749,0.6804657077127033,POINT (-122.18024904199471 37.4532438007744),ios,12.114931495785354,5.486157359802157,-2.335954183335714
720,distance,0,-122.1803560886609,15.25,1574182066.994254,308.62225341796875,37.45331198087873,4.0,2019-11-19T08:47:46.994254-08:00,30.0,22.16030502319336,1574182067.108057,0.6807434780730142,POINT (-122.1803560886609 37.45331198087873),ios,17.600942359381158,3.150265553172694,-13.699686833526869
721,distance,0,-122.18051160950573,15.699999809265137,1574182067.994228,308.62225341796875,37.453411035130515,4.0,2019-11-19T08:47:47.994228-08:00,30.0,22.21975326538086,1574182068.142288,0.6810212485657798,POINT (-122.18051160950573 37.453411035130515),ios,20.751125293551784,-10.549061991768586,1.4513148570314145
722,distance,0,-122.18074219545908,15.300000190734863,1574182068.994202,325.0853271484375,37.453447333992756,4.0,2019-11-19T08:47:48.994202-08:00,30.0,21.95260238647461,1574182069.14181,0.6812990191247729,POINT (-122.18074219545908 37.453447333992756),ios,10.20233744685163,-9.09778485096361,40.29278849367987
723,distance,0,-122.18080815725828,15.25,1574182069.9941752,325.0853271484375,37.453522673236336,4.0,2019-11-19T08:47:49.994175-08:00,30.0,21.81972885131836,1574182070.150835,0.6815767894850837,POINT (-122.18080815725828 37.453522673236336),ios,1.1047955329529788,31.19392770918563,-42.3391073570701
724,distance,0,-122.18080824411966,13.989999771118164,1574182071.994123,325.0853271484375,37.453542543927774,4.0,2019-11-19T08:47:51.994123-08:00,30.0,22.545406341552734,1574182072.173037,0.6821323305368423,POINT (-122.18080824411966 37.453542543927774),ios,63.49102220191353,-53.482076324824746,60.18799318273093
725,distance,0,-122.18103680771047,15.770000457763672,1574182072.9940963,309.375,37.45408392049135,4.0,2019-11-19T08:47:52.994096-08:00,30.0,22.76656723022461,1574182073.167845,0.6824101008971533,POINT (-122.18103680771047 37.45408392049135),ios,10.010374002600997,6.704309665095061,-7.54136424368162
726,distance,0,-122.18112406332249,14.710000038146973,1574182073.99407,310.078125,37.454141420347106,4.0,2019-11-19T08:47:53.994070-08:00,30.0,22.57284164428711,1574182074.097969,0.6826878713899188,POINT (-122.18112406332249 37.454141420347106),ios,16.714507840177795,-0.8368567984383373,-3.4435564873180966
727,distance,0,-122.18126362201029,14.4399995803833,1574182074.9940438,309.7265625,37.454243009013545,4.0,2019-11-19T08:47:54.994044-08:00,30.0,22.58041000366211,1574182075.137148,0.6829656418826845,POINT (-122.18126362201029 37.454243009013545),ios,15.877672989182425,-4.28032297489351,2.321338773979019
728,distance,0,-122.18140904803032,13.760000228881836,1574182075.9940178,309.7265625,37.45432703759284,4.0,2019-11-19T08:47:55.994018-08:00,30.0,22.535396575927734,1574182076.28072,0.6832434124416775,POINT (-122.18140904803032 37.45432703759284),ios,11.597461249717789,-1.9590445269963306,-0.3061767590036722
729,distance,0,-122.18151331890577,13.170000076293945,1574182076.9939914,310.78125,37.45439048859985,4.0,2019-11-19T08:47:56.993991-08:00,30.0,22.677852630615234,1574182077.160275,0.6835211828682157,POINT (-122.18151331890577 37.45439048859985),ios,9.638468567781448,-2.265213183196713,-1.492332911255673
730,distance,0,-122.18159143824333,12.779999732971191,1574182077.9939647,310.078125,37.45445104785026,4.0,2019-11-19T08:47:57.993965-08:00,30.0,22.51418685913086,1574182078.123925,0.6837989532285267,POINT (-122.18159143824333 37.45445104785026),ios,7.373315872302487,-3.7575062448644543,10.461489234697241
731,distance,0,-122.18165807437354,12.0,1574182078.9939377,310.78125,37.45449102952839,4.0,2019-11-19T08:47:58.993938-08:00,30.0,22.34237289428711,1574182079.112359,0.6840767235226102,POINT (-122.18165807437354 37.45449102952839),ios,3.6159108595389173,6.703701143718744,-3.3198322624690744
732,distance,0,-122.181688333044,10.979999542236328,1574182079.9939122,310.78125,37.454512948205185,4.0,2019-11-19T08:47:59.993912-08:00,30.0,22.630367279052734,1574182080.149178,0.6843544942140579,POINT (-122.181688333044 37.454512948205185),ios,10.319440986559211,3.3839535727865933,-10.9568492989732
733,distance,0,-122.18160132888907,8.800000190734863,1574182080.9938855,310.4296875,37.45445096403123,4.0,2019-11-19T08:48:00.993886-08:00,30.0,22.83614730834961,1574182081.134921,0.6846322645743688,POINT (-122.18160132888907 37.45445096403123),ios,13.703304198036717,-7.572603146745182,4.0216492536878965
734,distance,0,-122.18158027666276,7.670000076293945,1574182081.9938593,308.03887939453125,37.454573059135484,4.0,2019-11-19T08:48:01.993859-08:00,30.0,22.879817962646484,1574182082.1095638,0.6849100350671344,POINT (-122.18158027666276 37.454573059135484),ios,6.130899650712593,-3.5510593650063633,1.66962121361081
735,distance,0,-122.18163488964488,7.78000020980835,1574182082.9938335,308.03887939453125,37.45460712278111,4.0,2019-11-19T08:48:02.993834-08:00,30.0,22.854244232177734,1574182083.1194959,0.6851878056923548,POINT (-122.18163488964488 37.45460712278111),ios,2.5799317226672653,-1.881481142817031,4.425261756266247
736,distance,0,-122.18165787120826,7.389999866485596,1574182083.9938068,308.03887939453125,37.45462145702547,4.0,2019-11-19T08:48:03.993807-08:00,30.0,23.185726165771484,1574182084.102151,0.6854655760526657,POINT (-122.18165787120826 37.45462145702547),ios,0.6985008208170301,2.5436624462117665,1.5965048661352443
737,distance,0,-122.18166409333166,5.75,1574182084.9937809,308.03887939453125,37.45462533793801,4.0,2019-11-19T08:48:04.993781-08:00,10.0,23.59560775756836,1574182085.135581,0.6857433466116587,POINT (-122.18166409333166 37.45462533793801),ios,3.242097163282707,4.140125822977044,0.3950922811303964
738,distance,0,-122.18169297334246,6.559999942779541,1574182085.993754,308.03887939453125,37.45464335120913,4.0,2019-11-19T08:48:05.993754-08:00,10.0,23.35616683959961,1574182086.180314,0.6860211169057422,POINT (-122.18169297334246 37.45464335120913),ios,7.382111445890241,4.535207459807989,-12.030847869579095
739,distance,0,-122.18175873187788,5.96999979019165,1574182086.9937272,308.03887939453125,37.45468436664832,4.0,2019-11-19T08:48:06.993727-08:00,16.55087711342593,23.28817367553711,1574182087.12708,0.6862988872660531,POINT (-122.18175873187788 37.45468436664832),ios,11.917197802593758,-7.495319151473807,6.041279412491282
740,distance,0,-122.18186512826695,5.53000020980835,1574182087.9937015,307.8724365234375,37.45475033621966,4.0,2019-11-19T08:48:07.993701-08:00,17.654041419689023,23.09872055053711,1574182088.1302152,0.6865766578912735,POINT (-122.18186512826695 37.45475033621966),ios,4.422071649640888,-1.4541952971339012,-1.1063247969118055
741,distance,0,-122.18190460916138,4.889999866485596,1574182088.9936748,307.8724365234375,37.45477481449115,4.0,2019-11-19T08:48:08.993675-08:00,17.64251777933068,23.28042221069336,1574182089.112654,0.6868544282515844,POINT (-122.18190460916138 37.45477481449115),ios,2.967915183710752,-2.560490551986463,4.560231994273016
742,distance,0,-122.18193110714766,4.329999923706055,1574182089.9936483,307.8724365234375,37.454791243321125,4.0,2019-11-19T08:48:09.993648-08:00,17.111720981767842,23.119014739990234,1574182090.130928,0.6871321986781226,POINT (-122.18193110714766 37.454791243321125),ios,0.40749239372992085,1.999620758198951,-1.9881766912351886
743,distance,0,-122.18193838345577,3.4800000190734863,1574182091.993596,307.8724365234375,37.4547957546537,4.0,2019-11-19T08:48:11.993596-08:00,10.0,22.848995208740234,1574182092.140112,0.6876877397298813,POINT (-122.18193838345577 37.4547957546537),ios,4.406629502591782,-1.9766288142721082,2.036397549539002
744,distance,0,-122.18197757925269,3.809999942779541,1574182092.9935691,308.18603515625,37.454820296362335,4.0,2019-11-19T08:48:12.993569-08:00,19.27814316282386,22.962703704833984,1574182093.147691,0.6879655100239648,POINT (-122.18197757925269 37.454820296362335),ios,2.430053941268438,0.0597138720707357,-0.5828223522912555
745,distance,0,-122.18199918198842,2.9200000762939453,1574182093.9935431,308.18603515625,37.454833842043456,4.0,2019-11-19T08:48:13.993543-08:00,18.866928964546734,23.01595687866211,1574182094.110179,0.6882432805829578,POINT (-122.18199918198842 37.454833842043456),ios,2.4897662615174516,-0.5230933340517155,-0.015824764353949403
746,distance,0,-122.18202131554771,2.680000066757202,1574182094.9935167,308.18603515625,37.45484772056977,4.0,2019-11-19T08:48:14.993517-08:00,18.733369610082608,23.08303451538086,1574182095.103977,0.688521051009496,POINT (-122.18202131554771 37.45484772056977),ios,1.9666867708495441,-0.5389176796117856,-0.2531433748776651
747,distance,0,-122.18203879903352,1.8600000143051147,1574182095.9934905,308.18603515625,37.454858683335154,4.0,2019-11-19T08:48:15.993490-08:00,30.0,22.954952239990234,1574182096.101752,0.6887988215022617,POINT (-122.18203879903352 37.454858683335154),ios,1.4277832249163753,-0.7920544155402385,1.8574889543260242
748,distance,0,-122.18205149175724,1.909999966621399,1574182096.9934635,308.18603515625,37.454866642122894,4.0,2019-11-19T08:48:16.993464-08:00,30.0,22.72787094116211,1574182097.107199,0.6890765917963452,POINT (-122.18205149175724 37.454866642122894),ios,0.6357501483513175,1.0653844956196636,-0.6516313663207975
749,distance,0,-122.18203453664971,0.7099999785423279,1574182099.9933846,308.18603515625,37.454856010669424,4.0,2019-11-19T08:48:19.993385-08:00,30.0,22.50967025756836,1574182100.103531,0.6899099032084147,POINT (-122.18203453664971 37.454856010669424),ios,3.831819558741829,-0.889458178843634,0.09974665626128607
750,distance,0,-122.18193229625864,0.0,1574182102.9933047,307.8724365234375,37.45479198057345,4.0,2019-11-19T08:48:22.993305-08:00,30.0,22.280879974365234,1574182103.10835,0.6907432143555747,POINT (-122.18193229625864 37.45479198057345),ios,1.163516063434909,-0.5902261768475545,0.6275190465891632
751,distance,0,-122.18194268431579,0.0,1574182103.9932795,307.8724365234375,37.454798421199655,4.0,2019-11-19T08:48:23.993279-08:00,30.0,22.35604476928711,1574182104.112805,0.6910209851132498,POINT (-122.18194268431579 37.454798421199655),ios,0.5733048030013165,0.037277010848467344,0.11916817908958892
752,distance,0,-122.18192732866267,0.8299999833106995,1574182106.9932003,307.8724365234375,37.454788900649234,4.0,2019-11-19T08:48:26.993200-08:00,30.0,22.083003997802734,1574182107.117837,0.691854296459092,POINT (-122.18192732866267 37.454788900649234),ios,0.6851328848861079,0.39477211536380047,1.7605319646052526
753,distance,0,-122.18191509472966,0.0,1574182108.993147,307.8724365234375,37.45478131557453,4.0,2019-11-19T08:48:28.993147-08:00,50.0,21.812129974365234,1574182109.103642,0.6924098371797138,POINT (-122.18191509472966 37.45478131557453),ios,1.4746560325081826,3.915742022023706,-4.678404617072063
754,distance,0,-122.18190192876715,0.0,1574182109.9931216,307.8724365234375,37.45477315263879,4.0,2019-11-19T08:48:29.993122-08:00,50.0,21.767696380615234,1574182110.115202,0.6926876079373889,POINT (-122.18190192876715 37.45477315263879),ios,5.390299094453092,-0.7625443606787436,1.3681880448026893
755,distance,0,-122.18185380344586,0.0,1574182110.993094,307.8724365234375,37.45474331479706,4.0,2019-11-19T08:48:30.993094-08:00,50.0,21.730525970458984,1574182111.112663,0.6929653780327902,POINT (-122.18185380344586 37.45474331479706),ios,4.627775823124534,0.6056058447557938,-4.347847215328906
756,distance,0,-122.18181248594674,0.0,1574182111.9930687,307.8724365234375,37.454717697825245,4.0,2019-11-19T08:48:31.993069-08:00,30.0,21.96554183959961,1574182112.0955591,0.6932431487904654,POINT (-122.18181248594674 37.454717697825245),ios,5.233366362785717,-3.7421314901722575,4.53157542988505
757,distance,0,-122.18185921023034,0.0,1574182112.993043,307.8724365234375,37.45474666701944,4.0,2019-11-19T08:48:32.993043-08:00,30.0,21.952754974365234,1574182113.107407,0.6935209194156858,POINT (-122.18185921023034 37.45474666701944),ios,1.491331229530111,0.789327255241084,-1.0797249836019633
758,distance,0,-122.18183258060076,0.0,1574182114.992989,307.8724365234375,37.45473015657025,4.0,2019-11-19T08:48:34.992989-08:00,30.0,21.71438217163086,1574182115.091258,0.6940764600038528,POINT (-122.18183258060076 37.45473015657025),ios,3.0699432090084025,-1.370064533574654,1.8130660049921548
759,distance,0,-122.18180517169405,0.0,1574182115.992963,307.8724365234375,37.45471316296692,4.0,2019-11-19T08:48:35.992963-08:00,30.0,21.44118881225586,1574182116.123314,0.6943542305628458,POINT (-122.18180517169405 37.45471316296692),ios,1.69991428015724,0.4429543541378416,0.23849367405727448
760,distance,0,-122.18182034878676,0.0,1574182116.9929376,307.8724365234375,37.45472257280933,4.0,2019-11-19T08:48:36.992938-08:00,30.0,21.456661224365234,1574182117.102299,0.6946320012542937,POINT (-122.18182034878676 37.45472257280933),ios,2.1428573341804755,0.6814419440335665,-0.03271096036357362
761,distance,0,-122.18180121707705,0.0,1574182117.9929097,307.8724365234375,37.45471071109266,4.0,2019-11-19T08:48:37.992910-08:00,30.0,21.459712982177734,1574182118.117718,0.6949097712834676,POINT (-122.18180121707705 37.45471071109266),ios,2.8242802694088978,0.6487318961413737,-1.5170439393000823
762,distance,0,-122.18170048963866,0.27000001072883606,1574182121.9928045,308.03887939453125,37.45464803933346,4.0,2019-11-19T08:48:41.992805-08:00,30.0,21.47048568725586,1574182122.125455,0.6960208531883028,POINT (-122.18170048963866 37.45464803933346),ios,5.419139644620421,-5.4192843551248995,20.63434197421236
763,distance,0,-122.18174876237019,0.0,1574182122.9927778,308.03887939453125,37.45467814838733,4.0,2019-11-19T08:48:42.992778-08:00,30.0,21.62160873413086,1574182123.105109,0.6962986235486136,POINT (-122.18174876237019 37.45467814838733),ios,0.0,15.214506622712113,-15.36847604454918
764,distance,0,-122.18174876237019,0.0,1574182123.9927518,308.03887939453125,37.45467814838733,4.0,2019-11-19T08:48:43.992752-08:00,10.0,21.31911849975586,1574182124.099292,0.6965763941076066,POINT (-122.18174876237019 37.45467814838733),ios,15.214111233817585,-0.1535700316429227,-14.379594088779053
765,distance,0,-122.18188457143354,0.7300000190734863,1574182124.9927263,307.8724365234375,37.45476239104054,4.0,2019-11-19T08:48:44.992726-08:00,10.0,21.395992279052734,1574182125.1031399,0.6968541647990545,POINT (-122.18188457143354 37.45476239104054),ios,15.060545119867177,-14.53279728564617,14.56098386340786
766,distance,0,-122.18175013047649,0.0,1574182125.9926996,308.03887939453125,37.45467900171351,4.0,2019-11-19T08:48:45.992700-08:00,10.0,21.56185531616211,1574182126.114667,0.6971319351593653,POINT (-122.18175013047649 37.45467900171351),ios,0.5281359017754775,0.02779775754438885,0.26844881291577755
767,distance,0,-122.18175953956369,0.0,1574182127.9926472,308.03887939453125,37.454684870424565,4.0,2019-11-19T08:48:47.992647-08:00,10.0,21.568904876708984,1574182128.10679,0.6976874761448966,POINT (-122.18175953956369 37.454684870424565),ios,0.5837299588138469,0.5646813026753458,-0.5225676661690486
768,distance,0,-122.18186377176356,0.15000000596046448,1574182147.9921186,307.8724365234375,37.45474949518354,4.0,2019-11-19T08:49:07.992119-08:00,10.0,21.18703842163086,1574182148.122761,0.7032428848743438,POINT (-122.18186377176356 37.45474949518354),ios,11.877057536471602,-9.886395805029343,9.76359532895462
769,distance,0,-122.1817577360457,0.6899999976158142,1574182148.9920926,308.03887939453125,37.45468374551991,4.0,2019-11-19T08:49:08.992093-08:00,10.0,21.15597152709961,1574182149.114176,0.7035206554333369,POINT (-122.1817577360457 37.45468374551991),ios,1.990918655390249,-0.12305420872997572,-0.0552629393076876
770,distance,0,-122.18188215810905,0.0,1574182155.991908,307.8724365234375,37.454760894772214,4.0,2019-11-19T08:49:15.991908-08:00,10.0,21.07833480834961,1574182156.1296592,0.7054650486177868,POINT (-122.18188215810905 37.454760894772214),ios,1.1295619022094476,-0.5098845858831137,0.2678523610504291
771,distance,0,-122.18186198831471,0.0,1574182157.9918559,307.8724365234375,37.454748389439985,4.0,2019-11-19T08:49:17.991856-08:00,10.0,21.04763412475586,1574182158.095968,0.7060205896695455,POINT (-122.18186198831471 37.454748389439985),ios,0.10981935338812554,0.025806150663271105,0.04171669392268329
772,distance,0,-122.18187375411425,0.0,1574182169.9915395,307.8724365234375,37.45475568427055,4.0,2019-11-19T08:49:29.991539-08:00,10.0,21.020931243896484,1574182170.097431,0.7093538351191415,POINT (-122.18187375411425 37.45475568427055),ios,0.41948499675989775,0.5263932793471717,0.5242865787278048
773,distance,0,-122.18188498978633,0.0,1574182172.9914606,307.8724365234375,37.45476265042052,4.0,2019-11-19T08:49:32.991461-08:00,10.0,20.84585189819336,1574182173.108121,0.710187146531211,POINT (-122.18188498978633 37.45476265042052),ios,1.9986232936600308,2.099211640642748,-0.9038866977700495
774,distance,0,-122.18193852180313,0.0,1574182175.9913814,307.8724365234375,37.45479584042948,4.0,2019-11-19T08:49:35.991381-08:00,10.0,21.18966293334961,1574182176.093296,0.7110204578770531,POINT (-122.18193852180313 37.45479584042948),ios,8.296092052557485,-0.6123769055445264,4.357701682915829
775,distance,0,-122.18208604435746,5.389999866485596,1574182177.9913285,308.18603515625,37.45488830782813,4.0,2019-11-19T08:49:37.991328-08:00,10.0,21.568904876708984,1574182178.1383,0.7115759987301297,POINT (-122.18208604435746 37.45488830782813),ios,7.071370653919469,8.1027958118235,-18.0224688302456
776,distance,0,-122.18214890756302,5.46999979019165,1574182178.991302,308.18603515625,37.45492772528653,4.0,2019-11-19T08:49:38.991302-08:00,10.0,21.585628509521484,1574182179.101461,0.7118537691566679,POINT (-122.18214890756302 37.45492772528653),ios,15.173952029608841,-9.919196063475546,9.444122894875754
777,distance,0,-122.18228380122325,6.579999923706055,1574182179.9912748,308.18603515625,37.45501230839348,4.0,2019-11-19T08:49:39.991275-08:00,10.0,21.467281341552734,1574182180.131474,0.712131539384524,POINT (-122.18228380122325 37.45501230839348),ios,5.255025567085262,-0.47532985719699855,7.527454544947054
778,distance,0,-122.18232878590679,5.539999961853027,1574182180.991249,311.064697265625,37.45504326210392,4.0,2019-11-19T08:49:40.991249-08:00,10.0,21.45119857788086,1574182181.119269,0.7124093100097444,POINT (-122.18232878590679 37.45504326210392),ios,4.779707949254933,7.051930861768235,-17.018245376081694
779,distance,0,-122.18236765848307,5.25,1574182181.991223,315.3675842285156,37.45507318498094,4.0,2019-11-19T08:49:41.991223-08:00,10.0,21.238948822021484,1574182182.105298,0.7126870805687374,POINT (-122.18236765848307 37.45507318498094),ios,11.831455548087545,-9.965872250532392,12.949867315269382
780,distance,0,-122.18246420170975,5.5,1574182182.9911962,311.8658447265625,37.455146991690135,4.0,2019-11-19T08:49:42.991196-08:00,10.0,21.461544036865234,1574182183.100961,0.7129648508628209,POINT (-122.18246420170975 37.455146991690135),ios,1.8658517911036214,2.98364617848396,-0.5538918587287519
781,distance,0,-122.18251353814644,8.350000381469727,1574182185.9911175,308.0758361816406,37.45517861620642,4.0,2019-11-19T08:49:45.991117-08:00,10.0,21.67507553100586,1574182186.099288,0.7137981623411178,POINT (-122.18251353814644 37.45517861620642),ios,10.816555578850304,1.3220141814739825,-1.871991685688409
782,distance,0,-122.18260984168096,8.65999984741211,1574182186.9910913,308.0758361816406,37.4552387632856,4.0,2019-11-19T08:49:46.991091-08:00,10.0,21.80837631225586,1574182187.112638,0.7140759328338835,POINT (-122.18260984168096 37.4552387632856),ios,12.13853508912259,-0.5499284092786695,-2.0854162894410746
783,distance,0,-122.18271788176826,8.6899995803833,1574182187.991065,308.1150207519531,37.45530629529793,4.0,2019-11-19T08:49:47.991065-08:00,10.0,22.00844955444336,1574182188.1355472,0.7143537033266492,POINT (-122.18271788176826 37.45530629529793),ios,11.588621102290414,-2.6352900065010023,10.228128690433262
784,distance,0,-122.18284545477682,8.289999961853027,1574182188.9910388,310.78125,37.45528169445456,4.0,2019-11-19T08:49:48.991039-08:00,10.0,22.65731430053711,1574182189.1447248,0.7146314738194147,POINT (-122.18284545477682 37.45528169445456),ios,8.953400209020288,7.592570440582245,-7.979352139197252
785,distance,0,-122.18291955080086,8.239999771118164,1574182189.991013,311.1328125,37.45533667973937,4.0,2019-11-19T08:49:49.991013-08:00,10.0,22.66939926147461,1574182190.146782,0.7149092444446352,POINT (-122.18291955080086 37.45533667973937),ios,16.545775146938066,-0.38657623662869617,-5.993593002682544
786,distance,0,-122.18307210143858,10.619999885559082,1574182190.9909856,310.78125,37.45542313907058,4.0,2019-11-19T08:49:50.990986-08:00,10.0,22.616451263427734,1574182191.15416,0.7151870146062639,POINT (-122.18307210143858 37.45542313907058),ios,16.15920950950943,-6.380004906159587,11.51475608377584
787,distance,0,-122.18321559962088,11.479999542236328,1574182191.9909596,311.1328125,37.455513370258224,4.0,2019-11-19T08:49:51.990960-08:00,10.0,22.342525482177734,1574182192.185827,0.7154647851652569,POINT (-122.18321559962088 37.455513370258224),ios,9.779370404525622,5.134451936451775,-9.7895328606867
788,distance,0,-122.18329522770101,10.130000114440918,1574182192.990933,311.484375,37.45557451624186,4.0,2019-11-19T08:49:52.990933-08:00,10.0,22.36312484741211,1574182193.190321,0.7157425555255678,POINT (-122.18329522770101 37.45557451624186),ios,14.91368523631906,-4.654819515505278,10.59614840751412
789,distance,0,-122.18335844843664,9.4399995803833,1574182193.9909067,305.8473205566406,37.45569889113624,4.0,2019-11-19T08:49:53.990907-08:00,10.0,22.011104583740234,1574182194.159731,0.7160203260183334,POINT (-122.18335844843664 37.45569889113624),ios,10.258987798313816,5.941050996957641,-6.1182037802307825
790,distance,0,-122.18345251657693,9.619999885559082,1574182194.9908805,305.8473205566406,37.45575307201907,4.0,2019-11-19T08:49:54.990880-08:00,10.0,22.128902435302734,1574182195.111209,0.7162980965110991,POINT (-122.18345251657693 37.45575307201907),ios,16.19988298500838,-0.17699232699342865,-0.7665681843310885
791,distance,0,-122.18360105875034,10.510000228881836,1574182195.9908533,305.8473205566406,37.4558386285749,4.0,2019-11-19T08:49:55.990853-08:00,10.0,22.113277435302734,1574182196.1291862,0.7165758667389551,POINT (-122.18360105875034 37.4558386285749),ios,16.02289546861649,-0.9435396762174258,-7.041360772398522
792,distance,0,-122.18374797845546,10.779999732971191,1574182196.990828,305.8473205566406,37.45592325062979,4.0,2019-11-19T08:49:56.990828-08:00,10.0,22.16683578491211,1574182197.109171,0.7168536374966303,POINT (-122.18374797845546 37.45592325062979),ios,15.07937963788229,-7.984722496745536,1.9749594302908993
793,distance,0,-122.18388624662545,10.9399995803833,1574182197.9908013,305.8473205566406,37.45600288961803,4.0,2019-11-19T08:49:57.990801-08:00,30.0,21.942867279052734,1574182198.125125,0.7171314078569412,POINT (-122.18388624662545 37.45600288961803),ios,7.09487035623028,-6.009815803561006,33.44340606408938
794,distance,0,-122.18395130206771,11.520000457763672,1574182198.990775,305.8473205566406,37.45604035991652,4.0,2019-11-19T08:49:58.990775-08:00,30.0,22.09511947631836,1574182199.152995,0.7174091783497069,POINT (-122.18395130206771 37.45604035991652),ios,1.0852121663611751,27.432713172299422,-33.18174815708477
795,distance,0,-122.18397292204666,13.279999732971191,1574182200.9907222,305.8473205566406,37.45604965657231,4.0,2019-11-19T08:50:00.990722-08:00,30.0,21.93001937866211,1574182201.1575131,0.7179647192027834,POINT (-122.18397292204666 37.45604965657231),ios,55.94918652695403,-38.92902686762511,35.94537205284443
796,distance,0,-122.1845199075734,13.350000381469727,1574182201.9906948,306.9140625,37.45630386754633,4.0,2019-11-19T08:50:01.990695-08:00,30.0,21.800899505615234,1574182202.15587,0.7182424893644122,POINT (-122.1845199075734 37.45630386754633),ios,17.021227020705144,-2.9846403699016446,8.004467286064768
797,distance,0,-122.18466466304118,14.4399995803833,1574182202.9906697,306.2109375,37.456404995208096,4.0,2019-11-19T08:50:02.990670-08:00,30.0,21.650020599365234,1574182203.100165,0.7185202601883146,POINT (-122.18466466304118 37.456404995208096),ios,14.036661368143692,5.0196265327228575,-9.813167923295444
798,distance,0,-122.18478779319877,14.0600004196167,1574182203.9906435,306.5625,37.45648487474532,4.0,2019-11-19T08:50:03.990644-08:00,30.0,21.495357513427734,1574182204.1255689,0.7187980306810803,POINT (-122.18478779319877 37.45648487474532),ios,19.05615625592174,-4.793284030001783,4.190144915641361
799,distance,0,-122.18495467689091,14.729999542236328,1574182204.9906156,306.2109375,37.456593588029456,4.0,2019-11-19T08:50:04.990616-08:00,30.0,21.543270111083984,1574182205.188421,0.7190758007102542,POINT (-122.18495467689091 37.456593588029456),ios,14.263005934452172,-0.6032559983428731,0.959699091937426
800,distance,0,-122.18507789086753,14.369999885559082,1574182205.9905896,315.703125,37.456676568870854,4.0,2019-11-19T08:50:05.990590-08:00,30.0,21.53676986694336,1574182206.175453,0.7193535712692473,POINT (-122.18507789086753 37.456676568870854),ios,13.659765613300037,0.3564181532943215,-0.46065157552447183
801,distance,0,-122.18518660415167,14.100000381469727,1574182206.9905639,313.2421875,37.45676399212093,4.0,2019-11-19T08:50:06.990564-08:00,30.0,21.48006820678711,1574182207.111747,0.7196313418944676,POINT (-122.18518660415167 37.45676399212093),ios,14.016174589109713,-0.10422156081758778,-2.4281857576215184
802,distance,0,-122.18529934074932,14.0600004196167,1574182207.990537,315.3515625,37.45685275647552,4.0,2019-11-19T08:50:07.990537-08:00,30.0,21.527828216552734,1574182208.152357,0.7199091121885511,POINT (-122.18529934074932 37.45685275647552),ios,13.911955836156404,-2.5323418999595178,4.260456807450053
803,distance,0,-122.18540998187119,14.010000228881836,1574182208.9905117,315.0,37.45694185610623,4.0,2019-11-19T08:50:08.990512-08:00,30.0,21.62728500366211,1574182209.1332111,0.7201868829462263,POINT (-122.18540998187119 37.45694185610623),ios,11.37967793447679,1.7280072356523493,0.3148836088163831
804,distance,0,-122.18550159607285,13.329999923706055,1574182209.9904852,314.6484375,37.45701385665448,4.0,2019-11-19T08:50:09.990485-08:00,30.0,21.70119857788086,1574182210.1314878,0.7204646533727646,POINT (-122.18550159607285 37.45701385665448),ios,13.107639439346832,2.042882511243344,-3.7329669191435535
805,distance,0,-122.18560737569088,13.270000457763672,1574182210.9904587,315.0,37.45709658603878,4.0,2019-11-19T08:50:10.990459-08:00,30.0,21.691402435302734,1574182211.122932,0.7207424237993029,POINT (-122.18560737569088 37.45709658603878),ios,15.150467886803014,-1.689985616937984,1.1982835629340742
806,distance,0,-122.18573251750523,13.649999618530273,1574182211.9904325,313.59375,37.45718983471156,4.0,2019-11-19T08:50:11.990433-08:00,50.0,21.70730209350586,1574182212.132165,0.7210201942920684,POINT (-122.18573251750523 37.45718983471156),ios,13.460526591501674,-0.49173348024099794,0.4242874651175487
807,distance,0,-122.18584248807484,13.609999656677246,1574182212.990406,313.9453125,37.457273695652795,4.0,2019-11-19T08:50:12.990406-08:00,50.0,21.69369125366211,1574182213.1426768,0.7212979647186067,POINT (-122.18584248807484 37.457273695652795),ios,12.968806124722816,-0.06745724366306581,-0.1483803120695721
808,distance,0,-122.18595027934963,13.479999542236328,1574182213.99038,312.1875,37.45735294654728,4.0,2019-11-19T08:50:13.990380-08:00,50.0,21.68416976928711,1574182214.133905,0.7215757352775998,POINT (-122.18595027934963 37.45735294654728),ios,12.90135063411331,-0.21583369968071237,16.659517893972026
809,distance,0,-122.1860567295199,13.619999885559082,1574182214.9903536,312.1875,37.457432448898864,4.0,2019-11-19T08:50:14.990354-08:00,50.0,21.681392669677734,1574182215.147838,0.721853505704138,POINT (-122.1860567295199 37.457432448898864),ios,12.685522646355402,16.443243309108404,-24.219379764182435
810,distance,0,-122.18616326350921,13.4399995803833,1574182215.9903266,308.671875,37.457509017584336,4.0,2019-11-19T08:50:15.990327-08:00,100.0,21.67617416381836,1574182216.145506,0.7221312759982215,POINT (-122.18616326350921 37.457509017584336),ios,29.128322953122076,-7.775483953511591,-5.877456053300447
811,distance,0,-122.18642293486947,14.789999961853027,1574182216.9902995,306.5625,37.457670662587,4.0,2019-11-19T08:50:16.990299-08:00,50.0,21.65554428100586,1574182217.1673079,0.7224090462260776,POINT (-122.18642293486947 37.457670662587),ios,21.353050335071792,-13.652780259213849,27.14570544216812
812,distance,0,-122.18664161872321,15.220000267028809,1574182217.990274,305.15625,37.457752763328564,4.0,2019-11-19T08:50:17.990274-08:00,50.0,21.35683822631836,1574182218.155519,0.7226868169175253,POINT (-122.18664161872321 37.457752763328564),ios,7.700618369040252,13.492232674618604,-6.019536893132001
813,distance,0,-122.18672300700301,16.510000228881836,1574182218.9902475,306.5625,37.4577776994905,4.0,2019-11-19T08:50:18.990247-08:00,30.0,20.86709213256836,1574182219.11957,0.7229645873440637,POINT (-122.18672300700301 37.4577776994905),ios,21.192493978976163,7.472855085293657,8.354888822181435
814,distance,0,-122.18690975580567,17.829999923706055,1574182219.9902213,307.265625,37.45789747688682,4.0,2019-11-19T08:50:19.990221-08:00,30.0,20.56734848022461,1574182220.136475,0.7232423578368293,POINT (-122.18690975580567 37.45789747688682),ios,28.66515308084578,15.827524791795721,-41.16986893799677
815,distance,0,-122.18718619097227,19.479999542236328,1574182220.9901943,306.5625,37.45803276080401,4.0,2019-11-19T08:50:20.990194-08:00,30.0,20.629329681396484,1574182221.125591,0.7235201281309128,POINT (-122.18718619097227 37.45803276080401),ios,44.492251458556716,-25.341234976434148,24.758874227868088
816,distance,0,-122.1875974909609,20.040000915527344,1574182221.9901674,305.859375,37.458264059422035,4.0,2019-11-19T08:50:21.990167-08:00,30.0,20.821529388427734,1574182222.1693401,0.7237978984249963,POINT (-122.1875974909609 37.458264059422035),ios,19.15169920792221,-0.5830277848103933,2.1175114529919363
817,distance,0,-122.18777066108042,19.209999084472656,1574182222.990142,305.859375,37.4583678273833,4.0,2019-11-19T08:50:22.990142-08:00,30.0,20.355953216552734,1574182223.1939878,0.7240756691826714,POINT (-122.18777066108042 37.4583678273833),ios,18.568686157605356,1.5344301536499265,-1.2680283423907541
818,distance,0,-122.18794165190512,18.389999389648438,1574182223.9901156,305.859375,37.458465099369604,4.0,2019-11-19T08:50:23.990116-08:00,30.0,19.95028305053711,1574182224.1498299,0.7243534396092097,POINT (-122.18794165190512 37.458465099369604),ios,20.10307570338636,0.26643536894741005,-2.9688804638130795
819,distance,0,-122.18812814925069,19.690000534057617,1574182224.9900892,306.2109375,37.45856886733087,4.0,2019-11-19T08:50:24.990089-08:00,30.0,19.701412200927734,1574182225.152421,0.7246312100357479,POINT (-122.18812814925069 37.45856886733087),ios,20.369504021264998,-2.7023665250406204,8.068615207119981
820,distance,0,-122.18831850227171,20.299999237060547,1574182225.9900625,306.2109375,37.45867242574455,4.0,2019-11-19T08:50:25.990062-08:00,30.0,19.58535385131836,1574182226.126721,0.7249089803960588,POINT (-122.18831850227171 37.45867242574455),ios,17.667209657195734,5.366033226808786,-7.897202565522539
821,distance,0,-122.18847884807938,20.290000915527344,1574182226.990036,305.859375,37.458767518436034,4.0,2019-11-19T08:50:26.990036-08:00,30.0,19.54848861694336,1574182227.121012,0.7251867508225971,POINT (-122.18847884807938 37.458767518436034),ios,23.033100874820594,-2.5309603434943386,1.0302247436821093
822,distance,0,-122.18868730601126,20.690000534057617,1574182227.9900093,306.2109375,37.45889211542668,4.0,2019-11-19T08:50:27.990009-08:00,30.0,19.65737533569336,1574182228.1286411,0.7254645211829079,POINT (-122.18868730601126 37.45889211542668),ios,20.502208115258767,-1.5007631097808183,1.608375067244575
823,distance,0,-122.18887631792778,20.6200008392334,1574182228.9899836,306.2109375,37.45899927805873,4.0,2019-11-19T08:50:28.989984-08:00,10.0,19.665279388427734,1574182229.139332,0.7257422918081283,POINT (-122.18887631792778 37.45899927805873),ios,19.001483648937235,0.10757054308195166,-1.9461371273255679
824,distance,0,-122.18904580000991,20.450000762939453,1574182229.9899569,306.9140625,37.45910463858159,4.0,2019-11-19T08:50:29.989957-08:00,10.0,19.62398910522461,1574182230.1466799,0.7260200621684393,POINT (-122.18904580000991 37.45910463858159),ios,19.10905131957579,-1.8385146167757693,7.3157819505681
825,distance,0,-122.18920933094078,20.110000610351562,1574182230.9899309,306.9140625,37.4592172494507,4.0,2019-11-19T08:50:30.989931-08:00,10.0,19.58034896850586,1574182231.1618109,0.7262978327274322,POINT (-122.18920933094078 37.4592172494507),ios,17.270584481428664,5.477077213993525,-8.82323617104551
826,distance,0,-122.18936062429303,20.450000762939453,1574182231.9899049,307.96875,37.45931573681297,4.0,2019-11-19T08:50:31.989905-08:00,10.0,19.68722152709961,1574182232.1653,0.7265756032864252,POINT (-122.18936062429303 37.45931573681297),ios,22.747519359192786,-3.3459296620980092,8.079825457030315
827,distance,0,-122.18956313107365,19.979999542236328,1574182232.9898787,309.7265625,37.45944226164134,4.0,2019-11-19T08:50:32.989879-08:00,10.0,19.70058822631836,1574182233.222022,0.7268533737791909,POINT (-122.18956313107365 37.45944226164134),ios,19.401677447592316,4.733683893076773,-9.01206397481185
828,distance,0,-122.18974007304962,20.579999923706055,1574182233.9898524,309.0234375,37.45954577814551,4.0,2019-11-19T08:50:33.989852-08:00,10.0,19.792232513427734,1574182234.233932,0.7271311442719566,POINT (-122.18974007304962 37.45954577814551),ios,24.13523719486844,-4.278143730951436,6.293191170467482
829,distance,0,-122.18996001418884,21.15999984741211,1574182234.989825,308.671875,37.459674733725805,4.0,2019-11-19T08:50:34.989825-08:00,10.0,19.68893051147461,1574182235.2483869,0.7274089144335852,POINT (-122.18996001418884 37.459674733725805),ios,19.8572107626462,2.014874891940905,-2.875961627213978
830,distance,0,-122.19013913545962,20.489999771118164,1574182235.9897995,309.0234375,37.459782776457686,4.0,2019-11-19T08:50:35.989799-08:00,10.0,19.975093841552734,1574182236.115584,0.7276866851250331,POINT (-122.19013913545962 37.459782776457686),ios,21.872034253540964,-0.8610133672258086,0.7801304300474416
831,distance,0,-122.19032387260552,21.079999923706055,1574182236.9897733,309.7265625,37.45991386942329,4.0,2019-11-19T08:50:36.989773-08:00,10.0,20.108333587646484,1574182237.118279,0.7279644556177987,POINT (-122.19032387260552 37.45991386942329),ios,21.01104346728935,-0.08090339691311799,1.3622156338082774
832,distance,0,-122.19050374824758,21.1200008392334,1574182237.9897463,310.078125,37.46003762822362,4.0,2019-11-19T08:50:37.989746-08:00,10.0,19.82418441772461,1574182238.114172,0.7282422259118821,POINT (-122.19050374824758 37.46003762822362),ios,20.930142250018875,1.281275537035869,2.697478331817337
833,distance,0,-122.190681947509,21.219999313354492,1574182238.9897199,309.375,37.4601618061191,4.0,2019-11-19T08:50:38.989720-08:00,10.0,19.61751937866211,1574182239.124075,0.7285199963384205,POINT (-122.190681947509 37.4601618061191),ios,22.211383878786624,3.978682481539642,-10.356246500125994
834,distance,0,-122.19087833550032,20.969999313354492,1574182239.9896936,309.7265625,37.46028669647636,4.0,2019-11-19T08:50:39.989694-08:00,10.0,19.53921127319336,1574182240.1148648,0.7287977668311861,POINT (-122.19087833550032 37.46028669647636),ios,26.189962015225632,-6.37729241521306,6.951826477108797
835,distance,0,-122.1911137831604,20.989999771118164,1574182240.9896672,310.078125,37.46043002702059,4.0,2019-11-19T08:50:40.989667-08:00,10.0,19.574275970458984,1574182241.1321402,0.7290755372577243,POINT (-122.1911137831604 37.46043002702059),ios,19.812838371627144,0.5743500855461546,2.1019428471188593
836,distance,0,-122.19128837820347,20.360000610351562,1574182241.9896414,310.4296875,37.460542009246964,4.0,2019-11-19T08:50:41.989641-08:00,10.0,19.55544662475586,1574182242.13257,0.7293533078829447,POINT (-122.19128837820347 37.460542009246964),ios,20.38717366811432,2.6762388093045018,-4.797680974352092
837,distance,0,-122.19146758329327,20.899999618530273,1574182242.9896152,310.078125,37.46065767951073,4.0,2019-11-19T08:50:42.989615-08:00,10.0,19.61660385131836,1574182243.246571,0.7296310783757104,POINT (-122.19146758329327 37.46065767951073),ios,23.063342290262852,-2.1213163408566933,3.4351317601216733
838,distance,0,-122.1916732751971,21.149999618530273,1574182243.9895897,309.375,37.46078558735313,4.0,2019-11-19T08:50:43.989590-08:00,10.0,19.640926361083984,1574182244.101083,0.7299088490671581,POINT (-122.1916732751971 37.46078558735313),ios,20.942080065857535,1.3137277863470194,0.3509229454809081
839,distance,0,-122.19185885053332,21.329999923706055,1574182244.9895616,309.375,37.46090293399753,4.0,2019-11-19T08:50:44.989562-08:00,10.0,19.77474594116211,1574182245.106138,0.7301866190301047,POINT (-122.19185885053332 37.46090293399753),ios,22.25577089258532,1.6646408591750232,-1.7835777198239655
840,distance,0,-122.19205465179141,21.510000228881836,1574182245.9895349,309.375,37.46102903973075,4.0,2019-11-19T08:50:45.989535-08:00,10.0,19.66860580444336,1574182246.1162639,0.7304643893904156,POINT (-122.19205465179141 37.46102903973075),ios,23.92036730105381,-0.11888923398558629,-1.221376248617822
841,distance,0,-122.19226428318973,21.75,1574182246.9895098,309.0234375,37.46116537138583,4.0,2019-11-19T08:50:46.989510-08:00,10.0,19.69015121459961,1574182247.119874,0.7307421602143181,POINT (-122.19226428318973 37.46116537138583),ios,23.801481043335457,-1.340234906730485,4.072764997785639
842,distance,0,-122.19248422432895,22.360000610351562,1574182247.9894829,307.6171875,37.46128921400519,4.0,2019-11-19T08:50:47.989483-08:00,10.0,19.427059173583984,1574182248.121624,0.7310199305084016,POINT (-122.19248422432895 37.46128921400519),ios,22.461282244274912,2.732420365473806,-3.390603790190229
843,distance,0,-122.19268513854797,22.440000534057617,1574182248.9894567,307.6171875,37.4614131823531,6.0,2019-11-19T08:50:48.989457-08:00,10.0,19.37929916381836,1574182249.1381068,0.7312977010011673,POINT (-122.19268513854797 37.4614131823531),ios,25.193630949172803,-0.6580945025932475,-0.7261330850510875
844,distance,0,-122.19291052792425,23.56999969482422,1574182249.9894304,308.3203125,37.4615521962172,6.0,2019-11-19T08:50:49.989430-08:00,10.0,19.04439926147461,1574182250.145397,0.731575471493933,POINT (-122.19291052792425 37.4615521962172),ios,24.53555370579474,-1.3842085440463137,-1.4839366909027554
845,distance,0,-122.19312669720705,24.100000381469727,1574182250.9894037,308.3203125,37.46169091671469,6.0,2019-11-19T08:50:50.989404-08:00,30.0,19.01467514038086,1574182251.11193,0.7318532418542438,POINT (-122.19312669720705 37.46169091671469),ios,23.151382124104263,-2.868105609564409,5.6225831245629765
846,distance,0,-122.19334026809986,23.239999771118164,1574182251.9893775,307.6171875,37.46181178375842,6.0,2019-11-19T08:50:51.989377-08:00,10.0,18.725460052490234,1574182252.115396,0.7321310123470095,POINT (-122.19334026809986 37.46181178375842),ios,20.28335173360291,2.7543300568878295,-4.312401432769359
847,distance,0,-122.19349835079367,22.850000381469727,1574182252.989354,304.453125,37.461944175919015,6.0,2019-11-19T08:50:52.989354-08:00,10.0,19.41421127319336,1574182253.109288,0.7324087835682763,POINT (-122.19349835079367 37.461944175919015),ios,23.037616778828344,-1.5579695883759404,-0.5735304395809405
848,distance,0,-122.19370127666946,22.829999923706055,1574182253.9893248,312.890625,37.46207447260382,8.0,2019-11-19T08:50:53.989325-08:00,30.0,19.37185287475586,1574182254.1124191,0.7326865532663134,POINT (-122.19370127666946 37.46207447260382),ios,21.47969250721766,-2.1314833456387587,4.027639924077704
849,distance,0,-122.19388131994958,22.40999984741211,1574182254.9892993,311.1328125,37.46220443401249,8.0,2019-11-19T08:50:54.989299-08:00,30.0,18.98049545288086,1574182255.1197639,0.7329643239577611,POINT (-122.19388131994958 37.46220443401249),ios,19.34826353739858,1.8960538301708472,-2.5660412286604823
850,distance,0,-122.19404962856527,22.040000915527344,1574182255.989272,308.3203125,37.46231591332467,8.0,2019-11-19T08:50:55.989272-08:00,30.0,18.73739242553711,1574182256.100525,0.7332420941856173,POINT (-122.19404962856527 37.46231591332467),ios,21.244265833360977,-0.6699176542126191,0.2718525628071218
851,distance,0,-122.1942397301292,21.809999465942383,1574182256.989246,305.859375,37.46243309233101,8.0,2019-11-19T08:50:56.989246-08:00,30.0,18.52352523803711,1574182257.0991092,0.7335198646783829,POINT (-122.1942397301292 37.46243309233101),ios,20.574365748438034,-0.39807222102268974,0.24089443145193726
852,distance,0,-122.19443167571183,21.520000457763672,1574182257.9892197,304.1015625,37.462538075668235,4.0,2019-11-19T08:50:57.989220-08:00,30.0,17.850460052490234,1574182258.095639,0.7337976351711485,POINT (-122.19443167571183 37.462538075668235),ios,20.17630396727481,-0.1571841072786391,4.839026697303332
853,distance,0,-122.19598281377472,-1.0,1574182266.194763,-1.0,37.463375289703386,10.019115447998047,2019-11-19T08:51:06.194763-08:00,97.69671875687837,17.850460052490234,1574182266.405971,0.7360769527488285,POINT (-122.19598281377472 37.463375289703386),ios,18.88652297212713,39.54965888881514,-237.20575035798183
854,distance,0,-122.19601148794418,-1.0,1574182266.356808,-1.0,37.46339076635094,10.019115447998047,2019-11-19T08:51:06.356808-08:00,97.74535848510206,17.850460052490234,1574182266.458322,0.7361219652493795,POINT (-122.19601148794418 37.46339076635094),ios,25.295347525217565,1.1116526015245503,-0.8146456662487604
855,distance,0,-122.19805609669521,24.25673691543129,1574182274.988772,304.43014411881086,37.4644962992248,10.0,2019-11-19T08:51:14.988772-08:00,200.0,17.828676223754883,1574182275.1292028,0.7385197330183453,POINT (-122.19805609669521 37.4644962992248),ios,34.89109272681885,-5.920339436447742,6.573561868289682
856,distance,0,-122.19831576640463,22.62952631327701,1574182275.9926152,307.12779333765485,37.464734496340995,10.0,2019-11-19T08:51:15.992615-08:00,200.0,17.723201751708984,1574182276.1082,0.7387985783815384,POINT (-122.19831576640463 37.464734496340995),ios,28.947999605441368,0.6784866514399539,-5.066943873282589
857,distance,0,-122.19849175662365,22.01896610643587,1574182276.9929957,307.75979649537385,37.46495429953673,10.0,2019-11-19T08:51:16.992996-08:00,200.0,17.70012092590332,1574182277.1627421,0.7390764618582196,POINT (-122.19849175662365 37.46495429953673),ios,29.62674443194343,-4.390385275322249,17.39677316532455
858,distance,0,-122.1986892881327,22.46288007264651,1574182277.9934368,308.4716504641167,37.4651698709654,10.0,2019-11-19T08:51:17.993437-08:00,200.0,17.66777229309082,1574182278.119529,0.7393543621566561,POINT (-122.1986892881327 37.4651698709654),ios,25.234422670195936,13.014061160789508,-16.60211372183824
859,distance,0,-122.19888011942525,22.3865780975237,1574182278.993858,309.4135547354043,37.46533899301012,10.0,2019-11-19T08:51:18.993858-08:00,200.0,17.662935256958008,1574182279.108382,0.7396322569582198,POINT (-122.19888011942525 37.46533899301012),ios,38.25396646793096,-3.5950467929752907,1.5241724662220215
860,distance,0,-122.1992215453844,22.884041783114785,1574182279.9942474,314.05203173474104,37.46555114146551,10.0,2019-11-19T08:51:19.994247-08:00,200.0,17.672428131103516,1574182280.12751,0.7399101428853141,POINT (-122.1992215453844 37.46555114146551),ios,34.65751998828228,-2.070280909195233,18.555612998023765
861,distance,0,-122.19947072769273,22.33389756980358,1574182280.9946208,315.40231984209896,37.46579218391747,10.0,2019-11-19T08:51:20.994621-08:00,200.0,17.65924072265625,1574182281.140565,0.7401880243751737,POINT (-122.19947072769273 37.46579218391747),ios,32.58646611177142,16.492260077346987,-41.41198548940411
862,distance,0,-122.19968636964899,24.348254645898628,1574182281.9949718,316.57052806477543,37.46603019147276,10.0,2019-11-19T08:51:21.994972-08:00,200.0,17.61193084716797,1574182282.161337,0.7404658996396595,POINT (-122.19968636964899 37.46603019147276),ios,49.084514183225146,-24.93425903733569,16.547774308303342
863,distance,0,-122.2001039610451,27.149999618530273,1574182282.9953003,315.0,37.466321960126486,8.0,2019-11-19T08:51:22.995300-08:00,100.0,17.39999008178711,1574182283.2019281,0.7407437686787711,POINT (-122.2001039610451 37.466321960126486),ios,24.142063224428007,-8.381048109989749,15.317608600075857
864,distance,0,-122.2003040370738,27.219999313354492,1574182283.9955955,315.3515625,37.46647011026504,8.0,2019-11-19T08:51:23.995595-08:00,100.0,17.276241302490234,1574182284.1527991,0.7410216284460491,POINT (-122.2003040370738 37.46647011026504),ios,15.758541345832032,6.941081669153457,4.575314152851824
865,distance,0,-122.20044745143707,24.8799991607666,1574182284.9958704,314.296875,37.46655459984901,8.0,2019-11-19T08:51:24.995870-08:00,50.0,17.230831146240234,1574182285.154059,0.7412994825839996,POINT (-122.20044745143707 37.46655459984901),ios,22.70153109488731,11.517653560409135,-17.38743794018773
866,distance,0,-122.20065238896962,23.969999313354492,1574182285.9961216,313.2421875,37.46667806528273,8.0,2019-11-19T08:51:25.996122-08:00,50.0,17.074520111083984,1574182286.165688,0.7415773301654391,POINT (-122.20065238896962 37.46667806528273),ios,34.22207896311311,-5.8741537243918955,14.782091476699428
867,distance,0,-122.20098288741167,25.229999542236328,1574182286.9963546,312.5390625,37.466839165461685,8.0,2019-11-19T08:51:26.996355-08:00,50.0,16.779720306396484,1574182287.191708,0.7418551726473702,POINT (-122.20098288741167 37.466839165461685),ios,28.346556943006664,8.911381018072898,-1.1329668555640056
868,distance,0,-122.2012107913589,25.530000686645508,1574182287.9965696,312.890625,37.46701887346568,8.0,2019-11-19T08:51:27.996570-08:00,50.0,16.75576400756836,1574182288.36157,0.7421330101622475,POINT (-122.2012107913589 37.46701887346568),ios,37.25985438527731,7.778170513955112,-26.61304287637793
869,distance,0,-122.2015390266871,26.329999923706055,1574182288.9967704,312.5390625,37.46722972023996,8.0,2019-11-19T08:51:28.996770-08:00,50.0,16.61544418334961,1574182289.168772,0.7424108437034819,POINT (-122.2015390266871 37.46722972023996),ios,45.03958635485718,-18.840214889359803,19.13130990089228
870,distance,0,-122.20196113933082,27.799999237060547,1574182289.9969609,312.1875,37.46745749845865,12.0,2019-11-19T08:51:29.996961-08:00,50.0,16.898006439208984,1574182290.196615,0.7426886743969388,POINT (-122.20196113933082 37.46745749845865),ios,26.195782471543527,0.29473945805109103,-2.275304662931516
871,distance,0,-122.20218703162129,27.360000610351562,1574182290.9971333,312.890625,37.4676103843725,12.0,2019-11-19T08:51:30.997133-08:00,50.0,17.23110580444336,1574182291.127847,0.7429665000571145,POINT (-122.20218703162129 37.4676103843725),ios,26.490572735789918,-1.980957414236566,14.82131313968077
872,distance,0,-122.20242893334682,26.81999969482422,1574182291.9972954,311.8359375,37.46775149371239,12.0,2019-11-19T08:51:31.997295-08:00,50.0,17.719783782958984,1574182292.112877,0.7432443228695128,POINT (-122.20242893334682 37.46775149371239),ios,24.509294159558017,12.842758625409246,-18.90067750248527
873,distance,0,-122.20267427165265,26.459999084472656,1574182292.997445,310.4296875,37.4678548425785,16.0,2019-11-19T08:51:32.997445-08:00,50.0,17.874507904052734,1574182293.11721,0.7435221422380871,POINT (-122.20267427165265 37.4678548425785),ios,37.35397569098856,-6.06074881631542,8.435386525905988
874,distance,0,-122.20305615116115,27.790000915527344,1574182293.9975832,307.96875,37.46799980759385,16.0,2019-11-19T08:51:33.997583-08:00,50.0,16.850399017333984,1574182294.126117,0.7437999583615197,POINT (-122.20305615116115 37.46799980759385),ios,31.29239022249804,2.375802167102113,-5.411258272940497
875,distance,0,-122.20332336623426,28.200000762939453,1574182294.9977107,309.7265625,37.46818483810636,16.0,2019-11-19T08:51:34.997711-08:00,30.0,17.242427825927734,1574182295.1476588,0.7440777715709475,POINT (-122.20332336623426 37.46818483810636),ios,33.6684954325268,-3.036146333150477,-2.107948260106572
876,distance,0,-122.20362511474843,28.760000228881836,1574182295.9978313,309.0234375,37.46837016198548,16.0,2019-11-19T08:51:35.997831-08:00,30.0,16.56264877319336,1574182296.1674662,0.7443555828597811,POINT (-122.20362511474843 37.46837016198548),ios,30.631982819286804,-5.14434889571572,6.422972675613966
877,distance,0,-122.20388989906962,28.34000015258789,1574182296.9979396,309.7265625,37.468548319337394,16.0,2019-11-19T08:51:36.997940-08:00,30.0,14.94668197631836,1574182297.1403708,0.7446333907047907,POINT (-122.20388989906962 37.468548319337394),ios,25.487077088778314,1.2793190155308398,4.270848436016311
878,distance,0,-122.20411445025559,28.209999084472656,1574182297.9980402,309.7265625,37.468692488071945,16.0,2019-11-19T08:51:37.998040-08:00,30.0,16.482295989990234,1574182298.119392,0.7449111964305242,POINT (-122.20411445025559 37.468692488071945),ios,26.766524819973196,5.550597152884965,2.2855695469555717
879,distance,0,-122.2043518257534,28.549999237060547,1574182298.9981341,309.375,37.46884235650065,16.0,2019-11-19T08:51:38.998134-08:00,30.0,18.220455169677734,1574182299.105815,0.745189000301891,POINT (-122.2043518257534 37.46884235650065),ios,32.317643378859785,7.836381399204603,-9.890198995860887
880,distance,0,-122.20464007940348,28.670000076293945,1574182299.9982195,309.0234375,37.46902164540949,16.0,2019-11-19T08:51:39.998219-08:00,30.0,14.95412826538086,1574182300.104084,0.7454668017890719,POINT (-122.20464007940348 37.46902164540949),ios,40.15469364339721,-2.0546617632308855,3.7191127597119307
881,distance,0,-122.20500066887793,29.719999313354492,1574182300.9982986,308.3203125,37.46924192182484,12.0,2019-11-19T08:51:40.998299-08:00,30.0,13.303279876708984,1574182301.191553,0.7457446015543407,POINT (-122.20500066887793 37.46924192182484),ios,38.09986924347967,1.6647453827335024,-13.988026554978294
882,distance,0,-122.20535622921047,30.530000686645508,1574182301.9983711,307.96875,37.46943629815939,12.0,2019-11-19T08:51:41.998371-08:00,10.0,11.63998031616211,1574182302.138452,0.7460223994652431,POINT (-122.20535622921047 37.46943629815939),ios,39.7647352857067,-12.324295013891158,11.26820649047326
883,distance,0,-122.2057226021981,31.329999923706055,1574182302.9984376,308.3203125,37.46964450463417,12.0,2019-11-19T08:51:42.998438-08:00,10.0,12.10732650756836,1574182303.129585,0.7463001957204607,POINT (-122.2057226021981 37.46964450463417),ios,27.439620474702867,-1.055338976029145,4.319885026389863
884,distance,0,-122.20596710231361,30.5,1574182303.9984975,309.0234375,37.46979697145286,12.0,2019-11-19T08:51:43.998497-08:00,10.0,11.63290023803711,1574182304.156982,0.7465779901213117,POINT (-122.20596710231361 37.46979697145286),ios,26.38421834395652,3.2648045655140363,-2.8672514717678657
885,distance,0,-122.20621042896268,30.15999984741211,1574182304.9985533,308.3203125,37.46993485376003,12.0,2019-11-19T08:51:44.998553-08:00,10.0,10.78384017944336,1574182305.1251678,0.746855783396297,POINT (-122.20621042896268 37.46993485376003),ios,29.649205052745895,0.3973931299370633,1.3868312009448645
886,distance,0,-122.20646046113428,30.479999542236328,1574182305.9986033,308.671875,37.470112969202425,12.0,2019-11-19T08:51:45.998603-08:00,10.0,16.795589447021484,1574182306.146089,0.7471335750818252,POINT (-122.20646046113428 37.470112969202425),ios,30.04661807932309,1.7842937666100482,-1.974306007718449
887,distance,0,-122.20672122214195,31.110000610351562,1574182306.9986484,308.3203125,37.47028672605517,12.0,2019-11-19T08:51:46.998648-08:00,10.0,20.04757308959961,1574182307.159395,0.7474113653765785,POINT (-122.20672122214195 37.47028672605517),ios,31.830992248193414,-0.19010120553145154,-2.4304105736472086
888,distance,0,-122.20701299619135,31.200000762939453,1574182307.9986897,307.6171875,37.470455034670856,12.0,2019-11-19T08:51:47.998690-08:00,10.0,21.686519622802734,1574182308.136929,0.7476891546116935,POINT (-122.20701299619135 37.470455034670856),ios,31.640883201668903,-2.6206120248998195,16.54206978081798
889,distance,0,-122.20729244884309,31.190000534057617,1574182308.9987268,307.6171875,37.470633317751314,8.0,2019-11-19T08:51:48.998727-08:00,10.0,21.178829193115234,1574182309.12036,0.747966942720943,POINT (-122.20729244884309 37.470633317751314),ios,29.020173707564208,13.922073010054675,-30.293498526050712
890,distance,0,-122.20754792925176,30.579999923706055,1574182309.9987588,309.0234375,37.47079764496299,8.0,2019-11-19T08:51:49.998759-08:00,10.0,21.24587631225586,1574182310.124027,0.7482447293731901,POINT (-122.20754792925176 37.47079764496299),ios,42.94269150125482,-16.372393335401235,22.86492793839657
891,distance,0,-122.2076802285779,30.309999465942383,1574182310.9987876,308.3279113769531,37.47116930122547,8.0,2019-11-19T08:51:50.998788-08:00,25.928519323287585,21.644710540771484,1574182311.144826,0.7485225151644813,POINT (-122.2076802285779 37.47116930122547),ios,26.569825844440167,6.493194225254603,-8.130679891570159
892,distance,0,-122.20791603449017,30.450000762939453,1574182311.9988136,308.3279113769531,37.47131787542536,8.0,2019-11-19T08:51:51.998814-08:00,25.704491042840523,22.649654388427734,1574182312.111933,0.7488003001610438,POINT (-122.20791603449017 37.47131787542536),ios,33.06318881239214,-1.6376969633765652,2.16034147650046
893,distance,0,-122.20820946831496,32.029998779296875,1574182312.998837,308.3279113769531,37.471502759236444,8.0,2019-11-19T08:51:52.998837-08:00,23.581479142913917,24.38943099975586,1574182313.1130428,0.7490780844291052,POINT (-122.20820946831496 37.471502759236444),ios,31.42545358419204,0.5226949895473244,-1.7917885571397658
894,distance,0,-122.20848864076338,31.899999618530273,1574182313.9988565,308.2059631347656,37.47167821034879,8.0,2019-11-19T08:51:53.998857-08:00,23.92130068263945,24.21975326538086,1574182314.1387172,0.7493558676375283,POINT (-122.20848864076338 37.47167821034879),ios,31.948158792595496,-1.2691285976383526,4.47995164705946
895,distance,0,-122.20877265627801,31.93000030517578,1574182314.9988723,308.2059631347656,37.471856378503844,12.0,2019-11-19T08:51:54.998872-08:00,23.665790350239174,23.217525482177734,1574182315.117821,0.7496336497863134,POINT (-122.20877265627801 37.471856378503844),ios,30.679010224423905,3.2108935442657125,-1.0158207410304434
896,distance,0,-122.20904553323057,31.170000076293945,1574182315.9988866,307.985107421875,37.47202732417453,8.0,2019-11-19T08:51:55.998887-08:00,24.89571951438079,23.02938461303711,1574182316.1379972,0.7499114315377341,POINT (-122.20904553323057 37.47202732417453),ios,33.889949700890206,2.195058271803007,-8.05696889746113
897,distance,0,-122.2093489908524,31.56999969482422,1574182316.998899,307.4179992675781,37.47221411153732,8.0,2019-11-19T08:51:56.998899-08:00,25.003128172202533,21.389644622802734,1574182317.148707,0.7501892127593358,POINT (-122.2093489908524 37.47221411153732),ios,36.08503518651227,-5.862010514074095,2.5236839772573916
898,distance,0,-122.20975664455649,31.959999084472656,1574182317.9989073,308.3203125,37.47218878943237,8.0,2019-11-19T08:51:57.998907-08:00,10.0,20.11385726928711,1574182318.151964,0.750466992855072,POINT (-122.20975664455649 37.47218878943237),ios,30.222975756010566,-3.338305477556525,13.533472095390934
899,distance,0,-122.210032828266,31.760000228881836,1574182318.9989147,308.3203125,37.47234951242569,8.0,2019-11-19T08:51:58.998915-08:00,10.0,18.77083969116211,1574182319.113587,0.7507447726858987,POINT (-122.210032828266 37.47234951242569),ios,26.884645605118536,10.195266643401213,-12.973540576376198
900,distance,0,-122.2102728021538,31.3700008392334,1574182319.99892,308.3203125,37.472498458845045,8.0,2019-11-19T08:51:59.998920-08:00,10.0,17.757259368896484,1574182320.118485,0.7510225519206789,POINT (-122.2102728021538 37.472498458845045),ios,37.079965724821456,-2.7783419819034068,-0.6050501001400996
901,distance,0,-122.21059785235879,31.920000076293945,1574182320.998923,308.671875,37.472709766624,8.0,2019-11-19T08:52:00.998923-08:00,10.0,16.515438079833984,1574182321.1310802,0.7513003305594126,POINT (-122.21059785235879 37.472709766624),ios,34.30161513160953,-3.3833939573609135,5.01734876766412
902,distance,0,-122.21076812956723,32.31999969482422,1574182321.9989247,309.5766906738281,37.47298707292532,8.0,2019-11-19T08:52:01.998925-08:00,10.0,16.492855072021484,1574182322.1773992,0.7515781088007821,POINT (-122.21076812956723 37.47298707292532),ios,30.918215527600758,1.6339631839073554,-4.534256559934791
903,distance,0,-122.21111141156611,32.08000183105469,1574182322.9989243,307.96875,37.47304265390846,8.0,2019-11-19T08:52:02.998924-08:00,10.0,14.91750717163086,1574182323.15409,0.7518558864461051,POINT (-122.21111141156611 37.47304265390846),ios,32.55217793237375,-2.9002912139254224,3.0986597400374083
904,distance,0,-122.21139798883554,32.20000076293945,1574182323.9989226,308.3203125,37.4732269719592,8.0,2019-11-19T08:52:03.998923-08:00,10.0,13.38656234741211,1574182324.223095,0.7521336637602912,POINT (-122.21139798883554 37.4732269719592),ios,29.6518915588315,0.19836335466561955,33.14125216225184
905,distance,0,-122.21166721556541,31.90999984741211,1574182324.998919,308.3203125,37.47338652148608,8.0,2019-11-19T08:52:04.998919-08:00,10.0,12.411251068115234,1574182325.125494,0.7524114405446582,POINT (-122.21166721556541 37.47338652148608),ios,29.850254204094483,33.3394969945637,-13.968936342737438
906,distance,0,-122.21192806039211,31.530000686645508,1574182325.9989147,308.671875,37.473557428491745,8.0,2019-11-19T08:52:05.998915-08:00,10.0,10.615779876708984,1574182326.1486,0.7526892171303431,POINT (-122.21192806039211 37.473557428491745),ios,63.18960812105916,19.370620599997444,-72.5133616548434
907,distance,0,-122.21152533582189,30.75,1574182326.998908,309.2732849121094,37.474027302520675,8.0,2019-11-19T08:52:06.998908-08:00,70.55115434267081,11.931575775146484,1574182327.1707258,0.7529669930537541,POINT (-122.21152533582189 37.474027302520675),ios,82.56009940821309,-53.14225697593171,56.35659354396133
908,distance,0,-122.21244782220778,31.40999984741211,1574182327.9989014,308.671875,37.47390368491176,8.0,2019-11-19T08:52:07.998901-08:00,10.0,11.39980697631836,1574182328.180058,0.7532447689771652,POINT (-122.21244782220778 37.47390368491176),ios,29.418197195120545,3.213960347178865,-2.409729225520403
909,distance,0,-122.21270246442613,31.139999389648438,1574182328.9988923,308.671875,37.474074424279365,8.0,2019-11-19T08:52:08.998892-08:00,10.0,11.73714828491211,1574182329.104446,0.7535225442383024,POINT (-122.21270246442613 37.474074424279365),ios,32.63212842412076,0.8042529535787448,-3.0792817491299638
910,distance,0,-122.21299541194198,31.420000076293945,1574182329.9988823,308.671875,37.474253503640625,8.0,2019-11-19T08:52:09.998882-08:00,10.0,11.81039047241211,1574182330.209436,0.7538003192345302,POINT (-122.21299541194198 37.474253503640625),ios,33.43637332424795,-2.2749979609160893,3.441259237679352
911,distance,0,-122.21329498116133,31.75,1574182330.9988725,308.3203125,37.47443761214379,8.0,2019-11-19T08:52:10.998873-08:00,10.0,12.35696029663086,1574182331.104229,0.7540780942969852,POINT (-122.21329498116133 37.47443761214379),ios,31.161397601804897,1.166227637897614,6.412739887210911
912,distance,0,-122.21356940467116,31.43000030517578,1574182331.9988606,308.671875,37.47461396738652,8.0,2019-11-19T08:52:11.998861-08:00,10.0,12.55630111694336,1574182332.20057,0.7543558687633938,POINT (-122.21356940467116 37.47461396738652),ios,32.327611337185694,7.578891079291922,-16.88088923779449
913,distance,0,-122.21385187480804,31.559999465942383,1574182332.9988492,309.7265625,37.47479908171806,8.0,2019-11-19T08:52:12.998849-08:00,10.0,12.79372787475586,1574182333.108553,0.7546336433622572,POINT (-122.21385187480804 37.47479908171806),ios,39.906415682952385,-9.30180497205652,5.848517854832985
914,distance,0,-122.21430368241364,32.41999816894531,1574182333.9988356,308.30340576171875,37.474783974971224,8.0,2019-11-19T08:52:13.998836-08:00,30.0,13.706172943115234,1574182334.129807,0.7549114173650742,POINT (-122.21430368241364 37.474783974971224),ios,30.604737121113963,-3.4533665977565917,4.081793216125763
915,distance,0,-122.21457480384795,31.770000457763672,1574182334.9988213,308.4846496582031,37.47495559987296,8.0,2019-11-19T08:52:14.998821-08:00,30.0,14.537593841552734,1574182335.19753,0.7551891911692089,POINT (-122.21457480384795 37.47495559987296),ios,27.151419924162813,0.6283682278488448,-21.720438820041174
916,distance,0,-122.21481525066288,30.8700008392334,1574182335.9988074,308.4846496582031,37.47510794190712,8.0,2019-11-19T08:52:15.998807-08:00,30.0,14.050472259521484,1574182336.1138,0.7554669651057985,POINT (-122.21481525066288 37.47510794190712),ios,27.779779462761375,-21.091770235934995,99.20948764689489
917,distance,0,-122.21507210427417,32.20000076293945,1574182336.9987917,285.1937255859375,37.47525237430748,8.0,2019-11-19T08:52:16.998792-08:00,30.0,12.44332504272461,1574182337.1296082,0.755744738512569,POINT (-122.21507210427417 37.47525237430748),ios,6.688341119039147,78.11615628754473,-132.4630828582704
918,distance,0,-122.21514727942044,32.72999954223633,1574182337.998775,308.3203125,37.47526002443392,8.0,2019-11-19T08:52:17.998775-08:00,52.88397399721495,12.29464340209961,1574182338.177697,0.75602251165443,POINT (-122.21514727942044 37.47526002443392),ios,84.80319370257479,-54.3447158545258,56.76383612351049
919,distance,0,-122.21566781413016,33.439998626708984,1574182338.9987595,308.671875,37.47590109243754,8.0,2019-11-19T08:52:18.998760-08:00,10.0,11.23440170288086,1574182339.20261,0.7563002851274279,POINT (-122.21566781413016 37.47590109243754),ios,30.459320039394807,2.418240588029749,-6.482173824740506
920,distance,0,-122.2159348615652,32.63999938964844,1574182339.9987416,307.265625,37.476074639742706,8.0,2019-11-19T08:52:19.998742-08:00,10.0,11.802974700927734,1574182340.1814442,0.7565780579381519,POINT (-122.2159348615652 37.476074639742706),ios,32.87751738591319,-4.063817326410298,7.018939421612666
921,distance,0,-122.21622646797654,31.700000762939453,1574182340.9987254,308.671875,37.47625866442684,8.0,2019-11-19T08:52:20.998725-08:00,10.0,11.20302963256836,1574182341.1410189,0.7568558312124676,POINT (-122.21622646797654 37.47625866442684),ios,28.813765943992472,2.955008300904036,-4.7314070816911835
922,distance,0,-122.2164790147191,31.270000457763672,1574182341.9987063,309.0234375,37.47642290781948,8.0,2019-11-19T08:52:21.998706-08:00,10.0,10.490962982177734,1574182342.164942,0.7571336036920547,POINT (-122.2164790147191 37.47642290781948),ios,31.76871788258608,-1.7763085363588618,6.676564578501275
923,distance,0,-122.21675394114312,31.270000457763672,1574182342.9986873,309.0234375,37.47660735159877,8.0,2019-11-19T08:52:22.998687-08:00,10.0,10.76235580444336,1574182343.095233,0.7574113761716419,POINT (-122.21675394114312 37.47660735159877),ios,29.992443226623802,4.900128696779207,-12.135886635981265
924,distance,0,-122.21701914455947,30.709999084472656,1574182343.9986682,308.3203125,37.4767760374001,8.0,2019-11-19T08:52:23.998668-08:00,10.0,10.826534271240234,1574182344.098405,0.757689148651229,POINT (-122.21701914455947 37.4767760374001),ios,34.892478460865306,-7.235526465534226,8.715226463375933
925,distance,0,-122.21732642512974,31.139999389648438,1574182344.9986491,309.0234375,37.47697351503882,8.0,2019-11-19T08:52:24.998649-08:00,10.0,10.17232894897461,1574182345.108046,0.7579669211308161,POINT (-122.21732642512974 37.47697351503882),ios,27.657090002046196,1.4795337680889096,-1.3771862266527721
926,distance,0,-122.21757201489267,30.700000762939453,1574182345.9986296,308.3203125,37.47712803542379,8.0,2019-11-19T08:52:25.998630-08:00,10.0,10.473567962646484,1574182346.107113,0.7582446934779485,POINT (-122.21757201489267 37.47712803542379),ios,29.13659484477133,0.10237446587236936,-1.1453852775081421
927,distance,0,-122.21781500626561,30.770000457763672,1574182346.9986095,310.078125,37.477305438404414,8.0,2019-11-19T08:52:26.998610-08:00,30.0,11.37136459350586,1574182347.128413,0.7585224656926262,POINT (-122.21781500626561 37.477305438404414),ios,29.238967260373826,-1.0429878728208202,-3.0031158717660333
928,distance,0,-122.2180795391297,29.90999984741211,1574182347.998588,309.0234375,37.477463772555325,8.0,2019-11-19T08:52:27.998588-08:00,10.0,11.359859466552734,1574182348.1110492,0.7588002375099394,POINT (-122.2180795391297 37.477463772555325),ios,28.196001767644805,-4.046039304711141,7.94170531351183
929,distance,0,-122.21834113832769,29.34000015258789,1574182348.9985678,306.5625,37.477609366213414,12.0,2019-11-19T08:52:28.998568-08:00,30.0,10.92238998413086,1574182349.115556,0.7590780096583897,POINT (-122.21834113832769 37.477609366213414),ios,24.150044458263736,3.895505065542487,-1.517702053880565
930,distance,0,-122.21854984771666,28.360000610351562,1574182349.998547,307.96875,37.47774984691057,12.0,2019-11-19T08:52:29.998547-08:00,30.0,10.71151351928711,1574182350.108671,0.7593557816743851,POINT (-122.21854984771666 37.47774984691057),ios,28.045468721618136,2.377834492469867,5.012053022302848
931,distance,0,-122.2187997122502,28.270000457763672,1574182350.9985251,308.3203125,37.477905708400044,12.0,2019-11-19T08:52:30.998525-08:00,30.0,10.70168685913086,1574182351.1111479,0.7596335533592437,POINT (-122.2187997122502 37.477905708400044),ios,30.423251057455268,7.3897775778492,-12.043721445829531
932,distance,0,-122.21907966781613,28.5,1574182351.9985037,307.6171875,37.47806538365546,12.0,2019-11-19T08:52:31.998504-08:00,30.0,10.549251556396484,1574182352.120106,0.7599113251765569,POINT (-122.21907966781613 37.47806538365546),ios,37.81287006788017,-4.653685437754452,5.5747998406081996
933,distance,0,-122.21940656203982,30.420000076293945,1574182352.9984813,307.265625,37.47828524097565,12.0,2019-11-19T08:52:32.998481-08:00,30.0,9.104183197021484,1574182353.142551,0.7601890967289606,POINT (-122.21940656203982 37.47828524097565),ios,33.159288925482265,0.9209894640832116,-1.3409753452897615
934,distance,0,-122.21970453869757,30.649999618530273,1574182353.9984593,307.96875,37.478466918726895,12.0,2019-11-19T08:52:33.998459-08:00,30.0,9.026363372802734,1574182354.1010919,0.7604668684138192,POINT (-122.21970453869757 37.478466918726895),ios,34.08025818811353,-0.41995646757039773,2.4383503389860697
935,distance,0,-122.22000888560173,30.709999084472656,1574182354.9984374,306.5625,37.478655595367286,12.0,2019-11-19T08:52:34.998437-08:00,30.0,8.51986312866211,1574182355.122864,0.7607446400986777,POINT (-122.22000888560173 37.478655595367286),ios,33.66031093208217,2.01834038739754,-7.195771280469842
936,distance,0,-122.22029688779472,30.389999389648438,1574182355.998415,307.96875,37.47885407883439,12.0,2019-11-19T08:52:35.998415-08:00,30.0,9.50320053100586,1574182356.149325,0.7610224116510815,POINT (-122.22029688779472 37.47885407883439),ios,35.67860608575406,-5.177269626149264,3.305644182547358
937,distance,0,-122.2206031625366,30.790000915527344,1574182356.9983907,308.3203125,37.479063542594645,12.0,2019-11-19T08:52:36.998391-08:00,30.0,9.109981536865234,1574182357.251402,0.7613001826736662,POINT (-122.2206031625366 37.479063542594645),ios,30.501462364046123,-1.8717058325547853,-12.377596081832689
938,distance,0,-122.22087423328517,30.709999084472656,1574182357.9983687,308.3203125,37.47923373713854,12.0,2019-11-19T08:52:37.998369-08:00,30.0,9.08578109741211,1574182358.212981,0.7615779543585247,POINT (-122.22087423328517 37.47923373713854),ios,28.629797586440286,-14.249030417891385,23.670805125110533
939,distance,0,-122.22114035871087,30.549999237060547,1574182358.998345,307.265625,37.47938100717727,8.0,2019-11-19T08:52:38.998345-08:00,30.0,8.96212387084961,1574182359.224142,0.7618557255135642,POINT (-122.22114035871087 37.47938100717727),ios,14.381106891907482,9.421210351246737,1.430394001981078
940,distance,0,-122.22125041309951,28.479999542236328,1574182359.9983215,309.375,37.47947639323536,8.0,2019-11-19T08:52:39.998322-08:00,30.0,6.862575531005859,1574182360.1681561,0.7621334968010585,POINT (-122.22125041309951 37.47947639323536),ios,23.802097116378853,10.851570932042275,-11.999786454634425
941,distance,0,-122.22145853575526,27.889999389648438,1574182360.9982986,309.7265625,37.47961255725238,8.0,2019-11-19T08:52:40.998299-08:00,30.0,7.989406585693359,1574182361.162925,0.7624112682210075,POINT (-122.22145853575526 37.47961255725238),ios,34.653419675673355,-1.1479408692766904,-4.34761384585737
942,distance,0,-122.22180462453721,28.420000076293945,1574182361.9982755,307.6171875,37.479759827291105,6.0,2019-11-19T08:52:41.998276-08:00,10.0,5.187984466552734,1574182362.130765,0.7626890395747291,POINT (-122.22180462453721 37.479759827291105),ios,33.505505354368466,-5.495454169598245,0.009200944403023789
943,distance,0,-122.22211634751616,29.459999084472656,1574182362.9982517,307.6171875,37.4799318658537,6.0,2019-11-19T08:52:42.998252-08:00,10.0,6.223751068115234,1574182363.1668792,0.7629668107297686,POINT (-122.22211634751616 37.4799318658537),ios,28.010182206607684,-5.486253444562831,2.20639170824426
944,distance,0,-122.2223524657285,29.25,1574182363.9982278,308.671875,37.4801002163789,8.0,2019-11-19T08:52:43.998228-08:00,10.0,6.722988128662109,1574182364.23843,0.763244581884808,POINT (-122.2223524657285 37.4801002163789),ios,22.524059564519938,-3.2799143407961724,-1.6096474001248806
945,distance,0,-122.22252236690579,28.06999969482422,1574182364.9982038,309.7265625,37.4802513840026,8.0,2019-11-19T08:52:44.998204-08:00,10.0,6.782649993896484,1574182365.17985,0.7635223529736201,POINT (-122.22252236690579 37.4802513840026),ios,19.244224204967953,-4.889522980166608,17.52668129197035
946,distance,0,-122.2227139772123,26.360000610351562,1574182365.9981804,307.265625,37.48033402956787,8.0,2019-11-19T08:52:45.998180-08:00,30.0,7.116481781005859,1574182366.227586,0.7638001242611143,POINT (-122.2227139772123 37.48033402956787),ios,14.354815468607244,12.636748800531642,-15.325510858508169
947,distance,0,-122.2228366044557,24.559999465942383,1574182366.9981556,308.3203125,37.48041885442797,8.0,2019-11-19T08:52:46.998156-08:00,10.0,7.007411956787109,1574182367.244556,0.7640778951512442,POINT (-122.2228366044557 37.48041885442797),ios,26.991250934226763,-2.688382053778147,-0.6207073274942546
948,distance,0,-122.22308604989408,24.489999771118164,1574182367.9981322,308.3203125,37.48055933512512,8.0,2019-11-19T08:52:47.998132-08:00,10.0,5.268215179443359,1574182368.1911259,0.7643556664387385,POINT (-122.22308604989408 37.48055933512512),ios,24.30293169455109,-3.309074878432814,7.190365994888918
949,distance,0,-122.22330339264332,23.719999313354492,1574182368.9981072,307.6171875,37.480693571304414,8.0,2019-11-19T08:52:48.998107-08:00,10.0,4.447566986083984,1574182369.222437,0.7646334372626411,POINT (-122.22330339264332 37.480693571304414),ios,20.993939655335996,3.881111113187513,-6.5206684311935765
950,distance,0,-122.22348351974247,23.540000915527344,1574182369.9980834,307.96875,37.48081691100958,8.0,2019-11-19T08:52:49.998083-08:00,10.0,4.825588226318359,1574182370.328536,0.7649112084176806,POINT (-122.22348351974247 37.48081691100958),ios,24.874958235623815,-2.6394018531558476,3.234173381149914
951,distance,0,-122.22369524661659,23.09000015258789,1574182370.9980588,307.96875,37.48096460014347,8.0,2019-11-19T08:52:50.998059-08:00,10.0,7.170772552490234,1574182371.370738,0.7651889793740378,POINT (-122.22369524661659 37.48096460014347),ios,22.235621198559237,0.5946921060307898,-0.2265066554204161
952,distance,0,-122.2238948197311,23.729999542236328,1574182371.9980335,306.2109375,37.481086682563166,8.0,2019-11-19T08:52:51.998034-08:00,10.0,6.448299407958984,1574182372.169557,0.7654667501317131,POINT (-122.2238948197311 37.481086682563166),ios,22.830298275311453,0.3681911749702376,-22.219441811242316
953,distance,0,-122.22402744285944,23.18000030517578,1574182372.9980097,309.2526550292969,37.4812629698057,8.0,2019-11-19T08:52:52.998010-08:00,10.0,5.512111663818359,1574182373.108035,0.7657445212867525,POINT (-122.22402744285944 37.4812629698057),ios,23.198480671920013,-21.85072088349757,23.391246880414954
954,distance,0,-122.22423067294574,23.219999313354492,1574182373.997985,309.2526550292969,37.4813953129725,12.0,2019-11-19T08:52:53.997985-08:00,10.0,4.780513763427734,1574182374.132474,0.7660222921768824,POINT (-122.22423067294574 37.4813953129725),ios,1.3483015886762866,1.5399459985015391,31.919182338022786
955,distance,0,-122.22425694167086,22.209999084472656,1574182375.9979362,309.2526550292969,37.48140770454749,12.0,2019-11-19T08:52:55.997936-08:00,30.0,4.887355804443359,1574182376.1422749,0.7665778342220518,POINT (-122.22425694167086 37.48140770454749),ios,4.428118686725046,65.37675820882289,-118.4308641820416
956,distance,0,-122.22429716208956,22.290000915527344,1574182376.9979105,309.2526550292969,37.481431518423996,12.0,2019-11-19T08:52:56.997910-08:00,58.907571920446244,6.616329193115234,1574182377.140162,0.7668556048472722,POINT (-122.22429716208956 37.481431518423996),ios,69.8031934958977,-53.05105647243584,56.0526223085348
957,distance,0,-122.2249485087788,20.850000381469727,1574182377.9978862,309.7265625,37.481787744944434,8.0,2019-11-19T08:52:57.997886-08:00,10.0,6.873043060302734,1574182378.146717,0.767133375869857,POINT (-122.2249485087788 37.481787744944434),ios,16.75342715592727,3.000202709469258,-2.7794678597042597
958,distance,0,-122.22510835167228,20.459999084472656,1574182378.9978619,308.3203125,37.4818690494052,8.0,2019-11-19T08:52:58.997862-08:00,10.0,7.455562591552734,1574182379.1483831,0.7674111468924416,POINT (-122.22510835167228 37.4818690494052),ios,19.753556904381693,0.2208024427963305,-7.394230685155024
959,distance,0,-122.22528370108662,20.43000030517578,1574182379.9978366,308.3203125,37.48197948097948,8.0,2019-11-19T08:52:59.997837-08:00,10.0,7.210811614990234,1574182380.1641011,0.7676889176501168,POINT (-122.22528370108662 37.48197948097948),ios,19.974353766977128,-7.173241372629502,11.221171330978995
960,distance,0,-122.22546215180515,20.260000228881836,1574182380.9978113,308.3203125,37.4820899963728,6.0,2019-11-19T08:53:00.997811-08:00,10.0,7.631923675537109,1574182381.153908,0.767966688407792,POINT (-122.22546215180515 37.4820899963728),ios,12.80129367915328,4.047646372762686,-5.092377130770817
961,distance,0,-122.22557849262117,18.469999313354492,1574182381.997786,308.3203125,37.48215876988832,6.0,2019-11-19T08:53:01.997786-08:00,10.0,8.884578704833984,1574182382.140966,0.7682444591654671,POINT (-122.22557849262117 37.48215876988832),ios,16.848837758301695,-1.0446020615722358,2.758964689025441
962,distance,0,-122.2257268523073,18.3700008392334,1574182382.9977617,307.96875,37.482254155946414,6.0,2019-11-19T08:53:02.997762-08:00,10.0,8.84743881225586,1574182383.134601,0.7685222301880519,POINT (-122.2257268523073 37.482254155946414),ios,15.804261100088462,1.7142955330322283,-1.6984800696556928
963,distance,0,-122.22587764274536,17.770000457763672,1574182383.997735,307.96875,37.482330850360434,6.0,2019-11-19T08:53:03.997735-08:00,10.0,7.980525970458984,1574182384.191574,0.7688000005483627,POINT (-122.22587764274536 37.482330850360434),ios,17.518510856491314,0.015860817687477578,-2.5508502540098927
964,distance,0,-122.22602491278408,17.639999389648438,1574182384.9977112,308.671875,37.48243650424991,8.0,2019-11-19T08:53:04.997711-08:00,10.0,9.455806732177734,1574182385.176546,0.7690777717034022,POINT (-122.22602491278408 37.48243650424991),ios,17.53437129602743,-2.5349286193131086,8.57799297006121
965,distance,0,-122.2261827440208,17.610000610351562,1574182385.9976861,308.671875,37.48253230940316,6.0,2019-11-19T08:53:05.997686-08:00,10.0,8.940608978271484,1574182386.120456,0.7693555425273048,POINT (-122.2261827440208 37.48253230940316),ios,14.999506135992673,6.042849609694079,-11.353003819145917
966,distance,0,-122.22631786029993,16.959999084472656,1574182386.997661,308.3203125,37.48261415868763,6.0,2019-11-19T08:53:06.997661-08:00,10.0,8.93795394897461,1574182387.1753879,0.7696333133512073,POINT (-122.22631786029993 37.48261415868763),ios,21.042204469286897,-5.309869998912733,5.159625130587032
967,distance,0,-122.22650997352062,17.420000076293945,1574182387.9976363,307.265625,37.48272626664255,6.0,2019-11-19T08:53:07.997636-08:00,10.0,9.881893157958984,1574182388.162271,0.7699110842413373,POINT (-122.22650997352062 37.48272626664255),ios,15.732466131426841,-0.15037280397690383,1.1666811490305116
968,distance,0,-122.2266423237717,16.43000030517578,1574182388.9976106,310.78125,37.48282106596742,6.0,2019-11-19T08:53:08.997611-08:00,10.0,10.36300277709961,1574182389.138974,0.7701888548665576,POINT (-122.2266423237717 37.48282106596742),ios,15.582097199430326,1.0162783039397314,-1.5417243715322
969,distance,0,-122.22678104426919,15.949999809265137,1574182389.9975846,309.375,37.48290777675573,6.0,2019-11-19T08:53:09.997585-08:00,10.0,9.840816497802734,1574182390.206839,0.7704666254255507,POINT (-122.22678104426919 37.48290777675573),ios,16.598349092710475,-0.5254060018374596,1.928699611070127
970,distance,0,-122.22692462627052,16.389999389648438,1574182390.9975595,310.78125,37.48300421055172,8.0,2019-11-19T08:53:10.997560-08:00,10.0,9.952266693115234,1574182391.096136,0.7707443962494532,POINT (-122.22692462627052 37.48300421055172),ios,16.072956243861018,1.403245326261485,-8.059343321056307
971,distance,0,-122.2270638496822,16.149999618530273,1574182391.9975352,311.1328125,37.48309741731499,8.0,2019-11-19T08:53:11.997535-08:00,10.0,9.848079681396484,1574182392.137764,0.771022167272038,POINT (-122.2270638496822 37.48309741731499),ios,17.476167445027308,-6.655902002082145,12.424356235834288
972,distance,0,-122.22716209312057,16.270000457763672,1574182392.9975095,308.5283508300781,37.48323388167324,8.0,2019-11-19T08:53:12.997509-08:00,30.0,9.49752426147461,1574182393.116673,0.7712999378972584,POINT (-122.22716209312057 37.48323388167324),ios,10.820436827140544,5.768134316437265,-4.086482984806415
973,distance,0,-122.22725786596035,15.529999732971191,1574182393.9974842,308.5283508300781,37.48329465216847,8.0,2019-11-19T08:53:13.997484-08:00,30.0,9.56142807006836,1574182394.108231,0.7715777086549335,POINT (-122.22725786596035 37.48329465216847),ios,16.588425369156703,1.6817546067383256,-11.972493265682076
974,distance,0,-122.22740469197385,15.890000343322754,1574182394.997459,308.5283508300781,37.483387817303495,8.0,2019-11-19T08:53:14.997459-08:00,30.0,9.371395111083984,1574182395.1014938,0.7718554794126087,POINT (-122.22740469197385 37.483387817303495),ios,18.270137473971392,-10.290436085671484,29.124628916760745
975,distance,0,-122.22756640313901,17.030000686645508,1574182395.9974337,308.5283508300781,37.4834904274758,8.0,2019-11-19T08:53:15.997434-08:00,30.0,9.279842376708984,1574182396.123876,0.7721332501702839,POINT (-122.22756640313901 37.4834904274758),ios,7.9799614520017945,18.83345678270908,-32.88215042504006
976,distance,0,-122.22763703475496,16.389999389648438,1574182396.9974082,308.5283508300781,37.48353524517452,12.0,2019-11-19T08:53:16.997408-08:00,30.0,8.464900970458984,1574182397.187202,0.7724110208617316,POINT (-122.22763703475496 37.48353524517452),ios,26.812937778388267,-14.047854792763689,16.99782639024221
977,distance,0,-122.22765150491355,16.100000381469727,1574182397.9973826,325.1953125,37.483776100014786,12.0,2019-11-19T08:53:17.997383-08:00,50.0,8.301937103271484,1574182398.2318559,0.7726887915531794,POINT (-122.22765150491355 37.483776100014786),ios,12.765441357469545,2.9495379695336363,3.900071854077389
978,distance,0,-122.22771948214827,15.300000190734863,1574182398.9973578,330.46875,37.48387743722413,12.0,2019-11-19T08:53:18.997358-08:00,50.0,7.746669769287109,1574182399.157464,0.7729665624433094,POINT (-122.22771948214827 37.48387743722413),ios,15.714906191639404,6.849513119253682,-21.056454063328413
979,distance,0,-122.22782417211889,14.890000343322754,1574182399.997332,331.875,37.48399176638339,12.0,2019-11-19T08:53:19.997332-08:00,50.0,7.429470062255859,1574182400.145994,0.7732443330685298,POINT (-122.22782417211889 37.48399176638339),ios,22.56424294136506,-14.206398757089994,23.563569243748706
980,distance,0,-122.22804335888682,15.25,1574182400.997306,327.3046875,37.48409628871594,12.0,2019-11-19T08:53:20.997306-08:00,50.0,6.951717376708984,1574182401.163239,0.7735221036275228,POINT (-122.22804335888682 37.48409628871594),ios,8.358213374840298,9.356558125454669,-18.415917520972446
981,distance,0,-122.22810504969416,13.859999656677246,1574182401.997281,329.765625,37.48415332756702,12.0,2019-11-19T08:53:21.997281-08:00,50.0,6.685756683349609,1574182402.13978,0.7737998744514254,POINT (-122.22810504969416 37.48415332756702),ios,17.714537268679145,-9.058898372344515,18.702559788567164
982,distance,0,-122.228244692201,14.050000190734863,1574182402.997256,329.0625,37.48426778245483,12.0,2019-11-19T08:53:22.997256-08:00,50.0,6.713497161865234,1574182403.1394138,0.7740776452753279,POINT (-122.228244692201 37.48426778245483),ios,8.655865676350835,9.643193217260961,-17.756170332081357
983,distance,0,-122.22831300471185,13.270000457763672,1574182403.9972296,329.0625,37.48432364783947,12.0,2019-11-19T08:53:23.997230-08:00,50.0,6.556179046630859,1574182404.1551108,0.7743554157018662,POINT (-122.22831300471185 37.48432364783947),ios,18.298803691688637,-8.112507207320403,12.43223337375558
984,distance,0,-122.2284418345636,13.720000267028809,1574182404.9972043,329.0625,37.48445260341976,12.0,2019-11-19T08:53:24.997204-08:00,50.0,6.534877777099609,1574182405.1743999,0.7746331864595413,POINT (-122.2284418345636 37.48445260341976),ios,10.186501506647014,4.319411974441078,-9.961538808349687
985,distance,0,-122.22855063166676,12.65999984741211,1574182405.9971788,327.65625,37.48448323927585,12.0,2019-11-19T08:53:25.997179-08:00,50.0,6.887477874755859,1574182406.1649818,0.7749109571509891,POINT (-122.22855063166676 37.48448323927585),ios,14.505803289485083,-5.641872707204276,5.77888352157614
986,distance,0,-122.2286836524701,13.359999656677246,1574182406.9971533,326.953125,37.48455989178036,12.0,2019-11-19T08:53:26.997153-08:00,50.0,6.961971282958984,1574182407.117753,0.7751887278424369,POINT (-122.2286836524701 37.48455989178036),ios,8.86407451089916,0.13686339049967736,1.2842929722473313
987,distance,0,-122.22877920616625,12.109999656677246,1574182407.9971285,328.0078125,37.48453529089455,12.0,2019-11-19T08:53:27.997128-08:00,50.0,7.042903900146484,1574182408.165834,0.7754664987325668,POINT (-122.22877920616625 37.48453529089455),ios,9.000934507798227,1.4211245180192271,6.639823137992651
988,distance,0,-122.22883704129814,10.600000381469727,1574182408.9971037,325.8984375,37.48446861285482,12.0,2019-11-19T08:53:28.997104-08:00,50.0,7.480800628662109,1574182409.1169271,0.7757442696226968,POINT (-122.22883704129814 37.48446861285482),ios,10.42202378827867,8.060783018063281,-8.390826686549826
989,distance,0,-122.22888967965005,10.880000114440918,1574182409.997077,327.65625,37.484552515705566,12.0,2019-11-19T08:53:29.997077-08:00,50.0,7.169887542724609,1574182410.150816,0.7760220399830077,POINT (-122.22888967965005 37.484552515705566),ios,18.482591560213386,-0.32981960924122233,-5.320709971225905
990,distance,0,-122.22906058665572,11.9399995803833,1574182410.9970527,324.84375,37.48464861422543,12.0,2019-11-19T08:53:30.997053-08:00,50.0,7.196559906005859,1574182411.15804,0.7762998110055923,POINT (-122.22906058665572 37.48464861422543),ios,18.15277997175467,-5.65040018774379,-1.8443663393802232
991,distance,0,-122.2292344273275,12.720000267028809,1574182411.9970264,320.625,37.48473591174696,12.0,2019-11-19T08:53:31.997026-08:00,30.0,6.887966156005859,1574182412.1344872,0.776577581498358,POINT (-122.2292344273275 37.48473591174696),ios,12.502527971653132,-7.494718156691795,10.532453551807794
992,distance,0,-122.22933174122332,13.0600004196167,1574182412.9970021,320.9765625,37.48481763530288,12.0,2019-11-19T08:53:32.997002-08:00,30.0,6.178249359130859,1574182413.125533,0.7768553525209427,POINT (-122.22933174122332 37.48481763530288),ios,5.007992076726812,3.0374792595897504,-1.252791287570901
993,distance,0,-122.22937935043333,11.960000038146973,1574182413.9969754,320.2734375,37.48484215236966,12.0,2019-11-19T08:53:33.996975-08:00,30.0,5.392604827880859,1574182414.114842,0.7771331228812536,POINT (-122.22937935043333 37.48484215236966),ios,8.045390226869781,1.784721425155343,-3.830613096161264
994,distance,0,-122.2294516862577,10.770000457763672,1574182414.9969506,319.921875,37.484886199270825,12.0,2019-11-19T08:53:34.996951-08:00,30.0,5.509120941162109,1574182415.111682,0.7774108937713835,POINT (-122.2294516862577 37.484886199270825),ios,9.830067398907511,-2.045796688915448,4.93297003243375
995,distance,0,-122.22954690467773,11.59000015258789,1574182415.996925,318.1640625,37.48493209019069,12.0,2019-11-19T08:53:35.996925-08:00,30.0,5.966091156005859,1574182416.113662,0.7776886644628312,POINT (-122.22954690467773 37.48493209019069),ios,7.784322899877611,2.8870474995657722,-2.720809953715684
996,distance,0,-122.22961211588441,9.989999771118164,1574182416.996899,317.8125,37.48497923839603,12.0,2019-11-19T08:53:36.996899-08:00,30.0,5.822811126708984,1574182417.129175,0.7779664349555969,POINT (-122.22961211588441 37.48497923839603),ios,10.671294683609492,0.16630890193083686,-1.8290718798071284
997,distance,0,-122.22970331099091,9.350000381469727,1574182417.9968739,317.4609375,37.48504227030788,12.0,2019-11-19T08:53:37.996874-08:00,30.0,5.752010345458984,1574182418.118238,0.7782442057794995,POINT (-122.22970331099091 37.48504227030788),ios,10.83759942217146,-1.6627171889808325,0.5940080960910165
998,distance,0,-122.22979249444066,9.6899995803833,1574182418.996848,317.109375,37.485109283623736,12.0,2019-11-19T08:53:38.996848-08:00,30.0,5.695156097412109,1574182419.1161761,0.7785219764047199,POINT (-122.22979249444066 37.485109283623736),ios,9.174925046838949,-1.0687243881269706,4.552598670170796
999,distance,0,-122.22985896293281,9.630000114440918,1574182419.9968233,317.4609375,37.485172734630744,12.0,2019-11-19T08:53:39.996823-08:00,30.0,5.861476898193359,1574182420.113101,0.7787997472948498,POINT (-122.22985896293281 37.485172734630744),ios,8.106227158301985,3.4837613979367847,-14.004748765819846
1000,distance,0,-122.22992392268239,9.020000457763672,1574182420.996797,317.109375,37.48522428333525,12.0,2019-11-19T08:53:40.996797-08:00,30.0,6.261959075927734,1574182421.115016,0.7790775177876155,POINT (-122.22992392268239 37.48522428333525),ios,11.589897190960103,-10.520620078729904,17.930523591535103
1001,distance,0,-122.23004772339223,8.890000343322754,1574182421.9967718,315.0,37.48525911014293,12.0,2019-11-19T08:53:41.996772-08:00,30.0,6.693935394287109,1574182422.117408,0.7793552885452907,POINT (-122.23004772339223 37.48525911014293),ios,1.0695429932269873,7.4094503659897315,-6.398976041693197
1002,distance,0,-122.23005099233447,6.96999979019165,1574182422.9967456,315.703125,37.48526837214593,12.0,2019-11-19T08:53:42.996746-08:00,30.0,6.692775726318359,1574182423.216456,0.7796330590380562,POINT (-122.23005099233447 37.48526837214593),ios,8.478799038647619,1.0106421441218467,-5.820165082701339
1003,distance,0,-122.23004294570742,4.920000076293945,1574182423.9967206,313.59375,37.48519239019368,12.0,2019-11-19T08:53:43.996721-08:00,30.0,7.230861663818359,1574182424.123059,0.7799108298619588,POINT (-122.23004294570742 37.48519239019368),ios,9.489415882403748,-4.809377236853131,10.657756210944417
1004,distance,0,-122.23014864150642,6.090000152587891,1574182424.9966955,311.8359375,37.485208148171644,12.0,2019-11-19T08:53:44.996696-08:00,30.0,7.750026702880859,1574182425.133374,0.7801886006858614,POINT (-122.23014864150642 37.485208148171644),ios,4.680159043263769,5.848112168346603,-11.945164200284156
1005,distance,0,-122.23020060930608,6.099999904632568,1574182425.9966698,311.1328125,37.48521657198433,12.0,2019-11-19T08:53:45.996670-08:00,30.0,8.020320892333984,1574182426.1239781,0.7804663713110818,POINT (-122.23020060930608 37.48521657198433),ios,10.528120627362263,-6.0967444534373705,23.43666789885786
1006,distance,0,-122.23028300341426,6.420000076293945,1574182426.9966435,311.1328125,37.48528505213324,12.0,2019-11-19T08:53:46.996644-08:00,30.0,8.207393646240234,1574182427.128851,0.7807441418038474,POINT (-122.23028300341426 37.48528505213324),ios,4.431536067411363,17.339308794343964,-32.00449956132769
1007,distance,0,-122.2303238232827,5.550000190734863,1574182427.9966187,310.78125,37.48530827000503,8.0,2019-11-19T08:53:47.996619-08:00,30.0,7.665523529052734,1574182428.1337109,0.7810219126939774,POINT (-122.2303238232827 37.48530827000503),ios,21.77041492436533,-14.664397198383462,14.633803110022265
1008,distance,0,-122.23055264923929,7.179999828338623,1574182428.9965932,306.9140625,37.48538148592923,8.0,2019-11-19T08:53:48.996593-08:00,30.0,8.955135345458984,1574182429.1409578,0.7812996833854251,POINT (-122.23055264923929 37.48538148592923),ios,7.106391826309414,-0.030967408209441615,1.8815315315204086
1009,distance,0,-122.23062540415881,7.010000228881836,1574182429.996567,306.2109375,37.4854088947526,8.0,2019-11-19T08:53:49.996567-08:00,30.0,9.843746185302734,1574182430.1001902,0.7815774538781908,POINT (-122.23062540415881 37.4854088947526),ios,7.0754252302525735,1.8505147781827962,1.6713974033974386
1010,distance,0,-122.23068994481324,7.25,1574182430.996542,306.2109375,37.48544665522639,8.0,2019-11-19T08:53:50.996542-08:00,30.0,10.20785140991211,1574182431.1114001,0.7818552247020933,POINT (-122.23068994481324 37.48544665522639),ios,8.925893682739447,3.5218703398998614,-14.05326850231059
1011,distance,0,-122.23077921208201,5.900000095367432,1574182431.9965167,304.8046875,37.48548441570018,8.0,2019-11-19T08:53:51.996517-08:00,30.0,11.75619125366211,1574182432.1043448,0.7821329954597686,POINT (-122.23077921208201 37.48548441570018),ios,12.447675016631154,-10.531043003018075,15.810835292287793
1012,distance,0,-122.23075183359697,5.980000019073486,1574182432.9964902,314.8777160644531,37.48559422899937,8.0,2019-11-19T08:53:52.996490-08:00,30.0,11.27077865600586,1574182433.102576,0.7824107658863068,POINT (-122.23075183359697 37.48559422899937),ios,1.9169107120034028,5.279373864015506,-5.7737551896219905
1013,distance,0,-122.2307671953474,5.559999942779541,1574182433.9964652,314.8777160644531,37.485606418642554,8.0,2019-11-19T08:53:53.996465-08:00,30.0,10.37520980834961,1574182434.126337,0.7826885367102093,POINT (-122.2307671953474 37.485606418642554),ios,7.196152412433312,-0.4942367857031032,-4.366476696950978
1014,distance,0,-122.2308248638999,5.710000038146973,1574182434.9964397,314.8777160644531,37.48565217899275,8.0,2019-11-19T08:53:54.996440-08:00,30.0,9.648006439208984,1574182435.107007,0.7829663074016571,POINT (-122.2308248638999 37.48565217899275),ios,6.701928235100053,-4.860602090392916,16.68269931010562
1015,distance,0,-122.2308721031319,6.360000133514404,1574182435.9964137,322.3131103515625,37.48569937451374,8.0,2019-11-19T08:53:55.996414-08:00,30.0,9.67989730834961,1574182436.118763,0.7832440779606501,POINT (-122.2308721031319 37.48569937451374),ios,1.841452460212129,11.821663675977009,-19.700709362296056
1016,distance,0,-122.2308848280179,6.269999980926514,1574182436.9964237,322.3131103515625,37.4857125009594,8.0,2019-11-19T08:53:56.996424-08:00,30.0,9.44491195678711,1574182437.130429,0.783521858519978,POINT (-122.2308848280179 37.4857125009594),ios,13.663234513367899,-7.879242960954656,12.490199592394287
1017,distance,0,-122.2309582014716,7.369999885559082,1574182437.9963632,304.8046875,37.48582069968865,8.0,2019-11-19T08:53:57.996363-08:00,30.0,9.38357162475586,1574182438.140686,0.7837996194760005,POINT (-122.2309582014716 37.48582069968865),ios,5.784468706122674,4.610200245947193,-4.739450387395814
1018,distance,0,-122.23092889952039,4.320000171661377,1574182438.996338,330.35614013671875,37.48577416555134,8.0,2019-11-19T08:53:58.996338-08:00,30.0,9.52700424194336,1574182439.146237,0.7840773902336756,POINT (-122.23092889952039 37.48577416555134),ios,10.394552441386313,-0.12913036430774957,-4.67574392740215
1019,distance,0,-122.23097817556726,4.860000133514404,1574182439.9963112,303.75,37.485859072918615,8.0,2019-11-19T08:53:59.996311-08:00,30.0,8.96718978881836,1574182440.164958,0.7843551605939865,POINT (-122.23097817556726 37.485859072918615),ios,10.265425525231297,-4.804749435876877,2.477178876540184
1020,distance,0,-122.23092962349614,2.940000057220459,1574182440.9962862,330.35614013671875,37.48577517933645,12.0,2019-11-19T08:54:00.996286-08:00,30.0,9.021480560302734,1574182441.154558,0.784632931417889,POINT (-122.23092962349614 37.48577517933645),ios,5.460796371215431,-2.3276325729108254,14.383886369582342
1021,distance,0,-122.23098089003744,3.3499999046325684,1574182442.996235,302.34375,37.48586457644287,12.0,2019-11-19T08:54:02.996235-08:00,30.0,9.295894622802734,1574182443.138093,0.7851884727345573,POINT (-122.23098089003744 37.48586457644287),ios,0.8056505398266818,26.439402848317567,-4.087890272366892
1022,distance,0,-122.23099776802758,2.869999885559082,1574182444.9961839,298.125,37.485859044143,12.0,2019-11-19T08:54:04.996184-08:00,30.0,8.67751693725586,1574182445.152793,0.7857440141174529,POINT (-122.23099776802758 37.485859044143),ios,53.6831072564619,18.263830874187697,-83.62085404483439
1023,distance,0,-122.2311176825362,2.680000066757202,1574182445.9961581,297.421875,37.486332345547346,12.0,2019-11-19T08:54:05.996158-08:00,73.26063886951047,8.78896713256836,1574182446.14715,0.7860217847426733,POINT (-122.2311176825362 37.486332345547346),ios,71.94646785149615,-65.35487000000458,61.41361039092377
1024,distance,0,-122.23124147404192,0.9700000286102295,1574182446.9961329,297.7734375,37.48569283172254,12.0,2019-11-19T08:54:06.996133-08:00,30.0,9.81374740600586,1574182447.1158009,0.7862995555003484,POINT (-122.23124147404192 37.48569283172254),ios,6.593249523907306,-3.942811676527858,25.299127861015144
1025,distance,0,-122.2311790288633,0.7799999713897705,1574182447.9961066,297.421875,37.48566026802872,12.0,2019-11-19T08:54:07.996107-08:00,30.0,10.89980697631836,1574182448.102982,0.786577325993114,POINT (-122.2311790288633 37.48566026802872),ios,2.650541251730782,21.355652688454402,-43.55973361659192
1026,distance,0,-122.23115555953441,0.5699999928474426,1574182448.9960818,297.0703125,37.48564539015059,12.0,2019-11-19T08:54:08.996082-08:00,30.0,10.552425384521484,1574182449.100183,0.786855096883244,POINT (-122.23115555953441 37.48564539015059),ios,24.005664415410727,-22.203000841358847,21.489591441505212
1027,distance,0,-122.23091902222691,1.1399999856948853,1574182449.996056,298.125,37.48553873043273,12.0,2019-11-19T08:54:09.996056-08:00,30.0,11.32082748413086,1574182450.094489,0.7871328675084643,POINT (-122.23091902222691 37.48553873043273),ios,1.8032352837064185,-0.7139627397821873,0.3285128183970434
1028,distance,0,-122.23093846824227,0.18000000715255737,1574182450.9960313,299.8828125,37.48554371766512,12.0,2019-11-19T08:54:10.996031-08:00,30.0,11.44619369506836,1574182451.086263,0.7874106383985944,POINT (-122.23093846824227 37.48554371766512),ios,1.089290247010354,-0.3854580670353193,0.5359220470335628
1029,distance,0,-122.23095062200187,0.5400000214576721,1574182451.9960055,299.1796875,37.48554543595527,12.0,2019-11-19T08:54:11.996006-08:00,30.0,11.14992904663086,1574182452.1069,0.7876884090238148,POINT (-122.23095062200187 37.48554543595527),ios,0.7038421052144165,0.1504501804307635,-0.5776201207190501
1030,distance,0,-122.23096537415145,0.4000000059604645,1574182453.9959536,297.421875,37.48554061636094,12.0,2019-11-19T08:54:13.995954-08:00,30.0,10.34865951538086,1574182454.096061,0.7882439501418008,POINT (-122.23096537415145 37.48554061636094),ios,1.0047346463901663,-1.0047600390570164,1.2111391347306368
1031,distance,0,-122.23097534861623,0.4000000059604645,1574182454.9959283,296.71875,37.485536257771294,12.0,2019-11-19T08:54:14.995928-08:00,30.0,9.84438705444336,1574182455.102378,0.7885217208994759,POINT (-122.23097534861623 37.485536257771294),ios,0.0,0.20634848731803118,-0.010689385001609103
1032,distance,0,-122.23097534861623,0.0,1574182455.995903,296.015625,37.485536257771294,12.0,2019-11-19T08:54:15.995903-08:00,10.0,9.493831634521484,1574182456.097124,0.7887994916571511,POINT (-122.23097534861623 37.485536257771294),ios,0.2063432724028377,0.19565937246250834,1.0512447618560539
1033,distance,0,-122.23101977270304,3.9200000762939453,1574182474.9954166,294.609375,37.48553692832355,12.0,2019-11-19T08:54:34.995417-08:00,30.0,8.835750579833984,1574182475.1130571,0.7940771343310674,POINT (-122.23101977270304 37.48553692832355),ios,3.923776185578172,20.168798549711415,-43.17581421843023
1034,distance,0,-122.23106226895212,1.909999966621399,1574182475.9953918,293.203125,37.48554732188348,12.0,2019-11-19T08:54:35.995392-08:00,30.0,7.842372894287109,1574182476.1212049,0.7943549052211973,POINT (-122.23106226895212 37.48554732188348),ios,24.09207463919518,-23.005945101425954,23.46220637624453
1035,distance,0,-122.23088337004856,2.0199999809265137,1574182476.9953663,322.3131103515625,37.485710996980856,12.0,2019-11-19T08:54:36.995366-08:00,30.0,6.786098480224609,1574182477.12237,0.7946326759126451,POINT (-122.23088337004856 37.485710996980856),ios,1.0867164375566156,0.4556627354465487,-0.590387843588425
1036,distance,0,-122.23089582964695,0.0,1574182478.9953153,330.35614013671875,37.485727857723276,12.0,2019-11-19T08:54:38.995315-08:00,30.0,6.615871429443359,1574182479.119766,0.7951882172955407,POINT (-122.23089582964695 37.485727857723276),ios,1.998018659818859,-0.725082829212113,1.2522145222539909
1037,distance,0,-122.23091815723049,0.9900000095367432,1574182480.9952633,330.35614013671875,37.48575912309541,12.0,2019-11-19T08:54:40.995263-08:00,30.0,4.384090423583984,1574182481.1246161,0.7957437584135267,POINT (-122.23091815723049 37.48575912309541),ios,0.5478906877561289,1.7792811311327155,-2.3077201620759125
1038,distance,0,-122.23093040244407,0.5,1574182484.9951615,330.35614013671875,37.48577627009922,12.0,2019-11-19T08:54:44.995162-08:00,30.0,1.0831565856933594,1574182485.168528,0.7968548412455453,POINT (-122.23093040244407 37.48577627009922),ios,7.664834073046013,-7.451364580335357,7.479705731100173
1039,distance,0,-122.23096193098661,0.0,1574182485.9951353,338.66680908203125,37.48584049939142,12.0,2019-11-19T08:54:45.995135-08:00,30.0,2.0107383728027344,1574182486.13184,0.797132611738311,POINT (-122.23096193098661 37.48584049939142),ios,0.2136649125237728,0.028144987675440186,-0.00013197869949247383
1040,distance,0,-122.23095754265523,0.0,1574182490.9950082,338.66680908203125,37.485831545214836,8.0,2019-11-19T08:54:50.995008-08:00,32.69581131493926,0.5758628845214844,1574182491.106673,0.7985214653280046,POINT (-122.23095754265523 37.485831545214836),ios,0.3543862743174855,0.02748511094944856,-0.0018573503710418223
1041,distance,0,-122.2309473527277,0.0,1574182497.99483,338.66680908203125,37.48581075316362,8.0,2019-11-19T08:54:57.994830-08:00,31.579512975574254,1.0844993591308594,1574182498.1111379,0.8004658602343665,POINT (-122.2309473527277 37.48581075316362),ios,0.5467771493487233,0.0144839895866294,0.12934207269170053
1042,distance,0,-122.2309383687973,0.0,1574182501.994727,338.66680908203125,37.48579242189094,8.0,2019-11-19T08:55:01.994727-08:00,30.744632090259525,1.2213096618652344,1574182502.112245,0.8015769427352482,POINT (-122.2309383687973 37.48579242189094),ios,0.6047116158902832,0.5318389585304538,-0.45638006319374846
1043,distance,0,-122.23094333671435,0.0,1574182503.9946754,338.66680908203125,37.48580255868383,8.0,2019-11-19T08:55:03.994675-08:00,31.188226764254267,1.4199485778808594,1574182504.117879,0.8021324839856889,POINT (-122.23094333671435 37.48580255868383),ios,1.6683621440888092,-0.3808976650080245,0.026306014541878323
1044,distance,0,-122.23093648362072,0.0,1574182504.9946504,338.66680908203125,37.48578857527991,8.0,2019-11-19T08:55:04.994650-08:00,30.5883816547501,1.6139488220214844,1574182505.096016,0.8024102548095915,POINT (-122.23093648362072 37.48578857527991),ios,1.2874740144541925,-0.35459230900962013,0.12819957173925645
1045,distance,0,-122.23094706066672,0.0,1574182506.9945984,338.66680908203125,37.485810157227455,8.0,2019-11-19T08:55:06.994598-08:00,31.550097436759074,2.0716209411621094,1574182507.115175,0.8029657959275776,POINT (-122.23094706066672 37.485810157227455),ios,0.5783078264589476,-0.0981998287359296,0.08812204009140699
1046,distance,0,-122.23095418717082,0.0,1574182509.9945223,338.66680908203125,37.48582469851221,8.0,2019-11-19T08:55:09.994522-08:00,32.30935796145368,1.7961692810058594,1574182510.12393,0.8037991081343757,POINT (-122.23095418717082 37.48582469851221),ios,0.28371580889085846,0.1661595893701154,0.09427027683898669
1047,distance,0,-122.23097702586517,1.6200000047683716,1574182518.9942927,292.5,37.485810596234856,8.0,2019-11-19T08:55:18.994293-08:00,30.0,1.8416709899902344,1574182519.1205668,0.8062990443574057,POINT (-122.23097702586517 37.485810596234856),ios,1.7791139634634239,1.014570436739602,1.4615913822144724
1048,distance,0,-122.23098467922028,1.9700000286102295,1574182519.9942665,291.4453125,37.48582539840477,8.0,2019-11-19T08:55:19.994267-08:00,30.0,2.4076805114746094,1574182520.1312199,0.8065768148501714,POINT (-122.23098467922028 37.48582539840477),ios,2.793657792034414,2.476123487194611,-4.431812795382183
1049,distance,0,-122.23096377892239,0.0,1574182520.9942415,338.66680908203125,37.48584427001444,12.0,2019-11-19T08:55:20.994241-08:00,30.0,2.7596397399902344,1574182521.1126351,0.806854585674074,POINT (-122.23096377892239 37.48584427001444),ios,5.269719292075458,-1.9555783624040717,1.371072961817488
1050,distance,0,-122.23099949202708,0.0,1574182522.9941893,344.3252258300781,37.485934715381624,12.0,2019-11-19T08:55:22.994189-08:00,30.0,3.9030723571777344,1574182523.1202888,0.8074101267258326,POINT (-122.23099949202708 37.485934715381624),ios,1.3586646751882878,0.7864959724813432,-1.0160316132811493
1051,distance,0,-122.23100350801025,0.0,1574182523.994165,347.5088195800781,37.485946510971516,12.0,2019-11-19T08:55:23.994165-08:00,30.0,3.3989219665527344,1574182524.116201,0.8076878977484173,POINT (-122.23100350801025 37.485946510971516),ios,2.1451415211139038,-0.22951093223682287,-0.19136105398407594
1052,distance,0,-122.2310244557396,0.0,1574182527.9940617,347.5088195800781,37.486021864322595,12.0,2019-11-19T08:55:27.994062-08:00,48.613941144161146,3.3237876892089844,1574182528.118254,0.8087989801830716,POINT (-122.2310244557396 37.486021864322595),ios,1.2271214857838748,-0.9949353929678827,1.0601421232680273
1053,distance,0,-122.2310214599679,0.0,1574182528.9940362,347.5088195800781,37.48601108790707,12.0,2019-11-19T08:55:28.994036-08:00,47.79114656180126,3.8237876892089844,1574182529.113638,0.8090767508745194,POINT (-122.2310214599679 37.48601108790707),ios,0.23221147440183987,0.06517968523922633,0.14488815414946127
1054,distance,0,-122.23101805858045,0.0,1574182534.9938836,347.5088195800781,37.48599885240693,8.0,2019-11-19T08:55:34.993884-08:00,30.0,1.7310142517089844,1574182535.114214,0.8107433751556609,POINT (-122.23101805858045 37.48599885240693),ios,0.6232796402065156,0.9344865019581757,-1.1111969138030133
1055,distance,0,-122.23101501535604,0.0,1574182536.993832,347.5088195800781,37.48598790529408,8.0,2019-11-19T08:55:36.993832-08:00,46.09306284815247,0.9085960388183594,1574182537.109607,0.8112989164061016,POINT (-122.23101501535604 37.48598790529408),ios,2.492204519550966,-1.2878501007701644,1.4506499408642963
1056,distance,0,-122.23102109957631,0.0,1574182537.9938068,347.5088195800781,37.48600979150331,8.0,2019-11-19T08:55:37.993807-08:00,47.693545492179,0.7613487243652344,1574182538.111943,0.8115766871637768,POINT (-122.23102109957631 37.48600979150331),ios,1.2043869658042603,0.1627631787329784,0.5925940495903854
1057,distance,0,-122.23101227876742,0.0,1574182540.99373,347.5088195800781,37.485978061214176,8.0,2019-11-19T08:55:40.993730-08:00,45.40381288062114,0.14922714233398438,1574182541.1091418,0.8124099991718928,POINT (-122.23101227876742 37.485978061214176),ios,1.6926640065466068,1.9404998335952601,-2.5040824165125106
1058,distance,0,-122.23100814646787,0.0,1574182541.9937043,347.5088195800781,37.48596319647094,8.0,2019-11-19T08:55:41.993704-08:00,44.40169958036865,0.08736801147460938,1574182542.1120338,0.8126877697971132,POINT (-122.23100814646787 37.48596319647094),ios,3.633113873810855,-0.563518104781907,0.5968230239833702
1059,distance,0,-122.23101701599069,0.0,1574182542.993679,347.5088195800781,37.485995101994256,8.0,2019-11-19T08:55:42.993679-08:00,46.60924760532848,-0.10034561157226562,1574182543.108134,0.8129655405547884,POINT (-122.23101701599069 37.485995101994256),ios,3.069610010466647,0.03328983606954368,-1.1101230035041232
1060,distance,0,-122.23100952216086,0.0,1574182543.9936523,347.5088195800781,37.48596814512552,8.0,2019-11-19T08:55:43.993652-08:00,44.72999366631548,-0.12677383422851562,1574182544.112927,0.8132433109150993,POINT (-122.23100952216086 37.48596814512552),ios,3.1028989576016643,-1.0768035239522777,1.6268489858500452
1061,distance,0,-122.23101709726973,0.0,1574182544.993627,347.5088195800781,37.48599539437193,6.0,2019-11-19T08:55:44.993627-08:00,46.630432171283815,-0.3245277404785156,1574182545.112424,0.8135210816727744,POINT (-122.23101709726973 37.48599539437193),ios,2.0261226470257987,0.5500043475692639,-2.5043441757220233
1062,distance,0,-122.23101215089778,0.0,1574182545.9936013,347.5088195800781,37.48597760124046,6.0,2019-11-19T08:55:45.993601-08:00,45.37209512531461,-0.4566688537597656,1574182546.134341,0.8137988522979949,POINT (-122.23101215089778 37.48597760124046),ios,2.5761128324195175,-1.954275343277324,2.294807403415398
1063,distance,0,-122.2310058618352,0.0,1574182546.9935756,347.5088195800781,37.48595497817082,6.0,2019-11-19T08:55:46.993576-08:00,43.86864232364701,1.7850914001464844,1574182547.127692,0.8140766229232153,POINT (-122.2310058618352 37.48595497817082),ios,0.6218878101816492,0.3404729706682668,2.0601446627313864
1064,distance,0,-122.23100278355258,0.0,1574182548.9935253,344.3252258300781,37.485944062876165,6.0,2019-11-19T08:55:48.993525-08:00,43.1878983559687,2.4791831970214844,1574182549.1103292,0.8146321645047929,POINT (-122.23100278355258 37.485944062876165),ios,1.3028166235759042,4.4606586578339975,-5.243290845519462
1065,distance,0,-122.23103426393368,4.730000019073486,1574182551.9934483,290.7421875,37.4859193356159,6.0,2019-11-19T08:55:51.993448-08:00,35.38015411317827,4.760646820068359,1574182552.1241431,0.8154654764466815,POINT (-122.23103426393368 37.4859193356159),ios,14.684449085318501,-11.268810097085503,51.85063717129004
1066,distance,0,-122.23104404142907,5.239999771118164,1574182552.993423,302.6953125,37.48605116459661,6.0,2019-11-19T08:55:52.993423-08:00,46.45637265591666,5.232357025146484,1574182553.131299,0.8157432472043568,POINT (-122.23104404142907 37.48605116459661),ios,3.4159237777642977,40.5805166857491,-78.42782095620517
1067,distance,0,-122.23106629712314,6.360000133514404,1574182553.9933977,303.3984375,37.48607630035633,6.0,2019-11-19T08:55:53.993398-08:00,49.85118439209821,4.833858489990234,1574182554.128411,0.8160210179620319,POINT (-122.23106629712314 37.48607630035633),ios,43.99541489770589,-37.84532221359481,78.39433156477992
1068,distance,0,-122.23143005706112,6.769999980926514,1574182554.993372,302.6953125,37.486346899600306,6.0,2019-11-19T08:55:54.993372-08:00,57.058912057461974,4.694759368896484,1574182555.139343,0.8162987885872522,POINT (-122.23143005706112 37.486346899600306),ios,6.1510671711294425,40.546990759349846,-82.67385705452291
1069,distance,0,-122.23149813213968,6.449999809265137,1574182555.9933462,302.6953125,37.48633498226504,8.0,2019-11-19T08:55:55.993346-08:00,51.527180443865944,5.198909759521484,1574182556.120525,0.8165765592124727,POINT (-122.23149813213968 37.48633498226504),ios,46.69701387763953,-42.12473750895205,43.46028592733592
1070,distance,0,-122.23171815287529,5.900000095367432,1574182556.9933207,303.3984375,37.4859530479065,8.0,2019-11-19T08:55:56.993321-08:00,10.0,6.159328460693359,1574182557.119084,0.8168543299039205,POINT (-122.23171815287529 37.4859530479065),ios,4.5733510039341025,1.3344397122447231,-1.5326283945877628
1071,distance,0,-122.23175771545826,6.309999942779541,1574182557.9932952,303.75,37.48597961853955,8.0,2019-11-19T08:55:57.993295-08:00,10.0,5.699855804443359,1574182558.130259,0.8171321005953682,POINT (-122.23175771545826 37.48597961853955),ios,5.907756673570276,-0.198149583785038,-2.7402798001637647
1072,distance,0,-122.23180465411602,5.849999904632568,1574182558.9932694,303.75,37.48601750474189,8.0,2019-11-19T08:55:58.993269-08:00,10.0,6.672817230224609,1574182559.1553369,0.8174098712205887,POINT (-122.23180465411602 37.48601750474189),ios,5.709612191979797,-2.9383588239182425,4.016708449272985
1073,distance,0,-122.23174229275642,0.0,1574182559.9932446,304.453125,37.4860038003302,8.0,2019-11-19T08:55:59.993245-08:00,10.0,7.642482757568359,1574182560.09764,0.8176876421107186,POINT (-122.23174229275642 37.4860038003302),ios,2.7713262262324663,1.078250028930944,-0.12383162413824708
1074,distance,0,-122.23190356057344,9.600000381469727,1574182565.9930902,304.8046875,37.486081165296476,8.0,2019-11-19T08:56:05.993090-08:00,10.0,7.795772552490234,1574182566.096159,0.8193542658620411,POINT (-122.23190356057344 37.486081165296476),ios,9.24065981532193,0.3352794154978605,0.7498393186820475
1075,distance,0,-122.2319853679484,8.699999809265137,1574182566.993065,306.2109375,37.48613304927711,8.0,2019-11-19T08:56:06.993065-08:00,10.0,7.824398040771484,1574182567.138959,0.8196320366859436,POINT (-122.2319853679484 37.48613304927711),ios,9.575930837451397,1.0850999627392919,-6.6266397276254
1076,distance,0,-122.232066253314,8.529999732971191,1574182567.9930396,306.5625,37.48619046531383,8.0,2019-11-19T08:56:07.993040-08:00,10.0,7.786800384521484,1574182568.14635,0.8199098073773914,POINT (-122.232066253314 37.48619046531383),ios,10.66100311843562,-5.541370714085104,13.890163504660176
1077,distance,0,-122.23216289665757,8.579999923706055,1574182568.9930139,306.5625,37.486248007079105,8.0,2019-11-19T08:56:08.993014-08:00,10.0,7.440639495849609,1574182569.156774,0.8201875780026118,POINT (-122.23216289665757 37.486248007079105),ios,5.119775090249564,8.348435129886074,6.217022881663365
1078,distance,0,-122.23220438707827,8.029999732971191,1574182569.9929879,306.9140625,37.486280193587284,8.0,2019-11-19T08:56:09.992988-08:00,10.0,7.453639984130859,1574182570.159062,0.8204653485616048,POINT (-122.23220438707827 37.486280193587284),ios,13.467993264133126,14.565296445889414,-20.661321385117642
1079,distance,0,-122.23233472567259,8.039999961853027,1574182570.9929624,305.859375,37.486343225499134,8.0,2019-11-19T08:56:10.992962-08:00,10.0,6.772060394287109,1574182571.131768,0.8207431192530527,POINT (-122.23233472567259 37.486343225499134),ios,28.032918137833278,-6.095497852639318,-1.7442513133959001
1080,distance,0,-122.23232924956935,9.4399995803833,1574182571.9929366,310.7721252441406,37.48659528764613,8.0,2019-11-19T08:56:11.992937-08:00,23.14364378568218,6.968563079833984,1574182572.1377912,0.821020889878273,POINT (-122.23232924956935 37.48659528764613),ios,21.93757723942715,-7.839704252947887,10.043935993792406
1081,distance,0,-122.23252121855583,10.270000457763672,1574182572.9929118,308.7374267578125,37.48672065837651,8.0,2019-11-19T08:56:12.992912-08:00,23.9029296901142,6.894832611083984,1574182573.156296,0.821298660768403,POINT (-122.23252121855583 37.48672065837651),ios,14.098067376118713,2.2039826961059044,-6.8774233215624445
1082,distance,0,-122.23264564019175,10.829999923706055,1574182573.9928858,308.7374267578125,37.48680020029491,8.0,2019-11-19T08:56:13.992886-08:00,23.224093998680615,6.829311370849609,1574182574.121202,0.821576431327396,POINT (-122.23264564019175 37.48680020029491),ios,16.301992795948536,-4.673261897557453,16.00679424784694
1083,distance,0,-122.23278989163799,11.199999809265137,1574182574.9928606,308.3714294433594,37.48689180246356,8.0,2019-11-19T08:56:14.992861-08:00,23.592654728715857,7.793239593505859,1574182575.160036,0.8218542020850711,POINT (-122.23278989163799 37.48689180246356),ios,11.62884900279199,11.33312782067259,-21.67779151028656
1084,distance,0,-122.23289304811266,11.890000343322754,1574182575.992835,308.3714294433594,37.486956891024114,8.0,2019-11-19T08:56:15.992835-08:00,22.036796179309817,7.672389984130859,1574182576.136076,0.822131972776519,POINT (-122.23289304811266 37.486956891024114),ios,22.96168770644378,-10.34411067207123,20.57607107177447
1085,distance,0,-122.23309673534527,12.460000038146973,1574182576.9928093,308.3714294433594,37.48708541139878,8.0,2019-11-19T08:56:16.992809-08:00,23.467638035699782,7.089931488037109,1574182577.144834,0.8224097434017393,POINT (-122.23309673534527 37.48708541139878),ios,12.617843387014748,10.231430582199371,-17.583188586237476
1086,distance,0,-122.23320868983575,12.25,1574182577.992784,308.33404541015625,37.487156010999314,8.0,2019-11-19T08:56:17.992784-08:00,21.8448088115326,7.237056732177734,1574182578.175747,0.8226875141594145,POINT (-122.23320868983575 37.487156010999314),ios,22.84901539672111,-7.351313635201193,9.181223923638223
1087,distance,0,-122.23341148316666,12.90999984741211,1574182578.9927585,308.33404541015625,37.48728379591434,8.0,2019-11-19T08:56:18.992759-08:00,24.07660731003408,5.904201507568359,1574182579.113209,0.8229652848508623,POINT (-122.23341148316666 37.48728379591434),ios,15.49788929932332,1.8296760681802653,-1.3919626406719503
1088,distance,0,-122.23354903269802,12.970000267028809,1574182579.992733,308.33404541015625,37.487370469154996,8.0,2019-11-19T08:56:19.992733-08:00,22.16321189043913,6.176387786865234,1574182580.132728,0.82324305554231,POINT (-122.23354903269802 37.487370469154996),ios,17.327518691025368,0.43774893757209477,-3.356086272679872
1089,distance,0,-122.23370336649415,13.09000015258789,1574182580.9927063,307.8738098144531,37.48746682693629,8.0,2019-11-19T08:56:20.992706-08:00,22.247409227284646,6.097835540771484,1574182581.138383,0.823520825902621,POINT (-122.23370336649415 37.48746682693629),ios,17.765255939439736,-2.918247717935884,10.455909852927388
1090,distance,0,-122.23386204177535,13.65999984741211,1574182581.992681,307.8738098144531,37.4875651715418,8.0,2019-11-19T08:56:21.992681-08:00,20.640329232527034,5.940792083740234,1574182582.1815429,0.8237985966602961,POINT (-122.23386204177535 37.4875651715418),ios,14.847081972538136,7.5373978893754465,-15.05890115849407
1091,distance,0,-122.23399495504268,13.970000267028809,1574182582.9926567,307.98992919921875,37.48764705395131,8.0,2019-11-19T08:56:22.992657-08:00,19.054167576667616,6.245174407958984,1574182583.288707,0.8240763676828808,POINT (-122.23399495504268 37.48764705395131),ios,22.384296562232702,-7.521137056293287,5.708561990651714
1092,distance,0,-122.23418108289354,15.34000015258789,1574182583.9926302,315.15032958984375,37.48778383888305,8.0,2019-11-19T08:56:23.992630-08:00,21.631268358822226,6.235042572021484,1574182584.188301,0.824354138109419,POINT (-122.23418108289354 37.48778383888305),ios,14.863358548787346,-1.8127261396650487,7.114831709458675
1093,distance,0,-122.23429812991694,14.369999885559082,1574182584.9926047,316.44403076171875,37.487879968333445,8.0,2019-11-19T08:56:24.992605-08:00,23.385597595916526,6.793209075927734,1574182585.162115,0.8246319088008669,POINT (-122.23429812991694 37.487879968333445),ios,13.050678653194483,5.301924064830487,-7.354681751982031
1094,distance,0,-122.23439982314648,14.210000038146973,1574182585.99258,316.44403076171875,37.48796519339915,8.0,2019-11-19T08:56:25.992580-08:00,25.49917776167911,6.659328460693359,1574182586.1155891,0.8249096796909968,POINT (-122.23439982314648 37.48796519339915),ios,18.352471253995958,-2.052575323903146,8.056794540451403
1095,distance,0,-122.23454148486258,14.319999694824219,1574182586.9925532,317.4817810058594,37.48808604137753,8.0,2019-11-19T08:56:26.992553-08:00,29.07601280985198,6.553066253662109,1574182587.114222,0.8251874500513077,POINT (-122.23454148486258 37.48808604137753),ios,16.29995073976714,6.004004076923534,-11.267505504882985
1096,distance,0,-122.23466604759739,15.819999694824219,1574182587.992529,317.4817810058594,37.488194292668894,8.0,2019-11-19T08:56:27.992529-08:00,10.0,5.613735198974609,1574182588.2359009,0.8254652210738924,POINT (-122.23466604759739 37.488194292668894),ios,22.30380880714634,-5.263227416928898,4.693334459560589
1097,distance,0,-122.23483404637295,15.239999771118164,1574182588.9925032,318.245849609375,37.48834416488049,8.0,2019-11-19T08:56:28.992503-08:00,36.255740545310694,5.486965179443359,1574182589.138171,0.8257429916991128,POINT (-122.23483404637295 37.48834416488049),ios,17.040716914147282,-0.5700138070066839,0.969599432449106
1098,distance,0,-122.23496243278652,15.420000076293945,1574182589.9924772,318.17742919921875,37.488458649714566,8.0,2019-11-19T08:56:29.992477-08:00,38.80270947952113,5.250545501708984,1574182590.159064,0.8260207622581058,POINT (-122.23496243278652 37.488458649714566),ios,16.47071792044573,0.39956042785585305,1.8699848817010845
1099,distance,0,-122.23508661826634,15.050000190734863,1574182590.9924512,318.17742919921875,37.4885692391939,12.0,2019-11-19T08:56:30.992451-08:00,41.50523322728369,5.372280120849609,1574182591.166462,0.8262985328170989,POINT (-122.23508661826634 37.4885692391939),ios,16.87026796467497,2.269496713090848,-1.651289891846514
1100,distance,0,-122.23521445120335,15.729999542236328,1574182591.9924264,317.9096374511719,37.48868206082955,12.0,2019-11-19T08:56:31.992426-08:00,44.085525691514356,5.352474212646484,1574182592.1690989,0.8265763037072288,POINT (-122.23521445120335 37.48868206082955),ios,19.13970840438693,0.6182477658560626,0.8571696378926992
1101,distance,0,-122.23536020107029,15.640000343322754,1574182592.9924,317.2159729003906,37.48880954309429,8.0,2019-11-19T08:56:32.992400-08:00,48.59871561514842,5.516750335693359,1574182593.1856608,0.826854074133767,POINT (-122.23536020107029 37.48880954309429),ios,19.757939808648313,1.475394719215212,-7.051789371815767
1102,distance,0,-122.23551127941089,16.15999984741211,1574182593.992375,317.67626953125,37.48894069528447,12.0,2019-11-19T08:56:33.992375-08:00,51.263941256968174,6.097591400146484,1574182594.179292,0.8271318449576696,POINT (-122.23551127941089 37.48894069528447),ios,21.233297592904705,-5.576218118452329,6.779524064078866
1103,distance,0,-122.23567341194756,16.889999389648438,1574182594.992349,317.0980529785156,37.489081805264284,12.0,2019-11-19T08:56:34.992349-08:00,52.72642313340982,6.117763519287109,1574182595.161411,0.8274096155166626,POINT (-122.23567341194756 37.489081805264284),ios,15.657224387118438,1.2031297618966543,-3.5058039761008324
1104,distance,0,-122.23579285532934,15.890000343322754,1574182595.9923239,317.8096618652344,37.489185939323484,12.0,2019-11-19T08:56:35.992324-08:00,54.90911743596869,6.085964202880859,1574182596.165462,0.8276873863405652,POINT (-122.23579285532934 37.489185939323484),ios,16.86032402992382,-2.302586450079906,5.454406093270151
1105,distance,0,-122.23592131306263,15.880000114440918,1574182596.9922981,316.7667541503906,37.48929819307647,12.0,2019-11-19T08:56:36.992298-08:00,57.71628965302645,6.584285736083984,1574182597.164339,0.8279651569657855,POINT (-122.23592131306263 37.48929819307647),ios,14.557796869618,3.1516791965611803,1.6760976022840852
1106,distance,0,-122.23603275611516,15.670000076293945,1574182597.9922729,317.7039794921875,37.48939473495297,12.0,2019-11-19T08:56:37.992273-08:00,59.39786182259201,6.503688812255859,1574182598.2076092,0.8282429277234608,POINT (-122.23603275611516 37.48939473495297),ios,17.709396415778343,4.827734439887536,-13.11097689143334
1107,distance,0,-122.23616751492266,15.59000015258789,1574182598.992247,317.7039794921875,37.48951276285857,12.0,2019-11-19T08:56:38.992247-08:00,61.59223612802838,5.662868499755859,1574182599.115044,0.8285206983486811,POINT (-122.23616751492266 37.48951276285857),ios,22.537006545334652,-8.282904854293847,21.79155748574274
1108,distance,0,-122.23634010521049,16.190000534057617,1574182599.9922214,317.5248718261719,37.48966217312912,8.0,2019-11-19T08:56:39.992221-08:00,65.34053793644763,6.403438568115234,1574182600.174766,0.8287984689739015,POINT (-122.23634010521049 37.48966217312912),ios,14.254314969268675,13.508091516134302,-28.991861464567464
1109,distance,0,-122.23644894645507,16.299999237060547,1574182600.9921951,317.5248718261719,37.48975690463884,8.0,2019-11-19T08:56:40.992195-08:00,65.09749791690405,5.794887542724609,1574182601.131484,0.8290762394666672,POINT (-122.23644894645507 37.48975690463884),ios,27.762052221604556,-15.483009606607412,23.98594504663504
1110,distance,0,-122.2366607889591,16.690000534057617,1574182601.9921703,317.6986389160156,37.489941507560886,8.0,2019-11-19T08:56:41.992170-08:00,72.39216210830219,5.251552581787109,1574182602.1352448,0.8293540103567971,POINT (-122.2366607889591 37.489941507560886),ios,12.279426524460808,8.502340695754242,-16.15621149121938
1111,distance,0,-122.23675423863459,16.700000762939453,1574182602.9921448,317.6986389160156,37.49002333966538,8.0,2019-11-19T08:56:42.992145-08:00,73.82002852862753,5.767513275146484,1574182603.128907,0.8296317810482449,POINT (-122.23675423863459 37.49002333966538),ios,20.781550318804364,-7.653458637779486,19.636810321437146
1112,distance,0,-122.2369125481954,16.729999542236328,1574182603.9921193,317.464111328125,37.49016171887573,12.0,2019-11-19T08:56:43.992119-08:00,77.63345035690627,6.717403411865234,1574182604.315215,0.8299095517396927,POINT (-122.2369125481954 37.49016171887573),ios,13.128286926785377,11.982850733153263,-12.335826859812629
1113,distance,0,-122.23701290838754,17.799999237060547,1574182604.992094,317.464111328125,37.49024888297961,12.0,2019-11-19T08:56:44.992094-08:00,78.26597940482428,6.475124359130859,1574182605.1282,0.8301873224973678,POINT (-122.23701290838754 37.49024888297961),ios,25.11083482490863,-0.35266437108629795,-6.984193776869675
1114,distance,0,-122.23720482856525,18.65999984741211,1574182605.9920678,317.4809875488281,37.49041563418802,12.0,2019-11-19T08:56:45.992068-08:00,84.10516259076458,6.440364837646484,1574182606.176075,0.8304650929901335,POINT (-122.23720482856525 37.49041563418802),ios,24.75817970281354,-7.336674980184762,10.344247033997217
1115,distance,0,-122.23739272445083,19.010000228881836,1574182606.9920425,318.0474548339844,37.490581000945056,12.0,2019-11-19T08:56:46.992043-08:00,86.99808968531828,6.799678802490234,1574182607.157309,0.8307428637478087,POINT (-122.23739272445083 37.490581000945056),ios,17.421690137788932,3.007310630180404,-0.1108591133116809
1116,distance,0,-122.23752441572462,18.8799991607666,1574182607.9920168,318.0474548339844,37.49069774038395,12.0,2019-11-19T08:56:47.992017-08:00,89.50338881819069,6.854885101318359,1574182608.111911,0.8310206343730291,POINT (-122.23752441572462 37.49069774038395),ios,20.42892333210678,2.8964543714029287,-9.51721922100224
1117,distance,0,-122.23767883876742,18.479999542236328,1574182608.99199,318.0474548339844,37.490834630694515,12.0,2019-11-19T08:56:48.991990-08:00,93.03537782969292,8.422786712646484,1574182609.128969,0.8312984047333399,POINT (-122.23767883876742 37.490834630694515),ios,23.325300359833715,-6.620510712428339,12.72688606618844
1118,distance,0,-122.23785593444224,18.709999084472656,1574182609.9919653,316.1509704589844,37.49099037454794,12.0,2019-11-19T08:56:49.991965-08:00,98.01701869421389,7.714015960693359,1574182610.1356611,0.8315761756234699,POINT (-122.23785593444224 37.49099037454794),ios,16.704953806492103,6.106059783846504,-8.868658164807472
1119,distance,0,-122.2379856716325,18.459999084472656,1574182610.9919395,317.11578369140625,37.49109978968129,12.0,2019-11-19T08:56:50.991940-08:00,100.3844029235461,7.698055267333984,1574182611.170384,0.8318539462486902,POINT (-122.2379856716325 37.49109978968129),ios,22.81085636414407,-2.762370020050125,20.553426211284027
1120,distance,0,-122.23816120878125,19.260000228881836,1574182611.9919145,317.11578369140625,37.49125039766363,12.0,2019-11-19T08:56:51.991915-08:00,103.32143746208202,8.59115219116211,1574182612.128751,0.8321317170725928,POINT (-122.23816120878125 37.49125039766363),ios,20.048555497129133,17.790541657773243,-43.911344666577385
1121,distance,0,-122.23831231014275,19.31999969482422,1574182612.991889,318.5998840332031,37.49138505651828,12.0,2019-11-19T08:56:52.991889-08:00,106.20338374720853,7.993770599365234,1574182613.146668,0.8324094877640407,POINT (-122.23831231014275 37.49138505651828),ios,37.83864330416638,-26.119682795801143,38.54434934447037
1122,distance,0,-122.23872731547651,19.450000762939453,1574182613.9918633,315.8167724609375,37.49129924226042,12.0,2019-11-19T08:56:53.991863-08:00,76.0944756871165,7.944301605224609,1574182614.156242,0.832687258389261,POINT (-122.23872731547651 37.49129924226042),ios,11.719633069472383,12.423674062256891,-21.825849194722558
1123,distance,0,-122.23881667721814,18.799999237060547,1574182614.991838,318.3818054199219,37.49137722096111,12.0,2019-11-19T08:56:54.991838-08:00,76.71178744640008,7.772151947021484,1574182615.200002,0.8329650291469362,POINT (-122.23881667721814 37.49137722096111),ios,24.142993156049258,-9.401623541542682,76.71060062710207
1124,distance,0,-122.23900141548306,19.1200008392334,1574182615.9918125,317.2122497558594,37.49153739122369,12.0,2019-11-19T08:56:55.991812-08:00,81.93402866807907,7.468868255615234,1574182616.200037,0.833242799838384,POINT (-122.23900141548306 37.49153739122369),ios,14.741609457331261,67.3070201376922,-125.85646501851592
1125,distance,0,-122.23911465065105,19.940000534057617,1574182616.9917865,317.2122497558594,37.49163487375243,12.0,2019-11-19T08:56:56.991786-08:00,84.02234044138868,7.810390472412109,1574182617.156166,0.833520570397377,POINT (-122.23911465065105 37.49163487375243),ios,82.04688044541605,-58.54617417019161,55.61626357793234
1126,distance,0,-122.23982546489894,19.68000030517578,1574182617.9917607,308.671875,37.49115913178538,12.0,2019-11-19T08:56:57.991761-08:00,30.0,7.827419281005859,1574182618.186036,0.8337983410225974,POINT (-122.23982546489894 37.49115913178538),ios,23.502213792755448,-2.931342666917297,6.00314731692715
1127,distance,0,-122.24002906132698,20.579999923706055,1574182618.9917355,309.0234375,37.49129542153095,12.0,2019-11-19T08:56:58.991735-08:00,30.0,8.267513275146484,1574182619.183188,0.8340761117802726,POINT (-122.24002906132698 37.49129542153095),ios,20.570945207812823,3.0716529362533884,-4.9759144041315
1128,distance,0,-122.24020692531228,20.8700008392334,1574182619.9917097,308.671875,37.49141503128921,12.0,2019-11-19T08:56:59.991710-08:00,30.0,7.870937347412109,1574182620.2163749,0.834353882405493,POINT (-122.24020692531228 37.49141503128921),ios,23.642519051440328,-1.9041333420303796,-3.1458333484915886
1129,distance,0,-122.24041773017704,20.719999313354492,1574182620.9916835,307.96875,37.491546291892874,12.0,2019-11-19T08:57:00.991683-08:00,30.0,8.226009368896484,1574182621.1642609,0.8346316528982586,POINT (-122.24041773017704 37.491546291892874),ios,21.73843564729419,-5.049884187759094,9.407015965101756
1130,distance,0,-122.24060850229323,20.790000915527344,1574182621.9916587,307.96875,37.491670008783686,12.0,2019-11-19T08:57:01.991659-08:00,30.0,8.01522445678711,1574182622.164526,0.8349094237883886,POINT (-122.24060850229323 37.491670008783686),ios,16.688676674101213,4.356898525375143,1.3294207461394938
1131,distance,0,-122.24076004710257,20.010000228881836,1574182622.9916334,308.3203125,37.49175982087617,12.0,2019-11-19T08:57:02.991633-08:00,30.0,7.695919036865234,1574182623.114847,0.8351871945460637,POINT (-122.24076004710257 37.49175982087617),ios,21.04546509032745,5.686285673902472,-13.395945301405444
1132,distance,0,-122.24095970403611,19.899999618530273,1574182623.9916077,307.6171875,37.49186337928985,12.0,2019-11-19T08:57:03.991608-08:00,30.0,7.257259368896484,1574182624.157095,0.8354649651712841,POINT (-122.24095970403611 37.49186337928985),ios,26.731604346885643,-7.709314692540567,-0.6642131368301862
1133,distance,0,-122.24106855082947,20.540000915527344,1574182624.991582,308.5178527832031,37.492087727369395,12.0,2019-11-19T08:57:04.991582-08:00,30.0,7.470272064208984,1574182625.149574,0.8357427357965046,POINT (-122.24106855082947 37.492087727369395),ios,19.0224881630814,-8.373510726409505,13.407726427727686
1134,distance,0,-122.2412369669808,20.040000915527344,1574182625.9915566,308.5178527832031,37.49219453692416,12.0,2019-11-19T08:57:05.991557-08:00,30.0,7.777248382568359,1574182626.1458368,0.8360205065541797,POINT (-122.2412369669808 37.49219453692416),ios,10.64918905512802,5.033876856303291,2.4102346161881614
1135,distance,0,-122.24133124990452,19.110000610351562,1574182626.991531,308.5178527832031,37.492254331172084,12.0,2019-11-19T08:57:06.991531-08:00,30.0,7.951564788818359,1574182627.186709,0.8362982771794001,POINT (-122.24133124990452 37.492254331172084),ios,15.682936293096425,7.444049410862503,-4.502801292427599
1136,distance,0,-122.24147019974156,19.190000534057617,1574182627.9915051,308.4235534667969,37.49234228976768,12.0,2019-11-19T08:57:07.991505-08:00,30.0,8.19149398803711,1574182628.257829,0.8365760478046206,POINT (-122.24147019974156 37.49234228976768),ios,23.12679402559313,2.9413640619954045,-5.546532315891944
1137,distance,0,-122.24167383698612,19.760000228881836,1574182628.9914799,308.91339111328125,37.492473245952525,12.0,2019-11-19T08:57:08.991480-08:00,30.0,8.182125091552734,1574182629.16436,0.8368538185622957,POINT (-122.24167383698612 37.492473245952525),ios,26.068083752349466,-2.6050280798830476,-0.5430356951661252
1138,distance,0,-122.24190204032162,20.459999084472656,1574182629.9914544,309.7959899902344,37.49262215276549,12.0,2019-11-19T08:57:09.991454-08:00,30.0,8.720943450927734,1574182630.1154761,0.8371315892537435,POINT (-122.24190204032162 37.49262215276549),ios,23.463122128785404,-3.1480499217806965,10.008178602537138
1139,distance,0,-122.24210601391856,20.809999465942383,1574182630.9914289,309.7959899902344,37.49275754346463,12.0,2019-11-19T08:57:10.991429-08:00,30.0,8.73678207397461,1574182631.1155028,0.8374093599451913,POINT (-122.24210601391856 37.49275754346463),ios,20.31515251623876,6.859873364234208,-12.60537550417298
1140,distance,0,-122.2422819672504,20.360000610351562,1574182631.991403,310.11700439453125,37.49287538676252,12.0,2019-11-19T08:57:11.991403-08:00,30.0,8.96194076538086,1574182632.13756,0.8376871305704117,POINT (-122.2422819672504 37.49287538676252),ios,27.174849244176855,-5.745177561521362,4.282044810950483
1141,distance,0,-122.24251432781715,21.389999389648438,1574182632.9913783,311.2484436035156,37.49303580505866,12.0,2019-11-19T08:57:12.991378-08:00,30.0,8.985469818115234,1574182633.095787,0.8379649014605416,POINT (-122.24251432781715 37.49303580505866),ios,21.429814137390867,-1.4632389261509846,9.163145516409948
1142,distance,0,-122.24269661251928,21.729999542236328,1574182633.9913514,311.2484436035156,37.493163172360404,12.0,2019-11-19T08:57:13.991351-08:00,30.0,9.52145004272461,1574182634.124919,0.8382426717546251,POINT (-122.24269661251928 37.493163172360404),ios,19.966614632797942,7.699659723211807,-16.205422095763232
1143,distance,0,-122.24286510822473,21.059999465942383,1574182634.991327,312.13671875,37.49328304314612,12.0,2019-11-19T08:57:14.991327-08:00,30.0,10.29665756225586,1574182635.139111,0.8385204427772098,POINT (-122.24286510822473 37.49328304314612),ios,27.66608711033281,-8.505368277833025,10.750849439255537
1144,distance,0,-122.24309719745061,22.530000686645508,1574182635.991301,312.13671875,37.493450352232195,8.0,2019-11-19T08:57:15.991301-08:00,30.0,11.22024154663086,1574182636.099206,0.8387982133362029,POINT (-122.24309719745061 37.493450352232195),ios,19.160939866822115,2.245201772377541,0.6971067745824518
1145,distance,0,-122.24325751567967,21.799999237060547,1574182636.9912758,313.47174072265625,37.49356659465107,12.0,2019-11-19T08:57:16.991276-08:00,30.0,10.96871566772461,1574182637.1121988,0.839075984093878,POINT (-122.24325751567967 37.49356659465107),ios,21.40608489763112,2.9422909294200847,-3.5330289366624275
1146,distance,0,-122.24343323922871,22.059999465942383,1574182637.99125,313.47174072265625,37.49369933241287,8.0,2019-11-19T08:57:17.991250-08:00,30.0,11.40505599975586,1574182638.124936,0.8393537547190985,POINT (-122.24343323922871 37.49369933241287),ios,24.348300065394355,-0.59064703455053,-3.4562680225240623
1147,distance,0,-122.2436327288364,22.270000457763672,1574182638.9912243,313.58843994140625,37.49385063660992,12.0,2019-11-19T08:57:18.991224-08:00,30.0,11.682857513427734,1574182639.128261,0.8396315253443188,POINT (-122.2436327288364 37.49385063660992),ios,23.75766823953631,-4.0468260609154125,3.3199336627880034
1148,distance,0,-122.24382545117159,21.770000457763672,1574182639.9911995,314.87860107421875,37.493999855047356,12.0,2019-11-19T08:57:19.991199-08:00,30.0,12.82003402709961,1574182640.12037,0.8399092962344488,POINT (-122.24382545117159 37.493999855047356),ios,19.710942521826908,-0.7269747176495346,3.163494047915539
1149,distance,0,-122.24398267858781,21.799999237060547,1574182640.9911737,315.3367614746094,37.494125789201576,8.0,2019-11-19T08:57:20.991174-08:00,30.0,10.99477767944336,1574182641.151424,0.8401870668596692,POINT (-122.24398267858781 37.494125789201576),ios,18.98398652319953,2.436437872804367,-3.5909070175778677
1150,distance,0,-122.24413235347252,21.200000762939453,1574182641.9911475,316.24713134765625,37.494248441655074,12.0,2019-11-19T08:57:21.991148-08:00,30.0,10.446468353271484,1574182642.105602,0.8404648373524348,POINT (-122.24413235347252 37.494248441655074),ios,21.42036049787777,-1.1543749694891305,6.079126631547694
1151,distance,0,-122.24429872516963,21.450000762939453,1574182642.9911222,317.46240234375,37.49438873804944,8.0,2019-11-19T08:57:22.991122-08:00,30.0,9.992549896240234,1574182643.114259,0.8407426081101099,POINT (-122.24429872516963 37.49438873804944),ios,20.266014702179277,4.924598028124794,-3.8960723289189043
1152,distance,0,-122.24445366532477,21.389999389648438,1574182643.9910967,317.46240234375,37.49452328788522,8.0,2019-11-19T08:57:23.991097-08:00,30.0,9.392818450927734,1574182644.105232,0.8410203788015578,POINT (-122.24445366532477 37.49452328788522),ios,25.190487099927967,1.0286250910809644,2.6230775595923426
1153,distance,0,-122.24464625482126,22.1200008392334,1574182644.9910712,317.46240234375,37.49469053236165,8.0,2019-11-19T08:57:24.991071-08:00,30.0,8.46175765991211,1574182645.111137,0.8412981494930055,POINT (-122.24464625482126 37.49469053236165),ios,26.21908594997234,3.6516357338978715,-11.939790104756925
1154,distance,0,-122.24484616150535,22.139999389648438,1574182645.9910448,317.642578125,37.494865001303836,8.0,2019-11-19T08:57:25.991045-08:00,30.0,9.14217758178711,1574182646.21446,0.8415759199195438,POINT (-122.24484616150535 37.494865001303836),ios,29.87062504529407,-8.287838390734192,5.739719524358353
1155,distance,0,-122.24507386606187,24.280000686645508,1574182646.9910192,317.40179443359375,37.495063800481496,8.0,2019-11-19T08:57:26.991019-08:00,30.0,9.933467864990234,1574182647.3345861,0.8418536906109916,POINT (-122.24507386606187 37.495063800481496),ios,21.58299808384774,-2.5482652911435975,7.813621551834898
1156,distance,0,-122.2452386067266,24.469999313354492,1574182647.990994,317.62677001953125,37.495207289324824,12.0,2019-11-19T08:57:27.990994-08:00,30.0,8.374935150146484,1574182648.195164,0.8421314613686668,POINT (-122.2452386067266 37.495207289324824),ios,19.034797193405872,5.26515879196121,0.25042579413503785
1157,distance,0,-122.24538393514264,23.940000534057617,1574182648.9909682,317.4809265136719,37.49533380981868,12.0,2019-11-19T08:57:28.990968-08:00,30.0,10.91964340209961,1574182649.1708589,0.8424092319938872,POINT (-122.24538393514264 37.49533380981868),ios,24.299820411705866,5.515578137830751,-10.755065851439156
1158,distance,0,-122.2455692643206,24.040000915527344,1574182649.990943,317.66595458984375,37.49549546862152,12.0,2019-11-19T08:57:29.990943-08:00,30.0,10.78780746459961,1574182650.158526,0.8426870027515623,POINT (-122.2455692643206 37.49549546862152),ios,29.815259157808548,-5.239215907611451,5.574603455143203
1159,distance,0,-122.24579632559714,25.079999923706055,1574182650.9909172,317.66595458984375,37.495694059979634,12.0,2019-11-19T08:57:30.990917-08:00,30.0,10.234493255615234,1574182651.137233,0.8429647733767828,POINT (-122.24579632559714 37.495694059979634),ios,24.576178155849625,0.33524400591599096,-4.3321708706747835
1160,distance,0,-122.24598349123507,24.3700008392334,1574182651.9908924,317.6651611328125,37.49585775359102,12.0,2019-11-19T08:57:31.990892-08:00,30.0,10.55477523803711,1574182652.171976,0.8432425442669127,POINT (-122.24598349123507 37.49585775359102),ios,24.911413849212064,-3.9968194462763575,6.559649419639627
1161,distance,0,-122.24617320993129,24.3700008392334,1574182652.9908662,317.6651611328125,37.4960236799681,12.0,2019-11-19T08:57:32.990866-08:00,30.0,9.450862884521484,1574182653.1219301,0.8435203147596783,POINT (-122.24617320993129 37.4960236799681),ios,20.91469922369717,2.5626579397109257,-10.892189505426437
1162,distance,0,-122.2463326284528,23.479999542236328,1574182653.9908407,317.5666198730469,37.496162886802395,12.0,2019-11-19T08:57:33.990841-08:00,30.0,9.30849838256836,1574182654.148135,0.8437980854511261,POINT (-122.2463326284528 37.496162886802395),ios,23.477291787984772,-8.329253697378576,17.16131502935304
1163,distance,0,-122.24651176427436,23.610000610351562,1574182654.9908152,317.5666198730469,37.49631901728267,12.0,2019-11-19T08:57:34.990815-08:00,30.0,9.58645248413086,1574182655.124295,0.8440758561425739,POINT (-122.24651176427436 37.49631901728267),ios,15.148250576431167,8.83162353330557,-10.899675101835319
1164,distance,0,-122.24662734809714,22.600000381469727,1574182655.9907892,317.5666198730469,37.49641975736694,12.0,2019-11-19T08:57:35.990789-08:00,30.0,9.30526351928711,1574182656.1262941,0.8443536267015669,POINT (-122.24662734809714 37.49641975736694),ios,23.979644596815135,-2.0677683118592487,4.338346310629579
1165,distance,0,-122.24680960569127,22.290000915527344,1574182656.9907641,317.7693176269531,37.4965797410976,12.0,2019-11-19T08:57:36.990764-08:00,30.0,8.92989730834961,1574182657.1636128,0.8446313975254695,POINT (-122.24680960569127 37.4965797410976),ios,21.911928049366082,2.2704693928222124,-3.542736645452169
1166,distance,0,-122.2469768767697,22.959999084472656,1574182657.9907384,317.5321350097656,37.496725404814825,12.0,2019-11-19T08:57:37.990738-08:00,30.0,9.146114349365234,1574182658.146759,0.8449091681506898,POINT (-122.2469768767697 37.496725404814825),ios,24.18233897940295,-1.2721760299723455,-6.282490119814562
1167,distance,0,-122.24716151470606,24.469999313354492,1574182658.9907122,317.5321350097656,37.49688613633997,12.0,2019-11-19T08:57:38.990712-08:00,30.0,10.699337005615234,1574182659.1347651,0.8451869386434555,POINT (-122.24716151470606 37.49688613633997),ios,22.91019631357476,-7.554501384926473,19.05737186912816
1168,distance,0,-122.24733644031902,24.360000610351562,1574182659.9906874,317.531982421875,37.49703841247178,12.0,2019-11-19T08:57:39.990687-08:00,30.0,10.89834213256836,1574182660.156668,0.8454647095335854,POINT (-122.24733644031902 37.49703841247178),ios,15.355882246530834,11.502397946523352,-16.510512660851564
1169,distance,0,-122.24745368673472,23.770000457763672,1574182660.9906616,317.531982421875,37.49714047762269,12.0,2019-11-19T08:57:40.990662-08:00,30.0,11.46059799194336,1574182661.100347,0.8457424801588058,POINT (-122.24745368673472 37.49714047762269),ios,26.857984015433722,-5.0076895817275755,5.627555517081579
1170,distance,0,-122.24765875510805,24.020000457763672,1574182661.990636,317.531982421875,37.49731899339523,12.0,2019-11-19T08:57:41.990636-08:00,30.0,11.495174407958984,1574182662.1098108,0.8460202508502537,POINT (-122.24765875510805 37.49731899339523),ios,21.850422183813254,0.6197223719784529,-6.995877398918226
1171,distance,0,-122.24782549506396,23.579999923706055,1574182662.9906106,317.6457824707031,37.49746429400742,12.0,2019-11-19T08:57:42.990611-08:00,30.0,11.744808197021484,1574182663.148933,0.8462980215417014,POINT (-122.24782549506396 37.49746429400742),ios,22.47012874618568,-6.375976556594828,12.082912923498302
1172,distance,0,-122.24799668727239,23.65999984741211,1574182663.9905858,317.6457824707031,37.49761391555581,12.0,2019-11-19T08:57:43.990586-08:00,30.0,11.303462982177734,1574182664.110894,0.8465757924318313,POINT (-122.24799668727239 37.49761391555581),ios,16.094310285323036,5.706636764646689,1.644471373071707
1173,distance,0,-122.24811930422537,23.139999389648438,1574182664.9905596,317.6457824707031,37.49772108245626,12.0,2019-11-19T08:57:44.990560-08:00,30.0,11.635860443115234,1574182665.10455,0.846853562924597,POINT (-122.24811930422537 37.49772108245626),ios,21.80079738746455,7.3510650097403,-8.58039218760002
1174,distance,0,-122.2482853972438,22.920000076293945,1574182665.9905345,317.6457824707031,37.49786624732574,8.0,2019-11-19T08:57:45.990535-08:00,30.0,10.911434173583984,1574182666.1843991,0.8471313337484996,POINT (-122.2482853972438 37.49786624732574),ios,29.151678371005026,-1.2291123767438024,-0.03414652545008028
1175,distance,0,-122.24850747981337,23.90999984741211,1574182666.990508,317.65093994140625,37.49806036967388,8.0,2019-11-19T08:57:46.990508-08:00,30.0,10.599483489990234,1574182667.143406,0.8474091041750378,POINT (-122.24850747981337 37.49806036967388),ios,27.922598522059356,-1.2632579985244479,-11.98212963688781
1176,distance,0,-122.24872019229052,25.170000076293945,1574182667.9904833,317.65093994140625,37.49824631333829,8.0,2019-11-19T08:57:47.990483-08:00,30.0,11.259090423583984,1574182668.1360269,0.8476868750651677,POINT (-122.24872019229052 37.49824631333829),ios,26.65937184668932,-13.245090532130705,31.205188757449108
1177,distance,0,-122.24892331402104,24.829999923706055,1574182668.990457,317.64208984375,37.498423821394496,12.0,2019-11-19T08:57:48.990457-08:00,30.0,10.494441986083984,1574182669.147464,0.8479646455579334,POINT (-122.24892331402104 37.498423821394496),ios,13.414628680881737,17.959279836674348,-11.69899753462255
1178,distance,0,-122.24902552323148,24.290000915527344,1574182669.9904315,317.6441650390625,37.49851314042035,8.0,2019-11-19T08:57:49.990432-08:00,30.0,11.371761322021484,1574182670.11123,0.8482424162493811,POINT (-122.24902552323148 37.49851314042035),ios,31.37345036217619,6.260580752697293,-24.282544708910674
1179,distance,0,-122.24926456525706,25.350000381469727,1574182670.9904065,317.6441650390625,37.498722035497146,12.0,2019-11-19T08:57:50.990407-08:00,30.0,15.884883880615234,1574182671.1317348,0.8485201870732837,POINT (-122.24926456525706 37.498722035497146),ios,37.633874387802905,-18.0213560681837,36.81684050519343
1180,distance,0,-122.24954887363621,26.8700008392334,1574182671.9903798,318.147216796875,37.49897435366685,12.0,2019-11-19T08:57:51.990380-08:00,30.0,17.908748626708984,1574182672.173243,0.8487979574335947,POINT (-122.24954887363621 37.49897435366685),ios,19.612999541743218,18.794501321304107,-31.623524245929854
1181,distance,0,-122.24969685997588,25.270000457763672,1574182672.990355,318.147216796875,37.49910597948746,12.0,2019-11-19T08:57:52.990355-08:00,30.0,17.191585540771484,1574182673.1571798,0.8490757283237246,POINT (-122.24969685997588 37.49910597948746),ios,38.40703484338413,-12.82823880251119,13.183471026473818
1182,distance,0,-122.24998314205435,25.719999313354492,1574182673.9903293,319.0729064941406,37.49936619302119,12.0,2019-11-19T08:57:53.990329-08:00,30.0,17.502132415771484,1574182674.176249,0.849353498948945,POINT (-122.24998314205435 37.49936619302119),ios,25.57912635784345,0.3548927600442141,-4.499708359965777
1183,distance,0,-122.25017555405036,25.760000228881836,1574182674.9903035,316.85357666015625,37.499538275730664,12.0,2019-11-19T08:57:54.990304-08:00,30.0,18.547603607177734,1574182675.160939,0.8496312695741653,POINT (-122.25017555405036 37.499538275730664),ios,25.934009979680685,-4.14469973600162,12.502132298329908
1184,distance,0,-122.25037404023722,25.700000762939453,1574182675.9902787,318.9389343261719,37.49971031252391,12.0,2019-11-19T08:57:55.990279-08:00,30.0,19.203731536865234,1574182676.147439,0.8499090404642953,POINT (-122.25037404023722 37.49971031252391),ios,21.789413013714938,8.357122565303984,-10.342978686641715
1185,distance,0,-122.25053940242394,25.280000686645508,1574182676.9902525,317.4287414550781,37.49985586666276,12.0,2019-11-19T08:57:56.990252-08:00,30.0,20.16543197631836,1574182677.166788,0.850186810957061,POINT (-122.25053940242394 37.49985586666276),ios,30.146316404757307,-1.9855848659266948,-11.228073639681773
1186,distance,0,-122.25076994329856,25.75,1574182677.9902275,317.5852355957031,37.50005598071328,12.0,2019-11-19T08:57:57.990227-08:00,30.0,19.61239242553711,1574182678.1575031,0.8504645817809635,POINT (-122.25076994329856 37.50005598071328),ios,28.160781245864467,-13.21337742256533,20.784766631013486
1187,distance,0,-122.25098475198388,25.729999542236328,1574182678.990202,317.5852355957031,37.500243311279114,12.0,2019-11-19T08:57:58.990202-08:00,30.0,23.01876449584961,1574182679.127537,0.8507423524724113,POINT (-122.25098475198388 37.500243311279114),ios,14.94774090696885,7.570858972673754,-7.739091086370773
1188,distance,0,-122.2510989868874,24.229999542236328,1574182679.9901767,316.62359619140625,37.50034259148013,12.0,2019-11-19T08:57:59.990177-08:00,30.0,23.64278793334961,1574182680.131984,0.8510201232300865,POINT (-122.2510989868874 37.50034259148013),ios,22.518408546098087,-0.16803652852838186,-0.017308507431955885
1189,distance,0,-122.25274753218187,-1.0,1574182688.847153,-1.0,37.501570062171766,25.093473434448242,2019-11-19T08:58:08.847153-08:00,108.16012654051319,23.64278793334961,1574182688.9911342,0.8534803944163852,POINT (-122.25274753218187 37.501570062171766),ios,21.030113000315495,-0.3213375681340284,0.09969546078061128
1190,distance,0,-122.25294821648785,-1.0,1574182690.103591,-1.0,37.50174646868086,25.093473434448242,2019-11-19T08:58:10.103591-08:00,111.06390660319508,23.64278793334961,1574182690.968583,0.8538294049766328,POINT (-122.25294821648785 37.50174646868086),ios,20.626372263456446,-0.1960764010977549,-0.3185928404153708
1191,distance,0,-122.25300461542626,-1.0,1574182690.4636111,-1.0,37.50179604677871,25.093473434448242,2019-11-19T08:58:10.463611-08:00,111.30041516638582,23.64278793334961,1574182691.0113149,0.8539294105768204,POINT (-122.25300461542626 37.50179604677871),ios,20.555780806028647,-0.3107762466940169,-21.741227285231396
1192,distance,0,-122.25301692521545,-1.0,1574182690.54246,-1.0,37.50180686783225,25.093473434448242,2019-11-19T08:58:10.542460-08:00,111.30962218655186,23.64278793334961,1574182691.057873,0.8539513130320443,POINT (-122.25301692521545 37.50180686783225),ios,20.53127645984829,-2.0250467723551484,25.149897999301576
1193,distance,0,-122.25302840607462,-1.0,1574182690.616087,-1.0,37.501816960205886,25.093473434448242,2019-11-19T08:58:10.616087-08:00,111.32050881582663,23.64278793334961,1574182691.106411,0.853971764975124,POINT (-122.25302840607462 37.501816960205886),ios,20.38217835108982,-0.17333535593032157,-1.175064491957765
1194,distance,0,-122.25316156663705,-1.0,1574182691.476295,-1.0,37.50193401644092,25.093473434448242,2019-11-19T08:58:11.476295-08:00,112.82885011408155,23.64278793334961,1574182691.635366,0.8542107116513782,POINT (-122.25316156663705 37.50193401644092),ios,20.233073885252974,-1.1841352729861254,11.70238606780592
1195,distance,0,-122.2531736157712,-1.0,1574182691.5547051,-1.0,37.501944608362834,25.093473434448242,2019-11-19T08:58:11.554705-08:00,112.83604712208835,23.64278793334961,1574182693.722429,0.8542324922482173,POINT (-122.2531736157712 37.501944608362834),ios,20.14022566251123,-0.26654944219376037,-1.2351655409560356
1196,distance,0,-122.25325175701134,-1.0,1574182692.065556,-1.0,37.502013299266544,25.093473434448242,2019-11-19T08:58:12.065556-08:00,113.39644081285384,23.64278793334961,1574182695.330677,0.854374395277765,POINT (-122.25325175701134 37.502013299266544),ios,20.00405863837358,-0.8975348783106997,1.8870058225578157
1197,distance,0,-122.25330681514097,-1.0,1574182692.427932,-1.0,37.50206169426591,25.093473434448242,2019-11-19T08:58:12.427932-08:00,113.68651510080808,23.64278793334961,1574182695.374892,0.8544750552707249,POINT (-122.25330681514097 37.50206169426591),ios,19.678813562058746,-0.2137293041813656,0.0036482785804254165
1198,distance,0,-122.25356681725684,-1.0,1574182694.167469,-1.0,37.502290230947324,25.093473434448242,2019-11-19T08:58:14.167469-08:00,120.46802848142025,23.64278793334961,1574182695.426704,0.8549582599931294,POINT (-122.25356681725684 37.502290230947324),ios,19.307023529310772,-0.20738298860201437,-1.125580967597389
1199,distance,0,-122.25366924501216,-1.0,1574182694.8659549,-1.0,37.5023802629042,25.093473434448242,2019-11-19T08:58:14.865955-08:00,121.62011380671231,23.64278793334961,1574182695.472116,0.8551522838407093,POINT (-122.25366924501216 37.5023802629042),ios,19.162169445974477,-0.9935853689476692,1.8191860538242717
1200,distance,0,-122.25370779367407,-1.0,1574182695.130817,-1.0,37.502414146410246,25.093473434448242,2019-11-19T08:58:15.130817-08:00,121.79015332292545,23.64278793334961,1574182695.529224,0.8552258566353056,POINT (-122.25370779367407 37.502414146410246),ios,18.89900637782577,-0.5117520022136344,-1.2787807050499176
1201,distance,0,-122.25392425585054,-1.0,1574182696.638805,-1.0,37.50260441235211,25.093473434448242,2019-11-19T08:58:16.638805-08:00,127.32678468239064,23.64278793334961,1574182696.7091,0.8556447421842152,POINT (-122.25392425585054 37.50260441235211),ios,18.127290511755703,-2.440137929464622,5.578025778944474
1202,distance,0,-122.25445357027651,-1.0,1574182700.4832602,-1.0,37.50306966919028,25.093473434448242,2019-11-19T08:58:20.483260-08:00,161.31388000514724,23.64278793334961,1574182700.566885,0.8567126464181476,POINT (-122.25445357027651 37.50306966919028),ios,8.746289457239351,19.004332517285246,-12.42583709001874
1203,distance,0,-122.25489300710214,0.5007963632150443,1574182706.9975476,-1.0,37.50344519334276,25.193584442138672,2019-11-19T08:58:26.997548-08:00,242.50818621580453,23.774364471435547,1574182707.161316,0.8585221707158619,POINT (-122.25489300710214 37.50344519334276),ios,132.54597468396543,-61.94114236449425,20.61751255129833
1204,distance,0,-122.25593696937462,0.5917193073754192,1574182707.9976845,-1.0,37.504302743559556,25.30960464477539,2019-11-19T08:58:27.997684-08:00,200.0,23.92646026611328,1574182708.124785,0.8587999865081575,POINT (-122.25593696937462 37.504302743559556),ios,70.5963555338788,-41.32080825991689,76.43939510355068
1205,distance,0,-122.25650368597783,0.7405407834599536,1574182708.9978127,-1.0,37.50475114632075,25.41885757446289,2019-11-19T08:58:28.997813-08:00,200.0,24.082347869873047,1574182709.077893,0.8590777999162674,POINT (-122.25650368597783 37.50475114632075),ios,29.27024708712667,35.128391663352566,-70.99093489137039
1206,distance,0,-122.2567128508358,0.8994921230698536,1574182709.99793,-1.0,37.5049555360639,25.509794235229492,2019-11-19T08:58:29.997930-08:00,200.0,24.252378463745117,1574182710.073288,0.8593556102779176,POINT (-122.2567128508358 37.5049555360639),ios,64.40275937900267,-35.87087060246816,59.06254184873944
1207,distance,0,-122.25721011880995,-1.0,1574182710.9980392,-1.0,37.505379701068165,384.0,2019-11-19T08:58:30.998039-08:00,50.0,83.10952377319336,1574182711.080565,0.8596334183878369,POINT (-122.25721011880995 37.505379701068165),ios,28.52797183137844,23.19812062241729,-46.94920574834487
1208,distance,0,-122.25739980127872,-1.0,1574182711.9981408,-1.0,37.5055875303573,256.0,2019-11-19T08:58:31.998141-08:00,50.0,54.98275375366211,1574182712.0877972,0.8599112243784799,POINT (-122.25739980127872 37.5055875303573),ios,51.72844860141525,-23.75585358373341,22.02182428714962
1209,distance,0,-122.25777514290274,25.790000915527344,1574182712.998234,319.21875,37.50594501852757,192.0,2019-11-19T08:58:32.998234-08:00,50.0,54.17422103881836,1574182713.119001,0.8601890280511644,POINT (-122.25777514290274 37.50594501852757),ios,27.970380457470842,-1.7319763854699834,-0.229780919838732
1210,distance,0,-122.25796943541826,26.31999969482422,1574182713.9983191,320.2734375,37.5061438372708,192.0,2019-11-19T08:58:33.998319-08:00,50.0,48.43770980834961,1574182714.129136,0.8604668294721179,POINT (-122.25796943541826 37.5061438372708),ios,26.238256654081315,-1.9617768632111428,4.070786858989392
1211,distance,0,-122.25815618422092,26.25,1574182714.9983978,320.2734375,37.5063275266788,128.0,2019-11-19T08:58:34.998398-08:00,30.0,44.27383041381836,1574182715.129695,0.8607446291049321,POINT (-122.25815618422092 37.5063275266788),ios,24.276325441932933,2.109330277680435,13.227311553908798
1212,distance,0,-122.25833991553844,26.030000686645508,1574182715.99847,320.2734375,37.506490093690815,96.0,2019-11-19T08:58:35.998470-08:00,30.0,36.39065170288086,1574182716.129668,0.861022426949607,POINT (-122.25833991553844 37.506490093690815),ios,26.38580809938225,15.337597383547516,-16.324777555781438
1213,distance,0,-122.2585578450209,25.90999984741211,1574182716.9985356,316.7578125,37.50665266070283,8.0,2019-11-19T08:58:36.998536-08:00,30.0,11.44771957397461,1574182717.153778,0.8613002229399151,POINT (-122.2585578450209 37.50665266070283),ios,41.724411094177896,-0.988250508057897,4.0758960913953945
1214,distance,0,-122.25898632791103,27.309999465942383,1574182717.9985967,310.78125,37.50681166540599,8.0,2019-11-19T08:58:37.998597-08:00,30.0,11.485530853271484,1574182718.143677,0.861578017671903,POINT (-122.25898632791103 37.50681166540599),ios,40.736100268095825,3.0878943562922947,-18.948992954123685
1215,distance,0,-122.259279610703,28.510000228881836,1574182718.9986513,313.2421875,37.50709468036658,8.0,2019-11-19T08:58:38.998651-08:00,30.0,11.263423919677734,1574182719.170784,0.8618558106157514,POINT (-122.259279610703 37.50709468036658),ios,43.82416321679525,-15.862133172193786,15.540236588460372
1216,distance,0,-122.25931269646503,29.09000015258789,1574182719.9987006,317.6186828613281,37.50748794513721,8.0,2019-11-19T08:58:39.998701-08:00,30.0,10.55276107788086,1574182720.1306791,0.8621336021025976,POINT (-122.25931269646503 37.50748794513721),ios,27.96124720636021,-0.32112963194026534,6.580657321297265
1217,distance,0,-122.25952560364891,28.770000457763672,1574182720.998746,317.8523864746094,37.50767426107312,8.0,2019-11-19T08:58:40.998746-08:00,30.0,10.54494857788086,1574182721.203638,0.8624113924635781,POINT (-122.25952560364891 37.50767426107312),ios,27.64010302739854,6.259825790040938,-10.883874344750001
1218,distance,0,-122.25973530454385,28.729999542236328,1574182721.9987864,317.89141845703125,37.50785898130462,8.0,2019-11-19T08:58:41.998786-08:00,30.0,10.675167083740234,1574182722.214264,0.8626891815000111,POINT (-122.25973530454385 37.50785898130462),ios,33.900182535430424,-4.6244896907446496,16.93777086265669
1219,distance,0,-122.25999108374012,28.950000762939453,1574182722.998824,318.072021484375,37.50808654366422,8.0,2019-11-19T08:58:42.998824-08:00,30.0,11.027828216552734,1574182723.286158,0.8629669696754879,POINT (-122.25999108374012 37.50808654366422),ios,29.275519742096776,12.31391518175621,-32.57922141328997
1220,distance,0,-122.26021374641607,28.729999542236328,1574182723.9988554,318.0940856933594,37.50828179438161,8.0,2019-11-19T08:58:43.998855-08:00,50.0,11.20083236694336,1574182724.23134,0.8632447561952803,POINT (-122.26021374641607 37.50828179438161),ios,41.58982245818621,-20.2663315404352,2.706165512005223
1221,distance,0,-122.2605412850678,29.190000534057617,1574182724.9988852,314.877685546875,37.508550857873956,8.0,2019-11-19T08:58:44.998885-08:00,50.0,11.37374496459961,1574182725.223099,0.863522542251481,POINT (-122.2605412850678 37.508550857873956),ios,21.322886934004828,-17.560085378412953,58.650522858070765
1222,distance,0,-122.26037002236711,0.0,1574182725.9989104,319.5458679199219,37.508415516434475,8.0,2019-11-19T08:58:45.998910-08:00,30.0,11.05550765991211,1574182726.1964412,0.8638003270493614,POINT (-122.26037002236711 37.508415516434475),ios,3.7623577706277627,41.09191971733609,-54.5906240880186
1223,distance,0,-122.2603976299985,29.549999237060547,1574182726.998933,319.5458679199219,37.50844130965716,4.0,2019-11-19T08:58:46.998933-08:00,30.0,11.579891204833984,1574182727.1191869,0.8640781111187406,POINT (-122.2603976299985 37.50844130965716),ios,44.855208210289454,-13.499940835490108,18.659439135029867
1224,distance,0,-122.26075759204264,29.5,1574182727.9989522,316.5143737792969,37.50872625922651,6.0,2019-11-19T08:58:47.998952-08:00,30.0,12.15768051147461,1574182728.2124639,0.8643558941947089,POINT (-122.26075759204264 37.50872625922651),ios,31.35500988386239,5.159854200096992,2.9115763667935934
1225,distance,0,-122.26099902750786,29.540000915527344,1574182728.9989693,317.8909606933594,37.50893322904506,8.0,2019-11-19T08:58:48.998969-08:00,30.0,12.291805267333984,1574182729.178739,0.8646336767408583,POINT (-122.26099902750786 37.50893322904506),ios,36.51495265872707,8.071480547411408,-11.826157287509432
1226,distance,0,-122.26127468840019,30.190000534057617,1574182729.998983,317.54095458984375,37.50917822763041,8.0,2019-11-19T08:58:49.998983-08:00,30.0,11.33218002319336,1574182730.2876968,0.864911458293597,POINT (-122.26127468840019 37.50917822763041),ios,44.58654289642111,-3.7548374559081763,-8.253203974477517
1227,distance,0,-122.26170407619537,31.360000610351562,1574182730.9989958,320.625,37.50938981309301,8.0,2019-11-19T08:58:50.998996-08:00,30.0,10.426021575927734,1574182731.300263,0.8651892396476534,POINT (-122.26170407619537 37.50938981309301),ios,40.83165709847034,-12.008147687112583,14.143502856233304
1228,distance,0,-122.26204379473091,28.739999771118164,1574182731.999004,317.8125,37.509639258531394,8.0,2019-11-19T08:58:51.999004-08:00,30.0,8.934627532958984,1574182732.320173,0.8654670196771622,POINT (-122.26204379473091 37.509639258531394),ios,28.82341207053044,2.1354698196317745,-3.7697233632256886
1229,distance,0,-122.26225283939601,28.6299991607666,1574182732.9990115,317.4609375,37.50983849636978,8.0,2019-11-19T08:58:52.999012-08:00,30.0,9.17104721069336,1574182733.254291,0.8657447995742162,POINT (-122.26225283939601 37.50983849636978),ios,30.95889818250398,-1.634282304300726,13.65319991452768
1230,distance,0,-122.26247839641036,28.850000381469727,1574182733.9990163,317.109375,37.5100518158055,8.0,2019-11-19T08:58:53.999016-08:00,30.0,9.076351165771484,1574182734.113782,0.8660225786765416,POINT (-122.26247839641036 37.5100518158055),ios,29.324608085337957,12.01898271375743,-21.546478479799188
1231,distance,0,-122.26268487910093,28.200000762939453,1574182734.9990191,317.57647705078125,37.51025850962451,8.0,2019-11-19T08:58:54.999019-08:00,30.0,9.381343841552734,1574182735.1270962,0.866300357249048,POINT (-122.26268487910093 37.51025850962451),ios,41.34362518568076,-9.527557411011164,10.498314482026716
1232,distance,0,-122.26299654331791,29.030000686645508,1574182735.9990215,317.2781066894531,37.5105362226632,8.0,2019-11-19T08:58:55.999022-08:00,30.0,9.432918548583984,1574182736.1540918,0.8665781356890996,POINT (-122.26299654331791 37.5105362226632),ios,31.81604505920259,0.9707821009477691,-1.8120929291157657
1233,distance,0,-122.26324071959289,29.40999984741211,1574182736.9990213,317.2655334472656,37.510746825433216,8.0,2019-11-19T08:58:56.999021-08:00,30.0,9.65700912475586,1574182737.16705,0.86685591340065,POINT (-122.26324071959289 37.510746825433216),ios,32.78682692869787,-0.8413103961313751,15.131805952451355
1234,distance,0,-122.26349291154742,29.479999542236328,1574182737.9990191,317.13995361328125,37.51096344069016,8.0,2019-11-19T08:58:57.999019-08:00,30.0,8.67873764038086,1574182738.160853,0.8671336905823813,POINT (-122.26349291154742 37.51096344069016),ios,31.945518337822758,14.290463086986911,-29.85062698090475
1235,distance,0,-122.26373871183281,29.809999465942383,1574182738.9990153,317.13995361328125,37.51117443916708,8.0,2019-11-19T08:58:58.999015-08:00,30.0,8.53194808959961,1574182739.121348,0.867411467300521,POINT (-122.26373871183281 37.51117443916708),ios,46.235926911019206,-15.56005002281272,-3.272832656975217
1236,distance,0,-122.26409415463888,31.059999465942383,1574182739.999011,317.21014404296875,37.51148005492843,8.0,2019-11-19T08:58:59.999011-08:00,30.0,8.223262786865234,1574182740.1415648,0.8676892438862058,POINT (-122.26409415463888 37.51148005492843),ios,30.675943664696796,-18.832868634313925,42.7213540439005
1237,distance,0,-122.26432987064544,31.479999542236328,1574182740.9990046,317.21014404296875,37.51168289926542,8.0,2019-11-19T08:59:00.999005-08:00,30.0,9.637325286865234,1574182741.121741,0.8679670198758443,POINT (-122.26432987064544 37.51168289926542),ios,11.843196263238939,23.888210399344302,-30.43595547837134
1238,distance,0,-122.26442087469127,29.770000457763672,1574182741.9989986,317.21014404296875,37.511761212367006,8.0,2019-11-19T08:59:01.998999-08:00,30.0,9.426265716552734,1574182742.14076,0.8682447959979375,POINT (-122.26442087469127 37.511761212367006),ios,35.73126427775372,-6.547563666595568,9.040222936524296
1239,distance,0,-122.26469412594017,31.31999969482422,1574182742.9989896,317.4873962402344,37.51199843837317,8.0,2019-11-19T08:59:02.998990-08:00,30.0,9.118526458740234,1574182743.144301,0.8685225712590747,POINT (-122.26469412594017 37.51199843837317),ios,29.18375993146954,2.492577366358651,-5.880558612835197
1240,distance,0,-122.26491832962802,30.81999969482422,1574182743.99898,317.1495056152344,37.51219144951479,8.0,2019-11-19T08:59:03.998980-08:00,30.0,9.05562973022461,1574182744.1655622,0.8688003463877572,POINT (-122.26491832962802 37.51219144951479),ios,31.676313526758033,-3.3879251650993942,5.634507634158079
1241,distance,0,-122.26516184238159,31.020000457763672,1574182744.9989698,317.2193908691406,37.512400828669236,8.0,2019-11-19T08:59:04.998970-08:00,30.0,8.773311614990234,1574182745.1557431,0.8690781213177575,POINT (-122.26516184238159 37.512400828669236),ios,28.28842309466371,2.246524704092609,7.88422239195715
1242,distance,0,-122.26541323598684,30.81999969482422,1574182745.9989586,319.921875,37.512558801134595,8.0,2019-11-19T08:59:05.998959-08:00,30.0,8.20699691772461,1574182746.255279,0.8693558959828482,POINT (-122.26541323598684 37.512558801134595),ios,30.53492262493461,10.130658748030058,-10.197962715995466
1243,distance,0,-122.26563317712606,30.760000228881836,1574182746.9989457,320.2734375,37.512770863284835,8.0,2019-11-19T08:59:06.998946-08:00,30.0,8.165157318115234,1574182747.172498,0.8696336701843473,POINT (-122.26563317712606 37.512770863284835),ios,40.66545094475241,-0.06717267324126235,-10.32091696836164
1244,distance,0,-122.26592805247964,31.84000015258789,1574182747.9989328,319.5703125,37.51305199231721,8.0,2019-11-19T08:59:07.998933-08:00,30.0,8.69289779663086,1574182748.139533,0.8699114443858464,POINT (-122.26592805247964 37.51305199231721),ios,40.598279136332664,-10.387956763891538,-16.78648316080984
1245,distance,0,-122.26630322646561,32.5099983215332,1574182748.99892,317.109375,37.51326350964374,8.0,2019-11-19T08:59:08.998920-08:00,30.0,9.543025970458984,1574182749.163398,0.8701892185873455,POINT (-122.26630322646561 37.51326350964374),ios,30.210456113263263,-27.17422380539036,36.60862211053113
1246,distance,0,-122.26651781211457,32.0,1574182749.9989042,317.2788391113281,37.51347526571688,8.0,2019-11-19T08:59:09.998904-08:00,30.0,9.090999603271484,1574182750.1571069,0.870466991994116,POINT (-122.26651781211457 37.51347526571688),ios,3.036659911301545,9.433822245546782,9.681093532404875
1247,distance,0,-122.26651866905452,30.68000030517578,1574182750.9988894,317.2788391113281,37.51350256619111,8.0,2019-11-19T08:59:10.998889-08:00,30.0,9.06734848022461,1574182751.155767,0.8707447656657961,POINT (-122.26651866905452 37.51350256619111),ios,12.47034270654162,19.11477267249268,5.23540821484222
1248,distance,0,-122.2665965197575,31.520000457763672,1574182751.9988742,317.2317199707031,37.51359618029927,8.0,2019-11-19T08:59:11.998874-08:00,30.0,9.08285140991211,1574182752.131907,0.8710225392050214,POINT (-122.2665965197575 37.51359618029927),ios,31.584823710750115,24.350101001345294,-51.112553174963786
1249,distance,0,-122.26682196307372,31.600000381469727,1574182752.9988573,317.2317199707031,37.51381686873656,8.0,2019-11-19T08:59:12.998857-08:00,30.0,9.48244857788086,1574182753.181781,0.8713003122806549,POINT (-122.26682196307372 37.51381686873656),ios,55.93451252042521,-26.761586954675032,55.82095713387326
1250,distance,0,-122.26723450160172,35.61000061035156,1574182753.9988413,317.4575500488281,37.51419890863238,8.0,2019-11-19T08:59:13.998841-08:00,30.0,10.299678802490234,1574182754.243407,0.871578085621198,POINT (-122.26723450160172 37.51419890863238),ios,29.173353056539103,29.0584784927282,-56.00568087180037
1251,distance,0,-122.26744146020094,34.27000045776367,1574182754.9988227,317.2760925292969,37.51440356186306,8.0,2019-11-19T08:59:14.998823-08:00,50.0,11.340328216552734,1574182755.185646,0.87185585823324,POINT (-122.26744146020094 37.51440356186306),ios,58.23129115893736,-26.94616086107348,43.118909740276486
1252,distance,0,-122.26790615096134,37.029998779296875,1574182755.9988053,316.8336486816406,37.514775553913644,8.0,2019-11-19T08:59:15.998805-08:00,30.0,10.21914291381836,1574182756.1639829,0.8721336311764187,POINT (-122.26790615096134 37.514775553913644),ios,31.285599283836966,16.17199841371194,-28.530897542404556
1253,distance,0,-122.26815619597495,36.34000015258789,1574182756.998787,316.9833679199219,37.51497511072785,8.0,2019-11-19T08:59:16.998787-08:00,30.0,9.96792221069336,1574182757.1586971,0.872411403854688,POINT (-122.26815619597495 37.51497511072785),ios,47.45730080827291,-12.35837535189657,22.414550376615047
1254,distance,0,-122.26852603241797,36.869998931884766,1574182757.9987679,316.6582336425781,37.51528509597614,8.0,2019-11-19T08:59:17.998768-08:00,30.0,9.321834564208984,1574182758.1519141,0.8726891763342751,POINT (-122.26852603241797 37.51528509597614),ios,35.099161173679654,10.055747501098319,-27.203824287857664
1255,distance,0,-122.26879845442149,33.900001525878906,1574182758.9987483,316.7044372558594,37.515515187687996,8.0,2019-11-19T08:59:18.998748-08:00,30.0,9.08187484741211,1574182759.1552,0.8729669486814075,POINT (-122.26879845442149 37.515515187687996),ios,45.15471208166143,-17.147544943194454,12.476683748913425
1256,distance,0,-122.26914847833193,34.58000183105469,1574182759.9987283,316.83221435546875,37.51581152947316,8.0,2019-11-19T08:59:19.998728-08:00,30.0,8.357051849365234,1574182760.1352491,0.8732447208960851,POINT (-122.26914847833193 37.51581152947316),ios,28.00751055510421,-4.671111066830778,17.006402724456958
1257,distance,0,-122.26936523058414,33.84000015258789,1574182760.9987087,316.83221435546875,37.515995599598114,8.0,2019-11-19T08:59:20.998709-08:00,30.0,8.769588470458984,1574182761.1346989,0.8735224932432175,POINT (-122.26936523058414 37.515995599598114),ios,23.33649081000583,12.33495917695158,-26.218417386866765
1258,distance,0,-122.26954621003135,32.70000076293945,1574182761.9986887,316.67230224609375,37.516148691625766,8.0,2019-11-19T08:59:21.998689-08:00,30.0,9.05941390991211,1574182762.17127,0.873800265457895,POINT (-122.26954621003135 37.516148691625766),ios,35.67120295274843,-13.882933129458332,29.26812176511795
1259,distance,0,-122.26926977253795,0.0,1574182762.9986682,316.83221435546875,37.51591453290365,6.0,2019-11-19T08:59:22.998668-08:00,30.0,10.16884994506836,1574182763.176867,0.8740780375401179,POINT (-122.26926977253795 37.51591453290365),ios,21.78855447892048,15.384588522155257,-35.51820081915005
1260,distance,0,-122.26910115178357,31.3799991607666,1574182763.9986467,316.8346252441406,37.51577133355906,4.0,2019-11-19T08:59:23.998647-08:00,30.0,11.405696868896484,1574182764.119052,0.8743558093574312,POINT (-122.26910115178357 37.51577133355906),ios,37.17281288361954,-20.13285015908736,18.52371143024242
1261,distance,0,-122.26938883104505,30.81999969482422,1574182764.9986262,316.8346252441406,37.51601564208048,6.0,2019-11-19T08:59:24.998626-08:00,30.0,10.84457015991211,1574182765.181565,0.8746335814396541,POINT (-122.26938883104505 37.51601564208048),ios,17.040375528447605,-1.6095185389834048,39.742767169473346
1262,distance,0,-122.26952100969889,0.0,1574182765.9986043,316.6747131347656,37.516127409911576,6.0,2019-11-19T08:59:25.998604-08:00,30.0,10.938045501708984,1574182766.1467218,0.8749113531245125,POINT (-122.26952100969889 37.516127409911576),ios,15.430892293463526,38.13237689239476,-46.83008526410329
1263,distance,0,-122.26964078523851,30.010000228881836,1574182766.9985824,316.6747131347656,37.51622856073069,4.0,2019-11-19T08:59:26.998582-08:00,30.0,12.36697006225586,1574182767.1257648,0.875189124809371,POINT (-122.26964078523851 37.51622856073069),ios,53.562432770883575,-8.696681176768852,17.984975251785368
1264,distance,0,-122.27005335416051,31.8799991607666,1574182767.998561,317.040771484375,37.51658202478886,6.0,2019-11-19T08:59:27.998561-08:00,30.0,11.74190902709961,1574182768.2181292,0.8754668966266844,POINT (-122.27005335416051 37.51658202478886),ios,44.86593820464794,9.287908159314496,-47.67223022863651
1265,distance,0,-122.27039833303293,34.029998779296875,1574182768.9985385,317.19122314453125,37.51687854361366,8.0,2019-11-19T08:59:28.998538-08:00,30.0,11.561275482177734,1574182769.165491,0.8757446681790881,POINT (-122.27039833303293 37.51687854361366),ios,54.153638209435016,-38.383253670455,70.22941035519784
1266,distance,0,-122.27081377500808,35.47999954223633,1574182769.998516,318.69403076171875,37.51723714074781,8.0,2019-11-19T08:59:29.998516-08:00,30.0,12.147335052490234,1574182770.144857,0.876022439731492,POINT (-122.27081377500808 37.51723714074781),ios,15.771244759375348,31.844582749097405,-47.57911678146588
1267,distance,0,-122.27093069840136,34.83000183105469,1574182770.9984937,319.2128601074219,37.51734445020432,8.0,2019-11-19T08:59:30.998494-08:00,30.0,12.18606185913086,1574182771.234414,0.8763002112838957,POINT (-122.27093069840136 37.51734445020432),ios,47.61511382849667,-15.733467720299188,17.108836647121038
1268,distance,0,-122.27146253932479,35.02000045776367,1574182771.9984713,312.5390625,37.517417999950716,8.0,2019-11-19T08:59:31.998471-08:00,30.0,12.182003021240234,1574182772.252037,0.8765779828362995,POINT (-122.27146253932479 37.517417999950716),ios,31.88199871639319,1.3749854947566427,-1.0166001506696944
1269,distance,0,-122.27172506053212,34.65999984741211,1574182772.998448,311.484375,37.517615100403795,8.0,2019-11-19T08:59:32.998448-08:00,30.0,11.81777572631836,1574182773.30345,0.8768557541237937,POINT (-122.27172506053212 37.517615100403795),ios,33.256952084585215,0.35840909697056517,23.10604081796341
1270,distance,0,-122.27197249431374,33.529998779296875,1574182773.9984257,314.296875,37.51784078314669,8.0,2019-11-19T08:59:33.998426-08:00,30.0,12.138423919677734,1574182774.199301,0.8771335257424249,POINT (-122.27197249431374 37.51784078314669),ios,33.61535323457673,23.463937586357872,-43.045504586113125
1271,distance,0,-122.27223669190171,33.7400016784668,1574182774.998401,315.0,37.51805867071963,8.0,2019-11-19T08:59:34.998401-08:00,30.0,12.04732894897461,1574182775.279793,0.8774112966325548,POINT (-122.27223669190171 37.51805867071963),ios,57.07870902011402,-19.580499663559078,15.791340626131033
1272,distance,0,-122.27274714980486,35.91999816894531,1574182775.9983788,312.5390625,37.518374207464525,8.0,2019-11-19T08:59:35.998379-08:00,50.0,13.107357025146484,1574182776.12674,0.877689068251186,POINT (-122.27274714980486 37.518374207464525),ios,37.498643513561376,-3.789509177684505,6.945969606362546
1273,distance,0,-122.2730731220192,35.72999954223633,1574182776.9983544,311.8359375,37.518590712023446,8.0,2019-11-19T08:59:36.998354-08:00,50.0,13.43313217163086,1574182777.179943,0.8779668392737706,POINT (-122.2730731220192 37.518590712023446),ios,33.70922649179502,3.156291511761229,-4.420428561861515
1274,distance,0,-122.27335810672703,35.4900016784668,1574182777.998331,310.78125,37.51879271588988,8.0,2019-11-19T08:59:37.998331-08:00,50.0,13.62118148803711,1574182778.2026238,0.8782446105612649,POINT (-122.27335810672703 37.51879271588988),ios,36.86544425673958,-1.2640337666952055,1.9895081123227678
1275,distance,0,-122.27367402065757,35.540000915527344,1574182778.9983077,311.484375,37.51900980718202,8.0,2019-11-19T08:59:38.998308-08:00,50.0,13.73000717163086,1574182779.1844358,0.8785223818487591,POINT (-122.27367402065757 37.51900980718202),ios,35.60144002421956,0.7254278607292316,-3.6767243921357387
1276,distance,0,-122.27397727791431,35.439998626708984,1574182779.9982843,311.8359375,37.519221114960985,8.0,2019-11-19T08:59:39.998284-08:00,50.0,13.77413558959961,1574182780.19881,0.8788001531362534,POINT (-122.27397727791431 37.519221114960985),ios,36.326850935311775,-2.9512106246647853,4.431234724439363
1277,distance,0,-122.27426947105887,35.59000015258789,1574182780.9982603,312.1875,37.51945136584111,8.0,2019-11-19T08:59:40.998260-08:00,50.0,13.798946380615234,1574182781.199129,0.8790779242250655,POINT (-122.27426947105887 37.51945136584111),ios,33.37571137661481,1.4799173944172237,-1.8755324661354207
1278,distance,0,-122.27454590622547,35.34000015258789,1574182781.9982357,311.484375,37.51965634528317,8.0,2019-11-19T08:59:41.998236-08:00,100.0,13.968196868896484,1574182782.1872349,0.8793556951814228,POINT (-122.27454590622547 37.51965634528317),ios,34.85559242853239,-0.39556901405427664,-0.24698650455624355
1279,distance,0,-122.27483814566892,35.01142679963793,1574182782.9982119,312.1771449244073,37.51986736506223,16.19389533996582,2019-11-19T08:59:42.998212-08:00,200.0,13.96820068359375,1574182783.1812,0.8796334663364622,POINT (-122.27483814566892 37.51986736506223),ios,34.46003284557834,-0.6425496299933728,-4.367190300151359
1280,distance,0,-122.27511837751649,34.80643433407242,1574182783.998188,313.3456407223727,37.52008331982685,10.0,2019-11-19T08:59:43.998188-08:00,200.0,14.16421127319336,1574182784.192668,0.8799112374915017,POINT (-122.27511837751649 37.52008331982685),ios,33.817498535161945,-5.009635808214129,6.092738006929654
1281,distance,0,-122.27538188558411,34.57165079021561,1574182784.9981642,314.8838275868351,37.520304247685736,10.0,2019-11-19T08:59:44.998164-08:00,200.0,14.195181846618652,1574182785.212453,0.8801890086465411,POINT (-122.27538188558411 37.520304247685736),ios,28.807982165972938,1.0829569365216798,-3.8880664546095662
1282,distance,0,-122.27558409725353,33.666317666473795,1574182785.9981394,315.70525518588823,37.52050770541255,10.0,2019-11-19T08:59:45.998139-08:00,200.0,14.184659004211426,1574182786.201384,0.8804667795366711,POINT (-122.27558409725353 37.52050770541255),ios,29.890912250000998,-2.8050131114108123,2.860124949512411
1283,distance,0,-122.2758005515473,33.06038278540035,1574182786.9982371,316.42465223078756,37.520714593693846,10.0,2019-11-19T08:59:46.998237-08:00,200.0,14.116117477416992,1574182787.210225,0.880744584467676,POINT (-122.2758005515473 37.520714593693846),ios,27.085624944021628,0.05539141994146959,0.4100126023906172
1284,distance,0,-122.27598874902495,32.0093452621029,1574182787.9980907,317.65037354504415,37.52090704372423,10.0,2019-11-19T08:59:47.998091-08:00,200.0,13.959875106811523,1574182788.199902,0.8810223215818405,POINT (-122.27598874902495 37.52090704372423),ios,27.141008255268105,0.4653440009941323,21.294650262838147
1285,distance,0,-122.27617807004519,31.558555090384612,1574182788.9980667,317.7652602463773,37.52109946957541,10.0,2019-11-19T08:59:48.998067-08:00,200.0,13.840632438659668,1574182789.207244,0.8813000926706526,POINT (-122.27617807004519 37.52109946957541),ios,27.60634105065003,21.75948148276621,-40.319333528239625
1286,distance,0,-122.27637469943868,31.42148517944749,1574182789.9980412,317.80091710108655,37.52129263692729,10.0,2019-11-19T08:59:49.998041-08:00,200.0,13.781240463256836,1574182790.168834,0.8815778633621004,POINT (-122.27637469943868 37.52129263692729),ios,49.36526743189793,-18.558823467504933,-1.0921322438942036
1287,distance,0,-122.27674439560833,32.689998626708984,1574182790.9980164,317.4609375,37.52162596679993,8.0,2019-11-19T08:59:50.998016-08:00,100.0,13.60958480834961,1574182791.189478,0.8818556342522303,POINT (-122.27674439560833 37.52162596679993),ios,30.806904140298368,-19.650928631398887,48.20146893754255
1288,distance,0,-122.27689317438963,32.689998626708984,1574182791.9979925,318.8671875,37.521876627614276,8.0,2019-11-19T08:59:51.997993-08:00,50.0,13.85848617553711,1574182792.199685,0.8821334054072698,POINT (-122.27689317438963 37.521876627614276),ios,11.156444023547714,28.549391093570197,-35.84390603822964
1289,distance,0,-122.27691245276692,30.68000030517578,1574182792.997968,320.2734375,37.521975785528795,8.0,2019-11-19T08:59:52.997968-08:00,50.0,14.26015853881836,1574182793.1674461,0.8824111763636271,POINT (-122.27691245276692 37.521975785528795),ios,39.70513402647626,-7.293634721785288,19.345686189598645
1290,distance,0,-122.27723130036357,30.90999984741211,1574182793.997943,317.4609375,37.52222787126668,8.0,2019-11-19T08:59:53.997943-08:00,30.0,14.558589935302734,1574182794.160448,0.8826889471875297,POINT (-122.27723130036357 37.52222787126668),ios,32.41168189318379,12.051567168856986,-20.553839300849816
1291,distance,0,-122.27743120875421,30.93000030517578,1574182794.9979188,319.921875,37.522472455201225,8.0,2019-11-19T08:59:54.997919-08:00,30.0,14.43740463256836,1574182795.176055,0.8829667182763418,POINT (-122.27743120875421 37.522472455201225),ios,44.46295885697122,-8.50177718985955,3.2388426348866863
1292,distance,0,-122.27789087232414,31.579999923706055,1574182795.9978933,316.40625,37.52263669859387,8.0,2019-11-19T08:59:55.997893-08:00,30.0,12.82046127319336,1574182796.2530851,0.8832444889677895,POINT (-122.27789087232414 37.52263669859387),ios,35.961398554146875,-5.263017180400571,4.494471308502873
1293,distance,0,-122.27821600634816,31.969999313354492,1574182796.997869,315.703125,37.52283187120922,8.0,2019-11-19T08:59:56.997869-08:00,30.0,12.498531341552734,1574182797.132574,0.8835222599903743,POINT (-122.27821600634816 37.52283187120922),ios,30.698509363456253,-0.7686551715749432,2.5042533726068315
1294,distance,0,-122.27843913261059,32.130001068115234,1574182797.9978437,316.40625,37.5230437657214,8.0,2019-11-19T08:59:57.997844-08:00,30.0,13.17885971069336,1574182798.131176,0.8838000307480495,POINT (-122.27843913261059 37.5230437657214),ios,29.929873617618735,1.735534912615623,3.023194822076391
1295,distance,0,-122.27866737183395,31.920000076293945,1574182798.9978187,317.109375,37.52324296165027,8.0,2019-11-19T08:59:58.997819-08:00,30.0,12.13436508178711,1574182799.130519,0.8840778015719519,POINT (-122.27866737183395 37.52324296165027),ios,31.665365082938735,4.758654052181562,-1.4686451255371766
1296,distance,0,-122.27890558552208,31.8700008392334,1574182799.9977942,318.1640625,37.52345602962889,8.0,2019-11-19T08:59:59.997794-08:00,30.0,12.29531478881836,1574182800.118301,0.8843555725283093,POINT (-122.27890558552208 37.52345602962889),ios,36.42390227631193,3.290044992329641,-7.410640446380153
1297,distance,0,-122.27919266570571,32.220001220703125,1574182800.9977689,317.109375,37.52369151919849,8.0,2019-11-19T09:00:00.997769-08:00,30.0,13.02956771850586,1574182801.15351,0.8846333432859844,POINT (-122.27919266570571 37.52369151919849),ios,39.71386412140923,-4.1204081696077735,15.101842931844342
1298,distance,0,-122.27951520133975,33.09000015258789,1574182801.9977446,316.40625,37.5239407550893,8.0,2019-11-19T09:00:01.997745-08:00,30.0,13.877010345458984,1574182802.137241,0.8849111143085692,POINT (-122.27951520133975 37.5239407550893),ios,35.59355615475129,10.981067505123338,-24.19865955849508
1299,distance,0,-122.2797867750025,33.279998779296875,1574182802.9977202,316.7578125,37.524177543853895,8.0,2019-11-19T09:00:02.997720-08:00,30.0,13.84817123413086,1574182803.875066,0.8851888853311539,POINT (-122.2797867750025 37.524177543853895),ios,46.57435661464245,-13.217003573548874,14.69740102874948
1300,distance,0,-122.28018919017377,34.0099983215332,1574182803.997695,316.40625,37.524448782240526,8.0,2019-11-19T09:00:03.997695-08:00,30.0,15.65475082397461,1574182804.779172,0.885466656088829,POINT (-122.28018919017377 37.524448782240526),ios,33.357687066090044,1.480026017052812,-3.78176542012494
1301,distance,0,-122.28039722901049,33.869998931884766,1574182804.9976678,318.8671875,37.52469931732632,8.0,2019-11-19T09:00:04.997668-08:00,30.0,15.653377532958984,1574182805.2312288,0.8857444263166852,POINT (-122.28039722901049 37.52469931732632),ios,34.837672856453054,-2.301636615754401,4.592240868789159
1302,distance,0,-122.28070484485688,33.4900016784668,1574182805.9976444,316.40625,37.524895872955696,8.0,2019-11-19T09:00:05.997644-08:00,30.0,14.922664642333984,1574182806.107235,0.8860221976041793,POINT (-122.28070484485688 37.524895872955696),ios,32.53609001848594,2.290496955231561,5.046300874904684
1303,distance,0,-122.28095747541848,33.380001068115234,1574182806.9976192,316.40625,37.52510910857238,8.0,2019-11-19T09:00:06.997619-08:00,30.0,15.203670501708984,1574182807.1307259,0.8862999683618545,POINT (-122.28095747541848 37.52510910857238),ios,34.82652908743238,7.336670298156508,-20.132765992674923
1304,distance,0,-122.28135082535688,33.779998779296875,1574182807.9975939,317.3862609863281,37.52513688480398,8.0,2019-11-19T09:00:07.997594-08:00,30.0,14.694881439208984,1574182808.169519,0.8865777391195298,POINT (-122.28135082535688 37.52513688480398),ios,42.163013970547055,-12.795586891819513,18.02587387162443
1305,distance,0,-122.28167512811456,34.060001373291016,1574182808.9975686,317.1218566894531,37.52541548742935,8.0,2019-11-19T09:00:08.997569-08:00,30.0,14.07503890991211,1574182809.18665,0.8868555098772049,POINT (-122.28167512811456 37.52541548742935),ios,29.367750453525968,5.22983142326195,-16.189603978189457
1306,distance,0,-122.28190427769263,33.04999923706055,1574182809.9975436,316.2290954589844,37.52560712110481,8.0,2019-11-19T09:00:09.997544-08:00,30.0,13.35403060913086,1574182810.131244,0.8871332807011074,POINT (-122.28190427769263 37.52560712110481),ios,34.597450953445346,-10.959367265177953,16.404393230548116
1307,distance,0,-122.28217945697412,33.130001068115234,1574182810.9975195,314.8779602050781,37.52582887898574,8.0,2019-11-19T09:00:10.997519-08:00,30.0,14.19173812866211,1574182811.09462,0.8874110517899195,POINT (-122.28217945697412 37.52582887898574),ios,23.638347592861287,5.444630943045535,-8.110081863534363
1308,distance,0,-122.28237197939237,32.45000076293945,1574182811.997494,313.5818176269531,37.52597678833549,8.0,2019-11-19T09:00:11.997494-08:00,30.0,14.158809661865234,1574182812.10469,0.8876888224813673,POINT (-122.28237197939237 37.52597678833549),ios,29.082839639081293,-2.665244025910039,3.5519040818819994
1309,distance,0,-122.28261134030862,31.969999313354492,1574182812.9974685,312.76806640625,37.52615669946701,8.0,2019-11-19T09:00:12.997468-08:00,30.0,13.505184173583984,1574182813.1168652,0.8879665931728151,POINT (-122.28261134030862 37.52615669946701),ios,26.41766360564647,0.8865694441000598,0.8088647285177718
1310,distance,0,-122.28283139998234,31.739999771118164,1574182813.9974432,311.37506103515625,37.52631789115831,8.0,2019-11-19T09:00:13.997443-08:00,30.0,12.71859359741211,1574182814.150162,0.8882443639304903,POINT (-122.28283139998234 37.52631789115831),ios,27.304210644036054,1.6954137306896302,-6.2260970016425325
1311,distance,0,-122.28306422595688,31.719999313354492,1574182814.9974182,310.2608642578125,37.526479749833285,8.0,2019-11-19T09:00:14.997418-08:00,30.0,12.34103012084961,1574182815.189368,0.8885221347543928,POINT (-122.28306422595688 37.526479749833285),ios,28.999581931821755,-4.530527407146852,49.96178732458864
1312,distance,0,-122.28331471797469,32.560001373291016,1574182815.9973934,310.2608642578125,37.52664871144116,8.0,2019-11-19T09:00:15.997393-08:00,30.0,11.896907806396484,1574182816.125266,0.8887999056445228,POINT (-122.28331471797469 37.52664871144116),ios,24.46916686151323,45.43002108833408,-98.22541527176229
1313,distance,0,-122.28352607726822,32.279998779296875,1574182816.9973674,310.2608642578125,37.526791277283,8.0,2019-11-19T09:00:16.997367-08:00,30.0,11.788387298583984,1574182817.682623,0.8890776762035157,POINT (-122.28352607726822 37.526791277283),ios,69.89800733148998,-52.792841538158655,60.622916916970205
1314,distance,0,-122.2841314385617,32.38999938964844,1574182817.9973426,310.0486145019531,37.52719703608719,8.0,2019-11-19T09:00:17.997343-08:00,30.0,11.561885833740234,1574182818.144988,0.8893554470936458,POINT (-122.2841314385617 37.52719703608719),ios,17.106474819935016,7.828572201321466,-3.2138468381129615
1315,distance,0,-122.28442742309542,31.969999313354492,1574182819.9972916,310.3741149902344,37.52739594467821,8.0,2019-11-19T09:00:19.997292-08:00,30.0,10.390316009521484,1574182820.223531,0.8899109884765413,POINT (-122.28442742309542 37.52739594467821),ios,32.76321979648697,1.401042500626014,2.091313578624395
1316,distance,0,-122.2847090551179,32.13999938964844,1574182820.9972672,309.6845703125,37.527588107653514,8.0,2019-11-19T09:00:20.997267-08:00,30.0,10.412776947021484,1574182821.253546,0.890188759499126,POINT (-122.2847090551179 37.527588107653514),ios,34.164228225587635,3.492305221233198,11.990176508097473
1317,distance,0,-122.28500398621816,31.979999542236328,1574182821.9972417,310.31964111328125,37.52778732434611,8.0,2019-11-19T09:00:21.997242-08:00,30.0,10.56063461303711,1574182822.187121,0.8904665301905738,POINT (-122.28500398621816 37.52778732434611),ios,37.65644435536283,15.482175850480125,-40.52227194423168
1318,distance,0,-122.28532897390136,32.529998779296875,1574182822.997216,310.3206481933594,37.52800698994152,8.0,2019-11-19T09:00:22.997216-08:00,30.0,10.51992416381836,1574182823.1958709,0.8907443008157943,POINT (-122.28532897390136 37.52800698994152),ios,53.138221552099246,-25.039052677401674,29.923672463971304
1319,distance,0,-122.28549778472845,32.189998626708984,1574182823.9971907,310.078125,37.52846572551646,8.0,2019-11-19T09:00:23.997191-08:00,30.0,10.38906478881836,1574182824.257211,0.8910220715734694,POINT (-122.28549778472845 37.52846572551646),ios,28.09980167088588,4.883863544465774,-2.4078550399014857
1320,distance,0,-122.28573692042593,32.099998474121094,1574182824.997166,307.96875,37.528632734937155,8.0,2019-11-19T09:00:24.997166-08:00,30.0,10.32918930053711,1574182825.215692,0.8912998424635993,POINT (-122.28573692042593 37.528632734937155),ios,32.98354411735575,2.476068208611527,-7.961400716175709
1321,distance,0,-122.28600757207934,31.899999618530273,1574182825.9971404,310.4296875,37.52883746292212,8.0,2019-11-19T09:00:25.997140-08:00,30.0,10.284847259521484,1574182826.180221,0.8915776131550471,POINT (-122.28600757207934 37.52883746292212),ios,35.45954915951622,-5.485129405958617,8.211466370713381
1322,distance,0,-122.28632851515178,31.799999237060547,1574182826.9971156,310.4296875,37.52902957614281,8.0,2019-11-19T09:00:26.997116-08:00,30.0,10.177120208740234,1574182827.246169,0.8918553840451771,POINT (-122.28632851515178 37.52902957614281),ios,29.974555760260557,2.7261333570757422,-4.292280743955645
1323,distance,0,-122.2865846661127,31.34000015258789,1574182827.9970896,310.078125,37.52920676957586,8.0,2019-11-19T09:00:27.997090-08:00,30.0,9.80538558959961,1574182828.2212749,0.8921331546041701,POINT (-122.2865846661127 37.52920676957586),ios,32.70061827160458,-1.566035840697011,6.4009493261768915
1324,distance,0,-122.28687250066761,31.270000457763672,1574182828.9970644,309.7265625,37.52939217727401,8.0,2019-11-19T09:00:28.997064-08:00,30.0,9.519771575927734,1574182829.258086,0.8924109253618452,POINT (-122.28687250066761 37.52939217727401),ios,31.134622008343808,4.834751718324096,10.176841311047369
1325,distance,0,-122.287140470112,31.6299991607666,1574182829.9970396,310.078125,37.52957448366799,8.0,2019-11-19T09:00:29.997040-08:00,30.0,9.460994720458984,1574182830.154849,0.8926886962519751,POINT (-122.287140470112 37.52957448366799),ios,35.969253846425865,15.011340689174773,-33.711854385744495
1326,distance,0,-122.28753540641719,31.420000076293945,1574182830.997014,310.6148376464844,37.52949361823057,8.0,2019-11-19T09:00:30.997014-08:00,30.0,9.349361419677734,1574182831.186874,0.892966466943423,POINT (-122.28753540641719 37.52949361823057),ios,50.98021158447126,-18.69965368060062,13.402330807384136
1327,distance,0,-122.28768085140948,31.479999542236328,1574182831.996989,310.4296875,37.52993733625629,8.0,2019-11-19T09:00:31.996989-08:00,30.0,9.16524887084961,1574182832.171998,0.8932442377673255,POINT (-122.28768085140948 37.52993733625629),ios,32.281026030080966,-5.297658386506598,7.562637787792526
1328,distance,0,-122.28795594547157,31.59000015258789,1574182832.9969635,310.4296875,37.53012886274376,8.0,2019-11-19T09:00:32.996964-08:00,50.0,9.234493255615234,1574182833.2009811,0.8935220084587733,POINT (-122.28795594547157 37.53012886274376),ios,26.98350279101417,2.2647864724368763,-5.030345011186772
1329,distance,0,-122.28816960018341,30.799999237060547,1574182833.9969392,310.78125,37.53030257768699,8.0,2019-11-19T09:00:33.996939-08:00,50.0,9.053890228271484,1574182834.124023,0.893799779481358,POINT (-122.28816960018341 37.53030257768699),ios,29.24823418679943,-2.7654362073234804,0.22957677400637289
1330,distance,0,-122.28841208864216,31.139999389648438,1574182834.9969134,310.078125,37.53048203423389,8.0,2019-11-19T09:00:34.996913-08:00,30.0,8.937740325927734,1574182835.195366,0.8940775501065784,POINT (-122.28841208864216 37.53048203423389),ios,26.482869187264033,-2.535865344736879,9.195421471687702
1331,distance,0,-122.28862976666753,30.200000762939453,1574182835.9968877,311.1328125,37.530646109988474,8.0,2019-11-19T09:00:35.996888-08:00,30.0,8.72658920288086,1574182836.194785,0.8943553207317988,POINT (-122.28862976666753 37.530646109988474),ios,23.94706913904768,6.659319352144099,-10.445014191953263
1332,distance,0,-122.28883998479907,28.8799991607666,1574182836.9968624,309.0234375,37.53078244164356,8.0,2019-11-19T09:00:36.996862-08:00,30.0,8.31911849975586,1574182837.187152,0.894633091489474,POINT (-122.28883998479907 37.53078244164356),ios,30.60622019441326,-3.7854308695522763,12.51890859003293
1333,distance,0,-122.28910954680507,28.950000762939453,1574182837.9968376,309.0234375,37.53095582131066,8.0,2019-11-19T09:00:37.996838-08:00,30.0,8.33755111694336,1574182838.111198,0.8949108623796039,POINT (-122.28910954680507 37.53095582131066),ios,26.820883186634102,8.73316730747927,-12.224760633599587
1334,distance,0,-122.28935522038702,28.170000076293945,1574182838.9968116,309.0234375,37.53109802029797,8.0,2019-11-19T09:00:38.996812-08:00,30.0,8.300411224365234,1574182839.3219981,0.895188632938597,POINT (-122.28935522038702 37.53109802029797),ios,35.55382353983526,-3.4912756336237627,-1.061694607564202
1335,distance,0,-122.28952261641274,28.93000030517578,1574182839.996787,310.90155029296875,37.53138889571913,8.0,2019-11-19T09:00:39.996787-08:00,30.0,8.754268646240234,1574182840.143321,0.8954664038949542,POINT (-122.28952261641274 37.53138889571913),ios,32.062633641864004,-4.552944169032828,-1.5259451904944927
1336,distance,0,-122.28979852205427,29.18000030517578,1574182840.9967608,310.1166687011719,37.531576689362225,8.0,2019-11-19T09:00:40.996761-08:00,30.0,8.520565032958984,1574182841.180037,0.8957441743877199,POINT (-122.28979852205427 37.531576689362225),ios,27.50980887854392,-6.078849340022069,5.397420471392325
1337,distance,0,-122.29003924318152,29.25,1574182841.9967356,309.3801574707031,37.53173405274289,6.0,2019-11-19T09:00:41.996736-08:00,30.0,9.38943099975586,1574182842.223444,0.896021945145395,POINT (-122.29003924318152 37.53173405274289),ios,21.431113165447808,-0.6815652742336225,6.069715132880316
1338,distance,0,-122.29022625582886,27.09000015258789,1574182842.9967108,309.7036437988281,37.53185714111255,6.0,2019-11-19T09:00:42.996711-08:00,30.0,9.49312973022461,1574182843.181258,0.896299716035525,POINT (-122.29022625582886 37.53185714111255),ios,20.749564790987908,5.387999356829511,-12.91439282323389
1339,distance,0,-122.29040697623986,27.6299991607666,1574182843.9966865,309.7036437988281,37.531976644235314,6.0,2019-11-19T09:00:43.996686-08:00,30.0,9.846981048583984,1574182844.13972,0.8965774870581097,POINT (-122.29040697623986 37.531976644235314),ios,26.13743311870403,-7.526079405223316,5.408696433046186
1340,distance,0,-122.29063497280251,27.030000686645508,1574182844.99666,309.44024658203125,37.53212684389555,6.0,2019-11-19T09:00:44.996660-08:00,30.0,9.76613998413086,1574182845.16677,0.896855257484648,POINT (-122.29063497280251 37.53212684389555),ios,18.611552887125253,-2.1175261104198673,12.425290559769627
1341,distance,0,-122.29079769223432,25.329999923706055,1574182845.9966342,309.44024658203125,37.53223344108923,8.0,2019-11-19T09:00:45.996634-08:00,30.0,9.41573715209961,1574182846.21133,0.8971330281098684,POINT (-122.29079769223432 37.53223344108923),ios,16.494081301322563,10.30744450797678,-12.498046838975588
1342,distance,0,-122.29094163693259,24.540000915527344,1574182846.9966094,309.59014892578125,37.5323281617162,8.0,2019-11-19T09:00:46.996609-08:00,30.0,9.457576751708984,1574182847.1537452,0.8974107989999983,POINT (-122.29094163693259 37.5323281617162),ios,26.80127023072687,-2.1902924352756434,6.881363630816052
1343,distance,0,-122.29117493950565,24.270000457763672,1574182847.9965858,309.7697448730469,37.532482639724705,6.0,2019-11-19T09:00:47.996586-08:00,30.0,9.25436019897461,1574182848.148042,0.8976885702212651,POINT (-122.29117493950565 37.532482639724705),ios,24.61102949388584,4.690908771691434,-8.212268636867783
1344,distance,0,-122.29138666460469,24.260000228881836,1574182848.9965591,310.9421081542969,37.53262684483278,6.0,2019-11-19T09:00:48.996559-08:00,30.0,8.990474700927734,1574182849.147562,0.897966340581576,POINT (-122.29138666460469 37.53262684483278),ios,29.30181300479922,-3.521140573945354,2.4230854205325545
1345,distance,0,-122.29162989907536,24.479999542236328,1574182849.9965334,313.1736145019531,37.53280637976409,6.0,2019-11-19T09:00:49.996533-08:00,30.0,8.80562973022461,1574182850.1162071,0.8982441112067965,POINT (-122.29162989907536 37.53280637976409),ios,25.780763097429773,-1.0981175459397639,2.3695344634157323
1346,distance,0,-122.29184076546261,24.479999542236328,1574182850.996509,313.7805480957031,37.532966975265765,6.0,2019-11-19T09:00:50.996509-08:00,30.0,8.459224700927734,1574182851.1612139,0.8985218822293811,POINT (-122.29184076546261 37.532966975265765),ios,24.682672256275758,1.2713592934898985,-6.502709130457449
1347,distance,0,-122.2920424477878,24.479999542236328,1574182851.9964824,313.7805480957031,37.53312089710806,6.0,2019-11-19T09:00:51.996482-08:00,30.0,8.05324935913086,1574182852.143542,0.898799652589692,POINT (-122.2920424477878 37.53312089710806),ios,25.953997600809913,-5.231176195900376,15.1674735470444
1348,distance,0,-122.2922538076715,24.290000915527344,1574182852.996457,314.036865234375,37.53328333118333,6.0,2019-11-19T09:00:52.996457-08:00,30.0,8.146419525146484,1574182853.18206,0.8990774233473672,POINT (-122.2922538076715 37.53328333118333),ios,20.722953609126677,9.93591403314991,-15.141585043664808
1349,distance,0,-122.29242240498866,23.219999313354492,1574182853.9964328,314.036865234375,37.53341316022109,6.0,2019-11-19T09:00:53.996433-08:00,30.0,7.771724700927734,1574182854.105102,0.8993551943699519,POINT (-122.29242240498866 37.53341316022109),ios,30.658626013812988,-5.20530278692537,-2.7159187357350096
1350,distance,0,-122.2926718366947,23.68000030517578,1574182854.9964073,314.036865234375,37.533605236103014,8.0,2019-11-19T09:00:54.996407-08:00,30.0,7.782772064208984,1574182855.1133618,0.8996329650613997,POINT (-122.2926718366947 37.533605236103014),ios,25.453456018263303,-7.921152237433385,10.27492869871209
1351,distance,0,-122.2928785218385,23.829999923706055,1574182855.996382,314.5317687988281,37.533765026892766,8.0,2019-11-19T09:00:55.996382-08:00,30.0,6.488033294677734,1574182856.144795,0.8999107358190749,POINT (-122.2928785218385 37.533765026892766),ios,17.532503967115215,2.3535167894852296,0.5670949406555499
1352,distance,0,-122.2930199607435,23.020000457763672,1574182856.9963562,314.5317687988281,37.53387584104281,8.0,2019-11-19T09:00:56.996356-08:00,30.0,6.458065032958984,1574182857.121958,0.9001885064442953,POINT (-122.2930199607435 37.53387584104281),ios,19.88596015541053,2.920597127896023,1.979390501591644
1353,distance,0,-122.29318049973944,22.68000030517578,1574182857.9963317,314.04730224609375,37.53400143899187,8.0,2019-11-19T09:00:57.996332-08:00,30.0,6.320705413818359,1574182858.135511,0.9004662774006525,POINT (-122.29318049973944 37.53400143899187),ios,22.806485561870964,4.899939021370167,-26.516883758107653
1354,distance,0,-122.29336601593246,22.270000457763672,1574182858.9963055,314.04730224609375,37.53414434859187,8.0,2019-11-19T09:00:58.996305-08:00,30.0,7.019374847412109,1574182859.121464,0.9007440478934182,POINT (-122.29336601593246 37.53414434859187),ios,27.706296077226224,-21.616249303785228,39.014836156660174
1355,distance,0,-122.29359168014491,22.8799991607666,1574182859.99628,313.9272766113281,37.534317723926875,8.0,2019-11-19T09:00:59.996280-08:00,30.0,7.158626556396484,1574182860.158986,0.901021818584866,POINT (-122.29359168014491 37.534317723926875),ios,6.09059822099356,17.397591553662302,-20.03770078020098
1356,distance,0,-122.29364132414426,19.770000457763672,1574182860.996255,313.9272766113281,37.5343558064475,6.0,2019-11-19T09:01:00.996255-08:00,30.0,7.419948577880859,1574182861.117665,0.9012995894087685,POINT (-122.29364132414426 37.5343558064475),ios,23.48775424420477,-2.6396076037230864,1.8118715116601118
1357,distance,0,-122.29383277110611,20.040000915527344,1574182861.9962296,313.9272766113281,37.53450266775942,4.0,2019-11-19T09:01:01.996230-08:00,10.0,8.388240814208984,1574182862.111176,0.9015773601664437,POINT (-122.29383277110611 37.53450266775942),ios,20.848213349620075,-0.8277818823490951,1.7616177171410627
1358,distance,0,-122.29400270344587,20.229999542236328,1574182862.996204,313.9272766113281,37.534633024940945,4.0,2019-11-19T09:01:02.996204-08:00,10.0,8.962520599365234,1574182863.110728,0.9018551307916641,POINT (-122.29400270344587 37.534633024940945),ios,20.02045278199764,0.9337904745335193,-2.0500937898828364
1359,distance,0,-122.29416549909774,20.309999465942383,1574182863.9961786,315.16229248046875,37.53475852538979,4.0,2019-11-19T09:01:03.996179-08:00,10.0,9.60927963256836,1574182864.128306,0.9021329015493393,POINT (-122.29416549909774 37.53475852538979),ios,20.95421965743336,-1.1162515046217858,-0.2571147370920341
1360,distance,0,-122.29433088584415,20.600000381469727,1574182864.9961522,317.1500244140625,37.53489383951931,4.0,2019-11-19T09:01:04.996152-08:00,10.0,9.894771575927734,1574182865.187139,0.9024106719758775,POINT (-122.29433088584415 37.53489383951931),ios,19.837997693807413,-1.3733594373105584,3.532104877196917
1361,distance,0,-122.29448256865408,20.440000534057617,1574182865.9961267,318.4298400878906,37.53502559645033,4.0,2019-11-19T09:01:05.996127-08:00,10.0,9.675167083740234,1574182866.1433702,0.9026884426673253,POINT (-122.29448256865408 37.53502559645033),ios,18.464673291978258,2.15865533310777,-4.550876655241545
1362,distance,0,-122.29462118184733,19.100000381469727,1574182866.9961033,318.4298400878906,37.53515006212697,4.0,2019-11-19T09:01:06.996103-08:00,10.0,9.508724212646484,1574182867.126339,0.9029662139548196,POINT (-122.29462118184733 37.53515006212697),ios,20.623278188059373,-2.3921149908062858,8.788406323719812
1363,distance,0,-122.29477049294965,19.40999984741211,1574182867.9960785,321.6465759277344,37.535292815662615,4.0,2019-11-19T09:01:07.996078-08:00,10.0,9.44778060913086,1574182868.0949311,0.9032439848449495,POINT (-122.29477049294965 37.535292815662615),ios,18.23122251101743,6.396073419701306,-13.300443523448598
1364,distance,0,-122.29489815117267,19.3799991607666,1574182868.9960525,324.0962219238281,37.53542178493489,4.0,2019-11-19T09:01:08.996053-08:00,10.0,9.453975677490234,1574182869.1124449,0.9035217554039425,POINT (-122.29489815117267 37.53542178493489),ios,24.627129711960453,-6.904024456807048,2.003419611866454
1365,distance,0,-122.29505650191396,19.799999237060547,1574182869.9960265,326.4900817871094,37.53560421890547,4.0,2019-11-19T09:01:09.996027-08:00,10.0,9.93410873413086,1574182870.121521,0.9037995259629356,POINT (-122.29505650191396 37.53560421890547),ios,17.723284674352822,-4.900656909058429,4.554144502664398
1366,distance,0,-122.29515743706833,19.510000228881836,1574182870.9960017,330.8101806640625,37.53574205018457,4.0,2019-11-19T09:01:10.996002-08:00,18.18786170456442,10.015560150146484,1574182871.1507192,0.9040772968530655,POINT (-122.29515743706833 37.53574205018457),ios,12.822749279690713,-0.346625328830811,6.942257566830917
1367,distance,0,-122.29522813108531,17.030000686645508,1574182871.9959762,330.8101806640625,37.53584282199341,4.0,2019-11-19T09:01:11.995976-08:00,17.21770146960336,10.21175765991211,1574182872.208291,0.9043550675445132,POINT (-122.29522813108531 37.53584282199341),ios,12.476132793545169,6.595455135539328,-10.004549245636554
1368,distance,0,-122.29530062129453,16.200000762939453,1574182872.9959507,328.30792236328125,37.53593917583421,4.0,2019-11-19T09:01:12.995951-08:00,17.510059806431634,10.69192123413086,1574182873.3562732,0.9046328382359611,POINT (-122.29530062129453 37.53593917583421),ios,19.07141967382701,-3.408838886162747,4.901708790999128
1369,distance,0,-122.29541937183183,16.219999313354492,1574182873.995926,324.3183898925781,37.536082522306835,4.0,2019-11-19T09:01:13.995926-08:00,20.609044717884405,10.08327865600586,1574182874.136895,0.904910609126091,POINT (-122.29541937183183 37.536082522306835),ios,15.662665311638719,1.4927483643580886,-8.04334323634669
1370,distance,0,-122.29552268995928,16.06999969482422,1574182874.9959006,324.3183898925781,37.53619709842017,4.0,2019-11-19T09:01:14.995901-08:00,20.60590791002978,10.28402328491211,1574182875.156591,0.9051883798837662,POINT (-122.29552268995928 37.53619709842017),ios,17.155375950708745,-6.550391597647244,12.943312209570484
1371,distance,0,-122.29563921299967,16.389999389648438,1574182875.995875,322.8204345703125,37.536320646503455,4.0,2019-11-19T09:01:15.995875-08:00,20.006515564162676,10.15609359741211,1574182876.2341251,0.9054661505089866,POINT (-122.29563921299967 37.536320646503455),ios,10.605153020447686,6.392587331903805,-14.817885082575955
1372,distance,0,-122.2957116999371,15.649999618530273,1574182876.9958491,322.8204345703125,37.53639675099348,4.0,2019-11-19T09:01:16.995849-08:00,17.29349842583457,10.39291000366211,1574182877.28024,0.905743921134207,POINT (-122.2957116999371 37.53639675099348),ios,16.997575748299937,-8.42491620188863,8.339336857044282
1373,distance,0,-122.29582787968263,15.300000190734863,1574182877.9958243,322.8204345703125,37.53651872883663,4.0,2019-11-19T09:01:17.995824-08:00,16.5316358772086,10.42837142944336,1574182878.154474,0.9060216920243369,POINT (-122.29582787968263 37.53651872883663),ios,8.572868446692498,-0.08578612314013506,4.738328896808143
1374,distance,0,-122.29588670355986,14.069999694824219,1574182878.9957988,322.6481018066406,37.536580112586286,4.0,2019-11-19T09:01:18.995799-08:00,17.990931891232144,11.018489837646484,1574182879.2537708,0.9062994627157847,POINT (-122.29588670355986 37.536580112586286),ios,8.48708451202396,4.652421895164219,-5.644019178595679
1375,distance,0,-122.29594482786072,12.90999984741211,1574182879.9957733,323.0134582519531,37.53664094889143,4.0,2019-11-19T09:01:19.995773-08:00,18.24318941680077,11.278377532958984,1574182880.1736588,0.9065772334072325,POINT (-122.29594482786072 37.53664094889143),ios,13.139387720239693,-0.9914533000549312,-6.660615820080309
1376,distance,0,-122.29603455967333,13.1899995803833,1574182880.9957485,322.75933837890625,37.53673528584414,4.0,2019-11-19T09:01:20.995749-08:00,19.237319708670473,11.882869720458984,1574182881.184896,0.9068550042973624,POINT (-122.29603455967333 37.53673528584414),ios,12.147959003797014,-7.651903966621025,7.823464698284135
1377,distance,0,-122.29611770898424,12.430000305175781,1574182881.9957228,322.75933837890625,37.536822391805245,4.0,2019-11-19T09:01:21.995723-08:00,17.472520820755424,11.636409759521484,1574182882.170436,0.9071327749225828,POINT (-122.29611770898424 37.536822391805245),ios,4.496252067631673,0.1713592836547124,7.649485366609112
1378,distance,0,-122.29608693340379,0.0,1574182882.9956975,322.75933837890625,37.536790151772436,4.0,2019-11-19T09:01:22.995697-08:00,10.0,11.091060638427734,1574182883.141473,0.907410545680258,POINT (-122.29608693340379 37.536790151772436),ios,4.667607020631271,7.820651329644036,-5.787451415905982
1379,distance,0,-122.29611888186076,12.710000038146973,1574182883.9956722,322.75933837890625,37.53682362049299,4.0,2019-11-19T09:01:23.995672-08:00,10.0,11.10421371459961,1574182884.156466,0.9076883164379331,POINT (-122.29611888186076 37.53682362049299),ios,12.488060703886076,2.0333461763480325,-9.83262061027098
1380,distance,0,-122.29620427410913,12.5,1574182884.9956472,322.80621337890625,37.536913216244535,4.0,2019-11-19T09:01:24.995647-08:00,10.0,11.437801361083984,1574182885.1518621,0.9079660872618357,POINT (-122.29620427410913 37.536913216244535),ios,14.521355977545959,-7.7990282845823,3.6582808215530416
1381,distance,0,-122.2963035613779,11.600000381469727,1574182885.9956212,322.80621337890625,37.537017404897,4.0,2019-11-19T09:01:25.995621-08:00,10.0,11.507198333740234,1574182886.1409721,0.9082438578208287,POINT (-122.2963035613779 37.537017404897),ios,6.722530371187035,-4.14084253305984,7.372757180405569
1382,distance,0,-122.29634952559257,11.65999984741211,1574182886.9955964,322.80621337890625,37.537065638166446,4.0,2019-11-19T09:01:26.995596-08:00,10.0,12.240718841552734,1574182887.160231,0.9085216287109587,POINT (-122.29634952559257 37.537065638166446),ios,2.581790512521669,3.2317318359074627,-4.021215279496651
1383,distance,0,-122.29640234909834,11.470000267028809,1574182889.99552,322.9161071777344,37.5371212904184,4.0,2019-11-19T09:01:29.995520-08:00,15.89970115137506,11.517757415771484,1574182890.1291718,0.9093549408515295,POINT (-122.29640234909834 37.5371212904184),ios,12.276739458672104,-8.831607208203868,18.435544590513164
1384,distance,0,-122.2964860763967,11.489999771118164,1574182890.9954948,322.9161071777344,37.53720950175386,4.0,2019-11-19T09:01:30.995495-08:00,10.0,11.408382415771484,1574182891.161227,0.9096327116092046,POINT (-122.2964860763967 37.53720950175386),ios,3.4453554461078624,9.603471472416597,-7.887886164253215
1385,distance,0,-122.29650957372031,8.59000015258789,1574182891.99547,322.9161071777344,37.53723425748271,4.0,2019-11-19T09:01:31.995470-08:00,10.0,11.30807113647461,1574182892.137236,0.9099104824993346,POINT (-122.29650957372031 37.53723425748271),ios,13.048588795338079,1.715780892498967,-8.764229647666166
1386,distance,0,-122.29659856505582,9.069999694824219,1574182892.9954445,322.9161071777344,37.53732801477217,4.0,2019-11-19T09:01:32.995445-08:00,15.925181927847634,11.677913665771484,1574182893.168956,0.9101882531907823,POINT (-122.29659856505582 37.53732801477217),ios,14.764325916914505,-7.04822517276299,8.364623941136331
1387,distance,0,-122.29669894258448,10.079999923706055,1574182893.995419,323.5572204589844,37.53743428774516,4.0,2019-11-19T09:01:33.995419-08:00,10.0,11.741878509521484,1574182894.2531738,0.9104660238822301,POINT (-122.29669894258448 37.53743428774516),ios,7.716280549929419,1.316185380225582,-2.9597698577095133
1388,distance,0,-122.29675046596377,7.849999904632568,1574182894.9953938,323.7486267089844,37.53749037801195,4.0,2019-11-19T09:01:34.995394-08:00,10.0,11.523250579833984,1574182895.246741,0.9107437946399053,POINT (-122.29675046596377 37.53749037801195),ios,9.032432667031893,-1.643509677086793,4.16642815893314
1389,distance,0,-122.2968106399387,7.679999828338623,1574182895.995369,323.99163818359375,37.5375561149392,4.0,2019-11-19T09:01:35.995369-08:00,10.0,11.71187973022461,1574182896.1899061,0.9110215655300352,POINT (-122.2968106399387 37.5375561149392),ios,7.388963741642263,2.522815173042663,-5.143451878585168
1390,distance,0,-122.29685951988681,7.28000020980835,1574182896.995343,324.66754150390625,37.53761008848416,4.0,2019-11-19T09:01:36.995343-08:00,10.0,11.65066146850586,1574182897.236455,0.9112993360890282,POINT (-122.29685951988681 37.53761008848416),ios,9.911713352709956,-2.6205030394432516,3.477126404812747
1391,distance,0,-122.29692437120029,7.769999980926514,1574182897.9953194,324.78936767578125,37.5376828951222,4.0,2019-11-19T09:01:37.995319-08:00,10.0,10.903987884521484,1574182898.209244,0.9115771073102951,POINT (-122.29692437120029 37.5376828951222),ios,7.291272166151213,0.856541293227353,0.14603908362519735
1392,distance,0,-122.29697174465063,7.269999980926514,1574182898.9952931,325.1080322265625,37.53773663838587,4.0,2019-11-19T09:01:38.995293-08:00,10.0,11.16329574584961,1574182899.176907,0.9118548778030607,POINT (-122.29697174465063 37.53773663838587),ios,8.147790995689178,1.002576546825161,-1.236374208065097
1393,distance,0,-122.29702493754196,7.320000171661377,1574182899.9952664,324.6286926269531,37.537796553442334,4.0,2019-11-19T09:01:39.995266-08:00,10.0,10.90621566772461,1574182900.1769152,0.9121326481633716,POINT (-122.29702493754196 37.537796553442334),ios,9.150340770832257,-0.23376464648676043,-4.052917294978965
1394,distance,0,-122.29708447510241,7.409999847412109,1574182900.9952412,324.9513854980469,37.53786395258845,4.0,2019-11-19T09:01:40.995241-08:00,10.0,10.986324310302734,1574182901.192857,0.9124104189210468,POINT (-122.29708447510241 37.53786395258845),ios,8.916582032131991,-4.28657951464276,10.094376979359975
1395,distance,0,-122.29714238242288,7.400000095367432,1574182901.9952168,324.9513854980469,37.537929690652305,4.0,2019-11-19T09:01:41.995217-08:00,30.0,11.40133285522461,1574182902.124712,0.9126881899436315,POINT (-122.29714238242288 37.537929690652305),ios,4.630106761509334,5.80755198264155,-12.073310699232316
1396,distance,0,-122.29717245184081,6.380000114440918,1574182902.99519,324.9513854980469,37.537963826324635,4.0,2019-11-19T09:01:42.995190-08:00,10.0,11.779354095458984,1574182903.15151,0.9129659602377149,POINT (-122.29717245184081 37.537963826324635),ios,10.437502281153915,-6.265433445912006,4.156539599967688
1397,distance,0,-122.29724032783393,6.619999885559082,1574182903.9951656,324.70428466796875,37.53804072690395,4.0,2019-11-19T09:01:43.995166-08:00,30.0,12.18947982788086,1574182904.214911,0.9132437312602997,POINT (-122.29724032783393 37.53804072690395),ios,4.172221202407351,-2.108994927563389,1.7423022678858822
1398,distance,0,-122.29721314079045,2.859999895095825,1574182904.9951406,324.9513854980469,37.53801001759627,4.0,2019-11-19T09:01:44.995141-08:00,15.998414843138802,11.937191009521484,1574182905.1365042,0.9135215020842022,POINT (-122.29721314079045 37.53801001759627),ios,2.063279071319228,-0.36673627638676953,0.7386473351930198
1399,distance,0,-122.29722654726542,2.5899999141693115,1574182905.9951146,324.70428466796875,37.53802522543691,4.0,2019-11-19T09:01:45.995115-08:00,30.0,11.86843490600586,1574182906.124123,0.9137992726431953,POINT (-122.29722654726542 37.53802522543691),ios,1.6965523255373278,0.3718918631162059,-1.1692417194921128
1400,distance,0,-122.29723763308094,2.390000104904175,1574182906.9950895,324.70428466796875,37.53803769563392,4.0,2019-11-19T09:01:46.995090-08:00,30.0,11.564144134521484,1574182907.14283,0.9140770434670978,POINT (-122.29723763308094 37.53803769563392),ios,2.0684348787309275,-0.7973205856362211,1.2877297474710125
1401,distance,0,-122.29725114889361,2.549999952316284,1574182907.9950643,324.70428466796875,37.5380528992828,4.0,2019-11-19T09:01:47.995064-08:00,30.0,11.55898666381836,1574182908.128211,0.9143548142247729,POINT (-122.29725114889361 37.5380528992828),ios,1.2711344432750646,0.49037661785294556,0.5996511711393762
1402,distance,0,-122.29726776088599,2.0899999141693115,1574182909.9950132,324.70428466796875,37.538071585758075,4.0,2019-11-19T09:01:49.995013-08:00,30.0,11.50497055053711,1574182910.138002,0.9149103556076685,POINT (-122.29726776088599 37.538071585758075),ios,2.251862659193115,1.6896483649839396,-0.4170868526742767
1403,distance,0,-122.2972824752765,2.240000009536743,1574182910.994988,324.70428466796875,37.53808813766155,4.0,2019-11-19T09:01:50.994988-08:00,30.0,11.54159164428711,1574182911.147458,0.9151881263653437,POINT (-122.2972824752765 37.53808813766155),ios,3.941468322759444,1.2725720530826692,-1.039228010129991
1404,distance,0,-122.2973858567343,2.7899999618530273,1574182914.9948869,324.56109619140625,37.53820381888164,4.0,2019-11-19T09:01:54.994887-08:00,30.0,11.58846664428711,1574182915.125362,0.9162992093960444,POINT (-122.2973858567343 37.53820381888164),ios,9.031627891446144,-2.8842349324207075,0.5847508141341637
1405,distance,0,-122.29744603742715,4.119999885559082,1574182915.9948616,323.6148986816406,37.53826954328194,4.0,2019-11-19T09:01:55.994862-08:00,30.0,11.06966781616211,1574182916.1355271,0.9165769801537196,POINT (-122.29744603742715 37.53826954328194),ios,6.147465850476041,-2.2994988963251166,0.6284352159724678
1406,distance,0,-122.29752852586897,0.0,1574182917.9948106,323.6148986816406,37.538358689200436,4.0,2019-11-19T09:01:57.994811-08:00,30.0,11.72072982788086,1574182918.118209,0.9171325215366152,POINT (-122.29752852586897 37.538358689200436),ios,1.5485853818833433,-1.0426605281352685,1.51316378283609
1407,distance,0,-122.29751813618053,0.0,1574182918.9947858,323.6148986816406,37.538347460981065,4.0,2019-11-19T09:01:58.994786-08:00,30.0,11.971126556396484,1574182919.122491,0.9174102924267451,POINT (-122.29751813618053 37.538347460981065),ios,0.5059507070708015,0.47046573499948013,-0.29571269221204965
1408,distance,0,-122.29752831967012,0.0,1574182921.99471,323.6148986816406,37.53835846635968,4.0,2019-11-19T09:02:01.994710-08:00,30.0,11.86599349975586,1574182922.12938,0.9182436046997706,POINT (-122.29752831967012 37.53835846635968),ios,1.9173122427177285,-0.41664992155550074,0.5200324921763929
1409,distance,0,-122.29748972910905,0.0,1574182924.9946332,323.6148986816406,37.538316761231826,4.0,2019-11-19T09:02:04.994633-08:00,30.0,11.591915130615234,1574182925.1247811,0.9190769167078866,POINT (-122.29748972910905 37.538316761231826),ios,0.6673944645917205,1.1434076316723434,-1.0955717790937816
1410,distance,0,-122.29749868440415,0.0,1574182926.9945836,323.6148986816406,37.53832643929082,4.0,2019-11-19T09:02:06.994584-08:00,30.0,11.45455551147461,1574182927.1165361,0.9196324584881465,POINT (-122.29749868440415 37.53832643929082),ios,2.9541530251348487,-1.0476815959445096,-0.3529048758773371
1411,distance,0,-122.29747886458152,0.0,1574182927.9945576,323.6148986816406,37.53830501985006,4.0,2019-11-19T09:02:07.994558-08:00,30.0,11.41042709350586,1574182928.121409,0.9199102290471395,POINT (-122.29747886458152 37.53830501985006),ios,1.9064986559469017,-1.4005773006622286,1.2152167997143104
1412,distance,0,-122.29746607360629,0.0,1574182928.9945326,323.6148986816406,37.538291196540904,4.0,2019-11-19T09:02:08.994533-08:00,30.0,11.28756332397461,1574182929.1186318,0.920187999871042,POINT (-122.29746607360629 37.538291196540904),ios,0.5059564172679173,-0.18539092262550047,0.084299758977668
1413,distance,0,-122.29745928454194,0.0,1574182930.994481,323.6148986816406,37.53828385954476,4.0,2019-11-19T09:02:10.994481-08:00,30.0,10.970699310302734,1574182931.123128,0.9207435411214828,POINT (-122.29745928454194 37.53828385954476),ios,0.13518411935523209,-0.016795745973975356,0.22926318595086007
1414,distance,0,-122.2974520287856,0.0,1574182938.9942791,323.6148986816406,37.5382760181909,4.0,2019-11-19T09:02:18.994279-08:00,30.0,11.25283432006836,1574182939.111069,0.9229657072491116,POINT (-122.2974520287856 37.5382760181909),ios,0.0008215433053821283,1.8172634441021347,-3.4633555308253485
1415,distance,0,-122.29745202327375,0.0,1574182939.994253,323.6148986816406,37.538276012234206,4.0,2019-11-19T09:02:19.994253-08:00,18.671572095360215,11.12319564819336,1574182940.1302319,0.9232434777418772,POINT (-122.29745202327375 37.538276012234206),ios,1.8180373277770154,-1.6460012566097095,1.6522395628938837
1416,distance,0,-122.29746422075407,0.20999999344348907,1574182940.9942284,323.6148986816406,37.53828919414866,4.0,2019-11-19T09:02:20.994228-08:00,21.701121516750106,11.03933334350586,1574182941.112708,0.9235212486982346,POINT (-122.29746422075407 37.53828919414866),ios,0.1720764922072284,0.006197732049455178,0.015476497666088076
1417,distance,0,-122.29747576561077,0.0,1574182950.9939747,323.6148986816406,37.53830167076764,4.0,2019-11-19T09:02:30.993975-08:00,21.87364672653611,12.20455551147461,1574182951.1130872,0.9262989560100767,POINT (-122.29747576561077 37.53830167076764),ios,0.2340522404774253,0.1609587826731396,0.021373847397052642
1418,distance,0,-122.29748361706011,0.0,1574182955.9938478,323.6148986816406,37.53831015589168,4.0,2019-11-19T09:02:35.993848-08:00,22.074785359845208,12.053340911865234,1574182956.1149821,0.9276878096659978,POINT (-122.29748361706011 37.53831015589168),ios,1.0388257380429375,0.2678253086277252,-1.0142842981482236
1419,distance,0,-122.29747664742938,0.0,1574182956.9938226,323.6148986816406,37.53830262375604,4.0,2019-11-19T09:02:36.993823-08:00,21.89289435529784,12.051570892333984,1574182957.121211,0.9279655804236729,POINT (-122.29747664742938 37.53830262375604),ios,1.3066442780905325,-0.7464333561530545,0.6868615175035327
1420,distance,0,-122.29748541389311,0.0,1574182957.9937973,323.6148986816406,37.538312097743464,4.0,2019-11-19T09:02:37.993797-08:00,22.130147617575926,12.18154525756836,1574182958.108665,0.9282433511813482,POINT (-122.29748541389311 37.538312097743464),ios,0.5602297860769758,-0.059589197267508325,-0.04254006328189961
1421,distance,0,-122.29747789656834,0.0,1574182959.993747,323.6148986816406,37.53830397371049,4.0,2019-11-19T09:02:39.993747-08:00,30.0,11.825435638427734,1574182960.11888,0.9287988927629259,POINT (-122.29747789656834 37.53830397371049),ios,0.4410543892551968,-0.14466718379726318,0.0518804552957951
1422,distance,0,-122.29748677385619,0.0,1574182962.99367,323.6148986816406,37.538313567466446,4.0,2019-11-19T09:02:42.993670-08:00,30.0,11.78896713256836,1574182963.117535,0.9296322047048144,POINT (-122.29748677385619 37.538313567466446),ios,0.0070639785676496316,0.010970186817709686,-0.001406965466710503
1423,distance,0,-122.29748738996837,0.0,1574182975.993341,323.6148986816406,37.5383142333038,4.0,2019-11-19T09:02:55.993341-08:00,22.194983882889023,11.97042465209961,1574182976.123637,0.9332432244221369,POINT (-122.29748738996837 37.5383142333038),ios,0.14967279781290763,-0.007319901333070613,0.0007586352905168587
1424,distance,0,-122.29748036073498,0.0,1574182982.9931636,323.6148986816406,37.538306636755095,4.0,2019-11-19T09:03:02.993164-08:00,21.983260477142355,11.981746673583984,1574182983.1085582,0.9351876195934083,POINT (-122.29748036073498 37.538306636755095),ios,0.09843478691056673,-0.0020095888687771297,0.0007995906671690121
1425,distance,0,-122.29747177536562,0.0,1574182995.992834,323.6148986816406,37.53829735847779,4.0,2019-11-19T09:03:15.992834-08:00,21.79725482910781,11.438655853271484,1574182996.11907,0.9387986391782761,POINT (-122.29747177536562 37.53829735847779),ios,0.07231079376489598,0.00838482634371188,0.018081496080567708
1426,distance,0,-122.29748050794733,0.0,1574183013.9923778,323.6148986816406,37.538306795848655,4.0,2019-11-19T09:03:33.992378-08:00,21.98715164077246,11.56600570678711,1574183014.1188378,0.9437985124190649,POINT (-122.29748050794733 37.538306795848655),ios,0.22323384167740498,0.3338435046076794,0.6770683381640706
1427,distance,0,-122.29749698273348,2.4800000190734863,1574183024.9920993,323.6148986816406,37.53832460028173,4.0,2019-11-19T09:03:44.992099-08:00,18.641729786086977,11.694087982177734,1574183025.27985,0.9468539906210369,POINT (-122.29749698273348 37.53832460028173),ios,3.895419425992874,7.781406679228565,8.299552142231692
1428,distance,0,-122.29752311766454,3.4600000381469727,1574183025.992074,323.6148986816406,37.538352844510655,4.0,2019-11-19T09:03:45.992074-08:00,16.773092190867835,11.45162582397461,1574183026.1677752,0.9471317613787121,POINT (-122.29752311766454 37.538352844510655),ios,11.676629450637508,16.08074907211279,-31.708348789345937
1429,distance,0,-122.29760085921272,4.960000038146973,1574183026.9920485,324.4177551269531,37.538437853641526,4.0,2019-11-19T09:03:46.992049-08:00,18.131147002159825,11.07888412475586,1574183027.1810389,0.9474095320701599,POINT (-122.29760085921272 37.538437853641526),ios,27.75696829017042,-15.626790812270494,14.67270183328783
1430,distance,0,-122.29775603710259,6.590000152587891,1574183027.9920235,348.0620422363281,37.53865503694145,4.0,2019-11-19T09:03:47.992023-08:00,24.440450722050482,10.74319076538086,1574183028.277535,0.9476873028940624,POINT (-122.29775603710259 37.53865503694145),ios,12.13056867821237,-0.9544562946785448,-0.7245473424949403
1431,distance,0,-122.29815630253619,7.340000152587891,1574183030.9919477,322.734375,37.538734856096596,4.0,2019-11-19T09:03:50.991948-08:00,10.0,9.98678207397461,1574183031.15058,0.948520615167088,POINT (-122.29815630253619 37.538734856096596),ios,9.267272158292858,-3.128043389079137,9.461929462895284
1432,distance,0,-122.29822260339027,7.619999885559082,1574183031.991922,322.03125,37.538799522479565,4.0,2019-11-19T09:03:51.991922-08:00,10.0,9.85049057006836,1574183032.1492782,0.9487983857923084,POINT (-122.29822260339027 37.538799522479565),ios,6.139309313849022,6.333642436640112,-1.6801249526616833
1433,distance,0,-122.2982520238704,7.429999828338623,1574183032.9918966,324.4921875,37.5388495624415,4.0,2019-11-19T09:03:52.991897-08:00,10.0,9.317195892333984,1574183033.166409,0.9490761565499836,POINT (-122.2982520238704 37.5388495624415),ios,12.472791684337924,4.653559944716845,-9.660619438011532
1434,distance,0,-122.29813107081178,6.190000057220459,1574183034.9918458,326.6700744628906,37.53905236261419,4.0,2019-11-19T09:03:54.991846-08:00,23.18744069893788,9.705501556396484,1574183035.108877,0.9496316979991065,POINT (-122.29813107081178 37.53905236261419),ios,21.77967525130471,-14.66718833454921,14.324802676015144
1435,distance,0,-122.29826569085235,8.40999984741211,1574183035.9918213,326.89434814453125,37.539216583069724,4.0,2019-11-19T09:03:55.991821-08:00,30.0,10.923946380615234,1574183036.159381,0.9499094689554638,POINT (-122.29826569085235 37.539216583069724),ios,7.112847100566321,-0.3427374343413573,-0.5558857984366007
1436,distance,0,-122.29856399830645,8.430000305175781,1574183039.9917192,335.390625,37.53931412942478,4.0,2019-11-19T09:03:59.991719-08:00,30.0,9.964412689208984,1574183040.1592789,0.951020551721255,POINT (-122.29856399830645 37.53931412942478),ios,5.741932337208951,-2.5662239037488157,19.255425931014035
1437,distance,0,-122.29857145820027,8.0600004196167,1574183040.9916947,336.796875,37.53936542667219,4.0,2019-11-19T09:04:00.991695-08:00,30.0,9.88161849975586,1574183041.102005,0.9512983226776123,POINT (-122.29857145820027 37.53936542667219),ios,3.1757714525121843,16.6887291695823,-18.625894413658344
1438,distance,0,-122.29858411487406,7.349999904632568,1574183041.9916692,337.1484375,37.53939216494331,4.0,2019-11-19T09:04:01.991669-08:00,30.0,9.741878509521484,1574183042.124397,0.9515760933690601,POINT (-122.29858411487406 37.53939216494331),ios,19.86407487946325,-1.9366900828330211,-14.5862865092089
1439,distance,0,-122.29852572546831,8.170000076293945,1574183042.9916427,326.279052734375,37.539564697997555,4.0,2019-11-19T09:04:02.991643-08:00,30.0,9.32595443725586,1574183043.1366549,0.9518538637955983,POINT (-122.29852572546831 37.539564697997555),ios,17.927436050091874,-16.52259057381279,17.124654926001746
1440,distance,0,-122.29863937072888,8.710000038146973,1574183043.9916182,325.896728515625,37.539698384103495,4.0,2019-11-19T09:04:03.991618-08:00,30.0,9.85848617553711,1574183044.143939,0.9521316347519556,POINT (-122.29863937072888 37.539698384103495),ios,1.4052512234135561,0.6016438200917676,26.211977481515042
1441,distance,0,-122.2986671727022,10.609999656677246,1574183045.9915676,325.896728515625,37.539710746625005,4.0,2019-11-19T09:04:05.991568-08:00,37.901615844389255,9.56075668334961,1574183046.156547,0.952687176267306,POINT (-122.2986671727022 37.539710746625005),ios,2.6085084536673726,53.02427390556741,-96.04878294945595
1442,distance,0,-122.29869445401805,11.789999961853027,1574183046.9915419,325.896728515625,37.539719820674925,4.0,2019-11-19T09:04:06.991542-08:00,42.63248593354879,9.62350082397461,1574183047.1561852,0.9529649468925264,POINT (-122.29869445401805 37.539719820674925),ios,55.631417026254205,-43.02203586393817,42.7445746540545
1443,distance,0,-122.29924435738688,12.220000267028809,1574183047.9915173,322.3828125,37.5399651099346,4.0,2019-11-19T09:04:07.991517-08:00,10.0,10.187618255615234,1574183048.169116,0.9532427178488837,POINT (-122.29924435738688 37.5399651099346),ios,12.610437659340093,-0.2785108932612658,6.105355459718732
1444,distance,0,-122.2993210518009,11.75,1574183048.991492,322.734375,37.54006083126882,4.0,2019-11-19T09:04:08.991492-08:00,10.0,10.14059066772461,1574183049.106618,0.9535204886065589,POINT (-122.2993210518009 37.54006083126882),ios,12.331933804709,5.826690269659063,-10.362611642037892
1445,distance,0,-122.29940545756584,11.770000457763672,1574183049.9914663,322.734375,37.54014926034728,4.0,2019-11-19T09:04:09.991466-08:00,10.0,9.982845306396484,1574183050.12257,0.9537982592317793,POINT (-122.29940545756584 37.54014926034728),ios,18.158474041716847,-4.535654543351334,1.8079251144037813
1446,distance,0,-122.2994039922868,12.609999656677246,1574183050.9914403,326.05218505859375,37.54031255505047,4.0,2019-11-19T09:04:10.991440-08:00,30.0,9.82802963256836,1574183051.1060128,0.9540760297907723,POINT (-122.2994039922868 37.54031255505047),ios,13.62293736925547,-2.7277764126276742,3.656684050524655
1447,distance,0,-122.29949002577679,12.720000267028809,1574183051.9914143,326.05218505859375,37.54041431556973,4.0,2019-11-19T09:04:11.991414-08:00,30.0,9.487728118896484,1574183052.234184,0.9543538003497654,POINT (-122.29949002577679 37.54041431556973),ios,10.895231845058623,0.9288126093626856,-0.18424793513887122
1448,distance,0,-122.29955883300185,13.3100004196167,1574183052.9913898,326.05218505859375,37.54049570084137,4.0,2019-11-19T09:04:12.991390-08:00,10.0,9.44393539428711,1574183053.137743,0.9546315713061226,POINT (-122.29955883300185 37.54049570084137),ios,11.824021645464503,0.7445691988212969,-0.3846181277387357
1449,distance,0,-122.29963350583448,13.65999984741211,1574183053.9913645,326.05218505859375,37.5405840239609,4.0,2019-11-19T09:04:13.991364-08:00,10.0,9.22994613647461,1574183054.160059,0.9549093420637979,POINT (-122.29963350583448 37.5405840239609),ios,12.568572027257975,0.35996079129395747,5.614917932168345
1450,distance,0,-122.29971288083111,13.649999618530273,1574183054.9913397,326.05218505859375,37.54067790880591,4.0,2019-11-19T09:04:14.991340-08:00,30.0,9.07381820678711,1574183055.13873,0.9551871129539278,POINT (-122.29971288083111 37.54067790880591),ios,12.928523893132532,5.974739498583766,-8.463652550571382
1451,distance,0,-122.29979452896715,13.640000343322754,1574183055.9913135,326.05218505859375,37.54077448232306,4.0,2019-11-19T09:04:15.991313-08:00,30.0,8.82204818725586,1574183056.2172508,0.9554648834466934,POINT (-122.29979452896715 37.54077448232306),ios,18.903106697937105,-2.488691083865953,-0.11337861012425633
1452,distance,0,-122.29991458548518,15.880000114440918,1574183056.9912882,325.9212646484375,37.54091532384835,4.0,2019-11-19T09:04:16.991288-08:00,30.0,8.622310638427734,1574183057.236222,0.9557426542043685,POINT (-122.29991458548518 37.54091532384835),ios,16.414478509191508,-2.602066828644094,5.043864319781141
1453,distance,0,-122.30001860137229,15.6899995803833,1574183057.9912634,325.9212646484375,37.541037749239074,4.0,2019-11-19T09:04:17.991263-08:00,30.0,8.509212493896484,1574183058.1123428,0.9560204250944986,POINT (-122.30001860137229 37.541037749239074),ios,13.812476200179319,2.4416724258367597,-0.7757708719705307
1454,distance,0,-122.30010620836829,15.15999984741211,1574183058.9912386,325.85125732421875,37.54114072544764,4.0,2019-11-19T09:04:18.991239-08:00,30.0,8.46664047241211,1574183059.1369,0.9562981959846285,POINT (-122.30010620836829 37.54114072544764),ios,16.254088083448757,1.6659207895178854,-2.1424744965527514
1455,distance,0,-122.30020939437729,15.1899995803833,1574183059.9912128,325.85125732421875,37.541261854834524,4.0,2019-11-19T09:04:19.991213-08:00,30.0,8.431026458740234,1574183060.1032,0.9565759666098489,POINT (-122.30020939437729 37.541261854834524),ios,17.91996597682815,-0.47649854001654135,-0.2005224891640064
1456,distance,0,-122.30032315595842,16.1299991607666,1574183060.991187,325.85125732421875,37.54139539881693,4.0,2019-11-19T09:04:20.991187-08:00,30.0,8.327083587646484,1574183061.116636,0.9568537372350693,POINT (-122.30032315595842 37.54139539881693),ios,17.44347970627093,-0.6770158658855577,-4.980819354642796
1457,distance,0,-122.30043389276894,15.970000267028809,1574183061.9911618,325.85125732421875,37.54152539204073,4.0,2019-11-19T09:04:21.991162-08:00,30.0,8.268856048583984,1574183062.1124291,0.9571315079927445,POINT (-122.30043389276894 37.54152539204073),ios,16.766480950180416,-5.657709343421785,9.302561248410957
1458,distance,0,-122.30054028250716,16.34000015258789,1574183062.9911366,325.9119873046875,37.541650366573165,4.0,2019-11-19T09:04:22.991137-08:00,10.0,8.400997161865234,1574183063.125142,0.9574092787504196,POINT (-122.30054028250716 37.541650366573165),ios,11.10891459047903,3.6446168072250784,-0.3172370372474137
1459,distance,0,-122.30061069498588,15.100000381469727,1574183063.991111,325.9119873046875,37.5417332122054,4.0,2019-11-19T09:04:23.991111-08:00,10.0,8.44173812866211,1574183064.1078339,0.9576870494418674,POINT (-122.30061069498588 37.5417332122054),ios,14.75343842065753,3.327387862944456,-4.020265065560596
1460,distance,0,-122.3007042079097,15.220000267028809,1574183064.991086,325.9119873046875,37.541843237266825,4.0,2019-11-19T09:04:24.991086-08:00,30.0,8.502925872802734,1574183065.147416,0.95796482026577,POINT (-122.3007042079097 37.541843237266825),ios,18.080742985937913,-0.6927765594982632,0.8550612823835286
1461,distance,0,-122.30082036411672,16.200000762939453,1574183065.9910612,325.321533203125,37.54197723776639,4.0,2019-11-19T09:04:25.991061-08:00,30.0,8.25497055053711,1574183066.120768,0.9582425911558999,POINT (-122.30082036411672 37.54197723776639),ios,17.387983604203157,0.1622635211856824,-0.747103444620607
1462,distance,0,-122.30093225277567,16.719999313354492,1574183066.991036,325.321533203125,37.54210600426143,4.0,2019-11-19T09:04:26.991036-08:00,30.0,8.240840911865234,1574183067.107438,0.958520361913575,POINT (-122.30093225277567 37.54210600426143),ios,17.550243024605194,-0.5848210423607034,3.5857052631975534
1463,distance,0,-122.30104518550125,17.31999969482422,1574183067.9910097,325.321533203125,37.5422359723152,4.0,2019-11-19T09:04:27.991010-08:00,10.0,8.042476654052734,1574183068.117044,0.9587981324063407,POINT (-122.30104518550125 37.5422359723152),ios,16.965437319786705,3.000790181973918,-5.68950309440367
1464,distance,0,-122.30115435526936,16.6299991607666,1574183068.9909844,325.321533203125,37.54236160978851,4.0,2019-11-19T09:04:28.990984-08:00,10.0,8.34359359741211,1574183069.104298,0.9590759031640159,POINT (-122.30115435526936 37.54236160978851),ios,19.966151664682698,-2.6885691252059343,2.19750517659716
1465,distance,0,-122.30128068199859,17.309999465942383,1574183069.99096,326.1986083984375,37.5425106306035,4.0,2019-11-19T09:04:29.990960-08:00,10.0,8.38290023803711,1574183070.1145458,0.9593536741203732,POINT (-122.30128068199859 37.5425106306035),ios,17.27764856297432,-0.4911179129931369,5.859787508513963
1466,distance,0,-122.30138903053337,17.549999237060547,1574183070.990934,326.4287109375,37.542640097701565,4.0,2019-11-19T09:04:30.990934-08:00,10.0,8.442012786865234,1574183071.144002,0.9596314446793662,POINT (-122.30138903053337 37.542640097701565),ios,16.786543412969397,5.36851731355976,-9.12615103641806
1467,distance,0,-122.301494004493,17.68000030517578,1574183071.9909081,326.4287109375,37.542766039741096,4.0,2019-11-19T09:04:31.990908-08:00,10.0,8.62093734741211,1574183072.10731,0.9599092153045866,POINT (-122.301494004493 37.542766039741096),ios,22.15492249146802,-3.7573987317103206,-4.363402090718233
1468,distance,0,-122.30163254953924,18.260000228881836,1574183072.9908829,326.4287109375,37.54293225854196,4.0,2019-11-19T09:04:32.990883-08:00,10.0,8.88399887084961,1574183073.106635,0.9601869860622618,POINT (-122.30163254953924 37.54293225854196),ios,18.397618718126374,-8.120690548919143,18.366531809132965
1469,distance,0,-122.30174759859658,18.3799991607666,1574183073.9908586,326.4287109375,37.543070288135,6.0,2019-11-19T09:04:33.990859-08:00,10.0,9.89120101928711,1574183074.107374,0.9604647570848465,POINT (-122.30174759859658 37.543070288135),ios,10.277125653804434,10.24539461012729,-14.298223441390334
1470,distance,0,-122.301811866286,17.25,1574183074.9908328,326.4287109375,37.543147393008525,6.0,2019-11-19T09:04:34.990833-08:00,30.0,11.15810775756836,1574183075.116692,0.9607425277100669,POINT (-122.301811866286 37.543147393008525),ios,20.522256453149794,-4.052460663354454,10.519110589520436
1471,distance,0,-122.30194020164645,17.809999465942383,1574183075.990807,326.4287109375,37.54330136278443,8.0,2019-11-19T09:04:35.990807-08:00,30.0,12.92208480834961,1574183076.1149302,0.9610202983352873,POINT (-122.30194020164645 37.54330136278443),ios,16.469900137441968,6.466379067414763,-7.808871152913721
1472,distance,0,-122.30204319576755,17.719999313354492,1574183076.9907813,326.4287109375,37.54342492952156,8.0,2019-11-19T09:04:36.990781-08:00,30.0,12.95632553100586,1574183077.136325,0.9612980689605077,POINT (-122.30204319576755 37.54342492952156),ios,22.93611270072654,-1.3422910132627737,3.9928328460845717
1473,distance,0,-122.302186626347,17.950000762939453,1574183077.990756,326.4287109375,37.54359700971904,8.0,2019-11-19T09:04:37.990756-08:00,30.0,13.34524154663086,1574183078.120049,0.9615758397181828,POINT (-122.302186626347 37.54359700971904),ios,21.593855610338075,2.6504409244752205,-4.877929761672049
1474,distance,0,-122.30227508943825,18.329999923706055,1574183078.9907312,341.1477966308594,37.54377809328357,8.0,2019-11-19T09:04:38.990731-08:00,30.0,13.75924301147461,1574183079.147717,0.9618536106083129,POINT (-122.30227508943825 37.54377809328357),ios,24.244230815719938,-2.2273678863322233,4.920992065492114
1475,distance,0,-122.30239831941991,19.290000915527344,1574183079.9907055,328.5089416503906,37.54397300213629,8.0,2019-11-19T09:04:39.990705-08:00,30.0,14.380977630615234,1574183080.152019,0.9621313812335333,POINT (-122.30239831941991 37.54397300213629),ios,22.016920282343467,2.6934974675188,-2.9876386149271377
1476,distance,0,-122.30263249028688,19.139999389648438,1574183080.9906807,324.84375,37.54404177427063,8.0,2019-11-19T09:04:40.990681-08:00,30.0,15.378414154052734,1574183081.16063,0.9624091521236632,POINT (-122.30263249028688 37.54404177427063),ios,24.71035096315901,-0.29406706731878013,-5.84256026825423
1477,distance,0,-122.30280239146417,19.739999771118164,1574183081.9906552,324.84375,37.544218506699,8.0,2019-11-19T09:04:41.990655-08:00,30.0,15.42214584350586,1574183082.138931,0.9626869228151109,POINT (-122.30280239146417 37.544218506699),ios,24.41629139772283,-6.136478287256841,12.172581141595904
1478,distance,0,-122.30295083496934,19.940000534057617,1574183082.9906297,324.4921875,37.54440387248764,8.0,2019-11-19T09:04:42.990630-08:00,30.0,15.688899993896484,1574183083.196181,0.9629646935065588,POINT (-122.30295083496934 37.54440387248764),ios,18.27996965686242,6.035792322202588,-12.029967748462738
1479,distance,0,-122.30305468674963,19.510000228881836,1574183083.9906049,326.25,37.54454615529398,6.0,2019-11-19T09:04:43.990605-08:00,30.0,16.09420394897461,1574183084.1794,0.9632424643966887,POINT (-122.30305468674963 37.54454615529398),ios,24.31561231838197,-5.993877136807159,18.79467634823862
1480,distance,0,-122.30317728220506,19.489999771118164,1574183084.9905791,330.52349853515625,37.54474203292916,6.0,2019-11-19T09:04:44.990579-08:00,30.0,15.75899887084961,1574183085.181261,0.9635202350219091,POINT (-122.30317728220506 37.54474203292916),ios,18.3218895191552,12.800315263428262,-8.539496219222196
1481,distance,0,-122.30325651713532,19.25,1574183085.9905534,332.8658142089844,37.54489435446452,6.0,2019-11-19T09:04:45.990553-08:00,10.0,16.266231536865234,1574183086.176652,0.9637980056471295,POINT (-122.30325651713532 37.54489435446452),ios,31.121875184621928,4.261038929457988,-21.853501937436658
1482,distance,0,-122.30339816044129,20.149999618530273,1574183086.9905283,331.9666748046875,37.545150712821304,6.0,2019-11-19T09:04:46.990528-08:00,10.0,15.84359359741211,1574183087.162072,0.964075776471032,POINT (-122.30339816044129 37.545150712821304),ios,35.382807443440974,-17.591915928486234,26.3402916562191
1483,distance,0,-122.30356895509492,22.209999084472656,1574183087.9905033,329.33251953125,37.54543865620454,6.0,2019-11-19T09:04:47.990503-08:00,25.502578022759845,14.344234466552734,1574183088.174471,0.9643535472949346,POINT (-122.30356895509492 37.54543865620454),ios,17.79133191011267,8.747716326167337,-13.136266897656428
1484,distance,0,-122.30372069411679,22.1299991607666,1574183088.9904776,327.2476501464844,37.54554413023985,6.0,2019-11-19T09:04:48.990478-08:00,18.64377237521922,13.955074310302734,1574183089.163816,0.964631317920155,POINT (-122.30372069411679 37.54554413023985),ios,26.538822989525546,-4.388212323039539,4.504946843299071
1485,distance,0,-122.30384606686202,22.139999389648438,1574183089.9904532,325.599609375,37.545761107505164,6.0,2019-11-19T09:04:49.990453-08:00,22.416363889001076,14.979610443115234,1574183090.2696881,0.9649090889427397,POINT (-122.30384606686202 37.545761107505164),ios,22.150717382083386,0.11662496583095057,3.6860895397054403
1486,distance,0,-122.30398763039996,21.5,1574183090.9904275,328.5186462402344,37.54592567675518,6.0,2019-11-19T09:04:50.990427-08:00,22.690043904801186,14.629207611083984,1574183091.167114,0.9651868595679601,POINT (-122.30398763039996 37.54592567675518),ios,22.267339344914003,3.802619591655497,-14.38139430412352
1487,distance,0,-122.30411911734366,22.030000686645508,1574183091.9904013,328.5186462402344,37.54609664934655,6.0,2019-11-19T09:04:51.990401-08:00,26.37469673961844,13.41805648803711,1574183092.120832,0.9654646300607257,POINT (-122.30411911734366 37.54609664934655),ios,26.06985920890191,-10.57839754539252,32.6198544444432
1488,distance,0,-122.3042766031849,22.34000015258789,1574183092.9903765,327.53497314453125,37.546295077654314,6.0,2019-11-19T09:04:52.990376-08:00,28.669641280282292,14.096920013427734,1574183093.141595,0.9657424009508557,POINT (-122.3042766031849 37.546295077654314),ios,15.491723960506633,22.040648072398575,-39.819021923141904
1489,distance,0,-122.30436727482537,23.229999542236328,1574183093.9903507,329.4947204589844,37.5464144133678,6.0,2019-11-19T09:04:53.990351-08:00,29.813813699113826,13.905086517333984,1574183094.151371,0.9660201715760761,POINT (-122.30436727482537 37.5464144133678),ios,37.53180450370565,-17.777348542523495,28.071409497890443
1490,distance,0,-122.30435985324719,22.510000228881836,1574183094.9903255,325.7002258300781,37.546751885168625,6.0,2019-11-19T09:04:54.990325-08:00,52.48796960825775,13.97140121459961,1574183095.2046099,0.9662979423337512,POINT (-122.30435985324719 37.546751885168625),ios,19.754905236901205,10.293351524336968,-7.621597221230063
1491,distance,0,-122.3044760730239,23.56999969482422,1574183095.9903002,331.42333984375,37.54690377570456,6.0,2019-11-19T09:04:55.990300-08:00,51.873460038987396,13.635433197021484,1574183096.1929731,0.9665757130914264,POINT (-122.3044760730239 37.54690377570456),ios,30.047996623856243,2.671946918927181,15.283687078273775
1492,distance,0,-122.30458356334803,23.389999389648438,1574183096.9902754,347.41912841796875,37.54716020596302,8.0,2019-11-19T09:04:56.990275-08:00,61.766108173985174,14.241512298583984,1574183097.1755219,0.9668534839815563,POINT (-122.30458356334803 37.54716020596302),ios,32.71987729043749,17.955255030045468,-43.87090800769165
1493,distance,0,-122.30488902810639,23.290000915527344,1574183097.9902496,343.98931884765625,37.547327321541914,8.0,2019-11-19T09:04:57.990250-08:00,53.36604627900863,13.649105072021484,1574183098.182516,0.9671312546067767,POINT (-122.30488902810639 37.547327321541914),ios,50.674669986912654,-25.914523336574675,22.102506959908204
1494,distance,0,-122.3054223229385,24.139999389648438,1574183098.990224,324.140625,37.54715732767949,8.0,2019-11-19T09:04:58.990224-08:00,10.0,14.43325424194336,1574183099.117292,0.9674090252319971,POINT (-122.3054223229385 37.54715732767949),ios,24.760813928751837,-3.812585498683297,7.419783039936194
1495,distance,0,-122.30557998653715,24.43000030517578,1574183099.990199,325.1953125,37.54734160382072,8.0,2019-11-19T09:04:59.990199-08:00,10.0,14.20040512084961,1574183100.1167011,0.9676867961221272,POINT (-122.30557998653715 37.54734160382072),ios,20.94832296515514,3.607013563783415,15.747555698048812
1496,distance,0,-122.30571376171177,24.0,1574183100.9901738,324.84375,37.54749729767213,6.0,2019-11-19T09:05:00.990174-08:00,10.0,13.94845199584961,1574183101.156571,0.9679645668798023,POINT (-122.30571376171177 37.54749729767213),ios,24.555245371159394,19.354171283787718,-57.074902862800144
1497,distance,0,-122.30587360460525,24.139999389648438,1574183101.9901485,323.7890625,37.547678137233056,6.0,2019-11-19T09:05:01.990149-08:00,30.0,14.21670150756836,1574183102.1167169,0.9682423376374775,POINT (-122.30587360460525 37.547678137233056),ios,43.90892752918129,-37.71928916098468,33.25976539028558
1498,distance,0,-122.3058130249065,24.059999465942383,1574183102.9901223,326.4413146972656,37.54807007738237,8.0,2019-11-19T09:05:02.990122-08:00,30.0,13.75924301147461,1574183103.1544662,0.9685201081302431,POINT (-122.3058130249065 37.54807007738237),ios,6.190627595922522,-4.460396042759718,6.835197278414703
1499,distance,0,-122.30585172577791,23.420000076293945,1574183103.990098,326.4413146972656,37.54811653076278,8.0,2019-11-19T09:05:03.990098-08:00,30.0,13.27157211303711,1574183104.1788468,0.9687978791528278,POINT (-122.30585172577791 37.54811653076278),ios,1.7303400241740516,2.3746350125766393,47.184019739093316
1500,distance,0,-122.30588510289662,24.860000610351562,1574183105.990047,326.4413146972656,37.548132910358696,8.0,2019-11-19T09:05:05.990047-08:00,61.882576284558446,12.865779876708984,1574183106.157546,0.9693534205357234,POINT (-122.30588510289662 37.548132910358696),ios,6.479488891706736,96.74026708771757,-183.5170990635748
1501,distance,0,-122.30593612649473,25.299999237060547,1574183106.9900217,326.4413146972656,37.54817484952815,8.0,2019-11-19T09:05:06.990022-08:00,81.03837867378358,12.903316497802734,1574183107.202805,0.9696311912933986,POINT (-122.30593612649473 37.54817484952815),ios,103.21731112366008,-86.77219406394127,92.88810164677746
1502,distance,0,-122.3068039958573,24.3799991607666,1574183107.9899967,325.546875,37.54879787567774,8.0,2019-11-19T09:05:07.989997-08:00,10.0,12.413326263427734,1574183108.2115521,0.969908962117301,POINT (-122.3068039958573 37.54879787567774),ios,16.447289310556304,6.113582226669119,-1.1340652061472214
1503,distance,0,-122.30685168888634,24.06999969482422,1574183108.9899712,326.6015625,37.54894087094585,8.0,2019-11-19T09:05:08.989971-08:00,10.0,13.29720687866211,1574183109.211862,0.9701867328087489,POINT (-122.30685168888634 37.54894087094585),ios,22.56071557492554,4.979545951418909,-7.286995442005867
1504,distance,0,-122.30698336858516,23.989999771118164,1574183109.989946,327.65625,37.549114837346174,8.0,2019-11-19T09:05:09.989946-08:00,10.0,13.535701751708984,1574183110.13489,0.970464503566424,POINT (-122.30698336858516 37.549114837346174),ios,27.540135681419795,-2.307265330946442,9.026699321924243
1505,distance,0,-122.30703291401962,24.110000610351562,1574183110.9899204,326.68231201171875,37.54935937051151,12.0,2019-11-19T09:05:10.989920-08:00,10.0,12.816524505615234,1574183111.146933,0.9707422742578719,POINT (-122.30703291401962 37.54935937051151),ios,25.232929210629987,6.719203712765386,-13.237030980382727
1506,distance,0,-122.30718966258324,25.639999389648438,1574183111.9898958,326.68231201171875,37.54954923450779,12.0,2019-11-19T09:05:11.989896-08:00,30.0,12.179927825927734,1574183112.154499,0.9710200452142291,POINT (-122.30718966258324 37.54954923450779),ios,31.951967919146178,-6.5175022043432005,-6.554384638022318
1507,distance,0,-122.30738011287598,25.790000915527344,1574183112.98987,328.92913818359375,37.54979370779207,8.0,2019-11-19T09:05:12.989870-08:00,30.0,13.15176010131836,1574183113.151206,0.9712978158394495,POINT (-122.30738011287598 37.54979370779207),ios,25.43463353531338,-13.071718072161712,25.829591720393257
1508,distance,0,-122.3075260283848,24.309999465942383,1574183113.9898443,329.9757385253906,37.54999102948287,8.0,2019-11-19T09:05:13.989844-08:00,23.3438399949524,12.098812103271484,1574183114.139164,0.97157558646467,POINT (-122.3075260283848 37.54999102948287),ios,12.363252049520181,12.75720855673942,-10.938465501896829
1509,distance,0,-122.30759597545226,24.100000381469727,1574183114.9898195,329.9757385253906,37.55008739474419,12.0,2019-11-19T09:05:14.989820-08:00,16.98165609830785,12.98403549194336,1574183115.098579,0.9718533573547999,POINT (-122.30759597545226 37.55008739474419),ios,25.12014428448371,1.8190142799164513,-6.335719113951728
1510,distance,0,-122.30773809656908,24.059999465942383,1574183115.9897935,329.9757385253906,37.55028319335391,12.0,2019-11-19T09:05:15.989794-08:00,17.423943275904534,13.670894622802734,1574183116.095006,0.972131127913793,POINT (-122.30773809656908 37.55028319335391),ios,26.939111292538964,-4.516540183742065,8.820836322851937
1511,distance,0,-122.30788375073426,26.3799991607666,1574183116.989768,331.865234375,37.55049616380252,8.0,2019-11-19T09:05:16.989768-08:00,10.0,13.16176986694336,1574183117.12788,0.9724088986052407,POINT (-122.30788375073426 37.55049616380252),ios,22.422686329295857,4.304071112624776,-10.636516122355323
1512,distance,0,-122.30800022748012,26.260000228881836,1574183117.989743,333.2975158691406,37.55067542338427,8.0,2019-11-19T09:05:17.989743-08:00,10.0,13.71529769897461,1574183118.154067,0.9726866694291433,POINT (-122.30800022748012 37.55067542338427),ios,26.726649694016135,-6.332178735709195,10.610755822590223
1513,distance,0,-122.30813599534592,25.389999389648438,1574183118.989718,333.2975158691406,37.5508903263075,12.0,2019-11-19T09:05:18.989718-08:00,10.0,13.32186508178711,1574183119.10076,0.9729644402530458,POINT (-122.30813599534592 37.5508903263075),ios,20.394629477757903,4.278311457741754,-8.988664492887876
1514,distance,0,-122.30823959738511,25.149999618530273,1574183119.9896924,333.2975158691406,37.55105431489895,12.0,2019-11-19T09:05:19.989692-08:00,10.0,14.44564437866211,1574183120.1066,0.9732422109444936,POINT (-122.30823959738511 37.55105431489895),ios,24.672831792403215,-4.7101237272321645,12.483365746940201
1515,distance,0,-122.30836303797524,25.510000228881836,1574183120.989667,334.6402893066406,37.55125344873921,12.0,2019-11-19T09:05:20.989667-08:00,16.82864992121499,13.20144271850586,1574183121.114472,0.9735199816359414,POINT (-122.30836303797524 37.55125344873921),ios,19.96282822413874,7.772923559211391,-11.534746240701244
1516,distance,0,-122.30845968688509,26.1200008392334,1574183121.9896421,334.6402893066406,37.55141580081507,12.0,2019-11-19T09:05:21.989642-08:00,10.0,14.295833587646484,1574183122.129035,0.9737977525260714,POINT (-122.30845968688509 37.55141580081507),ios,27.735559049573524,-3.7615366713177165,6.589916362589373
1517,distance,0,-122.30858185257053,25.049999237060547,1574183122.9896162,337.0671081542969,37.55164565381427,12.0,2019-11-19T09:05:22.989616-08:00,10.0,14.62832260131836,1574183123.158153,0.9740755230850644,POINT (-122.30858185257053 37.55164565381427),ios,23.974120131660705,2.828208434995641,-3.569793851458098
1518,distance,0,-122.30866509179434,25.020000457763672,1574183123.9895911,334.03765869140625,37.551850904786086,8.0,2019-11-19T09:05:23.989591-08:00,10.0,15.563777923583984,1574183124.163105,0.974353293908967,POINT (-122.30866509179434 37.551850904786086),ios,26.802257765425516,-0.7414960504187934,0.6015772715930106
1519,distance,0,-122.30878587844357,26.09000015258789,1574183124.9896684,338.7715759277344,37.552072125489,8.0,2019-11-19T09:05:24.989668-08:00,10.0,15.63772201538086,1574183125.183389,0.9746310931444168,POINT (-122.30878587844357 37.552072125489),ios,26.060704436201863,-0.13987230841352952,8.667937820209554
1520,distance,0,-122.30889266556186,26.329999923706055,1574183125.989541,338.5660400390625,37.552290637886756,8.0,2019-11-19T09:05:25.989541-08:00,10.0,16.947322845458984,1574183126.181788,0.974908835556772,POINT (-122.30889266556186 37.552290637886756),ios,25.920849935704187,8.526961948774366,-19.43730715027818
1521,distance,0,-122.30899286834442,26.0,1574183126.9895153,340.8734130859375,37.55250978974936,8.0,2019-11-19T09:05:26.989515-08:00,17.95186012978661,15.90719223022461,1574183127.168714,0.9751866061819924,POINT (-122.30899286834442 37.55250978974936),ios,34.44759232197415,-10.90984470626736,12.412831453689028
1522,distance,0,-122.3092695326752,26.56999969482422,1574183127.9932523,338.90625,37.55273020364116,8.0,2019-11-19T09:05:27.993252-08:00,10.0,14.271724700927734,1574183128.201149,0.9754654220077726,POINT (-122.3092695326752 37.55273020364116),ios,23.496977822690823,1.5493731610447912,1.0241028526436664
1523,distance,0,-122.30933147493964,25.959999084472656,1574183128.9936202,340.3125,37.55293581172596,8.0,2019-11-19T09:05:28.993620-08:00,10.0,12.04287338256836,1574183129.224495,0.9757433019744025,POINT (-122.30933147493964 37.55293581172596),ios,25.04692096692889,2.5738527605102495,-2.1123835349124933
1524,distance,0,-122.30943247687286,26.219999313354492,1574183129.9940255,339.2578125,37.55314644895266,6.0,2019-11-19T09:05:29.994025-08:00,10.0,12.18294906616211,1574183130.192274,0.9760211923387315,POINT (-122.30943247687286 37.55314644895266),ios,27.621816939779702,0.46061305208020686,-0.4242837461274694
1525,distance,0,-122.30953792121475,26.489999771118164,1574183130.9944122,339.609375,37.55338047168921,6.0,2019-11-19T09:05:30.994412-08:00,10.0,12.21438217163086,1574183131.1873798,0.9762990775373247,POINT (-122.30953792121475 37.55338047168921),ios,28.082608117806544,0.036165229091303805,0.12669732404348705
1526,distance,0,-122.30965786624914,27.219999313354492,1574183131.9947686,339.9609375,37.553614536335274,6.0,2019-11-19T09:05:31.994769-08:00,10.0,11.65047836303711,1574183132.483146,0.9765769543250402,POINT (-122.30965786624914 37.553614536335274),ios,28.118786237479334,0.16290771259377262,-1.4922181646962096
1527,distance,0,-122.30976222094363,27.530000686645508,1574183132.9951024,341.015625,37.55385358821373,8.0,2019-11-19T09:05:32.995102-08:00,10.0,11.331722259521484,1574183133.096808,0.9768548248211543,POINT (-122.30976222094363 37.55385358821373),ios,28.281748326388612,-1.329808533650788,0.5317660618744962
1528,distance,0,-122.3098739517129,27.700000762939453,1574183133.995418,339.9609375,37.55409209526847,8.0,2019-11-19T09:05:33.995418-08:00,10.0,11.949825286865234,1574183134.1405082,0.9771326902839873,POINT (-122.3098739517129 37.55409209526847),ios,26.951520017132967,-0.7978746112049262,10.060084638708647
1529,distance,0,-122.30997713294094,27.950000762939453,1574183134.9957232,339.9609375,37.554320334491834,8.0,2019-11-19T09:05:34.995723-08:00,10.0,13.18246078491211,1574183135.253814,0.9774105528328154,POINT (-122.30997713294094 37.554320334491834),ios,26.153401913920227,9.26528012169278,-43.23717297506002
1530,distance,0,-122.3100729380942,26.399999618530273,1574183135.995976,340.6640625,37.554542999749586,8.0,2019-11-19T09:05:35.995976-08:00,10.0,13.361995697021484,1574183136.110955,0.9776884008116192,POINT (-122.3100729380942 37.554542999749586),ios,35.42102359142989,-33.982819911433026,73.04271130514721
1531,distance,0,-122.30990846113853,26.530000686645508,1574183136.9962258,353.39056396484375,37.554833726200194,8.0,2019-11-19T09:05:36.996226-08:00,24.149481886661594,13.31350326538086,1574183137.131559,0.9779662479956944,POINT (-122.30990846113853 37.554833726200194),ios,1.4297126418491373,39.07814204065055,-50.615287118648574
1532,distance,0,-122.30993173469345,25.540000915527344,1574183138.996657,353.39056396484375,37.55485164670222,6.0,2019-11-19T09:05:38.996657-08:00,57.07708015943594,12.66195297241211,1574183139.230325,0.9785219232903587,POINT (-122.30993173469345 37.55485164670222),ios,79.6028417779697,-62.17425046234945,61.333554818647144
1533,distance,0,-122.31048717174893,27.020000457763672,1574183139.99685,337.5,37.55541626833151,6.0,2019-11-19T09:05:39.996850-08:00,10.0,12.669979095458984,1574183140.131156,0.9787997547123167,POINT (-122.31048717174893 37.55541626833151),ios,17.41658428349418,-0.8288509659195104,15.661891669869851
1534,distance,0,-122.31040813040202,0.0,1574183140.9970317,337.1484375,37.555272686330184,6.0,2019-11-19T09:05:40.997032-08:00,10.0,10.504817962646484,1574183141.111229,0.9790775829553604,POINT (-122.31040813040202 37.555272686330184),ios,16.58758273611085,14.835886077450315,-16.790282143662804
1535,distance,0,-122.31049136270052,26.729999542236328,1574183141.9971993,335.390625,37.55540650341432,6.0,2019-11-19T09:05:41.997199-08:00,10.0,10.12112045288086,1574183142.11666,0.9793554072909885,POINT (-122.31049136270052 37.55540650341432),ios,31.42595543062861,-1.9572102562061064,5.045991304878235
1536,distance,0,-122.31068263773089,28.329999923706055,1574183142.997354,331.171875,37.55564505237858,6.0,2019-11-19T09:05:42.997354-08:00,10.0,12.108516693115234,1574183143.142826,0.9796332280503379,POINT (-122.31068263773089 37.55564505237858),ios,29.468442328120403,3.089561833364146,-18.230463407348065
1537,distance,0,-122.31083485309249,28.600000381469727,1574183143.9974983,331.5234375,37.555881044862375,6.0,2019-11-19T09:05:43.997498-08:00,10.0,12.59872055053711,1574183144.141008,0.9799110458956825,POINT (-122.31083485309249 37.555881044862375),ios,32.558449809894675,-15.143531195098996,25.44261423713988
1538,distance,0,-122.31062488641804,0.0,1574183144.9976315,331.875,37.55564010705571,6.0,2019-11-19T09:05:44.997632-08:00,10.0,11.74123764038086,1574183145.11685,0.9801888606945673,POINT (-122.31062488641804 37.55564010705571),ios,17.412900345748405,10.302473931532573,-5.87457410037967
1539,distance,0,-122.3107114714778,28.34000015258789,1574183145.9977546,333.984375,37.555780881119475,6.0,2019-11-19T09:05:45.997755-08:00,10.0,10.50143051147461,1574183146.154468,0.9804666726456748,POINT (-122.3107114714778 37.555780881119475),ios,27.716641728698107,4.427177117626226,-6.608057112393244
1540,distance,0,-122.31091439735359,27.6200008392334,1574183146.9978702,329.765625,37.55597131795953,8.0,2019-11-19T09:05:46.997870-08:00,10.0,10.147579193115234,1574183147.118458,0.9807444825437334,POINT (-122.31091439735359 37.55597131795953),ios,32.14433077414407,-2.1816441043068866,1.120595230894913
1541,distance,0,-122.31114087637728,28.420000076293945,1574183147.9979753,326.6015625,37.556197922711775,8.0,2019-11-19T09:05:47.997975-08:00,10.0,11.158809661865234,1574183148.132979,0.9810222895277871,POINT (-122.31114087637728 37.556197922711775),ios,29.96245728611822,-1.060931051123264,0.7275534516623337
1542,distance,0,-122.31130491022235,28.670000076293945,1574183148.998073,327.3046875,37.556433957105085,8.0,2019-11-19T09:05:48.998073-08:00,10.0,11.728572845458984,1574183149.151616,0.981300094458792,POINT (-122.31130491022235 37.556433957105085),ios,28.901422527268725,-0.3333064799342623,1.336014425302054
1543,distance,0,-122.31148445058828,28.540000915527344,1574183149.9981632,326.6015625,37.55665146749239,8.0,2019-11-19T09:05:49.998163-08:00,30.0,12.27389144897461,1574183150.1412702,0.9815778972705206,POINT (-122.31148445058828 37.55665146749239),ios,28.568086009013584,1.0028283499576272,-3.28315089520259
1544,distance,0,-122.31167178612417,28.360000610351562,1574183150.9982452,324.84375,37.55686114080022,12.0,2019-11-19T09:05:50.998245-08:00,30.0,11.95870590209961,1574183151.133662,0.9818556978305181,POINT (-122.31167178612417 37.55686114080022),ios,29.570996606932347,-2.2805918161199275,21.727913815015786
1545,distance,0,-122.31187278416223,28.65999984741211,1574183151.9983206,326.25,37.557074083050296,12.0,2019-11-19T09:05:51.998321-08:00,30.0,12.559322357177734,1574183152.1347852,0.9821334965361489,POINT (-122.31187278416223 37.557074083050296),ios,27.29023297040696,19.44895898581086,-26.102430995120518
1546,distance,0,-122.31203648273117,27.860000610351562,1574183152.9983912,324.140625,37.55728241525363,12.0,2019-11-19T09:05:52.998391-08:00,30.0,12.97640609741211,1574183153.1526551,0.9824112939172321,POINT (-122.31203648273117 37.55728241525363),ios,46.74056450619508,-6.6553141074443065,-1.6765862993244605
1547,distance,0,-122.31206429394635,28.889999389648438,1574183153.9984546,318.72332763671875,37.55770221136341,12.0,2019-11-19T09:05:53.998455-08:00,30.0,13.96621322631836,1574183154.158146,0.9826890893114938,POINT (-122.31206429394635 37.55770221136341),ios,40.084828323109,-8.332006734768745,22.906263944323037
1548,distance,0,-122.31236288383596,30.610000610351562,1574183154.998513,318.8702087402344,37.557974131737666,12.0,2019-11-19T09:05:54.998513-08:00,30.0,13.26717758178711,1574183155.1540918,0.9829668833149804,POINT (-122.31236288383596 37.557974131737666),ios,31.752334894564598,14.575595222885314,-1.753651031200312
1549,distance,0,-122.31259926169275,30.940000534057617,1574183155.9985652,318.8702087402344,37.558189624915855,12.0,2019-11-19T09:05:55.998565-08:00,30.0,12.822261810302734,1574183156.1415129,0.983244675596555,POINT (-122.31259926169275 37.558189624915855),ios,46.32869116275178,12.821852627130827,-26.318616845397585
1550,distance,0,-122.31294387950604,32.20000076293945,1574183156.9986134,318.9140319824219,37.55850422967814,16.0,2019-11-19T09:05:56.998613-08:00,30.0,11.537715911865234,1574183157.143169,0.9835224667522642,POINT (-122.31294387950604 37.55850422967814),ios,59.15116129739534,-13.498031737407663,21.70508610663653
1551,distance,0,-122.31338383613596,35.0099983215332,1574183157.9986567,318.9140319824219,37.55890593488851,16.0,2019-11-19T09:05:57.998657-08:00,30.0,7.321834564208984,1574183158.141305,0.9838002565834257,POINT (-122.31338383613596 37.55890593488851),ios,45.65254385094603,8.207996200262428,-27.247489971987395
1552,distance,0,-122.31372230993412,36.45000076293945,1574183158.998696,319.2081604003906,37.55921671053619,24.0,2019-11-19T09:05:58.998696-08:00,30.0,3.4300193786621094,1574183159.1939769,0.9840780452887217,POINT (-122.31372230993412 37.55921671053619),ios,53.86086294610903,-19.040565662519096,27.897148497843087
1553,distance,0,-122.3141205435949,38.45000076293945,1574183159.9987302,319.2081604003906,37.55958411094047,16.0,2019-11-19T09:05:59.998730-08:00,30.0,5.371883392333984,1574183160.1229858,0.9843558325370153,POINT (-122.3141205435949 37.55958411094047),ios,34.819648117270624,8.857533956710327,-19.68028325452024
1554,distance,0,-122.31437799132121,36.5099983215332,1574183160.9987626,319.2081604003906,37.55982162576667,16.0,2019-11-19T09:06:00.998763-08:00,30.0,7.431209564208984,1574183161.164249,0.9846336193217171,POINT (-122.31437799132121 37.55982162576667),ios,43.67746927887075,-10.823387429553017,12.527677014588152
1555,distance,0,-122.31469875402007,36.79999923706055,1574183161.9987898,319.54168701171875,37.560121034965476,12.0,2019-11-19T09:06:01.998790-08:00,30.0,8.507381439208984,1574183162.156712,0.9849114046494166,POINT (-122.31469875402007 37.560121034965476),ios,32.853787672699404,1.7046300837638062,-18.099516900995013
1556,distance,0,-122.3150316852429,36.0099983215332,1574183162.998814,318.8826904296875,37.56025388190566,12.0,2019-11-19T09:06:02.998814-08:00,30.0,9.40200424194336,1574183163.119545,0.9851891891823874,POINT (-122.3150316852429 37.56025388190566),ios,34.55845921084242,-16.395326973863607,22.307181649671865
1557,distance,0,-122.3152887070496,35.68000030517578,1574183163.998836,319.4110412597656,37.56048858180085,12.0,2019-11-19T09:06:03.998836-08:00,30.0,10.009334564208984,1574183164.167232,0.9854669730530845,POINT (-122.3152887070496 37.56048858180085),ios,18.162772613527203,5.912343972891106,6.916783793141488
1558,distance,0,-122.31542244287573,32.060001373291016,1574183164.9988542,319.41314697265625,37.56061285003017,12.0,2019-11-19T09:06:04.998854-08:00,30.0,9.005123138427734,1574183165.166357,0.9857447558641433,POINT (-122.31542244287573 37.56061285003017),ios,24.075223716979647,12.829253096854652,-27.698466444077795
1559,distance,0,-122.31559915334344,31.530000686645508,1574183165.9988697,319.6087341308594,37.56077794781598,12.0,2019-11-19T09:06:05.998870-08:00,10.0,7.788326263427734,1574183166.186924,0.986022537946701,POINT (-122.31559915334344 37.56077794781598),ios,36.90467563143343,-14.869642596108982,25.978286204036937
1560,distance,0,-122.31586903737343,31.200000762939453,1574183166.9988828,319.9730224609375,37.56103169033408,12.0,2019-11-19T09:06:06.998883-08:00,10.0,6.053401947021484,1574183167.185433,0.9863003193669849,POINT (-122.31586903737343 37.56103169033408),ios,22.034838049376173,11.10898426176259,-16.933834142356805
1561,distance,0,-122.31602941836138,29.59000015258789,1574183167.9988935,319.9730224609375,37.56118369899467,12.0,2019-11-19T09:06:07.998893-08:00,10.0,5.771572113037109,1574183168.10479,0.9865781001249949,POINT (-122.31602941836138 37.56118369899467),ios,33.143941497609696,-5.825031560924589,4.002323590783203
1562,distance,0,-122.31627350124742,29.549999237060547,1574183168.9989023,319.1653137207031,37.56141043950877,12.0,2019-11-19T09:06:08.998902-08:00,10.0,8.08443832397461,1574183169.1098409,0.9868558803531858,POINT (-122.31627350124742 37.56141043950877),ios,27.318858551242432,-1.822672663694151,0.7706281037139838
1563,distance,0,-122.31647567110264,29.43000030517578,1574183169.9989085,319.1653137207031,37.5615966606881,12.0,2019-11-19T09:06:09.998909-08:00,10.0,6.915828704833984,1574183170.136492,0.9871336598528756,POINT (-122.31647567110264 37.5615966606881),ios,25.496174589013588,-1.052039782946672,5.312756383892213
1564,distance,0,-122.31666373571059,29.010000228881836,1574183170.9989128,319.3942565917969,37.5617708766406,8.0,2019-11-19T09:06:10.998913-08:00,10.0,7.021816253662109,1574183171.254035,0.9874114388227463,POINT (-122.31666373571059 37.5617708766406),ios,24.444130291201972,4.260739400822448,-9.488389447166657
1565,distance,0,-122.31684379034022,28.040000915527344,1574183171.9989152,319.3942565917969,37.56193807298693,8.0,2019-11-19T09:06:11.998915-08:00,10.0,7.833156585693359,1574183172.149129,0.9876892172627979,POINT (-122.31684379034022 37.56193807298693),ios,28.70487985041876,-5.22767266842751,29.082217062345578
1566,distance,0,-122.31705496919437,29.020000457763672,1574183172.9989164,319.4802551269531,37.562134588504854,8.0,2019-11-19T09:06:12.998916-08:00,10.0,9.22103500366211,1574183173.212246,0.9879669953717126,POINT (-122.31705496919437 37.562134588504854),ios,23.4772009501198,23.854579062622413,-43.6351526049181
1567,distance,0,-122.31722759723584,29.780000686645508,1574183173.9989161,319.4802551269531,37.56229537650054,8.0,2019-11-19T09:06:13.998916-08:00,10.0,9.04336166381836,1574183174.168813,0.988244773083263,POINT (-122.31722759723584 37.56229537650054),ios,47.33177432536737,-19.7805631388646,12.759549146690931
1568,distance,0,-122.31738942260873,29.860000610351562,1574183174.9989135,318.146240234375,37.56270125160755,12.0,2019-11-19T09:06:14.998914-08:00,38.21516382928685,9.46743392944336,1574183175.211781,0.9885225501325395,POINT (-122.31738942260873 37.56270125160755),ios,27.5512630630941,-7.021047455423022,-11.55376981784259
1569,distance,0,-122.31759604155218,30.0,1574183175.9989092,319.571533203125,37.56288717228434,12.0,2019-11-19T09:06:15.998909-08:00,37.42871293134581,9.044124603271484,1574183176.1294708,0.9888003267182244,POINT (-122.31759604155218 37.56288717228434),ios,20.530245738737925,-18.574767689864714,21.746720290826474
1570,distance,0,-122.31774671790015,29.579999923706055,1574183176.998904,319.571533203125,37.563027967721276,12.0,2019-11-19T09:06:16.998904-08:00,36.77546187004137,9.748287200927734,1574183177.1623101,0.9890781030389998,POINT (-122.31774671790015 37.563027967721276),ios,1.9555754774070437,3.171838534874419,76.22412746403094
1571,distance,0,-122.31776803471797,28.40999984741211,1574183177.9988978,319.571533203125,37.56302309220001,12.0,2019-11-19T09:06:17.998898-08:00,45.04702793670232,9.218685150146484,1574183178.185306,0.9893558790948656,POINT (-122.31776803471797 37.56302309220001),ios,5.127394350425311,79.39549349445312,-137.9466729225721
1572,distance,0,-122.31781904048549,29.020000457763672,1574183178.9988909,319.571533203125,37.56304526349815,12.0,2019-11-19T09:06:18.998891-08:00,62.3456804913752,8.750789642333984,1574183179.196189,0.9896336549520492,POINT (-122.31781904048549 37.56304526349815),ios,84.52233889341679,-58.55022564567626,60.52305443080848
1573,distance,0,-122.31867285456724,29.420000076293945,1574183179.9988816,318.8671875,37.5633912720136,12.0,2019-11-19T09:06:19.998882-08:00,10.0,8.31557846069336,1574183180.1927052,0.9899114301469591,POINT (-122.31867285456724 37.5633912720136),ios,25.9726576667431,1.972266022127247,-6.04157277169511
1574,distance,0,-122.31885398749478,28.920000076293945,1574183180.998872,318.515625,37.56357550624531,8.0,2019-11-19T09:06:20.998872-08:00,10.0,7.095607757568359,1574183181.198917,0.9901892052756416,POINT (-122.31885398749478 37.56357550624531),ios,27.944904879875843,-4.069249132640032,7.477430470285563
1575,distance,0,-122.31906353507406,29.360000610351562,1574183181.9988608,319.21875,37.56376409906667,8.0,2019-11-19T09:06:21.998861-08:00,10.0,5.662227630615234,1574183182.157545,0.9904669799407323,POINT (-122.31906353507406 37.56376409906667),ios,23.875701345911832,3.4080975480031728,-2.4940002317989043
1576,distance,0,-122.3192341068036,28.559999465942383,1574183182.9988496,318.1640625,37.56393089893978,8.0,2019-11-19T09:06:22.998850-08:00,10.0,5.958003997802734,1574183183.105095,0.9907447546058231,POINT (-122.3192341068036 37.56393089893978),ios,27.283760703887587,0.9141252631558711,0.33688753113488096
1577,distance,0,-122.31943326082296,28.360000610351562,1574183183.998837,317.8125,37.564118737389855,8.0,2019-11-19T09:06:23.998837-08:00,10.0,8.48482894897461,1574183184.113756,0.9910225288735496,POINT (-122.31943326082296 37.564118737389855),ios,28.1978744159878,1.251008537317688,-0.5977230705773177
1578,distance,0,-122.31963467795617,28.420000076293945,1574183184.9988244,318.8671875,37.5643157540239,8.0,2019-11-19T09:06:24.998824-08:00,10.0,10.80941390991211,1574183185.111116,0.991300303141276,POINT (-122.31963467795617 37.5643157540239),ios,29.44886714533056,0.653293019679485,-6.199270440662894
1579,distance,0,-122.3198355921752,28.780000686645508,1574183185.9988103,319.921875,37.56452735516947,12.0,2019-11-19T09:06:25.998810-08:00,10.0,9.875423431396484,1574183186.114814,0.9915780770116382,POINT (-122.3198355921752 37.56452735516947),ios,30.10215097533563,-5.545890217729663,12.081550749455305
1580,distance,0,-122.3200480734206,29.06999969482422,1574183186.998796,320.9765625,37.56473929159116,8.0,2019-11-19T09:06:26.998796-08:00,10.0,9.09353256225586,1574183187.112306,0.991855850815773,POINT (-122.3200480734206 37.56473929159116),ios,24.5563400922019,6.535487703755859,-4.962450090115687
1581,distance,0,-122.32019224215514,28.270000457763672,1574183187.9987803,322.734375,37.56492826159817,8.0,2019-11-19T09:06:27.998780-08:00,10.0,9.16695785522461,1574183188.132732,0.9921336242225435,POINT (-122.32019224215514 37.56492826159817),ios,31.091724955966082,1.573115700899929,6.373991265023585
1582,distance,0,-122.32044998567767,28.690000534057617,1574183188.9987648,320.2734375,37.5651191594429,8.0,2019-11-19T09:06:28.998765-08:00,30.0,9.049495697021484,1574183189.140304,0.9924113976955414,POINT (-122.32044998567767 37.5651191594429),ios,32.66481627796535,7.947008186857373,-18.91428608275146
1583,distance,0,-122.32071703311271,29.299999237060547,1574183189.9987483,318.8671875,37.56532283968997,8.0,2019-11-19T09:06:29.998748-08:00,30.0,11.252681732177734,1574183190.160604,0.9926891709036297,POINT (-122.32071703311271 37.56532283968997),ios,40.61169372952912,-10.966966739206416,14.264057029768745
1584,distance,0,-122.32097073335612,32.310001373291016,1574183190.9987307,319.0852966308594,37.56562771330977,8.0,2019-11-19T09:06:30.998731-08:00,10.0,10.98788070678711,1574183191.1408892,0.9929669437805811,POINT (-122.32097073335612 37.56562771330977),ios,29.644920480241105,3.2968386301628434,-12.918652447487208
1585,distance,0,-122.3212564085818,31.6200008392334,1574183191.998713,317.109375,37.56576842166257,8.0,2019-11-19T09:06:31.998713-08:00,30.0,10.71944808959961,1574183192.141059,0.9932447166575326,POINT (-122.3212564085818 37.56576842166257),ios,32.9417009443629,-9.621585893864092,21.769075369380698
1586,distance,0,-122.32151071552403,32.099998474121094,1574183192.998695,317.109375,37.56598551295471,8.0,2019-11-19T09:06:32.998695-08:00,30.0,10.750789642333984,1574183193.1473079,0.9935224894020293,POINT (-122.32151071552403 37.56598551295471),ios,23.32028939182646,12.147095023963244,-14.24747047416904
1587,distance,0,-122.32167877268262,30.239999771118164,1574183193.9986763,317.4609375,37.5661474932335,8.0,2019-11-19T09:06:33.998676-08:00,10.0,9.415340423583984,1574183194.236858,0.9938002620140711,POINT (-122.32167877268262 37.5661474932335),ios,35.46715852052511,-2.1001104949958287,-1.7114224611029958
1588,distance,0,-122.32194263499446,30.610000610351562,1574183194.9986582,318.515625,37.56638830531162,8.0,2019-11-19T09:06:34.998658-08:00,10.0,10.783687591552734,1574183195.246399,0.9940780347585678,POINT (-122.32194263499446 37.56638830531162),ios,33.367086079136655,-3.8115019454455568,3.906879560266537
1589,distance,0,-122.32210638258789,30.690000534057617,1574183195.9986389,320.2130126953125,37.566658853877954,8.0,2019-11-19T09:06:35.998639-08:00,10.0,12.029659271240234,1574183196.140485,0.9943558071719275,POINT (-122.32210638258789 37.566658853877954),ios,29.555657741054222,0.09530216553442844,-7.3289507301201615
1590,distance,0,-122.32231730257922,30.959999084472656,1574183196.9986196,321.7935791015625,37.56686548525211,8.0,2019-11-19T09:06:36.998620-08:00,10.0,12.66268539428711,1574183197.1871,0.9946335795852873,POINT (-122.32231730257922 37.56686548525211),ios,29.650958066122293,-7.233507028586163,12.521075658092908
1591,distance,0,-122.32255328187466,29.59000015258789,1574183197.9985983,317.1697082519531,37.56705552900852,8.0,2019-11-19T09:06:37.998598-08:00,10.0,12.53493881225586,1574183198.232712,0.994911351468828,POINT (-122.32255328187466 37.56705552900852),ios,22.417604527155753,5.287302941627761,-1.9229993846243758
1592,distance,0,-122.3227215172696,28.8700008392334,1574183198.998578,319.4239501953125,37.5672067283743,8.0,2019-11-19T09:06:38.998578-08:00,10.0,14.20779037475586,1574183199.180618,0.9951891236172782,POINT (-122.3227215172696 37.5672067283743),ios,27.70480031852687,3.3643425276997614,-6.502236658904808
1593,distance,0,-122.32292547604118,29.18000030517578,1574183199.998558,319.4239501953125,37.567396307244266,8.0,2019-11-19T09:06:39.998558-08:00,10.0,14.54360580444336,1574183200.138299,0.9954668958319558,POINT (-122.32292547604118 37.567396307244266),ios,31.069075467998367,-3.1377639098669308,8.145359094773935
1594,distance,0,-122.32313993130012,30.709999084472656,1574183200.998537,315.43505859375,37.56761805558742,8.0,2019-11-19T09:06:40.998537-08:00,10.0,13.83926010131836,1574183201.1574101,0.9957446677817239,POINT (-122.32313993130012 37.56761805558742),ios,27.931377391038176,5.007424288472141,-6.717464607304762
1595,distance,0,-122.32335124973787,30.530000686645508,1574183201.9985156,318.9231262207031,37.567805244200066,8.0,2019-11-19T09:06:41.998516-08:00,10.0,15.45620346069336,1574183202.207251,0.9960224395990371,POINT (-122.32335124973787 37.567805244200066),ios,32.93869423184177,-1.709896177679606,2.168798023728087
1596,distance,0,-122.32359621499072,30.90999984741211,1574183202.9984941,318.9231262207031,37.568028950484965,8.0,2019-11-19T09:06:42.998494-08:00,10.0,15.828243255615234,1574183203.1194859,0.9963002114163505,POINT (-122.32359621499072 37.568028950484965),ios,31.228834744553705,0.4588553086915951,-2.014345876086901
1597,distance,0,-122.32382846430093,31.280000686645508,1574183203.9984727,318.9231262207031,37.56824104436259,6.0,2019-11-19T09:06:43.998473-08:00,10.0,15.92586898803711,1574183204.1318989,0.9965779832336638,POINT (-122.32382846430093 37.56824104436259),ios,31.687680207278536,-1.5554473442219623,0.47695403630245514
1598,distance,0,-122.32406296210348,31.43000030517578,1574183204.9984503,319.3188171386719,37.56845705193866,6.0,2019-11-19T09:06:44.998450-08:00,10.0,16.10982894897461,1574183205.128748,0.9968557547860676,POINT (-122.32406296210348 37.56845705193866),ios,30.132267722725867,-1.0785039971016486,0.5513901594944466
1599,distance,0,-122.32428526951526,30.700000762939453,1574183205.9984286,319.3188171386719,37.56866291979748,6.0,2019-11-19T09:06:45.998429-08:00,10.0,15.090206146240234,1574183206.170891,0.9971335265371535,POINT (-122.32428526951526 37.56866291979748),ios,29.05378712494476,-0.5271258006181125,1.3688338356182275
1600,distance,0,-122.32449962024154,30.270000457763672,1574183206.998406,319.3188171386719,37.568861419364865,6.0,2019-11-19T09:06:46.998406-08:00,10.0,14.17538070678711,1574183207.176351,0.9974112980233298,POINT (-122.32449962024154 37.568861419364865),ios,28.526673263602163,0.841677031235394,-0.07980406705881349
1601,distance,0,-122.3247085934153,30.34000015258789,1574183207.9983835,320.6806640625,37.569057321840916,6.0,2019-11-19T09:06:47.998384-08:00,10.0,12.801265716552734,1574183208.2593908,0.9976890695757336,POINT (-122.3247085934153 37.569057321840916),ios,29.368331431722023,0.7618747526931743,-1.2306906057704365
1602,distance,0,-122.32491919203724,30.239999771118164,1574183208.9983602,320.6806640625,37.569261992711176,6.0,2019-11-19T09:06:48.998360-08:00,10.0,13.00350570678711,1574183209.196249,0.9979668408632278,POINT (-122.32491919203724 37.569261992711176),ios,30.13018838319579,-0.4687870979657192,1.88144678536437
1603,distance,0,-122.32514087079971,30.440000534057617,1574183209.9983373,319.4185485839844,37.569468262647014,6.0,2019-11-19T09:06:49.998337-08:00,10.0,13.60958480834961,1574183210.185777,0.9982446122831768,POINT (-122.32514087079971 37.569468262647014),ios,29.661412014915236,1.4126166244992056,-3.9352927718357167
1604,distance,0,-122.32535926053887,29.559999465942383,1574183210.9983158,319.4185485839844,37.56967121621592,6.0,2019-11-19T09:06:50.998316-08:00,10.0,13.554195404052734,1574183211.115038,0.9985223841004901,POINT (-122.32535926053887 37.56967121621592),ios,31.073998327950083,-2.5225917051145204,4.234326196323645
1605,distance,0,-122.32558805052966,30.290000915527344,1574183211.998292,319.4185485839844,37.569883834928426,6.0,2019-11-19T09:06:51.998292-08:00,10.0,13.57937240600586,1574183212.133912,0.9988001552555296,POINT (-122.32558805052966 37.569883834928426),ios,28.55146676610856,1.7116335370056062,-6.632096559762714
1606,distance,0,-122.3257994682323,30.059999465942383,1574183212.9982686,318.8480529785156,37.570078378633106,6.0,2019-11-19T09:06:52.998269-08:00,10.0,13.24032211303711,1574183213.191459,0.9990779265430239,POINT (-122.3257994682323 37.570078378633106),ios,30.263060310761055,-4.92030806368336,11.916884592842653
1607,distance,0,-122.32602488097314,30.18000030517578,1574183213.998245,318.83892822265625,37.570283678555846,6.0,2019-11-19T09:06:53.998245-08:00,10.0,13.550838470458984,1574183214.1578789,0.9993556977642907,POINT (-122.32602488097314 37.570283678555846),ios,25.342868383270567,6.996295249696789,-5.908077202030419
1608,distance,0,-122.3262136769628,28.979999542236328,1574183214.998221,318.83892822265625,37.570455579437684,6.0,2019-11-19T09:06:54.998221-08:00,10.0,12.51803207397461,1574183215.143556,0.9996334688531028,POINT (-122.3262136769628 37.570455579437684),ios,32.33899516024334,1.0883603157989155,-7.7806149446177875
1609,distance,0,-122.32645459234362,29.940000534057617,1574183215.998198,318.83892822265625,37.570674935614086,6.0,2019-11-19T09:06:55.998198-08:00,10.0,12.62618637084961,1574183216.18327,0.9999112402730518,POINT (-122.32645459234362 37.570674935614086),ios,33.427330565451534,-6.6920765446755475,16.582916915137645
1610,distance,0,-122.32670326569533,31.040000915527344,1574183216.9981747,318.9198303222656,37.57090191536105,6.0,2019-11-19T09:06:56.998175-08:00,10.0,11.38967514038086,1574183217.210824,1.000189011560546,POINT (-122.32670326569533 37.57090191536105),ios,26.735410381283327,9.89045291026425,-20.430004666564823
1611,distance,0,-122.32690211324064,29.8799991607666,1574183217.9981506,318.9198303222656,37.571083485155334,6.0,2019-11-19T09:06:57.998151-08:00,10.0,10.807918548583984,1574183218.141449,1.000466782649358,POINT (-122.32690211324064 37.571083485155334),ios,36.62562512670689,-10.539059796139528,41.406322425545994
1612,distance,0,-122.32717452087523,31.049999237060547,1574183218.9981272,318.9198303222656,37.57133222344423,6.0,2019-11-19T09:06:58.998127-08:00,10.0,11.077022552490234,1574183219.17663,1.0007445539368522,POINT (-122.32717452087523 37.57133222344423),ios,26.086811575918208,30.866295169823733,-41.54084759696248
1613,distance,0,-122.32686190874507,32.0099983215332,1574183220.9980788,318.9201965332031,37.57173066304382,6.0,2019-11-19T09:07:00.998079-08:00,80.2131152858127,11.44485092163086,1574183221.21893,1.0013000960482492,POINT (-122.32686190874507 37.57173066304382),ios,87.81790801862365,-52.2133894897999,41.750335127956944
1614,distance,0,-122.32750281986567,32.11000061035156,1574183221.998054,318.9309997558594,37.57233535865269,6.0,2019-11-19T09:07:01.998054-08:00,61.86692001752711,11.801570892333984,1574183222.1667829,1.001577866938379,POINT (-122.32750281986567 37.57233535865269),ios,35.605813187605506,-10.46408958362309,11.236096098646295
1615,distance,0,-122.32775402369903,31.559999465942383,1574183222.9980297,319.1248779296875,37.57258613585197,6.0,2019-11-19T09:07:02.998030-08:00,65.1429706441753,11.07900619506836,1574183223.230073,1.0018556379609638,POINT (-122.32775402369903 37.57258613585197),ios,25.141978076986167,0.7717332678284212,6.59402080072076
1616,distance,0,-122.32794025762304,31.25,1574183223.9980054,319.1248779296875,37.57275740945386,6.0,2019-11-19T09:07:03.998005-08:00,66.23413668497614,10.907772064208984,1574183224.138535,1.0021334089835485,POINT (-122.32794025762304 37.57275740945386),ios,25.913692577268574,7.365593710568054,-7.968005968888667
1617,distance,0,-122.32813220814275,29.360000610351562,1574183224.9979815,319.1248779296875,37.57293394043267,6.0,2019-11-19T09:07:04.997982-08:00,67.59020990678388,11.156429290771484,1574183225.168603,1.002411180138588,POINT (-122.32813220814275 37.57293394043267),ios,33.279110678397956,-0.6022222862544758,-2.533094460798727
1618,distance,0,-122.32838082595511,30.18000030517578,1574183225.9979577,318.6936340332031,37.57315919541027,6.0,2019-11-19T09:07:05.997958-08:00,69.01946091713316,10.437862396240234,1574183226.1623049,1.0026889512936275,POINT (-122.32838082595511 37.57315919541027),ios,32.67690275024166,-3.1352563533749955,8.323619879775979
1619,distance,0,-122.32862370383093,29.899999618530273,1574183226.997932,319.2581787109375,37.57338123060456,6.0,2019-11-19T09:07:06.997932-08:00,71.8302761784757,10.39602279663086,1574183227.155682,1.0029667219188478,POINT (-122.32862370383093 37.57338123060456),ios,29.54172712723007,5.188149199793514,-5.4160097994298315
1620,distance,0,-122.32884172568119,29.93000030517578,1574183227.9979084,319.42352294921875,37.57358302454788,6.0,2019-11-19T09:07:07.997908-08:00,74.58865381272886,10.36727523803711,1574183228.277525,1.0032444931401148,POINT (-122.32884172568119 37.57358302454788),ios,34.72975386885871,-0.2277327631775997,-0.9628818850195963
1621,distance,0,-122.32909742231571,30.93000030517578,1574183228.9978848,319.42352294921875,37.57382067296744,6.0,2019-11-19T09:07:08.997885-08:00,79.86973147269184,10.752071380615234,1574183229.11654,1.0035222643613815,POINT (-122.32909742231571 37.57382067296744),ios,34.50202648095757,-1.19059192087304,-2.305601521471116
1622,distance,0,-122.32935368473467,31.709999084472656,1574183229.997859,318.79449462890625,37.57405523555367,6.0,2019-11-19T09:07:09.997859-08:00,86.38684746416311,10.73873519897461,1574183230.185261,1.0038000349866019,POINT (-122.32935368473467 37.57405523555367),ios,33.31146521688181,-3.496134074934374,44.182651329194435
1623,distance,0,-122.32963634838144,32.0,1574183230.9978342,318.9697265625,37.57425411477302,6.0,2019-11-19T09:07:10.997834-08:00,87.03821851620683,10.46010971069336,1574183231.133267,1.004077805876732,POINT (-122.32963634838144 37.57425411477302),ios,29.815417830452557,40.68542172190517,-70.12571976461149
1624,distance,0,-122.3298960469415,31.530000686645508,1574183231.997811,318.9697265625,37.57442595460057,6.0,2019-11-19T09:07:11.997811-08:00,87.2978856878242,9.78738021850586,1574183232.118479,1.0043555772304535,POINT (-122.3298960469415 37.57442595460057),ios,70.49989863679534,-29.438676273083235,20.74036495157561
1625,distance,0,-122.33058082056853,32.04999923706055,1574183232.9977856,306.75299072265625,37.5740982205035,6.0,2019-11-19T09:07:12.997786-08:00,20.874192701623148,10.802181243896484,1574183233.138078,1.0046333479219012,POINT (-122.33058082056853 37.5740982205035),ios,41.06197336754044,-8.698840424560196,-21.94618241226525
1626,distance,0,-122.33094159805519,31.920000076293945,1574183233.997761,307.2339782714844,37.574331885102346,6.0,2019-11-19T09:07:13.997761-08:00,20.26271593639197,11.86190414428711,1574183234.1656709,1.0049111188782587,POINT (-122.33094159805519 37.574331885102346),ios,32.36334656139315,-30.64448390192982,75.5612694722674
1627,distance,0,-122.33123351015239,31.850000381469727,1574183234.9977362,307.2339782714844,37.57450846231302,6.0,2019-11-19T09:07:14.997736-08:00,20.079195248300724,12.09041976928711,1574183235.120435,1.0051888897683885,POINT (-122.33123351015239 37.57450846231302),ios,1.7196225057514896,44.91491198844529,-52.05666026041107
1628,distance,0,-122.33127047242785,31.920000076293945,1574183236.9976869,307.2339782714844,37.57451838305966,6.0,2019-11-19T09:07:16.997687-08:00,63.615438184913316,10.897823333740234,1574183237.121663,1.0057444316148758,POINT (-122.33127047242785 37.57451838305966),ios,91.54722981289623,-59.19583939845764,57.698503954964686
1629,distance,0,-122.33222228486308,31.93000030517578,1574183237.997662,305.5078125,37.574848118273145,6.0,2019-11-19T09:07:17.997662-08:00,10.0,10.992855072021484,1574183238.1339478,1.0060222025050056,POINT (-122.33222228486308 37.574848118273145),ios,32.352858206782074,-1.4987661086071988,2.5042854948643885
1630,distance,0,-122.33252059679695,31.5,1574183238.997637,303.046875,37.575017684174306,6.0,2019-11-19T09:07:18.997637-08:00,10.0,10.82662582397461,1574183239.129634,1.0062999733289082,POINT (-122.33252059679695 37.575017684174306),ios,30.854129618211907,1.0054566940973082,-3.364017524845732
1631,distance,0,-122.33282175857791,31.34000015258789,1574183239.9976115,301.640625,37.57515917069984,8.0,2019-11-19T09:07:19.997612-08:00,30.0,10.48006820678711,1574183240.18146,1.006577744020356,POINT (-122.33282175857791 37.57515917069984),ios,31.859560662316685,-2.3584750120106404,-0.9925149237418334
1632,distance,0,-122.33312074106404,31.329999923706055,1574183240.9975867,302.34375,37.57532022896928,8.0,2019-11-19T09:07:20.997587-08:00,30.0,10.50265121459961,1574183241.1900458,1.006855514910486,POINT (-122.33312074106404 37.57532022896928),ios,29.50114412994921,-3.3509653258166967,28.629644661066923
1633,distance,0,-122.33340497140058,31.010000228881836,1574183241.9975624,301.640625,37.57546037439031,12.0,2019-11-19T09:07:21.997562-08:00,30.0,9.725032806396484,1574183242.119046,1.0071332859330706,POINT (-122.33340497140058 37.57546037439031),ios,26.150260295236457,25.277983099651795,-35.816102577456135
1634,distance,0,-122.33367101300725,30.440000534057617,1574183242.9975376,299.8828125,37.57556451953722,12.0,2019-11-19T09:07:22.997538-08:00,30.0,9.39718246459961,1574183243.120672,1.0074110568232006,POINT (-122.33367101300725 37.57556451953722),ios,51.42761661384368,-10.53723139847865,3.1865877371963482
1635,distance,0,-122.33371125312185,29.649999618530273,1574183243.9975123,297.8746337890625,37.57602590659678,12.0,2019-11-19T09:07:23.997512-08:00,30.0,8.702327728271484,1574183244.097559,1.0076888275808757,POINT (-122.33371125312185 37.57602590659678),ios,40.89065151616923,-7.350724193904672,-0.5534798036020175
1636,distance,0,-122.33412102443982,31.270000457763672,1574183244.997486,297.8746337890625,37.576198400856875,12.0,2019-11-19T09:07:24.997486-08:00,30.0,8.45449447631836,1574183245.1220732,1.0079665980736414,POINT (-122.33412102443982 37.576198400856875),ios,33.5401201026785,-7.904189481921173,12.98430187213504
1637,distance,0,-122.33445653573678,31.65999984741211,1574183245.9974623,298.1391906738281,37.57634078057691,12.0,2019-11-19T09:07:25.997462-08:00,30.0,7.956142425537109,1574183246.139221,1.0082443692286809,POINT (-122.33445653573678 37.57634078057691),ios,25.63611907131985,5.07980282033357,2.2045871722240697
1638,distance,0,-122.33471241340307,31.489999771118164,1574183246.997437,299.02142333984375,37.576450443403054,12.0,2019-11-19T09:07:26.997437-08:00,30.0,8.43130111694336,1574183247.1329598,1.0085221399863562,POINT (-122.33471241340307 37.576450443403054),ios,30.715793513000143,7.284334277416282,-9.272921325834554
1639,distance,0,-122.33501530691849,31.469999313354492,1574183247.997412,301.3218078613281,37.57658709923328,12.0,2019-11-19T09:07:27.997412-08:00,30.0,7.950527191162109,1574183248.131109,1.0087999108102585,POINT (-122.33501530691849 37.57658709923328),ios,37.99994543475047,-1.9883549105619758,5.663282020728205
1640,distance,0,-122.3353287874259,32.400001525878906,1574183248.9973865,320.8905334472656,37.57682174039271,16.0,2019-11-19T09:07:28.997386-08:00,51.26674360919884,7.793209075927734,1574183249.138675,1.0090776815017064,POINT (-122.3353287874259 37.57682174039271),ios,36.01164124868902,3.674782635379419,-7.886952083949768
1641,distance,0,-122.33559934837753,32.029998779296875,1574183249.9973621,317.4819030761719,37.577064435023054,16.0,2019-11-19T09:07:29.997362-08:00,67.17583347246638,6.869289398193359,1574183250.161253,1.0093554525242912,POINT (-122.33559934837753 37.577064435023054),ios,39.68633451815008,-4.211977648187601,8.44438059430541
1642,distance,0,-122.33589484723696,32.369998931884766,1574183250.9973366,319.27880859375,37.577333750037056,16.0,2019-11-19T09:07:30.997337-08:00,83.4152807089162,7.139858245849609,1574183251.148059,1.009633223215739,POINT (-122.33589484723696 37.577333750037056),ios,35.474464320831174,4.232187523314981,-11.009408216547964
1643,distance,0,-122.33616371432065,31.670000076293945,1574183251.997312,315.4140319824219,37.57757117277696,16.0,2019-11-19T09:07:31.997312-08:00,96.8104244630031,7.337337493896484,1574183252.191824,1.0099109941720963,POINT (-122.33616371432065 37.57757117277696),ios,39.70654791383617,-6.776950333944218,83.77825511924894
1644,distance,0,-122.3365193666602,33.130001068115234,1574183252.9972868,302.2591247558594,37.57779039663278,16.0,2019-11-19T09:07:32.997287-08:00,105.61386758155989,7.706203460693359,1574183253.1766372,1.0101887649297714,POINT (-122.3365193666602 37.57779039663278),ios,32.92976884948409,76.99918751029495,-162.37463121157293
1645,distance,0,-122.33683505566826,31.940000534057617,1574183253.9972615,302.19091796875,37.57794883070598,16.0,2019-11-19T09:07:33.997262-08:00,109.20316856451076,7.436824798583984,1574183254.1903582,1.0104665356874465,POINT (-122.33683505566826 37.57794883070598),ios,109.92701040786994,-85.3713401096193,92.73888416656709
1646,distance,0,-122.3377036304421,31.770000457763672,1574183254.9972367,296.015625,37.57723930760992,16.0,2019-11-19T09:07:34.997237-08:00,30.0,7.964290618896484,1574183255.219876,1.0107443065775765,POINT (-122.3377036304421 37.57723930760992),ios,24.557787126065566,7.365244546956787,-6.587936538080569
1647,distance,0,-122.33795081276664,31.399999618530273,1574183255.997211,296.71875,37.577341273462004,16.0,2019-11-19T09:07:35.997211-08:00,30.0,8.212398529052734,1574183256.180646,1.011022077202797,POINT (-122.33795081276664 37.577341273462004),ios,31.922842023819275,0.7774776430148287,1.140478154588446
1648,distance,0,-122.33827401895293,31.489999771118164,1574183256.9971867,296.71875,37.57747089959455,16.0,2019-11-19T09:07:36.997187-08:00,30.0,8.03652572631836,1574183257.191908,1.0112998482253817,POINT (-122.33827401895293 37.57747089959455),ios,32.70030075959238,1.917928062662801,-5.783156330637712
1649,distance,0,-122.33860334392854,31.65999984741211,1574183257.9971616,297.421875,37.57760639305932,16.0,2019-11-19T09:07:37.997162-08:00,30.0,7.933284759521484,1574183258.1398911,1.0115776190492842,POINT (-122.33860334392854 37.57760639305932),ios,34.61818080893841,-3.865083492723828,8.53158385125752
1650,distance,0,-122.33894381683537,31.940000534057617,1574183258.997136,296.71875,37.57776166781557,16.0,2019-11-19T09:07:38.997136-08:00,30.0,8.02035140991211,1574183259.241344,1.011855389740732,POINT (-122.33894381683537 37.57776166781557),ios,30.75319591754003,4.666282711107068,-10.45136414365736
1651,distance,0,-122.33926098805138,32.11000061035156,1574183259.997111,297.421875,37.57787700280321,16.0,2019-11-19T09:07:39.997111-08:00,30.0,7.888973236083984,1574183260.145694,1.0121331605646344,POINT (-122.33926098805138 37.57787700280321),ios,35.41936181315526,-5.784819793614466,7.0538168101799865
1652,distance,0,-122.33961051341363,33.290000915527344,1574183260.9970865,298.828125,37.57803424730671,16.0,2019-11-19T09:07:40.997087-08:00,30.0,7.532833099365234,1574183261.180933,1.012410931520992,POINT (-122.33961051341363 37.57803424730671),ios,29.634684078017898,1.268823795184464,-1.0611463619675814
1653,distance,0,-122.33991578232714,32.060001373291016,1574183261.9970608,299.1796875,37.5781460199855,16.0,2019-11-19T09:07:41.997061-08:00,30.0,6.466304779052734,1574183262.1863961,1.0126887021462123,POINT (-122.33991578232714 37.5781460199855),ios,30.903475201996393,0.2077047568937294,-0.8400093014842601
1654,distance,0,-122.34022088360258,32.279998779296875,1574183262.9970355,299.53125,37.57828302219284,12.0,2019-11-19T09:07:42.997036-08:00,30.0,6.137020111083984,1574183263.134269,1.0129664729038874,POINT (-122.34022088360258 37.57828302219284),ios,31.111174709698783,-0.632283315565177,1.7519907772551353
1655,distance,0,-122.34054015029439,31.8799991607666,1574183263.9970102,298.4765625,37.57840242240352,12.0,2019-11-19T09:07:43.997010-08:00,30.0,7.667690277099609,1574183264.147685,1.0132442436615625,POINT (-122.34054015029439 37.57840242240352),ios,30.478907373431113,1.1196631847318768,4.84760804566148
1656,distance,0,-122.34086779888936,31.329999923706055,1574183264.9969852,296.71875,37.57849018092973,12.0,2019-11-19T09:07:44.996985-08:00,30.0,8.22988510131836,1574183265.2667089,1.013522014485465,POINT (-122.34086779888936 37.57849018092973),ios,31.598542528569904,5.967149875612017,-6.494046430370347
1657,distance,0,-122.34108323287877,31.280000686645508,1574183265.9969597,308.5410461425781,37.57871733593149,12.0,2019-11-19T09:07:45.996960-08:00,30.0,8.92525863647461,1574183266.175168,1.013799785176913,POINT (-122.34108323287877 37.57871733593149),ios,37.565540177486696,-0.5267308865168179,2.125850879566306
1658,distance,0,-122.34136824754508,32.439998626708984,1574183266.996935,319.240966796875,37.57896854461655,12.0,2019-11-19T09:07:46.996935-08:00,30.0,9.018856048583984,1574183267.194819,1.014077556067043,POINT (-122.34136824754508 37.57896854461655),ios,37.03882235154255,1.5990672814454947,28.713859425071337
1659,distance,0,-122.34164617601341,32.849998474121094,1574183267.99691,318.3824462890625,37.57921841186705,12.0,2019-11-19T09:07:47.996910-08:00,30.0,9.137325286865234,1574183268.246763,1.0143553269571728,POINT (-122.34164617601341 37.57921841186705),ios,38.637849983263735,30.31221473109011,-87.91393406729411
1660,distance,0,-122.34193640252978,34.970001220703125,1574183268.9968846,318.5701599121094,37.5794788573017,12.0,2019-11-19T09:07:48.996885-08:00,52.84128475045694,9.125606536865234,1574183269.20713,1.0146330976486206,POINT (-122.34193640252978 37.5794788573017),ios,68.94929142587112,-57.599476582472946,79.31435812088532
1661,distance,0,-122.34271726112425,35.119998931884766,1574183269.996859,298.13568115234375,37.579439930266446,16.0,2019-11-19T09:07:49.996859-08:00,30.0,9.471920013427734,1574183270.176683,1.0149108683400685,POINT (-122.34271726112425 37.579439930266446),ios,11.351284251432109,21.712858166639858,-24.660871809080845
1662,distance,0,-122.34283088839092,33.52000045776367,1574183270.9968336,298.0356750488281,37.57948800960184,12.0,2019-11-19T09:07:50.996834-08:00,30.0,10.15804672241211,1574183271.224351,1.0151886390315161,POINT (-122.34283088839092 37.57948800960184),ios,33.06358850595119,-2.947384524169262,5.731965216859646
1663,distance,0,-122.34316178332415,33.459999084472656,1574183271.9968095,297.93597412109375,37.57962816492624,12.0,2019-11-19T09:07:51.996809-08:00,30.0,10.131465911865234,1574183272.1786308,1.0154664101203283,POINT (-122.34316178332415 37.57962816492624),ios,30.116274955616188,2.7844426653831356,0.38353340309070966
1664,distance,0,-122.3434638268102,33.150001525878906,1574183272.9967835,297.58062744140625,37.57975486567668,12.0,2019-11-19T09:07:52.996783-08:00,30.0,10.033199310302734,1574183273.2214642,1.0157441806793213,POINT (-122.3434638268102 37.57975486567668),ios,32.90064525994716,3.167966101351544,-5.611361123464111
1665,distance,0,-122.3437944209534,32.040000915527344,1574183273.9967575,297.6235046386719,37.579892340649444,12.0,2019-11-19T09:07:53.996758-08:00,19.99992503565371,10.21627426147461,1574183274.1967812,1.0160219512383144,POINT (-122.3437944209534 37.579892340649444),ios,36.068529033383264,-2.4432491961632663,11.79892470714348
1666,distance,0,-122.34415498770085,32.34000015258789,1574183274.9967337,300.0853576660156,37.58004583023158,12.0,2019-11-19T09:07:54.996734-08:00,18.769666640848136,8.87466049194336,1574183275.226188,1.0162997223933539,POINT (-122.34415498770085 37.58004583023158),ios,33.62533808882017,9.355394202693851,-30.71267068997133
1667,distance,0,-122.34446787661221,32.61000061035156,1574183275.9967082,300.9168701171875,37.58021890390577,12.0,2019-11-19T09:07:55.996708-08:00,23.77436919662156,8.721492767333984,1574183276.178921,1.0165774930848015,POINT (-122.34446787661221 37.58021890390577),ios,42.9804936280362,-21.3564929828477,41.04799972547685
1668,distance,0,-122.34489264011432,33.34000015258789,1574183276.9966826,296.2234802246094,37.58040886129735,12.0,2019-11-19T09:07:56.996683-08:00,23.54716814348082,8.039058685302734,1574183277.270258,1.0168552637762494,POINT (-122.34489264011432 37.58040886129735),ios,21.624545466152636,19.69045957581181,-27.584086862741152
1669,distance,0,-122.34511258773185,32.959999084472656,1574183277.9966576,296.2234802246094,37.58049508801828,12.0,2019-11-19T09:07:57.996658-08:00,10.0,7.670803070068359,1574183278.210818,1.017133034600152,POINT (-122.34511258773185 37.58049508801828),ios,41.314512111968085,-7.8929367482558,6.837976315747267
1670,distance,0,-122.34553245486043,34.08000183105469,1574183278.996633,296.4671325683594,37.58066039026872,12.0,2019-11-19T09:07:58.996633-08:00,21.316149859423355,7.275081634521484,1574183279.236851,1.0174108055565092,POINT (-122.34553245486043 37.58066039026872),ios,33.421769191457024,-1.0551283534700382,1.71268373188995
1671,distance,0,-122.34586498096226,34.13999938964844,1574183279.9966075,299.67816162109375,37.58080492987919,12.0,2019-11-19T09:07:59.996608-08:00,21.185301120009623,6.816677093505859,1574183280.240066,1.017688576247957,POINT (-122.34586498096226 37.58080492987919),ios,32.366667755142686,0.6575116865083784,-0.1683327963493071
1672,distance,0,-122.3461866043925,33.61000061035156,1574183280.9965816,297.7809143066406,37.58094549075196,12.0,2019-11-19T09:08:00.996582-08:00,21.093607197032032,7.055233001708984,1574183281.20163,1.01796634680695,POINT (-122.3461866043925 37.58094549075196),ios,33.02416235448384,0.4891832647286786,-3.5087023995671283
1673,distance,0,-122.34651784956597,34.04999923706055,1574183281.9965563,297.78253173828125,37.58108437784017,12.0,2019-11-19T09:08:01.996556-08:00,21.131750276384903,6.863796234130859,1574183282.1151361,1.0182441175646253,POINT (-122.34651784956597 37.58108437784017),ios,33.51333325639236,-3.0194304616153467,7.276206773615477
1674,distance,0,-122.34685400212771,34.0,1574183282.996532,297.78253173828125,37.58122532253684,12.0,2019-11-19T09:08:02.996532-08:00,20.763916312947217,7.091732025146484,1574183283.108491,1.0185218885872098,POINT (-122.34685400212771 37.58122532253684),ios,30.493976223385687,4.256599364146348,0.228616718525533
1675,distance,0,-122.34715986957866,33.709999084472656,1574183283.9965072,297.78253173828125,37.581353569053455,12.0,2019-11-19T09:08:03.996507-08:00,30.0,8.376766204833984,1574183284.134227,1.0187996594773399,POINT (-122.34715986957866 37.581353569053455),ios,34.750470042885325,4.4852104139986695,-9.839845387207976
1676,distance,0,-122.34750859630785,34.27000045776367,1574183284.996481,297.5165710449219,37.581499469643774,12.0,2019-11-19T09:08:04.996481-08:00,30.0,8.19582748413086,1574183285.1825562,1.0190774299701055,POINT (-122.34750859630785 37.581499469643774),ios,39.23556282755967,-5.354376912994169,6.9936067720703905
1677,distance,0,-122.34790311141103,35.02000045776367,1574183285.9964564,297.5165710449219,37.58166302769634,12.0,2019-11-19T09:08:05.996456-08:00,30.0,7.991359710693359,1574183286.1257539,1.0193552009264628,POINT (-122.34790311141103 37.58166302769634),ios,33.88131740260786,1.6390581162799138,-10.435357678263125
1678,distance,0,-122.34824337285437,34.88999938964844,1574183286.9964314,297.92779541015625,37.581804895864764,12.0,2019-11-19T09:08:06.996431-08:00,30.0,7.999263763427734,1574183287.124315,1.0196329717503654,POINT (-122.34824337285437 37.581804895864764),ios,35.520334486787526,-8.796038323752454,24.097073975409508
1679,distance,0,-122.34859917863363,34.81999969482422,1574183287.996406,297.92779541015625,37.58195499932763,12.0,2019-11-19T09:08:07.996406-08:00,30.0,7.085323333740234,1574183288.136077,1.0199107425080405,POINT (-122.34859917863363 37.58195499932763),ios,26.724518459764713,15.300426661502454,-23.88145726923381
1680,distance,0,-122.34886666919141,35.029998779296875,1574183288.9963803,298.0425720214844,37.58206824241233,12.0,2019-11-19T09:08:08.996380-08:00,30.0,7.801845550537109,1574183289.1572251,1.0201885131332609,POINT (-122.34886666919141 37.58206824241233),ios,42.024551147420866,-8.580415679155584,15.788251335661117
1681,distance,0,-122.349287178217,35.56999969482422,1574183289.996356,298.0425720214844,37.58224650193425,12.0,2019-11-19T09:08:09.996356-08:00,30.0,8.713436126708984,1574183290.129466,1.0204662841558456,POINT (-122.349287178217 37.58224650193425),ios,33.44434413277774,7.2074517068356405,-12.79558773332254
1682,distance,0,-122.3496222756728,35.209999084472656,1574183290.9963298,297.5865783691406,37.58238770562562,12.0,2019-11-19T09:08:10.996330-08:00,30.0,9.127254486083984,1574183291.124573,1.0207440546486113,POINT (-122.3496222756728 37.58238770562562),ios,40.65160681666995,-5.587800448843823,-0.37430156615696114
1683,distance,0,-122.35003077046409,35.54999923706055,1574183291.9963045,297.5865783691406,37.5825575647521,12.0,2019-11-19T09:08:11.996305-08:00,30.0,10.354183197021484,1574183292.144264,1.0210218254062864,POINT (-122.35003077046409 37.5825575647521),ios,35.063947584783115,-5.962092555513343,6.354297476530777
1684,distance,0,-122.35038190539348,35.31999969482422,1574183292.99628,300.97149658203125,37.58270589298828,12.0,2019-11-19T09:08:12.996280-08:00,30.0,10.009029388427734,1574183293.1887012,1.0212995963626437,POINT (-122.35038190539348 37.58270589298828),ios,29.102001441054234,0.3920488778121532,2.883772459915073
1685,distance,0,-122.35066961941226,34.900001525878906,1574183293.996254,298.7430725097656,37.58283437467522,16.0,2019-11-19T09:08:13.996254-08:00,30.0,10.11959457397461,1574183294.219948,1.0215773669216368,POINT (-122.35066961941226 37.58283437467522),ios,29.49404013044712,3.2757463953296004,7.454174215626745
1686,distance,0,-122.3509627901841,34.970001220703125,1574183294.9962292,298.7430725097656,37.58296233982359,12.0,2019-11-19T09:08:14.996229-08:00,30.0,9.77169418334961,1574183295.130923,1.0218551378117666,POINT (-122.3509627901841 37.58296233982359),ios,32.76970530190141,10.72973578073936,-25.378178236636465
1687,distance,0,-122.35128835918653,34.790000915527344,1574183295.9962044,298.8126220703125,37.58310475054418,12.0,2019-11-19T09:08:15.996204-08:00,30.0,8.67794418334961,1574183296.1823921,1.0221329087018967,POINT (-122.35128835918653 37.58310475054418),ios,43.499175033131436,-14.647813190460788,16.510794408977766
1688,distance,0,-122.35172081479601,35.029998779296875,1574183296.9961786,298.6622009277344,37.583293374999286,12.0,2019-11-19T09:08:16.996179-08:00,30.0,9.365413665771484,1574183297.212035,1.022410679327117,POINT (-122.35172081479601 37.583293374999286),ios,28.851739012237893,1.8625560786615518,-1.5557047206693018
1689,distance,0,-122.352871818978,35.0099983215332,1574183300.9960783,298.1483154296875,37.5837885096609,12.0,2019-11-19T09:08:20.996078-08:00,30.0,8.10702133178711,1574183301.327272,1.0235217625564998,POINT (-122.352871818978 37.5837885096609),ios,36.30177637426714,-4.360106651364965,14.76253551332446
1690,distance,0,-122.35323411951435,34.099998474121094,1574183301.9960523,298.34100341796875,37.58394389706637,12.0,2019-11-19T09:08:21.996052-08:00,30.0,9.67666244506836,1574183302.190537,1.023799533115493,POINT (-122.35323411951435 37.58394389706637),ios,31.941783031719325,10.402045218720723,-3.3943901231845865
1691,distance,0,-122.35355305554691,33.90999984741211,1574183302.996027,298.2550964355469,37.58408040433437,12.0,2019-11-19T09:08:22.996027-08:00,30.0,9.82394027709961,1574183303.153337,1.024077303873168,POINT (-122.35355305554691 37.58408040433437),ios,42.34356536611092,7.007740879817165,-14.351789714232943
1692,distance,0,-122.35397557064738,34.810001373291016,1574183303.9960027,297.6479187011719,37.584261779969665,16.0,2019-11-19T09:08:23.996003-08:00,30.0,9.00716781616211,1574183304.143855,1.0243550748957528,POINT (-122.35397557064738 37.584261779969665),ios,49.35113582681451,-7.343699817618032,1.1811431348076697
1693,distance,0,-122.35452703211675,34.810001373291016,1574183304.995977,298.4765625,37.58433919869138,12.0,2019-11-19T09:08:24.995977-08:00,30.0,8.57589340209961,1574183305.115405,1.0246328455209732,POINT (-122.35452703211675 37.58433919869138),ios,42.007625103639874,-6.162587096308897,6.012217873923101
1694,distance,0,-122.35494009230504,35.540000915527344,1574183305.995952,298.4765625,37.58452779151274,12.0,2019-11-19T09:08:25.995952-08:00,30.0,7.138942718505859,1574183306.197659,1.0249106163448758,POINT (-122.35494009230504 37.58452779151274),ios,35.84519228123318,-0.1505197319522851,-0.9024143559129723
1695,distance,0,-122.35529188078115,35.380001068115234,1574183306.9959264,299.53125,37.584689646062984,12.0,2019-11-19T09:08:26.995926-08:00,30.0,9.07754135131836,1574183307.100027,1.0251883870363236,POINT (-122.35529188078115 37.584689646062984),ios,35.69467638915786,-1.052911066563968,3.3063277223734406
1696,distance,0,-122.35564953658948,35.470001220703125,1574183307.9959013,298.828125,37.58484035268201,12.0,2019-11-19T09:08:27.995901-08:00,30.0,9.339168548583984,1574183308.204272,1.025466157860226,POINT (-122.35564953658948 37.58484035268201),ios,34.64179168111774,2.253333885363923,-0.5599896658146853
1697,distance,0,-122.3559957930095,35.27000045776367,1574183308.9958763,299.1796875,37.58498787417783,12.0,2019-11-19T09:08:28.995876-08:00,30.0,9.54037094116211,1574183309.229986,1.0257439286841286,POINT (-122.3559957930095 37.58498787417783),ios,36.895069156632026,1.6933582383029835,-6.793499146812648
1698,distance,0,-122.35634020541082,35.040000915527344,1574183309.9958508,298.4765625,37.58517655081822,12.0,2019-11-19T09:08:29.995851-08:00,30.0,11.18978500366211,1574183310.1550121,1.0260216993755764,POINT (-122.35634020541082 37.58517655081822),ios,38.588384196032045,-5.099967600993398,11.145855658208358
1699,distance,0,-122.35670506965587,35.349998474121094,1574183310.9958255,299.1796875,37.58536845449133,12.0,2019-11-19T09:08:30.995826-08:00,30.0,10.685482025146484,1574183311.198431,1.0262994701332515,POINT (-122.35670506965587 37.58536845449133),ios,33.48854548330371,6.045606375033657,-10.206753342247975
1700,distance,0,-122.35702467080091,34.83000183105469,1574183311.9958005,297.7325134277344,37.585531411231955,12.0,2019-11-19T09:08:31.995800-08:00,30.0,9.77437973022461,1574183312.139659,1.026577240957154,POINT (-122.35702467080091 37.585531411231955),ios,39.534000512924784,-4.160891451853262,-4.127229369436328
1701,distance,0,-122.35742115452729,36.72999954223633,1574183312.9957747,297.8133850097656,37.58569779885584,12.0,2019-11-19T09:08:32.995775-08:00,30.0,10.63753890991211,1574183313.2357159,1.0268550115823745,POINT (-122.35742115452729 37.58569779885584),ios,35.37321620072492,-8.288014548408105,22.878601154402645
1702,distance,0,-122.35777584917393,36.720001220703125,1574183313.9957502,297.832763671875,37.58584676786872,12.0,2019-11-19T09:08:33.995750-08:00,30.0,10.551753997802734,1574183314.264395,1.027132782538732,POINT (-122.35777584917393 37.58584676786872),ios,27.08540518203199,14.590024773585897,-22.153405209006326
1703,distance,0,-122.35804776387035,34.56999969482422,1574183314.995725,297.797607421875,37.5859603490922,12.0,2019-11-19T09:08:34.995725-08:00,30.0,11.114986419677734,1574183315.337462,1.027410553296407,POINT (-122.35804776387035 37.5859603490922),ios,41.67506123112248,-7.562820566380856,-5.505326544499582
1704,distance,0,-122.35846420122253,34.79999923706055,1574183315.9956996,298.27825927734375,37.5861380060616,12.0,2019-11-19T09:08:35.995700-08:00,30.0,15.017147064208984,1574183316.3518028,1.0276883240540822,POINT (-122.35846420122253 37.5861380060616),ios,34.112431795136565,-13.068007978234421,17.168736744448896
1705,distance,0,-122.35880631373975,34.400001525878906,1574183316.9956741,297.53289794921875,37.586281578076864,12.0,2019-11-19T09:08:36.995674-08:00,30.0,14.522335052490234,1574183317.294838,1.02796609474553,POINT (-122.35880631373975 37.586281578076864),ios,21.044757192082788,4.10029077821178,10.396237616507484
1706,distance,0,-122.35901790159271,33.63999938964844,1574183317.9956493,297.53289794921875,37.5863693531924,12.0,2019-11-19T09:08:37.995649-08:00,30.0,14.12136459350586,1574183318.1382442,1.02824386563566,POINT (-122.35901790159271 37.5863693531924),ios,25.144946301402438,14.49627061447441,-17.154598801793387
1707,distance,0,-122.35927071333468,33.380001068115234,1574183318.9956229,297.53289794921875,37.586474229628124,12.0,2019-11-19T09:08:38.995623-08:00,30.0,13.174373626708984,1574183319.220622,1.0285216360621983,POINT (-122.35927071333468 37.586474229628124),ios,39.640833279869966,-2.6578742000860527,-2.99297860708899
1708,distance,0,-122.35966931882082,34.709999084472656,1574183319.995598,297.42608642578125,37.586639493983576,12.0,2019-11-19T09:08:39.995598-08:00,30.0,12.53725814819336,1574183320.166098,1.028799406952328,POINT (-122.35966931882082 37.586639493983576),ios,36.983024983189296,-5.650778594677537,12.619238772484476
1709,distance,0,-122.3600428516015,34.599998474121094,1574183320.9955733,296.9492492675781,37.586791149627494,12.0,2019-11-19T09:08:40.995573-08:00,30.0,12.15829086303711,1574183321.2593842,1.0290771778424581,POINT (-122.3600428516015 37.586791149627494),ios,31.332386502574508,6.968147277065279,-9.73357288560601
1710,distance,0,-122.36035934604958,34.709999084472656,1574183321.9955478,297.19171142578125,37.58691958204458,12.0,2019-11-19T09:08:41.995548-08:00,30.0,13.21187973022461,1574183322.1784968,1.029354948533906,POINT (-122.36035934604958 37.58691958204458),ios,38.3003560167121,-2.765177297426716,1.685660956808816
1711,distance,0,-122.36074461649382,34.79999923706055,1574183322.995523,297.8750915527344,37.587079043035146,12.0,2019-11-19T09:08:42.995523-08:00,30.0,14.31600570678711,1574183323.2855701,1.0296327194240358,POINT (-122.36074461649382 37.587079043035146),ios,35.535247283328175,-1.079558137478478,0.29639518269153825
1712,distance,0,-122.36110077137634,34.75,1574183323.9954982,297.8750915527344,37.587228949792646,12.0,2019-11-19T09:08:43.995498-08:00,30.0,13.933895111083984,1574183324.2059932,1.0299104903141658,POINT (-122.36110077137634 37.587228949792646),ios,34.455715914068286,-0.783170304063244,2.680970727684843
1713,distance,0,-122.36144593782284,34.650001525878906,1574183324.995473,297.8791809082031,37.587374554682974,12.0,2019-11-19T09:08:44.995473-08:00,30.0,13.629024505615234,1574183325.476836,1.030188261071841,POINT (-122.36144593782284 37.587374554682974),ios,33.67256540257426,1.8977326691390592,-1.4253319276319383
1714,distance,0,-122.36178307240236,34.59000015258789,1574183325.9954476,297.5135498046875,37.58751712835192,12.0,2019-11-19T09:08:45.995448-08:00,30.0,13.781124114990234,1574183326.3083239,1.030466031829516,POINT (-122.36178307240236 37.58751712835192),ios,35.57025011151231,0.4724367630220921,4.086794462569816
1715,distance,0,-122.36214042184154,34.97999954223633,1574183326.9954212,297.2251281738281,37.587665919202806,12.0,2019-11-19T09:08:46.995421-08:00,30.0,11.908870697021484,1574183327.2481952,1.0307438022560544,POINT (-122.36214042184154 37.587665919202806),ios,36.042674371749506,4.559123070774006,-15.030079229572651
1716,distance,0,-122.36250172882687,35.08000183105469,1574183327.9953969,297.8336486816406,37.587817872087236,12.0,2019-11-19T09:08:47.995397-08:00,30.0,9.92721176147461,1574183328.254415,1.031021573278639,POINT (-122.36250172882687 37.587817872087236),ios,40.601686570599774,-10.470590646885007,21.352369492510608
1717,distance,0,-122.36290653220014,35.779998779296875,1574183328.9953718,299.9132385253906,37.587992298629686,12.0,2019-11-19T09:08:48.995372-08:00,30.0,10.998958587646484,1574183329.30518,1.0312993441025415,POINT (-122.36290653220014 37.587992298629686),ios,30.13135804396593,10.881244311458138,-18.057271089401258
1718,distance,0,-122.36322963094823,35.25,1574183329.9953458,276.02886962890625,37.588081036086706,12.0,2019-11-19T09:08:49.995346-08:00,30.0,9.028743743896484,1574183330.243713,1.0315771146615347,POINT (-122.36322963094823 37.588081036086706),ios,41.01231957772604,-7.17555751235132,-25.088712054782775
1719,distance,0,-122.36366825630914,36.91999816894531,1574183330.9953203,297.703857421875,37.58820441801924,12.0,2019-11-19T09:08:50.995320-08:00,10.0,8.28127670288086,1574183331.300014,1.0318548853529823,POINT (-122.36366825630914 37.58820441801924),ios,33.83694511950094,-32.26362953432058,112.20613423106322
1720,distance,0,-122.36400793201052,36.7400016784668,1574183331.995296,297.703857421875,37.588346356587735,12.0,2019-11-19T09:08:51.995296-08:00,10.0,9.90951156616211,1574183332.120867,1.032132656375567,POINT (-122.36400793201052 37.588346356587735),ios,1.574100194548805,79.93977598997947,-134.6244642823621
1721,distance,0,-122.36402552702133,36.380001068115234,1574183332.9952707,297.703857421875,37.58834880494264,12.0,2019-11-19T09:08:52.995271-08:00,30.0,7.087062835693359,1574183333.125323,1.0324104271332424,POINT (-122.36402552702133 37.58834880494264),ios,81.51185591698092,-54.68128601319309,62.45851219619011
1722,distance,0,-122.36488899227452,35.5099983215332,1574183333.9952457,297.0703125,37.588611831923565,12.0,2019-11-19T09:08:53.995246-08:00,30.0,7.718776702880859,1574183334.1250238,1.032688197957145,POINT (-122.36488899227452 37.588611831923565),ios,26.831938792411872,7.775662599675306,-7.830643594184921
1723,distance,0,-122.36517422843944,33.779998779296875,1574183334.9952207,296.71875,37.588696321507534,12.0,2019-11-19T09:08:54.995221-08:00,10.0,6.308223724365234,1574183335.1779609,1.0329659687810473,POINT (-122.36517422843944 37.588696321507534),ios,34.60740673653218,-0.05478496256310096,-0.29597703286281035
1724,distance,0,-122.36553473409485,33.41999816894531,1574183335.995195,295.6640625,37.58881982885077,12.0,2019-11-19T09:08:55.995195-08:00,10.0,4.953731536865234,1574183336.094922,1.033243739406268,POINT (-122.36553473409485 37.58881982885077),ios,34.55262318463839,-0.35075437425216016,-4.541589068429286
1725,distance,0,-122.36588777985644,34.2400016784668,1574183336.9951696,296.71875,37.58895507085844,12.0,2019-11-19T09:08:56.995170-08:00,10.0,5.542842864990234,1574183337.173818,1.033521510163943,POINT (-122.36588777985644 37.58895507085844),ios,34.20187767478034,-4.8922286659649155,9.208856867956332
1726,distance,0,-122.36623076733422,34.310001373291016,1574183337.9951444,296.3671875,37.58909907195493,12.0,2019-11-19T09:08:57.995144-08:00,30.0,6.762599945068359,1574183338.150227,1.033799280921618,POINT (-122.36623076733422 37.58909907195493),ios,29.309772647025387,4.316395472359038,0.8488083201807115
1727,distance,0,-122.36651759606075,34.13999938964844,1574183338.9951186,297.0703125,37.58923255376293,12.0,2019-11-19T09:08:58.995119-08:00,30.0,9.31466293334961,1574183339.160033,1.0340770515468385,POINT (-122.36651759606075 37.58923255376293),ios,33.626056975625886,5.165181936398998,-7.832608287058148
1728,distance,0,-122.36685060907375,34.4900016784668,1574183339.9950938,297.421875,37.589380242896816,12.0,2019-11-19T09:08:59.995094-08:00,30.0,9.648006439208984,1574183340.1423159,1.0343548224369685,POINT (-122.36685060907375 37.589380242896816),ios,38.791110838589724,-2.667232136967951,3.788457657130365
1729,distance,0,-122.36724598344635,35.36000061035156,1574183340.9950688,296.3671875,37.58953367363437,12.0,2019-11-19T09:09:00.995069-08:00,30.0,10.62337875366211,1574183341.119628,1.034632593260871,POINT (-122.36724598344635 37.58953367363437),ios,36.12394547297988,1.1211306800997962,-4.84815616666842
1730,distance,0,-122.36760539945435,35.75,1574183341.9950433,297.421875,37.589689954219004,12.0,2019-11-19T09:09:01.995043-08:00,30.0,11.029537200927734,1574183342.139326,1.0349103639523187,POINT (-122.36760539945435 37.589689954219004),ios,37.24504755215261,-3.72690180628464,5.540433568076078
1731,distance,0,-122.36797596339356,35.939998626708984,1574183342.995019,298.125,37.58985109630748,12.0,2019-11-19T09:09:02.995019-08:00,30.0,11.264034271240234,1574183343.130882,1.0351881349749035,POINT (-122.36797596339356 37.58985109630748),ios,33.51823637925655,1.813397025676949,2.229637628904999
1732,distance,0,-122.36830763530206,35.560001373291016,1574183343.9949934,298.4765625,37.58999870162233,12.0,2019-11-19T09:09:03.994993-08:00,30.0,11.25338363647461,1574183344.126615,1.0354659056663513,POINT (-122.36830763530206 37.58999870162233),ios,35.33158714374648,4.04297777476916,-11.32084643300458
1733,distance,0,-122.3686613516159,35.40999984741211,1574183344.9949677,297.7734375,37.590148360503456,12.0,2019-11-19T09:09:04.994968-08:00,30.0,11.14364242553711,1574183345.151048,1.0357436762915717,POINT (-122.3686613516159 37.590148360503456),ios,39.37446081504587,-7.277577155422374,8.453808417308752
1734,distance,0,-122.369063347692,35.4900016784668,1574183345.9949424,297.7734375,37.59030300661697,12.0,2019-11-19T09:09:05.994942-08:00,30.0,8.97378158569336,1574183346.1435351,1.0360214470492468,POINT (-122.369063347692 37.59030300661697),ios,32.097067581241596,1.1760176141173475,-0.40452910616171495
1735,distance,0,-122.36938437458348,34.619998931884766,1574183346.994917,297.0703125,37.59043942209109,12.0,2019-11-19T09:09:06.994917-08:00,30.0,10.40615463256836,1574183347.124872,1.0362992177406947,POINT (-122.36938437458348 37.59043942209109),ios,33.27305519422295,0.7714988278118851,-0.6357546398478061
1736,distance,0,-122.36972459603321,34.22999954223633,1574183347.994892,296.71875,37.590569257771214,12.0,2019-11-19T09:09:07.994892-08:00,30.0,10.48275375366211,1574183348.126745,1.0365769885645972,POINT (-122.36972459603321 37.590569257771214),ios,34.04453470837113,0.1357601034144573,-0.010285562757696572
1737,distance,0,-122.37006607476842,34.09000015258789,1574183348.9948673,297.421875,37.590712504496416,12.0,2019-11-19T09:09:08.994867-08:00,30.0,10.238765716552734,1574183349.15729,1.0368547595209545,POINT (-122.37006607476842 37.590712504496416),ios,34.1802914779093,0.1254747932404943,-0.9702495800009238
1738,distance,0,-122.37040260818075,34.15999984741211,1574183349.994842,298.4765625,37.590865390410265,12.0,2019-11-19T09:09:09.994842-08:00,30.0,10.389461517333984,1574183350.115715,1.0371325302786296,POINT (-122.37040260818075 37.590865390410265),ios,34.30576310010447,-0.8447502662546483,23.082007691514423
1739,distance,0,-122.3707489484198,33.68000030517578,1574183350.9948168,297.7734375,37.591006332112094,16.0,2019-11-19T09:09:10.994817-08:00,30.0,10.11458969116211,1574183351.145477,1.037410301036305,POINT (-122.3707489484198 37.591006332112094),ios,33.46103418269059,22.23667408823525,-51.53775021654032
1740,distance,0,-122.37108489509892,33.61000061035156,1574183351.9947915,297.7734375,37.591146645171186,16.0,2019-11-19T09:09:11.994792-08:00,30.0,9.79598617553711,1574183352.156187,1.03768807179398,POINT (-122.37108489509892 37.591146645171186),ios,55.697146297484394,-29.299773647244336,43.16061979896934
1741,distance,0,-122.37166475511846,33.70000076293945,1574183352.9947667,297.4482116699219,37.590947221060745,16.0,2019-11-19T09:09:12.994767-08:00,30.0,9.34176254272461,1574183353.130262,1.03796584268411,POINT (-122.37166475511846 37.590947221060745),ios,26.39809915372176,13.859775961185859,-22.237164460325676
1742,distance,0,-122.37193038984815,33.65999984741211,1574183353.994741,297.4482116699219,37.59105701036253,24.0,2019-11-19T09:09:13.994741-08:00,30.0,9.04012680053711,1574183354.1513839,1.0382436133093305,POINT (-122.37193038984815 37.59105701036253),ios,40.257518236673754,-8.376815909799202,9.500714231289377
1743,distance,0,-122.37233318977523,33.58000183105469,1574183354.9947162,298.0692138671875,37.59122788712889,16.0,2019-11-19T09:09:14.994716-08:00,50.0,9.813228607177734,1574183355.12554,1.0385213841994603,POINT (-122.37233318977523 37.59122788712889),ios,31.8809100344834,1.1236627462242776,-0.9645495525991571
1744,distance,0,-122.37265216035978,33.77000045776367,1574183355.994691,298.0692138671875,37.59136323370004,16.0,2019-11-19T09:09:15.994691-08:00,50.0,12.31911849975586,1574183356.115803,1.0387991549571356,POINT (-122.37265216035978 37.59136323370004),ios,33.00454438308769,0.15913757007770374,-0.7299779177003014
1745,distance,0,-122.3729821141266,33.619998931884766,1574183356.9946656,298.2644348144531,37.59150373377922,16.0,2019-11-19T09:09:16.994666-08:00,50.0,13.01198959350586,1574183357.128655,1.0390769257148107,POINT (-122.3729821141266 37.59150373377922),ios,33.16367793138194,-0.5708218993510188,0.5053395395147058
1746,distance,0,-122.37331481093787,33.560001373291016,1574183357.9946404,297.4079284667969,37.59164320004609,16.0,2019-11-19T09:09:17.994640-08:00,50.0,12.60067367553711,1574183358.1433802,1.0393546964724858,POINT (-122.37331481093787 37.59164320004609),ios,32.592870458052815,-0.06549513096382026,-0.9363440029959813
1747,distance,0,-122.37364152498981,33.40999984741211,1574183358.994615,297.30926513671875,37.591780650152046,24.0,2019-11-19T09:09:18.994615-08:00,50.0,12.03231430053711,1574183359.156688,1.0396324672301611,POINT (-122.37364152498981 37.591780650152046),ios,32.52737698230614,-1.0018154703282867,0.1518557070203556
1748,distance,0,-122.37396828325063,33.119998931884766,1574183359.9945893,298.3085632324219,37.591916773753674,24.0,2019-11-19T09:09:19.994589-08:00,50.0,12.214778900146484,1574183360.12305,1.0399102378553815,POINT (-122.37396828325063 37.591916773753674),ios,31.525587307931314,-0.8499636734718958,6.494550690314736
1749,distance,0,-122.37428460699391,32.83000183105469,1574183360.9945648,296.93170166015625,37.59204926404918,24.0,2019-11-19T09:09:20.994565-08:00,50.0,12.044612884521484,1574183361.129218,1.0401880088117388,POINT (-122.37428460699391 37.59204926404918),ios,30.675644507113944,5.644427529423449,-14.591655231525994
1750,distance,0,-122.37459473126609,32.63999938964844,1574183361.9945393,296.93170166015625,37.592174629587326,24.0,2019-11-19T09:09:21.994539-08:00,100.0,10.953792572021484,1574183362.1086001,1.0404657795031866,POINT (-122.37459473126609 37.592174629587326),ios,36.31992804274351,-8.946855457479892,12.679856877417286
1751,distance,0,-122.37496121955611,32.98578266790353,1574183362.9945142,297.92718505859375,37.59232414353907,48.05889129638672,2019-11-19T09:09:22.994514-08:00,200.0,10.954219818115234,1574183363.1054292,1.0407435503270892,POINT (-122.37496121955611 37.59232414353907),ios,27.37329656040301,3.7326839930241027,-7.279399967717713
1752,distance,0,-122.37523545759639,32.261113858034946,1574183363.994488,297.92718505859375,37.592439815209,21.477296829223633,2019-11-19T09:09:23.994488-08:00,200.0,9.303791999816895,1574183364.116599,1.0410213208198547,POINT (-122.37523545759639 37.592439815209),ios,31.105882659893588,-3.5465250648319384,10.209232147681828
1753,distance,0,-122.3755453573048,31.862386683855405,1574183364.9944634,297.43463134765625,37.59257380929418,17.91582679748535,2019-11-19T09:09:24.994463-08:00,200.0,8.909795761108398,1574183365.1467109,1.0412990917762122,POINT (-122.3755453573048 37.59257380929418),ios,27.55944468748072,6.662456373575786,-37.76877151359817
1754,distance,0,-122.37582271751769,31.664499718181762,1574183365.9944382,297.43463134765625,37.59268837841601,15.74744987487793,2019-11-19T09:09:25.994438-08:00,200.0,8.513694763183594,1574183366.155227,1.0415768625338873,POINT (-122.37582271751769 37.59268837841601),ios,34.221732684998024,-31.105360633677478,82.49772067206067
1755,distance,0,-122.37616487344997,31.4242727420734,1574183366.9944134,298.0412292480469,37.5928340197227,14.27119255065918,2019-11-19T09:09:26.994413-08:00,200.0,8.16921329498291,1574183367.171959,1.041854633424017,POINT (-122.37616487344997 37.5928340197227),ios,3.1171433252925573,51.39031446349165,-72.38941388482058
1756,distance,0,-122.3761960693365,31.003377883163008,1574183367.9943876,298.0412292480469,37.59284724128268,13.19868278503418,2019-11-19T09:09:27.994388-08:00,200.0,7.85410737991333,1574183368.173448,1.0421324040492375,POINT (-122.3761960693365 37.59284724128268),ios,54.50613452896278,-20.997235451359288,6.985629298320714
1757,distance,0,-122.37674009224004,31.132976409615548,1574183368.9943624,298.4217529296875,37.5930805930486,12.386232376098633,2019-11-19T09:09:28.994362-08:00,200.0,7.657535552978516,1574183369.1700668,1.0424101748069128,POINT (-122.37674009224004 37.5930805930486),ios,33.50942972749388,-14.011782696442586,7.307541996379676
1758,distance,0,-122.37707328377417,31.04637814969899,1574183369.9943366,299.2745361328125,37.5932258900082,11.752890586853027,2019-11-19T09:09:29.994337-08:00,200.0,7.531126022338867,1574183370.160501,1.0426879454321332,POINT (-122.37707328377417 37.5932258900082),ios,19.498007823337982,-6.704428863471096,17.80837678678119
1759,distance,0,-122.37726612070877,29.555406952063453,1574183370.9943113,299.2745361328125,37.593311908717695,11.248945236206055,2019-11-19T09:09:30.994311-08:00,200.0,7.428128242492676,1574183371.13358,1.0429657161898083,POINT (-122.37726612070877 37.593311908717695),ios,12.793748396669638,11.103497863433791,-14.947332731242426
1760,distance,0,-122.37713958929291,27.899999618530273,1574183371.9942873,299.2745361328125,37.59325546688966,32.0,2019-11-19T09:09:31.994287-08:00,100.0,7.974269866943359,1574183372.136674,1.0432434872786205,POINT (-122.37713958929291 37.59325546688966),ios,23.89697888480488,-3.8434749319036894,16.43869885226321
1761,distance,0,-122.37737593229002,27.760000228881836,1574183372.994261,299.2745361328125,37.59336089233447,24.0,2019-11-19T09:09:32.994261-08:00,100.0,7.902828216552734,1574183373.132303,1.043521257771386,POINT (-122.37737593229002 37.59336089233447),ios,20.05360475204272,12.594792798325035,-7.966859671173233
1762,distance,0,-122.37757426454246,26.510000228881836,1574183373.9942365,299.2745361328125,37.59344936233862,24.0,2019-11-19T09:09:33.994236-08:00,50.0,12.36989974975586,1574183374.138293,1.0437990287277434,POINT (-122.37757426454246 37.59344936233862),ios,32.64808825860964,4.62812877023016,10.746324766221433
1763,distance,0,-122.3778957825013,26.760000228881836,1574183374.9942107,299.91351318359375,37.59359531358326,24.0,2019-11-19T09:09:34.994211-08:00,50.0,13.715755462646484,1574183375.152176,1.0440767993529638,POINT (-122.3778957825013 37.59359531358326),ios,37.27609785819619,15.37417682711561,-67.17581577430087
1764,distance,0,-122.3782621054541,27.6200008392334,1574183375.9941862,299.91351318359375,37.59376301855385,24.0,2019-11-19T09:09:35.994186-08:00,50.0,15.46474838256836,1574183376.1355538,1.044354570309321,POINT (-122.3782621054541 37.59376301855385),ios,52.64989713990422,-51.799989303042935,78.75399409442358
1765,distance,0,-122.37877977713777,28.760000228881836,1574183376.99416,299.4497985839844,37.593999525386195,24.0,2019-11-19T09:09:36.994160-08:00,50.0,8.958309173583984,1574183377.242536,1.0446323408020868,POINT (-122.37877977713777 37.593999525386195),ios,0.8512663456444699,26.951939385689883,-27.49666899470528
1766,distance,0,-122.3787881817322,26.93000030517578,1574183377.9941354,299.4497985839844,37.59400330135377,24.0,2019-11-19T09:09:37.994135-08:00,30.0,17.09286117553711,1574183378.176471,1.044910111758444,POINT (-122.3787881817322 37.59400330135377),ios,27.80254386949584,-0.5440543701899692,-0.45878966204703314
1767,distance,0,-122.37906001469946,26.729999542236328,1574183378.99411,300.6046142578125,37.594130274409956,16.0,2019-11-19T09:09:38.994110-08:00,30.0,17.513118743896484,1574183379.178115,1.0451878825161192,POINT (-122.37906001469946 37.594130274409956),ios,27.25850324884888,-1.0028324375351931,-0.1458816624983716
1768,distance,0,-122.3793234844344,26.670000076293945,1574183379.994085,301.9443664550781,37.59425876720849,16.0,2019-11-19T09:09:39.994085-08:00,30.0,16.169551849365234,1574183380.176451,1.0454656533400217,POINT (-122.3793234844344 37.59425876720849),ios,26.255695916171593,-1.1487104480392023,1.9417681931234128
1769,distance,0,-122.37957605182979,26.149999618530273,1574183380.9940598,301.9443664550781,37.59438407716729,16.0,2019-11-19T09:09:40.994060-08:00,30.0,14.89400863647461,1574183381.1476831,1.045743424097697,POINT (-122.37957605182979 37.59438407716729),ios,25.10701449876715,0.7930086720011742,-0.33013743511826654
1770,distance,0,-122.37982109915322,26.799999237060547,1574183381.9940345,299.8020935058594,37.59449931847635,16.0,2019-11-19T09:09:41.994035-08:00,30.0,14.647396087646484,1574183382.19516,1.0460211948553721,POINT (-122.37982109915322 37.59449931847635),ios,25.90000312956024,0.4628795802381157,0.39491464089014827
1771,distance,0,-122.38007591420023,26.899999618530273,1574183382.9940095,299.8020935058594,37.59461545016989,16.0,2019-11-19T09:09:42.994009-08:00,30.0,14.15621566772461,1574183383.136606,1.0462989656792747,POINT (-122.38007591420023 37.59461545016989),ios,26.362871122093715,0.8577843348545715,-21.66425808257751
1772,distance,0,-122.38033884781404,26.010000228881836,1574183383.9939837,298.3243103027344,37.59472860531346,16.0,2019-11-19T09:09:43.993984-08:00,30.0,13.84627914428711,1574183384.129551,1.046576736304495,POINT (-122.38033884781404 37.59472860531346),ios,27.22063336968228,-20.80591591026697,45.946127096179296
1773,distance,0,-122.38061054844286,25.450000762939453,1574183384.993959,298.3243103027344,37.594845133448025,16.0,2019-11-19T09:09:44.993959-08:00,30.0,13.83242416381836,1574183385.1269221,1.046854507194625,POINT (-122.38061054844286 37.594845133448025),ios,6.415233353173765,25.139071927237225,-24.29731706183886
1774,distance,0,-122.38067458158105,24.139999389648438,1574183385.9939332,298.3243103027344,37.5948725962558,16.0,2019-11-19T09:09:45.993933-08:00,30.0,18.268550872802734,1574183386.1906152,1.0471322778198453,POINT (-122.38067458158105 37.5948725962558),ios,31.553657969255635,0.84238050203383,-10.189198973762498
1775,distance,0,-122.38099271877346,23.889999389648438,1574183386.993908,296.46783447265625,37.59500290136181,12.0,2019-11-19T09:09:46.993908-08:00,30.0,16.33022689819336,1574183387.169352,1.0474100485775206,POINT (-122.38099271877346 37.59500290136181),ios,32.396017182338255,-9.346560966528468,7.793722547773825
1776,distance,0,-122.38132056047868,21.700000762939453,1574183387.9938822,297.2615966796875,37.59513481218097,12.0,2019-11-19T09:09:47.993882-08:00,33.93602728665081,13.469417572021484,1574183388.158616,1.047687819202741,POINT (-122.38132056047868 37.59513481218097),ios,23.04969688233858,-1.553039100926264,1.9791972471343888
1777,distance,0,-122.38154982683778,22.149999618530273,1574183388.9938574,299.037109375,37.59523465245196,8.0,2019-11-19T09:09:48.993857-08:00,34.18325495156474,10.259090423583984,1574183389.1233811,1.0479655900928708,POINT (-122.38154982683778 37.59523465245196),ios,21.496696289843392,0.4261090709590007,28.575220992386882
1778,distance,0,-122.38176162417986,21.350000381469727,1574183389.9938326,300.44952392578125,37.595330623532156,12.0,2019-11-19T09:09:49.993833-08:00,34.8525249823211,10.88265609741211,1574183390.1556602,1.0482433609830009,POINT (-122.38176162417986 37.595330623532156),ios,21.92279479520119,29.000621525532885,-58.22755898555375
1779,distance,0,-122.38197413724458,20.690000534057617,1574183390.9938068,302.4444580078125,37.595433171277996,8.0,2019-11-19T09:09:50.993807-08:00,34.849286382202784,8.82735824584961,1574183391.1669068,1.0485211316082212,POINT (-122.38197413724458 37.595433171277996),ios,50.92266957774054,-29.225438146578053,26.30874629450567
1780,distance,0,-122.38217247661424,21.540000915527344,1574183391.993782,302.34375,37.59586330972388,8.0,2019-11-19T09:09:51.993782-08:00,10.0,5.938350677490234,1574183392.1671782,1.0487989024983513,POINT (-122.38217247661424 37.59586330972388),ios,21.69795609145589,-2.917344191438966,9.514812462262748
1781,distance,0,-122.38238303002191,21.530000686645508,1574183392.9937565,302.34375,37.59596452120468,8.0,2019-11-19T09:09:52.993757-08:00,10.0,7.057460784912109,1574183393.124733,1.049076673189799,POINT (-122.38238303002191 37.59596452120468),ios,18.78068632376601,6.597225540460542,-11.580268339197472
1782,distance,0,-122.3825272825755,21.020000457763672,1574183393.9937315,306.5625,37.59608886673823,8.0,2019-11-19T09:09:53.993731-08:00,10.0,9.73666000366211,1574183394.1129122,1.0493544440137015,POINT (-122.3825272825755 37.59608886673823),ios,25.377746709606917,-4.982752898869011,3.5584102963161657
1783,distance,0,-122.38276080239785,20.229999542236328,1574183394.9937062,307.6171875,37.59622247427478,8.0,2019-11-19T09:09:54.993706-08:00,10.0,8.45559310913086,1574183395.1301842,1.0496322147713768,POINT (-122.38276080239785 37.59622247427478),ios,20.39511973670972,-1.4244325320122766,3.7050911546990393
1784,distance,0,-122.38293967221153,19.3799991607666,1574183395.9936805,309.375,37.596338898909835,8.0,2019-11-19T09:09:55.993680-08:00,10.0,8.708492279052734,1574183396.1387901,1.0499099853965972,POINT (-122.38293967221153 37.596338898909835),ios,18.970723882704917,2.2805632195293595,-5.569104275950526
1785,distance,0,-122.38310513098014,19.59000015258789,1574183396.9936562,310.078125,37.596448073198644,8.0,2019-11-19T09:09:56.993656-08:00,10.0,8.74593734741211,1574183397.131126,1.0501877564191817,POINT (-122.38310513098014 37.596448073198644),ios,21.251231641912756,-3.2884056230724763,4.303210749274745
1786,distance,0,-122.38329070631636,19.399999618530273,1574183397.9936304,310.078125,37.59657015561834,8.0,2019-11-19T09:09:57.993630-08:00,10.0,7.552913665771484,1574183398.204207,1.0504655270444023,POINT (-122.38329070631636 37.59657015561834),ios,17.962910692675866,1.0146943219398876,-0.3013819631355548
1787,distance,0,-122.38344317313505,18.940000534057617,1574183398.9936051,311.1328125,37.59667740206942,8.0,2019-11-19T09:09:58.993605-08:00,10.0,7.708797454833984,1574183399.208952,1.0507432978020774,POINT (-122.38344317313505 37.59667740206942),ios,18.977579370886037,0.7133199754406311,-2.9765639419192027
1788,distance,0,-122.38361332576943,19.209999084472656,1574183399.9935799,312.5390625,37.596782050130514,8.0,2019-11-19T09:09:59.993580-08:00,10.0,6.684932708740234,1574183400.225152,1.0510210685597525,POINT (-122.38361332576943 37.596782050130514),ios,19.69088131904076,-2.263168741655134,2.7055918902589675
1789,distance,0,-122.38378121528996,19.0,1574183400.993555,313.59375,37.59689893577024,8.0,2019-11-19T09:10:00.993555-08:00,10.0,5.403163909912109,1574183401.1764588,1.0512988394498826,POINT (-122.38378121528996 37.59689893577024),ios,17.427768693859093,0.4423560620129265,-0.9143131072809473
1790,distance,0,-122.38390878785623,17.709999084472656,1574183401.9935281,316.40625,37.59701871316656,8.0,2019-11-19T09:10:01.993528-08:00,10.0,6.315547943115234,1574183402.1392488,1.051576609743966,POINT (-122.38390878785623 37.59701871316656),ios,17.870112838224895,-0.47193241248481704,-0.03375778224121759
1791,distance,0,-122.38404599961115,18.200000762939453,1574183402.9935045,316.7578125,37.597137065639345,8.0,2019-11-19T09:10:02.993505-08:00,10.0,7.538051605224609,1574183403.1002731,1.0518543809652328,POINT (-122.38404599961115 37.597137065639345),ios,17.398191564968144,-0.5056893979262695,0.3464393781222541
1792,distance,0,-122.38416317861748,17.200000762939453,1574183403.993479,317.4609375,37.5972630037345,6.0,2019-11-19T09:10:03.993479-08:00,10.0,8.01388168334961,1574183404.082913,1.0521321516566806,POINT (-122.38416317861748 37.5972630037345),ios,16.89251506757688,-0.15925885774553308,-1.3926868909936279
1793,distance,0,-122.38429075118376,16.719999313354492,1574183404.9934545,315.703125,37.59737641088441,6.0,2019-11-19T09:10:04.993454-08:00,10.0,8.707454681396484,1574183405.080151,1.052409922613038,POINT (-122.38429075118376 37.59737641088441),ios,16.733260120769216,-1.5519115483689037,0.3450818896481149
1794,distance,0,-122.3844145518936,16.719999313354492,1574183405.9934287,316.40625,37.59749053049609,6.0,2019-11-19T09:10:05.993429-08:00,10.0,7.896236419677734,1574183406.086205,1.0526876932382583,POINT (-122.3844145518936 37.59749053049609),ios,15.181388532891308,-1.2068385443056395,1.6776767568163828
1795,distance,0,-122.3845247739203,16.299999237060547,1574183406.993403,318.515625,37.597595471923796,6.0,2019-11-19T09:10:06.993403-08:00,10.0,7.953731536865234,1574183407.098326,1.0529654638634787,POINT (-122.3845247739203 37.597595471923796),ios,13.97458106372061,0.4707950136654197,-2.690704423405967
1796,distance,0,-122.38462468620611,15.960000038146973,1574183407.9933786,319.5703125,37.59769307918623,6.0,2019-11-19T09:10:07.993379-08:00,10.0,7.980709075927734,1574183408.100765,1.0532432348860634,POINT (-122.38462468620611 37.59769307918623),ios,14.445364628265652,-2.2198439753201553,6.113142143735827
1797,distance,0,-122.38472233537806,15.1899995803833,1574183408.9933534,318.8671875,37.597797433880714,6.0,2019-11-19T09:10:08.993353-08:00,10.0,7.737819671630859,1574183409.099111,1.0535210056437387,POINT (-122.38472233537806 37.597797433880714),ios,12.225576753662418,3.893143674829313,-8.189846428744225
1798,distance,0,-122.384859121982,14.970000267028809,1574183409.993328,315.414794921875,37.59781592817677,8.0,2019-11-19T09:10:09.993328-08:00,10.0,6.784694671630859,1574183410.097913,1.0537987764014138,POINT (-122.384859121982 37.59781592817677),ios,16.118622039526713,-4.29649577709076,6.147315829686228
1799,distance,0,-122.38500903924773,14.760000228881836,1574183410.9933023,302.671630859375,37.597899011333475,8.0,2019-11-19T09:10:10.993302-08:00,16.16500762398461,6.109004974365234,1574183411.0974479,1.0540765470266342,POINT (-122.38500903924773 37.597899011333475),ios,11.822236893793129,1.8506617640904848,-6.337215899801668
1800,distance,0,-122.38512185502438,14.119999885559082,1574183411.9932766,302.671630859375,37.597956575390576,8.0,2019-11-19T09:10:11.993277-08:00,20.881602760497717,6.191371917724609,1574183412.1181521,1.0543543176518546,POINT (-122.38512185502438 37.597956575390576),ios,13.672851004811609,-4.486390957430072,14.867145686353524
1801,distance,0,-122.38525229086628,13.829999923706055,1574183412.9932518,307.04827880859375,37.59802319955987,8.0,2019-11-19T09:10:12.993252-08:00,25.758520394776784,5.753139495849609,1574183413.09991,1.0546320885419846,POINT (-122.38525229086628 37.59802319955987),ios,9.186571289833102,10.380386090133468,-11.338316887433034
1802,distance,0,-122.38533532653693,13.899999618530273,1574183413.9932263,313.2425842285156,37.59807316818028,8.0,2019-11-19T09:10:13.993226-08:00,29.346088782775546,5.310268402099609,1574183414.1053839,1.0549098592334323,POINT (-122.38533532653693 37.59807316818028),ios,19.56669256813804,-0.9576415479015846,15.06070664415235
1803,distance,0,-122.38548455481236,13.380000114440918,1574183414.9932017,321.15521240234375,37.5982034890484,8.0,2019-11-19T09:10:14.993202-08:00,29.817907642345464,4.591854095458984,1574183415.098154,1.0551876301897896,POINT (-122.38548455481236 37.5982034890484),ios,18.609074537148782,14.102695248766095,-33.44006813769394
1804,distance,0,-122.38561669539348,13.229999542236328,1574183415.9931772,321.15521240234375,37.59833404631869,8.0,2019-11-19T09:10:15.993177-08:00,31.276327804476484,4.588100433349609,1574183416.0898662,1.055465401146147,POINT (-122.38561669539348 37.59833404631869),ios,32.71142346442492,-19.336551697374215,17.748634835295704
1805,distance,0,-122.38541945826483,13.239999771118164,1574183416.993152,321.328125,37.59858327921256,8.0,2019-11-19T09:10:16.993152-08:00,10.0,4.464443206787109,1574183417.0960941,1.0557431719038222,POINT (-122.38541945826483 37.59858327921256),ios,13.375360447527825,-1.5883654121341464,1.1636128113806288
1806,distance,0,-122.38551090482844,12.850000381469727,1574183417.993126,321.6796875,37.59867929391339,8.0,2019-11-19T09:10:17.993126-08:00,10.0,4.315090179443359,1574183418.1042671,1.056020942462815,POINT (-122.38551090482844 37.59867929391339),ios,11.787036313238566,-0.42478284028704716,10.367193370733574
1807,distance,0,-122.3855924607463,12.210000038146973,1574183418.9931014,322.734375,37.59876332249269,8.0,2019-11-19T09:10:18.993101-08:00,10.0,4.610469818115234,1574183419.074926,1.0562987134191726,POINT (-122.3855924607463 37.59876332249269),ios,11.362263904392004,9.942155942100715,-22.230361029426913
1808,distance,0,-122.38567133445514,11.739999771118164,1574183419.9930758,322.3828125,37.598844165948776,8.0,2019-11-19T09:10:19.993076-08:00,10.0,4.459194183349609,1574183420.0853949,1.0565764841106202,POINT (-122.38567133445514 37.598844165948776),ios,21.304166214260576,-12.287637973299617,14.916223157283401
1809,distance,0,-122.38590827333849,11.680000305175781,1574183420.993051,322.4719543457031,37.598805896527864,8.0,2019-11-19T09:10:20.993051-08:00,20.018007983423345,4.719295501708984,1574183421.083833,1.0568542550007503,POINT (-122.38590827333849 37.598805896527864),ios,9.016832919484314,2.6282153282917897,-2.3826722207769757
1810,distance,0,-122.38597045098882,10.800000190734863,1574183421.9930255,322.4719543457031,37.598870304720954,6.0,2019-11-19T09:10:21.993026-08:00,20.892827075586084,5.158290863037109,1574183422.0990648,1.057132025692198,POINT (-122.38597045098882 37.598870304720954),ios,11.64498119993214,0.24560389136062596,-0.9761350667894418
1811,distance,0,-122.38605075169014,10.920000076293945,1574183422.9930003,322.4719543457031,37.598953486106,6.0,2019-11-19T09:10:22.993000-08:00,22.229658724120952,5.135585784912109,1574183423.056509,1.0574097964498732,POINT (-122.38605075169014 37.598953486106),ios,11.890578884300501,-0.7305065061828385,0.36523285175681786
1812,distance,0,-122.38617927778733,9.949999809265137,1574183426.9928994,313.59375,37.59936891499683,8.0,2019-11-19T09:10:26.992899-08:00,10.0,5.774288177490234,1574183427.166003,1.0585208795468013,POINT (-122.38617927778733 37.59936891499683),ios,8.968626531923872,0.7303880667245661,-5.142456624115951
1813,distance,0,-122.38626284536195,10.3100004196167,1574183427.9928741,311.1328125,37.59941497355476,8.0,2019-11-19T09:10:27.992874-08:00,30.0,5.477321624755859,1574183428.091803,1.0587986503044764,POINT (-122.38626284536195 37.59941497355476),ios,9.698996140011422,-4.411938595328035,5.352205289199029
1814,distance,0,-122.38632168632222,10.100000381469727,1574183428.9928484,318.1640625,37.59948869239315,8.0,2019-11-19T09:10:28.992848-08:00,10.0,4.149410247802734,1574183429.0727339,1.0590764209296968,POINT (-122.38632168632222 37.59948869239315),ios,5.287171148601534,0.9401288788315423,-2.013368207984544
1815,distance,0,-122.38633719284309,8.359999656677246,1574183429.9928236,317.109375,37.59953462522253,6.0,2019-11-19T09:10:29.992824-08:00,10.0,4.888027191162109,1574183430.090856,1.0593541918198268,POINT (-122.38633719284309 37.59953462522253),ios,6.227276716437164,-1.073189406616717,4.242695604207384
1816,distance,0,-122.38638304185343,8.359999656677246,1574183430.9927983,321.6796875,37.59957724720016,6.0,2019-11-19T09:10:30.992798-08:00,10.0,4.180690765380859,1574183431.092083,1.059631962577502,POINT (-122.38638304185343 37.59957724720016),ios,5.154114431859551,3.1693989746201705,12.186343383095581
1817,distance,0,-122.38642176624609,7.239999771118164,1574183431.992773,317.8125,37.599611990188805,6.0,2019-11-19T09:10:31.992773-08:00,10.0,3.4136314392089844,1574183432.06811,1.059909733335177,POINT (-122.38642176624609 37.599611990188805),ios,8.323433308258107,15.355434379944324,-33.19254054439964
1818,distance,0,-122.38648965966178,6.650000095367432,1574183432.9927473,314.6484375,37.5996640418075,6.0,2019-11-19T09:10:32.992747-08:00,10.0,3.8104209899902344,1574183433.076995,1.0601875039603974,POINT (-122.38648965966178 37.5996640418075),ios,23.678472297951025,-17.836251482873156,17.6919502381583
1819,distance,0,-122.38672422849532,7.260000228881836,1574183433.992723,319.9771728515625,37.59956009776232,6.0,2019-11-19T09:10:33.992723-08:00,23.464956225499062,3.2954368591308594,1574183434.0880241,1.0604652749829822,POINT (-122.38672422849532 37.59956009776232),ios,5.842654569438843,-0.14473148985786602,-3.7363280018483382
1820,distance,0,-122.38676677067167,7.0,1574183434.9926968,319.9771728515625,37.59960040489748,6.0,2019-11-19T09:10:34.992697-08:00,23.658457154053377,3.1169395446777344,1574183435.078872,1.0607430454757478,POINT (-122.38676677067167 37.59960040489748),ios,5.697926875315355,-3.880961502604746,5.155627317453134
1821,distance,0,-122.38680825912917,6.900000095367432,1574183435.9926724,319.9771728515625,37.59963971367306,6.0,2019-11-19T09:10:35.992672-08:00,24.15559911927827,2.5650596618652344,1574183436.0840569,1.0610208164983326,POINT (-122.38680825912917 37.59963971367306),ios,1.8170597526299634,1.2745404367197688,-3.58246690718529
1822,distance,0,-122.3867950285445,2.559999942779541,1574183436.9926467,319.9771728515625,37.59962717818449,6.0,2019-11-19T09:10:36.992647-08:00,25.04924976697594,1.7147789001464844,1574183437.087673,1.061298587123553,POINT (-122.3867950285445 37.59962717818449),ios,3.0915673709447797,-2.307834224785195,3.386032900642695
1823,distance,0,-122.38681753923208,2.8499999046325684,1574183437.9926214,319.9771728515625,37.59964850622654,6.0,2019-11-19T09:10:37.992621-08:00,25.377947133389867,1.7882347106933594,1574183438.0814219,1.061576357881228,POINT (-122.38681753923208 37.59964850622654),ios,0.7837914705985927,1.0781131027832855,-1.563851891835142
1824,distance,0,-122.38682895330965,2.2100000381469727,1574183439.9925718,319.9771728515625,37.59965932064196,6.0,2019-11-19T09:10:39.992572-08:00,27.580794253611874,2.8104515075683594,1574183440.076589,1.062131899661488,POINT (-122.38682895330965 37.59965932064196),ios,2.939964211388796,-2.0495131278070353,1.604291361883448
1825,distance,0,-122.38685036011984,1.7100000381469727,1574183440.992546,319.9771728515625,37.599679602801096,6.0,2019-11-19T09:10:40.992546-08:00,26.562847268862985,3.0511131286621094,1574183441.095331,1.0624096702867085,POINT (-122.38685036011984 37.599679602801096),ios,0.8905038569186012,-0.44526307515321956,0.22263711106309564
1826,distance,0,-122.38686332821129,1.0,1574183442.992496,319.9771728515625,37.59969188958705,6.0,2019-11-19T09:10:42.992496-08:00,28.385553875017752,4.144374847412109,1574183443.0730848,1.0629652119345134,POINT (-122.38686332821129 37.59969188958705),ios,0.0,0.0,0.0
