,filter,floor,longitude,sensed_speed,ts,bearing,latitude,vaccuracy,fmt_time,accuracy,altitude,write_ts,hr,geometry,source,speed,acceleration,jerk
0,distance,0,-122.0748344903086,0.5899999737739563,1581006768.9988923,293.203125,37.39425796087588,4.0,2020-02-06T08:32:48.998892-08:00,5.0,19.687007904052734,1581006769.177974,0.343673800362481,POINT (-122.0748344903086 37.39425796087588),ios,5.988290106261732,-2.6391890885302476,0.36017996001279795
1,distance,0,-122.07485955219909,1.899999976158142,1581006769.9989262,273.515625,37.39420792091395,4.0,2020-02-06T08:32:49.998926-08:00,5.0,17.81643295288086,1581006770.0648131,0.3439515875445472,POINT (-122.07485955219909 37.39420792091395),ios,3.349011666828314,-2.278996934467061,2.331753580579895
2,distance,0,-122.07487455580576,1.899999976158142,1581006770.9989595,287.9296875,37.39418026063348,4.0,2020-02-06T08:32:50.998960-08:00,5.0,17.74093246459961,1581006771.0880508,0.3442293745941586,POINT (-122.07487455580576 37.39418026063348),ios,1.069938662631728,0.05283447678540327,0.2154881872020867
3,distance,0,-122.07488385971828,1.190000057220459,1581006771.998989,305.5078125,37.39417409993465,4.0,2020-02-06T08:32:51.998989-08:00,10.0,18.28219223022461,1581006772.102814,0.3445071605841319,POINT (-122.07488385971828 37.39417409993465),ios,1.1227747014105207,0.2683290346595283,0.8582857011678772
4,distance,0,-122.07489651639207,1.190000057220459,1581006772.9990144,306.9140625,37.3941731779253,4.0,2020-02-06T08:32:52.999014-08:00,10.0,18.78579330444336,1581006773.149508,0.34478494538201226,POINT (-122.07489651639207 37.3941731779253),ios,1.3911105173805296,1.126636426740683,-0.13650061265549285
5,distance,0,-122.07491168763681,1.559999942779541,1581006773.9990351,296.015625,37.394169825164035,4.0,2020-02-06T08:32:53.999035-08:00,10.0,19.26040267944336,1581006774.09234,0.34506272892157236,POINT (-122.07491168763681 37.394169825164035),ios,2.517770313283087,0.990132982732646,-0.883217063070946
6,distance,0,-122.07494010228856,2.630000114440918,1581006774.9990544,287.578125,37.3941715853637,4.0,2020-02-06T08:32:54.999054-08:00,10.0,19.585384368896484,1581006775.1051579,0.3453405120637682,POINT (-122.07494010228856 37.3941715853637),ios,3.507922417369741,0.10689886305776554,-0.41808873992412954
7,distance,0,-122.07497907813831,2.630000114440918,1581006775.9990702,285.46875,37.394177620333984,4.0,2020-02-06T08:32:55.999070-08:00,10.0,19.822689056396484,1581006776.1008658,0.34561829421255325,POINT (-122.07497907813831 37.394177620333984),ios,3.6148229625480592,-0.31119645575450255,0.3620407484155435
8,distance,0,-122.07501855690225,3.0299999713897705,1581006776.9990828,290.0390625,37.39418616987522,4.0,2020-02-06T08:32:56.999083-08:00,10.0,20.065670013427734,1581006777.106071,0.3458960755003823,POINT (-122.07501855690225 37.39418616987522),ios,3.303622574457666,0.050848867474804126,-0.211008100712008
9,distance,0,-122.07505585637136,3.0199999809265137,1581006777.999094,282.65625,37.39418403248991,4.0,2020-02-06T08:32:57.999094-08:00,10.0,19.839412689208984,1581006778.098012,0.3461738563908471,POINT (-122.07505585637136 37.39418403248991),ios,3.3544720117282627,-0.16016159772502675,0.6049039127889685
10,distance,0,-122.07509382639273,3.0199999809265137,1581006778.9991012,277.3828125,37.39418432585652,4.0,2020-02-06T08:32:58.999101-08:00,10.0,19.360408782958984,1581006779.107349,0.3464516361554464,POINT (-122.07509382639273 37.39418432585652),ios,3.1943092684382193,0.44474664167388317,0.09918700765809624
11,distance,0,-122.07512986857637,2.869999885559082,1581006779.9991071,273.1640625,37.39418202083315,4.0,2020-02-06T08:32:59.999107-08:00,10.0,18.963680267333984,1581006780.1016169,0.34672941558890874,POINT (-122.07512986857637 37.39418202083315),ios,3.6390585610086617,0.5439342405326152,0.2770050265507654
12,distance,0,-122.07517093990191,2.869999885559082,1581006780.9991102,280.1953125,37.3941795062622,4.0,2020-02-06T08:33:00.999110-08:00,10.0,18.96505355834961,1581006781.104536,0.3470071942276425,POINT (-122.07517093990191 37.3941795062622),ios,4.182994487433651,0.8209401256442634,0.9695760804479756
13,distance,0,-122.07521804619773,3.9100000858306885,1581006781.9991124,284.765625,37.39418332002814,4.0,2020-02-06T08:33:01.999112-08:00,10.0,18.889095306396484,1581006782.109188,0.34728497260146673,POINT (-122.07521804619773 37.39418332002814),ios,5.003936374624319,1.790518286576802,-1.9061379850316762
14,distance,0,-122.07527378585382,4.460000038146973,1581006782.9991124,286.875,37.39419132474567,4.0,2020-02-06T08:33:02.999112-08:00,10.0,18.906246185302734,1581006783.1112142,0.3475627503792445,POINT (-122.07527378585382 37.39419132474567),ios,6.7944546612011205,-0.11561969845487434,0.8746615556355859
15,distance,0,-122.07534327183112,4.460000038146973,1581006783.9991102,293.90625,37.39421751819308,4.0,2020-02-06T08:33:03.999110-08:00,10.0,17.76015853881836,1581006784.13757,0.34784052756097583,POINT (-122.07534327183112 37.39421751819308),ios,6.678835210839204,0.759039980360624,0.12309808067693936
16,distance,0,-122.07540999178036,5.389999866485596,1581006784.9991057,295.6640625,37.39424576520677,4.0,2020-02-06T08:33:04.999106-08:00,10.0,17.77389144897461,1581006785.104944,0.3481183040804333,POINT (-122.07540999178036 37.39424576520677),ios,7.43787175278439,0.8821375034090432,-0.8301528853043351
17,distance,0,-122.07548341725214,5.440000057220459,1581006785.999101,297.0703125,37.394278496538654,4.0,2020-02-06T08:33:05.999101-08:00,10.0,17.61764144897461,1581006786.109051,0.34839608053366344,POINT (-122.07548341725214 37.394278496538654),ios,8.32000504983403,0.05198857658213515,-0.32854151466172743
18,distance,0,-122.07556597899838,7.340000152587891,1581006786.999094,296.3671875,37.394314496812775,4.0,2020-02-06T08:33:06.999094-08:00,10.0,17.52022933959961,1581006787.306065,0.3486738563908471,POINT (-122.07556597899838 37.394314496812775),ios,8.371993266959931,-0.27655066649796034,1.4803045300705258
19,distance,0,-122.07564644526883,7.340000152587891,1581006787.999086,299.1796875,37.394354268943324,4.0,2020-02-06T08:33:07.999086-08:00,10.0,17.414974212646484,1581006788.178451,0.3489516319168939,POINT (-122.07564644526883 37.394354268943324),ios,8.095444842245747,1.2037418638810735,-1.8799271987405803
20,distance,0,-122.07572288822576,7.199999809265137,1581006788.9990768,301.640625,37.394394418259516,4.0,2020-02-06T08:33:08.999077-08:00,10.0,17.59969711303711,1581006789.1166492,0.3492294071780311,POINT (-122.07572288822576 37.394394418259516),ios,9.299175800338679,-0.6761683028957882,0.20945917681427928
21,distance,0,-122.07580377359136,7.199999809265137,1581006789.9990659,302.6953125,37.394447936711266,4.0,2020-02-06T08:33:09.999066-08:00,10.0,17.641597747802734,1581006790.118192,0.3495071819093492,POINT (-122.07580377359136 37.394447936711266),ios,8.623014913152847,-0.46671142327363746,0.13449905915690202
22,distance,0,-122.07587895926281,7.369999885559082,1581006790.9990544,304.8046875,37.39449738993998,4.0,2020-02-06T08:33:10.999054-08:00,10.0,18.516475677490234,1581006791.121083,0.3497849565082126,POINT (-122.07587895926281 37.39449738993998),ios,8.15630883096758,-0.332213903336315,0.09559165433341367
23,distance,0,-122.0759500378017,7.349999904632568,1581006791.9990425,305.859375,37.39454420286919,4.0,2020-02-06T08:33:11.999043-08:00,10.0,19.73580551147461,1581006792.115514,0.35006273097462126,POINT (-122.0759500378017 37.39454420286919),ios,7.824098887929605,-0.23662338854422135,-0.6650706986673776
24,distance,0,-122.0760192723219,7.349999904632568,1581006792.9990287,305.859375,37.394588082132294,4.0,2020-02-06T08:33:12.999029-08:00,30.0,20.83584213256836,1581006793.114238,0.3503405049112108,POINT (-122.0760192723219 37.394588082132294),ios,7.587478771479284,-0.9016848904293622,2.3960155881205654
25,distance,0,-122.07608741719469,7.320000171661377,1581006793.9990132,305.859375,37.39462961446251,4.0,2020-02-06T08:33:13.999013-08:00,30.0,21.612239837646484,1581006794.117183,0.35061827838420867,POINT (-122.07608741719469 37.39462961446251),ios,6.685807854647896,1.4942935661401215,21.096330178500217
26,distance,0,-122.0761368704234,6.900000095367432,1581006794.9989984,307.265625,37.39467512819673,4.0,2020-02-06T08:33:14.998998-08:00,30.0,22.10134506225586,1581006795.12259,0.3508960520558887,POINT (-122.0761368704234 37.39467512819673),ios,8.180079332212392,22.590311899702282,-38.974162499657766
27,distance,0,-122.07620224926814,7.449999809265137,1581006795.998982,308.3203125,37.39472722172494,4.0,2020-02-06T08:33:15.998982-08:00,30.0,22.426265716552734,1581006796.14135,0.35117382526397706,POINT (-122.07620224926814 37.39472722172494),ios,30.770019601360215,-16.38320944060879,15.915854987051615
28,distance,0,-122.076521683598,9.949999809265137,1581006796.998965,297.0703125,37.39483752757068,4.0,2020-02-06T08:33:16.998965-08:00,10.0,21.521663665771484,1581006797.2715712,0.35145159833961065,POINT (-122.076521683598 37.39483752757068),ios,14.387087491119056,-0.4676238726798911,-1.1975083488021188
29,distance,0,-122.07668127503439,9.449999809265137,1581006797.9989462,283.7109375,37.39481175321843,4.0,2020-02-06T08:33:17.998946-08:00,10.0,21.272396087646484,1581006798.217517,0.35172937088542516,POINT (-122.07668127503439 37.39481175321843),ios,13.919472426166488,-1.6651096663311302,6.390379207904064
30,distance,0,-122.07682846125408,9.710000038146973,1581006798.9989285,284.4140625,37.39485642876233,4.0,2020-02-06T08:33:18.998929-08:00,10.0,20.911312103271484,1581006799.219661,0.3520071437623766,POINT (-122.07682846125408 37.39485642876233),ios,12.254392137323329,4.725156796273264,-9.334653799771726
31,distance,0,-122.07696139823838,9.619999885559082,1581006799.99891,282.3046875,37.39488790280874,4.0,2020-02-06T08:33:19.998910-08:00,10.0,20.55428695678711,1581006800.1955872,0.35228491637441844,POINT (-122.07696139823838 37.39488790280874),ios,16.97946106151338,-4.609323410216626,3.7865366197854327
32,distance,0,-122.07713448453887,10.920000076293945,1581006800.9988904,289.3359375,37.39495428748186,4.0,2020-02-06T08:33:20.998890-08:00,10.0,20.482845306396484,1581006801.232099,0.35256268872155083,POINT (-122.07713448453887 37.39495428748186),ios,12.370227765060477,-0.8228608184470031,0.7404906379316768
33,distance,0,-122.0772693493609,11.619999885559082,1581006801.9988694,288.984375,37.39498421087618,4.0,2020-02-06T08:33:21.998869-08:00,30.0,21.148189544677734,1581006802.171317,0.3528404606713189,POINT (-122.0772693493609 37.39498421087618),ios,11.547384210920502,-0.08238571662719082,-0.05851253276722433
34,distance,0,-122.07739348534687,11.59000015258789,1581006802.998848,289.3359375,37.39501673266049,4.0,2020-02-06T08:33:22.998848-08:00,30.0,21.87771224975586,1581006803.162366,0.3531182324886322,POINT (-122.07739348534687 37.39501673266049),ios,11.465000262099005,-0.14089699385167218,0.015646681407995314
35,distance,0,-122.07751695078059,11.5600004196167,1581006803.9988277,290.0390625,37.39504850007351,4.0,2020-02-06T08:33:23.998828-08:00,30.0,22.043758392333984,1581006804.1392589,0.35339600463708243,POINT (-122.07751695078059 37.39504850007351),ios,11.324106123606525,-0.12525062953273852,-0.6073152988996107
36,distance,0,-122.07763815310045,11.489999771118164,1581006804.9988055,290.7421875,37.39508165050055,4.0,2020-02-06T08:33:24.998806-08:00,30.0,22.075435638427734,1581006805.143591,0.35367377625571356,POINT (-122.07763815310045 37.39508165050055),ios,11.198858271246959,-0.7325524624740406,1.2425655512389813
37,distance,0,-122.07775759522065,11.420000076293945,1581006805.9987845,291.4453125,37.395115387660816,4.0,2020-02-06T08:33:25.998785-08:00,50.0,22.03988265991211,1581006806.167883,0.35395154820548164,POINT (-122.07775759522065 37.395115387660816),ios,10.466321178335233,0.5099870187021819,-0.44338952004110604
38,distance,0,-122.0778655541335,11.1899995803833,1581006806.9987612,293.203125,37.395154153962984,4.0,2020-02-06T08:33:26.998761-08:00,50.0,21.947322845458984,1581006807.15522,0.35422931949297587,POINT (-122.0778655541335 37.395154153962984),ios,10.97629628118014,0.06660785846641283,-0.3971121226816367
39,distance,0,-122.0779829007779,11.149999618530273,1581006807.9987388,293.90625,37.39518659192826,4.0,2020-02-06T08:33:27.998739-08:00,50.0,22.11294174194336,1581006808.163934,0.35450709104537964,POINT (-122.0779829007779 37.39518659192826),ios,11.042902646874762,-0.3304953643978687,4.677986568645432
40,distance,0,-122.07810075033649,11.029999732971191,1581006808.9987159,294.609375,37.395219700445786,4.0,2020-02-06T08:33:28.998716-08:00,50.0,22.382320404052734,1581006809.1923919,0.35478486246532864,POINT (-122.07810075033649 37.395219700445786),ios,10.71241484691547,4.347384133632131,-9.40269961860024
41,distance,0,-122.07821507949575,10.979999542236328,1581006809.9986918,295.3125,37.39525180313493,4.0,2020-02-06T08:33:29.998692-08:00,50.0,22.657833099365234,1581006810.197007,0.35506263355414075,POINT (-122.07821507949575 37.39525180313493),ios,15.059694294335658,-5.055089065361548,11.608402609051593
42,distance,0,-122.07837760459824,11.479999542236328,1581006810.9986677,296.015625,37.395292664912894,4.0,2020-02-06T08:33:30.998668-08:00,50.0,22.81209945678711,1581006811.215564,0.3553404046429528,POINT (-122.07837760459824 37.395292664912894),ios,10.004726956916482,6.55303401014562,-8.69537207907717
43,distance,0,-122.0784869046156,11.300000190734863,1581006811.9986444,296.3671875,37.395316218060806,4.0,2020-02-06T08:33:31.998644-08:00,100.0,22.863460540771484,1581006812.201668,0.35561817593044703,POINT (-122.0784869046156 37.395316218060806),ios,16.557607855286467,-2.1421349013824758,-0.7135653311705205
44,distance,0,-122.07865529705032,11.84000015258789,1581006812.9986196,298.4765625,37.395381596905544,4.0,2020-02-06T08:33:32.998620-08:00,100.0,22.841182708740234,1581006813.255475,0.35589594682057696,POINT (-122.07865529705032 37.395381596905544),ios,14.415526069278972,-2.8556825393208314,3.0669553474054663
45,distance,0,-122.07881270919188,12.15999984741211,1581006813.9985948,298.828125,37.39541575316097,4.0,2020-02-06T08:33:33.998595-08:00,100.0,22.66353988647461,1581006814.206466,0.35617371771070694,POINT (-122.07881270919188 37.39541575316097),ios,11.559914338126573,0.21119676129448114,-1.5157854620147475
46,distance,0,-122.07893642608269,12.079999923706055,1581006814.9985704,300.234375,37.39544961604978,4.0,2020-02-06T08:33:34.998570-08:00,100.0,22.46480941772461,1581006815.2261472,0.35645148873329163,POINT (-122.07893642608269 37.39544961604978),ios,11.771105963391417,-1.3045518387958266,1.330831051006108
47,distance,0,-122.0790549041047,11.948154634268935,1581006815.9985454,300.84153386512276,37.39549805186711,10.0,2020-02-06T08:33:35.998545-08:00,200.0,22.464807510375977,1581006816.21667,0.3567292595571942,POINT (-122.0790549041047 37.39549805186711),ios,10.466586782682146,0.026245896251220077,1.4696400309851443
48,distance,0,-122.07915933637722,11.755504240670296,1581006816.9985197,302.4080016426208,37.39554250490819,10.0,2020-02-06T08:33:36.998520-08:00,200.0,21.989713668823242,1581006817.227741,0.3570070301824146,POINT (-122.07915933637722 37.39554250490819),ios,10.492832003122363,1.4958480851716627,-1.6775356879018284
49,distance,0,-122.07926595821448,11.63066712323027,1581006817.9984949,304.03216130120944,37.39558408508759,10.0,2020-02-06T08:33:37.998495-08:00,200.0,21.794132232666016,1581006818.233728,0.3572848010725445,POINT (-122.07926595821448 37.39558408508759),ios,11.988642997944623,-0.18164600733995506,5.07616949491247
50,distance,0,-122.07939578347379,11.560546280253643,1581006818.9984684,295.02088817092334,37.395615480603446,10.0,2020-02-06T08:33:38.998468-08:00,200.0,21.63546371459961,1581006819.241589,0.35756257149908277,POINT (-122.07939578347379 37.395615480603446),ios,11.807001797768578,4.894389149476389,-7.247372942949657
51,distance,0,-122.07952573131138,11.552825254482318,1581006819.9984426,291.28762477698046,37.39564030089343,10.0,2020-02-06T08:33:39.998443-08:00,200.0,21.507583618164062,1581006820.214614,0.35784034212430316,POINT (-122.07952573131138 37.39564030089343),ios,16.701264920607855,-2.3527971793704667,6.493071381197704
52,distance,0,-122.07970509159844,12.185653982340721,1581006820.9984164,290.31668584368646,37.395687772441015,10.0,2020-02-06T08:33:40.998416-08:00,200.0,21.41737937927246,1581006821.199399,0.35811811261706883,POINT (-122.07970509159844 37.395687772441015),ios,14.348529445799034,4.140103914253439,-7.3079247254177675
53,distance,0,-122.07985895013915,12.37794678486715,1581006821.998391,289.75114992490677,37.395729113186725,10.0,2020-02-06T08:33:41.998391-08:00,200.0,21.35032081604004,1581006822.195939,0.3583958833085166,POINT (-122.07985895013915 37.395729113186725),ios,18.488527742739368,-3.167634380246202,2.485346858039079
54,distance,0,-122.08004069751203,12.823319754795758,1581006822.9983642,291.94745687773144,37.39581155067495,10.0,2020-02-06T08:33:42.998364-08:00,200.0,21.663923263549805,1581006823.192287,0.3586736536688275,POINT (-122.08004069751203 37.39581155067495),ios,15.320977947456628,-0.6823538881281672,0.0356796364084452
55,distance,0,-122.08019581072278,12.91736799955906,1581006823.9983373,292.49220901845285,37.3958731766208,10.0,2020-02-06T08:33:43.998337-08:00,200.0,21.59929847717285,1581006824.174094,0.35895142396291096,POINT (-122.08019581072278 37.3958731766208),ios,14.638642442828884,-0.6466752129754904,-4.1207004516461705
56,distance,0,-122.08034489816119,12.887056669980817,1581006824.998311,292.70627201449236,37.39593063528051,10.0,2020-02-06T08:33:44.998311-08:00,200.0,21.524465560913086,1581006825.148989,0.3592291944556766,POINT (-122.08034489816119 37.39593063528051),ios,13.99198418958579,-4.767267594951537,4.565489176158054
57,distance,0,-122.08048830391094,12.802512458142948,1581006825.9982848,292.79353098760606,37.39598404974567,10.0,2020-02-06T08:33:45.998285-08:00,200.0,21.457473754882812,1581006826.153192,0.35950696494844225,POINT (-122.08048830391094 37.39598404974567),ios,9.224841621202533,-0.2018981535121344,-0.3091953410123791
58,distance,0,-122.08059272152562,11.88739184499194,1581006826.9982574,291.74362958919994,37.39598329934166,10.0,2020-02-06T08:33:46.998257-08:00,200.0,21.407550811767578,1581006827.224317,0.359784735110071,POINT (-122.08059272152562 37.39598329934166),ios,9.02294900336155,-0.5110850169644185,0.4394486093038962
59,distance,0,-122.0806947370805,11.501112550906303,1581006827.9982297,291.33618458086863,37.39598724722688,10.0,2020-02-06T08:33:47.998230-08:00,200.0,21.368127822875977,1581006828.2290092,0.3600625052054723,POINT (-122.0806947370805 37.39598724722688),ios,8.511878121248103,-0.0716485612952325,-0.3677027083706277
60,distance,0,-122.08079081083994,10.96738248024961,1581006828.9982038,291.97571717528297,37.39599305560113,10.0,2020-02-06T08:33:48.998204-08:00,200.0,21.340579986572266,1581006829.1535869,0.3603402757644653,POINT (-122.08079081083994 37.39599305560113),ios,8.440231421928821,-0.4393417139457187,0.5274287213415076
61,distance,0,-122.08088538250769,10.701733071926725,1581006829.998176,292.0489133485068,37.39600383692581,10.0,2020-02-06T08:33:49.998176-08:00,200.0,21.318782806396484,1581006830.1739259,0.3606180458598667,POINT (-122.08088538250769 37.39600383692581),ios,8.000901858661456,0.0880724205342559,3.8664833685391367
62,distance,0,-122.08097417774582,10.41955343596224,1581006830.9981494,292.6681189731854,37.39601800110314,10.0,2020-02-06T08:33:50.998149-08:00,200.0,21.311262130737305,1581006831.2223082,0.3608958162201775,POINT (-122.08097417774582 37.39601800110314),ios,8.088971927408359,3.9544525428286574,-4.295883874680674
63,distance,0,-122.08106294377436,10.24774046887589,1581006831.9981227,292.9439897650873,37.39603584768284,10.0,2020-02-06T08:33:51.998123-08:00,200.0,21.281349182128906,1581006832.155219,0.3611735865804884,POINT (-122.08106294377436 37.39603584768284),ios,12.043318874961901,-0.3413166193767247,0.09295763718849796
64,distance,0,-122.08119298816302,10.568588644298819,1581006832.9980953,292.87561623147076,37.396068345503814,10.0,2020-02-06T08:33:52.998095-08:00,200.0,21.259281158447266,1581006833.1687021,0.36145135674211715,POINT (-122.08119298816302 37.396068345503814),ios,11.70201161385087,-0.24836153091342086,-0.146573748990033
65,distance,0,-122.0813187697634,10.650791946305423,1581006833.9980674,292.84901088016665,37.396101345085185,10.0,2020-02-06T08:33:53.998067-08:00,200.0,21.236915588378906,1581006834.172676,0.3617291267712911,POINT (-122.0813187697634 37.396101345085185),ios,11.453657010975835,-0.39493119123257264,6.943022441318602
66,distance,0,-122.08144285792785,10.684765842438123,1581006834.9980392,292.22162748224446,37.39613119396277,10.0,2020-02-06T08:33:54.998039-08:00,200.0,21.230045318603516,1581006835.167006,0.3620068967342377,POINT (-122.08144285792785 37.39613119396277),ios,11.05873693049741,6.547895919311705,2.1984431601724346
67,distance,0,-122.08156260767247,10.635965037116645,1581006835.9980118,291.7771383877999,37.39616017067972,10.0,2020-02-06T08:33:55.998012-08:00,200.0,21.22554588317871,1581006836.180728,0.3622846668958664,POINT (-122.08156260767247 37.39616017067972),ios,17.60645331870438,8.746278802269273,6.51067375145027
68,distance,0,-122.08174038875453,11.31504022415254,1581006836.9979854,294.10755692697364,37.396231734117116,10.0,2020-02-06T08:33:56.997985-08:00,200.0,21.38163948059082,1581006837.189611,0.3625624373224047,POINT (-122.08174038875453 37.396231734117116),ios,26.352500655408196,15.25678025223963,-22.4510644017754
69,distance,0,-122.08198056559296,12.507421396029248,1581006837.9979568,297.479903220781,37.39637228512395,10.0,2020-02-06T08:33:57.997957-08:00,200.0,21.459741592407227,1581006838.194874,0.36284020715289644,POINT (-122.08198056559296 37.39637228512395),ios,41.6088444076635,-7.193641819430893,1.5275494685947597
70,distance,0,-122.08237748340477,15.99793390626298,1581006838.9979296,299.9401167732771,37.396573734031136,10.0,2020-02-06T08:33:58.997930-08:00,200.0,23.100309371948242,1581006839.2381759,0.3631179773807526,POINT (-122.08237748340477 37.396573734031136),ios,34.415398109388775,-5.666133869199948,-1.0520655736266578
71,distance,0,-122.0827059145286,16.766287579636682,1581006839.9979014,300.38602975668556,37.39674019023658,10.0,2020-02-06T08:33:59.997901-08:00,200.0,23.191810607910156,1581006840.210304,0.3633957473436991,POINT (-122.0827059145286 37.39674019023658),ios,28.749423647755986,-6.718169844653062,5.387124537855065
72,distance,0,-122.08298082928366,16.940826004340504,1581006840.997874,300.5197070587577,37.3968785496116,10.0,2020-02-06T08:34:00.997874-08:00,200.0,22.90227508544922,1581006841.243524,0.36367351750532784,POINT (-122.08298082928366 37.3968785496116),ios,22.031438002801405,-1.3311930117144393,0.20937021717427912
73,distance,0,-122.08319268948695,16.92294462987562,1581006841.9978466,300.782798917319,37.39698307656337,10.0,2020-02-06T08:34:01.997847-08:00,200.0,22.535415649414062,1581006842.1796,0.36395128766695656,POINT (-122.08319268948695 37.39698307656337),ios,20.700281489918797,-1.121828535081374,4.773650682336052
74,distance,0,-122.0833917303058,16.841928492464177,1581006842.997818,300.87867426809464,37.397081311664294,10.0,2020-02-06T08:34:02.997818-08:00,200.0,22.023094177246094,1581006843.14986,0.3642290574974484,POINT (-122.0833917303058 37.397081311664294),ios,19.578485050609263,3.65168557201314,-5.0043118995228975
75,distance,0,-122.08358008126554,16.73274669065361,1581006843.9977903,300.91526549968717,37.39717410012252,10.0,2020-02-06T08:34:03.997790-08:00,200.0,21.766494750976562,1581006844.182691,0.36450682759284975,POINT (-122.08358008126554 37.39717410012252),ios,23.230069629578896,-1.3524879254815911,0.0835129895235789
76,distance,0,-122.0838110415879,17.150397218204304,1581006844.9977627,300.0631160785049,37.397273977434686,10.0,2020-02-06T08:34:04.997763-08:00,200.0,21.613431930541992,1581006845.168436,0.36478459768825106,POINT (-122.0838110415879 37.397273977434686),ios,21.87761910925424,-1.268977245639615,-0.44234029544797293
77,distance,0,-122.08402868834129,17.226173136823988,1581006845.997735,299.74789212208236,37.39736784609509,10.0,2020-02-06T08:34:05.997735-08:00,200.0,21.511333465576172,1581006846.16308,0.3650623677836524,POINT (-122.08402868834129 37.39736784609509),ios,20.608676959153836,-1.7113053074788003,0.7843037029588341
78,distance,0,-122.08423348073472,17.170007204828984,1581006846.997706,299.6215818157183,37.3974566064137,10.0,2020-02-06T08:34:06.997706-08:00,200.0,21.44091796875,1581006847.139368,0.3653401374816895,POINT (-122.08423348073472 37.3974566064137),ios,18.897421428526574,-0.9270244176140483,0.15250798037353672
79,distance,0,-122.08442614014555,16.938917660530034,1581006847.9976783,299.36708334768315,37.39753046176477,10.0,2020-02-06T08:34:07.997678-08:00,200.0,21.23827362060547,1581006848.1411629,0.3656179075770908,POINT (-122.08442614014555 37.39753046176477),ios,17.97042264921448,-0.7745206550858855,-1.1545453946623503
80,distance,0,-122.08460869977056,16.751604511659064,1581006848.9976506,299.25668591515387,37.397601753154554,10.0,2020-02-06T08:34:08.997651-08:00,200.0,20.969867706298828,1581006849.132337,0.36589567767249215,POINT (-122.08460869977056 37.397601753154554),ios,17.195923414701827,-1.9290341189998255,2.4408372641670852
81,distance,0,-122.08478298576885,16.57760241896269,1581006849.9976227,299.20805227197695,37.39767062376951,10.0,2020-02-06T08:34:09.997623-08:00,200.0,20.836368560791016,1581006850.136456,0.3661734477016661,POINT (-122.08478298576885 37.39767062376951),ios,15.266943106058124,0.5117350580758357,-2.5541860645370766
82,distance,0,-122.08462804415953,7.473421905960763,1581006850.9975944,299.22331428347,37.39760980976695,10.0,2020-02-06T08:34:10.997594-08:00,200.0,20.864038467407227,1581006851.1455069,0.3664512175983853,POINT (-122.08462804415953 37.39760980976695),ios,15.778663645283654,-2.042378539577181,-0.5956777220123214
83,distance,0,-122.0844659551956,3.0900603298575504,1581006851.9975662,-1.0,37.397550202483664,10.0,2020-02-06T08:34:11.997566-08:00,200.0,20.999217987060547,1581006852.09475,0.3667289875613319,POINT (-122.0844659551956 37.397550202483664),ios,13.736342564743222,-2.6380395031544444,-0.17622460545448723
84,distance,0,-122.0843240200202,1.6538528389014842,1581006852.9975376,-1.0,37.3974997531504,10.0,2020-02-06T08:34:12.997538-08:00,200.0,21.073287963867188,1581006853.083904,0.36700675739182365,POINT (-122.0843240200202 37.3974997531504),ios,11.098378536504372,-2.8142590667825274,0.6539481744834619
85,distance,0,-122.08420914430931,1.1413845890758303,1581006853.9975095,-1.0,37.397459345927786,10.0,2020-02-06T08:34:13.997509-08:00,200.0,21.118518829345703,1581006854.083889,0.36728452735477024,POINT (-122.08420914430931 37.397459345927786),ios,8.2841986443763,-2.1603292900796243,0.5252332469709514
86,distance,0,-122.08412498439952,0.8931867098187766,1581006854.9974809,-1.0,37.39742648424496,10.0,2020-02-06T08:34:14.997481-08:00,200.0,21.159914016723633,1581006855.085316,0.36756229718526207,POINT (-122.08412498439952 37.39742648424496),ios,6.123931161813443,-1.6351110701524056,0.41688565790418924
87,distance,0,-122.08406416847639,0.7938170589651525,1581006855.9974527,-1.0,37.397400052370266,10.0,2020-02-06T08:34:15.997453-08:00,200.0,21.19696807861328,1581006856.077182,0.3678400671482086,POINT (-122.08406416847639 37.397400052370266),ios,4.488866092882284,-1.2182371406559886,0.315927472910944
88,distance,0,-122.08402080620223,0.7551088949304345,1581006856.9974241,-1.0,37.397379007915745,10.0,2020-02-06T08:34:16.997424-08:00,200.0,21.239830017089844,1581006857.109241,0.36811783697870043,POINT (-122.08402080620223 37.397379007915745),ios,3.2706638062704654,-0.9023187065025475,0.23718069659565294
89,distance,0,-122.0839903457683,0.7342678985784937,1581006857.9973967,-1.0,37.39736228880311,10.0,2020-02-06T08:34:17.997397-08:00,200.0,21.261886596679688,1581006858.085892,0.36839560714032915,POINT (-122.0839903457683 37.39736228880311),ios,2.3683698396654664,-0.665144512959632,0.18546073646899405
90,distance,0,-122.08396940075728,0.7258256526660329,1581006858.9973683,-1.0,37.39734899383481,10.0,2020-02-06T08:34:18.997368-08:00,200.0,21.2647647857666,1581006859.088381,0.36867337703704833,POINT (-122.08396940075728 37.39734899383481),ios,1.703244198060186,-0.4796890383475848,-0.09175458099121432
91,distance,0,-122.08395550997562,0.7173545846121799,1581006859.99734,-1.0,37.39733837139938,10.0,2020-02-06T08:34:19.997340-08:00,200.0,21.25609016418457,1581006860.097663,0.3689511469337675,POINT (-122.08395550997562 37.39733837139938),ios,1.2235687693592943,-0.5714410160951768,0.56233074172482
92,distance,0,-122.08394679485026,0.7085825669973768,1581006860.997312,-1.0,37.39732981920284,10.0,2020-02-06T08:34:20.997312-08:00,200.0,21.24361801147461,1581006861.075913,0.36922891696294147,POINT (-122.08394679485026 37.39732981920284),ios,0.6521436935962639,-0.009125960571638782,0.00027977092948898365
93,distance,0,-122.08395020849647,-1.0,1581006872.020148,-1.0,37.39739440978556,10.0,2020-02-06T08:34:32.020148-08:00,189.9361133558276,21.24361801147461,1581006872.10539,0.3722908158434762,POINT (-122.08395020849647 37.39739440978556),ios,0.5515497271470873,-0.006042091506728283,-0.0001334963904345859
94,distance,0,-122.0839529335311,-1.0,1581006882.424271,-1.0,37.397445970949725,10.0,2020-02-06T08:34:42.424271-08:00,289.1942759551369,21.24361801147461,1581006882.576486,0.3751808500289917,POINT (-122.0839529335311 37.397445970949725),ios,0.4886870635238397,-0.007431004381924247,8.391048363790905
95,distance,0,-122.08395408847004,-1.0,1581006887.4006,-1.0,37.397467822004664,10.0,2020-02-06T08:34:47.400600-08:00,320.7807339327415,21.24361801147461,1581006887.4686341,0.3765631635983785,POINT (-122.08395408847004 37.397467822004664),ios,0.45170794203513576,41.74918504835475,-13.782496734472598
96,distance,0,-122.08395518192806,-1.0,1581006892.497725,-1.0,37.397488509861866,10.0,2020-02-06T08:34:52.497725-08:00,355.70597561237054,21.24361801147461,1581006892.561063,0.377979031668769,POINT (-122.08395518192806 37.397488509861866),ios,213.25252501127736,-28.501924355408633,5.0107260676832315
97,distance,0,-122.0978479433474,-1.0,1581006899.0121288,-1.0,37.40334358494742,10.0,2020-02-06T08:34:59.012129-08:00,65.0,11.70362663269043,1581006899.163224,0.37978858828544615,POINT (-122.0978479433474 37.40334358494742),ios,27.579480111973762,4.139968681070197,-6.602754517576714
98,distance,0,-122.09817929277118,-1.0,1581006900.214992,-1.0,37.40348403442557,10.0,2020-02-06T08:35:00.214992-08:00,65.0,8.827238082885742,1581006900.279883,0.38012271695666844,POINT (-122.09817929277118 37.40348403442557),ios,32.55929615548173,-3.802241855042727,2.1852592023037016
99,distance,0,-122.10033149209487,-1.0,1581006906.6183782,-1.0,37.404253901745705,10.0,2020-02-06T08:35:06.618378-08:00,165.0,8.369721412658691,1581006906.679831,0.3819014353222317,POINT (-122.10033149209487 37.404253901745705),ios,8.212073451121228,10.190816580910852,-9.864378847484664
100,distance,0,-122.10031966207373,-1.0,1581006907.758465,-1.0,37.404170229030086,10.0,2020-02-06T08:35:07.758465-08:00,165.0,7.962869644165039,1581006907.8205152,0.3822181261248059,POINT (-122.10031966207373 37.404170229030086),ios,19.830489825942117,-1.055432413868816,0.6339734227995552
101,distance,0,-122.10314999987912,-1.0,1581006921.701998,-1.0,37.405232618469235,10.889406204223633,2020-02-06T08:35:21.701998-08:00,65.0,7.506882667541504,1581006921.810762,0.3860913297202852,POINT (-122.10314999987912 37.405232618469235),ios,5.114033193286462,7.784396892383252,-7.1842208897398185
102,distance,0,-122.10321057608832,-1.0,1581006922.860157,-1.0,37.4052554605424,10.015604019165039,2020-02-06T08:35:22.860157-08:00,65.0,7.21357536315918,1581006922.9199538,0.3864130405584971,POINT (-122.10321057608832 37.4052554605424),ios,14.12960265048848,-0.536073315232437,1.4705805940102645
103,distance,0,-122.1041303400295,-1.0,1581006929.262675,-1.0,37.40561335972024,11.616650581359863,2020-02-06T08:35:29.262675-08:00,128.751014174218,7.169336318969727,1581006929.329475,0.3881915177901586,POINT (-122.1041303400295 37.40561335972024),ios,10.697383582176647,8.879345458341248,7.482861186688932
104,distance,0,-122.10425082814456,-1.0,1581006930.4106221,-1.0,37.405668458347925,11.687771797180176,2020-02-06T08:35:30.410622-08:00,130.7454463063107,7.1262712478637695,1581006930.4720979,0.38851039197709825,POINT (-122.10425082814456 37.405668458347925),ios,20.890402211082495,17.46927405513732,-31.51722140984282
105,distance,0,-122.10474734209528,15.356028976315175,1581006932.9952655,306.28832005466876,37.40595171190789,12.302314758300781,2020-02-06T08:35:32.995265-08:00,200.0,7.195403099060059,1581006933.15311,0.3892283484670851,POINT (-122.10474734209528 37.40595171190789),ios,66.04224547076313,-63.991503112038885,67.14462355540033
106,distance,0,-122.10533229645537,12.880000114440918,1581006933.9952374,309.0234375,37.406321615015536,96.0,2020-02-06T08:35:33.995237-08:00,50.0,20.274898529052734,1581006934.134636,0.3895061184300317,POINT (-122.10533229645537 37.406321615015536),ios,2.0525426567873453,3.151231437323849,4.453870428069631
107,distance,0,-122.10535073664235,12.229999542236328,1581006934.9952087,311.1328125,37.406332846765785,4.0,2020-02-06T08:35:34.995209-08:00,10.0,14.692684173583984,1581006935.1449099,0.38978388826052346,POINT (-122.10535073664235 37.406332846765785),ios,5.2036839366565895,7.604974439138404,-8.913124583114579
108,distance,0,-122.10539742384302,12.0600004196167,1581006935.9951801,312.5390625,37.406361387146084,4.0,2020-02-06T08:35:35.995180-08:00,10.0,14.651729583740234,1581006936.1632361,0.3900616580910153,POINT (-122.10539742384302 37.406361387146084),ios,12.808440795731007,-1.307895137436359,1.8735603449525318
109,distance,0,-122.10551795561062,12.59000015258789,1581006936.995151,307.6171875,37.406425424886315,4.0,2020-02-06T08:35:36.995151-08:00,10.0,14.718502044677734,1581006937.149098,0.39033942778905234,POINT (-122.10551795561062 37.406425424886315),ios,11.500583701127683,0.5656107111415455,-0.9364437717864594
110,distance,0,-122.1056296863799,12.199999809265137,1581006937.9951243,298.828125,37.40647852424291,4.0,2020-02-06T08:35:37.995124-08:00,30.0,14.822322845458984,1581006938.116184,0.3906171981493632,POINT (-122.1056296863799 37.40647852424291),ios,12.066179308833796,-0.3708080548984445,-0.07187341267844352
111,distance,0,-122.10574954759525,12.210000038146973,1581006938.9950953,299.8828125,37.4065305758616,4.0,2020-02-06T08:35:38.995095-08:00,30.0,14.346370697021484,1581006939.112134,0.39089496784740024,POINT (-122.10574954759525 37.4065305758616),ios,11.695382039653959,-0.44267937699014304,15.774398655953114
112,distance,0,-122.10586572077321,12.220000267028809,1581006939.9950666,299.8828125,37.406581034918695,4.0,2020-02-06T08:35:39.995067-08:00,30.0,13.78908920288086,1581006940.110909,0.39117273767789207,POINT (-122.10586572077321 37.406581034918695),ios,11.252715327822383,15.331267969797324,-37.440765402437954
113,distance,0,-122.10597745154249,12.149999618530273,1581006940.995038,299.8828125,37.40662964995709,4.0,2020-02-06T08:35:40.995038-08:00,30.0,13.51198959350586,1581006941.11136,0.39145050750838384,POINT (-122.10597745154249 37.40662964995709),ios,26.583544666524684,-22.1084262437501,20.146190930114365
114,distance,0,-122.10625615635055,12.100000381469727,1581006941.9950101,307.5409851074219,37.40653943077736,4.0,2020-02-06T08:35:41.995010-08:00,30.0,13.66036605834961,1581006942.119451,0.3917282775375578,POINT (-122.10625615635055 37.40653943077736),ios,4.475735136744414,-1.9627972911029892,1.373044186671531
115,distance,0,-122.1063357077553,0.0,1581006943.9949532,308.2269592285156,37.40658930209706,6.0,2020-02-06T08:35:43.994953-08:00,30.0,14.301570892333984,1581006944.144113,0.3922838172647688,POINT (-122.1063357077553 37.40658930209706),ios,0.5502523987329849,0.7832128433807497,0.05172305165551497
116,distance,0,-122.1063259363118,-1.0,1581006945.994897,308.2269592285156,37.40658316209613,4.0,2020-02-06T08:35:45.994897-08:00,30.0,13.856868743896484,1581006946.125136,0.392839357190662,POINT (-122.1063259363118 37.40658316209613),ios,2.1166340166260764,0.8866560364019698,0.3858293138373214
117,distance,0,-122.10636352371068,-1.0,1581006947.9948392,308.2269592285156,37.406606780578294,4.0,2020-02-06T08:35:47.994839-08:00,50.0,13.675655364990234,1581006948.2211208,0.3933948967191908,POINT (-122.10636352371068 37.406606780578294),ios,3.889894931774107,1.6582924027684316,-2.8366773319548577
118,distance,0,-122.10639806228079,-1.0,1581006948.99481,308.2269592285156,37.4066284832932,4.0,2020-02-06T08:35:48.994810-08:00,50.0,13.640743255615234,1581006949.156013,0.39367266641722787,POINT (-122.10639806228079 37.4066284832932),ios,5.548139099680894,-1.178302418563806,2.080014643548802
119,distance,0,-122.10644732456424,-1.0,1581006949.9947824,308.2269592285156,37.406659437825795,4.0,2020-02-06T08:35:49.994782-08:00,50.0,13.62807846069336,1581006950.1335769,0.3939504365126292,POINT (-122.10644732456424 37.406659437825795),ios,4.36986926890294,0.9016546989452405,-1.101849583081955
120,distance,0,-122.1064861248675,-1.0,1581006950.9947534,308.2269592285156,37.406683818450624,4.0,2020-02-06T08:35:50.994753-08:00,50.0,13.655025482177734,1581006951.155836,0.39422820621066623,POINT (-122.1064861248675 37.406683818450624),ios,5.271497741357857,-0.20016283456445255,-0.32729515072200005
121,distance,0,-122.10653293082206,-1.0,1581006951.994725,308.2269592285156,37.40671322952019,4.0,2020-02-06T08:35:51.994725-08:00,50.0,13.73080062866211,1581006952.1434212,0.3945059761073854,POINT (-122.10653293082206 37.40671322952019),ios,5.0713405857754985,-0.5274486993303236,1.7315415467549529
122,distance,0,-122.10657795957951,-1.0,1581006952.9946966,308.2269592285156,37.406741523867154,4.0,2020-02-06T08:35:52.994697-08:00,50.0,13.81557846069336,1581006953.1323361,0.3947837460041046,POINT (-122.10657795957951 37.406741523867154),ios,4.543906851119939,1.2040437204552765,-2.875263039816652
123,distance,0,-122.10661830521838,-1.0,1581006953.994668,308.2269592285156,37.4067668755217,4.0,2020-02-06T08:35:53.994668-08:00,100.0,13.86983871459961,1581006954.1632109,0.3950615158345964,POINT (-122.10661830521838 37.4067668755217),ios,5.7479161236080545,-1.671137057425956,2.8863689128293517
124,distance,0,-122.10666787107658,-1.0,1581006954.9946394,310.48089599609375,37.40680036820325,4.0,2020-02-06T08:35:54.994639-08:00,100.0,13.89455795288086,1581006955.167879,0.39533928566508825,POINT (-122.10666787107658 37.40680036820325),ios,4.076826877796824,1.2151492757264006,-4.222316161259081
125,distance,0,-122.10670254557729,-1.0,1581006955.994611,311.22662353515625,37.406824565652144,4.0,2020-02-06T08:35:55.994611-08:00,100.0,13.893001556396484,1581006956.168442,0.39561705556180743,POINT (-122.10670254557729 37.406824565652144),ios,5.291941677537743,-3.0070470907769375,2.0484313974091246
126,distance,0,-122.10674754865005,-1.0,1581006956.9945831,311.18719482421875,37.40685598099711,4.0,2020-02-06T08:35:56.994583-08:00,100.0,13.866756439208984,1581006957.156489,0.3958948255909814,POINT (-122.10674754865005 37.40685598099711),ios,2.284978468260482,-0.9586728343078822,0.6243938287099025
127,distance,0,-122.10670868482663,3.4600000381469727,1581006958.9945269,311.18719482421875,37.406828852201414,4.0,2020-02-06T08:35:58.994527-08:00,100.0,14.060054779052734,1581006959.114071,0.3964503655168745,POINT (-122.10670868482663 37.406828852201414),ios,0.36768674108265276,0.29007969047881454,-0.3287647424888372
128,distance,0,-122.10667118192478,0.0,1581006970.994184,311.22662353515625,37.40680264192723,4.0,2020-02-06T08:36:10.994184-08:00,100.0,13.832576751708984,1581006971.1328502,0.39978360361523096,POINT (-122.10667118192478 37.40680264192723),ios,3.8485435741910146,-3.654984503737699,3.795179983736658
129,distance,0,-122.106703891064,0.0,1581006971.9941564,311.18719482421875,37.4068255059273,4.0,2020-02-06T08:36:11.994156-08:00,50.0,13.844661712646484,1581006972.1292691,0.40006137371063233,POINT (-122.106703891064 37.4068255059273),ios,0.1936601547339101,0.14009051839433695,-0.10782887487914487
130,distance,0,-122.10668578571295,0.0,1581006982.993843,311.22662353515625,37.40681285022279,4.0,2020-02-06T08:36:22.993843-08:00,50.0,13.790279388427734,1581006983.124785,0.4031168422434065,POINT (-122.10668578571295 37.40681285022279),ios,1.7346119692320203,-1.0459933244292814,1.0517620903766258
131,distance,0,-122.10667104315633,0.0,1581006983.993815,311.22662353515625,37.406802544925725,4.0,2020-02-06T08:36:23.993815-08:00,50.0,13.79348373413086,1581006984.117453,0.4033946122063531,POINT (-122.10667104315633 37.406802544925725),ios,0.6886480721433139,0.005739176311813734,0.10174680581699333
132,distance,0,-122.10670616180323,0.0,1581006989.9936438,311.18719482421875,37.40682709101118,4.0,2020-02-06T08:36:29.993644-08:00,50.0,13.782772064208984,1581006990.1294131,0.4050612313217587,POINT (-122.10670616180323 37.40682709101118),ios,0.7230821475559406,0.6162025937336444,-0.033993836280644646
133,distance,0,-122.1066877237439,0.0,1581006992.9935584,311.22662353515625,37.40681420493928,4.0,2020-02-06T08:36:32.993558-08:00,50.0,13.788997650146484,1581006993.126483,0.4058945409456889,POINT (-122.1066877237439 37.40681420493928),ios,2.571637333492306,0.5142239863965581,-2.9454283415205897
134,distance,0,-122.10670958379018,0.0,1581006993.9935288,311.18719482421875,37.406829479720706,4.0,2020-02-06T08:36:33.993529-08:00,50.0,13.78524398803711,1581006994.14906,0.4061723105112712,POINT (-122.10670958379018 37.406829479720706),ios,3.0858461174203944,-2.431117276763868,4.0359606952290985
135,distance,0,-122.1066833533879,0.0,1581006994.9935021,311.22662353515625,37.40681114998634,4.0,2020-02-06T08:36:34.993502-08:00,50.0,13.78530502319336,1581006995.1334682,0.406450080871582,POINT (-122.1066833533879 37.40681114998634),ios,0.6547937584915232,1.6047356466876324,-0.8722606610188107
136,distance,0,-122.10667222315197,0.0,1581006996.993443,311.22662353515625,37.4068033697627,4.0,2020-02-06T08:36:36.993443-08:00,50.0,13.788387298583984,1581006997.19904,0.4070056200027466,POINT (-122.10667222315197 37.4068033697627),ios,3.864170167366194,-0.13973410048943224,-2.283404936645862
137,distance,0,-122.10670506582153,0.0,1581006997.9934156,311.18719482421875,37.406826325963884,4.0,2020-02-06T08:36:37.993416-08:00,50.0,13.78445053100586,1581006998.122925,0.4072833901643753,POINT (-122.10670506582153 37.406826325963884),ios,3.724439898125416,-2.423076430426836,3.4047490500177418
138,distance,0,-122.10667341074264,0.0,1581006998.9933877,311.22662353515625,37.40680419990873,4.0,2020-02-06T08:36:38.993388-08:00,50.0,13.785335540771484,1581006999.122501,0.40756116019354927,POINT (-122.10667341074264 37.40680419990873),ios,1.3014310593520133,0.9815776442055135,-0.19326078548296835
139,distance,0,-122.10670659530638,0.0,1581007001.9933019,311.18719482421875,37.406827393616986,4.0,2020-02-06T08:36:41.993302-08:00,50.0,13.783321380615234,1581007002.135344,0.4083944696850247,POINT (-122.10670659530638 37.406827393616986),ios,4.246079742483558,0.401811875462882,-0.6829483099408232
140,distance,0,-122.10667050586528,0.0,1581007002.9932737,311.22662353515625,37.40680216935017,4.0,2020-02-06T08:36:42.993274-08:00,50.0,13.78872299194336,1581007003.1167831,0.4086722396479713,POINT (-122.10667050586528 37.40680216935017),ios,4.647880313615303,-0.2811172208251938,-2.208026987872023
141,distance,0,-122.10671001228926,0.0,1581007003.9932454,311.18719482421875,37.40682977883342,4.0,2020-02-06T08:36:43.993245-08:00,50.0,13.79104232788086,1581007004.128622,0.40895000954469046,POINT (-122.10671001228926 37.40682977883342),ios,4.366771068594743,-2.489081562973026,2.033086124431202
142,distance,0,-122.10667289499122,0.0,1581007004.993218,311.22662353515625,37.406803839389724,4.0,2020-02-06T08:36:44.993218-08:00,50.0,13.78817367553711,1581007005.115396,0.4092277797063192,POINT (-122.10667289499122 37.406803839389724),ios,1.877757751600011,-0.4560511819748965,0.5563690293218282
143,distance,0,-122.10670481399282,0.0,1581007006.9931598,311.18719482421875,37.40682615017547,4.0,2020-02-06T08:36:46.993160-08:00,50.0,13.780818939208984,1581007007.121251,0.40978331910239324,POINT (-122.10670481399282 37.40682615017547),ios,0.9656819180324702,0.6566545103826836,0.06074553773095274
144,distance,0,-122.10668019114331,0.0,1581007009.993075,311.22662353515625,37.40680893952376,4.0,2020-02-06T08:36:49.993075-08:00,30.0,13.87459945678711,1581007010.121805,0.4106166288587782,POINT (-122.10668019114331 37.40680893952376),ios,2.935589714306345,0.8388859676756757,-0.4684685737072419
145,distance,0,-122.10662983810246,0.0,1581007011.9930177,310.48089599609375,37.406774472756055,4.0,2020-02-06T08:36:51.993018-08:00,30.0,13.883663177490234,1581007012.130981,0.41117216851976185,POINT (-122.10662983810246 37.406774472756055),ios,4.6133136482175905,-0.09802437375200083,-0.5538647386911298
146,distance,0,-122.10670871327449,0.3400000035762787,1581007013.9929602,311.18719482421875,37.406828872059386,4.0,2020-02-06T08:36:53.992960-08:00,30.0,13.047054290771484,1581007014.191259,0.4117277081145181,POINT (-122.10670871327449 37.406828872059386),ios,4.4172705330840785,-1.2057220266880533,1.2994790659519266
147,distance,0,-122.1067462786491,0.3799999952316284,1581007014.9929328,311.18719482421875,37.406855094476086,4.0,2020-02-06T08:36:54.992933-08:00,30.0,13.08449935913086,1581007015.155313,0.4120054782761468,POINT (-122.1067462786491 37.406855094476086),ios,3.2115815650472506,0.09372140996933856,0.5090923127268299
148,distance,0,-122.10683040860471,0.28999999165534973,1581007017.992847,309.3748474121094,37.40691024300366,4.0,2020-02-06T08:36:57.992847-08:00,30.0,12.675716400146484,1581007018.115745,0.41283878776762223,POINT (-122.10683040860471 37.40691024300366),ios,3.4927377507821236,1.6209546524061287,-4.8103440056615785
149,distance,0,-122.10686092276785,0.550000011920929,1581007018.9928188,309.3748474121094,37.4069302199752,4.0,2020-02-06T08:36:58.992819-08:00,30.0,12.65591049194336,1581007019.121227,0.41311655773056877,POINT (-122.10686092276785 37.4069302199752),ios,5.113646800235061,-3.1892540219602767,2.28594264406107
150,distance,0,-122.10690559790396,0.6399999856948853,1581007019.9927897,309.3748474121094,37.40695946783361,4.0,2020-02-06T08:36:59.992790-08:00,30.0,12.63399887084961,1581007020.127389,0.4133943274286058,POINT (-122.10690559790396 37.40695946783361),ios,1.9244855443190856,-0.9033778692652533,0.6250948010179997
151,distance,0,-122.10692241109263,0.6399999856948853,1581007020.9927611,309.3748474121094,37.406970475069485,4.0,2020-02-06T08:37:00.992761-08:00,30.0,12.271846771240234,1581007021.112179,0.41367209725909765,POINT (-122.10692241109263 37.406970475069485),ios,1.02113352090199,-0.27830095235296504,0.8118445288343132
152,distance,0,-122.10691349000152,0.6399999856948853,1581007021.9927325,309.3748474121094,37.406964634621474,4.0,2020-02-06T08:37:01.992733-08:00,30.0,12.21456527709961,1581007022.112812,0.4139498670895894,POINT (-122.10691349000152 37.406964634621474),ios,0.7428405308031397,0.5335203494230663,-0.7000513963204105
153,distance,0,-122.10691997979885,0.15000000596046448,1581007022.9927042,309.3748474121094,37.406968883353315,4.0,2020-02-06T08:37:02.992704-08:00,28.816551487515625,11.988094329833984,1581007023.134407,0.4142276369863086,POINT (-122.10691997979885 37.406968883353315),ios,1.2763457432877339,-0.16651118517149832,-0.38794586712749624
154,distance,0,-122.10693113054683,0.5799999833106995,1581007023.992676,309.3748474121094,37.4069761835101,4.0,2020-02-06T08:37:03.992676-08:00,27.710106432788294,11.86953353881836,1581007024.130447,0.4145054069492552,POINT (-122.10693113054683 37.4069761835101),ios,1.109839242640736,-0.5544461380657103,0.2842799481339366
155,distance,0,-122.10695052268147,0.7099999785423279,1581007025.992619,309.3748474121094,37.40698887912689,4.0,2020-02-06T08:37:05.992619-08:00,30.0,11.86306381225586,1581007026.121581,0.4150609466764662,POINT (-122.10695052268147 37.40698887912689),ios,0.0009785599815573622,0.01409755935067195,0.0003952644509698829
156,distance,0,-122.10695099288483,0.0,1581007080.9910548,309.3748474121094,37.406989186959,4.0,2020-02-06T08:38:00.991055-08:00,28.220854766441903,11.55617904663086,1581007081.1238751,0.43033828993638357,POINT (-122.10695099288483 37.406989186959),ios,0.7763222719597407,0.035836485855946794,0.08005618675369454
157,distance,0,-122.10699168675677,-1.0,1581007086.9908853,309.3748474121094,37.4070158283687,4.0,2020-02-06T08:38:06.990885-08:00,29.362718578752194,11.56447982788086,1581007087.175403,0.43200490951538084,POINT (-122.10699168675677 37.4070158283687),ios,0.9913351122516706,0.516160035604803,-0.9048787677054083
158,distance,0,-122.10701821690742,-1.0,1581007089.9907975,307.8677062988281,37.40703229615241,4.0,2020-02-06T08:38:09.990798-08:00,30.0,11.671932220458984,1581007090.132726,0.43283821847703724,POINT (-122.10701821690742 37.40703229615241),ios,2.539769932197721,-2.1983968752245215,2.501986001615233
159,distance,0,-122.10704087927388,2.1600000858306885,1581007090.9907696,307.8677062988281,37.40704635353455,4.0,2020-02-06T08:38:10.990770-08:00,30.0,11.46218490600586,1581007091.137644,0.4331159885062112,POINT (-122.10704087927388 37.40704635353455),ios,0.34143438119633696,0.3035193335568614,-0.3477372745010955
160,distance,0,-122.10705611236114,-1.0,1581007095.9906273,307.8677062988281,37.407055802562255,4.0,2020-02-06T08:38:15.990627-08:00,30.0,11.456844329833984,1581007096.111592,0.4345048378573524,POINT (-122.10705611236114 37.407055802562255),ios,1.8589878472856467,-1.4351175434535643,1.5132826466186022
161,distance,0,-122.10707270009243,0.0,1581007096.9905982,307.8677062988281,37.40706609187065,4.0,2020-02-06T08:38:16.990598-08:00,30.0,11.430416107177734,1581007097.2024422,0.4347826075553894,POINT (-122.10707270009243 37.40706609187065),ios,0.4239120471917199,0.07812108621183494,0.061825293956032104
162,distance,0,-122.1070916129267,-1.0,1581007101.990457,307.8677062988281,37.407077823431806,4.0,2020-02-06T08:38:21.990457-08:00,30.0,11.418819427490234,1581007102.1261601,0.4361714572376675,POINT (-122.1070916129267 37.407077823431806),ios,0.814506451944018,0.38723882973514284,0.07019907931981348
163,distance,0,-122.10711341644188,-1.0,1581007104.9903712,307.8677062988281,37.40709134807167,4.0,2020-02-06T08:38:24.990371-08:00,30.0,11.41775131225586,1581007105.123553,0.43700476672914296,POINT (-122.10711341644188 37.40709134807167),ios,1.9761897041740855,0.5978300424592748,1.0647611564957402
164,distance,0,-122.10713104997791,-1.0,1581007105.9903426,307.8677062988281,37.407102286088865,4.0,2020-02-06T08:38:25.990343-08:00,30.0,11.342342376708984,1581007106.1360788,0.4372825365596347,POINT (-122.10713104997791 37.407102286088865),ios,2.574002642578648,1.6625607358939734,-2.4947785482320417
165,distance,0,-122.10715401779976,-1.0,1581007106.990314,307.8677062988281,37.407116532943846,4.0,2020-02-06T08:38:26.990314-08:00,30.0,11.09243392944336,1581007107.1567621,0.43756030639012655,POINT (-122.10715401779976 37.407116532943846),ios,4.236515812228423,-0.8321464361512715,-0.2725596744010628
166,distance,0,-122.10719182023013,-1.0,1581007107.9902854,307.8677062988281,37.40713998165163,4.0,2020-02-06T08:38:27.990285-08:00,30.0,11.293148040771484,1581007108.1446939,0.4378380762206184,POINT (-122.10719182023013 37.40713998165163),ios,3.404393183977661,-1.1046983125574994,1.367350757200652
167,distance,0,-122.1072221976429,-1.0,1581007108.990257,307.8677062988281,37.407158824648455,4.0,2020-02-06T08:38:28.990257-08:00,30.0,11.532405853271484,1581007109.151637,0.43811584611733756,POINT (-122.1072221976429 37.407158824648455),ios,2.2997262137118013,0.2626136504260174,-1.8804402273409757
168,distance,0,-122.10724238769853,-1.0,1581007109.9902291,309.86700439453125,37.407171882573344,4.0,2020-02-06T08:38:29.990229-08:00,30.0,11.781185150146484,1581007110.1446838,0.4383936161465115,POINT (-122.10724238769853 37.407171882573344),ios,2.5623325385369324,-1.617774122084169,5.4044031410714615
169,distance,0,-122.10726461400321,-1.0,1581007110.9902,309.86700439453125,37.40718669036344,4.0,2020-02-06T08:38:30.990200-08:00,50.0,11.966793060302734,1581007111.136697,0.43867138584454857,POINT (-122.10726461400321 37.40718669036344),ios,0.9446054727564775,3.786471820752922,0.30057939621898033
170,distance,0,-122.10725642024829,-1.0,1581007111.9901726,309.86700439453125,37.407181231453166,4.0,2020-02-06T08:38:31.990173-08:00,30.0,11.70772933959961,1581007112.12024,0.4389491560061773,POINT (-122.10725642024829 37.407181231453166),ios,4.730973475507799,4.087042975644959,-0.47323336533694005
171,distance,0,-122.10695067431969,-1.0,1581007121.4488602,-1.0,37.4075021222582,10.0,2020-02-06T08:38:41.448860-08:00,287.8786857629486,11.70772933959961,1581007121.9447842,0.4415765692128075,POINT (-122.10695067431969 37.4075021222582),ios,43.389035960498134,-0.3891235624107731,-0.007192489216890574
172,distance,0,-122.12010074374321,-1.0,1581007155.4173641,-1.0,37.41566241957339,10.290060043334961,2020-02-06T08:39:15.417364-08:00,165.0,11.537784576416016,1581007155.513291,0.4510122647550371,POINT (-122.12010074374321 37.41566241957339),ios,30.171090692921208,-0.6334416607996276,0.06322082065881246
173,distance,0,-122.12173649989364,-1.0,1581007161.493503,-1.0,37.41667741853976,10.624269485473633,2020-02-06T08:39:21.493503-08:00,266.74639081622183,11.537784576416016,1581007161.564417,0.45270008113649157,POINT (-122.12173649989364 37.41667741853976),ios,26.3222111304652,-0.2493031684746483,0.49099197145692347
174,distance,0,-122.12444108978445,-1.0,1581007173.008779,-1.0,37.418355636862756,10.624269485473633,2020-02-06T08:39:33.008779-08:00,483.5890307574424,11.537784576416016,1581007174.718826,0.45589876890182496,POINT (-122.12444108978445 37.418355636862756),ios,23.451416348973858,5.4046048746396025,-2.3422694399462567
175,distance,0,-122.12509088994749,-1.0,1581007176.11407,-1.0,37.41875884274014,10.624269485473633,2020-02-06T08:39:36.114070-08:00,496.5032363222601,11.537784576416016,1581007176.16997,0.45676134970453053,POINT (-122.12509088994749 37.41875884274014),ios,40.23428662883656,-1.8688230785418969,0.6236758741907927
176,distance,0,-122.12828105981839,-1.0,1581007185.355989,-1.0,37.42094135167045,44.4900016784668,2020-02-06T08:39:45.355989-08:00,65.0,6.059999942779541,1581007185.443656,0.4593285494380527,POINT (-122.12828105981839 37.42094135167045),ios,22.962775035598114,3.8951388583546915,-3.4113951755035945
177,distance,0,-122.1294787204715,-1.0,1581007191.424303,-1.0,37.42175725367403,35.80808639526367,2020-02-06T08:39:51.424303-08:00,165.0,6.059999942779541,1581007191.494813,0.46101419223679435,POINT (-122.1294787204715 37.42175725367403),ios,46.59970099566192,-16.80627850214412,10.546632422665216
178,distance,0,-122.13010129651444,-1.0,1581007192.978714,-1.0,37.422181381359536,30.740633010864258,2020-02-06T08:39:52.978714-08:00,165.0,6.059999942779541,1581007193.07302,0.46144597305191887,POINT (-122.13010129651444 37.422181381359536),ios,20.475837924546674,-0.4124777427469534,0.5458646882209881
179,distance,0,-122.13587887677181,-1.0,1581007222.050593,-1.0,37.4249392688606,18.542654037475586,2020-02-06T08:40:22.050593-08:00,65.0,6.059999942779541,1581007222.176145,0.4695214949713813,POINT (-122.13587887677181 37.4249392688606),ios,8.484334934310427,15.456834374493832,-15.979347176088282
180,distance,0,-122.13597904074663,-1.0,1581007223.205771,-1.0,37.424977236346486,14.330451965332031,2020-02-06T08:40:23.205771-08:00,65.0,6.059999942779541,1581007223.3000278,0.4698423777686225,POINT (-122.13597904074663 37.424977236346486),ios,26.33973103640449,-3.002157057332118,1.224187312785071
181,distance,0,-122.13684258803316,-1.0,1581007229.444685,-1.0,37.42628635702073,12.789793968200684,2020-02-06T08:40:29.444685-08:00,65.0,6.059999942779541,1581007229.520112,0.471575409438875,POINT (-122.13684258803316 37.42628635702073),ios,7.609531302461683,4.635442322827996,-2.37723621929873
182,distance,0,-122.13682960960728,-1.0,1581007230.983749,-1.0,37.426391176071576,11.326695442199707,2020-02-06T08:40:30.983749-08:00,65.0,6.059999942779541,1581007231.0721688,0.4720029271973504,POINT (-122.13682960960728 37.426391176071576),ios,14.743773383492577,0.9767238033998542,-0.6828505302459126
183,distance,0,-122.13890870621628,-1.0,1581007244.9398699,-1.0,37.42722681655784,14.250672340393066,2020-02-06T08:40:44.939870-08:00,165.0,6.059999942779541,1581007245.057033,0.47587962746620177,POINT (-122.13890870621628 37.42722681655784),ios,28.375048935934124,-8.553220799682853,5.904355637505841
184,distance,0,-122.13918321565147,-1.0,1581007246.121408,-1.0,37.427018525118285,14.093367576599121,2020-02-06T08:40:46.121408-08:00,165.0,6.059999942779541,1581007246.185038,0.4762078324953715,POINT (-122.13918321565147 37.427018525118285),ios,18.269092640536293,-1.5769996284332681,0.7266263438785571
185,distance,0,-122.13944888158227,-1.0,1581007252.529974,-1.0,37.428050086467195,12.689144134521484,2020-02-06T08:40:52.529974-08:00,65.0,6.059999942779541,1581007252.606775,0.4779879897170597,POINT (-122.13944888158227 37.428050086467195),ios,8.162786442778168,3.0796332522541436,-2.7695469760087743
186,distance,0,-122.13949591068346,-1.0,1581007253.67692,-1.0,37.428125547449255,11.203635215759277,2020-02-06T08:40:53.676920-08:00,65.0,6.059999942779541,1581007253.736685,0.47830658581521773,POINT (-122.13949591068346 37.428125547449255),ios,11.694959339312105,-0.09688744454486053,-1.5370327287694754
187,distance,0,-122.14015110186773,-1.0,1581007260.083236,-1.0,37.42855365878452,11.138007164001465,2020-02-06T08:41:00.083236-08:00,65.0,6.059999942779541,1581007260.183248,0.48008611804909174,POINT (-122.14015110186773 37.42855365878452),ios,11.074267749061171,-9.943604871857417,21.44167144071993
188,distance,0,-122.14015411661943,-1.0,1581007260.5862908,-1.0,37.42860370243707,10.0,2020-02-06T08:41:00.586291-08:00,65.0,5.900430679321289,1581007260.661618,0.4802258555094401,POINT (-122.14015411661943 37.42860370243707),ios,6.072089019658478,0.8427320940417236,1.3671285068110386
189,distance,0,-122.14016415929022,-1.0,1581007261.2564569,-1.0,37.42863941908035,10.0,2020-02-06T08:41:01.256457-08:00,65.0,5.809089660644531,1581007261.316355,0.4804120127360026,POINT (-122.14016415929022 37.42863941908035),ios,6.636859429361732,1.758935158298633,-2.322006213740351
190,distance,0,-122.1403329294717,-1.0,1581007267.662761,-1.0,37.42899753341239,10.37432861328125,2020-02-06T08:41:07.662761-08:00,120.14800467495698,5.816763877868652,1581007267.728018,0.48219154165850747,POINT (-122.1403329294717 37.42899753341239),ios,17.905132982572756,-13.116542817814318,12.963743078513291
191,distance,0,-122.14010234297191,-1.0,1581007268.808306,-1.0,37.4290198153771,10.543256759643555,2020-02-06T08:41:08.808306-08:00,122.15638669842012,5.8244476318359375,1581007268.874833,0.4825097486045625,POINT (-122.14010234297191 37.4290198153771),ios,2.8795428642854795,1.7340083222293776,-0.6747602218893987
192,distance,0,-122.1403048065131,-1.0,1581007275.214264,-1.0,37.42897894580275,12.040287971496582,2020-02-06T08:41:15.214264-08:00,165.0,5.834151744842529,1581007275.271846,0.4842891813649072,POINT (-122.1403048065131 37.42897894580275),ios,13.987527239312017,-2.5884772769172444,1.7789097177857556
193,distance,0,-122.14036062790494,-1.0,1581007276.353349,-1.0,37.428842686204334,12.074220657348633,2020-02-06T08:41:16.353349-08:00,165.0,5.843508720397949,1581007276.412702,0.4846055938800176,POINT (-122.14036062790494 37.428842686204334),ios,11.03903145952783,-0.562147804264868,-0.4018729624862811
194,distance,0,-122.14064662428657,0.05260969101000143,1581007278.9973521,-1.0,37.42897429016416,12.495001792907715,2020-02-06T08:41:18.997352-08:00,200.0,6.503767490386963,1581007279.120782,0.485340039200253,POINT (-122.14064662428657 37.42897429016416),ios,9.552710892685338,-1.624701184122676,-4.261791780785014
195,distance,0,-122.14073962045842,0.059691260496926024,1581007279.9973235,-1.0,37.428930399779,10.0,2020-02-06T08:41:19.997324-08:00,200.0,10.862574577331543,1581007280.1116061,0.48561780903074475,POINT (-122.14073962045842 37.428930399779),ios,7.928056191636396,-5.886371034066794,4.567681070602831
196,distance,0,-122.14082906965365,-1.0,1581007280.9972956,-1.0,37.428936534596076,4.0,2020-02-06T08:41:20.997296-08:00,100.0,11.61916732788086,1581007281.09488,0.4858955790599187,POINT (-122.14082906965365 37.428936534596076),ios,2.0418493577351096,-1.3188173788075492,7.563386509939718
197,distance,0,-122.14082965638687,-1.0,1581007281.9972677,-1.0,37.42895489096402,4.0,2020-02-06T08:41:21.997268-08:00,100.0,11.703243255615234,1581007282.082386,0.48617334908909265,POINT (-122.14082965638687 37.42895489096402),ios,0.7230687673037297,6.2443581506639765,-3.1318976624720296
198,distance,0,-122.14082663890173,3.4700000286102295,1581007283.9972115,2.109375,37.428942108561685,4.0,2020-02-06T08:41:23.997211-08:00,50.0,11.732112884521484,1581007284.107584,0.48672888901498584,POINT (-122.14082663890173 37.428942108561685),ios,13.21143371867623,-0.019260952468706405,-4.054138715622611
199,distance,0,-122.14079981681158,2.059999942779541,1581007285.9971528,11.953125,37.42870544552564,4.0,2020-02-06T08:41:25.997153-08:00,50.0,11.68227767944336,1581007286.151218,0.48728442827860513,POINT (-122.14079981681158 37.42870544552564),ios,13.17291294341237,-8.127300604543882,8.781726960280736
200,distance,0,-122.14089914236416,1.1200000047683716,1581007286.9971251,7.3828125,37.42879383269458,4.0,2020-02-06T08:41:26.997125-08:00,30.0,11.42733383178711,1581007287.1013,0.4875621983740065,POINT (-122.14089914236416 37.42879383269458),ios,5.0458371120060885,0.6541834834206379,-4.377479583645798
201,distance,0,-122.14093920786132,1.1200000047683716,1581007287.9970965,8.4375,37.42882618684082,4.0,2020-02-06T08:41:27.997097-08:00,50.0,11.499813079833984,1581007288.097556,0.48783996820449826,POINT (-122.14093920786132 37.42882618684082),ios,5.700001879087136,-3.723170859529674,5.412522469871233
202,distance,0,-122.1409959533458,1.1200000047683716,1581007288.997068,9.140625,37.42885062008857,4.0,2020-02-06T08:41:28.997068-08:00,50.0,11.546199798583984,1581007289.1010199,0.4881177380349901,POINT (-122.1409959533458 37.42885062008857),ios,1.9769375403301916,1.6891967568315638,-4.53748348375324
203,distance,0,-122.14098338049104,1.0800000429153442,1581007289.9970393,9.84375,37.4288359098485,4.0,2020-02-06T08:41:29.997039-08:00,50.0,11.574214935302734,1581007290.099039,0.4883955078654819,POINT (-122.14098338049104 37.4288359098485),ios,3.666085968854885,-2.8481569084778893,2.5355980691752222
204,distance,0,-122.14097759697785,-1.0,1581007290.9970112,-1.0,37.42880326233565,4.0,2020-02-06T08:41:30.997011-08:00,50.0,11.58291244506836,1581007291.09171,0.48867327782842845,POINT (-122.14097759697785 37.42880326233565),ios,0.818009188692731,-0.31263017427794826,0.20632624177473005
205,distance,0,-122.14097726170172,-1.0,1581007292.9969544,-1.0,37.42878855209558,4.0,2020-02-06T08:41:32.996954-08:00,50.0,11.60280990600586,1581007293.097344,0.4892288176218669,POINT (-122.14097726170172 37.42878855209558),ios,0.19276657990521523,0.10001060157327574,-0.01086551308246874
206,distance,0,-122.14096997790602,0.003087709901630966,1581007298.9967842,-1.0,37.428797196742735,10.0,2020-02-06T08:41:38.996784-08:00,200.0,11.611709594726562,1581007299.102175,0.490895437002182,POINT (-122.14096997790602 37.428797196742735),ios,0.7928131644536068,0.0348193727241592,0.03194254491533151
207,distance,0,-122.14093635801424,-1.0,1581007302.9966698,-1.0,37.42878716908156,4.0,2020-02-06T08:41:42.996670-08:00,100.0,11.55764389038086,1581007303.112766,0.4920065163241492,POINT (-122.14093635801424 37.42878716908156),ios,0.932086670589266,0.16258589685132285,-0.35580422261893896
208,distance,0,-122.14093846533859,4.821519016873442e-05,1581007304.9966128,-1.0,37.42877048837739,10.0,2020-02-06T08:41:44.996613-08:00,200.0,11.563347816467285,1581007305.0987492,0.4925620560513602,POINT (-122.14093846533859 37.42877048837739),ios,1.257249199815768,-0.5490022739359655,0.2958986028943109
209,distance,0,-122.14093988657702,2.9175061782945145e-05,1581007305.9965854,-1.0,37.4287592384448,10.0,2020-02-06T08:41:45.996585-08:00,200.0,11.564019203186035,1581007306.085637,0.49283982621298894,POINT (-122.14093988657702 37.4287592384448),ios,0.7082619784991412,-0.2531117840299675,0.10902586532025448
210,distance,0,-122.14094148786286,1.2700069414051446e-08,1581007307.9965277,-1.0,37.42874656333137,10.0,2020-02-06T08:41:47.996528-08:00,200.0,11.564339637756348,1581007308.1041288,0.4933953657415178,POINT (-122.14094148786286 37.42874656333137),ios,0.20205301430476666,-0.03506634388709711,0.02273191497603675
211,distance,0,-122.14094262990096,1.8137463661213757e-06,1581007312.996387,-1.0,37.42873752343237,10.0,2020-02-06T08:41:52.996387-08:00,200.0,11.564505577087402,1581007313.109956,0.4947842155562507,POINT (-122.14094262990096 37.42873752343237),ios,0.02672622754533257,0.07859003336367401,0.03205551045205713
212,distance,0,-122.14094561906967,2.6122029866457812e-05,1581007354.9951906,-1.0,37.42872771187829,10.0,2020-02-06T08:42:34.995191-08:00,200.0,11.188186645507812,1581007355.107743,0.506450549893909,POINT (-122.14094561906967 37.42872771187829),ios,3.327413604927377,1.4248831216364752,-0.9886055115912217
213,distance,0,-122.14090184520619,7.006154947053268e-05,1581007358.9950767,-1.0,37.428613177551725,10.0,2020-02-06T08:42:38.995077-08:00,200.0,11.590636253356934,1581007359.094781,0.507561629348331,POINT (-122.14090184520619 37.428613177551725),ios,9.026783705978058,-2.5294262592099988,0.7073435139595603
214,distance,0,-122.14086844600527,0.00014494886000286433,1581007359.9950485,-1.0,37.428536455074564,10.0,2020-02-06T08:42:39.995049-08:00,200.0,11.621566772460938,1581007360.09869,0.5078393993112776,POINT (-122.14086844600527 37.428536455074564),ios,6.49742860810939,-1.8221026452230316,0.510064367555056
215,distance,0,-122.14084440546031,0.00010518559763658227,1581007360.99502,-1.0,37.42848123069458,10.0,2020-02-06T08:42:40.995020-08:00,200.0,11.63588809967041,1581007361.095776,0.5081171691417694,POINT (-122.14084440546031 37.42848123069458),ios,4.675378093661196,-1.312052870726587,0.36758375903331386
216,distance,0,-122.14082710652825,7.56181858058873e-05,1581007361.9949908,-1.0,37.42844149271031,10.0,2020-02-06T08:42:41.994991-08:00,200.0,11.64260196685791,1581007362.099636,0.5083949388398065,POINT (-122.14082710652825 37.42844149271031),ios,3.363363386703909,-0.9444798036265718,0.2644981327293005
217,distance,0,-122.14081466204567,5.6862111073861994e-05,1581007362.994963,-1.0,37.4284129060524,10.0,2020-02-06T08:42:42.994963-08:00,200.0,11.645862579345703,1581007363.102789,0.5086727088689804,POINT (-122.14081466204567 37.4284129060524),ios,2.4189099293166714,-0.679989049065742,0.19078059270352452
218,distance,0,-122.14080571205614,3.9059505882273795e-05,1581007363.9949346,-1.0,37.4283923467172,10.0,2020-02-06T08:42:43.994935-08:00,200.0,11.64744758605957,1581007364.096134,0.5089504787656995,POINT (-122.14080571205614 37.4283923467172),ios,1.7389401727716525,-0.48921386915311954,0.010860798771721468
219,distance,0,-122.14079927796281,2.8032031658525033e-05,1581007364.994906,-1.0,37.428377566735506,10.0,2020-02-06T08:42:44.994906-08:00,200.0,11.648266792297363,1581007365.123481,0.5092282485961914,POINT (-122.14079927796281 37.428377566735506),ios,1.2497403001396001,-0.4783533811113434,0.26498733401585006
220,distance,0,-122.14079465391545,2.0124617701081995e-05,1581007365.9948769,-1.0,37.42836694467391,10.0,2020-02-06T08:42:45.994877-08:00,200.0,11.64873218536377,1581007366.117816,0.5095060182942285,POINT (-122.14079465391545 37.42836694467391),ios,0.7714008329249356,-0.21337375479973936,2.874273899059622
221,distance,0,-122.14078894553236,1.0363183203733207e-05,1581007367.994821,-1.0,37.42835383174671,10.0,2020-02-06T08:42:47.994821-08:00,200.0,11.649221420288086,1581007368.089974,0.5100615583525764,POINT (-122.14078894553236 37.42835383174671),ios,0.34466522743603706,5.535013687729547,-1.7888183268221491
222,distance,0,-122.14078511973922,3.820933651368903e-06,1581007370.9947357,-1.0,37.428345043382876,10.0,2020-02-06T08:42:50.994736-08:00,200.0,11.649574279785156,1581007371.08847,0.5108948679765065,POINT (-122.14078511973922 37.428345043382876),ios,16.94923385588933,0.1687113897966032,0.010461698255524267
223,distance,0,-122.14784858918333,-1.0,1581007419.0972528,-1.0,37.43306729568948,10.0,2020-02-06T08:43:39.097253-08:00,165.0,11.540539741516113,1581007419.176978,0.5242566782898374,POINT (-122.14784858918333 37.43306729568948),ios,25.064676373267552,0.6719454093208299,-1.6002505067845887
224,distance,0,-122.15030807962,24.1507978135361,1581007427.993114,290.3823064868659,37.43352205639657,10.0,2020-02-06T08:43:47.993114-08:00,200.0,12.128737449645996,1581007428.23825,0.5267277508311802,POINT (-122.15030807962 37.43352205639657),ios,31.042209434182237,-13.563660902386477,69.44648583581045
225,distance,0,-122.150619002083,23.710714932259208,1581007428.9930856,289.1383095702349,37.4333917648355,10.0,2020-02-06T08:43:48.993086-08:00,200.0,16.13055992126465,1581007429.196147,0.5270055207278993,POINT (-122.150619002083 37.4333917648355),ios,17.47893335741817,55.88085461085925,-62.56995058011282
226,distance,0,-122.15080188468363,8.290736050286979,1581007429.9930568,341.56848941359607,37.43333160652871,10.0,2020-02-06T08:43:49.993057-08:00,200.0,17.406015396118164,1581007430.1807241,0.5272832904921637,POINT (-122.15080188468363 37.43333160652871),ios,73.35817588116883,-6.687290910769444,-13.000645701190328
227,distance,0,-122.15118784468821,9.699999809265137,1581007430.9930284,3.1640625,37.43391580417513,3.0,2020-02-06T08:43:50.993028-08:00,100.0,15.31441879272461,1581007431.211313,0.527561060388883,POINT (-122.15118784468821 37.43391580417513),ios,66.67107470095263,-19.68756776009819,-6.8062801395436
228,distance,0,-122.15147810999504,9.699999809265137,1581007431.9930003,301.9921875,37.43446930315106,3.0,2020-02-06T08:43:51.993000-08:00,100.0,15.199947357177734,1581007432.1945739,0.5278388303518295,POINT (-122.15147810999504 37.43446930315106),ios,46.98406081892234,-26.49365641589229,25.041984935650355
229,distance,0,-122.15171791624478,11.460000038146973,1581007432.9929712,307.96875,37.43484648879378,3.0,2020-02-06T08:43:52.992971-08:00,100.0,15.251399993896484,1581007433.188308,0.5281166000498666,POINT (-122.15171791624478 37.43484648879378),ios,20.49117502578003,-1.452399878126814,-3.266573793163691
230,distance,0,-122.15186292316965,14.899999618530273,1581007433.992943,308.3203125,37.43499036416172,3.0,2020-02-06T08:43:53.992943-08:00,100.0,15.122982025146484,1581007434.192775,0.5283943700128132,POINT (-122.15186292316965 37.43499036416172),ios,19.038816008588814,-4.718881771488394,4.437123213719005
231,distance,0,-122.15200415823809,14.859999656677246,1581007434.9929147,308.671875,37.43511973883717,4.0,2020-02-06T08:43:54.992915-08:00,100.0,14.953731536865234,1581007435.242209,0.5286721399095323,POINT (-122.15200415823809 37.43511973883717),ios,14.320068120321762,-0.2818844469902065,0.1903861480381394
232,distance,0,-122.15213248517564,14.789999961853027,1581007435.992886,308.671875,37.43519848681748,4.0,2020-02-06T08:43:55.992886-08:00,100.0,14.816768646240234,1581007436.185083,0.5289499097400241,POINT (-122.15213248517564 37.43519848681748),ios,14.038191738110275,-0.09150374594345456,-0.00602727457663374
233,distance,0,-122.15225913573256,14.710000038146973,1581007436.992858,308.671875,37.435274804045854,4.0,2020-02-06T08:43:56.992858-08:00,100.0,14.73531723022461,1581007437.179894,0.5292276797029707,POINT (-122.15225913573256 37.435274804045854),ios,13.946690566477605,-0.09753085095240793,0.3521169946207201
234,distance,0,-122.15238436136595,14.619999885559082,1581007437.9928293,308.671875,37.43535124700278,4.0,2020-02-06T08:43:57.992829-08:00,100.0,14.81051254272461,1581007438.1903028,0.5295054495334626,POINT (-122.15238436136595 37.43535124700278),ios,13.849162505905225,0.254576069520288,-0.4541019973820398
235,distance,0,-122.15253691200367,14.75,1581007438.9928002,306.9140625,37.435380206478236,4.0,2020-02-06T08:43:58.992800-08:00,100.0,15.10525131225586,1581007439.184098,0.5297832192314995,POINT (-122.15253691200367 37.435380206478236),ios,14.103731170554411,-0.19951271936668794,-0.009031658960480662
236,distance,0,-122.152664652208,14.649999618530273,1581007439.992772,306.9140625,37.43545635606855,4.0,2020-02-06T08:43:59.992772-08:00,100.0,15.513729095458984,1581007440.201694,0.5300609891944461,POINT (-122.152664652208 37.43545635606855),ios,13.904224064157333,-0.20854412423596363,-0.011523257688145152
237,distance,0,-122.1527907160317,14.539999961853027,1581007440.992744,306.9140625,37.4355312902829,4.0,2020-02-06T08:44:00.992744-08:00,100.0,15.535518646240234,1581007441.194497,0.5303387591573927,POINT (-122.1527907160317 37.4355312902829),ios,13.695685806975035,-0.22006705773577928,6.924926912163491
238,distance,0,-122.1529149358367,-1.0,1581007441.9927151,-1.0,37.43560505103081,4.0,2020-02-06T08:44:01.992715-08:00,100.0,15.553279876708984,1581007442.0938458,0.5306165289216571,POINT (-122.1529149358367 37.43560505103081),ios,13.475625097876357,6.704660079648304,-15.384943817592402
239,distance,0,-122.15303722780398,-1.0,1581007442.992687,-1.0,37.435677554493246,4.0,2020-02-06T08:44:02.992687-08:00,100.0,15.479427337646484,1581007443.0799608,0.5308942988846037,POINT (-122.15303722780398 37.435677554493246),ios,20.180096552692174,-8.679850907283644,1.8357346055039558
240,distance,0,-122.15324283588878,-1.0,1581007443.992659,-1.0,37.43575680538773,4.0,2020-02-06T08:44:03.992659-08:00,100.0,15.487972259521484,1581007444.0912728,0.5311720689137777,POINT (-122.15324283588878 37.43575680538773),ios,11.500487769621785,-6.844167509548329,10.160409853669305
241,distance,0,-122.15334258053652,-1.0,1581007444.99263,-1.0,37.4358233157894,4.0,2020-02-06T08:44:04.992630-08:00,100.0,15.54183578491211,1581007445.088951,0.5314498386118147,POINT (-122.15334258053652 37.4358233157894),ios,4.656519336829972,3.3159468076023675,-0.9186800071058807
242,distance,0,-122.15338804913385,0.38629470269220106,1581007445.9926012,-1.0,37.43584453173239,10.0,2020-02-06T08:44:05.992601-08:00,200.0,15.541837692260742,1581007446.0892239,0.5317276083760791,POINT (-122.15338804913385 37.43584453173239),ios,7.972370483849864,2.397293303172702,-0.8460722864584643
243,distance,0,-122.15346390539135,0.9592599099027178,1581007446.9925725,-1.0,37.43588341940714,10.0,2020-02-06T08:44:06.992573-08:00,200.0,15.739954948425293,1581007447.080569,0.5320053782065709,POINT (-122.15346390539135 37.43588341940714),ios,10.369595199911002,1.5512452230365201,-0.6929152305825224
244,distance,0,-122.15356161596743,1.6101028514141724,1581007447.9925451,-1.0,37.43593515620936,10.0,2020-02-06T08:44:07.992545-08:00,200.0,15.754781723022461,1581007448.0791612,0.5322831483681997,POINT (-122.15356161596743 37.43593515620936),ios,11.920797890694102,0.8583489908984399,-0.5190977687997402
245,distance,0,-122.15367347254963,2.2654088029131008,1581007448.9925158,-1.0,37.43599518878559,10.0,2020-02-06T08:44:08.992516-08:00,200.0,15.733254432678223,1581007449.18954,0.5325609180000094,POINT (-122.15367347254963 37.43599518878559),ios,12.779121710091887,0.3392664448926513,0.3927352347820686
246,distance,0,-122.15379316635423,2.88063130989512,1581007449.992488,-1.0,37.43605979808918,10.0,2020-02-06T08:44:09.992488-08:00,200.0,15.706940650939941,1581007450.1847281,0.5328386880291833,POINT (-122.15379316635423 37.43605979808918),ios,13.118378691155963,0.731990724335653,-1.217273573446095
247,distance,0,-122.1539159629065,3.432429692110663,1581007450.9924586,-1.0,37.43612620979765,10.0,2020-02-06T08:44:10.992459-08:00,200.0,15.644705772399902,1581007451.190435,0.5331164576609929,POINT (-122.1539159629065 37.43612620979765),ios,13.850347949508441,-0.48524715197224383,-0.05433735945131796
248,distance,0,-122.15405102898109,3.952417248328174,1581007451.9924307,-1.0,37.43618955230264,10.0,2020-02-06T08:44:11.992431-08:00,200.0,15.568462371826172,1581007452.185817,0.5333942276901669,POINT (-122.15405102898109 37.43618955230264),ios,13.365114333492766,-0.539582995684346,-2.256362810675513
249,distance,0,-122.15418028957592,4.383176308836377,1581007452.9924028,-1.0,37.436252096646584,10.0,2020-02-06T08:44:12.992403-08:00,200.0,15.582026481628418,1581007453.191201,0.5336719977193408,POINT (-122.15418028957592 37.436252096646584),ios,12.825546389461923,-2.7958828651784735,3.2180309338362143
250,distance,0,-122.15430362691563,4.735577908468089,1581007453.9923737,-1.0,37.436313024776,10.0,2020-02-06T08:44:13.992374-08:00,200.0,15.617172241210938,1581007454.192268,0.5339497674173779,POINT (-122.15430362691563 37.436313024776),ios,10.029744848314696,0.422054465577485,-0.24189998714673447
251,distance,0,-122.1543996712572,4.914512712627781,1581007454.9923449,-1.0,37.43636118715089,10.0,2020-02-06T08:44:14.992345-08:00,200.0,15.645661354064941,1581007455.1990662,0.5342275371816423,POINT (-122.1543996712572 37.43636118715089),ios,10.451787138191436,0.18016145691834817,-0.7059026466665483
252,distance,0,-122.15449963282813,-1.0,1581007455.9923172,-1.0,37.436411532295715,10.0,2020-02-06T08:44:15.992317-08:00,200.0,15.660818099975586,1581007456.084488,0.5345053072770437,POINT (-122.15449963282813 37.436411532295715),ios,10.63194361246451,-0.5257216669127039,-4.773374800967745
253,distance,0,-122.15460127254943,-1.0,1581007456.9922886,-1.0,37.436462801287895,10.0,2020-02-06T08:44:16.992289-08:00,200.0,15.66519546508789,1581007457.077568,0.5347830771075355,POINT (-122.15460127254943 37.436462801287895),ios,10.106236986569346,-5.2989599005319405,5.261756565235743
254,distance,0,-122.1546895152823,-1.0,1581007457.9922595,-1.0,37.43652068619449,10.0,2020-02-06T08:44:17.992260-08:00,200.0,15.664294242858887,1581007458.078329,0.5350608468055725,POINT (-122.1546895152823 37.43652068619449),ios,4.80743121723721,-0.03735638436010909,-0.010681033799498174
255,distance,0,-122.15535267494938,-1.0,1581007472.53822,-1.0,37.43686452278722,10.0,2020-02-06T08:44:32.538220-08:00,468.7880926040587,15.664294242858887,1581007472.713997,0.5391013913684422,POINT (-122.15535267494938 37.43686452278722),ios,4.264046728664269,-0.19272227931990873,0.28733835562033777
256,distance,0,-122.1553744260157,-1.0,1581007473.0761008,-1.0,37.436875799538406,10.0,2020-02-06T08:44:33.076101-08:00,469.06605898181635,15.664294242858887,1581007473.240629,0.5392508027288648,POINT (-122.1553744260157 37.436875799538406),ios,4.160385096091196,-0.03816846670635371,-0.0425382964705372
257,distance,0,-122.15547783342542,-1.0,1581007475.696971,-1.0,37.43692941067753,10.0,2020-02-06T08:44:35.696971-08:00,476.8857757130181,15.664294242858887,1581007475.8688111,0.5399788222048018,POINT (-122.15547783342542 37.43692941067753),ios,4.060350502427249,-0.14965581659977645,0.23233534713633341
258,distance,0,-122.15549653979177,-1.0,1581007476.182766,-1.0,37.43693910890797,10.0,2020-02-06T08:44:36.182766-08:00,477.0813089848186,15.664294242858887,1581007476.242456,0.5401137652662066,POINT (-122.15549653979177 37.43693910890797),ios,3.9876484518508386,-0.036788461745366,-0.36990323128861996
259,distance,0,-122.15556578059326,-1.0,1581007478.013698,-1.0,37.43697500647791,10.0,2020-02-06T08:44:38.013698-08:00,481.2616763121938,15.664294242858887,1581007478.168499,0.5406223575274149,POINT (-122.15556578059326 37.43697500647791),ios,3.920291274847199,-0.7140561767311464,6.846048671272343
260,distance,0,-122.15557862381993,-1.0,1581007478.359146,-1.0,37.43698166498634,10.0,2020-02-06T08:44:38.359146-08:00,481.41279333084276,15.664294242858887,1581007478.581256,0.5407183153099484,POINT (-122.15557862381993 37.43698166498634),ios,3.673621984482878,1.6508977618693688,-0.22220355600783465
261,distance,0,-122.15585933299995,-1.0,1581007486.416431,-1.0,37.43712719727745,10.0,2020-02-06T08:44:46.416431-08:00,554.0398425289791,15.664294242858887,1581007486.4788342,0.5429564499855042,POINT (-122.15585933299995 37.43712719727745),ios,16.9753754803769,-0.13945957956918273,-1.6607569429276003
262,distance,0,-122.15643404481797,-1.0,1581007489.9913492,-1.0,37.437426551974134,10.0,2020-02-06T08:44:49.991349-08:00,400.0,15.677765846252441,1581007490.0827699,0.5439494828383128,POINT (-122.15643404481797 37.437426551974134),ios,16.47681888143302,-6.076529917054891,3.162669084516425
263,distance,0,-122.15658741311991,-1.0,1581007490.991321,-1.0,37.43751096938542,10.0,2020-02-06T08:44:50.991321-08:00,400.0,15.69462776184082,1581007491.092454,0.5442272528012594,POINT (-122.15658741311991 37.43751096938542),ios,10.400459917778313,-2.9139498091486438,141.72273017220564
264,distance,0,-122.15668192766225,-1.0,1581007491.991293,-1.0,37.43756679160976,10.0,2020-02-06T08:44:51.991293-08:00,400.0,15.715350151062012,1581007492.074518,0.544505022764206,POINT (-122.15668192766225 37.43756679160976),ios,7.486592087922892,138.80479322188643,314.26745967021975
265,distance,0,-122.15676044693951,-1.0,1581007492.9912639,-1.0,37.43759220614639,10.0,2020-02-06T08:44:52.991264-08:00,400.0,15.735466003417969,1581007493.074111,0.5447827924622429,POINT (-122.15676044693951 37.43759220614639),ios,146.28734788553749,453.0631117735607,-21938.455134090902
266,distance,0,-122.16270020094669,-1.0,1581007497.601279,-1.0,37.44140548922402,10.0,2020-02-06T08:44:57.601279-08:00,165.0,15.935084342956543,1581007497.7120209,0.546063352227211,POINT (-122.16270020094669 37.44140548922402),ios,2234.915158827895,-100683.54750920921,4681233.043319411
267,distance,0,-122.16312246181941,-1.0,1581007497.622776,-1.0,37.44167803729928,10.0,2020-02-06T08:44:57.622776-08:00,165.0,15.963115692138672,1581007497.75839,0.5460693236192068,POINT (-122.16312246181941 37.44167803729928),ios,70.51981190791763,-51.028418820278745,40.48886154841775
268,distance,0,-122.16292058129065,-1.0,1581007498.9910924,-1.0,37.44253089189291,4.0,2020-02-06T08:44:58.991092-08:00,100.0,20.53670883178711,1581007499.093231,0.5464494115114212,POINT (-122.16292058129065 37.44253089189291),ios,0.6967889591469977,4.373154938485168,4.3829716560576255
269,distance,0,-122.16292644862287,-1.0,1581007499.991064,-1.0,37.44253508284449,4.0,2020-02-06T08:44:59.991064-08:00,50.0,20.47530746459961,1581007500.1009169,0.5467271814081404,POINT (-122.16292644862287 37.44253508284449),ios,5.069819823307158,8.756002241699731,-14.82442880979011
270,distance,0,-122.16297288436644,-1.0,1581007500.991036,-1.0,37.44256190493464,4.0,2020-02-06T08:45:00.991036-08:00,50.0,20.40865707397461,1581007501.082433,0.547004951371087,POINT (-122.16297288436644 37.44256190493464),ios,13.825575728960546,-6.068009506618546,5.925714282144071
271,distance,0,-122.16309945110433,-1.0,1581007501.9910078,-1.0,37.442635120858846,4.0,2020-02-06T08:45:01.991008-08:00,50.0,20.33419418334961,1581007502.088701,0.5472827213340336,POINT (-122.16309945110433 37.442635120858846),ios,7.757736936034136,-0.1424619349192336,0.04203521051335124
272,distance,0,-122.16317254129999,-1.0,1581007502.9909794,-1.0,37.4426738452515,4.0,2020-02-06T08:45:02.990979-08:00,50.0,20.30233383178711,1581007503.082923,0.5475604912307528,POINT (-122.16317254129999 37.4426738452515),ios,7.615279043017982,-0.10042791702092672,-5.658233332245443
273,distance,0,-122.16324429039113,-1.0,1581007503.99095,-1.0,37.44271185718238,4.0,2020-02-06T08:45:03.990950-08:00,50.0,20.30923080444336,1581007504.1221151,0.5478382608625624,POINT (-122.16324429039113 37.44271185718238),ios,7.514854071094453,-5.758495318828359,5.591021249859426
274,distance,0,-122.16331578802519,-1.0,1581007504.9909225,-1.0,37.44274852800876,4.0,2020-02-06T08:45:04.990922-08:00,50.0,20.344356536865234,1581007505.100644,0.5481160309579637,POINT (-122.16331578802519 37.44274852800876),ios,1.7565180124096083,-0.1676286973566195,0.3104463772693492
275,distance,0,-122.16332945052736,-1.0,1581007506.9908657,-1.0,37.44271885607153,4.0,2020-02-06T08:45:06.990866-08:00,50.0,20.47481918334961,1581007507.080266,0.5486715707514022,POINT (-122.16332945052736 37.44271885607153),ios,1.4212701295557792,0.45324644133024994,-1.1878983961876195
276,distance,0,-122.16335979301684,-1.0,1581007508.9908094,-1.0,37.442727405612764,4.0,2020-02-06T08:45:08.990809-08:00,50.0,20.616268157958984,1581007509.077672,0.5492271106772952,POINT (-122.16335979301684 37.442727405612764),ios,2.3277375094963633,-1.922483511821723,1.9106167465483388
277,distance,0,-122.16338133450799,-1.0,1581007509.9907799,-1.0,37.4427153356722,4.0,2020-02-06T08:45:09.990780-08:00,50.0,20.63747787475586,1581007510.0883079,0.5495048802428776,POINT (-122.16338133450799 37.4427153356722),ios,0.4053108337922574,-0.011923250563094226,0.036105194112195774
278,distance,0,-122.16339164424889,-1.0,1581007512.9906945,-1.0,37.442708085325954,4.0,2020-02-06T08:45:12.990695-08:00,50.0,20.72115707397461,1581007513.087934,0.5503381898668077,POINT (-122.16339164424889 37.442708085325954),ios,0.3695420997983305,0.09638925005612302,-0.05592714452049325
279,distance,0,-122.16341243136876,-1.0,1581007517.990553,-1.0,37.44271001316368,4.0,2020-02-06T08:45:17.990553-08:00,50.0,20.736690521240234,1581007518.0866451,0.551727039416631,POINT (-122.16341243136876 37.44271001316368),ios,0.8514746993720504,-0.18323855210856732,0.09283181849929105
280,distance,0,-122.16343170974605,-1.0,1581007519.9904954,-1.0,37.442710516077874,4.0,2020-02-06T08:45:19.990495-08:00,50.0,20.828853607177734,1581007520.088478,0.5522825790113873,POINT (-122.16343170974605 37.442710516077874),ios,0.4850081238364463,0.002419750877921609,0.058291350382350914
281,distance,0,-122.16345886711233,-1.0,1581007524.9903538,-1.0,37.44271378502011,4.0,2020-02-06T08:45:24.990354-08:00,50.0,20.91061019897461,1581007525.0907059,0.5536714285612107,POINT (-122.16345886711233 37.44271378502011),ios,0.4971065355393961,0.29386824753156254,-0.10248451654958754
282,distance,0,-122.16347864840381,-1.0,1581007528.99024,-1.0,37.442705235478876,4.0,2020-02-06T08:45:28.990240-08:00,50.0,20.91732406616211,1581007529.092078,0.55478250808186,POINT (-122.16347864840381 37.442705235478876),ios,1.6725461053045871,-0.11605816354727455,0.028954467127941422
283,distance,0,-122.16357353154771,-1.0,1581007542.9898415,-1.0,37.44250859603047,4.0,2020-02-06T08:45:42.989841-08:00,50.0,20.93239974975586,1581007543.089371,0.5586712862385644,POINT (-122.16357353154771 37.44250859603047),ios,0.047778080589073374,0.2892928339548777,3.4074171940818863
284,distance,0,-122.16358057234638,-1.0,1581007563.9892433,-1.0,37.44250151332229,4.0,2020-02-06T08:46:03.989243-08:00,50.0,20.572566986083984,1581007564.137965,0.5645044534073935,POINT (-122.16358057234638 37.44250151332229),ios,6.122754540920388,71.84301561923584,-143.76401508474635
285,distance,0,-122.16356540110164,-1.0,1581007564.989215,-1.0,37.44255524132162,4.0,2020-02-06T08:46:04.989215-08:00,50.0,20.549800872802734,1581007565.091929,0.5647822233041128,POINT (-122.16356540110164 37.44255524132162),ios,77.96373184370165,-71.91692062005842,67.12100545057658
286,distance,0,-122.16415649291329,0.0,1581007565.9891863,8.4375,37.44307613469422,4.0,2020-02-06T08:46:05.989186-08:00,30.0,20.68203353881836,1581007566.104288,0.5650599931346045,POINT (-122.16415649291329 37.44307613469422),ios,6.04886878324655,-4.797835516851535,5.940154247910364
287,distance,0,-122.16415272105687,-1.0,1581007566.9891577,-1.0,37.443130449426775,4.0,2020-02-06T08:46:06.989158-08:00,30.0,21.58694076538086,1581007567.105933,0.5653377629650964,POINT (-122.16415272105687 37.443130449426775),ios,1.2511705335702175,1.1421487818825766,-0.06815965105085464
288,distance,0,-122.1641385556405,-1.0,1581007567.9891295,-1.0,37.4431307847029,4.0,2020-02-06T08:46:07.989130-08:00,10.0,21.63582992553711,1581007568.124176,0.5656155329280429,POINT (-122.1641385556405 37.4431307847029),ios,2.3932871829330096,1.0739910483939263,-2.5891589863075275
289,distance,0,-122.16413981292598,0.4300000071525574,1581007568.9891014,5.625,37.44315228428454,4.0,2020-02-06T08:46:08.989101-08:00,10.0,21.53756332397461,1581007569.1058378,0.5658933028909895,POINT (-122.16413981292598 37.44315228428454),ios,3.4672480163154082,-1.5150950960880247,0.6632073030605279
290,distance,0,-122.16415137995236,0.4300000071525574,1581007569.9890718,4.5703125,37.44318208195031,4.0,2020-02-06T08:46:09.989072-08:00,10.0,21.724056243896484,1581007570.1105862,0.5661710724565718,POINT (-122.16415137995236 37.44318208195031),ios,1.9521977123530652,-0.8519074000244097,-0.025097607428453635
291,distance,0,-122.16415741492264,0.3400000035762787,1581007570.9890442,357.5390625,37.4431989714852,4.0,2020-02-06T08:46:10.989044-08:00,10.0,21.70461654663086,1581007571.088561,0.5664488425519731,POINT (-122.16415741492264 37.4431989714852),ios,1.100313873152669,-0.8770043133394987,0.8652799747883442
292,distance,0,-122.16416135441713,-1.0,1581007571.9890156,-1.0,37.443208359216754,4.0,2020-02-06T08:46:11.989016-08:00,10.0,21.689388275146484,1581007572.093758,0.5667266123824649,POINT (-122.16416135441713 37.443208359216754),ios,0.22333465110784056,-0.011749094409808243,0.02338701083020967
293,distance,0,-122.16414392005854,0.0,1581007590.997685,155.390625,37.44317277803779,4.0,2020-02-06T08:46:30.997685-08:00,30.0,21.608699798583984,1581007591.107431,0.5720067983203464,POINT (-122.16414392005854 37.44317277803779),ios,0.0,0.4328068621633088,-0.047093417299054315
294,distance,0,-122.16414392005854,0.0,1581007595.9981885,155.390625,37.44317277803779,4.0,2020-02-06T08:46:35.998188-08:00,10.0,21.560115814208984,1581007596.105564,0.5733958270814684,POINT (-122.16414392005854 37.44317277803779),ios,2.1642522464008245,0.1973160622468509,0.10144623802223364
295,distance,0,-122.16503902349822,-1.0,1581007647.9983315,-1.0,37.443893412162964,16.0,2020-02-06T08:47:27.998332-08:00,30.0,-8.58584976196289,1581007648.112324,0.5878403112623427,POINT (-122.16503902349822 37.443893412162964),ios,12.424715709526188,5.472534951403755,-10.981373592012622
296,distance,0,-122.16515167627685,-1.0,1581007648.998306,-1.0,37.443960383569305,24.0,2020-02-06T08:47:28.998306-08:00,50.0,-7.813724517822266,1581007649.101038,0.5881180819537905,POINT (-122.16515167627685 37.443960383569305),ios,17.897111052251173,-5.508558497115608,11.63328767399396
297,distance,0,-122.1653196496164,-1.0,1581007649.998281,-1.0,37.4440504890284,24.0,2020-02-06T08:47:29.998281-08:00,50.0,-5.947635650634766,1581007650.118277,0.588395852777693,POINT (-122.1653196496164 37.4440504890284),ios,12.388690456117992,6.124437949727015,-10.182389626399612
298,distance,0,-122.16543288912825,-1.0,1581007650.9982557,-1.0,37.444116286968296,24.0,2020-02-06T08:47:30.998256-08:00,50.0,-4.198947906494141,1581007651.099798,0.5886736235353682,POINT (-122.16543288912825 37.444116286968296),ios,18.512973626786867,-4.05769434356074,2.6661825792985447
299,distance,0,-122.16558527212791,-1.0,1581007651.9982293,-1.0,37.44423065803707,24.0,2020-02-06T08:47:31.998229-08:00,50.0,-3.2662696838378906,1581007652.097928,0.5889513939619064,POINT (-122.16558527212791 37.44423065803707),ios,14.455386667925026,-1.3915823233504978,1.2814167238945686
300,distance,0,-122.1656909679269,-1.0,1581007652.9982038,-1.0,37.44432994168014,24.0,2020-02-06T08:47:32.998204-08:00,50.0,-3.6785011291503906,1581007653.0930219,0.5892291646533542,POINT (-122.1656909679269 37.44432994168014),ios,13.063839844936114,-0.11019828940626586,21.16678997374176
301,distance,0,-122.16580580000036,-1.0,1581007653.998178,-1.0,37.444404037704174,24.0,2020-02-06T08:47:33.998178-08:00,50.0,-1.9359779357910156,1581007654.128964,0.5895069352785747,POINT (-122.16580580000036 37.444404037704174),ios,12.953644393048362,21.056046656288608,10.796638733616755
302,distance,0,-122.16591971006446,-1.0,1581007654.9981518,-1.0,37.44447746317596,32.0,2020-02-06T08:47:34.998152-08:00,100.0,2.1723594665527344,1581007655.100208,0.5897847057713402,POINT (-122.16591971006446 37.44447746317596),ios,34.00913883253719,31.85240223678611,-30.750277127403926
303,distance,0,-122.16839878790346,27.99958453131592,1581007661.9979634,293.0806568151364,37.44531979127698,15.527107238769531,2020-02-06T08:47:41.997963-08:00,200.0,19.387075424194336,1581007662.199037,0.591729097896152,POINT (-122.16839878790346 37.44531979127698),ios,256.96995506849896,-183.39374581951142,184.80722859262792
304,distance,0,-122.17044954199545,-1.0,1581007662.9979362,-1.0,37.44695976380021,4.0,2020-02-06T08:47:42.997936-08:00,50.0,21.35988998413086,1581007663.099461,0.5920068681240082,POINT (-122.17044954199545 37.44695976380021),ios,73.58119383928512,1.4084597647557413,-27.185642664729947
305,distance,0,-122.170913480336,-1.0,1581007663.9979088,-1.0,37.447509490919714,4.0,2020-02-06T08:47:43.997909-08:00,50.0,19.50454330444336,1581007664.1103802,0.5922846382856369,POINT (-122.170913480336 37.447509490919714),ios,74.98961498669864,-25.776437520310157,17.217291199655726
306,distance,0,-122.17163457546584,-1.0,1581007664.9978814,-1.0,37.447865931352084,4.0,2020-02-06T08:47:44.997881-08:00,50.0,22.41793441772461,1581007665.0934858,0.5925624084472656,POINT (-122.17163457546584 37.447865931352084),ios,49.21388420827339,-8.55961838669637,-0.022320668866039988
307,distance,0,-122.17206574056499,33.650001525878906,1581007665.9978542,311.8359375,37.448146473651235,4.0,2020-02-06T08:47:45.997854-08:00,30.0,22.09127426147461,1581007666.10421,0.5928401786751217,POINT (-122.17206574056499 37.448146473651235),ios,40.65449846959111,-8.581938448892924,8.812382458209722
308,distance,0,-122.17233949352257,33.650001525878906,1581007666.9978273,301.2890625,37.44844046890498,6.0,2020-02-06T08:47:46.997827-08:00,30.0,21.623043060302734,1581007667.234661,0.5931179489692052,POINT (-122.17233949352257 37.44844046890498),ios,32.0727912292717,0.23020659228222656,-0.5480980374908241
309,distance,0,-122.17261492286079,-1.0,1581007667.9977987,-1.0,37.448628558812146,8.0,2020-02-06T08:47:47.997799-08:00,30.0,20.948055267333984,1581007668.115901,0.593395718799697,POINT (-122.17261492286079 37.448628558812146),ios,32.30299123529049,-0.3178757639979607,2.198803815978323
310,distance,0,-122.17289211239867,-1.0,1581007668.9977705,-1.0,37.4488181993714,4.0,2020-02-06T08:47:48.997771-08:00,30.0,22.037288665771484,1581007669.092308,0.5936734887626436,POINT (-122.17289211239867 37.4488181993714),ios,31.985124414216113,1.8808661921699419,-4.708878276066394
311,distance,0,-122.17316745791786,-1.0,1581007669.9977431,-1.0,37.44900515772164,4.0,2020-02-06T08:47:49.997743-08:00,30.0,21.975460052490234,1581007670.0875711,0.5939512589242724,POINT (-122.17316745791786 37.44900515772164),ios,33.86593903653988,-2.8278829752286616,3.922498692799391
312,distance,0,-122.17345118534021,-1.0,1581007670.9977152,-1.0,37.4492101371637,4.0,2020-02-06T08:47:50.997715-08:00,30.0,21.183834075927734,1581007671.08042,0.5942290289534463,POINT (-122.17345118534021 37.4492101371637),ios,31.038134945032592,1.0945062995726402,-2.33229354852718
313,distance,0,-122.17372426774554,-1.0,1581007671.9976869,-1.0,37.449385947582726,4.0,2020-02-06T08:47:51.997687-08:00,50.0,21.722347259521484,1581007672.083685,0.5945067988501654,POINT (-122.17372426774554 37.449385947582726),ios,32.13261019147946,-1.2377210775629874,0.7107889584398137
314,distance,0,-122.17400154110246,-1.0,1581007672.9976597,-1.0,37.44957315739006,4.0,2020-02-06T08:47:52.997660-08:00,50.0,21.89522933959961,1581007673.08055,0.5947845690780216,POINT (-122.17400154110246 37.44957315739006),ios,30.894922754826343,-0.5269514381666341,-3.2235361324350613
315,distance,0,-122.17427236039393,-1.0,1581007673.9976315,-1.0,37.44974913544715,4.0,2020-02-06T08:47:53.997632-08:00,50.0,21.660152435302734,1581007674.083459,0.5950623390409682,POINT (-122.17427236039393 37.44974913544715),ios,30.36798614159126,-3.7503968815949786,-13.166642437187223
316,distance,0,-122.17453831818158,-1.0,1581007674.9976032,-1.0,37.44992234747619,4.0,2020-02-06T08:47:54.997603-08:00,50.0,21.941646575927734,1581007675.086313,0.5953401089376873,POINT (-122.17453831818158 37.44992234747619),ios,26.617695665547455,-16.916665757292613,22.792752540016515
317,distance,0,-122.17480528179759,-1.0,1581007675.9975739,-1.0,37.45003361724079,4.0,2020-02-06T08:47:55.997574-08:00,100.0,21.557308197021484,1581007676.123548,0.595617878569497,POINT (-122.17480528179759 37.45003361724079),ios,9.70152599768664,5.875418374195953,-1.6855936433150236
318,distance,0,-122.17489134931904,0.8043447098048547,1581007676.9975457,-1.0,37.45008786768423,10.0,2020-02-06T08:47:56.997546-08:00,200.0,21.557310104370117,1581007677.137673,0.5958956485324436,POINT (-122.17489134931904 37.45008786768423),ios,15.576779076432345,4.1898721523482125,-6.534042761559018
319,distance,0,-122.17504283093294,1.9158454792286037,1581007677.9975185,-1.0,37.45015970560706,10.0,2020-02-06T08:47:57.997519-08:00,200.0,21.28046417236328,1581007678.130745,0.5961734187602997,POINT (-122.17504283093294 37.45015970560706),ios,19.766537349236927,-2.343993015771032,6.246475556107475
320,distance,0,-122.17523159397444,3.1492433214475195,1581007678.99749,-1.0,37.45025531834338,10.0,2020-02-06T08:47:58.997490-08:00,200.0,21.374963760375977,1581007679.11215,0.5964511885907915,POINT (-122.17523159397444 37.45025531834338),ios,17.422611395644005,3.9023038272372657,-20.90536925694143
321,distance,0,-122.17539372320537,4.042455280740331,1581007679.9974623,-1.0,37.45034466217923,10.0,2020-02-06T08:47:59.997462-08:00,200.0,21.250097274780273,1581007680.1704211,0.5967289586861928,POINT (-122.17539372320537 37.45034466217923),ios,21.32480729860016,-17.00248725920584,16.964011568119822
322,distance,0,-122.17558945452234,-1.0,1581007680.9974341,-1.0,37.45045705339335,10.0,2020-02-06T08:48:00.997434-08:00,200.0,21.42003059387207,1581007681.088464,0.5970067286491394,POINT (-122.17558945452234 37.45045705339335),ios,4.322798377039034,-0.03895294627901973,-0.0009684942965439889
323,distance,0,-122.1764182036702,-1.0,1581007701.4681711,-1.0,37.45090478129691,10.0,2020-02-06T08:48:21.468171-08:00,634.4958589359212,21.42003059387207,1581007701.546514,0.6026930444770389,POINT (-122.1764182036702 37.45090478129691),ios,3.5254028591480813,-0.05877873829062628,0.006335554673431522
324,distance,0,-122.17658707920994,-1.0,1581007706.583074,-1.0,37.45099601891849,10.0,2020-02-06T08:48:26.583074-08:00,658.8176600426992,21.42003059387207,1581007706.644373,0.6041138508584765,POINT (-122.17658707920994 37.45099601891849),ios,3.224755315905879,-0.026372990854778313,11.597165991828378
325,distance,0,-122.17677771909236,-1.0,1581007712.895496,-1.0,37.45109901506275,10.0,2020-02-06T08:48:32.895496-08:00,695.4761804205446,21.42003059387207,1581007713.08371,0.605867301358117,POINT (-122.17677771909236 37.45109901506275),ios,3.058277873537101,73.17983041917519,-177.83050426291248
326,distance,0,-122.17678976225483,-1.0,1581007713.315973,-1.0,37.45110552156748,10.0,2020-02-06T08:48:33.315973-08:00,695.5929954409288,21.42003059387207,1581007713.3767319,0.6059841005669699,POINT (-122.17678976225483 37.45110552156748),ios,33.82872454257471,-1.5938335290295238,0.019637520167723015
327,distance,0,-122.18061839007963,-1.0,1581007726.599462,-1.0,37.45376890306382,10.0,2020-02-06T08:48:46.599462-08:00,165.0,20.184621810913086,1581007726.707264,0.6096739586194356,POINT (-122.18061839007963 37.45376890306382),ios,12.657054409609108,-1.332978746112738,1.0282703342527915
328,distance,0,-122.18074720403611,-1.0,1581007727.7921271,-1.0,37.45385819789523,10.0,2020-02-06T08:48:47.792127-08:00,165.0,19.057762145996094,1581007727.8518739,0.6100052544805739,POINT (-122.18074720403611 37.45385819789523),ios,11.06725717994851,-0.10659660498368216,0.0027600634898553417
329,distance,0,-122.18161930746435,-1.0,1581007736.916709,-1.0,37.45444597486066,11.248723983764648,2020-02-06T08:48:56.916709-08:00,336.1305396060087,19.057762145996094,1581007737.098205,0.6125398605399661,POINT (-122.18161930746435 37.45444597486066),ios,10.094607736700276,-0.08141217985918092,-35.438593410349526
330,distance,0,-122.18184194227842,-1.0,1581007739.470454,-1.0,37.45459601732277,11.248723983764648,2020-02-06T08:48:59.470454-08:00,346.4227868598515,19.057762145996094,1581007739.6396499,0.6132492341597875,POINT (-122.18184194227842 37.45459601732277),ios,9.886701786892965,-90.58254401981353,893.5962408013586
331,distance,0,-122.18185061995932,-1.0,1581007739.572085,-1.0,37.45460186555731,11.248723983764648,2020-02-06T08:48:59.572085-08:00,346.4406032569122,19.057762145996094,1581007739.691822,0.613277464972602,POINT (-122.18185061995932 37.45460186555731),ios,0.6807139467483478,0.23446952108287555,-0.12413226027696979
332,distance,0,-122.18198470474465,-1.0,1581007762.3801441,-1.0,37.45469223063073,11.248723983764648,2020-02-06T08:49:22.380144-08:00,365.2317614165464,19.057762145996094,1581007762.558831,0.6196130369769203,POINT (-122.18198470474465 37.45469223063073),ios,6.028508667847204,-2.5967464218737772,1.3624534003433528
333,distance,0,-122.18193465339988,-1.0,1581007764.532927,-1.0,37.454582487187224,10.411941528320312,2020-02-06T08:49:24.532927-08:00,165.0,17.473783493041992,1581007764.606162,0.6202110322316488,POINT (-122.18193465339988 37.454582487187224),ios,0.4382773309975013,0.33631998362488896,-0.08376367922953112
334,distance,0,-122.18189554426591,2.30757855599427e-07,1581007775.9947045,-1.0,37.454549668292344,10.175358772277832,2020-02-06T08:49:35.994704-08:00,200.0,17.331645965576172,1581007776.245747,0.6233948593007194,POINT (-122.18189554426591 37.454549668292344),ios,4.293102134840995,-0.6237606659844529,0.09174259110328872
335,distance,0,-122.1818621220122,1.0825863703892295e-05,1581007776.9946754,-1.0,37.45452162161161,10.0,2020-02-06T08:49:36.994675-08:00,200.0,21.07170867919922,1581007777.093394,0.6236726289987564,POINT (-122.1818621220122 37.45452162161161),ios,3.669359612224607,-0.5320207434040263,0.07688490520901664
336,distance,0,-122.18183355565778,3.378121280386543e-05,1581007777.9946465,-1.0,37.45449764981644,10.0,2020-02-06T08:49:37.994647-08:00,200.0,21.388357162475586,1581007778.094389,0.6239503987630208,POINT (-122.18183355565778 37.45449764981644),ios,3.137354216899774,-0.455138056220582,0.06582456619820852
337,distance,0,-122.18180913103694,2.9118047191599662e-05,1581007778.9946172,-1.0,37.45447715360615,10.0,2020-02-06T08:49:38.994617-08:00,200.0,21.510772705078125,1581007779.0966969,0.6242281683948305,POINT (-122.18180913103694 37.45447715360615),ios,2.682229507823537,-0.3893154203597173,0.056336208112801135
338,distance,0,-122.18178824959072,2.4881408954863854e-05,1581007779.9945889,-1.0,37.454459630692874,10.0,2020-02-06T08:49:39.994589-08:00,200.0,21.571123123168945,1581007780.1034908,0.6245059382915497,POINT (-122.18178824959072 37.454459630692874),ios,2.2929251330473117,-0.3329808106071603,0.04820120949394706
339,distance,0,-122.18177039891867,2.125716203051081e-05,1581007780.9945607,-1.0,37.454444651089666,10.0,2020-02-06T08:49:40.994561-08:00,200.0,21.602890014648438,1581007781.0967798,0.6247837082544963,POINT (-122.18177039891867 37.454444651089666),ios,1.959953690319936,-0.2847809571767509,172.1076849760125
340,distance,0,-122.18175514048875,1.8159153936502353e-05,1581007781.9945312,-1.0,37.454431846797206,10.0,2020-02-06T08:49:41.994531-08:00,200.0,21.61992835998535,1581007782.114057,0.6250614778200785,POINT (-122.18175514048875 37.454431846797206),ios,1.6751811523800095,171.8178158437924,-1810.9387548888913
341,distance,0,-122.18174209902301,1.5511326172425282e-05,1581007782.994503,-1.0,37.45442090289656,10.0,2020-02-06T08:49:42.994503-08:00,200.0,21.629117965698242,1581007783.104583,0.6253392477830251,POINT (-122.18174209902301 37.45442090289656),ios,173.4881631781493,-1639.0699911946147,16103.120580364672
342,distance,0,-122.1818273213028,-1.0,1581007783.095953,-1.0,37.454564000514374,10.0,2020-02-06T08:49:43.095953-08:00,165.0,21.48674774169922,1581007783.1992779,0.6253674283292558,POINT (-122.1818273213028 37.454564000514374),ios,7.204567593946809,-5.408948887683217,4.952330873269156
343,distance,0,-122.18186980558262,-1.0,1581007784.3137898,-1.0,37.45463533636712,10.0,2020-02-06T08:49:44.313790-08:00,165.0,21.215778350830078,1581007784.3774018,0.6257057163450453,POINT (-122.18186980558262 37.45463533636712),ios,0.6173502817514254,0.6221821770606925,-0.2163458431604228
344,distance,0,-122.18184579147257,0.0004919465444705306,1581007793.9941869,-1.0,37.454585085583744,10.0,2020-02-06T08:49:53.994187-08:00,213.58965607270113,21.56561851501465,1581007794.087854,0.6283947155210707,POINT (-122.18184579147257 37.454585085583744),ios,6.640320782985414,-1.4721314813209307,38.829165182170904
345,distance,0,-122.18181905495938,4.124565825251133e-05,1581007794.9941576,-1.0,37.45452926859841,10.0,2020-02-06T08:49:54.994158-08:00,213.6285906314236,21.60617446899414,1581007795.090846,0.6286724851528803,POINT (-122.18181905495938 37.45452926859841),ios,5.168232472634495,37.35589501673995,-123.6234313216029
346,distance,0,-122.18179824565365,2.8673635827121454e-05,1581007795.9941278,-1.0,37.45448582566912,10.0,2020-02-06T08:49:55.994128-08:00,213.66750770157446,21.62234115600586,1581007796.093204,0.6289502546522352,POINT (-122.18179824565365 37.45448582566912),ios,42.523014196948075,-86.26385203950802,186.7744345779392
347,distance,0,-122.18184671001332,-1.0,1581007796.4437752,-1.0,37.45431823130914,10.0,2020-02-06T08:49:56.443775-08:00,165.0,21.434873580932617,1581007796.511559,0.6290751567151811,POINT (-122.18184671001332 37.45431823130914),ios,3.7346951183294324,-2.281208175891792,1.6104426407915071
348,distance,0,-122.1818611928325,-1.0,1581007797.973717,-1.0,37.45426814795012,10.0,2020-02-06T08:49:57.973717-08:00,165.0,21.089357376098633,1581007798.080589,0.6295001405477524,POINT (-122.1818611928325 37.45426814795012),ios,0.24457938178939054,0.1826753323392214,-0.05383103502027617
349,distance,0,-122.18183958328437,8.037842441087462e-08,1581007806.9938116,-1.0,37.45427811572309,10.0,2020-02-06T08:50:06.993812-08:00,200.0,21.53612518310547,1581007807.0947971,0.6320057223902809,POINT (-122.18183958328437 37.45427811572309),ios,1.892328166622602,-0.3028856977415199,0.04868768720391742
350,distance,0,-122.18182128912235,3.090732853345335e-08,1581007807.993783,-1.0,37.454286986648725,10.0,2020-02-06T08:50:07.993783-08:00,200.0,21.582473754882812,1581007808.090541,0.6322834922207726,POINT (-122.18182128912235 37.454286986648725),ios,1.5894511345104043,-0.25419940350350684,0.04093095661812562
351,distance,0,-122.18180592304287,7.230562997378444e-06,1581007808.993754,-1.0,37.4542944377333,10.0,2020-02-06T08:50:08.993754-08:00,200.0,21.605344772338867,1581007809.084813,0.6325612619188097,POINT (-122.18180592304287 37.4542944377333),ios,1.3352591249218897,-0.21326963744684443,-0.041384276130333124
352,distance,0,-122.18179301437041,1.10642041623119e-05,1581007809.993725,-1.0,37.45430069720962,10.0,2020-02-06T08:50:09.993725-08:00,200.0,21.62047004699707,1581007810.0945559,0.6328390316830741,POINT (-122.18179301437041 37.45430069720962),ios,1.1219956400157602,-0.2546527196967598,0.12702489961912677
353,distance,0,-122.18178216743085,9.309959017525673e-06,1581007810.9936962,-1.0,37.45430595694191,10.0,2020-02-06T08:50:10.993696-08:00,200.0,21.629127502441406,1581007811.0889149,0.6331168014473385,POINT (-122.18178216743085 37.45430595694191),ios,0.8673502667056914,-0.1276314845742584,0.010349626648217763
354,distance,0,-122.18176539713612,6.564737848327904e-06,1581007812.993639,-1.0,37.4543140889371,10.0,2020-02-06T08:50:12.993639-08:00,200.0,21.636474609375,1581007813.078836,0.6336723411083222,POINT (-122.18176539713612 37.4543140889371),ios,0.6120946006893028,-0.10693282348821001,7.389336665121519
355,distance,0,-122.18175356223163,4.826045651842298e-06,1581007814.9935818,-1.0,37.45431982773822,10.0,2020-02-06T08:50:14.993582-08:00,200.0,21.638639450073242,1581007815.094096,0.6342278807693058,POINT (-122.18175356223163 37.45431982773822),ios,0.39823507245812323,14.67131768551926,-7.92916289611116
356,distance,0,-122.18174201236613,2.7364434197614583e-06,1581007817.9934955,-1.0,37.45432542832264,10.0,2020-02-06T08:50:17.993495-08:00,200.0,21.63938331604004,1581007818.088839,0.6350611901283264,POINT (-122.18174201236613 37.45432542832264),ios,44.41092188388866,-9.115486656384302,2.0725802926846604
357,distance,0,-122.18346388004139,-1.0,1581007822.475764,-1.0,37.45548149411006,10.0,2020-02-06T08:50:22.475764-08:00,65.0,20.428831100463867,1581007822.579629,0.6363062647316191,POINT (-122.18346388004139 37.45548149411006),ios,3.5528625268261025,0.17437485215936635,2.193376011306784
358,distance,0,-122.1834715068381,-1.0,1581007823.2558231,-1.0,37.455457316439634,10.0,2020-02-06T08:50:23.255823-08:00,65.0,18.772411346435547,1581007823.3247461,0.6365229478147295,POINT (-122.1834715068381 37.455457316439634),ios,3.6888852169242154,1.8853377677404957,-4.941453259591424
359,distance,0,-122.18347594000659,-1.0,1581007823.698494,-1.0,37.45544305875078,10.0,2020-02-06T08:50:23.698494-08:00,65.0,17.484224319458008,1581007823.759243,0.6366459119319916,POINT (-122.18347594000659 37.45544305875078),ios,4.523469236588195,-0.3020994092667885,0.9087294203468033
360,distance,0,-122.18348024614845,-1.0,1581007830.069018,-1.0,37.45570219253483,10.0,2020-02-06T08:50:30.069018-08:00,65.0,14.415440559387207,1581007830.15549,0.6384155019124349,POINT (-122.18348024614845 37.45570219253483),ios,2.598937720737319,5.486983108580376,46.14048993126656
361,distance,0,-122.18348029211727,-1.0,1581007831.269119,-1.0,37.45573024224509,10.0,2020-02-06T08:50:31.269119-08:00,65.0,12.602031707763672,1581007831.3284168,0.6387488633394242,POINT (-122.18348029211727 37.45573024224509),ios,9.183872388929226,60.8602375442708,-743.092925646598
362,distance,0,-122.18385635542383,-1.0,1581007837.4564528,-1.0,37.456145008299806,10.0,2020-02-06T08:50:37.456453-08:00,104.08251670452158,12.218768119812012,1581007837.59722,0.6404675671789382,POINT (-122.18385635542383 37.456145008299806),ios,385.7464785767875,-4536.903754383902,61647.761988767976
363,distance,0,-122.18412625110913,-1.0,1581007837.529613,-1.0,37.45628106784726,10.0,2020-02-06T08:50:37.529613-08:00,104.09115230607965,11.892263412475586,1581007837.678771,0.6404878894488016,POINT (-122.18412625110913 37.45628106784726),ios,53.825821787192226,-26.742914152630327,17.76488286131578
364,distance,0,-122.18492267303444,-1.0,1581007839.010006,-1.0,37.456618465347205,10.0,2020-02-06T08:50:39.010006-08:00,65.0,10.377256393432617,1581007839.1301188,0.6408991097079383,POINT (-122.18492267303444 37.456618465347205),ios,14.235800670704966,-0.44390711108697545,0.27042982720085795
365,distance,0,-122.18512913366489,-1.0,1581007840.530128,-1.0,37.456723415339916,10.0,2020-02-06T08:50:40.530128-08:00,65.0,9.60787582397461,1581007840.617295,0.6413213658332825,POINT (-122.18512913366489 37.456723415339916),ios,13.561007682439849,-0.0328207674461952,0.9277722333764409
366,distance,0,-122.18586043529262,-1.0,1581007846.9600801,-1.0,37.4572506136968,10.0,2020-02-06T08:50:46.960080-08:00,132.07810270266117,9.463549613952637,1581007847.062758,0.6431074636512333,POINT (-122.18586043529262 37.4572506136968),ios,13.34997171841102,5.932710294274138,-1.988849851364158
367,distance,0,-122.18597553901544,-1.0,1581007848.171004,-1.0,37.45736369589538,10.0,2020-02-06T08:50:48.171004-08:00,134.270205262437,9.330787658691406,1581007848.237403,0.6434438314040501,POINT (-122.18597553901544 37.45736369589538),ios,20.53403246568717,3.5243644555769222,-4.547720896947628
368,distance,0,-122.18720847616076,-1.0,1581007854.447362,-1.0,37.457984577070334,10.0,2020-02-06T08:50:54.447362-08:00,165.0,9.164756774902344,1581007854.509808,0.6451872641510433,POINT (-122.18720847616076 37.457984577070334),ios,42.6542051207768,-25.01875947374822,21.569298084276678
369,distance,0,-122.18795817172393,-1.0,1581007856.0109391,-1.0,37.45790981632144,10.0,2020-02-06T08:50:56.010939-08:00,65.0,8.588553428649902,1581007856.131463,0.6456215911441379,POINT (-122.18795817172393 37.45790981632144),ios,3.535443857296916,8.706502694625943,-2.9310066529077075
370,distance,0,-122.18830869819635,2.327915466100931,1581007864.9921415,-1.0,37.45797401244712,10.0,2020-02-06T08:51:04.992141-08:00,217.2997235916295,19.26171112060547,1581007865.1349158,0.6481163695785734,POINT (-122.18830869819635 37.45797401244712),ios,81.73030644016428,-17.617461185274387,4.606253566584647
371,distance,0,-122.18757273933808,1.5123566450557648,1581007865.992113,-1.0,37.45752800231262,10.0,2020-02-06T08:51:05.992113-08:00,218.74516157679773,20.164819717407227,1581007866.08671,0.6483941394752927,POINT (-122.18757273933808 37.45752800231262),ios,64.11334509416741,-13.011338306444948,2.13111217661727
372,distance,0,-122.18699786028021,1.2792770642267943,1581007866.9920845,-1.0,37.457175606414104,10.0,2020-02-06T08:51:06.992085-08:00,220.24172605941916,20.521833419799805,1581007867.087517,0.6486719093057844,POINT (-122.18699786028021 37.457175606414104),ios,51.102379045097415,-10.880287101436124,2.1580426834933815
373,distance,0,-122.1865464054394,1.508251002647313,1581007867.992055,-1.0,37.45688791220208,10.0,2020-02-06T08:51:07.992055-08:00,221.7861748783468,20.70575523376465,1581007868.096534,0.6489496788713667,POINT (-122.1865464054394 37.45688791220208),ios,40.22241360742257,-8.722308218109053,11131.684950323566
374,distance,0,-122.18619247322324,1.8559332374153354,1581007868.992026,-1.0,37.45666008756079,10.0,2020-02-06T08:51:08.992026-08:00,223.37540344895388,20.836288452148438,1581007869.1808748,0.6492274486356311,POINT (-122.18619247322324 37.45666008756079),ios,31.500357016113668,11122.641508043884,-228693.72559043215
375,distance,0,-122.18591592457179,2.1713899484823016,1581007869.9919982,-1.0,37.4564810462806,10.0,2020-02-06T08:51:09.991998-08:00,225.0064285622592,20.934242248535156,1581007870.268564,0.649505218664805,POINT (-122.18591592457179 37.4564810462806),ios,11153.831599267045,-217564.70467691502,4244893.970525833
376,distance,0,-122.19084704335522,-1.0,1581007870.043251,-1.0,37.45981409286636,10.0,2020-02-06T08:51:10.043251-08:00,65.0,20.063383102416992,1581007870.309524,0.6495194555653466,POINT (-122.19084704335522 37.45981409286636),ios,3.0221766795487834,-1.8249133265182944,1.5220941777706605
377,distance,0,-122.19087951825854,-1.0,1581007871.2359362,-1.0,37.45983374742079,10.0,2020-02-06T08:51:11.235936-08:00,65.0,18.60636329650879,1581007871.296636,0.649850756989585,POINT (-122.19087951825854 37.45983374742079),ios,0.8456296964749425,-0.009534238404775503,6.810145063552577
378,distance,0,-122.19100898745371,-1.0,1581007884.774734,-1.0,37.45982746956151,10.0,2020-02-06T08:51:24.774734-08:00,327.1427950251121,18.60636329650879,1581007885.199438,0.6536115341716342,POINT (-122.19100898745371 37.45982746956151),ios,0.716547570007713,92.19164314282845,-122.36062957463508
379,distance,0,-122.19106973908978,-1.0,1581007892.272068,-1.0,37.45982452376253,10.0,2020-02-06T08:51:32.272068-08:00,383.7992376738995,18.60636329650879,1581007892.475936,0.65569412695037,POINT (-122.19106973908978 37.45982452376253),ios,691.908088538524,-825.1868656504477,970.3355169964842
380,distance,0,-122.19565716024977,-1.0,1581007893.09161,-1.0,37.463394755766565,10.0,2020-02-06T08:51:33.091610-08:00,65.0,13.694604873657227,1581007893.212307,0.6559217774868011,POINT (-122.19565716024977 37.463394755766565),ios,15.632851101806514,-29.956222185441156,132.53093700057144
381,distance,0,-122.19572778775817,-1.0,1581007893.509407,-1.0,37.46341228911649,10.0,2020-02-06T08:51:33.509407-08:00,65.0,12.455738067626953,1581007893.5787191,0.6560378322336409,POINT (-122.19572778775817 37.46341228911649),ios,3.1172286865840717,25.414817445882026,-24.58506475722645
382,distance,0,-122.19575499625923,-1.0,1581007894.3180408,-1.0,37.463419179777844,10.0,2020-02-06T08:51:34.318041-08:00,65.0,12.386200904846191,1581007894.381095,0.6562624527348413,POINT (-122.19575499625923 37.463419179777844),ios,23.66850920397872,5.53450300176075,-4.647811369199459
383,distance,0,-122.19697659440276,-1.0,1581007900.7252932,-1.0,37.464378259452765,10.0,2020-02-06T08:51:40.725293-08:00,165.0,12.150921821594238,1581007900.811565,0.6580422450436486,POINT (-122.19697659440276 37.464378259452765),ios,59.12946635615708,-24.24519713791844,18.837522069256618
384,distance,0,-122.19750186382635,-1.0,1581007901.89018,-1.0,37.46483639527837,10.0,2020-02-06T08:51:41.890180-08:00,165.0,11.90395450592041,1581007901.956277,0.6583658247523838,POINT (-122.19750186382635 37.46483639527837),ios,30.88655257494706,-2.3016134818553073,1.1503375853892426
385,distance,0,-122.1995598045034,-1.0,1581007908.301849,-1.0,37.46554613397834,10.0,2020-02-06T08:51:48.301849-08:00,165.0,11.858119010925293,1581007908.3731952,0.6601468438572354,POINT (-122.1995598045034 37.46554613397834),ios,16.12936927554099,5.073970097930322,-4.519258968805307
386,distance,0,-122.19968525723024,-1.0,1581007909.461946,-1.0,37.46541047867561,10.0,2020-02-06T08:51:49.461946-08:00,65.0,10.937907218933105,1581007909.531639,0.6604690930578444,POINT (-122.19968525723024 37.46541047867561),ios,22.01566738424016,-0.16880922622283,-0.01118663613174221
387,distance,0,-122.20185088359467,-1.0,1581007919.646502,-1.0,37.46646476283089,10.0,2020-02-06T08:51:59.646502-08:00,254.7418404125482,10.937907218933105,1581007919.980092,0.6632981363932292,POINT (-122.20185088359467 37.46646476283089),ios,20.29642036521038,-0.2827401484407981,-34.180371833019755
388,distance,0,-122.20186960215429,-1.0,1581007919.741986,-1.0,37.46647387471664,10.0,2020-02-06T08:51:59.741986-08:00,254.7565764181665,10.937907218933105,1581007920.031343,0.663324659731653,POINT (-122.20186960215429 37.46647387471664),ios,20.26942319969522,-3.5464193989277084,38.44630816132513
389,distance,0,-122.2018842606289,-1.0,1581007919.816859,-1.0,37.46648101022004,10.0,2020-02-06T08:51:59.816859-08:00,254.7622584686533,10.937907218933105,1581007920.0730681,0.6633454577790366,POINT (-122.2018842606289 37.46648101022004),ios,20.003892244371222,-0.6678300990146494,0.32150780633549214
390,distance,0,-122.20219655371662,-1.0,1581007921.433171,-1.0,37.46663302933863,10.0,2020-02-06T08:52:01.433171-08:00,258.99523144794745,10.937907218933105,1581007921.49628,0.663794433342086,POINT (-122.20219655371662 37.46663302933863),ios,18.924470423356244,-0.14817316486742807,44.528021697105224
391,distance,0,-122.20320551692684,-1.0,1581007926.9530249,-1.0,37.46712417596957,10.0,2020-02-06T08:52:06.953025-08:00,306.2814693246408,10.937907218933105,1581007927.1238399,0.6653277260727353,POINT (-122.20320551692684 37.46712417596957),ios,18.106576211709537,245.63999795725124,-1778.792694115192
392,distance,0,-122.20322218259054,-1.0,1581007927.048318,-1.0,37.46713228853949,10.0,2020-02-06T08:52:07.048318-08:00,306.2959236682567,10.937907218933105,1581007927.172348,0.6653541963630253,POINT (-122.20322218259054 37.46713228853949),ios,41.514359601644514,76.1334256330914,-105.3138097420426
393,distance,0,-122.20405438593968,-1.0,1581007929.9902694,-1.0,37.468009861284315,10.0,2020-02-06T08:52:09.990269-08:00,319.8348894865779,11.490280151367188,1581007930.091241,0.666171405116717,POINT (-122.20405438593968 37.468009861284315),ios,265.4952063549003,-233.69469630788865,232.9559516923544
394,distance,0,-122.20661843546799,-1.0,1581007931.0199761,-1.0,37.46938943146843,10.0,2020-02-06T08:52:11.019976-08:00,65.0,11.145482063293457,1581007931.12705,0.6664574347601997,POINT (-122.20661843546799 37.46938943146843),ios,24.85820794748177,6.1816118071083865,-5.262490814816756
395,distance,0,-122.20648301867855,-1.0,1581007932.224097,-1.0,37.46963623214219,10.0,2020-02-06T08:52:12.224097-08:00,65.0,10.82864761352539,1581007932.290637,0.6667919127808677,POINT (-122.20648301867855 37.46963623214219),ios,32.30161576188882,-0.15506323437655797,2.5336380162816226
396,distance,0,-122.20711215410587,32.25,1581007935.9900954,311.484375,37.470609638874855,8.0,2020-02-06T08:52:15.990095-08:00,10.0,10.374019622802734,1581007936.2294412,0.6678380234373941,POINT (-122.20711215410587 37.470609638874855),ios,31.71764787498848,9.38661338862843,-8.253619305533006
397,distance,0,-122.20739386987147,32.25,1581007936.990067,308.671875,37.47078674848887,8.0,2020-02-06T08:52:16.990067-08:00,10.0,12.07638168334961,1581007937.118166,0.6681157933341132,POINT (-122.20739386987147 37.47078674848887),ios,41.10399494839673,1.1332282532217102,-12.59767096498827
398,distance,0,-122.20777641993222,32.25,1581007937.9900393,307.96875,37.47099759526315,12.0,2020-02-06T08:52:17.990039-08:00,10.0,17.235469818115234,1581007938.137941,0.6683935634295146,POINT (-122.20777641993222 37.47099759526315),ios,42.23719186042873,-11.464094303584432,8.338371133594332
399,distance,0,-122.207962908223,33.70000076293945,1581007938.99001,308.3275451660156,37.47134740915199,12.0,2020-02-06T08:52:18.990010-08:00,23.70101392818317,16.15658187866211,1581007939.107096,0.6686713330613242,POINT (-122.207962908223 37.47134740915199),ios,30.77343374697247,-3.125967696769616,9.341934797432334
400,distance,0,-122.20823600659573,34.45000076293945,1581007939.989982,308.3275451660156,37.47151948020749,12.0,2020-02-06T08:52:19.989982-08:00,24.435467670682648,14.65841293334961,1581007940.119349,0.6689491030242708,POINT (-122.20823600659573 37.47151948020749),ios,27.64755399427849,6.215704280345903,-3.704030169850538
401,distance,0,-122.20848162654194,33.68000030517578,1581007940.989952,308.20562744140625,37.4716738101987,12.0,2020-02-06T08:52:20.989952-08:00,24.201346548493653,18.09615707397461,1581007941.15256,0.6692268725236257,POINT (-122.20848162654194 37.4716738101987),ios,33.86307303220156,2.51178449919662,-6.545838562523903
402,distance,0,-122.2087826522954,33.939998626708984,1581007941.9899242,308.20562744140625,37.47186264918935,12.0,2020-02-06T08:52:21.989924-08:00,23.870302922132268,15.03084945678711,1581007942.116473,0.6695046425527996,POINT (-122.2087826522954 37.47186264918935),ios,36.3747874652355,-4.033871467332377,6.4590910904226355
403,distance,0,-122.20910633467504,32.75,1581007942.9898949,307.9847717285156,37.47206516444315,12.0,2020-02-06T08:52:22.989895-08:00,22.081406081628653,22.88460922241211,1581007943.152073,0.6697824121846093,POINT (-122.20910633467504 37.47206516444315),ios,32.341034293141256,2.4250302071098906,-5.176575937525375
404,distance,0,-122.20939633080259,32.810001373291016,1581007943.9898663,307.41766357421875,37.47224297734479,12.0,2020-02-06T08:52:23.989866-08:00,21.430159564172865,24.67452621459961,1581007944.180229,0.6700601820151011,POINT (-122.20939633080259 37.47224297734479),ios,34.765995119580396,-2.7513976273899288,4.532063894666241
405,distance,0,-122.20977682090695,32.83000183105469,1581007944.9898376,307.72039794921875,37.47232397445156,12.0,2020-02-06T08:52:24.989838-08:00,10.0,26.15060043334961,1581007945.171321,0.670337951845593,POINT (-122.20977682090695 37.47232397445156),ios,32.01467621030801,1.7805366038882129,-11.769801581309816
406,distance,0,-122.21006331334151,33.310001373291016,1581007945.9898086,307.72039794921875,37.47250058525952,12.0,2020-02-06T08:52:25.989809-08:00,10.0,27.117000579833984,1581007946.103485,0.6706157215436299,POINT (-122.21006331334151 37.47250058525952),ios,33.79516102360935,-9.988922628418546,28.929036923826672
407,distance,0,-122.21036573962517,32.72999954223633,1581007946.9897802,307.72039794921875,37.47268701863038,12.0,2020-02-06T08:52:26.989780-08:00,10.0,27.566280364990234,1581007947.124638,0.6708934914403492,POINT (-122.21036573962517 37.47268701863038),ios,23.806521799014845,18.939293526242626,-26.015371844985378
408,distance,0,-122.21057877971164,33.33000183105469,1581007947.9897513,307.72039794921875,37.472818349085436,12.0,2020-02-06T08:52:27.989751-08:00,10.0,26.65182113647461,1581007948.169882,0.6711712612046136,POINT (-122.21057877971164 37.472818349085436),ios,42.74526895224381,-7.075327810435952,5.489827365278887
409,distance,0,-122.21092198305236,33.84000015258789,1581007948.9897227,310.86553955078125,37.47308960060647,12.0,2020-02-06T08:52:28.989723-08:00,10.0,24.295467376708984,1581007949.20684,0.6714490310351053,POINT (-122.21092198305236 37.47308960060647),ios,35.67014356856025,-1.585657510377858,-0.20589865135737606
410,distance,0,-122.21128374349531,34.08000183105469,1581007949.9896934,307.6171875,37.473232671653356,12.0,2020-02-06T08:52:29.989693-08:00,10.0,24.29708480834961,1581007950.231082,0.671726800666915,POINT (-122.21128374349531 37.473232671653356),ios,34.08453255835829,-1.791550123657375,5.712836714711958
411,distance,0,-122.21158775512335,33.540000915527344,1581007950.989664,307.6171875,37.4734217254794,12.0,2020-02-06T08:52:30.989664-08:00,10.0,25.19765853881836,1581007951.1711268,0.6720045702987247,POINT (-122.21158775512335 37.4734217254794),ios,32.293034972777605,3.921119059345887,23.693609481232087
412,distance,0,-122.21187718223986,33.72999954223633,1581007951.9896348,308.671875,37.473599421826634,12.0,2020-02-06T08:52:31.989635-08:00,5.0,23.062129974365234,1581007952.2819219,0.6722823399305343,POINT (-122.21187718223986 37.473599421826634),ios,36.21403904340443,27.6140337139831,22.27380296212111
413,distance,0,-122.21219670038876,34.41999816894531,1581007952.9896073,308.671875,37.473803772625956,12.0,2020-02-06T08:52:32.989607-08:00,5.0,22.43862533569336,1581007953.139045,0.6725601100921631,POINT (-122.21219670038876 37.473803772625956),ios,63.82731563203918,49.88722596993207,-126.3971954119262
414,distance,0,-122.21153556606505,34.279998779296875,1581007953.9895782,309.27294921875,37.47403650723887,12.0,2020-02-06T08:52:33.989578-08:00,89.33936491903656,23.948116302490234,1581007954.1496592,0.6728378797902002,POINT (-122.21153556606505 37.47403650723887),ios,113.71309052890446,-76.50629291834676,73.22052293304725
415,distance,0,-122.21281277027187,35.08000183105469,1581007954.98955,306.9140625,37.47417182199422,12.0,2020-02-06T08:52:34.989550-08:00,5.0,25.705928802490234,1581007955.275889,0.6731156497531467,POINT (-122.21281277027187 37.47417182199422),ios,37.208949992112395,-3.2878299269980795,3.0174672009815233
416,distance,0,-122.21314737584648,35.130001068115234,1581007955.9895203,308.3203125,37.474375418422255,12.0,2020-02-06T08:52:35.989520-08:00,5.0,25.03078842163086,1581007956.151957,0.6733934192525016,POINT (-122.21314737584648 37.474375418422255),ios,33.921218050081755,-0.27045265354687387,0.03616207666859953
417,distance,0,-122.21345976937768,34.59000015258789,1581007956.9894917,308.3203125,37.47455315667901,12.0,2020-02-06T08:52:36.989492-08:00,5.0,25.143550872802734,1581007957.157055,0.6736711890829934,POINT (-122.21345976937768 37.47455315667901),ios,33.650773134247366,-0.23429161148358674,0.3298466203307999
418,distance,0,-122.2137642839199,34.43000030517578,1581007957.9894624,307.265625,37.474735295434925,12.0,2020-02-06T08:52:37.989462-08:00,5.0,24.87234115600586,1581007958.1246982,0.6739489587148031,POINT (-122.2137642839199 37.474735295434925),ios,33.41648839347897,0.09554533593502067,-0.326413429296391
419,distance,0,-122.21405563887414,33.650001525878906,1581007958.9894345,307.96875,37.474927241017554,12.0,2020-02-06T08:52:38.989434-08:00,5.0,26.22744369506836,1581007959.114897,0.674226728743977,POINT (-122.21405563887414 37.474927241017554),ios,33.512031064179354,-0.23085898806732685,0.27967163864080646
420,distance,0,-122.21436040487346,33.349998474121094,1581007959.9894056,306.2109375,37.47510703284058,12.0,2020-02-06T08:52:39.989406-08:00,5.0,27.06045150756836,1581007960.1689339,0.6745044985082415,POINT (-122.21436040487346 37.47510703284058),ios,33.28117873608173,0.048804582424800964,-2.387464751004473
421,distance,0,-122.21466978091952,33.41999816894531,1581007960.989377,305.15625,37.475278191303346,12.0,2020-02-06T08:52:40.989377-08:00,5.0,26.32278060913086,1581007961.127207,0.6747822683387332,POINT (-122.21466978091952 37.475278191303346),ios,33.329981922196225,-2.338591862665241,0.5127516874067214
422,distance,0,-122.21496021386442,33.25,1581007961.9893477,308.3203125,37.47546980160985,12.0,2020-02-06T08:52:41.989348-08:00,10.0,26.42959213256836,1581007962.1306639,0.6750600379705429,POINT (-122.21496021386442 37.47546980160985),ios,30.99145863987211,-1.8258552119505551,5.321020852272131
423,distance,0,-122.21523128461298,32.56999969482422,1581007962.9893188,309.0234375,37.475646995042894,12.0,2020-02-06T08:52:42.989319-08:00,10.0,24.98098373413086,1581007963.162678,0.6753378077348073,POINT (-122.21523128461298 37.475646995042894),ios,29.165656101375994,3.4950121360636284,-6.147993502853483
424,distance,0,-122.21549229707774,31.459999084472656,1581007963.9892907,307.265625,37.47580788567427,12.0,2020-02-06T08:52:43.989291-08:00,10.0,25.26290512084961,1581007964.1488109,0.6756155776977539,POINT (-122.21549229707774 37.47580788567427),ios,32.66056991089199,-2.6528084028765715,5.642919680878632
425,distance,0,-122.21578641806003,31.81999969482422,1581007964.9892612,307.265625,37.47598616875473,12.0,2020-02-06T08:52:44.989261-08:00,10.0,26.329341888427734,1581007965.164526,0.6758933472633362,POINT (-122.21578641806003 37.47598616875473),ios,30.00783993538786,2.989944451267415,5.629043567971344
426,distance,0,-122.21605715353247,31.190000534057617,1581007965.9892325,307.265625,37.47614944822851,12.0,2020-02-06T08:52:45.989233-08:00,10.0,27.128658294677734,1581007966.116678,0.676171117093828,POINT (-122.21605715353247 37.47614944822851),ios,32.997698843658355,8.618826971010458,-16.291160426866345
427,distance,0,-122.21635471109506,31.59000015258789,1581007966.9892035,307.6171875,37.47632915623251,12.0,2020-02-06T08:52:46.989203-08:00,10.0,27.23574447631836,1581007967.098565,0.676448886791865,POINT (-122.21635471109506 37.47632915623251),ios,41.61627511827426,-7.6718595937867375,4.403247664724859
428,distance,0,-122.21675712626633,33.22999954223633,1581007967.9891748,305.15625,37.47652428693834,12.0,2020-02-06T08:52:47.989175-08:00,10.0,25.630001068115234,1581007968.1035562,0.6767266566223569,POINT (-122.21675712626633 37.47652428693834),ios,33.94463501815113,-3.2687379069880773,5.684374279831468
429,distance,0,-122.21705367800054,32.66999816894531,1581007968.9891458,306.9140625,37.47671870518241,12.0,2020-02-06T08:52:48.989146-08:00,10.0,25.75912094116211,1581007969.0973802,0.6770044263203939,POINT (-122.21705367800054 37.47671870518241),ios,30.675992189160418,2.4154710310698477,-2.682979426512027
430,distance,0,-122.21731854614076,32.70000076293945,1581007969.9891179,307.96875,37.47689736544851,12.0,2020-02-06T08:52:49.989118-08:00,10.0,25.90060043334961,1581007970.101886,0.6772821963495679,POINT (-122.21731854614076 37.47689736544851),ios,33.09139584072925,-0.2674335538014919,1.890431522775037
431,distance,0,-122.21760956581888,32.84000015258789,1581007970.9890885,309.0234375,37.47708503626052,12.0,2020-02-06T08:52:50.989089-08:00,10.0,25.693599700927734,1581007971.1037312,0.6775599659813775,POINT (-122.21760956581888 37.47708503626052),ios,32.82397012954649,1.6229425311518466,-2.748771634847003
432,distance,0,-122.21789714891669,-1.0,1581007971.9890604,-1.0,37.477272246067855,12.0,2020-02-06T08:52:51.989060-08:00,10.0,25.43319320678711,1581007972.091858,0.6778377359443241,POINT (-122.21789714891669 37.477272246067855),ios,34.44686700181937,-1.1257517714243166,3.560042663499753
433,distance,0,-122.2181918566322,-1.0,1581007972.9890308,-1.0,37.47747538149122,12.0,2020-02-06T08:52:52.989031-08:00,30.0,17.07467269897461,1581007973.093001,0.6781155055099063,POINT (-122.2181918566322 37.47747538149122),ios,33.32114851201214,2.4341856433165785,-6.262260139066584
434,distance,0,-122.21847399149296,-1.0,1581007973.9890018,-1.0,37.47767453551057,12.0,2020-02-06T08:52:53.989002-08:00,30.0,15.435726165771484,1581007974.09649,0.6783932752079433,POINT (-122.21847399149296 37.47767453551057),ios,35.75526335200867,-3.827892344971958,6.6024009022899905
435,distance,0,-122.21876836393234,-1.0,1581007974.9889731,-1.0,37.477895482478175,12.0,2020-02-06T08:52:54.988973-08:00,30.0,13.363033294677734,1581007975.0979881,0.6786710450384352,POINT (-122.21876836393234 37.477895482478175),ios,31.92748052391517,2.7743196611130188,-0.6591795511417071
436,distance,0,-122.21904857095537,-1.0,1581007975.988945,-1.0,37.4780771183199,12.0,2020-02-06T08:52:55.988945-08:00,30.0,11.90804672241211,1581007976.085355,0.6789488150013818,POINT (-122.21904857095537 37.4780771183199),ios,34.701722134004704,2.1151586549282424,-7.683343110852527
437,distance,0,-122.21933137636837,-1.0,1581007976.9889164,-1.0,37.47829395815495,12.0,2020-02-06T08:52:56.988916-08:00,50.0,10.43587875366211,1581007977.0845718,0.6792265848318736,POINT (-122.21933137636837 37.47829395815495),ios,36.81682027375842,-5.567964633714616,6.825725075962347
438,distance,0,-122.21961887564716,-1.0,1581007977.9888868,-1.0,37.478533890133235,12.0,2020-02-06T08:52:57.988887-08:00,50.0,9.347164154052734,1581007978.092123,0.6795043543974558,POINT (-122.21961887564716 37.478533890133235),ios,31.24902025081464,1.257558647168161,-0.5654063906456583
439,distance,0,-122.21988349233028,-1.0,1581007978.988858,-1.0,37.4787206389359,12.0,2020-02-06T08:52:58.988858-08:00,50.0,8.88796615600586,1581007979.081527,0.6797821241617202,POINT (-122.21988349233028 37.4787206389359),ios,32.50654261911596,0.6921685677324837,-23.88500682753603
440,distance,0,-122.22015305433628,-1.0,1581007979.9888296,-1.0,37.478919876774285,12.0,2020-02-06T08:52:59.988830-08:00,100.0,8.35934066772461,1581007980.093718,0.6800598940584395,POINT (-122.22015305433628 37.478919876774285),ios,33.19869154877272,-23.192160598906177,34.69177931693038
441,distance,0,-122.22043342899738,-1.0,1581007980.9888,-1.0,37.47911894697461,12.0,2020-02-06T08:53:00.988800-08:00,100.0,7.979793548583984,1581007981.096662,0.6803376636240217,POINT (-122.22043342899738 37.47911894697461),ios,10.007216600671605,11.498593093597528,-5.800734129380469
442,distance,0,-122.2205159947219,0.8294154947902935,1581007981.988772,-1.0,37.47918063872705,24.129072189331055,2020-02-06T08:53:01.988772-08:00,200.0,7.979808330535889,1581007982.090765,0.6806154335869683,POINT (-122.2205159947219 37.47918063872705),ios,21.50548619983834,5.698022158546145,-2.7293964398109902
443,distance,0,-122.2207444475415,2.3551812545900326,1581007982.9887428,-1.0,37.47924798207925,10.755928993225098,2020-02-06T08:53:02.988743-08:00,200.0,7.978717803955078,1581007983.114094,0.6808932032850054,POINT (-122.2207444475415 37.47924798207925),ios,27.203342619634185,2.968705108871315,-9.448110749221145
444,distance,0,-122.22102041014234,4.077572237864026,1581007983.9887142,-1.0,37.47935701664788,10.0,2020-02-06T08:53:03.988714-08:00,200.0,7.883582592010498,1581007984.101923,0.6811709731154971,POINT (-122.22102041014234 37.47935701664788),ios,30.17196279317104,-6.479135327733028,9.66482052163512
445,distance,0,-122.22131919164303,5.736134410084553,1581007984.988686,-1.0,37.47948894191048,10.0,2020-02-06T08:53:04.988686-08:00,200.0,7.802826404571533,1581007985.146254,0.6814487430784437,POINT (-122.22131919164303 37.47948894191048),ios,23.693009745494173,3.18541328971452,-0.8726102750721828
446,distance,0,-122.22154922147146,6.757536687484624,1581007985.988657,-1.0,37.47959883388288,10.0,2020-02-06T08:53:05.988657-08:00,200.0,7.725100517272949,1581007986.146904,0.6817265127764808,POINT (-122.22154922147146 37.47959883388288),ios,26.878330380880026,2.312828396315568,-0.8346911346747352
447,distance,0,-122.22180766949432,-1.0,1581007986.9886277,-1.0,37.479726747355556,10.0,2020-02-06T08:53:06.988628-08:00,200.0,7.651909351348877,1581007987.088601,0.6820042824082905,POINT (-122.22180766949432 37.479726747355556),ios,29.19109095238062,1.478161739363374,-15.185945882883031
448,distance,0,-122.22208577695723,-1.0,1581007987.988599,-1.0,37.4798688969486,10.0,2020-02-06T08:53:07.988599-08:00,200.0,7.582399368286133,1581007988.0863938,0.6822820522387822,POINT (-122.22208577695723 37.4798688969486),ios,30.669210401197404,-13.707349670122891,16.55006688246751
449,distance,0,-122.22237604155109,-1.0,1581007988.98857,-1.0,37.480020590512765,10.0,2020-02-06T08:53:08.988570-08:00,200.0,7.516668796539307,1581007989.093621,0.6825598219368193,POINT (-122.22237604155109 37.480020590512765),ios,16.962259437667967,2.842235819446143,-1.1792013699905732
450,distance,0,-122.22253833210733,-1.0,1581007989.988542,-1.0,37.480102336323405,10.0,2020-02-06T08:53:09.988542-08:00,200.0,7.454339504241943,1581007990.079286,0.6828375919659933,POINT (-122.22253833210733 37.480102336323405),ios,19.80441597302052,1.6630673432468375,9.011304511907085
451,distance,0,-122.22272791017984,-1.0,1581007990.9885123,-1.0,37.48019766067975,10.0,2020-02-06T08:53:10.988512-08:00,200.0,7.390087127685547,1581007991.099937,0.6831153614653481,POINT (-122.22272791017984 37.48019766067975),ios,21.467433752998243,10.674103297351724,-15.853261249353922
452,distance,0,-122.22293238224663,-1.0,1581007991.988484,-1.0,37.48030226348303,10.0,2020-02-06T08:53:11.988484-08:00,200.0,7.331738471984863,1581007992.082489,0.6833931313620674,POINT (-122.22293238224663 37.48030226348303),ios,32.14123420670955,-5.178708166271677,6.591872363285886
453,distance,0,-122.22323613251596,-1.0,1581007992.9884548,-1.0,37.48046177623716,10.0,2020-02-06T08:53:12.988455-08:00,200.0,7.594533443450928,1581007993.0826979,0.6836709010601044,POINT (-122.22323613251596 37.48046177623716),ios,26.962676673867467,1.4129724587834278,-1.7051035167711828
454,distance,0,-122.22349264666947,-1.0,1581007993.9884262,-1.0,37.48059352341763,10.0,2020-02-06T08:53:13.988426-08:00,200.0,7.587410926818848,1581007994.093224,0.6839486708905962,POINT (-122.22349264666947 37.48059352341763),ios,28.375608707184583,-0.29208227458483205,-16.224104783293598
455,distance,0,-122.22376446297918,-1.0,1581007994.9883976,-1.0,37.48072986759104,10.0,2020-02-06T08:53:14.988398-08:00,200.0,7.460036754608154,1581007995.0939798,0.684226440721088,POINT (-122.22376446297918 37.48072986759104),ios,28.083534789140657,-16.515722882517274,16.429027509939235
456,distance,0,-122.22403367964587,-1.0,1581007995.9883683,-1.0,37.480864559482974,10.0,2020-02-06T08:53:15.988368-08:00,200.0,7.356622695922852,1581007996.076591,0.6845042103528977,POINT (-122.22403367964587 37.480864559482974),ios,11.568296238210829,-0.08717716178161364,-0.031880332239392004
457,distance,0,-122.22583418600922,-1.0,1581008012.108062,-1.0,37.48174261329957,10.0,2020-02-06T08:53:32.108062-08:00,534.6274548060254,7.356622695922852,1581008012.329801,0.6889819030629264,POINT (-122.22583418600922 37.48174261329957),ios,10.163027087764926,-0.6010783543234465,3.6661356877064635
458,distance,0,-122.22584658552437,-1.0,1581008012.2344198,-1.0,37.48174865970744,10.0,2020-02-06T08:53:32.234420-08:00,534.6454066149507,7.356622695922852,1581008012.387227,0.6890170024500952,POINT (-122.22584658552437 37.48174865970744),ios,10.087076153006882,-0.13783353702414375,0.03753421051026759
459,distance,0,-122.22592744844715,-1.0,1581008013.064672,-1.0,37.481788092948776,10.0,2020-02-06T08:53:33.064672-08:00,535.4196629500956,7.356622695922852,1581008013.273466,0.6892476280530294,POINT (-122.22592744844715 37.481788092948776),ios,9.972639559716246,-0.10667067727763511,-2.560963970586551
460,distance,0,-122.22598809098892,-1.0,1581008013.694458,-1.0,37.48181766561202,10.0,2020-02-06T08:53:33.694458-08:00,535.7492385992192,7.356622695922852,1581008013.957234,0.6894225686126285,POINT (-122.22598809098892 37.48181766561202),ios,9.90545985900348,-1.719529969737114,6.432603182216334
461,distance,0,-122.22601056552111,-1.0,1581008013.9294438,-1.0,37.48182862543911,10.0,2020-02-06T08:53:33.929444-08:00,535.8120768874242,7.356622695922852,1581008013.9999552,0.6894878424538506,POINT (-122.22601056552111 37.48182862543911),ios,9.501394684606765,-0.2079593821977313,1.1897350911850642
462,distance,0,-122.22648118349146,-1.0,1581008019.059313,-1.0,37.48205812483584,10.0,2020-02-06T08:53:39.059313-08:00,564.6974087186153,7.356622695922852,1581008019.1711411,0.6909128061268065,POINT (-122.22648118349146 37.48205812483584),ios,8.434590250311189,5.895226045168503,-1.8107656162058552
463,distance,0,-122.22731380891639,-1.0,1581008029.282816,-1.0,37.48246412583375,10.0,2020-02-06T08:53:49.282816-08:00,668.4894269686297,7.356622695922852,1581008029.413604,0.6937526680363549,POINT (-122.22731380891639 37.48246412583375),ios,68.70445066817814,-12.617141436930371,2.7405506410494063
464,distance,0,-122.23019832927965,-1.0,1581008034.009078,-1.0,37.48427753718762,10.0,2020-02-06T08:53:54.009078-08:00,65.0,7.347861289978027,1581008034.122016,0.69506551861763,POINT (-122.23019832927965 37.48427753718762),ios,9.072533377963419,0.3354191706855725,12.352497215481744
465,distance,0,-122.23019231527086,-1.0,1581008035.08318,-1.0,37.484365044478366,10.0,2020-02-06T08:53:55.083180-08:00,65.0,6.374211311340332,1581008035.1500502,0.6953638802634345,POINT (-122.23019231527086 37.484365044478366),ios,9.432807754843893,13.603260207109962,-102.64241508279848
466,distance,0,-122.23017971054544,-1.0,1581008035.2211518,-1.0,37.48437112308609,10.0,2020-02-06T08:53:55.221152-08:00,65.0,5.718101501464844,1581008035.271117,0.6954022057851156,POINT (-122.23017971054544 37.48437112308609),ios,11.309675113245598,-0.5585065696318172,13.05339590451834
467,distance,0,-122.23043871341403,-1.0,1581008041.634907,-1.0,37.484990247230364,10.0,2020-02-06T08:54:01.634907-08:00,65.0,5.780052661895752,1581008041.710153,0.6971838044457965,POINT (-122.23043871341403 37.484990247230364),ios,7.727550710070326,83.16277900935079,-2885.939157953438
468,distance,0,-122.23080069010082,-1.0,1581008049.015389,-1.0,37.48541518817711,10.0,2020-02-06T08:54:09.015389-08:00,119.3142616597505,1.898263692855835,1581008049.119838,0.6992339383231269,POINT (-122.23080069010082 37.48541518817711),ios,621.5089407980987,-21216.459109275154,772381.1487455872
469,distance,0,-122.23086325543407,-1.0,1581008049.042673,-1.0,37.48527099448226,10.0,2020-02-06T08:54:09.042673-08:00,119.31529957699398,1.4938493967056274,1581008049.1634068,0.6992415172523923,POINT (-122.23086325543407 37.48527099448226),ios,42.63598653745608,-142.69957726519416,573.4466374307556
470,distance,0,-122.23091134951333,-1.0,1581008049.291638,-1.0,37.48518349296885,10.0,2020-02-06T08:54:09.291638-08:00,119.40259998379518,1.3265208005905151,1581008049.353431,0.6993106741375393,POINT (-122.23091134951333 37.48518349296885),ios,7.108816745771261,0.06844240883701333,0.30304926513705055
471,distance,0,-122.23099197939857,-1.0,1581008050.797301,-1.0,37.485255411126964,10.0,2020-02-06T08:54:10.797301-08:00,65.0,1.0536497831344604,1581008050.862204,0.6997289139032364,POINT (-122.23099197939857 37.485255411126964),ios,7.211867959099905,0.5247325219611187,-1.1329762469611522
472,distance,0,-122.23114853121194,-1.0,1581008057.2179918,-1.0,37.48565288326287,10.0,2020-02-06T08:54:17.217992-08:00,139.3530827656437,1.081802248954773,1581008057.303479,0.7015124391184913,POINT (-122.23114853121194 37.48565288326287),ios,10.581013222154908,-6.749757615103118,6.5333295464571615
473,distance,0,-122.23108517931759,-1.0,1581008058.414256,-1.0,37.48575501526924,10.0,2020-02-06T08:54:18.414256-08:00,141.45797558839772,1.1145262718200684,1581008058.475469,0.7018447347482045,POINT (-122.23108517931759 37.48575501526924),ios,2.506519376513432,1.0658310656483547,-1.3421774214808044
474,distance,0,-122.23118434980998,5.154440854691037,1581008061.9988832,-1.0,37.48577336559546,10.0,2020-02-06T08:54:21.998883-08:00,200.0,2.3797335624694824,1581008062.1125112,0.7028404645125071,POINT (-122.23118434980998 37.48577336559546),ios,6.3271263533372535,-3.7453745615075777,63.403139366705695
475,distance,0,-122.23120336657911,4.849431633113918,1581008062.998869,-1.0,37.48571850257903,10.0,2020-02-06T08:54:22.998869-08:00,200.0,3.056767702102661,1581008063.190783,0.7031182383166419,POINT (-122.23120336657911 37.48571850257903),ios,2.581805369842545,59.65685781601422,-130.78969953041556
476,distance,0,-122.23121110766598,4.614811902488319,1581008063.9988542,-1.0,37.485696111460136,10.0,2020-02-06T08:54:23.998854-08:00,200.0,3.4794797897338867,1581008064.192422,0.7033960119883219,POINT (-122.23121110766598 37.485696111460136),ios,62.23778134105376,-71.1309083873533,84.3287938692488
477,distance,0,-122.23129751746518,-1.0,1581008064.835614,-1.0,37.48523280840609,10.0,2020-02-06T08:54:24.835614-08:00,65.0,3.5864763259887695,1581008064.931956,0.7036284452676773,POINT (-122.23129751746518 37.48523280840609),ios,2.7182962610584025,-0.5679632161491417,0.3002706860369784
478,distance,0,-122.23121305583092,-1.0,1581008068.175243,-1.0,37.485279428907575,10.0,2020-02-06T08:54:28.175243-08:00,65.0,2.029951810836792,1581008068.248409,0.7045561199718051,POINT (-122.23121305583092 37.485279428907575),ios,0.821509870470454,0.4348294552302827,0.46261036806905526
479,distance,0,-122.2311734267886,-1.0,1581008072.460174,-1.0,37.48528307879639,10.0,2020-02-06T08:54:32.460174-08:00,65.0,2.0106098651885986,1581008072.567947,0.705746378633711,POINT (-122.2311734267886 37.48528307879639),ios,2.6847241624132963,2.417083046884334,-3.190397833024213
480,distance,0,-122.23113624892804,-1.0,1581008073.690238,-1.0,37.4852865028781,10.0,2020-02-06T08:54:33.690238-08:00,65.0,2.0056514739990234,1581008073.8054318,0.7060880630546146,POINT (-122.23113624892804 37.4852865028781),ios,5.657890798554731,-1.507310202819113,-7.012898020979709
481,distance,0,-122.23114448708091,0.002198516812983589,1581008073.9986725,-1.0,37.4853007705791,10.0,2020-02-06T08:54:33.998672-08:00,200.0,2.310992479324341,1581008074.103695,0.7061737393008338,POINT (-122.23114448708091 37.4853007705791),ios,5.192984350319077,-3.6703298020195474,3.692364536662433
482,distance,0,-122.23116900153768,0.023278528566903368,1581008074.99865,-1.0,37.48534322698913,10.0,2020-02-06T08:54:34.998650-08:00,200.0,2.6700870990753174,1581008075.0905108,0.7064515108532375,POINT (-122.23116900153768 37.48534322698913),ios,1.5227368053322552,0.02195198378208808,-0.006889291593810921
483,distance,0,-122.2309541447814,-1.0,1581008087.687273,-1.0,37.485309670282916,10.0,2020-02-06T08:54:47.687273-08:00,65.0,2.448012113571167,1581008087.776854,0.7099761283397674,POINT (-122.2309541447814 37.485309670282916),ios,1.80127725058078,-0.06546363965476933,0.7870204204376592
484,distance,0,-122.23094241674029,-1.0,1581008088.826649,-1.0,37.48529373115527,10.0,2020-02-06T08:54:48.826649-08:00,65.0,2.278623104095459,1581008088.894376,0.7102926216522852,POINT (-122.23094241674029 37.48529373115527),ios,1.726689555591065,0.8312484799257153,-1.0321085658640758
485,distance,0,-122.23093123414831,-1.0,1581008095.201589,-1.0,37.48539232586402,10.0,2020-02-06T08:54:55.201589-08:00,65.0,2.3638360500335693,1581008095.275964,0.7120634383625455,POINT (-122.23093123414831 37.48539232586402),ios,7.0258488706620525,-5.748381862919472,5.778962170918804
486,distance,0,-122.23096669893474,-1.0,1581008096.345139,-1.0,37.48545887555093,10.0,2020-02-06T08:54:56.345139-08:00,65.0,2.3536412715911865,1581008096.406355,0.7123810911178589,POINT (-122.23096669893474 37.48545887555093),ios,0.4522872562012261,0.8601498602809131,-0.5076133927633374
487,distance,0,-122.2309716854986,-1.0,1581008102.4388552,-1.0,37.48543440713268,10.0,2020-02-06T08:55:02.438855-08:00,65.0,1.4172897338867188,1581008102.506464,0.7140737900469039,POINT (-122.2309716854986 37.48543440713268),ios,5.693796346537575,-2.2331020663968095,1.7171293227551387
488,distance,0,-122.23089824653108,-1.0,1581008103.976798,-1.0,37.485381436939505,10.0,2020-02-06T08:55:03.976798-08:00,65.0,1.6014002561569214,1581008104.0689769,0.7145009964042239,POINT (-122.23089824653108 37.485381436939505),ios,2.2594129090234465,0.4077447604818094,-0.7023331636946347
489,distance,0,-122.23085158340994,-1.0,1581008110.384295,-1.0,37.48550625707995,10.0,2020-02-06T08:55:10.384295-08:00,65.0,1.9549479484558105,1581008110.449404,0.7162808566623264,POINT (-122.23085158340994 37.48550625707995),ios,4.872036209695268,-4.092452829144902,3.693289145753563
490,distance,0,-122.23088613925471,-1.0,1581008111.5278301,-1.0,37.48554819236549,10.0,2020-02-06T08:55:11.527830-08:00,65.0,2.186837911605835,1581008111.591352,0.7165985053115421,POINT (-122.23088613925471 37.48554819236549),ios,0.19217260233064043,0.13095308077692852,0.08582496010032159
491,distance,0,-122.23088945592944,-1.0,1581008117.934994,-1.0,37.48555894824324,10.0,2020-02-06T08:55:17.934994-08:00,65.0,2.201939344406128,1581008117.998702,0.7183782730499904,POINT (-122.23088945592944 37.48555894824324),ios,1.0312104486325062,0.6808476632815065,-0.41059857649831716
492,distance,0,-122.23089262974341,-1.0,1581008119.077568,-1.0,37.48556924072191,10.0,2020-02-06T08:55:19.077568-08:00,65.0,2.2169463634490967,1581008119.141469,0.7186956547366248,POINT (-122.23089262974341 37.48556924072191),ios,1.8091293356008693,0.2117083758219864,0.03436944921420068
493,distance,0,-122.23091784888557,-1.0,1581008125.49124,-1.0,37.48546682780239,10.0,2020-02-06T08:55:25.491240-08:00,65.0,2.2791028022766113,1581008125.555403,0.720477230283949,POINT (-122.23091784888557 37.48546682780239),ios,3.1669574115023575,0.4321427488840723,-0.4242174459451127
494,distance,0,-122.23093014412187,-1.0,1581008126.635061,-1.0,37.485435745735245,10.0,2020-02-06T08:55:26.635061-08:00,65.0,2.3423118591308594,1581008126.707969,0.7207949583397971,POINT (-122.23093014412187 37.485435745735245),ios,3.6612513631286703,-0.05308607480095253,-0.34909335328525776
495,distance,0,-122.23084526831032,-1.0,1581008133.0455961,-1.0,37.485235703010645,10.0,2020-02-06T08:55:33.045596-08:00,65.0,1.4137825965881348,1581008133.1178951,0.7225756625334422,POINT (-122.23084526831032 37.485235703010645),ios,3.32094121744871,-2.290961268208174,8.800694988672726
496,distance,0,-122.23083679147656,-1.0,1581008134.195277,-1.0,37.48520203200827,10.0,2020-02-06T08:55:34.195277-08:00,65.0,1.3466699123382568,1581008134.2565088,0.7228950183259116,POINT (-122.23083679147656 37.48520203200827),ios,0.687066912677147,7.827029252393965,-7.74661036950084
497,distance,0,-122.23081748452634,-1.0,1581008140.604114,-1.0,37.485238548248766,10.0,2020-02-06T08:55:40.604114-08:00,108.35347823798583,1.373439908027649,1581008140.663217,0.7246752508481343,POINT (-122.23081748452634 37.485238548248766),ios,50.8492222116786,-41.81973452798971,36.67276488796704
498,distance,0,-122.23105041050363,-1.0,1581008141.75395,-1.0,37.485730811142496,10.0,2020-02-06T08:55:41.753950-08:00,65.0,1.6829041242599487,1581008141.8373399,0.7249946497546302,POINT (-122.23105041050363 37.485730811142496),ios,2.7633832902087407,0.3479330842343199,1.1229952662028868
499,distance,0,-122.2312510352692,-1.0,1581008148.1607928,-1.0,37.48573358795301,10.0,2020-02-06T08:55:48.160793-08:00,65.0,1.8682916164398193,1581008148.236145,0.7267743282847934,POINT (-122.2312510352692 37.48573358795301),ios,4.992535834011805,7.542787117284729,-7.228013359009716
500,distance,0,-122.2313169075843,-1.0,1581008149.327373,-1.0,37.48573022261535,10.0,2020-02-06T08:55:49.327373-08:00,65.0,1.9643908739089966,1581008149.3869839,0.7270983783404033,POINT (-122.2313169075843 37.48573022261535),ios,13.791801939324447,-0.8892701540832184,0.08667209496773157
501,distance,0,-122.23199809010005,-1.0,1581008155.74013,-1.0,37.48631373427252,10.0,2020-02-06T08:55:55.740130-08:00,65.0,2.29011869430542,1581008155.815629,0.7288796997070313,POINT (-122.23199809010005 37.48631373427252),ios,8.089128605101573,-0.3334630773200619,0.6965262418226282
502,distance,0,-122.23206894326243,-1.0,1581008156.9313679,-1.0,37.48637968075986,10.0,2020-02-06T08:55:56.931368-08:00,65.0,2.600341558456421,1581008156.99348,0.7292105991310543,POINT (-122.23206894326243 37.48637968075986),ios,7.691894740316131,0.4962653987298299,0.05216726435495858
503,distance,0,-122.2326020042813,-1.0,1581008163.34867,-1.0,37.486514392575636,10.629231452941895,2020-02-06T08:56:03.348670-08:00,65.0,2.990539312362671,1581008163.450253,0.7309931830565135,POINT (-122.2326020042813 37.486514392575636),ios,10.87657974145061,0.8310384954774024,4.371055934349825
504,distance,0,-122.23326121022995,-1.0,1581008169.457759,-1.0,37.48680330871877,11.623053550720215,2020-02-06T08:56:09.457759-08:00,65.0,3.4156405925750732,1581008169.547744,0.7326901521947649,POINT (-122.23326121022995 37.48680330871877),ios,15.953467787737141,27.534207775261812,-1121.7025460215002
505,distance,0,-122.23390836076426,-1.0,1581008175.4666882,-1.0,37.48749581095124,12.328965187072754,2020-02-06T08:56:15.466688-08:00,65.0,3.843106985092163,1581008175.6031551,0.7343592992093828,POINT (-122.23390836076426 37.48749581095124),ios,181.40457433634913,-6712.697033756723,269254.00208649767
506,distance,0,-122.23391457751737,-1.0,1581008175.491616,-1.0,37.48753617823044,11.65722942352295,2020-02-06T08:56:15.491616-08:00,65.0,4.179558753967285,1581008175.6644979,0.7343662236134211,POINT (-122.23391457751737 37.48753617823044),ios,14.07143912144001,-0.7724359798889723,0.03033562749940154
507,distance,0,-122.23486859253275,13.055398978020852,1581008184.9957423,-1.0,37.48847079349264,10.0,2020-02-06T08:56:24.995742-08:00,200.0,5.714908599853516,1581008185.137116,0.737006258699629,POINT (-122.23486859253275 37.48847079349264),ios,6.730110001917395,-0.4841223444309783,-0.3510655249458447
508,distance,0,-122.23485078958161,0.012316446331824564,1581008185.9957156,-1.0,37.48841194138702,10.0,2020-02-06T08:56:25.995716-08:00,200.0,6.149005889892578,1581008186.083539,0.73728402905994,POINT (-122.23485078958161 37.48841194138702),ios,6.246000584947701,-0.8351784949159365,-0.007690050961764292
509,distance,0,-122.23483176338972,0.0076949571138606515,1581008186.995689,-1.0,37.48835783806711,10.0,2020-02-06T08:56:26.995689-08:00,200.0,6.358364105224609,1581008187.08602,0.7375617994202508,POINT (-122.23483176338972 37.48835783806711),ios,5.410844391703611,-0.8428683405311862,0.08213880165415668
510,distance,0,-122.23481801496867,0.009034236752224726,1581008187.9956603,-1.0,37.48831041719191,10.0,2020-02-06T08:56:27.995660-08:00,200.0,6.482653617858887,1581008188.082018,0.7378395692507426,POINT (-122.23481801496867 37.48831041719191),ios,4.568000165829079,-0.7607318888869951,0.10530216884562288
511,distance,0,-122.23480796861138,0.025802647767195742,1581008188.995634,-1.0,37.48827011811895,10.0,2020-02-06T08:56:28.995634-08:00,200.0,6.565313816070557,1581008189.077986,0.7381173397435082,POINT (-122.23480796861138 37.48827011811895),ios,3.807288227929847,-0.6554324817006542,-0.004927165372761055
512,distance,0,-122.23479983064679,0.045512187698963716,1581008189.9956064,-1.0,37.48823649372273,10.0,2020-02-06T08:56:29.995606-08:00,200.0,6.6234893798828125,1581008190.084632,0.7383951098389095,POINT (-122.23479983064679 37.48823649372273),ios,3.1518738732337868,-0.6603595108049942,-1.756569986737187
513,distance,0,-122.23479251849064,0.06565732808552659,1581008190.9955788,-1.0,37.48820874920435,10.0,2020-02-06T08:56:30.995579-08:00,200.0,6.668327331542969,1581008191.080971,0.738672879934311,POINT (-122.23479251849064 37.48820874920435),ios,2.491532625698039,-2.416880916867423,11.140356818813212
514,distance,0,-122.23478446363528,0.08396071748143238,1581008191.995552,-1.0,37.48818727381085,10.0,2020-02-06T08:56:31.995552-08:00,200.0,6.703000068664551,1581008192.100183,0.7389506502946218,POINT (-122.23478446363528 37.48818727381085),ios,0.07471624651379062,8.723178422324926,-2.635582549313322
515,distance,0,-122.23478229977798,-1.0,1581008207.463091,-1.0,37.48817702336697,10.0,2020-02-06T08:56:47.463091-08:00,271.90639909865826,6.703000068664551,1581008207.531057,0.7432471888595157,POINT (-122.23478229977798 37.48817702336697),ios,135.0008172464046,-32.042797008385236,11.412595295574206
516,distance,0,-122.24000070583313,-1.0,1581008211.4350572,-1.0,37.490648881301844,10.0,2020-02-06T08:56:51.435057-08:00,65.0,6.722157955169678,1581008211.512959,0.7443505128224691,POINT (-122.24000070583313 37.490648881301844),ios,7.7279084405591165,13.28764652035949,-12.823285294588366
517,distance,0,-122.24008763706823,-1.0,1581008212.59007,-1.0,37.49068994131245,10.0,2020-02-06T08:56:52.590070-08:00,65.0,6.740248203277588,1581008212.658036,0.7446713497241338,POINT (-122.24008763706823 37.49068994131245),ios,23.07531086458907,-1.5234127227237433,1.9094040000793218
518,distance,0,-122.24105044036715,-1.0,1581008218.999944,-1.0,37.49177888527667,10.703177452087402,2020-02-06T08:56:58.999944-08:00,65.0,6.762758731842041,1581008219.106155,0.7464518702692455,POINT (-122.24105044036715 37.49177888527667),ios,13.310427319209687,10.715626261091584,-8.945243795770091
519,distance,0,-122.24115232317324,-1.0,1581008220.163759,-1.0,37.49189234578346,10.543966293334961,2020-02-06T08:57:00.163759-08:00,65.0,6.782635688781738,1581008220.2359462,0.7467751522196664,POINT (-122.24115232317324 37.49189234578346),ios,25.781434126807536,0.3050171604614574,-0.39796254303463885
520,distance,0,-122.24410777559247,-1.0,1581008234.390376,-1.0,37.4942122035207,13.991349220275879,2020-02-06T08:57:14.390376-08:00,165.0,6.7871270179748535,1581008234.4859781,0.7507269903024038,POINT (-122.24410777559247 37.4942122035207),ios,30.12079647696757,-5.356643558580838,35.43953611663636
521,distance,0,-122.24445618624048,-1.0,1581008235.5569081,-1.0,37.49436529237041,14.092103004455566,2020-02-06T08:57:15.556908-08:00,165.0,6.791584491729736,1581008235.626395,0.7510510269800822,POINT (-122.24445618624048 37.49436529237041),ios,23.872100140939295,35.98471079153714,-1513.3302526760936
522,distance,0,-122.24599648119633,-1.0,1581008242.4280229,-1.0,37.495191455701125,10.0,2020-02-06T08:57:22.428023-08:00,165.0,2.4494385719299316,1581008242.5277262,0.7529596699608697,POINT (-122.24599648119633 37.495191455701125),ios,271.1271765455059,-10362.281080989362,416037.4031675208
523,distance,0,-122.24605461846107,-1.0,1581008242.452991,-1.0,37.49515172249519,10.0,2020-02-06T08:57:22.452991-08:00,165.0,2.2350072860717773,1581008242.5689878,0.7529666055573357,POINT (-122.24605461846107 37.49515172249519),ios,12.40021638107099,25.402074384080354,-37.79778916767676
524,distance,0,-122.24615336443654,-1.0,1581008243.1865358,-1.0,37.495175254658506,10.0,2020-02-06T08:57:23.186536-08:00,165.0,2.141528367996216,1581008243.252219,0.7531703680091434,POINT (-122.24615336443654 37.495175254658506),ios,31.03377662807356,-2.3242983132927404,2.6386850189745337
525,distance,0,-122.24603124241678,-1.0,1581008244.687944,-1.0,37.49558293193695,10.0,2020-02-06T08:57:24.687944-08:00,65.0,2.274427652359009,1581008244.780126,0.7535874258147346,POINT (-122.24603124241678 37.49558293193695),ios,27.54405631338159,1.6374447478824887,-2.031417806436449
526,distance,0,-122.2477866988774,-1.0,1581008251.098092,-1.0,37.49634547371588,10.0,2020-02-06T08:57:31.098092-08:00,157.93528092595832,2.304407835006714,1581008251.1921968,0.7553680225213368,POINT (-122.2477866988774 37.49634547371588),ios,38.04031972454369,-11.384244333264009,16.190037151497233
527,distance,0,-122.24829470714342,-1.0,1581008252.293227,-1.0,37.4964141662593,10.0,2020-02-06T08:57:32.293227-08:00,159.9455487563189,2.337829828262329,1581008252.353778,0.7557000044319365,POINT (-122.24829470714342 37.4964141662593),ios,24.434612260380828,7.965033745173348,-18.110135526638203
528,distance,0,-122.24940709455866,-1.0,1581008258.705977,-1.0,37.49751274469449,10.166297912597656,2020-02-06T08:57:38.705977-08:00,165.0,2.3910276889801025,1581008258.81128,0.7574813238779704,POINT (-122.24940709455866 37.49751274469449),ios,75.5123824553175,-108.17073795690281,253.95706962414928
529,distance,0,-122.24971409235957,-1.0,1581008259.1690211,-1.0,37.49771163277889,10.0,2020-02-06T08:57:39.169021-08:00,65.0,3.452911853790283,1581008259.243036,0.7576099472575718,POINT (-122.24971409235957 37.49771163277889),ios,25.42455325134877,9.422601690486182,-0.42670076417022845
530,distance,0,-122.2496802724845,-1.0,1581008259.9128509,-1.0,37.497879578431736,10.0,2020-02-06T08:57:39.912851-08:00,65.0,3.516314744949341,1581008259.977604,0.7578165666262309,POINT (-122.2496802724845 37.497879578431736),ios,32.433364496041555,9.105208977488994,-395.8973469494601
531,distance,0,-122.25130548117882,-1.0,1581008266.814589,-1.0,37.499425558108236,10.0,2020-02-06T08:57:46.814589-08:00,65.0,2.8377623558044434,1581008266.951087,0.7597337161170111,POINT (-122.25130548117882 37.499425558108236),ios,95.27513281275004,-2723.274620602057,93902.95311046213
532,distance,0,-122.2513240384586,-1.0,1581008266.84372,-1.0,37.499445713992166,10.0,2020-02-06T08:57:46.843720-08:00,65.0,2.8116085529327393,1581008266.992147,0.7597418080435859,POINT (-122.2513240384586 37.499445713992166),ios,15.943595031120068,12.206265582803411,-9.155601904471746
533,distance,0,-122.25141681078391,-1.0,1581008267.6529388,-1.0,37.499535411033484,10.0,2020-02-06T08:57:47.652939-08:00,65.0,2.792973041534424,1581008267.719939,0.7599665910667843,POINT (-122.25141681078391 37.499535411033484),ios,25.821135637916544,4.797379631764431,-15.764503592252284
534,distance,0,-122.25261820107518,-1.0,1581008274.07444,-1.0,37.50068220535774,10.0,2020-02-06T08:57:54.074440-08:00,115.59943032513256,2.292875051498413,1581008274.264749,0.7617503413889143,POINT (-122.25261820107518 37.50068220535774),ios,56.62751450665933,-96.43439846747347,242.76852919803503
535,distance,0,-122.25240185377582,-1.0,1581008274.6006188,-1.0,37.500476426976554,10.0,2020-02-06T08:57:54.600619-08:00,65.0,2.0456182956695557,1581008274.767261,0.7618965021769206,POINT (-122.25240185377582 37.500476426976554),ios,5.88577489136572,31.305263843060107,239.90955631092788
536,distance,0,-122.25243294262026,-1.0,1581008275.330083,-1.0,37.5005061349199,10.0,2020-02-06T08:57:55.330083-08:00,65.0,2.0145232677459717,1581008275.385116,0.7620991310808394,POINT (-122.25243294262026 37.5005061349199),ios,28.72183956923448,206.31066140880097,-7660.511265916023
537,distance,0,-122.25422201039473,-1.0,1581008282.371851,-1.0,37.50164361759157,10.0,2020-02-06T08:58:02.371851-08:00,149.83114509400718,2.6549811363220215,1581008282.5001512,0.7640551777680715,POINT (-122.25422201039473 37.50164361759157),ios,1481.513668410907,-53737.23300170903,2012658.9489329522
538,distance,0,-122.25465287458906,-1.0,1581008282.398528,-1.0,37.50174104986903,10.0,2020-02-06T08:58:02.398528-08:00,149.83206549753527,2.7917263507843018,1581008282.549086,0.7640625880824194,POINT (-122.25465287458906 37.50174104986903),ios,47.95842896540515,-45.26524877412038,90.00288833567352
539,distance,0,-122.25497191953818,-1.0,1581008283.0335789,-1.0,37.50184571909832,10.0,2020-02-06T08:58:03.033579-08:00,150.36235887403015,2.8660709857940674,1581008283.109179,0.7642389910750919,POINT (-122.25497191953818 37.50184571909832),ios,19.21269771327084,11.89115509153805,124.71266301965888
540,distance,0,-122.25526199507001,-1.0,1581008284.5554981,-1.0,37.501972964682935,10.0,2020-02-06T08:58:04.555498-08:00,153.6006530435771,2.9229156970977783,1581008284.686098,0.7646617464224498,POINT (-122.25526199507001 37.501972964682935),ios,37.31007555762434,201.6937577208149,-9993.571021638101
541,distance,0,-122.2570273118953,-1.0,1581008291.4252582,-1.0,37.50380381395062,10.0,2020-02-06T08:58:11.425258-08:00,165.0,2.9754655361175537,1581008291.538018,0.7665700130992465,POINT (-122.2570273118953 37.50380381395062),ios,1422.8977919532394,-68451.74106833835,3418503.4766916838
542,distance,0,-122.2570884369392,-1.0,1581008291.445271,-1.0,37.5040552741928,10.0,2020-02-06T08:58:11.445271-08:00,165.0,2.9854543209075928,1581008291.585064,0.7665755722257827,POINT (-122.2570884369392 37.5040552741928),ios,52.982987190322554,-37.72486123940013,42.36368797812769
543,distance,0,-122.25684196699265,-1.0,1581008292.2139769,-1.0,37.50436499887029,10.0,2020-02-06T08:58:12.213977-08:00,65.0,2.9972355365753174,1581008292.3168569,0.766789101627138,POINT (-122.25684196699265 37.50436499887029),ios,23.983665858340764,-5.159646679976772,13.062681527555773
544,distance,0,-122.25651892886309,-1.0,1581008293.734344,-1.0,37.50456960518342,10.0,2020-02-06T08:58:13.734344-08:00,65.0,2.60672664642334,1581008293.849516,0.7672114258342319,POINT (-122.25651892886309 37.50456960518342),ios,16.139108563518157,14.700425147149472,-17.635970556452016
545,distance,0,-122.25744101378628,-1.0,1581008300.159217,-1.0,37.50514798004906,10.0,2020-02-06T08:58:20.159217-08:00,156.20945277472418,3.4901528358459473,1581008300.3786259,0.7689961127440135,POINT (-122.25744101378628 37.50514798004906),ios,110.58747134554703,-98.60844370906518,89.7043099170791
546,distance,0,-122.25825382970478,-1.0,1581008301.055119,-1.0,37.50576289790264,10.0,2020-02-06T08:58:21.055119-08:00,65.0,4.451294898986816,1581008301.1433902,0.769244974454244,POINT (-122.25825382970478 37.50576289790264),ios,22.24395394496226,-18.24215897742215,47.302689129297164
547,distance,0,-122.2583247114201,-1.0,1581008301.438295,-1.0,37.50581499179667,10.0,2020-02-06T08:58:21.438295-08:00,65.0,4.5607829093933105,1581008301.535867,0.7693514121903313,POINT (-122.2583247114201 37.50581499179667),ios,15.253999174512176,-0.11691086705992929,-0.09717486575101542
548,distance,0,-122.25962829181306,-1.0,1581008311.334546,-1.0,37.50669457548557,10.0,2020-02-06T08:58:31.334546-08:00,237.07081612180747,4.5607829093933105,1581008311.597404,0.7721003708574506,POINT (-122.25962829181306 37.50669457548557),ios,14.097019865886788,-1.0785777490166144,1826.3041836692246
549,distance,0,-122.25963745670877,-1.0,1581008311.409831,-1.0,37.50670075920699,10.0,2020-02-06T08:58:31.409831-08:00,237.0798728261511,4.5607829093933105,1581008311.654982,0.7721212833457523,POINT (-122.25963745670877 37.50670075920699),ios,14.015819185475573,136.41465580507574,-241.14116771753646
550,distance,0,-122.25971787992603,-1.0,1581008312.074294,-1.0,37.50675502220504,10.0,2020-02-06T08:58:32.074294-08:00,237.74300116006603,4.5607829093933105,1581008312.1383672,0.7723058564133114,POINT (-122.25971787992603 37.50675502220504),ios,104.65831652055522,-23.814738340428605,10.18785063680743
551,distance,0,-122.26133012313275,-1.0,1581008315.011204,-1.0,37.50920562601715,10.0,2020-02-06T08:58:35.011204-08:00,65.0,4.0,1581008315.159048,0.7731216647227606,POINT (-122.26133012313275 37.50920562601715),ios,34.71657538883628,6.10606119733273,-298.52588603961834
552,distance,0,-122.26354534616944,-1.0,1581008322.192457,-1.0,37.51059814855278,10.0,2020-02-06T08:58:42.192457-08:00,65.0,4.0,1581008322.3037791,0.7751164572106467,POINT (-122.26354534616944 37.51059814855278),ios,78.56574541408254,-2137.6838404837345,95722.71824289716
553,distance,0,-122.26356098498376,-1.0,1581008322.214859,-1.0,37.51060797934681,10.0,2020-02-06T08:58:42.214859-08:00,65.0,4.0,1581008322.345185,0.7751226800017886,POINT (-122.26356098498376 37.51060797934681),ios,30.67724917354009,6.701098905699583,-272.980176009055
554,distance,0,-122.2654247744923,-1.0,1581008329.352109,-1.0,37.51190856778795,10.0,2020-02-06T08:58:49.352109-08:00,65.0,3.897690773010254,1581008329.4947228,0.7771052494313981,POINT (-122.2654247744923 37.51190856778795),ios,78.50466698036715,-1941.6266477362142,80550.55116753833
555,distance,0,-122.26540344327482,-1.0,1581008329.376598,-1.0,37.51191212035198,10.0,2020-02-06T08:58:49.376598-08:00,65.0,3.8919193744659424,1581008329.53579,0.7771120519108242,POINT (-122.26540344327482 37.51191212035198),ios,30.956315812789043,30.969833735451406,-1322.2505438892167
556,distance,0,-122.26664614913769,-1.0,1581008336.401777,-1.0,37.51360132996235,10.0,2020-02-06T08:58:56.401777-08:00,65.0,3.9933462142944336,1581008336.524857,0.7790634905629688,POINT (-122.26664614913769 37.51360132996235),ios,248.5249459794481,-9258.077115256949,399508.29130252445
557,distance,0,-122.2666167493731,-1.0,1581008336.425282,-1.0,37.513648404866025,10.0,2020-02-06T08:58:56.425282-08:00,65.0,4.001756191253662,1581008336.566136,0.7790700197219849,POINT (-122.2666167493731 37.513648404866025),ios,30.91409837235124,132.35426850588175,-5408.108919258961
558,distance,0,-122.26885749112554,-1.0,1581008345.9193602,-1.0,37.51559983235713,10.0,2020-02-06T08:59:05.919360-08:00,165.0,6.86135196685791,1581008346.065485,0.7817072636551328,POINT (-122.26885749112554 37.51559983235713),ios,1287.4958682884428,-51212.65450512069,2318850.850426286
559,distance,0,-122.26917736130838,-1.0,1581008345.941298,-1.0,37.51558758757622,10.0,2020-02-06T08:59:05.941298-08:00,165.0,7.338263511657715,1581008346.110708,0.7817133575015598,POINT (-122.26917736130838 37.51558758757622),ios,164.00048225200499,-342.0590139201826,826.6685788034725
560,distance,0,-122.2699287449511,-1.0,1581008346.3662539,-1.0,37.51578157695112,10.0,2020-02-06T08:59:06.366254-08:00,65.0,8.256776809692383,1581008346.4365249,0.781831400791804,POINT (-122.2699287449511 37.51578157695112),ios,18.640504993024717,9.238630420293585,5.0874513220715185
561,distance,0,-122.26998421934431,-1.0,1581008347.885528,-1.0,37.51603243541582,10.0,2020-02-06T08:59:07.885528-08:00,65.0,7.513405799865723,1581008347.958722,0.7822534214125739,POINT (-122.26998421934431 37.51603243541582),ios,32.676518155155065,16.96786413457221,-849.7167438368457
562,distance,0,-122.27190277511028,-1.0,1581008355.060895,-1.0,37.51749205276312,10.0,2020-02-06T08:59:15.060895-08:00,65.0,7.278530120849609,1581008355.188606,0.7842465788788265,POINT (-122.27190277511028 37.51749205276312),ios,154.42716846541413,-6080.06151570729,273583.0629435509
563,distance,0,-122.27193888180628,-1.0,1581008355.0832372,-1.0,37.51750399483174,10.0,2020-02-06T08:59:15.083237-08:00,65.0,7.266464710235596,1581008355.234569,0.7842527850468953,POINT (-122.27193888180628 37.51750399483174),ios,18.585187379415093,32.3873741300111,164.01790676724676
564,distance,0,-122.27199867315358,-1.0,1581008355.4657822,-1.0,37.51754687937928,10.0,2020-02-06T08:59:15.465782-08:00,65.0,7.251774787902832,1581008355.5322819,0.784359047545327,POINT (-122.27199867315358 37.51754687937928),ios,30.97481523312911,95.1316033482831,-3881.090857334194
565,distance,0,-122.27365430516303,-1.0,1581008362.686798,-1.0,37.519070602002586,10.0,2020-02-06T08:59:22.686798-08:00,125.36845257897245,7.086800575256348,1581008362.804152,0.7863648853037093,POINT (-122.27365430516303 37.519070602002586),ios,717.921638474245,-27930.287303921512,1221839.4781174879
566,distance,0,-122.27358823385427,-1.0,1581008362.7094622,-1.0,37.51920722523291,10.0,2020-02-06T08:59:22.709462-08:00,125.36915746258008,7.052260875701904,1581008362.856256,0.7863711808787451,POINT (-122.27358823385427 37.51920722523291),ios,84.90764828403024,-238.4316850039544,731.4701027123291
567,distance,0,-122.27345032607857,-1.0,1581008363.0458112,-1.0,37.51943960268846,10.0,2020-02-06T08:59:23.045811-08:00,65.0,7.01180362701416,1581008363.114524,0.7864646111594306,POINT (-122.27345032607857 37.51943960268846),ios,4.711386968844532,7.597560229919495,-5.103289961162842
568,distance,0,-122.27349714161714,-1.0,1581008364.559647,-1.0,37.519491904161065,10.0,2020-02-06T08:59:24.559647-08:00,65.0,7.002643585205078,1581008364.627502,0.7868851211335924,POINT (-122.27349714161714 37.519491904161065),ios,16.21284645035829,-0.12798335703174418,-0.0018922517435537738
569,distance,0,-122.27544327794334,-1.0,1581008381.261121,-1.0,37.52137538436759,10.0,2020-02-06T08:59:41.261121-08:00,352.6025581039987,7.002643585205078,1581008381.749939,0.791524419453409,POINT (-122.27544327794334 37.52137538436759),ios,14.075335746687601,-0.1595867502360847,0.013610045608933639
570,distance,0,-122.27554792417132,-1.0,1581008382.295537,-1.0,37.521476658341506,10.0,2020-02-06T08:59:42.295537-08:00,353.82362584064106,7.002643585205078,1581008383.2650142,0.7918117572201623,POINT (-122.27554792417132 37.521476658341506),ios,13.910256665189088,-0.145508301837631,-0.9091160355444939
571,distance,0,-122.27559536280083,-1.0,1581008382.7700272,-1.0,37.52152256824788,10.0,2020-02-06T08:59:42.770027-08:00,354.06677025812803,7.002643585205078,1581008384.0914578,0.7919435600439707,POINT (-122.27559536280083 37.52152256824788),ios,13.841214406937905,-0.5768749201931646,2.6339915615075093
572,distance,0,-122.27561150412171,-1.0,1581008382.932281,-1.0,37.52153818941018,10.0,2020-02-06T08:59:42.932281-08:00,354.0979249643417,7.002643585205078,1581008384.139544,0.7919886305597094,POINT (-122.27561150412171 37.52153818941018),ios,13.747614226326748,-0.1494996309314793,-0.14410071275576483
573,distance,0,-122.27568133947796,-1.0,1581008383.639051,-1.0,37.52160577430248,10.0,2020-02-06T08:59:43.639051-08:00,354.6194933470851,7.002643585205078,1581008384.187924,0.792184955543942,POINT (-122.27568133947796 37.52160577430248),ios,13.641952380659308,-0.25134568350632636,0.20206394214044648
574,distance,0,-122.27570881655414,-1.0,1581008383.919287,-1.0,37.52163236592216,10.0,2020-02-06T08:59:43.919287-08:00,354.6776621217246,7.002643585205078,1581008384.227302,0.7922627988788816,POINT (-122.27570881655414 37.52163236592216),ios,13.571516270242677,-0.19472009144810404,-0.1562196888432122
575,distance,0,-122.2757461203225,-1.0,1581008384.301719,-1.0,37.52166846756612,10.0,2020-02-06T08:59:44.301719-08:00,354.8558274612202,7.002643585205078,1581008384.3934112,0.7923690299855338,POINT (-122.2757461203225 37.52166846756612),ios,13.49704907935569,-0.25446349698411447,0.2857733237601009
576,distance,0,-122.27577735775237,-1.0,1581008384.623726,-1.0,37.521698698241316,10.0,2020-02-06T08:59:44.623726-08:00,354.9832774383071,7.002643585205078,1581008384.687001,0.7924584763579898,POINT (-122.27577735775237 37.521698698241316),ios,13.415110067135961,-0.16244250322596687,-1.4268261867187515
577,distance,0,-122.27582146524642,-1.0,1581008385.0811791,-1.0,37.52174138417246,10.0,2020-02-06T08:59:45.081179-08:00,355.2425015816547,7.002643585205078,1581008385.626703,0.7925855467054579,POINT (-122.27582146524642 37.52174138417246),ios,13.340800215953344,-0.8151487807883216,2.670708488480705
578,distance,0,-122.27584577108667,-1.0,1581008385.334667,-1.0,37.52176490663383,10.0,2020-02-06T08:59:45.334667-08:00,355.32289473502226,7.002643585205078,1581008385.6837502,0.7926559599902895,POINT (-122.27584577108667 37.52176490663383),ios,13.134169924139005,-0.13815669378291426,0.013140089189656694
579,distance,0,-122.27601081939176,-1.0,1581008387.083049,-1.0,37.52192463528465,10.0,2020-02-06T08:59:47.083049-08:00,359.1636163627124,7.002643585205078,1581008387.2312698,0.793141621682379,POINT (-122.27601081939176 37.52192463528465),ios,12.89261923490504,-0.11518279716271382,-2.428590286494769
580,distance,0,-122.27606865294297,-1.0,1581008387.707166,-1.0,37.521980604717946,10.0,2020-02-06T08:59:47.707166-08:00,359.66794960674645,7.002643585205078,1581008387.893384,0.7933149874872631,POINT (-122.27606865294297 37.521980604717946),ios,12.820731704884913,-1.6309070322700572,13.925650016108195
581,distance,0,-122.27607730104242,-1.0,1581008387.801013,-1.0,37.52198897360193,10.0,2020-02-06T08:59:47.801013-08:00,359.6794834586893,7.002643585205078,1581008387.948102,0.7933410561084747,POINT (-122.27607730104242 37.52198897360193),ios,12.667675913324922,-0.32402604884812225,0.11554012856305056
582,distance,0,-122.27620896934147,-1.0,1581008389.247108,-1.0,37.52211639081364,10.0,2020-02-06T08:59:49.247108-08:00,362.4188171377026,7.002643585205078,1581008389.384227,0.7937427491611905,POINT (-122.27620896934147 37.52211639081364),ios,12.199103467528541,-0.1569440478149493,0.015668321905506377
583,distance,0,-122.27650625580054,-1.0,1581008392.637573,-1.0,37.522404078981346,10.0,2020-02-06T08:59:52.637573-08:00,377.0088202518179,7.002643585205078,1581008392.882076,0.7946845450003942,POINT (-122.27650625580054 37.522404078981346),ios,11.666990163136864,-0.10382115045447135,44134.9334161869
584,distance,0,-122.2766999706385,-1.0,1581008394.947592,-1.0,37.52259153947641,10.0,2020-02-06T08:59:54.947592-08:00,384.2309381522489,7.002643585205078,1581008395.713129,0.7953262169493569,POINT (-122.2766999706385 37.52259153947641),ios,11.427161331296436,101952.43165186925,-7875424.710955214
585,distance,0,-122.2767280379799,-1.0,1581008395.289315,-1.0,37.52261870062609,10.0,2020-02-06T08:59:55.289315-08:00,384.3929970860205,7.002643585205078,1581008395.7615829,0.7954211399952571,POINT (-122.2767280379799 37.52261870062609),ios,34850.91441888527,-2589261.0531038847,197126829.20249128
586,distance,0,-122.28072456910357,-1.0,1581008395.302243,-1.0,37.52514286243035,10.0,2020-02-06T08:59:55.302243-08:00,165.0,7.794769287109375,1581008395.806371,0.7954247311088773,POINT (-122.28072456910357 37.52514286243035),ios,1376.924135037218,-40803.624487387744,1329686.9404224446
587,distance,0,-122.28109391063624,-1.0,1581008395.332502,-1.0,37.525376517769246,10.0,2020-02-06T08:59:55.332502-08:00,165.0,7.886096000671387,1581008395.8573751,0.7954331363572015,POINT (-122.28109391063624 37.525376517769246),ios,142.25158821733683,-568.7683482727545,3781.357742178134
588,distance,0,-122.28128365610873,-1.0,1581008395.483782,-1.0,37.52549821190409,10.0,2020-02-06T08:59:55.483782-08:00,165.0,7.923183917999268,1581008395.907345,0.7954751586251788,POINT (-122.28128365610873 37.52549821190409),ios,56.2082188038926,3.276073824012614,-213.77831712930194
589,distance,0,-122.28474934157938,-1.0,1581008402.551095,-1.0,37.52778034872154,10.0,2020-02-06T09:00:02.551095-08:00,65.0,5.84151029586792,1581008403.910336,0.7974383011129167,POINT (-122.28474934157938 37.52778034872154),ios,79.36125778467871,-1507.5621965050648,53623.64850629001
590,distance,0,-122.2847699259154,-1.0,1581008402.580037,-1.0,37.52779300547518,10.0,2020-02-06T09:00:02.580037-08:00,65.0,5.741129398345947,1581008404.749155,0.797446340587404,POINT (-122.2847699259154 37.52779300547518),ios,35.72922964409977,44.4192381919808,-2009.3736437346356
591,distance,0,-122.286902803063,-1.0,1581008409.488816,-1.0,37.529230713433236,10.0,2020-02-06T09:00:09.488816-08:00,163.08756472534063,3.3228442668914795,1581008409.612053,0.7993654458390342,POINT (-122.286902803063 37.529230713433236),ios,342.6119254796065,-13837.899005650057,601984.3703497887
592,distance,0,-122.28683769234364,-1.0,1581008409.511812,-1.0,37.529182193769074,10.0,2020-02-06T09:00:09.511812-08:00,163.08823433884788,2.8006784915924072,1581008409.656365,0.7993718336025873,POINT (-122.28683769234364 37.529182193769074),ios,24.396308563674935,5.302748199406691,-275.4564363240017
593,distance,0,-122.28800319030589,-1.0,1581008416.984462,-1.0,37.5305363328628,10.0,2020-02-06T09:00:16.984462-08:00,65.0,0.9947599172592163,1581008417.261378,0.8014475697278977,POINT (-122.28800319030589 37.5305363328628),ios,64.02189016703163,-2053.0868047776353,93860.06971352475
594,distance,0,-122.28798729368279,-1.0,1581008417.006472,-1.0,37.53053762559116,10.0,2020-02-06T09:00:17.006472-08:00,65.0,0.8470615744590759,1581008417.307966,0.8014536836412218,POINT (-122.28798729368279 37.53053762559116),ios,18.833268990155336,12.781586198189125,-12.238024574083006
595,distance,0,-122.28874560112568,-1.0,1581008422.4351501,-1.0,37.53123317169913,10.0,2020-02-06T09:00:22.435150-08:00,123.58501531133878,0.3331947326660156,1581008422.516999,0.8029616497622596,POINT (-122.28874560112568 37.53123317169913),ios,88.22038524613211,-53.65470900793374,55.047594057507666
596,distance,0,-122.28974959464679,-1.0,1581008423.439112,-1.0,37.53125644312601,10.0,2020-02-06T09:00:23.439112-08:00,65.0,0.04693710803985596,1581008423.5727758,0.8032405280404621,POINT (-122.28974959464679 37.53125644312601),ios,34.35310693001641,1.6109726918749125,-41.9699368363774
597,distance,0,-122.29164193602257,-1.0,1581008430.024015,-1.0,37.53263001931827,10.0,2020-02-06T09:00:30.024015-08:00,65.0,0.9297442436218262,1581008430.124745,0.8050696677631802,POINT (-122.29164193602257 37.53263001931827),ios,44.96120584453763,-274.7569903667252,5477.248883584457
598,distance,0,-122.29166792929004,-1.0,1581008430.092097,-1.0,37.53264826599667,10.0,2020-02-06T09:00:30.092097-08:00,65.0,0.9656840562820435,1581008430.168882,0.8050885794560114,POINT (-122.29166792929004 37.53264826599667),ios,26.25517454634109,98.14558404126406,-4548.054345846696
599,distance,0,-122.2937728480607,-1.0,1581008439.215641,-1.0,37.534010071207376,10.0,2020-02-06T09:00:39.215641-08:00,158.83888508982494,2.3932530879974365,1581008439.339343,0.8076228972276052,POINT (-122.2937728480607 37.534010071207376),ios,921.6907267675383,-41396.22825343089,1897825.7321174294
600,distance,0,-122.29366988745619,-1.0,1581008439.237453,-1.0,37.53384875819699,10.0,2020-02-06T09:00:39.237453-08:00,158.83939697019622,2.644594669342041,1581008439.398075,0.807628956105974,POINT (-122.29366988745619 37.53384875819699),ios,18.757763874677348,-0.925259538425765,1.2142266169155596
601,distance,0,-122.29424647998277,24.510000228881836,1581008445.9982939,324.84375,37.53489359751114,24.0,2020-02-06T09:00:45.998294-08:00,10.0,2.7582359313964844,1581008446.219469,0.8095069674650828,POINT (-122.29424647998277 37.53489359751114),ios,12.502231350842818,7.283933426333129,-6.630495347478964
602,distance,0,-122.29438796650831,20.489999771118164,1581008446.9982743,319.5703125,37.534886305255384,8.0,2020-02-06T09:00:46.998274-08:00,10.0,9.196529388427734,1581008447.11991,0.8097847398122152,POINT (-122.29438796650831 37.534886305255384),ios,19.78602237392121,0.6535677071830838,-1.3824124204238426
603,distance,0,-122.29453741584186,20.040000915527344,1581008447.9982538,318.515625,37.535019032692105,4.0,2020-02-06T09:00:47.998254-08:00,10.0,9.257564544677734,1581008448.140417,0.810062511894438,POINT (-122.29453741584186 37.535019032692105),ios,20.43957668035346,-0.728816368259528,1.0143291255067528
604,distance,0,-122.29468627844219,19.899999618530273,1581008448.998232,318.1640625,37.53515993248442,4.0,2020-02-06T09:00:48.998232-08:00,10.0,9.390316009521484,1581008449.101639,0.8103402835792965,POINT (-122.29468627844219 37.53515993248442),ios,19.710776298323324,0.28549050843561097,-1.0799030303144692
605,distance,0,-122.29483857762281,19.809999465942383,1581008449.998211,317.4609375,37.535289684345514,4.0,2020-02-06T09:00:49.998211-08:00,10.0,9.410091400146484,1581008450.140442,0.8106180555290646,POINT (-122.29483857762281 37.535289684345514),ios,19.996260816929695,-0.7943898646116055,-0.10315723590063
606,distance,0,-122.29492822442484,19.739999771118164,1581008450.9981894,324.0958557128906,37.53545486365203,4.0,2020-02-06T09:00:50.998189-08:00,10.0,9.44210433959961,1581008451.102635,0.8108958273463779,POINT (-122.29492822442484 37.53545486365203),ios,19.20188799807534,-0.8975448869980909,0.13996508906062416
607,distance,0,-122.29505093282478,19.670000076293945,1581008451.998167,326.48968505859375,37.53559752110374,4.0,2020-02-06T09:00:51.998167-08:00,10.0,9.454952239990234,1581008452.1049619,0.8111735988987817,POINT (-122.29505093282478 37.53559752110374),ios,18.304363226266652,-0.7575829347435665,-15.657877101188259
608,distance,0,-122.29515572975737,19.59000015258789,1581008452.9981446,330.8098449707031,37.53573961647348,4.0,2020-02-06T09:00:52.998145-08:00,30.0,9.455379486083984,1581008453.1287189,0.8114513704511854,POINT (-122.29515572975737 37.53573961647348),ios,17.54679726997669,-16.415109121823665,57.95231861878201
609,distance,0,-122.29525276539454,-1.0,1581008453.9981227,329.6380615234375,37.535877383092604,4.0,2020-02-06T09:00:53.998123-08:00,30.0,9.40786361694336,1581008454.260716,0.811729142136044,POINT (-122.29525276539454 37.535877383092604),ios,1.1320482055163428,41.53593834128796,-61.93732445656933
610,distance,0,-122.29524629656726,-1.0,1581008454.998099,329.6380615234375,37.53586858934063,4.0,2020-02-06T09:00:54.998099-08:00,50.0,9.563045501708984,1581008455.159884,0.8120069133573108,POINT (-122.29524629656726 37.53586858934063),ios,42.667006155803605,-20.39992418140123,4.899544492452549
611,distance,0,-122.29551446579444,-1.0,1581008455.998076,324.3179931640625,37.53618797811511,4.0,2020-02-06T09:00:55.998076-08:00,50.0,9.663387298583984,1581008456.15694,0.8122846847110324,POINT (-122.29551446579444 37.53618797811511),ios,22.267553755333275,-15.500492998764985,20.042925087726708
612,distance,0,-122.29566563601927,-1.0,1581008456.9980526,322.8200378417969,37.536348388197375,4.0,2020-02-06T09:00:56.998053-08:00,100.0,9.75539779663086,1581008457.203127,0.8125624559985267,POINT (-122.29566563601927 37.536348388197375),ios,6.76742292590887,4.541963785601116,-5.928411378364545
613,distance,0,-122.29575814782089,1.766300162325494,1581008458.9980054,322.8200378417969,37.53644551691786,10.0,2020-02-06T09:00:58.998005-08:00,200.0,9.755398750305176,1581008459.194835,0.8131179984410604,POINT (-122.29575814782089 37.53644551691786),ios,15.851136085177789,-7.314579109331375,2.08260676565331
614,distance,0,-122.29586663986855,2.6266955180178444,1581008459.9979796,322.647705078125,37.53655917864313,10.0,2020-02-06T09:00:59.997980-08:00,200.0,10.074471473693848,1581008460.15533,0.8133957690662807,POINT (-122.29586663986855 37.53655917864313),ios,8.536745320454674,-5.232025969149822,5.185965315761969
615,distance,0,-122.2959252210984,3.186611319856488,1581008460.997956,322.647705078125,37.53662030080235,10.0,2020-02-06T09:01:00.997956-08:00,200.0,10.07081413269043,1581008461.188243,0.8136735402875477,POINT (-122.2959252210984 37.53662030080235),ios,3.3048428451123937,-0.04618306000555647,-0.0012895023860568485
616,distance,0,-122.296690803743,-1.0,1581008483.156457,-1.0,37.53687560192643,10.0,2020-02-06T09:01:23.156457-08:00,674.8468624104754,10.07081413269043,1581008483.339829,0.8198286794291603,POINT (-122.296690803743 37.53687560192643),ios,2.281495467961678,-0.07475649980019325,-0.10111544376811193
617,distance,0,-122.29670637203158,-1.0,1581008484.0630279,-1.0,37.53688951584504,10.0,2020-02-06T09:01:24.063028-08:00,675.3769384147594,10.07081413269043,1581008484.131384,0.820080504682329,POINT (-122.29670637203158 37.53688951584504),ios,2.2137233998041843,-0.16642481981442134,0.518673492117327
618,distance,0,-122.29671406912378,-1.0,1581008484.524966,-1.0,37.536896395002884,10.0,2020-02-06T09:01:24.524966-08:00,675.5699257075805,10.07081413269043,1581008484.644906,0.8202088208331002,POINT (-122.29671406912378 37.536896395002884),ios,2.1368454276271986,0.07317024984165273,0.6867948760915512
619,distance,0,-122.29677975111676,-1.0,1581008488.608664,-1.0,37.53695509727457,10.0,2020-02-06T09:01:28.608664-08:00,689.889765096081,10.07081413269043,1581008488.669503,0.8213431813981797,POINT (-122.29677975111676 37.53695509727457),ios,2.435650633073808,2.87783313529476,-137.3308161403081
620,distance,0,-122.29654395716099,-1.0,1581008507.362112,-1.0,37.53732085957677,10.0,2020-02-06T09:01:47.362112-08:00,165.0,4.3436689376831055,1581008507.552676,0.8265524725119273,POINT (-122.29654395716099 37.53732085957677),ios,56.40494471581447,-2572.548487452936,118586.97087638792
621,distance,0,-122.29653738223003,-1.0,1581008507.383803,-1.0,37.53733054888364,10.0,2020-02-06T09:01:47.383803-08:00,165.0,3.7401533126831055,1581008507.5938559,0.8265584977467855,POINT (-122.29653738223003 37.53733054888364),ios,0.6041929602208829,-0.29682510513800053,0.15606403217786827
622,distance,0,-122.29653118854614,-1.0,1581008509.291353,-1.0,37.53733967635995,10.0,2020-02-06T09:01:49.291353-08:00,165.0,3.2756659984588623,1581008509.3492188,0.8270883727735944,POINT (-122.29653118854614 37.53733967635995),ios,0.0379842022677527,0.0008748545049190835,0.026419942973651484
623,distance,0,-122.29652925195568,-1.0,1581008565.018169,-1.0,37.53735865060819,10.0,2020-02-06T09:02:45.018169-08:00,165.0,3.0983083248138428,1581008565.142381,0.842568043867747,POINT (-122.29652925195568 37.53735865060819),ios,0.08673705823673933,1.4731741537151397,0.10311199816343355
624,distance,0,-122.29652850233201,-1.0,1581008576.990582,-1.0,37.53736797069414,10.0,2020-02-06T09:02:56.990582-08:00,276.8237804574975,3.0505664348602295,1581008577.073008,0.8458937141630385,POINT (-122.29652850233201 37.53736797069414),ios,17.7241865403225,2.7076735874841487,-170.72841137286738
625,distance,0,-122.29807376456282,-1.0,1581008591.9542022,-1.0,37.53941433837786,10.0,2020-02-06T09:03:11.954202-08:00,65.0,3.9645512104034424,1581008592.10948,0.8500502753257752,POINT (-122.29807376456282 37.53941433837786),ios,58.24078569069874,-2552.007429130007,119999.06377668091
626,distance,0,-122.29808097624006,-1.0,1581008591.975421,-1.0,37.53942386815314,10.0,2020-02-06T09:03:11.975421-08:00,65.0,3.982279062271118,1581008592.160903,0.8500561694304148,POINT (-122.29808097624006 37.53942386815314),ios,4.0903099078960805,-5.774090297855817,26.61674355969638
627,distance,0,-122.29809442046987,-1.0,1581008592.540011,-1.0,37.539441691880306,10.0,2020-02-06T09:03:12.540011-08:00,65.0,3.992922306060791,1581008592.603784,0.8502129999796549,POINT (-122.29809442046987 37.539441691880306),ios,0.8303163979070477,9.253456343365642,191.44032293389333
628,distance,0,-122.29809592683026,-1.0,1581008594.036691,-1.0,37.53945280389969,10.0,2020-02-06T09:03:14.036691-08:00,65.0,3.998344659805298,1581008594.110976,0.8506287444300121,POINT (-122.29809592683026 37.53945280389969),ios,14.679779634864708,295.7783629470659,-14139.248156793392
629,distance,0,-122.29912006096865,-1.0,1581008601.06108,-1.0,37.5399005994745,10.0,2020-02-06T09:03:21.061080-08:00,164.46297852637557,4.650239944458008,1581008601.181979,0.8525799636046092,POINT (-122.29912006096865 37.5399005994745),ios,2092.342067202476,-99023.80126156686,4790294.953914909
630,distance,0,-122.29957850231642,-1.0,1581008601.081739,-1.0,37.54003835436421,10.0,2020-02-06T09:03:21.081739-08:00,164.46350866829084,4.788790225982666,1581008601.224992,0.8525857022073534,POINT (-122.29957850231642 37.54003835436421),ios,46.612339620791815,-61.24209639264361,111.69411235450448
631,distance,0,-122.29984715980049,-1.0,1581008601.62948,-1.0,37.54012403294685,10.0,2020-02-06T09:03:21.629480-08:00,164.84116945075587,4.86223030090332,1581008601.691214,0.852737852467431,POINT (-122.29984715980049 37.54012403294685),ios,13.067536402978254,-0.06265871470234473,-0.024568020122952557
632,distance,0,-122.30004943418864,-1.0,1581008603.12411,-1.0,37.540195640038924,10.0,2020-02-06T09:03:23.124110-08:00,165.0,4.9199652671813965,1581008603.184258,0.8531530274947484,POINT (-122.30004943418864 37.540195640038924),ios,12.973884802060649,-0.09937881703480354,-0.7918800776004339
633,distance,0,-122.30158717397168,-1.0,1581008614.986949,-1.0,37.540850677677305,10.0,2020-02-06T09:03:34.986949-08:00,326.0676288715934,4.9199652671813965,1581008615.176817,0.8564482605457306,POINT (-122.30158717397168 37.540850677677305),ios,11.794969897202513,-9.49332467187856,63.72773318303998
634,distance,0,-122.30160457140327,-1.0,1581008615.134575,-1.0,37.540858088536176,10.0,2020-02-06T09:03:35.134575-08:00,326.09475382825707,4.9199652671813965,1581008615.228616,0.8564892677466075,POINT (-122.30160457140327 37.540858088536176),ios,10.393509078689801,-0.08545923004597832,-0.007384219758243999
635,distance,0,-122.30330715315323,-1.0,1581008631.5297399,-1.0,37.54158332483526,10.0,2020-02-06T09:03:51.529740-08:00,580.0197494843499,4.9199652671813965,1581008631.668597,0.861043480237325,POINT (-122.30330715315323 37.54158332483526),ios,8.992390904168799,-0.20652473113189218,0.07002253805368823
636,distance,0,-122.30346810415632,-1.0,1581008633.321124,-1.0,37.54165188537513,10.0,2020-02-06T09:03:53.321124-08:00,582.8761775171092,4.9199652671813965,1581008633.397476,0.8615410869651371,POINT (-122.30346810415632 37.54165188537513),ios,8.622425759753922,-0.08108746140953244,-0.015276644166496645
637,distance,0,-122.30377814114051,-1.0,1581008636.9198918,-1.0,37.541783952293684,10.0,2020-02-06T09:03:56.919892-08:00,595.3519737858808,4.9199652671813965,1581008637.111058,0.8625407446755303,POINT (-122.30377814114051 37.541783952293684),ios,8.3306108181026,-0.1360645558774343,-1.170480866490967
638,distance,0,-122.30384414987877,-1.0,1581008637.712928,-1.0,37.54181206985158,10.0,2020-02-06T09:03:57.712928-08:00,595.8365564183315,4.9199652671813965,1581008637.773775,0.8627610325151019,POINT (-122.30384414987877 37.54181206985158),ios,8.22270669669915,-1.0642982806986636,22.82316276376484
639,distance,0,-122.30391604178024,-1.0,1581008638.587981,-1.0,37.54184269371024,10.0,2020-02-06T09:03:58.587981-08:00,596.6028845054302,4.9199652671813965,1581008638.723158,0.8630041027731365,POINT (-122.30391604178024 37.54184269371024),ios,7.291389368924411,18.907177143055726,-7.315140424969113
640,distance,0,-122.3049943888169,-1.0,1581008653.389618,-1.0,37.54230200722016,10.0,2020-02-06T09:04:13.389618-08:00,780.0961220889442,4.9199652671813965,1581008653.570778,0.8671156685882144,POINT (-122.3049943888169 37.54230200722016),ios,287.1485608925601,-89.36887555061469,30.70135723092472
641,distance,0,-122.30701339592402,-1.0,1581008656.295485,-1.0,37.549633354196395,10.0,2020-02-06T09:04:16.295485-08:00,65.0,1.1773841381072998,1581008656.4722981,0.8679228538937039,POINT (-122.30701339592402 37.549633354196395),ios,27.454485687307635,-0.15481165523149817,-0.0043780633716243465
642,distance,0,-122.31043038320489,-1.0,1581008685.623661,-1.0,37.556348801920315,10.0,2020-02-06T09:04:45.623661-08:00,65.0,0.012230277061462402,1581008685.770735,0.8760695694552527,POINT (-122.31043038320489 37.556348801920315),ios,22.91414221248673,-0.2832122684281112,0.012688393893361098
643,distance,0,-122.31136910931998,-1.0,1581008695.666604,-1.0,37.558279947198066,10.0,2020-02-06T09:04:55.666604-08:00,223.960686124583,0.006055738311260939,1581008695.7356071,0.8788592758443621,POINT (-122.31136910931998 37.558279947198066),ios,20.069857543537793,-0.15578345178546993,-0.1602867017852899
644,distance,0,-122.3119300784819,-1.0,1581008702.516119,-1.0,37.55943348527133,10.0,2020-02-06T09:05:02.516119-08:00,291.6684379133921,0.006055738311260939,1581008702.6818051,0.8807619188891517,POINT (-122.3119300784819 37.55943348527133),ios,19.00281645981919,-1.2536696137520562,1.3202173619992907
645,distance,0,-122.31193644957133,-1.0,1581008702.598279,-1.0,37.559446586337735,10.0,2020-02-06T09:05:02.598279-08:00,291.6785880542517,0.006055738311260939,1581008702.731719,0.8807847411102718,POINT (-122.31193644957133 37.559446586337735),ios,18.899814969326986,-1.1452005605278732,1.6313150925969577
646,distance,0,-122.31198380207651,-1.0,1581008703.212253,-1.0,37.55954395874479,10.0,2020-02-06T09:05:03.212253-08:00,292.2468748899495,0.006055738311260939,1581008703.269217,0.8809552894698249,POINT (-122.31198380207651 37.55954395874479),ios,18.19669149228097,-0.1436153538844993,-0.24283338680304198
647,distance,0,-122.31230027192944,-1.0,1581008707.474163,-1.0,37.56019472539859,10.0,2020-02-06T09:05:07.474163-08:00,319.0174820674274,0.006055738311260939,1581008707.665444,0.882139153348075,POINT (-122.31230027192944 37.56019472539859),ios,17.584615784907488,-1.17854938413384,2297.30863523914
648,distance,0,-122.31230701299022,-1.0,1581008707.568105,-1.0,37.560208587248326,10.0,2020-02-06T09:05:07.568105-08:00,319.03098145291335,0.006055738311260939,1581008707.7337298,0.8821652483277851,POINT (-122.31230701299022 37.560208587248326),ios,17.47390058474894,214.63505062329557,959.4210171903261
649,distance,0,-122.3123580076561,-1.0,1581008708.283258,-1.0,37.560313449142015,10.0,2020-02-06T09:05:08.283258-08:00,319.81423376235296,0.006055738311260939,1581008708.341027,0.8823639019330343,POINT (-122.3123580076561 37.560313449142015),ios,170.9707964137275,900.767849083438,-46908.47362463182
650,distance,0,-122.31559279596193,-1.0,1581008709.9672198,-1.0,37.5606721863392,10.0,2020-02-06T09:05:09.967220-08:00,165.0,1.4797393083572388,1581008710.115553,0.8828316691186693,POINT (-122.31559279596193 37.5606721863392),ios,1687.8295064483552,-78091.31303430235,3685706.967091663
651,distance,0,-122.31599778235015,-1.0,1581008709.988398,-1.0,37.56068878652793,10.0,2020-02-06T09:05:09.988398-08:00,165.0,1.701749324798584,1581008710.163312,0.8828375519646539,POINT (-122.31599778235015 37.56068878652793),ios,33.99250412067249,-34.50588040549194,91.33755105730715
652,distance,0,-122.31623859038547,-1.0,1581008710.6363091,-1.0,37.560741622622764,10.0,2020-02-06T09:05:10.636309-08:00,165.0,1.8122682571411133,1581008710.694968,0.8830175272623698,POINT (-122.31623859038547 37.560741622622764),ios,11.635762164529364,24.67273019356579,100.3937747482514
653,distance,0,-122.31640959690178,-1.0,1581008712.1440048,-1.0,37.560822339908285,10.0,2020-02-06T09:05:12.144005-08:00,165.0,1.8925700187683105,1581008712.205079,0.8834363316165076,POINT (-122.31640959690178 37.560822339908285),ios,48.83473076525038,176.0359901680118,-5394.161894297556
654,distance,0,-122.31930652058126,-1.0,1581008719.072513,-1.0,37.56281876274806,10.0,2020-02-06T09:05:19.072513-08:00,165.0,4.016596794128418,1581008719.1906261,0.8853609172503153,POINT (-122.31930652058126 37.56281876274806),ios,1268.5015465229467,-37197.459367345036,1135493.0121112415
655,distance,0,-122.31969699158698,-1.0,1581008719.1052818,-1.0,37.56302838283718,10.0,2020-02-06T09:05:19.105282-08:00,165.0,4.418697834014893,1581008719.237989,0.8853700196743012,POINT (-122.31969699158698 37.56302838283718),ios,49.58817964094751,11.200417590263795,54.124916635737144
656,distance,0,-122.31998344426707,-1.0,1581008719.743915,-1.0,37.56320029519101,10.0,2020-02-06T09:05:19.743915-08:00,165.0,4.629400253295898,1581008719.803392,0.8855474177996318,POINT (-122.31998344426707 37.56320029519101),ios,56.74113874130542,45.76638907174237,-76.5068204358109
657,distance,0,-122.31921335009243,33.02530420969524,1581008720.9909081,315.84290501813996,37.56337993587014,10.0,2020-02-06T09:05:20.990908-08:00,200.0,4.952506065368652,1581008721.1344,0.8858938047620986,POINT (-122.31921335009243 37.56337993587014),ios,113.81150851838495,-49.63708542776167,-179.4738208141139
658,distance,0,-122.31949330632399,-1.0,1581008721.241139,-1.0,37.56325206721707,10.0,2020-02-06T09:05:21.241139-08:00,65.0,4.378750324249268,1581008721.331503,0.8859633133146498,POINT (-122.31949330632399 37.56325206721707),ios,101.39078145897422,-94.54696124804755,126.68799423157279
659,distance,0,-122.31901332747407,-1.0,1581008721.9908807,-1.0,37.56382004827034,12.0,2020-02-06T09:05:21.990881-08:00,50.0,7.782436370849609,1581008722.0941749,0.8861715749237272,POINT (-122.31901332747407 37.56382004827034),ios,30.50497324052689,0.4363226580174892,-1.1452018890309523
660,distance,0,-122.31921650480695,-1.0,1581008722.9908528,-1.0,37.56404212679487,12.0,2020-02-06T09:05:22.990853-08:00,50.0,7.655300140380859,1581008723.086296,0.8864493449529012,POINT (-122.31921650480695 37.56404212679487),ios,30.941283727335286,-0.7088472856368245,1.765433345328751
661,distance,0,-122.31941515591211,-1.0,1581008723.9908261,-1.0,37.56427153948467,12.0,2020-02-06T09:05:23.990826-08:00,50.0,7.522304534912109,1581008724.0956578,0.886727115313212,POINT (-122.31941515591211 37.56427153948467),ios,30.232455369963077,1.0565389175356408,-1.3020977535453604
662,distance,0,-122.31959939014382,-1.0,1581008724.9907985,-1.0,37.564500868355445,12.0,2020-02-06T09:05:24.990798-08:00,50.0,7.399501800537109,1581008725.093889,0.8870048854086134,POINT (-122.31959939014382 37.564500868355445),ios,31.28896506727185,-0.24552282447135454,1.3372325211392089
663,distance,0,-122.31978706095583,-1.0,1581008725.9907722,-1.0,37.56473971068632,12.0,2020-02-06T09:05:25.990772-08:00,50.0,7.320339202880859,1581008726.0933142,0.887282655901379,POINT (-122.31978706095583 37.56473971068632),ios,31.04344868189282,1.0916746263493162,0.6646426279902082
664,distance,0,-122.31997062463529,-1.0,1581008726.9907434,-1.0,37.564977966283976,12.0,2020-02-06T09:05:26.990743-08:00,50.0,7.291225433349609,1581008727.107143,0.8875604256656435,POINT (-122.31997062463529 37.564977966283976),ios,32.13509181490503,1.7562980802982564,-8.135333762678409
665,distance,0,-122.3201963492877,-1.0,1581008727.9907167,-1.0,37.565204906312346,12.0,2020-02-06T09:05:27.990717-08:00,50.0,6.994380950927734,1581008728.095591,0.8878381960259544,POINT (-122.3201963492877 37.565204906312346),ios,33.891342996984896,-6.378818445531935,6.666592620452654
666,distance,0,-122.3204117641992,-1.0,1581008728.9906898,-1.0,37.56545736923587,12.0,2020-02-06T09:05:28.990690-08:00,50.0,6.760646820068359,1581008729.084867,0.8881159663200379,POINT (-122.3204117641992 37.56545736923587),ios,27.512696405110766,0.28759456825269797,1.9813410902497235
667,distance,0,-122.32055266399152,-1.0,1581008729.9906623,-1.0,37.56567814856541,12.0,2020-02-06T09:05:29.990662-08:00,50.0,6.896785736083984,1581008730.075533,0.8883937364816665,POINT (-122.32055266399152 37.56567814856541),ios,27.800283088056307,2.2688813338217644,-3.3692001101131153
668,distance,0,-122.32068384077616,-1.0,1581008730.990635,-1.0,37.56590550768894,12.0,2020-02-06T09:05:30.990635-08:00,50.0,7.060817718505859,1581008731.085826,0.8886715066432953,POINT (-122.32068384077616 37.56590550768894),ios,30.06910221337974,-1.10022639910251,1.4121545300303135
669,distance,0,-122.32612856138397,-1.0,1581008754.104741,-1.0,37.570426968136985,10.0,2020-02-06T09:05:54.104741-08:00,65.0,3.02170991897583,1581008754.202666,0.8950920916928186,POINT (-122.32612856138397 37.570426968136985),ios,4.638352404373595,31.540463348162465,522.1868922909993
670,distance,0,-122.32640042096645,-1.0,1581008761.586372,-1.0,37.570652728546264,10.0,2020-02-06T09:06:01.586372-08:00,195.54869235643906,3.02170991897583,1581008761.75299,0.8971703224711948,POINT (-122.32640042096645 37.570652728546264),ios,240.61245450421222,3938.3500011938586,-215583.9090476478
671,distance,0,-122.32790431161985,-1.0,1581008762.314371,-1.0,37.57168266344225,10.0,2020-02-06T09:06:02.314371-08:00,165.0,2.5203609466552734,1581008762.41579,0.8973725444740719,POINT (-122.32790431161985 37.57168266344225),ios,3107.728145485454,-153006.56555131264,7792296.606531893
672,distance,0,-122.32842781944919,-1.0,1581008762.333963,-1.0,37.57203995745438,10.0,2020-02-06T09:06:02.333963-08:00,165.0,2.2177655696868896,1581008762.4630852,0.8973779866430495,POINT (-122.32842781944919 37.57203995745438),ios,110.05284164158289,-341.3840706303264,1350.2496021071659
673,distance,0,-122.32869623832424,-1.0,1581008762.618063,-1.0,37.57222381299798,10.0,2020-02-06T09:06:02.618063-08:00,165.0,2.0095033645629883,1581008762.6809602,0.8974569033251868,POINT (-122.32869623832424 37.57222381299798),ios,13.065608162264692,42.22191652990406,-0.8480377509212929
674,distance,0,-122.32886250102477,-1.0,1581008764.1160421,-1.0,37.572340501201126,10.0,2020-02-06T09:06:04.116042-08:00,165.0,1.8347361087799072,1581008764.186996,0.8978730086485545,POINT (-122.32886250102477 37.572340501201126),ios,76.31315939342404,40.951573648633776,-125.22914637951851
675,distance,0,-122.32928398592246,7.296766864428786,1581008764.989707,-1.0,37.57283841638618,10.0,2020-02-06T09:06:04.989707-08:00,200.0,1.945387840270996,1581008765.19566,0.8981156933307648,POINT (-122.32928398592246 37.57283841638618),ios,112.09111008637143,-68.45673048465024,64.01516489361998
676,distance,0,-122.33014080684849,-1.0,1581008765.9896803,-1.0,37.57358337290359,12.0,2020-02-06T09:06:05.989680-08:00,30.0,5.833736419677734,1581008766.110879,0.8983934636910756,POINT (-122.33014080684849 37.57358337290359),ios,43.63620759363934,-4.443274980351597,1.1715866234013754
677,distance,0,-122.3305134662635,-1.0,1581008766.989653,-1.0,37.573841745068854,12.0,2020-02-06T09:06:06.989653-08:00,10.0,5.438259124755859,1581008767.092499,0.8986712339189318,POINT (-122.3305134662635 37.573841745068854),ios,39.193053380248784,-3.2717202003442787,-4.915643360042474
678,distance,0,-122.33084823947617,-1.0,1581008767.989625,-1.0,37.57407375614864,12.0,2020-02-06T09:06:07.989625-08:00,10.0,4.820796966552734,1581008768.132656,0.8989490038818784,POINT (-122.33084823947617 37.57407375614864),ios,35.92142522449251,-8.18722526666353,13.99398081052358
679,distance,0,-122.33116147119769,-1.0,1581008768.9895983,-1.0,37.57428045388085,12.0,2020-02-06T09:06:08.989598-08:00,10.0,6.487819671630859,1581008769.0946078,0.8992267742421892,POINT (-122.33116147119769 37.57428045388085),ios,27.734418580329844,5.806381864257718,-6.219004826708641
680,distance,0,-122.33143790636429,33.779998779296875,1581008769.9895716,306.9140625,37.57439964454395,12.0,2020-02-06T09:06:09.989572-08:00,10.0,7.473384857177734,1581008770.097348,0.8995045446025001,POINT (-122.33143790636429 37.57439964454395),ios,33.54064539746442,-0.4124568971059715,4.282965891883117
681,distance,0,-122.3317545746661,33.540000915527344,1581008770.9895444,306.2109375,37.574566947331256,12.0,2020-02-06T09:06:10.989544-08:00,10.0,9.097103118896484,1581008771.108151,0.8997823148303562,POINT (-122.3317545746661 37.574566947331256),ios,33.1281997108206,3.8703925849719245,-1.535795464568387
682,distance,0,-122.33209320355424,32.88999938964844,1581008771.9895163,303.046875,37.57469628009719,8.0,2020-02-06T09:06:11.989516-08:00,10.0,7.220760345458984,1581008772.136135,0.9000600847933028,POINT (-122.33209320355424 37.57469628009719),ios,36.99848340851945,2.334640327539887,-9.146927447760046
683,distance,0,-122.33244264509746,33.5099983215332,1581008772.9894893,302.34375,37.57488068196697,8.0,2020-02-06T09:06:12.989489-08:00,10.0,3.1703453063964844,1581008773.136996,0.9003378550873863,POINT (-122.33244264509746 37.57488068196697),ios,39.33306083781519,-6.812040690108846,8.283573246065629
684,distance,0,-122.3328098562754,34.16999816894531,1581008773.9894624,301.2890625,37.575081721914536,8.0,2020-02-06T09:06:13.989462-08:00,10.0,-0.4866676330566406,1581008774.163451,0.9006156253814698,POINT (-122.3328098562754 37.575081721914536),ios,32.52120367293436,1.471309385729541,1.018709238857678
685,distance,0,-122.33312761422464,33.65999984741211,1581008774.9894328,300.9375,37.5752304168768,8.0,2020-02-06T09:06:14.989433-08:00,5.0,-0.2983436584472656,1581008775.263205,0.900893394947052,POINT (-122.33312761422464 37.5752304168768),ios,33.99246956101475,2.4899885075652723,7.546906472430316
686,distance,0,-122.33345895085701,33.70000076293945,1581008775.9894078,300.234375,37.57538690700901,8.0,2020-02-06T09:06:15.989408-08:00,10.0,-0.9604225158691406,1581008776.180237,0.9011711657709546,POINT (-122.33345895085701 37.57538690700901),ios,36.48239573433022,10.036706051110222,-23.4488353316485
687,distance,0,-122.33381912123629,34.619998931884766,1581008776.9893804,299.53125,37.57554863583071,8.0,2020-02-06T09:06:16.989380-08:00,10.0,-1.3645057678222656,1581008777.220792,0.9014489359325832,POINT (-122.33381912123629 37.57554863583071),ios,46.51882659766295,-13.411486357168123,12.405670392976987
688,distance,0,-122.33426981616982,36.68000030517578,1581008777.9893532,299.53125,37.5757663976751,8.0,2020-02-06T09:06:17.989353-08:00,10.0,-0.9991188049316406,1581008778.1062841,0.9017267061604394,POINT (-122.33426981616982 37.5757663976751),ios,33.10770476091221,-1.0061531468142362,4.576142977912747
689,distance,0,-122.33461037289568,34.65999984741211,1581008778.9893255,297.7734375,37.57589208431316,8.0,2020-02-06T09:06:18.989326-08:00,10.0,-0.2810707092285156,1581008779.14585,0.9020044762558407,POINT (-122.33461037289568 37.57589208431316),ios,32.101579440828,3.5698632707477502,-4.860062844405007
690,distance,0,-122.33493181888231,34.47999954223633,1581008779.9892979,298.4765625,37.57602787114454,8.0,2020-02-06T09:06:19.989298-08:00,10.0,0.13665390014648438,1581008780.1477609,0.9022822463512421,POINT (-122.33493181888231 37.57602787114454),ios,35.67134398145523,-1.2900651610610432,1.8779307163076662
691,distance,0,-122.33528452936777,34.27000045776367,1581008780.9892712,298.828125,37.576185241376585,8.0,2020-02-06T09:06:20.989271-08:00,10.0,0.6592369079589844,1581008781.149425,0.902560016711553,POINT (-122.33528452936777 37.576185241376585),ios,34.381313268850484,0.5878154090864434,-3.009658069066936
692,distance,0,-122.33563447382518,34.59000015258789,1581008781.989244,297.421875,37.5763219083078,8.0,2020-02-06T09:06:21.989244-08:00,10.0,0.5820884704589844,1581008782.1414042,0.9028377869394091,POINT (-122.33563447382518 37.5763219083078),ios,34.96911270127986,-2.421760858322846,3.599460403956861
693,distance,0,-122.33597955677875,34.56999969482422,1581008782.9892168,298.125,37.576477141154534,8.0,2020-02-06T09:06:22.989217-08:00,10.0,-1.7697486877441406,1581008783.155402,0.9031155571672651,POINT (-122.33597955677875 37.576477141154534),ios,32.54741766573425,1.17760171331522,-0.8748329916851864
694,distance,0,-122.33630804356405,34.5,1581008783.9891891,297.421875,37.57661091632915,12.0,2020-02-06T09:06:23.989189-08:00,10.0,0.8393516540527344,1581008784.1414251,0.9033933272626665,POINT (-122.33630804356405 37.57661091632915),ios,33.72498681064271,0.3027929164969377,0.622814937254429
695,distance,0,-122.33663795527288,34.5099983215332,1581008784.9891617,299.1796875,37.5767645985238,12.0,2020-02-06T09:06:24.989162-08:00,10.0,2.1285972595214844,1581008785.1842499,0.9036710974242952,POINT (-122.33663795527288 37.5767645985238),ios,34.027771425122104,0.9255907773263425,-1.4678581001436721
696,distance,0,-122.33697943400809,34.33000183105469,1581008785.9891348,298.4765625,37.576907426153845,12.0,2020-02-06T09:06:25.989135-08:00,10.0,2.4973411560058594,1581008786.18757,0.9039488677183787,POINT (-122.33697943400809 37.576907426153845),ios,34.95333726583016,-0.5422277768127203,0.39854377922128414
697,distance,0,-122.33732929464647,-1.0,1581008786.9891071,-1.0,37.57705549247337,12.0,2020-02-06T09:06:26.989107-08:00,10.0,2.6794090270996094,1581008787.085397,0.90422663781378,POINT (-122.33732929464647 37.57705549247337),ios,34.411124485169864,-0.14369501993945613,-4.02055458408552
698,distance,0,-122.33767529960939,-1.0,1581008787.9890804,-1.0,37.577198906836635,12.0,2020-02-06T09:06:27.989080-08:00,30.0,5.796840667724609,1581008788.089946,0.904504408174091,POINT (-122.33767529960939 37.577198906836635),ios,34.267433302301406,-4.164142243634929,12.684329812807695
699,distance,0,-122.33801987964877,-1.0,1581008788.9890528,-1.0,37.57734169255716,12.0,2020-02-06T09:06:28.989053-08:00,30.0,6.550838470458984,1581008789.0930371,0.9047821782694923,POINT (-122.33801987964877 37.57734169255716),ios,30.103406224496197,8.51983676430543,-206.33527572358193
700,distance,0,-122.34814005768068,-1.0,1581008821.683591,-1.0,37.581085893333665,10.0,2020-02-06T09:07:01.683591-08:00,165.0,4.096102714538574,1581008821.864842,0.913863994412952,POINT (-122.34814005768068 37.581085893333665),ios,308.6555340610554,-6737.516700149612,147390.43459389373
701,distance,0,-122.34828513871298,-1.0,1581008821.729303,-1.0,37.581139569515265,10.0,2020-02-06T09:07:01.729303-08:00,165.0,4.048690319061279,1581008821.911746,0.9138766921891106,POINT (-122.34828513871298 37.581139569515265),ios,0.6702099358405567,-0.006013111369160953,7.242245797995469
702,distance,0,-122.34835232084403,-1.0,1581008831.4777699,-1.0,37.58116442514396,10.0,2020-02-06T09:07:11.477770-08:00,385.8338055027353,4.048690319061279,1581008831.6056418,0.9165845996803708,POINT (-122.34835232084403 37.58116442514396),ios,0.6115913182801606,70.59478082841105,230.79119018843843
703,distance,0,-122.34836394032071,-1.0,1581008833.3254151,-1.0,37.58116872404596,10.0,2020-02-06T09:07:13.325415-08:00,391.42782626336975,4.048690319061279,1581008833.454736,0.9170978344811334,POINT (-122.34836394032071 37.58116872404596),ios,131.04570510233648,497.0150346792668,-26899.961523871098
704,distance,0,-122.35277975213137,-1.0,1581008837.0252318,-1.0,37.58376995023803,10.0,2020-02-06T09:07:17.025232-08:00,165.0,1.3450109958648682,1581008837.192624,0.918125561343299,POINT (-122.35277975213137 37.58376995023803),ios,1969.9102324466285,-99027.91194281913,5059834.826556248
705,distance,0,-122.35313056891651,-1.0,1581008837.044798,-1.0,37.58397698348423,10.0,2020-02-06T09:07:17.044798-08:00,165.0,0.8041040897369385,1581008837.2350922,0.9181309963597192,POINT (-122.35313056891651 37.58397698348423),ios,32.324253581149144,-26.884626686347353,36.23935730051306
706,distance,0,-122.35335707375825,-1.0,1581008837.813702,-1.0,37.5841101835687,10.0,2020-02-06T09:07:17.813702-08:00,165.0,0.5043352842330933,1581008837.875418,0.9183445808622572,POINT (-122.35335707375825 37.5841101835687),ios,11.652550960940742,0.9799676784354682,4.03657590999575
707,distance,0,-122.35351618860555,-1.0,1581008839.3104172,-1.0,37.58420346646705,10.0,2020-02-06T09:07:19.310417-08:00,165.0,0.3158034682273865,1581008839.366559,0.9187603350480398,POINT (-122.35351618860555 37.58420346646705),ios,13.119283352208855,7.021571669350362,31.542825236880255
708,distance,0,-122.35472668690662,-1.0,1581008849.393941,-1.0,37.584907169578,10.0,2020-02-06T09:07:29.393941-08:00,363.9140493417355,0.3158034682273865,1581008849.5705361,0.921561313867569,POINT (-122.35472668690662 37.584907169578),ios,83.92146804457319,325.08439909715787,-16804.71558464559
709,distance,0,-122.35899706318767,-1.0,1581008854.323251,-1.0,37.58645273185331,10.0,2020-02-06T09:07:34.323251-08:00,165.0,0.2108040750026703,1581008854.424546,0.9229305666685105,POINT (-122.35899706318767 37.58645273185331),ios,1686.363274466739,-82510.56958078536,4288304.903655248
710,distance,0,-122.3593342337846,-1.0,1581008854.342351,-1.0,37.58656461930079,10.0,2020-02-06T09:07:34.342351-08:00,165.0,0.15814587473869324,1581008854.466975,0.9229358722103966,POINT (-122.3593342337846 37.58656461930079),ios,110.41545578542843,-604.1569467164975,3878.331921477354
711,distance,0,-122.35951669819393,-1.0,1581008854.500914,-1.0,37.58662694538183,10.0,2020-02-06T09:07:34.500914-08:00,165.0,0.12612761557102203,1581008854.555474,0.9229799175262451,POINT (-122.35951669819393 37.58662694538183),ios,14.61843504082641,10.803529291338926,140.2280419095094
712,distance,0,-122.35973714360894,-1.0,1581008855.996701,-1.0,37.58671724421175,10.0,2020-02-06T09:07:35.996701-08:00,165.0,0.10165413469076157,1581008856.0707722,0.9233954138888253,POINT (-122.35973714360894 37.58671724421175),ios,30.778212685714045,220.55479813385756,-10090.24023627782
713,distance,0,-122.36197493957401,-1.0,1581008863.3447561,-1.0,37.58771334925282,10.0,2020-02-06T09:07:43.344756-08:00,211.3822981694042,0.027344800531864166,1581008863.433984,0.9254365403122372,POINT (-122.36197493957401 37.58771334925282),ios,1651.4270272983729,-73923.08667529223,3481668.1193986186
714,distance,0,-122.3623238145701,-1.0,1581008863.3659039,-1.0,37.587862405198926,10.0,2020-02-06T09:07:43.365904-08:00,211.35062847976442,0.01576204225420952,1581008863.478307,0.9254424146811168,POINT (-122.3623238145701 37.587862405198926),ios,88.12169985944104,-293.7164172810161,1302.7990725828763
715,distance,0,-122.36252170309501,-1.0,1581008863.59121,-1.0,37.58794779934489,10.0,2020-02-06T09:07:43.591210-08:00,211.13926274759658,0.010762030258774757,1581008863.658319,0.9255049996905856,POINT (-122.36252170309501 37.58794779934489),ios,21.945618735279613,-0.18792502366824856,0.0020005435025457533
716,distance,0,-122.36454831491956,-1.0,1581008872.9457011,-1.0,37.588858602575804,10.0,2020-02-06T09:07:52.945701-08:00,289.1203972814182,0.010762030258774757,1581008873.080765,0.9281034694777595,POINT (-122.36454831491956 37.588858602575804),ios,20.187675748758497,-0.16921095701079739,180.60941771340686
717,distance,0,-122.36479150248361,-1.0,1581008874.165955,-1.0,37.588967896332186,10.0,2020-02-06T09:07:54.165955-08:00,290.7059048054373,0.010762030258774757,1581008874.287657,0.9284424289067587,POINT (-122.36479150248361 37.588967896332186),ios,19.981195411030885,220.2201434030144,-2343.235736448243
718,distance,0,-122.36481001181954,-1.0,1581008874.25979,-1.0,37.58897621482849,10.0,2020-02-06T09:07:54.259790-08:00,290.71639761534556,0.010762030258774757,1581008874.337356,0.9284684941503737,POINT (-122.36481001181954 37.58897621482849),ios,40.645525483293454,0.34290625820851006,-0.5174375040156999
719,distance,0,-122.37331188428665,33.92699612311684,1581008894.9985733,297.21899461606364,37.59245230235205,10.0,2020-02-06T09:08:14.998573-08:00,200.0,0.03655824810266495,1581008895.148131,0.934229267305798,POINT (-122.37331188428665 37.59245230235205),ios,47.75698408490597,-10.388118039667777,1.4969587250207388
720,distance,0,-122.3738311578675,33.57351562446265,1581008895.998553,297.0248877357256,37.59257541526389,10.0,2020-02-06T09:08:15.998553-08:00,200.0,0.06645212322473526,1581008896.189122,0.9345070394542482,POINT (-122.3738311578675 37.59257541526389),ios,37.369076566467314,-8.891189651382675,9.094748159013545
721,distance,0,-122.37415463498893,33.095297200495594,1581008896.998532,297.22495094762337,37.59279276485515,10.0,2020-02-06T09:08:16.998532-08:00,200.0,0.09845202416181564,1581008897.221571,0.9347848114040163,POINT (-122.37415463498893 37.59279276485515),ios,28.47807345966732,0.2033676922207346,-2.5866747274902226
722,distance,0,-122.37444727534258,32.520470295689876,1581008897.9985108,297.1975223282006,37.59290149282453,10.0,2020-02-06T09:08:17.998511-08:00,200.0,0.1309308111667633,1581008898.080941,0.935062583287557,POINT (-122.37444727534258 37.59290149282453),ios,28.681436836577433,-2.3832521479626196,-8.708613127679875
723,distance,0,-122.37474328583895,31.963181421797717,1581008898.9984899,297.16139400866587,37.59300880787772,10.0,2020-02-06T09:08:18.998490-08:00,200.0,0.16582630574703217,1581008899.157123,0.9353403552373251,POINT (-122.37474328583895 37.59300880787772),ios,26.2982346912348,-11.091682561667724,21.7373358588355
724,distance,0,-122.37502253843708,31.381922132861796,1581008899.998468,297.07624902544103,37.593092307919584,10.068035125732422,2020-02-06T09:08:19.998468-08:00,200.0,0.27034682035446167,1581008900.139921,0.9356181269221836,POINT (-122.37502253843708 37.593092307919584),ios,15.206795420181125,10.645176499372717,-12.495181146793122
725,distance,0,-122.37518951308203,-1.0,1581008900.9984455,-1.0,37.59312691170498,96.0,2020-02-06T09:08:20.998446-08:00,50.0,11.839168548583984,1581008901.096352,0.9358958984745873,POINT (-122.37518951308203 37.59312691170498),ios,25.851733346815447,-1.8497246135869498,4.49658882554932
726,distance,0,-122.37546016473544,-1.0,1581008901.998423,-1.0,37.593216681887945,12.0,2020-02-06T09:08:21.998423-08:00,50.0,5.024623870849609,1581008902.0942779,0.9361736700269911,POINT (-122.37546016473544 37.593216681887945),ios,24.002050188047622,2.6467634373524223,-0.3038500063223981
727,distance,0,-122.37571396876348,-1.0,1581008902.998401,-1.0,37.593295094592115,12.0,2020-02-06T09:08:22.998401-08:00,50.0,5.083217620849609,1581008903.108004,0.9364514416456222,POINT (-122.37571396876348 37.593295094592115),ios,26.648754938905295,2.3429201682742935,6.413341489434746
728,distance,0,-122.37599191267265,-1.0,1581008903.9983788,-1.0,37.593389600550374,12.0,2020-02-06T09:08:23.998379-08:00,50.0,5.140621185302734,1581008904.0995212,0.9367292132642534,POINT (-122.37599191267265 37.593389600550374),ios,28.991623157779724,8.756119455150875,-18.33242660366068
729,distance,0,-122.37630070198549,-1.0,1581008904.9983556,-1.0,37.59347966409995,12.0,2020-02-06T09:08:24.998356-08:00,50.0,5.329006195068359,1581008905.096717,0.937006984617975,POINT (-122.37630070198549 37.59347966409995),ios,37.74754011363938,-9.57588318177288,22.18353064594624
730,distance,0,-122.37666590150667,-1.0,1581008905.998333,-1.0,37.59365715089961,12.0,2020-02-06T09:08:25.998333-08:00,30.0,5.448635101318359,1581008906.105437,0.9372847561041514,POINT (-122.37666590150667 37.59365715089961),ios,28.171873823370376,12.607145012417037,-26.758063256495305
731,distance,0,-122.37697846267594,-1.0,1581008906.9983106,-1.0,37.59371054362281,12.0,2020-02-06T09:08:26.998311-08:00,30.0,7.682704925537109,1581008907.104727,0.9375625276565551,POINT (-122.37697846267594 37.59371054362281),ios,40.778736292692976,-14.150318559852682,11.739909501474195
732,distance,0,-122.37743217509461,-1.0,1581008907.9982877,-1.0,37.593782963266214,12.0,2020-02-06T09:08:27.998288-08:00,10.0,18.14321517944336,1581008908.1070318,0.9378402990765041,POINT (-122.37743217509461 37.593782963266214),ios,26.628741607929403,-2.4106777635825294,2.7532608773569307
733,distance,0,-122.37768857751263,26.1200008392334,1581008908.9982634,298.125,37.593909739551684,12.0,2020-02-06T09:08:28.998263-08:00,10.0,18.748348236083984,1581008909.121587,0.9381180700990889,POINT (-122.37768857751263 37.593909739551684),ios,24.218122468884314,0.34251615806268154,1.8932582031849348
734,distance,0,-122.37787859525753,25.84000015258789,1581008909.9982398,299.1796875,37.59406710978373,12.0,2020-02-06T09:08:29.998240-08:00,10.0,17.525630950927734,1581008910.134805,0.9383958413203557,POINT (-122.37787859525753 37.59406710978373),ios,24.56063054238764,2.2357296738424792,-6.738959628359758
735,distance,0,-122.37812225718272,25.520000457763672,1581008910.9982166,299.1796875,37.594174398144325,12.0,2020-02-06T09:08:30.998217-08:00,10.0,17.395259857177734,1581008911.147128,0.9386736126740773,POINT (-122.37812225718272 37.594174398144325),ios,26.796308511399385,-4.503074105278895,6.629715156148576
736,distance,0,-122.3783806712575,25.309999465942383,1581008911.9981942,298.828125,37.594301467796406,12.0,2020-02-06T09:08:31.998194-08:00,10.0,19.01235580444336,1581008912.1974611,0.9389513842264812,POINT (-122.3783806712575 37.594301467796406),ios,22.29333532607429,2.1264924700265473,-1.9521408861184217
737,distance,0,-122.37860279169155,24.299999237060547,1581008912.99817,298.828125,37.594397482497236,12.0,2020-02-06T09:08:32.998170-08:00,5.0,21.065425872802734,1581008913.172693,0.9392291552490658,POINT (-122.37860279169155 37.594397482497236),ios,24.419776082578892,0.17439905742706563,-1.450755006036764
738,distance,0,-122.37885156657768,24.530000686645508,1581008913.998146,298.125,37.59449429347887,12.0,2020-02-06T09:08:33.998146-08:00,5.0,21.38198471069336,1581008914.147606,0.9395069264041053,POINT (-122.37885156657768 37.59449429347887),ios,24.59417098200841,-1.2763213599149819,-2.078001490153773
739,distance,0,-122.37910176638735,24.780000686645508,1581008914.9981222,297.7734375,37.594592361745974,12.0,2020-02-06T09:08:34.998122-08:00,10.0,22.009151458740234,1581008915.246485,0.9397846975591447,POINT (-122.37910176638735 37.594592361745974),ios,23.31788005196594,-3.3542733066524897,5.1120990125178825
740,distance,0,-122.37933847133291,24.18000030517578,1581008915.9980981,297.0703125,37.594686155242464,12.0,2020-02-06T09:08:35.998098-08:00,10.0,21.949703216552734,1581008916.147306,0.9400624686479568,POINT (-122.37933847133291 37.594686155242464),ios,19.963687517142095,1.7577026051077305,-2.456927818247221
741,distance,0,-122.37953620042873,22.84000015258789,1581008916.9980745,297.7734375,37.59477382994964,12.0,2020-02-06T09:08:36.998075-08:00,10.0,22.08358383178711,1581008917.200162,0.9403402398692237,POINT (-122.37953620042873 37.59477382994964),ios,21.721348634423023,-0.6991672211927914,1.6519729024373728
742,distance,0,-122.37975345935894,22.149999618530273,1581008917.9980507,297.7734375,37.59486615661307,12.0,2020-02-06T09:08:37.998051-08:00,10.0,23.26125717163086,1581008918.1465402,0.9406180110242631,POINT (-122.37975345935894 37.59486615661307),ios,21.022198082675775,0.9527662951413701,-1.9894599757864195
743,distance,0,-122.37996434804273,21.59000015258789,1581008918.9980266,298.4765625,37.59495458569153,12.0,2020-02-06T09:08:38.998027-08:00,10.0,24.014705657958984,1581008919.141718,0.9408957821130752,POINT (-122.37996434804273 37.59495458569153),ios,21.97494143494133,-1.036645773898768,-1.2667960787615518
744,distance,0,-122.3801902403332,21.920000076293945,1581008919.9980028,296.3671875,37.59503836281373,12.0,2020-02-06T09:08:39.998003-08:00,10.0,16.342037200927734,1581008920.13557,0.9411735532681147,POINT (-122.3801902403332 37.59503836281373),ios,20.938320376603805,-2.3034116498882087,10.491964001534296
745,distance,0,-122.38040934328211,21.209999084472656,1581008920.9979782,297.421875,37.595111285371324,12.0,2020-02-06T09:08:40.997978-08:00,10.0,17.633724212646484,1581008921.137438,0.9414513242244721,POINT (-122.38040934328211 37.595111285371324),ios,18.63496529185726,8.188294699293715,-11.791731336221392
746,distance,0,-122.38060271378828,20.850000381469727,1581008921.9979544,299.1796875,37.59517917878701,12.0,2020-02-06T09:08:41.997954-08:00,10.0,17.61495590209961,1581008922.1674929,0.9417290953795115,POINT (-122.38060271378828 37.59517917878701),ios,26.82306476699223,-3.6031555001446454,-1.2249701626973581
747,distance,0,-122.38086925830913,21.600000381469727,1581008922.9979293,299.8828125,37.595295729150614,8.0,2020-02-06T09:08:42.997929-08:00,10.0,17.32870101928711,1581008923.1628509,0.9420068662034141,POINT (-122.38086925830913 37.595295729150614),ios,23.21999946806512,-4.828094996999212,3.3863010372102194
748,distance,0,-122.3810848408587,21.979999542236328,1581008923.9979043,300.9375,37.59541584182307,8.0,2020-02-06T09:08:43.997904-08:00,10.0,14.81850814819336,1581008924.112016,0.9422846370273166,POINT (-122.3810848408587 37.59541584182307),ios,18.392025337358547,-1.4418787322825712,5.412202104571554
749,distance,0,-122.38124619249476,20.420000076293945,1581008924.9978814,301.640625,37.59552078325078,8.0,2020-02-06T09:08:44.997881-08:00,5.0,13.790157318115234,1581008925.108882,0.9425624084472656,POINT (-122.38124619249476 37.59552078325078),ios,16.95017960706112,3.9701994968135663,-6.7402939073665795
750,distance,0,-122.38142648723198,19.809999465942383,1581008925.9978566,300.5859375,37.5955739664264,8.0,2020-02-06T09:08:45.997857-08:00,5.0,12.829341888427734,1581008926.121091,0.9428401793373956,POINT (-122.38142648723198 37.5955739664264),ios,20.920280660665117,-2.769927281378217,10.637497946983501
751,distance,0,-122.38161642115784,20.1200008392334,1581008926.9978309,301.9921875,37.59568687066212,8.0,2020-02-06T09:08:46.997831-08:00,5.0,11.33694076538086,1581008927.1105819,0.943117949962616,POINT (-122.38161642115784 37.59568687066212),ios,18.150424702716577,7.867296758473548,-13.36825088444494
752,distance,0,-122.38178791489673,19.850000381469727,1581008927.997808,304.453125,37.59577731139734,8.0,2020-02-06T09:08:47.997808-08:00,5.0,9.82625961303711,1581008928.122837,0.943395721382565,POINT (-122.38178791489673 37.59577731139734),ios,26.01754139305753,-5.500648150990822,6.491382895305907
753,distance,0,-122.38204859208537,21.239999771118164,1581008928.9977825,301.9921875,37.595887240057436,8.0,2020-02-06T09:08:48.997782-08:00,5.0,11.022151947021484,1581008929.144846,0.9436734920740127,POINT (-122.38204859208537 37.595887240057436),ios,20.517033567935353,0.9905691440224511,-4.764729688694315
754,distance,0,-122.38220315437985,21.280000686645508,1581008929.9977586,306.2109375,37.596025248093156,6.0,2020-02-06T09:08:49.997759-08:00,5.0,10.62069320678711,1581008930.258568,0.9439512632290522,POINT (-122.38220315437985 37.596025248093156),ios,21.507579094949023,-3.7740469446636458,0.49374746841720674
755,distance,0,-122.38239903945697,20.389999389648438,1581008930.9977343,305.5078125,37.59614066689983,6.0,2020-02-06T09:08:50.997734-08:00,5.0,10.00613021850586,1581008931.128677,0.944229034251637,POINT (-122.38239903945697 37.59614066689983),ios,17.733623930182198,-3.2803114835405642,10.306161349110502
756,distance,0,-122.38255402084661,19.649999618530273,1581008931.9977088,306.2109375,37.59624242320433,6.0,2020-02-06T09:08:51.997709-08:00,5.0,9.24416732788086,1581008932.17048,0.9445068049430847,POINT (-122.38255402084661 37.59624242320433),ios,14.453396129972345,7.0255869472730375,-7.532988497375986
757,distance,0,-122.38267622899485,18.68000030517578,1581008932.9976845,306.9140625,37.59632913399264,6.0,2020-02-06T09:08:52.997684-08:00,5.0,10.943233489990234,1581008933.177785,0.9447845759656694,POINT (-122.38267622899485 37.59632913399264),ios,21.478812224138736,-0.5072183576527279,-1.244038018061003
758,distance,0,-122.38283799972606,19.020000457763672,1581008933.9976602,310.078125,37.59647363800332,6.0,2020-02-06T09:08:53.997660-08:00,5.0,11.581600189208984,1581008934.1172662,0.9450623469882541,POINT (-122.38283799972606 37.59647363800332),ios,20.97160620137458,-1.751226122332516,-1.3058909640223963
759,distance,0,-122.38302734691871,19.440000534057617,1581008934.9976354,309.375,37.59658792525306,6.0,2020-02-06T09:08:54.997635-08:00,5.0,9.845638275146484,1581008935.1075811,0.945340117878384,POINT (-122.38302734691871 37.59658792525306),ios,19.220423501625817,-3.0570847060934296,4.408373199680952
760,distance,0,-122.38319230277312,19.100000381469727,1581008935.9976115,311.484375,37.59670103903636,6.0,2020-02-06T09:08:55.997612-08:00,5.0,9.585872650146484,1581008936.123718,0.9456178890334235,POINT (-122.38319230277312 37.59670103903636),ios,16.16341168211157,1.351183389780081,-0.11622668469322467
761,distance,0,-122.3833283410616,17.799999237060547,1581008936.9975855,312.890625,37.59679856247976,6.0,2020-02-06T09:08:56.997586-08:00,5.0,9.82473373413086,1581008937.186822,0.9458956595924165,POINT (-122.3833283410616 37.59679856247976),ios,17.514559957844245,1.2349597255423672,-4.623445579499395
762,distance,0,-122.38346546899749,17.950000762939453,1581008937.9975615,316.0546875,37.59691259827241,6.0,2020-02-06T09:08:57.997561-08:00,5.0,9.86568832397461,1581008938.172317,0.9461734306812286,POINT (-122.38346546899749 37.59691259827241),ios,18.749489945214968,-3.3883745201091404,3.7008515530661126
763,distance,0,-122.38361709762586,17.920000076293945,1581008938.9975367,313.59375,37.59703090883568,6.0,2020-02-06T09:08:58.997537-08:00,5.0,9.74447250366211,1581008939.206028,0.9464512015713585,POINT (-122.38361709762586 37.59703090883568),ios,15.361199441655437,0.3123852683730226,0.8683792864710134
764,distance,0,-122.38372581091,17.100000381469727,1581008939.9975123,316.7578125,37.59713890965804,6.0,2020-02-06T09:08:59.997512-08:00,5.0,8.050350189208984,1581008940.3347158,0.9467289725939433,POINT (-122.38372581091 37.59713890965804),ios,15.673577113226374,1.1807434369929646,-1.2944744368488208
765,distance,0,-122.38384885724855,15.880000114440918,1581008940.9974875,315.703125,37.59724070787206,6.0,2020-02-06T09:09:00.997488-08:00,5.0,7.576198577880859,1581008941.1276898,0.9470067434840732,POINT (-122.38384885724855 37.59724070787206),ios,16.854291273057395,-0.11369890267324091,0.2881712369724819
766,distance,0,-122.38397642981482,15.90999984741211,1581008941.9974625,316.40625,37.5973536540173,6.0,2020-02-06T09:09:01.997463-08:00,5.0,8.01064682006836,1581008942.1320271,0.9472845143079758,POINT (-122.38397642981482 37.5973536540173),ios,16.74059521671689,0.174465120234671,-0.15158469153852824
767,distance,0,-122.38410869624687,16.079999923706055,1581008942.9974372,316.7578125,37.597461738658694,6.0,2020-02-06T09:09:02.997437-08:00,5.0,6.002529144287109,1581008943.127754,0.947562285065651,POINT (-122.38410869624687 37.597461738658694),ios,16.915055927804598,0.022884259600460383,-0.4132504135877498
768,distance,0,-122.38423677172733,15.930000305175781,1581008943.9974132,316.7578125,37.59757506198957,6.0,2020-02-06T09:09:03.997413-08:00,5.0,5.743190765380859,1581008944.14486,0.947840056154463,POINT (-122.38423677172733 37.59757506198957),ios,16.93793963634576,-0.39035620280307093,9.890862937989482
769,distance,0,-122.38436476338876,16.059999465942383,1581008944.997388,318.1640625,37.59768872059658,6.0,2020-02-06T09:09:04.997388-08:00,5.0,5.499233245849609,1581008945.15069,0.9481178269121382,POINT (-122.38436476338876 37.59768872059658),ios,16.547593298768838,9.500256769644707,-27.518372286165555
770,distance,0,-122.38449845474435,15.989999771118164,1581008945.997363,317.109375,37.59779324292913,6.0,2020-02-06T09:09:05.997363-08:00,5.0,5.466793060302734,1581008946.1574569,0.9483955978022681,POINT (-122.38449845474435 37.59779324292913),ios,26.047614504490653,-18.017433183834004,16.361108895090663
771,distance,0,-122.38479131853214,15.350000381469727,1581008946.9973378,320.2930603027344,37.597761170527015,6.0,2020-02-06T09:09:06.997338-08:00,23.84943848008606,5.537868499755859,1581008947.078228,0.9486733685599433,POINT (-122.38479131853214 37.597761170527015),ios,8.030636663883435,-1.656737772730883,13.658552615901753
772,distance,0,-122.38485515202927,14.59000015258789,1581008947.997312,315.414794921875,37.59781272337577,6.0,2020-02-06T09:09:07.997312-08:00,24.52171759398712,4.921993255615234,1581008948.073823,0.9489511391851637,POINT (-122.38485515202927 37.59781272337577),ios,6.373941550835649,12.001463146278486,-12.527310224077523
773,distance,0,-122.38491145093712,14.069999694824219,1581008948.9972978,307.658935546875,37.59784872363533,6.0,2020-02-06T09:09:08.997298-08:00,29.84130011880647,5.371395111083984,1581008949.071955,0.9492289129892985,POINT (-122.38491145093712 37.59784872363533),ios,18.375233014806707,-0.5256678731888215,-2.2674875220697777
774,distance,0,-122.38508651418556,13.670000076293945,1581008949.9972632,302.671630859375,37.597938542788015,6.0,2020-02-06T09:09:09.997263-08:00,34.86118050804904,4.210597991943359,1581008950.0656362,0.9495066811641057,POINT (-122.38508651418556 37.597938542788015),ios,17.84958331432106,-2.7930770066413935,2.565290726954117
775,distance,0,-122.38525658393382,13.289999961853027,1581008950.9972386,307.04827880859375,37.598025778079226,6.0,2020-02-06T09:09:10.997239-08:00,37.039232864970785,3.7589378356933594,1581008951.077364,0.949784452120463,POINT (-122.38525658393382 37.598025778079226),ios,15.056574897589144,-0.22784927582319717,-2.6398138035745213
776,distance,0,-122.38538746501138,12.470000267028809,1581008951.9972134,318.383544921875,37.59811284573383,6.0,2020-02-06T09:09:11.997213-08:00,40.72121130610809,4.612728118896484,1581008952.074438,0.9500622228781382,POINT (-122.38538746501138 37.59811284573383),ios,14.82873138005701,-2.8675963650481675,32.68647804902993
777,distance,0,-122.38549598380195,12.3100004196167,1581008952.997188,321.15521240234375,37.59821478109562,6.0,2020-02-06T09:09:12.997188-08:00,42.057017980176106,4.962581634521484,1581008953.118861,0.9503399936358133,POINT (-122.38549598380195 37.59821478109562),ios,11.961207485963426,29.818055619234617,-60.34227439779294
778,distance,0,-122.3855809187313,12.149999618530273,1581008953.9971633,321.15521240234375,37.59829869833312,6.0,2020-02-06T09:09:13.997163-08:00,42.2632076276676,5.656948089599609,1581008954.1473799,0.9506177645259434,POINT (-122.3855809187313 37.59829869833312),ios,41.778523750639,-30.522722559748864,30.413859436290487
779,distance,0,-122.38530823040975,11.869999885559082,1581008954.9971385,322.734375,37.59860607798919,6.0,2020-02-06T09:09:14.997139-08:00,5.0,5.707027435302734,1581008955.130011,0.9508955354160733,POINT (-122.38530823040975 37.59860607798919),ios,11.256558018041014,-0.10961725129016556,-1.804848801136844
780,distance,0,-122.38539624039305,11.550000190734863,1581008955.9971123,319.921875,37.598679461551455,6.0,2020-02-06T09:09:15.997112-08:00,5.0,6.732723236083984,1581008956.247634,0.9511733059088389,POINT (-122.38539624039305 37.598679461551455),ios,11.146943641577671,-1.914418718383477,20.32555338613675
781,distance,0,-122.38547519792093,11.470000267028809,1581008956.9970884,319.5703125,37.59875779043659,6.0,2020-02-06T09:09:16.997088-08:00,10.0,7.565486907958984,1581008957.21005,0.9514510770638783,POINT (-122.38547519792093 37.59875779043659),ios,9.232570566493258,18.410650068797498,-35.20677314153614
782,distance,0,-122.38553714018536,10.989999771118164,1581008957.9970636,321.328125,37.598824761842934,6.0,2020-02-06T09:09:17.997064-08:00,10.0,8.73476791381836,1581008958.126573,0.9517288479540084,POINT (-122.38553714018536 37.598824761842934),ios,27.642764133423665,-16.79525010206062,20.22699922743543
783,distance,0,-122.38581495592365,10.529999732971191,1581008958.9970384,322.4719543457031,37.59870923147155,6.0,2020-02-06T09:09:18.997038-08:00,28.865044840872436,8.39059066772461,1581008959.124476,0.9520066187116835,POINT (-122.38581495592365 37.59870923147155),ios,10.847938487127532,3.4312379411787908,-8.653520934422922
784,distance,0,-122.38588976044036,10.4399995803833,1581008959.997014,322.4719543457031,37.59878671950348,6.0,2020-02-06T09:09:19.997014-08:00,28.97278936496153,8.06161117553711,1581008960.128901,0.9522843897342682,POINT (-122.38588976044036 37.59878671950348),ios,14.279092985077124,-5.222072550907259,6.184482394522319
785,distance,0,-122.38598822517113,10.739999771118164,1581008960.996988,322.4719543457031,37.59888871652904,6.0,2020-02-06T09:09:20.996988-08:00,21.790041714139345,7.690029144287109,1581008961.1892838,0.9525621602932612,POINT (-122.38598822517113 37.59888871652904),ios,9.057156143433678,0.9622491236050167,-1.5973809387499447
786,distance,0,-122.38605068096484,9.779999732971191,1581008961.9969635,322.4719543457031,37.59895341284351,6.0,2020-02-06T09:09:21.996964-08:00,22.587579778385415,8.41805648803711,1581008962.1643062,0.9528399312496185,POINT (-122.38605068096484 37.59895341284351),ios,10.01938163697761,-0.635092588079677,0.5424169743625337
787,distance,0,-122.38620836299134,8.960000038146973,1581008966.996839,314.6484375,37.599386265536396,6.0,2020-02-06T09:09:26.996839-08:00,10.0,11.94906234741211,1581008967.169584,0.9542287855678134,POINT (-122.38620836299134 37.599386265536396),ios,6.843997736708642,2.0769247775005826,-3.378724692506727
788,distance,0,-122.38625613983942,8.319999694824219,1581008967.9968143,312.1875,37.59943479675576,6.0,2020-02-06T09:09:27.996814-08:00,10.0,11.77920150756836,1581008968.1084461,0.9545065564579434,POINT (-122.38625613983942 37.59943479675576),ios,8.920871015753972,-1.3017161377291466,-3.472915224332958
789,distance,0,-122.38631489698065,8.380000114440918,1581008968.996789,315.703125,37.59950013369098,6.0,2020-02-06T09:09:28.996789-08:00,10.0,11.611995697021484,1581008969.139677,0.9547843272156186,POINT (-122.38631489698065 37.59950013369098),ios,7.6191877754758925,-4.774543593265713,11.14717714028141
790,distance,0,-122.38636367965711,7.630000114440918,1581008969.9967642,317.4609375,37.59955671153739,6.0,2020-02-06T09:09:29.996764-08:00,10.0,10.56698226928711,1581008970.122672,0.9550620981057485,POINT (-122.38636367965711 37.59955671153739),ios,2.8447625695597134,6.3723571468256806,-12.436927335074897
791,distance,0,-122.38633928831888,6.0,1581008970.9967387,318.515625,37.59957347534373,6.0,2020-02-06T09:09:30.996739-08:00,10.0,9.19240951538086,1581008971.087646,0.9553398687971962,POINT (-122.38633928831888 37.59957347534373),ios,9.216957152533391,-6.064252912433048,6.549065888360814
792,distance,0,-122.38637935381604,5.78000020980835,1581008971.9967136,338.5546875,37.599650044029204,6.0,2020-02-06T09:09:31.996714-08:00,10.0,8.73409652709961,1581008972.1138701,0.9556176396210988,POINT (-122.38637935381604 37.599650044029204),ios,3.1528560523094264,0.4846490269344935,-2.199266055364577
793,distance,0,-122.38640801992489,3.819999933242798,1581008972.9966893,331.5234375,37.599667017383126,6.0,2020-02-06T09:09:32.996689-08:00,10.0,9.12191390991211,1581008973.113985,0.9558954106436836,POINT (-122.38640801992489 37.599667017383126),ios,3.6374932932120188,-1.714563545149509,3.686569061816035
794,distance,0,-122.38643417146278,3.6500000953674316,1581008973.996664,331.875,37.599692330730704,6.0,2020-02-06T09:09:33.996664-08:00,10.0,7.976222991943359,1581008974.1134892,0.9561731814013588,POINT (-122.38643417146278 37.599692330730704),ios,1.9229730791457564,1.9719123483314334,-4.492159311752883
795,distance,0,-122.38644012261403,2.2799999713897705,1581008974.9966388,334.6875,37.5997089688085,6.0,2020-02-06T09:09:34.996639-08:00,10.0,7.119503021240234,1581008975.086115,0.9564509521590339,POINT (-122.38644012261403 37.5997089688085),ios,3.8948355925799283,-2.520133435911988,2.283781783666767
796,distance,0,-122.38646283757163,2.1700000762939453,1581008975.9966145,328.0078125,37.59973901793137,6.0,2020-02-06T09:09:35.996614-08:00,10.0,5.411312103271484,1581008976.08248,0.9567287231816186,POINT (-122.38646283757163 37.59973901793137),ios,1.3747634430245,-0.23640719083802056,-0.9020071444549289
797,distance,0,-122.386469123999,1.350000023841858,1581008976.9965887,327.65625,37.59975033350065,6.0,2020-02-06T09:09:36.996589-08:00,10.0,5.526515960693359,1581008977.088131,0.957006493806839,POINT (-122.386469123999 37.59975033350065),ios,1.1383623394840645,-1.1383911093246837,1.677075535707544
798,distance,0,-122.38647683534992,0.6399999856948853,1581008977.9965634,328.0078125,37.59975854776576,6.0,2020-02-06T09:09:37.996563-08:00,10.0,5.253108978271484,1581008978.0948548,0.9572842645645142,POINT (-122.38647683534992 37.59975854776576),ios,0.0,0.5386420427104358,-0.718207098721413
799,distance,0,-122.38647683534992,0.0,1581008980.9964886,338.5546875,37.59975854776576,4.0,2020-02-06T09:09:40.996489-08:00,5.0,5.706081390380859,1581008981.096698,0.9581175771024492,POINT (-122.38647683534992 37.59975854776576),ios,1.6158858035383807,-1.6159254860041863,1.6159651694445027
800,distance,0,-122.3864609097339,0.4099999964237213,1581008981.996464,321.6796875,37.59976575620249,4.0,2020-02-06T09:09:41.996464-08:00,5.0,5.521205902099609,1581008982.08827,0.9583953480588066,POINT (-122.3864609097339 37.59976575620249),ios,0.0,0.0,0.0
