,filter,floor,longitude,sensed_speed,ts,bearing,latitude,vaccuracy,fmt_time,accuracy,altitude,write_ts,hr,geometry,source,speed,acceleration,jerk
0,distance,0,-122.08424746693204,0.8100000023841858,1565046534.9968505,301.8952941894531,37.386007282267904,4.0,2019-08-05T16:08:54.996850-07:00,10.0,32.639095306396484,1565046535.133806,5.714432586232821,POINT (-122.08424746693204 37.386007282267904),ios,1.1981678518384205,-0.8390710618761845,1.1317511562532727
1,distance,0,-122.08423596711272,1.0800000429153442,1565046535.996831,301.8952941894531,37.38600157144336,4.0,2019-08-05T16:08:55.996831-07:00,10.0,32.493770599365234,1565046536.083448,5.7147103585799535,POINT (-122.08423596711272 37.38600157144336),ios,0.35911319407292364,0.29265796827587737,-0.03996102258639591
2,distance,0,-122.0842221803024,0.949999988079071,1565046539.9967446,301.8952941894531,37.385994724896214,4.0,2019-08-05T16:08:59.996745-07:00,10.0,32.58010482788086,1565046540.11146,5.7158214457167515,POINT (-122.0842221803024 37.385994724896214),ios,1.529719808591334,0.132817326867275,-0.28443814425929803
3,distance,0,-122.08420749832796,2.140000104904175,1565046540.9967234,301.8952941894531,37.38598743380946,4.0,2019-08-05T16:09:00.996723-07:00,10.0,32.577144622802734,1565046541.160725,5.716099217600292,POINT (-122.08420749832796 37.38598743380946),ios,1.6625343171740756,-0.15161478182692356,2.560860178485455
4,distance,0,-122.08419154163262,1.6799999475479126,1565046541.9967017,301.8952941894531,37.38597950969472,4.0,2019-08-05T16:09:01.996702-07:00,10.0,32.72927474975586,1565046542.123341,5.716376989351379,POINT (-122.08419154163262 37.38597950969472),ios,1.5109228247952098,2.4091898360038337,-4.033590599920517
5,distance,0,-122.08417704008072,1.9900000095367432,1565046542.9966798,301.8952941894531,37.385972308206014,4.0,2019-08-05T16:09:02.996680-07:00,10.0,32.922298431396484,1565046543.125472,5.716654761036237,POINT (-122.08417704008072 37.385972308206014),ios,3.920059816402235,-1.6243122890862483,0.6743611035948096
6,distance,0,-122.08413941603781,2.2699999809265137,1565046543.9966593,301.8952941894531,37.38595362405956,4.0,2019-08-05T16:09:03.996659-07:00,10.0,32.993343353271484,1565046544.119125,5.7169325331184595,POINT (-122.08413941603781 37.38595362405956),ios,2.295780832211593,-0.949965012590025,1.1335287033549224
7,distance,0,-122.08411738157811,1.659999966621399,1565046544.996637,301.8952941894531,37.38594268171948,4.0,2019-08-05T16:09:04.996637-07:00,10.0,33.369808197021484,1565046545.119927,5.717210304737091,POINT (-122.08411738157811 37.38594268171948),ios,1.3458368831272585,0.18353855711473482,-0.37154687735197023
8,distance,0,-122.08409154740225,1.340000033378601,1565046546.996594,301.8952941894531,37.385929852435645,4.0,2019-08-05T16:09:06.996594-07:00,10.0,33.581966400146484,1565046547.141022,5.71776584830549,POINT (-122.08409154740225 37.385929852435645),ios,1.7129060769773665,-0.5595391639433849,0.7979603871555239
9,distance,0,-122.08407510726899,0.9300000071525574,1565046547.9965715,301.8952941894531,37.38592168824503,4.0,2019-08-05T16:09:07.996572-07:00,10.0,33.702388763427734,1565046548.150584,5.718043619857894,POINT (-122.08407510726899 37.38592168824503),ios,1.153379453060029,0.23840333984546053,0.23196180734650446
10,distance,0,-122.08406403734104,0.8899999856948853,1565046548.996551,301.8952941894531,37.385916190905064,4.0,2019-08-05T16:09:08.996551-07:00,10.0,34.10280990600586,1565046549.1374621,5.718321391940117,POINT (-122.08406403734104 37.385916190905064),ios,1.3917779046839331,0.4703603910475768,11.939982623484552
11,distance,0,-122.08405363023611,1.0700000524520874,1565046549.9965296,92.8125,37.385925586615116,4.0,2019-08-05T16:09:09.996530-07:00,10.0,34.268489837646484,1565046550.143439,5.71859916375743,POINT (-122.08405363023611 37.385925586615116),ios,1.862128202892461,12.410086810299884,-25.47154365703081
12,distance,0,-122.0840352085906,1.1100000143051147,1565046550.996508,92.4609375,37.385917451078186,4.0,2019-08-05T16:09:10.996508-07:00,10.0,34.849422454833984,1565046551.138496,5.718876935508516,POINT (-122.0840352085906 37.385917451078186),ios,14.271945762823336,-13.060904213809518,12.998856191566109
13,distance,0,-122.08396933984206,1.0700000524520874,1565046551.9964857,91.7578125,37.38603464331234,4.0,2019-08-05T16:09:11.996486-07:00,10.0,34.93313217163086,1565046552.1318321,5.719154707127148,POINT (-122.08396933984206 37.38603464331234),ios,1.2113311475006907,-0.062336244943962144,0.03294701265002597
14,distance,0,-122.08395601261601,1.0099999904632568,1565046552.9964652,90.0,37.38603719979281,4.0,2019-08-05T16:09:12.996465-07:00,10.0,34.326534271240234,1565046553.1429958,5.71943247920937,POINT (-122.08395601261601 37.38603719979281),ios,1.148996180698958,-0.02938990783941116,-0.03770791961477994
15,distance,0,-122.08394343976126,0.9200000166893005,1565046553.996443,87.890625,37.38603984009231,4.0,2019-08-05T16:09:13.996443-07:00,10.0,35.514888763427734,1565046554.125917,5.719710250828001,POINT (-122.08394343976126 37.38603984009231),ios,1.119606924519853,-0.06709699135920986,-0.2810906037611089
16,distance,0,-122.08393128600166,0.9700000286102295,1565046554.9964218,87.890625,37.38604268993939,3.0,2019-08-05T16:09:14.996422-07:00,10.0,36.050838470458984,1565046555.127502,5.719988022711542,POINT (-122.08393128600166 37.38604268993939),ios,1.0525113569087146,-0.3481816305875298,0.29904048432747743
17,distance,0,-122.08391971897528,0.9700000286102295,1565046555.9964004,87.890625,37.38604495305324,3.0,2019-08-05T16:09:15.996400-07:00,10.0,36.631160736083984,1565046556.124171,5.7202657945288555,POINT (-122.08391971897528 37.38604495305324),ios,0.7043371974884518,-0.04914756297271542,0.061169684484399606
18,distance,0,-122.08390396099732,0.8799999952316284,1565046557.9963582,87.890625,37.38604688089097,3.0,2019-08-05T16:09:17.996358-07:00,10.0,35.449092864990234,1565046558.112963,5.720821338362164,POINT (-122.08390396099732 37.38604688089097),ios,0.606044145574528,0.07318922462998498,-0.03910130439488087
19,distance,0,-122.08389339979932,0.9700000286102295,1565046559.9963152,87.890625,37.386053837870605,3.0,2019-08-05T16:09:19.996315-07:00,10.0,35.13851547241211,1565046560.132372,5.7213768819967905,POINT (-122.08389339979932 37.386053837870605),ios,0.7524194538937284,-0.005011706113838489,0.02201790786816554
20,distance,0,-122.08388024021134,0.9700000286102295,1565046561.9962716,87.890625,37.386062429321356,3.0,2019-08-05T16:09:21.996272-07:00,10.0,34.22109603881836,1565046562.118278,5.721932425432735,POINT (-122.08388024021134 37.386062429321356),ios,0.7423962603297961,0.03902314896796209,0.011572483937335544
21,distance,0,-122.08386682916627,0.9599999785423279,1565046563.9962292,79.8046875,37.3860704759484,3.0,2019-08-05T16:09:23.996229-07:00,10.0,34.71340560913086,1565046564.125643,5.7224879691998165,POINT (-122.08386682916627 37.3860704759484),ios,0.8204409021815365,0.06216762572369167,-0.08588410537593194
22,distance,0,-122.08385299902604,1.0399999618530273,1565046565.996185,79.453125,37.38608032468463,3.0,2019-08-05T16:09:25.996185-07:00,10.0,34.22127914428711,1565046566.121511,5.723043512503306,POINT (-122.08385299902604 37.38608032468463),ios,0.9447734115742765,-0.10959679690039355,0.12771987662223303
23,distance,0,-122.0838338882868,1.1399999856948853,1565046567.996143,90.703125,37.38608795221651,3.0,2019-08-05T16:09:27.996143-07:00,10.0,34.49172592163086,1565046568.1248112,5.7235990564028425,POINT (-122.0838338882868 37.38608795221651),ios,0.7255844166381055,0.14583759700476723,0.013126307426341376
24,distance,0,-122.08382056106076,1.0499999523162842,1565046569.9960995,88.9453125,37.3860955797484,3.0,2019-08-05T16:09:29.996099-07:00,10.0,33.942806243896484,1565046570.1271238,5.724154599838787,POINT (-122.08382056106076 37.3860955797484),ios,1.0172532476657836,0.1720896391487815,-0.12490157148788147
25,distance,0,-122.08380941312954,1.0499999523162842,1565046571.9960694,45.0,37.38611158918346,3.0,2019-08-05T16:09:31.996069-07:00,10.0,33.974056243896484,1565046572.127429,5.7247101470496915,POINT (-122.08380941312954 37.38611158918346),ios,1.3614273562630739,-0.07770975169122604,-0.5461358698832156
26,distance,0,-122.08380304288313,1.0499999523162842,1565046572.996035,44.6484375,37.386122737114675,3.0,2019-08-05T16:09:32.996035-07:00,10.0,33.877132415771484,1565046573.130091,5.724987915290726,POINT (-122.08380304288313 37.386122737114675),ios,1.2837202725244434,-0.6238268714873562,0.5754661557648333
27,distance,0,-122.08379650499866,1.0499999523162842,1565046573.996014,44.6484375,37.386133046855576,3.0,2019-08-05T16:09:33.996014-07:00,10.0,33.478206634521484,1565046574.142446,5.725265687240495,POINT (-122.08379650499866 37.386133046855576),ios,0.6599064894457222,-0.04837278948296253,0.15489386254872078
28,distance,0,-122.08378703344808,0.800000011920929,1565046575.9959707,44.296875,37.38614222503955,3.0,2019-08-05T16:09:35.995971-07:00,10.0,33.37276840209961,1565046576.1468859,5.725821230742667,POINT (-122.08378703344808 37.38614222503955),ios,0.563163009480653,0.2614082144318981,-0.08479987095519485
29,distance,0,-122.0837752149646,0.6800000071525574,1565046578.9959064,43.9453125,37.38615416925157,3.0,2019-08-05T16:09:38.995906-07:00,10.0,33.229610443115234,1565046579.128666,5.726654546194607,POINT (-122.0837752149646 37.38615416925157),ios,1.3473708251410836,0.007014060389793619,0.17556440219408384
30,distance,0,-122.0837733709459,0.8500000238418579,1565046579.9958854,43.59375,37.38616619728262,3.0,2019-08-05T16:09:39.995885-07:00,10.0,33.311824798583984,1565046580.1253328,5.7269323181443745,POINT (-122.0837733709459 37.38616619728262),ios,1.3543847383700338,0.18257477909613,-0.22974849230002078
31,distance,0,-122.08377236511753,1.0,1565046580.9958634,24.9609375,37.38617835104222,3.0,2019-08-05T16:09:40.995863-07:00,10.0,33.22475814819336,1565046581.127894,5.727210089829233,POINT (-122.08377236511753 37.38617835104222),ios,1.536955512777978,-0.047168673783454976,-0.7635756910648768
32,distance,0,-122.08377010200367,1.0,1565046581.9958422,24.9609375,37.386192055453904,3.0,2019-08-05T16:09:41.995842-07:00,10.0,33.48867416381836,1565046582.129605,5.727487861712774,POINT (-122.08377010200367 37.386192055453904),ios,1.489787839878571,-0.8107281623421461,0.8121695427250765
33,distance,0,-122.08376792270884,1.0,1565046582.99582,24.609375,37.38620534077043,3.0,2019-08-05T16:09:42.995820-07:00,10.0,33.133846282958984,1565046583.139653,5.727765633331405,POINT (-122.08376792270884 37.38620534077043),ios,0.6790776537534798,0.0014233722062523813,0.03471821221767502
34,distance,0,-122.08377236511753,0.17000000178813934,1565046584.9957762,24.609375,37.386217033525355,3.0,2019-08-05T16:09:44.995776-07:00,10.0,32.51626205444336,1565046585.201909,5.7283211767011215,POINT (-122.08377236511753 37.386217033525355),ios,0.6819243357240429,0.07085827358770647,0.04981588574956833
35,distance,0,-122.08378242340133,0.17000000178813934,1565046586.9957352,24.609375,37.386226337437876,3.0,2019-08-05T16:09:46.995735-07:00,10.0,32.480892181396484,1565046587.109941,5.728876720865568,POINT (-122.08378242340133 37.386226337437876),ios,0.8236379771436839,0.17048800223721922,0.08322732635272227
36,distance,0,-122.08378569234357,0.44999998807907104,1565046588.9956923,24.2578125,37.386240921949394,3.0,2019-08-05T16:09:48.995692-07:00,10.0,32.358272552490234,1565046589.128161,5.729432264500194,POINT (-122.08378569234357 37.386240921949394),ios,1.1646066650668179,0.3369390832133033,-0.22628804545502926
37,distance,0,-122.08378309395358,0.7400000095367432,1565046589.9956713,24.2578125,37.38625118978078,3.0,2019-08-05T16:09:49.995671-07:00,10.0,32.065792083740234,1565046590.124152,5.729710036449962,POINT (-122.08378309395358 37.38625118978078),ios,1.5015386790168244,0.11065578547040936,0.058397104186913816
38,distance,0,-122.0837786515449,0.75,1565046590.9956489,24.2578125,37.38626422364021,3.0,2019-08-05T16:09:50.995649-07:00,10.0,31.690975189208984,1565046591.117793,5.729987808002366,POINT (-122.0837786515449 37.38626422364021),ios,1.6121919845420905,0.1690515808995904,-0.13603245329256186
39,distance,0,-122.08377370622203,0.75,1565046591.9956279,24.2578125,37.38627817950899,3.0,2019-08-05T16:09:51.995628-07:00,10.0,31.534664154052734,1565046592.1183739,5.730265579952134,POINT (-122.08377370622203 37.38627817950899),ios,1.7812400185983621,0.03302198168148041,-0.45354014166811973
40,distance,0,-122.08376825798497,0.9900000095367432,1565046592.995606,30.9375,37.38629360221083,3.0,2019-08-05T16:09:52.995606-07:00,10.0,31.350887298583984,1565046593.12508,5.730543351636992,POINT (-122.08376825798497 37.38629360221083),ios,1.814261275958879,-0.42050821180619424,0.1225757972367015
41,distance,0,-122.0837635641192,1.0499999523162842,1565046593.9955842,26.015625,37.38630948591734,3.0,2019-08-05T16:09:53.995584-07:00,10.0,31.117366790771484,1565046594.1255999,5.730821123388078,POINT (-122.0837635641192 37.38630948591734),ios,1.3937621875369874,-0.297935073985107,0.18986883235178975
42,distance,0,-122.08375861879632,0.6299999952316284,1565046594.995563,24.2578125,37.38632138821984,3.0,2019-08-05T16:09:54.995563-07:00,10.0,31.195064544677734,1565046595.129931,5.731098895271619,POINT (-122.08375861879632 37.38632138821984),ios,1.0958334355117538,-0.10807027050821029,0.1700577557375242
43,distance,0,-122.08375384111152,0.6899999976158142,1565046595.995542,24.2578125,37.38633048258478,3.0,2019-08-05T16:09:55.995542-07:00,10.0,31.101070404052734,1565046596.122273,5.7313766672213875,POINT (-122.08375384111152 37.38633048258478),ios,0.9877654324080533,0.06198391727560695,-0.038007673526049016
44,distance,0,-122.08374034624741,0.6899999976158142,1565046597.9954987,61.875,37.38634464800114,3.0,2019-08-05T16:09:57.995499-07:00,10.0,30.995235443115234,1565046598.123414,5.731932210723559,POINT (-122.08374034624741 37.38634464800114),ios,1.111730577341885,-0.014029780540626972,0.00788653858389646
45,distance,0,-122.08373246725843,0.7300000190734863,1565046598.995477,24.2578125,37.38635244317109,3.0,2019-08-05T16:09:58.995477-07:00,10.0,30.94137191772461,1565046599.1215901,5.732209982474645,POINT (-122.08373246725843 37.38635244317109),ios,1.0977011011926492,-0.006143413063786925,-0.05292244437733066
46,distance,0,-122.08372634846911,0.6600000262260437,1565046599.9954557,24.2578125,37.38636103462184,3.0,2019-08-05T16:09:59.995456-07:00,10.0,30.71236801147461,1565046600.110008,5.732487754358186,POINT (-122.08372634846911 37.38636103462184),ios,1.0915578184875017,-0.05906473446635239,-0.16352476745131242
47,distance,0,-122.0837186371182,0.9399999976158142,1565046600.9954352,71.015625,37.386368704063244,3.0,2019-08-05T16:10:00.995435-07:00,10.0,30.74325180053711,1565046601.114424,5.732765526440408,POINT (-122.0837186371182 37.386368704063244),ios,1.032494295084335,-0.22258614900619228,0.28887481230052475
48,distance,0,-122.08371033903406,0.6600000262260437,1565046601.9954138,71.015625,37.38637524194772,3.0,2019-08-05T16:10:01.995414-07:00,10.0,30.634090423583984,1565046602.1308842,5.733043298257722,POINT (-122.08371033903406 37.38637524194772),ios,0.8099129222587463,0.06628246471332666,0.10084714244054546
49,distance,0,-122.08369541924641,0.6200000047683716,1565046603.9953704,71.015625,37.38638370766992,3.0,2019-08-05T16:10:03.995370-07:00,10.0,30.48037338256836,1565046604.109812,5.7335988417598935,POINT (-122.08369541924641 37.38638370766992),ios,0.9424749755446674,0.2679723736169195,-0.2869657845572314
50,distance,0,-122.08367840398297,0.9900000095367432,1565046605.9953272,70.6640625,37.38639393359179,3.0,2019-08-05T16:10:05.995327-07:00,10.0,30.328853607177734,1565046606.123559,5.734154385328293,POINT (-122.08367840398297 37.38639393359179),ios,1.4784081587622537,-0.3059468118441397,-0.2746296822187771
51,distance,0,-122.0836721175556,0.9900000095367432,1565046606.9953048,70.6640625,37.38640625498945,3.0,2019-08-05T16:10:06.995305-07:00,10.0,30.211727142333984,1565046607.133102,5.734432156880697,POINT (-122.0836721175556 37.38640625498945),ios,1.172468203598105,-0.5805703392419671,0.7440398220559454
52,distance,0,-122.08366910007045,0.9900000095367432,1565046607.9952836,70.3125,37.38641652282084,3.0,2019-08-05T16:10:07.995284-07:00,10.0,30.333187103271484,1565046608.133008,5.734709928764238,POINT (-122.08366910007045 37.38641652282084),ios,0.5919101836253642,0.16345369484435018,0.1560967589775178
53,distance,0,-122.08366231072888,0.6899999976158142,1565046609.9952412,70.3125,37.38642570100481,3.0,2019-08-05T16:10:09.995241-07:00,10.0,30.12832260131836,1565046610.1021628,5.735265472531319,POINT (-122.08366231072888 37.38642570100481),ios,0.9188106365832787,0.4756405882859747,0.034055903588958596
54,distance,0,-122.0836631489192,0.6200000047683716,1565046611.9951987,69.9609375,37.38644221335406,3.0,2019-08-05T16:10:11.995199-07:00,10.0,30.343502044677734,1565046612.109496,5.7358210162984005,POINT (-122.0836631489192 37.38644221335406),ios,1.8700716276787546,0.5437509501821863,-0.8790092441511059
55,distance,0,-122.08366834569917,0.6200000047683716,1565046612.9951766,69.609375,37.38645851615573,3.0,2019-08-05T16:10:12.995177-07:00,10.0,30.658626556396484,1565046613.106076,5.736098787917031,POINT (-122.08366834569917 37.38645851615573),ios,2.4138105213103507,-0.3352388037603639,-0.3528701522242822
56,distance,0,-122.0836721175556,0.6399999856948853,1565046613.9951553,22.8515625,37.38648001573736,3.0,2019-08-05T16:10:13.995155-07:00,10.0,31.007991790771484,1565046614.092458,5.736376559800572,POINT (-122.0836721175556 37.38648001573736),ios,2.0785788310671602,-0.6881014683434193,1.1609110876892055
57,distance,0,-122.08367236901269,0.8100000023841858,1565046614.995134,53.0859375,37.386498707381435,3.0,2019-08-05T16:10:14.995134-07:00,10.0,31.141109466552734,1565046615.110553,5.736654331684113,POINT (-122.08367236901269 37.386498707381435),ios,1.390491963723259,0.47278498567907895,-0.2811651479474898
58,distance,0,-122.08367086027012,0.8100000023841858,1565046615.9951122,78.3984375,37.386511154507645,3.0,2019-08-05T16:10:15.995112-07:00,10.0,30.873714447021484,1565046616.140615,5.7369321033689715,POINT (-122.08367086027012 37.386511154507645),ios,1.8632665790956833,0.19162600495113524,-0.2985498055845389
59,distance,0,-122.08366884861336,0.8100000023841858,1565046616.9950905,63.28125,37.386527834494956,3.0,2019-08-05T16:10:16.995090-07:00,10.0,30.97829818725586,1565046617.125383,5.737209875120057,POINT (-122.08366884861336 37.386527834494956),ios,2.054888426511635,-0.10691732326974379,-0.341019982232889
60,distance,0,-122.08366616640434,1.2899999618530273,1565046617.9950695,28.828125,37.3865461908629,3.0,2019-08-05T16:10:17.995070-07:00,10.0,31.11440658569336,1565046618.135845,5.737487647069825,POINT (-122.08366616640434 37.3865461908629),ios,1.9479733464566051,-0.44793015061866714,0.1904351375987264
61,distance,0,-122.08366616640434,1.2899999618530273,1565046618.9950485,26.015625,37.38656370904053,3.0,2019-08-05T16:10:18.995049-07:00,10.0,30.846187591552734,1565046619.1297688,5.737765419019593,POINT (-122.08366616640434 37.38656370904053),ios,1.5000525937865021,-0.25749900850813345,0.1771830783236558
62,distance,0,-122.08366490911887,0.8199999928474426,1565046619.995026,43.9453125,37.38657716199512,3.0,2019-08-05T16:10:19.995026-07:00,10.0,30.562252044677734,1565046620.131583,5.738043190571997,POINT (-122.08366490911887 37.38657716199512),ios,1.2425593561778552,-0.0803199010958285,-0.05557574781810458
63,distance,0,-122.08365987997696,0.8500000238418579,1565046620.9950051,59.765625,37.38658759746457,3.0,2019-08-05T16:10:20.995005-07:00,10.0,30.68947982788086,1565046621.133832,5.738320962521765,POINT (-122.08365987997696 37.38658759746457),ios,1.1622411402606156,-0.13589448288834027,0.09212840890774324
64,distance,0,-122.0836544317399,0.8199999928474426,1565046621.9949837,54.140625,37.38659711092467,3.0,2019-08-05T16:10:21.994984-07:00,10.0,30.492122650146484,1565046622.124569,5.738598734339078,POINT (-122.0836544317399 37.38659711092467),ios,1.026349573351532,-0.04376805084178824,-0.03102153309187961
65,distance,0,-122.08364864822671,0.7699999809265137,1565046622.9949617,45.703125,37.3866051156422,3.0,2019-08-05T16:10:22.994962-07:00,10.0,30.65060043334961,1565046623.1181679,5.738876506023937,POINT (-122.08364864822671 37.3866051156422),ios,0.982582482540461,-0.07478890349156245,0.010748009083949402
66,distance,0,-122.08363280642972,0.800000011920929,1565046624.9949193,72.421875,37.38661752085889,3.0,2019-08-05T16:10:24.994919-07:00,10.0,30.56698226928711,1565046625.133009,5.739432049791018,POINT (-122.08363280642972 37.38661752085889),ios,0.8330078494867464,-0.05329334145312325,0.04670598493738339
67,distance,0,-122.08362014975593,0.7099999785423279,1565046626.994876,68.5546875,37.386628626880594,3.0,2019-08-05T16:10:26.994876-07:00,10.0,30.61593246459961,1565046627.122332,5.73998759329319,POINT (-122.08362014975593 37.386628626880594),ios,0.7264234790948395,0.040116601747072836,0.00014296388181470987
68,distance,0,-122.08360849891052,0.6800000071525574,1565046628.9948325,69.2578125,37.38663784697408,3.0,2019-08-05T16:10:28.994833-07:00,10.0,30.46603012084961,1565046629.1295872,5.740543136795361,POINT (-122.08360849891052 37.38663784697408),ios,0.8066549418421252,0.04040252330718756,0.01517059418672788
69,distance,0,-122.08359533932254,0.8399999737739563,1565046630.9947903,57.3046875,37.38664790525789,3.0,2019-08-05T16:10:30.994790-07:00,10.0,30.518001556396484,1565046631.118361,5.741098680628671,POINT (-122.08359533932254 37.38664790525789),ios,0.8874582834664411,0.07074307148022603,-0.02485653924613456
70,distance,0,-122.08358461048648,0.7699999809265137,1565046632.9947476,52.3828125,37.386661400121994,3.0,2019-08-05T16:10:32.994748-07:00,10.0,30.511348724365234,1565046633.111166,5.741654224329524,POINT (-122.08358461048648 37.386661400121994),ios,1.0289414073300907,0.02103105378863446,-0.0707591066200132
71,distance,0,-122.0835804195349,0.7699999809265137,1565046633.9947262,45.3515625,37.38667003348226,3.0,2019-08-05T16:10:33.994726-07:00,10.0,30.28573226928711,1565046634.140404,5.741931996146838,POINT (-122.0835804195349 37.38667003348226),ios,1.0499720098412686,-0.04972653450566943,0.31283398148005875
72,distance,0,-122.08357639622137,0.7200000286102295,1565046634.9947038,47.109375,37.38667891829962,3.0,2019-08-05T16:10:34.994704-07:00,10.0,30.149532318115234,1565046635.116966,5.742209767699242,POINT (-122.08357639622137 37.38667891829962),ios,1.000246589774191,0.26310043594365357,-0.16273538811469448
73,distance,0,-122.08357254054592,0.7200000286102295,1565046636.9946613,36.2109375,37.38669664602483,3.0,2019-08-05T16:10:36.994661-07:00,10.0,29.742122650146484,1565046637.1193318,5.742765311466323,POINT (-122.08357254054592 37.38669664602483),ios,1.5264362960717845,-0.062363434038814704,-0.11851069917017032
74,distance,0,-122.08357086416528,0.9700000286102295,1565046637.9946399,21.4453125,37.386710308527,3.0,2019-08-05T16:10:37.994640-07:00,10.0,29.69472885131836,1565046638.126165,5.743043083283636,POINT (-122.08357086416528 37.386710308527),ios,1.4640742002070897,-0.18087159024525962,0.14993428252000507
75,distance,0,-122.08356943924174,0.9700000286102295,1565046638.994618,22.5,37.386723426205464,3.0,2019-08-05T16:10:38.994618-07:00,10.0,29.62612533569336,1565046639.120889,5.743320854968495,POINT (-122.08356943924174 37.386723426205464),ios,1.2832065772914043,-0.03094059646016547,0.09738005600023607
76,distance,0,-122.08356658939466,0.9900000095367432,1565046639.9945965,24.2578125,37.386734741774745,3.0,2019-08-05T16:10:39.994596-07:00,10.0,29.828243255615234,1565046640.1277208,5.743598626785809,POINT (-122.08356658939466 37.386734741774745),ios,1.2522666447444128,0.06643736999075801,-0.1063699978685584
77,distance,0,-122.0835613926147,1.0,1565046640.9945755,25.6640625,37.38674521915371,3.0,2019-08-05T16:10:40.994576-07:00,10.0,29.97921371459961,1565046641.127149,5.743876398735576,POINT (-122.0835613926147 37.38674521915371),ios,1.3187026208236758,-0.0399303961464303,-0.22454829146276153
78,distance,0,-122.0835540165399,1.0,1565046641.994553,29.1796875,37.38675552889461,3.0,2019-08-05T16:10:41.994553-07:00,10.0,30.063838958740234,1565046642.116932,5.74415417028798,POINT (-122.0835540165399 37.38675552889461),ios,1.278773119571187,-0.26447365517964033,0.08901410349616132
79,distance,0,-122.0835473948364,1.0,1565046642.9945316,28.125,37.38676575481648,3.0,2019-08-05T16:10:42.994532-07:00,10.0,29.969234466552734,1565046643.119673,5.744431942105293,POINT (-122.0835473948364 37.38676575481648),ios,1.0143051393805236,-0.17546146171892582,0.17024416011034607
80,distance,0,-122.08354312006578,0.9599999785423279,1565046643.9945107,27.421875,37.38677422053868,3.0,2019-08-05T16:10:43.994511-07:00,10.0,30.23537826538086,1565046644.114938,5.744709714055062,POINT (-122.08354312006578 37.38677422053868),ios,0.8388473589895681,-0.005220873473206109,0.01221527273429453
81,distance,0,-122.08353431906745,0.6800000071525574,1565046645.9944677,24.609375,37.38678758967424,3.0,2019-08-05T16:10:45.994468-07:00,10.0,30.38131332397461,1565046646.11799,5.745265257689688,POINT (-122.08353431906745 37.38678758967424),ios,0.8284058360987382,0.019209147772748597,0.0344009411940138
82,distance,0,-122.08352459605977,0.6800000071525574,1565046647.994427,15.8203125,37.38680033016706,3.0,2019-08-05T16:10:47.994427-07:00,10.0,30.47317123413086,1565046648.118459,5.745820801920361,POINT (-122.08352459605977 37.38680033016706),ios,0.8668233484954057,0.08800962764895441,0.05151403493466532
83,distance,0,-122.08351663325176,0.9399999976158142,1565046649.994382,22.1484375,37.386814579402454,3.0,2019-08-05T16:10:49.994382-07:00,10.0,30.19796371459961,1565046650.113023,5.746376344958941,POINT (-122.08351663325176 37.386814579402454),ios,1.0428386379816743,0.1910353762386156,0.02275636026204756
84,distance,0,-122.08351202320502,0.9399999976158142,1565046650.9943604,21.796875,37.38682321276272,3.0,2019-08-05T16:10:50.994360-07:00,10.0,30.05178451538086,1565046651.116794,5.746654116776255,POINT (-122.08351202320502 37.38682321276272),ios,1.2338699150458234,0.21379124820214604,-0.37479992992811684
85,distance,0,-122.0835059044157,0.9399999976158142,1565046651.9943392,22.5,37.386833187227495,3.0,2019-08-05T16:10:51.994339-07:00,10.0,29.992061614990234,1565046652.122504,5.7469318886597955,POINT (-122.0835059044157 37.386833187227495),ios,1.4476566267572692,-0.16100072875123086,0.026601480164454332
86,distance,0,-122.08349735487447,1.2400000095367432,1565046652.9943182,34.8046875,37.3868442932492,3.0,2019-08-05T16:10:52.994318-07:00,10.0,29.91689682006836,1565046653.121237,5.747209660609563,POINT (-122.08349735487447 37.3868442932492),ios,1.286659275935757,-0.13439980670804158,0.046348846360683225
87,distance,0,-122.08348821860001,1.2400000095367432,1565046653.994296,45.0,37.38685330379511,3.0,2019-08-05T16:10:53.994296-07:00,10.0,29.741451263427734,1565046654.119508,5.747487432228194,POINT (-122.08348821860001 37.38685330379511),ios,1.1522624492649334,-0.08805198803698494,0.0934595647815137
88,distance,0,-122.08347933378265,1.059999942779541,1565046654.9942746,32.6953125,37.38686088941748,3.0,2019-08-05T16:10:54.994275-07:00,10.0,29.790035247802734,1565046655.129806,5.747765204045508,POINT (-122.08347933378265 37.38686088941748),ios,1.0642123506186372,0.0054055713198312766,0.02182355512567807
89,distance,0,-122.08347095187948,1.059999942779541,1565046655.9942534,33.046875,37.38686776257808,3.0,2019-08-05T16:10:55.994253-07:00,10.0,29.648250579833984,1565046656.11137,5.748042975929049,POINT (-122.08347095187948 37.38686776257808),ios,1.06961780723628,0.02722866336595999,-0.15414761572812383
90,distance,0,-122.08346357580469,1.059999942779541,1565046656.9942312,23.90625,37.386875390109964,3.0,2019-08-05T16:10:56.994231-07:00,10.0,29.600582122802734,1565046657.122422,5.748320747547679,POINT (-122.08346357580469 37.386875390109964),ios,1.0968458668630516,-0.12691553445820106,0.11139945005322154
91,distance,0,-122.08345670264409,0.8500000238418579,1565046657.9942098,23.5546875,37.38688360437507,3.0,2019-08-05T16:10:57.994210-07:00,10.0,29.70492172241211,1565046658.1257138,5.748598519364993,POINT (-122.08345670264409 37.38688360437507),ios,0.9699330557167758,-0.015518474777853024,0.011083792839275864
92,distance,0,-122.08344706345544,1.2400000095367432,1565046659.9941673,23.5546875,37.386899278534,3.0,2019-08-05T16:10:59.994167-07:00,10.0,29.48763656616211,1565046660.136498,5.7491540631320746,POINT (-122.08344706345544 37.386899278534),ios,0.9388967647419715,0.006648640521077824,0.0447038432198043
93,distance,0,-122.08343608316228,1.2400000095367432,1565046661.9941242,24.9609375,37.38691373731697,3.0,2019-08-05T16:11:01.994124-07:00,10.0,29.420711517333984,1565046662.119257,5.749709606700473,POINT (-122.08343608316228 37.38691373731697),ios,0.952193758870271,0.0960543978216391,-0.10674113383510282
94,distance,0,-122.08342568960235,1.100000023841858,1565046663.994081,23.90625,37.38692874092365,3.0,2019-08-05T16:11:03.994081-07:00,10.0,29.380855560302734,1565046664.110426,5.750265150268873,POINT (-122.08342568960235 37.38692874092365),ios,1.144298409404848,-0.11742326356699416,0.12290984876916262
95,distance,0,-122.08341848116562,1.2400000095367432,1565046664.9940605,23.90625,37.386937290464886,3.0,2019-08-05T16:11:04.994061-07:00,10.0,29.33919906616211,1565046665.1174998,5.750542922351095,POINT (-122.08341848116562 37.386937290464886),ios,1.026877553484192,0.005484065058899373,0.006467071247584077
96,distance,0,-122.08341043453858,1.2400000095367432,1565046665.9940386,48.8671875,37.38694395407791,3.0,2019-08-05T16:11:05.994039-07:00,10.0,29.221736907958984,1565046666.12184,5.750820694035954,POINT (-122.08341043453858 37.38694395407791),ios,1.0323614982528155,0.011950994454449172,-0.10048112404144045
97,distance,0,-122.08340188499734,1.2300000190734863,1565046666.994017,48.1640625,37.3869502824148,3.0,2019-08-05T16:11:06.994017-07:00,10.0,29.25551986694336,1565046667.125509,5.75109846578704,POINT (-122.08340188499734 37.3869502824148),ios,1.044312233417405,-0.08852794953941061,0.11388553415503234
98,distance,0,-122.08339350309417,0.949999988079071,1565046667.9939957,47.8125,37.38695690411831,3.0,2019-08-05T16:11:07.993996-07:00,10.0,29.29134750366211,1565046668.128787,5.751376237670581,POINT (-122.08339350309417 37.38695690411831),ios,0.9557861623750011,0.02535516804959797,0.034021647806265876
99,distance,0,-122.08338294189618,1.1299999952316284,1565046669.9939535,47.4609375,37.386971907724984,3.0,2019-08-05T16:11:09.993953-07:00,10.0,28.93978500366211,1565046670.125567,5.751931781503889,POINT (-122.08338294189618 37.386971907724984),ios,1.0064954284838614,0.09339702794558134,-0.06519044818068717
100,distance,0,-122.08337782893524,1.1299999952316284,1565046670.9939318,47.4609375,37.386979996261545,3.0,2019-08-05T16:11:10.993932-07:00,10.0,28.93160629272461,1565046671.133384,5.752209553254975,POINT (-122.08337782893524 37.386979996261545),ios,1.0998904300790535,0.028207994142770563,-0.31276358058940884
101,distance,0,-122.08337204542205,1.1299999952316284,1565046671.9939096,47.4609375,37.38698875535036,3.0,2019-08-05T16:11:11.993910-07:00,10.0,28.836055755615234,1565046672.1259851,5.752487324873607,POINT (-122.08337204542205 37.38698875535036),ios,1.128097798768005,-0.2845486515623297,0.37085071694647814
102,distance,0,-122.08336533989952,1.0399999618530273,1565046672.9938886,47.4609375,37.386997388710626,3.0,2019-08-05T16:11:12.993889-07:00,10.0,28.97219467163086,1565046673.1226249,5.752765096823374,POINT (-122.08336533989952 37.386997388710626),ios,0.843555117273972,0.08629428462646101,-0.3593159469591704
103,distance,0,-122.08335109066412,1.2200000286102295,1565046674.9938455,47.109375,37.38700748890395,3.0,2019-08-05T16:11:14.993845-07:00,10.0,29.34273910522461,1565046675.122528,5.753320640391774,POINT (-122.08335109066412 37.38700748890395),ios,1.0161399626038028,-0.6323221034567282,0.7741730294972134
104,distance,0,-122.08333977509484,1.2200000286102295,1565046675.9938242,47.109375,37.387009123375066,3.0,2019-08-05T16:11:15.993824-07:00,10.0,29.372798919677734,1565046676.1187658,5.7535984122753145,POINT (-122.08333977509484 37.387009123375066),ios,0.38383127655010674,0.14183449866668837,-0.026070990728458112
105,distance,0,-122.08332753751621,0.5099999904632568,1565046678.9937592,46.7578125,37.387012685683914,3.0,2019-08-05T16:11:18.993759-07:00,10.0,29.634212493896484,1565046679.136454,5.754431727528572,POINT (-122.08332753751621 37.387012685683914),ios,0.8093255407877302,0.06362322339705236,-0.01951363994470343
106,distance,0,-122.0833142941092,0.8399999737739563,1565046680.9937167,46.7578125,37.38702274396772,3.0,2019-08-05T16:11:20.993717-07:00,10.0,29.699703216552734,1565046681.123297,5.754987271295653,POINT (-122.0833142941092 37.38702274396772),ios,0.9365692875072184,0.024596771637392448,0.002781240722127942
107,distance,0,-122.0833007992451,0.7200000286102295,1565046682.9936738,46.40625,37.387035735917635,3.0,2019-08-05T16:11:22.993674-07:00,10.0,29.730342864990234,1565046683.1133509,5.75554281493028,POINT (-122.0833007992451 37.387035735917635),ios,0.9857617752030813,0.030159133723745332,-0.1347434398167311
108,distance,0,-122.08328696910486,1.2100000381469727,1565046684.9936304,61.171875,37.3870496498769,3.0,2019-08-05T16:11:24.993630-07:00,10.0,29.906917572021484,1565046685.121615,5.756098358432452,POINT (-122.08328696910486 37.3870496498769),ios,1.0460787339799706,-0.23932189909793433,0.3464832631587676
109,distance,0,-122.08328026358232,1.2100000381469727,1565046685.9936092,46.40625,37.387057403137334,3.0,2019-08-05T16:11:25.993609-07:00,10.0,29.671504974365234,1565046686.114336,5.756376130315992,POINT (-122.08328026358232 37.387057403137334),ios,0.806761913114091,0.10715401194462494,0.03142769463962303
110,distance,0,-122.0832680260037,0.7099999785423279,1565046687.9935658,75.234375,37.38706817388291,3.0,2019-08-05T16:11:27.993566-07:00,10.0,30.02804183959961,1565046688.120975,5.756931673818165,POINT (-122.0832680260037 37.38706817388291),ios,1.0210652873570172,0.17000803750764432,-0.4947065789869792
111,distance,0,-122.08325712952957,1.0199999809265137,1565046688.993544,88.9453125,37.38707123327757,3.0,2019-08-05T16:11:28.993544-07:00,10.0,30.090328216552734,1565046689.126461,5.75720944556925,POINT (-122.08325712952957 37.38707123327757),ios,1.1910696363548603,-0.3246878082805281,0.422517028225205
112,distance,0,-122.08324447285578,1.25,1565046689.9935231,87.890625,37.38707492131496,3.0,2019-08-05T16:11:29.993523-07:00,10.0,30.020748138427734,1565046690.122242,5.757487217519018,POINT (-122.08324447285578 37.38707492131496),ios,0.8663886402956515,0.09782035518463948,-0.07413973233569551
113,distance,0,-122.08323466602907,0.9800000190734863,1565046691.9934807,62.578125,37.38708841617907,3.0,2019-08-05T16:11:31.993481-07:00,10.0,29.93062973022461,1565046692.1187239,5.7580427612861,POINT (-122.08323466602907 37.38708841617907),ios,1.0620251993150944,-0.050455963107195904,0.4180784974411827
114,distance,0,-122.08323173236296,0.6700000166893005,1565046692.9934587,48.1640625,37.38709767818207,3.0,2019-08-05T16:11:32.993459-07:00,10.0,29.886714935302734,1565046693.120002,5.758320532970958,POINT (-122.08323173236296 37.38709767818207),ios,1.0115703429346894,0.367613363987306,-0.32686614177681855
115,distance,0,-122.08322754141138,0.8199999928474426,1565046693.9934378,52.03125,37.387106143904276,3.0,2019-08-05T16:11:33.993438-07:00,10.0,29.72848129272461,1565046694.1248112,5.758598304920726,POINT (-122.08322754141138 37.387106143904276),ios,1.3791759940866761,0.040754080135062376,-0.08966269823880359
116,distance,0,-122.08322091970787,1.25,1565046694.9934158,54.84375,37.387117375654526,3.0,2019-08-05T16:11:34.993416-07:00,10.0,29.328121185302734,1565046695.127913,5.758876076605585,POINT (-122.08322091970787 37.387117375654526),ios,1.4199291803009897,-0.04890665139645486,-0.03892319432341921
117,distance,0,-122.08321237016663,1.25,1565046695.9933944,58.7109375,37.38712818830962,3.0,2019-08-05T16:11:35.993394-07:00,10.0,29.287654876708984,1565046696.108902,5.759153848422899,POINT (-122.08321237016663 37.38712818830962),ios,1.371023578327425,-0.08782901051873244,-0.1847171851454299
118,distance,0,-122.08320658665345,1.1100000143051147,1565046696.9933724,45.3515625,37.38713962960745,3.0,2019-08-05T16:11:36.993372-07:00,10.0,29.084651947021484,1565046697.1210752,5.7594316201077564,POINT (-122.08320658665345 37.38713962960745),ios,1.2831964942949385,-0.2725421439833511,0.4892716132980773
119,distance,0,-122.08320348534927,1.0800000429153442,1565046697.9933512,45.703125,37.38715090326721,3.0,2019-08-05T16:11:37.993351-07:00,10.0,29.14596176147461,1565046698.123526,5.759709391991297,POINT (-122.08320348534927 37.38715090326721),ios,1.010660133452441,0.21671908733631368,-0.2326880623266063
120,distance,0,-122.08319837238834,0.9599999785423279,1565046698.993331,52.3828125,37.38715903371329,3.0,2019-08-05T16:11:38.993331-07:00,10.0,29.28731918334961,1565046699.124265,5.759987164139748,POINT (-122.08319837238834 37.38715903371329),ios,1.227374828850921,-0.015964259431931128,-0.12618816260912633
121,distance,0,-122.08319057721839,1.2400000095367432,1565046699.993308,56.6015625,37.387168169987746,3.0,2019-08-05T16:11:39.993308-07:00,10.0,29.179439544677734,1565046700.128357,5.760264935559697,POINT (-122.08319057721839 37.387168169987746),ios,1.2114109348118907,-0.14214953382322432,-0.1569091902611566
122,distance,0,-122.08318362023876,1.2400000095367432,1565046700.9932868,50.2734375,37.3871775577193,3.0,2019-08-05T16:11:40.993287-07:00,10.0,29.10165023803711,1565046701.126041,5.760542707443237,POINT (-122.08318362023876 37.3871775577193),ios,1.0692644172956651,-0.29905539458849,0.4247951772812699
123,distance,0,-122.08318018365846,1.059999942779541,1565046701.9932656,31.2890625,37.387186777812786,3.0,2019-08-05T16:11:41.993266-07:00,10.0,29.12313461303711,1565046702.137607,5.760820479326778,POINT (-122.08318018365846 37.387186777812786),ios,0.7702153684394154,0.1257307688562106,-0.17369340241917539
124,distance,0,-122.08317624416397,0.6600000262260437,1565046703.993222,38.3203125,37.38720027267689,3.0,2019-08-05T16:11:43.993222-07:00,10.0,28.821468353271484,1565046704.11952,5.761376022762723,POINT (-122.08317624416397 37.38720027267689),ios,1.021671420442956,-0.2216484576347808,0.13671220174763496
125,distance,0,-122.08315973181472,1.2300000190734863,1565046705.9931793,59.0625,37.38721313889826,3.0,2019-08-05T16:11:45.993179-07:00,10.0,28.86391830444336,1565046706.1101642,5.761931566463576,POINT (-122.08315973181472 37.38721313889826),ios,0.5783839644481433,0.05177011140401843,-0.00674401601186969
126,distance,0,-122.08315143373058,0.5299999713897705,1565046707.9931362,66.796875,37.387221185525306,3.0,2019-08-05T16:11:47.993136-07:00,10.0,28.91274642944336,1565046708.1205292,5.762487110031976,POINT (-122.08315143373058 37.387221185525306),ios,0.6819219531810716,0.03828237040994646,0.049352313470346854
127,distance,0,-122.08314615313158,0.7099999785423279,1565046709.9930935,49.921875,37.38723271064217,3.0,2019-08-05T16:11:49.993093-07:00,10.0,28.409725189208984,1565046710.111843,5.763042653732829,POINT (-122.08314615313158 37.38723271064217),ios,0.7584850602270885,0.1369848911456271,-0.09976582066816077
128,distance,0,-122.08314162690387,0.7099999785423279,1565046711.9930508,41.484375,37.387245870230146,3.0,2019-08-05T16:11:51.993051-07:00,10.0,27.93355941772461,1565046712.1254191,5.763598197433684,POINT (-122.08314162690387 37.387245870230146),ios,1.0324489964243269,-0.06254249249218247,0.2240592133550645
129,distance,0,-122.08313760359034,0.8199999928474426,1565046712.9930296,38.671875,37.387254587409444,3.0,2019-08-05T16:11:52.993030-07:00,10.0,27.79275131225586,1565046713.125566,5.763875969317224,POINT (-122.08313760359034 37.387254587409444),ios,0.9699078310371496,0.1615119664936259,-0.20951308343830988
130,distance,0,-122.08312754530654,1.2599999904632568,1565046714.9929862,41.1328125,37.38727009393031,3.0,2019-08-05T16:11:54.992986-07:00,10.0,27.710445404052734,1565046715.118854,5.764431512819396,POINT (-122.08312754530654 37.38727009393031),ios,1.2929247556678536,-0.25750510915327235,0.19450879778879804
131,distance,0,-122.0831174032037,1.2599999904632568,1565046715.9929647,52.03125,37.38727847583348,3.0,2019-08-05T16:11:55.992965-07:00,10.0,27.760677337646484,1565046716.1289558,5.76470928463671,POINT (-122.0831174032037 37.38727847583348),ios,1.0354251719747825,-0.06300048507048155,0.28562672841801545
132,distance,0,-122.08310801547215,1.1799999475479126,1565046716.9929438,59.0625,37.38728404979909,3.0,2019-08-05T16:11:56.992944-07:00,10.0,27.79073715209961,1565046717.128152,5.764987056586477,POINT (-122.08310801547215 37.38728404979909),ios,0.9724260087070806,0.2226202506602845,-0.013205739188532491
133,distance,0,-122.08309594553158,0.8999999761581421,1565046718.9929004,30.234375,37.38729867622013,3.0,2019-08-05T16:11:58.992900-07:00,10.0,27.94009017944336,1565046719.111566,5.765542600088649,POINT (-122.08309594553158 37.38729867622013),ios,1.4176568500493505,0.19620934530904988,-0.49415543221493147
134,distance,0,-122.08309787336931,1.2899999618530273,1565046719.9928794,10.1953125,37.387311332893916,3.0,2019-08-05T16:11:59.992879-07:00,10.0,27.72689437866211,1565046720.110269,5.765820372038418,POINT (-122.08309787336931 37.387311332893916),ios,1.6138620787225086,-0.29793571911231326,-0.09644115930737489
135,distance,0,-122.08310105849252,1.2899999618530273,1565046720.9928575,9.84375,37.38732562403882,3.0,2019-08-05T16:12:00.992857-07:00,10.0,27.62038803100586,1565046721.1215482,5.766098143723276,POINT (-122.08310105849252 37.38732562403882),ios,1.3159328946839903,-0.3943747630301846,0.560240601310459
136,distance,0,-122.08310298633025,0.9100000262260437,1565046721.992836,16.875,37.38733735870326,3.0,2019-08-05T16:12:01.992836-07:00,10.0,27.987483978271484,1565046722.128619,5.766375915540589,POINT (-122.08310298633025 37.38733735870326),ios,0.9215665940181629,0.16585381682114372,-0.20913956873589934
137,distance,0,-122.08309720281706,0.6399999856948853,1565046723.992793,59.765625,37.38735328431929,3.0,2019-08-05T16:12:03.992793-07:00,10.0,28.02334213256836,1565046724.123007,5.766931459175216,POINT (-122.08309720281706 37.38735328431929),ios,1.2532671099868082,-0.25241634535406876,-0.05780365752488547
138,distance,0,-122.08308789890454,1.2599999904632568,1565046724.9927707,61.171875,37.38736179195101,3.0,2019-08-05T16:12:04.992771-07:00,10.0,27.76986312866211,1565046725.1268082,5.7672092307276195,POINT (-122.08308789890454 37.38736179195101),ios,1.0008564216229012,-0.3102187074211602,0.3277723369994018
139,distance,0,-122.08308052282975,1.2599999904632568,1565046725.9927502,58.0078125,37.38736862320209,3.0,2019-08-05T16:12:05.992750-07:00,10.0,27.612056732177734,1565046726.1069179,5.767487002809842,POINT (-122.08308052282975 37.38736862320209),ios,0.6906440749254363,0.017546908934963964,0.08186970290472079
140,distance,0,-122.08307482313559,0.5400000214576721,1565046727.9927077,56.953125,37.38738019022847,3.0,2019-08-05T16:12:07.992708-07:00,10.0,27.594295501708984,1565046728.105761,5.768042546576924,POINT (-122.08307482313559 37.38738019022847),ios,0.7257371481307452,0.18128284031643918,-0.13907050445792965
141,distance,0,-122.08306283701405,0.8799999952316284,1565046729.9926648,78.75,37.38738911695535,3.0,2019-08-05T16:12:09.992665-07:00,10.0,27.77181625366211,1565046730.120545,5.76859809021155,POINT (-122.08306283701405 37.38738911695535),ios,1.088295048948127,-0.0968522003408479,0.21038442810680757
142,distance,0,-122.08305110234961,0.8799999952316284,1565046730.9926429,89.6484375,37.38739209253097,3.0,2019-08-05T16:12:10.992643-07:00,10.0,28.214351654052734,1565046731.126802,5.768875861896409,POINT (-122.08305110234961 37.38739209253097),ios,0.9914449730127659,0.11352761308676955,0.015740619990423255
143,distance,0,-122.0830312372391,0.7900000214576721,1565046732.992599,87.5390625,37.38740039061511,3.0,2019-08-05T16:12:12.992599-07:00,10.0,28.153621673583984,1565046733.128106,5.769431405266126,POINT (-122.0830312372391 37.38740039061511),ios,1.21849521884134,0.14500816254206564,-0.48652302162697864
144,distance,0,-122.08302159805045,0.7900000214576721,1565046733.9925785,66.796875,37.38740822769458,3.0,2019-08-05T16:12:13.992579-07:00,10.0,28.16158676147461,1565046734.126018,5.769709177348349,POINT (-122.08302159805045 37.38740822769458),ios,1.3635004081363595,-0.3415048834179466,0.2931675949154093
145,distance,0,-122.08301422197566,0.8299999833106995,1565046734.992556,45.3515625,37.387418998440154,3.0,2019-08-05T16:12:14.992556-07:00,10.0,28.19131088256836,1565046735.126567,5.769986948900753,POINT (-122.08301422197566 37.387418998440154),ios,1.0220031783026646,-0.04834385878307061,-0.009195785824196041
146,distance,0,-122.083007181177,0.8299999833106995,1565046735.9925349,51.328125,37.38742629069591,3.0,2019-08-05T16:12:15.992535-07:00,10.0,28.40664291381836,1565046736.128879,5.770264720784294,POINT (-122.083007181177 37.38742629069591),ios,0.9736603453401906,-0.05753944947955575,0.07044225087510053
147,distance,0,-122.08298580732391,0.9800000190734863,1565046737.992492,106.171875,37.38743056546653,3.0,2019-08-05T16:12:17.992492-07:00,10.0,28.298274993896484,1565046738.119488,5.77082026441892,POINT (-122.08298580732391 37.38743056546653),ios,0.8585839157063608,0.0833420292172001,0.013717828424902417
148,distance,0,-122.08296644512758,1.2899999618530273,1565046739.9924498,105.1171875,37.38743190657104,3.0,2019-08-05T16:12:19.992450-07:00,10.0,28.169185638427734,1565046740.120544,5.771375808252229,POINT (-122.08296644512758 37.38743190657104),ios,1.0252644570997522,0.11077710717343137,-0.2031259984823274
149,distance,0,-122.08295621920571,1.2899999618530273,1565046740.9924288,81.9140625,37.38743626516069,3.0,2019-08-05T16:12:20.992429-07:00,10.0,28.04745101928711,1565046741.126358,5.771653580201996,POINT (-122.08295621920571 37.38743626516069),ios,1.1360392400769805,-0.09234462955584562,0.08072281925460438
150,distance,0,-122.08294951368318,0.8899999856948853,1565046741.9924068,74.53125,37.387444982339986,3.0,2019-08-05T16:12:21.992407-07:00,10.0,28.394466400146484,1565046742.122258,5.771931351886855,POINT (-122.08294951368318 37.387444982339986),ios,1.0436966360552686,-0.011623580916669072,-0.15820018612424253
151,distance,0,-122.08294255670354,0.8299999833106995,1565046742.9923844,63.984375,37.387452567962356,3.0,2019-08-05T16:12:22.992384-07:00,10.0,28.559566497802734,1565046743.1268291,5.772209123439259,POINT (-122.08294255670354 37.387452567962356),ios,1.0320733156386983,-0.1698202215617342,0.1803493385330695
152,distance,0,-122.08294121559904,0.8199999928474426,1565046743.9923635,69.9609375,37.387461788055845,3.0,2019-08-05T16:12:23.992363-07:00,10.0,28.37881088256836,1565046744.121563,5.772486895389027,POINT (-122.08294121559904 37.387461788055845),ios,0.8622566570470057,0.010525333091628232,0.041579123907153646
153,distance,0,-122.08292889420137,1.2799999713897705,1565046745.9923208,88.59375,37.387473816086896,3.0,2019-08-05T16:12:25.992321-07:00,10.0,28.620052337646484,1565046746.127379,5.773042439089881,POINT (-122.08292889420137 37.387473816086896),ios,0.8833068740414043,0.09368180643675557,-0.044410530829850005
154,distance,0,-122.08293300133393,0.4099999964237213,1565046747.9922771,81.9140625,37.38748936451728,3.0,2019-08-05T16:12:27.992277-07:00,10.0,28.44210433959961,1565046748.130454,5.773597982525826,POINT (-122.08293300133393 37.38748936451728),ios,1.0706663995214938,0.004862682435160897,-0.003650389257881004
155,distance,0,-122.08293518062875,0.4099999964237213,1565046748.9922557,73.4765625,37.38749883606786,3.0,2019-08-05T16:12:28.992256-07:00,10.0,28.388973236083984,1565046749.128972,5.7738757543431385,POINT (-122.08293518062875 37.38749883606786),ios,1.0755289776148094,0.0012123715061356961,0.05488669919794951
156,distance,0,-122.08293618645713,0.5799999833106995,1565046749.9922347,63.984375,37.38750847525651,3.0,2019-08-05T16:12:29.992235-07:00,10.0,28.430904388427734,1565046750.116485,5.774153526292907,POINT (-122.08293618645713 37.38750847525651),ios,1.0767413236843786,0.05609791913530778,-0.16430508301617264
157,distance,0,-122.08293643791423,0.5799999833106995,1565046750.9922132,68.5546875,37.38751815635467,3.0,2019-08-05T16:12:30.992213-07:00,10.0,28.480220794677734,1565046751.1148071,5.77443129811022,POINT (-122.08293643791423 37.38751815635467),ios,1.132838039088931,-0.10820363827626599,0.12028497134387772
158,distance,0,-122.0829347615336,0.5799999833106995,1565046751.992192,56.6015625,37.387528256547995,3.0,2019-08-05T16:12:31.992192-07:00,10.0,28.25326156616211,1565046752.109058,5.774709069993761,POINT (-122.0829347615336 37.387528256547995),ios,1.0246366968130995,0.012078780710307727,-0.15658790730671496
159,distance,0,-122.08293325279102,0.5699999928474426,1565046752.9921708,61.875,37.38753739282245,3.0,2019-08-05T16:12:32.992171-07:00,10.0,28.45412826538086,1565046753.130476,5.774986841877301,POINT (-122.08293325279102 37.38753739282245),ios,1.036715221220697,-0.14450580391790077,0.11221620970893408
160,distance,0,-122.08293249841974,0.4699999988079071,1565046753.9921489,62.578125,37.38754669673497,3.0,2019-08-05T16:12:33.992149-07:00,10.0,28.62673568725586,1565046754.120408,5.77526461356216,POINT (-122.08293249841974 37.38754669673497),ios,0.8922125869666928,-0.03229205561645961,0.060903663861488114
161,distance,0,-122.08291883591757,0.9800000190734863,1565046755.992106,103.0078125,37.387558515218444,4.0,2019-08-05T16:12:35.992106-07:00,10.0,29.24331283569336,1565046756.120006,5.775820157196787,POINT (-122.08291883591757 37.387558515218444),ios,0.8276298615584565,0.08951265840481663,-0.09743337127417413
162,distance,0,-122.08290148537799,0.9700000286102295,1565046757.9920626,103.0078125,37.38756413109357,4.0,2019-08-05T16:12:37.992063-07:00,10.0,29.404415130615234,1565046758.122182,5.776375700698958,POINT (-122.08290148537799 37.38756413109357),ios,1.006651294218579,-0.10534985629701124,0.03209144341960731
163,distance,0,-122.08288069825812,1.2699999809265137,1565046759.9920201,95.625,37.387571549077876,3.0,2019-08-05T16:12:39.992020-07:00,10.0,29.54555892944336,1565046760.120967,5.77693124446604,POINT (-122.08288069825812 37.387571549077876),ios,0.7959560525151789,-0.041168331370745395,0.04518769756722725
164,distance,0,-122.08286410208984,0.8899999856948853,1565046761.9919777,103.7109375,37.387577123043485,4.0,2019-08-05T16:12:41.991978-07:00,10.0,29.706539154052734,1565046762.119586,5.777486788233121,POINT (-122.08286410208984 37.387577123043485),ios,0.7136211368962104,0.049205146065285955,0.01173567607529178
165,distance,0,-122.08285270270153,0.7200000286102295,1565046763.9919345,88.9453125,37.387586217408426,4.0,2019-08-05T16:12:43.991935-07:00,10.0,30.077571868896484,1565046764.122901,5.778042331801521,POINT (-122.08285270270153 37.387586217408426),ios,0.8120293056395796,0.07267599177728766,0.011426208226666408
166,distance,0,-122.0828386211042,0.7200000286102295,1565046765.9918907,91.7578125,37.38759560513998,4.0,2019-08-05T16:12:45.991891-07:00,10.0,30.241878509521484,1565046766.1217608,5.778597875171237,POINT (-122.0828386211042 37.38759560513998),ios,0.9573781009697232,0.09552790697407977,-0.1434965381000459
167,distance,0,-122.08282529387816,0.6700000166893005,1565046767.9918485,69.2578125,37.387609183823116,4.0,2019-08-05T16:12:47.991848-07:00,10.0,30.215938568115234,1565046768.107728,5.779153419004547,POINT (-122.08282529387816 37.387609183823116),ios,1.1484298836317541,-0.19145911365940457,0.1725201355906125
168,distance,0,-122.08281976182207,0.6499999761581421,1565046768.9918268,66.09375,37.38761852964515,4.0,2019-08-05T16:12:48.991827-07:00,10.0,30.108150482177734,1565046769.1212401,5.779431190755632,POINT (-122.08281976182207 37.38761852964515),ios,0.9569749238866445,-0.018942721081301125,0.03213238112329752
169,distance,0,-122.08280693751021,0.7400000095367432,1565046770.991784,93.1640625,37.3876324016949,4.0,2019-08-05T16:12:50.991784-07:00,10.0,30.04061508178711,1565046771.124354,5.779986734456486,POINT (-122.08280693751021 37.3876324016949),ios,0.9190902901411416,0.04532066985405346,0.0017563996876143408
170,distance,0,-122.08279562194093,0.75,1565046772.9917402,87.1875,37.38764627374465,4.0,2019-08-05T16:12:52.991740-07:00,10.0,29.92336654663086,1565046773.159358,5.7805422778262034,POINT (-122.08279562194093 37.38764627374465),ios,1.0097296416759418,0.04883339217775166,-0.4543616832725491
171,distance,0,-122.08278950315162,0.6899999976158142,1565046773.9917197,77.6953125,37.38765394318605,4.0,2019-08-05T16:12:53.991720-07:00,10.0,29.741329193115234,1565046774.107884,5.780820049908426,POINT (-122.08278950315162 37.38765394318605),ios,1.0585620325739276,-0.405518974863842,0.47264476960389373
172,distance,0,-122.08278212707683,0.6899999976158142,1565046774.9916973,85.4296875,37.38766144498939,4.0,2019-08-05T16:12:54.991697-07:00,10.0,29.632747650146484,1565046775.118643,5.78109782146083,POINT (-122.08278212707683 37.38766144498939),ios,0.6530521459363174,0.06711520213437924,0.0029134747810427397
173,distance,0,-122.08277324225946,0.6200000047683716,1565046776.9916549,125.15625,37.38767083272094,4.0,2019-08-05T16:12:56.991655-07:00,10.0,29.290462493896484,1565046777.11503,5.781653365227911,POINT (-122.08277324225946 37.38767083272094),ios,0.787279701936095,0.0729420280529446,-0.028744561108742614
174,distance,0,-122.08276603382274,0.4099999964237213,1565046778.991612,94.5703125,37.38768378276134,4.0,2019-08-05T16:12:58.991612-07:00,10.0,29.252803802490234,1565046779.124613,5.782208908862538,POINT (-122.08276603382274 37.38768378276134),ios,0.9331606277097408,0.015454139418194334,0.007155330275858363
175,distance,0,-122.0827542991583,0.5600000023841858,1565046780.991568,96.328125,37.38769773863012,4.0,2019-08-05T16:13:00.991568-07:00,10.0,29.203243255615234,1565046781.129541,5.7827644522322545,POINT (-122.0827542991583 37.38769773863012),ios,0.9640682285882006,0.029764486072594423,-0.023088746542423322
176,distance,0,-122.08273996610387,0.7200000286102295,1565046782.9915261,89.6484375,37.38771081439907,4.0,2019-08-05T16:13:02.991526-07:00,10.0,29.25625228881836,1565046783.11449,5.783319996131791,POINT (-122.08273996610387 37.38771081439907),ios,1.0235959517658495,-0.0164120381698909,0.08618339065947342
177,distance,0,-122.08273074601038,0.8600000143051147,1565046783.9915047,89.296875,37.38771638836468,4.0,2019-08-05T16:13:03.991505-07:00,10.0,29.364315032958984,1565046784.108073,5.783597767949105,POINT (-122.08273074601038 37.38771638836468),ios,1.0071842657600925,0.06976950319464363,-0.08534440305754667
178,distance,0,-122.08271222200437,0.8600000143051147,1565046785.9914622,81.9140625,37.387726949562676,4.0,2019-08-05T16:13:05.991462-07:00,10.0,29.33370590209961,1565046786.114563,5.784153311716186,POINT (-122.08271222200437 37.387726949562676),ios,1.1467203112358244,-0.10091568103139632,0.16710466420216685
179,distance,0,-122.0827024989967,0.7599999904632568,1565046786.9914405,75.9375,37.38773378081376,4.0,2019-08-05T16:13:06.991441-07:00,10.0,29.280574798583984,1565046787.1139522,5.784431083467272,POINT (-122.0827024989967 37.38773378081376),ios,1.0458068196801966,0.0661853576528199,-0.06178115702606935
180,distance,0,-122.08269529055997,0.7599999904632568,1565046787.9914193,67.8515625,37.387741240707584,4.0,2019-08-05T16:13:07.991419-07:00,10.0,29.291927337646484,1565046788.116854,5.784708855350813,POINT (-122.08269529055997 37.387741240707584),ios,1.1119907729291318,0.0044055115767854735,-0.09566203375664446
181,distance,0,-122.0826869086568,0.9200000166893005,1565046788.9913964,73.4765625,37.387748700601406,4.0,2019-08-05T16:13:08.991396-07:00,10.0,29.28872299194336,1565046789.124238,5.7849866267707615,POINT (-122.0826869086568 37.387748700601406),ios,1.1163961836717595,-0.09125433264966742,0.1006097298460918
182,distance,0,-122.08268037077232,0.9200000166893005,1565046789.991376,67.1484375,37.38775729205216,4.0,2019-08-05T16:13:09.991376-07:00,10.0,29.35244369506836,1565046790.121058,5.785264398852984,POINT (-122.08268037077232 37.38775729205216),ios,1.0251437221007282,0.009353334294744676,0.05777101939462148
183,distance,0,-122.08267240796431,0.8700000047683716,1565046790.991354,79.8046875,37.387763997574694,4.0,2019-08-05T16:13:10.991354-07:00,10.0,29.39931869506836,1565046791.123107,5.785542170537843,POINT (-122.08267240796431 37.387763997574694),ios,1.034496851234675,0.06712308651040529,0.014571876217231439
184,distance,0,-122.08266402606114,0.7300000190734863,1565046791.9913325,77.6953125,37.38777049354965,4.0,2019-08-05T16:13:11.991333-07:00,10.0,29.45595932006836,1565046792.101091,5.785819942355156,POINT (-122.08266402606114 37.38777049354965),ios,1.1016184974398984,0.0816946500490947,-0.16011040775070004
185,distance,0,-122.08265304576798,0.8700000047683716,1565046792.991311,90.0,37.38777518741543,4.0,2019-08-05T16:13:12.991311-07:00,10.0,29.498287200927734,1565046793.1025128,5.786097714172469,POINT (-122.08265304576798 37.38777518741543),ios,1.1833113945119784,-0.07841232210497295,0.1885259280474088
186,distance,0,-122.0826414787416,1.0299999713897705,1565046793.9912896,87.890625,37.38778055183346,4.0,2019-08-05T16:13:13.991290-07:00,10.0,29.49605941772461,1565046794.121114,5.786375485989782,POINT (-122.0826414787416 37.38778055183346),ios,1.1049007549529033,0.11010956061488587,-0.03252641008035468
187,distance,0,-122.08263276156231,1.0299999713897705,1565046794.991269,81.5625,37.387787676451154,4.0,2019-08-05T16:13:14.991269-07:00,10.0,29.16946029663086,1565046795.126816,5.786653258072006,POINT (-122.08263276156231 37.387787676451154),ios,1.2150080578816003,0.07758381745597201,-0.013231487097401188
188,distance,0,-122.08262387674495,0.9399999976158142,1565046795.991247,75.5859375,37.38779601644481,4.0,2019-08-05T16:13:15.991247-07:00,10.0,28.966609954833984,1565046796.118814,5.786931029690637,POINT (-122.08262387674495 37.38779601644481),ios,1.292590155077185,0.06435262373937967,-0.008690819725489716
189,distance,0,-122.08261691976531,0.8500000238418579,1565046796.9912252,64.6875,37.38780624236668,4.0,2019-08-05T16:13:16.991225-07:00,10.0,28.898494720458984,1565046797.124044,5.7872088014417224,POINT (-122.08261691976531 37.38780624236668),ios,1.3569413826162033,0.05566199257070296,0.14272642842684463
190,distance,0,-122.08261172298535,0.8299999833106995,1565046797.9912035,57.3046875,37.387817725574024,4.0,2019-08-05T16:13:17.991204-07:00,10.0,28.30587387084961,1565046798.1411839,5.787486573192808,POINT (-122.08261172298535 37.387817725574024),ios,1.412602167539267,0.1983853243920114,-0.3866198174406486
191,distance,0,-122.0826076158528,0.7599999904632568,1565046798.9945393,42.1875,37.387830046971686,4.0,2019-08-05T16:13:18.994539-07:00,10.0,28.473018646240234,1565046799.1197681,5.787765277557903,POINT (-122.0826076158528 37.387830046971686),ios,1.61164924870274,-0.18952414631788334,-0.3451606288919112
192,distance,0,-122.08260267052992,1.2599999904632568,1565046799.9948535,41.1328125,37.38784400284047,4.0,2019-08-05T16:13:19.994853-07:00,10.0,28.34280014038086,1565046800.121564,5.788043142623372,POINT (-122.08260267052992 37.38784400284047),ios,1.422065547134487,-0.534793236997228,0.5267893688930038
193,distance,0,-122.08259797666415,0.8199999928474426,1565046800.9951906,49.21875,37.3878562404191,3.0,2019-08-05T16:13:20.995191-07:00,10.0,27.97390365600586,1565046801.1182718,5.788321014046669,POINT (-122.08259797666415 37.3878562404191),ios,0.8870920185710982,-0.007826274833060662,0.10510385822228645
194,distance,0,-122.08259261224612,0.7900000214576721,1565046802.9957948,65.390625,37.38787162121142,3.0,2019-08-05T16:13:22.995795-07:00,10.0,28.09237289428711,1565046803.1198459,5.788876737422413,POINT (-122.08259261224612 37.38787162121142),ios,0.8714347406400664,0.20244494038907707,-0.20146307095156785
195,distance,0,-122.08257995557233,0.7900000214576721,1565046804.996315,77.6953125,37.38788364924247,4.0,2019-08-05T16:13:24.996315-07:00,10.0,28.42141342163086,1565046805.1289392,5.789432437486119,POINT (-122.08257995557233 37.38788364924247),ios,1.2764299392158645,-0.20058600851441347,0.2336917406447332
196,distance,0,-122.08256939437433,1.1200000047683716,1565046805.9965498,74.53125,37.387891486321934,3.0,2019-08-05T16:13:25.996550-07:00,10.0,28.111751556396484,1565046806.130252,5.789710280497869,POINT (-122.08256939437433 37.387891486321934),ios,1.0757968246217804,0.03316061283628073,-0.013723313054428407
197,distance,0,-122.08256092865213,0.8999999761581421,1565046806.9967666,77.34375,37.387898443301566,3.0,2019-08-05T16:13:26.996767-07:00,10.0,28.161312103271484,1565046807.1228452,5.789988118476338,POINT (-122.08256092865213 37.387898443301566),ios,1.108964624108592,0.01943432563129803,0.16497232909336915
198,distance,0,-122.08255271438702,1.0800000429153442,1565046807.9969678,74.1796875,37.38790598701442,3.0,2019-08-05T16:13:27.996968-07:00,10.0,28.12270736694336,1565046808.125263,5.790265952150027,POINT (-122.08255271438702 37.38790598701442),ios,1.1284028604175216,0.18443985132790688,-0.09920394525054839
199,distance,0,-122.08254626032158,0.8999999761581421,1565046808.9971476,73.828125,37.387914746103235,3.0,2019-08-05T16:13:28.997148-07:00,10.0,27.84981918334961,1565046809.120161,5.790543779863252,POINT (-122.08254626032158 37.387914746103235),ios,1.31287586805644,0.08521807242135289,-0.07977182745611565
200,distance,0,-122.08253704022809,1.0800000429153442,1565046809.9973152,71.015625,37.38792400810624,3.0,2019-08-05T16:13:29.997315-07:00,10.0,27.86056137084961,1565046810.1263762,5.79082160419888,POINT (-122.08253704022809 37.38792400810624),ios,1.3981082237307265,0.005432874547951889,-0.12062088470163383
201,distance,0,-122.08252589229687,1.1399999856948853,1565046810.9974709,74.53125,37.38793293483312,3.0,2019-08-05T16:13:30.997471-07:00,10.0,27.780269622802734,1565046811.126861,5.7910994252231385,POINT (-122.08252589229687 37.38793293483312),ios,1.4035419441084227,-0.11520678929742312,0.4376032735891793
202,distance,0,-122.08251608547016,1.1399999856948853,1565046811.9976156,74.53125,37.387942867388375,3.0,2019-08-05T16:13:31.997616-07:00,10.0,27.58315658569336,1565046812.121958,5.791377243200938,POINT (-122.08251608547016 37.387942867388375),ios,1.2883184820755222,0.32245981427143067,-0.17478123066966064
203,distance,0,-122.08250753592893,1.0700000524520874,1565046812.9977484,73.4765625,37.38795225511993,3.0,2019-08-05T16:13:32.997748-07:00,10.0,27.80385971069336,1565046813.113996,5.791655057867368,POINT (-122.08250753592893 37.38795225511993),ios,1.6108211187357329,0.1476553728031529,-0.4424860752246426
204,distance,0,-122.08249655563577,1.0700000524520874,1565046813.9978724,64.6875,37.387963822146304,3.0,2019-08-05T16:13:33.997872-07:00,10.0,27.68777084350586,1565046814.103652,5.791932870083385,POINT (-122.08249655563577 37.387963822146304),ios,1.7584947975066596,-0.2948855608101799,0.030461507129214686
205,distance,0,-122.08248490479036,1.2699999809265137,1565046814.9979873,64.3359375,37.387976646458156,3.0,2019-08-05T16:13:34.997987-07:00,10.0,27.65743637084961,1565046815.11039,5.7922106797827615,POINT (-122.08248490479036 37.387976646458156),ios,1.463575349109812,-0.26442055311294815,0.08277872304713431
206,distance,0,-122.08247719343944,1.2699999809265137,1565046815.9980953,62.2265625,37.387988297303565,3.0,2019-08-05T16:13:35.998095-07:00,10.0,27.418819427490234,1565046816.1101131,5.792488487561544,POINT (-122.08247719343944 37.387988297303565),ios,1.1991262376208949,-0.18163288966436933,0.2110874660827985
207,distance,0,-122.08247166138335,0.9100000262260437,1565046816.9981937,66.4453125,37.38799814603979,3.0,2019-08-05T16:13:36.998194-07:00,10.0,27.35470199584961,1565046817.11987,5.792766292691231,POINT (-122.08247166138335 37.38799814603979),ios,1.0174754631338156,0.0294753615411795,0.3188260391072382
208,distance,0,-122.08246964972659,0.8500000238418579,1565046817.9982848,63.28125,37.3880071565857,3.0,2019-08-05T16:13:37.998285-07:00,10.0,26.98971176147461,1565046818.126673,5.793044095767869,POINT (-122.08246964972659 37.3880071565857),ios,1.0469535091699933,0.3483304380159855,-0.05519136778797907
209,distance,0,-122.08246872771724,0.7400000095367432,1565046818.998369,63.28125,37.38801654431725,3.0,2019-08-05T16:13:38.998369-07:00,10.0,26.940425872802734,1565046819.119823,5.793321896923913,POINT (-122.08246872771724 37.38801654431725),ios,1.3953132632881544,0.29313442522544364,-0.645259849860388
210,distance,0,-122.08246671606048,1.2699999809265137,1565046819.9984467,40.078125,37.38802899144346,3.0,2019-08-05T16:13:39.998447-07:00,10.0,26.548763275146484,1565046820.1194282,5.7935996962918175,POINT (-122.08246671606048 37.38802899144346),ios,1.6884704722275643,-0.35217557710626124,-0.032913760794339976
211,distance,0,-122.0824675542508,1.100000023841858,1565046820.9985175,28.828125,37.3880441626882,3.0,2019-08-05T16:13:40.998518-07:00,10.0,25.99154281616211,1565046821.124634,5.793877493739128,POINT (-122.0824675542508 37.3880441626882),ios,1.3362699574566987,-0.3850916685344694,0.37477845670274745
212,distance,0,-122.08247057173594,1.100000023841858,1565046821.9985824,26.015625,37.38805593926216,3.0,2019-08-05T16:13:41.998582-07:00,10.0,26.054866790771484,1565046822.1190681,5.794155289530754,POINT (-122.08247057173594 37.38805593926216),ios,0.9511533157839348,-0.010288907503703962,0.07306498969592988
213,distance,0,-122.08247400831624,0.6800000071525574,1565046823.9986963,57.3046875,37.38807282879705,3.0,2019-08-05T16:13:43.998696-07:00,10.0,26.003047943115234,1565046824.121317,5.7947108767429985,POINT (-122.08247400831624 37.38807282879705),ios,0.9305743282106407,0.13584939867254595,0.03287421854394602
214,distance,0,-122.0824757685159,0.5699999928474426,1565046825.9987924,35.5078125,37.38808950878436,3.0,2019-08-05T16:13:45.998792-07:00,10.0,25.772274017333984,1565046826.118434,5.7952664589881895,POINT (-122.0824757685159 37.38808950878436),ios,1.2022861783310357,0.20160099440370113,-0.19809957532273925
215,distance,0,-122.08247568469687,0.9399999976158142,1565046826.9988332,36.2109375,37.38810032143945,3.0,2019-08-05T16:13:46.998833-07:00,10.0,25.66213607788086,1565046827.127921,5.79554424809085,POINT (-122.08247568469687 37.38810032143945),ios,1.4038953919220067,0.003493342645066874,-0.05629153718504824
216,distance,0,-122.08247635524913,0.9800000190734863,1565046827.9988708,27.0703125,37.388112936203726,3.0,2019-08-05T16:13:47.998871-07:00,10.0,25.34963607788086,1565046828.1268,5.795822036332554,POINT (-122.08247635524913 37.388112936203726),ios,1.4073888661617644,-0.05280031504981453,-0.1413538384253459
217,distance,0,-122.08247652288719,0.9700000286102295,1565046828.9989042,26.71875,37.388125592877515,3.0,2019-08-05T16:13:48.998904-07:00,10.0,24.89937973022461,1565046829.1297321,5.796099823382166,POINT (-122.08247652288719 37.388125592877515),ios,1.3545867887112972,-0.19415887166854354,-0.0480438413822133
218,distance,0,-122.08247350540205,0.9800000190734863,1565046829.9989343,27.421875,37.388137537089534,3.0,2019-08-05T16:13:49.998934-07:00,10.0,24.51382064819336,1565046830.1416202,5.796377609504594,POINT (-122.08247350540205 37.388137537089534),ios,1.1604220843663835,-0.24220415632335085,0.4681467623369223
219,distance,0,-122.08246981736465,0.8500000238418579,1565046830.998961,27.421875,37.388147553463824,3.0,2019-08-05T16:13:50.998961-07:00,10.0,24.15859603881836,1565046831.120682,5.7966553946998385,POINT (-122.08246981736465 37.388147553463824),ios,0.9182114604943027,0.22595510688079085,0.015040805179952424
220,distance,0,-122.0824693982695,0.8500000238418579,1565046832.9990044,27.0703125,37.38816406581307,3.0,2019-08-05T16:13:52.999004-07:00,10.0,22.66341781616211,1565046833.152189,5.797210962308777,POINT (-122.0824693982695 37.38816406581307),ios,1.3701314789408696,0.2560373698940424,0.0669281114671873
221,distance,0,-122.08246956590756,0.9599999785423279,1565046833.999023,26.71875,37.388176387210734,3.0,2019-08-05T16:13:53.999023-07:00,10.0,22.113399505615234,1565046834.106728,5.797488745252291,POINT (-122.08246956590756 37.388176387210734),ios,1.6261736102720543,0.3229667259998383,-0.3577989161430023
222,distance,0,-122.08247434359237,1.2799999713897705,1565046834.9990385,26.71875,37.38819051071758,3.0,2019-08-05T16:13:54.999038-07:00,10.0,22.020198822021484,1565046835.1136088,5.797766527334849,POINT (-122.08247434359237 37.38819051071758),ios,1.9491453413543067,-0.03483773502726146,-0.14945865792695287
223,distance,0,-122.08248389896198,1.2799999713897705,1565046835.9990513,26.3671875,37.38820631060506,3.0,2019-08-05T16:13:55.999051-07:00,10.0,22.20602035522461,1565046836.115448,5.7980443086889055,POINT (-122.08248389896198 37.38820631060506),ios,1.914307157805028,-0.1842983171751406,-0.15558490483530363
224,distance,0,-122.08249613654061,1.1299999952316284,1565046836.9990623,26.3671875,37.38822051793093,4.0,2019-08-05T16:13:56.999062-07:00,10.0,22.18569564819336,1565046837.106443,5.798322089513143,POINT (-122.08249613654061 37.38822051793093),ios,1.7300068193833134,-0.3398849283497135,0.056805474280704815
225,distance,0,-122.08250795502408,0.949999988079071,1565046837.999072,26.015625,37.388232923147626,4.0,2019-08-05T16:13:57.999072-07:00,10.0,22.251705169677734,1565046838.122376,5.798599870006243,POINT (-122.08250795502408 37.388232923147626),ios,1.3901185686034512,-0.2830788987863097,0.4159511942019327
226,distance,0,-122.08251784566983,0.6499999761581421,1565046838.9990788,26.015625,37.388242646155305,4.0,2019-08-05T16:13:58.999079-07:00,10.0,22.172420501708984,1565046839.123405,5.798877649638388,POINT (-122.08251784566983 37.388242646155305),ios,1.1070377800616145,0.13287507218941852,-0.12651425021417778
227,distance,0,-122.08252614375397,0.6499999761581421,1565046839.9990845,26.015625,37.38825010604913,4.0,2019-08-05T16:13:59.999084-07:00,10.0,21.97146224975586,1565046840.122243,5.799155429005623,POINT (-122.08252614375397 37.38825010604913),ios,1.2399136125682948,0.006360098054894219,0.2016750001075506
228,distance,0,-122.0825346932952,0.6499999761581421,1565046840.9990866,26.015625,37.388258948956974,6.0,2019-08-05T16:14:00.999087-07:00,10.0,21.98507308959961,1565046841.117882,5.7994332073794475,POINT (-122.0825346932952 37.388258948956974),ios,1.2462737242704789,0.2080355309100475,-0.08736194178122464
229,distance,0,-122.08254349429353,0.6200000047683716,1565046841.9990888,26.015625,37.38826770804579,4.0,2019-08-05T16:14:01.999089-07:00,10.0,22.06863021850586,1565046842.108103,5.799710985753271,POINT (-122.08254349429353 37.38826770804579),ios,1.4543097015763475,0.12067340167043263,-0.3460531513050253
230,distance,0,-122.08255388785346,0.8899999856948853,1565046842.999089,26.015625,37.388277850148626,6.0,2019-08-05T16:14:02.999089-07:00,10.0,22.064449310302734,1565046843.1134949,5.799988763597277,POINT (-122.08255388785346 37.388277850148626),ios,1.5749831320175611,-0.22537983214009333,0.3489666548906372
231,distance,0,-122.08256495196565,0.8899999856948853,1565046843.9990878,25.6640625,37.38828895617033,6.0,2019-08-05T16:14:03.999088-07:00,10.0,22.256038665771484,1565046844.117834,5.800266541043917,POINT (-122.08256495196565 37.38828895617033),ios,1.3496035685511645,0.12358640674987381,0.1432490914554414
232,distance,0,-122.08257609989687,0.8899999856948853,1565046844.9990857,25.6640625,37.38829725425447,6.0,2019-08-05T16:14:04.999086-07:00,10.0,22.161495208740234,1565046845.118507,5.800544318225649,POINT (-122.08257609989687 37.38829725425447),ios,1.4731897101133788,0.2668351908261116,-0.09154504744446364
233,distance,0,-122.08258842129453,0.8199999928474426,1565046845.999082,25.6640625,37.388306180981346,4.0,2019-08-05T16:14:05.999082-07:00,10.0,26.14187240600586,1565046846.130868,5.800822095010016,POINT (-122.08258842129453 37.388306180981346),ios,1.7400239466624847,0.17529047077225002,-0.333620961509485
234,distance,0,-122.08260350872024,0.8199999928474426,1565046846.9990768,305.15625,37.38831623926515,4.0,2019-08-05T16:14:06.999077-07:00,10.0,26.395137786865234,1565046847.117945,5.801099871330791,POINT (-122.08260350872024 37.38831623926515),ios,1.9153134979996254,-0.15832874082565176,-0.34632904202526926
235,distance,0,-122.08261985343142,1.2799999713897705,1565046847.9990711,306.9140625,37.38832755483443,4.0,2019-08-05T16:14:07.999071-07:00,10.0,26.297908782958984,1565046848.1157842,5.801377647519112,POINT (-122.08261985343142 37.38832755483443),ios,1.7569856631382956,-0.5046558011402466,0.31641451867522025
236,distance,0,-122.08263410266682,1.2799999713897705,1565046848.9990644,306.5625,37.3883385770371,4.0,2019-08-05T16:14:08.999064-07:00,10.0,26.24435043334961,1565046849.1310968,5.801655423442523,POINT (-122.08263410266682 37.3883385770371),ios,1.2523332309389823,-0.18824339475982488,0.45073086513474764
237,distance,0,-122.08264458004578,0.8399999737739563,1565046849.9990563,306.2109375,37.388346162659474,4.0,2019-08-05T16:14:09.999056-07:00,10.0,26.399654388427734,1565046850.128571,5.80193319896857,POINT (-122.08264458004578 37.388346162659474),ios,1.0640913621237293,0.2624838166461004,-0.19642288015234738
238,distance,0,-122.08266369078501,0.7799999713897705,1565046851.9990377,306.2109375,37.38835781350488,4.0,2019-08-05T16:14:11.999038-07:00,10.0,26.631465911865234,1565046852.1286669,5.802488749358389,POINT (-122.08266369078501 37.38835781350488),ios,1.5890541140964791,-0.13035829085120323,0.1796921001554252
239,distance,0,-122.08267752092524,1.309999942779541,1565046852.9990277,306.2109375,37.38836694977934,4.0,2019-08-05T16:14:12.999028-07:00,10.0,26.65322494506836,1565046853.130525,5.802766524354617,POINT (-122.08267752092524 37.38836694977934),ios,1.458697128598492,0.04933200994294378,-0.058452248829624305
240,distance,0,-122.08269017759903,1.309999942779541,1565046853.9990163,306.2109375,37.38837537359203,4.0,2019-08-05T16:14:13.999016-07:00,10.0,26.56063461303711,1565046854.115469,5.8030442989534805,POINT (-122.08269017759903 37.38837537359203),ios,1.5080285739813855,-0.009119569953779185,-0.15020404101895626
241,distance,0,-122.08270325336798,1.2899999618530273,1565046854.9990053,312.890625,37.388384090771325,3.0,2019-08-05T16:14:14.999005-07:00,10.0,26.38491439819336,1565046855.114406,5.803322073684798,POINT (-122.08270325336798 37.388384090771325),ios,1.4989091040442521,-0.15932196364676984,0.3397317624911095
242,distance,0,-122.08271666441306,0.8899999856948853,1565046855.9989917,306.2109375,37.38839234694595,3.0,2019-08-05T16:14:15.998992-07:00,10.0,26.18832015991211,1565046856.110698,5.803599847687615,POINT (-122.08271666441306 37.38839234694595),ios,1.3395893055605053,0.18040518193758656,-0.16193520668659878
243,distance,0,-122.08272915344878,0.9599999785423279,1565046856.9989803,306.2109375,37.388399178197034,3.0,2019-08-05T16:14:16.998980-07:00,10.0,26.091609954833984,1565046857.108304,5.803877622286478,POINT (-122.08272915344878 37.388399178197034),ios,1.519992422924629,0.018471828452358258,-0.31267682117269585
244,distance,0,-122.08274298358901,1.2599999904632568,1565046857.9989648,303.75,37.38840730864311,3.0,2019-08-05T16:14:17.998965-07:00,10.0,26.189327239990234,1565046858.1311522,5.8041553957594765,POINT (-122.08274298358901 37.38840730864311),ios,1.5384639651152263,-0.2942001471027152,-0.05472082551498297
245,distance,0,-122.08275714900537,1.2599999904632568,1565046858.9989505,293.90625,37.388415355270155,3.0,2019-08-05T16:14:18.998950-07:00,10.0,26.087886810302734,1565046859.1265712,5.8044331695636115,POINT (-122.08275714900537 37.388415355270155),ios,1.2442680265793737,-0.34892018983001016,0.5211864011074678
246,distance,0,-122.08276879985078,1.0700000524520874,1565046859.998936,294.2578125,37.38842164169753,3.0,2019-08-05T16:14:19.998936-07:00,10.0,26.268917083740234,1565046860.131845,5.804710943301519,POINT (-122.08276879985078 37.38842164169753),ios,0.8953529112817722,0.17225863138566455,-0.033211043950507335
247,distance,0,-122.08278405491455,0.7400000095367432,1565046861.9989061,294.2578125,37.388432244805045,3.0,2019-08-05T16:14:21.998906-07:00,10.0,25.72665023803711,1565046862.1188722,5.805266490578651,POINT (-122.08278405491455 37.388432244805045),ios,1.2398650403458347,0.10583753325088853,-0.05487079813599167
248,distance,0,-122.08279453229352,1.2899999618530273,1565046862.998889,294.2578125,37.38843966278935,3.0,2019-08-05T16:14:22.998889-07:00,10.0,25.49044418334961,1565046863.125179,5.805544263588057,POINT (-122.08279453229352 37.38843966278935),ios,1.345700756775054,0.05096767703457312,-0.046342317990529465
249,distance,0,-122.08280710514828,1.2899999618530273,1565046863.9988732,297.0703125,37.38844649404044,3.0,2019-08-05T16:14:23.998873-07:00,10.0,25.264827728271484,1565046864.130118,5.805822036994828,POINT (-122.08280710514828 37.38844649404044),ios,1.396667631801312,0.004626088269437748,-0.09768950546746138
250,distance,0,-122.08282085146948,1.2899999618530273,1565046864.998856,297.0703125,37.388452696648784,3.0,2019-08-05T16:14:24.998856-07:00,10.0,25.457576751708984,1565046865.1099591,5.806099810004234,POINT (-122.08282085146948 37.388452696648784),ios,1.4012936406586816,-0.09306174024652139,0.1975796210942179
251,distance,0,-122.08283459779068,1.1100000143051147,1565046865.998839,301.640625,37.38845898307616,3.0,2019-08-05T16:14:25.998839-07:00,10.0,25.53213119506836,1565046866.112189,5.80637758301364,POINT (-122.08283459779068 37.38845898307616),ios,1.3082334979228074,0.104514489168715,0.07113720394015377
252,distance,0,-122.08284650009318,1.1100000143051147,1565046866.998822,301.640625,37.38846598196531,3.0,2019-08-05T16:14:26.998822-07:00,10.0,25.64162826538086,1565046867.119415,5.806655356089274,POINT (-122.08284650009318 37.38846598196531),ios,1.4127462178996062,0.17565048891826177,-0.3570701394736858
253,distance,0,-122.08285865385278,1.2799999713897705,1565046867.9988039,301.9921875,37.388474238139935,3.0,2019-08-05T16:14:27.998804-07:00,10.0,25.861385345458984,1565046868.129133,5.806933128833771,POINT (-122.08285865385278 37.388474238139935),ios,1.588393524064029,-0.18141318051162175,-0.09664818438121478
254,distance,0,-122.08287206489786,1.2799999713897705,1565046868.9987855,300.5859375,37.388483751600035,3.0,2019-08-05T16:14:28.998785-07:00,10.0,25.997615814208984,1565046869.1578789,5.80721090151204,POINT (-122.08287206489786 37.388483751600035),ios,1.4069836739774073,-0.2780595906031815,0.23328214623514798
255,distance,0,-122.08288488920971,1.2400000095367432,1565046869.998768,300.234375,37.38849125340337,3.0,2019-08-05T16:14:29.998768-07:00,10.0,26.06118392944336,1565046870.126827,5.807488674455219,POINT (-122.08288488920971 37.38849125340337),ios,1.1289289228780182,-0.04478150454027545,0.33804120295937057
256,distance,0,-122.08289553422674,1.190000057220459,1565046870.9987488,300.234375,37.3884968692785,3.0,2019-08-05T16:14:30.998749-07:00,10.0,25.917842864990234,1565046871.123232,5.807766446868579,POINT (-122.08289553422674 37.3884968692785),ios,1.0841482831539,0.29325317019952885,-0.3761493265355789
257,distance,0,-122.08290634688183,1.0800000429153442,1565046871.9987307,297.0703125,37.38850147932524,3.0,2019-08-05T16:14:31.998731-07:00,10.0,25.98183822631836,1565046872.1255121,5.808044219613075,POINT (-122.08290634688183 37.38850147932524),ios,1.377396139661113,-0.0828893405809649,-0.10364651233231527
258,distance,0,-122.08291984174595,1.2899999618530273,1565046872.9987106,297.421875,37.38850768193359,3.0,2019-08-05T16:14:32.998711-07:00,10.0,26.07625961303711,1565046873.1260939,5.808321991827753,POINT (-122.08291984174595 37.38850768193359),ios,1.2945084591182876,-0.18653377716792743,0.18149625493285185
259,distance,0,-122.08293174404845,1.2899999618530273,1565046873.9986925,303.3984375,37.38851447127516,3.0,2019-08-05T16:14:33.998693-07:00,10.0,26.23989486694336,1565046874.120188,5.808599764572249,POINT (-122.08293174404845 37.38851447127516),ios,1.1079780619073363,-0.005040810913095797,0.05408586405724567
260,distance,0,-122.08294180233226,1.0700000524520874,1565046874.9986725,303.3984375,37.38852042242641,3.0,2019-08-05T16:14:34.998672-07:00,10.0,26.40291976928711,1565046875.117981,5.808877536786927,POINT (-122.08294180233226 37.38852042242641),ios,1.1029373519473704,0.049043969957861804,0.03880945092854836
261,distance,0,-122.08295253116832,1.0700000524520874,1565046875.998653,294.609375,37.38852549347783,3.0,2019-08-05T16:14:35.998653-07:00,10.0,26.45449447631836,1565046876.129772,5.809155309134059,POINT (-122.08295253116832 37.38852549347783),ios,1.1519803630797545,0.08785266214909018,-0.049279337047326864
262,distance,0,-122.08296393055663,1.0299999713897705,1565046876.9986336,294.609375,37.38853052261973,3.0,2019-08-05T16:14:36.998634-07:00,10.0,26.49270248413086,1565046877.1287599,5.809433081547419,POINT (-122.08296393055663 37.38853052261973),ios,1.2398313286265874,0.038574276779634264,-0.20751801091405742
263,distance,0,-122.08297608431623,1.25,1565046877.9986134,294.9609375,37.38853609658534,3.0,2019-08-05T16:14:37.998613-07:00,10.0,26.541927337646484,1565046878.131959,5.8097108536958695,POINT (-122.08297608431623 37.38853609658534),ios,1.2784048236761596,-0.16893952866173265,-0.02178674319889288
264,distance,0,-122.08298798661873,1.25,1565046878.9985938,301.9921875,37.388542634469815,3.0,2019-08-05T16:14:38.998594-07:00,10.0,26.638973236083984,1565046879.110838,5.809988626043002,POINT (-122.08298798661873 37.388542634469815),ios,1.109468597836862,-0.19072584592274827,0.25186847989100913
265,distance,0,-122.08299703907416,1.1200000047683716,1565046879.9985735,302.6953125,37.38854954953993,3.0,2019-08-05T16:14:39.998574-07:00,10.0,26.71407699584961,1565046880.115336,5.810266398191452,POINT (-122.08299703907416 37.38854954953993),ios,0.9187466170838542,0.061137529707627675,0.06941500873381351
266,distance,0,-122.08301229413793,0.949999988079071,1565046881.9985323,302.6953125,37.38856078129018,3.0,2019-08-05T16:14:41.998532-07:00,10.0,26.908077239990234,1565046882.127835,5.81082194228967,POINT (-122.08301229413793 37.38856078129018),ios,1.041019154795237,0.19996468405505383,-0.30532716268333293
267,distance,0,-122.08302168186948,1.2999999523162842,1565046882.998512,308.3203125,37.38856643907482,3.0,2019-08-05T16:14:42.998512-07:00,10.0,26.98434066772461,1565046883.1202211,5.811099714438121,POINT (-122.08302168186948 37.38856643907482),ios,1.2409797864501442,-0.10535629099647464,-0.11286246463861593
268,distance,0,-122.0830328298007,1.2999999523162842,1565046883.9984908,308.3203125,37.38857322841639,3.0,2019-08-05T16:14:43.998491-07:00,10.0,26.96267318725586,1565046884.1242042,5.811377486321661,POINT (-122.0830328298007 37.38857322841639),ios,1.1356257310355202,-0.21821636077783826,0.36664674118405477
269,distance,0,-122.08304188225613,1.059999942779541,1565046884.99847,308.671875,37.388580478762634,3.0,2019-08-05T16:14:44.998470-07:00,10.0,27.25680160522461,1565046885.1301022,5.811655258337657,POINT (-122.08304188225613 37.388580478762634),ios,0.9174138965922986,0.1484227752668458,-0.03378200542737734
270,distance,0,-122.08305118616865,0.9100000262260437,1565046886.9984288,308.3203125,37.388595230912216,3.0,2019-08-05T16:14:46.998429-07:00,10.0,27.53689193725586,1565046887.122484,5.8122108024358745,POINT (-122.08305118616865 37.388595230912216),ios,1.214253325218727,0.08086015779867897,-0.4626787499333918
271,distance,0,-122.0830534492825,1.309999942779541,1565046887.9984074,349.1015625,37.38860600165779,3.0,2019-08-05T16:14:47.998407-07:00,10.0,27.917659759521484,1565046888.112648,5.812488574253188,POINT (-122.0830534492825 37.38860600165779),ios,1.2951117479466525,-0.3818086641258003,0.4377260982295667
272,distance,0,-122.08305889751956,1.309999942779541,1565046888.9983869,308.3203125,37.38861681431288,3.0,2019-08-05T16:14:48.998387-07:00,10.0,28.18679428100586,1565046889.115147,5.812766346335411,POINT (-122.08305889751956 37.38861681431288),ios,0.9133109124248625,0.05590845896881013,0.15897213948039934
273,distance,0,-122.08307314675496,0.7099999785423279,1565046890.9983444,308.3203125,37.388628716615386,3.0,2019-08-05T16:14:50.998344-07:00,10.0,28.435604095458984,1565046891.124827,5.813321890102492,POINT (-122.08307314675496 37.388628716615386),ios,1.025125457690951,0.37384599138934194,-0.17447825308974702
274,distance,0,-122.08308429468617,0.7099999785423279,1565046891.998323,307.96875,37.388631273095854,3.0,2019-08-05T16:14:51.998323-07:00,10.0,28.440181732177734,1565046892.122497,5.813599661919806,POINT (-122.08308429468617 37.388631273095854),ios,1.3989634272155866,0.19937148219674164,-0.46075595421667853
275,distance,0,-122.08309971738801,1.2999999523162842,1565046892.998301,292.1484375,37.38863412294293,3.0,2019-08-05T16:14:52.998301-07:00,10.0,28.51290512084961,1565046893.123918,5.813877433604664,POINT (-122.08309971738801 37.38863412294293),ios,1.5983305362967024,-0.2613743655641846,0.23100612360401226
276,distance,0,-122.08311681647048,1.2999999523162842,1565046893.9982798,292.5,37.38863881680871,3.0,2019-08-05T16:14:53.998280-07:00,10.0,28.42983627319336,1565046894.130704,5.814155205488205,POINT (-122.08311681647048 37.38863881680871),ios,1.3369617169014496,-0.03037314373767839,-0.022174494656330892
277,distance,0,-122.0831293055062,1.2899999618530273,1565046894.998259,293.5546875,37.38864560615028,4.0,2019-08-05T16:14:54.998259-07:00,10.0,28.46993637084961,1565046895.1141648,5.8144329775042,POINT (-122.0831293055062 37.38864560615028),ios,1.3065892031761654,-0.05254717844140806,0.15832075809200677
278,distance,0,-122.08313927997098,1.0499999523162842,1565046895.9982376,293.5546875,37.38865428142006,3.0,2019-08-05T16:14:55.998238-07:00,10.0,28.481380462646484,1565046896.1132588,5.814710749321514,POINT (-122.08313927997098 37.38865428142006),ios,1.2540431522748832,0.1057701824556819,-0.42985043704991976
279,distance,0,-122.083149924988,1.0499999523162842,1565046896.9982157,306.2109375,37.38866174131388,3.0,2019-08-05T16:14:56.998216-07:00,10.0,28.45400619506836,1565046897.126334,5.814988521006372,POINT (-122.083149924988 37.38866174131388),ios,1.3598110147135167,-0.3240708260358385,0.14669637828085494
280,distance,0,-122.08316182729051,1.2400000095367432,1565046897.9981947,307.265625,37.388669494574316,3.0,2019-08-05T16:14:57.998195-07:00,10.0,28.366024017333984,1565046898.122232,5.8152662929561405,POINT (-122.08316182729051 37.388669494574316),ios,1.035746987954195,-0.17737752556748562,0.27140666897247184
281,distance,0,-122.08317071210787,1.2400000095367432,1565046898.9981863,307.6171875,37.388675571454115,3.0,2019-08-05T16:14:58.998186-07:00,10.0,28.409847259521484,1565046899.1260018,5.81554406841596,POINT (-122.08317071210787 37.388675571454115),ios,0.8583709425401257,0.09402687861125311,0.05629251112471126
282,distance,0,-122.08318789500937,0.8399999737739563,1565046900.9981284,307.265625,37.38868277989084,3.0,2019-08-05T16:15:00.998128-07:00,10.0,28.361263275146484,1565046901.128294,5.816099607878261,POINT (-122.08318789500937 37.38868277989084),ios,1.0464192522482165,0.20660863951381014,-0.13426225303567238
283,distance,0,-122.08321086142406,0.9300000071525574,1565046902.998085,307.265625,37.38868738993759,3.0,2019-08-05T16:15:02.998085-07:00,10.0,28.48177719116211,1565046903.12641,5.8166551513804325,POINT (-122.08321086142406 37.38868738993759),ios,1.459627566076273,-0.061910040625496196,-0.08799815885302512
284,distance,0,-122.08322108734593,1.350000023841858,1565046903.998063,329.765625,37.38869769967849,3.0,2019-08-05T16:15:03.998063-07:00,10.0,28.50564193725586,1565046904.123802,5.816932923065291,POINT (-122.08322108734593 37.38869769967849),ios,1.3977188834171372,-0.14990626928208955,0.3136617964610834
285,distance,0,-122.08323324110553,0.9300000071525574,1565046904.9980414,318.1640625,37.38870574630553,3.0,2019-08-05T16:15:04.998041-07:00,10.0,28.63528060913086,1565046905.122758,5.817210694816377,POINT (-122.08323324110553 37.38870574630553),ios,1.2478158665150623,0.16374872194420925,0.05060816480946962
286,distance,0,-122.08324564632223,1.100000023841858,1565046905.9980195,317.8125,37.38871111072356,3.0,2019-08-05T16:15:05.998019-07:00,10.0,28.58816146850586,1565046906.130548,5.817488466501236,POINT (-122.08324564632223 37.38871111072356),ios,1.4115609967114109,0.21435577668841835,-0.31130146536127
287,distance,0,-122.08325989555762,1.090000033378601,1565046906.9979973,317.8125,37.388716852327235,3.0,2019-08-05T16:15:06.997997-07:00,10.0,28.62276840209961,1565046907.127994,5.817766238119867,POINT (-122.08325989555762 37.388716852327235),ios,1.625912020504657,-0.09693878620791863,-0.0920999631210842
288,distance,0,-122.0832778328304,1.309999942779541,1565046907.9979763,317.8125,37.38872012126947,3.0,2019-08-05T16:15:07.997976-07:00,10.0,28.574153900146484,1565046908.131113,5.818044010069635,POINT (-122.0832778328304 37.38872012126947),ios,1.5289752681534132,-0.18903681699487668,0.14117172218611215
289,distance,0,-122.08329468045578,1.309999942779541,1565046908.997954,300.9375,37.38872326448316,3.0,2019-08-05T16:15:08.997954-07:00,10.0,28.55709457397461,1565046909.14544,5.818321781622039,POINT (-122.08329468045578 37.38872326448316),ios,1.3399426877281313,-0.047868258657137355,-0.042516746464658306
290,distance,0,-122.08330968406246,1.0299999713897705,1565046909.997932,302.34375,37.38872502468283,3.0,2019-08-05T16:15:09.997932-07:00,10.0,28.510799407958984,1565046910.124298,5.818599553306897,POINT (-122.08330968406246 37.38872502468283),ios,1.2920754790377575,-0.09038407253782589,-0.0008977433327887009
291,distance,0,-122.08332418475494,0.9900000095367432,1565046910.9979103,301.9921875,37.3887265334254,3.0,2019-08-05T16:15:10.997910-07:00,10.0,28.506710052490234,1565046911.118124,5.818877325057984,POINT (-122.08332418475494 37.3887265334254),ios,1.2016933674809671,-0.09128179639309382,0.02911599503454708
292,distance,0,-122.08333759580002,1.0299999713897705,1565046911.997888,301.9921875,37.38872833553458,3.0,2019-08-05T16:15:11.997888-07:00,10.0,28.528255462646484,1565046912.1168308,5.819155096676615,POINT (-122.08333759580002 37.38872833553458),ios,1.1104135950725593,-0.06216644694540411,-0.04896738245629085
293,distance,0,-122.08334991719768,0.8299999833106995,1565046912.9978657,301.9921875,37.388730305281825,3.0,2019-08-05T16:15:12.997866-07:00,10.0,28.515499114990234,1565046913.123256,5.819432868229018,POINT (-122.08334991719768 37.388730305281825),ios,1.0482485413609344,-0.11113273197672269,0.19775133645591697
294,distance,0,-122.0833608136718,0.8299999833106995,1565046913.9978442,301.9921875,37.38873403522874,3.0,2019-08-05T16:15:13.997844-07:00,10.0,28.63564682006836,1565046914.127315,5.819710640046331,POINT (-122.0833608136718 37.38873403522874),ios,0.9371181940339361,0.0866143611958555,0.13785959146516646
295,distance,0,-122.08337933767781,0.7699999809265137,1565046915.9977996,301.640625,37.388742249493845,3.0,2019-08-05T16:15:15.997800-07:00,10.0,28.833248138427734,1565046916.125941,5.820266183217367,POINT (-122.08337933767781 37.388742249493845),ios,1.11034305478721,0.36232739775634876,-0.4497899573134283
296,distance,0,-122.08338914450452,0.7699999809265137,1565046916.9977782,301.640625,37.38874849401171,3.0,2019-08-05T16:15:16.997778-07:00,10.0,28.829036712646484,1565046917.124302,5.82054395503468,POINT (-122.08338914450452 37.38874849401171),ios,1.4726626778410579,-0.08745290811165299,-0.14833389299466718
297,distance,0,-122.08340372901604,1.340000033378601,1565046917.9977555,309.0234375,37.388754906167634,3.0,2019-08-05T16:15:17.997756-07:00,10.0,28.823665618896484,1565046918.1283178,5.820821726520856,POINT (-122.08340372901604 37.388754906167634),ios,1.3852117505172235,-0.23578344137850013,0.26092606624492176
298,distance,0,-122.08341797825143,1.340000033378601,1565046918.997734,301.640625,37.3887601029476,3.0,2019-08-05T16:15:18.997734-07:00,10.0,28.79073715209961,1565046919.14087,5.821099498338169,POINT (-122.08341797825143 37.3887601029476),ios,1.1494333685024996,0.02513702600044478,-0.07054191836850064
299,distance,0,-122.08343013201103,0.6899999976158142,1565046919.9977121,301.640625,37.388763790984996,3.0,2019-08-05T16:15:19.997712-07:00,10.0,28.767208099365234,1565046920.113562,5.821377270023028,POINT (-122.08343013201103 37.388763790984996),ios,1.1745698431346143,-0.04540334506569297,0.10361170891631849
300,distance,0,-122.08344287250385,0.6899999976158142,1565046920.9976895,301.640625,37.38876680847014,3.0,2019-08-05T16:15:20.997689-07:00,10.0,28.711727142333984,1565046921.114814,5.821655041509205,POINT (-122.08344287250385 37.38876680847014),ios,1.129167526444018,0.0582060170697658,-0.0013050853667340115
301,distance,0,-122.08345460716829,0.699999988079071,1565046921.997667,301.640625,37.38877083178366,3.0,2019-08-05T16:15:21.997667-07:00,10.0,28.845088958740234,1565046922.1215448,5.821932813061609,POINT (-122.08345460716829 37.38877083178366),ios,1.1873722390385706,0.05690096095175207,0.06496775944600462
302,distance,0,-122.0834662580137,0.7200000286102295,1565046922.997645,301.640625,37.388776154292174,3.0,2019-08-05T16:15:22.997645-07:00,10.0,28.823055267333984,1565046923.1242409,5.822210584680239,POINT (-122.0834662580137 37.388776154292174),ios,1.2442719383294205,0.12186727987231351,-0.1355606548798276
303,distance,0,-122.08347790885911,0.9100000262260437,1565046923.997624,301.640625,37.38878244071955,3.0,2019-08-05T16:15:23.997624-07:00,10.0,28.763484954833984,1565046924.131669,5.822488356630007,POINT (-122.08347790885911 37.38878244071955),ios,1.3661366613244479,-0.013690530831786861,0.04218092841205907
304,distance,0,-122.0834903140758,0.9100000262260437,1565046924.9976006,301.2890625,37.38878977488483,3.0,2019-08-05T16:15:24.997601-07:00,10.0,28.90230941772461,1565046925.125067,5.822766127917502,POINT (-122.0834903140758 37.38878977488483),ios,1.352446450372198,0.02848941202200452,-0.29887653442126744
305,distance,0,-122.08350322220669,1.0099999904632568,1565046925.9975786,309.0234375,37.3887963127693,3.0,2019-08-05T16:15:25.997579-07:00,10.0,28.927242279052734,1565046926.152473,5.82304389960236,POINT (-122.08350322220669 37.3887963127693),ios,1.3809352374929302,-0.2703805666891459,0.00026282473660998686
306,distance,0,-122.08351713616595,1.0099999904632568,1565046926.9975562,307.6171875,37.38880197055394,3.0,2019-08-05T16:15:26.997556-07:00,10.0,28.912410736083984,1565046927.1241732,5.823321671154764,POINT (-122.08351713616595 37.38880197055394),ios,1.1105607303963339,-0.27011774784279213,0.42257672001469276
307,distance,0,-122.0835281164591,0.6299999952316284,1565046927.9975343,301.2890625,37.38880683205778,3.0,2019-08-05T16:15:27.997534-07:00,10.0,28.962337493896484,1565046928.121159,5.8235994428396225,POINT (-122.0835281164591 37.38880683205778),ios,0.8404489074537878,0.15244970315891507,-0.019768825768708257
308,distance,0,-122.0835423656945,0.6299999952316284,1565046929.9974904,301.2890625,37.38881684843207,3.0,2019-08-05T16:15:29.997490-07:00,10.0,29.02358627319336,1565046930.127023,5.824154986209339,POINT (-122.0835423656945 37.38881684843207),ios,1.1453416259527613,0.112912918860483,0.026067089806912618
309,distance,0,-122.08354982558832,0.699999988079071,1565046930.997468,332.9296875,37.38882527224476,3.0,2019-08-05T16:15:30.997468-07:00,10.0,29.179866790771484,1565046931.1230268,5.824432757761743,POINT (-122.08354982558832 37.38882527224476),ios,1.2582520142827027,0.1389794244688154,0.05127637102881486
310,distance,0,-122.08355384890184,0.8700000047683716,1565046931.997446,359.296875,37.388836126809366,3.0,2019-08-05T16:15:31.997446-07:00,10.0,29.18050765991211,1565046932.128959,5.824710529446602,POINT (-122.08355384890184 37.388836126809366),ios,1.3972283903060427,0.19025467077559421,-0.586761557837807
311,distance,0,-122.08356038678632,1.309999942779541,1565046932.9974241,343.4765625,37.388847568107195,3.0,2019-08-05T16:15:32.997424-07:00,10.0,29.119014739990234,1565046933.1258368,5.8249883011314605,POINT (-122.08356038678632 37.388847568107195),ios,1.5874788879387958,-0.3964940167353789,0.0964014172309239
312,distance,0,-122.08357186999366,1.309999942779541,1565046933.9974012,293.5546875,37.38885854840035,3.0,2019-08-05T16:15:33.997401-07:00,10.0,29.124874114990234,1565046934.118682,5.825266072551409,POINT (-122.08357186999366 37.38885854840035),ios,1.1909939462312658,-0.30009480595779126,0.29554282277313404
313,distance,0,-122.08358293410585,1.2000000476837158,1565046934.9973798,293.90625,37.388864667189665,3.0,2019-08-05T16:15:34.997380-07:00,10.0,29.08199691772461,1565046935.123262,5.825543844368723,POINT (-122.08358293410585 37.388864667189665),ios,0.8909055796094254,-0.00455832484564544,0.03215226384820688
314,distance,0,-122.08360254775927,0.5600000023841858,1565046936.9973347,293.5546875,37.38886839713658,3.0,2019-08-05T16:15:36.997335-07:00,10.0,29.246761322021484,1565046937.118834,5.826099387407303,POINT (-122.08360254775927 37.38886839713658),ios,0.8817891353213184,0.05974475403402368,0.07901778386560607
315,distance,0,-122.0836214070414,0.6600000262260437,1565046938.9972908,293.5546875,37.38887359391654,3.0,2019-08-05T16:15:38.997291-07:00,10.0,29.481868743896484,1565046939.1205769,5.82665493077702,POINT (-122.0836214070414 37.38887359391654),ios,1.0012760224456425,0.21777685533260926,-0.3181088039372909
316,distance,0,-122.08363146532521,0.6600000262260437,1565046939.997268,293.5546875,37.38887774295861,3.0,2019-08-05T16:15:39.997268-07:00,10.0,29.468624114990234,1565046940.12767,5.826932702196969,POINT (-122.08363146532521 37.38887774295861),ios,1.2190478932616045,-0.10032466767197436,-0.22672338614696552
317,distance,0,-122.08364328380868,0.8999999761581421,1565046940.9972467,304.453125,37.388883400743254,3.0,2019-08-05T16:15:40.997247-07:00,10.0,29.477230072021484,1565046941.101616,5.82721047408051,POINT (-122.08364328380868 37.388883400743254),ios,1.1187253544041897,-0.32704324291792575,0.3251329633813378
318,distance,0,-122.08365392882571,0.8999999761581421,1565046941.9972239,305.15625,37.388888848980315,3.0,2019-08-05T16:15:41.997224-07:00,10.0,29.48061752319336,1565046942.1130881,5.827488245500459,POINT (-122.08365392882571 37.388888848980315),ios,0.791689596912051,-0.0019177212395461783,0.07145532131437238
319,distance,0,-122.08366767514691,0.7599999904632568,1565046943.99718,304.8046875,37.38889798525477,3.0,2019-08-05T16:15:43.997180-07:00,10.0,29.58492660522461,1565046944.1098099,5.8280437888701755,POINT (-122.08366767514691 37.38889798525477),ios,0.7878542385615073,0.140989786714382,0.0614089809909111
320,distance,0,-122.08367932599232,0.7599999904632568,1565046945.9971356,304.8046875,37.38890871409083,3.0,2019-08-05T16:15:45.997136-07:00,10.0,29.47909164428711,1565046946.121511,5.828599332107438,POINT (-122.08367932599232 37.38890871409083),ios,1.0698275596775326,0.2638050254623937,-0.2719562983357683
321,distance,0,-122.08368871372387,0.9599999785423279,1565046946.9971123,304.453125,37.38891479097063,3.0,2019-08-05T16:15:46.997112-07:00,10.0,29.42068099975586,1565046947.124361,5.828877103394932,POINT (-122.08368871372387 37.38891479097063),ios,1.333626421330032,-0.008144918608820323,-0.16045108799157487
322,distance,0,-122.08370229240701,1.3300000429153442,1565046947.9970903,311.1328125,37.38892002966011,3.0,2019-08-05T16:15:47.997090-07:00,10.0,29.387325286865234,1565046948.1294951,5.829154875079791,POINT (-122.08370229240701 37.38892002966011),ios,1.3254816813760044,-0.16859248718451708,0.3154687363944455
323,distance,0,-122.0837165416424,1.3300000429153442,1565046948.9970682,303.3984375,37.388923759607025,3.0,2019-08-05T16:15:48.997068-07:00,10.0,29.354976654052734,1565046949.1309729,5.829432646698422,POINT (-122.0837165416424 37.388923759607025),ios,1.1568929323805428,0.14686925434439538,-0.185442724186894
324,distance,0,-122.08372953359232,1.0099999904632568,1565046949.997046,302.6953125,37.388925058802016,3.0,2019-08-05T16:15:49.997046-07:00,10.0,29.30385971069336,1565046950.122707,5.829710418317053,POINT (-122.08372953359232 37.388925058802016),ios,1.3037589302035573,-0.03856935803435373,0.13550963357663295
325,distance,0,-122.0837442857419,1.0099999904632568,1565046950.9970238,301.9921875,37.38892535216863,3.0,2019-08-05T16:15:50.997024-07:00,10.0,29.250606536865234,1565046951.1239362,5.829988189935684,POINT (-122.0837442857419 37.38892535216863),ios,1.2651904273647967,0.09693727089695006,-0.0019397172168906336
326,distance,0,-122.08375853497729,0.9399999976158142,1565046951.997002,301.9921875,37.388926483725555,3.0,2019-08-05T16:15:51.997002-07:00,10.0,29.306209564208984,1565046952.120233,5.830265961620543,POINT (-122.08375853497729 37.388926483725555),ios,1.362125571990279,0.09499759622680472,-0.20138706689945043
327,distance,0,-122.08377320330784,1.3300000429153442,1565046952.9969802,302.34375,37.38893025558198,3.0,2019-08-05T16:15:52.996980-07:00,10.0,29.35323715209961,1565046953.120002,5.830543733371629,POINT (-122.08377320330784 37.38893025558198),ios,1.4571211071406198,-0.1063851013605768,0.15518608040783277
328,distance,0,-122.08378879364774,1.3300000429153442,1565046953.9969563,301.9921875,37.3889345303526,3.0,2019-08-05T16:15:53.996956-07:00,10.0,29.26302719116211,1565046954.126929,5.830821504526668,POINT (-122.08378879364774 37.3889345303526),ios,1.3507385421985134,0.04879727912277726,-0.19550644389041183
329,distance,0,-122.08380362961636,1.159999966621399,1565046954.9969351,301.9921875,37.38893746401871,3.0,2019-08-05T16:15:54.996935-07:00,10.0,29.228084564208984,1565046955.126614,5.8310992764102085,POINT (-122.08380362961636 37.38893746401871),ios,1.399534785879453,-0.14670501626683294,0.21346586690091857
330,distance,0,-122.08381896849916,1.159999966621399,1565046955.996913,298.125,37.3889406072324,3.0,2019-08-05T16:15:55.996913-07:00,10.0,29.201412200927734,1565046956.130745,5.83137704802884,POINT (-122.08381896849916 37.3889406072324),ios,1.2528330224923618,0.06675611747081903,-0.007526399797293839
331,distance,0,-122.08383296627746,1.1399999856948853,1565046956.9968898,297.7734375,37.38894240934158,3.0,2019-08-05T16:15:56.996890-07:00,10.0,29.183467864990234,1565046957.1280951,5.831654819382561,POINT (-122.08383296627746 37.38894240934158),ios,1.3195875961210095,0.05922989173357909,-0.2033635637392392
332,distance,0,-122.08384738315091,1.3200000524520874,1565046957.9968677,297.7734375,37.388945510645755,3.0,2019-08-05T16:15:57.996868-07:00,10.0,29.117855072021484,1565046958.124018,5.831932591001193,POINT (-122.08384738315091 37.388945510645755),ios,1.3788161745544723,-0.1441291628400327,0.22269559766602895
333,distance,0,-122.08386129711018,1.3200000524520874,1565046958.9968452,297.7734375,37.38895112652088,3.0,2019-08-05T16:15:58.996845-07:00,10.0,29.193233489990234,1565046959.1222029,5.832210362553597,POINT (-122.08386129711018 37.38895112652088),ios,1.2346902418430394,0.07856144391780731,-0.10147749971892929
334,distance,0,-122.08387370232687,1.1399999856948853,1565046959.9968233,293.90625,37.388956239481814,3.0,2019-08-05T16:15:59.996823-07:00,10.0,29.199642181396484,1565046960.159039,5.832488134238455,POINT (-122.08387370232687 37.388956239481814),ios,1.3132499625541263,-0.022913829941962942,0.09277754612869922
335,distance,0,-122.08388736482904,1.1399999856948853,1565046960.9968014,293.5546875,37.388960891438074,3.0,2019-08-05T16:16:00.996801-07:00,10.0,29.09438705444336,1565046961.1162338,5.8327659059233135,POINT (-122.08388736482904 37.388960891438074),ios,1.2903366352157788,0.06986168115678998,-0.09271851348224408
336,distance,0,-122.08390136260734,1.1399999856948853,1565046961.99678,315.0,37.38896420228983,3.0,2019-08-05T16:16:01.996780-07:00,10.0,29.126094818115234,1565046962.120512,5.833043677740627,POINT (-122.08390136260734 37.38896420228983),ios,1.3601968173035208,-0.022854842801992428,-0.2324075605121957
337,distance,0,-122.08391628239498,1.309999942779541,1565046962.996757,313.9453125,37.38896721977497,3.0,2019-08-05T16:16:02.996757-07:00,10.0,29.128353118896484,1565046963.127126,5.833321449160576,POINT (-122.08391628239498 37.38896721977497),ios,1.3373424976073665,-0.25525708392727453,0.38860060071407915
338,distance,0,-122.08393019635425,1.309999942779541,1565046963.9967341,314.6484375,37.38897195555026,3.0,2019-08-05T16:16:03.996734-07:00,10.0,29.03548812866211,1565046964.1252089,5.833599220580525,POINT (-122.08393019635425 37.38897195555026),ios,1.0820912560510925,0.13333462242491084,-0.33790486569918965
339,distance,0,-122.0839409251903,0.8700000047683716,1565046964.9967132,306.5625,37.38897664941604,3.0,2019-08-05T16:16:04.996713-07:00,10.0,29.07308578491211,1565046965.119787,5.833876992530293,POINT (-122.0839409251903 37.38897664941604),ios,1.2154230810042956,-0.20456315374805906,-0.0665634633739405
340,distance,0,-122.08395232457862,0.8700000047683716,1565046965.9966912,306.9140625,37.38898276820535,3.0,2019-08-05T16:16:05.996691-07:00,10.0,29.129695892333984,1565046966.1283789,5.8341547642151514,POINT (-122.08395232457862 37.38898276820535),ios,1.0108644142486303,-0.27112515708509466,0.27359991363054553
341,distance,0,-122.08396171231017,0.8700000047683716,1565046966.9966674,306.9140625,37.38898796498532,3.0,2019-08-05T16:16:06.996667-07:00,10.0,29.29397201538086,1565046967.1340709,5.834432535370191,POINT (-122.08396171231017 37.38898796498532),ios,0.7397457212910067,0.0024682334151858794,0.030962664212230054
342,distance,0,-122.08397671591685,0.8600000143051147,1565046968.996623,306.9140625,37.388993874227054,3.0,2019-08-05T16:16:08.996623-07:00,10.0,29.22024154663086,1565046969.125654,5.834988078607453,POINT (-122.08397671591685 37.388993874227054),ios,0.7446820786654555,0.06439218877380634,0.06579107775428948
343,distance,0,-122.08399197098062,0.5899999737739563,1565046970.9965794,306.9140625,37.38899957392121,3.0,2019-08-05T16:16:10.996579-07:00,10.0,29.26205062866211,1565046971.122695,5.835543622043398,POINT (-122.08399197098062 37.38899957392121),ios,0.8734636467432383,0.19597147377818985,-0.01023800779438249
344,distance,0,-122.08400798041568,0.41999998688697815,1565046972.9965339,306.9140625,37.3890087940147,3.0,2019-08-05T16:16:12.996534-07:00,10.0,29.56856918334961,1565046973.125167,5.836099164949523,POINT (-122.08400798041568 37.3890087940147),ios,1.2653976701607164,0.17549592440729767,-0.2187435933373567
345,distance,0,-122.08403304230616,1.0099999904632568,1565046974.9964905,296.3671875,37.38901981621737,3.0,2019-08-05T16:16:14.996490-07:00,10.0,29.743038177490234,1565046975.109978,5.836654708451695,POINT (-122.08403304230616 37.38901981621737),ios,1.6163819038243255,-0.26198177050573435,0.2606506741631717
346,distance,0,-122.08404921937928,1.1799999475479126,1565046975.996468,295.3125,37.38902660555894,3.0,2019-08-05T16:16:15.996468-07:00,10.0,29.81643295288086,1565046976.114804,5.836932480004099,POINT (-122.08404921937928 37.38902660555894),ios,1.3544060046828097,-0.0013369378751199724,-0.20165364519362905
347,distance,0,-122.08406313333855,1.1799999475479126,1565046976.9964452,295.3125,37.389031718519874,3.0,2019-08-05T16:16:16.996445-07:00,10.0,29.827816009521484,1565046977.127099,5.837210251424048,POINT (-122.08406313333855 37.389031718519874),ios,1.3530690974077693,-0.20298596758309548,0.10816096596059772
348,distance,0,-122.08407687965975,1.3200000524520874,1565046977.9964228,295.3125,37.389037082937904,3.0,2019-08-05T16:16:17.996423-07:00,10.0,29.730281829833984,1565046978.130055,5.837488022976451,POINT (-122.08407687965975 37.389037082937904),ios,1.1500876790135148,-0.0948274256553767,0.24676144993471885
349,distance,0,-122.08408819522903,1.3200000524520874,1565046978.9964008,295.3125,37.38904219589884,3.0,2019-08-05T16:16:18.996401-07:00,10.0,29.71822738647461,1565046979.128382,5.83776579466131,POINT (-122.08408819522903 37.38904219589884),ios,1.055262333351186,0.15192861168802926,-0.22214718402614483
350,distance,0,-122.08409758296058,0.9599999785423279,1565046979.9963784,295.3125,37.38904806323106,3.0,2019-08-05T16:16:19.996378-07:00,10.0,29.566524505615234,1565046980.129699,5.838043566213714,POINT (-122.08409758296058 37.38904806323106),ios,1.2071875401144652,-0.07021359372061466,0.1989952508019103
351,distance,0,-122.08410730596826,0.9599999785423279,1565046980.9963565,295.3125,37.389055690762945,3.0,2019-08-05T16:16:20.996356-07:00,10.0,29.53298568725586,1565046981.1250901,5.838321337898572,POINT (-122.08410730596826 37.389055690762945),ios,1.1369754864945734,0.12877729221812076,-0.06714981672569231
352,distance,0,-122.08411610696659,1.090000033378601,1565046981.9963343,295.3125,37.38906315065677,3.0,2019-08-05T16:16:21.996334-07:00,10.0,29.47878646850586,1565046982.108352,5.838599109517204,POINT (-122.08411610696659 37.38906315065677),ios,1.2657499233430842,0.061628964400470276,-0.23695128364181836
353,distance,0,-122.0841259137933,1.3300000429153442,1565046982.9963124,314.6484375,37.38907144874091,3.0,2019-08-05T16:16:22.996312-07:00,10.0,29.38894271850586,1565046983.110972,5.838876881202062,POINT (-122.0841259137933 37.38907144874091),ios,1.327377535942463,-0.17531712183121875,0.25833034474583416
354,distance,0,-122.08413655881033,1.3300000429153442,1565046983.9962895,313.59375,37.389079872553594,3.0,2019-08-05T16:16:23.996289-07:00,10.0,29.43587875366211,1565046984.126048,5.839154652622011,POINT (-122.08413655881033 37.389079872553594),ios,1.152064426801716,0.08300731020225702,-0.11089588855118884
355,distance,0,-122.08414712000832,1.2599999904632568,1565046984.9962668,293.5546875,37.389085949433394,3.0,2019-08-05T16:16:24.996267-07:00,10.0,29.44906234741211,1565046985.1207662,5.839432424108187,POINT (-122.08414712000832 37.389085949433394),ios,1.2350698569079024,-0.02788606658311504,0.11190338121323269
356,distance,0,-122.08415902231083,1.2200000286102295,1565046985.9962444,293.90625,37.3890917748561,3.0,2019-08-05T16:16:25.996244-07:00,10.0,29.50338363647461,1565046986.1319818,5.839710195660591,POINT (-122.08415902231083 37.3890917748561),ios,1.2071844152890863,0.08401480672467397,-0.06234871424761021
357,distance,0,-122.0841708407943,1.0800000429153442,1565046986.9962237,294.2578125,37.38909722309316,3.0,2019-08-05T16:16:26.996224-07:00,10.0,29.548030853271484,1565046987.121293,5.839987967676587,POINT (-122.0841708407943 37.38909722309316),ios,1.291197479343657,0.02166738574005556,-0.1781254709947644
358,distance,0,-122.08418316219196,1.3300000429153442,1565046987.9962003,301.9921875,37.38910346761102,3.0,2019-08-05T16:16:27.996200-07:00,10.0,29.498226165771484,1565046988.127032,5.840265738964081,POINT (-122.08418316219196 37.38910346761102),ios,1.312864358824795,-0.1564539233493826,0.20266367594663348
359,distance,0,-122.08419690851316,1.3300000429153442,1565046988.9961789,283.0078125,37.38910795192922,3.0,2019-08-05T16:16:28.996179-07:00,10.0,29.53603744506836,1565046989.1231232,5.840543510781394,POINT (-122.08419690851316 37.38910795192922),ios,1.1564137926124014,0.04620540390654195,-0.07691733563933596
360,distance,0,-122.08420948136792,1.1699999570846558,1565046989.9961562,283.359375,37.38911084368581,3.0,2019-08-05T16:16:29.996156-07:00,10.0,29.53481674194336,1565046990.119948,5.84082128226757,POINT (-122.08420948136792 37.38911084368581),ios,1.2026181499774025,-0.03071018957321623,0.17205699448500433
361,distance,0,-122.08422247331784,1.159999966621399,1565046990.9961333,299.53125,37.389114070718534,3.0,2019-08-05T16:16:30.996133-07:00,10.0,29.57296371459961,1565046991.122247,5.841099053687519,POINT (-122.08422247331784 37.389114070718534),ios,1.1719086633046434,0.14134286683970976,-0.07740440205689897
362,distance,0,-122.08423437562034,0.9599999785423279,1565046991.9961119,299.8828125,37.389118722674795,3.0,2019-08-05T16:16:31.996112-07:00,10.0,29.441402435302734,1565046992.124611,5.841376825504833,POINT (-122.08423437562034 37.389118722674795),ios,1.3132484972554601,0.0639401257010907,-0.17462512317421688
363,distance,0,-122.08424803812251,1.3300000429153442,1565046992.9960892,286.171875,37.389123374631055,3.0,2019-08-05T16:16:32.996089-07:00,10.0,29.36373519897461,1565046993.130228,5.841654596991009,POINT (-122.08424803812251 37.389123374631055),ios,1.3771871747277287,-0.11068104225512063,-0.015300823601774304
364,distance,0,-122.08426270645306,1.3300000429153442,1565046993.9960666,286.5234375,37.38912756558264,3.0,2019-08-05T16:16:33.996067-07:00,10.0,29.369075775146484,1565046994.121753,5.8419323684771856,POINT (-122.08426270645306 37.38912756558264),ios,1.2665086393722067,-0.12598151929683582,0.034461942253477436
365,distance,0,-122.08427611749813,1.149999976158142,1565046994.996045,286.5234375,37.38913158889616,3.0,2019-08-05T16:16:34.996045-07:00,10.0,29.427669525146484,1565046995.1158938,5.842210140294499,POINT (-122.08427611749813 37.38913158889616),ios,1.140529823345505,-0.09152031651641584,0.176487077620637
366,distance,0,-122.08428785216257,1.1200000047683716,1565046995.9960232,307.96875,37.38913586366678,3.0,2019-08-05T16:16:35.996023-07:00,10.0,29.284358978271484,1565046996.13104,5.842487911979357,POINT (-122.08428785216257 37.38913586366678),ios,1.0490115142823209,0.08496288994677974,-0.0013350355866663325
367,distance,0,-122.08429866481767,1.0499999523162842,1565046996.9960003,307.265625,37.389139761251755,3.0,2019-08-05T16:16:36.996000-07:00,10.0,29.23189926147461,1565046997.127757,5.842765683399306,POINT (-122.08429866481767 37.389139761251755),ios,1.1339724595828768,0.08362788491665302,-0.18554488354855697
368,distance,0,-122.08430964511082,1.3300000429153442,1565046997.9959784,307.265625,37.38914504185075,3.0,2019-08-05T16:16:37.995978-07:00,10.0,29.26107406616211,1565046998.127112,5.843043455084165,POINT (-122.08430964511082 37.38914504185075),ios,1.2175985101629123,-0.10191292879593439,-0.07316858714520029
369,distance,0,-122.08432045776591,1.3300000429153442,1565046998.9959564,307.6171875,37.38915183119232,3.0,2019-08-05T16:16:38.995956-07:00,10.0,29.278072357177734,1565046999.125674,5.8433212267690235,POINT (-122.08432045776591 37.38915183119232),ios,1.11568781677706,-0.17507991102408113,0.3130373810341345
370,distance,0,-122.08433135424004,1.1399999856948853,1565046999.9959342,307.6171875,37.38915690224374,3.0,2019-08-05T16:16:39.995934-07:00,10.0,29.232051849365234,1565047000.119079,5.843598998387654,POINT (-122.08433135424004 37.38915690224374),ios,0.9406117877872152,0.1379505290547873,0.06379364427534903
371,distance,0,-122.0843487047796,0.9300000071525574,1565047001.9958892,307.6171875,37.38916670907045,3.0,2019-08-05T16:16:41.995889-07:00,10.0,29.19808578491211,1565047002.126862,5.844154541426235,POINT (-122.0843487047796 37.38916670907045),ios,1.2165066296926255,0.26553494299297087,-0.45221069952598786
372,distance,0,-122.08435993652985,1.3300000429153442,1565047002.9958663,312.890625,37.389173037407346,3.0,2019-08-05T16:16:42.995866-07:00,10.0,29.21621322631836,1565047003.1265259,5.844432312846184,POINT (-122.08435993652985 37.389173037407346),ios,1.4820354950730705,-0.18666540625150316,0.21976346113280423
373,distance,0,-122.0843727608417,1.3300000429153442,1565047003.995844,307.265625,37.3891816288581,3.0,2019-08-05T16:16:43.995844-07:00,10.0,29.24959945678711,1565047004.130347,5.844710084398588,POINT (-122.0843727608417 37.3891816288581),ios,1.2953742722446544,0.033093129686239744,0.0694115860216373
374,distance,0,-122.08438533369646,1.2999999523162842,1565047004.9958224,289.6875,37.389187621918865,3.0,2019-08-05T16:16:44.995822-07:00,10.0,29.359676361083984,1565047005.121228,5.844987856215901,POINT (-122.08438533369646 37.389187621918865),ios,1.328466691829368,0.10250322629682292,-0.03298862502182605
375,distance,0,-122.08439857710347,1.2000000476837158,1565047005.9957995,300.5859375,37.389193279703505,3.0,2019-08-05T16:16:45.995800-07:00,10.0,29.441768646240234,1565047006.121891,5.8452656276358494,POINT (-122.08439857710347 37.389193279703505),ios,1.4309675720135284,0.06951535632470288,-0.17105416062098877
376,distance,0,-122.0844129101579,1.2000000476837158,1565047006.9957778,300.5859375,37.38919927276427,3.0,2019-08-05T16:16:46.995778-07:00,10.0,29.42025375366211,1565047007.112702,5.845543399386936,POINT (-122.0844129101579 37.38919927276427),ios,1.5004814201267556,-0.10153509308970275,0.03324619999294386
377,distance,0,-122.08442699175522,1.3300000429153442,1565047007.9957561,300.9375,37.38920681647713,3.0,2019-08-05T16:16:47.995756-07:00,10.0,29.53060531616211,1565047008.115535,5.845821171138022,POINT (-122.08442699175522 37.38920681647713),ios,1.3989485299516415,-0.0682896144093293,0.1753295091026428
378,distance,0,-122.0844385587816,1.3300000429153442,1565047008.9957328,300.9375,37.38921540792788,3.0,2019-08-05T16:16:48.995733-07:00,10.0,29.57735824584961,1565047009.125406,5.846098942425516,POINT (-122.0844385587816 37.38921540792788),ios,1.33066051113057,0.1070357981156949,-0.36472700449880263
379,distance,0,-122.08445037726507,1.2400000095367432,1565047009.9957113,292.8515625,37.389222825912185,3.0,2019-08-05T16:16:49.995711-07:00,10.0,29.56753158569336,1565047010.120409,5.84637671424283,POINT (-122.08445037726507 37.389222825912185),ios,1.437694012507204,-0.2576833801906322,0.27295182227553294
380,distance,0,-122.08446487795756,1.2400000095367432,1565047010.9956882,292.8515625,37.389228693244405,3.0,2019-08-05T16:16:50.995688-07:00,10.0,29.470577239990234,1565047011.124043,5.8466544855965505,POINT (-122.08446487795756 37.389228693244405),ios,1.180016591657592,0.015262129636694604,0.09122308743865101
381,distance,0,-122.08447703171716,1.2400000095367432,1565047011.995666,292.8515625,37.38923309374357,3.0,2019-08-05T16:16:51.995666-07:00,10.0,29.58828353881836,1565047012.121741,5.846932257215182,POINT (-122.08447703171716 37.38923309374357),ios,1.1952783828881872,0.106483194392409,-0.15341346611434892
382,distance,0,-122.0844869223629,1.340000033378601,1565047012.995644,335.0390625,37.389240427908845,3.0,2019-08-05T16:16:52.995644-07:00,10.0,29.701290130615234,1565047013.124494,5.84721002890004,POINT (-122.0844869223629 37.389240427908845),ios,1.301759241623981,-0.04692690667284416,0.06571799619794341
383,distance,0,-122.08449496898994,1.340000033378601,1565047013.995622,333.984375,37.389250234735556,3.0,2019-08-05T16:16:53.995622-07:00,10.0,29.82998275756836,1565047014.1235871,5.847487800518672,POINT (-122.08449496898994 37.389250234735556),ios,1.254833375458053,0.018789632364710675,-0.2522087231677355
384,distance,0,-122.08450050104604,1.1100000143051147,1565047014.9956002,359.296875,37.38926062829549,3.0,2019-08-05T16:16:54.995600-07:00,10.0,30.02126693725586,1565047015.1207151,5.847765572269758,POINT (-122.08450050104604 37.38926062829549),ios,1.2736226001611957,-0.2334136188596921,-0.02208646397861418
385,distance,0,-122.08450117159829,1.1100000143051147,1565047015.9955769,16.875,37.38927206959332,3.0,2019-08-05T16:16:55.995577-07:00,10.0,29.98556137084961,1565047016.1202931,5.848043343557252,POINT (-122.08450117159829 37.38927206959332),ios,1.040214435015552,-0.2554995667876171,0.323792084757143
386,distance,0,-122.08449765119896,1.0700000524520874,1565047016.9955559,34.453125,37.389280996320196,3.0,2019-08-05T16:16:56.995556-07:00,10.0,29.742061614990234,1565047017.114399,5.84832111550702,POINT (-122.08449765119896 37.389280996320196),ios,0.7847202288221783,0.06828572454123391,-0.013562978892619735
387,distance,0,-122.08448574889645,0.949999988079071,1565047018.9955106,33.75,37.38929147369916,3.0,2019-08-05T16:16:58.995511-07:00,10.0,29.807857513427734,1565047019.1228418,5.848876658479373,POINT (-122.08448574889645 37.38929147369916),ios,0.9212885845934167,0.041160381152564075,0.045111014893240896
388,distance,0,-122.08446999091849,0.800000011920929,1565047020.9954667,32.34375,37.38930232826377,3.0,2019-08-05T16:17:00.995467-07:00,10.0,29.71285629272461,1565047021.141334,5.84943220184909,POINT (-122.08446999091849 37.38930232826377),ios,1.0036075412330203,0.13138043196309648,0.034937574907416016
389,distance,0,-122.08446295011983,0.800000011920929,1565047021.995444,25.3125,37.38930941097195,3.0,2019-08-05T16:17:01.995444-07:00,10.0,29.672359466552734,1565047022.125808,5.849709973335266,POINT (-122.08446295011983 37.38930941097195),ios,1.1349849974602053,0.16631721554265066,-0.0755356003391402
390,distance,0,-122.08445691514954,1.090000033378601,1565047022.9954214,16.171875,37.38931842151786,3.0,2019-08-05T16:17:02.995421-07:00,10.0,29.60616683959961,1565047023.108942,5.849987744821442,POINT (-122.08445691514954 37.38931842151786),ios,1.301298445957006,0.09078332606710839,0.09114233005871733
391,distance,0,-122.0844504610841,1.090000033378601,1565047023.9954004,16.171875,37.38932894080634,3.0,2019-08-05T16:17:03.995400-07:00,10.0,28.99068832397461,1565047024.1005468,5.850265516771211,POINT (-122.0844504610841 37.38932894080634),ios,1.392079867314133,0.1819237438836408,-0.31784772967604913
392,distance,0,-122.08444526430414,1.090000033378601,1565047024.9953775,16.171875,37.38934075928981,3.0,2019-08-05T16:17:04.995378-07:00,10.0,29.040889739990234,1565047025.111094,5.85054328819116,POINT (-122.08444526430414 37.38934075928981),ios,1.5739994472937238,-0.1359167108352167,0.08509578906863115
393,distance,0,-122.08443956460998,1.340000033378601,1565047025.9953551,16.171875,37.38935417033488,3.0,2019-08-05T16:17:05.995355-07:00,10.0,28.912715911865234,1565047026.1191978,5.850821059743564,POINT (-122.08443956460998 37.38935417033488),ios,1.438085782535,-0.050822828877794574,-0.05137245789596936
394,distance,0,-122.08443461928711,1.340000033378601,1565047026.9953327,15.46875,37.389366491732545,3.0,2019-08-05T16:17:06.995333-07:00,10.0,29.12301254272461,1565047027.128053,5.8510988312959675,POINT (-122.08443461928711 37.389366491732545),ios,1.3872640926652302,-0.10219413544781278,-0.11812488458058
395,distance,0,-122.0844295901452,1.3300000429153442,1565047027.9953108,21.09375,37.389378310216024,3.0,2019-08-05T16:17:07.995311-07:00,10.0,29.03469467163086,1565047028.132913,5.851376602980825,POINT (-122.0844295901452 37.389378310216024),ios,1.2850721987956295,-0.22031642901701606,0.46800818177631376
396,distance,0,-122.08442489627943,1.3300000429153442,1565047028.9952884,23.203125,37.38938924859966,3.0,2019-08-05T16:17:08.995288-07:00,10.0,28.93728256225586,1565047029.122459,5.851654374533229,POINT (-122.08442489627943 37.38938924859966),ios,1.0647607073664296,0.24768126406580124,-0.12328382844024982
397,distance,0,-122.084421124423,1.0,1565047029.9952664,22.8515625,37.389398342964604,3.0,2019-08-05T16:17:09.995266-07:00,10.0,28.911983489990234,1565047030.120759,5.851932146218088,POINT (-122.084421124423 37.389398342964604),ios,1.3124365386652463,0.12440013979583009,-0.07604398892709927
398,distance,0,-122.08441567618594,1.0,1565047030.9952438,24.9609375,37.38940932325776,3.0,2019-08-05T16:17:10.995244-07:00,10.0,28.688228607177734,1565047031.127434,5.852209917704264,POINT (-122.08441567618594 37.38940932325776),ios,1.4368338608271423,0.04835787324721081,-0.14302901697506962
399,distance,0,-122.0844092221205,1.2100000381469727,1565047031.995222,23.5546875,37.38942118365075,3.0,2019-08-05T16:17:11.995222-07:00,10.0,28.43166732788086,1565047032.128605,5.852487689455351,POINT (-122.0844092221205 37.38942118365075),ios,1.4851906848975491,-0.09466804055733404,-0.06199859453141103
400,distance,0,-122.08440159458861,1.340000033378601,1565047032.9951994,28.4765625,37.38943308595325,3.0,2019-08-05T16:17:12.995199-07:00,10.0,28.15719223022461,1565047033.118721,5.8527654609415265,POINT (-122.08440159458861 37.38943308595325),ios,1.3905247885490881,-0.1566652308351477,0.2163638561298792
401,distance,0,-122.08439396705673,1.340000033378601,1565047033.9951768,27.421875,37.38944402433689,3.0,2019-08-05T16:17:13.995177-07:00,10.0,28.11324691772461,1565047034.125395,5.853043232427703,POINT (-122.08439396705673 37.38944402433689),ios,1.2338631061446048,0.0596937247042325,-0.10634561250960033
402,distance,0,-122.08438784826741,1.1100000143051147,1565047034.9951544,27.0703125,37.38945399880166,3.0,2019-08-05T16:17:14.995154-07:00,10.0,28.14681625366211,1565047035.118495,5.853321003980107,POINT (-122.08438784826741 37.38945399880166),ios,1.293555493032093,-0.04664950445700398,-0.2848726592408908
403,distance,0,-122.08438206475422,1.1100000143051147,1565047035.995132,27.0703125,37.38946468572821,3.0,2019-08-05T16:17:15.995132-07:00,10.0,28.15432357788086,1565047036.120863,5.853598775532511,POINT (-122.08438206475422 37.38946468572821),ios,1.2469070340532944,-0.3315157793180385,0.5861117751878031
404,distance,0,-122.08437703561232,1.090000033378601,1565047036.9951105,18.28125,37.38947516310717,3.0,2019-08-05T16:17:16.995111-07:00,10.0,28.12771224975586,1565047037.125737,5.853876547349824,POINT (-122.08437703561232 37.38947516310717),ios,0.9153983682921508,0.2545834192754675,-0.0695193513247421
405,distance,0,-122.08436924044237,0.7400000095367432,1565047038.9950662,18.6328125,37.38949041817094,3.0,2019-08-05T16:17:18.995066-07:00,10.0,27.90694808959961,1565047039.113915,5.854432090587086,POINT (-122.08436924044237 37.38949041817094),ios,1.4245539171235078,0.11554779952110641,-0.40125367158828096
406,distance,0,-122.08436178054855,0.7400000095367432,1565047039.9950438,18.28125,37.38950177564974,3.0,2019-08-05T16:17:19.995044-07:00,10.0,27.952754974365234,1565047040.108201,5.85470986213949,POINT (-122.08436178054855 37.38950177564974),ios,1.5400991270628492,-0.28569687943213207,0.28256599744138294
407,distance,0,-122.08435323100731,1.1399999856948853,1565047040.9950209,18.28125,37.38951384559031,3.0,2019-08-05T16:17:20.995021-07:00,10.0,27.80294418334961,1565047041.120897,5.854987633559439,POINT (-122.08435323100731 37.38951384559031),ios,1.2544087867133458,-0.0031373494131758696,-0.03927601536948643
408,distance,0,-122.08434585493252,1.1399999856948853,1565047041.994999,18.6328125,37.389523484778955,3.0,2019-08-05T16:17:21.994999-07:00,10.0,27.675716400146484,1565047042.117254,5.855265405244298,POINT (-122.08434585493252 37.389523484778955),ios,1.2512715061163897,-0.0424125032825388,-0.055506646909009326
409,distance,0,-122.08433940086708,1.2699999809265137,1565047042.9949765,28.4765625,37.389533501153245,3.0,2019-08-05T16:17:22.994977-07:00,10.0,27.618953704833984,1565047043.1217399,5.855543176796701,POINT (-122.08433940086708 37.389533501153245),ios,1.2088599533551552,-0.09791790621285477,0.35480664600380163
410,distance,0,-122.08433277916357,1.2699999809265137,1565047043.9949548,37.265625,37.389543014613345,3.0,2019-08-05T16:17:23.994955-07:00,10.0,27.437923431396484,1565047044.1279268,5.8558209485477875,POINT (-122.08433277916357 37.389543014613345),ios,1.1109441715780746,0.2568810418737748,-0.13757418879057404
411,distance,0,-122.08432682801232,1.0399999618530273,1565047044.9949322,30.5859375,37.389551815611675,3.0,2019-08-05T16:17:24.994932-07:00,10.0,27.30245590209961,1565047045.121424,5.856098720033963,POINT (-122.08432682801232 37.389551815611675),ios,1.3678193951566142,0.11930996910624898,-0.18793898787750887
412,distance,0,-122.08431995485172,1.0399999618530273,1565047045.9949105,29.8828125,37.389562837814346,3.0,2019-08-05T16:17:25.994910-07:00,10.0,27.022151947021484,1565047046.126392,5.856376491785049,POINT (-122.08431995485172 37.389562837814346),ios,1.4871267757029523,-0.06862494122993318,0.17933341203187916
413,distance,0,-122.08431316551015,1.2400000095367432,1565047046.9948869,29.8828125,37.389575075392976,3.0,2019-08-05T16:17:26.994887-07:00,10.0,27.01113510131836,1565047047.1254601,5.856654263006316,POINT (-122.08431316551015 37.389575075392976),ios,1.418503454257656,0.11070423791663506,-0.17645981570972685
414,distance,0,-122.08430796873019,1.190000057220459,1565047047.994866,22.1484375,37.38958714533354,3.0,2019-08-05T16:17:27.994866-07:00,10.0,26.977718353271484,1565047048.1018438,5.856932034956085,POINT (-122.08430796873019 37.38958714533354),ios,1.5292053695069459,-0.06575187551882114,0.05847514348345691
415,distance,0,-122.08430277195022,1.399999976158142,1565047048.994843,18.28125,37.38960026301201,3.0,2019-08-05T16:17:28.994843-07:00,10.0,26.979305267333984,1565047049.113212,5.857209806376034,POINT (-122.08430277195022 37.38960026301201),ios,1.4634549989291232,-0.007278070425183952,-0.060569008350143345
416,distance,0,-122.08429723989413,1.25,1565047049.9948206,18.6328125,37.3896126682287,3.0,2019-08-05T16:17:29.994821-07:00,10.0,27.09981918334961,1565047050.1296911,5.857487577928437,POINT (-122.08429723989413 37.3896126682287),ios,1.456177091615297,-0.06784572134229791,0.01972987101675485
417,distance,0,-122.0842913725619,1.3200000524520874,1565047050.9947984,24.9609375,37.38962490580733,3.0,2019-08-05T16:17:30.994798-07:00,10.0,27.28371810913086,1565047051.129189,5.857765349547068,POINT (-122.0842913725619 37.38962490580733),ios,1.3883328746112837,-0.04811628779454973,-0.10721195108226722
418,distance,0,-122.08428558904872,1.25,1565047051.9947762,21.796875,37.38963651474322,3.0,2019-08-05T16:17:31.994776-07:00,10.0,27.251216888427734,1565047052.128323,5.858043121165699,POINT (-122.08428558904872 37.38963651474322),ios,1.340217653695712,-0.15532586167396026,0.48061534292719676
419,distance,0,-122.08427921880231,1.2000000476837158,1565047052.994754,27.7734375,37.38964745312686,3.0,2019-08-05T16:17:32.994754-07:00,10.0,27.37649154663086,1565047053.124979,5.858320892784331,POINT (-122.08427921880231 37.38964745312686),ios,1.1848952360508769,0.32527882460391105,-0.31376088825948084
420,distance,0,-122.08427268091783,1.2000000476837158,1565047053.994732,28.125,37.38965675703938,3.0,2019-08-05T16:17:33.994732-07:00,10.0,27.47005844116211,1565047054.120085,5.858598664402962,POINT (-122.08427268091783 37.38965675703938),ios,1.5101668482708768,0.01152489334196979,-0.41676945161967005
421,distance,0,-122.0842657239382,1.2000000476837158,1565047054.9947102,27.7734375,37.38966916225608,3.0,2019-08-05T16:17:34.994710-07:00,10.0,27.30605697631836,1565047055.120867,5.8588764361540475,POINT (-122.0842657239382 37.38966916225608),ios,1.5216914915677153,-0.40523551600987767,0.2906460080144357
422,distance,0,-122.0842575096731,1.3300000429153442,1565047055.994687,33.75,37.38968119028713,3.0,2019-08-05T16:17:35.994687-07:00,10.0,27.137996673583984,1565047056.126003,5.859154207507769,POINT (-122.0842575096731 37.38968119028713),ios,1.1164653472784027,-0.11459622965004244,0.32241419609850075
423,distance,0,-122.08425055269346,1.3300000429153442,1565047056.9946647,34.1015625,37.3896895721903,3.0,2019-08-05T16:17:36.994665-07:00,10.0,26.944942474365234,1565047057.118515,5.859431979060173,POINT (-122.08425055269346 37.3896895721903),ios,1.0018716858841632,0.2078107407122138,-0.3201572568339431
424,distance,0,-122.08424460154221,1.1299999952316284,1565047057.994643,25.6640625,37.3896972416317,3.0,2019-08-05T16:17:37.994643-07:00,10.0,26.860958099365234,1565047058.140878,5.859709750811259,POINT (-122.08424460154221 37.3896972416317),ios,1.2096779179156985,-0.1123395699608473,0.138249252456712
425,distance,0,-122.08423856657193,1.399999976158142,1565047058.99462,13.359375,37.389707006548896,3.0,2019-08-05T16:17:38.994620-07:00,10.0,26.978145599365234,1565047059.119498,5.859987522231208,POINT (-122.08423856657193 37.389707006548896),ios,1.0973409192035533,0.025906518221592758,-0.13179772004296444
426,distance,0,-122.08423362124906,1.1299999952316284,1565047059.9945977,14.0625,37.38971605900432,3.0,2019-08-05T16:17:39.994598-07:00,10.0,26.77523422241211,1565047060.122946,5.860265293783612,POINT (-122.08423362124906 37.38971605900432),ios,1.1232468568251912,-0.10588824805700839,0.09512954685370048
427,distance,0,-122.08422892738328,1.340000033378601,1565047060.9945755,25.3125,37.38972544673587,3.0,2019-08-05T16:17:40.994576-07:00,10.0,26.658260345458984,1565047061.125049,5.860543065402243,POINT (-122.08422892738328 37.38972544673587),ios,1.0173609566206678,-0.010760810503887315,0.20322674316813907
428,distance,0,-122.08422364678428,1.0099999904632568,1565047061.9945536,25.6640625,37.38973357718195,3.0,2019-08-05T16:17:41.994554-07:00,10.0,26.58065414428711,1565047062.127862,5.860820837087101,POINT (-122.08422364678428 37.38973357718195),ios,1.0066003821498783,0.19246147498536834,-0.37770369052406316
429,distance,0,-122.08421719271884,1.2000000476837158,1565047062.9945312,25.6640625,37.38974103707577,3.0,2019-08-05T16:17:42.994531-07:00,10.0,26.594600677490234,1565047063.126694,5.861098608639505,POINT (-122.08421719271884 37.38974103707577),ios,1.1990575438144553,-0.18523375069043646,0.2862155378589722
430,distance,0,-122.08420990046308,1.2000000476837158,1565047063.9945097,25.6640625,37.389750131440714,3.0,2019-08-05T16:17:43.994510-07:00,10.0,26.52444076538086,1565047064.128337,5.861376380456819,POINT (-122.08420990046308 37.389750131440714),ios,1.0138277678091066,0.10097564564936895,0.289239305797916
431,distance,0,-122.0842036140357,1.1399999856948853,1565047064.9944873,31.640625,37.3897577589726,3.0,2019-08-05T16:17:44.994487-07:00,10.0,26.542964935302734,1565047065.11954,5.861654152009223,POINT (-122.0842036140357 37.3897577589726),ios,1.1148011504582993,0.39020846920499996,-0.6260202465275336
432,distance,0,-122.08419808197961,1.1399999856948853,1565047065.9944644,29.8828125,37.38976676951851,3.0,2019-08-05T16:17:45.994464-07:00,10.0,26.50246810913086,1565047066.121049,5.861931923429172,POINT (-122.08419808197961 37.38976676951851),ios,1.5050006885002163,-0.23579744885619763,0.08738557533336737
433,distance,0,-122.08419204700932,1.3300000429153442,1565047066.9944425,17.2265625,37.3897794261923,3.0,2019-08-05T16:17:46.994442-07:00,10.0,26.51137924194336,1565047067.126395,5.8622096951140295,POINT (-122.08419204700932 37.3897794261923),ios,1.2692084117453482,-0.14841379028254312,0.09769507263860538
434,distance,0,-122.08418760460064,0.9800000190734863,1565047067.99442,17.578125,37.389790280756905,3.0,2019-08-05T16:17:47.994420-07:00,10.0,26.54531478881836,1565047068.126138,5.862487466666433,POINT (-122.08418760460064 37.389790280756905),ios,1.1207979476156749,-0.05072090712205569,0.157021955840301
435,distance,0,-122.08418341364906,1.1200000047683716,1565047068.9943986,28.4765625,37.389799794217005,3.0,2019-08-05T16:17:48.994399-07:00,10.0,26.603389739990234,1565047069.1122131,5.862765238483747,POINT (-122.08418341364906 37.389799794217005),ios,1.0700781288462138,0.10629767939260137,0.03527545928782359
436,distance,0,-122.08417863596425,0.9800000190734863,1565047069.994376,28.4765625,37.38980863712485,3.0,2019-08-05T16:17:49.994376-07:00,10.0,26.60903549194336,1565047070.113974,5.863043009969923,POINT (-122.08417863596425 37.38980863712485),ios,1.1763734006213553,0.14157233969956132,-0.2899721726022681
437,distance,0,-122.08417201426074,1.1200000047683716,1565047070.994353,32.34375,37.389817815308824,3.0,2019-08-05T16:17:50.994353-07:00,10.0,26.626094818115234,1565047071.108285,5.863320781389873,POINT (-122.08417201426074 37.389817815308824),ios,1.3179424999872138,-0.14839319596638323,0.055618830236005744
438,distance,0,-122.08416514110014,1.2699999809265137,1565047071.9943314,31.640625,37.389828334597304,3.0,2019-08-05T16:17:51.994331-07:00,10.0,26.57473373413086,1565047072.110221,5.8635985531409585,POINT (-122.08416514110014 37.389828334597304),ios,1.1695525235730693,-0.09277557244156281,0.11112076549841662
439,distance,0,-122.08415960904405,1.059999942779541,1565047072.9943087,31.640625,37.38983788996692,3.0,2019-08-05T16:17:52.994309-07:00,10.0,26.496334075927734,1565047073.123653,5.863876324627134,POINT (-122.08415960904405 37.38983788996692),ios,1.0767790524764214,0.01834267619762703,0.06994539126780243
440,distance,0,-122.08415441226408,1.090000033378601,1565047073.994286,21.796875,37.389846649055734,3.0,2019-08-05T16:17:53.994286-07:00,10.0,26.518123626708984,1565047074.1239371,5.864154096113311,POINT (-122.08415441226408 37.389846649055734),ios,1.0951213132167428,0.08828648321875339,-0.24518159168830958
441,distance,0,-122.08414854493186,1.090000033378601,1565047074.9942646,25.3125,37.38985532432552,3.0,2019-08-05T16:17:54.994265-07:00,10.0,26.555416107177734,1565047075.129314,5.864431867930624,POINT (-122.08414854493186 37.38985532432552),ios,1.1834059020130867,-0.15688984744335208,0.1913848751792864
442,distance,0,-122.08414158795223,1.100000023841858,1565047075.9942424,25.6640625,37.38986441869046,3.0,2019-08-05T16:17:55.994242-07:00,10.0,26.44387435913086,1565047076.124191,5.864709639549256,POINT (-122.08414158795223 37.38986441869046),ios,1.0265195332770034,0.03449078417290415,-0.0293082574538337
443,distance,0,-122.08413496624873,1.100000023841858,1565047076.9942203,28.828125,37.38987200431283,3.0,2019-08-05T16:17:56.994220-07:00,10.0,26.39113998413086,1565047077.122109,5.864987411167887,POINT (-122.08413496624873 37.38987200431283),ios,1.0610095526882384,0.0051831765689485726,0.056469323357466995
444,distance,0,-122.08412205811784,1.2899999618530273,1565047078.9941752,28.828125,37.38988809756692,3.0,2019-08-05T16:17:58.994175-07:00,10.0,26.342037200927734,1565047079.121705,5.865542954206466,POINT (-122.08412205811784 37.38988809756692),ios,1.0713756722664385,0.11811927871340923,-0.17184751561563183
445,distance,0,-122.08411451440499,1.0399999618530273,1565047079.9941535,28.828125,37.38989564127977,3.0,2019-08-05T16:17:59.994153-07:00,10.0,26.268917083740234,1565047080.116125,5.865820725957553,POINT (-122.08411451440499 37.38989564127977),ios,1.1894923882532635,-0.053724508482937534,-0.2851909631642123
446,distance,0,-122.08410621632085,1.2899999618530273,1565047080.9941308,28.828125,37.38990406509246,3.0,2019-08-05T16:18:00.994131-07:00,10.0,26.243099212646484,1565047081.118773,5.866098497443729,POINT (-122.08410621632085 37.38990406509246),ios,1.1357690966178187,-0.33890901213884983,0.48836778181976737
447,distance,0,-122.08409850496993,0.9200000166893005,1565047081.9941082,34.453125,37.38991223744805,3.0,2019-08-05T16:18:01.994108-07:00,10.0,26.09109115600586,1565047082.143223,5.866376268929906,POINT (-122.08409850496993 37.38991223744805),ios,0.7968677606884551,0.1494477082654186,0.00844256848477246
448,distance,0,-122.08408861432419,1.1100000143051147,1565047083.9940648,28.4765625,37.38992422356959,3.0,2019-08-05T16:18:03.994065-07:00,10.0,26.174007415771484,1565047084.119622,5.866931812432077,POINT (-122.08408861432419 37.38992422356959),ios,1.095756692357226,0.16633247889350036,-0.01231569537174378
449,distance,0,-122.084082830811,1.100000023841858,1565047084.9940424,28.4765625,37.389932940748885,3.0,2019-08-05T16:18:04.994042-07:00,10.0,26.19210433959961,1565047085.1236691,5.867209583984481,POINT (-122.084082830811 37.389932940748885),ios,1.2620854435159183,0.15401705953307215,-0.13068625410694598
450,distance,0,-122.08407746639297,1.1100000143051147,1565047085.9940195,28.125,37.389943460037365,3.0,2019-08-05T16:18:05.994020-07:00,10.0,26.28084945678711,1565047086.133316,5.86748735540443,POINT (-122.08407746639297 37.389943460037365),ios,1.4160989778782553,0.023333796597103367,-0.050206730006550064
451,distance,0,-122.08407076087043,1.1399999856948853,1565047086.9939973,28.125,37.38995502706374,3.0,2019-08-05T16:18:06.993997-07:00,10.0,26.03738021850586,1565047087.130405,5.867765127023061,POINT (-122.08407076087043 37.38995502706374),ios,1.4394322570967701,-0.026871820179244357,-0.16108300072278645
452,distance,0,-122.0840635524337,1.2999999523162842,1565047087.9939752,28.125,37.389966635999635,3.0,2019-08-05T16:18:07.993975-07:00,10.0,26.08926010131836,1565047088.118453,5.868042898641693,POINT (-122.0840635524337 37.389966635999635),ios,1.412561032744456,-0.18795124922027687,0.24268246074850766
453,distance,0,-122.08405466761634,1.2999999523162842,1565047088.9939528,28.125,37.38997719719763,3.0,2019-08-05T16:18:08.993953-07:00,10.0,26.153377532958984,1565047089.10949,5.868320670194096,POINT (-122.08405466761634 37.38997719719763),ios,1.2246139957647384,0.05472577268752912,0.06775603753275045
454,distance,0,-122.08404561516092,1.1699999570846558,1565047089.9939306,33.3984375,37.389985537191286,3.0,2019-08-05T16:18:09.993931-07:00,10.0,26.230648040771484,1565047090.11414,5.868598441812727,POINT (-122.08404561516092 37.389985537191286),ios,1.2793385550216578,0.12248030787054752,-0.19614499171136754
455,distance,0,-122.08403681416259,1.1699999570846558,1565047090.9939084,33.046875,37.38999467346574,3.0,2019-08-05T16:18:10.993908-07:00,10.0,26.20040512084961,1565047091.1230621,5.868876213431358,POINT (-122.08403681416259 37.38999467346574),ios,1.401816147145175,-0.07366033473206941,0.024765117642782032
456,distance,0,-122.08402901899264,1.2100000381469727,1565047091.9938865,33.046875,37.3900056537589,3.0,2019-08-05T16:18:11.993886-07:00,10.0,26.196712493896484,1565047092.12531,5.869153985116217,POINT (-122.08402901899264 37.3900056537589),ios,1.3281574281164013,-0.04889576029999007,-0.2389426230818472
457,distance,0,-122.08402348693654,1.2799999713897705,1565047092.9938648,22.8515625,37.3900167597806,3.0,2019-08-05T16:18:12.993865-07:00,10.0,26.122982025146484,1565047093.121132,5.869431756867303,POINT (-122.08402348693654 37.3900167597806),ios,1.2792627286632614,-0.2878331992610152,0.5060130315466025
458,distance,0,-122.08401854161367,1.2799999713897705,1565047093.9938421,22.8515625,37.39002757243569,3.0,2019-08-05T16:18:13.993842-07:00,10.0,26.11068344116211,1565047094.126276,5.8697095283534795,POINT (-122.08401854161367 37.39002757243569),ios,0.9914360487565729,0.2181683712093283,-0.32160728164052393
459,distance,0,-122.08401074644372,1.1399999856948853,1565047095.9937978,22.8515625,37.39004429433252,3.0,2019-08-05T16:18:15.993798-07:00,10.0,26.12661361694336,1565047096.1299582,5.870265071590741,POINT (-122.08401074644372 37.39004429433252),ios,1.4277631163121187,-0.42503193012161167,0.49788643555499734
460,distance,0,-122.0840053820257,1.25,1565047096.993775,22.8515625,37.3900564061826,3.0,2019-08-05T16:18:16.993775-07:00,10.0,26.12649154663086,1565047097.131649,5.87054284301069,POINT (-122.0840053820257 37.3900564061826),ios,1.0027409143993569,0.07284310971723981,-0.103853484024633
461,distance,0,-122.08399674866543,1.0499999523162842,1565047098.99373,21.4453125,37.39007308616991,3.0,2019-08-05T16:18:18.993730-07:00,10.0,26.20382308959961,1565047099.121412,5.871098386115498,POINT (-122.08399674866543 37.39007308616991),ios,1.1484238688095019,-0.13485920333920814,0.20471060388286616
462,distance,0,-122.08399121660933,0.8500000238418579,1565047099.9937077,21.796875,37.39008243199195,3.0,2019-08-05T16:18:19.993708-07:00,10.0,26.094722747802734,1565047100.119365,5.8713761576679016,POINT (-122.08399121660933 37.39008243199195),ios,1.0135676878466198,0.06984681270339538,-0.023530492711234918
463,distance,0,-122.08398149360166,0.8500000238418579,1565047101.9936633,21.796875,37.3900989443412,3.0,2019-08-05T16:18:21.993663-07:00,10.0,25.83022689819336,1565047102.128036,5.871931700905164,POINT (-122.08398149360166 37.3900989443412),ios,1.1532582158367324,0.022786870760760164,0.01362930170438098
464,distance,0,-122.08397512335524,0.949999988079071,1565047102.9936426,31.2890625,37.39010799679662,3.0,2019-08-05T16:18:22.993643-07:00,10.0,25.974239349365234,1565047103.1127648,5.87220947292116,POINT (-122.08397512335524 37.39010799679662),ios,1.1760446139427312,0.0364158897604902,0.05920224279142349
465,distance,0,-122.08396841783271,1.1100000143051147,1565047103.9936194,31.2890625,37.39011713307108,3.0,2019-08-05T16:18:23.993619-07:00,10.0,26.00234603881836,1565047104.116084,5.872487244274881,POINT (-122.08396841783271 37.39011713307108),ios,1.2124596615274261,0.09561676340519691,-0.1388689551225332
466,distance,0,-122.08396171231017,1.1100000143051147,1565047104.993597,31.2890625,37.39012664653118,3.0,2019-08-05T16:18:24.993597-07:00,10.0,26.091243743896484,1565047105.121447,5.872765015827285,POINT (-122.08396171231017 37.39012664653118),ios,1.3080742820322133,-0.0432490794770739,-0.21097754879556455
467,distance,0,-122.08395668316827,1.1699999570846558,1565047105.9935744,10.8984375,37.390137710643366,3.0,2019-08-05T16:18:25.993574-07:00,10.0,26.202388763427734,1565047106.1228619,5.873042787313461,POINT (-122.08395668316827 37.390137710643366),ios,1.2648261821366267,-0.25422184968073486,0.46481856941517585
468,distance,0,-122.08395257603571,1.1699999570846558,1565047106.9935522,10.8984375,37.39014860711749,3.0,2019-08-05T16:18:26.993552-07:00,10.0,26.15707015991211,1565047107.128552,5.873320558932092,POINT (-122.08395257603571 37.39014860711749),ios,1.0106099692986243,0.21058641334583503,-0.11514187888483739
469,distance,0,-122.08394360739932,1.1299999952316284,1565047108.9935071,10.8984375,37.390165329014316,3.0,2019-08-05T16:18:28.993507-07:00,10.0,26.058528900146484,1565047109.121128,5.873876101970673,POINT (-122.08394360739932 37.390165329014316),ios,1.4317733067324527,-0.01969215600280271,-0.10898216002009248
470,distance,0,-122.08393489022002,1.1299999952316284,1565047109.9934855,42.890625,37.39017618357892,3.0,2019-08-05T16:18:29.993485-07:00,10.0,26.039180755615234,1565047110.1269789,5.874153873721759,POINT (-122.08393489022002 37.39017618357892),ios,1.4120815779724527,-0.1286719515360669,-0.047173426339012246
471,distance,0,-122.08392625685975,1.159999966621399,1565047110.993463,41.8359375,37.39018687050547,3.0,2019-08-05T16:18:30.993463-07:00,10.0,26.021358489990234,1565047111.110211,5.8744316452741625,POINT (-122.08392625685975 37.39018687050547),ios,1.2834125101480682,-0.1758443206550789,-0.4224370524157576
472,distance,0,-122.08391913224206,1.159999966621399,1565047111.9934406,41.484375,37.39019692878927,3.0,2019-08-05T16:18:31.993441-07:00,10.0,26.034481048583984,1565047112.1571121,5.874709416826566,POINT (-122.08391913224206 37.39019692878927),ios,1.1075721304009782,-0.5982719056877076,0.7555503994357994
473,distance,0,-122.08391401928112,0.9900000095367432,1565047112.9934196,41.484375,37.390206023154214,3.0,2019-08-05T16:18:32.993420-07:00,10.0,26.094478607177734,1565047113.094034,5.874987188776334,POINT (-122.08391401928112 37.390206023154214),ios,0.5093127769573856,0.1572626416698566,0.06375811717860883
474,distance,0,-122.0839152765666,0.6499999761581421,1565047115.9933522,41.484375,37.3902197275659,3.0,2019-08-05T16:18:35.993352-07:00,10.0,26.52083969116211,1565047116.105818,5.875820503367318,POINT (-122.0839152765666 37.3902197275659),ios,0.9810900910699883,0.3485326912888069,-0.07485442365159652
475,distance,0,-122.08391561184273,1.0800000429153442,1565047117.9933076,41.484375,37.390237371472075,3.0,2019-08-05T16:18:37.993308-07:00,10.0,26.91628646850586,1565047118.093275,5.876376046538353,POINT (-122.08391561184273 37.390237371472075),ios,1.678139934570494,0.1988271813157699,-0.4426694390764048
476,distance,0,-122.0839099959676,1.7899999618530273,1565047118.9932861,20.7421875,37.39025178834553,3.0,2019-08-05T16:18:38.993286-07:00,10.0,26.815303802490234,1565047119.119756,5.876653818355666,POINT (-122.0839099959676 37.39025178834553),ios,1.8769628495177988,-0.2438327591049541,-0.3676207648911836
477,distance,0,-122.08390295516894,1.6399999856948853,1565047119.9932623,20.0390625,37.390267713961556,3.0,2019-08-05T16:18:39.993262-07:00,10.0,26.968379974365234,1565047120.134313,5.876931589510706,POINT (-122.08390295516894 37.390267713961556),ios,1.633135903838841,-0.6114447592340964,0.30159409806876986
478,distance,0,-122.08390002150283,1.6399999856948853,1565047120.9932408,11.6015625,37.39028221465404,3.0,2019-08-05T16:18:40.993241-07:00,10.0,27.027767181396484,1565047121.137298,5.877209361328019,POINT (-122.08390002150283 37.39028221465404),ios,1.0217042647859074,-0.3098571326725959,0.4776627295369495
479,distance,0,-122.08389775838897,1.350000023841858,1565047121.9932184,28.125,37.39029122519995,3.0,2019-08-05T16:18:41.993218-07:00,10.0,26.679988861083984,1565047122.123857,5.877487132880423,POINT (-122.08389775838897 37.39029122519995),ios,0.7118540764288573,0.16779489179944254,-0.06821305522810336
480,distance,0,-122.08388342533455,1.0499999523162842,1565047124.9931517,20.390625,37.390306689811304,3.0,2019-08-05T16:18:44.993152-07:00,10.0,26.74599838256836,1565047125.1270862,5.878320447670089,POINT (-122.08388342533455 37.390306689811304),ios,1.2152275503096737,-0.0368397201721505,0.13100784004925278
481,distance,0,-122.08387579780266,1.0800000429153442,1565047125.99313,21.09375,37.390315784176245,3.0,2019-08-05T16:18:45.993130-07:00,10.0,26.848201751708984,1565047126.112133,5.878598219421175,POINT (-122.08387579780266 37.390315784176245),ios,1.1783886294154333,0.09416527751912238,0.1423313901522393
482,distance,0,-122.08386699680433,1.0700000524520874,1565047126.9931073,21.4453125,37.39032374698426,3.0,2019-08-05T16:18:46.993107-07:00,10.0,26.829647064208984,1565047127.1210818,5.878875990907352,POINT (-122.08386699680433 37.39032374698426),ios,1.2725517741131473,0.23649344389882052,-0.7224259954338188
483,distance,0,-122.08385718997762,1.440000057220459,1565047127.9930844,21.09375,37.39033212888743,3.0,2019-08-05T16:18:47.993084-07:00,10.0,27.01473617553711,1565047128.123951,5.8791537623273005,POINT (-122.08385718997762 37.39033212888743),ios,1.5090398051066052,-0.4859160165161819,0.6231882370019731
484,distance,0,-122.08384729933188,1.440000057220459,1565047128.9930625,21.09375,37.390343192999616,3.0,2019-08-05T16:18:48.993062-07:00,10.0,27.22341537475586,1565047129.1273189,5.879431534012158,POINT (-122.08384729933188 37.390343192999616),ios,1.0231344469197956,0.1372585511576252,-0.19174994607504298
485,distance,0,-122.08383196044907,1.2400000095367432,1565047130.993018,30.5859375,37.39035698123033,3.0,2019-08-05T16:18:50.993018-07:00,10.0,27.338680267333984,1565047131.1274772,5.879987077183194,POINT (-122.08383196044907 37.39035698123033),ios,1.2976454296621522,-0.2462327919602695,0.16361470559289015
486,distance,0,-122.08382416527913,1.190000057220459,1565047131.9929957,26.71875,37.390366871876076,3.0,2019-08-05T16:18:51.992996-07:00,10.0,27.40017318725586,1565047132.131497,5.880264848801825,POINT (-122.08382416527913 37.390366871876076),ios,1.0514180974038148,-0.08262171418444271,-0.07735889628556461
487,distance,0,-122.08381955523238,0.8299999833106995,1565047132.9929738,21.09375,37.390375589055374,3.0,2019-08-05T16:18:52.992974-07:00,10.0,27.453243255615234,1565047133.118329,5.8805426204866835,POINT (-122.08381955523238 37.390375589055374),ios,0.9687981954861283,-0.15997891364057906,0.046783764605968926
488,distance,0,-122.0838100836818,0.8299999833106995,1565047134.9929297,21.09375,37.39039130512382,3.0,2019-08-05T16:18:54.992930-07:00,10.0,27.58926010131836,1565047135.123244,5.881098163790173,POINT (-122.0838100836818 37.39039130512382),ios,0.6488474244648463,-0.06641344794059745,0.16840857371251572
489,distance,0,-122.08380237233088,0.5099999904632568,1565047136.9928846,21.09375,37.39040123767908,3.0,2019-08-05T16:18:56.992885-07:00,10.0,27.86019515991211,1565047137.130758,5.881653706828753,POINT (-122.08380237233088 37.39040123767908),ios,0.5160235212474309,0.27039611080692477,-0.02419469700953559
490,distance,0,-122.08379323605642,0.44999998807907104,1565047138.9928398,21.09375,37.39040702119227,3.0,2019-08-05T16:18:58.992840-07:00,10.0,28.445308685302734,1565047139.115351,5.8822092499335605,POINT (-122.08379323605642 37.39040702119227),ios,1.0568036229794522,0.22200780125932676,0.1404386282188563
491,distance,0,-122.08376959908948,0.8199999928474426,1565047140.9927962,82.6171875,37.39040995485838,3.0,2019-08-05T16:19:00.992796-07:00,10.0,28.23147201538086,1565047141.093762,5.882764793369505,POINT (-122.08376959908948 37.39040995485838),ios,1.5008095391645375,0.5028789302754304,-0.24109609606402618
492,distance,0,-122.08375744532988,1.3799999952316284,1565047141.992773,336.796875,37.390419384499445,3.0,2019-08-05T16:19:01.992773-07:00,10.0,28.055660247802734,1565047142.105859,5.883042564723227,POINT (-122.08375744532988 37.390419384499445),ios,2.0036768395590063,0.2617884099449033,-0.2621722858415383
493,distance,0,-122.08374545920834,1.9299999475479126,1565047142.9927511,27.7734375,37.39043468147273,3.0,2019-08-05T16:19:02.992751-07:00,10.0,27.84603500366211,1565047143.1262012,5.883320336408086,POINT (-122.08374545920834 37.39043468147273),ios,2.265459507303603,-0.00037812527619892266,-0.4459132278943325
494,distance,0,-122.08374051388547,2.299999952316284,1565047143.9927287,5.625,37.3904546723118,3.0,2019-08-05T16:19:03.992729-07:00,10.0,28.218074798583984,1565047144.114181,5.883598107960489,POINT (-122.08374051388547 37.3904546723118),ios,2.2650813905017007,-0.4462813596547009,0.02108642565605779
495,distance,0,-122.08373439509616,2.1500000953674316,1565047144.9927065,17.9296875,37.39047445360328,3.0,2019-08-05T16:19:04.992707-07:00,10.0,28.18661117553711,1565047145.1140652,5.88387587957912,POINT (-122.08373439509616 37.39047445360328),ios,1.818809926211391,-0.4251954015464379,-0.1525884003446921
496,distance,0,-122.08372768957362,2.1500000953674316,1565047145.9926844,10.8984375,37.390489918214634,3.0,2019-08-05T16:19:05.992684-07:00,10.0,28.29702377319336,1565047146.106097,5.884153651197751,POINT (-122.08372768957362 37.390489918214634),ios,1.3936239524919165,-0.5777804185595374,0.5217763156467902
497,distance,0,-122.08372291188881,1.350000023841858,1565047146.992663,13.359375,37.39050186242665,3.0,2019-08-05T16:19:06.992663-07:00,10.0,28.567073822021484,1565047147.092455,5.884431423015065,POINT (-122.08372291188881 37.39050186242665),ios,0.8158559317551574,-0.05601529901784792,0.268782585028998
498,distance,0,-122.08371553581402,0.7900000214576721,1565047148.9926171,337.5,37.39051531538124,3.0,2019-08-05T16:19:08.992617-07:00,10.0,28.56216049194336,1565047149.123475,5.884986965854963,POINT (-122.08371553581402 37.39051531538124),ios,0.7038278978963575,0.4815375671498421,-0.33717227951000867
499,distance,0,-122.08370061602638,0.7900000214576721,1565047150.9925737,92.109375,37.39051087297256,3.0,2019-08-05T16:19:10.992574-07:00,10.0,28.567012786865234,1565047151.1121159,5.885542509357134,POINT (-122.08370061602638 37.39051087297256),ios,1.6668821372305787,-0.1927923612294609,-1.281363489763313
500,distance,0,-122.08368971955225,0.9800000190734863,1565047151.9925518,146.953125,37.39049863539393,3.0,2019-08-05T16:19:11.992552-07:00,10.0,28.55929183959961,1565047152.098659,5.885820281041993,POINT (-122.08368971955225 37.39049863539393),ios,1.4740940048069537,-1.47412774491342,1.4741614857921537
501,distance,0,-122.08368510950551,0.8700000047683716,1565047152.992529,161.71875,37.39048589490111,3.0,2019-08-05T16:19:12.992529-07:00,10.0,28.57375717163086,1565047153.091446,5.886098052461942,POINT (-122.08368510950551 37.39048589490111),ios,0.0,0.0,0.0
